"run_started_at","departure_key","filter_id","country","region","departure_date","return_date","nights","origin_scope","pax_profile","days_to_departure","offer_count","hotel_count","min_price","p10_price","p25_price","median_price","max_price","below_10000_count","below_8000_count","prev_min_price","prev_p10_price","prev_median_price","min_change_pct","p10_change_pct","median_change_pct","hotel_count_delta","common_hotel_count","avg_deal_score","mean_avg_delta_pct","hot_deal_count","good_deal_count","median_ta_rating","ta_rated_hotel_count","hot_score"
"2026-08-26T08:30:22+0000","egipt|dahab|2026-12-24|2026-12-31|7|Warszawa|2+1","filter_egypt_ny_dec24_2026_7_10_days","egipt","dahab","2026-12-24","2026-12-31","7.0","Warszawa","2+1","120.0","2.0","2.0","9936.0","10010.5","10122.25","10308.5","10681.0","1.0","0.0","0.0","0.0","0.0","0.0","0.0","0.0","0.0","0.0","0.0","0.0","0.0","0.0","4.4","2.0","0.0"
"2026-08-26T09:34:42+0000","egipt|dahab|2026-12-24|2026-12-31|7|Warszawa|2+1","filter_egypt_ny_dec24_2026_7_10_days","egipt","dahab","2026-12-24","2026-12-31","7.0","Warszawa","2+1","120.0","2.0","2.0","9936.0","10010.5","10122.25","10308.5","10681.0","1.0","0.0","0.0","0.0","0.0","0.0","0.0","0.0","0.0","0.0","0.0","0.0","0.0","0.0","4.4","2.0","0.0"
"2026-08-26T10:27:42+0000","egipt|dahab|2026-12-24|2026-12-31|7|Warszawa|2+1","filter_egypt_ny_dec24_2026_7_10_days","egipt","dahab","2026-12-24","2026-12-31","7.0","Warszawa","2+1","120.0","2.0","2.0","9936.0","10010.5","10122.25","10308.5","10681.0","1.0","0.0","0.0","0.0","0.0","0.0","0.0","0.0","0.0","0.0","0.0","0.0","0.0","0.0","4.4","2.0","0.0"
"2026-08-26T10:58:13+0000","egipt|dahab|2026-12-24|2026-12-31|7|Warszawa|2+1","filter_egypt_ny_dec24_2026_7_10_days","egipt","dahab","2026-12-24","2026-12-31","7.0","Warszawa","2+1","120.0","2.0","2.0","9936.0","10010.5","10122.25","10308.5","10681.0","1.0","0.0","0.0","0.0","0.0","0.0","0.0","0.0","0.0","0.0","0.0","0.0","0.0","0.0","4.4","2.0","0.0"
"2026-08-26T11:23:14+0000","egipt|dahab|2026-12-24|2026-12-31|7|Warszawa|2+1","filter_egypt_ny_dec24_2026_7_10_days","egipt","dahab","2026-12-24","2026-12-31","7.0","Warszawa","2+1","120.0","2.0","2.0","9936.0","10010.5","10122.25","10308.5","10681.0","1.0","0.0","0.0","0.0","0.0","0.0","0.0","0.0","0.0","0.0","0.0","0.0","0.0","0.0","4.4","2.0","0.0"
"2026-08-26T12:33:22+0000","egipt|dahab|2026-12-24|2026-12-31|7|Warszawa|2+1","filter_egypt_ny_dec24_2026_7_10_days","egipt","dahab","2026-12-24","2026-12-31","7.0","Warszawa","2+1","120.0","2.0","2.0","9936.0","10010.5","10122.25","10308.5","10681.0","1.0","0.0","0.0","0.0","0.0","0.0","0.0","0.0","0.0","0.0","0.0","0.0","0.0","0.0","4.4","2.0","0.0"
"2026-08-26T13:48:44+0000","egipt|dahab|2026-12-24|2026-12-31|7|Warszawa|2+1","filter_egypt_ny_dec24_2026_7_10_days","egipt","dahab","2026-12-24","2026-12-31","7.0","Warszawa","2+1","120.0","2.0","2.0","9936.0","10010.5","10122.25","10308.5","10681.0","1.0","0.0","0.0","0.0","0.0","0.0","0.0","0.0","0.0","0.0","0.0","0.0","0.0","0.0","4.4","2.0","0.0"
"2026-08-26T14:38:03+0000","egipt|dahab|2026-12-24|2026-12-31|7|Warszawa|2+1","filter_egypt_ny_dec24_2026_7_10_days","egipt","dahab","2026-12-24","2026-12-31","7.0","Warszawa","2+1","120.0","2.0","2.0","9936.0","10010.5","10122.25","10308.5","10681.0","1.0","0.0","0.0","0.0","0.0","0.0","0.0","0.0","0.0","0.0","0.0","0.0","0.0","0.0","4.4","2.0","0.0"
"2026-08-26T16:13:30+0000","egipt|dahab|2026-12-24|2026-12-31|7|Warszawa|2+1","filter_egypt_ny_dec24_2026_7_10_days","egipt","dahab","2026-12-24","2026-12-31","7.0","Warszawa","2+1","120.0","2.0","2.0","9936.0","10010.5","10122.25","10308.5","10681.0","1.0","0.0","0.0","0.0","0.0","0.0","0.0","0.0","0.0","0.0","0.0","0.0","0.0","0.0","4.4","2.0","0.0"
"2026-08-26T18:53:07+0000","egipt|dahab|2026-12-24|2026-12-31|7|Warszawa|2+1","filter_egypt_ny_dec24_2026_7_10_days","egipt","dahab","2026-12-24","2026-12-31","7.0","Warszawa","2+1","120.0","2.0","2.0","9936.0","10010.5","10122.25","10308.5","10681.0","1.0","0.0","0.0","0.0","0.0","0.0","0.0","0.0","0.0","0.0","0.0","0.0","0.0","0.0","4.4","2.0","0.0"
"2026-08-26T21:31:23+0000","egipt|dahab|2026-12-24|2026-12-31|7|Warszawa|2+1","filter_egypt_ny_dec24_2026_7_10_days","egipt","dahab","2026-12-24","2026-12-31","7.0","Warszawa","2+1","120.0","2.0","2.0","9936.0","10010.5","10122.25","10308.5","10681.0","1.0","0.0","0.0","0.0","0.0","0.0","0.0","0.0","0.0","2.0","0.0","0.0","0.0","0.0","4.4","2.0","0.0"
"2026-08-27T02:27:44+0000","egipt|dahab|2026-12-24|2026-12-31|7|Warszawa|2+1","filter_egypt_ny_dec24_2026_7_10_days","egipt","dahab","2026-12-24","2026-12-31","7.0","Warszawa","2+1","119.0","2.0","2.0","9936.0","10010.5","10122.25","10308.5","10681.0","1.0","0.0","0.0","0.0","0.0","0.0","0.0","0.0","0.0","2.0","0.0","0.0","0.0","0.0","4.4","2.0","0.0"
"2026-08-27T10:16:43+0000","egipt|dahab|2026-12-24|2026-12-31|7|Warszawa|2+1","filter_egypt_ny_dec24_2026_7_10_days","egipt","dahab","2026-12-24","2026-12-31","7.0","Warszawa","2+1","119.0","2.0","2.0","9936.0","10010.5","10122.25","10308.5","10681.0","1.0","0.0","0.0","0.0","0.0","0.0","0.0","0.0","0.0","2.0","0.0","0.0","0.0","0.0","4.4","2.0","0.0"
"2026-08-27T13:06:18+0000","egipt|dahab|2026-12-24|2026-12-31|7|Warszawa|2+1","filter_egypt_ny_dec24_2026_7_10_days","egipt","dahab","2026-12-24","2026-12-31","7.0","Warszawa","2+1","119.0","2.0","2.0","9936.0","10010.5","10122.25","10308.5","10681.0","1.0","0.0","0.0","0.0","0.0","0.0","0.0","0.0","0.0","2.0","0.0","0.0","0.0","0.0","4.4","2.0","0.0"
"2026-08-27T13:22:52+0000","egipt|dahab|2026-12-24|2026-12-31|7|Warszawa|2+1","filter_egypt_ny_dec24_2026_7_10_days","egipt","dahab","2026-12-24","2026-12-31","7.0","Warszawa","2+1","119.0","2.0","2.0","9936.0","10010.5","10122.25","10308.5","10681.0","1.0","0.0","0.0","0.0","0.0","0.0","0.0","0.0","0.0","2.0","0.0","0.0","0.0","0.0","4.4","2.0","0.0"
"2026-08-27T15:41:38+0000","egipt|dahab|2026-12-24|2026-12-31|7|Warszawa|2+1","filter_egypt_ny_dec24_2026_7_10_days","egipt","dahab","2026-12-24","2026-12-31","7.0","Warszawa","2+1","119.0","2.0","2.0","9936.0","10010.5","10122.25","10308.5","10681.0","1.0","0.0","0.0","0.0","0.0","0.0","0.0","0.0","0.0","2.0","0.0","0.0","0.0","0.0","4.4","2.0","0.0"
"2026-08-27T23:24:49+0000","egipt|dahab|2026-12-24|2026-12-31|7|Warszawa|2+1","filter_egypt_ny_dec24_2026_7_10_days","egipt","dahab","2026-12-24","2026-12-31","7.0","Warszawa","2+1","119.0","2.0","2.0","9936.0","10010.5","10122.25","10308.5","10681.0","1.0","0.0","0.0","0.0","0.0","0.0","0.0","0.0","0.0","2.0","0.0","0.0","0.0","0.0","4.4","2.0","0.0"
"2026-08-28T05:44:15+0000","egipt|dahab|2026-12-24|2026-12-31|7|Warszawa|2+1","filter_egypt_ny_dec24_2026_7_10_days","egipt","dahab","2026-12-24","2026-12-31","7.0","Warszawa","2+1","118.0","2.0","2.0","9936.0","10010.5","10122.25","10308.5","10681.0","1.0","0.0","0.0","0.0","0.0","0.0","0.0","0.0","0.0","2.0","0.0","0.0","0.0","0.0","4.4","2.0","0.0"
"2026-08-28T06:04:41+0000","egipt|dahab|2026-12-24|2026-12-31|7|Warszawa|2+1","filter_egypt_ny_dec24_2026_7_10_days","egipt","dahab","2026-12-24","2026-12-31","7.0","Warszawa","2+1","118.0","2.0","2.0","9936.0","10010.5","10122.25","10308.5","10681.0","1.0","0.0","0.0","0.0","0.0","0.0","0.0","0.0","0.0","2.0","0.0","0.0","0.0","0.0","4.4","2.0","0.0"
"2026-08-28T07:53:00+0000","egipt|dahab|2026-12-24|2026-12-31|7|Warszawa|2+1","filter_egypt_ny_dec24_2026_7_10_days","egipt","dahab","2026-12-24","2026-12-31","7.0","Warszawa","2+1","118.0","2.0","2.0","9936.0","10010.5","10122.25","10308.5","10681.0","1.0","0.0","0.0","0.0","0.0","0.0","0.0","0.0","0.0","2.0","0.0","0.0","0.0","0.0","4.4","2.0","0.0"
"2026-08-28T08:10:48+0000","egipt|dahab|2026-12-24|2026-12-31|7|Warszawa|2+1","filter_egypt_ny_dec24_2026_7_10_days","egipt","dahab","2026-12-24","2026-12-31","7.0","Warszawa","2+1","118.0","2.0","2.0","9936.0","10010.5","10122.25","10308.5","10681.0","1.0","0.0","0.0","0.0","0.0","0.0","0.0","0.0","0.0","2.0","0.0","0.0","0.0","0.0","4.4","2.0","0.0"
"2026-08-28T19:50:00+0000","egipt|dahab|2026-12-24|2026-12-31|7|Warszawa|2+1","filter_egypt_ny_dec24_2026_7_10_days","egipt","dahab","2026-12-24","2026-12-31","7.0","Warszawa","2+1","118.0","2.0","2.0","9936.0","10010.5","10122.25","10308.5","10681.0","1.0","0.0","0.0","0.0","0.0","0.0","0.0","0.0","0.0","1.0","0.0","0.0","0.0","0.0","4.4","2.0","0.0"
"2026-08-29T02:39:15+0000","egipt|dahab|2026-12-24|2026-12-31|7|Warszawa|2+1","filter_egypt_ny_dec24_2026_7_10_days","egipt","dahab","2026-12-24","2026-12-31","7.0","Warszawa","2+1","117.0","2.0","2.0","9983.0","10057.9","10170.25","10357.5","10732.0","1.0","0.0","0.0","0.0","0.0","0.0","0.0","0.0","0.0","1.0","0.0","0.0","0.0","0.0","4.4","2.0","0.0"
"2026-08-29T06:51:20+0000","egipt|dahab|2026-12-24|2026-12-31|7|Warszawa|2+1","filter_egypt_ny_dec24_2026_7_10_days","egipt","dahab","2026-12-24","2026-12-31","7.0","Warszawa","2+1","117.0","2.0","2.0","9983.0","10057.9","10170.25","10357.5","10732.0","1.0","0.0","0.0","0.0","0.0","0.0","0.0","0.0","0.0","1.0","0.0","0.0","0.0","0.0","4.4","2.0","0.0"
"2026-08-29T09:12:03+0000","egipt|dahab|2026-12-24|2026-12-31|7|Warszawa|2+1","filter_egypt_ny_dec24_2026_7_10_days","egipt","dahab","2026-12-24","2026-12-31","7.0","Warszawa","2+1","117.0","2.0","2.0","9983.0","10057.9","10170.25","10357.5","10732.0","1.0","0.0","0.0","0.0","0.0","0.0","0.0","0.0","0.0","1.0","0.0","0.0","0.0","0.0","4.4","2.0","0.0"
"2026-08-29T09:30:53+0000","egipt|dahab|2026-12-24|2026-12-31|7|Warszawa|2+1","filter_egypt_ny_dec24_2026_7_10_days","egipt","dahab","2026-12-24","2026-12-31","7.0","Warszawa","2+1","117.0","2.0","2.0","9983.0","10057.9","10170.25","10357.5","10732.0","1.0","0.0","0.0","0.0","0.0","0.0","0.0","0.0","0.0","1.0","0.0","0.0","0.0","0.0","4.4","2.0","0.0"
"2026-08-29T12:09:36+0000","egipt|dahab|2026-12-24|2026-12-31|7|Warszawa|2+1","filter_egypt_ny_dec24_2026_7_10_days","egipt","dahab","2026-12-24","2026-12-31","7.0","Warszawa","2+1","117.0","2.0","2.0","9983.0","10057.9","10170.25","10357.5","10732.0","1.0","0.0","0.0","0.0","0.0","0.0","0.0","0.0","0.0","1.0","0.0","0.0","0.0","0.0","4.4","2.0","0.0"
"2026-08-29T14:39:09+0000","egipt|dahab|2026-12-24|2026-12-31|7|Warszawa|2+1","filter_egypt_ny_dec24_2026_7_10_days","egipt","dahab","2026-12-24","2026-12-31","7.0","Warszawa","2+1","117.0","2.0","2.0","9983.0","10057.9","10170.25","10357.5","10732.0","1.0","0.0","0.0","0.0","0.0","0.0","0.0","0.0","0.0","2.0","0.0","0.0","0.0","0.0","4.4","2.0","0.0"
"2026-08-29T18:41:43+0000","egipt|dahab|2026-12-24|2026-12-31|7|Warszawa|2+1","filter_egypt_ny_dec24_2026_7_10_days","egipt","dahab","2026-12-24","2026-12-31","7.0","Warszawa","2+1","117.0","2.0","2.0","9983.0","10057.9","10170.25","10357.5","10732.0","1.0","0.0","0.0","0.0","0.0","0.0","0.0","0.0","0.0","2.0","0.0","0.0","0.0","0.0","4.4","2.0","0.0"
"2026-08-29T21:52:29+0000","egipt|dahab|2026-12-24|2026-12-31|7|Warszawa|2+1","filter_egypt_ny_dec24_2026_7_10_days","egipt","dahab","2026-12-24","2026-12-31","7.0","Warszawa","2+1","117.0","2.0","2.0","9983.0","10057.9","10170.25","10357.5","10732.0","1.0","0.0","0.0","0.0","0.0","0.0","0.0","0.0","0.0","2.0","0.0","0.0","0.0","0.0","4.4","2.0","0.0"
"2026-08-30T00:29:41+0000","egipt|dahab|2026-12-24|2026-12-31|7|Warszawa|2+1","filter_egypt_ny_dec24_2026_7_10_days","egipt","dahab","2026-12-24","2026-12-31","7.0","Warszawa","2+1","116.0","2.0","2.0","9983.0","10057.9","10170.25","10357.5","10732.0","1.0","0.0","0.0","0.0","0.0","0.0","0.0","0.0","0.0","2.0","0.0","0.0","0.0","0.0","4.4","2.0","0.0"
"2026-08-30T06:46:13+0000","egipt|dahab|2026-12-24|2026-12-31|7|Warszawa|2+1","filter_egypt_ny_dec24_2026_7_10_days","egipt","dahab","2026-12-24","2026-12-31","7.0","Warszawa","2+1","116.0","2.0","2.0","9983.0","10057.9","10170.25","10357.5","10732.0","1.0","0.0","0.0","0.0","0.0","0.0","0.0","0.0","0.0","2.0","0.0","0.0","0.0","0.0","4.4","2.0","0.0"
"2026-08-30T06:59:08+0000","egipt|dahab|2026-12-24|2026-12-31|7|Warszawa|2+1","filter_egypt_ny_dec24_2026_7_10_days","egipt","dahab","2026-12-24","2026-12-31","7.0","Warszawa","2+1","116.0","2.0","2.0","9983.0","10057.9","10170.25","10357.5","10732.0","1.0","0.0","0.0","0.0","0.0","0.0","0.0","0.0","0.0","2.0","0.0","0.0","0.0","0.0","4.4","2.0","0.0"
"2026-08-30T11:49:50+0000","egipt|dahab|2026-12-24|2026-12-31|7|Warszawa|2+1","filter_egypt_ny_dec24_2026_7_10_days","egipt","dahab","2026-12-24","2026-12-31","7.0","Warszawa","2+1","116.0","2.0","2.0","9983.0","10057.9","10170.25","10357.5","10732.0","1.0","0.0","0.0","0.0","0.0","0.0","0.0","0.0","0.0","2.0","0.0","0.0","0.0","0.0","4.4","2.0","0.0"
"2026-08-30T13:02:40+0000","egipt|dahab|2026-12-24|2026-12-31|7|Warszawa|2+1","filter_egypt_ny_dec24_2026_7_10_days","egipt","dahab","2026-12-24","2026-12-31","7.0","Warszawa","2+1","116.0","2.0","2.0","9983.0","10057.9","10170.25","10357.5","10732.0","1.0","0.0","0.0","0.0","0.0","0.0","0.0","0.0","0.0","1.0","0.0","0.0","0.0","0.0","4.4","2.0","0.0"
"2026-08-30T15:01:50+0000","egipt|dahab|2026-12-24|2026-12-31|7|Warszawa|2+1","filter_egypt_ny_dec24_2026_7_10_days","egipt","dahab","2026-12-24","2026-12-31","7.0","Warszawa","2+1","116.0","2.0","2.0","9983.0","10057.9","10170.25","10357.5","10732.0","1.0","0.0","0.0","0.0","0.0","0.0","0.0","0.0","0.0","1.0","0.0","0.0","0.0","0.0","4.4","2.0","0.0"
"2026-08-30T17:39:15+0000","egipt|dahab|2026-12-24|2026-12-31|7|Warszawa|2+1","filter_egypt_ny_dec24_2026_7_10_days","egipt","dahab","2026-12-24","2026-12-31","7.0","Warszawa","2+1","116.0","2.0","2.0","9983.0","10057.9","10170.25","10357.5","10732.0","1.0","0.0","0.0","0.0","0.0","0.0","0.0","0.0","0.0","1.0","0.0","0.0","0.0","0.0","4.4","2.0","0.0"
"2026-08-30T23:39:58+0000","egipt|dahab|2026-12-24|2026-12-31|7|Warszawa|2+1","filter_egypt_ny_dec24_2026_7_10_days","egipt","dahab","2026-12-24","2026-12-31","7.0","Warszawa","2+1","116.0","2.0","2.0","9983.0","10057.9","10170.25","10357.5","10732.0","1.0","0.0","0.0","0.0","0.0","0.0","0.0","0.0","0.0","2.0","0.0","0.0","0.0","0.0","4.4","2.0","0.0"
"2026-08-31T05:42:39+0000","egipt|dahab|2026-12-24|2026-12-31|7|Warszawa|2+1","filter_egypt_ny_dec24_2026_7_10_days","egipt","dahab","2026-12-24","2026-12-31","7.0","Warszawa","2+1","115.0","2.0","2.0","9983.0","10057.9","10170.25","10357.5","10732.0","1.0","0.0","0.0","0.0","0.0","0.0","0.0","0.0","0.0","0.0","0.0","0.0","0.0","0.0","4.4","2.0","0.0"
"2026-08-31T06:00:23+0000","egipt|dahab|2026-12-24|2026-12-31|7|Warszawa|2+1","filter_egypt_ny_dec24_2026_7_10_days","egipt","dahab","2026-12-24","2026-12-31","7.0","Warszawa","2+1","115.0","2.0","2.0","9983.0","10057.9","10170.25","10357.5","10732.0","1.0","0.0","0.0","0.0","0.0","0.0","0.0","0.0","0.0","0.0","0.0","0.0","0.0","0.0","4.4","2.0","0.0"
"2026-08-31T07:49:17+0000","egipt|dahab|2026-12-24|2026-12-31|7|Warszawa|2+1","filter_egypt_ny_dec24_2026_7_10_days","egipt","dahab","2026-12-24","2026-12-31","7.0","Warszawa","2+1","115.0","2.0","2.0","9983.0","10057.9","10170.25","10357.5","10732.0","1.0","0.0","0.0","0.0","0.0","0.0","0.0","0.0","0.0","0.0","0.0","0.0","0.0","0.0","4.4","2.0","0.0"
"2026-08-31T13:12:09+0000","egipt|dahab|2026-12-24|2026-12-31|7|Warszawa|2+1","filter_egypt_ny_dec24_2026_7_10_days","egipt","dahab","2026-12-24","2026-12-31","7.0","Warszawa","2+1","115.0","2.0","2.0","9983.0","10057.9","10170.25","10357.5","10732.0","1.0","0.0","0.0","0.0","0.0","0.0","0.0","0.0","0.0","0.0","0.0","0.0","0.0","0.0","4.4","2.0","0.0"
"2026-08-31T14:08:33+0000","egipt|dahab|2026-12-24|2026-12-31|7|Warszawa|2+1","filter_egypt_ny_dec24_2026_7_10_days","egipt","dahab","2026-12-24","2026-12-31","7.0","Warszawa","2+1","115.0","2.0","2.0","9983.0","10057.9","10170.25","10357.5","10732.0","1.0","0.0","0.0","0.0","0.0","0.0","0.0","0.0","0.0","0.0","0.0","0.0","0.0","0.0","4.4","2.0","0.0"
"2026-08-31T15:54:27+0000","egipt|dahab|2026-12-24|2026-12-31|7|Warszawa|2+1","filter_egypt_ny_dec24_2026_7_10_days","egipt","dahab","2026-12-24","2026-12-31","7.0","Warszawa","2+1","115.0","2.0","2.0","9983.0","10057.9","10170.25","10357.5","10732.0","1.0","0.0","0.0","0.0","0.0","0.0","0.0","0.0","0.0","0.0","0.0","0.0","0.0","0.0","4.4","2.0","0.0"
"2026-08-31T20:15:42+0000","egipt|dahab|2026-12-24|2026-12-31|7|Warszawa|2+1","filter_egypt_ny_dec24_2026_7_10_days","egipt","dahab","2026-12-24","2026-12-31","7.0","Warszawa","2+1","115.0","2.0","2.0","9983.0","10057.9","10170.25","10357.5","10732.0","1.0","0.0","0.0","0.0","0.0","0.0","0.0","0.0","0.0","0.0","0.0","0.0","0.0","0.0","4.4","2.0","0.0"
"2026-08-31T23:59:15+0000","egipt|dahab|2026-12-24|2026-12-31|7|Warszawa|2+1","filter_egypt_ny_dec24_2026_7_10_days","egipt","dahab","2026-12-24","2026-12-31","7.0","Warszawa","2+1","115.0","2.0","2.0","9983.0","10057.9","10170.25","10357.5","10732.0","1.0","0.0","0.0","0.0","0.0","0.0","0.0","0.0","0.0","0.0","0.0","0.0","0.0","0.0","4.4","2.0","0.0"
"2026-09-01T05:01:32+0000","egipt|dahab|2026-12-24|2026-12-31|7|Warszawa|2+1","filter_egypt_ny_dec24_2026_7_10_days","egipt","dahab","2026-12-24","2026-12-31","7.0","Warszawa","2+1","114.0","2.0","2.0","9983.0","10057.9","10170.25","10357.5","10732.0","1.0","0.0","0.0","0.0","0.0","0.0","0.0","0.0","0.0","2.0","0.0","0.0","0.0","0.0","4.4","2.0","0.0"
"2026-09-01T05:23:27+0000","egipt|dahab|2026-12-24|2026-12-31|7|Warszawa|2+1","filter_egypt_ny_dec24_2026_7_10_days","egipt","dahab","2026-12-24","2026-12-31","7.0","Warszawa","2+1","114.0","2.0","2.0","9983.0","10057.9","10170.25","10357.5","10732.0","1.0","0.0","0.0","0.0","0.0","0.0","0.0","0.0","0.0","2.0","0.0","0.0","0.0","0.0","4.4","2.0","0.0"
"2026-09-01T11:50:39+0000","egipt|dahab|2026-12-24|2026-12-31|7|Warszawa|2+1","filter_egypt_ny_dec24_2026_7_10_days","egipt","dahab","2026-12-24","2026-12-31","7.0","Warszawa","2+1","114.0","2.0","2.0","9983.0","10057.9","10170.25","10357.5","10732.0","1.0","0.0","0.0","0.0","0.0","0.0","0.0","0.0","0.0","1.0","0.0","0.0","0.0","0.0","4.4","2.0","0.0"
"2026-09-01T14:11:33+0000","egipt|dahab|2026-12-24|2026-12-31|7|Warszawa|2+1","filter_egypt_ny_dec24_2026_7_10_days","egipt","dahab","2026-12-24","2026-12-31","7.0","Warszawa","2+1","114.0","2.0","2.0","9983.0","10057.9","10170.25","10357.5","10732.0","1.0","0.0","0.0","0.0","0.0","0.0","0.0","0.0","0.0","1.0","0.0","0.0","0.0","0.0","4.4","2.0","0.0"
"2026-09-01T16:49:47+0000","egipt|dahab|2026-12-24|2026-12-31|7|Warszawa|2+1","filter_egypt_ny_dec24_2026_7_10_days","egipt","dahab","2026-12-24","2026-12-31","7.0","Warszawa","2+1","114.0","2.0","2.0","9983.0","10057.9","10170.25","10357.5","10732.0","1.0","0.0","0.0","0.0","0.0","0.0","0.0","0.0","0.0","1.0","0.0","0.0","0.0","0.0","4.4","2.0","0.0"
"2026-09-01T22:43:06+0000","egipt|dahab|2026-12-24|2026-12-31|7|Warszawa|2+1","filter_egypt_ny_dec24_2026_7_10_days","egipt","dahab","2026-12-24","2026-12-31","7.0","Warszawa","2+1","114.0","2.0","2.0","9983.0","10057.9","10170.25","10357.5","10732.0","1.0","0.0","0.0","0.0","0.0","0.0","0.0","0.0","0.0","1.0","0.0","0.0","0.0","0.0","4.4","2.0","0.0"
"2026-09-02T01:08:53+0000","egipt|dahab|2026-12-24|2026-12-31|7|Warszawa|2+1","filter_egypt_ny_dec24_2026_7_10_days","egipt","dahab","2026-12-24","2026-12-31","7.0","Warszawa","2+1","113.0","2.0","2.0","9983.0","10057.9","10170.25","10357.5","10732.0","1.0","0.0","0.0","0.0","0.0","0.0","0.0","0.0","0.0","1.0","0.0","0.0","0.0","0.0","4.4","2.0","0.0"
"2026-09-02T05:21:35+0000","egipt|dahab|2026-12-24|2026-12-31|7|Warszawa|2+1","filter_egypt_ny_dec24_2026_7_10_days","egipt","dahab","2026-12-24","2026-12-31","7.0","Warszawa","2+1","113.0","2.0","2.0","9983.0","10057.9","10170.25","10357.5","10732.0","1.0","0.0","0.0","0.0","0.0","0.0","0.0","0.0","0.0","1.0","0.0","0.0","0.0","0.0","4.4","2.0","0.0"
"2026-09-02T05:58:37+0000","egipt|dahab|2026-12-24|2026-12-31|7|Warszawa|2+1","filter_egypt_ny_dec24_2026_7_10_days","egipt","dahab","2026-12-24","2026-12-31","7.0","Warszawa","2+1","113.0","2.0","2.0","9983.0","10057.9","10170.25","10357.5","10732.0","1.0","0.0","0.0","0.0","0.0","0.0","0.0","0.0","0.0","1.0","0.0","0.0","0.0","0.0","4.4","2.0","0.0"
"2026-09-02T08:41:57+0000","egipt|dahab|2026-12-24|2026-12-31|7|Warszawa|2+1","filter_egypt_ny_dec24_2026_7_10_days","egipt","dahab","2026-12-24","2026-12-31","7.0","Warszawa","2+1","113.0","2.0","2.0","9983.0","10057.9","10170.25","10357.5","10732.0","1.0","0.0","0.0","0.0","0.0","0.0","0.0","0.0","0.0","2.0","0.0","0.0","0.0","0.0","4.4","2.0","0.0"
"2026-09-02T11:32:16+0000","egipt|dahab|2026-12-24|2026-12-31|7|Warszawa|2+1","filter_egypt_ny_dec24_2026_7_10_days","egipt","dahab","2026-12-24","2026-12-31","7.0","Warszawa","2+1","113.0","2.0","2.0","9983.0","10057.9","10170.25","10357.5","10732.0","1.0","0.0","0.0","0.0","0.0","0.0","0.0","0.0","0.0","2.0","0.0","0.0","0.0","0.0","4.4","2.0","0.0"
"2026-09-02T16:22:40+0000","egipt|dahab|2026-12-24|2026-12-31|7|Warszawa|2+1","filter_egypt_ny_dec24_2026_7_10_days","egipt","dahab","2026-12-24","2026-12-31","7.0","Warszawa","2+1","113.0","2.0","2.0","9983.0","10057.9","10170.25","10357.5","10732.0","1.0","0.0","0.0","0.0","0.0","0.0","0.0","0.0","0.0","2.0","0.0","0.0","0.0","0.0","4.4","2.0","0.0"
"2026-09-02T16:45:09+0000","egipt|dahab|2026-12-24|2026-12-31|7|Warszawa|2+1","filter_egypt_ny_dec24_2026_7_10_days","egipt","dahab","2026-12-24","2026-12-31","7.0","Warszawa","2+1","113.0","2.0","2.0","9983.0","10057.9","10170.25","10357.5","10732.0","1.0","0.0","0.0","0.0","0.0","0.0","0.0","0.0","0.0","2.0","0.0","0.0","0.0","0.0","4.4","2.0","0.0"
"2026-09-02T19:56:13+0000","egipt|dahab|2026-12-24|2026-12-31|7|Warszawa|2+1","filter_egypt_ny_dec24_2026_7_10_days","egipt","dahab","2026-12-24","2026-12-31","7.0","Warszawa","2+1","113.0","2.0","2.0","9983.0","10057.9","10170.25","10357.5","10732.0","1.0","0.0","0.0","0.0","0.0","0.0","0.0","0.0","0.0","1.0","0.0","0.0","0.0","0.0","4.4","2.0","0.0"
"2026-09-02T22:47:02+0000","egipt|dahab|2026-12-24|2026-12-31|7|Warszawa|2+1","filter_egypt_ny_dec24_2026_7_10_days","egipt","dahab","2026-12-24","2026-12-31","7.0","Warszawa","2+1","113.0","2.0","2.0","9983.0","10057.9","10170.25","10357.5","10732.0","1.0","0.0","0.0","0.0","0.0","0.0","0.0","0.0","0.0","2.0","0.0","0.0","0.0","0.0","4.4","2.0","0.0"
"2026-09-03T01:14:58+0000","egipt|dahab|2026-12-24|2026-12-31|7|Warszawa|2+1","filter_egypt_ny_dec24_2026_7_10_days","egipt","dahab","2026-12-24","2026-12-31","7.0","Warszawa","2+1","112.0","2.0","2.0","9983.0","10057.9","10170.25","10357.5","10732.0","1.0","0.0","0.0","0.0","0.0","0.0","0.0","0.0","0.0","2.0","0.0","0.0","0.0","0.0","4.4","2.0","0.0"
"2026-09-03T05:09:24+0000","egipt|dahab|2026-12-24|2026-12-31|7|Warszawa|2+1","filter_egypt_ny_dec24_2026_7_10_days","egipt","dahab","2026-12-24","2026-12-31","7.0","Warszawa","2+1","112.0","2.0","2.0","9996.0","10069.5","10179.75","10363.5","10731.0","1.0","0.0","0.0","0.0","0.0","0.0","0.0","0.0","0.0","2.0","0.0","0.0","0.0","0.0","4.4","2.0","0.0"
"2026-09-03T05:58:14+0000","egipt|dahab|2026-12-24|2026-12-31|7|Warszawa|2+1","filter_egypt_ny_dec24_2026_7_10_days","egipt","dahab","2026-12-24","2026-12-31","7.0","Warszawa","2+1","112.0","2.0","2.0","9996.0","10069.5","10179.75","10363.5","10731.0","1.0","0.0","0.0","0.0","0.0","0.0","0.0","0.0","0.0","2.0","0.0","0.0","0.0","0.0","4.4","2.0","0.0"
"2026-09-03T11:28:58+0000","egipt|dahab|2026-12-24|2026-12-31|7|Warszawa|2+1","filter_egypt_ny_dec24_2026_7_10_days","egipt","dahab","2026-12-24","2026-12-31","7.0","Warszawa","2+1","112.0","2.0","2.0","9996.0","10069.5","10179.75","10363.5","10731.0","1.0","0.0","0.0","0.0","0.0","0.0","0.0","0.0","0.0","2.0","0.0","0.0","0.0","0.0","4.4","2.0","0.0"
"2026-09-03T16:02:14+0000","egipt|dahab|2026-12-24|2026-12-31|7|Warszawa|2+1","filter_egypt_ny_dec24_2026_7_10_days","egipt","dahab","2026-12-24","2026-12-31","7.0","Warszawa","2+1","112.0","2.0","2.0","9996.0","10069.5","10179.75","10363.5","10731.0","1.0","0.0","0.0","0.0","0.0","0.0","0.0","0.0","0.0","2.0","0.0","0.0","0.0","0.0","4.4","2.0","0.0"
"2026-09-03T16:36:10+0000","egipt|dahab|2026-12-24|2026-12-31|7|Warszawa|2+1","filter_egypt_ny_dec24_2026_7_10_days","egipt","dahab","2026-12-24","2026-12-31","7.0","Warszawa","2+1","112.0","2.0","2.0","9996.0","10069.5","10179.75","10363.5","10731.0","1.0","0.0","0.0","0.0","0.0","0.0","0.0","0.0","0.0","2.0","0.0","0.0","0.0","0.0","4.4","2.0","0.0"
"2026-09-03T20:00:33+0000","egipt|dahab|2026-12-24|2026-12-31|7|Warszawa|2+1","filter_egypt_ny_dec24_2026_7_10_days","egipt","dahab","2026-12-24","2026-12-31","7.0","Warszawa","2+1","112.0","2.0","2.0","9996.0","10069.5","10179.75","10363.5","10731.0","1.0","0.0","0.0","0.0","0.0","0.0","0.0","0.0","0.0","2.0","0.0","0.0","0.0","0.0","4.4","2.0","0.0"
"2026-09-03T22:43:36+0000","egipt|dahab|2026-12-24|2026-12-31|7|Warszawa|2+1","filter_egypt_ny_dec24_2026_7_10_days","egipt","dahab","2026-12-24","2026-12-31","7.0","Warszawa","2+1","112.0","2.0","2.0","9996.0","10069.5","10179.75","10363.5","10731.0","1.0","0.0","0.0","0.0","0.0","0.0","0.0","0.0","0.0","1.0","0.0","0.0","0.0","0.0","4.4","2.0","0.0"
"2026-09-04T01:07:30+0000","egipt|dahab|2026-12-24|2026-12-31|7|Warszawa|2+1","filter_egypt_ny_dec24_2026_7_10_days","egipt","dahab","2026-12-24","2026-12-31","7.0","Warszawa","2+1","111.0","2.0","2.0","9996.0","10069.5","10179.75","10363.5","10731.0","1.0","0.0","0.0","0.0","0.0","0.0","0.0","0.0","0.0","1.0","0.0","0.0","0.0","0.0","4.4","2.0","0.0"
"2026-09-04T06:05:25+0000","egipt|dahab|2026-12-24|2026-12-31|7|Warszawa|2+1","filter_egypt_ny_dec24_2026_7_10_days","egipt","dahab","2026-12-24","2026-12-31","7.0","Warszawa","2+1","111.0","2.0","2.0","9996.0","10069.5","10179.75","10363.5","10731.0","1.0","0.0","0.0","0.0","0.0","0.0","0.0","0.0","0.0","1.0","0.0","0.0","0.0","0.0","4.4","2.0","0.0"
"2026-09-04T11:31:53+0000","egipt|dahab|2026-12-24|2026-12-31|7|Warszawa|2+1","filter_egypt_ny_dec24_2026_7_10_days","egipt","dahab","2026-12-24","2026-12-31","7.0","Warszawa","2+1","111.0","2.0","2.0","9996.0","10069.5","10179.75","10363.5","10731.0","1.0","0.0","0.0","0.0","0.0","0.0","0.0","0.0","0.0","2.0","0.0","0.0","0.0","0.0","4.4","2.0","0.0"
"2026-09-04T16:32:28+0000","egipt|dahab|2026-12-24|2026-12-31|7|Warszawa|2+1","filter_egypt_ny_dec24_2026_7_10_days","egipt","dahab","2026-12-24","2026-12-31","7.0","Warszawa","2+1","111.0","2.0","2.0","9996.0","10069.5","10179.75","10363.5","10731.0","1.0","0.0","0.0","0.0","0.0","0.0","0.0","0.0","0.0","1.0","0.0","0.0","0.0","0.0","4.4","2.0","0.0"
"2026-09-04T19:45:05+0000","egipt|dahab|2026-12-24|2026-12-31|7|Warszawa|2+1","filter_egypt_ny_dec24_2026_7_10_days","egipt","dahab","2026-12-24","2026-12-31","7.0","Warszawa","2+1","111.0","2.0","2.0","9996.0","10069.5","10179.75","10363.5","10731.0","1.0","0.0","0.0","0.0","0.0","0.0","0.0","0.0","0.0","2.0","0.0","0.0","0.0","0.0","4.4","2.0","0.0"
"2026-09-04T22:29:05+0000","egipt|dahab|2026-12-24|2026-12-31|7|Warszawa|2+1","filter_egypt_ny_dec24_2026_7_10_days","egipt","dahab","2026-12-24","2026-12-31","7.0","Warszawa","2+1","111.0","2.0","2.0","9996.0","10069.5","10179.75","10363.5","10731.0","1.0","0.0","0.0","0.0","0.0","0.0","0.0","0.0","0.0","2.0","0.0","0.0","0.0","0.0","4.4","2.0","0.0"
"2026-09-05T01:07:48+0000","egipt|dahab|2026-12-24|2026-12-31|7|Warszawa|2+1","filter_egypt_ny_dec24_2026_7_10_days","egipt","dahab","2026-12-24","2026-12-31","7.0","Warszawa","2+1","110.0","2.0","2.0","9996.0","10065.8","10170.5","10345.0","10694.0","1.0","0.0","0.0","0.0","0.0","0.0","0.0","0.0","0.0","2.0","0.0","0.0","0.0","0.0","4.4","2.0","0.0"
"2026-09-05T05:54:45+0000","egipt|dahab|2026-12-24|2026-12-31|7|Warszawa|2+1","filter_egypt_ny_dec24_2026_7_10_days","egipt","dahab","2026-12-24","2026-12-31","7.0","Warszawa","2+1","110.0","2.0","2.0","9962.0","10035.2","10145.0","10328.0","10694.0","1.0","0.0","0.0","0.0","0.0","0.0","0.0","0.0","0.0","2.0","0.0","0.0","0.0","0.0","4.4","2.0","0.0"
"2026-09-05T10:48:59+0000","egipt|dahab|2026-12-24|2026-12-31|7|Warszawa|2+1","filter_egypt_ny_dec24_2026_7_10_days","egipt","dahab","2026-12-24","2026-12-31","7.0","Warszawa","2+1","110.0","2.0","2.0","9962.0","10035.2","10145.0","10328.0","10694.0","1.0","0.0","0.0","0.0","0.0","0.0","0.0","0.0","0.0","2.0","0.0","0.0","0.0","0.0","4.4","2.0","0.0"
"2026-09-05T13:58:31+0000","egipt|dahab|2026-12-24|2026-12-31|7|Warszawa|2+1","filter_egypt_ny_dec24_2026_7_10_days","egipt","dahab","2026-12-24","2026-12-31","7.0","Warszawa","2+1","110.0","2.0","2.0","9962.0","10035.2","10145.0","10328.0","10694.0","1.0","0.0","0.0","0.0","0.0","0.0","0.0","0.0","0.0","2.0","0.0","0.0","0.0","0.0","4.4","2.0","0.0"
"2026-09-05T16:56:15+0000","egipt|dahab|2026-12-24|2026-12-31|7|Warszawa|2+1","filter_egypt_ny_dec24_2026_7_10_days","egipt","dahab","2026-12-24","2026-12-31","7.0","Warszawa","2+1","110.0","2.0","2.0","9962.0","10035.2","10145.0","10328.0","10694.0","1.0","0.0","0.0","0.0","0.0","0.0","0.0","0.0","0.0","1.0","0.0","0.0","0.0","0.0","4.4","2.0","0.0"
"2026-09-05T19:10:18+0000","egipt|dahab|2026-12-24|2026-12-31|7|Warszawa|2+1","filter_egypt_ny_dec24_2026_7_10_days","egipt","dahab","2026-12-24","2026-12-31","7.0","Warszawa","2+1","110.0","2.0","2.0","9962.0","10035.2","10145.0","10328.0","10694.0","1.0","0.0","0.0","0.0","0.0","0.0","0.0","0.0","0.0","2.0","0.0","0.0","0.0","0.0","4.4","2.0","0.0"
"2026-09-05T21:24:19+0000","egipt|dahab|2026-12-24|2026-12-31|7|Warszawa|2+1","filter_egypt_ny_dec24_2026_7_10_days","egipt","dahab","2026-12-24","2026-12-31","7.0","Warszawa","2+1","110.0","2.0","2.0","9962.0","10035.2","10145.0","10328.0","10694.0","1.0","0.0","0.0","0.0","0.0","0.0","0.0","0.0","0.0","2.0","0.0","0.0","0.0","0.0","4.4","2.0","0.0"
"2026-09-06T04:52:47+0000","egipt|dahab|2026-12-24|2026-12-31|7|Warszawa|2+1","filter_egypt_ny_dec24_2026_7_10_days","egipt","dahab","2026-12-24","2026-12-31","7.0","Warszawa","2+1","109.0","2.0","2.0","9962.0","10035.2","10145.0","10328.0","10694.0","1.0","0.0","0.0","0.0","0.0","0.0","0.0","0.0","0.0","2.0","0.0","0.0","0.0","0.0","4.4","2.0","0.0"
"2026-09-06T09:34:56+0000","egipt|dahab|2026-12-24|2026-12-31|7|Warszawa|2+1","filter_egypt_ny_dec24_2026_7_10_days","egipt","dahab","2026-12-24","2026-12-31","7.0","Warszawa","2+1","109.0","2.0","2.0","9962.0","10035.2","10145.0","10328.0","10694.0","1.0","0.0","0.0","0.0","0.0","0.0","0.0","0.0","0.0","2.0","0.0","0.0","0.0","0.0","4.4","2.0","0.0"
"2026-09-06T11:03:59+0000","egipt|dahab|2026-12-24|2026-12-31|7|Warszawa|2+1","filter_egypt_ny_dec24_2026_7_10_days","egipt","dahab","2026-12-24","2026-12-31","7.0","Warszawa","2+1","109.0","2.0","2.0","9968.0","10040.6","10149.5","10331.0","10694.0","1.0","0.0","0.0","0.0","0.0","0.0","0.0","0.0","0.0","2.0","0.0","0.0","0.0","0.0","4.4","2.0","0.0"
"2026-09-06T13:47:50+0000","egipt|dahab|2026-12-24|2026-12-31|7|Warszawa|2+1","filter_egypt_ny_dec24_2026_7_10_days","egipt","dahab","2026-12-24","2026-12-31","7.0","Warszawa","2+1","109.0","2.0","2.0","9968.0","10040.6","10149.5","10331.0","10694.0","1.0","0.0","0.0","0.0","0.0","0.0","0.0","0.0","0.0","2.0","0.0","0.0","0.0","0.0","4.4","2.0","0.0"
"2026-09-06T17:12:16+0000","egipt|dahab|2026-12-24|2026-12-31|7|Warszawa|2+1","filter_egypt_ny_dec24_2026_7_10_days","egipt","dahab","2026-12-24","2026-12-31","7.0","Warszawa","2+1","109.0","2.0","2.0","9968.0","10040.6","10149.5","10331.0","10694.0","1.0","0.0","0.0","0.0","0.0","0.0","0.0","0.0","0.0","1.0","0.0","0.0","0.0","0.0","4.4","2.0","0.0"
"2026-09-06T19:21:58+0000","egipt|dahab|2026-12-24|2026-12-31|7|Warszawa|2+1","filter_egypt_ny_dec24_2026_7_10_days","egipt","dahab","2026-12-24","2026-12-31","7.0","Warszawa","2+1","109.0","2.0","2.0","9968.0","10040.6","10149.5","10331.0","10694.0","1.0","0.0","0.0","0.0","0.0","0.0","0.0","0.0","0.0","2.0","0.0","0.0","0.0","0.0","4.4","2.0","0.0"
"2026-09-06T21:33:18+0000","egipt|dahab|2026-12-24|2026-12-31|7|Warszawa|2+1","filter_egypt_ny_dec24_2026_7_10_days","egipt","dahab","2026-12-24","2026-12-31","7.0","Warszawa","2+1","109.0","2.0","2.0","9968.0","10040.6","10149.5","10331.0","10694.0","1.0","0.0","0.0","0.0","0.0","0.0","0.0","0.0","0.0","2.0","0.0","0.0","0.0","0.0","4.4","2.0","0.0"
"2026-09-07T00:04:35+0000","egipt|dahab|2026-12-24|2026-12-31|7|Warszawa|2+1","filter_egypt_ny_dec24_2026_7_10_days","egipt","dahab","2026-12-24","2026-12-31","7.0","Warszawa","2+1","108.0","2.0","2.0","9968.0","10040.6","10149.5","10331.0","10694.0","1.0","0.0","0.0","0.0","0.0","0.0","0.0","0.0","0.0","0.0","0.0","0.0","0.0","0.0","4.4","2.0","0.0"
"2026-09-07T04:56:43+0000","egipt|dahab|2026-12-24|2026-12-31|7|Warszawa|2+1","filter_egypt_ny_dec24_2026_7_10_days","egipt","dahab","2026-12-24","2026-12-31","7.0","Warszawa","2+1","108.0","2.0","2.0","9968.0","10040.6","10149.5","10331.0","10694.0","1.0","0.0","0.0","0.0","0.0","0.0","0.0","0.0","0.0","0.0","0.0","0.0","0.0","0.0","4.4","2.0","0.0"
"2026-09-07T06:30:12+0000","egipt|dahab|2026-12-24|2026-12-31|7|Warszawa|2+1","filter_egypt_ny_dec24_2026_7_10_days","egipt","dahab","2026-12-24","2026-12-31","7.0","Warszawa","2+1","108.0","2.0","2.0","9968.0","10040.6","10149.5","10331.0","10694.0","1.0","0.0","0.0","0.0","0.0","0.0","0.0","0.0","0.0","0.0","0.0","0.0","0.0","0.0","4.4","2.0","0.0"
"2026-09-07T10:32:18+0000","egipt|dahab|2026-12-24|2026-12-31|7|Warszawa|2+1","filter_egypt_ny_dec24_2026_7_10_days","egipt","dahab","2026-12-24","2026-12-31","7.0","Warszawa","2+1","108.0","2.0","2.0","9968.0","10040.6","10149.5","10331.0","10694.0","1.0","0.0","0.0","0.0","0.0","0.0","0.0","0.0","0.0","0.0","0.0","0.0","0.0","0.0","4.4","2.0","0.0"
"2026-09-07T16:36:04+0000","egipt|dahab|2026-12-24|2026-12-31|7|Warszawa|2+1","filter_egypt_ny_dec24_2026_7_10_days","egipt","dahab","2026-12-24","2026-12-31","7.0","Warszawa","2+1","108.0","2.0","2.0","9968.0","10040.6","10149.5","10331.0","10694.0","1.0","0.0","0.0","0.0","0.0","0.0","0.0","0.0","0.0","0.0","0.0","0.0","0.0","0.0","4.4","2.0","0.0"
"2026-09-07T20:42:40+0000","egipt|dahab|2026-12-24|2026-12-31|7|Warszawa|2+1","filter_egypt_ny_dec24_2026_7_10_days","egipt","dahab","2026-12-24","2026-12-31","7.0","Warszawa","2+1","108.0","2.0","2.0","9968.0","10040.6","10149.5","10331.0","10694.0","1.0","0.0","0.0","0.0","0.0","0.0","0.0","0.0","0.0","0.0","0.0","0.0","0.0","0.0","4.4","2.0","0.0"
"2026-09-08T04:52:28+0000","egipt|dahab|2026-12-24|2026-12-31|7|Warszawa|2+1","filter_egypt_ny_dec24_2026_7_10_days","egipt","dahab","2026-12-24","2026-12-31","7.0","Warszawa","2+1","107.0","2.0","2.0","9968.0","10040.6","10149.5","10331.0","10694.0","1.0","0.0","0.0","0.0","0.0","0.0","0.0","0.0","0.0","2.0","0.0","0.0","0.0","0.0","4.4","2.0","0.0"
"2026-09-08T07:41:59+0000","egipt|dahab|2026-12-24|2026-12-31|7|Warszawa|2+1","filter_egypt_ny_dec24_2026_7_10_days","egipt","dahab","2026-12-24","2026-12-31","7.0","Warszawa","2+1","107.0","2.0","2.0","9968.0","10040.6","10149.5","10331.0","10694.0","1.0","0.0","0.0","0.0","0.0","0.0","0.0","0.0","0.0","1.0","0.0","0.0","0.0","0.0","4.4","2.0","0.0"
"2026-09-08T09:52:41+0000","egipt|dahab|2026-12-24|2026-12-31|7|Warszawa|2+1","filter_egypt_ny_dec24_2026_7_10_days","egipt","dahab","2026-12-24","2026-12-31","7.0","Warszawa","2+1","107.0","2.0","2.0","9968.0","10040.6","10149.5","10331.0","10694.0","1.0","0.0","0.0","0.0","0.0","0.0","0.0","0.0","0.0","2.0","0.0","0.0","0.0","0.0","4.4","2.0","0.0"
"2026-09-08T14:42:34+0000","egipt|dahab|2026-12-24|2026-12-31|7|Warszawa|2+1","filter_egypt_ny_dec24_2026_7_10_days","egipt","dahab","2026-12-24","2026-12-31","7.0","Warszawa","2+1","107.0","2.0","2.0","9968.0","10040.6","10149.5","10331.0","10694.0","1.0","0.0","0.0","0.0","0.0","0.0","0.0","0.0","0.0","2.0","0.0","0.0","0.0","0.0","4.4","2.0","0.0"
"2026-09-08T18:51:34+0000","egipt|dahab|2026-12-24|2026-12-31|7|Warszawa|2+1","filter_egypt_ny_dec24_2026_7_10_days","egipt","dahab","2026-12-24","2026-12-31","7.0","Warszawa","2+1","107.0","2.0","2.0","9968.0","10040.6","10149.5","10331.0","10694.0","1.0","0.0","0.0","0.0","0.0","0.0","0.0","0.0","0.0","1.0","0.0","0.0","0.0","0.0","4.4","2.0","0.0"
"2026-09-09T00:24:30+0000","egipt|dahab|2026-12-24|2026-12-31|7|Warszawa|2+1","filter_egypt_ny_dec24_2026_7_10_days","egipt","dahab","2026-12-24","2026-12-31","7.0","Warszawa","2+1","106.0","2.0","2.0","9968.0","10040.6","10149.5","10331.0","10694.0","1.0","0.0","0.0","0.0","0.0","0.0","0.0","0.0","0.0","1.0","0.0","0.0","0.0","0.0","4.4","2.0","0.0"
"2026-09-09T04:51:31+0000","egipt|dahab|2026-12-24|2026-12-31|7|Warszawa|2+1","filter_egypt_ny_dec24_2026_7_10_days","egipt","dahab","2026-12-24","2026-12-31","7.0","Warszawa","2+1","106.0","2.0","2.0","9968.0","10040.6","10149.5","10331.0","10694.0","1.0","0.0","0.0","0.0","0.0","0.0","0.0","0.0","0.0","2.0","0.0","0.0","0.0","0.0","4.4","2.0","0.0"
"2026-09-09T06:09:15+0000","egipt|dahab|2026-12-24|2026-12-31|7|Warszawa|2+1","filter_egypt_ny_dec24_2026_7_10_days","egipt","dahab","2026-12-24","2026-12-31","7.0","Warszawa","2+1","106.0","2.0","2.0","9968.0","10040.6","10149.5","10331.0","10694.0","1.0","0.0","0.0","0.0","0.0","0.0","0.0","0.0","0.0","2.0","0.0","0.0","0.0","0.0","4.4","2.0","0.0"
"2026-09-09T11:37:23+0000","egipt|dahab|2026-12-24|2026-12-31|7|Warszawa|2+1","filter_egypt_ny_dec24_2026_7_10_days","egipt","dahab","2026-12-24","2026-12-31","7.0","Warszawa","2+1","106.0","2.0","2.0","9968.0","10040.6","10149.5","10331.0","10694.0","1.0","0.0","0.0","0.0","0.0","0.0","0.0","0.0","0.0","1.0","0.0","0.0","0.0","0.0","4.4","2.0","0.0"
"2026-09-09T16:49:24+0000","egipt|dahab|2026-12-24|2026-12-31|7|Warszawa|2+1","filter_egypt_ny_dec24_2026_7_10_days","egipt","dahab","2026-12-24","2026-12-31","7.0","Warszawa","2+1","106.0","2.0","2.0","9968.0","10040.6","10149.5","10331.0","10694.0","1.0","0.0","0.0","0.0","0.0","0.0","0.0","0.0","0.0","1.0","0.0","0.0","0.0","0.0","4.4","2.0","0.0"
"2026-09-09T19:54:29+0000","egipt|dahab|2026-12-24|2026-12-31|7|Warszawa|2+1","filter_egypt_ny_dec24_2026_7_10_days","egipt","dahab","2026-12-24","2026-12-31","7.0","Warszawa","2+1","106.0","2.0","2.0","9968.0","10040.6","10149.5","10331.0","10694.0","1.0","0.0","0.0","0.0","0.0","0.0","0.0","0.0","0.0","1.0","0.0","0.0","0.0","0.0","4.4","2.0","0.0"
"2026-09-09T22:41:18+0000","egipt|dahab|2026-12-24|2026-12-31|7|Warszawa|2+1","filter_egypt_ny_dec24_2026_7_10_days","egipt","dahab","2026-12-24","2026-12-31","7.0","Warszawa","2+1","106.0","2.0","2.0","9968.0","10040.6","10149.5","10331.0","10694.0","1.0","0.0","0.0","0.0","0.0","0.0","0.0","0.0","0.0","2.0","0.0","0.0","0.0","0.0","4.4","2.0","0.0"
"2026-09-10T01:15:01+0000","egipt|dahab|2026-12-24|2026-12-31|7|Warszawa|2+1","filter_egypt_ny_dec24_2026_7_10_days","egipt","dahab","2026-12-24","2026-12-31","7.0","Warszawa","2+1","105.0","2.0","2.0","9968.0","10040.6","10149.5","10331.0","10694.0","1.0","0.0","0.0","0.0","0.0","0.0","0.0","0.0","0.0","2.0","0.0","0.0","0.0","0.0","4.4","2.0","0.0"
"2026-09-10T06:07:47+0000","egipt|dahab|2026-12-24|2026-12-31|7|Warszawa|2+1","filter_egypt_ny_dec24_2026_7_10_days","egipt","dahab","2026-12-24","2026-12-31","7.0","Warszawa","2+1","105.0","2.0","2.0","9968.0","10040.6","10149.5","10331.0","10694.0","1.0","0.0","0.0","0.0","0.0","0.0","0.0","0.0","0.0","1.0","0.0","0.0","0.0","0.0","4.4","2.0","0.0"
"2026-09-10T11:33:48+0000","egipt|dahab|2026-12-24|2026-12-31|7|Warszawa|2+1","filter_egypt_ny_dec24_2026_7_10_days","egipt","dahab","2026-12-24","2026-12-31","7.0","Warszawa","2+1","105.0","2.0","2.0","9944.0","10017.3","10127.25","10310.5","10677.0","1.0","0.0","0.0","0.0","0.0","0.0","0.0","0.0","0.0","2.0","0.0","0.0","0.0","0.0","4.4","2.0","0.0"
"2026-09-10T16:14:22+0000","egipt|dahab|2026-12-24|2026-12-31|7|Warszawa|2+1","filter_egypt_ny_dec24_2026_7_10_days","egipt","dahab","2026-12-24","2026-12-31","7.0","Warszawa","2+1","105.0","2.0","2.0","9944.0","10017.3","10127.25","10310.5","10677.0","1.0","0.0","0.0","0.0","0.0","0.0","0.0","0.0","0.0","1.0","0.0","0.0","0.0","0.0","4.4","2.0","0.0"
"2026-09-10T16:35:07+0000","egipt|dahab|2026-12-24|2026-12-31|7|Warszawa|2+1","filter_egypt_ny_dec24_2026_7_10_days","egipt","dahab","2026-12-24","2026-12-31","7.0","Warszawa","2+1","105.0","2.0","2.0","9944.0","10017.3","10127.25","10310.5","10677.0","1.0","0.0","0.0","0.0","0.0","0.0","0.0","0.0","0.0","1.0","0.0","0.0","0.0","0.0","4.4","2.0","0.0"
"2026-09-10T19:51:50+0000","egipt|dahab|2026-12-24|2026-12-31|7|Warszawa|2+1","filter_egypt_ny_dec24_2026_7_10_days","egipt","dahab","2026-12-24","2026-12-31","7.0","Warszawa","2+1","105.0","2.0","2.0","9828.0","9912.9","10040.25","10252.5","10677.0","1.0","0.0","0.0","0.0","0.0","0.0","0.0","0.0","0.0","1.0","0.0","0.0","0.0","0.0","4.4","2.0","0.0"
"2026-09-10T22:44:34+0000","egipt|dahab|2026-12-24|2026-12-31|7|Warszawa|2+1","filter_egypt_ny_dec24_2026_7_10_days","egipt","dahab","2026-12-24","2026-12-31","7.0","Warszawa","2+1","105.0","2.0","2.0","9828.0","9912.9","10040.25","10252.5","10677.0","1.0","0.0","0.0","0.0","0.0","0.0","0.0","0.0","0.0","2.0","0.0","0.0","0.0","0.0","4.4","2.0","0.0"
"2026-09-11T01:14:53+0000","egipt|dahab|2026-12-24|2026-12-31|7|Warszawa|2+1","filter_egypt_ny_dec24_2026_7_10_days","egipt","dahab","2026-12-24","2026-12-31","7.0","Warszawa","2+1","104.0","2.0","2.0","9828.0","9912.9","10040.25","10252.5","10677.0","1.0","0.0","0.0","0.0","0.0","0.0","0.0","0.0","0.0","2.0","0.0","0.0","0.0","0.0","4.4","2.0","0.0"
"2026-09-11T06:11:03+0000","egipt|dahab|2026-12-24|2026-12-31|7|Warszawa|2+1","filter_egypt_ny_dec24_2026_7_10_days","egipt","dahab","2026-12-24","2026-12-31","7.0","Warszawa","2+1","104.0","2.0","2.0","9828.0","9901.2","10011.0","10194.0","10560.0","1.0","0.0","0.0","0.0","0.0","0.0","0.0","0.0","0.0","2.0","0.0","0.0","0.0","0.0","4.4","2.0","0.0"
"2026-09-11T11:36:28+0000","egipt|dahab|2026-12-24|2026-12-31|7|Warszawa|2+1","filter_egypt_ny_dec24_2026_7_10_days","egipt","dahab","2026-12-24","2026-12-31","7.0","Warszawa","2+1","104.0","2.0","2.0","9828.0","9901.2","10011.0","10194.0","10560.0","1.0","0.0","0.0","0.0","0.0","0.0","0.0","0.0","0.0","2.0","0.0","0.0","0.0","0.0","4.4","2.0","0.0"
"2026-09-11T15:03:29+0000","egipt|dahab|2026-12-24|2026-12-31|7|Warszawa|2+1","filter_egypt_ny_dec24_2026_7_10_days","egipt","dahab","2026-12-24","2026-12-31","7.0","Warszawa","2+1","104.0","2.0","2.0","9828.0","9901.2","10011.0","10194.0","10560.0","1.0","0.0","0.0","0.0","0.0","0.0","0.0","0.0","0.0","1.0","0.0","0.0","0.0","0.0","4.4","2.0","0.0"
"2026-09-11T16:39:34+0000","egipt|dahab|2026-12-24|2026-12-31|7|Warszawa|2+1","filter_egypt_ny_dec24_2026_7_10_days","egipt","dahab","2026-12-24","2026-12-31","7.0","Warszawa","2+1","104.0","2.0","2.0","9828.0","9901.2","10011.0","10194.0","10560.0","1.0","0.0","0.0","0.0","0.0","0.0","0.0","0.0","0.0","1.0","0.0","0.0","0.0","0.0","4.4","2.0","0.0"
"2026-09-11T19:54:13+0000","egipt|dahab|2026-12-24|2026-12-31|7|Warszawa|2+1","filter_egypt_ny_dec24_2026_7_10_days","egipt","dahab","2026-12-24","2026-12-31","7.0","Warszawa","2+1","104.0","2.0","2.0","9810.0","9883.3","9993.25","10176.5","10543.0","1.0","0.0","0.0","0.0","0.0","0.0","0.0","0.0","0.0","1.0","0.0","0.0","0.0","0.0","4.4","2.0","0.0"
"2026-09-11T22:44:19+0000","egipt|dahab|2026-12-24|2026-12-31|7|Warszawa|2+1","filter_egypt_ny_dec24_2026_7_10_days","egipt","dahab","2026-12-24","2026-12-31","7.0","Warszawa","2+1","104.0","2.0","2.0","9810.0","9883.3","9993.25","10176.5","10543.0","1.0","0.0","0.0","0.0","0.0","0.0","0.0","0.0","0.0","1.0","0.0","0.0","0.0","0.0","4.4","2.0","0.0"
"2026-09-12T01:16:28+0000","egipt|dahab|2026-12-24|2026-12-31|7|Warszawa|2+1","filter_egypt_ny_dec24_2026_7_10_days","egipt","dahab","2026-12-24","2026-12-31","7.0","Warszawa","2+1","103.0","2.0","2.0","9810.0","9883.3","9993.25","10176.5","10543.0","1.0","0.0","0.0","0.0","0.0","0.0","0.0","0.0","0.0","1.0","0.0","0.0","0.0","0.0","4.4","2.0","0.0"
"2026-09-12T05:58:41+0000","egipt|dahab|2026-12-24|2026-12-31|7|Warszawa|2+1","filter_egypt_ny_dec24_2026_7_10_days","egipt","dahab","2026-12-24","2026-12-31","7.0","Warszawa","2+1","103.0","2.0","2.0","9810.0","9883.3","9993.25","10176.5","10543.0","1.0","0.0","0.0","0.0","0.0","0.0","0.0","0.0","0.0","2.0","0.0","0.0","0.0","0.0","4.4","2.0","0.0"
"2026-09-12T11:00:01+0000","egipt|dahab|2026-12-24|2026-12-31|7|Warszawa|2+1","filter_egypt_ny_dec24_2026_7_10_days","egipt","dahab","2026-12-24","2026-12-31","7.0","Warszawa","2+1","103.0","2.0","2.0","9821.0","9894.4","10004.5","10188.0","10555.0","1.0","0.0","0.0","0.0","0.0","0.0","0.0","0.0","0.0","2.0","0.0","0.0","0.0","0.0","4.4","2.0","0.0"
"2026-09-12T14:17:19+0000","egipt|dahab|2026-12-24|2026-12-31|7|Warszawa|2+1","filter_egypt_ny_dec24_2026_7_10_days","egipt","dahab","2026-12-24","2026-12-31","7.0","Warszawa","2+1","103.0","2.0","2.0","8671.0","8786.0","8958.5","9246.0","9821.0","2.0","0.0","0.0","0.0","0.0","0.0","0.0","0.0","0.0","2.0","0.0","0.0","0.0","0.0","4.4","2.0","0.0"
"2026-09-12T17:20:28+0000","egipt|dahab|2026-12-24|2026-12-31|7|Warszawa|2+1","filter_egypt_ny_dec24_2026_7_10_days","egipt","dahab","2026-12-24","2026-12-31","7.0","Warszawa","2+1","103.0","2.0","2.0","8671.0","8786.0","8958.5","9246.0","9821.0","2.0","0.0","0.0","0.0","0.0","0.0","0.0","0.0","0.0","2.0","0.0","0.0","0.0","0.0","4.4","2.0","0.0"
"2026-09-12T22:26:59+0000","egipt|dahab|2026-12-24|2026-12-31|7|Warszawa|2+1","filter_egypt_ny_dec24_2026_7_10_days","egipt","dahab","2026-12-24","2026-12-31","7.0","Warszawa","2+1","103.0","2.0","2.0","8671.0","8786.0","8958.5","9246.0","9821.0","2.0","0.0","0.0","0.0","0.0","0.0","0.0","0.0","0.0","2.0","0.0","0.0","0.0","0.0","4.4","2.0","0.0"
"2026-09-13T01:12:19+0000","egipt|dahab|2026-12-24|2026-12-31|7|Warszawa|2+1","filter_egypt_ny_dec24_2026_7_10_days","egipt","dahab","2026-12-24","2026-12-31","7.0","Warszawa","2+1","102.0","2.0","2.0","8671.0","8786.0","8958.5","9246.0","9821.0","2.0","0.0","0.0","0.0","0.0","0.0","0.0","0.0","0.0","2.0","0.0","0.0","0.0","0.0","4.4","2.0","0.0"
"2026-09-13T06:22:18+0000","egipt|dahab|2026-12-24|2026-12-31|7|Warszawa|2+1","filter_egypt_ny_dec24_2026_7_10_days","egipt","dahab","2026-12-24","2026-12-31","7.0","Warszawa","2+1","102.0","2.0","2.0","8671.0","8786.0","8958.5","9246.0","9821.0","2.0","0.0","0.0","0.0","0.0","0.0","0.0","0.0","0.0","2.0","0.0","0.0","0.0","0.0","4.4","2.0","0.0"
"2026-09-13T09:28:46+0000","egipt|dahab|2026-12-24|2026-12-31|7|Warszawa|2+1","filter_egypt_ny_dec24_2026_7_10_days","egipt","dahab","2026-12-24","2026-12-31","7.0","Warszawa","2+1","102.0","2.0","2.0","8671.0","8786.0","8958.5","9246.0","9821.0","2.0","0.0","0.0","0.0","0.0","0.0","0.0","0.0","0.0","2.0","0.0","0.0","0.0","0.0","4.4","2.0","0.0"
"2026-09-13T12:50:24+0000","egipt|dahab|2026-12-24|2026-12-31|7|Warszawa|2+1","filter_egypt_ny_dec24_2026_7_10_days","egipt","dahab","2026-12-24","2026-12-31","7.0","Warszawa","2+1","102.0","2.0","2.0","8671.0","8786.0","8958.5","9246.0","9821.0","2.0","0.0","0.0","0.0","0.0","0.0","0.0","0.0","0.0","2.0","0.0","0.0","0.0","0.0","4.4","2.0","0.0"
"2026-09-13T17:02:54+0000","egipt|dahab|2026-12-24|2026-12-31|7|Warszawa|2+1","filter_egypt_ny_dec24_2026_7_10_days","egipt","dahab","2026-12-24","2026-12-31","7.0","Warszawa","2+1","102.0","2.0","2.0","8671.0","8786.0","8958.5","9246.0","9821.0","2.0","0.0","0.0","0.0","0.0","0.0","0.0","0.0","0.0","2.0","0.0","0.0","0.0","0.0","4.4","2.0","0.0"
"2026-09-13T19:35:37+0000","egipt|dahab|2026-12-24|2026-12-31|7|Warszawa|2+1","filter_egypt_ny_dec24_2026_7_10_days","egipt","dahab","2026-12-24","2026-12-31","7.0","Warszawa","2+1","102.0","2.0","2.0","8671.0","8786.9","8960.75","9250.5","9830.0","2.0","0.0","0.0","0.0","0.0","0.0","0.0","0.0","0.0","2.0","0.0","0.0","0.0","0.0","4.4","2.0","0.0"
"2026-09-13T22:32:44+0000","egipt|dahab|2026-12-24|2026-12-31|7|Warszawa|2+1","filter_egypt_ny_dec24_2026_7_10_days","egipt","dahab","2026-12-24","2026-12-31","7.0","Warszawa","2+1","102.0","2.0","2.0","8671.0","8786.9","8960.75","9250.5","9830.0","2.0","0.0","0.0","0.0","0.0","0.0","0.0","0.0","0.0","2.0","0.0","0.0","0.0","0.0","4.4","2.0","0.0"
"2026-09-14T01:16:47+0000","egipt|dahab|2026-12-24|2026-12-31|7|Warszawa|2+1","filter_egypt_ny_dec24_2026_7_10_days","egipt","dahab","2026-12-24","2026-12-31","7.0","Warszawa","2+1","101.0","2.0","2.0","8671.0","8786.9","8960.75","9250.5","9830.0","2.0","0.0","0.0","0.0","0.0","0.0","0.0","0.0","0.0","0.0","0.0","0.0","0.0","0.0","4.4","2.0","0.0"
"2026-09-14T05:27:34+0000","egipt|dahab|2026-12-24|2026-12-31|7|Warszawa|2+1","filter_egypt_ny_dec24_2026_7_10_days","egipt","dahab","2026-12-24","2026-12-31","7.0","Warszawa","2+1","101.0","2.0","2.0","8671.0","8786.9","8960.75","9250.5","9830.0","2.0","0.0","0.0","0.0","0.0","0.0","0.0","0.0","0.0","0.0","0.0","0.0","0.0","0.0","4.4","2.0","0.0"
"2026-09-14T06:29:57+0000","egipt|dahab|2026-12-24|2026-12-31|7|Warszawa|2+1","filter_egypt_ny_dec24_2026_7_10_days","egipt","dahab","2026-12-24","2026-12-31","7.0","Warszawa","2+1","101.0","2.0","2.0","8671.0","8786.9","8960.75","9250.5","9830.0","2.0","0.0","0.0","0.0","0.0","0.0","0.0","0.0","0.0","0.0","0.0","0.0","0.0","0.0","4.4","2.0","0.0"
"2026-09-14T13:01:39+0000","egipt|dahab|2026-12-24|2026-12-31|7|Warszawa|2+1","filter_egypt_ny_dec24_2026_7_10_days","egipt","dahab","2026-12-24","2026-12-31","7.0","Warszawa","2+1","101.0","2.0","2.0","8671.0","8786.9","8960.75","9250.5","9830.0","2.0","0.0","0.0","0.0","0.0","0.0","0.0","0.0","0.0","0.0","0.0","0.0","0.0","0.0","4.4","2.0","0.0"
"2026-09-14T14:16:41+0000","egipt|dahab|2026-12-24|2026-12-31|7|Warszawa|2+1","filter_egypt_ny_dec24_2026_7_10_days","egipt","dahab","2026-12-24","2026-12-31","7.0","Warszawa","2+1","101.0","2.0","2.0","8671.0","8786.9","8960.75","9250.5","9830.0","2.0","0.0","0.0","0.0","0.0","0.0","0.0","0.0","0.0","0.0","0.0","0.0","0.0","0.0","4.4","2.0","0.0"
"2026-09-14T19:32:48+0000","egipt|dahab|2026-12-24|2026-12-31|7|Warszawa|2+1","filter_egypt_ny_dec24_2026_7_10_days","egipt","dahab","2026-12-24","2026-12-31","7.0","Warszawa","2+1","101.0","2.0","2.0","9830.0","9903.5","10013.75","10197.5","10565.0","1.0","0.0","0.0","0.0","0.0","0.0","0.0","0.0","0.0","0.0","0.0","0.0","0.0","0.0","4.4","2.0","0.0"
"2026-09-14T23:16:16+0000","egipt|dahab|2026-12-24|2026-12-31|7|Warszawa|2+1","filter_egypt_ny_dec24_2026_7_10_days","egipt","dahab","2026-12-24","2026-12-31","7.0","Warszawa","2+1","101.0","2.0","2.0","9830.0","9903.5","10013.75","10197.5","10565.0","1.0","0.0","0.0","0.0","0.0","0.0","0.0","0.0","0.0","0.0","0.0","0.0","0.0","0.0","4.4","2.0","0.0"
"2026-09-15T01:36:50+0000","egipt|dahab|2026-12-24|2026-12-31|7|Warszawa|2+1","filter_egypt_ny_dec24_2026_7_10_days","egipt","dahab","2026-12-24","2026-12-31","7.0","Warszawa","2+1","100.0","2.0","2.0","9830.0","9903.5","10013.75","10197.5","10565.0","1.0","0.0","0.0","0.0","0.0","0.0","0.0","0.0","0.0","2.0","0.0","0.0","0.0","0.0","4.4","2.0","0.0"
"2026-09-15T07:56:20+0000","egipt|dahab|2026-12-24|2026-12-31|7|Warszawa|2+1","filter_egypt_ny_dec24_2026_7_10_days","egipt","dahab","2026-12-24","2026-12-31","7.0","Warszawa","2+1","100.0","2.0","2.0","9830.0","9903.5","10013.75","10197.5","10565.0","1.0","0.0","0.0","0.0","0.0","0.0","0.0","0.0","0.0","2.0","0.0","0.0","0.0","0.0","4.4","2.0","0.0"
"2026-09-15T14:49:10+0000","egipt|dahab|2026-12-24|2026-12-31|7|Warszawa|2+1","filter_egypt_ny_dec24_2026_7_10_days","egipt","dahab","2026-12-24","2026-12-31","7.0","Warszawa","2+1","100.0","2.0","2.0","9830.0","9903.5","10013.75","10197.5","10565.0","1.0","0.0","0.0","0.0","0.0","0.0","0.0","0.0","0.0","2.0","0.0","0.0","0.0","0.0","4.4","2.0","0.0"
"2026-09-15T18:21:04+0000","egipt|dahab|2026-12-24|2026-12-31|7|Warszawa|2+1","filter_egypt_ny_dec24_2026_7_10_days","egipt","dahab","2026-12-24","2026-12-31","7.0","Warszawa","2+1","100.0","2.0","2.0","9830.0","9903.5","10013.75","10197.5","10565.0","1.0","0.0","0.0","0.0","0.0","0.0","0.0","0.0","0.0","2.0","0.0","0.0","0.0","0.0","4.4","2.0","0.0"
"2026-09-15T21:36:40+0000","egipt|dahab|2026-12-24|2026-12-31|7|Warszawa|2+1","filter_egypt_ny_dec24_2026_7_10_days","egipt","dahab","2026-12-24","2026-12-31","7.0","Warszawa","2+1","100.0","2.0","2.0","9830.0","9903.5","10013.75","10197.5","10565.0","1.0","0.0","0.0","0.0","0.0","0.0","0.0","0.0","0.0","2.0","0.0","0.0","0.0","0.0","4.4","2.0","0.0"
"2026-09-16T00:31:45+0000","egipt|dahab|2026-12-24|2026-12-31|7|Warszawa|2+1","filter_egypt_ny_dec24_2026_7_10_days","egipt","dahab","2026-12-24","2026-12-31","7.0","Warszawa","2+1","99.0","2.0","2.0","9830.0","9903.5","10013.75","10197.5","10565.0","1.0","0.0","0.0","0.0","0.0","0.0","0.0","0.0","0.0","2.0","0.0","0.0","0.0","0.0","4.4","2.0","0.0"
"2026-09-16T06:12:13+0000","egipt|dahab|2026-12-24|2026-12-31|7|Warszawa|2+1","filter_egypt_ny_dec24_2026_7_10_days","egipt","dahab","2026-12-24","2026-12-31","7.0","Warszawa","2+1","99.0","2.0","2.0","9830.0","9903.5","10013.75","10197.5","10565.0","1.0","0.0","0.0","0.0","0.0","0.0","0.0","0.0","0.0","2.0","0.0","0.0","0.0","0.0","4.4","2.0","0.0"
"2026-09-16T11:51:14+0000","egipt|dahab|2026-12-24|2026-12-31|7|Warszawa|2+1","filter_egypt_ny_dec24_2026_7_10_days","egipt","dahab","2026-12-24","2026-12-31","7.0","Warszawa","2+1","99.0","2.0","2.0","9830.0","9903.5","10013.75","10197.5","10565.0","1.0","0.0","0.0","0.0","0.0","0.0","0.0","0.0","0.0","2.0","0.0","0.0","0.0","0.0","4.4","2.0","0.0"
"2026-09-16T17:10:53+0000","egipt|dahab|2026-12-24|2026-12-31|7|Warszawa|2+1","filter_egypt_ny_dec24_2026_7_10_days","egipt","dahab","2026-12-24","2026-12-31","7.0","Warszawa","2+1","99.0","2.0","2.0","9829.0","9902.6","10013.0","10197.0","10565.0","1.0","0.0","0.0","0.0","0.0","0.0","0.0","0.0","0.0","2.0","0.0","0.0","0.0","0.0","4.4","2.0","0.0"
"2026-09-16T20:17:51+0000","egipt|dahab|2026-12-24|2026-12-31|7|Warszawa|2+1","filter_egypt_ny_dec24_2026_7_10_days","egipt","dahab","2026-12-24","2026-12-31","7.0","Warszawa","2+1","99.0","2.0","2.0","9829.0","9902.6","10013.0","10197.0","10565.0","1.0","0.0","0.0","0.0","0.0","0.0","0.0","0.0","0.0","2.0","0.0","0.0","0.0","0.0","4.4","2.0","0.0"
"2026-09-16T23:05:44+0000","egipt|dahab|2026-12-24|2026-12-31|7|Warszawa|2+1","filter_egypt_ny_dec24_2026_7_10_days","egipt","dahab","2026-12-24","2026-12-31","7.0","Warszawa","2+1","99.0","2.0","2.0","9829.0","9902.6","10013.0","10197.0","10565.0","1.0","0.0","0.0","0.0","0.0","0.0","0.0","0.0","0.0","2.0","0.0","0.0","0.0","0.0","4.4","2.0","0.0"
"2026-09-17T01:35:32+0000","egipt|dahab|2026-12-24|2026-12-31|7|Warszawa|2+1","filter_egypt_ny_dec24_2026_7_10_days","egipt","dahab","2026-12-24","2026-12-31","7.0","Warszawa","2+1","98.0","2.0","2.0","9829.0","9902.6","10013.0","10197.0","10565.0","1.0","0.0","0.0","0.0","0.0","0.0","0.0","0.0","0.0","2.0","0.0","0.0","0.0","0.0","4.4","2.0","0.0"
"2026-09-17T07:51:16+0000","egipt|dahab|2026-12-24|2026-12-31|7|Warszawa|2+1","filter_egypt_ny_dec24_2026_7_10_days","egipt","dahab","2026-12-24","2026-12-31","7.0","Warszawa","2+1","98.0","2.0","2.0","9829.0","9902.6","10013.0","10197.0","10565.0","1.0","0.0","0.0","0.0","0.0","0.0","0.0","0.0","0.0","2.0","0.0","0.0","0.0","0.0","4.4","2.0","0.0"
"2026-09-17T13:38:52+0000","egipt|dahab|2026-12-24|2026-12-31|7|Warszawa|2+1","filter_egypt_ny_dec24_2026_7_10_days","egipt","dahab","2026-12-24","2026-12-31","7.0","Warszawa","2+1","98.0","2.0","2.0","9829.0","9902.6","10013.0","10197.0","10565.0","1.0","0.0","0.0","0.0","0.0","0.0","0.0","0.0","0.0","2.0","0.0","0.0","0.0","0.0","4.4","2.0","0.0"
"2026-09-17T15:08:55+0000","egipt|dahab|2026-12-24|2026-12-31|7|Warszawa|2+1","filter_egypt_ny_dec24_2026_7_10_days","egipt","dahab","2026-12-24","2026-12-31","7.0","Warszawa","2+1","98.0","2.0","2.0","9829.0","9902.6","10013.0","10197.0","10565.0","1.0","0.0","0.0","0.0","0.0","0.0","0.0","0.0","0.0","2.0","0.0","0.0","0.0","0.0","4.4","2.0","0.0"
"2026-09-17T18:24:15+0000","egipt|dahab|2026-12-24|2026-12-31|7|Warszawa|2+1","filter_egypt_ny_dec24_2026_7_10_days","egipt","dahab","2026-12-24","2026-12-31","7.0","Warszawa","2+1","98.0","2.0","2.0","9829.0","9902.6","10013.0","10197.0","10565.0","1.0","0.0","0.0","0.0","0.0","0.0","0.0","0.0","0.0","2.0","0.0","0.0","0.0","0.0","4.4","2.0","0.0"
"2026-09-17T22:20:46+0000","egipt|dahab|2026-12-24|2026-12-31|7|Warszawa|2+1","filter_egypt_ny_dec24_2026_7_10_days","egipt","dahab","2026-12-24","2026-12-31","7.0","Warszawa","2+1","98.0","2.0","2.0","9829.0","9902.6","10013.0","10197.0","10565.0","1.0","0.0","0.0","0.0","0.0","0.0","0.0","0.0","0.0","2.0","0.0","0.0","0.0","0.0","4.4","2.0","0.0"
"2026-09-18T00:33:38+0000","egipt|dahab|2026-12-24|2026-12-31|7|Warszawa|2+1","filter_egypt_ny_dec24_2026_7_10_days","egipt","dahab","2026-12-24","2026-12-31","7.0","Warszawa","2+1","97.0","2.0","2.0","9829.0","9902.6","10013.0","10197.0","10565.0","1.0","0.0","0.0","0.0","0.0","0.0","0.0","0.0","0.0","2.0","0.0","0.0","0.0","0.0","4.4","2.0","0.0"
"2026-09-18T06:05:26+0000","egipt|dahab|2026-12-24|2026-12-31|7|Warszawa|2+1","filter_egypt_ny_dec24_2026_7_10_days","egipt","dahab","2026-12-24","2026-12-31","7.0","Warszawa","2+1","97.0","2.0","2.0","9829.0","9902.6","10013.0","10197.0","10565.0","1.0","0.0","0.0","0.0","0.0","0.0","0.0","0.0","0.0","2.0","0.0","0.0","0.0","0.0","4.4","2.0","0.0"
"2026-09-18T11:30:11+0000","egipt|dahab|2026-12-24|2026-12-31|7|Warszawa|2+1","filter_egypt_ny_dec24_2026_7_10_days","egipt","dahab","2026-12-24","2026-12-31","7.0","Warszawa","2+1","97.0","2.0","2.0","9829.0","9902.6","10013.0","10197.0","10565.0","1.0","0.0","0.0","0.0","0.0","0.0","0.0","0.0","0.0","2.0","0.0","0.0","0.0","0.0","4.4","2.0","0.0"
"2026-09-18T16:36:01+0000","egipt|dahab|2026-12-24|2026-12-31|7|Warszawa|2+1","filter_egypt_ny_dec24_2026_7_10_days","egipt","dahab","2026-12-24","2026-12-31","7.0","Warszawa","2+1","97.0","2.0","2.0","10023.0","10096.4","10206.5","10390.0","10757.0","0.0","0.0","0.0","0.0","0.0","0.0","0.0","0.0","0.0","2.0","0.0","0.0","0.0","0.0","4.4","2.0","0.0"
"2026-09-18T19:46:30+0000","egipt|dahab|2026-12-24|2026-12-31|7|Warszawa|2+1","filter_egypt_ny_dec24_2026_7_10_days","egipt","dahab","2026-12-24","2026-12-31","7.0","Warszawa","2+1","97.0","2.0","2.0","10023.0","10096.4","10206.5","10390.0","10757.0","0.0","0.0","0.0","0.0","0.0","0.0","0.0","0.0","0.0","2.0","0.0","0.0","0.0","0.0","4.4","2.0","0.0"
"2026-09-18T22:43:16+0000","egipt|dahab|2026-12-24|2026-12-31|7|Warszawa|2+1","filter_egypt_ny_dec24_2026_7_10_days","egipt","dahab","2026-12-24","2026-12-31","7.0","Warszawa","2+1","97.0","2.0","2.0","10023.0","10096.4","10206.5","10390.0","10757.0","0.0","0.0","0.0","0.0","0.0","0.0","0.0","0.0","0.0","2.0","0.0","0.0","0.0","0.0","4.4","2.0","0.0"
"2026-09-19T05:51:23+0000","egipt|dahab|2026-12-24|2026-12-31|7|Warszawa|2+1","filter_egypt_ny_dec24_2026_7_10_days","egipt","dahab","2026-12-24","2026-12-31","7.0","Warszawa","2+1","96.0","2.0","2.0","10117.0","10191.1","10302.25","10487.5","10858.0","0.0","0.0","0.0","0.0","0.0","0.0","0.0","0.0","0.0","2.0","0.0","0.0","0.0","0.0","4.4","2.0","0.0"
"2026-09-19T11:13:51+0000","egipt|dahab|2026-12-24|2026-12-31|7|Warszawa|2+1","filter_egypt_ny_dec24_2026_7_10_days","egipt","dahab","2026-12-24","2026-12-31","7.0","Warszawa","2+1","96.0","2.0","2.0","10117.0","10191.1","10302.25","10487.5","10858.0","0.0","0.0","0.0","0.0","0.0","0.0","0.0","0.0","0.0","2.0","0.0","0.0","0.0","0.0","4.4","2.0","0.0"
"2026-09-19T14:35:13+0000","egipt|dahab|2026-12-24|2026-12-31|7|Warszawa|2+1","filter_egypt_ny_dec24_2026_7_10_days","egipt","dahab","2026-12-24","2026-12-31","7.0","Warszawa","2+1","96.0","2.0","2.0","10117.0","10191.1","10302.25","10487.5","10858.0","0.0","0.0","0.0","0.0","0.0","0.0","0.0","0.0","0.0","2.0","0.0","0.0","0.0","0.0","4.4","2.0","0.0"
"2026-09-19T18:11:00+0000","egipt|dahab|2026-12-24|2026-12-31|7|Warszawa|2+1","filter_egypt_ny_dec24_2026_7_10_days","egipt","dahab","2026-12-24","2026-12-31","7.0","Warszawa","2+1","96.0","2.0","2.0","10117.0","10191.1","10302.25","10487.5","10858.0","0.0","0.0","0.0","0.0","0.0","0.0","0.0","0.0","0.0","1.0","0.0","0.0","0.0","0.0","4.4","2.0","0.0"
"2026-09-19T20:54:01+0000","egipt|dahab|2026-12-24|2026-12-31|7|Warszawa|2+1","filter_egypt_ny_dec24_2026_7_10_days","egipt","dahab","2026-12-24","2026-12-31","7.0","Warszawa","2+1","96.0","2.0","2.0","10117.0","10191.1","10302.25","10487.5","10858.0","0.0","0.0","0.0","0.0","0.0","0.0","0.0","0.0","0.0","1.0","0.0","0.0","0.0","0.0","4.4","2.0","0.0"
"2026-09-19T23:17:35+0000","egipt|dahab|2026-12-24|2026-12-31|7|Warszawa|2+1","filter_egypt_ny_dec24_2026_7_10_days","egipt","dahab","2026-12-24","2026-12-31","7.0","Warszawa","2+1","96.0","2.0","2.0","10117.0","10191.1","10302.25","10487.5","10858.0","0.0","0.0","0.0","0.0","0.0","0.0","0.0","0.0","0.0","2.0","0.0","0.0","0.0","0.0","4.4","2.0","0.0"
"2026-09-20T01:21:13+0000","egipt|dahab|2026-12-24|2026-12-31|7|Warszawa|2+1","filter_egypt_ny_dec24_2026_7_10_days","egipt","dahab","2026-12-24","2026-12-31","7.0","Warszawa","2+1","95.0","2.0","2.0","10117.0","10191.1","10302.25","10487.5","10858.0","0.0","0.0","0.0","0.0","0.0","0.0","0.0","0.0","0.0","2.0","0.0","0.0","0.0","0.0","4.4","2.0","0.0"
"2026-09-20T06:31:48+0000","egipt|dahab|2026-12-24|2026-12-31|7|Warszawa|2+1","filter_egypt_ny_dec24_2026_7_10_days","egipt","dahab","2026-12-24","2026-12-31","7.0","Warszawa","2+1","95.0","2.0","2.0","10117.0","10191.1","10302.25","10487.5","10858.0","0.0","0.0","0.0","0.0","0.0","0.0","0.0","0.0","0.0","2.0","0.0","0.0","0.0","0.0","4.4","2.0","0.0"
"2026-09-20T12:32:01+0000","egipt|dahab|2026-12-24|2026-12-31|7|Warszawa|2+1","filter_egypt_ny_dec24_2026_7_10_days","egipt","dahab","2026-12-24","2026-12-31","7.0","Warszawa","2+1","95.0","2.0","2.0","10117.0","10191.1","10302.25","10487.5","10858.0","0.0","0.0","0.0","0.0","0.0","0.0","0.0","0.0","0.0","2.0","0.0","0.0","0.0","0.0","4.4","2.0","0.0"
"2026-09-20T16:55:41+0000","egipt|dahab|2026-12-24|2026-12-31|7|Warszawa|2+1","filter_egypt_ny_dec24_2026_7_10_days","egipt","dahab","2026-12-24","2026-12-31","7.0","Warszawa","2+1","95.0","1.0","1.0","10117.0","10117.0","10117.0","10117.0","10117.0","0.0","0.0","0.0","0.0","0.0","0.0","0.0","0.0","-1.0","1.0","0.0","0.0","0.0","0.0","4.3","1.0","0.0"
"2026-09-20T19:36:54+0000","egipt|dahab|2026-12-24|2026-12-31|7|Warszawa|2+1","filter_egypt_ny_dec24_2026_7_10_days","egipt","dahab","2026-12-24","2026-12-31","7.0","Warszawa","2+1","95.0","1.0","1.0","10117.0","10117.0","10117.0","10117.0","10117.0","0.0","0.0","0.0","0.0","0.0","0.0","0.0","0.0","-1.0","1.0","0.0","0.0","0.0","0.0","4.3","1.0","0.0"
"2026-09-20T22:35:49+0000","egipt|dahab|2026-12-24|2026-12-31|7|Warszawa|2+1","filter_egypt_ny_dec24_2026_7_10_days","egipt","dahab","2026-12-24","2026-12-31","7.0","Warszawa","2+1","95.0","1.0","1.0","10117.0","10117.0","10117.0","10117.0","10117.0","0.0","0.0","0.0","0.0","0.0","0.0","0.0","0.0","-1.0","1.0","0.0","0.0","0.0","0.0","4.3","1.0","0.0"
"2026-09-21T01:16:09+0000","egipt|dahab|2026-12-24|2026-12-31|7|Warszawa|2+1","filter_egypt_ny_dec24_2026_7_10_days","egipt","dahab","2026-12-24","2026-12-31","7.0","Warszawa","2+1","94.0","1.0","1.0","10117.0","10117.0","10117.0","10117.0","10117.0","0.0","0.0","0.0","0.0","0.0","0.0","0.0","0.0","-1.0","0.0","0.0","0.0","0.0","0.0","4.3","1.0","0.0"
"2026-09-21T05:24:33+0000","egipt|dahab|2026-12-24|2026-12-31|7|Warszawa|2+1","filter_egypt_ny_dec24_2026_7_10_days","egipt","dahab","2026-12-24","2026-12-31","7.0","Warszawa","2+1","94.0","1.0","1.0","10117.0","10117.0","10117.0","10117.0","10117.0","0.0","0.0","0.0","0.0","0.0","0.0","0.0","0.0","-1.0","0.0","0.0","0.0","0.0","0.0","4.3","1.0","0.0"
"2026-09-21T06:33:57+0000","egipt|dahab|2026-12-24|2026-12-31|7|Warszawa|2+1","filter_egypt_ny_dec24_2026_7_10_days","egipt","dahab","2026-12-24","2026-12-31","7.0","Warszawa","2+1","94.0","1.0","1.0","10117.0","10117.0","10117.0","10117.0","10117.0","0.0","0.0","0.0","0.0","0.0","0.0","0.0","0.0","-1.0","0.0","0.0","0.0","0.0","0.0","4.3","1.0","0.0"
"2026-09-21T14:22:43+0000","egipt|dahab|2026-12-24|2026-12-31|7|Warszawa|2+1","filter_egypt_ny_dec24_2026_7_10_days","egipt","dahab","2026-12-24","2026-12-31","7.0","Warszawa","2+1","94.0","1.0","1.0","10117.0","10117.0","10117.0","10117.0","10117.0","0.0","0.0","0.0","0.0","0.0","0.0","0.0","0.0","-1.0","0.0","0.0","0.0","0.0","0.0","4.3","1.0","0.0"
"2026-09-21T20:05:16+0000","egipt|dahab|2026-12-24|2026-12-31|7|Warszawa|2+1","filter_egypt_ny_dec24_2026_7_10_days","egipt","dahab","2026-12-24","2026-12-31","7.0","Warszawa","2+1","94.0","1.0","1.0","10387.0","10387.0","10387.0","10387.0","10387.0","0.0","0.0","0.0","0.0","0.0","0.0","0.0","0.0","0.0","0.0","0.0","0.0","0.0","0.0","4.3","1.0","0.0"
"2026-09-21T23:25:50+0000","egipt|dahab|2026-12-24|2026-12-31|7|Warszawa|2+1","filter_egypt_ny_dec24_2026_7_10_days","egipt","dahab","2026-12-24","2026-12-31","7.0","Warszawa","2+1","94.0","1.0","1.0","10387.0","10387.0","10387.0","10387.0","10387.0","0.0","0.0","0.0","0.0","0.0","0.0","0.0","0.0","0.0","0.0","0.0","0.0","0.0","0.0","4.3","1.0","0.0"
"2026-09-22T05:11:54+0000","egipt|dahab|2026-12-24|2026-12-31|7|Warszawa|2+1","filter_egypt_ny_dec24_2026_7_10_days","egipt","dahab","2026-12-24","2026-12-31","7.0","Warszawa","2+1","93.0","1.0","1.0","10387.0","10387.0","10387.0","10387.0","10387.0","0.0","0.0","0.0","0.0","0.0","0.0","0.0","0.0","0.0","1.0","0.0","0.0","0.0","0.0","4.3","1.0","0.0"
"2026-09-22T10:08:39+0000","egipt|dahab|2026-12-24|2026-12-31|7|Warszawa|2+1","filter_egypt_ny_dec24_2026_7_10_days","egipt","dahab","2026-12-24","2026-12-31","7.0","Warszawa","2+1","93.0","1.0","1.0","10387.0","10387.0","10387.0","10387.0","10387.0","0.0","0.0","0.0","0.0","0.0","0.0","0.0","0.0","0.0","1.0","0.0","0.0","0.0","0.0","4.3","1.0","0.0"
"2026-09-22T15:05:35+0000","egipt|dahab|2026-12-24|2026-12-31|7|Warszawa|2+1","filter_egypt_ny_dec24_2026_7_10_days","egipt","dahab","2026-12-24","2026-12-31","7.0","Warszawa","2+1","93.0","1.0","1.0","10387.0","10387.0","10387.0","10387.0","10387.0","0.0","0.0","0.0","0.0","0.0","0.0","0.0","0.0","0.0","1.0","0.0","0.0","0.0","0.0","4.3","1.0","0.0"
"2026-09-22T19:03:54+0000","egipt|dahab|2026-12-24|2026-12-31|7|Warszawa|2+1","filter_egypt_ny_dec24_2026_7_10_days","egipt","dahab","2026-12-24","2026-12-31","7.0","Warszawa","2+1","93.0","1.0","1.0","10387.0","10387.0","10387.0","10387.0","10387.0","0.0","0.0","0.0","0.0","0.0","0.0","0.0","0.0","0.0","1.0","0.0","0.0","0.0","0.0","4.3","1.0","0.0"
"2026-09-22T22:22:06+0000","egipt|dahab|2026-12-24|2026-12-31|7|Warszawa|2+1","filter_egypt_ny_dec24_2026_7_10_days","egipt","dahab","2026-12-24","2026-12-31","7.0","Warszawa","2+1","93.0","1.0","1.0","10387.0","10387.0","10387.0","10387.0","10387.0","0.0","0.0","0.0","0.0","0.0","0.0","0.0","0.0","0.0","1.0","0.0","0.0","0.0","0.0","4.3","1.0","0.0"
"2026-09-23T00:48:39+0000","egipt|dahab|2026-12-24|2026-12-31|7|Warszawa|2+1","filter_egypt_ny_dec24_2026_7_10_days","egipt","dahab","2026-12-24","2026-12-31","7.0","Warszawa","2+1","92.0","1.0","1.0","10387.0","10387.0","10387.0","10387.0","10387.0","0.0","0.0","0.0","0.0","0.0","0.0","0.0","0.0","0.0","1.0","0.0","0.0","0.0","0.0","4.3","1.0","0.0"
"2026-09-23T05:24:24+0000","egipt|dahab|2026-12-24|2026-12-31|7|Warszawa|2+1","filter_egypt_ny_dec24_2026_7_10_days","egipt","dahab","2026-12-24","2026-12-31","7.0","Warszawa","2+1","92.0","1.0","1.0","10387.0","10387.0","10387.0","10387.0","10387.0","0.0","0.0","0.0","0.0","0.0","0.0","0.0","0.0","0.0","1.0","0.0","0.0","0.0","0.0","4.3","1.0","0.0"
"2026-09-23T06:08:06+0000","egipt|dahab|2026-12-24|2026-12-31|7|Warszawa|2+1","filter_egypt_ny_dec24_2026_7_10_days","egipt","dahab","2026-12-24","2026-12-31","7.0","Warszawa","2+1","92.0","1.0","1.0","10387.0","10387.0","10387.0","10387.0","10387.0","0.0","0.0","0.0","0.0","0.0","0.0","0.0","0.0","0.0","1.0","0.0","0.0","0.0","0.0","4.3","1.0","0.0"
"2026-09-23T11:53:15+0000","egipt|dahab|2026-12-24|2026-12-31|7|Warszawa|2+1","filter_egypt_ny_dec24_2026_7_10_days","egipt","dahab","2026-12-24","2026-12-31","7.0","Warszawa","2+1","92.0","1.0","1.0","10387.0","10387.0","10387.0","10387.0","10387.0","0.0","0.0","0.0","0.0","0.0","0.0","0.0","0.0","0.0","1.0","0.0","0.0","0.0","0.0","4.3","1.0","0.0"
"2026-09-23T17:16:16+0000","egipt|dahab|2026-12-24|2026-12-31|7|Warszawa|2+1","filter_egypt_ny_dec24_2026_7_10_days","egipt","dahab","2026-12-24","2026-12-31","7.0","Warszawa","2+1","92.0","1.0","1.0","10387.0","10387.0","10387.0","10387.0","10387.0","0.0","0.0","0.0","0.0","0.0","0.0","0.0","0.0","0.0","1.0","0.0","0.0","0.0","0.0","4.3","1.0","0.0"
"2026-09-23T20:33:25+0000","egipt|dahab|2026-12-24|2026-12-31|7|Warszawa|2+1","filter_egypt_ny_dec24_2026_7_10_days","egipt","dahab","2026-12-24","2026-12-31","7.0","Warszawa","2+1","92.0","1.0","1.0","10387.0","10387.0","10387.0","10387.0","10387.0","0.0","0.0","0.0","0.0","0.0","0.0","0.0","0.0","0.0","1.0","0.0","0.0","0.0","0.0","4.3","1.0","0.0"
"2026-09-24T05:05:16+0000","egipt|dahab|2026-12-24|2026-12-31|7|Warszawa|2+1","filter_egypt_ny_dec24_2026_7_10_days","egipt","dahab","2026-12-24","2026-12-31","7.0","Warszawa","2+1","91.0","1.0","1.0","10387.0","10387.0","10387.0","10387.0","10387.0","0.0","0.0","0.0","0.0","0.0","0.0","0.0","0.0","0.0","1.0","0.0","0.0","0.0","0.0","4.3","1.0","0.0"
"2026-09-24T10:13:08+0000","egipt|dahab|2026-12-24|2026-12-31|7|Warszawa|2+1","filter_egypt_ny_dec24_2026_7_10_days","egipt","dahab","2026-12-24","2026-12-31","7.0","Warszawa","2+1","91.0","1.0","1.0","10387.0","10387.0","10387.0","10387.0","10387.0","0.0","0.0","0.0","0.0","0.0","0.0","0.0","0.0","0.0","1.0","0.0","0.0","0.0","0.0","4.3","1.0","0.0"
"2026-09-24T15:18:16+0000","egipt|dahab|2026-12-24|2026-12-31|7|Warszawa|2+1","filter_egypt_ny_dec24_2026_7_10_days","egipt","dahab","2026-12-24","2026-12-31","7.0","Warszawa","2+1","91.0","1.0","1.0","10387.0","10387.0","10387.0","10387.0","10387.0","0.0","0.0","0.0","0.0","0.0","0.0","0.0","0.0","0.0","1.0","0.0","0.0","0.0","0.0","4.3","1.0","0.0"
"2026-09-24T19:22:15+0000","egipt|dahab|2026-12-24|2026-12-31|7|Warszawa|2+1","filter_egypt_ny_dec24_2026_7_10_days","egipt","dahab","2026-12-24","2026-12-31","7.0","Warszawa","2+1","91.0","1.0","1.0","10387.0","10387.0","10387.0","10387.0","10387.0","0.0","0.0","0.0","0.0","0.0","0.0","0.0","0.0","0.0","1.0","0.0","0.0","0.0","0.0","4.3","1.0","0.0"
"2026-09-24T23:19:05+0000","egipt|dahab|2026-12-24|2026-12-31|7|Warszawa|2+1","filter_egypt_ny_dec24_2026_7_10_days","egipt","dahab","2026-12-24","2026-12-31","7.0","Warszawa","2+1","91.0","1.0","1.0","10387.0","10387.0","10387.0","10387.0","10387.0","0.0","0.0","0.0","0.0","0.0","0.0","0.0","0.0","0.0","1.0","0.0","0.0","0.0","0.0","4.3","1.0","0.0"
"2026-08-26T08:30:22+0000","egipt|hurghada|2026-12-24|2026-12-31|7|Warszawa - Modlin|2+1","filter_egypt_ny_dec24_2026_7_10_days","egipt","hurghada","2026-12-24","2026-12-31","7.0","Warszawa - Modlin","2+1","120.0","5.0","5.0","8647.0","8711.0","8807.0","9399.0","10177.0","4.0","0.0","0.0","0.0","0.0","0.0","0.0","0.0","0.0","0.0","0.0","0.0","0.0","0.0","4.5","3.0","0.0"
"2026-08-26T09:34:42+0000","egipt|hurghada|2026-12-24|2026-12-31|7|Warszawa - Modlin|2+1","filter_egypt_ny_dec24_2026_7_10_days","egipt","hurghada","2026-12-24","2026-12-31","7.0","Warszawa - Modlin","2+1","120.0","6.0","6.0","7669.0","8158.0","8656.5","8863.5","9880.0","6.0","1.0","0.0","0.0","0.0","0.0","0.0","0.0","0.0","0.0","56.0","-3.64","0.0","0.0","4.45","4.0","0.0"
"2026-08-26T10:27:42+0000","egipt|hurghada|2026-12-24|2026-12-31|7|Warszawa - Modlin|2+1","filter_egypt_ny_dec24_2026_7_10_days","egipt","hurghada","2026-12-24","2026-12-31","7.0","Warszawa - Modlin","2+1","120.0","5.0","5.0","8647.0","8711.0","8807.0","9399.0","10177.0","4.0","0.0","0.0","0.0","0.0","0.0","0.0","0.0","0.0","0.0","54.0","1.79","0.0","0.0","4.5","3.0","0.0"
"2026-08-26T10:58:13+0000","egipt|hurghada|2026-12-24|2026-12-31|7|Warszawa - Modlin|2+1","filter_egypt_ny_dec24_2026_7_10_days","egipt","hurghada","2026-12-24","2026-12-31","7.0","Warszawa - Modlin","2+1","120.0","5.0","5.0","7979.0","8246.2","8647.0","8807.0","10177.0","4.0","1.0","0.0","0.0","0.0","0.0","0.0","0.0","0.0","0.0","56.0","-1.06","0.0","0.0","4.5","3.0","0.0"
"2026-08-26T11:23:14+0000","egipt|hurghada|2026-12-24|2026-12-31|7|Warszawa - Modlin|2+1","filter_egypt_ny_dec24_2026_7_10_days","egipt","hurghada","2026-12-24","2026-12-31","7.0","Warszawa - Modlin","2+1","120.0","5.0","5.0","7939.0","8222.2","8647.0","8807.0","10177.0","4.0","1.0","0.0","0.0","0.0","0.0","0.0","0.0","0.0","0.0","59.0","-0.99","0.0","1.0","4.5","3.0","0.0"
"2026-08-26T12:33:22+0000","egipt|hurghada|2026-12-24|2026-12-31|7|Warszawa - Modlin|2+1","filter_egypt_ny_dec24_2026_7_10_days","egipt","hurghada","2026-12-24","2026-12-31","7.0","Warszawa - Modlin","2+1","120.0","5.0","5.0","8647.0","8711.0","8807.0","9359.0","10177.0","4.0","0.0","0.0","0.0","0.0","0.0","0.0","0.0","0.0","0.0","57.0","1.96","0.0","0.0","4.5","3.0","0.0"
"2026-08-26T13:48:44+0000","egipt|hurghada|2026-12-24|2026-12-31|7|Warszawa - Modlin|2+1","filter_egypt_ny_dec24_2026_7_10_days","egipt","hurghada","2026-12-24","2026-12-31","7.0","Warszawa - Modlin","2+1","120.0","5.0","5.0","7559.0","8090.2","8887.0","8999.0","10177.0","4.0","1.0","0.0","0.0","0.0","0.0","0.0","0.0","0.0","0.0","57.0","-1.01","0.0","1.0","4.5","3.0","0.0"
"2026-08-26T14:38:03+0000","egipt|hurghada|2026-12-24|2026-12-31|7|Warszawa - Modlin|2+1","filter_egypt_ny_dec24_2026_7_10_days","egipt","hurghada","2026-12-24","2026-12-31","7.0","Warszawa - Modlin","2+1","120.0","5.0","5.0","8887.0","8915.8","8959.0","9359.0","10177.0","4.0","0.0","0.0","0.0","0.0","0.0","0.0","0.0","0.0","0.0","55.0","2.56","0.0","0.0","4.5","3.0","0.0"
"2026-08-26T16:13:30+0000","egipt|hurghada|2026-12-24|2026-12-31|7|Warszawa - Modlin|2+1","filter_egypt_ny_dec24_2026_7_10_days","egipt","hurghada","2026-12-24","2026-12-31","7.0","Warszawa - Modlin","2+1","120.0","4.0","4.0","8887.0","8908.6","8941.0","9159.0","10177.0","3.0","0.0","0.0","0.0","0.0","0.0","0.0","0.0","0.0","0.0","54.0","2.54","0.0","0.0","4.65","2.0","0.0"
"2026-08-26T18:53:07+0000","egipt|hurghada|2026-12-24|2026-12-31|7|Warszawa - Modlin|2+1","filter_egypt_ny_dec24_2026_7_10_days","egipt","hurghada","2026-12-24","2026-12-31","7.0","Warszawa - Modlin","2+1","120.0","5.0","5.0","8887.0","8959.0","9067.0","9519.0","10377.0","3.0","0.0","0.0","0.0","0.0","0.0","0.0","0.0","0.0","0.0","50.0","2.43","0.0","0.0","4.5","3.0","0.0"
"2026-08-26T21:31:23+0000","egipt|hurghada|2026-12-24|2026-12-31|7|Warszawa - Modlin|2+1","filter_egypt_ny_dec24_2026_7_10_days","egipt","hurghada","2026-12-24","2026-12-31","7.0","Warszawa - Modlin","2+1","120.0","5.0","5.0","8887.0","8959.0","9067.0","9670.0","10377.0","3.0","0.0","0.0","0.0","0.0","0.0","0.0","0.0","0.0","5.0","50.0","2.62","0.0","0.0","4.5","3.0","0.0"
"2026-08-27T02:27:44+0000","egipt|hurghada|2026-12-24|2026-12-31|7|Warszawa - Modlin|2+1","filter_egypt_ny_dec24_2026_7_10_days","egipt","hurghada","2026-12-24","2026-12-31","7.0","Warszawa - Modlin","2+1","119.0","5.0","5.0","8887.0","8959.0","9067.0","9670.0","10377.0","3.0","0.0","0.0","0.0","0.0","0.0","0.0","0.0","0.0","5.0","53.0","2.05","0.0","0.0","4.5","3.0","0.0"
"2026-08-27T10:16:43+0000","egipt|hurghada|2026-12-24|2026-12-31|7|Warszawa - Modlin|2+1","filter_egypt_ny_dec24_2026_7_10_days","egipt","hurghada","2026-12-24","2026-12-31","7.0","Warszawa - Modlin","2+1","119.0","5.0","5.0","8887.0","8959.0","9067.0","9670.0","10377.0","3.0","0.0","0.0","0.0","0.0","0.0","0.0","0.0","0.0","5.0","57.0","1.44","0.0","0.0","4.5","3.0","0.0"
"2026-08-27T13:06:18+0000","egipt|hurghada|2026-12-24|2026-12-31|7|Warszawa - Modlin|2+1","filter_egypt_ny_dec24_2026_7_10_days","egipt","hurghada","2026-12-24","2026-12-31","7.0","Warszawa - Modlin","2+1","119.0","5.0","5.0","8887.0","8937.4","9013.0","9439.0","10377.0","4.0","0.0","0.0","0.0","0.0","0.0","0.0","0.0","0.0","5.0","59.0","0.28","0.0","0.0","4.5","3.0","0.0"
"2026-08-27T13:22:52+0000","egipt|hurghada|2026-12-24|2026-12-31|7|Warszawa - Modlin|2+1","filter_egypt_ny_dec24_2026_7_10_days","egipt","hurghada","2026-12-24","2026-12-31","7.0","Warszawa - Modlin","2+1","119.0","5.0","5.0","8887.0","8937.4","9013.0","9439.0","10377.0","4.0","0.0","0.0","0.0","0.0","0.0","0.0","0.0","0.0","5.0","59.0","0.27","0.0","0.0","4.5","3.0","0.0"
"2026-08-27T15:41:38+0000","egipt|hurghada|2026-12-24|2026-12-31|7|Warszawa - Modlin|2+1","filter_egypt_ny_dec24_2026_7_10_days","egipt","hurghada","2026-12-24","2026-12-31","7.0","Warszawa - Modlin","2+1","119.0","5.0","5.0","8887.0","8897.4","8913.0","9339.0","10377.0","4.0","0.0","0.0","0.0","0.0","0.0","0.0","0.0","1.0","4.0","67.0","-0.34","0.0","3.0","4.5","3.0","0.0"
"2026-08-27T23:24:49+0000","egipt|hurghada|2026-12-24|2026-12-31|7|Warszawa - Modlin|2+1","filter_egypt_ny_dec24_2026_7_10_days","egipt","hurghada","2026-12-24","2026-12-31","7.0","Warszawa - Modlin","2+1","119.0","5.0","5.0","8887.0","8897.4","8913.0","9339.0","10127.0","4.0","0.0","0.0","0.0","0.0","0.0","0.0","0.0","0.0","5.0","71.0","-0.68","0.0","4.0","4.5","3.0","0.0"
"2026-08-28T05:44:15+0000","egipt|hurghada|2026-12-24|2026-12-31|7|Warszawa - Modlin|2+1","filter_egypt_ny_dec24_2026_7_10_days","egipt","hurghada","2026-12-24","2026-12-31","7.0","Warszawa - Modlin","2+1","118.0","5.0","5.0","8887.0","8897.4","8913.0","9339.0","10127.0","4.0","0.0","0.0","0.0","0.0","0.0","0.0","0.0","0.0","5.0","72.0","-0.62","0.0","4.0","4.5","3.0","0.0"
"2026-08-28T06:04:41+0000","egipt|hurghada|2026-12-24|2026-12-31|7|Warszawa - Modlin|2+1","filter_egypt_ny_dec24_2026_7_10_days","egipt","hurghada","2026-12-24","2026-12-31","7.0","Warszawa - Modlin","2+1","118.0","5.0","5.0","7939.0","8142.6","8448.0","8887.0","10127.0","4.0","1.0","0.0","0.0","0.0","0.0","0.0","0.0","0.0","5.0","78.0","-6.36","2.0","3.0","4.5","3.0","0.0"
"2026-08-28T07:53:00+0000","egipt|hurghada|2026-12-24|2026-12-31|7|Warszawa - Modlin|2+1","filter_egypt_ny_dec24_2026_7_10_days","egipt","hurghada","2026-12-24","2026-12-31","7.0","Warszawa - Modlin","2+1","118.0","5.0","5.0","7939.0","8142.6","8448.0","8887.0","10127.0","4.0","1.0","0.0","0.0","0.0","0.0","0.0","0.0","0.0","5.0","79.0","-6.04","3.0","2.0","4.5","3.0","0.0"
"2026-08-28T08:10:48+0000","egipt|hurghada|2026-12-24|2026-12-31|7|Warszawa - Modlin|2+1","filter_egypt_ny_dec24_2026_7_10_days","egipt","hurghada","2026-12-24","2026-12-31","7.0","Warszawa - Modlin","2+1","118.0","5.0","5.0","7939.0","8142.6","8448.0","8887.0","10127.0","4.0","1.0","0.0","0.0","0.0","0.0","0.0","0.0","0.0","5.0","79.0","-6.01","3.0","2.0","4.5","3.0","0.0"
"2026-08-28T19:50:00+0000","egipt|hurghada|2026-12-24|2026-12-31|7|Warszawa - Modlin|2+1","filter_egypt_ny_dec24_2026_7_10_days","egipt","hurghada","2026-12-24","2026-12-31","7.0","Warszawa - Modlin","2+1","118.0","6.0","6.0","8753.0","8820.0","8955.0","9268.0","10027.0","5.0","0.0","0.0","0.0","0.0","0.0","0.0","0.0","1.0","5.0","73.0","-1.15","1.0","5.0","4.5","4.0","0.0"
"2026-08-29T02:39:15+0000","egipt|hurghada|2026-12-24|2026-12-31|7|Warszawa - Modlin|2+1","filter_egypt_ny_dec24_2026_7_10_days","egipt","hurghada","2026-12-24","2026-12-31","7.0","Warszawa - Modlin","2+1","117.0","6.0","6.0","8061.0","8427.0","8816.5","9061.5","10027.0","5.0","0.0","0.0","0.0","0.0","0.0","0.0","0.0","1.0","5.0","71.0","-2.94","2.0","2.0","4.5","4.0","0.0"
"2026-08-29T06:51:20+0000","egipt|hurghada|2026-12-24|2026-12-31|7|Warszawa - Modlin|2+1","filter_egypt_ny_dec24_2026_7_10_days","egipt","hurghada","2026-12-24","2026-12-31","7.0","Warszawa - Modlin","2+1","117.0","6.0","6.0","7876.0","7968.5","8142.5","8590.0","10027.0","5.0","1.0","0.0","0.0","0.0","0.0","0.0","0.0","1.0","5.0","80.0","-7.41","4.0","1.0","4.5","4.0","0.0"
"2026-08-29T09:12:03+0000","egipt|hurghada|2026-12-24|2026-12-31|7|Warszawa - Modlin|2+1","filter_egypt_ny_dec24_2026_7_10_days","egipt","hurghada","2026-12-24","2026-12-31","7.0","Warszawa - Modlin","2+1","117.0","6.0","6.0","7876.0","8131.5","8488.5","8840.0","10027.0","5.0","1.0","0.0","0.0","0.0","0.0","0.0","0.0","1.0","5.0","77.0","-4.93","3.0","2.0","4.5","4.0","0.0"
"2026-08-29T09:30:53+0000","egipt|hurghada|2026-12-24|2026-12-31|7|Warszawa - Modlin|2+1","filter_egypt_ny_dec24_2026_7_10_days","egipt","hurghada","2026-12-24","2026-12-31","7.0","Warszawa - Modlin","2+1","117.0","6.0","6.0","7836.0","8031.5","8257.0","8351.0","9681.0","6.0","1.0","0.0","0.0","0.0","0.0","0.0","0.0","1.0","5.0","80.0","-7.52","3.0","2.0","4.5","4.0","0.0"
"2026-08-29T12:09:36+0000","egipt|hurghada|2026-12-24|2026-12-31|7|Warszawa - Modlin|2+1","filter_egypt_ny_dec24_2026_7_10_days","egipt","hurghada","2026-12-24","2026-12-31","7.0","Warszawa - Modlin","2+1","117.0","7.0","7.0","8647.0","8710.6","8974.5","9431.0","10903.0","5.0","0.0","0.0","0.0","0.0","0.0","0.0","0.0","2.0","5.0","63.0","-0.59","0.0","4.0","4.5","5.0","0.0"
"2026-08-29T14:39:09+0000","egipt|hurghada|2026-12-24|2026-12-31|7|Warszawa - Modlin|2+1","filter_egypt_ny_dec24_2026_7_10_days","egipt","hurghada","2026-12-24","2026-12-31","7.0","Warszawa - Modlin","2+1","117.0","7.0","7.0","8647.0","8755.0","9061.5","9431.0","10903.0","5.0","0.0","0.0","0.0","0.0","0.0","0.0","0.0","1.0","6.0","60.0","-0.19","0.0","3.0","4.5","5.0","0.0"
"2026-08-29T18:41:43+0000","egipt|hurghada|2026-12-24|2026-12-31|7|Warszawa - Modlin|2+1","filter_egypt_ny_dec24_2026_7_10_days","egipt","hurghada","2026-12-24","2026-12-31","7.0","Warszawa - Modlin","2+1","117.0","6.0","6.0","8887.0","8977.0","9130.25","9375.5","10903.0","4.0","0.0","0.0","0.0","0.0","0.0","0.0","0.0","0.0","5.0","60.0","0.65","1.0","1.0","4.5","4.0","0.0"
"2026-08-29T21:52:29+0000","egipt|hurghada|2026-12-24|2026-12-31|7|Warszawa - Modlin|2+1","filter_egypt_ny_dec24_2026_7_10_days","egipt","hurghada","2026-12-24","2026-12-31","7.0","Warszawa - Modlin","2+1","117.0","7.0","7.0","8887.0","8995.0","9193.5","9431.0","10903.0","5.0","0.0","0.0","0.0","0.0","0.0","0.0","0.0","1.0","6.0","60.0","0.6","1.0","1.0","4.5","5.0","0.0"
"2026-08-30T00:29:41+0000","egipt|hurghada|2026-12-24|2026-12-31|7|Warszawa - Modlin|2+1","filter_egypt_ny_dec24_2026_7_10_days","egipt","hurghada","2026-12-24","2026-12-31","7.0","Warszawa - Modlin","2+1","116.0","7.0","7.0","7713.0","7978.8","8351.5","8667.0","10903.0","6.0","1.0","0.0","0.0","0.0","0.0","0.0","0.0","1.0","6.0","76.0","-5.65","3.0","3.0","4.5","5.0","0.0"
"2026-08-30T06:46:13+0000","egipt|hurghada|2026-12-24|2026-12-31|7|Warszawa - Modlin|2+1","filter_egypt_ny_dec24_2026_7_10_days","egipt","hurghada","2026-12-24","2026-12-31","7.0","Warszawa - Modlin","2+1","116.0","7.0","7.0","7713.0","7978.8","8351.5","8667.0","10903.0","6.0","1.0","0.0","0.0","0.0","0.0","0.0","0.0","1.0","6.0","76.0","-5.29","3.0","3.0","4.5","5.0","0.0"
"2026-08-30T06:59:08+0000","egipt|hurghada|2026-12-24|2026-12-31|7|Warszawa - Modlin|2+1","filter_egypt_ny_dec24_2026_7_10_days","egipt","hurghada","2026-12-24","2026-12-31","7.0","Warszawa - Modlin","2+1","116.0","7.0","7.0","7713.0","7978.8","8351.5","8667.0","10903.0","6.0","1.0","0.0","0.0","0.0","0.0","0.0","0.0","1.0","6.0","76.0","-5.28","3.0","3.0","4.5","5.0","0.0"
"2026-08-30T11:49:50+0000","egipt|hurghada|2026-12-24|2026-12-31|7|Warszawa - Modlin|2+1","filter_egypt_ny_dec24_2026_7_10_days","egipt","hurghada","2026-12-24","2026-12-31","7.0","Warszawa - Modlin","2+1","116.0","4.0","4.0","8887.0","8941.0","9022.0","9291.5","10377.0","3.0","0.0","0.0","0.0","0.0","0.0","0.0","0.0","-3.0","4.0","48.0","2.98","0.0","0.0","4.65","2.0","0.0"
"2026-08-30T13:02:40+0000","egipt|hurghada|2026-12-24|2026-12-31|7|Warszawa - Modlin|2+1","filter_egypt_ny_dec24_2026_7_10_days","egipt","hurghada","2026-12-24","2026-12-31","7.0","Warszawa - Modlin","2+1","116.0","5.0","5.0","8887.0","8959.0","9067.0","9516.0","10377.0","3.0","0.0","0.0","0.0","0.0","0.0","0.0","0.0","-2.0","5.0","47.0","3.36","0.0","0.0","4.5","3.0","0.0"
"2026-08-30T15:01:50+0000","egipt|hurghada|2026-12-24|2026-12-31|7|Warszawa - Modlin|2+1","filter_egypt_ny_dec24_2026_7_10_days","egipt","hurghada","2026-12-24","2026-12-31","7.0","Warszawa - Modlin","2+1","116.0","5.0","5.0","8887.0","8959.0","9067.0","9620.0","10377.0","3.0","0.0","0.0","0.0","0.0","0.0","0.0","0.0","-2.0","5.0","54.0","3.51","0.0","1.0","4.5","3.0","0.0"
"2026-08-30T17:39:15+0000","egipt|hurghada|2026-12-24|2026-12-31|7|Warszawa - Modlin|2+1","filter_egypt_ny_dec24_2026_7_10_days","egipt","hurghada","2026-12-24","2026-12-31","7.0","Warszawa - Modlin","2+1","116.0","5.0","5.0","8887.0","8959.0","9067.0","9620.0","10377.0","3.0","0.0","0.0","0.0","0.0","0.0","0.0","0.0","-1.0","4.0","56.0","3.4","0.0","1.0","4.5","3.0","0.0"
"2026-08-30T23:39:58+0000","egipt|hurghada|2026-12-24|2026-12-31|7|Warszawa - Modlin|2+1","filter_egypt_ny_dec24_2026_7_10_days","egipt","hurghada","2026-12-24","2026-12-31","7.0","Warszawa - Modlin","2+1","116.0","5.0","5.0","8887.0","8959.0","9067.0","9516.0","10377.0","3.0","0.0","0.0","0.0","0.0","0.0","0.0","0.0","-2.0","4.0","57.0","3.13","0.0","1.0","4.5","3.0","0.0"
"2026-08-31T05:42:39+0000","egipt|hurghada|2026-12-24|2026-12-31|7|Warszawa - Modlin|2+1","filter_egypt_ny_dec24_2026_7_10_days","egipt","hurghada","2026-12-24","2026-12-31","7.0","Warszawa - Modlin","2+1","115.0","5.0","5.0","8156.0","8312.4","8547.0","8667.0","9807.0","5.0","0.0","0.0","0.0","0.0","0.0","0.0","0.0","-2.0","0.0","0.0","0.0","0.0","0.0","4.5","3.0","0.0"
"2026-08-31T06:00:23+0000","egipt|hurghada|2026-12-24|2026-12-31|7|Warszawa - Modlin|2+1","filter_egypt_ny_dec24_2026_7_10_days","egipt","hurghada","2026-12-24","2026-12-31","7.0","Warszawa - Modlin","2+1","115.0","5.0","5.0","8156.0","8312.4","8547.0","8667.0","9807.0","5.0","0.0","0.0","0.0","0.0","0.0","0.0","0.0","-2.0","0.0","0.0","0.0","0.0","0.0","4.5","3.0","0.0"
"2026-08-31T07:49:17+0000","egipt|hurghada|2026-12-24|2026-12-31|7|Warszawa - Modlin|2+1","filter_egypt_ny_dec24_2026_7_10_days","egipt","hurghada","2026-12-24","2026-12-31","7.0","Warszawa - Modlin","2+1","115.0","5.0","5.0","8156.0","8312.4","8547.0","8667.0","9807.0","5.0","0.0","0.0","0.0","0.0","0.0","0.0","0.0","-2.0","0.0","56.0","0.0","0.0","0.0","4.5","3.0","0.0"
"2026-08-31T13:12:09+0000","egipt|hurghada|2026-12-24|2026-12-31|7|Warszawa - Modlin|2+1","filter_egypt_ny_dec24_2026_7_10_days","egipt","hurghada","2026-12-24","2026-12-31","7.0","Warszawa - Modlin","2+1","115.0","3.0","3.0","8887.0","8923.0","8977.0","9067.0","10327.0","2.0","0.0","0.0","0.0","0.0","0.0","0.0","0.0","-2.0","0.0","52.0","1.77","0.0","0.0","4.5","1.0","0.0"
"2026-08-31T14:08:33+0000","egipt|hurghada|2026-12-24|2026-12-31|7|Warszawa - Modlin|2+1","filter_egypt_ny_dec24_2026_7_10_days","egipt","hurghada","2026-12-24","2026-12-31","7.0","Warszawa - Modlin","2+1","115.0","3.0","3.0","8887.0","8923.0","8977.0","9067.0","10327.0","2.0","0.0","0.0","0.0","0.0","0.0","0.0","0.0","-2.0","0.0","53.0","2.23","0.0","0.0","4.5","1.0","0.0"
"2026-08-31T15:54:27+0000","egipt|hurghada|2026-12-24|2026-12-31|7|Warszawa - Modlin|2+1","filter_egypt_ny_dec24_2026_7_10_days","egipt","hurghada","2026-12-24","2026-12-31","7.0","Warszawa - Modlin","2+1","115.0","4.0","4.0","8887.0","8935.0","9007.0","9613.5","10535.0","2.0","0.0","0.0","0.0","0.0","0.0","0.0","0.0","-1.0","0.0","52.0","4.92","0.0","0.0","4.45","2.0","0.0"
"2026-08-31T20:15:42+0000","egipt|hurghada|2026-12-24|2026-12-31|7|Warszawa - Modlin|2+1","filter_egypt_ny_dec24_2026_7_10_days","egipt","hurghada","2026-12-24","2026-12-31","7.0","Warszawa - Modlin","2+1","115.0","3.0","3.0","8867.0","8903.0","8957.0","9047.0","10327.0","2.0","0.0","0.0","0.0","0.0","0.0","0.0","0.0","-2.0","0.0","55.0","0.93","0.0","0.0","4.5","1.0","0.0"
"2026-08-31T23:59:15+0000","egipt|hurghada|2026-12-24|2026-12-31|7|Warszawa - Modlin|2+1","filter_egypt_ny_dec24_2026_7_10_days","egipt","hurghada","2026-12-24","2026-12-31","7.0","Warszawa - Modlin","2+1","115.0","5.0","5.0","7996.0","8152.4","8387.0","8507.0","9647.0","5.0","1.0","0.0","0.0","0.0","0.0","0.0","0.0","0.0","0.0","64.0","-4.75","0.0","3.0","4.5","3.0","0.0"
"2026-09-01T05:01:32+0000","egipt|hurghada|2026-12-24|2026-12-31|7|Warszawa - Modlin|2+1","filter_egypt_ny_dec24_2026_7_10_days","egipt","hurghada","2026-12-24","2026-12-31","7.0","Warszawa - Modlin","2+1","114.0","4.0","4.0","8867.0","8898.8","8946.5","9296.5","10327.0","3.0","0.0","0.0","0.0","0.0","0.0","0.0","0.0","-1.0","4.0","53.0","3.04","0.0","0.0","4.65","2.0","0.0"
"2026-09-01T05:23:27+0000","egipt|hurghada|2026-12-24|2026-12-31|7|Warszawa - Modlin|2+1","filter_egypt_ny_dec24_2026_7_10_days","egipt","hurghada","2026-12-24","2026-12-31","7.0","Warszawa - Modlin","2+1","114.0","4.0","4.0","8867.0","8898.8","8946.5","9296.5","10327.0","3.0","0.0","0.0","0.0","0.0","0.0","0.0","0.0","-1.0","4.0","54.0","3.22","0.0","0.0","4.65","2.0","0.0"
"2026-09-01T11:50:39+0000","egipt|hurghada|2026-12-24|2026-12-31|7|Warszawa - Modlin|2+1","filter_egypt_ny_dec24_2026_7_10_days","egipt","hurghada","2026-12-24","2026-12-31","7.0","Warszawa - Modlin","2+1","114.0","6.0","6.0","8798.0","8832.5","8878.5","9390.0","10248.0","4.0","0.0","0.0","0.0","0.0","0.0","0.0","0.0","3.0","3.0","57.0","2.0","0.0","1.0","4.5","4.0","0.0"
"2026-09-01T14:11:33+0000","egipt|hurghada|2026-12-24|2026-12-31|7|Warszawa - Modlin|2+1","filter_egypt_ny_dec24_2026_7_10_days","egipt","hurghada","2026-12-24","2026-12-31","7.0","Warszawa - Modlin","2+1","114.0","5.0","5.0","8798.0","8897.6","9047.0","9867.0","10248.0","3.0","0.0","0.0","0.0","0.0","0.0","0.0","0.0","2.0","2.0","55.0","2.38","0.0","1.0","4.5","4.0","0.0"
"2026-09-01T16:49:47+0000","egipt|hurghada|2026-12-24|2026-12-31|7|Warszawa - Modlin|2+1","filter_egypt_ny_dec24_2026_7_10_days","egipt","hurghada","2026-12-24","2026-12-31","7.0","Warszawa - Modlin","2+1","114.0","4.0","4.0","8798.0","8850.5","8929.25","9426.5","10127.0","3.0","0.0","0.0","0.0","0.0","0.0","0.0","0.0","0.0","3.0","60.0","-0.27","0.0","1.0","4.5","3.0","0.0"
"2026-09-01T22:43:06+0000","egipt|hurghada|2026-12-24|2026-12-31|7|Warszawa - Modlin|2+1","filter_egypt_ny_dec24_2026_7_10_days","egipt","hurghada","2026-12-24","2026-12-31","7.0","Warszawa - Modlin","2+1","114.0","5.0","5.0","8798.0","8825.6","8867.0","8973.0","10127.0","4.0","0.0","0.0","0.0","0.0","0.0","0.0","0.0","0.0","4.0","61.0","-0.37","0.0","2.0","4.5","3.0","0.0"
"2026-09-02T01:08:53+0000","egipt|hurghada|2026-12-24|2026-12-31|7|Warszawa - Modlin|2+1","filter_egypt_ny_dec24_2026_7_10_days","egipt","hurghada","2026-12-24","2026-12-31","7.0","Warszawa - Modlin","2+1","113.0","8.0","8.0","7173.0","7756.8","8097.0","9032.5","10789.0","5.0","1.0","0.0","0.0","0.0","0.0","0.0","0.0","3.0","4.0","76.0","-9.71","0.0","6.0","4.5","6.0","0.0"
"2026-09-02T05:21:35+0000","egipt|hurghada|2026-12-24|2026-12-31|7|Warszawa - Modlin|2+1","filter_egypt_ny_dec24_2026_7_10_days","egipt","hurghada","2026-12-24","2026-12-31","7.0","Warszawa - Modlin","2+1","113.0","6.0","6.0","8798.0","8842.5","8932.0","9357.0","9880.0","6.0","0.0","0.0","0.0","0.0","0.0","0.0","0.0","2.0","4.0","56.0","0.79","0.0","2.0","4.5","4.0","0.0"
"2026-09-02T05:58:37+0000","egipt|hurghada|2026-12-24|2026-12-31|7|Warszawa - Modlin|2+1","filter_egypt_ny_dec24_2026_7_10_days","egipt","hurghada","2026-12-24","2026-12-31","7.0","Warszawa - Modlin","2+1","113.0","6.0","6.0","8798.0","8842.5","8932.0","9357.0","9880.0","6.0","0.0","0.0","0.0","0.0","0.0","0.0","0.0","2.0","4.0","58.0","1.06","0.0","2.0","4.5","4.0","0.0"
"2026-09-02T08:41:57+0000","egipt|hurghada|2026-12-24|2026-12-31|7|Warszawa - Modlin|2+1","filter_egypt_ny_dec24_2026_7_10_days","egipt","hurghada","2026-12-24","2026-12-31","7.0","Warszawa - Modlin","2+1","113.0","6.0","6.0","8798.0","8842.5","8932.0","9357.0","9880.0","6.0","0.0","0.0","0.0","0.0","0.0","0.0","0.0","0.0","6.0","62.0","1.05","0.0","2.0","4.5","4.0","0.0"
"2026-09-02T11:32:16+0000","egipt|hurghada|2026-12-24|2026-12-31|7|Warszawa - Modlin|2+1","filter_egypt_ny_dec24_2026_7_10_days","egipt","hurghada","2026-12-24","2026-12-31","7.0","Warszawa - Modlin","2+1","113.0","6.0","6.0","8647.0","8722.5","8800.25","9343.5","10990.0","4.0","0.0","0.0","0.0","0.0","0.0","0.0","0.0","0.0","5.0","63.0","-0.2","1.0","1.0","4.5","4.0","0.0"
"2026-09-02T16:22:40+0000","egipt|hurghada|2026-12-24|2026-12-31|7|Warszawa - Modlin|2+1","filter_egypt_ny_dec24_2026_7_10_days","egipt","hurghada","2026-12-24","2026-12-31","7.0","Warszawa - Modlin","2+1","113.0","6.0","6.0","8647.0","8722.5","8800.25","9111.5","10127.0","5.0","0.0","0.0","0.0","0.0","0.0","0.0","0.0","2.0","4.0","63.0","0.05","1.0","1.0","4.5","4.0","0.0"
"2026-09-02T16:45:09+0000","egipt|hurghada|2026-12-24|2026-12-31|7|Warszawa - Modlin|2+1","filter_egypt_ny_dec24_2026_7_10_days","egipt","hurghada","2026-12-24","2026-12-31","7.0","Warszawa - Modlin","2+1","113.0","6.0","6.0","8647.0","8722.5","8800.25","9111.5","10127.0","5.0","0.0","0.0","0.0","0.0","0.0","0.0","0.0","2.0","4.0","64.0","0.1","1.0","1.0","4.5","4.0","0.0"
"2026-09-02T19:56:13+0000","egipt|hurghada|2026-12-24|2026-12-31|7|Warszawa - Modlin|2+1","filter_egypt_ny_dec24_2026_7_10_days","egipt","hurghada","2026-12-24","2026-12-31","7.0","Warszawa - Modlin","2+1","113.0","9.0","9.0","7616.0","8024.8","8165.0","8798.0","10789.0","6.0","1.0","0.0","0.0","0.0","0.0","0.0","0.0","4.0","5.0","75.0","-5.87","4.0","2.0","4.5","7.0","0.0"
"2026-09-02T22:47:02+0000","egipt|hurghada|2026-12-24|2026-12-31|7|Warszawa - Modlin|2+1","filter_egypt_ny_dec24_2026_7_10_days","egipt","hurghada","2026-12-24","2026-12-31","7.0","Warszawa - Modlin","2+1","113.0","6.0","6.0","8647.0","8722.5","8800.25","9111.5","10127.0","5.0","0.0","0.0","0.0","0.0","0.0","0.0","0.0","1.0","5.0","58.0","0.49","1.0","1.0","4.5","4.0","0.0"
"2026-09-03T01:14:58+0000","egipt|hurghada|2026-12-24|2026-12-31|7|Warszawa - Modlin|2+1","filter_egypt_ny_dec24_2026_7_10_days","egipt","hurghada","2026-12-24","2026-12-31","7.0","Warszawa - Modlin","2+1","112.0","9.0","9.0","7195.0","7531.8","8035.0","8798.0","10789.0","6.0","2.0","7173.0","7769.0","9032.5","0.31","0.21","0.0","1.0","8.0","77.0","-7.64","6.0","1.0","4.5","7.0","0.0"
"2026-09-03T05:09:24+0000","egipt|hurghada|2026-12-24|2026-12-31|7|Warszawa - Modlin|2+1","filter_egypt_ny_dec24_2026_7_10_days","egipt","hurghada","2026-12-24","2026-12-31","7.0","Warszawa - Modlin","2+1","112.0","7.0","7.0","7575.0","7827.6","8205.5","8507.0","10553.0","6.0","2.0","0.0","0.0","0.0","0.0","0.0","0.0","1.0","6.0","66.0","-5.86","1.0","4.0","4.5","5.0","0.0"
"2026-09-03T05:58:14+0000","egipt|hurghada|2026-12-24|2026-12-31|7|Warszawa - Modlin|2+1","filter_egypt_ny_dec24_2026_7_10_days","egipt","hurghada","2026-12-24","2026-12-31","7.0","Warszawa - Modlin","2+1","112.0","7.0","7.0","7575.0","7827.6","8205.5","8507.0","10553.0","6.0","2.0","0.0","0.0","0.0","0.0","0.0","0.0","1.0","6.0","68.0","-5.87","1.0","4.0","4.5","5.0","0.0"
"2026-09-03T11:28:58+0000","egipt|hurghada|2026-12-24|2026-12-31|7|Warszawa - Modlin|2+1","filter_egypt_ny_dec24_2026_7_10_days","egipt","hurghada","2026-12-24","2026-12-31","7.0","Warszawa - Modlin","2+1","112.0","8.0","8.0","7996.0","8098.9","8171.5","8461.0","10553.0","7.0","1.0","0.0","0.0","0.0","0.0","0.0","0.0","2.0","5.0","76.0","-6.62","2.0","3.0","4.45","6.0","0.0"
"2026-09-03T16:02:14+0000","egipt|hurghada|2026-12-24|2026-12-31|7|Warszawa - Modlin|2+1","filter_egypt_ny_dec24_2026_7_10_days","egipt","hurghada","2026-12-24","2026-12-31","7.0","Warszawa - Modlin","2+1","112.0","7.0","7.0","7781.0","8492.6","9057.0","9416.0","10662.0","5.0","1.0","0.0","0.0","0.0","0.0","0.0","0.0","1.0","6.0","51.0","1.5","1.0","0.0","4.5","5.0","0.0"
"2026-09-03T16:36:10+0000","egipt|hurghada|2026-12-24|2026-12-31|7|Warszawa - Modlin|2+1","filter_egypt_ny_dec24_2026_7_10_days","egipt","hurghada","2026-12-24","2026-12-31","7.0","Warszawa - Modlin","2+1","112.0","8.0","8.0","7889.0","7963.9","8134.75","8618.0","10599.0","7.0","2.0","0.0","0.0","0.0","0.0","0.0","0.0","2.0","6.0","66.0","-4.42","1.0","3.0","4.45","6.0","0.0"
"2026-09-03T20:00:33+0000","egipt|hurghada|2026-12-24|2026-12-31|7|Warszawa - Modlin|2+1","filter_egypt_ny_dec24_2026_7_10_days","egipt","hurghada","2026-12-24","2026-12-31","7.0","Warszawa - Modlin","2+1","112.0","6.0","6.0","8798.0","8882.5","9012.0","9281.5","10662.0","4.0","0.0","0.0","0.0","0.0","0.0","0.0","0.0","-3.0","5.0","50.0","2.42","0.0","1.0","4.5","4.0","0.0"
"2026-09-03T22:43:36+0000","egipt|hurghada|2026-12-24|2026-12-31|7|Warszawa - Modlin|2+1","filter_egypt_ny_dec24_2026_7_10_days","egipt","hurghada","2026-12-24","2026-12-31","7.0","Warszawa - Modlin","2+1","112.0","7.0","7.0","8798.0","8899.4","9057.0","9416.0","10662.0","5.0","0.0","0.0","0.0","0.0","0.0","0.0","0.0","1.0","6.0","50.0","3.98","0.0","1.0","4.5","5.0","0.0"
"2026-09-04T01:07:30+0000","egipt|hurghada|2026-12-24|2026-12-31|7|Warszawa - Modlin|2+1","filter_egypt_ny_dec24_2026_7_10_days","egipt","hurghada","2026-12-24","2026-12-31","7.0","Warszawa - Modlin","2+1","111.0","7.0","7.0","8798.0","8899.4","9057.0","9416.0","10662.0","5.0","0.0","0.0","0.0","0.0","0.0","0.0","0.0","-2.0","6.0","57.0","2.94","1.0","0.0","4.5","5.0","0.0"
"2026-09-04T06:05:25+0000","egipt|hurghada|2026-12-24|2026-12-31|7|Warszawa - Modlin|2+1","filter_egypt_ny_dec24_2026_7_10_days","egipt","hurghada","2026-12-24","2026-12-31","7.0","Warszawa - Modlin","2+1","111.0","6.0","6.0","8798.0","8882.5","9012.0","9251.5","10662.0","4.0","0.0","0.0","0.0","0.0","0.0","0.0","0.0","-1.0","5.0","59.0","2.05","1.0","0.0","4.5","4.0","0.0"
"2026-09-04T11:31:53+0000","egipt|hurghada|2026-12-24|2026-12-31|7|Warszawa - Modlin|2+1","filter_egypt_ny_dec24_2026_7_10_days","egipt","hurghada","2026-12-24","2026-12-31","7.0","Warszawa - Modlin","2+1","111.0","7.0","7.0","8798.0","8899.4","9057.0","9416.0","10662.0","5.0","0.0","0.0","0.0","0.0","0.0","0.0","0.0","-1.0","7.0","55.0","3.11","1.0","0.0","4.5","5.0","0.0"
"2026-09-04T16:32:28+0000","egipt|hurghada|2026-12-24|2026-12-31|7|Warszawa - Modlin|2+1","filter_egypt_ny_dec24_2026_7_10_days","egipt","hurghada","2026-12-24","2026-12-31","7.0","Warszawa - Modlin","2+1","111.0","7.0","7.0","8798.0","8899.4","9057.0","9266.0","10662.0","5.0","0.0","0.0","0.0","0.0","0.0","0.0","0.0","-1.0","7.0","57.0","2.56","1.0","0.0","4.5","5.0","0.0"
"2026-09-04T19:45:05+0000","egipt|hurghada|2026-12-24|2026-12-31|7|Warszawa - Modlin|2+1","filter_egypt_ny_dec24_2026_7_10_days","egipt","hurghada","2026-12-24","2026-12-31","7.0","Warszawa - Modlin","2+1","111.0","7.0","7.0","8798.0","8899.4","9057.0","9266.0","10662.0","5.0","0.0","0.0","0.0","0.0","0.0","0.0","0.0","1.0","5.0","58.0","2.49","1.0","0.0","4.5","5.0","0.0"
"2026-09-04T22:29:05+0000","egipt|hurghada|2026-12-24|2026-12-31|7|Warszawa - Modlin|2+1","filter_egypt_ny_dec24_2026_7_10_days","egipt","hurghada","2026-12-24","2026-12-31","7.0","Warszawa - Modlin","2+1","111.0","7.0","7.0","8798.0","8899.4","9057.0","9266.0","10334.0","5.0","0.0","0.0","0.0","0.0","0.0","0.0","0.0","0.0","7.0","58.0","2.01","1.0","0.0","4.5","5.0","0.0"
"2026-09-05T01:07:48+0000","egipt|hurghada|2026-12-24|2026-12-31|7|Warszawa - Modlin|2+1","filter_egypt_ny_dec24_2026_7_10_days","egipt","hurghada","2026-12-24","2026-12-31","7.0","Warszawa - Modlin","2+1","110.0","7.0","7.0","8798.0","8899.4","9057.0","9266.0","10334.0","5.0","0.0","0.0","0.0","0.0","0.0","0.0","0.0","0.0","6.0","58.0","1.97","1.0","0.0","4.5","5.0","0.0"
"2026-09-05T05:54:45+0000","egipt|hurghada|2026-12-24|2026-12-31|7|Warszawa - Modlin|2+1","filter_egypt_ny_dec24_2026_7_10_days","egipt","hurghada","2026-12-24","2026-12-31","7.0","Warszawa - Modlin","2+1","110.0","7.0","7.0","8798.0","8899.4","9057.0","9470.0","10334.0","5.0","0.0","0.0","0.0","0.0","0.0","0.0","0.0","1.0","5.0","56.0","2.3","1.0","0.0","4.5","5.0","0.0"
"2026-09-05T10:48:59+0000","egipt|hurghada|2026-12-24|2026-12-31|7|Warszawa - Modlin|2+1","filter_egypt_ny_dec24_2026_7_10_days","egipt","hurghada","2026-12-24","2026-12-31","7.0","Warszawa - Modlin","2+1","110.0","8.0","8.0","7906.0","8275.6","8600.5","8972.5","10526.0","7.0","1.0","0.0","0.0","0.0","0.0","0.0","0.0","1.0","7.0","71.0","-3.57","4.0","1.0","4.45","6.0","0.0"
"2026-09-05T13:58:31+0000","egipt|hurghada|2026-12-24|2026-12-31|7|Warszawa - Modlin|2+1","filter_egypt_ny_dec24_2026_7_10_days","egipt","hurghada","2026-12-24","2026-12-31","7.0","Warszawa - Modlin","2+1","110.0","7.0","7.0","8840.0","8916.2","9057.0","9326.0","10662.0","5.0","0.0","0.0","0.0","0.0","0.0","0.0","0.0","0.0","6.0","50.0","2.12","0.0","0.0","4.5","5.0","0.0"
"2026-09-05T16:56:15+0000","egipt|hurghada|2026-12-24|2026-12-31|7|Warszawa - Modlin|2+1","filter_egypt_ny_dec24_2026_7_10_days","egipt","hurghada","2026-12-24","2026-12-31","7.0","Warszawa - Modlin","2+1","110.0","7.0","7.0","8840.0","8916.2","9057.0","9266.0","10662.0","5.0","0.0","0.0","0.0","0.0","0.0","0.0","0.0","0.0","6.0","53.0","1.89","0.0","0.0","4.5","5.0","0.0"
"2026-09-05T19:10:18+0000","egipt|hurghada|2026-12-24|2026-12-31|7|Warszawa - Modlin|2+1","filter_egypt_ny_dec24_2026_7_10_days","egipt","hurghada","2026-12-24","2026-12-31","7.0","Warszawa - Modlin","2+1","110.0","7.0","7.0","8822.0","8909.0","9057.0","9266.0","10662.0","5.0","0.0","0.0","0.0","0.0","0.0","0.0","0.0","0.0","6.0","57.0","1.83","0.0","0.0","4.5","5.0","0.0"
"2026-09-05T21:24:19+0000","egipt|hurghada|2026-12-24|2026-12-31|7|Warszawa - Modlin|2+1","filter_egypt_ny_dec24_2026_7_10_days","egipt","hurghada","2026-12-24","2026-12-31","7.0","Warszawa - Modlin","2+1","110.0","8.0","8.0","7866.0","8235.6","8560.5","8984.5","10486.0","7.0","1.0","0.0","0.0","0.0","0.0","0.0","0.0","1.0","7.0","71.0","-3.75","3.0","2.0","4.45","6.0","0.0"
"2026-09-06T04:52:47+0000","egipt|hurghada|2026-12-24|2026-12-31|7|Warszawa - Modlin|2+1","filter_egypt_ny_dec24_2026_7_10_days","egipt","hurghada","2026-12-24","2026-12-31","7.0","Warszawa - Modlin","2+1","109.0","7.0","7.0","8822.0","8909.0","9057.0","9326.0","10662.0","5.0","0.0","0.0","0.0","0.0","0.0","0.0","0.0","0.0","7.0","49.0","2.77","0.0","0.0","4.5","5.0","0.0"
"2026-09-06T09:34:56+0000","egipt|hurghada|2026-12-24|2026-12-31|7|Warszawa - Modlin|2+1","filter_egypt_ny_dec24_2026_7_10_days","egipt","hurghada","2026-12-24","2026-12-31","7.0","Warszawa - Modlin","2+1","109.0","9.0","9.0","8102.0","8367.6","8656.0","8858.0","10526.0","8.0","0.0","7906.0","8332.0","8972.5","2.48","0.78","-1.68","1.0","8.0","64.0","-3.51","0.0","5.0","4.5","7.0","0.0"
"2026-09-06T11:03:59+0000","egipt|hurghada|2026-12-24|2026-12-31|7|Warszawa - Modlin|2+1","filter_egypt_ny_dec24_2026_7_10_days","egipt","hurghada","2026-12-24","2026-12-31","7.0","Warszawa - Modlin","2+1","109.0","7.0","7.0","8858.0","8923.4","9057.0","9326.0","10662.0","5.0","0.0","0.0","0.0","0.0","0.0","0.0","0.0","-1.0","7.0","47.0","2.9","0.0","0.0","4.5","5.0","0.0"
"2026-09-06T13:47:50+0000","egipt|hurghada|2026-12-24|2026-12-31|7|Warszawa - Modlin|2+1","filter_egypt_ny_dec24_2026_7_10_days","egipt","hurghada","2026-12-24","2026-12-31","7.0","Warszawa - Modlin","2+1","109.0","7.0","7.0","8858.0","8923.4","9057.0","9326.0","10662.0","5.0","0.0","0.0","0.0","0.0","0.0","0.0","0.0","0.0","6.0","50.0","2.78","0.0","0.0","4.5","5.0","0.0"
"2026-09-06T17:12:16+0000","egipt|hurghada|2026-12-24|2026-12-31|7|Warszawa - Modlin|2+1","filter_egypt_ny_dec24_2026_7_10_days","egipt","hurghada","2026-12-24","2026-12-31","7.0","Warszawa - Modlin","2+1","109.0","7.0","7.0","8858.0","8923.4","9057.0","9326.0","10662.0","5.0","0.0","0.0","0.0","0.0","0.0","0.0","0.0","0.0","6.0","56.0","2.7","0.0","0.0","4.5","5.0","0.0"
"2026-09-06T19:21:58+0000","egipt|hurghada|2026-12-24|2026-12-31|7|Warszawa - Modlin|2+1","filter_egypt_ny_dec24_2026_7_10_days","egipt","hurghada","2026-12-24","2026-12-31","7.0","Warszawa - Modlin","2+1","109.0","7.0","7.0","8858.0","8923.4","9057.0","9470.0","10662.0","5.0","0.0","0.0","0.0","0.0","0.0","0.0","0.0","0.0","6.0","54.0","2.89","0.0","0.0","4.5","5.0","0.0"
"2026-09-06T21:33:18+0000","egipt|hurghada|2026-12-24|2026-12-31|7|Warszawa - Modlin|2+1","filter_egypt_ny_dec24_2026_7_10_days","egipt","hurghada","2026-12-24","2026-12-31","7.0","Warszawa - Modlin","2+1","109.0","7.0","7.0","8858.0","8923.4","9057.0","9326.0","10334.0","5.0","0.0","0.0","0.0","0.0","0.0","0.0","0.0","-1.0","7.0","56.0","2.19","0.0","0.0","4.5","5.0","0.0"
"2026-09-07T00:04:35+0000","egipt|hurghada|2026-12-24|2026-12-31|7|Warszawa - Modlin|2+1","filter_egypt_ny_dec24_2026_7_10_days","egipt","hurghada","2026-12-24","2026-12-31","7.0","Warszawa - Modlin","2+1","108.0","7.0","7.0","8858.0","8923.4","9057.0","9326.0","10334.0","5.0","0.0","0.0","0.0","0.0","0.0","0.0","0.0","-1.0","0.0","0.0","0.0","0.0","0.0","4.5","5.0","0.0"
"2026-09-07T04:56:43+0000","egipt|hurghada|2026-12-24|2026-12-31|7|Warszawa - Modlin|2+1","filter_egypt_ny_dec24_2026_7_10_days","egipt","hurghada","2026-12-24","2026-12-31","7.0","Warszawa - Modlin","2+1","108.0","7.0","7.0","8858.0","8923.4","9057.0","9470.0","10334.0","5.0","0.0","0.0","0.0","0.0","0.0","0.0","0.0","0.0","0.0","55.0","0.07","0.0","0.0","4.5","5.0","0.0"
"2026-09-07T06:30:12+0000","egipt|hurghada|2026-12-24|2026-12-31|7|Warszawa - Modlin|2+1","filter_egypt_ny_dec24_2026_7_10_days","egipt","hurghada","2026-12-24","2026-12-31","7.0","Warszawa - Modlin","2+1","108.0","7.0","7.0","8434.0","8688.4","8912.5","9147.0","10334.0","5.0","0.0","0.0","0.0","0.0","0.0","0.0","0.0","0.0","0.0","56.0","-1.6","0.0","0.0","4.5","5.0","0.0"
"2026-09-07T10:32:18+0000","egipt|hurghada|2026-12-24|2026-12-31|7|Warszawa - Modlin|2+1","filter_egypt_ny_dec24_2026_7_10_days","egipt","hurghada","2026-12-24","2026-12-31","7.0","Warszawa - Modlin","2+1","108.0","8.0","8.0","8637.0","8763.0","8847.75","9350.0","10800.0","6.0","0.0","0.0","0.0","0.0","0.0","0.0","0.0","1.0","0.0","57.0","-0.99","0.0","0.0","4.45","6.0","0.0"
"2026-09-07T16:36:04+0000","egipt|hurghada|2026-12-24|2026-12-31|7|Warszawa - Modlin|2+1","filter_egypt_ny_dec24_2026_7_10_days","egipt","hurghada","2026-12-24","2026-12-31","7.0","Warszawa - Modlin","2+1","108.0","9.0","9.0","8637.0","8781.0","8858.0","9474.0","10800.0","6.0","0.0","0.0","0.0","0.0","0.0","0.0","0.0","2.0","0.0","58.0","-0.95","0.0","0.0","4.5","7.0","0.0"
"2026-09-07T20:42:40+0000","egipt|hurghada|2026-12-24|2026-12-31|7|Warszawa - Modlin|2+1","filter_egypt_ny_dec24_2026_7_10_days","egipt","hurghada","2026-12-24","2026-12-31","7.0","Warszawa - Modlin","2+1","108.0","8.0","8.0","8637.0","8763.0","8847.75","9210.0","10800.0","6.0","0.0","0.0","0.0","0.0","0.0","0.0","0.0","1.0","0.0","61.0","-0.87","0.0","1.0","4.45","6.0","0.0"
"2026-09-08T04:52:28+0000","egipt|hurghada|2026-12-24|2026-12-31|7|Warszawa - Modlin|2+1","filter_egypt_ny_dec24_2026_7_10_days","egipt","hurghada","2026-12-24","2026-12-31","7.0","Warszawa - Modlin","2+1","107.0","8.0","8.0","8637.0","8763.0","8847.75","9522.0","10675.0","6.0","0.0","0.0","0.0","0.0","0.0","0.0","0.0","1.0","7.0","60.0","-0.24","0.0","0.0","4.45","6.0","0.0"
"2026-09-08T07:41:59+0000","egipt|hurghada|2026-12-24|2026-12-31|7|Warszawa - Modlin|2+1","filter_egypt_ny_dec24_2026_7_10_days","egipt","hurghada","2026-12-24","2026-12-31","7.0","Warszawa - Modlin","2+1","107.0","15.0","15.0","7526.0","8448.0","8800.5","9474.0","10689.0","9.0","1.0","0.0","0.0","0.0","0.0","0.0","0.0","8.0","7.0","63.0","-6.6","0.0","2.0","4.6","13.0","0.0"
"2026-09-08T09:52:41+0000","egipt|hurghada|2026-12-24|2026-12-31|7|Warszawa - Modlin|2+1","filter_egypt_ny_dec24_2026_7_10_days","egipt","hurghada","2026-12-24","2026-12-31","7.0","Warszawa - Modlin","2+1","107.0","10.0","10.0","8626.0","8635.9","8744.0","9278.0","10910.0","7.0","0.0","8637.0","8770.67","9350.0","-0.13","-1.3","-3.79","2.0","8.0","62.0","-2.7","0.0","2.0","4.45","8.0","0.0"
"2026-09-08T14:42:34+0000","egipt|hurghada|2026-12-24|2026-12-31|7|Warszawa - Modlin|2+1","filter_egypt_ny_dec24_2026_7_10_days","egipt","hurghada","2026-12-24","2026-12-31","7.0","Warszawa - Modlin","2+1","107.0","10.0","10.0","7670.0","8540.3","8827.25","9632.5","10910.0","6.0","1.0","0.0","0.0","0.0","0.0","0.0","0.0","1.0","6.0","61.0","-1.93","0.0","3.0","4.5","8.0","0.0"
"2026-09-08T18:51:34+0000","egipt|hurghada|2026-12-24|2026-12-31|7|Warszawa - Modlin|2+1","filter_egypt_ny_dec24_2026_7_10_days","egipt","hurghada","2026-12-24","2026-12-31","7.0","Warszawa - Modlin","2+1","107.0","12.0","12.0","8117.0","8627.1","8774.25","9632.5","10910.0","7.0","0.0","8637.0","8770.67","9210.0","-6.02","-3.54","-1.74","4.0","8.0","63.0","-2.21","0.0","3.0","4.5","10.0","0.0"
"2026-09-09T00:24:30+0000","egipt|hurghada|2026-12-24|2026-12-31|7|Warszawa - Modlin|2+1","filter_egypt_ny_dec24_2026_7_10_days","egipt","hurghada","2026-12-24","2026-12-31","7.0","Warszawa - Modlin","2+1","106.0","11.0","11.0","8117.0","8516.0","8621.5","9362.0","10844.0","7.0","0.0","0.0","0.0","0.0","0.0","0.0","0.0","3.0","7.0","66.0","-2.12","0.0","7.0","4.5","9.0","0.0"
"2026-09-09T04:51:31+0000","egipt|hurghada|2026-12-24|2026-12-31|7|Warszawa - Modlin|2+1","filter_egypt_ny_dec24_2026_7_10_days","egipt","hurghada","2026-12-24","2026-12-31","7.0","Warszawa - Modlin","2+1","106.0","11.0","11.0","8117.0","8516.0","8611.5","9362.0","10844.0","7.0","0.0","8637.0","8770.67","9522.0","-6.02","-4.08","-6.79","3.0","8.0","66.0","-1.82","0.0","7.0","4.5","9.0","0.0"
"2026-09-09T06:09:15+0000","egipt|hurghada|2026-12-24|2026-12-31|7|Warszawa - Modlin|2+1","filter_egypt_ny_dec24_2026_7_10_days","egipt","hurghada","2026-12-24","2026-12-31","7.0","Warszawa - Modlin","2+1","106.0","10.0","10.0","8117.0","8476.1","8608.75","9248.0","10844.0","7.0","0.0","8637.0","8770.67","9522.0","-6.02","-4.08","-6.79","2.0","8.0","68.0","-1.96","0.0","7.0","4.5","8.0","0.0"
"2026-09-09T11:37:23+0000","egipt|hurghada|2026-12-24|2026-12-31|7|Warszawa - Modlin|2+1","filter_egypt_ny_dec24_2026_7_10_days","egipt","hurghada","2026-12-24","2026-12-31","7.0","Warszawa - Modlin","2+1","106.0","10.0","10.0","8117.0","8749.7","9163.75","9640.5","10907.0","6.0","0.0","8626.0","8656.33","8996.0","-5.9","0.36","4.51","0.0","8.0","53.0","1.21","0.0","1.0","4.5","8.0","0.0"
"2026-09-09T16:49:24+0000","egipt|hurghada|2026-12-24|2026-12-31|7|Warszawa - Modlin|2+1","filter_egypt_ny_dec24_2026_7_10_days","egipt","hurghada","2026-12-24","2026-12-31","7.0","Warszawa - Modlin","2+1","106.0","11.0","11.0","8117.0","8820.0","9037.0","9948.0","10907.0","6.0","0.0","8117.0","8460.0","9280.0","0.0","1.99","2.66","-1.0","9.0","54.0","1.08","0.0","1.0","4.5","9.0","0.0"
"2026-09-09T19:54:29+0000","egipt|hurghada|2026-12-24|2026-12-31|7|Warszawa - Modlin|2+1","filter_egypt_ny_dec24_2026_7_10_days","egipt","hurghada","2026-12-24","2026-12-31","7.0","Warszawa - Modlin","2+1","106.0","8.0","8.0","8117.0","8698.0","9082.0","9974.0","10907.0","4.0","0.0","0.0","0.0","0.0","0.0","0.0","0.0","-4.0","7.0","54.0","3.08","0.0","1.0","4.5","6.0","0.0"
"2026-09-09T22:41:18+0000","egipt|hurghada|2026-12-24|2026-12-31|7|Warszawa - Modlin|2+1","filter_egypt_ny_dec24_2026_7_10_days","egipt","hurghada","2026-12-24","2026-12-31","7.0","Warszawa - Modlin","2+1","106.0","9.0","9.0","8117.0","8781.0","9127.0","9978.0","10907.0","5.0","0.0","8117.0","8413.0","8885.5","0.0","3.77","10.09","-2.0","8.0","56.0","2.42","1.0","0.0","4.5","7.0","0.0"
"2026-09-10T01:15:01+0000","egipt|hurghada|2026-12-24|2026-12-31|7|Warszawa - Modlin|2+1","filter_egypt_ny_dec24_2026_7_10_days","egipt","hurghada","2026-12-24","2026-12-31","7.0","Warszawa - Modlin","2+1","105.0","9.0","9.0","8117.0","8258.6","8947.0","9978.0","10907.0","5.0","0.0","8117.0","8413.0","8885.5","0.0","0.47","7.51","-2.0","8.0","61.0","0.94","2.0","0.0","4.5","7.0","0.0"
"2026-09-10T06:07:47+0000","egipt|hurghada|2026-12-24|2026-12-31|7|Warszawa - Modlin|2+1","filter_egypt_ny_dec24_2026_7_10_days","egipt","hurghada","2026-12-24","2026-12-31","7.0","Warszawa - Modlin","2+1","105.0","8.0","8.0","8117.0","8698.0","9082.0","9911.0","10907.0","5.0","0.0","8117.0","8413.0","8875.5","0.0","3.77","11.67","-2.0","8.0","56.0","3.02","1.0","0.0","4.5","6.0","0.0"
"2026-09-10T11:33:48+0000","egipt|hurghada|2026-12-24|2026-12-31|7|Warszawa - Modlin|2+1","filter_egypt_ny_dec24_2026_7_10_days","egipt","hurghada","2026-12-24","2026-12-31","7.0","Warszawa - Modlin","2+1","105.0","8.0","8.0","8117.0","8971.0","9358.75","9889.0","10503.0","6.0","0.0","8117.0","8687.67","9402.0","0.0","2.9","5.18","-2.0","8.0","56.0","2.81","1.0","0.0","4.5","6.0","0.0"
"2026-09-10T16:14:22+0000","egipt|hurghada|2026-12-24|2026-12-31|7|Warszawa - Modlin|2+1","filter_egypt_ny_dec24_2026_7_10_days","egipt","hurghada","2026-12-24","2026-12-31","7.0","Warszawa - Modlin","2+1","105.0","8.0","8.0","7694.0","7990.1","9008.75","9635.5","10531.0","5.0","1.0","8117.0","8628.0","9327.0","-5.21","-2.96","3.31","-3.0","8.0","60.0","0.41","2.0","1.0","4.5","6.0","0.0"
"2026-09-10T16:35:07+0000","egipt|hurghada|2026-12-24|2026-12-31|7|Warszawa - Modlin|2+1","filter_egypt_ny_dec24_2026_7_10_days","egipt","hurghada","2026-12-24","2026-12-31","7.0","Warszawa - Modlin","2+1","105.0","8.0","8.0","7694.0","7990.1","9008.75","9635.5","10531.0","5.0","1.0","8117.0","8628.0","9327.0","-5.21","-2.96","3.31","-3.0","8.0","62.0","0.4","2.0","1.0","4.5","6.0","0.0"
"2026-09-10T19:51:50+0000","egipt|hurghada|2026-12-24|2026-12-31|7|Warszawa - Modlin|2+1","filter_egypt_ny_dec24_2026_7_10_days","egipt","hurghada","2026-12-24","2026-12-31","7.0","Warszawa - Modlin","2+1","105.0","10.0","10.0","7986.0","8103.9","8566.5","9503.5","10691.0","6.0","1.0","0.0","0.0","0.0","0.0","0.0","0.0","2.0","7.0","65.0","-1.82","2.0","2.0","4.45","8.0","0.0"
"2026-09-10T22:44:34+0000","egipt|hurghada|2026-12-24|2026-12-31|7|Warszawa - Modlin|2+1","filter_egypt_ny_dec24_2026_7_10_days","egipt","hurghada","2026-12-24","2026-12-31","7.0","Warszawa - Modlin","2+1","105.0","9.0","9.0","8117.0","9068.2","9337.0","9934.0","10691.0","6.0","0.0","8117.0","8730.33","9782.0","0.0","2.17","-1.14","0.0","8.0","55.0","1.88","1.0","1.0","4.5","7.0","0.0"
"2026-09-11T01:14:53+0000","egipt|hurghada|2026-12-24|2026-12-31|7|Warszawa - Modlin|2+1","filter_egypt_ny_dec24_2026_7_10_days","egipt","hurghada","2026-12-24","2026-12-31","7.0","Warszawa - Modlin","2+1","104.0","9.0","9.0","8117.0","9068.2","9337.0","9934.0","10691.0","6.0","0.0","8117.0","8452.67","9552.5","0.0","5.53","1.23","0.0","8.0","57.0","1.81","1.0","1.0","4.5","7.0","0.0"
"2026-09-11T06:11:03+0000","egipt|hurghada|2026-12-24|2026-12-31|7|Warszawa - Modlin|2+1","filter_egypt_ny_dec24_2026_7_10_days","egipt","hurghada","2026-12-24","2026-12-31","7.0","Warszawa - Modlin","2+1","104.0","8.0","8.0","8117.0","8949.3","9329.25","9736.0","10691.0","5.0","0.0","0.0","0.0","0.0","0.0","0.0","0.0","0.0","6.0","60.0","1.61","1.0","1.0","4.5","6.0","0.0"
"2026-09-11T11:36:28+0000","egipt|hurghada|2026-12-24|2026-12-31|7|Warszawa - Modlin|2+1","filter_egypt_ny_dec24_2026_7_10_days","egipt","hurghada","2026-12-24","2026-12-31","7.0","Warszawa - Modlin","2+1","104.0","9.0","9.0","8954.0","9140.4","9216.0","9799.0","10962.0","5.0","0.0","0.0","0.0","0.0","0.0","0.0","0.0","1.0","6.0","52.0","3.12","0.0","0.0","4.4","7.0","0.0"
"2026-09-11T15:03:29+0000","egipt|hurghada|2026-12-24|2026-12-31|7|Warszawa - Modlin|2+1","filter_egypt_ny_dec24_2026_7_10_days","egipt","hurghada","2026-12-24","2026-12-31","7.0","Warszawa - Modlin","2+1","104.0","8.0","8.0","8954.0","9117.1","9216.25","9596.5","10952.0","5.0","0.0","0.0","0.0","0.0","0.0","0.0","0.0","0.0","6.0","52.0","2.57","0.0","0.0","4.45","6.0","0.0"
"2026-09-11T16:39:34+0000","egipt|hurghada|2026-12-24|2026-12-31|7|Warszawa - Modlin|2+1","filter_egypt_ny_dec24_2026_7_10_days","egipt","hurghada","2026-12-24","2026-12-31","7.0","Warszawa - Modlin","2+1","104.0","7.0","7.0","8954.0","9069.8","9186.5","9394.0","10952.0","4.0","0.0","0.0","0.0","0.0","0.0","0.0","0.0","-1.0","5.0","53.0","2.56","0.0","0.0","4.5","5.0","0.0"
"2026-09-11T19:54:13+0000","egipt|hurghada|2026-12-24|2026-12-31|7|Warszawa - Modlin|2+1","filter_egypt_ny_dec24_2026_7_10_days","egipt","hurghada","2026-12-24","2026-12-31","7.0","Warszawa - Modlin","2+1","104.0","7.0","7.0","8644.0","8830.0","9119.5","9394.0","10952.0","4.0","0.0","0.0","0.0","0.0","0.0","0.0","0.0","-3.0","5.0","55.0","1.79","0.0","0.0","4.5","5.0","0.0"
"2026-09-11T22:44:19+0000","egipt|hurghada|2026-12-24|2026-12-31|7|Warszawa - Modlin|2+1","filter_egypt_ny_dec24_2026_7_10_days","egipt","hurghada","2026-12-24","2026-12-31","7.0","Warszawa - Modlin","2+1","104.0","7.0","7.0","8954.0","8961.2","9125.5","9394.0","10952.0","4.0","0.0","0.0","0.0","0.0","0.0","0.0","0.0","-2.0","5.0","54.0","2.25","0.0","0.0","4.5","5.0","0.0"
"2026-09-12T01:16:28+0000","egipt|hurghada|2026-12-24|2026-12-31|7|Warszawa - Modlin|2+1","filter_egypt_ny_dec24_2026_7_10_days","egipt","hurghada","2026-12-24","2026-12-31","7.0","Warszawa - Modlin","2+1","103.0","8.0","8.0","8954.0","9089.1","9206.25","9683.5","10952.0","4.0","0.0","0.0","0.0","0.0","0.0","0.0","0.0","-1.0","7.0","51.0","3.44","0.0","0.0","4.45","6.0","0.0"
"2026-09-12T05:58:41+0000","egipt|hurghada|2026-12-24|2026-12-31|7|Warszawa - Modlin|2+1","filter_egypt_ny_dec24_2026_7_10_days","egipt","hurghada","2026-12-24","2026-12-31","7.0","Warszawa - Modlin","2+1","103.0","8.0","8.0","7866.0","8406.4","8875.0","9186.5","10952.0","5.0","1.0","0.0","0.0","0.0","0.0","0.0","0.0","0.0","6.0","61.0","-0.31","2.0","0.0","4.45","6.0","0.0"
"2026-09-12T11:00:01+0000","egipt|hurghada|2026-12-24|2026-12-31|7|Warszawa - Modlin|2+1","filter_egypt_ny_dec24_2026_7_10_days","egipt","hurghada","2026-12-24","2026-12-31","7.0","Warszawa - Modlin","2+1","103.0","8.0","8.0","8954.0","9194.1","9333.75","9742.5","10952.0","4.0","0.0","0.0","0.0","0.0","0.0","0.0","0.0","-1.0","7.0","49.0","3.93","0.0","0.0","4.45","6.0","0.0"
"2026-09-12T14:17:19+0000","egipt|hurghada|2026-12-24|2026-12-31|7|Warszawa - Modlin|2+1","filter_egypt_ny_dec24_2026_7_10_days","egipt","hurghada","2026-12-24","2026-12-31","7.0","Warszawa - Modlin","2+1","103.0","12.0","12.0","7506.0","7679.8","8369.5","9696.0","10981.0","6.0","2.0","0.0","0.0","0.0","0.0","0.0","0.0","4.0","7.0","73.0","-5.82","4.0","1.0","4.45","10.0","0.0"
"2026-09-12T17:20:28+0000","egipt|hurghada|2026-12-24|2026-12-31|7|Warszawa - Modlin|2+1","filter_egypt_ny_dec24_2026_7_10_days","egipt","hurghada","2026-12-24","2026-12-31","7.0","Warszawa - Modlin","2+1","103.0","9.0","9.0","7886.0","7966.0","8724.0","8954.0","10741.0","6.0","2.0","0.0","0.0","0.0","0.0","0.0","0.0","2.0","6.0","58.0","-2.56","0.0","3.0","4.4","7.0","0.0"
"2026-09-12T22:26:59+0000","egipt|hurghada|2026-12-24|2026-12-31|7|Warszawa - Modlin|2+1","filter_egypt_ny_dec24_2026_7_10_days","egipt","hurghada","2026-12-24","2026-12-31","7.0","Warszawa - Modlin","2+1","103.0","8.0","8.0","8954.0","9194.1","9333.75","9818.5","10952.0","4.0","0.0","0.0","0.0","0.0","0.0","0.0","0.0","1.0","6.0","45.0","4.61","0.0","0.0","4.45","6.0","0.0"
"2026-09-13T01:12:19+0000","egipt|hurghada|2026-12-24|2026-12-31|7|Warszawa - Modlin|2+1","filter_egypt_ny_dec24_2026_7_10_days","egipt","hurghada","2026-12-24","2026-12-31","7.0","Warszawa - Modlin","2+1","102.0","8.0","8.0","8954.0","9194.1","9333.75","10211.0","10980.0","3.0","0.0","8954.0","9109.0","9683.5","0.0","0.99","5.45","0.0","8.0","46.0","6.64","0.0","0.0","4.45","6.0","0.0"
"2026-09-13T06:22:18+0000","egipt|hurghada|2026-12-24|2026-12-31|7|Warszawa - Modlin|2+1","filter_egypt_ny_dec24_2026_7_10_days","egipt","hurghada","2026-12-24","2026-12-31","7.0","Warszawa - Modlin","2+1","102.0","8.0","8.0","7566.0","8537.6","9211.25","9768.5","10952.0","4.0","1.0","7866.0","8486.0","9186.5","-3.81","1.41","6.34","0.0","8.0","58.0","1.76","1.0","0.0","4.45","6.0","0.0"
"2026-09-13T09:28:46+0000","egipt|hurghada|2026-12-24|2026-12-31|7|Warszawa - Modlin|2+1","filter_egypt_ny_dec24_2026_7_10_days","egipt","hurghada","2026-12-24","2026-12-31","7.0","Warszawa - Modlin","2+1","102.0","8.0","8.0","8954.0","9026.1","9222.0","10131.5","10952.0","3.0","0.0","8954.0","9199.0","9742.5","0.0","-1.12","3.99","0.0","8.0","52.0","4.69","0.0","0.0","4.45","6.0","0.0"
"2026-09-13T12:50:24+0000","egipt|hurghada|2026-12-24|2026-12-31|7|Warszawa - Modlin|2+1","filter_egypt_ny_dec24_2026_7_10_days","egipt","hurghada","2026-12-24","2026-12-31","7.0","Warszawa - Modlin","2+1","102.0","8.0","8.0","7606.0","8122.6","8801.5","9734.0","10952.0","4.0","1.0","7506.0","7818.67","8666.0","1.33","6.17","12.32","-4.0","8.0","61.0","0.25","1.0","1.0","4.45","6.0","0.0"
"2026-09-13T17:02:54+0000","egipt|hurghada|2026-12-24|2026-12-31|7|Warszawa - Modlin|2+1","filter_egypt_ny_dec24_2026_7_10_days","egipt","hurghada","2026-12-24","2026-12-31","7.0","Warszawa - Modlin","2+1","102.0","8.0","8.0","7606.0","8549.6","9031.25","9768.5","10952.0","4.0","1.0","7886.0","8198.67","8856.0","-3.55","4.15","10.3","-1.0","8.0","56.0","1.3","1.0","0.0","4.45","6.0","0.0"
"2026-09-13T19:35:37+0000","egipt|hurghada|2026-12-24|2026-12-31|7|Warszawa - Modlin|2+1","filter_egypt_ny_dec24_2026_7_10_days","egipt","hurghada","2026-12-24","2026-12-31","7.0","Warszawa - Modlin","2+1","102.0","5.0","5.0","9001.0","9023.4","9057.0","9277.0","10741.0","3.0","0.0","0.0","0.0","0.0","0.0","0.0","0.0","-4.0","5.0","50.0","2.61","0.0","0.0","4.5","3.0","0.0"
"2026-09-13T22:32:44+0000","egipt|hurghada|2026-12-24|2026-12-31|7|Warszawa - Modlin|2+1","filter_egypt_ny_dec24_2026_7_10_days","egipt","hurghada","2026-12-24","2026-12-31","7.0","Warszawa - Modlin","2+1","102.0","8.0","8.0","9001.0","9040.2","9222.0","9818.5","10952.0","4.0","0.0","8954.0","9199.0","9818.5","0.52","-0.95","0.0","0.0","8.0","52.0","3.69","0.0","0.0","4.45","6.0","0.0"
"2026-09-14T01:16:47+0000","egipt|hurghada|2026-12-24|2026-12-31|7|Warszawa - Modlin|2+1","filter_egypt_ny_dec24_2026_7_10_days","egipt","hurghada","2026-12-24","2026-12-31","7.0","Warszawa - Modlin","2+1","101.0","8.0","8.0","9001.0","9040.2","9222.0","9818.5","10952.0","4.0","0.0","0.0","0.0","0.0","0.0","0.0","0.0","0.0","0.0","0.0","0.0","0.0","0.0","4.45","6.0","0.0"
"2026-09-14T05:27:34+0000","egipt|hurghada|2026-12-24|2026-12-31|7|Warszawa - Modlin|2+1","filter_egypt_ny_dec24_2026_7_10_days","egipt","hurghada","2026-12-24","2026-12-31","7.0","Warszawa - Modlin","2+1","101.0","8.0","8.0","9001.0","9242.5","9849.25","10211.0","10980.0","2.0","0.0","0.0","0.0","0.0","0.0","0.0","0.0","0.0","0.0","54.0","1.61","0.0","0.0","4.45","6.0","0.0"
"2026-09-14T06:29:57+0000","egipt|hurghada|2026-12-24|2026-12-31|7|Warszawa - Modlin|2+1","filter_egypt_ny_dec24_2026_7_10_days","egipt","hurghada","2026-12-24","2026-12-31","7.0","Warszawa - Modlin","2+1","101.0","8.0","8.0","9001.0","9242.5","9849.25","10211.0","10980.0","2.0","0.0","0.0","0.0","0.0","0.0","0.0","0.0","0.0","0.0","55.0","1.43","0.0","0.0","4.45","6.0","0.0"
"2026-09-14T13:01:39+0000","egipt|hurghada|2026-12-24|2026-12-31|7|Warszawa - Modlin|2+1","filter_egypt_ny_dec24_2026_7_10_days","egipt","hurghada","2026-12-24","2026-12-31","7.0","Warszawa - Modlin","2+1","101.0","8.0","8.0","9001.0","9010.8","9046.5","9396.0","10952.0","5.0","0.0","0.0","0.0","0.0","0.0","0.0","0.0","0.0","0.0","58.0","-2.26","0.0","0.0","4.45","6.0","0.0"
"2026-09-14T14:16:41+0000","egipt|hurghada|2026-12-24|2026-12-31|7|Warszawa - Modlin|2+1","filter_egypt_ny_dec24_2026_7_10_days","egipt","hurghada","2026-12-24","2026-12-31","7.0","Warszawa - Modlin","2+1","101.0","12.0","12.0","7466.0","7639.8","8329.5","9656.0","10941.0","6.0","2.0","0.0","0.0","0.0","0.0","0.0","0.0","4.0","0.0","62.0","-11.05","0.0","1.0","4.45","10.0","0.0"
"2026-09-14T19:32:48+0000","egipt|hurghada|2026-12-24|2026-12-31|7|Warszawa - Modlin|2+1","filter_egypt_ny_dec24_2026_7_10_days","egipt","hurghada","2026-12-24","2026-12-31","7.0","Warszawa - Modlin","2+1","101.0","12.0","12.0","8344.0","8436.7","9232.0","9824.0","10981.0","6.0","0.0","0.0","0.0","0.0","0.0","0.0","0.0","7.0","0.0","55.0","-1.77","0.0","0.0","4.45","10.0","0.0"
"2026-09-14T23:16:16+0000","egipt|hurghada|2026-12-24|2026-12-31|7|Warszawa - Modlin|2+1","filter_egypt_ny_dec24_2026_7_10_days","egipt","hurghada","2026-12-24","2026-12-31","7.0","Warszawa - Modlin","2+1","101.0","9.0","9.0","8182.0","8615.6","8758.0","9544.0","10741.0","6.0","0.0","0.0","0.0","0.0","0.0","0.0","0.0","1.0","0.0","56.0","-1.76","0.0","0.0","4.4","7.0","0.0"
"2026-09-15T01:36:50+0000","egipt|hurghada|2026-12-24|2026-12-31|7|Warszawa - Modlin|2+1","filter_egypt_ny_dec24_2026_7_10_days","egipt","hurghada","2026-12-24","2026-12-31","7.0","Warszawa - Modlin","2+1","100.0","12.0","12.0","7802.0","8347.4","8818.25","9807.5","10981.0","6.0","1.0","9001.0","9111.67","9818.5","-13.32","-10.28","-6.88","4.0","8.0","58.0","-3.34","0.0","0.0","4.45","10.0","0.0"
"2026-09-15T07:56:20+0000","egipt|hurghada|2026-12-24|2026-12-31|7|Warszawa - Modlin|2+1","filter_egypt_ny_dec24_2026_7_10_days","egipt","hurghada","2026-12-24","2026-12-31","7.0","Warszawa - Modlin","2+1","100.0","9.0","9.0","8182.0","8659.6","8965.0","9544.0","10741.0","6.0","0.0","9001.0","9454.67","10211.0","-9.1","-8.6","-9.11","1.0","8.0","55.0","-0.49","0.0","1.0","4.4","7.0","0.0"
"2026-09-15T14:49:10+0000","egipt|hurghada|2026-12-24|2026-12-31|7|Warszawa - Modlin|2+1","filter_egypt_ny_dec24_2026_7_10_days","egipt","hurghada","2026-12-24","2026-12-31","7.0","Warszawa - Modlin","2+1","100.0","7.0","7.0","8965.0","9312.4","9660.5","9997.0","10952.0","4.0","0.0","0.0","0.0","0.0","0.0","0.0","0.0","-5.0","7.0","53.0","5.16","0.0","1.0","4.4","5.0","0.0"
"2026-09-15T18:21:04+0000","egipt|hurghada|2026-12-24|2026-12-31|7|Warszawa - Modlin|2+1","filter_egypt_ny_dec24_2026_7_10_days","egipt","hurghada","2026-12-24","2026-12-31","7.0","Warszawa - Modlin","2+1","100.0","7.0","7.0","9299.0","9377.6","9484.0","9997.0","10952.0","4.0","0.0","0.0","0.0","0.0","0.0","0.0","0.0","-5.0","7.0","49.0","5.77","0.0","0.0","4.5","5.0","0.0"
"2026-09-15T21:36:40+0000","egipt|hurghada|2026-12-24|2026-12-31|7|Warszawa - Modlin|2+1","filter_egypt_ny_dec24_2026_7_10_days","egipt","hurghada","2026-12-24","2026-12-31","7.0","Warszawa - Modlin","2+1","100.0","6.0","6.0","9430.0","9603.5","9832.0","10100.0","10952.0","3.0","0.0","0.0","0.0","0.0","0.0","0.0","0.0","-3.0","6.0","48.0","8.66","0.0","0.0","4.45","4.0","0.0"
"2026-09-16T00:31:45+0000","egipt|hurghada|2026-12-24|2026-12-31|7|Warszawa - Modlin|2+1","filter_egypt_ny_dec24_2026_7_10_days","egipt","hurghada","2026-12-24","2026-12-31","7.0","Warszawa - Modlin","2+1","99.0","6.0","6.0","9430.0","9603.5","9832.0","10100.0","10952.0","3.0","0.0","0.0","0.0","0.0","0.0","0.0","0.0","-6.0","6.0","50.0","8.06","0.0","0.0","4.45","4.0","0.0"
"2026-09-16T06:12:13+0000","egipt|hurghada|2026-12-24|2026-12-31|7|Warszawa - Modlin|2+1","filter_egypt_ny_dec24_2026_7_10_days","egipt","hurghada","2026-12-24","2026-12-31","7.0","Warszawa - Modlin","2+1","99.0","6.0","6.0","9430.0","9603.5","9832.0","10461.0","10952.0","3.0","0.0","0.0","0.0","0.0","0.0","0.0","0.0","-3.0","6.0","50.0","7.82","0.0","0.0","4.45","4.0","0.0"
"2026-09-16T11:51:14+0000","egipt|hurghada|2026-12-24|2026-12-31|7|Warszawa - Modlin|2+1","filter_egypt_ny_dec24_2026_7_10_days","egipt","hurghada","2026-12-24","2026-12-31","7.0","Warszawa - Modlin","2+1","99.0","6.0","6.0","9751.0","9774.0","9857.0","10165.5","10952.0","2.0","0.0","0.0","0.0","0.0","0.0","0.0","0.0","-1.0","6.0","47.0","7.21","0.0","0.0","4.45","4.0","0.0"
"2026-09-16T17:10:53+0000","egipt|hurghada|2026-12-24|2026-12-31|7|Warszawa - Modlin|2+1","filter_egypt_ny_dec24_2026_7_10_days","egipt","hurghada","2026-12-24","2026-12-31","7.0","Warszawa - Modlin","2+1","99.0","8.0","8.0","8523.0","8666.5","9085.75","9435.5","10952.0","6.0","0.0","0.0","0.0","0.0","0.0","0.0","0.0","1.0","7.0","61.0","-2.12","1.0","1.0","4.45","6.0","0.0"
"2026-09-16T20:17:51+0000","egipt|hurghada|2026-12-24|2026-12-31|7|Warszawa - Modlin|2+1","filter_egypt_ny_dec24_2026_7_10_days","egipt","hurghada","2026-12-24","2026-12-31","7.0","Warszawa - Modlin","2+1","99.0","8.0","8.0","8523.0","8666.5","9085.75","9435.5","10952.0","6.0","0.0","0.0","0.0","0.0","0.0","0.0","0.0","2.0","6.0","62.0","-2.09","1.0","1.0","4.45","6.0","0.0"
"2026-09-16T23:05:44+0000","egipt|hurghada|2026-12-24|2026-12-31|7|Warszawa - Modlin|2+1","filter_egypt_ny_dec24_2026_7_10_days","egipt","hurghada","2026-12-24","2026-12-31","7.0","Warszawa - Modlin","2+1","99.0","5.0","5.0","9751.0","9853.4","10007.0","10247.0","10952.0","1.0","0.0","0.0","0.0","0.0","0.0","0.0","0.0","-1.0","4.0","46.0","7.28","0.0","0.0","4.5","3.0","0.0"
"2026-09-17T01:35:32+0000","egipt|hurghada|2026-12-24|2026-12-31|7|Warszawa - Modlin|2+1","filter_egypt_ny_dec24_2026_7_10_days","egipt","hurghada","2026-12-24","2026-12-31","7.0","Warszawa - Modlin","2+1","98.0","4.0","4.0","9751.0","9773.8","9808.0","10384.0","10952.0","2.0","0.0","0.0","0.0","0.0","0.0","0.0","0.0","-2.0","4.0","49.0","6.34","0.0","0.0","4.4","3.0","0.0"
"2026-09-17T07:51:16+0000","egipt|hurghada|2026-12-24|2026-12-31|7|Warszawa - Modlin|2+1","filter_egypt_ny_dec24_2026_7_10_days","egipt","hurghada","2026-12-24","2026-12-31","7.0","Warszawa - Modlin","2+1","98.0","7.0","7.0","8827.0","9427.0","9943.0","10247.0","10952.0","2.0","0.0","0.0","0.0","0.0","0.0","0.0","0.0","1.0","6.0","52.0","4.3","1.0","0.0","4.5","5.0","0.0"
"2026-09-17T13:38:52+0000","egipt|hurghada|2026-12-24|2026-12-31|7|Warszawa - Modlin|2+1","filter_egypt_ny_dec24_2026_7_10_days","egipt","hurghada","2026-12-24","2026-12-31","7.0","Warszawa - Modlin","2+1","98.0","8.0","8.0","8701.0","8831.9","9245.75","9512.0","10952.0","6.0","0.0","0.0","0.0","0.0","0.0","0.0","0.0","2.0","6.0","60.0","-1.82","0.0","2.0","4.45","6.0","0.0"
"2026-09-17T15:08:55+0000","egipt|hurghada|2026-12-24|2026-12-31|7|Warszawa - Modlin|2+1","filter_egypt_ny_dec24_2026_7_10_days","egipt","hurghada","2026-12-24","2026-12-31","7.0","Warszawa - Modlin","2+1","98.0","5.0","5.0","9751.0","9797.4","9867.0","10287.0","10952.0","2.0","0.0","0.0","0.0","0.0","0.0","0.0","0.0","-3.0","5.0","45.0","6.16","0.0","0.0","4.5","3.0","0.0"
"2026-09-17T18:24:15+0000","egipt|hurghada|2026-12-24|2026-12-31|7|Warszawa - Modlin|2+1","filter_egypt_ny_dec24_2026_7_10_days","egipt","hurghada","2026-12-24","2026-12-31","7.0","Warszawa - Modlin","2+1","98.0","5.0","5.0","9751.0","9797.4","9867.0","10287.0","10952.0","2.0","0.0","0.0","0.0","0.0","0.0","0.0","0.0","-3.0","5.0","48.0","5.81","0.0","0.0","4.5","3.0","0.0"
"2026-09-17T22:20:46+0000","egipt|hurghada|2026-12-24|2026-12-31|7|Warszawa - Modlin|2+1","filter_egypt_ny_dec24_2026_7_10_days","egipt","hurghada","2026-12-24","2026-12-31","7.0","Warszawa - Modlin","2+1","98.0","5.0","5.0","9751.0","9797.4","9867.0","10287.0","10952.0","2.0","0.0","0.0","0.0","0.0","0.0","0.0","0.0","0.0","3.0","52.0","6.5","0.0","0.0","4.5","3.0","0.0"
"2026-09-18T00:33:38+0000","egipt|hurghada|2026-12-24|2026-12-31|7|Warszawa - Modlin|2+1","filter_egypt_ny_dec24_2026_7_10_days","egipt","hurghada","2026-12-24","2026-12-31","7.0","Warszawa - Modlin","2+1","97.0","5.0","5.0","9751.0","9797.4","9867.0","10287.0","10952.0","2.0","0.0","0.0","0.0","0.0","0.0","0.0","0.0","1.0","3.0","53.0","5.79","0.0","1.0","4.5","3.0","0.0"
"2026-09-18T06:05:26+0000","egipt|hurghada|2026-12-24|2026-12-31|7|Warszawa - Modlin|2+1","filter_egypt_ny_dec24_2026_7_10_days","egipt","hurghada","2026-12-24","2026-12-31","7.0","Warszawa - Modlin","2+1","97.0","6.0","6.0","9682.0","9716.5","9780.0","10077.0","10952.0","3.0","0.0","0.0","0.0","0.0","0.0","0.0","0.0","-1.0","6.0","55.0","4.38","0.0","1.0","4.45","4.0","0.0"
"2026-09-18T11:30:11+0000","egipt|hurghada|2026-12-24|2026-12-31|7|Warszawa - Modlin|2+1","filter_egypt_ny_dec24_2026_7_10_days","egipt","hurghada","2026-12-24","2026-12-31","7.0","Warszawa - Modlin","2+1","97.0","8.0","8.0","9128.0","9461.9","9692.75","9766.5","10952.0","5.0","0.0","8701.0","8984.67","9512.0","4.91","5.57","2.68","0.0","8.0","56.0","1.54","0.0","1.0","4.45","6.0","0.0"
"2026-09-18T16:36:01+0000","egipt|hurghada|2026-12-24|2026-12-31|7|Warszawa - Modlin|2+1","filter_egypt_ny_dec24_2026_7_10_days","egipt","hurghada","2026-12-24","2026-12-31","7.0","Warszawa - Modlin","2+1","97.0","3.0","3.0","10794.0","10820.6","10860.5","10927.0","10952.0","0.0","0.0","0.0","0.0","0.0","0.0","0.0","0.0","-2.0","3.0","49.0","8.42","0.0","1.0","4.6","2.0","0.0"
"2026-09-18T19:46:30+0000","egipt|hurghada|2026-12-24|2026-12-31|7|Warszawa - Modlin|2+1","filter_egypt_ny_dec24_2026_7_10_days","egipt","hurghada","2026-12-24","2026-12-31","7.0","Warszawa - Modlin","2+1","97.0","7.0","7.0","8988.0","9274.2","9523.5","9642.0","10952.0","4.0","0.0","0.0","0.0","0.0","0.0","0.0","0.0","2.0","4.0","59.0","0.15","0.0","2.0","4.4","5.0","0.0"
"2026-09-18T22:43:16+0000","egipt|hurghada|2026-12-24|2026-12-31|7|Warszawa - Modlin|2+1","filter_egypt_ny_dec24_2026_7_10_days","egipt","hurghada","2026-12-24","2026-12-31","7.0","Warszawa - Modlin","2+1","97.0","3.0","3.0","10235.0","10373.4","10581.0","10927.0","10952.0","0.0","0.0","0.0","0.0","0.0","0.0","0.0","0.0","-2.0","2.0","49.0","8.1","0.0","1.0","4.45","2.0","0.0"
"2026-09-19T05:51:23+0000","egipt|hurghada|2026-12-24|2026-12-31|7|Warszawa - Modlin|2+1","filter_egypt_ny_dec24_2026_7_10_days","egipt","hurghada","2026-12-24","2026-12-31","7.0","Warszawa - Modlin","2+1","96.0","8.0","8.0","9368.0","9701.9","9932.75","10368.0","10952.0","3.0","0.0","0.0","0.0","0.0","0.0","0.0","0.0","2.0","5.0","50.0","3.25","0.0","1.0","4.45","6.0","0.0"
"2026-09-19T11:13:51+0000","egipt|hurghada|2026-12-24|2026-12-31|7|Warszawa - Modlin|2+1","filter_egypt_ny_dec24_2026_7_10_days","egipt","hurghada","2026-12-24","2026-12-31","7.0","Warszawa - Modlin","2+1","96.0","7.0","7.0","9428.0","9714.2","9963.5","10082.0","10952.0","2.0","0.0","0.0","0.0","0.0","0.0","0.0","0.0","-1.0","5.0","46.0","3.29","0.0","0.0","4.5","5.0","0.0"
"2026-09-19T14:35:13+0000","egipt|hurghada|2026-12-24|2026-12-31|7|Warszawa - Modlin|2+1","filter_egypt_ny_dec24_2026_7_10_days","egipt","hurghada","2026-12-24","2026-12-31","7.0","Warszawa - Modlin","2+1","96.0","5.0","5.0","9382.0","9914.8","10714.0","10900.0","10952.0","1.0","0.0","0.0","0.0","0.0","0.0","0.0","0.0","2.0","2.0","54.0","4.49","0.0","1.0","4.45","4.0","0.0"
"2026-09-19T18:11:00+0000","egipt|hurghada|2026-12-24|2026-12-31|7|Warszawa - Modlin|2+1","filter_egypt_ny_dec24_2026_7_10_days","egipt","hurghada","2026-12-24","2026-12-31","7.0","Warszawa - Modlin","2+1","96.0","7.0","7.0","9208.0","9494.2","9743.5","9862.0","10952.0","4.0","0.0","0.0","0.0","0.0","0.0","0.0","0.0","4.0","1.0","54.0","1.43","0.0","0.0","4.5","5.0","0.0"
"2026-09-19T20:54:01+0000","egipt|hurghada|2026-12-24|2026-12-31|7|Warszawa - Modlin|2+1","filter_egypt_ny_dec24_2026_7_10_days","egipt","hurghada","2026-12-24","2026-12-31","7.0","Warszawa - Modlin","2+1","96.0","7.0","7.0","9208.0","9494.2","9743.5","9862.0","10952.0","4.0","0.0","0.0","0.0","0.0","0.0","0.0","0.0","0.0","5.0","56.0","1.39","0.0","1.0","4.5","5.0","0.0"
"2026-09-19T23:17:35+0000","egipt|hurghada|2026-12-24|2026-12-31|7|Warszawa - Modlin|2+1","filter_egypt_ny_dec24_2026_7_10_days","egipt","hurghada","2026-12-24","2026-12-31","7.0","Warszawa - Modlin","2+1","96.0","7.0","7.0","9208.0","9494.2","9743.5","9862.0","10952.0","4.0","0.0","0.0","0.0","0.0","0.0","0.0","0.0","4.0","3.0","59.0","1.43","0.0","2.0","4.5","5.0","0.0"
"2026-09-20T01:21:13+0000","egipt|hurghada|2026-12-24|2026-12-31|7|Warszawa - Modlin|2+1","filter_egypt_ny_dec24_2026_7_10_days","egipt","hurghada","2026-12-24","2026-12-31","7.0","Warszawa - Modlin","2+1","95.0","7.0","7.0","8788.0","9074.2","9323.5","9442.0","10952.0","4.0","0.0","0.0","0.0","0.0","0.0","0.0","0.0","4.0","3.0","69.0","-1.45","1.0","4.0","4.5","5.0","0.0"
"2026-09-20T06:31:48+0000","egipt|hurghada|2026-12-24|2026-12-31|7|Warszawa - Modlin|2+1","filter_egypt_ny_dec24_2026_7_10_days","egipt","hurghada","2026-12-24","2026-12-31","7.0","Warszawa - Modlin","2+1","95.0","7.0","7.0","9705.0","9775.2","9852.0","10200.0","10952.0","3.0","0.0","0.0","0.0","0.0","0.0","0.0","0.0","-1.0","7.0","52.0","2.58","0.0","1.0","4.5","5.0","0.0"
"2026-09-20T12:32:01+0000","egipt|hurghada|2026-12-24|2026-12-31|7|Warszawa - Modlin|2+1","filter_egypt_ny_dec24_2026_7_10_days","egipt","hurghada","2026-12-24","2026-12-31","7.0","Warszawa - Modlin","2+1","95.0","5.0","5.0","10420.0","10438.8","10467.0","10900.0","10952.0","0.0","0.0","0.0","0.0","0.0","0.0","0.0","0.0","-2.0","3.0","51.0","6.38","0.0","1.0","4.5","3.0","0.0"
"2026-09-20T16:55:41+0000","egipt|hurghada|2026-12-24|2026-12-31|7|Warszawa - Modlin|2+1","filter_egypt_ny_dec24_2026_7_10_days","egipt","hurghada","2026-12-24","2026-12-31","7.0","Warszawa - Modlin","2+1","95.0","5.0","5.0","10420.0","10438.8","10467.0","10900.0","10952.0","0.0","0.0","0.0","0.0","0.0","0.0","0.0","0.0","-2.0","3.0","52.0","6.25","0.0","1.0","4.5","3.0","0.0"
"2026-09-20T19:36:54+0000","egipt|hurghada|2026-12-24|2026-12-31|7|Warszawa - Modlin|2+1","filter_egypt_ny_dec24_2026_7_10_days","egipt","hurghada","2026-12-24","2026-12-31","7.0","Warszawa - Modlin","2+1","95.0","5.0","5.0","10420.0","10438.8","10467.0","10900.0","10952.0","0.0","0.0","0.0","0.0","0.0","0.0","0.0","0.0","-2.0","3.0","55.0","6.14","0.0","1.0","4.5","3.0","0.0"
"2026-09-20T22:35:49+0000","egipt|hurghada|2026-12-24|2026-12-31|7|Warszawa - Modlin|2+1","filter_egypt_ny_dec24_2026_7_10_days","egipt","hurghada","2026-12-24","2026-12-31","7.0","Warszawa - Modlin","2+1","95.0","5.0","5.0","10420.0","10438.8","10467.0","10900.0","10952.0","0.0","0.0","0.0","0.0","0.0","0.0","0.0","0.0","-2.0","5.0","56.0","6.03","0.0","2.0","4.5","3.0","0.0"
"2026-09-21T01:16:09+0000","egipt|hurghada|2026-12-24|2026-12-31|7|Warszawa - Modlin|2+1","filter_egypt_ny_dec24_2026_7_10_days","egipt","hurghada","2026-12-24","2026-12-31","7.0","Warszawa - Modlin","2+1","94.0","5.0","5.0","10420.0","10438.8","10467.0","10900.0","10952.0","0.0","0.0","0.0","0.0","0.0","0.0","0.0","0.0","-2.0","0.0","0.0","0.0","0.0","0.0","4.5","3.0","0.0"
"2026-09-21T05:24:33+0000","egipt|hurghada|2026-12-24|2026-12-31|7|Warszawa - Modlin|2+1","filter_egypt_ny_dec24_2026_7_10_days","egipt","hurghada","2026-12-24","2026-12-31","7.0","Warszawa - Modlin","2+1","94.0","5.0","5.0","10420.0","10438.8","10467.0","10900.0","10952.0","0.0","0.0","0.0","0.0","0.0","0.0","0.0","0.0","-2.0","0.0","55.0","0.0","0.0","0.0","4.5","3.0","0.0"
"2026-09-21T06:33:57+0000","egipt|hurghada|2026-12-24|2026-12-31|7|Warszawa - Modlin|2+1","filter_egypt_ny_dec24_2026_7_10_days","egipt","hurghada","2026-12-24","2026-12-31","7.0","Warszawa - Modlin","2+1","94.0","5.0","5.0","10420.0","10438.8","10467.0","10900.0","10952.0","0.0","0.0","0.0","0.0","0.0","0.0","0.0","0.0","-2.0","0.0","56.0","0.0","0.0","0.0","4.5","3.0","0.0"
"2026-09-21T14:22:43+0000","egipt|hurghada|2026-12-24|2026-12-31|7|Warszawa - Modlin|2+1","filter_egypt_ny_dec24_2026_7_10_days","egipt","hurghada","2026-12-24","2026-12-31","7.0","Warszawa - Modlin","2+1","94.0","5.0","5.0","9265.0","9661.8","10257.0","10420.0","10900.0","1.0","0.0","0.0","0.0","0.0","0.0","0.0","0.0","0.0","0.0","57.0","-0.65","0.0","0.0","4.5","3.0","0.0"
"2026-09-21T20:05:16+0000","egipt|hurghada|2026-12-24|2026-12-31|7|Warszawa - Modlin|2+1","filter_egypt_ny_dec24_2026_7_10_days","egipt","hurghada","2026-12-24","2026-12-31","7.0","Warszawa - Modlin","2+1","94.0","4.0","4.0","10257.0","10305.9","10379.25","10568.5","10900.0","0.0","0.0","0.0","0.0","0.0","0.0","0.0","0.0","-1.0","0.0","58.0","-0.55","0.0","0.0","4.5","2.0","0.0"
"2026-09-21T23:25:50+0000","egipt|hurghada|2026-12-24|2026-12-31|7|Warszawa - Modlin|2+1","filter_egypt_ny_dec24_2026_7_10_days","egipt","hurghada","2026-12-24","2026-12-31","7.0","Warszawa - Modlin","2+1","94.0","5.0","5.0","10257.0","10322.2","10420.0","10717.0","10952.0","0.0","0.0","0.0","0.0","0.0","0.0","0.0","0.0","0.0","0.0","59.0","-0.41","0.0","0.0","4.5","3.0","0.0"
"2026-09-22T05:11:54+0000","egipt|hurghada|2026-12-24|2026-12-31|7|Warszawa - Modlin|2+1","filter_egypt_ny_dec24_2026_7_10_days","egipt","hurghada","2026-12-24","2026-12-31","7.0","Warszawa - Modlin","2+1","93.0","5.0","5.0","10257.0","10322.2","10420.0","10717.0","10952.0","0.0","0.0","0.0","0.0","0.0","0.0","0.0","0.0","0.0","5.0","61.0","-0.32","0.0","0.0","4.5","3.0","0.0"
"2026-09-22T10:08:39+0000","egipt|hurghada|2026-12-24|2026-12-31|7|Warszawa - Modlin|2+1","filter_egypt_ny_dec24_2026_7_10_days","egipt","hurghada","2026-12-24","2026-12-31","7.0","Warszawa - Modlin","2+1","93.0","7.0","7.0","9416.0","9920.6","10338.5","10691.0","10904.0","1.0","0.0","0.0","0.0","0.0","0.0","0.0","0.0","2.0","5.0","62.0","-2.49","0.0","0.0","4.5","5.0","0.0"
"2026-09-22T15:05:35+0000","egipt|hurghada|2026-12-24|2026-12-31|7|Warszawa - Modlin|2+1","filter_egypt_ny_dec24_2026_7_10_days","egipt","hurghada","2026-12-24","2026-12-31","7.0","Warszawa - Modlin","2+1","93.0","4.0","4.0","10257.0","10324.2","10425.0","10599.0","10900.0","0.0","0.0","0.0","0.0","0.0","0.0","0.0","0.0","-1.0","4.0","57.0","0.16","0.0","1.0","4.5","2.0","0.0"
"2026-09-22T19:03:54+0000","egipt|hurghada|2026-12-24|2026-12-31|7|Warszawa - Modlin|2+1","filter_egypt_ny_dec24_2026_7_10_days","egipt","hurghada","2026-12-24","2026-12-31","7.0","Warszawa - Modlin","2+1","93.0","4.0","4.0","10257.0","10324.2","10425.0","10599.0","10900.0","0.0","0.0","0.0","0.0","0.0","0.0","0.0","0.0","0.0","4.0","59.0","0.15","0.0","1.0","4.5","2.0","0.0"
"2026-09-22T22:22:06+0000","egipt|hurghada|2026-12-24|2026-12-31|7|Warszawa - Modlin|2+1","filter_egypt_ny_dec24_2026_7_10_days","egipt","hurghada","2026-12-24","2026-12-31","7.0","Warszawa - Modlin","2+1","93.0","5.0","5.0","10257.0","10346.6","10481.0","10717.0","10952.0","0.0","0.0","0.0","0.0","0.0","0.0","0.0","0.0","0.0","5.0","61.0","0.13","0.0","1.0","4.5","3.0","0.0"
"2026-09-23T00:48:39+0000","egipt|hurghada|2026-12-24|2026-12-31|7|Warszawa - Modlin|2+1","filter_egypt_ny_dec24_2026_7_10_days","egipt","hurghada","2026-12-24","2026-12-31","7.0","Warszawa - Modlin","2+1","92.0","5.0","5.0","10257.0","10346.6","10481.0","10717.0","10952.0","0.0","0.0","0.0","0.0","0.0","0.0","0.0","0.0","0.0","5.0","62.0","0.13","0.0","1.0","4.5","3.0","0.0"
"2026-09-23T05:24:24+0000","egipt|hurghada|2026-12-24|2026-12-31|7|Warszawa - Modlin|2+1","filter_egypt_ny_dec24_2026_7_10_days","egipt","hurghada","2026-12-24","2026-12-31","7.0","Warszawa - Modlin","2+1","92.0","5.0","5.0","10257.0","10346.6","10481.0","10717.0","10952.0","0.0","0.0","0.0","0.0","0.0","0.0","0.0","0.0","0.0","5.0","63.0","0.04","0.0","3.0","4.5","3.0","0.0"
"2026-09-23T06:08:06+0000","egipt|hurghada|2026-12-24|2026-12-31|7|Warszawa - Modlin|2+1","filter_egypt_ny_dec24_2026_7_10_days","egipt","hurghada","2026-12-24","2026-12-31","7.0","Warszawa - Modlin","2+1","92.0","5.0","5.0","10257.0","10346.6","10481.0","10717.0","10952.0","0.0","0.0","0.0","0.0","0.0","0.0","0.0","0.0","0.0","5.0","64.0","0.04","0.0","3.0","4.5","3.0","0.0"
"2026-09-23T11:53:15+0000","egipt|hurghada|2026-12-24|2026-12-31|7|Warszawa - Modlin|2+1","filter_egypt_ny_dec24_2026_7_10_days","egipt","hurghada","2026-12-24","2026-12-31","7.0","Warszawa - Modlin","2+1","92.0","4.0","4.0","10257.0","10395.0","10602.0","10786.5","10952.0","0.0","0.0","0.0","0.0","0.0","0.0","0.0","0.0","-3.0","4.0","67.0","-0.04","0.0","3.0","4.45","2.0","0.0"
"2026-09-23T17:16:16+0000","egipt|hurghada|2026-12-24|2026-12-31|7|Warszawa - Modlin|2+1","filter_egypt_ny_dec24_2026_7_10_days","egipt","hurghada","2026-12-24","2026-12-31","7.0","Warszawa - Modlin","2+1","92.0","4.0","4.0","10257.0","10395.0","10602.0","10786.5","10952.0","0.0","0.0","0.0","0.0","0.0","0.0","0.0","0.0","0.0","3.0","68.0","-0.04","0.0","3.0","4.45","2.0","0.0"
"2026-09-23T20:33:25+0000","egipt|hurghada|2026-12-24|2026-12-31|7|Warszawa - Modlin|2+1","filter_egypt_ny_dec24_2026_7_10_days","egipt","hurghada","2026-12-24","2026-12-31","7.0","Warszawa - Modlin","2+1","92.0","6.0","6.0","9685.0","9754.0","9954.0","10567.0","10937.0","2.0","0.0","0.0","0.0","0.0","0.0","0.0","0.0","2.0","3.0","55.0","-0.1","0.0","1.0","4.45","4.0","0.0"
"2026-09-24T05:05:16+0000","egipt|hurghada|2026-12-24|2026-12-31|7|Warszawa - Modlin|2+1","filter_egypt_ny_dec24_2026_7_10_days","egipt","hurghada","2026-12-24","2026-12-31","7.0","Warszawa - Modlin","2+1","91.0","4.0","4.0","10347.0","10479.0","10677.0","10821.5","10952.0","0.0","0.0","0.0","0.0","0.0","0.0","0.0","0.0","-1.0","4.0","58.0","0.29","0.0","1.0","4.45","2.0","0.0"
"2026-09-24T10:13:08+0000","egipt|hurghada|2026-12-24|2026-12-31|7|Warszawa - Modlin|2+1","filter_egypt_ny_dec24_2026_7_10_days","egipt","hurghada","2026-12-24","2026-12-31","7.0","Warszawa - Modlin","2+1","91.0","4.0","4.0","10347.0","10387.2","10447.5","10634.0","10856.0","0.0","0.0","0.0","0.0","0.0","0.0","0.0","0.0","0.0","3.0","57.0","0.4","0.0","1.0","4.5","2.0","0.0"
"2026-09-24T15:18:16+0000","egipt|hurghada|2026-12-24|2026-12-31|7|Warszawa - Modlin|2+1","filter_egypt_ny_dec24_2026_7_10_days","egipt","hurghada","2026-12-24","2026-12-31","7.0","Warszawa - Modlin","2+1","91.0","5.0","5.0","8548.0","9267.6","10347.0","10481.0","10856.0","1.0","0.0","0.0","0.0","0.0","0.0","0.0","0.0","1.0","3.0","58.0","0.38","0.0","1.0","4.5","3.0","0.0"
"2026-09-24T19:22:15+0000","egipt|hurghada|2026-12-24|2026-12-31|7|Warszawa - Modlin|2+1","filter_egypt_ny_dec24_2026_7_10_days","egipt","hurghada","2026-12-24","2026-12-31","7.0","Warszawa - Modlin","2+1","91.0","5.0","5.0","8548.0","9267.6","10347.0","10481.0","10856.0","1.0","0.0","0.0","0.0","0.0","0.0","0.0","0.0","-1.0","3.0","60.0","0.29","0.0","1.0","4.5","3.0","0.0"
"2026-09-24T23:19:05+0000","egipt|hurghada|2026-12-24|2026-12-31|7|Warszawa - Modlin|2+1","filter_egypt_ny_dec24_2026_7_10_days","egipt","hurghada","2026-12-24","2026-12-31","7.0","Warszawa - Modlin","2+1","91.0","6.0","6.0","8548.0","9447.5","10380.5","10634.0","10952.0","1.0","0.0","0.0","0.0","0.0","0.0","0.0","0.0","0.0","3.0","61.0","0.24","0.0","2.0","4.5","4.0","0.0"
"2026-08-26T08:30:22+0000","egipt|hurghada|2026-12-24|2026-12-31|7|Warszawa|2+1","filter_egypt_ny_dec24_2026_7_10_days","egipt","hurghada","2026-12-24","2026-12-31","7.0","Warszawa","2+1","120.0","5.0","5.0","9325.0","9392.6","9494.0","9727.0","10919.0","3.0","0.0","0.0","0.0","0.0","0.0","0.0","0.0","0.0","0.0","0.0","0.0","0.0","0.0","4.25","4.0","0.0"
"2026-08-26T09:34:42+0000","egipt|hurghada|2026-12-24|2026-12-31|7|Warszawa|2+1","filter_egypt_ny_dec24_2026_7_10_days","egipt","hurghada","2026-12-24","2026-12-31","7.0","Warszawa","2+1","120.0","4.0","4.0","9325.0","9375.7","9451.75","9610.5","10919.0","3.0","0.0","0.0","0.0","0.0","0.0","0.0","0.0","0.0","0.0","53.0","0.0","0.0","0.0","4.2","3.0","0.0"
"2026-08-26T10:27:42+0000","egipt|hurghada|2026-12-24|2026-12-31|7|Warszawa|2+1","filter_egypt_ny_dec24_2026_7_10_days","egipt","hurghada","2026-12-24","2026-12-31","7.0","Warszawa","2+1","120.0","5.0","5.0","9325.0","9392.6","9494.0","9727.0","10919.0","3.0","0.0","0.0","0.0","0.0","0.0","0.0","0.0","0.0","0.0","54.0","0.85","0.0","0.0","4.25","4.0","0.0"
"2026-08-26T10:58:13+0000","egipt|hurghada|2026-12-24|2026-12-31|7|Warszawa|2+1","filter_egypt_ny_dec24_2026_7_10_days","egipt","hurghada","2026-12-24","2026-12-31","7.0","Warszawa","2+1","120.0","5.0","5.0","9325.0","9392.6","9494.0","9727.0","10919.0","3.0","0.0","0.0","0.0","0.0","0.0","0.0","0.0","0.0","0.0","55.0","0.9","0.0","0.0","4.25","4.0","0.0"
"2026-08-26T11:23:14+0000","egipt|hurghada|2026-12-24|2026-12-31|7|Warszawa|2+1","filter_egypt_ny_dec24_2026_7_10_days","egipt","hurghada","2026-12-24","2026-12-31","7.0","Warszawa","2+1","120.0","5.0","5.0","9325.0","9392.6","9494.0","9727.0","10919.0","3.0","0.0","0.0","0.0","0.0","0.0","0.0","0.0","0.0","0.0","56.0","0.64","0.0","0.0","4.25","4.0","0.0"
"2026-08-26T12:33:22+0000","egipt|hurghada|2026-12-24|2026-12-31|7|Warszawa|2+1","filter_egypt_ny_dec24_2026_7_10_days","egipt","hurghada","2026-12-24","2026-12-31","7.0","Warszawa","2+1","120.0","5.0","5.0","9325.0","9392.6","9494.0","9727.0","10919.0","3.0","0.0","0.0","0.0","0.0","0.0","0.0","0.0","0.0","0.0","57.0","0.48","0.0","0.0","4.25","4.0","0.0"
"2026-08-26T13:48:44+0000","egipt|hurghada|2026-12-24|2026-12-31|7|Warszawa|2+1","filter_egypt_ny_dec24_2026_7_10_days","egipt","hurghada","2026-12-24","2026-12-31","7.0","Warszawa","2+1","120.0","5.0","5.0","9325.0","9392.6","9494.0","9727.0","10919.0","3.0","0.0","0.0","0.0","0.0","0.0","0.0","0.0","0.0","0.0","58.0","0.37","0.0","0.0","4.25","4.0","0.0"
"2026-08-26T14:38:03+0000","egipt|hurghada|2026-12-24|2026-12-31|7|Warszawa|2+1","filter_egypt_ny_dec24_2026_7_10_days","egipt","hurghada","2026-12-24","2026-12-31","7.0","Warszawa","2+1","120.0","5.0","5.0","9325.0","9392.6","9494.0","9727.0","10919.0","3.0","0.0","0.0","0.0","0.0","0.0","0.0","0.0","0.0","0.0","59.0","0.34","0.0","0.0","4.25","4.0","0.0"
"2026-08-26T16:13:30+0000","egipt|hurghada|2026-12-24|2026-12-31|7|Warszawa|2+1","filter_egypt_ny_dec24_2026_7_10_days","egipt","hurghada","2026-12-24","2026-12-31","7.0","Warszawa","2+1","120.0","5.0","5.0","9325.0","9392.6","9494.0","9727.0","10919.0","3.0","0.0","0.0","0.0","0.0","0.0","0.0","0.0","0.0","0.0","60.0","0.27","0.0","1.0","4.25","4.0","0.0"
"2026-08-26T18:53:07+0000","egipt|hurghada|2026-12-24|2026-12-31|7|Warszawa|2+1","filter_egypt_ny_dec24_2026_7_10_days","egipt","hurghada","2026-12-24","2026-12-31","7.0","Warszawa","2+1","120.0","5.0","5.0","9325.0","9392.6","9494.0","9727.0","10919.0","3.0","0.0","0.0","0.0","0.0","0.0","0.0","0.0","0.0","0.0","62.0","0.2","0.0","1.0","4.25","4.0","0.0"
"2026-08-26T21:31:23+0000","egipt|hurghada|2026-12-24|2026-12-31|7|Warszawa|2+1","filter_egypt_ny_dec24_2026_7_10_days","egipt","hurghada","2026-12-24","2026-12-31","7.0","Warszawa","2+1","120.0","5.0","5.0","9325.0","9392.6","9494.0","9727.0","10919.0","3.0","0.0","0.0","0.0","0.0","0.0","0.0","0.0","0.0","4.0","63.0","0.17","0.0","3.0","4.25","4.0","0.0"
"2026-08-27T02:27:44+0000","egipt|hurghada|2026-12-24|2026-12-31|7|Warszawa|2+1","filter_egypt_ny_dec24_2026_7_10_days","egipt","hurghada","2026-12-24","2026-12-31","7.0","Warszawa","2+1","119.0","5.0","5.0","9325.0","9392.6","9494.0","9727.0","10919.0","3.0","0.0","0.0","0.0","0.0","0.0","0.0","0.0","0.0","4.0","64.0","0.12","0.0","3.0","4.25","4.0","0.0"
"2026-08-27T10:16:43+0000","egipt|hurghada|2026-12-24|2026-12-31|7|Warszawa|2+1","filter_egypt_ny_dec24_2026_7_10_days","egipt","hurghada","2026-12-24","2026-12-31","7.0","Warszawa","2+1","119.0","5.0","5.0","9325.0","9392.6","9494.0","9727.0","10919.0","3.0","0.0","0.0","0.0","0.0","0.0","0.0","0.0","0.0","4.0","65.0","0.09","0.0","3.0","4.25","4.0","0.0"
"2026-08-27T13:06:18+0000","egipt|hurghada|2026-12-24|2026-12-31|7|Warszawa|2+1","filter_egypt_ny_dec24_2026_7_10_days","egipt","hurghada","2026-12-24","2026-12-31","7.0","Warszawa","2+1","119.0","5.0","5.0","9325.0","9392.6","9494.0","9727.0","10919.0","3.0","0.0","0.0","0.0","0.0","0.0","0.0","0.0","0.0","4.0","65.0","0.08","0.0","3.0","4.25","4.0","0.0"
"2026-08-27T13:22:52+0000","egipt|hurghada|2026-12-24|2026-12-31|7|Warszawa|2+1","filter_egypt_ny_dec24_2026_7_10_days","egipt","hurghada","2026-12-24","2026-12-31","7.0","Warszawa","2+1","119.0","5.0","5.0","9325.0","9392.6","9494.0","9727.0","10919.0","3.0","0.0","0.0","0.0","0.0","0.0","0.0","0.0","0.0","4.0","66.0","0.08","0.0","3.0","4.25","4.0","0.0"
"2026-08-27T15:41:38+0000","egipt|hurghada|2026-12-24|2026-12-31|7|Warszawa|2+1","filter_egypt_ny_dec24_2026_7_10_days","egipt","hurghada","2026-12-24","2026-12-31","7.0","Warszawa","2+1","119.0","5.0","5.0","9325.0","9392.6","9494.0","9727.0","10919.0","3.0","0.0","0.0","0.0","0.0","0.0","0.0","0.0","0.0","5.0","69.0","0.07","0.0","4.0","4.25","4.0","0.0"
"2026-08-27T23:24:49+0000","egipt|hurghada|2026-12-24|2026-12-31|7|Warszawa|2+1","filter_egypt_ny_dec24_2026_7_10_days","egipt","hurghada","2026-12-24","2026-12-31","7.0","Warszawa","2+1","119.0","5.0","5.0","9325.0","9392.6","9494.0","9727.0","10919.0","3.0","0.0","0.0","0.0","0.0","0.0","0.0","0.0","0.0","5.0","70.0","0.06","0.0","4.0","4.25","4.0","0.0"
"2026-08-28T05:44:15+0000","egipt|hurghada|2026-12-24|2026-12-31|7|Warszawa|2+1","filter_egypt_ny_dec24_2026_7_10_days","egipt","hurghada","2026-12-24","2026-12-31","7.0","Warszawa","2+1","118.0","5.0","5.0","9325.0","9392.6","9494.0","9727.0","10919.0","3.0","0.0","0.0","0.0","0.0","0.0","0.0","0.0","0.0","5.0","71.0","0.05","0.0","4.0","4.25","4.0","0.0"
"2026-08-28T06:04:41+0000","egipt|hurghada|2026-12-24|2026-12-31|7|Warszawa|2+1","filter_egypt_ny_dec24_2026_7_10_days","egipt","hurghada","2026-12-24","2026-12-31","7.0","Warszawa","2+1","118.0","5.0","5.0","9325.0","9392.6","9494.0","9727.0","10919.0","3.0","0.0","0.0","0.0","0.0","0.0","0.0","0.0","0.0","5.0","72.0","0.05","0.0","5.0","4.25","4.0","0.0"
"2026-08-28T07:53:00+0000","egipt|hurghada|2026-12-24|2026-12-31|7|Warszawa|2+1","filter_egypt_ny_dec24_2026_7_10_days","egipt","hurghada","2026-12-24","2026-12-31","7.0","Warszawa","2+1","118.0","5.0","5.0","9325.0","9392.6","9494.0","9727.0","10919.0","3.0","0.0","0.0","0.0","0.0","0.0","0.0","0.0","0.0","5.0","73.0","0.05","0.0","5.0","4.25","4.0","0.0"
"2026-08-28T08:10:48+0000","egipt|hurghada|2026-12-24|2026-12-31|7|Warszawa|2+1","filter_egypt_ny_dec24_2026_7_10_days","egipt","hurghada","2026-12-24","2026-12-31","7.0","Warszawa","2+1","118.0","5.0","5.0","9325.0","9392.6","9494.0","9727.0","10919.0","3.0","0.0","0.0","0.0","0.0","0.0","0.0","0.0","0.0","5.0","73.0","0.05","0.0","5.0","4.25","4.0","0.0"
"2026-08-28T19:50:00+0000","egipt|hurghada|2026-12-24|2026-12-31|7|Warszawa|2+1","filter_egypt_ny_dec24_2026_7_10_days","egipt","hurghada","2026-12-24","2026-12-31","7.0","Warszawa","2+1","118.0","4.0","4.0","9325.0","9445.6","9626.5","10068.5","10919.0","2.0","0.0","0.0","0.0","0.0","0.0","0.0","0.0","-1.0","2.0","67.0","0.0","0.0","2.0","4.2","3.0","0.0"
"2026-08-29T02:39:15+0000","egipt|hurghada|2026-12-24|2026-12-31|7|Warszawa|2+1","filter_egypt_ny_dec24_2026_7_10_days","egipt","hurghada","2026-12-24","2026-12-31","7.0","Warszawa","2+1","117.0","4.0","4.0","9325.0","9445.6","9626.5","10068.5","10919.0","2.0","0.0","0.0","0.0","0.0","0.0","0.0","0.0","-1.0","3.0","70.0","0.04","0.0","3.0","4.2","3.0","0.0"
"2026-08-29T06:51:20+0000","egipt|hurghada|2026-12-24|2026-12-31|7|Warszawa|2+1","filter_egypt_ny_dec24_2026_7_10_days","egipt","hurghada","2026-12-24","2026-12-31","7.0","Warszawa","2+1","117.0","4.0","4.0","9370.0","9490.9","9672.25","10116.5","10972.0","2.0","0.0","0.0","0.0","0.0","0.0","0.0","0.0","-1.0","3.0","44.0","0.49","0.0","0.0","4.2","3.0","0.0"
"2026-08-29T09:12:03+0000","egipt|hurghada|2026-12-24|2026-12-31|7|Warszawa|2+1","filter_egypt_ny_dec24_2026_7_10_days","egipt","hurghada","2026-12-24","2026-12-31","7.0","Warszawa","2+1","117.0","4.0","4.0","9370.0","9490.9","9672.25","10116.5","10972.0","2.0","0.0","0.0","0.0","0.0","0.0","0.0","0.0","-1.0","3.0","47.0","0.48","0.0","0.0","4.2","3.0","0.0"
"2026-08-29T09:30:53+0000","egipt|hurghada|2026-12-24|2026-12-31|7|Warszawa|2+1","filter_egypt_ny_dec24_2026_7_10_days","egipt","hurghada","2026-12-24","2026-12-31","7.0","Warszawa","2+1","117.0","4.0","4.0","9370.0","9490.9","9672.25","10116.5","10972.0","2.0","0.0","0.0","0.0","0.0","0.0","0.0","0.0","-1.0","3.0","47.0","0.48","0.0","0.0","4.2","3.0","0.0"
"2026-08-29T12:09:36+0000","egipt|hurghada|2026-12-24|2026-12-31|7|Warszawa|2+1","filter_egypt_ny_dec24_2026_7_10_days","egipt","hurghada","2026-12-24","2026-12-31","7.0","Warszawa","2+1","117.0","4.0","4.0","9370.0","9490.9","9672.25","10116.5","10972.0","2.0","0.0","0.0","0.0","0.0","0.0","0.0","0.0","-1.0","3.0","53.0","0.47","0.0","0.0","4.2","3.0","0.0"
"2026-08-29T14:39:09+0000","egipt|hurghada|2026-12-24|2026-12-31|7|Warszawa|2+1","filter_egypt_ny_dec24_2026_7_10_days","egipt","hurghada","2026-12-24","2026-12-31","7.0","Warszawa","2+1","117.0","4.0","4.0","9370.0","9490.9","9672.25","10116.5","10972.0","2.0","0.0","0.0","0.0","0.0","0.0","0.0","0.0","0.0","3.0","53.0","0.45","0.0","0.0","4.2","3.0","0.0"
"2026-08-29T18:41:43+0000","egipt|hurghada|2026-12-24|2026-12-31|7|Warszawa|2+1","filter_egypt_ny_dec24_2026_7_10_days","egipt","hurghada","2026-12-24","2026-12-31","7.0","Warszawa","2+1","117.0","4.0","4.0","9370.0","9490.9","9672.25","10116.5","10972.0","2.0","0.0","0.0","0.0","0.0","0.0","0.0","0.0","0.0","3.0","53.0","0.43","0.0","0.0","4.2","3.0","0.0"
"2026-08-29T21:52:29+0000","egipt|hurghada|2026-12-24|2026-12-31|7|Warszawa|2+1","filter_egypt_ny_dec24_2026_7_10_days","egipt","hurghada","2026-12-24","2026-12-31","7.0","Warszawa","2+1","117.0","4.0","4.0","9370.0","9490.9","9672.25","10116.5","10972.0","2.0","0.0","0.0","0.0","0.0","0.0","0.0","0.0","0.0","3.0","53.0","0.42","0.0","0.0","4.2","3.0","0.0"
"2026-08-30T00:29:41+0000","egipt|hurghada|2026-12-24|2026-12-31|7|Warszawa|2+1","filter_egypt_ny_dec24_2026_7_10_days","egipt","hurghada","2026-12-24","2026-12-31","7.0","Warszawa","2+1","116.0","4.0","4.0","9370.0","9490.9","9672.25","10116.5","10972.0","2.0","0.0","0.0","0.0","0.0","0.0","0.0","0.0","0.0","4.0","53.0","0.41","0.0","0.0","4.2","3.0","0.0"
"2026-08-30T06:46:13+0000","egipt|hurghada|2026-12-24|2026-12-31|7|Warszawa|2+1","filter_egypt_ny_dec24_2026_7_10_days","egipt","hurghada","2026-12-24","2026-12-31","7.0","Warszawa","2+1","116.0","4.0","4.0","9370.0","9490.9","9672.25","10116.5","10972.0","2.0","0.0","0.0","0.0","0.0","0.0","0.0","0.0","0.0","4.0","53.0","0.38","0.0","0.0","4.2","3.0","0.0"
"2026-08-30T06:59:08+0000","egipt|hurghada|2026-12-24|2026-12-31|7|Warszawa|2+1","filter_egypt_ny_dec24_2026_7_10_days","egipt","hurghada","2026-12-24","2026-12-31","7.0","Warszawa","2+1","116.0","4.0","4.0","9370.0","9490.9","9672.25","10116.5","10972.0","2.0","0.0","0.0","0.0","0.0","0.0","0.0","0.0","0.0","4.0","53.0","0.38","0.0","0.0","4.2","3.0","0.0"
"2026-08-30T11:49:50+0000","egipt|hurghada|2026-12-24|2026-12-31|7|Warszawa|2+1","filter_egypt_ny_dec24_2026_7_10_days","egipt","hurghada","2026-12-24","2026-12-31","7.0","Warszawa","2+1","116.0","5.0","5.0","9370.0","9437.6","9539.0","9773.0","10972.0","3.0","0.0","0.0","0.0","0.0","0.0","0.0","0.0","1.0","4.0","52.0","0.65","0.0","0.0","4.25","4.0","0.0"
"2026-08-30T13:02:40+0000","egipt|hurghada|2026-12-24|2026-12-31|7|Warszawa|2+1","filter_egypt_ny_dec24_2026_7_10_days","egipt","hurghada","2026-12-24","2026-12-31","7.0","Warszawa","2+1","116.0","5.0","5.0","9370.0","9437.6","9539.0","9773.0","10972.0","3.0","0.0","0.0","0.0","0.0","0.0","0.0","0.0","1.0","4.0","53.0","0.65","0.0","0.0","4.25","4.0","0.0"
"2026-08-30T15:01:50+0000","egipt|hurghada|2026-12-24|2026-12-31|7|Warszawa|2+1","filter_egypt_ny_dec24_2026_7_10_days","egipt","hurghada","2026-12-24","2026-12-31","7.0","Warszawa","2+1","116.0","5.0","5.0","9370.0","9437.6","9539.0","9773.0","10972.0","3.0","0.0","0.0","0.0","0.0","0.0","0.0","0.0","1.0","4.0","54.0","0.63","0.0","0.0","4.25","4.0","0.0"
"2026-08-30T17:39:15+0000","egipt|hurghada|2026-12-24|2026-12-31|7|Warszawa|2+1","filter_egypt_ny_dec24_2026_7_10_days","egipt","hurghada","2026-12-24","2026-12-31","7.0","Warszawa","2+1","116.0","5.0","5.0","9370.0","9437.6","9539.0","9773.0","10972.0","3.0","0.0","0.0","0.0","0.0","0.0","0.0","0.0","1.0","4.0","54.0","0.62","0.0","0.0","4.25","4.0","0.0"
"2026-08-30T23:39:58+0000","egipt|hurghada|2026-12-24|2026-12-31|7|Warszawa|2+1","filter_egypt_ny_dec24_2026_7_10_days","egipt","hurghada","2026-12-24","2026-12-31","7.0","Warszawa","2+1","116.0","5.0","5.0","9370.0","9437.6","9539.0","9773.0","10972.0","3.0","0.0","0.0","0.0","0.0","0.0","0.0","0.0","1.0","3.0","53.0","0.55","0.0","0.0","4.25","4.0","0.0"
"2026-08-31T05:42:39+0000","egipt|hurghada|2026-12-24|2026-12-31|7|Warszawa|2+1","filter_egypt_ny_dec24_2026_7_10_days","egipt","hurghada","2026-12-24","2026-12-31","7.0","Warszawa","2+1","115.0","5.0","5.0","9370.0","9437.6","9539.0","9773.0","10972.0","3.0","0.0","0.0","0.0","0.0","0.0","0.0","0.0","1.0","0.0","0.0","0.0","0.0","0.0","4.25","4.0","0.0"
"2026-08-31T06:00:23+0000","egipt|hurghada|2026-12-24|2026-12-31|7|Warszawa|2+1","filter_egypt_ny_dec24_2026_7_10_days","egipt","hurghada","2026-12-24","2026-12-31","7.0","Warszawa","2+1","115.0","5.0","5.0","9370.0","9437.6","9539.0","9773.0","10972.0","3.0","0.0","0.0","0.0","0.0","0.0","0.0","0.0","1.0","0.0","0.0","0.0","0.0","0.0","4.25","4.0","0.0"
"2026-08-31T07:49:17+0000","egipt|hurghada|2026-12-24|2026-12-31|7|Warszawa|2+1","filter_egypt_ny_dec24_2026_7_10_days","egipt","hurghada","2026-12-24","2026-12-31","7.0","Warszawa","2+1","115.0","5.0","5.0","9370.0","9437.6","9539.0","9773.0","10972.0","3.0","0.0","0.0","0.0","0.0","0.0","0.0","0.0","1.0","0.0","55.0","0.0","0.0","0.0","4.25","4.0","0.0"
"2026-08-31T13:12:09+0000","egipt|hurghada|2026-12-24|2026-12-31|7|Warszawa|2+1","filter_egypt_ny_dec24_2026_7_10_days","egipt","hurghada","2026-12-24","2026-12-31","7.0","Warszawa","2+1","115.0","5.0","5.0","9370.0","9437.6","9539.0","9773.0","10972.0","3.0","0.0","0.0","0.0","0.0","0.0","0.0","0.0","0.0","0.0","56.0","0.0","0.0","0.0","4.25","4.0","0.0"
"2026-08-31T14:08:33+0000","egipt|hurghada|2026-12-24|2026-12-31|7|Warszawa|2+1","filter_egypt_ny_dec24_2026_7_10_days","egipt","hurghada","2026-12-24","2026-12-31","7.0","Warszawa","2+1","115.0","5.0","5.0","9370.0","9437.6","9539.0","9773.0","10972.0","3.0","0.0","0.0","0.0","0.0","0.0","0.0","0.0","0.0","0.0","58.0","0.0","0.0","0.0","4.25","4.0","0.0"
"2026-08-31T15:54:27+0000","egipt|hurghada|2026-12-24|2026-12-31|7|Warszawa|2+1","filter_egypt_ny_dec24_2026_7_10_days","egipt","hurghada","2026-12-24","2026-12-31","7.0","Warszawa","2+1","115.0","5.0","5.0","9370.0","9437.6","9539.0","9773.0","10972.0","3.0","0.0","0.0","0.0","0.0","0.0","0.0","0.0","0.0","0.0","59.0","0.0","0.0","0.0","4.25","4.0","0.0"
"2026-08-31T20:15:42+0000","egipt|hurghada|2026-12-24|2026-12-31|7|Warszawa|2+1","filter_egypt_ny_dec24_2026_7_10_days","egipt","hurghada","2026-12-24","2026-12-31","7.0","Warszawa","2+1","115.0","5.0","5.0","9370.0","9437.6","9539.0","9773.0","10972.0","3.0","0.0","0.0","0.0","0.0","0.0","0.0","0.0","0.0","0.0","60.0","0.0","0.0","0.0","4.25","4.0","0.0"
"2026-08-31T23:59:15+0000","egipt|hurghada|2026-12-24|2026-12-31|7|Warszawa|2+1","filter_egypt_ny_dec24_2026_7_10_days","egipt","hurghada","2026-12-24","2026-12-31","7.0","Warszawa","2+1","115.0","5.0","5.0","9370.0","9437.6","9539.0","9773.0","10972.0","3.0","0.0","0.0","0.0","0.0","0.0","0.0","0.0","0.0","0.0","61.0","0.0","0.0","0.0","4.25","4.0","0.0"
"2026-09-01T05:01:32+0000","egipt|hurghada|2026-12-24|2026-12-31|7|Warszawa|2+1","filter_egypt_ny_dec24_2026_7_10_days","egipt","hurghada","2026-12-24","2026-12-31","7.0","Warszawa","2+1","114.0","5.0","5.0","9370.0","9437.6","9539.0","9773.0","10972.0","3.0","0.0","0.0","0.0","0.0","0.0","0.0","0.0","0.0","5.0","62.0","0.0","0.0","1.0","4.25","4.0","0.0"
"2026-09-01T05:23:27+0000","egipt|hurghada|2026-12-24|2026-12-31|7|Warszawa|2+1","filter_egypt_ny_dec24_2026_7_10_days","egipt","hurghada","2026-12-24","2026-12-31","7.0","Warszawa","2+1","114.0","5.0","5.0","9370.0","9437.6","9539.0","9773.0","10972.0","3.0","0.0","0.0","0.0","0.0","0.0","0.0","0.0","0.0","5.0","63.0","0.0","0.0","1.0","4.25","4.0","0.0"
"2026-09-01T11:50:39+0000","egipt|hurghada|2026-12-24|2026-12-31|7|Warszawa|2+1","filter_egypt_ny_dec24_2026_7_10_days","egipt","hurghada","2026-12-24","2026-12-31","7.0","Warszawa","2+1","114.0","4.0","4.0","9381.0","9498.6","9675.0","10116.5","10972.0","2.0","0.0","0.0","0.0","0.0","0.0","0.0","0.0","-1.0","4.0","59.0","0.03","0.0","2.0","4.2","3.0","0.0"
"2026-09-01T14:11:33+0000","egipt|hurghada|2026-12-24|2026-12-31|7|Warszawa|2+1","filter_egypt_ny_dec24_2026_7_10_days","egipt","hurghada","2026-12-24","2026-12-31","7.0","Warszawa","2+1","114.0","5.0","5.0","9381.0","9537.8","9773.0","9905.0","10972.0","3.0","0.0","0.0","0.0","0.0","0.0","0.0","0.0","0.0","4.0","56.0","2.52","0.0","2.0","4.2","3.0","0.0"
"2026-09-01T16:49:47+0000","egipt|hurghada|2026-12-24|2026-12-31|7|Warszawa|2+1","filter_egypt_ny_dec24_2026_7_10_days","egipt","hurghada","2026-12-24","2026-12-31","7.0","Warszawa","2+1","114.0","5.0","5.0","9235.0","9396.6","9639.0","9770.0","10837.0","3.0","0.0","0.0","0.0","0.0","0.0","0.0","0.0","0.0","4.0","62.0","1.01","0.0","3.0","4.2","3.0","0.0"
"2026-09-01T22:43:06+0000","egipt|hurghada|2026-12-24|2026-12-31|7|Warszawa|2+1","filter_egypt_ny_dec24_2026_7_10_days","egipt","hurghada","2026-12-24","2026-12-31","7.0","Warszawa","2+1","114.0","4.0","4.0","9246.0","9363.9","9540.75","9982.5","10837.0","2.0","0.0","0.0","0.0","0.0","0.0","0.0","0.0","-1.0","4.0","64.0","-1.03","0.0","3.0","4.2","3.0","0.0"
"2026-09-02T01:08:53+0000","egipt|hurghada|2026-12-24|2026-12-31|7|Warszawa|2+1","filter_egypt_ny_dec24_2026_7_10_days","egipt","hurghada","2026-12-24","2026-12-31","7.0","Warszawa","2+1","113.0","3.0","3.0","9246.0","9324.6","9442.5","9639.0","10837.0","2.0","0.0","0.0","0.0","0.0","0.0","0.0","0.0","-2.0","3.0","64.0","-1.0","0.0","2.0","3.8","2.0","0.0"
"2026-09-02T05:21:35+0000","egipt|hurghada|2026-12-24|2026-12-31|7|Warszawa|2+1","filter_egypt_ny_dec24_2026_7_10_days","egipt","hurghada","2026-12-24","2026-12-31","7.0","Warszawa","2+1","113.0","4.0","4.0","9246.0","9363.9","9540.75","9982.5","10837.0","2.0","0.0","0.0","0.0","0.0","0.0","0.0","0.0","-1.0","4.0","66.0","-0.88","0.0","2.0","4.2","3.0","0.0"
"2026-09-02T05:58:37+0000","egipt|hurghada|2026-12-24|2026-12-31|7|Warszawa|2+1","filter_egypt_ny_dec24_2026_7_10_days","egipt","hurghada","2026-12-24","2026-12-31","7.0","Warszawa","2+1","113.0","4.0","4.0","9246.0","9363.9","9540.75","9982.5","10837.0","2.0","0.0","0.0","0.0","0.0","0.0","0.0","0.0","-1.0","4.0","67.0","-0.87","0.0","3.0","4.2","3.0","0.0"
"2026-09-02T08:41:57+0000","egipt|hurghada|2026-12-24|2026-12-31|7|Warszawa|2+1","filter_egypt_ny_dec24_2026_7_10_days","egipt","hurghada","2026-12-24","2026-12-31","7.0","Warszawa","2+1","113.0","4.0","4.0","9246.0","9363.9","9540.75","9982.5","10837.0","2.0","0.0","0.0","0.0","0.0","0.0","0.0","0.0","0.0","4.0","70.0","-0.83","0.0","3.0","4.2","3.0","0.0"
"2026-09-02T11:32:16+0000","egipt|hurghada|2026-12-24|2026-12-31|7|Warszawa|2+1","filter_egypt_ny_dec24_2026_7_10_days","egipt","hurghada","2026-12-24","2026-12-31","7.0","Warszawa","2+1","113.0","4.0","4.0","9246.0","9363.9","9540.75","9982.5","10837.0","2.0","0.0","0.0","0.0","0.0","0.0","0.0","0.0","0.0","4.0","71.0","-0.78","0.0","3.0","4.2","3.0","0.0"
"2026-09-02T16:22:40+0000","egipt|hurghada|2026-12-24|2026-12-31|7|Warszawa|2+1","filter_egypt_ny_dec24_2026_7_10_days","egipt","hurghada","2026-12-24","2026-12-31","7.0","Warszawa","2+1","113.0","4.0","4.0","9246.0","9363.9","9540.75","9982.5","10837.0","2.0","0.0","0.0","0.0","0.0","0.0","0.0","0.0","-1.0","4.0","74.0","-0.73","0.0","4.0","4.2","3.0","0.0"
"2026-09-02T16:45:09+0000","egipt|hurghada|2026-12-24|2026-12-31|7|Warszawa|2+1","filter_egypt_ny_dec24_2026_7_10_days","egipt","hurghada","2026-12-24","2026-12-31","7.0","Warszawa","2+1","113.0","4.0","4.0","9246.0","9363.9","9540.75","9982.5","10837.0","2.0","0.0","0.0","0.0","0.0","0.0","0.0","0.0","-1.0","4.0","74.0","-0.72","0.0","4.0","4.2","3.0","0.0"
"2026-09-02T19:56:13+0000","egipt|hurghada|2026-12-24|2026-12-31|7|Warszawa|2+1","filter_egypt_ny_dec24_2026_7_10_days","egipt","hurghada","2026-12-24","2026-12-31","7.0","Warszawa","2+1","113.0","3.0","3.0","9246.0","9324.6","9442.5","9639.0","10837.0","2.0","0.0","0.0","0.0","0.0","0.0","0.0","0.0","-1.0","3.0","73.0","-0.71","0.0","3.0","3.8","2.0","0.0"
"2026-09-02T22:47:02+0000","egipt|hurghada|2026-12-24|2026-12-31|7|Warszawa|2+1","filter_egypt_ny_dec24_2026_7_10_days","egipt","hurghada","2026-12-24","2026-12-31","7.0","Warszawa","2+1","113.0","4.0","4.0","9246.0","9363.9","9540.75","9982.5","10837.0","2.0","0.0","0.0","0.0","0.0","0.0","0.0","0.0","0.0","4.0","70.0","-0.64","0.0","3.0","4.2","3.0","0.0"
"2026-09-03T01:14:58+0000","egipt|hurghada|2026-12-24|2026-12-31|7|Warszawa|2+1","filter_egypt_ny_dec24_2026_7_10_days","egipt","hurghada","2026-12-24","2026-12-31","7.0","Warszawa","2+1","112.0","3.0","3.0","9246.0","9324.6","9442.5","9639.0","10837.0","2.0","0.0","0.0","0.0","0.0","0.0","0.0","0.0","0.0","3.0","73.0","-0.66","0.0","3.0","3.8","2.0","0.0"
"2026-09-03T05:09:24+0000","egipt|hurghada|2026-12-24|2026-12-31|7|Warszawa|2+1","filter_egypt_ny_dec24_2026_7_10_days","egipt","hurghada","2026-12-24","2026-12-31","7.0","Warszawa","2+1","112.0","3.0","3.0","9524.0","9547.0","9581.5","9639.0","10837.0","2.0","0.0","0.0","0.0","0.0","0.0","0.0","0.0","-1.0","3.0","62.0","0.32","0.0","2.0","3.8","2.0","0.0"
"2026-09-03T05:58:14+0000","egipt|hurghada|2026-12-24|2026-12-31|7|Warszawa|2+1","filter_egypt_ny_dec24_2026_7_10_days","egipt","hurghada","2026-12-24","2026-12-31","7.0","Warszawa","2+1","112.0","3.0","3.0","9524.0","9547.0","9581.5","9639.0","10837.0","2.0","0.0","0.0","0.0","0.0","0.0","0.0","0.0","-1.0","3.0","63.0","0.33","0.0","2.0","3.8","2.0","0.0"
"2026-09-03T11:28:58+0000","egipt|hurghada|2026-12-24|2026-12-31|7|Warszawa|2+1","filter_egypt_ny_dec24_2026_7_10_days","egipt","hurghada","2026-12-24","2026-12-31","7.0","Warszawa","2+1","112.0","3.0","3.0","9524.0","9547.0","9581.5","9639.0","10837.0","2.0","0.0","0.0","0.0","0.0","0.0","0.0","0.0","-1.0","3.0","65.0","0.31","0.0","2.0","3.8","2.0","0.0"
"2026-09-03T16:02:14+0000","egipt|hurghada|2026-12-24|2026-12-31|7|Warszawa|2+1","filter_egypt_ny_dec24_2026_7_10_days","egipt","hurghada","2026-12-24","2026-12-31","7.0","Warszawa","2+1","112.0","3.0","3.0","9591.0","9614.0","9648.5","9706.0","10904.0","2.0","0.0","0.0","0.0","0.0","0.0","0.0","0.0","-1.0","3.0","42.0","0.92","0.0","0.0","3.8","2.0","0.0"
"2026-09-03T16:36:10+0000","egipt|hurghada|2026-12-24|2026-12-31|7|Warszawa|2+1","filter_egypt_ny_dec24_2026_7_10_days","egipt","hurghada","2026-12-24","2026-12-31","7.0","Warszawa","2+1","112.0","3.0","3.0","9591.0","9614.0","9648.5","9706.0","10904.0","2.0","0.0","0.0","0.0","0.0","0.0","0.0","0.0","-1.0","3.0","45.0","0.94","0.0","0.0","3.8","2.0","0.0"
"2026-09-03T20:00:33+0000","egipt|hurghada|2026-12-24|2026-12-31|7|Warszawa|2+1","filter_egypt_ny_dec24_2026_7_10_days","egipt","hurghada","2026-12-24","2026-12-31","7.0","Warszawa","2+1","112.0","3.0","3.0","9591.0","9614.0","9648.5","9706.0","10904.0","2.0","0.0","0.0","0.0","0.0","0.0","0.0","0.0","0.0","3.0","52.0","0.9","0.0","0.0","3.8","2.0","0.0"
"2026-09-03T22:43:36+0000","egipt|hurghada|2026-12-24|2026-12-31|7|Warszawa|2+1","filter_egypt_ny_dec24_2026_7_10_days","egipt","hurghada","2026-12-24","2026-12-31","7.0","Warszawa","2+1","112.0","3.0","3.0","9591.0","9614.0","9648.5","9706.0","10904.0","2.0","0.0","0.0","0.0","0.0","0.0","0.0","0.0","-1.0","3.0","52.0","0.87","0.0","0.0","3.8","2.0","0.0"
"2026-09-04T01:07:30+0000","egipt|hurghada|2026-12-24|2026-12-31|7|Warszawa|2+1","filter_egypt_ny_dec24_2026_7_10_days","egipt","hurghada","2026-12-24","2026-12-31","7.0","Warszawa","2+1","111.0","4.0","4.0","9591.0","9625.5","9677.25","10305.0","10941.0","2.0","0.0","0.0","0.0","0.0","0.0","0.0","0.0","1.0","3.0","52.0","1.16","0.0","0.0","4.2","3.0","0.0"
"2026-09-04T06:05:25+0000","egipt|hurghada|2026-12-24|2026-12-31|7|Warszawa|2+1","filter_egypt_ny_dec24_2026_7_10_days","egipt","hurghada","2026-12-24","2026-12-31","7.0","Warszawa","2+1","111.0","4.0","4.0","9591.0","9625.5","9677.25","10305.0","10941.0","2.0","0.0","0.0","0.0","0.0","0.0","0.0","0.0","1.0","3.0","52.0","1.08","0.0","0.0","4.2","3.0","0.0"
"2026-09-04T11:31:53+0000","egipt|hurghada|2026-12-24|2026-12-31|7|Warszawa|2+1","filter_egypt_ny_dec24_2026_7_10_days","egipt","hurghada","2026-12-24","2026-12-31","7.0","Warszawa","2+1","111.0","4.0","4.0","9251.0","9353.0","9506.0","10247.5","10941.0","2.0","0.0","0.0","0.0","0.0","0.0","0.0","0.0","1.0","3.0","59.0","-0.16","1.0","0.0","4.2","3.0","0.0"
"2026-09-04T16:32:28+0000","egipt|hurghada|2026-12-24|2026-12-31|7|Warszawa|2+1","filter_egypt_ny_dec24_2026_7_10_days","egipt","hurghada","2026-12-24","2026-12-31","7.0","Warszawa","2+1","111.0","4.0","4.0","9251.0","9353.0","9506.0","10247.5","10941.0","2.0","0.0","0.0","0.0","0.0","0.0","0.0","0.0","1.0","3.0","59.0","-0.21","1.0","0.0","4.2","3.0","0.0"
"2026-09-04T19:45:05+0000","egipt|hurghada|2026-12-24|2026-12-31|7|Warszawa|2+1","filter_egypt_ny_dec24_2026_7_10_days","egipt","hurghada","2026-12-24","2026-12-31","7.0","Warszawa","2+1","111.0","4.0","4.0","9251.0","9296.6","9365.0","10153.5","10941.0","2.0","0.0","0.0","0.0","0.0","0.0","0.0","0.0","1.0","3.0","59.0","-0.72","1.0","0.0","4.2","3.0","0.0"
"2026-09-04T22:29:05+0000","egipt|hurghada|2026-12-24|2026-12-31|7|Warszawa|2+1","filter_egypt_ny_dec24_2026_7_10_days","egipt","hurghada","2026-12-24","2026-12-31","7.0","Warszawa","2+1","111.0","4.0","4.0","9251.0","9296.6","9365.0","10153.5","10941.0","2.0","0.0","0.0","0.0","0.0","0.0","0.0","0.0","1.0","3.0","59.0","-0.72","1.0","0.0","4.2","3.0","0.0"
"2026-09-05T01:07:48+0000","egipt|hurghada|2026-12-24|2026-12-31|7|Warszawa|2+1","filter_egypt_ny_dec24_2026_7_10_days","egipt","hurghada","2026-12-24","2026-12-31","7.0","Warszawa","2+1","110.0","4.0","4.0","9558.0","9592.5","9644.25","10270.0","10904.0","2.0","0.0","0.0","0.0","0.0","0.0","0.0","0.0","0.0","4.0","50.0","0.61","0.0","0.0","4.2","3.0","0.0"
"2026-09-05T05:54:45+0000","egipt|hurghada|2026-12-24|2026-12-31|7|Warszawa|2+1","filter_egypt_ny_dec24_2026_7_10_days","egipt","hurghada","2026-12-24","2026-12-31","7.0","Warszawa","2+1","110.0","4.0","4.0","9558.0","9592.5","9644.25","10270.0","10904.0","2.0","0.0","0.0","0.0","0.0","0.0","0.0","0.0","0.0","4.0","51.0","0.57","0.0","0.0","4.2","3.0","0.0"
"2026-09-05T10:48:59+0000","egipt|hurghada|2026-12-24|2026-12-31|7|Warszawa|2+1","filter_egypt_ny_dec24_2026_7_10_days","egipt","hurghada","2026-12-24","2026-12-31","7.0","Warszawa","2+1","110.0","3.0","3.0","9376.0","9435.4","9524.5","9673.0","10867.0","2.0","0.0","0.0","0.0","0.0","0.0","0.0","0.0","-1.0","3.0","57.0","-0.12","0.0","0.0","3.8","2.0","0.0"
"2026-09-05T13:58:31+0000","egipt|hurghada|2026-12-24|2026-12-31|7|Warszawa|2+1","filter_egypt_ny_dec24_2026_7_10_days","egipt","hurghada","2026-12-24","2026-12-31","7.0","Warszawa","2+1","110.0","4.0","4.0","9376.0","9465.1","9598.75","10270.0","10904.0","2.0","0.0","0.0","0.0","0.0","0.0","0.0","0.0","0.0","4.0","58.0","0.05","0.0","0.0","4.2","3.0","0.0"
"2026-09-05T16:56:15+0000","egipt|hurghada|2026-12-24|2026-12-31|7|Warszawa|2+1","filter_egypt_ny_dec24_2026_7_10_days","egipt","hurghada","2026-12-24","2026-12-31","7.0","Warszawa","2+1","110.0","4.0","4.0","9376.0","9465.1","9598.75","10270.0","10904.0","2.0","0.0","0.0","0.0","0.0","0.0","0.0","0.0","0.0","4.0","58.0","0.05","0.0","0.0","4.2","3.0","0.0"
"2026-09-05T19:10:18+0000","egipt|hurghada|2026-12-24|2026-12-31|7|Warszawa|2+1","filter_egypt_ny_dec24_2026_7_10_days","egipt","hurghada","2026-12-24","2026-12-31","7.0","Warszawa","2+1","110.0","4.0","4.0","9376.0","9465.1","9598.75","10270.0","10904.0","2.0","0.0","0.0","0.0","0.0","0.0","0.0","0.0","0.0","4.0","58.0","0.05","0.0","0.0","4.2","3.0","0.0"
"2026-09-05T21:24:19+0000","egipt|hurghada|2026-12-24|2026-12-31|7|Warszawa|2+1","filter_egypt_ny_dec24_2026_7_10_days","egipt","hurghada","2026-12-24","2026-12-31","7.0","Warszawa","2+1","110.0","3.0","3.0","9376.0","9435.4","9524.5","9673.0","10867.0","2.0","0.0","0.0","0.0","0.0","0.0","0.0","0.0","-1.0","3.0","57.0","-0.11","0.0","0.0","3.8","2.0","0.0"
"2026-09-06T04:52:47+0000","egipt|hurghada|2026-12-24|2026-12-31|7|Warszawa|2+1","filter_egypt_ny_dec24_2026_7_10_days","egipt","hurghada","2026-12-24","2026-12-31","7.0","Warszawa","2+1","109.0","4.0","4.0","9376.0","9465.1","9598.75","10270.0","10904.0","2.0","0.0","0.0","0.0","0.0","0.0","0.0","0.0","0.0","4.0","59.0","0.04","0.0","1.0","4.2","3.0","0.0"
"2026-09-06T09:34:56+0000","egipt|hurghada|2026-12-24|2026-12-31|7|Warszawa|2+1","filter_egypt_ny_dec24_2026_7_10_days","egipt","hurghada","2026-12-24","2026-12-31","7.0","Warszawa","2+1","109.0","3.0","3.0","9376.0","9435.4","9524.5","9673.0","10867.0","2.0","0.0","0.0","0.0","0.0","0.0","0.0","0.0","0.0","3.0","57.0","-0.1","0.0","0.0","3.8","2.0","0.0"
"2026-09-06T11:03:59+0000","egipt|hurghada|2026-12-24|2026-12-31|7|Warszawa|2+1","filter_egypt_ny_dec24_2026_7_10_days","egipt","hurghada","2026-12-24","2026-12-31","7.0","Warszawa","2+1","109.0","3.0","3.0","9673.0","9911.8","10270.0","10867.0","10904.0","1.0","0.0","0.0","0.0","0.0","0.0","0.0","0.0","0.0","2.0","60.0","0.14","0.0","1.0","4.25","2.0","0.0"
"2026-09-06T13:47:50+0000","egipt|hurghada|2026-12-24|2026-12-31|7|Warszawa|2+1","filter_egypt_ny_dec24_2026_7_10_days","egipt","hurghada","2026-12-24","2026-12-31","7.0","Warszawa","2+1","109.0","4.0","4.0","9376.0","9465.1","9598.75","10270.0","10912.0","2.0","0.0","0.0","0.0","0.0","0.0","0.0","0.0","0.0","4.0","54.0","0.05","0.0","0.0","4.2","3.0","0.0"
"2026-09-06T17:12:16+0000","egipt|hurghada|2026-12-24|2026-12-31|7|Warszawa|2+1","filter_egypt_ny_dec24_2026_7_10_days","egipt","hurghada","2026-12-24","2026-12-31","7.0","Warszawa","2+1","109.0","4.0","4.0","9376.0","9465.1","9598.75","10270.0","10912.0","2.0","0.0","0.0","0.0","0.0","0.0","0.0","0.0","0.0","4.0","55.0","0.04","0.0","0.0","4.2","3.0","0.0"
"2026-09-06T19:21:58+0000","egipt|hurghada|2026-12-24|2026-12-31|7|Warszawa|2+1","filter_egypt_ny_dec24_2026_7_10_days","egipt","hurghada","2026-12-24","2026-12-31","7.0","Warszawa","2+1","109.0","4.0","4.0","9376.0","9465.1","9598.75","10270.0","10912.0","2.0","0.0","0.0","0.0","0.0","0.0","0.0","0.0","0.0","4.0","57.0","0.04","0.0","0.0","4.2","3.0","0.0"
"2026-09-06T21:33:18+0000","egipt|hurghada|2026-12-24|2026-12-31|7|Warszawa|2+1","filter_egypt_ny_dec24_2026_7_10_days","egipt","hurghada","2026-12-24","2026-12-31","7.0","Warszawa","2+1","109.0","4.0","4.0","9376.0","9465.1","9598.75","10270.0","10912.0","2.0","0.0","0.0","0.0","0.0","0.0","0.0","0.0","1.0","3.0","57.0","0.03","0.0","0.0","4.2","3.0","0.0"
"2026-09-07T00:04:35+0000","egipt|hurghada|2026-12-24|2026-12-31|7|Warszawa|2+1","filter_egypt_ny_dec24_2026_7_10_days","egipt","hurghada","2026-12-24","2026-12-31","7.0","Warszawa","2+1","108.0","4.0","4.0","9376.0","9465.1","9598.75","10270.0","10912.0","2.0","0.0","0.0","0.0","0.0","0.0","0.0","0.0","1.0","0.0","0.0","0.0","0.0","0.0","4.2","3.0","0.0"
"2026-09-07T04:56:43+0000","egipt|hurghada|2026-12-24|2026-12-31|7|Warszawa|2+1","filter_egypt_ny_dec24_2026_7_10_days","egipt","hurghada","2026-12-24","2026-12-31","7.0","Warszawa","2+1","108.0","5.0","5.0","9376.0","9494.8","9673.0","10867.0","10959.0","2.0","0.0","0.0","0.0","0.0","0.0","0.0","0.0","1.0","0.0","53.0","0.0","0.0","0.0","4.25","4.0","0.0"
"2026-09-07T06:30:12+0000","egipt|hurghada|2026-12-24|2026-12-31|7|Warszawa|2+1","filter_egypt_ny_dec24_2026_7_10_days","egipt","hurghada","2026-12-24","2026-12-31","7.0","Warszawa","2+1","108.0","5.0","5.0","9376.0","9494.8","9673.0","10867.0","10959.0","2.0","0.0","0.0","0.0","0.0","0.0","0.0","0.0","1.0","0.0","55.0","0.0","0.0","0.0","4.25","4.0","0.0"
"2026-09-07T10:32:18+0000","egipt|hurghada|2026-12-24|2026-12-31|7|Warszawa|2+1","filter_egypt_ny_dec24_2026_7_10_days","egipt","hurghada","2026-12-24","2026-12-31","7.0","Warszawa","2+1","108.0","4.0","4.0","9376.0","9465.1","9598.75","10119.0","10959.0","2.0","0.0","0.0","0.0","0.0","0.0","0.0","0.0","1.0","0.0","56.0","0.0","0.0","0.0","4.2","3.0","0.0"
"2026-09-07T16:36:04+0000","egipt|hurghada|2026-12-24|2026-12-31|7|Warszawa|2+1","filter_egypt_ny_dec24_2026_7_10_days","egipt","hurghada","2026-12-24","2026-12-31","7.0","Warszawa","2+1","108.0","4.0","4.0","9376.0","9465.1","9598.75","10119.0","10959.0","2.0","0.0","0.0","0.0","0.0","0.0","0.0","0.0","0.0","0.0","56.0","0.0","0.0","0.0","4.2","3.0","0.0"
"2026-09-07T20:42:40+0000","egipt|hurghada|2026-12-24|2026-12-31|7|Warszawa|2+1","filter_egypt_ny_dec24_2026_7_10_days","egipt","hurghada","2026-12-24","2026-12-31","7.0","Warszawa","2+1","108.0","4.0","4.0","9376.0","9465.1","9598.75","10119.0","10959.0","2.0","0.0","0.0","0.0","0.0","0.0","0.0","0.0","0.0","0.0","57.0","0.0","0.0","0.0","4.2","3.0","0.0"
"2026-09-08T04:52:28+0000","egipt|hurghada|2026-12-24|2026-12-31|7|Warszawa|2+1","filter_egypt_ny_dec24_2026_7_10_days","egipt","hurghada","2026-12-24","2026-12-31","7.0","Warszawa","2+1","107.0","4.0","4.0","9376.0","9465.1","9598.75","10119.0","10959.0","2.0","0.0","0.0","0.0","0.0","0.0","0.0","0.0","-1.0","3.0","58.0","0.0","0.0","0.0","4.2","3.0","0.0"
"2026-09-08T07:41:59+0000","egipt|hurghada|2026-12-24|2026-12-31|7|Warszawa|2+1","filter_egypt_ny_dec24_2026_7_10_days","egipt","hurghada","2026-12-24","2026-12-31","7.0","Warszawa","2+1","107.0","3.0","3.0","9376.0","9435.4","9524.5","9673.0","10565.0","2.0","0.0","0.0","0.0","0.0","0.0","0.0","0.0","-2.0","3.0","58.0","-0.29","0.0","0.0","3.8","2.0","0.0"
"2026-09-08T09:52:41+0000","egipt|hurghada|2026-12-24|2026-12-31|7|Warszawa|2+1","filter_egypt_ny_dec24_2026_7_10_days","egipt","hurghada","2026-12-24","2026-12-31","7.0","Warszawa","2+1","107.0","3.0","3.0","9376.0","9435.4","9524.5","9673.0","10565.0","2.0","0.0","0.0","0.0","0.0","0.0","0.0","0.0","-1.0","2.0","59.0","-0.58","0.0","0.0","3.8","2.0","0.0"
"2026-09-08T14:42:34+0000","egipt|hurghada|2026-12-24|2026-12-31|7|Warszawa|2+1","filter_egypt_ny_dec24_2026_7_10_days","egipt","hurghada","2026-12-24","2026-12-31","7.0","Warszawa","2+1","107.0","3.0","3.0","9224.0","9254.4","9300.0","9376.0","10565.0","2.0","0.0","0.0","0.0","0.0","0.0","0.0","0.0","-1.0","3.0","60.0","-1.38","0.0","1.0","3.8","2.0","0.0"
"2026-09-08T18:51:34+0000","egipt|hurghada|2026-12-24|2026-12-31|7|Warszawa|2+1","filter_egypt_ny_dec24_2026_7_10_days","egipt","hurghada","2026-12-24","2026-12-31","7.0","Warszawa","2+1","107.0","3.0","3.0","9224.0","9285.6","9378.0","9532.0","10565.0","2.0","0.0","0.0","0.0","0.0","0.0","0.0","0.0","-1.0","2.0","56.0","-1.17","0.0","1.0","3.8","2.0","0.0"
"2026-09-09T00:24:30+0000","egipt|hurghada|2026-12-24|2026-12-31|7|Warszawa|2+1","filter_egypt_ny_dec24_2026_7_10_days","egipt","hurghada","2026-12-24","2026-12-31","7.0","Warszawa","2+1","106.0","3.0","3.0","9224.0","9285.6","9378.0","9532.0","10565.0","2.0","0.0","0.0","0.0","0.0","0.0","0.0","0.0","-1.0","3.0","57.0","-0.7","0.0","1.0","3.8","2.0","0.0"
"2026-09-09T04:51:31+0000","egipt|hurghada|2026-12-24|2026-12-31|7|Warszawa|2+1","filter_egypt_ny_dec24_2026_7_10_days","egipt","hurghada","2026-12-24","2026-12-31","7.0","Warszawa","2+1","106.0","2.0","2.0","9692.0","9703.5","9720.75","9749.5","9807.0","2.0","0.0","0.0","0.0","0.0","0.0","0.0","0.0","-2.0","2.0","0.0","0.0","0.0","0.0","3.8","2.0","0.0"
"2026-09-09T06:09:15+0000","egipt|hurghada|2026-12-24|2026-12-31|7|Warszawa|2+1","filter_egypt_ny_dec24_2026_7_10_days","egipt","hurghada","2026-12-24","2026-12-31","7.0","Warszawa","2+1","106.0","2.0","2.0","9692.0","9703.5","9720.75","9749.5","9807.0","2.0","0.0","0.0","0.0","0.0","0.0","0.0","0.0","-2.0","2.0","0.0","0.0","0.0","0.0","3.8","2.0","0.0"
"2026-09-09T11:37:23+0000","egipt|hurghada|2026-12-24|2026-12-31|7|Warszawa|2+1","filter_egypt_ny_dec24_2026_7_10_days","egipt","hurghada","2026-12-24","2026-12-31","7.0","Warszawa","2+1","106.0","2.0","2.0","9692.0","9703.5","9720.75","9749.5","9807.0","2.0","0.0","0.0","0.0","0.0","0.0","0.0","0.0","-1.0","2.0","0.0","0.0","0.0","0.0","3.8","2.0","0.0"
"2026-09-09T16:49:24+0000","egipt|hurghada|2026-12-24|2026-12-31|7|Warszawa|2+1","filter_egypt_ny_dec24_2026_7_10_days","egipt","hurghada","2026-12-24","2026-12-31","7.0","Warszawa","2+1","106.0","2.0","2.0","9692.0","9703.5","9720.75","9749.5","9807.0","2.0","0.0","0.0","0.0","0.0","0.0","0.0","0.0","-1.0","2.0","0.0","0.0","0.0","0.0","3.8","2.0","0.0"
"2026-09-09T19:54:29+0000","egipt|hurghada|2026-12-24|2026-12-31|7|Warszawa|2+1","filter_egypt_ny_dec24_2026_7_10_days","egipt","hurghada","2026-12-24","2026-12-31","7.0","Warszawa","2+1","106.0","2.0","2.0","9692.0","9703.5","9720.75","9749.5","9807.0","2.0","0.0","0.0","0.0","0.0","0.0","0.0","0.0","-1.0","2.0","0.0","0.0","0.0","0.0","3.8","2.0","0.0"
"2026-09-09T22:41:18+0000","egipt|hurghada|2026-12-24|2026-12-31|7|Warszawa|2+1","filter_egypt_ny_dec24_2026_7_10_days","egipt","hurghada","2026-12-24","2026-12-31","7.0","Warszawa","2+1","106.0","2.0","2.0","9692.0","9703.5","9720.75","9749.5","9807.0","2.0","0.0","0.0","0.0","0.0","0.0","0.0","0.0","-1.0","2.0","0.0","0.0","0.0","0.0","3.8","2.0","0.0"
"2026-09-10T01:15:01+0000","egipt|hurghada|2026-12-24|2026-12-31|7|Warszawa|2+1","filter_egypt_ny_dec24_2026_7_10_days","egipt","hurghada","2026-12-24","2026-12-31","7.0","Warszawa","2+1","105.0","2.0","2.0","9692.0","9703.5","9720.75","9749.5","9807.0","2.0","0.0","0.0","0.0","0.0","0.0","0.0","0.0","-1.0","2.0","0.0","0.0","0.0","0.0","3.8","2.0","0.0"
"2026-09-10T06:07:47+0000","egipt|hurghada|2026-12-24|2026-12-31|7|Warszawa|2+1","filter_egypt_ny_dec24_2026_7_10_days","egipt","hurghada","2026-12-24","2026-12-31","7.0","Warszawa","2+1","105.0","2.0","2.0","9692.0","9703.5","9720.75","9749.5","9807.0","2.0","0.0","0.0","0.0","0.0","0.0","0.0","0.0","0.0","2.0","0.0","0.0","0.0","0.0","3.8","2.0","0.0"
"2026-09-10T11:33:48+0000","egipt|hurghada|2026-12-24|2026-12-31|7|Warszawa|2+1","filter_egypt_ny_dec24_2026_7_10_days","egipt","hurghada","2026-12-24","2026-12-31","7.0","Warszawa","2+1","105.0","2.0","2.0","9692.0","9703.5","9720.75","9749.5","9807.0","2.0","0.0","0.0","0.0","0.0","0.0","0.0","0.0","0.0","2.0","0.0","0.0","0.0","0.0","3.8","2.0","0.0"
"2026-09-10T16:14:22+0000","egipt|hurghada|2026-12-24|2026-12-31|7|Warszawa|2+1","filter_egypt_ny_dec24_2026_7_10_days","egipt","hurghada","2026-12-24","2026-12-31","7.0","Warszawa","2+1","105.0","2.0","2.0","9692.0","9703.5","9720.75","9749.5","9807.0","2.0","0.0","0.0","0.0","0.0","0.0","0.0","0.0","0.0","2.0","0.0","0.0","0.0","0.0","3.8","2.0","0.0"
"2026-09-10T16:35:07+0000","egipt|hurghada|2026-12-24|2026-12-31|7|Warszawa|2+1","filter_egypt_ny_dec24_2026_7_10_days","egipt","hurghada","2026-12-24","2026-12-31","7.0","Warszawa","2+1","105.0","2.0","2.0","9692.0","9703.5","9720.75","9749.5","9807.0","2.0","0.0","0.0","0.0","0.0","0.0","0.0","0.0","0.0","2.0","0.0","0.0","0.0","0.0","3.8","2.0","0.0"
"2026-09-10T19:51:50+0000","egipt|hurghada|2026-12-24|2026-12-31|7|Warszawa|2+1","filter_egypt_ny_dec24_2026_7_10_days","egipt","hurghada","2026-12-24","2026-12-31","7.0","Warszawa","2+1","105.0","2.0","2.0","9692.0","9703.5","9720.75","9749.5","9807.0","2.0","0.0","0.0","0.0","0.0","0.0","0.0","0.0","0.0","2.0","0.0","0.0","0.0","0.0","3.8","2.0","0.0"
"2026-09-10T22:44:34+0000","egipt|hurghada|2026-12-24|2026-12-31|7|Warszawa|2+1","filter_egypt_ny_dec24_2026_7_10_days","egipt","hurghada","2026-12-24","2026-12-31","7.0","Warszawa","2+1","105.0","2.0","2.0","9692.0","9703.5","9720.75","9749.5","9807.0","2.0","0.0","0.0","0.0","0.0","0.0","0.0","0.0","0.0","2.0","0.0","0.0","0.0","0.0","3.8","2.0","0.0"
"2026-09-11T01:14:53+0000","egipt|hurghada|2026-12-24|2026-12-31|7|Warszawa|2+1","filter_egypt_ny_dec24_2026_7_10_days","egipt","hurghada","2026-12-24","2026-12-31","7.0","Warszawa","2+1","104.0","2.0","2.0","9692.0","9703.5","9720.75","9749.5","9807.0","2.0","0.0","0.0","0.0","0.0","0.0","0.0","0.0","0.0","2.0","0.0","0.0","0.0","0.0","3.8","2.0","0.0"
"2026-09-11T06:11:03+0000","egipt|hurghada|2026-12-24|2026-12-31|7|Warszawa|2+1","filter_egypt_ny_dec24_2026_7_10_days","egipt","hurghada","2026-12-24","2026-12-31","7.0","Warszawa","2+1","104.0","2.0","2.0","9642.0","9658.5","9683.25","9724.5","9807.0","2.0","0.0","0.0","0.0","0.0","0.0","0.0","0.0","0.0","2.0","0.0","0.0","0.0","0.0","3.8","2.0","0.0"
"2026-09-11T11:36:28+0000","egipt|hurghada|2026-12-24|2026-12-31|7|Warszawa|2+1","filter_egypt_ny_dec24_2026_7_10_days","egipt","hurghada","2026-12-24","2026-12-31","7.0","Warszawa","2+1","104.0","2.0","2.0","9642.0","9658.5","9683.25","9724.5","9807.0","2.0","0.0","0.0","0.0","0.0","0.0","0.0","0.0","0.0","2.0","0.0","0.0","0.0","0.0","3.8","2.0","0.0"
"2026-09-11T15:03:29+0000","egipt|hurghada|2026-12-24|2026-12-31|7|Warszawa|2+1","filter_egypt_ny_dec24_2026_7_10_days","egipt","hurghada","2026-12-24","2026-12-31","7.0","Warszawa","2+1","104.0","2.0","2.0","9642.0","9658.5","9683.25","9724.5","9807.0","2.0","0.0","0.0","0.0","0.0","0.0","0.0","0.0","0.0","2.0","0.0","0.0","0.0","0.0","3.8","2.0","0.0"
"2026-09-11T16:39:34+0000","egipt|hurghada|2026-12-24|2026-12-31|7|Warszawa|2+1","filter_egypt_ny_dec24_2026_7_10_days","egipt","hurghada","2026-12-24","2026-12-31","7.0","Warszawa","2+1","104.0","2.0","2.0","9642.0","9658.5","9683.25","9724.5","9807.0","2.0","0.0","0.0","0.0","0.0","0.0","0.0","0.0","0.0","2.0","0.0","0.0","0.0","0.0","3.8","2.0","0.0"
"2026-09-11T19:54:13+0000","egipt|hurghada|2026-12-24|2026-12-31|7|Warszawa|2+1","filter_egypt_ny_dec24_2026_7_10_days","egipt","hurghada","2026-12-24","2026-12-31","7.0","Warszawa","2+1","104.0","2.0","2.0","9642.0","9658.5","9683.25","9724.5","9807.0","2.0","0.0","0.0","0.0","0.0","0.0","0.0","0.0","0.0","2.0","0.0","0.0","0.0","0.0","3.8","2.0","0.0"
"2026-09-11T22:44:19+0000","egipt|hurghada|2026-12-24|2026-12-31|7|Warszawa|2+1","filter_egypt_ny_dec24_2026_7_10_days","egipt","hurghada","2026-12-24","2026-12-31","7.0","Warszawa","2+1","104.0","2.0","2.0","9642.0","9658.5","9683.25","9724.5","9807.0","2.0","0.0","0.0","0.0","0.0","0.0","0.0","0.0","0.0","2.0","0.0","0.0","0.0","0.0","3.8","2.0","0.0"
"2026-09-12T01:16:28+0000","egipt|hurghada|2026-12-24|2026-12-31|7|Warszawa|2+1","filter_egypt_ny_dec24_2026_7_10_days","egipt","hurghada","2026-12-24","2026-12-31","7.0","Warszawa","2+1","103.0","2.0","2.0","9642.0","9658.5","9683.25","9724.5","9807.0","2.0","0.0","0.0","0.0","0.0","0.0","0.0","0.0","0.0","2.0","0.0","0.0","0.0","0.0","3.8","2.0","0.0"
"2026-09-12T05:58:41+0000","egipt|hurghada|2026-12-24|2026-12-31|7|Warszawa|2+1","filter_egypt_ny_dec24_2026_7_10_days","egipt","hurghada","2026-12-24","2026-12-31","7.0","Warszawa","2+1","103.0","2.0","2.0","9642.0","9658.5","9683.25","9724.5","9807.0","2.0","0.0","0.0","0.0","0.0","0.0","0.0","0.0","0.0","2.0","0.0","0.0","0.0","0.0","3.8","2.0","0.0"
"2026-09-12T11:00:01+0000","egipt|hurghada|2026-12-24|2026-12-31|7|Warszawa|2+1","filter_egypt_ny_dec24_2026_7_10_days","egipt","hurghada","2026-12-24","2026-12-31","7.0","Warszawa","2+1","103.0","2.0","2.0","9653.0","9669.5","9694.25","9735.5","9818.0","2.0","0.0","0.0","0.0","0.0","0.0","0.0","0.0","0.0","2.0","0.0","0.0","0.0","0.0","3.8","2.0","0.0"
"2026-09-12T14:17:19+0000","egipt|hurghada|2026-12-24|2026-12-31|7|Warszawa|2+1","filter_egypt_ny_dec24_2026_7_10_days","egipt","hurghada","2026-12-24","2026-12-31","7.0","Warszawa","2+1","103.0","2.0","2.0","9653.0","9669.5","9694.25","9735.5","9818.0","2.0","0.0","0.0","0.0","0.0","0.0","0.0","0.0","0.0","2.0","0.0","0.0","0.0","0.0","3.8","2.0","0.0"
"2026-09-12T17:20:28+0000","egipt|hurghada|2026-12-24|2026-12-31|7|Warszawa|2+1","filter_egypt_ny_dec24_2026_7_10_days","egipt","hurghada","2026-12-24","2026-12-31","7.0","Warszawa","2+1","103.0","2.0","2.0","9653.0","9669.5","9694.25","9735.5","9818.0","2.0","0.0","0.0","0.0","0.0","0.0","0.0","0.0","0.0","2.0","0.0","0.0","0.0","0.0","3.8","2.0","0.0"
"2026-09-12T22:26:59+0000","egipt|hurghada|2026-12-24|2026-12-31|7|Warszawa|2+1","filter_egypt_ny_dec24_2026_7_10_days","egipt","hurghada","2026-12-24","2026-12-31","7.0","Warszawa","2+1","103.0","2.0","2.0","9653.0","9669.5","9694.25","9735.5","9818.0","2.0","0.0","0.0","0.0","0.0","0.0","0.0","0.0","0.0","2.0","0.0","0.0","0.0","0.0","3.8","2.0","0.0"
"2026-09-13T01:12:19+0000","egipt|hurghada|2026-12-24|2026-12-31|7|Warszawa|2+1","filter_egypt_ny_dec24_2026_7_10_days","egipt","hurghada","2026-12-24","2026-12-31","7.0","Warszawa","2+1","102.0","2.0","2.0","9653.0","9669.5","9694.25","9735.5","9818.0","2.0","0.0","0.0","0.0","0.0","0.0","0.0","0.0","0.0","2.0","0.0","0.0","0.0","0.0","3.8","2.0","0.0"
"2026-09-13T06:22:18+0000","egipt|hurghada|2026-12-24|2026-12-31|7|Warszawa|2+1","filter_egypt_ny_dec24_2026_7_10_days","egipt","hurghada","2026-12-24","2026-12-31","7.0","Warszawa","2+1","102.0","2.0","2.0","9653.0","9669.5","9694.25","9735.5","9818.0","2.0","0.0","0.0","0.0","0.0","0.0","0.0","0.0","0.0","2.0","0.0","0.0","0.0","0.0","3.8","2.0","0.0"
"2026-09-13T09:28:46+0000","egipt|hurghada|2026-12-24|2026-12-31|7|Warszawa|2+1","filter_egypt_ny_dec24_2026_7_10_days","egipt","hurghada","2026-12-24","2026-12-31","7.0","Warszawa","2+1","102.0","2.0","2.0","9653.0","9669.5","9694.25","9735.5","9818.0","2.0","0.0","0.0","0.0","0.0","0.0","0.0","0.0","0.0","2.0","0.0","0.0","0.0","0.0","3.8","2.0","0.0"
"2026-09-13T12:50:24+0000","egipt|hurghada|2026-12-24|2026-12-31|7|Warszawa|2+1","filter_egypt_ny_dec24_2026_7_10_days","egipt","hurghada","2026-12-24","2026-12-31","7.0","Warszawa","2+1","102.0","2.0","2.0","9653.0","9669.5","9694.25","9735.5","9818.0","2.0","0.0","0.0","0.0","0.0","0.0","0.0","0.0","0.0","2.0","0.0","0.0","0.0","0.0","3.8","2.0","0.0"
"2026-09-13T17:02:54+0000","egipt|hurghada|2026-12-24|2026-12-31|7|Warszawa|2+1","filter_egypt_ny_dec24_2026_7_10_days","egipt","hurghada","2026-12-24","2026-12-31","7.0","Warszawa","2+1","102.0","2.0","2.0","9653.0","9669.5","9694.25","9735.5","9818.0","2.0","0.0","0.0","0.0","0.0","0.0","0.0","0.0","0.0","2.0","0.0","0.0","0.0","0.0","3.8","2.0","0.0"
"2026-09-13T19:35:37+0000","egipt|hurghada|2026-12-24|2026-12-31|7|Warszawa|2+1","filter_egypt_ny_dec24_2026_7_10_days","egipt","hurghada","2026-12-24","2026-12-31","7.0","Warszawa","2+1","102.0","2.0","2.0","9661.0","9676.7","9700.25","9739.5","9818.0","2.0","0.0","0.0","0.0","0.0","0.0","0.0","0.0","0.0","2.0","0.0","0.0","0.0","0.0","3.8","2.0","0.0"
"2026-09-13T22:32:44+0000","egipt|hurghada|2026-12-24|2026-12-31|7|Warszawa|2+1","filter_egypt_ny_dec24_2026_7_10_days","egipt","hurghada","2026-12-24","2026-12-31","7.0","Warszawa","2+1","102.0","2.0","2.0","9661.0","9676.7","9700.25","9739.5","9818.0","2.0","0.0","0.0","0.0","0.0","0.0","0.0","0.0","0.0","2.0","0.0","0.0","0.0","0.0","3.8","2.0","0.0"
"2026-09-14T01:16:47+0000","egipt|hurghada|2026-12-24|2026-12-31|7|Warszawa|2+1","filter_egypt_ny_dec24_2026_7_10_days","egipt","hurghada","2026-12-24","2026-12-31","7.0","Warszawa","2+1","101.0","2.0","2.0","9661.0","9676.7","9700.25","9739.5","9818.0","2.0","0.0","0.0","0.0","0.0","0.0","0.0","0.0","0.0","0.0","0.0","0.0","0.0","0.0","3.8","2.0","0.0"
"2026-09-14T05:27:34+0000","egipt|hurghada|2026-12-24|2026-12-31|7|Warszawa|2+1","filter_egypt_ny_dec24_2026_7_10_days","egipt","hurghada","2026-12-24","2026-12-31","7.0","Warszawa","2+1","101.0","2.0","2.0","9661.0","9676.7","9700.25","9739.5","9818.0","2.0","0.0","0.0","0.0","0.0","0.0","0.0","0.0","0.0","0.0","0.0","0.0","0.0","0.0","3.8","2.0","0.0"
"2026-09-14T06:29:57+0000","egipt|hurghada|2026-12-24|2026-12-31|7|Warszawa|2+1","filter_egypt_ny_dec24_2026_7_10_days","egipt","hurghada","2026-12-24","2026-12-31","7.0","Warszawa","2+1","101.0","2.0","2.0","9661.0","9676.7","9700.25","9739.5","9818.0","2.0","0.0","0.0","0.0","0.0","0.0","0.0","0.0","0.0","0.0","0.0","0.0","0.0","0.0","3.8","2.0","0.0"
"2026-09-14T13:01:39+0000","egipt|hurghada|2026-12-24|2026-12-31|7|Warszawa|2+1","filter_egypt_ny_dec24_2026_7_10_days","egipt","hurghada","2026-12-24","2026-12-31","7.0","Warszawa","2+1","101.0","2.0","2.0","9661.0","9676.7","9700.25","9739.5","9818.0","2.0","0.0","0.0","0.0","0.0","0.0","0.0","0.0","0.0","0.0","0.0","0.0","0.0","0.0","3.8","2.0","0.0"
"2026-09-14T14:16:41+0000","egipt|hurghada|2026-12-24|2026-12-31|7|Warszawa|2+1","filter_egypt_ny_dec24_2026_7_10_days","egipt","hurghada","2026-12-24","2026-12-31","7.0","Warszawa","2+1","101.0","2.0","2.0","9661.0","9676.7","9700.25","9739.5","9818.0","2.0","0.0","0.0","0.0","0.0","0.0","0.0","0.0","0.0","0.0","0.0","0.0","0.0","0.0","3.8","2.0","0.0"
"2026-09-14T19:32:48+0000","egipt|hurghada|2026-12-24|2026-12-31|7|Warszawa|2+1","filter_egypt_ny_dec24_2026_7_10_days","egipt","hurghada","2026-12-24","2026-12-31","7.0","Warszawa","2+1","101.0","2.0","2.0","9661.0","9676.7","9700.25","9739.5","9818.0","2.0","0.0","0.0","0.0","0.0","0.0","0.0","0.0","0.0","0.0","0.0","0.0","0.0","0.0","3.8","2.0","0.0"
"2026-09-14T23:16:16+0000","egipt|hurghada|2026-12-24|2026-12-31|7|Warszawa|2+1","filter_egypt_ny_dec24_2026_7_10_days","egipt","hurghada","2026-12-24","2026-12-31","7.0","Warszawa","2+1","101.0","2.0","2.0","9661.0","9676.7","9700.25","9739.5","9818.0","2.0","0.0","0.0","0.0","0.0","0.0","0.0","0.0","0.0","0.0","0.0","0.0","0.0","0.0","3.8","2.0","0.0"
"2026-09-15T01:36:50+0000","egipt|hurghada|2026-12-24|2026-12-31|7|Warszawa|2+1","filter_egypt_ny_dec24_2026_7_10_days","egipt","hurghada","2026-12-24","2026-12-31","7.0","Warszawa","2+1","100.0","2.0","2.0","9661.0","9676.7","9700.25","9739.5","9818.0","2.0","0.0","0.0","0.0","0.0","0.0","0.0","0.0","0.0","2.0","0.0","0.0","0.0","0.0","3.8","2.0","0.0"
"2026-09-22T19:03:54+0000","egipt|hurghada|2026-12-24|2026-12-31|7|Warszawa|2+1","filter_egypt_ny_dec24_2026_7_10_days","egipt","hurghada","2026-12-24","2026-12-31","7.0","Warszawa","2+1","93.0","1.0","1.0","10837.0","10837.0","10837.0","10837.0","10837.0","0.0","0.0","0.0","0.0","0.0","0.0","0.0","0.0","-1.0","0.0","0.0","0.0","0.0","0.0","4.8","1.0","0.0"
"2026-09-22T22:22:06+0000","egipt|hurghada|2026-12-24|2026-12-31|7|Warszawa|2+1","filter_egypt_ny_dec24_2026_7_10_days","egipt","hurghada","2026-12-24","2026-12-31","7.0","Warszawa","2+1","93.0","1.0","1.0","10837.0","10837.0","10837.0","10837.0","10837.0","0.0","0.0","0.0","0.0","0.0","0.0","0.0","0.0","-1.0","0.0","0.0","0.0","0.0","0.0","4.8","1.0","0.0"
"2026-09-23T00:48:39+0000","egipt|hurghada|2026-12-24|2026-12-31|7|Warszawa|2+1","filter_egypt_ny_dec24_2026_7_10_days","egipt","hurghada","2026-12-24","2026-12-31","7.0","Warszawa","2+1","92.0","1.0","1.0","10837.0","10837.0","10837.0","10837.0","10837.0","0.0","0.0","0.0","0.0","0.0","0.0","0.0","0.0","-1.0","0.0","0.0","0.0","0.0","0.0","4.8","1.0","0.0"
"2026-09-23T05:24:24+0000","egipt|hurghada|2026-12-24|2026-12-31|7|Warszawa|2+1","filter_egypt_ny_dec24_2026_7_10_days","egipt","hurghada","2026-12-24","2026-12-31","7.0","Warszawa","2+1","92.0","1.0","1.0","10837.0","10837.0","10837.0","10837.0","10837.0","0.0","0.0","0.0","0.0","0.0","0.0","0.0","0.0","-1.0","0.0","0.0","0.0","0.0","0.0","4.8","1.0","0.0"
"2026-09-23T06:08:06+0000","egipt|hurghada|2026-12-24|2026-12-31|7|Warszawa|2+1","filter_egypt_ny_dec24_2026_7_10_days","egipt","hurghada","2026-12-24","2026-12-31","7.0","Warszawa","2+1","92.0","1.0","1.0","10837.0","10837.0","10837.0","10837.0","10837.0","0.0","0.0","0.0","0.0","0.0","0.0","0.0","0.0","-1.0","0.0","0.0","0.0","0.0","0.0","4.8","1.0","0.0"
"2026-09-24T10:13:08+0000","egipt|hurghada|2026-12-24|2026-12-31|7|Warszawa|2+1","filter_egypt_ny_dec24_2026_7_10_days","egipt","hurghada","2026-12-24","2026-12-31","7.0","Warszawa","2+1","91.0","1.0","1.0","10837.0","10837.0","10837.0","10837.0","10837.0","0.0","0.0","0.0","0.0","0.0","0.0","0.0","0.0","0.0","1.0","0.0","0.0","0.0","0.0","4.8","1.0","0.0"
"2026-09-24T15:18:16+0000","egipt|hurghada|2026-12-24|2026-12-31|7|Warszawa|2+1","filter_egypt_ny_dec24_2026_7_10_days","egipt","hurghada","2026-12-24","2026-12-31","7.0","Warszawa","2+1","91.0","1.0","1.0","10837.0","10837.0","10837.0","10837.0","10837.0","0.0","0.0","0.0","0.0","0.0","0.0","0.0","0.0","0.0","1.0","0.0","0.0","0.0","0.0","4.8","1.0","0.0"
"2026-09-24T19:22:15+0000","egipt|hurghada|2026-12-24|2026-12-31|7|Warszawa|2+1","filter_egypt_ny_dec24_2026_7_10_days","egipt","hurghada","2026-12-24","2026-12-31","7.0","Warszawa","2+1","91.0","1.0","1.0","10837.0","10837.0","10837.0","10837.0","10837.0","0.0","0.0","0.0","0.0","0.0","0.0","0.0","0.0","0.0","1.0","0.0","0.0","0.0","0.0","4.8","1.0","0.0"
"2026-09-24T23:19:05+0000","egipt|hurghada|2026-12-24|2026-12-31|7|Warszawa|2+1","filter_egypt_ny_dec24_2026_7_10_days","egipt","hurghada","2026-12-24","2026-12-31","7.0","Warszawa","2+1","91.0","1.0","1.0","10837.0","10837.0","10837.0","10837.0","10837.0","0.0","0.0","0.0","0.0","0.0","0.0","0.0","0.0","0.0","1.0","0.0","0.0","0.0","0.0","4.8","1.0","0.0"
"2026-08-29T18:41:43+0000","egipt|hurghada|2026-12-27|2027-01-03|7|Warszawa - Modlin|2+1","filter_egypt_ny_dec24_2026_7_10_days","egipt","hurghada","2026-12-27","2027-01-03","7.0","Warszawa - Modlin","2+1","120.0","1.0","1.0","9443.0","9443.0","9443.0","9443.0","9443.0","1.0","0.0","0.0","0.0","0.0","0.0","0.0","0.0","0.0","0.0","0.0","0.0","0.0","0.0","4.4","1.0","0.0"
"2026-08-30T11:49:50+0000","egipt|hurghada|2026-12-27|2027-01-03|7|Warszawa - Modlin|2+1","filter_egypt_ny_dec24_2026_7_10_days","egipt","hurghada","2026-12-27","2027-01-03","7.0","Warszawa - Modlin","2+1","119.0","1.0","1.0","9823.0","9823.0","9823.0","9823.0","9823.0","1.0","0.0","0.0","0.0","0.0","0.0","0.0","0.0","0.0","1.0","0.0","0.0","0.0","0.0","4.4","1.0","0.0"
"2026-08-31T13:12:09+0000","egipt|hurghada|2026-12-27|2027-01-03|7|Warszawa - Modlin|2+1","filter_egypt_ny_dec24_2026_7_10_days","egipt","hurghada","2026-12-27","2027-01-03","7.0","Warszawa - Modlin","2+1","118.0","2.0","2.0","9381.0","9383.2","9386.5","9392.0","9403.0","2.0","0.0","0.0","0.0","0.0","0.0","0.0","0.0","1.0","0.0","0.0","0.0","0.0","0.0","4.6","2.0","0.0"
"2026-08-31T14:08:33+0000","egipt|hurghada|2026-12-27|2027-01-03|7|Warszawa - Modlin|2+1","filter_egypt_ny_dec24_2026_7_10_days","egipt","hurghada","2026-12-27","2027-01-03","7.0","Warszawa - Modlin","2+1","118.0","2.0","2.0","9381.0","9383.2","9386.5","9392.0","9403.0","2.0","0.0","0.0","0.0","0.0","0.0","0.0","0.0","1.0","0.0","0.0","0.0","0.0","0.0","4.6","2.0","0.0"
"2026-08-31T20:15:42+0000","egipt|hurghada|2026-12-27|2027-01-03|7|Warszawa - Modlin|2+1","filter_egypt_ny_dec24_2026_7_10_days","egipt","hurghada","2026-12-27","2027-01-03","7.0","Warszawa - Modlin","2+1","118.0","2.0","2.0","9381.0","9383.2","9386.5","9392.0","9403.0","2.0","0.0","0.0","0.0","0.0","0.0","0.0","0.0","1.0","0.0","0.0","0.0","0.0","0.0","4.6","2.0","0.0"
"2026-09-03T20:00:33+0000","egipt|hurghada|2026-12-27|2027-01-03|7|Warszawa - Modlin|2+1","filter_egypt_ny_dec24_2026_7_10_days","egipt","hurghada","2026-12-27","2027-01-03","7.0","Warszawa - Modlin","2+1","115.0","1.0","1.0","9863.0","9863.0","9863.0","9863.0","9863.0","1.0","0.0","0.0","0.0","0.0","0.0","0.0","0.0","-1.0","1.0","0.0","0.0","0.0","0.0","4.4","1.0","0.0"
"2026-09-04T06:05:25+0000","egipt|hurghada|2026-12-27|2027-01-03|7|Warszawa - Modlin|2+1","filter_egypt_ny_dec24_2026_7_10_days","egipt","hurghada","2026-12-27","2027-01-03","7.0","Warszawa - Modlin","2+1","114.0","1.0","1.0","9863.0","9863.0","9863.0","9863.0","9863.0","1.0","0.0","0.0","0.0","0.0","0.0","0.0","0.0","-1.0","1.0","0.0","0.0","0.0","0.0","4.4","1.0","0.0"
"2026-09-08T14:42:34+0000","egipt|hurghada|2026-12-27|2027-01-03|7|Warszawa - Modlin|2+1","filter_egypt_ny_dec24_2026_7_10_days","egipt","hurghada","2026-12-27","2027-01-03","7.0","Warszawa - Modlin","2+1","110.0","1.0","1.0","9530.0","9530.0","9530.0","9530.0","9530.0","1.0","0.0","0.0","0.0","0.0","0.0","0.0","0.0","0.0","0.0","0.0","0.0","0.0","0.0","4.4","1.0","0.0"
"2026-09-06T11:03:59+0000","egipt|hurghada|2026-12-27|2027-01-03|7|Warszawa|2+1","filter_egypt_ny_dec24_2026_7_10_days","egipt","hurghada","2026-12-27","2027-01-03","7.0","Warszawa","2+1","112.0","1.0","1.0","10963.0","10963.0","10963.0","10963.0","10963.0","0.0","0.0","0.0","0.0","0.0","0.0","0.0","0.0","0.0","0.0","0.0","0.0","0.0","0.0","3.4","1.0","0.0"
"2026-08-26T16:13:30+0000","egipt|hurghada|2026-12-29|2027-01-05|7|Warszawa - Modlin|2+1","filter_egypt_ny_dec24_2026_7_10_days","egipt","hurghada","2026-12-29","2027-01-05","7.0","Warszawa - Modlin","2+1","125.0","1.0","1.0","9843.0","9843.0","9843.0","9843.0","9843.0","1.0","0.0","0.0","0.0","0.0","0.0","0.0","0.0","0.0","0.0","0.0","0.0","0.0","0.0","4.4","1.0","0.0"
"2026-09-01T05:01:32+0000","egipt|hurghada|2026-12-29|2027-01-05|7|Warszawa - Modlin|2+1","filter_egypt_ny_dec24_2026_7_10_days","egipt","hurghada","2026-12-29","2027-01-05","7.0","Warszawa - Modlin","2+1","119.0","1.0","1.0","9586.0","9586.0","9586.0","9586.0","9586.0","1.0","0.0","0.0","0.0","0.0","0.0","0.0","0.0","0.0","0.0","0.0","0.0","0.0","0.0","4.4","1.0","0.0"
"2026-09-01T05:23:27+0000","egipt|hurghada|2026-12-29|2027-01-05|7|Warszawa - Modlin|2+1","filter_egypt_ny_dec24_2026_7_10_days","egipt","hurghada","2026-12-29","2027-01-05","7.0","Warszawa - Modlin","2+1","119.0","1.0","1.0","9586.0","9586.0","9586.0","9586.0","9586.0","1.0","0.0","0.0","0.0","0.0","0.0","0.0","0.0","0.0","0.0","0.0","0.0","0.0","0.0","4.4","1.0","0.0"
"2026-09-09T19:54:29+0000","egipt|hurghada|2026-12-29|2027-01-05|7|Warszawa - Modlin|2+1","filter_egypt_ny_dec24_2026_7_10_days","egipt","hurghada","2026-12-29","2027-01-05","7.0","Warszawa - Modlin","2+1","111.0","1.0","1.0","9813.0","9813.0","9813.0","9813.0","9813.0","1.0","0.0","0.0","0.0","0.0","0.0","0.0","0.0","0.0","0.0","0.0","0.0","0.0","0.0","4.4","1.0","0.0"
"2026-09-11T06:11:03+0000","egipt|hurghada|2026-12-29|2027-01-05|7|Warszawa - Modlin|2+1","filter_egypt_ny_dec24_2026_7_10_days","egipt","hurghada","2026-12-29","2027-01-05","7.0","Warszawa - Modlin","2+1","109.0","1.0","1.0","9813.0","9813.0","9813.0","9813.0","9813.0","1.0","0.0","0.0","0.0","0.0","0.0","0.0","0.0","0.0","1.0","0.0","0.0","0.0","0.0","4.4","1.0","0.0"
"2026-09-11T16:39:34+0000","egipt|hurghada|2026-12-29|2027-01-05|7|Warszawa - Modlin|2+1","filter_egypt_ny_dec24_2026_7_10_days","egipt","hurghada","2026-12-29","2027-01-05","7.0","Warszawa - Modlin","2+1","109.0","1.0","1.0","9813.0","9813.0","9813.0","9813.0","9813.0","1.0","0.0","0.0","0.0","0.0","0.0","0.0","0.0","0.0","1.0","0.0","0.0","0.0","0.0","4.4","1.0","0.0"
"2026-09-11T19:54:13+0000","egipt|hurghada|2026-12-29|2027-01-05|7|Warszawa - Modlin|2+1","filter_egypt_ny_dec24_2026_7_10_days","egipt","hurghada","2026-12-29","2027-01-05","7.0","Warszawa - Modlin","2+1","109.0","1.0","1.0","9813.0","9813.0","9813.0","9813.0","9813.0","1.0","0.0","0.0","0.0","0.0","0.0","0.0","0.0","0.0","1.0","0.0","0.0","0.0","0.0","4.4","1.0","0.0"
"2026-09-11T22:44:19+0000","egipt|hurghada|2026-12-29|2027-01-05|7|Warszawa - Modlin|2+1","filter_egypt_ny_dec24_2026_7_10_days","egipt","hurghada","2026-12-29","2027-01-05","7.0","Warszawa - Modlin","2+1","109.0","1.0","1.0","9813.0","9813.0","9813.0","9813.0","9813.0","1.0","0.0","0.0","0.0","0.0","0.0","0.0","0.0","0.0","1.0","0.0","0.0","0.0","0.0","4.4","1.0","0.0"
"2026-09-13T19:35:37+0000","egipt|hurghada|2026-12-29|2027-01-05|7|Warszawa - Modlin|2+1","filter_egypt_ny_dec24_2026_7_10_days","egipt","hurghada","2026-12-29","2027-01-05","7.0","Warszawa - Modlin","2+1","107.0","2.0","2.0","9768.0","9795.7","9837.25","9906.5","10045.0","1.0","0.0","0.0","0.0","0.0","0.0","0.0","0.0","1.0","1.0","0.0","0.0","0.0","0.0","4.6","2.0","0.0"
"2026-09-16T06:12:13+0000","egipt|hurghada|2026-12-29|2027-01-05|7|Warszawa - Modlin|2+1","filter_egypt_ny_dec24_2026_7_10_days","egipt","hurghada","2026-12-29","2027-01-05","7.0","Warszawa - Modlin","2+1","104.0","3.0","3.0","9472.0","9691.4","10020.5","10569.0","10580.0","1.0","0.0","0.0","0.0","0.0","0.0","0.0","0.0","1.0","0.0","60.0","-0.7","0.0","1.0","4.6","3.0","0.0"
"2026-09-16T23:05:44+0000","egipt|hurghada|2026-12-29|2027-01-05|7|Warszawa - Modlin|2+1","filter_egypt_ny_dec24_2026_7_10_days","egipt","hurghada","2026-12-29","2027-01-05","7.0","Warszawa - Modlin","2+1","104.0","4.0","4.0","9512.0","9595.1","9719.75","10199.0","10620.0","2.0","0.0","0.0","0.0","0.0","0.0","0.0","0.0","1.0","3.0","52.0","0.29","0.0","0.0","4.5","4.0","0.0"
"2026-09-17T01:35:32+0000","egipt|hurghada|2026-12-29|2027-01-05|7|Warszawa - Modlin|2+1","filter_egypt_ny_dec24_2026_7_10_days","egipt","hurghada","2026-12-29","2027-01-05","7.0","Warszawa - Modlin","2+1","103.0","5.0","5.0","9092.0","9514.4","10148.0","10189.0","10775.0","1.0","0.0","0.0","0.0","0.0","0.0","0.0","0.0","2.0","3.0","58.0","1.21","0.0","1.0","4.55","4.0","0.0"
"2026-09-17T07:51:16+0000","egipt|hurghada|2026-12-29|2027-01-05|7|Warszawa - Modlin|2+1","filter_egypt_ny_dec24_2026_7_10_days","egipt","hurghada","2026-12-29","2027-01-05","7.0","Warszawa - Modlin","2+1","103.0","2.0","2.0","10609.0","10610.1","10611.75","10614.5","10620.0","0.0","0.0","0.0","0.0","0.0","0.0","0.0","0.0","-1.0","2.0","0.0","0.0","0.0","0.0","4.45","2.0","0.0"
"2026-09-17T22:20:46+0000","egipt|hurghada|2026-12-29|2027-01-05|7|Warszawa - Modlin|2+1","filter_egypt_ny_dec24_2026_7_10_days","egipt","hurghada","2026-12-29","2027-01-05","7.0","Warszawa - Modlin","2+1","103.0","3.0","3.0","9828.0","9984.2","10218.5","10609.0","10620.0","1.0","0.0","0.0","0.0","0.0","0.0","0.0","0.0","-1.0","2.0","53.0","-0.02","0.0","0.0","4.4","3.0","0.0"
"2026-09-18T16:36:01+0000","egipt|hurghada|2026-12-29|2027-01-05|7|Warszawa - Modlin|2+1","filter_egypt_ny_dec24_2026_7_10_days","egipt","hurghada","2026-12-29","2027-01-05","7.0","Warszawa - Modlin","2+1","102.0","2.0","2.0","9117.0","9188.6","9296.0","9475.0","9833.0","2.0","0.0","0.0","0.0","0.0","0.0","0.0","0.0","-1.0","1.0","0.0","0.0","0.0","0.0","4.45","2.0","0.0"
"2026-09-19T11:13:51+0000","egipt|hurghada|2026-12-29|2027-01-05|7|Warszawa - Modlin|2+1","filter_egypt_ny_dec24_2026_7_10_days","egipt","hurghada","2026-12-29","2027-01-05","7.0","Warszawa - Modlin","2+1","101.0","2.0","2.0","10569.0","10570.1","10571.75","10574.5","10580.0","0.0","0.0","0.0","0.0","0.0","0.0","0.0","0.0","0.0","0.0","0.0","0.0","0.0","0.0","4.45","2.0","0.0"
"2026-09-19T18:11:00+0000","egipt|hurghada|2026-12-29|2027-01-05|7|Warszawa - Modlin|2+1","filter_egypt_ny_dec24_2026_7_10_days","egipt","hurghada","2026-12-29","2027-01-05","7.0","Warszawa - Modlin","2+1","101.0","2.0","2.0","10629.0","10630.1","10631.75","10634.5","10640.0","0.0","0.0","0.0","0.0","0.0","0.0","0.0","0.0","0.0","0.0","0.0","0.0","0.0","0.0","4.45","2.0","0.0"
"2026-09-19T20:54:01+0000","egipt|hurghada|2026-12-29|2027-01-05|7|Warszawa - Modlin|2+1","filter_egypt_ny_dec24_2026_7_10_days","egipt","hurghada","2026-12-29","2027-01-05","7.0","Warszawa - Modlin","2+1","101.0","2.0","2.0","10629.0","10630.1","10631.75","10634.5","10640.0","0.0","0.0","0.0","0.0","0.0","0.0","0.0","0.0","0.0","0.0","0.0","0.0","0.0","0.0","4.45","2.0","0.0"
"2026-09-19T23:17:35+0000","egipt|hurghada|2026-12-29|2027-01-05|7|Warszawa - Modlin|2+1","filter_egypt_ny_dec24_2026_7_10_days","egipt","hurghada","2026-12-29","2027-01-05","7.0","Warszawa - Modlin","2+1","101.0","1.0","1.0","10609.0","10609.0","10609.0","10609.0","10609.0","0.0","0.0","0.0","0.0","0.0","0.0","0.0","0.0","-1.0","0.0","0.0","0.0","0.0","0.0","4.6","1.0","0.0"
"2026-09-20T01:21:13+0000","egipt|hurghada|2026-12-29|2027-01-05|7|Warszawa - Modlin|2+1","filter_egypt_ny_dec24_2026_7_10_days","egipt","hurghada","2026-12-29","2027-01-05","7.0","Warszawa - Modlin","2+1","100.0","1.0","1.0","10189.0","10189.0","10189.0","10189.0","10189.0","0.0","0.0","0.0","0.0","0.0","0.0","0.0","0.0","-1.0","0.0","0.0","0.0","0.0","0.0","4.6","1.0","0.0"
"2026-09-20T06:31:48+0000","egipt|hurghada|2026-12-29|2027-01-05|7|Warszawa - Modlin|2+1","filter_egypt_ny_dec24_2026_7_10_days","egipt","hurghada","2026-12-29","2027-01-05","7.0","Warszawa - Modlin","2+1","100.0","1.0","1.0","10629.0","10629.0","10629.0","10629.0","10629.0","0.0","0.0","0.0","0.0","0.0","0.0","0.0","0.0","-1.0","1.0","0.0","0.0","0.0","0.0","4.6","1.0","0.0"
"2026-09-21T05:24:33+0000","egipt|hurghada|2026-12-29|2027-01-05|7|Warszawa - Modlin|2+1","filter_egypt_ny_dec24_2026_7_10_days","egipt","hurghada","2026-12-29","2027-01-05","7.0","Warszawa - Modlin","2+1","99.0","1.0","1.0","10347.0","10347.0","10347.0","10347.0","10347.0","0.0","0.0","0.0","0.0","0.0","0.0","0.0","0.0","0.0","0.0","0.0","0.0","0.0","0.0","4.4","1.0","0.0"
"2026-09-21T06:33:57+0000","egipt|hurghada|2026-12-29|2027-01-05|7|Warszawa - Modlin|2+1","filter_egypt_ny_dec24_2026_7_10_days","egipt","hurghada","2026-12-29","2027-01-05","7.0","Warszawa - Modlin","2+1","99.0","1.0","1.0","9947.0","9947.0","9947.0","9947.0","9947.0","1.0","0.0","0.0","0.0","0.0","0.0","0.0","0.0","0.0","0.0","0.0","0.0","0.0","0.0","4.4","1.0","0.0"
"2026-09-22T10:08:39+0000","egipt|hurghada|2026-12-29|2027-01-05|7|Warszawa - Modlin|2+1","filter_egypt_ny_dec24_2026_7_10_days","egipt","hurghada","2026-12-29","2027-01-05","7.0","Warszawa - Modlin","2+1","98.0","2.0","2.0","10878.0","10882.4","10889.0","10900.0","10922.0","0.0","0.0","0.0","0.0","0.0","0.0","0.0","0.0","1.0","0.0","0.0","0.0","0.0","0.0","4.45","2.0","0.0"
"2026-09-23T11:53:15+0000","egipt|hurghada|2026-12-29|2027-01-05|7|Warszawa - Modlin|2+1","filter_egypt_ny_dec24_2026_7_10_days","egipt","hurghada","2026-12-29","2027-01-05","7.0","Warszawa - Modlin","2+1","97.0","4.0","4.0","10429.0","10446.7","10473.25","10579.5","10912.0","0.0","0.0","0.0","0.0","0.0","0.0","0.0","0.0","2.0","0.0","60.0","0.38","0.0","1.0","4.45","4.0","0.0"
"2026-09-23T17:16:16+0000","egipt|hurghada|2026-12-29|2027-01-05|7|Warszawa - Modlin|2+1","filter_egypt_ny_dec24_2026_7_10_days","egipt","hurghada","2026-12-29","2027-01-05","7.0","Warszawa - Modlin","2+1","97.0","4.0","4.0","10329.0","10346.7","10373.25","10465.0","10912.0","0.0","0.0","0.0","0.0","0.0","0.0","0.0","0.0","2.0","0.0","61.0","-0.56","0.0","2.0","4.45","4.0","0.0"
"2026-09-23T20:33:25+0000","egipt|hurghada|2026-12-29|2027-01-05|7|Warszawa - Modlin|2+1","filter_egypt_ny_dec24_2026_7_10_days","egipt","hurghada","2026-12-29","2027-01-05","7.0","Warszawa - Modlin","2+1","97.0","3.0","3.0","10329.0","10340.8","10358.5","10388.0","10912.0","0.0","0.0","0.0","0.0","0.0","0.0","0.0","0.0","1.0","0.0","65.0","-1.18","0.0","2.0","4.5","3.0","0.0"
"2026-09-24T05:05:16+0000","egipt|hurghada|2026-12-29|2027-01-05|7|Warszawa - Modlin|2+1","filter_egypt_ny_dec24_2026_7_10_days","egipt","hurghada","2026-12-29","2027-01-05","7.0","Warszawa - Modlin","2+1","96.0","3.0","3.0","9538.0","9589.4","9666.5","9795.0","10329.0","2.0","0.0","0.0","0.0","0.0","0.0","0.0","0.0","-1.0","3.0","70.0","-4.12","0.0","2.0","4.5","3.0","0.0"
"2026-09-24T10:13:08+0000","egipt|hurghada|2026-12-29|2027-01-05|7|Warszawa - Modlin|2+1","filter_egypt_ny_dec24_2026_7_10_days","egipt","hurghada","2026-12-29","2027-01-05","7.0","Warszawa - Modlin","2+1","96.0","1.0","1.0","9755.0","9755.0","9755.0","9755.0","9755.0","1.0","0.0","0.0","0.0","0.0","0.0","0.0","0.0","-3.0","1.0","0.0","0.0","0.0","0.0","4.4","1.0","0.0"
"2026-09-24T15:18:16+0000","egipt|hurghada|2026-12-29|2027-01-05|7|Warszawa - Modlin|2+1","filter_egypt_ny_dec24_2026_7_10_days","egipt","hurghada","2026-12-29","2027-01-05","7.0","Warszawa - Modlin","2+1","96.0","1.0","1.0","9415.0","9415.0","9415.0","9415.0","9415.0","1.0","0.0","0.0","0.0","0.0","0.0","0.0","0.0","-3.0","0.0","0.0","0.0","0.0","0.0","4.7","1.0","0.0"
"2026-08-29T09:30:53+0000","egipt|marsa-alam|2026-12-25|2027-01-01|7|Warszawa - Modlin|2+1","filter_egypt_ny_dec24_2026_7_10_days","egipt","marsa-alam","2026-12-25","2027-01-01","7.0","Warszawa - Modlin","2+1","118.0","1.0","1.0","10542.0","10542.0","10542.0","10542.0","10542.0","0.0","0.0","0.0","0.0","0.0","0.0","0.0","0.0","0.0","0.0","0.0","0.0","0.0","0.0","4.7","1.0","0.0"
"2026-08-29T12:09:36+0000","egipt|marsa-alam|2026-12-25|2027-01-01|7|Warszawa - Modlin|2+1","filter_egypt_ny_dec24_2026_7_10_days","egipt","marsa-alam","2026-12-25","2027-01-01","7.0","Warszawa - Modlin","2+1","118.0","1.0","1.0","10542.0","10542.0","10542.0","10542.0","10542.0","0.0","0.0","0.0","0.0","0.0","0.0","0.0","0.0","0.0","0.0","0.0","0.0","0.0","0.0","4.7","1.0","0.0"
"2026-08-29T14:39:09+0000","egipt|marsa-alam|2026-12-25|2027-01-01|7|Warszawa - Modlin|2+1","filter_egypt_ny_dec24_2026_7_10_days","egipt","marsa-alam","2026-12-25","2027-01-01","7.0","Warszawa - Modlin","2+1","118.0","1.0","1.0","10542.0","10542.0","10542.0","10542.0","10542.0","0.0","0.0","0.0","0.0","0.0","0.0","0.0","0.0","0.0","0.0","0.0","0.0","0.0","0.0","4.7","1.0","0.0"
"2026-08-31T23:59:15+0000","egipt|marsa-alam|2026-12-25|2027-01-01|7|Warszawa - Modlin|2+1","filter_egypt_ny_dec24_2026_7_10_days","egipt","marsa-alam","2026-12-25","2027-01-01","7.0","Warszawa - Modlin","2+1","116.0","1.0","1.0","9973.0","9973.0","9973.0","9973.0","9973.0","1.0","0.0","0.0","0.0","0.0","0.0","0.0","0.0","0.0","0.0","0.0","0.0","0.0","0.0","4.4","1.0","0.0"
"2026-09-01T05:01:32+0000","egipt|marsa-alam|2026-12-25|2027-01-01|7|Warszawa - Modlin|2+1","filter_egypt_ny_dec24_2026_7_10_days","egipt","marsa-alam","2026-12-25","2027-01-01","7.0","Warszawa - Modlin","2+1","115.0","1.0","1.0","9973.0","9973.0","9973.0","9973.0","9973.0","1.0","0.0","0.0","0.0","0.0","0.0","0.0","0.0","0.0","0.0","0.0","0.0","0.0","0.0","4.4","1.0","0.0"
"2026-09-01T05:23:27+0000","egipt|marsa-alam|2026-12-25|2027-01-01|7|Warszawa - Modlin|2+1","filter_egypt_ny_dec24_2026_7_10_days","egipt","marsa-alam","2026-12-25","2027-01-01","7.0","Warszawa - Modlin","2+1","115.0","1.0","1.0","9973.0","9973.0","9973.0","9973.0","9973.0","1.0","0.0","0.0","0.0","0.0","0.0","0.0","0.0","0.0","0.0","0.0","0.0","0.0","0.0","4.4","1.0","0.0"
"2026-09-01T14:11:33+0000","egipt|marsa-alam|2026-12-25|2027-01-01|7|Warszawa - Modlin|2+1","filter_egypt_ny_dec24_2026_7_10_days","egipt","marsa-alam","2026-12-25","2027-01-01","7.0","Warszawa - Modlin","2+1","115.0","1.0","1.0","10155.0","10155.0","10155.0","10155.0","10155.0","0.0","0.0","0.0","0.0","0.0","0.0","0.0","0.0","0.0","0.0","0.0","0.0","0.0","0.0","4.7","1.0","0.0"
"2026-09-01T16:49:47+0000","egipt|marsa-alam|2026-12-25|2027-01-01|7|Warszawa - Modlin|2+1","filter_egypt_ny_dec24_2026_7_10_days","egipt","marsa-alam","2026-12-25","2027-01-01","7.0","Warszawa - Modlin","2+1","115.0","1.0","1.0","10155.0","10155.0","10155.0","10155.0","10155.0","0.0","0.0","0.0","0.0","0.0","0.0","0.0","0.0","0.0","0.0","0.0","0.0","0.0","0.0","4.7","1.0","0.0"
"2026-09-01T22:43:06+0000","egipt|marsa-alam|2026-12-25|2027-01-01|7|Warszawa - Modlin|2+1","filter_egypt_ny_dec24_2026_7_10_days","egipt","marsa-alam","2026-12-25","2027-01-01","7.0","Warszawa - Modlin","2+1","115.0","1.0","1.0","10155.0","10155.0","10155.0","10155.0","10155.0","0.0","0.0","0.0","0.0","0.0","0.0","0.0","0.0","0.0","0.0","0.0","0.0","0.0","0.0","4.7","1.0","0.0"
"2026-09-02T01:08:53+0000","egipt|marsa-alam|2026-12-25|2027-01-01|7|Warszawa - Modlin|2+1","filter_egypt_ny_dec24_2026_7_10_days","egipt","marsa-alam","2026-12-25","2027-01-01","7.0","Warszawa - Modlin","2+1","114.0","1.0","1.0","10155.0","10155.0","10155.0","10155.0","10155.0","0.0","0.0","0.0","0.0","0.0","0.0","0.0","0.0","0.0","0.0","0.0","0.0","0.0","0.0","4.7","1.0","0.0"
"2026-09-02T05:21:35+0000","egipt|marsa-alam|2026-12-25|2027-01-01|7|Warszawa - Modlin|2+1","filter_egypt_ny_dec24_2026_7_10_days","egipt","marsa-alam","2026-12-25","2027-01-01","7.0","Warszawa - Modlin","2+1","114.0","1.0","1.0","10155.0","10155.0","10155.0","10155.0","10155.0","0.0","0.0","0.0","0.0","0.0","0.0","0.0","0.0","0.0","0.0","0.0","0.0","0.0","0.0","4.7","1.0","0.0"
"2026-09-02T05:58:37+0000","egipt|marsa-alam|2026-12-25|2027-01-01|7|Warszawa - Modlin|2+1","filter_egypt_ny_dec24_2026_7_10_days","egipt","marsa-alam","2026-12-25","2027-01-01","7.0","Warszawa - Modlin","2+1","114.0","1.0","1.0","10155.0","10155.0","10155.0","10155.0","10155.0","0.0","0.0","0.0","0.0","0.0","0.0","0.0","0.0","0.0","0.0","0.0","0.0","0.0","0.0","4.7","1.0","0.0"
"2026-09-02T08:41:57+0000","egipt|marsa-alam|2026-12-25|2027-01-01|7|Warszawa - Modlin|2+1","filter_egypt_ny_dec24_2026_7_10_days","egipt","marsa-alam","2026-12-25","2027-01-01","7.0","Warszawa - Modlin","2+1","114.0","1.0","1.0","10155.0","10155.0","10155.0","10155.0","10155.0","0.0","0.0","0.0","0.0","0.0","0.0","0.0","0.0","0.0","0.0","0.0","0.0","0.0","0.0","4.7","1.0","0.0"
"2026-09-02T11:32:16+0000","egipt|marsa-alam|2026-12-25|2027-01-01|7|Warszawa - Modlin|2+1","filter_egypt_ny_dec24_2026_7_10_days","egipt","marsa-alam","2026-12-25","2027-01-01","7.0","Warszawa - Modlin","2+1","114.0","3.0","3.0","9977.0","10012.6","10066.0","10155.0","10863.0","1.0","0.0","0.0","0.0","0.0","0.0","0.0","0.0","2.0","1.0","55.0","0.87","0.0","0.0","4.7","3.0","0.0"
"2026-09-02T16:22:40+0000","egipt|marsa-alam|2026-12-25|2027-01-01|7|Warszawa - Modlin|2+1","filter_egypt_ny_dec24_2026_7_10_days","egipt","marsa-alam","2026-12-25","2027-01-01","7.0","Warszawa - Modlin","2+1","114.0","3.0","3.0","9977.0","10012.6","10066.0","10155.0","10863.0","1.0","0.0","0.0","0.0","0.0","0.0","0.0","0.0","2.0","1.0","58.0","1.04","0.0","1.0","4.7","3.0","0.0"
"2026-09-02T16:45:09+0000","egipt|marsa-alam|2026-12-25|2027-01-01|7|Warszawa - Modlin|2+1","filter_egypt_ny_dec24_2026_7_10_days","egipt","marsa-alam","2026-12-25","2027-01-01","7.0","Warszawa - Modlin","2+1","114.0","3.0","3.0","9977.0","10012.6","10066.0","10155.0","10863.0","1.0","0.0","0.0","0.0","0.0","0.0","0.0","0.0","2.0","1.0","61.0","0.99","0.0","1.0","4.7","3.0","0.0"
"2026-09-02T19:56:13+0000","egipt|marsa-alam|2026-12-25|2027-01-01|7|Warszawa - Modlin|2+1","filter_egypt_ny_dec24_2026_7_10_days","egipt","marsa-alam","2026-12-25","2027-01-01","7.0","Warszawa - Modlin","2+1","114.0","2.0","2.0","9977.0","10065.6","10198.5","10420.0","10863.0","1.0","0.0","0.0","0.0","0.0","0.0","0.0","0.0","1.0","0.0","0.0","0.0","0.0","0.0","4.7","2.0","0.0"
"2026-09-02T22:47:02+0000","egipt|marsa-alam|2026-12-25|2027-01-01|7|Warszawa - Modlin|2+1","filter_egypt_ny_dec24_2026_7_10_days","egipt","marsa-alam","2026-12-25","2027-01-01","7.0","Warszawa - Modlin","2+1","114.0","2.0","2.0","9977.0","10065.6","10198.5","10420.0","10863.0","1.0","0.0","0.0","0.0","0.0","0.0","0.0","0.0","1.0","0.0","0.0","0.0","0.0","0.0","4.7","2.0","0.0"
"2026-09-03T01:14:58+0000","egipt|marsa-alam|2026-12-25|2027-01-01|7|Warszawa - Modlin|2+1","filter_egypt_ny_dec24_2026_7_10_days","egipt","marsa-alam","2026-12-25","2027-01-01","7.0","Warszawa - Modlin","2+1","113.0","2.0","2.0","9977.0","10065.6","10198.5","10420.0","10863.0","1.0","0.0","0.0","0.0","0.0","0.0","0.0","0.0","1.0","0.0","0.0","0.0","0.0","0.0","4.7","2.0","0.0"
"2026-09-03T05:09:24+0000","egipt|marsa-alam|2026-12-25|2027-01-01|7|Warszawa - Modlin|2+1","filter_egypt_ny_dec24_2026_7_10_days","egipt","marsa-alam","2026-12-25","2027-01-01","7.0","Warszawa - Modlin","2+1","113.0","2.0","2.0","9977.0","10065.6","10198.5","10420.0","10863.0","1.0","0.0","0.0","0.0","0.0","0.0","0.0","0.0","1.0","0.0","0.0","0.0","0.0","0.0","4.7","2.0","0.0"
"2026-09-03T05:58:14+0000","egipt|marsa-alam|2026-12-25|2027-01-01|7|Warszawa - Modlin|2+1","filter_egypt_ny_dec24_2026_7_10_days","egipt","marsa-alam","2026-12-25","2027-01-01","7.0","Warszawa - Modlin","2+1","113.0","2.0","2.0","9977.0","10065.6","10198.5","10420.0","10863.0","1.0","0.0","0.0","0.0","0.0","0.0","0.0","0.0","1.0","0.0","0.0","0.0","0.0","0.0","4.7","2.0","0.0"
"2026-09-03T11:28:58+0000","egipt|marsa-alam|2026-12-25|2027-01-01|7|Warszawa - Modlin|2+1","filter_egypt_ny_dec24_2026_7_10_days","egipt","marsa-alam","2026-12-25","2027-01-01","7.0","Warszawa - Modlin","2+1","113.0","2.0","2.0","9977.0","10065.6","10198.5","10420.0","10863.0","1.0","0.0","0.0","0.0","0.0","0.0","0.0","0.0","-1.0","2.0","0.0","0.0","0.0","0.0","4.7","2.0","0.0"
"2026-09-03T16:02:14+0000","egipt|marsa-alam|2026-12-25|2027-01-01|7|Warszawa - Modlin|2+1","filter_egypt_ny_dec24_2026_7_10_days","egipt","marsa-alam","2026-12-25","2027-01-01","7.0","Warszawa - Modlin","2+1","113.0","2.0","2.0","9977.0","10065.6","10198.5","10420.0","10863.0","1.0","0.0","0.0","0.0","0.0","0.0","0.0","0.0","-1.0","2.0","0.0","0.0","0.0","0.0","4.7","2.0","0.0"
"2026-09-03T16:36:10+0000","egipt|marsa-alam|2026-12-25|2027-01-01|7|Warszawa - Modlin|2+1","filter_egypt_ny_dec24_2026_7_10_days","egipt","marsa-alam","2026-12-25","2027-01-01","7.0","Warszawa - Modlin","2+1","113.0","2.0","2.0","9977.0","10065.6","10198.5","10420.0","10863.0","1.0","0.0","0.0","0.0","0.0","0.0","0.0","0.0","-1.0","2.0","0.0","0.0","0.0","0.0","4.7","2.0","0.0"
"2026-09-03T20:00:33+0000","egipt|marsa-alam|2026-12-25|2027-01-01|7|Warszawa - Modlin|2+1","filter_egypt_ny_dec24_2026_7_10_days","egipt","marsa-alam","2026-12-25","2027-01-01","7.0","Warszawa - Modlin","2+1","113.0","2.0","2.0","9977.0","10065.6","10198.5","10420.0","10863.0","1.0","0.0","0.0","0.0","0.0","0.0","0.0","0.0","0.0","2.0","0.0","0.0","0.0","0.0","4.7","2.0","0.0"
"2026-09-03T22:43:36+0000","egipt|marsa-alam|2026-12-25|2027-01-01|7|Warszawa - Modlin|2+1","filter_egypt_ny_dec24_2026_7_10_days","egipt","marsa-alam","2026-12-25","2027-01-01","7.0","Warszawa - Modlin","2+1","113.0","2.0","2.0","9977.0","10065.6","10198.5","10420.0","10863.0","1.0","0.0","0.0","0.0","0.0","0.0","0.0","0.0","0.0","2.0","0.0","0.0","0.0","0.0","4.7","2.0","0.0"
"2026-09-04T01:07:30+0000","egipt|marsa-alam|2026-12-25|2027-01-01|7|Warszawa - Modlin|2+1","filter_egypt_ny_dec24_2026_7_10_days","egipt","marsa-alam","2026-12-25","2027-01-01","7.0","Warszawa - Modlin","2+1","112.0","2.0","2.0","9977.0","10065.6","10198.5","10420.0","10863.0","1.0","0.0","0.0","0.0","0.0","0.0","0.0","0.0","0.0","2.0","0.0","0.0","0.0","0.0","4.7","2.0","0.0"
"2026-09-04T06:05:25+0000","egipt|marsa-alam|2026-12-25|2027-01-01|7|Warszawa - Modlin|2+1","filter_egypt_ny_dec24_2026_7_10_days","egipt","marsa-alam","2026-12-25","2027-01-01","7.0","Warszawa - Modlin","2+1","112.0","2.0","2.0","9977.0","10065.6","10198.5","10420.0","10863.0","1.0","0.0","0.0","0.0","0.0","0.0","0.0","0.0","0.0","2.0","0.0","0.0","0.0","0.0","4.7","2.0","0.0"
"2026-09-04T11:31:53+0000","egipt|marsa-alam|2026-12-25|2027-01-01|7|Warszawa - Modlin|2+1","filter_egypt_ny_dec24_2026_7_10_days","egipt","marsa-alam","2026-12-25","2027-01-01","7.0","Warszawa - Modlin","2+1","112.0","3.0","3.0","9300.0","9381.6","9504.0","9708.0","9886.0","3.0","0.0","0.0","0.0","0.0","0.0","0.0","0.0","1.0","1.0","69.0","-1.77","0.0","2.0","4.7","3.0","0.0"
"2026-09-05T13:58:31+0000","egipt|marsa-alam|2026-12-25|2027-01-01|7|Warszawa - Modlin|2+1","filter_egypt_ny_dec24_2026_7_10_days","egipt","marsa-alam","2026-12-25","2027-01-01","7.0","Warszawa - Modlin","2+1","111.0","2.0","2.0","9940.0","9972.4","10021.0","10102.0","10264.0","1.0","0.0","0.0","0.0","0.0","0.0","0.0","0.0","-1.0","0.0","0.0","0.0","0.0","0.0","4.6","2.0","0.0"
"2026-09-05T16:56:15+0000","egipt|marsa-alam|2026-12-25|2027-01-01|7|Warszawa - Modlin|2+1","filter_egypt_ny_dec24_2026_7_10_days","egipt","marsa-alam","2026-12-25","2027-01-01","7.0","Warszawa - Modlin","2+1","111.0","2.0","2.0","9940.0","9972.4","10021.0","10102.0","10264.0","1.0","0.0","0.0","0.0","0.0","0.0","0.0","0.0","-1.0","0.0","0.0","0.0","0.0","0.0","4.6","2.0","0.0"
"2026-09-05T19:10:18+0000","egipt|marsa-alam|2026-12-25|2027-01-01|7|Warszawa - Modlin|2+1","filter_egypt_ny_dec24_2026_7_10_days","egipt","marsa-alam","2026-12-25","2027-01-01","7.0","Warszawa - Modlin","2+1","111.0","2.0","2.0","9940.0","9972.4","10021.0","10102.0","10264.0","1.0","0.0","0.0","0.0","0.0","0.0","0.0","0.0","-1.0","0.0","0.0","0.0","0.0","0.0","4.6","2.0","0.0"
"2026-09-05T21:24:19+0000","egipt|marsa-alam|2026-12-25|2027-01-01|7|Warszawa - Modlin|2+1","filter_egypt_ny_dec24_2026_7_10_days","egipt","marsa-alam","2026-12-25","2027-01-01","7.0","Warszawa - Modlin","2+1","111.0","2.0","2.0","9940.0","9972.4","10021.0","10102.0","10264.0","1.0","0.0","0.0","0.0","0.0","0.0","0.0","0.0","-1.0","0.0","0.0","0.0","0.0","0.0","4.6","2.0","0.0"
"2026-09-06T04:52:47+0000","egipt|marsa-alam|2026-12-25|2027-01-01|7|Warszawa - Modlin|2+1","filter_egypt_ny_dec24_2026_7_10_days","egipt","marsa-alam","2026-12-25","2027-01-01","7.0","Warszawa - Modlin","2+1","110.0","2.0","2.0","9940.0","9972.4","10021.0","10102.0","10264.0","1.0","0.0","0.0","0.0","0.0","0.0","0.0","0.0","0.0","2.0","0.0","0.0","0.0","0.0","4.6","2.0","0.0"
"2026-09-06T09:34:56+0000","egipt|marsa-alam|2026-12-25|2027-01-01|7|Warszawa - Modlin|2+1","filter_egypt_ny_dec24_2026_7_10_days","egipt","marsa-alam","2026-12-25","2027-01-01","7.0","Warszawa - Modlin","2+1","110.0","2.0","2.0","9940.0","9972.4","10021.0","10102.0","10264.0","1.0","0.0","0.0","0.0","0.0","0.0","0.0","0.0","0.0","2.0","0.0","0.0","0.0","0.0","4.6","2.0","0.0"
"2026-09-06T11:03:59+0000","egipt|marsa-alam|2026-12-25|2027-01-01|7|Warszawa - Modlin|2+1","filter_egypt_ny_dec24_2026_7_10_days","egipt","marsa-alam","2026-12-25","2027-01-01","7.0","Warszawa - Modlin","2+1","110.0","1.0","1.0","9940.0","9940.0","9940.0","9940.0","9940.0","1.0","0.0","0.0","0.0","0.0","0.0","0.0","0.0","-1.0","1.0","0.0","0.0","0.0","0.0","4.5","1.0","0.0"
"2026-09-06T13:47:50+0000","egipt|marsa-alam|2026-12-25|2027-01-01|7|Warszawa - Modlin|2+1","filter_egypt_ny_dec24_2026_7_10_days","egipt","marsa-alam","2026-12-25","2027-01-01","7.0","Warszawa - Modlin","2+1","110.0","2.0","2.0","9940.0","9972.4","10021.0","10102.0","10264.0","1.0","0.0","0.0","0.0","0.0","0.0","0.0","0.0","0.0","2.0","0.0","0.0","0.0","0.0","4.6","2.0","0.0"
"2026-09-06T17:12:16+0000","egipt|marsa-alam|2026-12-25|2027-01-01|7|Warszawa - Modlin|2+1","filter_egypt_ny_dec24_2026_7_10_days","egipt","marsa-alam","2026-12-25","2027-01-01","7.0","Warszawa - Modlin","2+1","110.0","1.0","1.0","9940.0","9940.0","9940.0","9940.0","9940.0","1.0","0.0","0.0","0.0","0.0","0.0","0.0","0.0","-1.0","1.0","0.0","0.0","0.0","0.0","4.5","1.0","0.0"
"2026-09-06T19:21:58+0000","egipt|marsa-alam|2026-12-25|2027-01-01|7|Warszawa - Modlin|2+1","filter_egypt_ny_dec24_2026_7_10_days","egipt","marsa-alam","2026-12-25","2027-01-01","7.0","Warszawa - Modlin","2+1","110.0","1.0","1.0","9940.0","9940.0","9940.0","9940.0","9940.0","1.0","0.0","0.0","0.0","0.0","0.0","0.0","0.0","-1.0","1.0","0.0","0.0","0.0","0.0","4.5","1.0","0.0"
"2026-09-06T21:33:18+0000","egipt|marsa-alam|2026-12-25|2027-01-01|7|Warszawa - Modlin|2+1","filter_egypt_ny_dec24_2026_7_10_days","egipt","marsa-alam","2026-12-25","2027-01-01","7.0","Warszawa - Modlin","2+1","110.0","1.0","1.0","9940.0","9940.0","9940.0","9940.0","9940.0","1.0","0.0","0.0","0.0","0.0","0.0","0.0","0.0","-1.0","1.0","0.0","0.0","0.0","0.0","4.5","1.0","0.0"
"2026-09-07T00:04:35+0000","egipt|marsa-alam|2026-12-25|2027-01-01|7|Warszawa - Modlin|2+1","filter_egypt_ny_dec24_2026_7_10_days","egipt","marsa-alam","2026-12-25","2027-01-01","7.0","Warszawa - Modlin","2+1","109.0","1.0","1.0","9940.0","9940.0","9940.0","9940.0","9940.0","1.0","0.0","0.0","0.0","0.0","0.0","0.0","0.0","-1.0","0.0","0.0","0.0","0.0","0.0","4.5","1.0","0.0"
"2026-09-07T04:56:43+0000","egipt|marsa-alam|2026-12-25|2027-01-01|7|Warszawa - Modlin|2+1","filter_egypt_ny_dec24_2026_7_10_days","egipt","marsa-alam","2026-12-25","2027-01-01","7.0","Warszawa - Modlin","2+1","109.0","2.0","2.0","9940.0","9972.4","10021.0","10102.0","10264.0","1.0","0.0","0.0","0.0","0.0","0.0","0.0","0.0","0.0","0.0","0.0","0.0","0.0","0.0","4.6","2.0","0.0"
"2026-09-07T06:30:12+0000","egipt|marsa-alam|2026-12-25|2027-01-01|7|Warszawa - Modlin|2+1","filter_egypt_ny_dec24_2026_7_10_days","egipt","marsa-alam","2026-12-25","2027-01-01","7.0","Warszawa - Modlin","2+1","109.0","2.0","2.0","9940.0","9972.4","10021.0","10102.0","10264.0","1.0","0.0","0.0","0.0","0.0","0.0","0.0","0.0","0.0","0.0","0.0","0.0","0.0","0.0","4.6","2.0","0.0"
"2026-09-07T20:42:40+0000","egipt|marsa-alam|2026-12-25|2027-01-01|7|Warszawa - Modlin|2+1","filter_egypt_ny_dec24_2026_7_10_days","egipt","marsa-alam","2026-12-25","2027-01-01","7.0","Warszawa - Modlin","2+1","109.0","1.0","1.0","10120.0","10120.0","10120.0","10120.0","10120.0","0.0","0.0","0.0","0.0","0.0","0.0","0.0","0.0","0.0","0.0","0.0","0.0","0.0","0.0","4.7","1.0","0.0"
"2026-09-08T04:52:28+0000","egipt|marsa-alam|2026-12-25|2027-01-01|7|Warszawa - Modlin|2+1","filter_egypt_ny_dec24_2026_7_10_days","egipt","marsa-alam","2026-12-25","2027-01-01","7.0","Warszawa - Modlin","2+1","108.0","1.0","1.0","10120.0","10120.0","10120.0","10120.0","10120.0","0.0","0.0","0.0","0.0","0.0","0.0","0.0","0.0","-1.0","0.0","0.0","0.0","0.0","0.0","4.7","1.0","0.0"
"2026-09-08T07:41:59+0000","egipt|marsa-alam|2026-12-25|2027-01-01|7|Warszawa - Modlin|2+1","filter_egypt_ny_dec24_2026_7_10_days","egipt","marsa-alam","2026-12-25","2027-01-01","7.0","Warszawa - Modlin","2+1","108.0","1.0","1.0","10120.0","10120.0","10120.0","10120.0","10120.0","0.0","0.0","0.0","0.0","0.0","0.0","0.0","0.0","-1.0","0.0","0.0","0.0","0.0","0.0","4.7","1.0","0.0"
"2026-09-08T09:52:41+0000","egipt|marsa-alam|2026-12-25|2027-01-01|7|Warszawa - Modlin|2+1","filter_egypt_ny_dec24_2026_7_10_days","egipt","marsa-alam","2026-12-25","2027-01-01","7.0","Warszawa - Modlin","2+1","108.0","1.0","1.0","10120.0","10120.0","10120.0","10120.0","10120.0","0.0","0.0","0.0","0.0","0.0","0.0","0.0","0.0","-1.0","0.0","0.0","0.0","0.0","0.0","4.7","1.0","0.0"
"2026-09-08T14:42:34+0000","egipt|marsa-alam|2026-12-25|2027-01-01|7|Warszawa - Modlin|2+1","filter_egypt_ny_dec24_2026_7_10_days","egipt","marsa-alam","2026-12-25","2027-01-01","7.0","Warszawa - Modlin","2+1","108.0","3.0","3.0","9418.0","9499.4","9621.5","9825.0","10120.0","2.0","0.0","0.0","0.0","0.0","0.0","0.0","0.0","2.0","1.0","53.0","2.79","0.0","0.0","4.7","3.0","0.0"
"2026-09-08T18:51:34+0000","egipt|marsa-alam|2026-12-25|2027-01-01|7|Warszawa - Modlin|2+1","filter_egypt_ny_dec24_2026_7_10_days","egipt","marsa-alam","2026-12-25","2027-01-01","7.0","Warszawa - Modlin","2+1","108.0","2.0","2.0","9418.0","9458.7","9519.75","9621.5","9825.0","2.0","0.0","0.0","0.0","0.0","0.0","0.0","0.0","1.0","0.0","0.0","0.0","0.0","0.0","4.55","2.0","0.0"
"2026-09-09T00:24:30+0000","egipt|marsa-alam|2026-12-25|2027-01-01|7|Warszawa - Modlin|2+1","filter_egypt_ny_dec24_2026_7_10_days","egipt","marsa-alam","2026-12-25","2027-01-01","7.0","Warszawa - Modlin","2+1","107.0","2.0","2.0","9418.0","9458.7","9519.75","9621.5","9825.0","2.0","0.0","0.0","0.0","0.0","0.0","0.0","0.0","1.0","0.0","0.0","0.0","0.0","0.0","4.55","2.0","0.0"
"2026-09-09T11:37:23+0000","egipt|marsa-alam|2026-12-25|2027-01-01|7|Warszawa - Modlin|2+1","filter_egypt_ny_dec24_2026_7_10_days","egipt","marsa-alam","2026-12-25","2027-01-01","7.0","Warszawa - Modlin","2+1","107.0","3.0","3.0","9418.0","9499.4","9621.5","9825.0","10351.0","2.0","0.0","0.0","0.0","0.0","0.0","0.0","0.0","2.0","1.0","50.0","2.82","0.0","0.0","4.7","3.0","0.0"
"2026-09-09T16:49:24+0000","egipt|marsa-alam|2026-12-25|2027-01-01|7|Warszawa - Modlin|2+1","filter_egypt_ny_dec24_2026_7_10_days","egipt","marsa-alam","2026-12-25","2027-01-01","7.0","Warszawa - Modlin","2+1","107.0","3.0","3.0","9418.0","9499.4","9621.5","9825.0","10351.0","2.0","0.0","0.0","0.0","0.0","0.0","0.0","0.0","1.0","2.0","52.0","2.62","0.0","0.0","4.7","3.0","0.0"
"2026-09-09T19:54:29+0000","egipt|marsa-alam|2026-12-25|2027-01-01|7|Warszawa - Modlin|2+1","filter_egypt_ny_dec24_2026_7_10_days","egipt","marsa-alam","2026-12-25","2027-01-01","7.0","Warszawa - Modlin","2+1","107.0","3.0","3.0","9418.0","9499.4","9621.5","9825.0","10351.0","2.0","0.0","0.0","0.0","0.0","0.0","0.0","0.0","1.0","2.0","57.0","2.5","0.0","0.0","4.7","3.0","0.0"
"2026-09-09T22:41:18+0000","egipt|marsa-alam|2026-12-25|2027-01-01|7|Warszawa - Modlin|2+1","filter_egypt_ny_dec24_2026_7_10_days","egipt","marsa-alam","2026-12-25","2027-01-01","7.0","Warszawa - Modlin","2+1","107.0","3.0","3.0","9418.0","9499.4","9621.5","9825.0","10351.0","2.0","0.0","0.0","0.0","0.0","0.0","0.0","0.0","1.0","2.0","57.0","2.41","0.0","0.0","4.7","3.0","0.0"
"2026-09-10T01:15:01+0000","egipt|marsa-alam|2026-12-25|2027-01-01|7|Warszawa - Modlin|2+1","filter_egypt_ny_dec24_2026_7_10_days","egipt","marsa-alam","2026-12-25","2027-01-01","7.0","Warszawa - Modlin","2+1","106.0","3.0","3.0","9418.0","9499.4","9621.5","9825.0","10351.0","2.0","0.0","0.0","0.0","0.0","0.0","0.0","0.0","1.0","2.0","57.0","2.32","0.0","0.0","4.7","3.0","0.0"
"2026-09-10T06:07:47+0000","egipt|marsa-alam|2026-12-25|2027-01-01|7|Warszawa - Modlin|2+1","filter_egypt_ny_dec24_2026_7_10_days","egipt","marsa-alam","2026-12-25","2027-01-01","7.0","Warszawa - Modlin","2+1","106.0","3.0","3.0","9418.0","9499.4","9621.5","9825.0","10351.0","2.0","0.0","0.0","0.0","0.0","0.0","0.0","0.0","0.0","3.0","58.0","2.17","0.0","0.0","4.7","3.0","0.0"
"2026-09-10T11:33:48+0000","egipt|marsa-alam|2026-12-25|2027-01-01|7|Warszawa - Modlin|2+1","filter_egypt_ny_dec24_2026_7_10_days","egipt","marsa-alam","2026-12-25","2027-01-01","7.0","Warszawa - Modlin","2+1","106.0","1.0","1.0","10485.0","10485.0","10485.0","10485.0","10485.0","0.0","0.0","0.0","0.0","0.0","0.0","0.0","0.0","-2.0","1.0","0.0","0.0","0.0","0.0","4.7","1.0","0.0"
"2026-09-11T11:36:28+0000","egipt|marsa-alam|2026-12-25|2027-01-01|7|Warszawa - Modlin|2+1","filter_egypt_ny_dec24_2026_7_10_days","egipt","marsa-alam","2026-12-25","2027-01-01","7.0","Warszawa - Modlin","2+1","105.0","2.0","2.0","10495.0","10535.4","10596.0","10697.0","10899.0","0.0","0.0","0.0","0.0","0.0","0.0","0.0","0.0","1.0","0.0","0.0","0.0","0.0","0.0","4.45","2.0","0.0"
"2026-09-11T15:03:29+0000","egipt|marsa-alam|2026-12-25|2027-01-01|7|Warszawa - Modlin|2+1","filter_egypt_ny_dec24_2026_7_10_days","egipt","marsa-alam","2026-12-25","2027-01-01","7.0","Warszawa - Modlin","2+1","105.0","4.0","4.0","9686.0","9800.0","9971.0","10079.5","10899.0","1.0","0.0","0.0","0.0","0.0","0.0","0.0","0.0","3.0","0.0","45.0","5.89","0.0","0.0","4.45","4.0","0.0"
"2026-09-11T16:39:34+0000","egipt|marsa-alam|2026-12-25|2027-01-01|7|Warszawa - Modlin|2+1","filter_egypt_ny_dec24_2026_7_10_days","egipt","marsa-alam","2026-12-25","2027-01-01","7.0","Warszawa - Modlin","2+1","105.0","2.0","2.0","10066.0","10149.3","10274.25","10482.5","10899.0","0.0","0.0","0.0","0.0","0.0","0.0","0.0","0.0","1.0","0.0","0.0","0.0","0.0","0.0","4.45","2.0","0.0"
"2026-09-11T19:54:13+0000","egipt|marsa-alam|2026-12-25|2027-01-01|7|Warszawa - Modlin|2+1","filter_egypt_ny_dec24_2026_7_10_days","egipt","marsa-alam","2026-12-25","2027-01-01","7.0","Warszawa - Modlin","2+1","105.0","5.0","5.0","9662.0","9814.0","10042.0","10069.0","10882.0","1.0","0.0","0.0","0.0","0.0","0.0","0.0","0.0","4.0","1.0","49.0","5.28","0.0","0.0","4.5","5.0","0.0"
"2026-09-11T22:44:19+0000","egipt|marsa-alam|2026-12-25|2027-01-01|7|Warszawa - Modlin|2+1","filter_egypt_ny_dec24_2026_7_10_days","egipt","marsa-alam","2026-12-25","2027-01-01","7.0","Warszawa - Modlin","2+1","105.0","5.0","5.0","9662.0","9814.0","10042.0","10069.0","10882.0","1.0","0.0","0.0","0.0","0.0","0.0","0.0","0.0","4.0","1.0","51.0","5.12","0.0","0.0","4.5","5.0","0.0"
"2026-09-12T01:16:28+0000","egipt|marsa-alam|2026-12-25|2027-01-01|7|Warszawa - Modlin|2+1","filter_egypt_ny_dec24_2026_7_10_days","egipt","marsa-alam","2026-12-25","2027-01-01","7.0","Warszawa - Modlin","2+1","104.0","8.0","8.0","9662.0","9928.0","10062.25","10313.5","10882.0","1.0","0.0","0.0","0.0","0.0","0.0","0.0","0.0","6.0","2.0","51.0","5.9","0.0","0.0","4.5","8.0","0.0"
"2026-09-12T05:58:41+0000","egipt|marsa-alam|2026-12-25|2027-01-01|7|Warszawa - Modlin|2+1","filter_egypt_ny_dec24_2026_7_10_days","egipt","marsa-alam","2026-12-25","2027-01-01","7.0","Warszawa - Modlin","2+1","104.0","8.0","8.0","9662.0","9928.0","10062.25","10313.5","10882.0","1.0","0.0","0.0","0.0","0.0","0.0","0.0","0.0","6.0","2.0","52.0","5.63","0.0","0.0","4.5","8.0","0.0"
"2026-09-12T11:00:01+0000","egipt|marsa-alam|2026-12-25|2027-01-01|7|Warszawa - Modlin|2+1","filter_egypt_ny_dec24_2026_7_10_days","egipt","marsa-alam","2026-12-25","2027-01-01","7.0","Warszawa - Modlin","2+1","104.0","6.0","6.0","9673.0","9863.0","10080.0","10325.5","10895.0","1.0","0.0","0.0","0.0","0.0","0.0","0.0","0.0","4.0","2.0","44.0","5.95","0.0","0.0","4.5","6.0","0.0"
"2026-09-12T14:17:19+0000","egipt|marsa-alam|2026-12-25|2027-01-01|7|Warszawa - Modlin|2+1","filter_egypt_ny_dec24_2026_7_10_days","egipt","marsa-alam","2026-12-25","2027-01-01","7.0","Warszawa - Modlin","2+1","104.0","5.0","5.0","10053.0","10096.2","10161.0","10490.0","10895.0","0.0","0.0","0.0","0.0","0.0","0.0","0.0","0.0","1.0","1.0","48.0","5.83","0.0","0.0","4.5","5.0","0.0"
"2026-09-12T17:20:28+0000","egipt|marsa-alam|2026-12-25|2027-01-01|7|Warszawa - Modlin|2+1","filter_egypt_ny_dec24_2026_7_10_days","egipt","marsa-alam","2026-12-25","2027-01-01","7.0","Warszawa - Modlin","2+1","104.0","5.0","5.0","10053.0","10096.2","10161.0","10490.0","10895.0","0.0","0.0","0.0","0.0","0.0","0.0","0.0","0.0","3.0","2.0","53.0","6.03","0.0","0.0","4.5","5.0","0.0"
"2026-09-12T22:26:59+0000","egipt|marsa-alam|2026-12-25|2027-01-01|7|Warszawa - Modlin|2+1","filter_egypt_ny_dec24_2026_7_10_days","egipt","marsa-alam","2026-12-25","2027-01-01","7.0","Warszawa - Modlin","2+1","104.0","5.0","5.0","10053.0","10096.2","10161.0","10490.0","10895.0","0.0","0.0","0.0","0.0","0.0","0.0","0.0","0.0","0.0","2.0","54.0","5.8","0.0","0.0","4.5","5.0","0.0"
"2026-09-13T01:12:19+0000","egipt|marsa-alam|2026-12-25|2027-01-01|7|Warszawa - Modlin|2+1","filter_egypt_ny_dec24_2026_7_10_days","egipt","marsa-alam","2026-12-25","2027-01-01","7.0","Warszawa - Modlin","2+1","103.0","5.0","5.0","10053.0","10096.2","10161.0","10490.0","10895.0","0.0","0.0","0.0","0.0","0.0","0.0","0.0","0.0","-3.0","5.0","55.0","5.69","0.0","0.0","4.5","5.0","0.0"
"2026-09-13T06:22:18+0000","egipt|marsa-alam|2026-12-25|2027-01-01|7|Warszawa - Modlin|2+1","filter_egypt_ny_dec24_2026_7_10_days","egipt","marsa-alam","2026-12-25","2027-01-01","7.0","Warszawa - Modlin","2+1","103.0","4.0","4.0","10161.0","10259.7","10407.75","10643.0","10895.0","0.0","0.0","0.0","0.0","0.0","0.0","0.0","0.0","-4.0","4.0","55.0","5.52","0.0","0.0","4.5","4.0","0.0"
"2026-09-13T09:28:46+0000","egipt|marsa-alam|2026-12-25|2027-01-01|7|Warszawa - Modlin|2+1","filter_egypt_ny_dec24_2026_7_10_days","egipt","marsa-alam","2026-12-25","2027-01-01","7.0","Warszawa - Modlin","2+1","103.0","4.0","4.0","10161.0","10259.7","10407.75","10643.0","10895.0","0.0","0.0","0.0","0.0","0.0","0.0","0.0","0.0","-2.0","4.0","55.0","5.41","0.0","0.0","4.5","4.0","0.0"
"2026-09-13T12:50:24+0000","egipt|marsa-alam|2026-12-25|2027-01-01|7|Warszawa - Modlin|2+1","filter_egypt_ny_dec24_2026_7_10_days","egipt","marsa-alam","2026-12-25","2027-01-01","7.0","Warszawa - Modlin","2+1","103.0","1.0","1.0","10895.0","10895.0","10895.0","10895.0","10895.0","0.0","0.0","0.0","0.0","0.0","0.0","0.0","0.0","-4.0","0.0","0.0","0.0","0.0","0.0","4.4","1.0","0.0"
"2026-09-13T17:02:54+0000","egipt|marsa-alam|2026-12-25|2027-01-01|7|Warszawa - Modlin|2+1","filter_egypt_ny_dec24_2026_7_10_days","egipt","marsa-alam","2026-12-25","2027-01-01","7.0","Warszawa - Modlin","2+1","103.0","3.0","3.0","10490.0","10551.2","10643.0","10796.0","10895.0","0.0","0.0","0.0","0.0","0.0","0.0","0.0","0.0","-2.0","3.0","48.0","5.1","0.0","0.0","4.5","3.0","0.0"
"2026-09-13T19:35:37+0000","egipt|marsa-alam|2026-12-25|2027-01-01|7|Warszawa - Modlin|2+1","filter_egypt_ny_dec24_2026_7_10_days","egipt","marsa-alam","2026-12-25","2027-01-01","7.0","Warszawa - Modlin","2+1","103.0","1.0","1.0","10895.0","10895.0","10895.0","10895.0","10895.0","0.0","0.0","0.0","0.0","0.0","0.0","0.0","0.0","-4.0","1.0","0.0","0.0","0.0","0.0","4.4","1.0","0.0"
"2026-09-13T22:32:44+0000","egipt|marsa-alam|2026-12-25|2027-01-01|7|Warszawa - Modlin|2+1","filter_egypt_ny_dec24_2026_7_10_days","egipt","marsa-alam","2026-12-25","2027-01-01","7.0","Warszawa - Modlin","2+1","103.0","2.0","2.0","10161.0","10234.4","10344.5","10528.0","10895.0","0.0","0.0","0.0","0.0","0.0","0.0","0.0","0.0","-3.0","2.0","0.0","0.0","0.0","0.0","4.45","2.0","0.0"
"2026-09-14T01:16:47+0000","egipt|marsa-alam|2026-12-25|2027-01-01|7|Warszawa - Modlin|2+1","filter_egypt_ny_dec24_2026_7_10_days","egipt","marsa-alam","2026-12-25","2027-01-01","7.0","Warszawa - Modlin","2+1","102.0","2.0","2.0","10161.0","10234.4","10344.5","10528.0","10895.0","0.0","0.0","0.0","0.0","0.0","0.0","0.0","0.0","-3.0","0.0","0.0","0.0","0.0","0.0","4.45","2.0","0.0"
"2026-09-14T05:27:34+0000","egipt|marsa-alam|2026-12-25|2027-01-01|7|Warszawa - Modlin|2+1","filter_egypt_ny_dec24_2026_7_10_days","egipt","marsa-alam","2026-12-25","2027-01-01","7.0","Warszawa - Modlin","2+1","102.0","2.0","2.0","10161.0","10234.4","10344.5","10528.0","10895.0","0.0","0.0","0.0","0.0","0.0","0.0","0.0","0.0","-2.0","0.0","0.0","0.0","0.0","0.0","4.45","2.0","0.0"
"2026-09-14T06:29:57+0000","egipt|marsa-alam|2026-12-25|2027-01-01|7|Warszawa - Modlin|2+1","filter_egypt_ny_dec24_2026_7_10_days","egipt","marsa-alam","2026-12-25","2027-01-01","7.0","Warszawa - Modlin","2+1","102.0","2.0","2.0","10161.0","10234.4","10344.5","10528.0","10895.0","0.0","0.0","0.0","0.0","0.0","0.0","0.0","0.0","-2.0","0.0","0.0","0.0","0.0","0.0","4.45","2.0","0.0"
"2026-09-14T13:01:39+0000","egipt|marsa-alam|2026-12-25|2027-01-01|7|Warszawa - Modlin|2+1","filter_egypt_ny_dec24_2026_7_10_days","egipt","marsa-alam","2026-12-25","2027-01-01","7.0","Warszawa - Modlin","2+1","102.0","2.0","2.0","10062.0","10071.9","10086.75","10111.5","10161.0","0.0","0.0","0.0","0.0","0.0","0.0","0.0","0.0","1.0","0.0","0.0","0.0","0.0","0.0","4.5","2.0","0.0"
"2026-09-14T14:16:41+0000","egipt|marsa-alam|2026-12-25|2027-01-01|7|Warszawa - Modlin|2+1","filter_egypt_ny_dec24_2026_7_10_days","egipt","marsa-alam","2026-12-25","2027-01-01","7.0","Warszawa - Modlin","2+1","102.0","2.0","2.0","10062.0","10071.9","10086.75","10111.5","10161.0","0.0","0.0","0.0","0.0","0.0","0.0","0.0","0.0","1.0","0.0","0.0","0.0","0.0","0.0","4.5","2.0","0.0"
"2026-09-14T19:32:48+0000","egipt|marsa-alam|2026-12-25|2027-01-01|7|Warszawa - Modlin|2+1","filter_egypt_ny_dec24_2026_7_10_days","egipt","marsa-alam","2026-12-25","2027-01-01","7.0","Warszawa - Modlin","2+1","102.0","2.0","2.0","10062.0","10071.9","10086.75","10111.5","10161.0","0.0","0.0","0.0","0.0","0.0","0.0","0.0","0.0","1.0","0.0","0.0","0.0","0.0","0.0","4.5","2.0","0.0"
"2026-09-14T23:16:16+0000","egipt|marsa-alam|2026-12-25|2027-01-01|7|Warszawa - Modlin|2+1","filter_egypt_ny_dec24_2026_7_10_days","egipt","marsa-alam","2026-12-25","2027-01-01","7.0","Warszawa - Modlin","2+1","102.0","2.0","2.0","10062.0","10071.9","10086.75","10111.5","10161.0","0.0","0.0","0.0","0.0","0.0","0.0","0.0","0.0","0.0","0.0","0.0","0.0","0.0","0.0","4.5","2.0","0.0"
"2026-09-15T01:36:50+0000","egipt|marsa-alam|2026-12-25|2027-01-01|7|Warszawa - Modlin|2+1","filter_egypt_ny_dec24_2026_7_10_days","egipt","marsa-alam","2026-12-25","2027-01-01","7.0","Warszawa - Modlin","2+1","101.0","2.0","2.0","10062.0","10071.9","10086.75","10111.5","10161.0","0.0","0.0","0.0","0.0","0.0","0.0","0.0","0.0","0.0","1.0","0.0","0.0","0.0","0.0","4.5","2.0","0.0"
"2026-09-15T07:56:20+0000","egipt|marsa-alam|2026-12-25|2027-01-01|7|Warszawa - Modlin|2+1","filter_egypt_ny_dec24_2026_7_10_days","egipt","marsa-alam","2026-12-25","2027-01-01","7.0","Warszawa - Modlin","2+1","101.0","3.0","3.0","9954.0","9975.6","10008.0","10062.0","10161.0","1.0","0.0","0.0","0.0","0.0","0.0","0.0","0.0","1.0","2.0","62.0","-0.83","0.0","1.0","4.5","3.0","0.0"
"2026-09-15T14:49:10+0000","egipt|marsa-alam|2026-12-25|2027-01-01|7|Warszawa - Modlin|2+1","filter_egypt_ny_dec24_2026_7_10_days","egipt","marsa-alam","2026-12-25","2027-01-01","7.0","Warszawa - Modlin","2+1","101.0","4.0","4.0","9954.0","9986.4","10035.0","10111.5","10756.0","1.0","0.0","0.0","0.0","0.0","0.0","0.0","0.0","2.0","2.0","60.0","-1.04","0.0","1.0","4.5","4.0","0.0"
"2026-09-15T18:21:04+0000","egipt|marsa-alam|2026-12-25|2027-01-01|7|Warszawa - Modlin|2+1","filter_egypt_ny_dec24_2026_7_10_days","egipt","marsa-alam","2026-12-25","2027-01-01","7.0","Warszawa - Modlin","2+1","101.0","8.0","8.0","9472.0","9668.7","9833.25","9919.0","10595.0","5.0","0.0","0.0","0.0","0.0","0.0","0.0","0.0","6.0","2.0","66.0","-3.65","0.0","6.0","4.5","8.0","0.0"
"2026-09-15T21:36:40+0000","egipt|marsa-alam|2026-12-25|2027-01-01|7|Warszawa - Modlin|2+1","filter_egypt_ny_dec24_2026_7_10_days","egipt","marsa-alam","2026-12-25","2027-01-01","7.0","Warszawa - Modlin","2+1","101.0","8.0","8.0","9753.0","9775.4","9841.25","9919.0","10595.0","5.0","0.0","0.0","0.0","0.0","0.0","0.0","0.0","6.0","2.0","68.0","-3.12","0.0","7.0","4.5","8.0","0.0"
"2026-09-16T00:31:45+0000","egipt|marsa-alam|2026-12-25|2027-01-01|7|Warszawa - Modlin|2+1","filter_egypt_ny_dec24_2026_7_10_days","egipt","marsa-alam","2026-12-25","2027-01-01","7.0","Warszawa - Modlin","2+1","100.0","8.0","8.0","9753.0","9775.4","9841.25","9919.0","10595.0","5.0","0.0","0.0","0.0","0.0","0.0","0.0","0.0","6.0","2.0","69.0","-2.91","0.0","8.0","4.5","8.0","0.0"
"2026-09-16T06:12:13+0000","egipt|marsa-alam|2026-12-25|2027-01-01|7|Warszawa - Modlin|2+1","filter_egypt_ny_dec24_2026_7_10_days","egipt","marsa-alam","2026-12-25","2027-01-01","7.0","Warszawa - Modlin","2+1","100.0","4.0","4.0","9753.0","9762.6","9777.0","9822.5","9879.0","4.0","0.0","0.0","0.0","0.0","0.0","0.0","0.0","1.0","2.0","70.0","-3.33","0.0","4.0","4.45","4.0","0.0"
"2026-09-16T11:51:14+0000","egipt|marsa-alam|2026-12-25|2027-01-01|7|Warszawa - Modlin|2+1","filter_egypt_ny_dec24_2026_7_10_days","egipt","marsa-alam","2026-12-25","2027-01-01","7.0","Warszawa - Modlin","2+1","100.0","8.0","8.0","9539.0","9735.7","9901.0","9986.5","10662.0","4.0","0.0","0.0","0.0","0.0","0.0","0.0","0.0","4.0","4.0","57.0","-1.93","0.0","1.0","4.5","8.0","0.0"
"2026-09-16T17:10:53+0000","egipt|marsa-alam|2026-12-25|2027-01-01|7|Warszawa - Modlin|2+1","filter_egypt_ny_dec24_2026_7_10_days","egipt","marsa-alam","2026-12-25","2027-01-01","7.0","Warszawa - Modlin","2+1","100.0","7.0","7.0","9539.0","9707.6","9874.0","9946.0","10662.0","4.0","0.0","0.0","0.0","0.0","0.0","0.0","0.0","-1.0","7.0","60.0","-1.92","0.0","1.0","4.5","7.0","0.0"
"2026-09-16T20:17:51+0000","egipt|marsa-alam|2026-12-25|2027-01-01|7|Warszawa - Modlin|2+1","filter_egypt_ny_dec24_2026_7_10_days","egipt","marsa-alam","2026-12-25","2027-01-01","7.0","Warszawa - Modlin","2+1","100.0","7.0","7.0","9539.0","9707.6","9874.0","9946.0","10662.0","4.0","0.0","0.0","0.0","0.0","0.0","0.0","0.0","-1.0","7.0","69.0","-1.81","0.0","5.0","4.5","7.0","0.0"
"2026-09-16T23:05:44+0000","egipt|marsa-alam|2026-12-25|2027-01-01|7|Warszawa - Modlin|2+1","filter_egypt_ny_dec24_2026_7_10_days","egipt","marsa-alam","2026-12-25","2027-01-01","7.0","Warszawa - Modlin","2+1","100.0","7.0","7.0","9539.0","9707.6","9874.0","9946.0","10662.0","4.0","0.0","0.0","0.0","0.0","0.0","0.0","0.0","-1.0","7.0","69.0","-1.75","0.0","5.0","4.5","7.0","0.0"
"2026-09-17T01:35:32+0000","egipt|marsa-alam|2026-12-25|2027-01-01|7|Warszawa - Modlin|2+1","filter_egypt_ny_dec24_2026_7_10_days","egipt","marsa-alam","2026-12-25","2027-01-01","7.0","Warszawa - Modlin","2+1","99.0","7.0","7.0","9539.0","9707.6","9874.0","9946.0","10662.0","4.0","0.0","0.0","0.0","0.0","0.0","0.0","0.0","-1.0","7.0","70.0","-1.68","1.0","4.0","4.5","7.0","0.0"
"2026-09-17T07:51:16+0000","egipt|marsa-alam|2026-12-25|2027-01-01|7|Warszawa - Modlin|2+1","filter_egypt_ny_dec24_2026_7_10_days","egipt","marsa-alam","2026-12-25","2027-01-01","7.0","Warszawa - Modlin","2+1","99.0","7.0","7.0","9539.0","9707.6","9874.0","9946.0","10662.0","4.0","0.0","0.0","0.0","0.0","0.0","0.0","0.0","3.0","4.0","72.0","-1.56","1.0","5.0","4.5","7.0","0.0"
"2026-09-17T13:38:52+0000","egipt|marsa-alam|2026-12-25|2027-01-01|7|Warszawa - Modlin|2+1","filter_egypt_ny_dec24_2026_7_10_days","egipt","marsa-alam","2026-12-25","2027-01-01","7.0","Warszawa - Modlin","2+1","99.0","6.0","6.0","9547.0","9683.5","9847.0","9977.5","10662.0","3.0","0.0","0.0","0.0","0.0","0.0","0.0","0.0","-2.0","6.0","68.0","-1.27","0.0","4.0","4.5","6.0","0.0"
"2026-09-17T15:08:55+0000","egipt|marsa-alam|2026-12-25|2027-01-01|7|Warszawa - Modlin|2+1","filter_egypt_ny_dec24_2026_7_10_days","egipt","marsa-alam","2026-12-25","2027-01-01","7.0","Warszawa - Modlin","2+1","99.0","6.0","6.0","9547.0","9683.5","9847.0","9977.5","10662.0","3.0","0.0","0.0","0.0","0.0","0.0","0.0","0.0","-1.0","6.0","68.0","-1.26","0.0","4.0","4.5","6.0","0.0"
"2026-09-17T18:24:15+0000","egipt|marsa-alam|2026-12-25|2027-01-01|7|Warszawa - Modlin|2+1","filter_egypt_ny_dec24_2026_7_10_days","egipt","marsa-alam","2026-12-25","2027-01-01","7.0","Warszawa - Modlin","2+1","99.0","7.0","7.0","9547.0","9710.8","9874.0","10027.0","10662.0","3.0","0.0","0.0","0.0","0.0","0.0","0.0","0.0","0.0","6.0","68.0","-0.99","0.0","6.0","4.5","7.0","0.0"
"2026-09-17T22:20:46+0000","egipt|marsa-alam|2026-12-25|2027-01-01|7|Warszawa - Modlin|2+1","filter_egypt_ny_dec24_2026_7_10_days","egipt","marsa-alam","2026-12-25","2027-01-01","7.0","Warszawa - Modlin","2+1","99.0","7.0","7.0","9547.0","9710.8","9874.0","10027.0","10662.0","3.0","0.0","0.0","0.0","0.0","0.0","0.0","0.0","0.0","5.0","67.0","-0.85","0.0","5.0","4.5","7.0","0.0"
"2026-09-18T00:33:38+0000","egipt|marsa-alam|2026-12-25|2027-01-01|7|Warszawa - Modlin|2+1","filter_egypt_ny_dec24_2026_7_10_days","egipt","marsa-alam","2026-12-25","2027-01-01","7.0","Warszawa - Modlin","2+1","98.0","6.0","6.0","9547.0","9683.5","9847.0","9977.5","10662.0","3.0","0.0","0.0","0.0","0.0","0.0","0.0","0.0","-1.0","6.0","72.0","-1.13","0.0","6.0","4.5","6.0","0.0"
"2026-09-18T06:05:26+0000","egipt|marsa-alam|2026-12-25|2027-01-01|7|Warszawa - Modlin|2+1","filter_egypt_ny_dec24_2026_7_10_days","egipt","marsa-alam","2026-12-25","2027-01-01","7.0","Warszawa - Modlin","2+1","98.0","6.0","6.0","9547.0","9683.5","9847.0","9977.5","10662.0","3.0","0.0","0.0","0.0","0.0","0.0","0.0","0.0","-1.0","6.0","72.0","-1.07","0.0","6.0","4.5","6.0","0.0"
"2026-09-18T11:30:11+0000","egipt|marsa-alam|2026-12-25|2027-01-01|7|Warszawa - Modlin|2+1","filter_egypt_ny_dec24_2026_7_10_days","egipt","marsa-alam","2026-12-25","2027-01-01","7.0","Warszawa - Modlin","2+1","98.0","5.0","5.0","9820.0","9863.2","9928.0","10027.0","10662.0","2.0","0.0","0.0","0.0","0.0","0.0","0.0","0.0","-1.0","5.0","73.0","-0.53","0.0","5.0","4.5","5.0","0.0"
"2026-09-18T16:36:01+0000","egipt|marsa-alam|2026-12-25|2027-01-01|7|Warszawa - Modlin|2+1","filter_egypt_ny_dec24_2026_7_10_days","egipt","marsa-alam","2026-12-25","2027-01-01","7.0","Warszawa - Modlin","2+1","98.0","5.0","5.0","9820.0","9863.2","9928.0","10027.0","10662.0","2.0","0.0","0.0","0.0","0.0","0.0","0.0","0.0","-1.0","5.0","73.0","-0.51","0.0","5.0","4.5","5.0","0.0"
"2026-09-18T19:46:30+0000","egipt|marsa-alam|2026-12-25|2027-01-01|7|Warszawa - Modlin|2+1","filter_egypt_ny_dec24_2026_7_10_days","egipt","marsa-alam","2026-12-25","2027-01-01","7.0","Warszawa - Modlin","2+1","98.0","5.0","5.0","9820.0","9902.8","10027.0","10355.0","10841.0","1.0","0.0","0.0","0.0","0.0","0.0","0.0","0.0","-2.0","5.0","68.0","0.13","0.0","4.0","4.5","5.0","0.0"
"2026-09-18T22:43:16+0000","egipt|marsa-alam|2026-12-25|2027-01-01|7|Warszawa - Modlin|2+1","filter_egypt_ny_dec24_2026_7_10_days","egipt","marsa-alam","2026-12-25","2027-01-01","7.0","Warszawa - Modlin","2+1","98.0","8.0","8.0","9637.0","9829.5","9993.75","10079.5","10762.0","2.0","0.0","0.0","0.0","0.0","0.0","0.0","0.0","1.0","5.0","56.0","-0.39","0.0","2.0","4.5","8.0","0.0"
"2026-09-19T05:51:23+0000","egipt|marsa-alam|2026-12-25|2027-01-01|7|Warszawa - Modlin|2+1","filter_egypt_ny_dec24_2026_7_10_days","egipt","marsa-alam","2026-12-25","2027-01-01","7.0","Warszawa - Modlin","2+1","97.0","8.0","8.0","9637.0","9829.5","9993.75","10079.5","10762.0","2.0","0.0","0.0","0.0","0.0","0.0","0.0","0.0","2.0","6.0","57.0","-0.42","0.0","1.0","4.5","8.0","0.0"
"2026-09-19T11:13:51+0000","egipt|marsa-alam|2026-12-25|2027-01-01|7|Warszawa - Modlin|2+1","filter_egypt_ny_dec24_2026_7_10_days","egipt","marsa-alam","2026-12-25","2027-01-01","7.0","Warszawa - Modlin","2+1","97.0","6.0","6.0","9912.0","9966.5","10025.5","10079.5","10762.0","1.0","0.0","0.0","0.0","0.0","0.0","0.0","0.0","1.0","5.0","60.0","-0.06","0.0","1.0","4.5","6.0","0.0"
"2026-09-19T14:35:13+0000","egipt|marsa-alam|2026-12-25|2027-01-01|7|Warszawa - Modlin|2+1","filter_egypt_ny_dec24_2026_7_10_days","egipt","marsa-alam","2026-12-25","2027-01-01","7.0","Warszawa - Modlin","2+1","97.0","6.0","6.0","9912.0","9966.5","10025.5","10079.5","10762.0","1.0","0.0","0.0","0.0","0.0","0.0","0.0","0.0","1.0","5.0","60.0","-0.06","0.0","1.0","4.5","6.0","0.0"
"2026-09-19T18:11:00+0000","egipt|marsa-alam|2026-12-25|2027-01-01|7|Warszawa - Modlin|2+1","filter_egypt_ny_dec24_2026_7_10_days","egipt","marsa-alam","2026-12-25","2027-01-01","7.0","Warszawa - Modlin","2+1","97.0","6.0","6.0","9912.0","9966.5","10025.5","10079.5","10762.0","1.0","0.0","0.0","0.0","0.0","0.0","0.0","0.0","1.0","5.0","60.0","-0.06","0.0","1.0","4.5","6.0","0.0"
"2026-09-19T20:54:01+0000","egipt|marsa-alam|2026-12-25|2027-01-01|7|Warszawa - Modlin|2+1","filter_egypt_ny_dec24_2026_7_10_days","egipt","marsa-alam","2026-12-25","2027-01-01","7.0","Warszawa - Modlin","2+1","97.0","6.0","6.0","9912.0","9966.5","10025.5","10079.5","10762.0","1.0","0.0","0.0","0.0","0.0","0.0","0.0","0.0","1.0","4.0","60.0","-0.05","0.0","1.0","4.5","6.0","0.0"
"2026-09-19T23:17:35+0000","egipt|marsa-alam|2026-12-25|2027-01-01|7|Warszawa - Modlin|2+1","filter_egypt_ny_dec24_2026_7_10_days","egipt","marsa-alam","2026-12-25","2027-01-01","7.0","Warszawa - Modlin","2+1","97.0","6.0","6.0","9912.0","9966.5","10025.5","10079.5","10762.0","1.0","0.0","0.0","0.0","0.0","0.0","0.0","0.0","-2.0","6.0","60.0","-0.05","0.0","1.0","4.5","6.0","0.0"
"2026-09-20T01:21:13+0000","egipt|marsa-alam|2026-12-25|2027-01-01|7|Warszawa - Modlin|2+1","filter_egypt_ny_dec24_2026_7_10_days","egipt","marsa-alam","2026-12-25","2027-01-01","7.0","Warszawa - Modlin","2+1","96.0","6.0","6.0","9912.0","9966.5","10025.5","10079.5","10762.0","1.0","0.0","0.0","0.0","0.0","0.0","0.0","0.0","-2.0","6.0","60.0","-0.05","0.0","1.0","4.5","6.0","0.0"
"2026-09-20T06:31:48+0000","egipt|marsa-alam|2026-12-25|2027-01-01|7|Warszawa - Modlin|2+1","filter_egypt_ny_dec24_2026_7_10_days","egipt","marsa-alam","2026-12-25","2027-01-01","7.0","Warszawa - Modlin","2+1","96.0","5.0","5.0","9912.0","9955.6","10021.0","10120.0","10762.0","1.0","0.0","0.0","0.0","0.0","0.0","0.0","0.0","-3.0","5.0","59.0","0.32","0.0","0.0","4.5","5.0","0.0"
"2026-09-20T12:32:01+0000","egipt|marsa-alam|2026-12-25|2027-01-01|7|Warszawa - Modlin|2+1","filter_egypt_ny_dec24_2026_7_10_days","egipt","marsa-alam","2026-12-25","2027-01-01","7.0","Warszawa - Modlin","2+1","96.0","5.0","5.0","9912.0","9955.6","10021.0","10437.0","10762.0","1.0","0.0","0.0","0.0","0.0","0.0","0.0","0.0","-1.0","5.0","57.0","0.91","0.0","0.0","4.5","5.0","0.0"
"2026-09-20T16:55:41+0000","egipt|marsa-alam|2026-12-25|2027-01-01|7|Warszawa - Modlin|2+1","filter_egypt_ny_dec24_2026_7_10_days","egipt","marsa-alam","2026-12-25","2027-01-01","7.0","Warszawa - Modlin","2+1","96.0","3.0","3.0","10355.0","10371.4","10396.0","10437.0","10452.0","0.0","0.0","0.0","0.0","0.0","0.0","0.0","0.0","-3.0","3.0","53.0","1.65","0.0","0.0","4.5","3.0","0.0"
"2026-09-20T19:36:54+0000","egipt|marsa-alam|2026-12-25|2027-01-01|7|Warszawa - Modlin|2+1","filter_egypt_ny_dec24_2026_7_10_days","egipt","marsa-alam","2026-12-25","2027-01-01","7.0","Warszawa - Modlin","2+1","96.0","3.0","3.0","10355.0","10371.4","10396.0","10437.0","10452.0","0.0","0.0","0.0","0.0","0.0","0.0","0.0","0.0","-3.0","3.0","56.0","1.63","0.0","0.0","4.5","3.0","0.0"
"2026-09-20T22:35:49+0000","egipt|marsa-alam|2026-12-25|2027-01-01|7|Warszawa - Modlin|2+1","filter_egypt_ny_dec24_2026_7_10_days","egipt","marsa-alam","2026-12-25","2027-01-01","7.0","Warszawa - Modlin","2+1","96.0","3.0","3.0","10355.0","10371.4","10396.0","10437.0","10452.0","0.0","0.0","0.0","0.0","0.0","0.0","0.0","0.0","-3.0","3.0","58.0","1.6","0.0","0.0","4.5","3.0","0.0"
"2026-09-21T01:16:09+0000","egipt|marsa-alam|2026-12-25|2027-01-01|7|Warszawa - Modlin|2+1","filter_egypt_ny_dec24_2026_7_10_days","egipt","marsa-alam","2026-12-25","2027-01-01","7.0","Warszawa - Modlin","2+1","95.0","3.0","3.0","10355.0","10371.4","10396.0","10437.0","10452.0","0.0","0.0","0.0","0.0","0.0","0.0","0.0","0.0","-3.0","0.0","0.0","0.0","0.0","0.0","4.5","3.0","0.0"
"2026-09-21T05:24:33+0000","egipt|marsa-alam|2026-12-25|2027-01-01|7|Warszawa - Modlin|2+1","filter_egypt_ny_dec24_2026_7_10_days","egipt","marsa-alam","2026-12-25","2027-01-01","7.0","Warszawa - Modlin","2+1","95.0","3.0","3.0","10355.0","10371.4","10396.0","10437.0","10452.0","0.0","0.0","0.0","0.0","0.0","0.0","0.0","0.0","-2.0","0.0","57.0","0.0","0.0","0.0","4.5","3.0","0.0"
"2026-09-21T06:33:57+0000","egipt|marsa-alam|2026-12-25|2027-01-01|7|Warszawa - Modlin|2+1","filter_egypt_ny_dec24_2026_7_10_days","egipt","marsa-alam","2026-12-25","2027-01-01","7.0","Warszawa - Modlin","2+1","95.0","3.0","3.0","10355.0","10371.4","10396.0","10437.0","10452.0","0.0","0.0","0.0","0.0","0.0","0.0","0.0","0.0","-2.0","0.0","58.0","0.0","0.0","0.0","4.5","3.0","0.0"
"2026-09-21T14:22:43+0000","egipt|marsa-alam|2026-12-25|2027-01-01|7|Warszawa - Modlin|2+1","filter_egypt_ny_dec24_2026_7_10_days","egipt","marsa-alam","2026-12-25","2027-01-01","7.0","Warszawa - Modlin","2+1","95.0","5.0","5.0","10355.0","10387.8","10437.0","10452.0","10817.0","0.0","0.0","0.0","0.0","0.0","0.0","0.0","0.0","0.0","0.0","58.0","0.11","0.0","0.0","4.5","5.0","0.0"
"2026-09-21T20:05:16+0000","egipt|marsa-alam|2026-12-25|2027-01-01|7|Warszawa - Modlin|2+1","filter_egypt_ny_dec24_2026_7_10_days","egipt","marsa-alam","2026-12-25","2027-01-01","7.0","Warszawa - Modlin","2+1","95.0","4.0","4.0","10355.0","10379.6","10416.5","10444.5","10519.0","0.0","0.0","0.0","0.0","0.0","0.0","0.0","0.0","1.0","0.0","60.0","0.1","0.0","0.0","4.5","4.0","0.0"
"2026-09-21T23:25:50+0000","egipt|marsa-alam|2026-12-25|2027-01-01|7|Warszawa - Modlin|2+1","filter_egypt_ny_dec24_2026_7_10_days","egipt","marsa-alam","2026-12-25","2027-01-01","7.0","Warszawa - Modlin","2+1","95.0","5.0","5.0","10355.0","10387.8","10437.0","10452.0","10891.0","0.0","0.0","0.0","0.0","0.0","0.0","0.0","0.0","2.0","0.0","58.0","1.17","0.0","0.0","4.5","5.0","0.0"
"2026-09-22T05:11:54+0000","egipt|marsa-alam|2026-12-25|2027-01-01|7|Warszawa - Modlin|2+1","filter_egypt_ny_dec24_2026_7_10_days","egipt","marsa-alam","2026-12-25","2027-01-01","7.0","Warszawa - Modlin","2+1","94.0","5.0","5.0","10355.0","10387.8","10437.0","10452.0","10891.0","0.0","0.0","0.0","0.0","0.0","0.0","0.0","0.0","2.0","3.0","59.0","0.88","0.0","0.0","4.5","5.0","0.0"
"2026-09-22T10:08:39+0000","egipt|marsa-alam|2026-12-25|2027-01-01|7|Warszawa - Modlin|2+1","filter_egypt_ny_dec24_2026_7_10_days","egipt","marsa-alam","2026-12-25","2027-01-01","7.0","Warszawa - Modlin","2+1","94.0","5.0","5.0","10355.0","10387.8","10437.0","10863.0","10891.0","0.0","0.0","0.0","0.0","0.0","0.0","0.0","0.0","2.0","2.0","58.0","1.9","0.0","0.0","4.5","5.0","0.0"
"2026-09-22T15:05:35+0000","egipt|marsa-alam|2026-12-25|2027-01-01|7|Warszawa - Modlin|2+1","filter_egypt_ny_dec24_2026_7_10_days","egipt","marsa-alam","2026-12-25","2027-01-01","7.0","Warszawa - Modlin","2+1","94.0","3.0","3.0","10753.0","10775.0","10808.0","10863.0","10891.0","0.0","0.0","0.0","0.0","0.0","0.0","0.0","0.0","-2.0","2.0","54.0","2.04","0.0","0.0","4.5","3.0","0.0"
"2026-09-22T19:03:54+0000","egipt|marsa-alam|2026-12-25|2027-01-01|7|Warszawa - Modlin|2+1","filter_egypt_ny_dec24_2026_7_10_days","egipt","marsa-alam","2026-12-25","2027-01-01","7.0","Warszawa - Modlin","2+1","94.0","3.0","3.0","10753.0","10775.0","10808.0","10863.0","10891.0","0.0","0.0","0.0","0.0","0.0","0.0","0.0","0.0","-1.0","2.0","55.0","1.87","0.0","0.0","4.5","3.0","0.0"
"2026-09-22T22:22:06+0000","egipt|marsa-alam|2026-12-25|2027-01-01|7|Warszawa - Modlin|2+1","filter_egypt_ny_dec24_2026_7_10_days","egipt","marsa-alam","2026-12-25","2027-01-01","7.0","Warszawa - Modlin","2+1","94.0","3.0","3.0","10753.0","10775.0","10808.0","10863.0","10891.0","0.0","0.0","0.0","0.0","0.0","0.0","0.0","0.0","-2.0","3.0","56.0","1.74","0.0","0.0","4.5","3.0","0.0"
"2026-09-23T00:48:39+0000","egipt|marsa-alam|2026-12-25|2027-01-01|7|Warszawa - Modlin|2+1","filter_egypt_ny_dec24_2026_7_10_days","egipt","marsa-alam","2026-12-25","2027-01-01","7.0","Warszawa - Modlin","2+1","93.0","3.0","3.0","10402.0","10472.2","10577.5","10753.0","10863.0","0.0","0.0","0.0","0.0","0.0","0.0","0.0","0.0","-2.0","3.0","61.0","0.25","0.0","1.0","4.5","3.0","0.0"
"2026-09-23T05:24:24+0000","egipt|marsa-alam|2026-12-25|2027-01-01|7|Warszawa - Modlin|2+1","filter_egypt_ny_dec24_2026_7_10_days","egipt","marsa-alam","2026-12-25","2027-01-01","7.0","Warszawa - Modlin","2+1","93.0","3.0","3.0","10402.0","10472.2","10577.5","10753.0","10863.0","0.0","0.0","0.0","0.0","0.0","0.0","0.0","0.0","-2.0","3.0","62.0","0.25","0.0","1.0","4.5","3.0","0.0"
"2026-09-23T06:08:06+0000","egipt|marsa-alam|2026-12-25|2027-01-01|7|Warszawa - Modlin|2+1","filter_egypt_ny_dec24_2026_7_10_days","egipt","marsa-alam","2026-12-25","2027-01-01","7.0","Warszawa - Modlin","2+1","93.0","3.0","3.0","10402.0","10472.2","10577.5","10753.0","10863.0","0.0","0.0","0.0","0.0","0.0","0.0","0.0","0.0","-2.0","3.0","62.0","0.25","0.0","1.0","4.5","3.0","0.0"
"2026-09-23T11:53:15+0000","egipt|marsa-alam|2026-12-25|2027-01-01|7|Warszawa - Modlin|2+1","filter_egypt_ny_dec24_2026_7_10_days","egipt","marsa-alam","2026-12-25","2027-01-01","7.0","Warszawa - Modlin","2+1","93.0","3.0","3.0","10402.0","10472.2","10577.5","10753.0","10863.0","0.0","0.0","0.0","0.0","0.0","0.0","0.0","0.0","-2.0","3.0","63.0","0.22","0.0","1.0","4.5","3.0","0.0"
"2026-09-23T17:16:16+0000","egipt|marsa-alam|2026-12-25|2027-01-01|7|Warszawa - Modlin|2+1","filter_egypt_ny_dec24_2026_7_10_days","egipt","marsa-alam","2026-12-25","2027-01-01","7.0","Warszawa - Modlin","2+1","93.0","3.0","3.0","10402.0","10472.2","10577.5","10753.0","10863.0","0.0","0.0","0.0","0.0","0.0","0.0","0.0","0.0","0.0","3.0","63.0","0.21","0.0","1.0","4.5","3.0","0.0"
"2026-09-23T20:33:25+0000","egipt|marsa-alam|2026-12-25|2027-01-01|7|Warszawa - Modlin|2+1","filter_egypt_ny_dec24_2026_7_10_days","egipt","marsa-alam","2026-12-25","2027-01-01","7.0","Warszawa - Modlin","2+1","93.0","3.0","3.0","10402.0","10472.2","10577.5","10753.0","10863.0","0.0","0.0","0.0","0.0","0.0","0.0","0.0","0.0","0.0","3.0","64.0","0.19","0.0","1.0","4.5","3.0","0.0"
"2026-09-24T05:05:16+0000","egipt|marsa-alam|2026-12-25|2027-01-01|7|Warszawa - Modlin|2+1","filter_egypt_ny_dec24_2026_7_10_days","egipt","marsa-alam","2026-12-25","2027-01-01","7.0","Warszawa - Modlin","2+1","92.0","3.0","3.0","10402.0","10472.2","10577.5","10753.0","10863.0","0.0","0.0","0.0","0.0","0.0","0.0","0.0","0.0","0.0","3.0","64.0","0.17","0.0","1.0","4.5","3.0","0.0"
"2026-09-24T10:13:08+0000","egipt|marsa-alam|2026-12-25|2027-01-01|7|Warszawa - Modlin|2+1","filter_egypt_ny_dec24_2026_7_10_days","egipt","marsa-alam","2026-12-25","2027-01-01","7.0","Warszawa - Modlin","2+1","92.0","3.0","3.0","10402.0","10472.2","10577.5","10753.0","10863.0","0.0","0.0","0.0","0.0","0.0","0.0","0.0","0.0","0.0","3.0","65.0","0.16","0.0","1.0","4.5","3.0","0.0"
"2026-09-24T15:18:16+0000","egipt|marsa-alam|2026-12-25|2027-01-01|7|Warszawa - Modlin|2+1","filter_egypt_ny_dec24_2026_7_10_days","egipt","marsa-alam","2026-12-25","2027-01-01","7.0","Warszawa - Modlin","2+1","92.0","7.0","7.0","9366.0","9531.0","9704.5","9849.0","10748.0","4.0","0.0","0.0","0.0","0.0","0.0","0.0","0.0","4.0","3.0","73.0","-4.56","3.0","3.0","4.5","7.0","0.0"
"2026-09-24T19:22:15+0000","egipt|marsa-alam|2026-12-25|2027-01-01|7|Warszawa - Modlin|2+1","filter_egypt_ny_dec24_2026_7_10_days","egipt","marsa-alam","2026-12-25","2027-01-01","7.0","Warszawa - Modlin","2+1","92.0","7.0","7.0","9366.0","9531.0","9704.5","9849.0","10748.0","4.0","0.0","0.0","0.0","0.0","0.0","0.0","0.0","4.0","3.0","73.0","-5.2","3.0","3.0","4.5","7.0","0.0"
"2026-09-24T23:19:05+0000","egipt|marsa-alam|2026-12-25|2027-01-01|7|Warszawa - Modlin|2+1","filter_egypt_ny_dec24_2026_7_10_days","egipt","marsa-alam","2026-12-25","2027-01-01","7.0","Warszawa - Modlin","2+1","92.0","7.0","7.0","9366.0","9531.0","9704.5","9849.0","10748.0","4.0","0.0","0.0","0.0","0.0","0.0","0.0","0.0","4.0","3.0","74.0","-4.94","3.0","3.0","4.5","7.0","0.0"
"2026-08-26T08:30:22+0000","egipt|marsa-alam|2026-12-26|2027-01-02|7|Warszawa|2+1","filter_egypt_ny_dec24_2026_7_10_days","egipt","marsa-alam","2026-12-26","2027-01-02","7.0","Warszawa","2+1","122.0","1.0","1.0","10805.0","10805.0","10805.0","10805.0","10805.0","0.0","0.0","0.0","0.0","0.0","0.0","0.0","0.0","0.0","0.0","0.0","0.0","0.0","0.0","4.3","1.0","0.0"
"2026-08-26T09:34:42+0000","egipt|marsa-alam|2026-12-26|2027-01-02|7|Warszawa|2+1","filter_egypt_ny_dec24_2026_7_10_days","egipt","marsa-alam","2026-12-26","2027-01-02","7.0","Warszawa","2+1","122.0","1.0","1.0","10805.0","10805.0","10805.0","10805.0","10805.0","0.0","0.0","0.0","0.0","0.0","0.0","0.0","0.0","0.0","0.0","0.0","0.0","0.0","0.0","4.3","1.0","0.0"
"2026-08-26T10:27:42+0000","egipt|marsa-alam|2026-12-26|2027-01-02|7|Warszawa|2+1","filter_egypt_ny_dec24_2026_7_10_days","egipt","marsa-alam","2026-12-26","2027-01-02","7.0","Warszawa","2+1","122.0","1.0","1.0","10805.0","10805.0","10805.0","10805.0","10805.0","0.0","0.0","0.0","0.0","0.0","0.0","0.0","0.0","0.0","0.0","0.0","0.0","0.0","0.0","4.3","1.0","0.0"
"2026-08-26T10:58:13+0000","egipt|marsa-alam|2026-12-26|2027-01-02|7|Warszawa|2+1","filter_egypt_ny_dec24_2026_7_10_days","egipt","marsa-alam","2026-12-26","2027-01-02","7.0","Warszawa","2+1","122.0","1.0","1.0","10805.0","10805.0","10805.0","10805.0","10805.0","0.0","0.0","0.0","0.0","0.0","0.0","0.0","0.0","0.0","0.0","0.0","0.0","0.0","0.0","4.3","1.0","0.0"
"2026-08-26T11:23:14+0000","egipt|marsa-alam|2026-12-26|2027-01-02|7|Warszawa|2+1","filter_egypt_ny_dec24_2026_7_10_days","egipt","marsa-alam","2026-12-26","2027-01-02","7.0","Warszawa","2+1","122.0","1.0","1.0","10805.0","10805.0","10805.0","10805.0","10805.0","0.0","0.0","0.0","0.0","0.0","0.0","0.0","0.0","0.0","0.0","0.0","0.0","0.0","0.0","4.3","1.0","0.0"
"2026-08-26T12:33:22+0000","egipt|marsa-alam|2026-12-26|2027-01-02|7|Warszawa|2+1","filter_egypt_ny_dec24_2026_7_10_days","egipt","marsa-alam","2026-12-26","2027-01-02","7.0","Warszawa","2+1","122.0","1.0","1.0","10805.0","10805.0","10805.0","10805.0","10805.0","0.0","0.0","0.0","0.0","0.0","0.0","0.0","0.0","0.0","0.0","0.0","0.0","0.0","0.0","4.3","1.0","0.0"
"2026-08-27T15:41:38+0000","egipt|marsa-alam|2026-12-28|2027-01-04|7|Warszawa - Modlin|2+1","filter_egypt_ny_dec24_2026_7_10_days","egipt","marsa-alam","2026-12-28","2027-01-04","7.0","Warszawa - Modlin","2+1","123.0","2.0","2.0","10033.0","10071.4","10129.0","10225.0","10417.0","0.0","0.0","0.0","0.0","0.0","0.0","0.0","0.0","0.0","0.0","0.0","0.0","0.0","0.0","4.6","2.0","0.0"
"2026-08-29T02:39:15+0000","egipt|marsa-alam|2026-12-28|2027-01-04|7|Warszawa - Modlin|2+1","filter_egypt_ny_dec24_2026_7_10_days","egipt","marsa-alam","2026-12-28","2027-01-04","7.0","Warszawa - Modlin","2+1","121.0","1.0","1.0","10270.0","10270.0","10270.0","10270.0","10270.0","0.0","0.0","0.0","0.0","0.0","0.0","0.0","0.0","-1.0","0.0","0.0","0.0","0.0","0.0","4.7","1.0","0.0"
"2026-08-29T12:09:36+0000","egipt|marsa-alam|2026-12-28|2027-01-04|7|Warszawa - Modlin|2+1","filter_egypt_ny_dec24_2026_7_10_days","egipt","marsa-alam","2026-12-28","2027-01-04","7.0","Warszawa - Modlin","2+1","121.0","1.0","1.0","9915.0","9915.0","9915.0","9915.0","9915.0","1.0","0.0","0.0","0.0","0.0","0.0","0.0","0.0","-1.0","0.0","0.0","0.0","0.0","0.0","4.6","1.0","0.0"
"2026-08-30T11:49:50+0000","egipt|marsa-alam|2026-12-28|2027-01-04|7|Warszawa - Modlin|2+1","filter_egypt_ny_dec24_2026_7_10_days","egipt","marsa-alam","2026-12-28","2027-01-04","7.0","Warszawa - Modlin","2+1","120.0","3.0","3.0","10006.0","10043.8","10100.5","10195.0","10697.0","0.0","0.0","0.0","0.0","0.0","0.0","0.0","0.0","2.0","1.0","52.0","2.16","0.0","0.0","4.7","3.0","0.0"
"2026-08-30T13:02:40+0000","egipt|marsa-alam|2026-12-28|2027-01-04|7|Warszawa - Modlin|2+1","filter_egypt_ny_dec24_2026_7_10_days","egipt","marsa-alam","2026-12-28","2027-01-04","7.0","Warszawa - Modlin","2+1","120.0","1.0","1.0","10006.0","10006.0","10006.0","10006.0","10006.0","0.0","0.0","0.0","0.0","0.0","0.0","0.0","0.0","0.0","0.0","0.0","0.0","0.0","0.0","4.7","1.0","0.0"
"2026-08-30T15:01:50+0000","egipt|marsa-alam|2026-12-28|2027-01-04|7|Warszawa - Modlin|2+1","filter_egypt_ny_dec24_2026_7_10_days","egipt","marsa-alam","2026-12-28","2027-01-04","7.0","Warszawa - Modlin","2+1","120.0","1.0","1.0","10006.0","10006.0","10006.0","10006.0","10006.0","0.0","0.0","0.0","0.0","0.0","0.0","0.0","0.0","0.0","0.0","0.0","0.0","0.0","0.0","4.7","1.0","0.0"
"2026-08-30T17:39:15+0000","egipt|marsa-alam|2026-12-28|2027-01-04|7|Warszawa - Modlin|2+1","filter_egypt_ny_dec24_2026_7_10_days","egipt","marsa-alam","2026-12-28","2027-01-04","7.0","Warszawa - Modlin","2+1","120.0","1.0","1.0","10006.0","10006.0","10006.0","10006.0","10006.0","0.0","0.0","0.0","0.0","0.0","0.0","0.0","0.0","0.0","0.0","0.0","0.0","0.0","0.0","4.7","1.0","0.0"
"2026-08-30T23:39:58+0000","egipt|marsa-alam|2026-12-28|2027-01-04|7|Warszawa - Modlin|2+1","filter_egypt_ny_dec24_2026_7_10_days","egipt","marsa-alam","2026-12-28","2027-01-04","7.0","Warszawa - Modlin","2+1","120.0","4.0","4.0","9855.0","9890.7","9944.25","9990.0","10357.0","2.0","0.0","0.0","0.0","0.0","0.0","0.0","0.0","3.0","1.0","62.0","-0.34","0.0","1.0","4.65","4.0","0.0"
"2026-08-31T05:42:39+0000","egipt|marsa-alam|2026-12-28|2027-01-04|7|Warszawa - Modlin|2+1","filter_egypt_ny_dec24_2026_7_10_days","egipt","marsa-alam","2026-12-28","2027-01-04","7.0","Warszawa - Modlin","2+1","119.0","4.0","4.0","9855.0","9890.7","9944.25","9990.0","10357.0","2.0","0.0","0.0","0.0","0.0","0.0","0.0","0.0","1.0","0.0","0.0","0.0","0.0","0.0","4.65","4.0","0.0"
"2026-08-31T06:00:23+0000","egipt|marsa-alam|2026-12-28|2027-01-04|7|Warszawa - Modlin|2+1","filter_egypt_ny_dec24_2026_7_10_days","egipt","marsa-alam","2026-12-28","2027-01-04","7.0","Warszawa - Modlin","2+1","119.0","4.0","4.0","9855.0","9890.7","9944.25","9990.0","10357.0","2.0","0.0","0.0","0.0","0.0","0.0","0.0","0.0","1.0","0.0","0.0","0.0","0.0","0.0","4.65","4.0","0.0"
"2026-08-31T07:49:17+0000","egipt|marsa-alam|2026-12-28|2027-01-04|7|Warszawa - Modlin|2+1","filter_egypt_ny_dec24_2026_7_10_days","egipt","marsa-alam","2026-12-28","2027-01-04","7.0","Warszawa - Modlin","2+1","119.0","4.0","4.0","9855.0","9890.7","9944.25","9990.0","10357.0","2.0","0.0","0.0","0.0","0.0","0.0","0.0","0.0","1.0","0.0","58.0","0.0","0.0","0.0","4.65","4.0","0.0"
"2026-08-31T23:59:15+0000","egipt|marsa-alam|2026-12-28|2027-01-04|7|Warszawa - Modlin|2+1","filter_egypt_ny_dec24_2026_7_10_days","egipt","marsa-alam","2026-12-28","2027-01-04","7.0","Warszawa - Modlin","2+1","119.0","1.0","1.0","10380.0","10380.0","10380.0","10380.0","10380.0","0.0","0.0","0.0","0.0","0.0","0.0","0.0","0.0","-3.0","0.0","0.0","0.0","0.0","0.0","4.5","1.0","0.0"
"2026-09-01T05:01:32+0000","egipt|marsa-alam|2026-12-28|2027-01-04|7|Warszawa - Modlin|2+1","filter_egypt_ny_dec24_2026_7_10_days","egipt","marsa-alam","2026-12-28","2027-01-04","7.0","Warszawa - Modlin","2+1","118.0","1.0","1.0","10380.0","10380.0","10380.0","10380.0","10380.0","0.0","0.0","0.0","0.0","0.0","0.0","0.0","0.0","-3.0","1.0","0.0","0.0","0.0","0.0","4.5","1.0","0.0"
"2026-09-01T05:23:27+0000","egipt|marsa-alam|2026-12-28|2027-01-04|7|Warszawa - Modlin|2+1","filter_egypt_ny_dec24_2026_7_10_days","egipt","marsa-alam","2026-12-28","2027-01-04","7.0","Warszawa - Modlin","2+1","118.0","1.0","1.0","10380.0","10380.0","10380.0","10380.0","10380.0","0.0","0.0","0.0","0.0","0.0","0.0","0.0","0.0","-3.0","1.0","0.0","0.0","0.0","0.0","4.5","1.0","0.0"
"2026-09-01T11:50:39+0000","egipt|marsa-alam|2026-12-28|2027-01-04|7|Warszawa - Modlin|2+1","filter_egypt_ny_dec24_2026_7_10_days","egipt","marsa-alam","2026-12-28","2027-01-04","7.0","Warszawa - Modlin","2+1","118.0","1.0","1.0","10075.0","10075.0","10075.0","10075.0","10075.0","0.0","0.0","0.0","0.0","0.0","0.0","0.0","0.0","-3.0","1.0","0.0","0.0","0.0","0.0","4.6","1.0","0.0"
"2026-09-01T14:11:33+0000","egipt|marsa-alam|2026-12-28|2027-01-04|7|Warszawa - Modlin|2+1","filter_egypt_ny_dec24_2026_7_10_days","egipt","marsa-alam","2026-12-28","2027-01-04","7.0","Warszawa - Modlin","2+1","118.0","1.0","1.0","9695.0","9695.0","9695.0","9695.0","9695.0","1.0","0.0","0.0","0.0","0.0","0.0","0.0","0.0","-3.0","1.0","0.0","0.0","0.0","0.0","4.6","1.0","0.0"
"2026-09-01T22:43:06+0000","egipt|marsa-alam|2026-12-28|2027-01-04|7|Warszawa - Modlin|2+1","filter_egypt_ny_dec24_2026_7_10_days","egipt","marsa-alam","2026-12-28","2027-01-04","7.0","Warszawa - Modlin","2+1","118.0","2.0","2.0","9618.0","9698.6","9819.5","10021.0","10424.0","1.0","0.0","0.0","0.0","0.0","0.0","0.0","0.0","1.0","0.0","0.0","0.0","0.0","0.0","4.7","2.0","0.0"
"2026-09-02T01:08:53+0000","egipt|marsa-alam|2026-12-28|2027-01-04|7|Warszawa - Modlin|2+1","filter_egypt_ny_dec24_2026_7_10_days","egipt","marsa-alam","2026-12-28","2027-01-04","7.0","Warszawa - Modlin","2+1","117.0","2.0","2.0","9618.0","9698.6","9819.5","10021.0","10424.0","1.0","0.0","0.0","0.0","0.0","0.0","0.0","0.0","1.0","0.0","0.0","0.0","0.0","0.0","4.7","2.0","0.0"
"2026-09-02T05:21:35+0000","egipt|marsa-alam|2026-12-28|2027-01-04|7|Warszawa - Modlin|2+1","filter_egypt_ny_dec24_2026_7_10_days","egipt","marsa-alam","2026-12-28","2027-01-04","7.0","Warszawa - Modlin","2+1","117.0","3.0","3.0","9483.0","9510.0","9550.5","9618.0","10424.0","2.0","0.0","0.0","0.0","0.0","0.0","0.0","0.0","2.0","0.0","56.0","1.35","0.0","0.0","4.7","3.0","0.0"
"2026-09-02T05:58:37+0000","egipt|marsa-alam|2026-12-28|2027-01-04|7|Warszawa - Modlin|2+1","filter_egypt_ny_dec24_2026_7_10_days","egipt","marsa-alam","2026-12-28","2027-01-04","7.0","Warszawa - Modlin","2+1","117.0","3.0","3.0","9483.0","9510.0","9550.5","9618.0","10424.0","2.0","0.0","0.0","0.0","0.0","0.0","0.0","0.0","2.0","0.0","57.0","1.37","0.0","0.0","4.7","3.0","0.0"
"2026-09-02T08:41:57+0000","egipt|marsa-alam|2026-12-28|2027-01-04|7|Warszawa - Modlin|2+1","filter_egypt_ny_dec24_2026_7_10_days","egipt","marsa-alam","2026-12-28","2027-01-04","7.0","Warszawa - Modlin","2+1","117.0","4.0","4.0","9483.0","9523.5","9584.25","9826.5","10424.0","2.0","0.0","0.0","0.0","0.0","0.0","0.0","0.0","3.0","1.0","60.0","0.75","0.0","1.0","4.65","4.0","0.0"
"2026-09-02T11:32:16+0000","egipt|marsa-alam|2026-12-28|2027-01-04|7|Warszawa - Modlin|2+1","filter_egypt_ny_dec24_2026_7_10_days","egipt","marsa-alam","2026-12-28","2027-01-04","7.0","Warszawa - Modlin","2+1","117.0","5.0","5.0","9211.0","9319.8","9483.0","9695.0","10424.0","4.0","0.0","0.0","0.0","0.0","0.0","0.0","0.0","4.0","1.0","57.0","1.27","0.0","0.0","4.5","5.0","0.0"
"2026-09-02T16:22:40+0000","egipt|marsa-alam|2026-12-28|2027-01-04|7|Warszawa - Modlin|2+1","filter_egypt_ny_dec24_2026_7_10_days","egipt","marsa-alam","2026-12-28","2027-01-04","7.0","Warszawa - Modlin","2+1","117.0","4.0","4.0","9211.0","9292.6","9415.0","9594.0","10424.0","3.0","0.0","0.0","0.0","0.0","0.0","0.0","0.0","3.0","0.0","56.0","1.9","0.0","0.0","4.5","4.0","0.0"
"2026-09-02T16:45:09+0000","egipt|marsa-alam|2026-12-28|2027-01-04|7|Warszawa - Modlin|2+1","filter_egypt_ny_dec24_2026_7_10_days","egipt","marsa-alam","2026-12-28","2027-01-04","7.0","Warszawa - Modlin","2+1","117.0","4.0","4.0","9211.0","9292.6","9415.0","9594.0","10424.0","3.0","0.0","0.0","0.0","0.0","0.0","0.0","0.0","3.0","0.0","60.0","1.89","0.0","1.0","4.5","4.0","0.0"
"2026-09-02T19:56:13+0000","egipt|marsa-alam|2026-12-28|2027-01-04|7|Warszawa - Modlin|2+1","filter_egypt_ny_dec24_2026_7_10_days","egipt","marsa-alam","2026-12-28","2027-01-04","7.0","Warszawa - Modlin","2+1","117.0","4.0","4.0","9211.0","9292.6","9415.0","9594.0","10424.0","3.0","0.0","0.0","0.0","0.0","0.0","0.0","0.0","2.0","1.0","60.0","1.75","0.0","1.0","4.5","4.0","0.0"
"2026-09-02T22:47:02+0000","egipt|marsa-alam|2026-12-28|2027-01-04|7|Warszawa - Modlin|2+1","filter_egypt_ny_dec24_2026_7_10_days","egipt","marsa-alam","2026-12-28","2027-01-04","7.0","Warszawa - Modlin","2+1","117.0","4.0","4.0","9211.0","9292.6","9415.0","9594.0","10424.0","3.0","0.0","0.0","0.0","0.0","0.0","0.0","0.0","2.0","1.0","60.0","1.67","0.0","1.0","4.5","4.0","0.0"
"2026-09-03T01:14:58+0000","egipt|marsa-alam|2026-12-28|2027-01-04|7|Warszawa - Modlin|2+1","filter_egypt_ny_dec24_2026_7_10_days","egipt","marsa-alam","2026-12-28","2027-01-04","7.0","Warszawa - Modlin","2+1","116.0","4.0","4.0","9211.0","9292.6","9415.0","9594.0","10424.0","3.0","0.0","0.0","0.0","0.0","0.0","0.0","0.0","2.0","1.0","60.0","1.59","0.0","1.0","4.5","4.0","0.0"
"2026-09-03T05:09:24+0000","egipt|marsa-alam|2026-12-28|2027-01-04|7|Warszawa - Modlin|2+1","filter_egypt_ny_dec24_2026_7_10_days","egipt","marsa-alam","2026-12-28","2027-01-04","7.0","Warszawa - Modlin","2+1","116.0","1.0","1.0","9211.0","9211.0","9211.0","9211.0","9211.0","1.0","0.0","0.0","0.0","0.0","0.0","0.0","0.0","-2.0","0.0","0.0","0.0","0.0","0.0","4.4","1.0","0.0"
"2026-09-03T05:58:14+0000","egipt|marsa-alam|2026-12-28|2027-01-04|7|Warszawa - Modlin|2+1","filter_egypt_ny_dec24_2026_7_10_days","egipt","marsa-alam","2026-12-28","2027-01-04","7.0","Warszawa - Modlin","2+1","116.0","1.0","1.0","9211.0","9211.0","9211.0","9211.0","9211.0","1.0","0.0","0.0","0.0","0.0","0.0","0.0","0.0","-2.0","0.0","0.0","0.0","0.0","0.0","4.4","1.0","0.0"
"2026-09-03T11:28:58+0000","egipt|marsa-alam|2026-12-28|2027-01-04|7|Warszawa - Modlin|2+1","filter_egypt_ny_dec24_2026_7_10_days","egipt","marsa-alam","2026-12-28","2027-01-04","7.0","Warszawa - Modlin","2+1","116.0","1.0","1.0","10075.0","10075.0","10075.0","10075.0","10075.0","0.0","0.0","0.0","0.0","0.0","0.0","0.0","0.0","-4.0","1.0","0.0","0.0","0.0","0.0","4.6","1.0","0.0"
"2026-09-03T16:02:14+0000","egipt|marsa-alam|2026-12-28|2027-01-04|7|Warszawa - Modlin|2+1","filter_egypt_ny_dec24_2026_7_10_days","egipt","marsa-alam","2026-12-28","2027-01-04","7.0","Warszawa - Modlin","2+1","116.0","1.0","1.0","10075.0","10075.0","10075.0","10075.0","10075.0","0.0","0.0","0.0","0.0","0.0","0.0","0.0","0.0","-3.0","0.0","0.0","0.0","0.0","0.0","4.6","1.0","0.0"
"2026-09-03T16:36:10+0000","egipt|marsa-alam|2026-12-28|2027-01-04|7|Warszawa - Modlin|2+1","filter_egypt_ny_dec24_2026_7_10_days","egipt","marsa-alam","2026-12-28","2027-01-04","7.0","Warszawa - Modlin","2+1","116.0","1.0","1.0","10075.0","10075.0","10075.0","10075.0","10075.0","0.0","0.0","0.0","0.0","0.0","0.0","0.0","0.0","-3.0","0.0","0.0","0.0","0.0","0.0","4.6","1.0","0.0"
"2026-09-03T20:00:33+0000","egipt|marsa-alam|2026-12-28|2027-01-04|7|Warszawa - Modlin|2+1","filter_egypt_ny_dec24_2026_7_10_days","egipt","marsa-alam","2026-12-28","2027-01-04","7.0","Warszawa - Modlin","2+1","116.0","1.0","1.0","10075.0","10075.0","10075.0","10075.0","10075.0","0.0","0.0","0.0","0.0","0.0","0.0","0.0","0.0","-3.0","0.0","0.0","0.0","0.0","0.0","4.6","1.0","0.0"
"2026-09-03T22:43:36+0000","egipt|marsa-alam|2026-12-28|2027-01-04|7|Warszawa - Modlin|2+1","filter_egypt_ny_dec24_2026_7_10_days","egipt","marsa-alam","2026-12-28","2027-01-04","7.0","Warszawa - Modlin","2+1","116.0","1.0","1.0","10075.0","10075.0","10075.0","10075.0","10075.0","0.0","0.0","0.0","0.0","0.0","0.0","0.0","0.0","-3.0","0.0","0.0","0.0","0.0","0.0","4.6","1.0","0.0"
"2026-09-04T01:07:30+0000","egipt|marsa-alam|2026-12-28|2027-01-04|7|Warszawa - Modlin|2+1","filter_egypt_ny_dec24_2026_7_10_days","egipt","marsa-alam","2026-12-28","2027-01-04","7.0","Warszawa - Modlin","2+1","115.0","2.0","2.0","9695.0","9825.3","10020.75","10346.5","10998.0","1.0","0.0","0.0","0.0","0.0","0.0","0.0","0.0","-2.0","0.0","0.0","0.0","0.0","0.0","4.65","2.0","0.0"
"2026-09-04T06:05:25+0000","egipt|marsa-alam|2026-12-28|2027-01-04|7|Warszawa - Modlin|2+1","filter_egypt_ny_dec24_2026_7_10_days","egipt","marsa-alam","2026-12-28","2027-01-04","7.0","Warszawa - Modlin","2+1","115.0","1.0","1.0","10035.0","10035.0","10035.0","10035.0","10035.0","0.0","0.0","0.0","0.0","0.0","0.0","0.0","0.0","0.0","0.0","0.0","0.0","0.0","0.0","4.6","1.0","0.0"
"2026-09-04T16:32:28+0000","egipt|marsa-alam|2026-12-28|2027-01-04|7|Warszawa - Modlin|2+1","filter_egypt_ny_dec24_2026_7_10_days","egipt","marsa-alam","2026-12-28","2027-01-04","7.0","Warszawa - Modlin","2+1","115.0","1.0","1.0","10443.0","10443.0","10443.0","10443.0","10443.0","0.0","0.0","0.0","0.0","0.0","0.0","0.0","0.0","0.0","0.0","0.0","0.0","0.0","0.0","4.7","1.0","0.0"
"2026-09-04T19:45:05+0000","egipt|marsa-alam|2026-12-28|2027-01-04|7|Warszawa - Modlin|2+1","filter_egypt_ny_dec24_2026_7_10_days","egipt","marsa-alam","2026-12-28","2027-01-04","7.0","Warszawa - Modlin","2+1","115.0","3.0","3.0","9721.0","9755.8","9808.0","9895.0","10369.0","2.0","0.0","0.0","0.0","0.0","0.0","0.0","0.0","2.0","1.0","54.0","2.49","0.0","0.0","4.6","3.0","0.0"
"2026-09-04T22:29:05+0000","egipt|marsa-alam|2026-12-28|2027-01-04|7|Warszawa - Modlin|2+1","filter_egypt_ny_dec24_2026_7_10_days","egipt","marsa-alam","2026-12-28","2027-01-04","7.0","Warszawa - Modlin","2+1","115.0","3.0","3.0","9085.0","9212.2","9403.0","9721.0","10443.0","2.0","0.0","0.0","0.0","0.0","0.0","0.0","0.0","2.0","0.0","53.0","1.56","0.0","1.0","4.5","3.0","0.0"
"2026-09-05T05:54:45+0000","egipt|marsa-alam|2026-12-28|2027-01-04|7|Warszawa - Modlin|2+1","filter_egypt_ny_dec24_2026_7_10_days","egipt","marsa-alam","2026-12-28","2027-01-04","7.0","Warszawa - Modlin","2+1","114.0","1.0","1.0","9687.0","9687.0","9687.0","9687.0","9687.0","1.0","0.0","0.0","0.0","0.0","0.0","0.0","0.0","0.0","0.0","0.0","0.0","0.0","0.0","4.5","1.0","0.0"
"2026-09-05T10:48:59+0000","egipt|marsa-alam|2026-12-28|2027-01-04|7|Warszawa - Modlin|2+1","filter_egypt_ny_dec24_2026_7_10_days","egipt","marsa-alam","2026-12-28","2027-01-04","7.0","Warszawa - Modlin","2+1","114.0","1.0","1.0","9687.0","9687.0","9687.0","9687.0","9687.0","1.0","0.0","0.0","0.0","0.0","0.0","0.0","0.0","0.0","0.0","0.0","0.0","0.0","0.0","4.5","1.0","0.0"
"2026-09-08T04:52:28+0000","egipt|marsa-alam|2026-12-28|2027-01-04|7|Warszawa - Modlin|2+1","filter_egypt_ny_dec24_2026_7_10_days","egipt","marsa-alam","2026-12-28","2027-01-04","7.0","Warszawa - Modlin","2+1","111.0","1.0","1.0","10876.0","10876.0","10876.0","10876.0","10876.0","0.0","0.0","0.0","0.0","0.0","0.0","0.0","0.0","0.0","0.0","0.0","0.0","0.0","0.0","4.7","1.0","0.0"
"2026-09-08T07:41:59+0000","egipt|marsa-alam|2026-12-28|2027-01-04|7|Warszawa - Modlin|2+1","filter_egypt_ny_dec24_2026_7_10_days","egipt","marsa-alam","2026-12-28","2027-01-04","7.0","Warszawa - Modlin","2+1","111.0","2.0","2.0","9376.0","9427.9","9505.75","9635.5","9895.0","2.0","0.0","0.0","0.0","0.0","0.0","0.0","0.0","1.0","0.0","0.0","0.0","0.0","0.0","4.65","2.0","0.0"
"2026-09-08T09:52:41+0000","egipt|marsa-alam|2026-12-28|2027-01-04|7|Warszawa - Modlin|2+1","filter_egypt_ny_dec24_2026_7_10_days","egipt","marsa-alam","2026-12-28","2027-01-04","7.0","Warszawa - Modlin","2+1","111.0","2.0","2.0","9515.0","9656.1","9867.75","10220.5","10926.0","1.0","0.0","0.0","0.0","0.0","0.0","0.0","0.0","1.0","0.0","0.0","0.0","0.0","0.0","4.65","2.0","0.0"
"2026-09-08T14:42:34+0000","egipt|marsa-alam|2026-12-28|2027-01-04|7|Warszawa - Modlin|2+1","filter_egypt_ny_dec24_2026_7_10_days","egipt","marsa-alam","2026-12-28","2027-01-04","7.0","Warszawa - Modlin","2+1","111.0","1.0","1.0","10876.0","10876.0","10876.0","10876.0","10876.0","0.0","0.0","0.0","0.0","0.0","0.0","0.0","0.0","0.0","0.0","0.0","0.0","0.0","0.0","4.7","1.0","0.0"
"2026-09-08T18:51:34+0000","egipt|marsa-alam|2026-12-28|2027-01-04|7|Warszawa - Modlin|2+1","filter_egypt_ny_dec24_2026_7_10_days","egipt","marsa-alam","2026-12-28","2027-01-04","7.0","Warszawa - Modlin","2+1","111.0","1.0","1.0","10876.0","10876.0","10876.0","10876.0","10876.0","0.0","0.0","0.0","0.0","0.0","0.0","0.0","0.0","0.0","1.0","0.0","0.0","0.0","0.0","4.7","1.0","0.0"
"2026-09-09T00:24:30+0000","egipt|marsa-alam|2026-12-28|2027-01-04|7|Warszawa - Modlin|2+1","filter_egypt_ny_dec24_2026_7_10_days","egipt","marsa-alam","2026-12-28","2027-01-04","7.0","Warszawa - Modlin","2+1","110.0","1.0","1.0","10713.0","10713.0","10713.0","10713.0","10713.0","0.0","0.0","0.0","0.0","0.0","0.0","0.0","0.0","0.0","1.0","0.0","0.0","0.0","0.0","4.7","1.0","0.0"
"2026-09-09T04:51:31+0000","egipt|marsa-alam|2026-12-28|2027-01-04|7|Warszawa - Modlin|2+1","filter_egypt_ny_dec24_2026_7_10_days","egipt","marsa-alam","2026-12-28","2027-01-04","7.0","Warszawa - Modlin","2+1","110.0","6.0","6.0","8963.0","9168.5","9409.75","9532.0","9924.0","6.0","0.0","0.0","0.0","0.0","0.0","0.0","0.0","5.0","0.0","63.0","-0.73","0.0","2.0","4.7","6.0","0.0"
"2026-09-09T06:09:15+0000","egipt|marsa-alam|2026-12-28|2027-01-04|7|Warszawa - Modlin|2+1","filter_egypt_ny_dec24_2026_7_10_days","egipt","marsa-alam","2026-12-28","2027-01-04","7.0","Warszawa - Modlin","2+1","110.0","5.0","5.0","9343.0","9355.4","9374.0","9517.0","9924.0","5.0","0.0","0.0","0.0","0.0","0.0","0.0","0.0","4.0","0.0","63.0","-0.16","0.0","2.0","4.7","5.0","0.0"
"2026-09-09T11:37:23+0000","egipt|marsa-alam|2026-12-28|2027-01-04|7|Warszawa - Modlin|2+1","filter_egypt_ny_dec24_2026_7_10_days","egipt","marsa-alam","2026-12-28","2027-01-04","7.0","Warszawa - Modlin","2+1","110.0","1.0","1.0","10763.0","10763.0","10763.0","10763.0","10763.0","0.0","0.0","0.0","0.0","0.0","0.0","0.0","0.0","-1.0","0.0","0.0","0.0","0.0","0.0","4.7","1.0","0.0"
"2026-09-09T16:49:24+0000","egipt|marsa-alam|2026-12-28|2027-01-04|7|Warszawa - Modlin|2+1","filter_egypt_ny_dec24_2026_7_10_days","egipt","marsa-alam","2026-12-28","2027-01-04","7.0","Warszawa - Modlin","2+1","110.0","1.0","1.0","10763.0","10763.0","10763.0","10763.0","10763.0","0.0","0.0","0.0","0.0","0.0","0.0","0.0","0.0","0.0","1.0","0.0","0.0","0.0","0.0","4.7","1.0","0.0"
"2026-09-09T19:54:29+0000","egipt|marsa-alam|2026-12-28|2027-01-04|7|Warszawa - Modlin|2+1","filter_egypt_ny_dec24_2026_7_10_days","egipt","marsa-alam","2026-12-28","2027-01-04","7.0","Warszawa - Modlin","2+1","110.0","1.0","1.0","10913.0","10913.0","10913.0","10913.0","10913.0","0.0","0.0","0.0","0.0","0.0","0.0","0.0","0.0","0.0","1.0","0.0","0.0","0.0","0.0","4.7","1.0","0.0"
"2026-09-09T22:41:18+0000","egipt|marsa-alam|2026-12-28|2027-01-04|7|Warszawa - Modlin|2+1","filter_egypt_ny_dec24_2026_7_10_days","egipt","marsa-alam","2026-12-28","2027-01-04","7.0","Warszawa - Modlin","2+1","110.0","1.0","1.0","10913.0","10913.0","10913.0","10913.0","10913.0","0.0","0.0","0.0","0.0","0.0","0.0","0.0","0.0","0.0","1.0","0.0","0.0","0.0","0.0","4.7","1.0","0.0"
"2026-09-10T01:15:01+0000","egipt|marsa-alam|2026-12-28|2027-01-04|7|Warszawa - Modlin|2+1","filter_egypt_ny_dec24_2026_7_10_days","egipt","marsa-alam","2026-12-28","2027-01-04","7.0","Warszawa - Modlin","2+1","109.0","1.0","1.0","10913.0","10913.0","10913.0","10913.0","10913.0","0.0","0.0","0.0","0.0","0.0","0.0","0.0","0.0","0.0","1.0","0.0","0.0","0.0","0.0","4.7","1.0","0.0"
"2026-09-11T15:03:29+0000","egipt|marsa-alam|2026-12-28|2027-01-04|7|Warszawa - Modlin|2+1","filter_egypt_ny_dec24_2026_7_10_days","egipt","marsa-alam","2026-12-28","2027-01-04","7.0","Warszawa - Modlin","2+1","108.0","5.0","5.0","9112.0","9113.2","9115.0","9190.0","10411.0","4.0","0.0","0.0","0.0","0.0","0.0","0.0","0.0","4.0","0.0","71.0","-2.59","2.0","1.0","4.6","5.0","0.0"
"2026-09-11T16:39:34+0000","egipt|marsa-alam|2026-12-28|2027-01-04|7|Warszawa - Modlin|2+1","filter_egypt_ny_dec24_2026_7_10_days","egipt","marsa-alam","2026-12-28","2027-01-04","7.0","Warszawa - Modlin","2+1","108.0","9.0","9.0","9443.0","9482.2","9495.0","9589.0","10953.0","6.0","0.0","0.0","0.0","0.0","0.0","0.0","0.0","8.0","0.0","58.0","0.2","0.0","1.0","4.7","9.0","0.0"
"2026-09-11T19:54:13+0000","egipt|marsa-alam|2026-12-28|2027-01-04|7|Warszawa - Modlin|2+1","filter_egypt_ny_dec24_2026_7_10_days","egipt","marsa-alam","2026-12-28","2027-01-04","7.0","Warszawa - Modlin","2+1","108.0","4.0","4.0","9492.0","9492.9","9494.25","9532.5","9954.0","4.0","0.0","0.0","0.0","0.0","0.0","0.0","0.0","3.0","0.0","59.0","-0.52","0.0","1.0","4.55","4.0","0.0"
"2026-09-11T22:44:19+0000","egipt|marsa-alam|2026-12-28|2027-01-04|7|Warszawa - Modlin|2+1","filter_egypt_ny_dec24_2026_7_10_days","egipt","marsa-alam","2026-12-28","2027-01-04","7.0","Warszawa - Modlin","2+1","108.0","4.0","4.0","9612.0","9612.9","9614.25","9652.5","10074.0","3.0","0.0","0.0","0.0","0.0","0.0","0.0","0.0","3.0","0.0","54.0","0.66","0.0","0.0","4.55","4.0","0.0"
"2026-09-12T17:20:28+0000","egipt|marsa-alam|2026-12-28|2027-01-04|7|Warszawa - Modlin|2+1","filter_egypt_ny_dec24_2026_7_10_days","egipt","marsa-alam","2026-12-28","2027-01-04","7.0","Warszawa - Modlin","2+1","107.0","1.0","1.0","10926.0","10926.0","10926.0","10926.0","10926.0","0.0","0.0","0.0","0.0","0.0","0.0","0.0","0.0","-8.0","1.0","0.0","0.0","0.0","0.0","4.4","1.0","0.0"
"2026-09-12T22:26:59+0000","egipt|marsa-alam|2026-12-28|2027-01-04|7|Warszawa - Modlin|2+1","filter_egypt_ny_dec24_2026_7_10_days","egipt","marsa-alam","2026-12-28","2027-01-04","7.0","Warszawa - Modlin","2+1","107.0","1.0","1.0","10926.0","10926.0","10926.0","10926.0","10926.0","0.0","0.0","0.0","0.0","0.0","0.0","0.0","0.0","-3.0","0.0","0.0","0.0","0.0","0.0","4.4","1.0","0.0"
"2026-09-13T01:12:19+0000","egipt|marsa-alam|2026-12-28|2027-01-04|7|Warszawa - Modlin|2+1","filter_egypt_ny_dec24_2026_7_10_days","egipt","marsa-alam","2026-12-28","2027-01-04","7.0","Warszawa - Modlin","2+1","106.0","1.0","1.0","10926.0","10926.0","10926.0","10926.0","10926.0","0.0","0.0","0.0","0.0","0.0","0.0","0.0","0.0","-3.0","0.0","0.0","0.0","0.0","0.0","4.4","1.0","0.0"
"2026-09-13T06:22:18+0000","egipt|marsa-alam|2026-12-28|2027-01-04|7|Warszawa - Modlin|2+1","filter_egypt_ny_dec24_2026_7_10_days","egipt","marsa-alam","2026-12-28","2027-01-04","7.0","Warszawa - Modlin","2+1","106.0","1.0","1.0","10926.0","10926.0","10926.0","10926.0","10926.0","0.0","0.0","0.0","0.0","0.0","0.0","0.0","0.0","-3.0","0.0","0.0","0.0","0.0","0.0","4.4","1.0","0.0"
"2026-09-13T09:28:46+0000","egipt|marsa-alam|2026-12-28|2027-01-04|7|Warszawa - Modlin|2+1","filter_egypt_ny_dec24_2026_7_10_days","egipt","marsa-alam","2026-12-28","2027-01-04","7.0","Warszawa - Modlin","2+1","106.0","3.0","3.0","10435.0","10507.4","10616.0","10797.0","10926.0","0.0","0.0","0.0","0.0","0.0","0.0","0.0","0.0","2.0","1.0","48.0","7.59","0.0","0.0","4.6","3.0","0.0"
"2026-09-13T12:50:24+0000","egipt|marsa-alam|2026-12-28|2027-01-04|7|Warszawa - Modlin|2+1","filter_egypt_ny_dec24_2026_7_10_days","egipt","marsa-alam","2026-12-28","2027-01-04","7.0","Warszawa - Modlin","2+1","106.0","7.0","7.0","8752.0","8753.8","8792.5","9214.0","10489.0","4.0","0.0","0.0","0.0","0.0","0.0","0.0","0.0","6.0","1.0","72.0","-3.28","3.0","2.0","4.6","7.0","0.0"
"2026-09-13T17:02:54+0000","egipt|marsa-alam|2026-12-28|2027-01-04|7|Warszawa - Modlin|2+1","filter_egypt_ny_dec24_2026_7_10_days","egipt","marsa-alam","2026-12-28","2027-01-04","7.0","Warszawa - Modlin","2+1","106.0","5.0","5.0","8752.0","8753.2","8755.0","10051.0","10489.0","2.0","0.0","0.0","0.0","0.0","0.0","0.0","0.0","4.0","1.0","67.0","-0.26","1.0","2.0","4.6","5.0","0.0"
"2026-09-13T19:35:37+0000","egipt|marsa-alam|2026-12-28|2027-01-04|7|Warszawa - Modlin|2+1","filter_egypt_ny_dec24_2026_7_10_days","egipt","marsa-alam","2026-12-28","2027-01-04","7.0","Warszawa - Modlin","2+1","106.0","7.0","7.0","9132.0","9133.8","9172.5","9594.0","10797.0","4.0","0.0","0.0","0.0","0.0","0.0","0.0","0.0","6.0","1.0","63.0","0.11","2.0","1.0","4.6","7.0","0.0"
"2026-09-13T22:32:44+0000","egipt|marsa-alam|2026-12-28|2027-01-04|7|Warszawa - Modlin|2+1","filter_egypt_ny_dec24_2026_7_10_days","egipt","marsa-alam","2026-12-28","2027-01-04","7.0","Warszawa - Modlin","2+1","106.0","6.0","6.0","10343.0","10389.0","10448.5","10499.5","10894.0","0.0","0.0","0.0","0.0","0.0","0.0","0.0","0.0","5.0","1.0","48.0","7.1","0.0","0.0","4.65","6.0","0.0"
"2026-09-14T01:16:47+0000","egipt|marsa-alam|2026-12-28|2027-01-04|7|Warszawa - Modlin|2+1","filter_egypt_ny_dec24_2026_7_10_days","egipt","marsa-alam","2026-12-28","2027-01-04","7.0","Warszawa - Modlin","2+1","105.0","6.0","6.0","10343.0","10389.0","10448.5","10499.5","10894.0","0.0","0.0","0.0","0.0","0.0","0.0","0.0","0.0","5.0","0.0","0.0","0.0","0.0","0.0","4.65","6.0","0.0"
"2026-09-14T05:27:34+0000","egipt|marsa-alam|2026-12-28|2027-01-04|7|Warszawa - Modlin|2+1","filter_egypt_ny_dec24_2026_7_10_days","egipt","marsa-alam","2026-12-28","2027-01-04","7.0","Warszawa - Modlin","2+1","105.0","6.0","6.0","10343.0","10389.0","10448.5","10499.5","10894.0","0.0","0.0","0.0","0.0","0.0","0.0","0.0","0.0","5.0","0.0","57.0","0.0","0.0","0.0","4.65","6.0","0.0"
"2026-09-14T06:29:57+0000","egipt|marsa-alam|2026-12-28|2027-01-04|7|Warszawa - Modlin|2+1","filter_egypt_ny_dec24_2026_7_10_days","egipt","marsa-alam","2026-12-28","2027-01-04","7.0","Warszawa - Modlin","2+1","105.0","6.0","6.0","10343.0","10389.0","10448.5","10499.5","10894.0","0.0","0.0","0.0","0.0","0.0","0.0","0.0","0.0","5.0","0.0","58.0","0.0","0.0","0.0","4.65","6.0","0.0"
"2026-09-14T13:01:39+0000","egipt|marsa-alam|2026-12-28|2027-01-04|7|Warszawa - Modlin|2+1","filter_egypt_ny_dec24_2026_7_10_days","egipt","marsa-alam","2026-12-28","2027-01-04","7.0","Warszawa - Modlin","2+1","105.0","6.0","6.0","10343.0","10389.0","10448.5","10499.5","10894.0","0.0","0.0","0.0","0.0","0.0","0.0","0.0","0.0","-1.0","0.0","59.0","0.0","0.0","0.0","4.65","6.0","0.0"
"2026-09-14T14:16:41+0000","egipt|marsa-alam|2026-12-28|2027-01-04|7|Warszawa - Modlin|2+1","filter_egypt_ny_dec24_2026_7_10_days","egipt","marsa-alam","2026-12-28","2027-01-04","7.0","Warszawa - Modlin","2+1","105.0","6.0","6.0","10343.0","10389.0","10448.5","10499.5","10894.0","0.0","0.0","0.0","0.0","0.0","0.0","0.0","0.0","-1.0","0.0","61.0","0.0","0.0","0.0","4.65","6.0","0.0"
"2026-09-14T19:32:48+0000","egipt|marsa-alam|2026-12-28|2027-01-04|7|Warszawa - Modlin|2+1","filter_egypt_ny_dec24_2026_7_10_days","egipt","marsa-alam","2026-12-28","2027-01-04","7.0","Warszawa - Modlin","2+1","105.0","6.0","6.0","10343.0","10389.0","10448.5","10499.5","10894.0","0.0","0.0","0.0","0.0","0.0","0.0","0.0","0.0","-1.0","0.0","62.0","0.0","0.0","0.0","4.65","6.0","0.0"
"2026-09-14T23:16:16+0000","egipt|marsa-alam|2026-12-28|2027-01-04|7|Warszawa - Modlin|2+1","filter_egypt_ny_dec24_2026_7_10_days","egipt","marsa-alam","2026-12-28","2027-01-04","7.0","Warszawa - Modlin","2+1","105.0","6.0","6.0","10343.0","10389.0","10448.5","10499.5","10894.0","0.0","0.0","0.0","0.0","0.0","0.0","0.0","0.0","0.0","0.0","63.0","0.0","0.0","0.0","4.65","6.0","0.0"
"2026-09-15T01:36:50+0000","egipt|marsa-alam|2026-12-28|2027-01-04|7|Warszawa - Modlin|2+1","filter_egypt_ny_dec24_2026_7_10_days","egipt","marsa-alam","2026-12-28","2027-01-04","7.0","Warszawa - Modlin","2+1","104.0","6.0","6.0","10343.0","10389.0","10448.5","10499.5","10894.0","0.0","0.0","0.0","0.0","0.0","0.0","0.0","0.0","0.0","5.0","63.0","0.0","0.0","2.0","4.65","6.0","0.0"
"2026-09-15T07:56:20+0000","egipt|marsa-alam|2026-12-28|2027-01-04|7|Warszawa - Modlin|2+1","filter_egypt_ny_dec24_2026_7_10_days","egipt","marsa-alam","2026-12-28","2027-01-04","7.0","Warszawa - Modlin","2+1","104.0","4.0","4.0","10343.0","10386.8","10452.5","10499.5","10894.0","0.0","0.0","0.0","0.0","0.0","0.0","0.0","0.0","-2.0","4.0","64.0","0.0","0.0","2.0","4.6","4.0","0.0"
"2026-09-15T14:49:10+0000","egipt|marsa-alam|2026-12-28|2027-01-04|7|Warszawa - Modlin|2+1","filter_egypt_ny_dec24_2026_7_10_days","egipt","marsa-alam","2026-12-28","2027-01-04","7.0","Warszawa - Modlin","2+1","104.0","1.0","1.0","10926.0","10926.0","10926.0","10926.0","10926.0","0.0","0.0","0.0","0.0","0.0","0.0","0.0","0.0","-5.0","1.0","0.0","0.0","0.0","0.0","4.4","1.0","0.0"
"2026-09-16T06:12:13+0000","egipt|marsa-alam|2026-12-28|2027-01-04|7|Warszawa - Modlin|2+1","filter_egypt_ny_dec24_2026_7_10_days","egipt","marsa-alam","2026-12-28","2027-01-04","7.0","Warszawa - Modlin","2+1","103.0","5.0","5.0","9731.0","9824.2","9964.0","10225.0","10788.0","2.0","0.0","0.0","0.0","0.0","0.0","0.0","0.0","1.0","2.0","72.0","-3.91","0.0","4.0","4.7","5.0","0.0"
"2026-09-19T18:11:00+0000","egipt|marsa-alam|2026-12-28|2027-01-04|7|Warszawa - Modlin|2+1","filter_egypt_ny_dec24_2026_7_10_days","egipt","marsa-alam","2026-12-28","2027-01-04","7.0","Warszawa - Modlin","2+1","100.0","1.0","1.0","9109.0","9109.0","9109.0","9109.0","9109.0","1.0","0.0","0.0","0.0","0.0","0.0","0.0","0.0","-4.0","0.0","0.0","0.0","0.0","0.0","4.6","1.0","0.0"
"2026-09-19T20:54:01+0000","egipt|marsa-alam|2026-12-28|2027-01-04|7|Warszawa - Modlin|2+1","filter_egypt_ny_dec24_2026_7_10_days","egipt","marsa-alam","2026-12-28","2027-01-04","7.0","Warszawa - Modlin","2+1","100.0","1.0","1.0","9109.0","9109.0","9109.0","9109.0","9109.0","1.0","0.0","0.0","0.0","0.0","0.0","0.0","0.0","-4.0","0.0","0.0","0.0","0.0","0.0","4.6","1.0","0.0"
"2026-09-22T15:05:35+0000","egipt|marsa-alam|2026-12-28|2027-01-04|7|Warszawa - Modlin|2+1","filter_egypt_ny_dec24_2026_7_10_days","egipt","marsa-alam","2026-12-28","2027-01-04","7.0","Warszawa - Modlin","2+1","97.0","1.0","1.0","10000.0","10000.0","10000.0","10000.0","10000.0","1.0","0.0","0.0","0.0","0.0","0.0","0.0","0.0","0.0","0.0","0.0","0.0","0.0","0.0","4.6","1.0","0.0"
"2026-09-06T19:21:58+0000","egipt|marsa-alam|2026-12-28|2027-01-06|9|Warszawa - Modlin|2+1","filter_egypt_ny_dec24_2026_7_10_days","egipt","marsa-alam","2026-12-28","2027-01-06","9.0","Warszawa - Modlin","2+1","113.0","1.0","1.0","10891.0","10891.0","10891.0","10891.0","10891.0","0.0","0.0","0.0","0.0","0.0","0.0","0.0","0.0","0.0","0.0","0.0","0.0","0.0","0.0","4.6","1.0","0.0"
"2026-09-18T06:05:26+0000","egipt|marsa-alam|2026-12-28|2027-01-06|9|Warszawa - Modlin|2+1","filter_egypt_ny_dec24_2026_7_10_days","egipt","marsa-alam","2026-12-28","2027-01-06","9.0","Warszawa - Modlin","2+1","101.0","1.0","1.0","10608.0","10608.0","10608.0","10608.0","10608.0","0.0","0.0","0.0","0.0","0.0","0.0","0.0","0.0","0.0","0.0","0.0","0.0","0.0","0.0","4.6","1.0","0.0"
"2026-09-18T11:30:11+0000","egipt|marsa-alam|2026-12-28|2027-01-06|9|Warszawa - Modlin|2+1","filter_egypt_ny_dec24_2026_7_10_days","egipt","marsa-alam","2026-12-28","2027-01-06","9.0","Warszawa - Modlin","2+1","101.0","1.0","1.0","10588.0","10588.0","10588.0","10588.0","10588.0","0.0","0.0","0.0","0.0","0.0","0.0","0.0","0.0","0.0","0.0","0.0","0.0","0.0","0.0","4.6","1.0","0.0"
"2026-09-20T19:36:54+0000","egipt|marsa-alam|2026-12-28|2027-01-06|9|Warszawa - Modlin|2+1","filter_egypt_ny_dec24_2026_7_10_days","egipt","marsa-alam","2026-12-28","2027-01-06","9.0","Warszawa - Modlin","2+1","99.0","1.0","1.0","10548.0","10548.0","10548.0","10548.0","10548.0","0.0","0.0","0.0","0.0","0.0","0.0","0.0","0.0","0.0","1.0","0.0","0.0","0.0","0.0","4.6","1.0","0.0"
"2026-08-26T08:30:22+0000","egipt|marsa-alam|2026-12-29|2027-01-05|7|Warszawa|2+1","filter_egypt_ny_dec24_2026_7_10_days","egipt","marsa-alam","2026-12-29","2027-01-05","7.0","Warszawa","2+1","125.0","3.0","3.0","9947.0","9983.0","10037.0","10127.0","10857.0","1.0","0.0","0.0","0.0","0.0","0.0","0.0","0.0","0.0","0.0","0.0","0.0","0.0","0.0","4.7","2.0","0.0"
"2026-08-26T09:34:42+0000","egipt|marsa-alam|2026-12-29|2027-01-05|7|Warszawa|2+1","filter_egypt_ny_dec24_2026_7_10_days","egipt","marsa-alam","2026-12-29","2027-01-05","7.0","Warszawa","2+1","125.0","3.0","3.0","9947.0","9983.0","10037.0","10127.0","10857.0","1.0","0.0","0.0","0.0","0.0","0.0","0.0","0.0","0.0","0.0","56.0","0.0","0.0","0.0","4.7","2.0","0.0"
"2026-08-26T10:27:42+0000","egipt|marsa-alam|2026-12-29|2027-01-05|7|Warszawa|2+1","filter_egypt_ny_dec24_2026_7_10_days","egipt","marsa-alam","2026-12-29","2027-01-05","7.0","Warszawa","2+1","125.0","3.0","3.0","9947.0","9983.0","10037.0","10127.0","10857.0","1.0","0.0","0.0","0.0","0.0","0.0","0.0","0.0","0.0","0.0","57.0","0.0","0.0","0.0","4.7","2.0","0.0"
"2026-08-26T10:58:13+0000","egipt|marsa-alam|2026-12-29|2027-01-05|7|Warszawa|2+1","filter_egypt_ny_dec24_2026_7_10_days","egipt","marsa-alam","2026-12-29","2027-01-05","7.0","Warszawa","2+1","125.0","3.0","3.0","9947.0","9983.0","10037.0","10127.0","10857.0","1.0","0.0","0.0","0.0","0.0","0.0","0.0","0.0","0.0","0.0","58.0","0.0","0.0","0.0","4.7","2.0","0.0"
"2026-08-26T11:23:14+0000","egipt|marsa-alam|2026-12-29|2027-01-05|7|Warszawa|2+1","filter_egypt_ny_dec24_2026_7_10_days","egipt","marsa-alam","2026-12-29","2027-01-05","7.0","Warszawa","2+1","125.0","3.0","3.0","9947.0","9983.0","10037.0","10127.0","10857.0","1.0","0.0","0.0","0.0","0.0","0.0","0.0","0.0","0.0","0.0","60.0","0.0","0.0","0.0","4.7","2.0","0.0"
"2026-08-26T12:33:22+0000","egipt|marsa-alam|2026-12-29|2027-01-05|7|Warszawa|2+1","filter_egypt_ny_dec24_2026_7_10_days","egipt","marsa-alam","2026-12-29","2027-01-05","7.0","Warszawa","2+1","125.0","3.0","3.0","9947.0","9983.0","10037.0","10127.0","10857.0","1.0","0.0","0.0","0.0","0.0","0.0","0.0","0.0","0.0","0.0","61.0","0.0","0.0","0.0","4.7","2.0","0.0"
"2026-08-26T13:48:44+0000","egipt|marsa-alam|2026-12-29|2027-01-05|7|Warszawa|2+1","filter_egypt_ny_dec24_2026_7_10_days","egipt","marsa-alam","2026-12-29","2027-01-05","7.0","Warszawa","2+1","125.0","3.0","3.0","9947.0","9983.0","10037.0","10127.0","10857.0","1.0","0.0","0.0","0.0","0.0","0.0","0.0","0.0","0.0","0.0","62.0","0.0","0.0","0.0","4.7","2.0","0.0"
"2026-08-26T14:38:03+0000","egipt|marsa-alam|2026-12-29|2027-01-05|7|Warszawa|2+1","filter_egypt_ny_dec24_2026_7_10_days","egipt","marsa-alam","2026-12-29","2027-01-05","7.0","Warszawa","2+1","125.0","3.0","3.0","9947.0","9983.0","10037.0","10127.0","10857.0","1.0","0.0","0.0","0.0","0.0","0.0","0.0","0.0","0.0","0.0","63.0","0.0","0.0","2.0","4.7","2.0","0.0"
"2026-08-26T16:13:30+0000","egipt|marsa-alam|2026-12-29|2027-01-05|7|Warszawa|2+1","filter_egypt_ny_dec24_2026_7_10_days","egipt","marsa-alam","2026-12-29","2027-01-05","7.0","Warszawa","2+1","125.0","3.0","3.0","9947.0","9983.0","10037.0","10127.0","10857.0","1.0","0.0","0.0","0.0","0.0","0.0","0.0","0.0","0.0","0.0","64.0","0.0","0.0","2.0","4.7","2.0","0.0"
"2026-08-26T18:53:07+0000","egipt|marsa-alam|2026-12-29|2027-01-05|7|Warszawa|2+1","filter_egypt_ny_dec24_2026_7_10_days","egipt","marsa-alam","2026-12-29","2027-01-05","7.0","Warszawa","2+1","125.0","3.0","3.0","9947.0","9983.0","10037.0","10127.0","10857.0","1.0","0.0","0.0","0.0","0.0","0.0","0.0","0.0","0.0","0.0","65.0","0.0","0.0","2.0","4.7","2.0","0.0"
"2026-08-26T21:31:23+0000","egipt|marsa-alam|2026-12-29|2027-01-05|7|Warszawa|2+1","filter_egypt_ny_dec24_2026_7_10_days","egipt","marsa-alam","2026-12-29","2027-01-05","7.0","Warszawa","2+1","125.0","3.0","3.0","9947.0","9983.0","10037.0","10127.0","10857.0","1.0","0.0","0.0","0.0","0.0","0.0","0.0","0.0","0.0","3.0","66.0","0.0","0.0","2.0","4.7","2.0","0.0"
"2026-08-27T02:27:44+0000","egipt|marsa-alam|2026-12-29|2027-01-05|7|Warszawa|2+1","filter_egypt_ny_dec24_2026_7_10_days","egipt","marsa-alam","2026-12-29","2027-01-05","7.0","Warszawa","2+1","124.0","3.0","3.0","9947.0","9983.0","10037.0","10127.0","10857.0","1.0","0.0","0.0","0.0","0.0","0.0","0.0","0.0","0.0","3.0","67.0","0.0","0.0","2.0","4.7","2.0","0.0"
"2026-08-27T10:16:43+0000","egipt|marsa-alam|2026-12-29|2027-01-05|7|Warszawa|2+1","filter_egypt_ny_dec24_2026_7_10_days","egipt","marsa-alam","2026-12-29","2027-01-05","7.0","Warszawa","2+1","124.0","3.0","3.0","9947.0","9983.0","10037.0","10127.0","10857.0","1.0","0.0","0.0","0.0","0.0","0.0","0.0","0.0","0.0","3.0","68.0","0.0","0.0","2.0","4.7","2.0","0.0"
"2026-08-27T13:06:18+0000","egipt|marsa-alam|2026-12-29|2027-01-05|7|Warszawa|2+1","filter_egypt_ny_dec24_2026_7_10_days","egipt","marsa-alam","2026-12-29","2027-01-05","7.0","Warszawa","2+1","124.0","2.0","2.0","10127.0","10147.0","10177.0","10227.0","10327.0","0.0","0.0","0.0","0.0","0.0","0.0","0.0","0.0","-1.0","2.0","0.0","0.0","0.0","0.0","4.7","1.0","0.0"
"2026-08-27T13:22:52+0000","egipt|marsa-alam|2026-12-29|2027-01-05|7|Warszawa|2+1","filter_egypt_ny_dec24_2026_7_10_days","egipt","marsa-alam","2026-12-29","2027-01-05","7.0","Warszawa","2+1","124.0","2.0","2.0","10127.0","10147.0","10177.0","10227.0","10327.0","0.0","0.0","0.0","0.0","0.0","0.0","0.0","0.0","-1.0","2.0","0.0","0.0","0.0","0.0","4.7","1.0","0.0"
"2026-08-27T15:41:38+0000","egipt|marsa-alam|2026-12-29|2027-01-05|7|Warszawa|2+1","filter_egypt_ny_dec24_2026_7_10_days","egipt","marsa-alam","2026-12-29","2027-01-05","7.0","Warszawa","2+1","124.0","2.0","2.0","10127.0","10147.0","10177.0","10227.0","10327.0","0.0","0.0","0.0","0.0","0.0","0.0","0.0","0.0","-1.0","2.0","0.0","0.0","0.0","0.0","4.7","1.0","0.0"
"2026-08-27T23:24:49+0000","egipt|marsa-alam|2026-12-29|2027-01-05|7|Warszawa|2+1","filter_egypt_ny_dec24_2026_7_10_days","egipt","marsa-alam","2026-12-29","2027-01-05","7.0","Warszawa","2+1","124.0","2.0","2.0","10127.0","10147.0","10177.0","10227.0","10327.0","0.0","0.0","0.0","0.0","0.0","0.0","0.0","0.0","-1.0","2.0","0.0","0.0","0.0","0.0","4.7","1.0","0.0"
"2026-08-28T05:44:15+0000","egipt|marsa-alam|2026-12-29|2027-01-05|7|Warszawa|2+1","filter_egypt_ny_dec24_2026_7_10_days","egipt","marsa-alam","2026-12-29","2027-01-05","7.0","Warszawa","2+1","123.0","1.0","1.0","10327.0","10327.0","10327.0","10327.0","10327.0","0.0","0.0","0.0","0.0","0.0","0.0","0.0","0.0","-2.0","1.0","0.0","0.0","0.0","0.0","4.7","1.0","0.0"
"2026-08-28T06:04:41+0000","egipt|marsa-alam|2026-12-29|2027-01-05|7|Warszawa|2+1","filter_egypt_ny_dec24_2026_7_10_days","egipt","marsa-alam","2026-12-29","2027-01-05","7.0","Warszawa","2+1","123.0","1.0","1.0","10327.0","10327.0","10327.0","10327.0","10327.0","0.0","0.0","0.0","0.0","0.0","0.0","0.0","0.0","-2.0","1.0","0.0","0.0","0.0","0.0","4.7","1.0","0.0"
"2026-08-28T07:53:00+0000","egipt|marsa-alam|2026-12-29|2027-01-05|7|Warszawa|2+1","filter_egypt_ny_dec24_2026_7_10_days","egipt","marsa-alam","2026-12-29","2027-01-05","7.0","Warszawa","2+1","123.0","1.0","1.0","10327.0","10327.0","10327.0","10327.0","10327.0","0.0","0.0","0.0","0.0","0.0","0.0","0.0","0.0","-2.0","1.0","0.0","0.0","0.0","0.0","4.7","1.0","0.0"
"2026-08-28T08:10:48+0000","egipt|marsa-alam|2026-12-29|2027-01-05|7|Warszawa|2+1","filter_egypt_ny_dec24_2026_7_10_days","egipt","marsa-alam","2026-12-29","2027-01-05","7.0","Warszawa","2+1","123.0","1.0","1.0","10327.0","10327.0","10327.0","10327.0","10327.0","0.0","0.0","0.0","0.0","0.0","0.0","0.0","0.0","-2.0","1.0","0.0","0.0","0.0","0.0","4.7","1.0","0.0"
"2026-08-28T19:50:00+0000","egipt|marsa-alam|2026-12-29|2027-01-05|7|Warszawa|2+1","filter_egypt_ny_dec24_2026_7_10_days","egipt","marsa-alam","2026-12-29","2027-01-05","7.0","Warszawa","2+1","123.0","1.0","1.0","10507.0","10507.0","10507.0","10507.0","10507.0","0.0","0.0","0.0","0.0","0.0","0.0","0.0","0.0","-1.0","0.0","0.0","0.0","0.0","0.0","4.7","1.0","0.0"
"2026-08-29T02:39:15+0000","egipt|marsa-alam|2026-12-29|2027-01-05|7|Warszawa|2+1","filter_egypt_ny_dec24_2026_7_10_days","egipt","marsa-alam","2026-12-29","2027-01-05","7.0","Warszawa","2+1","122.0","2.0","2.0","10267.0","10291.0","10327.0","10387.0","10507.0","0.0","0.0","0.0","0.0","0.0","0.0","0.0","0.0","1.0","1.0","0.0","0.0","0.0","0.0","4.7","1.0","0.0"
"2026-08-29T06:51:20+0000","egipt|marsa-alam|2026-12-29|2027-01-05|7|Warszawa|2+1","filter_egypt_ny_dec24_2026_7_10_days","egipt","marsa-alam","2026-12-29","2027-01-05","7.0","Warszawa","2+1","122.0","2.0","2.0","10267.0","10291.0","10327.0","10387.0","10507.0","0.0","0.0","0.0","0.0","0.0","0.0","0.0","0.0","1.0","1.0","0.0","0.0","0.0","0.0","4.7","1.0","0.0"
"2026-08-29T09:12:03+0000","egipt|marsa-alam|2026-12-29|2027-01-05|7|Warszawa|2+1","filter_egypt_ny_dec24_2026_7_10_days","egipt","marsa-alam","2026-12-29","2027-01-05","7.0","Warszawa","2+1","122.0","2.0","2.0","10267.0","10291.0","10327.0","10387.0","10507.0","0.0","0.0","0.0","0.0","0.0","0.0","0.0","0.0","1.0","1.0","0.0","0.0","0.0","0.0","4.7","1.0","0.0"
"2026-08-29T09:30:53+0000","egipt|marsa-alam|2026-12-29|2027-01-05|7|Warszawa|2+1","filter_egypt_ny_dec24_2026_7_10_days","egipt","marsa-alam","2026-12-29","2027-01-05","7.0","Warszawa","2+1","122.0","2.0","2.0","10267.0","10291.0","10327.0","10387.0","10507.0","0.0","0.0","0.0","0.0","0.0","0.0","0.0","0.0","1.0","1.0","0.0","0.0","0.0","0.0","4.7","1.0","0.0"
"2026-08-29T12:09:36+0000","egipt|marsa-alam|2026-12-29|2027-01-05|7|Warszawa|2+1","filter_egypt_ny_dec24_2026_7_10_days","egipt","marsa-alam","2026-12-29","2027-01-05","7.0","Warszawa","2+1","122.0","2.0","2.0","10267.0","10291.0","10327.0","10387.0","10507.0","0.0","0.0","0.0","0.0","0.0","0.0","0.0","0.0","1.0","1.0","0.0","0.0","0.0","0.0","4.7","1.0","0.0"
"2026-08-29T14:39:09+0000","egipt|marsa-alam|2026-12-29|2027-01-05|7|Warszawa|2+1","filter_egypt_ny_dec24_2026_7_10_days","egipt","marsa-alam","2026-12-29","2027-01-05","7.0","Warszawa","2+1","122.0","1.0","1.0","10507.0","10507.0","10507.0","10507.0","10507.0","0.0","0.0","0.0","0.0","0.0","0.0","0.0","0.0","0.0","0.0","0.0","0.0","0.0","0.0","4.7","1.0","0.0"
"2026-08-29T18:41:43+0000","egipt|marsa-alam|2026-12-29|2027-01-05|7|Warszawa|2+1","filter_egypt_ny_dec24_2026_7_10_days","egipt","marsa-alam","2026-12-29","2027-01-05","7.0","Warszawa","2+1","122.0","1.0","1.0","10507.0","10507.0","10507.0","10507.0","10507.0","0.0","0.0","0.0","0.0","0.0","0.0","0.0","0.0","0.0","0.0","0.0","0.0","0.0","0.0","4.7","1.0","0.0"
"2026-08-29T21:52:29+0000","egipt|marsa-alam|2026-12-29|2027-01-05|7|Warszawa|2+1","filter_egypt_ny_dec24_2026_7_10_days","egipt","marsa-alam","2026-12-29","2027-01-05","7.0","Warszawa","2+1","122.0","1.0","1.0","10507.0","10507.0","10507.0","10507.0","10507.0","0.0","0.0","0.0","0.0","0.0","0.0","0.0","0.0","0.0","0.0","0.0","0.0","0.0","0.0","4.7","1.0","0.0"
"2026-08-30T00:29:41+0000","egipt|marsa-alam|2026-12-29|2027-01-05|7|Warszawa|2+1","filter_egypt_ny_dec24_2026_7_10_days","egipt","marsa-alam","2026-12-29","2027-01-05","7.0","Warszawa","2+1","121.0","1.0","1.0","10507.0","10507.0","10507.0","10507.0","10507.0","0.0","0.0","0.0","0.0","0.0","0.0","0.0","0.0","-1.0","1.0","0.0","0.0","0.0","0.0","4.7","1.0","0.0"
"2026-08-30T06:46:13+0000","egipt|marsa-alam|2026-12-29|2027-01-05|7|Warszawa|2+1","filter_egypt_ny_dec24_2026_7_10_days","egipt","marsa-alam","2026-12-29","2027-01-05","7.0","Warszawa","2+1","121.0","1.0","1.0","10507.0","10507.0","10507.0","10507.0","10507.0","0.0","0.0","0.0","0.0","0.0","0.0","0.0","0.0","-1.0","1.0","0.0","0.0","0.0","0.0","4.7","1.0","0.0"
"2026-08-30T06:59:08+0000","egipt|marsa-alam|2026-12-29|2027-01-05|7|Warszawa|2+1","filter_egypt_ny_dec24_2026_7_10_days","egipt","marsa-alam","2026-12-29","2027-01-05","7.0","Warszawa","2+1","121.0","1.0","1.0","10507.0","10507.0","10507.0","10507.0","10507.0","0.0","0.0","0.0","0.0","0.0","0.0","0.0","0.0","-1.0","1.0","0.0","0.0","0.0","0.0","4.7","1.0","0.0"
"2026-08-30T11:49:50+0000","egipt|marsa-alam|2026-12-29|2027-01-05|7|Warszawa|2+1","filter_egypt_ny_dec24_2026_7_10_days","egipt","marsa-alam","2026-12-29","2027-01-05","7.0","Warszawa","2+1","121.0","1.0","1.0","10507.0","10507.0","10507.0","10507.0","10507.0","0.0","0.0","0.0","0.0","0.0","0.0","0.0","0.0","-1.0","1.0","0.0","0.0","0.0","0.0","4.7","1.0","0.0"
"2026-08-30T13:02:40+0000","egipt|marsa-alam|2026-12-29|2027-01-05|7|Warszawa|2+1","filter_egypt_ny_dec24_2026_7_10_days","egipt","marsa-alam","2026-12-29","2027-01-05","7.0","Warszawa","2+1","121.0","1.0","1.0","10507.0","10507.0","10507.0","10507.0","10507.0","0.0","0.0","0.0","0.0","0.0","0.0","0.0","0.0","-1.0","1.0","0.0","0.0","0.0","0.0","4.7","1.0","0.0"
"2026-08-30T15:01:50+0000","egipt|marsa-alam|2026-12-29|2027-01-05|7|Warszawa|2+1","filter_egypt_ny_dec24_2026_7_10_days","egipt","marsa-alam","2026-12-29","2027-01-05","7.0","Warszawa","2+1","121.0","1.0","1.0","10507.0","10507.0","10507.0","10507.0","10507.0","0.0","0.0","0.0","0.0","0.0","0.0","0.0","0.0","0.0","1.0","0.0","0.0","0.0","0.0","4.7","1.0","0.0"
"2026-08-30T17:39:15+0000","egipt|marsa-alam|2026-12-29|2027-01-05|7|Warszawa|2+1","filter_egypt_ny_dec24_2026_7_10_days","egipt","marsa-alam","2026-12-29","2027-01-05","7.0","Warszawa","2+1","121.0","1.0","1.0","10507.0","10507.0","10507.0","10507.0","10507.0","0.0","0.0","0.0","0.0","0.0","0.0","0.0","0.0","0.0","1.0","0.0","0.0","0.0","0.0","4.7","1.0","0.0"
"2026-08-30T23:39:58+0000","egipt|marsa-alam|2026-12-29|2027-01-05|7|Warszawa|2+1","filter_egypt_ny_dec24_2026_7_10_days","egipt","marsa-alam","2026-12-29","2027-01-05","7.0","Warszawa","2+1","121.0","3.0","3.0","10037.0","10083.0","10152.0","10267.0","10507.0","0.0","0.0","0.0","0.0","0.0","0.0","0.0","0.0","2.0","0.0","57.0","0.29","0.0","0.0","4.5","2.0","0.0"
"2026-08-31T05:42:39+0000","egipt|marsa-alam|2026-12-29|2027-01-05|7|Warszawa|2+1","filter_egypt_ny_dec24_2026_7_10_days","egipt","marsa-alam","2026-12-29","2027-01-05","7.0","Warszawa","2+1","120.0","3.0","3.0","10037.0","10083.0","10152.0","10267.0","10507.0","0.0","0.0","0.0","0.0","0.0","0.0","0.0","0.0","2.0","0.0","0.0","0.0","0.0","0.0","4.5","2.0","0.0"
"2026-08-31T06:00:23+0000","egipt|marsa-alam|2026-12-29|2027-01-05|7|Warszawa|2+1","filter_egypt_ny_dec24_2026_7_10_days","egipt","marsa-alam","2026-12-29","2027-01-05","7.0","Warszawa","2+1","120.0","3.0","3.0","10037.0","10083.0","10152.0","10267.0","10507.0","0.0","0.0","0.0","0.0","0.0","0.0","0.0","0.0","2.0","0.0","0.0","0.0","0.0","0.0","4.5","2.0","0.0"
"2026-08-31T07:49:17+0000","egipt|marsa-alam|2026-12-29|2027-01-05|7|Warszawa|2+1","filter_egypt_ny_dec24_2026_7_10_days","egipt","marsa-alam","2026-12-29","2027-01-05","7.0","Warszawa","2+1","120.0","2.0","2.0","10037.0","10084.0","10154.5","10272.0","10507.0","0.0","0.0","0.0","0.0","0.0","0.0","0.0","0.0","1.0","0.0","0.0","0.0","0.0","0.0","4.5","2.0","0.0"
"2026-08-31T13:12:09+0000","egipt|marsa-alam|2026-12-29|2027-01-05|7|Warszawa|2+1","filter_egypt_ny_dec24_2026_7_10_days","egipt","marsa-alam","2026-12-29","2027-01-05","7.0","Warszawa","2+1","120.0","2.0","2.0","10037.0","10084.0","10154.5","10272.0","10507.0","0.0","0.0","0.0","0.0","0.0","0.0","0.0","0.0","1.0","0.0","0.0","0.0","0.0","0.0","4.5","2.0","0.0"
"2026-08-31T14:08:33+0000","egipt|marsa-alam|2026-12-29|2027-01-05|7|Warszawa|2+1","filter_egypt_ny_dec24_2026_7_10_days","egipt","marsa-alam","2026-12-29","2027-01-05","7.0","Warszawa","2+1","120.0","2.0","2.0","10037.0","10084.0","10154.5","10272.0","10507.0","0.0","0.0","0.0","0.0","0.0","0.0","0.0","0.0","1.0","0.0","0.0","0.0","0.0","0.0","4.5","2.0","0.0"
"2026-08-31T15:54:27+0000","egipt|marsa-alam|2026-12-29|2027-01-05|7|Warszawa|2+1","filter_egypt_ny_dec24_2026_7_10_days","egipt","marsa-alam","2026-12-29","2027-01-05","7.0","Warszawa","2+1","120.0","2.0","2.0","10037.0","10084.0","10154.5","10272.0","10507.0","0.0","0.0","0.0","0.0","0.0","0.0","0.0","0.0","1.0","0.0","0.0","0.0","0.0","0.0","4.5","2.0","0.0"
"2026-08-31T20:15:42+0000","egipt|marsa-alam|2026-12-29|2027-01-05|7|Warszawa|2+1","filter_egypt_ny_dec24_2026_7_10_days","egipt","marsa-alam","2026-12-29","2027-01-05","7.0","Warszawa","2+1","120.0","3.0","3.0","10037.0","10083.0","10152.0","10267.0","10507.0","0.0","0.0","0.0","0.0","0.0","0.0","0.0","0.0","2.0","0.0","59.0","0.0","0.0","0.0","4.5","2.0","0.0"
"2026-08-31T23:59:15+0000","egipt|marsa-alam|2026-12-29|2027-01-05|7|Warszawa|2+1","filter_egypt_ny_dec24_2026_7_10_days","egipt","marsa-alam","2026-12-29","2027-01-05","7.0","Warszawa","2+1","120.0","3.0","3.0","10267.0","10285.0","10312.0","10357.0","10507.0","0.0","0.0","0.0","0.0","0.0","0.0","0.0","0.0","0.0","0.0","56.0","0.88","0.0","1.0","4.5","2.0","0.0"
"2026-09-01T05:01:32+0000","egipt|marsa-alam|2026-12-29|2027-01-05|7|Warszawa|2+1","filter_egypt_ny_dec24_2026_7_10_days","egipt","marsa-alam","2026-12-29","2027-01-05","7.0","Warszawa","2+1","119.0","3.0","3.0","10267.0","10285.0","10312.0","10357.0","10507.0","0.0","0.0","0.0","0.0","0.0","0.0","0.0","0.0","0.0","3.0","58.0","0.71","0.0","1.0","4.5","2.0","0.0"
"2026-09-01T05:23:27+0000","egipt|marsa-alam|2026-12-29|2027-01-05|7|Warszawa|2+1","filter_egypt_ny_dec24_2026_7_10_days","egipt","marsa-alam","2026-12-29","2027-01-05","7.0","Warszawa","2+1","119.0","3.0","3.0","10267.0","10285.0","10312.0","10357.0","10507.0","0.0","0.0","0.0","0.0","0.0","0.0","0.0","0.0","0.0","3.0","59.0","0.76","0.0","1.0","4.5","2.0","0.0"
"2026-09-01T11:50:39+0000","egipt|marsa-alam|2026-12-29|2027-01-05|7|Warszawa|2+1","filter_egypt_ny_dec24_2026_7_10_days","egipt","marsa-alam","2026-12-29","2027-01-05","7.0","Warszawa","2+1","119.0","2.0","2.0","10357.0","10372.0","10394.5","10432.0","10507.0","0.0","0.0","0.0","0.0","0.0","0.0","0.0","0.0","0.0","2.0","0.0","0.0","0.0","0.0","4.5","2.0","0.0"
"2026-09-01T14:11:33+0000","egipt|marsa-alam|2026-12-29|2027-01-05|7|Warszawa|2+1","filter_egypt_ny_dec24_2026_7_10_days","egipt","marsa-alam","2026-12-29","2027-01-05","7.0","Warszawa","2+1","119.0","2.0","2.0","10357.0","10372.0","10394.5","10432.0","10507.0","0.0","0.0","0.0","0.0","0.0","0.0","0.0","0.0","0.0","2.0","0.0","0.0","0.0","0.0","4.5","2.0","0.0"
"2026-09-01T16:49:47+0000","egipt|marsa-alam|2026-12-29|2027-01-05|7|Warszawa|2+1","filter_egypt_ny_dec24_2026_7_10_days","egipt","marsa-alam","2026-12-29","2027-01-05","7.0","Warszawa","2+1","119.0","3.0","3.0","10267.0","10285.0","10312.0","10357.0","10507.0","0.0","0.0","0.0","0.0","0.0","0.0","0.0","0.0","1.0","2.0","61.0","0.51","0.0","1.0","4.5","2.0","0.0"
"2026-09-01T22:43:06+0000","egipt|marsa-alam|2026-12-29|2027-01-05|7|Warszawa|2+1","filter_egypt_ny_dec24_2026_7_10_days","egipt","marsa-alam","2026-12-29","2027-01-05","7.0","Warszawa","2+1","119.0","3.0","3.0","10267.0","10285.0","10312.0","10357.0","10507.0","0.0","0.0","0.0","0.0","0.0","0.0","0.0","0.0","0.0","3.0","62.0","0.44","0.0","1.0","4.5","2.0","0.0"
"2026-09-02T01:08:53+0000","egipt|marsa-alam|2026-12-29|2027-01-05|7|Warszawa|2+1","filter_egypt_ny_dec24_2026_7_10_days","egipt","marsa-alam","2026-12-29","2027-01-05","7.0","Warszawa","2+1","118.0","3.0","3.0","10267.0","10285.0","10312.0","10357.0","10507.0","0.0","0.0","0.0","0.0","0.0","0.0","0.0","0.0","0.0","3.0","62.0","0.41","0.0","1.0","4.5","2.0","0.0"
"2026-09-02T05:21:35+0000","egipt|marsa-alam|2026-12-29|2027-01-05|7|Warszawa|2+1","filter_egypt_ny_dec24_2026_7_10_days","egipt","marsa-alam","2026-12-29","2027-01-05","7.0","Warszawa","2+1","118.0","3.0","3.0","10267.0","10285.0","10312.0","10357.0","10507.0","0.0","0.0","0.0","0.0","0.0","0.0","0.0","0.0","0.0","3.0","64.0","0.38","0.0","1.0","4.5","2.0","0.0"
"2026-09-02T05:58:37+0000","egipt|marsa-alam|2026-12-29|2027-01-05|7|Warszawa|2+1","filter_egypt_ny_dec24_2026_7_10_days","egipt","marsa-alam","2026-12-29","2027-01-05","7.0","Warszawa","2+1","118.0","3.0","3.0","10267.0","10285.0","10312.0","10357.0","10507.0","0.0","0.0","0.0","0.0","0.0","0.0","0.0","0.0","0.0","3.0","64.0","0.37","0.0","1.0","4.5","2.0","0.0"
"2026-09-02T08:41:57+0000","egipt|marsa-alam|2026-12-29|2027-01-05|7|Warszawa|2+1","filter_egypt_ny_dec24_2026_7_10_days","egipt","marsa-alam","2026-12-29","2027-01-05","7.0","Warszawa","2+1","118.0","3.0","3.0","10267.0","10285.0","10312.0","10357.0","10507.0","0.0","0.0","0.0","0.0","0.0","0.0","0.0","0.0","1.0","2.0","65.0","0.35","0.0","1.0","4.5","2.0","0.0"
"2026-09-02T11:32:16+0000","egipt|marsa-alam|2026-12-29|2027-01-05|7|Warszawa|2+1","filter_egypt_ny_dec24_2026_7_10_days","egipt","marsa-alam","2026-12-29","2027-01-05","7.0","Warszawa","2+1","118.0","3.0","3.0","10267.0","10285.0","10312.0","10357.0","10507.0","0.0","0.0","0.0","0.0","0.0","0.0","0.0","0.0","1.0","2.0","66.0","0.34","0.0","1.0","4.5","2.0","0.0"
"2026-09-02T16:22:40+0000","egipt|marsa-alam|2026-12-29|2027-01-05|7|Warszawa|2+1","filter_egypt_ny_dec24_2026_7_10_days","egipt","marsa-alam","2026-12-29","2027-01-05","7.0","Warszawa","2+1","118.0","3.0","3.0","10267.0","10285.0","10312.0","10357.0","10507.0","0.0","0.0","0.0","0.0","0.0","0.0","0.0","0.0","0.0","2.0","61.0","0.47","0.0","1.0","4.5","2.0","0.0"
"2026-09-02T16:45:09+0000","egipt|marsa-alam|2026-12-29|2027-01-05|7|Warszawa|2+1","filter_egypt_ny_dec24_2026_7_10_days","egipt","marsa-alam","2026-12-29","2027-01-05","7.0","Warszawa","2+1","118.0","3.0","3.0","10267.0","10285.0","10312.0","10357.0","10507.0","0.0","0.0","0.0","0.0","0.0","0.0","0.0","0.0","0.0","2.0","60.0","0.31","0.0","1.0","4.5","2.0","0.0"
"2026-09-02T19:56:13+0000","egipt|marsa-alam|2026-12-29|2027-01-05|7|Warszawa|2+1","filter_egypt_ny_dec24_2026_7_10_days","egipt","marsa-alam","2026-12-29","2027-01-05","7.0","Warszawa","2+1","118.0","2.0","2.0","10357.0","10372.0","10394.5","10432.0","10507.0","0.0","0.0","0.0","0.0","0.0","0.0","0.0","0.0","-1.0","2.0","0.0","0.0","0.0","0.0","4.5","2.0","0.0"
"2026-09-02T22:47:02+0000","egipt|marsa-alam|2026-12-29|2027-01-05|7|Warszawa|2+1","filter_egypt_ny_dec24_2026_7_10_days","egipt","marsa-alam","2026-12-29","2027-01-05","7.0","Warszawa","2+1","118.0","3.0","3.0","10267.0","10285.0","10312.0","10357.0","10507.0","0.0","0.0","0.0","0.0","0.0","0.0","0.0","0.0","0.0","3.0","68.0","0.28","0.0","2.0","4.5","2.0","0.0"
"2026-09-03T01:14:58+0000","egipt|marsa-alam|2026-12-29|2027-01-05|7|Warszawa|2+1","filter_egypt_ny_dec24_2026_7_10_days","egipt","marsa-alam","2026-12-29","2027-01-05","7.0","Warszawa","2+1","117.0","3.0","3.0","10267.0","10285.0","10312.0","10357.0","10507.0","0.0","0.0","0.0","0.0","0.0","0.0","0.0","0.0","0.0","3.0","68.0","0.27","0.0","2.0","4.5","2.0","0.0"
"2026-09-03T05:09:24+0000","egipt|marsa-alam|2026-12-29|2027-01-05|7|Warszawa|2+1","filter_egypt_ny_dec24_2026_7_10_days","egipt","marsa-alam","2026-12-29","2027-01-05","7.0","Warszawa","2+1","117.0","3.0","3.0","10267.0","10285.0","10312.0","10357.0","10507.0","0.0","0.0","0.0","0.0","0.0","0.0","0.0","0.0","0.0","3.0","73.0","0.26","0.0","3.0","4.5","2.0","0.0"
"2026-09-03T05:58:14+0000","egipt|marsa-alam|2026-12-29|2027-01-05|7|Warszawa|2+1","filter_egypt_ny_dec24_2026_7_10_days","egipt","marsa-alam","2026-12-29","2027-01-05","7.0","Warszawa","2+1","117.0","3.0","3.0","10267.0","10285.0","10312.0","10357.0","10507.0","0.0","0.0","0.0","0.0","0.0","0.0","0.0","0.0","0.0","3.0","73.0","0.25","0.0","3.0","4.5","2.0","0.0"
"2026-09-03T11:28:58+0000","egipt|marsa-alam|2026-12-29|2027-01-05|7|Warszawa|2+1","filter_egypt_ny_dec24_2026_7_10_days","egipt","marsa-alam","2026-12-29","2027-01-05","7.0","Warszawa","2+1","117.0","3.0","3.0","10267.0","10285.0","10312.0","10357.0","10507.0","0.0","0.0","0.0","0.0","0.0","0.0","0.0","0.0","0.0","3.0","73.0","0.24","0.0","3.0","4.5","2.0","0.0"
"2026-09-03T16:02:14+0000","egipt|marsa-alam|2026-12-29|2027-01-05|7|Warszawa|2+1","filter_egypt_ny_dec24_2026_7_10_days","egipt","marsa-alam","2026-12-29","2027-01-05","7.0","Warszawa","2+1","117.0","3.0","3.0","10267.0","10285.0","10312.0","10357.0","10507.0","0.0","0.0","0.0","0.0","0.0","0.0","0.0","0.0","0.0","2.0","73.0","0.22","0.0","3.0","4.5","2.0","0.0"
"2026-09-03T16:36:10+0000","egipt|marsa-alam|2026-12-29|2027-01-05|7|Warszawa|2+1","filter_egypt_ny_dec24_2026_7_10_days","egipt","marsa-alam","2026-12-29","2027-01-05","7.0","Warszawa","2+1","117.0","3.0","3.0","10267.0","10285.0","10312.0","10357.0","10507.0","0.0","0.0","0.0","0.0","0.0","0.0","0.0","0.0","0.0","3.0","67.0","0.22","0.0","2.0","4.5","2.0","0.0"
"2026-09-03T20:00:33+0000","egipt|marsa-alam|2026-12-29|2027-01-05|7|Warszawa|2+1","filter_egypt_ny_dec24_2026_7_10_days","egipt","marsa-alam","2026-12-29","2027-01-05","7.0","Warszawa","2+1","117.0","3.0","3.0","10267.0","10285.0","10312.0","10357.0","10507.0","0.0","0.0","0.0","0.0","0.0","0.0","0.0","0.0","1.0","2.0","73.0","0.21","0.0","3.0","4.5","2.0","0.0"
"2026-09-03T22:43:36+0000","egipt|marsa-alam|2026-12-29|2027-01-05|7|Warszawa|2+1","filter_egypt_ny_dec24_2026_7_10_days","egipt","marsa-alam","2026-12-29","2027-01-05","7.0","Warszawa","2+1","117.0","3.0","3.0","10267.0","10285.0","10312.0","10357.0","10507.0","0.0","0.0","0.0","0.0","0.0","0.0","0.0","0.0","0.0","3.0","73.0","0.21","0.0","3.0","4.5","2.0","0.0"
"2026-09-04T01:07:30+0000","egipt|marsa-alam|2026-12-29|2027-01-05|7|Warszawa|2+1","filter_egypt_ny_dec24_2026_7_10_days","egipt","marsa-alam","2026-12-29","2027-01-05","7.0","Warszawa","2+1","116.0","3.0","3.0","10267.0","10285.0","10312.0","10357.0","10507.0","0.0","0.0","0.0","0.0","0.0","0.0","0.0","0.0","0.0","3.0","73.0","0.2","0.0","3.0","4.5","2.0","0.0"
"2026-09-04T06:05:25+0000","egipt|marsa-alam|2026-12-29|2027-01-05|7|Warszawa|2+1","filter_egypt_ny_dec24_2026_7_10_days","egipt","marsa-alam","2026-12-29","2027-01-05","7.0","Warszawa","2+1","116.0","3.0","3.0","10267.0","10285.0","10312.0","10357.0","10507.0","0.0","0.0","0.0","0.0","0.0","0.0","0.0","0.0","0.0","3.0","73.0","0.19","0.0","3.0","4.5","2.0","0.0"
"2026-09-04T11:31:53+0000","egipt|marsa-alam|2026-12-29|2027-01-05|7|Warszawa|2+1","filter_egypt_ny_dec24_2026_7_10_days","egipt","marsa-alam","2026-12-29","2027-01-05","7.0","Warszawa","2+1","116.0","3.0","3.0","10267.0","10285.0","10312.0","10357.0","10507.0","0.0","0.0","0.0","0.0","0.0","0.0","0.0","0.0","0.0","3.0","73.0","0.18","0.0","3.0","4.5","2.0","0.0"
"2026-09-04T16:32:28+0000","egipt|marsa-alam|2026-12-29|2027-01-05|7|Warszawa|2+1","filter_egypt_ny_dec24_2026_7_10_days","egipt","marsa-alam","2026-12-29","2027-01-05","7.0","Warszawa","2+1","116.0","3.0","3.0","10267.0","10285.0","10312.0","10357.0","10507.0","0.0","0.0","0.0","0.0","0.0","0.0","0.0","0.0","0.0","2.0","73.0","0.17","0.0","3.0","4.5","2.0","0.0"
"2026-09-04T19:45:05+0000","egipt|marsa-alam|2026-12-29|2027-01-05|7|Warszawa|2+1","filter_egypt_ny_dec24_2026_7_10_days","egipt","marsa-alam","2026-12-29","2027-01-05","7.0","Warszawa","2+1","116.0","3.0","3.0","10267.0","10285.0","10312.0","10357.0","10507.0","0.0","0.0","0.0","0.0","0.0","0.0","0.0","0.0","0.0","3.0","73.0","0.17","0.0","3.0","4.5","2.0","0.0"
"2026-09-04T22:29:05+0000","egipt|marsa-alam|2026-12-29|2027-01-05|7|Warszawa|2+1","filter_egypt_ny_dec24_2026_7_10_days","egipt","marsa-alam","2026-12-29","2027-01-05","7.0","Warszawa","2+1","116.0","3.0","3.0","10267.0","10285.0","10312.0","10357.0","10507.0","0.0","0.0","0.0","0.0","0.0","0.0","0.0","0.0","0.0","3.0","73.0","0.16","0.0","3.0","4.5","2.0","0.0"
"2026-09-05T01:07:48+0000","egipt|marsa-alam|2026-12-29|2027-01-05|7|Warszawa|2+1","filter_egypt_ny_dec24_2026_7_10_days","egipt","marsa-alam","2026-12-29","2027-01-05","7.0","Warszawa","2+1","115.0","3.0","3.0","10267.0","10285.0","10312.0","10357.0","10507.0","0.0","0.0","0.0","0.0","0.0","0.0","0.0","0.0","0.0","3.0","73.0","0.16","0.0","3.0","4.5","2.0","0.0"
"2026-09-05T05:54:45+0000","egipt|marsa-alam|2026-12-29|2027-01-05|7|Warszawa|2+1","filter_egypt_ny_dec24_2026_7_10_days","egipt","marsa-alam","2026-12-29","2027-01-05","7.0","Warszawa","2+1","115.0","3.0","3.0","10267.0","10285.0","10312.0","10357.0","10507.0","0.0","0.0","0.0","0.0","0.0","0.0","0.0","0.0","0.0","3.0","73.0","0.15","0.0","3.0","4.5","2.0","0.0"
"2026-09-05T10:48:59+0000","egipt|marsa-alam|2026-12-29|2027-01-05|7|Warszawa|2+1","filter_egypt_ny_dec24_2026_7_10_days","egipt","marsa-alam","2026-12-29","2027-01-05","7.0","Warszawa","2+1","115.0","3.0","3.0","10267.0","10285.0","10312.0","10357.0","10507.0","0.0","0.0","0.0","0.0","0.0","0.0","0.0","0.0","0.0","3.0","74.0","0.15","0.0","3.0","4.5","2.0","0.0"
"2026-09-05T13:58:31+0000","egipt|marsa-alam|2026-12-29|2027-01-05|7|Warszawa|2+1","filter_egypt_ny_dec24_2026_7_10_days","egipt","marsa-alam","2026-12-29","2027-01-05","7.0","Warszawa","2+1","115.0","3.0","3.0","10267.0","10285.0","10312.0","10357.0","10507.0","0.0","0.0","0.0","0.0","0.0","0.0","0.0","0.0","0.0","3.0","74.0","0.14","0.0","3.0","4.5","2.0","0.0"
"2026-09-05T16:56:15+0000","egipt|marsa-alam|2026-12-29|2027-01-05|7|Warszawa|2+1","filter_egypt_ny_dec24_2026_7_10_days","egipt","marsa-alam","2026-12-29","2027-01-05","7.0","Warszawa","2+1","115.0","3.0","3.0","10267.0","10285.0","10312.0","10357.0","10507.0","0.0","0.0","0.0","0.0","0.0","0.0","0.0","0.0","0.0","1.0","66.0","0.0","0.0","1.0","4.5","2.0","0.0"
"2026-09-05T19:10:18+0000","egipt|marsa-alam|2026-12-29|2027-01-05|7|Warszawa|2+1","filter_egypt_ny_dec24_2026_7_10_days","egipt","marsa-alam","2026-12-29","2027-01-05","7.0","Warszawa","2+1","115.0","3.0","3.0","10267.0","10285.0","10312.0","10357.0","10507.0","0.0","0.0","0.0","0.0","0.0","0.0","0.0","0.0","0.0","1.0","63.0","0.0","0.0","1.0","4.5","2.0","0.0"
"2026-09-05T21:24:19+0000","egipt|marsa-alam|2026-12-29|2027-01-05|7|Warszawa|2+1","filter_egypt_ny_dec24_2026_7_10_days","egipt","marsa-alam","2026-12-29","2027-01-05","7.0","Warszawa","2+1","115.0","3.0","3.0","10267.0","10285.0","10312.0","10357.0","10507.0","0.0","0.0","0.0","0.0","0.0","0.0","0.0","0.0","0.0","3.0","74.0","0.14","0.0","3.0","4.5","2.0","0.0"
"2026-09-06T04:52:47+0000","egipt|marsa-alam|2026-12-29|2027-01-05|7|Warszawa|2+1","filter_egypt_ny_dec24_2026_7_10_days","egipt","marsa-alam","2026-12-29","2027-01-05","7.0","Warszawa","2+1","114.0","3.0","3.0","10267.0","10285.0","10312.0","10357.0","10507.0","0.0","0.0","0.0","0.0","0.0","0.0","0.0","0.0","0.0","3.0","74.0","0.13","0.0","3.0","4.5","2.0","0.0"
"2026-09-06T09:34:56+0000","egipt|marsa-alam|2026-12-29|2027-01-05|7|Warszawa|2+1","filter_egypt_ny_dec24_2026_7_10_days","egipt","marsa-alam","2026-12-29","2027-01-05","7.0","Warszawa","2+1","114.0","3.0","3.0","10267.0","10285.0","10312.0","10357.0","10507.0","0.0","0.0","0.0","0.0","0.0","0.0","0.0","0.0","0.0","3.0","74.0","0.13","0.0","3.0","4.5","2.0","0.0"
"2026-09-06T11:03:59+0000","egipt|marsa-alam|2026-12-29|2027-01-05|7|Warszawa|2+1","filter_egypt_ny_dec24_2026_7_10_days","egipt","marsa-alam","2026-12-29","2027-01-05","7.0","Warszawa","2+1","114.0","3.0","3.0","10261.0","10280.2","10309.0","10357.0","10507.0","0.0","0.0","0.0","0.0","0.0","0.0","0.0","0.0","0.0","3.0","74.0","0.1","0.0","3.0","4.5","2.0","0.0"
"2026-09-06T13:47:50+0000","egipt|marsa-alam|2026-12-29|2027-01-05|7|Warszawa|2+1","filter_egypt_ny_dec24_2026_7_10_days","egipt","marsa-alam","2026-12-29","2027-01-05","7.0","Warszawa","2+1","114.0","3.0","3.0","10261.0","10280.2","10309.0","10357.0","10507.0","0.0","0.0","0.0","0.0","0.0","0.0","0.0","0.0","0.0","3.0","73.0","0.1","0.0","3.0","4.5","2.0","0.0"
"2026-09-06T17:12:16+0000","egipt|marsa-alam|2026-12-29|2027-01-05|7|Warszawa|2+1","filter_egypt_ny_dec24_2026_7_10_days","egipt","marsa-alam","2026-12-29","2027-01-05","7.0","Warszawa","2+1","114.0","3.0","3.0","10261.0","10280.2","10309.0","10357.0","10507.0","0.0","0.0","0.0","0.0","0.0","0.0","0.0","0.0","0.0","1.0","73.0","0.1","0.0","3.0","4.5","2.0","0.0"
"2026-09-06T19:21:58+0000","egipt|marsa-alam|2026-12-29|2027-01-05|7|Warszawa|2+1","filter_egypt_ny_dec24_2026_7_10_days","egipt","marsa-alam","2026-12-29","2027-01-05","7.0","Warszawa","2+1","114.0","3.0","3.0","10261.0","10280.2","10309.0","10357.0","10507.0","0.0","0.0","0.0","0.0","0.0","0.0","0.0","0.0","0.0","1.0","73.0","0.1","0.0","3.0","4.5","2.0","0.0"
"2026-09-06T21:33:18+0000","egipt|marsa-alam|2026-12-29|2027-01-05|7|Warszawa|2+1","filter_egypt_ny_dec24_2026_7_10_days","egipt","marsa-alam","2026-12-29","2027-01-05","7.0","Warszawa","2+1","114.0","3.0","3.0","10267.0","10285.0","10312.0","10357.0","10507.0","0.0","0.0","0.0","0.0","0.0","0.0","0.0","0.0","0.0","3.0","70.0","0.12","0.0","2.0","4.5","2.0","0.0"
"2026-09-07T00:04:35+0000","egipt|marsa-alam|2026-12-29|2027-01-05|7|Warszawa|2+1","filter_egypt_ny_dec24_2026_7_10_days","egipt","marsa-alam","2026-12-29","2027-01-05","7.0","Warszawa","2+1","113.0","2.0","2.0","10267.0","10291.0","10327.0","10387.0","10507.0","0.0","0.0","0.0","0.0","0.0","0.0","0.0","0.0","-1.0","0.0","0.0","0.0","0.0","0.0","4.7","1.0","0.0"
"2026-09-07T04:56:43+0000","egipt|marsa-alam|2026-12-29|2027-01-05|7|Warszawa|2+1","filter_egypt_ny_dec24_2026_7_10_days","egipt","marsa-alam","2026-12-29","2027-01-05","7.0","Warszawa","2+1","113.0","2.0","2.0","10267.0","10291.0","10327.0","10387.0","10507.0","0.0","0.0","0.0","0.0","0.0","0.0","0.0","0.0","-1.0","0.0","0.0","0.0","0.0","0.0","4.7","1.0","0.0"
"2026-09-07T06:30:12+0000","egipt|marsa-alam|2026-12-29|2027-01-05|7|Warszawa|2+1","filter_egypt_ny_dec24_2026_7_10_days","egipt","marsa-alam","2026-12-29","2027-01-05","7.0","Warszawa","2+1","113.0","1.0","1.0","10507.0","10507.0","10507.0","10507.0","10507.0","0.0","0.0","0.0","0.0","0.0","0.0","0.0","0.0","-2.0","0.0","0.0","0.0","0.0","0.0","4.7","1.0","0.0"
"2026-08-28T19:50:00+0000","egipt|marsa-alam|2026-12-30|2027-01-06|7|Warszawa - Modlin|2+1","filter_egypt_ny_dec24_2026_7_10_days","egipt","marsa-alam","2026-12-30","2027-01-06","7.0","Warszawa - Modlin","2+1","124.0","11.0","11.0","9265.0","9356.0","9384.5","9929.0","10866.0","6.0","0.0","0.0","0.0","0.0","0.0","0.0","0.0","0.0","0.0","64.0","-3.88","0.0","1.0","4.5","11.0","0.0"
"2026-08-28T19:50:00+0000","egipt|marsa-alam|2026-12-30|2027-01-06|7|Warszawa - Modlin|2+1","filter_egypt_ny_dec24_2026_7_10_days","egipt","marsa-alam","2026-12-30","2027-01-06","7.0","Warszawa - Modlin","2+1","124.0","11.0","11.0","9265.0","9356.0","9384.5","9929.0","10866.0","6.0","0.0","0.0","0.0","0.0","0.0","0.0","0.0","0.0","0.0","64.0","-3.88","0.0","1.0","4.5","11.0","0.0"
"2026-08-29T02:39:15+0000","egipt|marsa-alam|2026-12-30|2027-01-06|7|Warszawa - Modlin|2+1","filter_egypt_ny_dec24_2026_7_10_days","egipt","marsa-alam","2026-12-30","2027-01-06","7.0","Warszawa - Modlin","2+1","123.0","10.0","10.0","9265.0","9346.9","9381.75","9984.0","10866.0","5.0","0.0","0.0","0.0","0.0","0.0","0.0","0.0","0.0","0.0","60.0","-1.53","1.0","0.0","4.5","10.0","0.0"
"2026-08-29T02:39:15+0000","egipt|marsa-alam|2026-12-30|2027-01-06|7|Warszawa - Modlin|2+1","filter_egypt_ny_dec24_2026_7_10_days","egipt","marsa-alam","2026-12-30","2027-01-06","7.0","Warszawa - Modlin","2+1","123.0","10.0","10.0","9265.0","9346.9","9381.75","9984.0","10866.0","5.0","0.0","0.0","0.0","0.0","0.0","0.0","0.0","0.0","0.0","60.0","-1.53","1.0","0.0","4.5","10.0","0.0"
"2026-08-29T06:51:20+0000","egipt|marsa-alam|2026-12-30|2027-01-06|7|Warszawa - Modlin|2+1","filter_egypt_ny_dec24_2026_7_10_days","egipt","marsa-alam","2026-12-30","2027-01-06","7.0","Warszawa - Modlin","2+1","123.0","12.0","12.0","9031.0","9319.0","9418.0","9900.0","10918.0","7.0","0.0","0.0","0.0","0.0","0.0","0.0","0.0","0.0","0.0","56.0","-1.61","0.0","0.0","4.6","12.0","0.0"
"2026-08-29T06:51:20+0000","egipt|marsa-alam|2026-12-30|2027-01-06|7|Warszawa - Modlin|2+1","filter_egypt_ny_dec24_2026_7_10_days","egipt","marsa-alam","2026-12-30","2027-01-06","7.0","Warszawa - Modlin","2+1","123.0","12.0","12.0","9031.0","9319.0","9418.0","9900.0","10918.0","7.0","0.0","0.0","0.0","0.0","0.0","0.0","0.0","0.0","0.0","56.0","-1.61","0.0","0.0","4.6","12.0","0.0"
"2026-08-29T09:12:03+0000","egipt|marsa-alam|2026-12-30|2027-01-06|7|Warszawa - Modlin|2+1","filter_egypt_ny_dec24_2026_7_10_days","egipt","marsa-alam","2026-12-30","2027-01-06","7.0","Warszawa - Modlin","2+1","123.0","11.0","11.0","9031.0","9310.0","9412.0","9824.0","10918.0","7.0","0.0","9265.0","9333.33","9929.0","-2.53","-0.93","-1.06","0.0","11.0","56.0","-1.49","0.0","0.0","4.5","11.0","0.0"
"2026-08-29T09:30:53+0000","egipt|marsa-alam|2026-12-30|2027-01-06|7|Warszawa - Modlin|2+1","filter_egypt_ny_dec24_2026_7_10_days","egipt","marsa-alam","2026-12-30","2027-01-06","7.0","Warszawa - Modlin","2+1","123.0","10.0","10.0","9031.0","9282.1","9406.0","9705.0","10918.0","6.0","0.0","9265.0","9333.33","9984.0","-2.53","-0.93","-2.79","-1.0","10.0","57.0","-1.54","0.0","1.0","4.5","10.0","0.0"
"2026-08-29T12:09:36+0000","egipt|marsa-alam|2026-12-30|2027-01-06|7|Warszawa - Modlin|2+1","filter_egypt_ny_dec24_2026_7_10_days","egipt","marsa-alam","2026-12-30","2027-01-06","7.0","Warszawa - Modlin","2+1","123.0","10.0","10.0","9031.0","9282.1","9406.0","9705.0","10918.0","6.0","0.0","9265.0","9333.33","9984.0","-2.53","-0.93","-2.79","-1.0","10.0","60.0","-1.39","0.0","1.0","4.5","10.0","0.0"
"2026-08-29T14:39:09+0000","egipt|marsa-alam|2026-12-30|2027-01-06|7|Warszawa - Modlin|2+1","filter_egypt_ny_dec24_2026_7_10_days","egipt","marsa-alam","2026-12-30","2027-01-06","7.0","Warszawa - Modlin","2+1","123.0","10.0","10.0","9031.0","9282.1","9406.0","9705.0","10918.0","6.0","0.0","9265.0","9333.33","9984.0","-2.53","-0.93","-2.79","-1.0","10.0","60.0","-1.24","0.0","1.0","4.5","10.0","0.0"
"2026-08-29T18:41:43+0000","egipt|marsa-alam|2026-12-30|2027-01-06|7|Warszawa - Modlin|2+1","filter_egypt_ny_dec24_2026_7_10_days","egipt","marsa-alam","2026-12-30","2027-01-06","7.0","Warszawa - Modlin","2+1","123.0","10.0","10.0","9310.0","9341.5","9406.0","9705.0","10918.0","6.0","0.0","9265.0","9333.33","9984.0","0.49","0.2","-2.79","-1.0","10.0","58.0","-0.53","0.0","1.0","4.5","10.0","0.0"
"2026-08-29T21:52:29+0000","egipt|marsa-alam|2026-12-30|2027-01-06|7|Warszawa - Modlin|2+1","filter_egypt_ny_dec24_2026_7_10_days","egipt","marsa-alam","2026-12-30","2027-01-06","7.0","Warszawa - Modlin","2+1","123.0","10.0","10.0","9310.0","9341.5","9406.0","9705.0","10918.0","6.0","0.0","9265.0","9333.33","9984.0","0.49","0.2","-2.79","-1.0","10.0","59.0","-0.49","0.0","1.0","4.5","10.0","0.0"
"2026-08-30T00:29:41+0000","egipt|marsa-alam|2026-12-30|2027-01-06|7|Warszawa - Modlin|2+1","filter_egypt_ny_dec24_2026_7_10_days","egipt","marsa-alam","2026-12-30","2027-01-06","7.0","Warszawa - Modlin","2+1","122.0","10.0","10.0","9310.0","9341.5","9406.0","9705.0","10918.0","6.0","0.0","9265.0","9333.33","9984.0","0.49","0.2","-2.79","0.0","10.0","59.0","-0.47","0.0","1.0","4.5","10.0","0.0"
"2026-08-30T06:46:13+0000","egipt|marsa-alam|2026-12-30|2027-01-06|7|Warszawa - Modlin|2+1","filter_egypt_ny_dec24_2026_7_10_days","egipt","marsa-alam","2026-12-30","2027-01-06","7.0","Warszawa - Modlin","2+1","122.0","10.0","10.0","9310.0","9341.5","9406.0","9705.0","10918.0","6.0","0.0","9031.0","9247.0","9705.0","3.09","1.13","0.0","-2.0","10.0","59.0","-0.45","0.0","1.0","4.5","10.0","0.0"
"2026-08-30T06:59:08+0000","egipt|marsa-alam|2026-12-30|2027-01-06|7|Warszawa - Modlin|2+1","filter_egypt_ny_dec24_2026_7_10_days","egipt","marsa-alam","2026-12-30","2027-01-06","7.0","Warszawa - Modlin","2+1","122.0","10.0","10.0","9310.0","9341.5","9406.0","9705.0","10918.0","6.0","0.0","9031.0","9247.0","9705.0","3.09","1.13","0.0","-2.0","10.0","59.0","-0.45","0.0","1.0","4.5","10.0","0.0"
"2026-08-30T11:49:50+0000","egipt|marsa-alam|2026-12-30|2027-01-06|7|Warszawa - Modlin|2+1","filter_egypt_ny_dec24_2026_7_10_days","egipt","marsa-alam","2026-12-30","2027-01-06","7.0","Warszawa - Modlin","2+1","122.0","8.0","8.0","9310.0","9334.5","9386.25","9705.0","10918.0","5.0","0.0","9031.0","9247.0","9705.0","3.09","1.13","0.0","-2.0","8.0","59.0","0.18","0.0","1.0","4.5","8.0","0.0"
"2026-08-30T13:02:40+0000","egipt|marsa-alam|2026-12-30|2027-01-06|7|Warszawa - Modlin|2+1","filter_egypt_ny_dec24_2026_7_10_days","egipt","marsa-alam","2026-12-30","2027-01-06","7.0","Warszawa - Modlin","2+1","122.0","10.0","10.0","9310.0","9341.5","9408.5","10177.5","10918.0","5.0","0.0","9031.0","9247.0","9705.0","3.09","1.13","0.0","0.0","8.0","58.0","0.97","0.0","1.0","4.5","10.0","0.0"
"2026-08-30T15:01:50+0000","egipt|marsa-alam|2026-12-30|2027-01-06|7|Warszawa - Modlin|2+1","filter_egypt_ny_dec24_2026_7_10_days","egipt","marsa-alam","2026-12-30","2027-01-06","7.0","Warszawa - Modlin","2+1","122.0","7.0","7.0","9310.0","9331.0","9372.5","9434.0","10624.0","5.0","0.0","0.0","0.0","0.0","0.0","0.0","0.0","-3.0","7.0","65.0","0.19","0.0","5.0","4.5","7.0","0.0"
"2026-08-30T17:39:15+0000","egipt|marsa-alam|2026-12-30|2027-01-06|7|Warszawa - Modlin|2+1","filter_egypt_ny_dec24_2026_7_10_days","egipt","marsa-alam","2026-12-30","2027-01-06","7.0","Warszawa - Modlin","2+1","122.0","7.0","7.0","9310.0","9331.0","9372.5","9448.0","10624.0","5.0","0.0","0.0","0.0","0.0","0.0","0.0","0.0","-3.0","7.0","65.0","0.2","0.0","5.0","4.5","7.0","0.0"
"2026-08-30T23:39:58+0000","egipt|marsa-alam|2026-12-30|2027-01-06|7|Warszawa - Modlin|2+1","filter_egypt_ny_dec24_2026_7_10_days","egipt","marsa-alam","2026-12-30","2027-01-06","7.0","Warszawa - Modlin","2+1","122.0","6.0","6.0","9310.0","9327.5","9358.75","9424.0","10624.0","4.0","0.0","0.0","0.0","0.0","0.0","0.0","0.0","-4.0","4.0","66.0","-0.17","0.0","3.0","4.5","6.0","0.0"
"2026-08-31T05:42:39+0000","egipt|marsa-alam|2026-12-30|2027-01-06|7|Warszawa - Modlin|2+1","filter_egypt_ny_dec24_2026_7_10_days","egipt","marsa-alam","2026-12-30","2027-01-06","7.0","Warszawa - Modlin","2+1","121.0","6.0","6.0","9310.0","9327.5","9358.75","9424.0","10624.0","4.0","0.0","0.0","0.0","0.0","0.0","0.0","0.0","-4.0","0.0","0.0","0.0","0.0","0.0","4.5","6.0","0.0"
"2026-08-31T06:00:23+0000","egipt|marsa-alam|2026-12-30|2027-01-06|7|Warszawa - Modlin|2+1","filter_egypt_ny_dec24_2026_7_10_days","egipt","marsa-alam","2026-12-30","2027-01-06","7.0","Warszawa - Modlin","2+1","121.0","6.0","6.0","9310.0","9327.5","9358.75","9424.0","10624.0","4.0","0.0","0.0","0.0","0.0","0.0","0.0","0.0","-4.0","0.0","0.0","0.0","0.0","0.0","4.5","6.0","0.0"
"2026-08-31T07:49:17+0000","egipt|marsa-alam|2026-12-30|2027-01-06|7|Warszawa - Modlin|2+1","filter_egypt_ny_dec24_2026_7_10_days","egipt","marsa-alam","2026-12-30","2027-01-06","7.0","Warszawa - Modlin","2+1","121.0","6.0","6.0","9310.0","9327.5","9358.75","9424.0","10624.0","4.0","0.0","0.0","0.0","0.0","0.0","0.0","0.0","-4.0","0.0","58.0","0.0","0.0","0.0","4.5","6.0","0.0"
"2026-08-31T13:12:09+0000","egipt|marsa-alam|2026-12-30|2027-01-06|7|Warszawa - Modlin|2+1","filter_egypt_ny_dec24_2026_7_10_days","egipt","marsa-alam","2026-12-30","2027-01-06","7.0","Warszawa - Modlin","2+1","121.0","8.0","8.0","9310.0","9334.5","9386.25","9712.0","10624.0","5.0","0.0","0.0","0.0","0.0","0.0","0.0","0.0","-2.0","0.0","57.0","0.49","0.0","0.0","4.5","8.0","0.0"
"2026-08-31T14:08:33+0000","egipt|marsa-alam|2026-12-30|2027-01-06|7|Warszawa - Modlin|2+1","filter_egypt_ny_dec24_2026_7_10_days","egipt","marsa-alam","2026-12-30","2027-01-06","7.0","Warszawa - Modlin","2+1","121.0","8.0","8.0","9310.0","9334.5","9386.25","9712.0","10624.0","5.0","0.0","0.0","0.0","0.0","0.0","0.0","0.0","1.0","0.0","59.0","0.54","0.0","0.0","4.5","8.0","0.0"
"2026-08-31T15:54:27+0000","egipt|marsa-alam|2026-12-30|2027-01-06|7|Warszawa - Modlin|2+1","filter_egypt_ny_dec24_2026_7_10_days","egipt","marsa-alam","2026-12-30","2027-01-06","7.0","Warszawa - Modlin","2+1","121.0","9.0","9.0","9310.0","9338.0","9400.0","9976.0","10867.0","5.0","0.0","0.0","0.0","0.0","0.0","0.0","0.0","2.0","0.0","59.0","0.79","0.0","0.0","4.5","9.0","0.0"
"2026-08-31T20:15:42+0000","egipt|marsa-alam|2026-12-30|2027-01-06|7|Warszawa - Modlin|2+1","filter_egypt_ny_dec24_2026_7_10_days","egipt","marsa-alam","2026-12-30","2027-01-06","7.0","Warszawa - Modlin","2+1","121.0","7.0","7.0","9310.0","9331.0","9372.5","9448.0","10604.0","5.0","0.0","0.0","0.0","0.0","0.0","0.0","0.0","0.0","0.0","61.0","0.38","0.0","0.0","4.5","7.0","0.0"
"2026-08-31T23:59:15+0000","egipt|marsa-alam|2026-12-30|2027-01-06|7|Warszawa - Modlin|2+1","filter_egypt_ny_dec24_2026_7_10_days","egipt","marsa-alam","2026-12-30","2027-01-06","7.0","Warszawa - Modlin","2+1","121.0","5.0","5.0","9310.0","9346.0","9400.0","9448.0","10604.0","3.0","0.0","0.0","0.0","0.0","0.0","0.0","0.0","-1.0","0.0","62.0","0.43","0.0","0.0","4.5","5.0","0.0"
"2026-09-01T05:01:32+0000","egipt|marsa-alam|2026-12-30|2027-01-06|7|Warszawa - Modlin|2+1","filter_egypt_ny_dec24_2026_7_10_days","egipt","marsa-alam","2026-12-30","2027-01-06","7.0","Warszawa - Modlin","2+1","120.0","8.0","8.0","9310.0","9373.0","9436.0","10109.5","10941.0","4.0","0.0","0.0","0.0","0.0","0.0","0.0","0.0","2.0","4.0","64.0","-0.19","0.0","3.0","4.6","8.0","0.0"
"2026-09-01T05:23:27+0000","egipt|marsa-alam|2026-12-30|2027-01-06|7|Warszawa - Modlin|2+1","filter_egypt_ny_dec24_2026_7_10_days","egipt","marsa-alam","2026-12-30","2027-01-06","7.0","Warszawa - Modlin","2+1","120.0","8.0","8.0","9310.0","9373.0","9436.0","10109.5","10941.0","4.0","0.0","0.0","0.0","0.0","0.0","0.0","0.0","2.0","4.0","62.0","-0.14","0.0","4.0","4.6","8.0","0.0"
"2026-09-01T11:50:39+0000","egipt|marsa-alam|2026-12-30|2027-01-06|7|Warszawa - Modlin|2+1","filter_egypt_ny_dec24_2026_7_10_days","egipt","marsa-alam","2026-12-30","2027-01-06","7.0","Warszawa - Modlin","2+1","120.0","12.0","12.0","8628.0","8915.1","9026.25","9504.5","10988.0","9.0","0.0","9310.0","9351.67","9712.0","-7.33","-5.43","-6.91","4.0","8.0","67.0","-4.18","0.0","7.0","4.6","12.0","0.0"
"2026-09-01T14:11:33+0000","egipt|marsa-alam|2026-12-30|2027-01-06|7|Warszawa - Modlin|2+1","filter_egypt_ny_dec24_2026_7_10_days","egipt","marsa-alam","2026-12-30","2027-01-06","7.0","Warszawa - Modlin","2+1","120.0","11.0","11.0","8628.0","8906.0","9016.5","9572.0","10988.0","8.0","0.0","9310.0","9351.67","9712.0","-7.33","-5.43","-6.91","3.0","8.0","68.0","-4.33","0.0","7.0","4.5","11.0","0.0"
"2026-09-01T16:49:47+0000","egipt|marsa-alam|2026-12-30|2027-01-06|7|Warszawa - Modlin|2+1","filter_egypt_ny_dec24_2026_7_10_days","egipt","marsa-alam","2026-12-30","2027-01-06","7.0","Warszawa - Modlin","2+1","120.0","10.0","10.0","8906.0","8987.9","9038.25","9635.5","10988.0","7.0","0.0","0.0","0.0","0.0","0.0","0.0","0.0","1.0","6.0","68.0","-3.47","0.0","6.0","4.6","10.0","0.0"
"2026-09-01T22:43:06+0000","egipt|marsa-alam|2026-12-30|2027-01-06|7|Warszawa - Modlin|2+1","filter_egypt_ny_dec24_2026_7_10_days","egipt","marsa-alam","2026-12-30","2027-01-06","7.0","Warszawa - Modlin","2+1","120.0","6.0","6.0","8906.0","8951.5","9009.0","9308.5","10443.0","5.0","0.0","0.0","0.0","0.0","0.0","0.0","0.0","1.0","4.0","70.0","-2.44","0.0","5.0","4.5","6.0","0.0"
"2026-09-02T01:08:53+0000","egipt|marsa-alam|2026-12-30|2027-01-06|7|Warszawa - Modlin|2+1","filter_egypt_ny_dec24_2026_7_10_days","egipt","marsa-alam","2026-12-30","2027-01-06","7.0","Warszawa - Modlin","2+1","119.0","6.0","6.0","8906.0","8951.5","9009.0","9308.5","10443.0","5.0","0.0","0.0","0.0","0.0","0.0","0.0","0.0","1.0","4.0","71.0","-2.31","0.0","5.0","4.5","6.0","0.0"
"2026-09-02T05:21:35+0000","egipt|marsa-alam|2026-12-30|2027-01-06|7|Warszawa - Modlin|2+1","filter_egypt_ny_dec24_2026_7_10_days","egipt","marsa-alam","2026-12-30","2027-01-06","7.0","Warszawa - Modlin","2+1","119.0","5.0","5.0","8997.0","9016.2","9045.0","9572.0","10443.0","4.0","0.0","0.0","0.0","0.0","0.0","0.0","0.0","-3.0","4.0","72.0","-2.02","0.0","4.0","4.5","5.0","0.0"
"2026-09-02T05:58:37+0000","egipt|marsa-alam|2026-12-30|2027-01-06|7|Warszawa - Modlin|2+1","filter_egypt_ny_dec24_2026_7_10_days","egipt","marsa-alam","2026-12-30","2027-01-06","7.0","Warszawa - Modlin","2+1","119.0","5.0","5.0","8997.0","9016.2","9045.0","9572.0","10443.0","4.0","0.0","0.0","0.0","0.0","0.0","0.0","0.0","-3.0","4.0","73.0","-2.0","0.0","4.0","4.5","5.0","0.0"
"2026-09-02T08:41:57+0000","egipt|marsa-alam|2026-12-30|2027-01-06|7|Warszawa - Modlin|2+1","filter_egypt_ny_dec24_2026_7_10_days","egipt","marsa-alam","2026-12-30","2027-01-06","7.0","Warszawa - Modlin","2+1","119.0","5.0","5.0","8997.0","9016.2","9045.0","9572.0","10443.0","4.0","0.0","0.0","0.0","0.0","0.0","0.0","0.0","-7.0","5.0","74.0","-1.91","0.0","4.0","4.5","5.0","0.0"
"2026-09-02T11:32:16+0000","egipt|marsa-alam|2026-12-30|2027-01-06|7|Warszawa - Modlin|2+1","filter_egypt_ny_dec24_2026_7_10_days","egipt","marsa-alam","2026-12-30","2027-01-06","7.0","Warszawa - Modlin","2+1","119.0","3.0","3.0","9045.0","9150.4","9308.5","9572.0","9976.0","3.0","0.0","0.0","0.0","0.0","0.0","0.0","0.0","-9.0","3.0","79.0","-2.49","1.0","2.0","4.5","3.0","0.0"
"2026-09-02T16:22:40+0000","egipt|marsa-alam|2026-12-30|2027-01-06|7|Warszawa - Modlin|2+1","filter_egypt_ny_dec24_2026_7_10_days","egipt","marsa-alam","2026-12-30","2027-01-06","7.0","Warszawa - Modlin","2+1","119.0","3.0","3.0","9045.0","9150.4","9308.5","9572.0","9976.0","3.0","0.0","0.0","0.0","0.0","0.0","0.0","0.0","-7.0","3.0","80.0","-2.29","2.0","1.0","4.5","3.0","0.0"
"2026-09-02T16:45:09+0000","egipt|marsa-alam|2026-12-30|2027-01-06|7|Warszawa - Modlin|2+1","filter_egypt_ny_dec24_2026_7_10_days","egipt","marsa-alam","2026-12-30","2027-01-06","7.0","Warszawa - Modlin","2+1","119.0","3.0","3.0","9045.0","9150.4","9308.5","9572.0","9976.0","3.0","0.0","0.0","0.0","0.0","0.0","0.0","0.0","-7.0","3.0","80.0","-2.28","2.0","1.0","4.5","3.0","0.0"
"2026-09-02T19:56:13+0000","egipt|marsa-alam|2026-12-30|2027-01-06|7|Warszawa - Modlin|2+1","filter_egypt_ny_dec24_2026_7_10_days","egipt","marsa-alam","2026-12-30","2027-01-06","7.0","Warszawa - Modlin","2+1","119.0","3.0","3.0","9045.0","9150.4","9308.5","9572.0","9976.0","3.0","0.0","0.0","0.0","0.0","0.0","0.0","0.0","-3.0","3.0","80.0","-2.17","2.0","1.0","4.5","3.0","0.0"
"2026-09-02T22:47:02+0000","egipt|marsa-alam|2026-12-30|2027-01-06|7|Warszawa - Modlin|2+1","filter_egypt_ny_dec24_2026_7_10_days","egipt","marsa-alam","2026-12-30","2027-01-06","7.0","Warszawa - Modlin","2+1","119.0","3.0","3.0","9045.0","9150.4","9308.5","9572.0","9976.0","3.0","0.0","0.0","0.0","0.0","0.0","0.0","0.0","-3.0","3.0","80.0","-2.08","2.0","1.0","4.5","3.0","0.0"
"2026-09-03T01:14:58+0000","egipt|marsa-alam|2026-12-30|2027-01-06|7|Warszawa - Modlin|2+1","filter_egypt_ny_dec24_2026_7_10_days","egipt","marsa-alam","2026-12-30","2027-01-06","7.0","Warszawa - Modlin","2+1","118.0","3.0","3.0","9045.0","9150.4","9308.5","9572.0","9976.0","3.0","0.0","0.0","0.0","0.0","0.0","0.0","0.0","-3.0","3.0","80.0","-2.01","2.0","1.0","4.5","3.0","0.0"
"2026-09-03T05:09:24+0000","egipt|marsa-alam|2026-12-30|2027-01-06|7|Warszawa - Modlin|2+1","filter_egypt_ny_dec24_2026_7_10_days","egipt","marsa-alam","2026-12-30","2027-01-06","7.0","Warszawa - Modlin","2+1","118.0","7.0","7.0","8919.0","8974.2","9028.0","9589.0","10835.0","6.0","0.0","0.0","0.0","0.0","0.0","0.0","0.0","2.0","4.0","68.0","-2.84","1.0","3.0","4.5","7.0","0.0"
"2026-09-03T05:58:14+0000","egipt|marsa-alam|2026-12-30|2027-01-06|7|Warszawa - Modlin|2+1","filter_egypt_ny_dec24_2026_7_10_days","egipt","marsa-alam","2026-12-30","2027-01-06","7.0","Warszawa - Modlin","2+1","118.0","7.0","7.0","8919.0","8974.2","9028.0","9589.0","10835.0","6.0","0.0","0.0","0.0","0.0","0.0","0.0","0.0","2.0","4.0","67.0","-2.45","1.0","3.0","4.5","7.0","0.0"
"2026-09-03T11:28:58+0000","egipt|marsa-alam|2026-12-30|2027-01-06|7|Warszawa - Modlin|2+1","filter_egypt_ny_dec24_2026_7_10_days","egipt","marsa-alam","2026-12-30","2027-01-06","7.0","Warszawa - Modlin","2+1","118.0","7.0","7.0","8919.0","8974.2","9028.0","9589.0","10083.0","6.0","0.0","0.0","0.0","0.0","0.0","0.0","0.0","4.0","3.0","67.0","-1.24","1.0","4.0","4.5","7.0","0.0"
"2026-09-03T16:02:14+0000","egipt|marsa-alam|2026-12-30|2027-01-06|7|Warszawa - Modlin|2+1","filter_egypt_ny_dec24_2026_7_10_days","egipt","marsa-alam","2026-12-30","2027-01-06","7.0","Warszawa - Modlin","2+1","118.0","7.0","7.0","8919.0","8974.2","9028.0","9589.0","10083.0","6.0","0.0","0.0","0.0","0.0","0.0","0.0","0.0","4.0","3.0","67.0","-1.15","1.0","4.0","4.5","7.0","0.0"
"2026-09-03T16:36:10+0000","egipt|marsa-alam|2026-12-30|2027-01-06|7|Warszawa - Modlin|2+1","filter_egypt_ny_dec24_2026_7_10_days","egipt","marsa-alam","2026-12-30","2027-01-06","7.0","Warszawa - Modlin","2+1","118.0","7.0","7.0","8919.0","8974.2","9028.0","9589.0","10083.0","6.0","0.0","0.0","0.0","0.0","0.0","0.0","0.0","4.0","3.0","69.0","-1.14","1.0","4.0","4.5","7.0","0.0"
"2026-09-03T20:00:33+0000","egipt|marsa-alam|2026-12-30|2027-01-06|7|Warszawa - Modlin|2+1","filter_egypt_ny_dec24_2026_7_10_days","egipt","marsa-alam","2026-12-30","2027-01-06","7.0","Warszawa - Modlin","2+1","118.0","7.0","7.0","8919.0","8974.2","9028.0","9589.0","10083.0","6.0","0.0","0.0","0.0","0.0","0.0","0.0","0.0","4.0","3.0","69.0","-1.1","1.0","4.0","4.5","7.0","0.0"
"2026-09-03T22:43:36+0000","egipt|marsa-alam|2026-12-30|2027-01-06|7|Warszawa - Modlin|2+1","filter_egypt_ny_dec24_2026_7_10_days","egipt","marsa-alam","2026-12-30","2027-01-06","7.0","Warszawa - Modlin","2+1","118.0","7.0","7.0","8919.0","8974.2","9028.0","9589.0","10083.0","6.0","0.0","0.0","0.0","0.0","0.0","0.0","0.0","4.0","3.0","68.0","-1.07","1.0","4.0","4.5","7.0","0.0"
"2026-09-04T01:07:30+0000","egipt|marsa-alam|2026-12-30|2027-01-06|7|Warszawa - Modlin|2+1","filter_egypt_ny_dec24_2026_7_10_days","egipt","marsa-alam","2026-12-30","2027-01-06","7.0","Warszawa - Modlin","2+1","117.0","7.0","7.0","8919.0","8974.2","9028.0","9589.0","10083.0","6.0","0.0","0.0","0.0","0.0","0.0","0.0","0.0","4.0","3.0","68.0","-1.05","1.0","4.0","4.5","7.0","0.0"
"2026-09-04T06:05:25+0000","egipt|marsa-alam|2026-12-30|2027-01-06|7|Warszawa - Modlin|2+1","filter_egypt_ny_dec24_2026_7_10_days","egipt","marsa-alam","2026-12-30","2027-01-06","7.0","Warszawa - Modlin","2+1","117.0","7.0","7.0","8919.0","8974.2","9028.0","9589.0","10083.0","6.0","0.0","0.0","0.0","0.0","0.0","0.0","0.0","0.0","6.0","70.0","-1.0","1.0","4.0","4.5","7.0","0.0"
"2026-09-04T11:31:53+0000","egipt|marsa-alam|2026-12-30|2027-01-06|7|Warszawa - Modlin|2+1","filter_egypt_ny_dec24_2026_7_10_days","egipt","marsa-alam","2026-12-30","2027-01-06","7.0","Warszawa - Modlin","2+1","117.0","8.0","8.0","8919.0","8983.4","9036.5","9782.0","10798.0","6.0","0.0","0.0","0.0","0.0","0.0","0.0","0.0","1.0","6.0","68.0","-1.06","1.0","4.0","4.5","8.0","0.0"
"2026-09-04T16:32:28+0000","egipt|marsa-alam|2026-12-30|2027-01-06|7|Warszawa - Modlin|2+1","filter_egypt_ny_dec24_2026_7_10_days","egipt","marsa-alam","2026-12-30","2027-01-06","7.0","Warszawa - Modlin","2+1","117.0","8.0","8.0","8502.0","8793.9","8988.0","9317.0","10798.0","6.0","0.0","0.0","0.0","0.0","0.0","0.0","0.0","1.0","6.0","71.0","-2.04","2.0","4.0","4.5","8.0","0.0"
"2026-09-04T19:45:05+0000","egipt|marsa-alam|2026-12-30|2027-01-06|7|Warszawa - Modlin|2+1","filter_egypt_ny_dec24_2026_7_10_days","egipt","marsa-alam","2026-12-30","2027-01-06","7.0","Warszawa - Modlin","2+1","117.0","7.0","7.0","8502.0","8752.2","8982.0","9589.0","10798.0","5.0","0.0","0.0","0.0","0.0","0.0","0.0","0.0","0.0","5.0","71.0","-1.96","2.0","3.0","4.5","7.0","0.0"
"2026-09-04T22:29:05+0000","egipt|marsa-alam|2026-12-30|2027-01-06|7|Warszawa - Modlin|2+1","filter_egypt_ny_dec24_2026_7_10_days","egipt","marsa-alam","2026-12-30","2027-01-06","7.0","Warszawa - Modlin","2+1","117.0","6.0","6.0","8919.0","8982.0","9181.0","9791.5","10798.0","4.0","0.0","0.0","0.0","0.0","0.0","0.0","0.0","-1.0","4.0","70.0","-0.56","1.0","3.0","4.5","6.0","0.0"
"2026-09-05T01:07:48+0000","egipt|marsa-alam|2026-12-30|2027-01-06|7|Warszawa - Modlin|2+1","filter_egypt_ny_dec24_2026_7_10_days","egipt","marsa-alam","2026-12-30","2027-01-06","7.0","Warszawa - Modlin","2+1","116.0","12.0","12.0","8479.0","8886.3","8957.25","9480.0","10951.0","9.0","0.0","0.0","0.0","0.0","0.0","0.0","0.0","5.0","7.0","77.0","-3.35","7.0","3.0","4.6","12.0","0.0"
"2026-09-05T05:54:45+0000","egipt|marsa-alam|2026-12-30|2027-01-06|7|Warszawa - Modlin|2+1","filter_egypt_ny_dec24_2026_7_10_days","egipt","marsa-alam","2026-12-30","2027-01-06","7.0","Warszawa - Modlin","2+1","116.0","12.0","12.0","8479.0","8886.3","8982.75","9555.5","10951.0","9.0","0.0","0.0","0.0","0.0","0.0","0.0","0.0","5.0","6.0","78.0","-3.35","6.0","4.0","4.65","12.0","0.0"
"2026-09-05T10:48:59+0000","egipt|marsa-alam|2026-12-30|2027-01-06|7|Warszawa - Modlin|2+1","filter_egypt_ny_dec24_2026_7_10_days","egipt","marsa-alam","2026-12-30","2027-01-06","7.0","Warszawa - Modlin","2+1","116.0","11.0","11.0","8479.0","8886.0","8951.5","9556.0","10718.0","8.0","0.0","0.0","0.0","0.0","0.0","0.0","0.0","3.0","7.0","74.0","-2.7","5.0","3.0","4.6","11.0","0.0"
"2026-09-05T13:58:31+0000","egipt|marsa-alam|2026-12-30|2027-01-06|7|Warszawa - Modlin|2+1","filter_egypt_ny_dec24_2026_7_10_days","egipt","marsa-alam","2026-12-30","2027-01-06","7.0","Warszawa - Modlin","2+1","116.0","10.0","10.0","8479.0","8845.3","8920.25","9480.0","10718.0","7.0","0.0","0.0","0.0","0.0","0.0","0.0","0.0","2.0","5.0","79.0","-3.42","6.0","2.0","4.6","10.0","0.0"
"2026-09-05T16:56:15+0000","egipt|marsa-alam|2026-12-30|2027-01-06|7|Warszawa - Modlin|2+1","filter_egypt_ny_dec24_2026_7_10_days","egipt","marsa-alam","2026-12-30","2027-01-06","7.0","Warszawa - Modlin","2+1","116.0","10.0","10.0","8479.0","8848.0","9230.75","9572.0","10956.0","7.0","0.0","0.0","0.0","0.0","0.0","0.0","0.0","2.0","7.0","66.0","-1.93","3.0","2.0","4.6","10.0","0.0"
"2026-09-05T19:10:18+0000","egipt|marsa-alam|2026-12-30|2027-01-06|7|Warszawa - Modlin|2+1","filter_egypt_ny_dec24_2026_7_10_days","egipt","marsa-alam","2026-12-30","2027-01-06","7.0","Warszawa - Modlin","2+1","116.0","9.0","9.0","8479.0","8807.0","9199.0","9556.0","10956.0","7.0","0.0","0.0","0.0","0.0","0.0","0.0","0.0","2.0","7.0","68.0","-2.08","3.0","2.0","4.5","9.0","0.0"
"2026-09-05T21:24:19+0000","egipt|marsa-alam|2026-12-30|2027-01-06|7|Warszawa - Modlin|2+1","filter_egypt_ny_dec24_2026_7_10_days","egipt","marsa-alam","2026-12-30","2027-01-06","7.0","Warszawa - Modlin","2+1","116.0","9.0","9.0","8889.0","9137.0","9326.0","9772.0","10956.0","7.0","0.0","0.0","0.0","0.0","0.0","0.0","0.0","3.0","6.0","66.0","-0.16","2.0","2.0","4.5","9.0","0.0"
"2026-09-06T04:52:47+0000","egipt|marsa-alam|2026-12-30|2027-01-06|7|Warszawa - Modlin|2+1","filter_egypt_ny_dec24_2026_7_10_days","egipt","marsa-alam","2026-12-30","2027-01-06","7.0","Warszawa - Modlin","2+1","115.0","9.0","9.0","8889.0","9137.0","9326.0","9772.0","10956.0","7.0","0.0","8479.0","8751.33","9404.0","4.84","4.42","3.91","-3.0","9.0","68.0","-0.16","2.0","3.0","4.5","9.0","0.0"
"2026-09-06T09:34:56+0000","egipt|marsa-alam|2026-12-30|2027-01-06|7|Warszawa - Modlin|2+1","filter_egypt_ny_dec24_2026_7_10_days","egipt","marsa-alam","2026-12-30","2027-01-06","7.0","Warszawa - Modlin","2+1","115.0","8.0","8.0","8889.0","9106.0","9294.25","9744.0","10976.0","6.0","0.0","0.0","0.0","0.0","0.0","0.0","0.0","-3.0","7.0","69.0","-0.25","2.0","3.0","4.5","8.0","0.0"
"2026-09-06T11:03:59+0000","egipt|marsa-alam|2026-12-30|2027-01-06|7|Warszawa - Modlin|2+1","filter_egypt_ny_dec24_2026_7_10_days","egipt","marsa-alam","2026-12-30","2027-01-06","7.0","Warszawa - Modlin","2+1","115.0","10.0","10.0","8889.0","9282.3","9650.0","9947.5","10976.0","6.0","0.0","8479.0","8751.33","9556.0","4.84","5.78","3.97","-1.0","9.0","64.0","0.98","2.0","3.0","4.55","10.0","0.0"
"2026-09-06T13:47:50+0000","egipt|marsa-alam|2026-12-30|2027-01-06|7|Warszawa - Modlin|2+1","filter_egypt_ny_dec24_2026_7_10_days","egipt","marsa-alam","2026-12-30","2027-01-06","7.0","Warszawa - Modlin","2+1","115.0","8.0","8.0","8889.0","9194.9","9498.5","9946.0","10976.0","5.0","0.0","0.0","0.0","0.0","0.0","0.0","0.0","-2.0","7.0","66.0","1.17","2.0","2.0","4.5","8.0","0.0"
"2026-09-06T17:12:16+0000","egipt|marsa-alam|2026-12-30|2027-01-06|7|Warszawa - Modlin|2+1","filter_egypt_ny_dec24_2026_7_10_days","egipt","marsa-alam","2026-12-30","2027-01-06","7.0","Warszawa - Modlin","2+1","115.0","9.0","9.0","8889.0","9238.6","9556.0","9960.0","10976.0","5.0","0.0","0.0","0.0","0.0","0.0","0.0","0.0","-1.0","6.0","66.0","1.06","2.0","2.0","4.5","9.0","0.0"
"2026-09-06T19:21:58+0000","egipt|marsa-alam|2026-12-30|2027-01-06|7|Warszawa - Modlin|2+1","filter_egypt_ny_dec24_2026_7_10_days","egipt","marsa-alam","2026-12-30","2027-01-06","7.0","Warszawa - Modlin","2+1","115.0","9.0","9.0","9326.0","9350.8","9556.0","9960.0","10976.0","5.0","0.0","0.0","0.0","0.0","0.0","0.0","0.0","0.0","6.0","62.0","1.61","1.0","2.0","4.5","9.0","0.0"
"2026-09-06T21:33:18+0000","egipt|marsa-alam|2026-12-30|2027-01-06|7|Warszawa - Modlin|2+1","filter_egypt_ny_dec24_2026_7_10_days","egipt","marsa-alam","2026-12-30","2027-01-06","7.0","Warszawa - Modlin","2+1","115.0","9.0","9.0","9326.0","9350.8","9556.0","9960.0","10976.0","5.0","0.0","0.0","0.0","0.0","0.0","0.0","0.0","0.0","7.0","63.0","1.56","1.0","2.0","4.5","9.0","0.0"
"2026-09-07T00:04:35+0000","egipt|marsa-alam|2026-12-30|2027-01-06|7|Warszawa - Modlin|2+1","filter_egypt_ny_dec24_2026_7_10_days","egipt","marsa-alam","2026-12-30","2027-01-06","7.0","Warszawa - Modlin","2+1","114.0","9.0","9.0","9326.0","9350.8","9556.0","9960.0","10976.0","5.0","0.0","0.0","0.0","0.0","0.0","0.0","0.0","0.0","0.0","0.0","0.0","0.0","0.0","4.5","9.0","0.0"
"2026-09-07T04:56:43+0000","egipt|marsa-alam|2026-12-30|2027-01-06|7|Warszawa - Modlin|2+1","filter_egypt_ny_dec24_2026_7_10_days","egipt","marsa-alam","2026-12-30","2027-01-06","7.0","Warszawa - Modlin","2+1","114.0","8.0","8.0","9326.0","9347.7","9506.25","9946.0","10976.0","5.0","0.0","0.0","0.0","0.0","0.0","0.0","0.0","-1.0","0.0","57.0","0.0","0.0","0.0","4.5","8.0","0.0"
"2026-09-07T06:30:12+0000","egipt|marsa-alam|2026-12-30|2027-01-06|7|Warszawa - Modlin|2+1","filter_egypt_ny_dec24_2026_7_10_days","egipt","marsa-alam","2026-12-30","2027-01-06","7.0","Warszawa - Modlin","2+1","114.0","8.0","8.0","9326.0","9347.7","9506.25","9946.0","10976.0","5.0","0.0","0.0","0.0","0.0","0.0","0.0","0.0","-1.0","0.0","58.0","0.0","0.0","0.0","4.5","8.0","0.0"
"2026-09-07T10:32:18+0000","egipt|marsa-alam|2026-12-30|2027-01-06|7|Warszawa - Modlin|2+1","filter_egypt_ny_dec24_2026_7_10_days","egipt","marsa-alam","2026-12-30","2027-01-06","7.0","Warszawa - Modlin","2+1","114.0","11.0","11.0","8613.0","9020.0","9068.5","9538.0","10645.0","8.0","0.0","0.0","0.0","0.0","0.0","0.0","0.0","1.0","0.0","58.0","-3.26","0.0","0.0","4.5","11.0","0.0"
"2026-09-07T16:36:04+0000","egipt|marsa-alam|2026-12-30|2027-01-06|7|Warszawa - Modlin|2+1","filter_egypt_ny_dec24_2026_7_10_days","egipt","marsa-alam","2026-12-30","2027-01-06","7.0","Warszawa - Modlin","2+1","114.0","12.0","12.0","8747.0","9154.3","9225.25","9748.5","10987.0","8.0","0.0","0.0","0.0","0.0","0.0","0.0","0.0","3.0","0.0","55.0","-1.02","0.0","0.0","4.6","12.0","0.0"
"2026-09-07T20:42:40+0000","egipt|marsa-alam|2026-12-30|2027-01-06|7|Warszawa - Modlin|2+1","filter_egypt_ny_dec24_2026_7_10_days","egipt","marsa-alam","2026-12-30","2027-01-06","7.0","Warszawa - Modlin","2+1","114.0","11.0","11.0","8747.0","9154.0","9202.5","9824.0","10987.0","7.0","0.0","0.0","0.0","0.0","0.0","0.0","0.0","2.0","0.0","57.0","-0.92","0.0","0.0","4.5","11.0","0.0"
"2026-09-08T04:52:28+0000","egipt|marsa-alam|2026-12-30|2027-01-06|7|Warszawa - Modlin|2+1","filter_egypt_ny_dec24_2026_7_10_days","egipt","marsa-alam","2026-12-30","2027-01-06","7.0","Warszawa - Modlin","2+1","113.0","12.0","12.0","8747.0","9154.3","9225.25","9887.5","10987.0","7.0","0.0","0.0","0.0","0.0","0.0","0.0","0.0","4.0","6.0","60.0","-0.69","0.0","0.0","4.6","12.0","0.0"
"2026-09-08T07:41:59+0000","egipt|marsa-alam|2026-12-30|2027-01-06|7|Warszawa - Modlin|2+1","filter_egypt_ny_dec24_2026_7_10_days","egipt","marsa-alam","2026-12-30","2027-01-06","7.0","Warszawa - Modlin","2+1","113.0","11.0","11.0","8747.0","9154.0","9202.5","9296.0","10987.0","8.0","0.0","0.0","0.0","0.0","0.0","0.0","0.0","3.0","5.0","61.0","-1.23","0.0","0.0","4.5","11.0","0.0"
"2026-09-08T09:52:41+0000","egipt|marsa-alam|2026-12-30|2027-01-06|7|Warszawa - Modlin|2+1","filter_egypt_ny_dec24_2026_7_10_days","egipt","marsa-alam","2026-12-30","2027-01-06","7.0","Warszawa - Modlin","2+1","113.0","11.0","11.0","8747.0","9157.0","9265.0","9824.0","10987.0","7.0","0.0","8613.0","8885.33","9131.0","1.56","1.86","2.67","0.0","8.0","60.0","-0.38","0.0","0.0","4.5","11.0","0.0"
"2026-09-08T14:42:34+0000","egipt|marsa-alam|2026-12-30|2027-01-06|7|Warszawa - Modlin|2+1","filter_egypt_ny_dec24_2026_7_10_days","egipt","marsa-alam","2026-12-30","2027-01-06","7.0","Warszawa - Modlin","2+1","113.0","8.0","8.0","9157.0","9220.7","9273.5","9887.5","10987.0","5.0","0.0","0.0","0.0","0.0","0.0","0.0","0.0","-4.0","7.0","61.0","-0.09","0.0","0.0","4.5","8.0","0.0"
"2026-09-08T18:51:34+0000","egipt|marsa-alam|2026-12-30|2027-01-06|7|Warszawa - Modlin|2+1","filter_egypt_ny_dec24_2026_7_10_days","egipt","marsa-alam","2026-12-30","2027-01-06","7.0","Warszawa - Modlin","2+1","113.0","7.0","7.0","9157.0","9211.6","9265.0","9824.0","10987.0","5.0","0.0","0.0","0.0","0.0","0.0","0.0","0.0","-4.0","7.0","62.0","-0.05","0.0","3.0","4.5","7.0","0.0"
"2026-09-09T00:24:30+0000","egipt|marsa-alam|2026-12-30|2027-01-06|7|Warszawa - Modlin|2+1","filter_egypt_ny_dec24_2026_7_10_days","egipt","marsa-alam","2026-12-30","2027-01-06","7.0","Warszawa - Modlin","2+1","112.0","8.0","8.0","9248.0","9271.8","9688.5","9904.5","10987.0","5.0","0.0","0.0","0.0","0.0","0.0","0.0","0.0","-3.0","7.0","61.0","0.97","0.0","4.0","4.5","8.0","0.0"
"2026-09-09T04:51:31+0000","egipt|marsa-alam|2026-12-30|2027-01-06|7|Warszawa - Modlin|2+1","filter_egypt_ny_dec24_2026_7_10_days","egipt","marsa-alam","2026-12-30","2027-01-06","7.0","Warszawa - Modlin","2+1","112.0","5.0","5.0","9248.0","9260.4","9279.0","9282.0","10987.0","3.0","0.0","0.0","0.0","0.0","0.0","0.0","0.0","-7.0","5.0","62.0","-0.06","0.0","3.0","4.5","5.0","0.0"
"2026-09-09T06:09:15+0000","egipt|marsa-alam|2026-12-30|2027-01-06|7|Warszawa - Modlin|2+1","filter_egypt_ny_dec24_2026_7_10_days","egipt","marsa-alam","2026-12-30","2027-01-06","7.0","Warszawa - Modlin","2+1","112.0","6.0","6.0","9248.0","9263.5","9279.75","9570.0","10987.0","4.0","0.0","0.0","0.0","0.0","0.0","0.0","0.0","-6.0","5.0","62.0","-0.22","0.0","3.0","4.5","6.0","0.0"
"2026-09-09T11:37:23+0000","egipt|marsa-alam|2026-12-30|2027-01-06|7|Warszawa - Modlin|2+1","filter_egypt_ny_dec24_2026_7_10_days","egipt","marsa-alam","2026-12-30","2027-01-06","7.0","Warszawa - Modlin","2+1","112.0","7.0","7.0","9248.0","9266.6","9280.5","9824.0","10987.0","5.0","0.0","0.0","0.0","0.0","0.0","0.0","0.0","-4.0","7.0","62.0","0.06","0.0","3.0","4.5","7.0","0.0"
"2026-09-09T16:49:24+0000","egipt|marsa-alam|2026-12-30|2027-01-06|7|Warszawa - Modlin|2+1","filter_egypt_ny_dec24_2026_7_10_days","egipt","marsa-alam","2026-12-30","2027-01-06","7.0","Warszawa - Modlin","2+1","112.0","7.0","7.0","9248.0","9266.6","9280.5","9824.0","10987.0","5.0","0.0","0.0","0.0","0.0","0.0","0.0","0.0","0.0","7.0","65.0","0.06","0.0","4.0","4.5","7.0","0.0"
"2026-09-09T19:54:29+0000","egipt|marsa-alam|2026-12-30|2027-01-06|7|Warszawa - Modlin|2+1","filter_egypt_ny_dec24_2026_7_10_days","egipt","marsa-alam","2026-12-30","2027-01-06","7.0","Warszawa - Modlin","2+1","112.0","7.0","7.0","9248.0","9266.6","9280.5","9824.0","10987.0","5.0","0.0","0.0","0.0","0.0","0.0","0.0","0.0","0.0","7.0","67.0","0.06","0.0","5.0","4.5","7.0","0.0"
"2026-09-09T22:41:18+0000","egipt|marsa-alam|2026-12-30|2027-01-06|7|Warszawa - Modlin|2+1","filter_egypt_ny_dec24_2026_7_10_days","egipt","marsa-alam","2026-12-30","2027-01-06","7.0","Warszawa - Modlin","2+1","112.0","6.0","6.0","9248.0","9263.5","9279.75","9553.0","10228.0","5.0","0.0","0.0","0.0","0.0","0.0","0.0","0.0","-2.0","6.0","68.0","0.06","0.0","4.0","4.5","6.0","0.0"
"2026-09-10T01:15:01+0000","egipt|marsa-alam|2026-12-30|2027-01-06|7|Warszawa - Modlin|2+1","filter_egypt_ny_dec24_2026_7_10_days","egipt","marsa-alam","2026-12-30","2027-01-06","7.0","Warszawa - Modlin","2+1","111.0","6.0","6.0","9248.0","9263.5","9279.75","9553.0","10228.0","5.0","0.0","0.0","0.0","0.0","0.0","0.0","0.0","-2.0","6.0","68.0","0.07","0.0","4.0","4.5","6.0","0.0"
"2026-09-10T06:07:47+0000","egipt|marsa-alam|2026-12-30|2027-01-06|7|Warszawa - Modlin|2+1","filter_egypt_ny_dec24_2026_7_10_days","egipt","marsa-alam","2026-12-30","2027-01-06","7.0","Warszawa - Modlin","2+1","111.0","7.0","7.0","9248.0","9266.6","9280.5","9824.0","10345.0","5.0","0.0","0.0","0.0","0.0","0.0","0.0","0.0","1.0","4.0","67.0","0.49","0.0","4.0","4.5","7.0","0.0"
"2026-09-10T11:33:48+0000","egipt|marsa-alam|2026-12-30|2027-01-06|7|Warszawa - Modlin|2+1","filter_egypt_ny_dec24_2026_7_10_days","egipt","marsa-alam","2026-12-30","2027-01-06","7.0","Warszawa - Modlin","2+1","111.0","10.0","10.0","8882.0","9247.4","9389.75","9687.0","10913.0","6.0","0.0","0.0","0.0","0.0","0.0","0.0","0.0","3.0","6.0","52.0","0.19","0.0","2.0","4.5","10.0","0.0"
"2026-09-10T16:14:22+0000","egipt|marsa-alam|2026-12-30|2027-01-06|7|Warszawa - Modlin|2+1","filter_egypt_ny_dec24_2026_7_10_days","egipt","marsa-alam","2026-12-30","2027-01-06","7.0","Warszawa - Modlin","2+1","111.0","10.0","10.0","9016.0","9381.4","9523.75","9821.0","10672.0","5.0","0.0","0.0","0.0","0.0","0.0","0.0","0.0","3.0","6.0","50.0","1.4","0.0","0.0","4.5","10.0","0.0"
"2026-09-10T16:35:07+0000","egipt|marsa-alam|2026-12-30|2027-01-06|7|Warszawa - Modlin|2+1","filter_egypt_ny_dec24_2026_7_10_days","egipt","marsa-alam","2026-12-30","2027-01-06","7.0","Warszawa - Modlin","2+1","111.0","10.0","10.0","9016.0","9381.4","9523.75","9821.0","10672.0","5.0","0.0","0.0","0.0","0.0","0.0","0.0","0.0","3.0","6.0","53.0","1.39","0.0","0.0","4.5","10.0","0.0"
"2026-09-10T19:51:50+0000","egipt|marsa-alam|2026-12-30|2027-01-06|7|Warszawa - Modlin|2+1","filter_egypt_ny_dec24_2026_7_10_days","egipt","marsa-alam","2026-12-30","2027-01-06","7.0","Warszawa - Modlin","2+1","111.0","10.0","10.0","9016.0","9381.4","9523.75","9821.0","10672.0","5.0","0.0","0.0","0.0","0.0","0.0","0.0","0.0","3.0","6.0","59.0","1.26","0.0","1.0","4.5","10.0","0.0"
"2026-09-10T22:44:34+0000","egipt|marsa-alam|2026-12-30|2027-01-06|7|Warszawa - Modlin|2+1","filter_egypt_ny_dec24_2026_7_10_days","egipt","marsa-alam","2026-12-30","2027-01-06","7.0","Warszawa - Modlin","2+1","111.0","10.0","10.0","9016.0","9381.4","9523.75","9821.0","10672.0","5.0","0.0","0.0","0.0","0.0","0.0","0.0","0.0","4.0","6.0","59.0","1.28","0.0","1.0","4.5","10.0","0.0"
"2026-09-11T01:14:53+0000","egipt|marsa-alam|2026-12-30|2027-01-06|7|Warszawa - Modlin|2+1","filter_egypt_ny_dec24_2026_7_10_days","egipt","marsa-alam","2026-12-30","2027-01-06","7.0","Warszawa - Modlin","2+1","110.0","10.0","10.0","9016.0","9381.4","9523.75","9821.0","10672.0","5.0","0.0","0.0","0.0","0.0","0.0","0.0","0.0","4.0","6.0","59.0","1.07","0.0","1.0","4.5","10.0","0.0"
"2026-09-11T06:11:03+0000","egipt|marsa-alam|2026-12-30|2027-01-06|7|Warszawa - Modlin|2+1","filter_egypt_ny_dec24_2026_7_10_days","egipt","marsa-alam","2026-12-30","2027-01-06","7.0","Warszawa - Modlin","2+1","110.0","10.0","10.0","9016.0","9381.4","9523.75","9821.0","10672.0","5.0","0.0","0.0","0.0","0.0","0.0","0.0","0.0","3.0","6.0","59.0","1.02","0.0","1.0","4.5","10.0","0.0"
"2026-09-11T11:36:28+0000","egipt|marsa-alam|2026-12-30|2027-01-06|7|Warszawa - Modlin|2+1","filter_egypt_ny_dec24_2026_7_10_days","egipt","marsa-alam","2026-12-30","2027-01-06","7.0","Warszawa - Modlin","2+1","110.0","7.0","7.0","9418.0","9662.2","9871.5","9950.0","10622.0","5.0","0.0","0.0","0.0","0.0","0.0","0.0","0.0","-3.0","6.0","46.0","4.67","0.0","0.0","4.5","7.0","0.0"
"2026-09-12T11:00:01+0000","egipt|marsa-alam|2026-12-30|2027-01-06|7|Warszawa - Modlin|2+1","filter_egypt_ny_dec24_2026_7_10_days","egipt","marsa-alam","2026-12-30","2027-01-06","7.0","Warszawa - Modlin","2+1","109.0","1.0","1.0","10528.0","10528.0","10528.0","10528.0","10528.0","0.0","0.0","0.0","0.0","0.0","0.0","0.0","0.0","-6.0","1.0","0.0","0.0","0.0","0.0","4.7","1.0","0.0"
"2026-09-12T14:17:19+0000","egipt|marsa-alam|2026-12-30|2027-01-06|7|Warszawa - Modlin|2+1","filter_egypt_ny_dec24_2026_7_10_days","egipt","marsa-alam","2026-12-30","2027-01-06","7.0","Warszawa - Modlin","2+1","109.0","2.0","2.0","9807.0","9879.1","9987.25","10167.5","10528.0","1.0","0.0","0.0","0.0","0.0","0.0","0.0","0.0","-5.0","2.0","0.0","0.0","0.0","0.0","4.55","2.0","0.0"
"2026-09-12T17:20:28+0000","egipt|marsa-alam|2026-12-30|2027-01-06|7|Warszawa - Modlin|2+1","filter_egypt_ny_dec24_2026_7_10_days","egipt","marsa-alam","2026-12-30","2027-01-06","7.0","Warszawa - Modlin","2+1","109.0","1.0","1.0","10528.0","10528.0","10528.0","10528.0","10528.0","0.0","0.0","0.0","0.0","0.0","0.0","0.0","0.0","-6.0","1.0","0.0","0.0","0.0","0.0","4.7","1.0","0.0"
"2026-09-12T22:26:59+0000","egipt|marsa-alam|2026-12-30|2027-01-06|7|Warszawa - Modlin|2+1","filter_egypt_ny_dec24_2026_7_10_days","egipt","marsa-alam","2026-12-30","2027-01-06","7.0","Warszawa - Modlin","2+1","109.0","1.0","1.0","10528.0","10528.0","10528.0","10528.0","10528.0","0.0","0.0","0.0","0.0","0.0","0.0","0.0","0.0","-6.0","1.0","0.0","0.0","0.0","0.0","4.7","1.0","0.0"
"2026-09-13T01:12:19+0000","egipt|marsa-alam|2026-12-30|2027-01-06|7|Warszawa - Modlin|2+1","filter_egypt_ny_dec24_2026_7_10_days","egipt","marsa-alam","2026-12-30","2027-01-06","7.0","Warszawa - Modlin","2+1","108.0","1.0","1.0","10528.0","10528.0","10528.0","10528.0","10528.0","0.0","0.0","0.0","0.0","0.0","0.0","0.0","0.0","0.0","1.0","0.0","0.0","0.0","0.0","4.7","1.0","0.0"
"2026-09-13T06:22:18+0000","egipt|marsa-alam|2026-12-30|2027-01-06|7|Warszawa - Modlin|2+1","filter_egypt_ny_dec24_2026_7_10_days","egipt","marsa-alam","2026-12-30","2027-01-06","7.0","Warszawa - Modlin","2+1","108.0","1.0","1.0","10528.0","10528.0","10528.0","10528.0","10528.0","0.0","0.0","0.0","0.0","0.0","0.0","0.0","0.0","0.0","1.0","0.0","0.0","0.0","0.0","4.7","1.0","0.0"
"2026-09-13T09:28:46+0000","egipt|marsa-alam|2026-12-30|2027-01-06|7|Warszawa - Modlin|2+1","filter_egypt_ny_dec24_2026_7_10_days","egipt","marsa-alam","2026-12-30","2027-01-06","7.0","Warszawa - Modlin","2+1","108.0","1.0","1.0","10528.0","10528.0","10528.0","10528.0","10528.0","0.0","0.0","0.0","0.0","0.0","0.0","0.0","0.0","0.0","1.0","0.0","0.0","0.0","0.0","4.7","1.0","0.0"
"2026-09-15T14:49:10+0000","egipt|marsa-alam|2026-12-30|2027-01-06|7|Warszawa - Modlin|2+1","filter_egypt_ny_dec24_2026_7_10_days","egipt","marsa-alam","2026-12-30","2027-01-06","7.0","Warszawa - Modlin","2+1","106.0","1.0","1.0","10528.0","10528.0","10528.0","10528.0","10528.0","0.0","0.0","0.0","0.0","0.0","0.0","0.0","0.0","0.0","0.0","0.0","0.0","0.0","0.0","4.7","1.0","0.0"
"2026-09-17T13:38:52+0000","egipt|marsa-alam|2026-12-30|2027-01-06|7|Warszawa - Modlin|2+1","filter_egypt_ny_dec24_2026_7_10_days","egipt","marsa-alam","2026-12-30","2027-01-06","7.0","Warszawa - Modlin","2+1","104.0","1.0","1.0","10528.0","10528.0","10528.0","10528.0","10528.0","0.0","0.0","0.0","0.0","0.0","0.0","0.0","0.0","0.0","1.0","0.0","0.0","0.0","0.0","4.7","1.0","0.0"
"2026-09-17T15:08:55+0000","egipt|marsa-alam|2026-12-30|2027-01-06|7|Warszawa - Modlin|2+1","filter_egypt_ny_dec24_2026_7_10_days","egipt","marsa-alam","2026-12-30","2027-01-06","7.0","Warszawa - Modlin","2+1","104.0","1.0","1.0","10528.0","10528.0","10528.0","10528.0","10528.0","0.0","0.0","0.0","0.0","0.0","0.0","0.0","0.0","0.0","1.0","0.0","0.0","0.0","0.0","4.7","1.0","0.0"
"2026-09-17T18:24:15+0000","egipt|marsa-alam|2026-12-30|2027-01-06|7|Warszawa - Modlin|2+1","filter_egypt_ny_dec24_2026_7_10_days","egipt","marsa-alam","2026-12-30","2027-01-06","7.0","Warszawa - Modlin","2+1","104.0","1.0","1.0","10528.0","10528.0","10528.0","10528.0","10528.0","0.0","0.0","0.0","0.0","0.0","0.0","0.0","0.0","0.0","1.0","0.0","0.0","0.0","0.0","4.7","1.0","0.0"
"2026-09-17T22:20:46+0000","egipt|marsa-alam|2026-12-30|2027-01-06|7|Warszawa - Modlin|2+1","filter_egypt_ny_dec24_2026_7_10_days","egipt","marsa-alam","2026-12-30","2027-01-06","7.0","Warszawa - Modlin","2+1","104.0","1.0","1.0","10528.0","10528.0","10528.0","10528.0","10528.0","0.0","0.0","0.0","0.0","0.0","0.0","0.0","0.0","0.0","1.0","0.0","0.0","0.0","0.0","4.7","1.0","0.0"
"2026-09-18T00:33:38+0000","egipt|marsa-alam|2026-12-30|2027-01-06|7|Warszawa - Modlin|2+1","filter_egypt_ny_dec24_2026_7_10_days","egipt","marsa-alam","2026-12-30","2027-01-06","7.0","Warszawa - Modlin","2+1","103.0","1.0","1.0","10528.0","10528.0","10528.0","10528.0","10528.0","0.0","0.0","0.0","0.0","0.0","0.0","0.0","0.0","0.0","1.0","0.0","0.0","0.0","0.0","4.7","1.0","0.0"
"2026-09-18T06:05:26+0000","egipt|marsa-alam|2026-12-30|2027-01-06|7|Warszawa - Modlin|2+1","filter_egypt_ny_dec24_2026_7_10_days","egipt","marsa-alam","2026-12-30","2027-01-06","7.0","Warszawa - Modlin","2+1","103.0","1.0","1.0","10528.0","10528.0","10528.0","10528.0","10528.0","0.0","0.0","0.0","0.0","0.0","0.0","0.0","0.0","0.0","1.0","0.0","0.0","0.0","0.0","4.7","1.0","0.0"
"2026-09-18T11:30:11+0000","egipt|marsa-alam|2026-12-30|2027-01-06|7|Warszawa - Modlin|2+1","filter_egypt_ny_dec24_2026_7_10_days","egipt","marsa-alam","2026-12-30","2027-01-06","7.0","Warszawa - Modlin","2+1","103.0","2.0","2.0","9815.0","9886.3","9993.25","10171.5","10528.0","1.0","0.0","0.0","0.0","0.0","0.0","0.0","0.0","1.0","1.0","0.0","0.0","0.0","0.0","4.55","2.0","0.0"
"2026-09-18T16:36:01+0000","egipt|marsa-alam|2026-12-30|2027-01-06|7|Warszawa - Modlin|2+1","filter_egypt_ny_dec24_2026_7_10_days","egipt","marsa-alam","2026-12-30","2027-01-06","7.0","Warszawa - Modlin","2+1","103.0","2.0","2.0","9815.0","9886.3","9993.25","10171.5","10528.0","1.0","0.0","0.0","0.0","0.0","0.0","0.0","0.0","1.0","1.0","0.0","0.0","0.0","0.0","4.55","2.0","0.0"
"2026-09-18T19:46:30+0000","egipt|marsa-alam|2026-12-30|2027-01-06|7|Warszawa - Modlin|2+1","filter_egypt_ny_dec24_2026_7_10_days","egipt","marsa-alam","2026-12-30","2027-01-06","7.0","Warszawa - Modlin","2+1","103.0","3.0","3.0","9815.0","9921.6","10081.5","10348.0","10528.0","1.0","0.0","0.0","0.0","0.0","0.0","0.0","0.0","2.0","1.0","55.0","1.77","0.0","0.0","4.5","3.0","0.0"
"2026-09-19T11:13:51+0000","egipt|marsa-alam|2026-12-30|2027-01-06|7|Warszawa - Modlin|2+1","filter_egypt_ny_dec24_2026_7_10_days","egipt","marsa-alam","2026-12-30","2027-01-06","7.0","Warszawa - Modlin","2+1","102.0","1.0","1.0","9907.0","9907.0","9907.0","9907.0","9907.0","1.0","0.0","0.0","0.0","0.0","0.0","0.0","0.0","-1.0","1.0","0.0","0.0","0.0","0.0","4.4","1.0","0.0"
"2026-09-19T14:35:13+0000","egipt|marsa-alam|2026-12-30|2027-01-06|7|Warszawa - Modlin|2+1","filter_egypt_ny_dec24_2026_7_10_days","egipt","marsa-alam","2026-12-30","2027-01-06","7.0","Warszawa - Modlin","2+1","102.0","1.0","1.0","9907.0","9907.0","9907.0","9907.0","9907.0","1.0","0.0","0.0","0.0","0.0","0.0","0.0","0.0","-1.0","1.0","0.0","0.0","0.0","0.0","4.4","1.0","0.0"
"2026-09-19T18:11:00+0000","egipt|marsa-alam|2026-12-30|2027-01-06|7|Warszawa - Modlin|2+1","filter_egypt_ny_dec24_2026_7_10_days","egipt","marsa-alam","2026-12-30","2027-01-06","7.0","Warszawa - Modlin","2+1","102.0","1.0","1.0","9907.0","9907.0","9907.0","9907.0","9907.0","1.0","0.0","0.0","0.0","0.0","0.0","0.0","0.0","-1.0","1.0","0.0","0.0","0.0","0.0","4.4","1.0","0.0"
"2026-09-19T20:54:01+0000","egipt|marsa-alam|2026-12-30|2027-01-06|7|Warszawa - Modlin|2+1","filter_egypt_ny_dec24_2026_7_10_days","egipt","marsa-alam","2026-12-30","2027-01-06","7.0","Warszawa - Modlin","2+1","102.0","1.0","1.0","9907.0","9907.0","9907.0","9907.0","9907.0","1.0","0.0","0.0","0.0","0.0","0.0","0.0","0.0","-2.0","1.0","0.0","0.0","0.0","0.0","4.4","1.0","0.0"
"2026-09-19T23:17:35+0000","egipt|marsa-alam|2026-12-30|2027-01-06|7|Warszawa - Modlin|2+1","filter_egypt_ny_dec24_2026_7_10_days","egipt","marsa-alam","2026-12-30","2027-01-06","7.0","Warszawa - Modlin","2+1","102.0","1.0","1.0","9907.0","9907.0","9907.0","9907.0","9907.0","1.0","0.0","0.0","0.0","0.0","0.0","0.0","0.0","-2.0","1.0","0.0","0.0","0.0","0.0","4.4","1.0","0.0"
"2026-09-20T01:21:13+0000","egipt|marsa-alam|2026-12-30|2027-01-06|7|Warszawa - Modlin|2+1","filter_egypt_ny_dec24_2026_7_10_days","egipt","marsa-alam","2026-12-30","2027-01-06","7.0","Warszawa - Modlin","2+1","101.0","1.0","1.0","9907.0","9907.0","9907.0","9907.0","9907.0","1.0","0.0","0.0","0.0","0.0","0.0","0.0","0.0","-2.0","1.0","0.0","0.0","0.0","0.0","4.4","1.0","0.0"
"2026-09-20T06:31:48+0000","egipt|marsa-alam|2026-12-30|2027-01-06|7|Warszawa - Modlin|2+1","filter_egypt_ny_dec24_2026_7_10_days","egipt","marsa-alam","2026-12-30","2027-01-06","7.0","Warszawa - Modlin","2+1","101.0","2.0","2.0","9907.0","9947.3","10007.75","10108.5","10310.0","1.0","0.0","0.0","0.0","0.0","0.0","0.0","0.0","1.0","1.0","0.0","0.0","0.0","0.0","4.55","2.0","0.0"
"2026-09-20T12:32:01+0000","egipt|marsa-alam|2026-12-30|2027-01-06|7|Warszawa - Modlin|2+1","filter_egypt_ny_dec24_2026_7_10_days","egipt","marsa-alam","2026-12-30","2027-01-06","7.0","Warszawa - Modlin","2+1","101.0","2.0","2.0","9907.0","9947.3","10007.75","10108.5","10310.0","1.0","0.0","0.0","0.0","0.0","0.0","0.0","0.0","1.0","1.0","0.0","0.0","0.0","0.0","4.55","2.0","0.0"
"2026-09-20T16:55:41+0000","egipt|marsa-alam|2026-12-30|2027-01-06|7|Warszawa - Modlin|2+1","filter_egypt_ny_dec24_2026_7_10_days","egipt","marsa-alam","2026-12-30","2027-01-06","7.0","Warszawa - Modlin","2+1","101.0","3.0","3.0","9907.0","10014.6","10176.0","10445.0","10454.0","1.0","0.0","0.0","0.0","0.0","0.0","0.0","0.0","2.0","1.0","49.0","3.34","0.0","0.0","4.4","3.0","0.0"
"2026-09-20T19:36:54+0000","egipt|marsa-alam|2026-12-30|2027-01-06|7|Warszawa - Modlin|2+1","filter_egypt_ny_dec24_2026_7_10_days","egipt","marsa-alam","2026-12-30","2027-01-06","7.0","Warszawa - Modlin","2+1","101.0","3.0","3.0","9907.0","10014.6","10176.0","10445.0","10454.0","1.0","0.0","0.0","0.0","0.0","0.0","0.0","0.0","2.0","1.0","51.0","3.3","0.0","0.0","4.4","3.0","0.0"
"2026-09-20T22:35:49+0000","egipt|marsa-alam|2026-12-30|2027-01-06|7|Warszawa - Modlin|2+1","filter_egypt_ny_dec24_2026_7_10_days","egipt","marsa-alam","2026-12-30","2027-01-06","7.0","Warszawa - Modlin","2+1","101.0","3.0","3.0","9907.0","10014.6","10176.0","10445.0","10454.0","1.0","0.0","0.0","0.0","0.0","0.0","0.0","0.0","2.0","1.0","56.0","3.23","0.0","0.0","4.4","3.0","0.0"
"2026-09-21T01:16:09+0000","egipt|marsa-alam|2026-12-30|2027-01-06|7|Warszawa - Modlin|2+1","filter_egypt_ny_dec24_2026_7_10_days","egipt","marsa-alam","2026-12-30","2027-01-06","7.0","Warszawa - Modlin","2+1","100.0","3.0","3.0","9907.0","10014.6","10176.0","10445.0","10454.0","1.0","0.0","0.0","0.0","0.0","0.0","0.0","0.0","2.0","0.0","0.0","0.0","0.0","0.0","4.4","3.0","0.0"
"2026-09-21T05:24:33+0000","egipt|marsa-alam|2026-12-30|2027-01-06|7|Warszawa - Modlin|2+1","filter_egypt_ny_dec24_2026_7_10_days","egipt","marsa-alam","2026-12-30","2027-01-06","7.0","Warszawa - Modlin","2+1","100.0","3.0","3.0","9907.0","10014.6","10176.0","10445.0","10454.0","1.0","0.0","0.0","0.0","0.0","0.0","0.0","0.0","1.0","0.0","56.0","0.0","0.0","0.0","4.4","3.0","0.0"
"2026-09-21T06:33:57+0000","egipt|marsa-alam|2026-12-30|2027-01-06|7|Warszawa - Modlin|2+1","filter_egypt_ny_dec24_2026_7_10_days","egipt","marsa-alam","2026-12-30","2027-01-06","7.0","Warszawa - Modlin","2+1","100.0","3.0","3.0","9907.0","10014.6","10176.0","10445.0","10454.0","1.0","0.0","0.0","0.0","0.0","0.0","0.0","0.0","1.0","0.0","57.0","0.0","0.0","0.0","4.4","3.0","0.0"
"2026-09-21T14:22:43+0000","egipt|marsa-alam|2026-12-30|2027-01-06|7|Warszawa - Modlin|2+1","filter_egypt_ny_dec24_2026_7_10_days","egipt","marsa-alam","2026-12-30","2027-01-06","7.0","Warszawa - Modlin","2+1","100.0","2.0","2.0","10178.0","10232.7","10314.75","10451.5","10725.0","0.0","0.0","0.0","0.0","0.0","0.0","0.0","0.0","0.0","0.0","0.0","0.0","0.0","0.0","4.4","2.0","0.0"
"2026-09-21T20:05:16+0000","egipt|marsa-alam|2026-12-30|2027-01-06|7|Warszawa - Modlin|2+1","filter_egypt_ny_dec24_2026_7_10_days","egipt","marsa-alam","2026-12-30","2027-01-06","7.0","Warszawa - Modlin","2+1","100.0","1.0","1.0","10725.0","10725.0","10725.0","10725.0","10725.0","0.0","0.0","0.0","0.0","0.0","0.0","0.0","0.0","-2.0","0.0","0.0","0.0","0.0","0.0","4.4","1.0","0.0"
"2026-09-21T23:25:50+0000","egipt|marsa-alam|2026-12-30|2027-01-06|7|Warszawa - Modlin|2+1","filter_egypt_ny_dec24_2026_7_10_days","egipt","marsa-alam","2026-12-30","2027-01-06","7.0","Warszawa - Modlin","2+1","100.0","1.0","1.0","10584.0","10584.0","10584.0","10584.0","10584.0","0.0","0.0","0.0","0.0","0.0","0.0","0.0","0.0","-2.0","0.0","0.0","0.0","0.0","0.0","4.4","1.0","0.0"
"2026-09-22T05:11:54+0000","egipt|marsa-alam|2026-12-30|2027-01-06|7|Warszawa - Modlin|2+1","filter_egypt_ny_dec24_2026_7_10_days","egipt","marsa-alam","2026-12-30","2027-01-06","7.0","Warszawa - Modlin","2+1","99.0","1.0","1.0","10584.0","10584.0","10584.0","10584.0","10584.0","0.0","0.0","0.0","0.0","0.0","0.0","0.0","0.0","-2.0","1.0","0.0","0.0","0.0","0.0","4.4","1.0","0.0"
"2026-09-23T06:08:06+0000","egipt|marsa-alam|2026-12-30|2027-01-06|7|Warszawa - Modlin|2+1","filter_egypt_ny_dec24_2026_7_10_days","egipt","marsa-alam","2026-12-30","2027-01-06","7.0","Warszawa - Modlin","2+1","98.0","1.0","1.0","10953.0","10953.0","10953.0","10953.0","10953.0","0.0","0.0","0.0","0.0","0.0","0.0","0.0","0.0","0.0","1.0","0.0","0.0","0.0","0.0","4.4","1.0","0.0"
"2026-09-24T05:05:16+0000","egipt|marsa-alam|2026-12-30|2027-01-06|7|Warszawa - Modlin|2+1","filter_egypt_ny_dec24_2026_7_10_days","egipt","marsa-alam","2026-12-30","2027-01-06","7.0","Warszawa - Modlin","2+1","97.0","1.0","1.0","9671.0","9671.0","9671.0","9671.0","9671.0","1.0","0.0","0.0","0.0","0.0","0.0","0.0","0.0","0.0","0.0","0.0","0.0","0.0","0.0","4.6","1.0","0.0"
"2026-09-24T10:13:08+0000","egipt|marsa-alam|2026-12-30|2027-01-06|7|Warszawa - Modlin|2+1","filter_egypt_ny_dec24_2026_7_10_days","egipt","marsa-alam","2026-12-30","2027-01-06","7.0","Warszawa - Modlin","2+1","97.0","1.0","1.0","9671.0","9671.0","9671.0","9671.0","9671.0","1.0","0.0","0.0","0.0","0.0","0.0","0.0","0.0","0.0","0.0","0.0","0.0","0.0","0.0","4.6","1.0","0.0"
"2026-09-24T15:18:16+0000","egipt|marsa-alam|2026-12-30|2027-01-06|7|Warszawa - Modlin|2+1","filter_egypt_ny_dec24_2026_7_10_days","egipt","marsa-alam","2026-12-30","2027-01-06","7.0","Warszawa - Modlin","2+1","97.0","1.0","1.0","9671.0","9671.0","9671.0","9671.0","9671.0","1.0","0.0","0.0","0.0","0.0","0.0","0.0","0.0","0.0","0.0","0.0","0.0","0.0","0.0","4.6","1.0","0.0"
"2026-09-24T19:22:15+0000","egipt|marsa-alam|2026-12-30|2027-01-06|7|Warszawa - Modlin|2+1","filter_egypt_ny_dec24_2026_7_10_days","egipt","marsa-alam","2026-12-30","2027-01-06","7.0","Warszawa - Modlin","2+1","97.0","2.0","2.0","9338.0","9371.3","9421.25","9504.5","9671.0","2.0","0.0","0.0","0.0","0.0","0.0","0.0","0.0","1.0","1.0","0.0","0.0","0.0","0.0","4.6","2.0","0.0"
"2026-09-24T23:19:05+0000","egipt|marsa-alam|2026-12-30|2027-01-06|7|Warszawa - Modlin|2+1","filter_egypt_ny_dec24_2026_7_10_days","egipt","marsa-alam","2026-12-30","2027-01-06","7.0","Warszawa - Modlin","2+1","97.0","1.0","1.0","9338.0","9338.0","9338.0","9338.0","9338.0","1.0","0.0","0.0","0.0","0.0","0.0","0.0","0.0","0.0","0.0","0.0","0.0","0.0","0.0","4.6","1.0","0.0"
"2026-08-26T08:30:22+0000","egipt|sharm-el-sheikh|2026-12-24|2026-12-31|7|Warszawa - Modlin|2+1","filter_egypt_ny_dec24_2026_7_10_days","egipt","sharm-el-sheikh","2026-12-24","2026-12-31","7.0","Warszawa - Modlin","2+1","120.0","3.0","3.0","10551.0","10597.8","10668.0","10785.0","10785.0","0.0","0.0","0.0","0.0","0.0","0.0","0.0","0.0","0.0","0.0","0.0","0.0","0.0","0.0","4.2","3.0","0.0"
"2026-08-26T09:34:42+0000","egipt|sharm-el-sheikh|2026-12-24|2026-12-31|7|Warszawa - Modlin|2+1","filter_egypt_ny_dec24_2026_7_10_days","egipt","sharm-el-sheikh","2026-12-24","2026-12-31","7.0","Warszawa - Modlin","2+1","120.0","3.0","3.0","9825.0","10017.0","10305.0","10785.0","10785.0","1.0","0.0","0.0","0.0","0.0","0.0","0.0","0.0","0.0","0.0","56.0","-1.19","0.0","0.0","4.2","3.0","0.0"
"2026-08-26T10:27:42+0000","egipt|sharm-el-sheikh|2026-12-24|2026-12-31|7|Warszawa - Modlin|2+1","filter_egypt_ny_dec24_2026_7_10_days","egipt","sharm-el-sheikh","2026-12-24","2026-12-31","7.0","Warszawa - Modlin","2+1","120.0","3.0","3.0","9825.0","10017.0","10305.0","10785.0","10785.0","1.0","0.0","0.0","0.0","0.0","0.0","0.0","0.0","0.0","0.0","56.0","-0.85","0.0","0.0","4.2","3.0","0.0"
"2026-08-26T10:58:13+0000","egipt|sharm-el-sheikh|2026-12-24|2026-12-31|7|Warszawa - Modlin|2+1","filter_egypt_ny_dec24_2026_7_10_days","egipt","sharm-el-sheikh","2026-12-24","2026-12-31","7.0","Warszawa - Modlin","2+1","120.0","1.0","1.0","9825.0","9825.0","9825.0","9825.0","9825.0","1.0","0.0","0.0","0.0","0.0","0.0","0.0","0.0","0.0","0.0","0.0","0.0","0.0","0.0","4.3","1.0","0.0"
"2026-08-26T11:23:14+0000","egipt|sharm-el-sheikh|2026-12-24|2026-12-31|7|Warszawa - Modlin|2+1","filter_egypt_ny_dec24_2026_7_10_days","egipt","sharm-el-sheikh","2026-12-24","2026-12-31","7.0","Warszawa - Modlin","2+1","120.0","1.0","1.0","9825.0","9825.0","9825.0","9825.0","9825.0","1.0","0.0","0.0","0.0","0.0","0.0","0.0","0.0","0.0","0.0","0.0","0.0","0.0","0.0","4.3","1.0","0.0"
"2026-08-26T12:33:22+0000","egipt|sharm-el-sheikh|2026-12-24|2026-12-31|7|Warszawa - Modlin|2+1","filter_egypt_ny_dec24_2026_7_10_days","egipt","sharm-el-sheikh","2026-12-24","2026-12-31","7.0","Warszawa - Modlin","2+1","120.0","1.0","1.0","9825.0","9825.0","9825.0","9825.0","9825.0","1.0","0.0","0.0","0.0","0.0","0.0","0.0","0.0","0.0","0.0","0.0","0.0","0.0","0.0","4.3","1.0","0.0"
"2026-08-26T13:48:44+0000","egipt|sharm-el-sheikh|2026-12-24|2026-12-31|7|Warszawa - Modlin|2+1","filter_egypt_ny_dec24_2026_7_10_days","egipt","sharm-el-sheikh","2026-12-24","2026-12-31","7.0","Warszawa - Modlin","2+1","120.0","1.0","1.0","9825.0","9825.0","9825.0","9825.0","9825.0","1.0","0.0","0.0","0.0","0.0","0.0","0.0","0.0","0.0","0.0","0.0","0.0","0.0","0.0","4.3","1.0","0.0"
"2026-08-26T14:38:03+0000","egipt|sharm-el-sheikh|2026-12-24|2026-12-31|7|Warszawa - Modlin|2+1","filter_egypt_ny_dec24_2026_7_10_days","egipt","sharm-el-sheikh","2026-12-24","2026-12-31","7.0","Warszawa - Modlin","2+1","120.0","1.0","1.0","9825.0","9825.0","9825.0","9825.0","9825.0","1.0","0.0","0.0","0.0","0.0","0.0","0.0","0.0","0.0","0.0","0.0","0.0","0.0","0.0","4.3","1.0","0.0"
"2026-08-26T16:13:30+0000","egipt|sharm-el-sheikh|2026-12-24|2026-12-31|7|Warszawa - Modlin|2+1","filter_egypt_ny_dec24_2026_7_10_days","egipt","sharm-el-sheikh","2026-12-24","2026-12-31","7.0","Warszawa - Modlin","2+1","120.0","1.0","1.0","9825.0","9825.0","9825.0","9825.0","9825.0","1.0","0.0","0.0","0.0","0.0","0.0","0.0","0.0","0.0","0.0","0.0","0.0","0.0","0.0","4.3","1.0","0.0"
"2026-08-26T18:53:07+0000","egipt|sharm-el-sheikh|2026-12-24|2026-12-31|7|Warszawa - Modlin|2+1","filter_egypt_ny_dec24_2026_7_10_days","egipt","sharm-el-sheikh","2026-12-24","2026-12-31","7.0","Warszawa - Modlin","2+1","120.0","1.0","1.0","9825.0","9825.0","9825.0","9825.0","9825.0","1.0","0.0","0.0","0.0","0.0","0.0","0.0","0.0","0.0","0.0","0.0","0.0","0.0","0.0","4.3","1.0","0.0"
"2026-08-26T21:31:23+0000","egipt|sharm-el-sheikh|2026-12-24|2026-12-31|7|Warszawa - Modlin|2+1","filter_egypt_ny_dec24_2026_7_10_days","egipt","sharm-el-sheikh","2026-12-24","2026-12-31","7.0","Warszawa - Modlin","2+1","120.0","1.0","1.0","9825.0","9825.0","9825.0","9825.0","9825.0","1.0","0.0","0.0","0.0","0.0","0.0","0.0","0.0","-2.0","1.0","0.0","0.0","0.0","0.0","4.3","1.0","0.0"
"2026-08-27T02:27:44+0000","egipt|sharm-el-sheikh|2026-12-24|2026-12-31|7|Warszawa - Modlin|2+1","filter_egypt_ny_dec24_2026_7_10_days","egipt","sharm-el-sheikh","2026-12-24","2026-12-31","7.0","Warszawa - Modlin","2+1","119.0","1.0","1.0","9825.0","9825.0","9825.0","9825.0","9825.0","1.0","0.0","0.0","0.0","0.0","0.0","0.0","0.0","-2.0","1.0","0.0","0.0","0.0","0.0","4.3","1.0","0.0"
"2026-08-27T10:16:43+0000","egipt|sharm-el-sheikh|2026-12-24|2026-12-31|7|Warszawa - Modlin|2+1","filter_egypt_ny_dec24_2026_7_10_days","egipt","sharm-el-sheikh","2026-12-24","2026-12-31","7.0","Warszawa - Modlin","2+1","119.0","1.0","1.0","9825.0","9825.0","9825.0","9825.0","9825.0","1.0","0.0","0.0","0.0","0.0","0.0","0.0","0.0","-2.0","1.0","0.0","0.0","0.0","0.0","4.3","1.0","0.0"
"2026-08-27T13:06:18+0000","egipt|sharm-el-sheikh|2026-12-24|2026-12-31|7|Warszawa - Modlin|2+1","filter_egypt_ny_dec24_2026_7_10_days","egipt","sharm-el-sheikh","2026-12-24","2026-12-31","7.0","Warszawa - Modlin","2+1","119.0","5.0","5.0","9428.0","9428.0","9428.0","9825.0","10070.0","4.0","0.0","0.0","0.0","0.0","0.0","0.0","0.0","4.0","1.0","62.0","-1.05","0.0","1.0","4.2","5.0","0.0"
"2026-08-27T13:22:52+0000","egipt|sharm-el-sheikh|2026-12-24|2026-12-31|7|Warszawa - Modlin|2+1","filter_egypt_ny_dec24_2026_7_10_days","egipt","sharm-el-sheikh","2026-12-24","2026-12-31","7.0","Warszawa - Modlin","2+1","119.0","5.0","5.0","9428.0","9428.0","9428.0","9825.0","10070.0","4.0","0.0","0.0","0.0","0.0","0.0","0.0","0.0","4.0","1.0","61.0","-3.68","0.0","1.0","4.2","5.0","0.0"
"2026-08-27T15:41:38+0000","egipt|sharm-el-sheikh|2026-12-24|2026-12-31|7|Warszawa - Modlin|2+1","filter_egypt_ny_dec24_2026_7_10_days","egipt","sharm-el-sheikh","2026-12-24","2026-12-31","7.0","Warszawa - Modlin","2+1","119.0","1.0","1.0","9825.0","9825.0","9825.0","9825.0","9825.0","1.0","0.0","0.0","0.0","0.0","0.0","0.0","0.0","0.0","1.0","0.0","0.0","0.0","0.0","4.3","1.0","0.0"
"2026-08-27T23:24:49+0000","egipt|sharm-el-sheikh|2026-12-24|2026-12-31|7|Warszawa - Modlin|2+1","filter_egypt_ny_dec24_2026_7_10_days","egipt","sharm-el-sheikh","2026-12-24","2026-12-31","7.0","Warszawa - Modlin","2+1","119.0","1.0","1.0","9825.0","9825.0","9825.0","9825.0","9825.0","1.0","0.0","0.0","0.0","0.0","0.0","0.0","0.0","0.0","1.0","0.0","0.0","0.0","0.0","4.3","1.0","0.0"
"2026-08-28T05:44:15+0000","egipt|sharm-el-sheikh|2026-12-24|2026-12-31|7|Warszawa - Modlin|2+1","filter_egypt_ny_dec24_2026_7_10_days","egipt","sharm-el-sheikh","2026-12-24","2026-12-31","7.0","Warszawa - Modlin","2+1","118.0","1.0","1.0","9825.0","9825.0","9825.0","9825.0","9825.0","1.0","0.0","0.0","0.0","0.0","0.0","0.0","0.0","0.0","1.0","0.0","0.0","0.0","0.0","4.3","1.0","0.0"
"2026-08-28T06:04:41+0000","egipt|sharm-el-sheikh|2026-12-24|2026-12-31|7|Warszawa - Modlin|2+1","filter_egypt_ny_dec24_2026_7_10_days","egipt","sharm-el-sheikh","2026-12-24","2026-12-31","7.0","Warszawa - Modlin","2+1","118.0","1.0","1.0","9825.0","9825.0","9825.0","9825.0","9825.0","1.0","0.0","0.0","0.0","0.0","0.0","0.0","0.0","0.0","1.0","0.0","0.0","0.0","0.0","4.3","1.0","0.0"
"2026-08-28T07:53:00+0000","egipt|sharm-el-sheikh|2026-12-24|2026-12-31|7|Warszawa - Modlin|2+1","filter_egypt_ny_dec24_2026_7_10_days","egipt","sharm-el-sheikh","2026-12-24","2026-12-31","7.0","Warszawa - Modlin","2+1","118.0","1.0","1.0","9825.0","9825.0","9825.0","9825.0","9825.0","1.0","0.0","0.0","0.0","0.0","0.0","0.0","0.0","0.0","1.0","0.0","0.0","0.0","0.0","4.3","1.0","0.0"
"2026-08-28T08:10:48+0000","egipt|sharm-el-sheikh|2026-12-24|2026-12-31|7|Warszawa - Modlin|2+1","filter_egypt_ny_dec24_2026_7_10_days","egipt","sharm-el-sheikh","2026-12-24","2026-12-31","7.0","Warszawa - Modlin","2+1","118.0","1.0","1.0","9825.0","9825.0","9825.0","9825.0","9825.0","1.0","0.0","0.0","0.0","0.0","0.0","0.0","0.0","0.0","1.0","0.0","0.0","0.0","0.0","4.3","1.0","0.0"
"2026-08-28T19:50:00+0000","egipt|sharm-el-sheikh|2026-12-24|2026-12-31|7|Warszawa - Modlin|2+1","filter_egypt_ny_dec24_2026_7_10_days","egipt","sharm-el-sheikh","2026-12-24","2026-12-31","7.0","Warszawa - Modlin","2+1","118.0","5.0","5.0","9428.0","9428.0","9428.0","9825.0","10070.0","4.0","0.0","0.0","0.0","0.0","0.0","0.0","0.0","4.0","1.0","61.0","-0.52","0.0","1.0","4.2","5.0","0.0"
"2026-08-29T02:39:15+0000","egipt|sharm-el-sheikh|2026-12-24|2026-12-31|7|Warszawa - Modlin|2+1","filter_egypt_ny_dec24_2026_7_10_days","egipt","sharm-el-sheikh","2026-12-24","2026-12-31","7.0","Warszawa - Modlin","2+1","117.0","4.0","4.0","9825.0","10087.8","10482.0","10794.5","10888.0","1.0","0.0","0.0","0.0","0.0","0.0","0.0","0.0","3.0","1.0","63.0","-0.01","0.0","1.0","4.2","4.0","0.0"
"2026-08-29T06:51:20+0000","egipt|sharm-el-sheikh|2026-12-24|2026-12-31|7|Warszawa - Modlin|2+1","filter_egypt_ny_dec24_2026_7_10_days","egipt","sharm-el-sheikh","2026-12-24","2026-12-31","7.0","Warszawa - Modlin","2+1","117.0","4.0","4.0","9825.0","10087.8","10482.0","10794.5","10888.0","1.0","0.0","0.0","0.0","0.0","0.0","0.0","0.0","3.0","1.0","59.0","-0.01","0.0","1.0","4.2","4.0","0.0"
"2026-08-29T09:12:03+0000","egipt|sharm-el-sheikh|2026-12-24|2026-12-31|7|Warszawa - Modlin|2+1","filter_egypt_ny_dec24_2026_7_10_days","egipt","sharm-el-sheikh","2026-12-24","2026-12-31","7.0","Warszawa - Modlin","2+1","117.0","2.0","2.0","9825.0","9912.6","10044.0","10263.0","10701.0","1.0","0.0","0.0","0.0","0.0","0.0","0.0","0.0","1.0","1.0","0.0","0.0","0.0","0.0","4.2","2.0","0.0"
"2026-08-29T09:30:53+0000","egipt|sharm-el-sheikh|2026-12-24|2026-12-31|7|Warszawa - Modlin|2+1","filter_egypt_ny_dec24_2026_7_10_days","egipt","sharm-el-sheikh","2026-12-24","2026-12-31","7.0","Warszawa - Modlin","2+1","117.0","3.0","3.0","9825.0","10000.2","10263.0","10701.0","10888.0","1.0","0.0","0.0","0.0","0.0","0.0","0.0","0.0","2.0","1.0","61.0","-0.01","0.0","1.0","4.2","3.0","0.0"
"2026-08-29T12:09:36+0000","egipt|sharm-el-sheikh|2026-12-24|2026-12-31|7|Warszawa - Modlin|2+1","filter_egypt_ny_dec24_2026_7_10_days","egipt","sharm-el-sheikh","2026-12-24","2026-12-31","7.0","Warszawa - Modlin","2+1","117.0","2.0","2.0","9825.0","9912.6","10044.0","10263.0","10701.0","1.0","0.0","0.0","0.0","0.0","0.0","0.0","0.0","1.0","1.0","0.0","0.0","0.0","0.0","4.2","2.0","0.0"
"2026-08-29T14:39:09+0000","egipt|sharm-el-sheikh|2026-12-24|2026-12-31|7|Warszawa - Modlin|2+1","filter_egypt_ny_dec24_2026_7_10_days","egipt","sharm-el-sheikh","2026-12-24","2026-12-31","7.0","Warszawa - Modlin","2+1","117.0","2.0","2.0","9825.0","9912.6","10044.0","10263.0","10701.0","1.0","0.0","0.0","0.0","0.0","0.0","0.0","0.0","-3.0","1.0","0.0","0.0","0.0","0.0","4.2","2.0","0.0"
"2026-08-29T18:41:43+0000","egipt|sharm-el-sheikh|2026-12-24|2026-12-31|7|Warszawa - Modlin|2+1","filter_egypt_ny_dec24_2026_7_10_days","egipt","sharm-el-sheikh","2026-12-24","2026-12-31","7.0","Warszawa - Modlin","2+1","117.0","2.0","2.0","9825.0","9912.6","10044.0","10263.0","10701.0","1.0","0.0","0.0","0.0","0.0","0.0","0.0","0.0","-3.0","1.0","0.0","0.0","0.0","0.0","4.2","2.0","0.0"
"2026-08-29T21:52:29+0000","egipt|sharm-el-sheikh|2026-12-24|2026-12-31|7|Warszawa - Modlin|2+1","filter_egypt_ny_dec24_2026_7_10_days","egipt","sharm-el-sheikh","2026-12-24","2026-12-31","7.0","Warszawa - Modlin","2+1","117.0","2.0","2.0","9825.0","9912.6","10044.0","10263.0","10701.0","1.0","0.0","0.0","0.0","0.0","0.0","0.0","0.0","-3.0","1.0","0.0","0.0","0.0","0.0","4.2","2.0","0.0"
"2026-08-30T00:29:41+0000","egipt|sharm-el-sheikh|2026-12-24|2026-12-31|7|Warszawa - Modlin|2+1","filter_egypt_ny_dec24_2026_7_10_days","egipt","sharm-el-sheikh","2026-12-24","2026-12-31","7.0","Warszawa - Modlin","2+1","116.0","2.0","2.0","9825.0","9912.6","10044.0","10263.0","10701.0","1.0","0.0","0.0","0.0","0.0","0.0","0.0","0.0","-2.0","1.0","0.0","0.0","0.0","0.0","4.2","2.0","0.0"
"2026-08-30T06:46:13+0000","egipt|sharm-el-sheikh|2026-12-24|2026-12-31|7|Warszawa - Modlin|2+1","filter_egypt_ny_dec24_2026_7_10_days","egipt","sharm-el-sheikh","2026-12-24","2026-12-31","7.0","Warszawa - Modlin","2+1","116.0","2.0","2.0","9825.0","9912.6","10044.0","10263.0","10701.0","1.0","0.0","0.0","0.0","0.0","0.0","0.0","0.0","-2.0","1.0","0.0","0.0","0.0","0.0","4.2","2.0","0.0"
"2026-08-30T06:59:08+0000","egipt|sharm-el-sheikh|2026-12-24|2026-12-31|7|Warszawa - Modlin|2+1","filter_egypt_ny_dec24_2026_7_10_days","egipt","sharm-el-sheikh","2026-12-24","2026-12-31","7.0","Warszawa - Modlin","2+1","116.0","2.0","2.0","9825.0","9912.6","10044.0","10263.0","10701.0","1.0","0.0","0.0","0.0","0.0","0.0","0.0","0.0","-2.0","1.0","0.0","0.0","0.0","0.0","4.2","2.0","0.0"
"2026-08-30T11:49:50+0000","egipt|sharm-el-sheikh|2026-12-24|2026-12-31|7|Warszawa - Modlin|2+1","filter_egypt_ny_dec24_2026_7_10_days","egipt","sharm-el-sheikh","2026-12-24","2026-12-31","7.0","Warszawa - Modlin","2+1","116.0","2.0","2.0","9825.0","9912.6","10044.0","10263.0","10701.0","1.0","0.0","0.0","0.0","0.0","0.0","0.0","0.0","0.0","2.0","0.0","0.0","0.0","0.0","4.2","2.0","0.0"
"2026-08-30T13:02:40+0000","egipt|sharm-el-sheikh|2026-12-24|2026-12-31|7|Warszawa - Modlin|2+1","filter_egypt_ny_dec24_2026_7_10_days","egipt","sharm-el-sheikh","2026-12-24","2026-12-31","7.0","Warszawa - Modlin","2+1","116.0","1.0","1.0","9989.0","9989.0","9989.0","9989.0","9989.0","1.0","0.0","0.0","0.0","0.0","0.0","0.0","0.0","-1.0","1.0","0.0","0.0","0.0","0.0","4.3","1.0","0.0"
"2026-08-30T15:01:50+0000","egipt|sharm-el-sheikh|2026-12-24|2026-12-31|7|Warszawa - Modlin|2+1","filter_egypt_ny_dec24_2026_7_10_days","egipt","sharm-el-sheikh","2026-12-24","2026-12-31","7.0","Warszawa - Modlin","2+1","116.0","1.0","1.0","9989.0","9989.0","9989.0","9989.0","9989.0","1.0","0.0","0.0","0.0","0.0","0.0","0.0","0.0","-1.0","1.0","0.0","0.0","0.0","0.0","4.3","1.0","0.0"
"2026-08-30T17:39:15+0000","egipt|sharm-el-sheikh|2026-12-24|2026-12-31|7|Warszawa - Modlin|2+1","filter_egypt_ny_dec24_2026_7_10_days","egipt","sharm-el-sheikh","2026-12-24","2026-12-31","7.0","Warszawa - Modlin","2+1","116.0","1.0","1.0","9989.0","9989.0","9989.0","9989.0","9989.0","1.0","0.0","0.0","0.0","0.0","0.0","0.0","0.0","-1.0","1.0","0.0","0.0","0.0","0.0","4.3","1.0","0.0"
"2026-08-30T23:39:58+0000","egipt|sharm-el-sheikh|2026-12-24|2026-12-31|7|Warszawa - Modlin|2+1","filter_egypt_ny_dec24_2026_7_10_days","egipt","sharm-el-sheikh","2026-12-24","2026-12-31","7.0","Warszawa - Modlin","2+1","116.0","6.0","6.0","7412.0","8420.0","9428.0","9684.0","10070.0","5.0","1.0","0.0","0.0","0.0","0.0","0.0","0.0","4.0","1.0","63.0","-2.53","1.0","0.0","4.2","6.0","0.0"
"2026-08-31T05:42:39+0000","egipt|sharm-el-sheikh|2026-12-24|2026-12-31|7|Warszawa - Modlin|2+1","filter_egypt_ny_dec24_2026_7_10_days","egipt","sharm-el-sheikh","2026-12-24","2026-12-31","7.0","Warszawa - Modlin","2+1","115.0","1.0","1.0","9989.0","9989.0","9989.0","9989.0","9989.0","1.0","0.0","0.0","0.0","0.0","0.0","0.0","0.0","-1.0","0.0","0.0","0.0","0.0","0.0","4.3","1.0","0.0"
"2026-08-31T06:00:23+0000","egipt|sharm-el-sheikh|2026-12-24|2026-12-31|7|Warszawa - Modlin|2+1","filter_egypt_ny_dec24_2026_7_10_days","egipt","sharm-el-sheikh","2026-12-24","2026-12-31","7.0","Warszawa - Modlin","2+1","115.0","1.0","1.0","9989.0","9989.0","9989.0","9989.0","9989.0","1.0","0.0","0.0","0.0","0.0","0.0","0.0","0.0","-1.0","0.0","0.0","0.0","0.0","0.0","4.3","1.0","0.0"
"2026-08-31T07:49:17+0000","egipt|sharm-el-sheikh|2026-12-24|2026-12-31|7|Warszawa - Modlin|2+1","filter_egypt_ny_dec24_2026_7_10_days","egipt","sharm-el-sheikh","2026-12-24","2026-12-31","7.0","Warszawa - Modlin","2+1","115.0","1.0","1.0","9989.0","9989.0","9989.0","9989.0","9989.0","1.0","0.0","0.0","0.0","0.0","0.0","0.0","0.0","-1.0","0.0","0.0","0.0","0.0","0.0","4.3","1.0","0.0"
"2026-08-31T13:12:09+0000","egipt|sharm-el-sheikh|2026-12-24|2026-12-31|7|Warszawa - Modlin|2+1","filter_egypt_ny_dec24_2026_7_10_days","egipt","sharm-el-sheikh","2026-12-24","2026-12-31","7.0","Warszawa - Modlin","2+1","115.0","1.0","1.0","9989.0","9989.0","9989.0","9989.0","9989.0","1.0","0.0","0.0","0.0","0.0","0.0","0.0","0.0","0.0","0.0","0.0","0.0","0.0","0.0","4.3","1.0","0.0"
"2026-08-31T14:08:33+0000","egipt|sharm-el-sheikh|2026-12-24|2026-12-31|7|Warszawa - Modlin|2+1","filter_egypt_ny_dec24_2026_7_10_days","egipt","sharm-el-sheikh","2026-12-24","2026-12-31","7.0","Warszawa - Modlin","2+1","115.0","1.0","1.0","9989.0","9989.0","9989.0","9989.0","9989.0","1.0","0.0","0.0","0.0","0.0","0.0","0.0","0.0","0.0","0.0","0.0","0.0","0.0","0.0","4.3","1.0","0.0"
"2026-08-31T15:54:27+0000","egipt|sharm-el-sheikh|2026-12-24|2026-12-31|7|Warszawa - Modlin|2+1","filter_egypt_ny_dec24_2026_7_10_days","egipt","sharm-el-sheikh","2026-12-24","2026-12-31","7.0","Warszawa - Modlin","2+1","115.0","1.0","1.0","9989.0","9989.0","9989.0","9989.0","9989.0","1.0","0.0","0.0","0.0","0.0","0.0","0.0","0.0","0.0","0.0","0.0","0.0","0.0","0.0","4.3","1.0","0.0"
"2026-08-31T20:15:42+0000","egipt|sharm-el-sheikh|2026-12-24|2026-12-31|7|Warszawa - Modlin|2+1","filter_egypt_ny_dec24_2026_7_10_days","egipt","sharm-el-sheikh","2026-12-24","2026-12-31","7.0","Warszawa - Modlin","2+1","115.0","1.0","1.0","9989.0","9989.0","9989.0","9989.0","9989.0","1.0","0.0","0.0","0.0","0.0","0.0","0.0","0.0","0.0","0.0","0.0","0.0","0.0","0.0","4.3","1.0","0.0"
"2026-08-31T23:59:15+0000","egipt|sharm-el-sheikh|2026-12-24|2026-12-31|7|Warszawa - Modlin|2+1","filter_egypt_ny_dec24_2026_7_10_days","egipt","sharm-el-sheikh","2026-12-24","2026-12-31","7.0","Warszawa - Modlin","2+1","115.0","2.0","2.0","9989.0","10063.2","10174.5","10360.0","10731.0","1.0","0.0","0.0","0.0","0.0","0.0","0.0","0.0","-4.0","0.0","0.0","0.0","0.0","0.0","4.2","2.0","0.0"
"2026-09-01T05:01:32+0000","egipt|sharm-el-sheikh|2026-12-24|2026-12-31|7|Warszawa - Modlin|2+1","filter_egypt_ny_dec24_2026_7_10_days","egipt","sharm-el-sheikh","2026-12-24","2026-12-31","7.0","Warszawa - Modlin","2+1","114.0","1.0","1.0","9989.0","9989.0","9989.0","9989.0","9989.0","1.0","0.0","0.0","0.0","0.0","0.0","0.0","0.0","0.0","1.0","0.0","0.0","0.0","0.0","4.3","1.0","0.0"
"2026-09-01T05:23:27+0000","egipt|sharm-el-sheikh|2026-12-24|2026-12-31|7|Warszawa - Modlin|2+1","filter_egypt_ny_dec24_2026_7_10_days","egipt","sharm-el-sheikh","2026-12-24","2026-12-31","7.0","Warszawa - Modlin","2+1","114.0","1.0","1.0","9989.0","9989.0","9989.0","9989.0","9989.0","1.0","0.0","0.0","0.0","0.0","0.0","0.0","0.0","0.0","1.0","0.0","0.0","0.0","0.0","4.3","1.0","0.0"
"2026-09-01T11:50:39+0000","egipt|sharm-el-sheikh|2026-12-24|2026-12-31|7|Warszawa - Modlin|2+1","filter_egypt_ny_dec24_2026_7_10_days","egipt","sharm-el-sheikh","2026-12-24","2026-12-31","7.0","Warszawa - Modlin","2+1","114.0","1.0","1.0","9989.0","9989.0","9989.0","9989.0","9989.0","1.0","0.0","0.0","0.0","0.0","0.0","0.0","0.0","0.0","1.0","0.0","0.0","0.0","0.0","4.3","1.0","0.0"
"2026-09-01T14:11:33+0000","egipt|sharm-el-sheikh|2026-12-24|2026-12-31|7|Warszawa - Modlin|2+1","filter_egypt_ny_dec24_2026_7_10_days","egipt","sharm-el-sheikh","2026-12-24","2026-12-31","7.0","Warszawa - Modlin","2+1","114.0","1.0","1.0","9989.0","9989.0","9989.0","9989.0","9989.0","1.0","0.0","0.0","0.0","0.0","0.0","0.0","0.0","0.0","1.0","0.0","0.0","0.0","0.0","4.3","1.0","0.0"
"2026-09-02T11:32:16+0000","egipt|sharm-el-sheikh|2026-12-24|2026-12-31|7|Warszawa - Modlin|2+1","filter_egypt_ny_dec24_2026_7_10_days","egipt","sharm-el-sheikh","2026-12-24","2026-12-31","7.0","Warszawa - Modlin","2+1","113.0","3.0","3.0","10393.0","10485.6","10624.5","10856.0","10856.0","0.0","0.0","0.0","0.0","0.0","0.0","0.0","0.0","2.0","0.0","0.0","0.0","0.0","0.0","4.2","3.0","0.0"
"2026-09-02T16:22:40+0000","egipt|sharm-el-sheikh|2026-12-24|2026-12-31|7|Warszawa - Modlin|2+1","filter_egypt_ny_dec24_2026_7_10_days","egipt","sharm-el-sheikh","2026-12-24","2026-12-31","7.0","Warszawa - Modlin","2+1","113.0","7.0","7.0","10080.0","10291.2","10437.0","10536.0","10974.0","0.0","0.0","0.0","0.0","0.0","0.0","0.0","0.0","6.0","0.0","62.0","-1.46","0.0","2.0","4.2","7.0","0.0"
"2026-09-02T16:45:09+0000","egipt|sharm-el-sheikh|2026-12-24|2026-12-31|7|Warszawa - Modlin|2+1","filter_egypt_ny_dec24_2026_7_10_days","egipt","sharm-el-sheikh","2026-12-24","2026-12-31","7.0","Warszawa - Modlin","2+1","113.0","7.0","7.0","10080.0","10291.2","10437.0","10536.0","10974.0","0.0","0.0","0.0","0.0","0.0","0.0","0.0","0.0","6.0","0.0","62.0","-1.32","0.0","2.0","4.2","7.0","0.0"
"2026-09-02T19:56:13+0000","egipt|sharm-el-sheikh|2026-12-24|2026-12-31|7|Warszawa - Modlin|2+1","filter_egypt_ny_dec24_2026_7_10_days","egipt","sharm-el-sheikh","2026-12-24","2026-12-31","7.0","Warszawa - Modlin","2+1","113.0","6.0","6.0","10294.0","10341.0","10388.0","10502.0","10936.0","0.0","0.0","0.0","0.0","0.0","0.0","0.0","0.0","5.0","0.0","77.0","-2.67","0.0","1.0","4.35","6.0","0.0"
"2026-09-03T11:28:58+0000","egipt|sharm-el-sheikh|2026-12-24|2026-12-31|7|Warszawa - Modlin|2+1","filter_egypt_ny_dec24_2026_7_10_days","egipt","sharm-el-sheikh","2026-12-24","2026-12-31","7.0","Warszawa - Modlin","2+1","112.0","6.0","6.0","10294.0","10341.0","10388.0","10502.0","10936.0","0.0","0.0","0.0","0.0","0.0","0.0","0.0","0.0","3.0","0.0","64.0","-0.81","1.0","1.0","4.35","6.0","0.0"
"2026-09-03T16:02:14+0000","egipt|sharm-el-sheikh|2026-12-24|2026-12-31|7|Warszawa - Modlin|2+1","filter_egypt_ny_dec24_2026_7_10_days","egipt","sharm-el-sheikh","2026-12-24","2026-12-31","7.0","Warszawa - Modlin","2+1","112.0","7.0","7.0","9946.0","10001.8","10039.0","10268.0","10685.0","1.0","0.0","0.0","0.0","0.0","0.0","0.0","0.0","0.0","1.0","62.0","-3.01","1.0","0.0","4.2","7.0","0.0"
"2026-09-03T16:36:10+0000","egipt|sharm-el-sheikh|2026-12-24|2026-12-31|7|Warszawa - Modlin|2+1","filter_egypt_ny_dec24_2026_7_10_days","egipt","sharm-el-sheikh","2026-12-24","2026-12-31","7.0","Warszawa - Modlin","2+1","112.0","7.0","7.0","9946.0","10001.8","10039.0","10268.0","10685.0","1.0","0.0","0.0","0.0","0.0","0.0","0.0","0.0","0.0","1.0","62.0","-2.55","1.0","0.0","4.2","7.0","0.0"
"2026-09-03T20:00:33+0000","egipt|sharm-el-sheikh|2026-12-24|2026-12-31|7|Warszawa - Modlin|2+1","filter_egypt_ny_dec24_2026_7_10_days","egipt","sharm-el-sheikh","2026-12-24","2026-12-31","7.0","Warszawa - Modlin","2+1","112.0","6.0","6.0","10326.0","10372.5","10419.0","10533.5","10972.0","0.0","0.0","0.0","0.0","0.0","0.0","0.0","0.0","0.0","5.0","56.0","-0.17","0.0","0.0","4.35","6.0","0.0"
"2026-09-04T01:07:30+0000","egipt|sharm-el-sheikh|2026-12-24|2026-12-31|7|Warszawa - Modlin|2+1","filter_egypt_ny_dec24_2026_7_10_days","egipt","sharm-el-sheikh","2026-12-24","2026-12-31","7.0","Warszawa - Modlin","2+1","111.0","7.0","7.0","9946.0","10001.8","10039.0","10268.0","10685.0","1.0","0.0","0.0","0.0","0.0","0.0","0.0","0.0","1.0","6.0","63.0","-2.46","1.0","0.0","4.2","7.0","0.0"
"2026-09-04T06:05:25+0000","egipt|sharm-el-sheikh|2026-12-24|2026-12-31|7|Warszawa - Modlin|2+1","filter_egypt_ny_dec24_2026_7_10_days","egipt","sharm-el-sheikh","2026-12-24","2026-12-31","7.0","Warszawa - Modlin","2+1","111.0","6.0","6.0","10326.0","10372.5","10419.0","10533.5","10972.0","0.0","0.0","0.0","0.0","0.0","0.0","0.0","0.0","0.0","6.0","56.0","0.07","0.0","1.0","4.35","6.0","0.0"
"2026-09-05T05:54:45+0000","egipt|sharm-el-sheikh|2026-12-24|2026-12-31|7|Warszawa - Modlin|2+1","filter_egypt_ny_dec24_2026_7_10_days","egipt","sharm-el-sheikh","2026-12-24","2026-12-31","7.0","Warszawa - Modlin","2+1","110.0","1.0","1.0","10901.0","10901.0","10901.0","10901.0","10901.0","0.0","0.0","0.0","0.0","0.0","0.0","0.0","0.0","-5.0","0.0","0.0","0.0","0.0","0.0","4.3","1.0","0.0"
"2026-09-05T10:48:59+0000","egipt|sharm-el-sheikh|2026-12-24|2026-12-31|7|Warszawa - Modlin|2+1","filter_egypt_ny_dec24_2026_7_10_days","egipt","sharm-el-sheikh","2026-12-24","2026-12-31","7.0","Warszawa - Modlin","2+1","110.0","1.0","1.0","10746.0","10746.0","10746.0","10746.0","10746.0","0.0","0.0","0.0","0.0","0.0","0.0","0.0","0.0","-5.0","0.0","0.0","0.0","0.0","0.0","4.3","1.0","0.0"
"2026-09-05T13:58:31+0000","egipt|sharm-el-sheikh|2026-12-24|2026-12-31|7|Warszawa - Modlin|2+1","filter_egypt_ny_dec24_2026_7_10_days","egipt","sharm-el-sheikh","2026-12-24","2026-12-31","7.0","Warszawa - Modlin","2+1","110.0","1.0","1.0","10746.0","10746.0","10746.0","10746.0","10746.0","0.0","0.0","0.0","0.0","0.0","0.0","0.0","0.0","-5.0","0.0","0.0","0.0","0.0","0.0","4.3","1.0","0.0"
"2026-09-05T16:56:15+0000","egipt|sharm-el-sheikh|2026-12-24|2026-12-31|7|Warszawa - Modlin|2+1","filter_egypt_ny_dec24_2026_7_10_days","egipt","sharm-el-sheikh","2026-12-24","2026-12-31","7.0","Warszawa - Modlin","2+1","110.0","8.0","8.0","9559.0","9625.5","9654.0","10026.5","10746.0","4.0","0.0","0.0","0.0","0.0","0.0","0.0","0.0","2.0","3.0","64.0","-3.27","1.0","0.0","4.25","8.0","0.0"
"2026-09-05T19:10:18+0000","egipt|sharm-el-sheikh|2026-12-24|2026-12-31|7|Warszawa - Modlin|2+1","filter_egypt_ny_dec24_2026_7_10_days","egipt","sharm-el-sheikh","2026-12-24","2026-12-31","7.0","Warszawa - Modlin","2+1","110.0","8.0","8.0","9559.0","9625.5","9654.0","10026.5","10746.0","4.0","0.0","0.0","0.0","0.0","0.0","0.0","0.0","7.0","1.0","64.0","-3.34","1.0","2.0","4.25","8.0","0.0"
"2026-09-05T21:24:19+0000","egipt|sharm-el-sheikh|2026-12-24|2026-12-31|7|Warszawa - Modlin|2+1","filter_egypt_ny_dec24_2026_7_10_days","egipt","sharm-el-sheikh","2026-12-24","2026-12-31","7.0","Warszawa - Modlin","2+1","110.0","1.0","1.0","10746.0","10746.0","10746.0","10746.0","10746.0","0.0","0.0","0.0","0.0","0.0","0.0","0.0","0.0","0.0","1.0","0.0","0.0","0.0","0.0","4.3","1.0","0.0"
"2026-09-06T04:52:47+0000","egipt|sharm-el-sheikh|2026-12-24|2026-12-31|7|Warszawa - Modlin|2+1","filter_egypt_ny_dec24_2026_7_10_days","egipt","sharm-el-sheikh","2026-12-24","2026-12-31","7.0","Warszawa - Modlin","2+1","109.0","1.0","1.0","10746.0","10746.0","10746.0","10746.0","10746.0","0.0","0.0","0.0","0.0","0.0","0.0","0.0","0.0","0.0","1.0","0.0","0.0","0.0","0.0","4.3","1.0","0.0"
"2026-09-06T09:34:56+0000","egipt|sharm-el-sheikh|2026-12-24|2026-12-31|7|Warszawa - Modlin|2+1","filter_egypt_ny_dec24_2026_7_10_days","egipt","sharm-el-sheikh","2026-12-24","2026-12-31","7.0","Warszawa - Modlin","2+1","109.0","1.0","1.0","10746.0","10746.0","10746.0","10746.0","10746.0","0.0","0.0","0.0","0.0","0.0","0.0","0.0","0.0","0.0","1.0","0.0","0.0","0.0","0.0","4.3","1.0","0.0"
"2026-09-06T11:03:59+0000","egipt|sharm-el-sheikh|2026-12-24|2026-12-31|7|Warszawa - Modlin|2+1","filter_egypt_ny_dec24_2026_7_10_days","egipt","sharm-el-sheikh","2026-12-24","2026-12-31","7.0","Warszawa - Modlin","2+1","109.0","1.0","1.0","10746.0","10746.0","10746.0","10746.0","10746.0","0.0","0.0","0.0","0.0","0.0","0.0","0.0","0.0","0.0","1.0","0.0","0.0","0.0","0.0","4.3","1.0","0.0"
"2026-09-06T13:47:50+0000","egipt|sharm-el-sheikh|2026-12-24|2026-12-31|7|Warszawa - Modlin|2+1","filter_egypt_ny_dec24_2026_7_10_days","egipt","sharm-el-sheikh","2026-12-24","2026-12-31","7.0","Warszawa - Modlin","2+1","109.0","1.0","1.0","10746.0","10746.0","10746.0","10746.0","10746.0","0.0","0.0","0.0","0.0","0.0","0.0","0.0","0.0","0.0","1.0","0.0","0.0","0.0","0.0","4.3","1.0","0.0"
"2026-09-06T17:12:16+0000","egipt|sharm-el-sheikh|2026-12-24|2026-12-31|7|Warszawa - Modlin|2+1","filter_egypt_ny_dec24_2026_7_10_days","egipt","sharm-el-sheikh","2026-12-24","2026-12-31","7.0","Warszawa - Modlin","2+1","109.0","1.0","1.0","10746.0","10746.0","10746.0","10746.0","10746.0","0.0","0.0","0.0","0.0","0.0","0.0","0.0","0.0","-7.0","1.0","0.0","0.0","0.0","0.0","4.3","1.0","0.0"
"2026-09-06T19:21:58+0000","egipt|sharm-el-sheikh|2026-12-24|2026-12-31|7|Warszawa - Modlin|2+1","filter_egypt_ny_dec24_2026_7_10_days","egipt","sharm-el-sheikh","2026-12-24","2026-12-31","7.0","Warszawa - Modlin","2+1","109.0","1.0","1.0","10346.0","10346.0","10346.0","10346.0","10346.0","0.0","0.0","0.0","0.0","0.0","0.0","0.0","0.0","-7.0","0.0","0.0","0.0","0.0","0.0","4.3","1.0","0.0"
"2026-09-06T21:33:18+0000","egipt|sharm-el-sheikh|2026-12-24|2026-12-31|7|Warszawa - Modlin|2+1","filter_egypt_ny_dec24_2026_7_10_days","egipt","sharm-el-sheikh","2026-12-24","2026-12-31","7.0","Warszawa - Modlin","2+1","109.0","2.0","2.0","10319.0","10321.7","10325.75","10332.5","10346.0","0.0","0.0","0.0","0.0","0.0","0.0","0.0","0.0","1.0","0.0","0.0","0.0","0.0","0.0","4.45","2.0","0.0"
"2026-09-07T00:04:35+0000","egipt|sharm-el-sheikh|2026-12-24|2026-12-31|7|Warszawa - Modlin|2+1","filter_egypt_ny_dec24_2026_7_10_days","egipt","sharm-el-sheikh","2026-12-24","2026-12-31","7.0","Warszawa - Modlin","2+1","108.0","1.0","1.0","10346.0","10346.0","10346.0","10346.0","10346.0","0.0","0.0","0.0","0.0","0.0","0.0","0.0","0.0","0.0","0.0","0.0","0.0","0.0","0.0","4.3","1.0","0.0"
"2026-09-07T04:56:43+0000","egipt|sharm-el-sheikh|2026-12-24|2026-12-31|7|Warszawa - Modlin|2+1","filter_egypt_ny_dec24_2026_7_10_days","egipt","sharm-el-sheikh","2026-12-24","2026-12-31","7.0","Warszawa - Modlin","2+1","108.0","1.0","1.0","10346.0","10346.0","10346.0","10346.0","10346.0","0.0","0.0","0.0","0.0","0.0","0.0","0.0","0.0","0.0","0.0","0.0","0.0","0.0","0.0","4.3","1.0","0.0"
"2026-09-07T06:30:12+0000","egipt|sharm-el-sheikh|2026-12-24|2026-12-31|7|Warszawa - Modlin|2+1","filter_egypt_ny_dec24_2026_7_10_days","egipt","sharm-el-sheikh","2026-12-24","2026-12-31","7.0","Warszawa - Modlin","2+1","108.0","1.0","1.0","10346.0","10346.0","10346.0","10346.0","10346.0","0.0","0.0","0.0","0.0","0.0","0.0","0.0","0.0","0.0","0.0","0.0","0.0","0.0","0.0","4.3","1.0","0.0"
"2026-09-07T10:32:18+0000","egipt|sharm-el-sheikh|2026-12-24|2026-12-31|7|Warszawa - Modlin|2+1","filter_egypt_ny_dec24_2026_7_10_days","egipt","sharm-el-sheikh","2026-12-24","2026-12-31","7.0","Warszawa - Modlin","2+1","108.0","1.0","1.0","10346.0","10346.0","10346.0","10346.0","10346.0","0.0","0.0","0.0","0.0","0.0","0.0","0.0","0.0","0.0","0.0","0.0","0.0","0.0","0.0","4.3","1.0","0.0"
"2026-09-07T16:36:04+0000","egipt|sharm-el-sheikh|2026-12-24|2026-12-31|7|Warszawa - Modlin|2+1","filter_egypt_ny_dec24_2026_7_10_days","egipt","sharm-el-sheikh","2026-12-24","2026-12-31","7.0","Warszawa - Modlin","2+1","108.0","1.0","1.0","10896.0","10896.0","10896.0","10896.0","10896.0","0.0","0.0","0.0","0.0","0.0","0.0","0.0","0.0","0.0","0.0","0.0","0.0","0.0","0.0","4.3","1.0","0.0"
"2026-09-07T20:42:40+0000","egipt|sharm-el-sheikh|2026-12-24|2026-12-31|7|Warszawa - Modlin|2+1","filter_egypt_ny_dec24_2026_7_10_days","egipt","sharm-el-sheikh","2026-12-24","2026-12-31","7.0","Warszawa - Modlin","2+1","108.0","1.0","1.0","10896.0","10896.0","10896.0","10896.0","10896.0","0.0","0.0","0.0","0.0","0.0","0.0","0.0","0.0","-1.0","0.0","0.0","0.0","0.0","0.0","4.3","1.0","0.0"
"2026-09-08T04:52:28+0000","egipt|sharm-el-sheikh|2026-12-24|2026-12-31|7|Warszawa - Modlin|2+1","filter_egypt_ny_dec24_2026_7_10_days","egipt","sharm-el-sheikh","2026-12-24","2026-12-31","7.0","Warszawa - Modlin","2+1","107.0","1.0","1.0","10896.0","10896.0","10896.0","10896.0","10896.0","0.0","0.0","0.0","0.0","0.0","0.0","0.0","0.0","0.0","0.0","0.0","0.0","0.0","0.0","4.3","1.0","0.0"
"2026-09-08T07:41:59+0000","egipt|sharm-el-sheikh|2026-12-24|2026-12-31|7|Warszawa - Modlin|2+1","filter_egypt_ny_dec24_2026_7_10_days","egipt","sharm-el-sheikh","2026-12-24","2026-12-31","7.0","Warszawa - Modlin","2+1","107.0","12.0","12.0","9731.0","9934.6","10163.5","10518.0","10896.0","2.0","0.0","0.0","0.0","0.0","0.0","0.0","0.0","11.0","0.0","63.0","-3.98","0.0","2.0","4.2","12.0","0.0"
"2026-09-08T09:52:41+0000","egipt|sharm-el-sheikh|2026-12-24|2026-12-31|7|Warszawa - Modlin|2+1","filter_egypt_ny_dec24_2026_7_10_days","egipt","sharm-el-sheikh","2026-12-24","2026-12-31","7.0","Warszawa - Modlin","2+1","107.0","6.0","6.0","9579.0","9626.5","9803.0","10208.5","10549.0","2.0","0.0","0.0","0.0","0.0","0.0","0.0","0.0","5.0","0.0","63.0","-5.81","0.0","1.0","4.4","6.0","0.0"
"2026-09-08T14:42:34+0000","egipt|sharm-el-sheikh|2026-12-24|2026-12-31|7|Warszawa - Modlin|2+1","filter_egypt_ny_dec24_2026_7_10_days","egipt","sharm-el-sheikh","2026-12-24","2026-12-31","7.0","Warszawa - Modlin","2+1","107.0","1.0","1.0","10342.0","10342.0","10342.0","10342.0","10342.0","0.0","0.0","0.0","0.0","0.0","0.0","0.0","0.0","0.0","0.0","0.0","0.0","0.0","0.0","4.3","1.0","0.0"
"2026-09-08T18:51:34+0000","egipt|sharm-el-sheikh|2026-12-24|2026-12-31|7|Warszawa - Modlin|2+1","filter_egypt_ny_dec24_2026_7_10_days","egipt","sharm-el-sheikh","2026-12-24","2026-12-31","7.0","Warszawa - Modlin","2+1","107.0","8.0","8.0","9199.0","9265.5","9294.0","9666.5","10342.0","7.0","0.0","0.0","0.0","0.0","0.0","0.0","0.0","7.0","1.0","60.0","-3.65","0.0","1.0","4.25","8.0","0.0"
"2026-09-09T00:24:30+0000","egipt|sharm-el-sheikh|2026-12-24|2026-12-31|7|Warszawa - Modlin|2+1","filter_egypt_ny_dec24_2026_7_10_days","egipt","sharm-el-sheikh","2026-12-24","2026-12-31","7.0","Warszawa - Modlin","2+1","106.0","1.0","1.0","10342.0","10342.0","10342.0","10342.0","10342.0","0.0","0.0","0.0","0.0","0.0","0.0","0.0","0.0","0.0","0.0","0.0","0.0","0.0","0.0","4.3","1.0","0.0"
"2026-09-09T04:51:31+0000","egipt|sharm-el-sheikh|2026-12-24|2026-12-31|7|Warszawa - Modlin|2+1","filter_egypt_ny_dec24_2026_7_10_days","egipt","sharm-el-sheikh","2026-12-24","2026-12-31","7.0","Warszawa - Modlin","2+1","106.0","1.0","1.0","10342.0","10342.0","10342.0","10342.0","10342.0","0.0","0.0","0.0","0.0","0.0","0.0","0.0","0.0","0.0","0.0","0.0","0.0","0.0","0.0","4.3","1.0","0.0"
"2026-09-09T06:09:15+0000","egipt|sharm-el-sheikh|2026-12-24|2026-12-31|7|Warszawa - Modlin|2+1","filter_egypt_ny_dec24_2026_7_10_days","egipt","sharm-el-sheikh","2026-12-24","2026-12-31","7.0","Warszawa - Modlin","2+1","106.0","10.0","10.0","10019.0","10188.2","10351.75","10475.0","10981.0","0.0","0.0","0.0","0.0","0.0","0.0","0.0","0.0","9.0","0.0","56.0","0.5","0.0","1.0","4.2","10.0","0.0"
"2026-09-09T22:41:18+0000","egipt|sharm-el-sheikh|2026-12-24|2026-12-31|7|Warszawa - Modlin|2+1","filter_egypt_ny_dec24_2026_7_10_days","egipt","sharm-el-sheikh","2026-12-24","2026-12-31","7.0","Warszawa - Modlin","2+1","106.0","4.0","4.0","10467.0","10495.5","10538.25","10562.0","10789.0","0.0","0.0","0.0","0.0","0.0","0.0","0.0","0.0","3.0","0.0","58.0","3.48","0.0","1.0","4.35","4.0","0.0"
"2026-09-10T01:15:01+0000","egipt|sharm-el-sheikh|2026-12-24|2026-12-31|7|Warszawa - Modlin|2+1","filter_egypt_ny_dec24_2026_7_10_days","egipt","sharm-el-sheikh","2026-12-24","2026-12-31","7.0","Warszawa - Modlin","2+1","105.0","4.0","4.0","10467.0","10495.5","10538.25","10562.0","10789.0","0.0","0.0","0.0","0.0","0.0","0.0","0.0","0.0","3.0","0.0","58.0","4.01","0.0","1.0","4.35","4.0","0.0"
"2026-09-10T06:07:47+0000","egipt|sharm-el-sheikh|2026-12-24|2026-12-31|7|Warszawa - Modlin|2+1","filter_egypt_ny_dec24_2026_7_10_days","egipt","sharm-el-sheikh","2026-12-24","2026-12-31","7.0","Warszawa - Modlin","2+1","105.0","2.0","2.0","10942.0","10942.0","10942.0","10942.0","10942.0","0.0","0.0","0.0","0.0","0.0","0.0","0.0","0.0","-8.0","2.0","0.0","0.0","0.0","0.0","4.2","2.0","0.0"
"2026-09-10T19:51:50+0000","egipt|sharm-el-sheikh|2026-12-24|2026-12-31|7|Warszawa - Modlin|2+1","filter_egypt_ny_dec24_2026_7_10_days","egipt","sharm-el-sheikh","2026-12-24","2026-12-31","7.0","Warszawa - Modlin","2+1","105.0","1.0","1.0","9588.0","9588.0","9588.0","9588.0","9588.0","1.0","0.0","0.0","0.0","0.0","0.0","0.0","0.0","-3.0","0.0","0.0","0.0","0.0","0.0","4.3","1.0","0.0"
"2026-09-11T01:14:53+0000","egipt|sharm-el-sheikh|2026-12-24|2026-12-31|7|Warszawa - Modlin|2+1","filter_egypt_ny_dec24_2026_7_10_days","egipt","sharm-el-sheikh","2026-12-24","2026-12-31","7.0","Warszawa - Modlin","2+1","104.0","1.0","1.0","9588.0","9588.0","9588.0","9588.0","9588.0","1.0","0.0","0.0","0.0","0.0","0.0","0.0","0.0","-3.0","0.0","0.0","0.0","0.0","0.0","4.3","1.0","0.0"
"2026-09-12T22:26:59+0000","egipt|sharm-el-sheikh|2026-12-24|2026-12-31|7|Warszawa - Modlin|2+1","filter_egypt_ny_dec24_2026_7_10_days","egipt","sharm-el-sheikh","2026-12-24","2026-12-31","7.0","Warszawa - Modlin","2+1","103.0","1.0","1.0","10278.0","10278.0","10278.0","10278.0","10278.0","0.0","0.0","0.0","0.0","0.0","0.0","0.0","0.0","0.0","0.0","0.0","0.0","0.0","0.0","4.1","1.0","0.0"
"2026-09-15T01:36:50+0000","egipt|sharm-el-sheikh|2026-12-24|2026-12-31|7|Warszawa - Modlin|2+1","filter_egypt_ny_dec24_2026_7_10_days","egipt","sharm-el-sheikh","2026-12-24","2026-12-31","7.0","Warszawa - Modlin","2+1","100.0","1.0","1.0","9286.0","9286.0","9286.0","9286.0","9286.0","1.0","0.0","0.0","0.0","0.0","0.0","0.0","0.0","0.0","0.0","0.0","0.0","0.0","0.0","4.3","1.0","0.0"
"2026-09-16T06:12:13+0000","egipt|sharm-el-sheikh|2026-12-24|2026-12-31|7|Warszawa - Modlin|2+1","filter_egypt_ny_dec24_2026_7_10_days","egipt","sharm-el-sheikh","2026-12-24","2026-12-31","7.0","Warszawa - Modlin","2+1","99.0","4.0","4.0","10566.0","10668.9","10823.25","10940.0","10971.0","0.0","0.0","0.0","0.0","0.0","0.0","0.0","0.0","3.0","0.0","68.0","-0.27","0.0","1.0","4.2","4.0","0.0"
"2026-09-17T01:35:32+0000","egipt|sharm-el-sheikh|2026-12-24|2026-12-31|7|Warszawa - Modlin|2+1","filter_egypt_ny_dec24_2026_7_10_days","egipt","sharm-el-sheikh","2026-12-24","2026-12-31","7.0","Warszawa - Modlin","2+1","98.0","1.0","1.0","10942.0","10942.0","10942.0","10942.0","10942.0","0.0","0.0","0.0","0.0","0.0","0.0","0.0","0.0","-3.0","0.0","0.0","0.0","0.0","0.0","4.0","1.0","0.0"
"2026-09-17T13:38:52+0000","egipt|sharm-el-sheikh|2026-12-24|2026-12-31|7|Warszawa - Modlin|2+1","filter_egypt_ny_dec24_2026_7_10_days","egipt","sharm-el-sheikh","2026-12-24","2026-12-31","7.0","Warszawa - Modlin","2+1","98.0","1.0","1.0","10626.0","10626.0","10626.0","10626.0","10626.0","0.0","0.0","0.0","0.0","0.0","0.0","0.0","0.0","-3.0","1.0","0.0","0.0","0.0","0.0","4.1","1.0","0.0"
"2026-09-17T22:20:46+0000","egipt|sharm-el-sheikh|2026-12-24|2026-12-31|7|Warszawa - Modlin|2+1","filter_egypt_ny_dec24_2026_7_10_days","egipt","sharm-el-sheikh","2026-12-24","2026-12-31","7.0","Warszawa - Modlin","2+1","98.0","9.0","9.0","9391.0","9489.4","9715.0","9751.0","10401.0","5.0","0.0","0.0","0.0","0.0","0.0","0.0","0.0","8.0","0.0","79.0","-8.92","2.0","1.0","4.2","9.0","0.0"
"2026-09-19T11:13:51+0000","egipt|sharm-el-sheikh|2026-12-24|2026-12-31|7|Warszawa - Modlin|2+1","filter_egypt_ny_dec24_2026_7_10_days","egipt","sharm-el-sheikh","2026-12-24","2026-12-31","7.0","Warszawa - Modlin","2+1","96.0","9.0","9.0","9226.0","9262.0","9595.0","9631.0","10281.0","7.0","0.0","9391.0","9540.0","9751.0","-1.76","-1.84","-1.23","0.0","9.0","64.0","-3.66","2.0","1.0","4.2","9.0","0.0"
"2026-09-19T14:35:13+0000","egipt|sharm-el-sheikh|2026-12-24|2026-12-31|7|Warszawa - Modlin|2+1","filter_egypt_ny_dec24_2026_7_10_days","egipt","sharm-el-sheikh","2026-12-24","2026-12-31","7.0","Warszawa - Modlin","2+1","96.0","1.0","1.0","10846.0","10846.0","10846.0","10846.0","10846.0","0.0","0.0","0.0","0.0","0.0","0.0","0.0","0.0","-8.0","1.0","0.0","0.0","0.0","0.0","4.1","1.0","0.0"
"2026-09-19T18:11:00+0000","egipt|sharm-el-sheikh|2026-12-24|2026-12-31|7|Warszawa - Modlin|2+1","filter_egypt_ny_dec24_2026_7_10_days","egipt","sharm-el-sheikh","2026-12-24","2026-12-31","7.0","Warszawa - Modlin","2+1","96.0","9.0","9.0","9066.0","9102.0","9435.0","9471.0","10121.0","8.0","0.0","9391.0","9540.0","9751.0","-3.46","-3.52","-2.87","0.0","9.0","66.0","-5.3","2.0","1.0","4.2","9.0","0.0"
"2026-09-19T20:54:01+0000","egipt|sharm-el-sheikh|2026-12-24|2026-12-31|7|Warszawa - Modlin|2+1","filter_egypt_ny_dec24_2026_7_10_days","egipt","sharm-el-sheikh","2026-12-24","2026-12-31","7.0","Warszawa - Modlin","2+1","96.0","9.0","9.0","9066.0","9102.0","9435.0","9471.0","10121.0","8.0","0.0","9391.0","9540.0","9751.0","-3.46","-3.52","-2.87","0.0","9.0","67.0","-4.7","2.0","1.0","4.2","9.0","0.0"
"2026-09-20T06:31:48+0000","egipt|sharm-el-sheikh|2026-12-24|2026-12-31|7|Warszawa - Modlin|2+1","filter_egypt_ny_dec24_2026_7_10_days","egipt","sharm-el-sheikh","2026-12-24","2026-12-31","7.0","Warszawa - Modlin","2+1","95.0","1.0","1.0","10846.0","10846.0","10846.0","10846.0","10846.0","0.0","0.0","0.0","0.0","0.0","0.0","0.0","0.0","-8.0","1.0","0.0","0.0","0.0","0.0","4.1","1.0","0.0"
"2026-09-20T12:32:01+0000","egipt|sharm-el-sheikh|2026-12-24|2026-12-31|7|Warszawa - Modlin|2+1","filter_egypt_ny_dec24_2026_7_10_days","egipt","sharm-el-sheikh","2026-12-24","2026-12-31","7.0","Warszawa - Modlin","2+1","95.0","1.0","1.0","10846.0","10846.0","10846.0","10846.0","10846.0","0.0","0.0","0.0","0.0","0.0","0.0","0.0","0.0","-8.0","1.0","0.0","0.0","0.0","0.0","4.1","1.0","0.0"
"2026-09-20T16:55:41+0000","egipt|sharm-el-sheikh|2026-12-24|2026-12-31|7|Warszawa - Modlin|2+1","filter_egypt_ny_dec24_2026_7_10_days","egipt","sharm-el-sheikh","2026-12-24","2026-12-31","7.0","Warszawa - Modlin","2+1","95.0","1.0","1.0","10846.0","10846.0","10846.0","10846.0","10846.0","0.0","0.0","0.0","0.0","0.0","0.0","0.0","0.0","-8.0","1.0","0.0","0.0","0.0","0.0","4.1","1.0","0.0"
"2026-09-20T19:36:54+0000","egipt|sharm-el-sheikh|2026-12-24|2026-12-31|7|Warszawa - Modlin|2+1","filter_egypt_ny_dec24_2026_7_10_days","egipt","sharm-el-sheikh","2026-12-24","2026-12-31","7.0","Warszawa - Modlin","2+1","95.0","1.0","1.0","10846.0","10846.0","10846.0","10846.0","10846.0","0.0","0.0","0.0","0.0","0.0","0.0","0.0","0.0","-8.0","1.0","0.0","0.0","0.0","0.0","4.1","1.0","0.0"
"2026-09-20T22:35:49+0000","egipt|sharm-el-sheikh|2026-12-24|2026-12-31|7|Warszawa - Modlin|2+1","filter_egypt_ny_dec24_2026_7_10_days","egipt","sharm-el-sheikh","2026-12-24","2026-12-31","7.0","Warszawa - Modlin","2+1","95.0","1.0","1.0","10846.0","10846.0","10846.0","10846.0","10846.0","0.0","0.0","0.0","0.0","0.0","0.0","0.0","0.0","-8.0","1.0","0.0","0.0","0.0","0.0","4.1","1.0","0.0"
"2026-09-21T01:16:09+0000","egipt|sharm-el-sheikh|2026-12-24|2026-12-31|7|Warszawa - Modlin|2+1","filter_egypt_ny_dec24_2026_7_10_days","egipt","sharm-el-sheikh","2026-12-24","2026-12-31","7.0","Warszawa - Modlin","2+1","94.0","5.0","5.0","10471.0","10600.6","10795.0","10831.0","10846.0","0.0","0.0","0.0","0.0","0.0","0.0","0.0","0.0","-4.0","0.0","0.0","0.0","0.0","0.0","4.2","5.0","0.0"
"2026-09-21T05:24:33+0000","egipt|sharm-el-sheikh|2026-12-24|2026-12-31|7|Warszawa - Modlin|2+1","filter_egypt_ny_dec24_2026_7_10_days","egipt","sharm-el-sheikh","2026-12-24","2026-12-31","7.0","Warszawa - Modlin","2+1","94.0","5.0","5.0","10471.0","10600.6","10795.0","10831.0","10846.0","0.0","0.0","0.0","0.0","0.0","0.0","0.0","0.0","4.0","0.0","56.0","0.0","0.0","0.0","4.2","5.0","0.0"
"2026-09-21T06:33:57+0000","egipt|sharm-el-sheikh|2026-12-24|2026-12-31|7|Warszawa - Modlin|2+1","filter_egypt_ny_dec24_2026_7_10_days","egipt","sharm-el-sheikh","2026-12-24","2026-12-31","7.0","Warszawa - Modlin","2+1","94.0","1.0","1.0","10846.0","10846.0","10846.0","10846.0","10846.0","0.0","0.0","0.0","0.0","0.0","0.0","0.0","0.0","0.0","0.0","0.0","0.0","0.0","0.0","4.1","1.0","0.0"
"2026-09-21T14:22:43+0000","egipt|sharm-el-sheikh|2026-12-24|2026-12-31|7|Warszawa - Modlin|2+1","filter_egypt_ny_dec24_2026_7_10_days","egipt","sharm-el-sheikh","2026-12-24","2026-12-31","7.0","Warszawa - Modlin","2+1","94.0","1.0","1.0","10846.0","10846.0","10846.0","10846.0","10846.0","0.0","0.0","0.0","0.0","0.0","0.0","0.0","0.0","0.0","0.0","0.0","0.0","0.0","0.0","4.1","1.0","0.0"
"2026-09-21T20:05:16+0000","egipt|sharm-el-sheikh|2026-12-24|2026-12-31|7|Warszawa - Modlin|2+1","filter_egypt_ny_dec24_2026_7_10_days","egipt","sharm-el-sheikh","2026-12-24","2026-12-31","7.0","Warszawa - Modlin","2+1","94.0","3.0","3.0","10020.0","10185.2","10433.0","10846.0","10911.0","0.0","0.0","0.0","0.0","0.0","0.0","0.0","0.0","2.0","0.0","54.0","0.81","0.0","0.0","4.1","3.0","0.0"
"2026-09-21T23:25:50+0000","egipt|sharm-el-sheikh|2026-12-24|2026-12-31|7|Warszawa - Modlin|2+1","filter_egypt_ny_dec24_2026_7_10_days","egipt","sharm-el-sheikh","2026-12-24","2026-12-31","7.0","Warszawa - Modlin","2+1","94.0","4.0","4.0","9117.0","9387.9","9794.25","10433.0","10891.0","1.0","0.0","0.0","0.0","0.0","0.0","0.0","0.0","3.0","0.0","57.0","-1.78","0.0","0.0","4.25","4.0","0.0"
"2026-09-22T05:11:54+0000","egipt|sharm-el-sheikh|2026-12-24|2026-12-31|7|Warszawa - Modlin|2+1","filter_egypt_ny_dec24_2026_7_10_days","egipt","sharm-el-sheikh","2026-12-24","2026-12-31","7.0","Warszawa - Modlin","2+1","93.0","3.0","3.0","10019.0","10184.4","10432.5","10846.0","10891.0","0.0","0.0","0.0","0.0","0.0","0.0","0.0","0.0","-2.0","2.0","56.0","0.54","0.0","0.0","4.1","3.0","0.0"
"2026-09-22T10:08:39+0000","egipt|sharm-el-sheikh|2026-12-24|2026-12-31|7|Warszawa - Modlin|2+1","filter_egypt_ny_dec24_2026_7_10_days","egipt","sharm-el-sheikh","2026-12-24","2026-12-31","7.0","Warszawa - Modlin","2+1","93.0","2.0","2.0","10019.0","10108.1","10241.75","10464.5","10910.0","0.0","0.0","0.0","0.0","0.0","0.0","0.0","0.0","1.0","1.0","0.0","0.0","0.0","0.0","4.1","2.0","0.0"
"2026-09-22T15:05:35+0000","egipt|sharm-el-sheikh|2026-12-24|2026-12-31|7|Warszawa - Modlin|2+1","filter_egypt_ny_dec24_2026_7_10_days","egipt","sharm-el-sheikh","2026-12-24","2026-12-31","7.0","Warszawa - Modlin","2+1","93.0","2.0","2.0","10019.0","10108.1","10241.75","10464.5","10910.0","0.0","0.0","0.0","0.0","0.0","0.0","0.0","0.0","1.0","1.0","0.0","0.0","0.0","0.0","4.1","2.0","0.0"
"2026-09-23T20:33:25+0000","egipt|sharm-el-sheikh|2026-12-24|2026-12-31|7|Warszawa - Modlin|2+1","filter_egypt_ny_dec24_2026_7_10_days","egipt","sharm-el-sheikh","2026-12-24","2026-12-31","7.0","Warszawa - Modlin","2+1","92.0","9.0","9.0","9446.0","9482.0","9815.0","9851.0","10501.0","5.0","0.0","0.0","0.0","0.0","0.0","0.0","0.0","7.0","1.0","61.0","-5.7","0.0","2.0","4.2","9.0","0.0"
"2026-08-26T08:30:22+0000","egipt|sharm-el-sheikh|2026-12-24|2026-12-31|7|Warszawa|2+1","filter_egypt_ny_dec24_2026_7_10_days","egipt","sharm-el-sheikh","2026-12-24","2026-12-31","7.0","Warszawa","2+1","120.0","13.0","13.0","8341.0","9431.2","10026.0","10251.0","10913.0","3.0","0.0","0.0","0.0","0.0","0.0","0.0","0.0","0.0","0.0","0.0","0.0","0.0","0.0","4.3","13.0","0.0"
"2026-08-26T09:34:42+0000","egipt|sharm-el-sheikh|2026-12-24|2026-12-31|7|Warszawa|2+1","filter_egypt_ny_dec24_2026_7_10_days","egipt","sharm-el-sheikh","2026-12-24","2026-12-31","7.0","Warszawa","2+1","120.0","13.0","13.0","8341.0","9431.2","10026.0","10251.0","10913.0","3.0","0.0","0.0","0.0","0.0","0.0","0.0","0.0","0.0","0.0","55.0","0.0","0.0","0.0","4.3","13.0","0.0"
"2026-08-26T10:27:42+0000","egipt|sharm-el-sheikh|2026-12-24|2026-12-31|7|Warszawa|2+1","filter_egypt_ny_dec24_2026_7_10_days","egipt","sharm-el-sheikh","2026-12-24","2026-12-31","7.0","Warszawa","2+1","120.0","13.0","13.0","8341.0","9431.2","10026.0","10251.0","10913.0","3.0","0.0","0.0","0.0","0.0","0.0","0.0","0.0","0.0","0.0","56.0","0.0","0.0","0.0","4.3","13.0","0.0"
"2026-08-26T10:58:13+0000","egipt|sharm-el-sheikh|2026-12-24|2026-12-31|7|Warszawa|2+1","filter_egypt_ny_dec24_2026_7_10_days","egipt","sharm-el-sheikh","2026-12-24","2026-12-31","7.0","Warszawa","2+1","120.0","13.0","13.0","8341.0","9431.2","10026.0","10251.0","10913.0","3.0","0.0","0.0","0.0","0.0","0.0","0.0","0.0","0.0","0.0","57.0","0.0","0.0","0.0","4.3","13.0","0.0"
"2026-08-26T11:23:14+0000","egipt|sharm-el-sheikh|2026-12-24|2026-12-31|7|Warszawa|2+1","filter_egypt_ny_dec24_2026_7_10_days","egipt","sharm-el-sheikh","2026-12-24","2026-12-31","7.0","Warszawa","2+1","120.0","13.0","13.0","8341.0","9431.2","10026.0","10251.0","10913.0","3.0","0.0","0.0","0.0","0.0","0.0","0.0","0.0","0.0","0.0","59.0","0.0","0.0","0.0","4.3","13.0","0.0"
"2026-08-26T12:33:22+0000","egipt|sharm-el-sheikh|2026-12-24|2026-12-31|7|Warszawa|2+1","filter_egypt_ny_dec24_2026_7_10_days","egipt","sharm-el-sheikh","2026-12-24","2026-12-31","7.0","Warszawa","2+1","120.0","13.0","13.0","8341.0","9431.2","10026.0","10251.0","10913.0","3.0","0.0","0.0","0.0","0.0","0.0","0.0","0.0","0.0","0.0","60.0","0.0","0.0","0.0","4.3","13.0","0.0"
"2026-08-26T13:48:44+0000","egipt|sharm-el-sheikh|2026-12-24|2026-12-31|7|Warszawa|2+1","filter_egypt_ny_dec24_2026_7_10_days","egipt","sharm-el-sheikh","2026-12-24","2026-12-31","7.0","Warszawa","2+1","120.0","13.0","13.0","8341.0","9431.2","10026.0","10251.0","10913.0","3.0","0.0","0.0","0.0","0.0","0.0","0.0","0.0","0.0","0.0","61.0","0.0","0.0","0.0","4.3","13.0","0.0"
"2026-08-26T14:38:03+0000","egipt|sharm-el-sheikh|2026-12-24|2026-12-31|7|Warszawa|2+1","filter_egypt_ny_dec24_2026_7_10_days","egipt","sharm-el-sheikh","2026-12-24","2026-12-31","7.0","Warszawa","2+1","120.0","13.0","13.0","8341.0","9431.2","10026.0","10251.0","10913.0","3.0","0.0","0.0","0.0","0.0","0.0","0.0","0.0","0.0","0.0","62.0","0.0","0.0","0.0","4.3","13.0","0.0"
"2026-08-26T16:13:30+0000","egipt|sharm-el-sheikh|2026-12-24|2026-12-31|7|Warszawa|2+1","filter_egypt_ny_dec24_2026_7_10_days","egipt","sharm-el-sheikh","2026-12-24","2026-12-31","7.0","Warszawa","2+1","120.0","12.0","12.0","8341.0","9948.6","10028.25","10386.5","10913.0","2.0","0.0","0.0","0.0","0.0","0.0","0.0","0.0","0.0","0.0","63.0","0.0","0.0","2.0","4.3","12.0","0.0"
"2026-08-26T18:53:07+0000","egipt|sharm-el-sheikh|2026-12-24|2026-12-31|7|Warszawa|2+1","filter_egypt_ny_dec24_2026_7_10_days","egipt","sharm-el-sheikh","2026-12-24","2026-12-31","7.0","Warszawa","2+1","120.0","12.0","12.0","8341.0","9948.6","10028.25","10386.5","10913.0","2.0","0.0","0.0","0.0","0.0","0.0","0.0","0.0","0.0","0.0","64.0","0.0","0.0","5.0","4.3","12.0","0.0"
"2026-08-26T21:31:23+0000","egipt|sharm-el-sheikh|2026-12-24|2026-12-31|7|Warszawa|2+1","filter_egypt_ny_dec24_2026_7_10_days","egipt","sharm-el-sheikh","2026-12-24","2026-12-31","7.0","Warszawa","2+1","120.0","12.0","12.0","8341.0","9948.6","10028.25","10386.5","10913.0","2.0","0.0","8341.0","9435.67","10251.0","0.0","0.0","0.0","-1.0","11.0","65.0","0.0","0.0","7.0","4.3","12.0","0.0"
"2026-08-27T02:27:44+0000","egipt|sharm-el-sheikh|2026-12-24|2026-12-31|7|Warszawa|2+1","filter_egypt_ny_dec24_2026_7_10_days","egipt","sharm-el-sheikh","2026-12-24","2026-12-31","7.0","Warszawa","2+1","119.0","12.0","12.0","8341.0","9948.6","10028.25","10386.5","10913.0","2.0","0.0","8341.0","9435.67","10251.0","0.0","0.0","0.0","-1.0","11.0","66.0","0.0","0.0","9.0","4.3","12.0","0.0"
"2026-08-27T10:16:43+0000","egipt|sharm-el-sheikh|2026-12-24|2026-12-31|7|Warszawa|2+1","filter_egypt_ny_dec24_2026_7_10_days","egipt","sharm-el-sheikh","2026-12-24","2026-12-31","7.0","Warszawa","2+1","119.0","12.0","12.0","8341.0","9948.6","10028.25","10386.5","10913.0","2.0","0.0","8341.0","9435.67","10251.0","0.0","0.0","0.0","-1.0","11.0","67.0","0.0","0.0","10.0","4.3","12.0","0.0"
"2026-08-27T13:06:18+0000","egipt|sharm-el-sheikh|2026-12-24|2026-12-31|7|Warszawa|2+1","filter_egypt_ny_dec24_2026_7_10_days","egipt","sharm-el-sheikh","2026-12-24","2026-12-31","7.0","Warszawa","2+1","119.0","12.0","12.0","8341.0","9948.6","10028.25","10386.5","10913.0","2.0","0.0","8341.0","9435.67","10386.5","0.0","0.0","0.0","-1.0","12.0","68.0","0.0","0.0","12.0","4.3","12.0","0.0"
"2026-08-27T13:22:52+0000","egipt|sharm-el-sheikh|2026-12-24|2026-12-31|7|Warszawa|2+1","filter_egypt_ny_dec24_2026_7_10_days","egipt","sharm-el-sheikh","2026-12-24","2026-12-31","7.0","Warszawa","2+1","119.0","12.0","12.0","8341.0","9948.6","10028.25","10386.5","10913.0","2.0","0.0","8341.0","9435.67","10386.5","0.0","0.0","0.0","-1.0","12.0","69.0","0.0","0.0","12.0","4.3","12.0","0.0"
"2026-08-27T15:41:38+0000","egipt|sharm-el-sheikh|2026-12-24|2026-12-31|7|Warszawa|2+1","filter_egypt_ny_dec24_2026_7_10_days","egipt","sharm-el-sheikh","2026-12-24","2026-12-31","7.0","Warszawa","2+1","119.0","12.0","12.0","8341.0","9948.6","10028.25","10386.5","10913.0","2.0","0.0","8341.0","9435.67","10386.5","0.0","0.0","0.0","0.0","12.0","71.0","0.0","0.0","12.0","4.3","12.0","0.0"
"2026-08-27T23:24:49+0000","egipt|sharm-el-sheikh|2026-12-24|2026-12-31|7|Warszawa|2+1","filter_egypt_ny_dec24_2026_7_10_days","egipt","sharm-el-sheikh","2026-12-24","2026-12-31","7.0","Warszawa","2+1","119.0","12.0","12.0","8341.0","9948.6","10028.25","10386.5","10913.0","2.0","0.0","8341.0","9435.67","10386.5","0.0","0.0","0.0","0.0","12.0","72.0","0.0","0.0","12.0","4.3","12.0","0.0"
"2026-08-28T05:44:15+0000","egipt|sharm-el-sheikh|2026-12-24|2026-12-31|7|Warszawa|2+1","filter_egypt_ny_dec24_2026_7_10_days","egipt","sharm-el-sheikh","2026-12-24","2026-12-31","7.0","Warszawa","2+1","118.0","12.0","12.0","8341.0","9948.6","10028.25","10386.5","10913.0","2.0","0.0","8341.0","9435.67","10386.5","0.0","0.0","0.0","0.0","12.0","73.0","0.0","0.0","12.0","4.3","12.0","0.0"
"2026-08-28T06:04:41+0000","egipt|sharm-el-sheikh|2026-12-24|2026-12-31|7|Warszawa|2+1","filter_egypt_ny_dec24_2026_7_10_days","egipt","sharm-el-sheikh","2026-12-24","2026-12-31","7.0","Warszawa","2+1","118.0","12.0","12.0","8341.0","9948.6","10028.25","10386.5","10913.0","2.0","0.0","8341.0","9435.67","10386.5","0.0","0.0","0.0","0.0","12.0","74.0","0.0","0.0","12.0","4.3","12.0","0.0"
"2026-08-28T07:53:00+0000","egipt|sharm-el-sheikh|2026-12-24|2026-12-31|7|Warszawa|2+1","filter_egypt_ny_dec24_2026_7_10_days","egipt","sharm-el-sheikh","2026-12-24","2026-12-31","7.0","Warszawa","2+1","118.0","12.0","12.0","8341.0","9948.6","10028.25","10386.5","10913.0","2.0","0.0","8341.0","9435.67","10386.5","0.0","0.0","0.0","0.0","12.0","75.0","0.0","0.0","12.0","4.3","12.0","0.0"
"2026-08-28T08:10:48+0000","egipt|sharm-el-sheikh|2026-12-24|2026-12-31|7|Warszawa|2+1","filter_egypt_ny_dec24_2026_7_10_days","egipt","sharm-el-sheikh","2026-12-24","2026-12-31","7.0","Warszawa","2+1","118.0","12.0","12.0","8341.0","9948.6","10028.25","10386.5","10913.0","2.0","0.0","8341.0","9435.67","10386.5","0.0","0.0","0.0","0.0","12.0","75.0","0.0","0.0","12.0","4.3","12.0","0.0"
"2026-08-28T19:50:00+0000","egipt|sharm-el-sheikh|2026-12-24|2026-12-31|7|Warszawa|2+1","filter_egypt_ny_dec24_2026_7_10_days","egipt","sharm-el-sheikh","2026-12-24","2026-12-31","7.0","Warszawa","2+1","118.0","12.0","12.0","8341.0","9948.6","10028.25","10386.5","10913.0","2.0","0.0","0.0","0.0","0.0","0.0","0.0","0.0","0.0","6.0","72.0","0.0","0.0","6.0","4.3","12.0","0.0"
"2026-08-29T02:39:15+0000","egipt|sharm-el-sheikh|2026-12-24|2026-12-31|7|Warszawa|2+1","filter_egypt_ny_dec24_2026_7_10_days","egipt","sharm-el-sheikh","2026-12-24","2026-12-31","7.0","Warszawa","2+1","117.0","11.0","11.0","8381.0","9988.0","10032.5","10218.0","10965.0","3.0","0.0","0.0","0.0","0.0","0.0","0.0","0.0","-1.0","7.0","51.0","-0.03","1.0","0.0","4.3","11.0","0.0"
"2026-08-29T06:51:20+0000","egipt|sharm-el-sheikh|2026-12-24|2026-12-31|7|Warszawa|2+1","filter_egypt_ny_dec24_2026_7_10_days","egipt","sharm-el-sheikh","2026-12-24","2026-12-31","7.0","Warszawa","2+1","117.0","11.0","11.0","8381.0","9988.0","10032.5","10218.0","10965.0","3.0","0.0","0.0","0.0","0.0","0.0","0.0","0.0","-1.0","7.0","53.0","-0.13","1.0","0.0","4.3","11.0","0.0"
"2026-08-29T09:12:03+0000","egipt|sharm-el-sheikh|2026-12-24|2026-12-31|7|Warszawa|2+1","filter_egypt_ny_dec24_2026_7_10_days","egipt","sharm-el-sheikh","2026-12-24","2026-12-31","7.0","Warszawa","2+1","117.0","11.0","11.0","8381.0","9988.0","10032.5","10218.0","10965.0","3.0","0.0","0.0","0.0","0.0","0.0","0.0","0.0","-1.0","7.0","57.0","-0.12","1.0","0.0","4.3","11.0","0.0"
"2026-08-29T09:30:53+0000","egipt|sharm-el-sheikh|2026-12-24|2026-12-31|7|Warszawa|2+1","filter_egypt_ny_dec24_2026_7_10_days","egipt","sharm-el-sheikh","2026-12-24","2026-12-31","7.0","Warszawa","2+1","117.0","11.0","11.0","8381.0","9988.0","10032.5","10218.0","10965.0","3.0","0.0","0.0","0.0","0.0","0.0","0.0","0.0","-1.0","7.0","57.0","-0.12","1.0","0.0","4.3","11.0","0.0"
"2026-08-29T12:09:36+0000","egipt|sharm-el-sheikh|2026-12-24|2026-12-31|7|Warszawa|2+1","filter_egypt_ny_dec24_2026_7_10_days","egipt","sharm-el-sheikh","2026-12-24","2026-12-31","7.0","Warszawa","2+1","117.0","11.0","11.0","8381.0","9988.0","10032.5","10218.0","10965.0","3.0","0.0","0.0","0.0","0.0","0.0","0.0","0.0","-1.0","7.0","57.0","-0.11","1.0","0.0","4.3","11.0","0.0"
"2026-08-29T14:39:09+0000","egipt|sharm-el-sheikh|2026-12-24|2026-12-31|7|Warszawa|2+1","filter_egypt_ny_dec24_2026_7_10_days","egipt","sharm-el-sheikh","2026-12-24","2026-12-31","7.0","Warszawa","2+1","117.0","11.0","11.0","8381.0","9988.0","10032.5","10218.0","10965.0","3.0","0.0","8341.0","9435.67","10169.0","0.48","0.48","0.48","-1.0","9.0","56.0","-0.09","1.0","0.0","4.3","11.0","0.0"
"2026-08-29T18:41:43+0000","egipt|sharm-el-sheikh|2026-12-24|2026-12-31|7|Warszawa|2+1","filter_egypt_ny_dec24_2026_7_10_days","egipt","sharm-el-sheikh","2026-12-24","2026-12-31","7.0","Warszawa","2+1","117.0","11.0","11.0","8381.0","9988.0","10032.5","10218.0","10965.0","3.0","0.0","8341.0","9435.67","10169.0","0.48","0.48","0.48","-1.0","9.0","56.0","-0.08","1.0","0.0","4.3","11.0","0.0"
"2026-08-29T21:52:29+0000","egipt|sharm-el-sheikh|2026-12-24|2026-12-31|7|Warszawa|2+1","filter_egypt_ny_dec24_2026_7_10_days","egipt","sharm-el-sheikh","2026-12-24","2026-12-31","7.0","Warszawa","2+1","117.0","11.0","11.0","8381.0","9988.0","10032.5","10218.0","10965.0","3.0","0.0","8341.0","9435.67","10169.0","0.48","0.48","0.48","-1.0","9.0","58.0","-0.07","1.0","0.0","4.3","11.0","0.0"
"2026-08-30T00:29:41+0000","egipt|sharm-el-sheikh|2026-12-24|2026-12-31|7|Warszawa|2+1","filter_egypt_ny_dec24_2026_7_10_days","egipt","sharm-el-sheikh","2026-12-24","2026-12-31","7.0","Warszawa","2+1","116.0","11.0","11.0","8381.0","9988.0","10032.5","10218.0","10965.0","3.0","0.0","8381.0","9453.67","10147.5","0.0","0.0","0.0","0.0","10.0","58.0","-0.07","1.0","0.0","4.3","11.0","0.0"
"2026-08-30T06:46:13+0000","egipt|sharm-el-sheikh|2026-12-24|2026-12-31|7|Warszawa|2+1","filter_egypt_ny_dec24_2026_7_10_days","egipt","sharm-el-sheikh","2026-12-24","2026-12-31","7.0","Warszawa","2+1","116.0","11.0","11.0","8381.0","9988.0","10032.5","10218.0","10965.0","3.0","0.0","8381.0","9453.67","10147.5","0.0","0.0","0.0","0.0","10.0","59.0","-0.06","0.0","1.0","4.3","11.0","0.0"
"2026-08-30T06:59:08+0000","egipt|sharm-el-sheikh|2026-12-24|2026-12-31|7|Warszawa|2+1","filter_egypt_ny_dec24_2026_7_10_days","egipt","sharm-el-sheikh","2026-12-24","2026-12-31","7.0","Warszawa","2+1","116.0","11.0","11.0","8381.0","9988.0","10032.5","10218.0","10965.0","3.0","0.0","8381.0","9453.67","10147.5","0.0","0.0","0.0","0.0","10.0","59.0","-0.06","0.0","1.0","4.3","11.0","0.0"
"2026-08-30T11:49:50+0000","egipt|sharm-el-sheikh|2026-12-24|2026-12-31|7|Warszawa|2+1","filter_egypt_ny_dec24_2026_7_10_days","egipt","sharm-el-sheikh","2026-12-24","2026-12-31","7.0","Warszawa","2+1","116.0","11.0","11.0","8381.0","9988.0","10032.5","10218.0","10965.0","3.0","0.0","8381.0","9453.67","10147.5","0.0","0.0","0.0","0.0","10.0","59.0","-0.06","0.0","2.0","4.3","11.0","0.0"
"2026-08-30T13:02:40+0000","egipt|sharm-el-sheikh|2026-12-24|2026-12-31|7|Warszawa|2+1","filter_egypt_ny_dec24_2026_7_10_days","egipt","sharm-el-sheikh","2026-12-24","2026-12-31","7.0","Warszawa","2+1","116.0","12.0","12.0","8381.0","9988.4","10052.75","10259.0","10965.0","3.0","0.0","8381.0","9453.67","10147.5","0.0","0.0","0.0","1.0","10.0","58.0","-0.02","0.0","3.0","4.3","12.0","0.0"
"2026-08-30T15:01:50+0000","egipt|sharm-el-sheikh|2026-12-24|2026-12-31|7|Warszawa|2+1","filter_egypt_ny_dec24_2026_7_10_days","egipt","sharm-el-sheikh","2026-12-24","2026-12-31","7.0","Warszawa","2+1","116.0","12.0","12.0","8381.0","9988.4","10052.75","10259.0","10965.0","3.0","0.0","8381.0","9453.67","10218.0","0.0","0.0","0.0","1.0","11.0","58.0","-0.01","0.0","3.0","4.3","12.0","0.0"
"2026-08-30T17:39:15+0000","egipt|sharm-el-sheikh|2026-12-24|2026-12-31|7|Warszawa|2+1","filter_egypt_ny_dec24_2026_7_10_days","egipt","sharm-el-sheikh","2026-12-24","2026-12-31","7.0","Warszawa","2+1","116.0","12.0","12.0","8381.0","9988.4","10052.75","10259.0","10965.0","3.0","0.0","8381.0","9453.67","10218.0","0.0","0.0","0.0","1.0","11.0","58.0","-0.01","0.0","3.0","4.3","12.0","0.0"
"2026-08-30T23:39:58+0000","egipt|sharm-el-sheikh|2026-12-24|2026-12-31|7|Warszawa|2+1","filter_egypt_ny_dec24_2026_7_10_days","egipt","sharm-el-sheikh","2026-12-24","2026-12-31","7.0","Warszawa","2+1","116.0","11.0","11.0","9988.0","9992.0","10075.0","10300.0","10965.0","2.0","0.0","9988.0","10017.67","10218.0","0.0","0.0","0.0","0.0","9.0","59.0","-0.06","0.0","3.0","4.3","11.0","0.0"
"2026-08-31T05:42:39+0000","egipt|sharm-el-sheikh|2026-12-24|2026-12-31|7|Warszawa|2+1","filter_egypt_ny_dec24_2026_7_10_days","egipt","sharm-el-sheikh","2026-12-24","2026-12-31","7.0","Warszawa","2+1","115.0","12.0","12.0","8381.0","9988.4","10052.75","10259.0","10965.0","3.0","0.0","0.0","0.0","0.0","0.0","0.0","0.0","1.0","0.0","0.0","0.0","0.0","0.0","4.3","12.0","0.0"
"2026-08-31T06:00:23+0000","egipt|sharm-el-sheikh|2026-12-24|2026-12-31|7|Warszawa|2+1","filter_egypt_ny_dec24_2026_7_10_days","egipt","sharm-el-sheikh","2026-12-24","2026-12-31","7.0","Warszawa","2+1","115.0","12.0","12.0","8381.0","9988.4","10052.75","10259.0","10965.0","3.0","0.0","0.0","0.0","0.0","0.0","0.0","0.0","1.0","0.0","0.0","0.0","0.0","0.0","4.3","12.0","0.0"
"2026-08-31T07:49:17+0000","egipt|sharm-el-sheikh|2026-12-24|2026-12-31|7|Warszawa|2+1","filter_egypt_ny_dec24_2026_7_10_days","egipt","sharm-el-sheikh","2026-12-24","2026-12-31","7.0","Warszawa","2+1","115.0","12.0","12.0","8381.0","9988.4","10052.75","10259.0","10965.0","3.0","0.0","0.0","0.0","0.0","0.0","0.0","0.0","1.0","0.0","56.0","0.0","0.0","0.0","4.3","12.0","0.0"
"2026-08-31T13:12:09+0000","egipt|sharm-el-sheikh|2026-12-24|2026-12-31|7|Warszawa|2+1","filter_egypt_ny_dec24_2026_7_10_days","egipt","sharm-el-sheikh","2026-12-24","2026-12-31","7.0","Warszawa","2+1","115.0","12.0","12.0","8381.0","9988.4","10052.75","10259.0","10965.0","3.0","0.0","0.0","0.0","0.0","0.0","0.0","0.0","0.0","0.0","57.0","0.0","0.0","0.0","4.3","12.0","0.0"
"2026-08-31T14:08:33+0000","egipt|sharm-el-sheikh|2026-12-24|2026-12-31|7|Warszawa|2+1","filter_egypt_ny_dec24_2026_7_10_days","egipt","sharm-el-sheikh","2026-12-24","2026-12-31","7.0","Warszawa","2+1","115.0","12.0","12.0","8381.0","9988.4","10052.75","10259.0","10965.0","3.0","0.0","0.0","0.0","0.0","0.0","0.0","0.0","0.0","0.0","59.0","0.0","0.0","0.0","4.3","12.0","0.0"
"2026-08-31T15:54:27+0000","egipt|sharm-el-sheikh|2026-12-24|2026-12-31|7|Warszawa|2+1","filter_egypt_ny_dec24_2026_7_10_days","egipt","sharm-el-sheikh","2026-12-24","2026-12-31","7.0","Warszawa","2+1","115.0","12.0","12.0","8381.0","9988.4","10052.75","10259.0","10965.0","3.0","0.0","0.0","0.0","0.0","0.0","0.0","0.0","0.0","0.0","60.0","0.0","0.0","0.0","4.3","12.0","0.0"
"2026-08-31T20:15:42+0000","egipt|sharm-el-sheikh|2026-12-24|2026-12-31|7|Warszawa|2+1","filter_egypt_ny_dec24_2026_7_10_days","egipt","sharm-el-sheikh","2026-12-24","2026-12-31","7.0","Warszawa","2+1","115.0","12.0","12.0","8381.0","9988.4","10052.75","10259.0","10965.0","3.0","0.0","0.0","0.0","0.0","0.0","0.0","0.0","0.0","0.0","61.0","0.0","0.0","0.0","4.3","12.0","0.0"
"2026-08-31T23:59:15+0000","egipt|sharm-el-sheikh|2026-12-24|2026-12-31|7|Warszawa|2+1","filter_egypt_ny_dec24_2026_7_10_days","egipt","sharm-el-sheikh","2026-12-24","2026-12-31","7.0","Warszawa","2+1","115.0","11.0","11.0","8381.0","9988.0","10032.5","10218.0","10965.0","3.0","0.0","0.0","0.0","0.0","0.0","0.0","0.0","0.0","0.0","62.0","0.0","0.0","0.0","4.3","11.0","0.0"
"2026-09-01T05:01:32+0000","egipt|sharm-el-sheikh|2026-12-24|2026-12-31|7|Warszawa|2+1","filter_egypt_ny_dec24_2026_7_10_days","egipt","sharm-el-sheikh","2026-12-24","2026-12-31","7.0","Warszawa","2+1","114.0","12.0","12.0","8381.0","9988.4","10052.75","10259.0","10965.0","3.0","0.0","8381.0","9453.67","10218.0","0.0","0.0","0.0","0.0","11.0","63.0","0.0","0.0","1.0","4.3","12.0","0.0"
"2026-09-01T05:23:27+0000","egipt|sharm-el-sheikh|2026-12-24|2026-12-31|7|Warszawa|2+1","filter_egypt_ny_dec24_2026_7_10_days","egipt","sharm-el-sheikh","2026-12-24","2026-12-31","7.0","Warszawa","2+1","114.0","12.0","12.0","8381.0","9988.4","10052.75","10259.0","10965.0","3.0","0.0","8381.0","9453.67","10218.0","0.0","0.0","0.0","0.0","11.0","64.0","0.0","0.0","4.0","4.3","12.0","0.0"
"2026-09-01T11:50:39+0000","egipt|sharm-el-sheikh|2026-12-24|2026-12-31|7|Warszawa|2+1","filter_egypt_ny_dec24_2026_7_10_days","egipt","sharm-el-sheikh","2026-12-24","2026-12-31","7.0","Warszawa","2+1","114.0","12.0","12.0","8381.0","9996.5","10076.0","10436.5","10965.0","2.0","0.0","8381.0","9480.67","10259.0","0.0","0.0","0.0","0.0","10.0","64.0","0.0","0.0","5.0","4.3","12.0","0.0"
"2026-09-01T14:11:33+0000","egipt|sharm-el-sheikh|2026-12-24|2026-12-31|7|Warszawa|2+1","filter_egypt_ny_dec24_2026_7_10_days","egipt","sharm-el-sheikh","2026-12-24","2026-12-31","7.0","Warszawa","2+1","114.0","12.0","12.0","8381.0","9996.5","10076.0","10436.5","10965.0","2.0","0.0","8381.0","9480.67","10259.0","0.0","0.0","0.0","0.0","10.0","64.0","0.0","0.0","7.0","4.3","12.0","0.0"
"2026-09-01T16:49:47+0000","egipt|sharm-el-sheikh|2026-12-24|2026-12-31|7|Warszawa|2+1","filter_egypt_ny_dec24_2026_7_10_days","egipt","sharm-el-sheikh","2026-12-24","2026-12-31","7.0","Warszawa","2+1","114.0","12.0","12.0","8381.0","9996.5","10076.0","10436.5","10965.0","2.0","0.0","8381.0","9453.67","10218.0","0.0","0.29","0.8","0.0","11.0","65.0","0.4","0.0","9.0","4.3","12.0","0.0"
"2026-09-01T22:43:06+0000","egipt|sharm-el-sheikh|2026-12-24|2026-12-31|7|Warszawa|2+1","filter_egypt_ny_dec24_2026_7_10_days","egipt","sharm-el-sheikh","2026-12-24","2026-12-31","7.0","Warszawa","2+1","114.0","12.0","12.0","9317.0","9996.5","10076.0","10436.5","10965.0","2.0","0.0","8381.0","9453.67","10218.0","11.17","3.59","0.8","1.0","11.0","64.0","1.21","0.0","10.0","4.3","12.0","0.0"
"2026-09-02T01:08:53+0000","egipt|sharm-el-sheikh|2026-12-24|2026-12-31|7|Warszawa|2+1","filter_egypt_ny_dec24_2026_7_10_days","egipt","sharm-el-sheikh","2026-12-24","2026-12-31","7.0","Warszawa","2+1","113.0","12.0","12.0","9317.0","9996.5","10076.0","10436.5","10965.0","2.0","0.0","8381.0","9453.67","10218.0","11.17","3.59","0.8","1.0","11.0","65.0","1.21","0.0","10.0","4.3","12.0","0.0"
"2026-09-02T05:21:35+0000","egipt|sharm-el-sheikh|2026-12-24|2026-12-31|7|Warszawa|2+1","filter_egypt_ny_dec24_2026_7_10_days","egipt","sharm-el-sheikh","2026-12-24","2026-12-31","7.0","Warszawa","2+1","113.0","10.0","10.0","9317.0","9920.9","10074.0","10259.0","10965.0","2.0","0.0","8381.0","9480.67","10259.0","11.17","3.29","0.0","-2.0","10.0","66.0","1.02","0.0","8.0","4.2","10.0","0.0"
"2026-09-02T05:58:37+0000","egipt|sharm-el-sheikh|2026-12-24|2026-12-31|7|Warszawa|2+1","filter_egypt_ny_dec24_2026_7_10_days","egipt","sharm-el-sheikh","2026-12-24","2026-12-31","7.0","Warszawa","2+1","113.0","10.0","10.0","9317.0","9920.9","10074.0","10259.0","10965.0","2.0","0.0","8381.0","9480.67","10259.0","11.17","3.29","0.0","-2.0","10.0","67.0","1.0","0.0","8.0","4.2","10.0","0.0"
"2026-09-02T08:41:57+0000","egipt|sharm-el-sheikh|2026-12-24|2026-12-31|7|Warszawa|2+1","filter_egypt_ny_dec24_2026_7_10_days","egipt","sharm-el-sheikh","2026-12-24","2026-12-31","7.0","Warszawa","2+1","113.0","10.0","10.0","9317.0","9920.9","10074.0","10259.0","10965.0","2.0","0.0","8381.0","9480.67","10218.0","11.17","3.29","0.0","-2.0","9.0","68.0","0.95","0.0","8.0","4.2","10.0","0.0"
"2026-09-02T11:32:16+0000","egipt|sharm-el-sheikh|2026-12-24|2026-12-31|7|Warszawa|2+1","filter_egypt_ny_dec24_2026_7_10_days","egipt","sharm-el-sheikh","2026-12-24","2026-12-31","7.0","Warszawa","2+1","113.0","10.0","10.0","9317.0","9920.9","10074.0","10259.0","10965.0","2.0","0.0","8381.0","9480.67","10218.0","11.17","3.29","0.0","-2.0","9.0","69.0","0.9","0.0","8.0","4.2","10.0","0.0"
"2026-09-02T16:22:40+0000","egipt|sharm-el-sheikh|2026-12-24|2026-12-31|7|Warszawa|2+1","filter_egypt_ny_dec24_2026_7_10_days","egipt","sharm-el-sheikh","2026-12-24","2026-12-31","7.0","Warszawa","2+1","113.0","8.0","8.0","9317.0","9786.7","10051.75","10147.5","10965.0","2.0","0.0","8381.0","9480.67","10147.5","11.17","3.29","0.0","-4.0","8.0","72.0","0.9","0.0","7.0","4.2","8.0","0.0"
"2026-09-02T16:45:09+0000","egipt|sharm-el-sheikh|2026-12-24|2026-12-31|7|Warszawa|2+1","filter_egypt_ny_dec24_2026_7_10_days","egipt","sharm-el-sheikh","2026-12-24","2026-12-31","7.0","Warszawa","2+1","113.0","8.0","8.0","9317.0","9786.7","10051.75","10147.5","10965.0","2.0","0.0","8381.0","9480.67","10147.5","11.17","3.29","0.0","-4.0","8.0","72.0","0.89","0.0","7.0","4.2","8.0","0.0"
"2026-09-02T19:56:13+0000","egipt|sharm-el-sheikh|2026-12-24|2026-12-31|7|Warszawa|2+1","filter_egypt_ny_dec24_2026_7_10_days","egipt","sharm-el-sheikh","2026-12-24","2026-12-31","7.0","Warszawa","2+1","113.0","9.0","9.0","9317.0","9853.8","10073.0","10218.0","10965.0","2.0","0.0","9317.0","9792.67","10218.0","0.0","0.0","0.0","-3.0","9.0","72.0","0.75","0.0","8.0","4.1","9.0","0.0"
"2026-09-02T22:47:02+0000","egipt|sharm-el-sheikh|2026-12-24|2026-12-31|7|Warszawa|2+1","filter_egypt_ny_dec24_2026_7_10_days","egipt","sharm-el-sheikh","2026-12-24","2026-12-31","7.0","Warszawa","2+1","113.0","10.0","10.0","9317.0","9920.9","10074.0","10259.0","10965.0","2.0","0.0","9317.0","9792.67","10218.0","0.0","0.0","0.0","-2.0","9.0","67.0","0.84","0.0","7.0","4.2","10.0","0.0"
"2026-09-03T01:14:58+0000","egipt|sharm-el-sheikh|2026-12-24|2026-12-31|7|Warszawa|2+1","filter_egypt_ny_dec24_2026_7_10_days","egipt","sharm-el-sheikh","2026-12-24","2026-12-31","7.0","Warszawa","2+1","112.0","10.0","10.0","9317.0","9920.9","10074.0","10259.0","10965.0","2.0","0.0","9317.0","9792.67","10218.0","0.0","0.0","0.0","-2.0","9.0","67.0","0.81","0.0","7.0","4.2","10.0","0.0"
"2026-09-03T05:09:24+0000","egipt|sharm-el-sheikh|2026-12-24|2026-12-31|7|Warszawa|2+1","filter_egypt_ny_dec24_2026_7_10_days","egipt","sharm-el-sheikh","2026-12-24","2026-12-31","7.0","Warszawa","2+1","112.0","10.0","10.0","9607.0","9961.6","10126.75","10476.5","10986.0","1.0","0.0","9317.0","9792.67","10218.0","3.11","1.09","0.94","0.0","9.0","46.0","1.61","0.0","0.0","4.2","10.0","0.0"
"2026-09-03T05:58:14+0000","egipt|sharm-el-sheikh|2026-12-24|2026-12-31|7|Warszawa|2+1","filter_egypt_ny_dec24_2026_7_10_days","egipt","sharm-el-sheikh","2026-12-24","2026-12-31","7.0","Warszawa","2+1","112.0","10.0","10.0","9607.0","9961.6","10126.75","10476.5","10986.0","1.0","0.0","9317.0","9792.67","10218.0","3.11","1.09","0.94","0.0","9.0","49.0","1.62","0.0","0.0","4.2","10.0","0.0"
"2026-09-03T11:28:58+0000","egipt|sharm-el-sheikh|2026-12-24|2026-12-31|7|Warszawa|2+1","filter_egypt_ny_dec24_2026_7_10_days","egipt","sharm-el-sheikh","2026-12-24","2026-12-31","7.0","Warszawa","2+1","112.0","9.0","9.0","9607.0","9922.2","10091.0","10314.0","10986.0","1.0","0.0","9317.0","9794.0","10259.0","3.11","1.08","0.15","-1.0","8.0","56.0","1.03","0.0","1.0","4.1","9.0","0.0"
"2026-09-03T16:02:14+0000","egipt|sharm-el-sheikh|2026-12-24|2026-12-31|7|Warszawa|2+1","filter_egypt_ny_dec24_2026_7_10_days","egipt","sharm-el-sheikh","2026-12-24","2026-12-31","7.0","Warszawa","2+1","112.0","9.0","9.0","9607.0","9922.2","10091.0","10314.0","10986.0","1.0","0.0","0.0","0.0","0.0","0.0","0.0","0.0","1.0","7.0","56.0","0.85","0.0","1.0","4.1","9.0","0.0"
"2026-09-03T16:36:10+0000","egipt|sharm-el-sheikh|2026-12-24|2026-12-31|7|Warszawa|2+1","filter_egypt_ny_dec24_2026_7_10_days","egipt","sharm-el-sheikh","2026-12-24","2026-12-31","7.0","Warszawa","2+1","112.0","9.0","9.0","9607.0","9922.2","10091.0","10314.0","10986.0","1.0","0.0","0.0","0.0","0.0","0.0","0.0","0.0","1.0","7.0","56.0","0.84","0.0","1.0","4.1","9.0","0.0"
"2026-09-03T20:00:33+0000","egipt|sharm-el-sheikh|2026-12-24|2026-12-31|7|Warszawa|2+1","filter_egypt_ny_dec24_2026_7_10_days","egipt","sharm-el-sheikh","2026-12-24","2026-12-31","7.0","Warszawa","2+1","112.0","9.0","9.0","9607.0","9922.2","10091.0","10314.0","10986.0","1.0","0.0","0.0","0.0","0.0","0.0","0.0","0.0","0.0","7.0","55.0","0.89","0.0","0.0","4.1","9.0","0.0"
"2026-09-03T22:43:36+0000","egipt|sharm-el-sheikh|2026-12-24|2026-12-31|7|Warszawa|2+1","filter_egypt_ny_dec24_2026_7_10_days","egipt","sharm-el-sheikh","2026-12-24","2026-12-31","7.0","Warszawa","2+1","112.0","10.0","10.0","9607.0","9961.6","10126.75","10476.5","10986.0","1.0","0.0","9317.0","9792.67","10259.0","3.11","1.09","2.12","0.0","10.0","54.0","1.38","0.0","0.0","4.2","10.0","0.0"
"2026-09-04T01:07:30+0000","egipt|sharm-el-sheikh|2026-12-24|2026-12-31|7|Warszawa|2+1","filter_egypt_ny_dec24_2026_7_10_days","egipt","sharm-el-sheikh","2026-12-24","2026-12-31","7.0","Warszawa","2+1","111.0","9.0","9.0","9607.0","9922.2","10091.0","10314.0","10986.0","1.0","0.0","0.0","0.0","0.0","0.0","0.0","0.0","-1.0","7.0","57.0","0.76","0.0","1.0","4.1","9.0","0.0"
"2026-09-04T06:05:25+0000","egipt|sharm-el-sheikh|2026-12-24|2026-12-31|7|Warszawa|2+1","filter_egypt_ny_dec24_2026_7_10_days","egipt","sharm-el-sheikh","2026-12-24","2026-12-31","7.0","Warszawa","2+1","111.0","9.0","9.0","9607.0","9922.2","10091.0","10314.0","10986.0","1.0","0.0","9607.0","9899.67","10274.0","0.0","0.0","0.0","-1.0","8.0","55.0","0.79","0.0","0.0","4.1","9.0","0.0"
"2026-09-04T11:31:53+0000","egipt|sharm-el-sheikh|2026-12-24|2026-12-31|7|Warszawa|2+1","filter_egypt_ny_dec24_2026_7_10_days","egipt","sharm-el-sheikh","2026-12-24","2026-12-31","7.0","Warszawa","2+1","111.0","10.0","10.0","9607.0","9961.6","10126.75","10476.5","10986.0","1.0","0.0","0.0","0.0","0.0","0.0","0.0","0.0","1.0","7.0","55.0","1.15","0.0","0.0","4.2","10.0","0.0"
"2026-09-04T16:32:28+0000","egipt|sharm-el-sheikh|2026-12-24|2026-12-31|7|Warszawa|2+1","filter_egypt_ny_dec24_2026_7_10_days","egipt","sharm-el-sheikh","2026-12-24","2026-12-31","7.0","Warszawa","2+1","111.0","10.0","10.0","9607.0","9961.6","10126.75","10476.5","10986.0","1.0","0.0","0.0","0.0","0.0","0.0","0.0","0.0","1.0","7.0","55.0","1.2","0.0","1.0","4.2","10.0","0.0"
"2026-09-04T19:45:05+0000","egipt|sharm-el-sheikh|2026-12-24|2026-12-31|7|Warszawa|2+1","filter_egypt_ny_dec24_2026_7_10_days","egipt","sharm-el-sheikh","2026-12-24","2026-12-31","7.0","Warszawa","2+1","111.0","10.0","10.0","9607.0","9961.6","10126.75","10476.5","10986.0","1.0","0.0","9607.0","9899.67","10274.0","0.0","0.0","0.0","1.0","8.0","55.0","1.18","0.0","1.0","4.2","10.0","0.0"
"2026-09-04T22:29:05+0000","egipt|sharm-el-sheikh|2026-12-24|2026-12-31|7|Warszawa|2+1","filter_egypt_ny_dec24_2026_7_10_days","egipt","sharm-el-sheikh","2026-12-24","2026-12-31","7.0","Warszawa","2+1","111.0","10.0","10.0","9607.0","9961.6","10126.75","10476.5","10986.0","1.0","0.0","9607.0","9899.67","10476.5","0.0","0.0","0.0","0.0","10.0","56.0","1.15","0.0","1.0","4.2","10.0","0.0"
"2026-09-05T01:07:48+0000","egipt|sharm-el-sheikh|2026-12-24|2026-12-31|7|Warszawa|2+1","filter_egypt_ny_dec24_2026_7_10_days","egipt","sharm-el-sheikh","2026-12-24","2026-12-31","7.0","Warszawa","2+1","110.0","10.0","10.0","9607.0","9961.6","10126.75","10466.0","10986.0","1.0","0.0","9607.0","9899.67","10274.0","0.0","0.0","0.0","1.0","8.0","58.0","0.9","0.0","2.0","4.2","10.0","0.0"
"2026-09-05T05:54:45+0000","egipt|sharm-el-sheikh|2026-12-24|2026-12-31|7|Warszawa|2+1","filter_egypt_ny_dec24_2026_7_10_days","egipt","sharm-el-sheikh","2026-12-24","2026-12-31","7.0","Warszawa","2+1","110.0","11.0","11.0","9574.0","9967.0","10127.0","10603.0","10993.0","2.0","0.0","9607.0","9899.67","10314.0","-0.34","-0.34","-0.34","2.0","9.0","67.0","0.4","0.0","7.0","4.3","11.0","0.0"
"2026-09-05T10:48:59+0000","egipt|sharm-el-sheikh|2026-12-24|2026-12-31|7|Warszawa|2+1","filter_egypt_ny_dec24_2026_7_10_days","egipt","sharm-el-sheikh","2026-12-24","2026-12-31","7.0","Warszawa","2+1","110.0","11.0","11.0","9574.0","9967.0","10127.0","10603.0","10993.0","2.0","0.0","9607.0","9899.67","10274.0","-0.34","-0.34","-0.35","1.0","8.0","68.0","0.34","0.0","7.0","4.3","11.0","0.0"
"2026-09-05T13:58:31+0000","egipt|sharm-el-sheikh|2026-12-24|2026-12-31|7|Warszawa|2+1","filter_egypt_ny_dec24_2026_7_10_days","egipt","sharm-el-sheikh","2026-12-24","2026-12-31","7.0","Warszawa","2+1","110.0","11.0","11.0","9574.0","9967.0","10127.0","10603.0","10993.0","2.0","0.0","9607.0","9899.67","10476.5","-0.34","-0.34","-0.34","1.0","10.0","67.0","0.65","0.0","7.0","4.3","11.0","0.0"
"2026-09-05T16:56:15+0000","egipt|sharm-el-sheikh|2026-12-24|2026-12-31|7|Warszawa|2+1","filter_egypt_ny_dec24_2026_7_10_days","egipt","sharm-el-sheikh","2026-12-24","2026-12-31","7.0","Warszawa","2+1","110.0","9.0","9.0","9574.0","9888.4","10056.0","10279.0","10948.0","2.0","0.0","0.0","0.0","0.0","0.0","0.0","0.0","-1.0","6.0","70.0","0.28","0.0","6.0","4.1","9.0","0.0"
"2026-09-05T19:10:18+0000","egipt|sharm-el-sheikh|2026-12-24|2026-12-31|7|Warszawa|2+1","filter_egypt_ny_dec24_2026_7_10_days","egipt","sharm-el-sheikh","2026-12-24","2026-12-31","7.0","Warszawa","2+1","110.0","9.0","9.0","9574.0","9888.4","10056.0","10279.0","10948.0","2.0","0.0","0.0","0.0","0.0","0.0","0.0","0.0","-1.0","7.0","71.0","0.22","0.0","7.0","4.1","9.0","0.0"
"2026-09-05T21:24:19+0000","egipt|sharm-el-sheikh|2026-12-24|2026-12-31|7|Warszawa|2+1","filter_egypt_ny_dec24_2026_7_10_days","egipt","sharm-el-sheikh","2026-12-24","2026-12-31","7.0","Warszawa","2+1","110.0","11.0","11.0","9574.0","9967.0","10127.0","10603.0","10993.0","2.0","0.0","9607.0","9899.67","10274.0","-0.34","-0.34","-0.35","1.0","8.0","68.0","0.36","0.0","7.0","4.3","11.0","0.0"
"2026-09-06T04:52:47+0000","egipt|sharm-el-sheikh|2026-12-24|2026-12-31|7|Warszawa|2+1","filter_egypt_ny_dec24_2026_7_10_days","egipt","sharm-el-sheikh","2026-12-24","2026-12-31","7.0","Warszawa","2+1","109.0","11.0","11.0","9574.0","9967.0","10127.0","10603.0","10993.0","2.0","0.0","9574.0","9865.67","10441.0","0.0","0.0","0.0","0.0","10.0","67.0","0.59","0.0","7.0","4.3","11.0","0.0"
"2026-09-06T09:34:56+0000","egipt|sharm-el-sheikh|2026-12-24|2026-12-31|7|Warszawa|2+1","filter_egypt_ny_dec24_2026_7_10_days","egipt","sharm-el-sheikh","2026-12-24","2026-12-31","7.0","Warszawa","2+1","109.0","11.0","11.0","9574.0","9967.0","10127.0","10603.0","10993.0","2.0","0.0","9574.0","9865.67","10448.5","0.0","0.0","0.0","0.0","10.0","69.0","0.34","0.0","7.0","4.3","11.0","0.0"
"2026-09-06T11:03:59+0000","egipt|sharm-el-sheikh|2026-12-24|2026-12-31|7|Warszawa|2+1","filter_egypt_ny_dec24_2026_7_10_days","egipt","sharm-el-sheikh","2026-12-24","2026-12-31","7.0","Warszawa","2+1","109.0","11.0","11.0","9574.0","9973.0","10130.5","10603.0","10993.0","2.0","0.0","9574.0","9865.67","10238.5","0.0","0.02","0.07","0.0","8.0","63.0","0.71","0.0","4.0","4.3","11.0","0.0"
"2026-09-06T13:47:50+0000","egipt|sharm-el-sheikh|2026-12-24|2026-12-31|7|Warszawa|2+1","filter_egypt_ny_dec24_2026_7_10_days","egipt","sharm-el-sheikh","2026-12-24","2026-12-31","7.0","Warszawa","2+1","109.0","11.0","11.0","9574.0","9973.0","10130.5","10603.0","10993.0","2.0","0.0","9574.0","9865.67","10441.0","0.0","0.02","0.03","0.0","10.0","64.0","0.7","0.0","4.0","4.3","11.0","0.0"
"2026-09-06T17:12:16+0000","egipt|sharm-el-sheikh|2026-12-24|2026-12-31|7|Warszawa|2+1","filter_egypt_ny_dec24_2026_7_10_days","egipt","sharm-el-sheikh","2026-12-24","2026-12-31","7.0","Warszawa","2+1","109.0","11.0","11.0","9574.0","9973.0","10130.5","10603.0","10993.0","2.0","0.0","0.0","0.0","0.0","0.0","0.0","0.0","2.0","6.0","66.0","0.68","0.0","7.0","4.3","11.0","0.0"
"2026-09-06T19:21:58+0000","egipt|sharm-el-sheikh|2026-12-24|2026-12-31|7|Warszawa|2+1","filter_egypt_ny_dec24_2026_7_10_days","egipt","sharm-el-sheikh","2026-12-24","2026-12-31","7.0","Warszawa","2+1","109.0","11.0","11.0","9574.0","9973.0","10130.5","10603.0","10993.0","2.0","0.0","0.0","0.0","0.0","0.0","0.0","0.0","2.0","7.0","66.0","0.68","0.0","7.0","4.3","11.0","0.0"
"2026-09-06T21:33:18+0000","egipt|sharm-el-sheikh|2026-12-24|2026-12-31|7|Warszawa|2+1","filter_egypt_ny_dec24_2026_7_10_days","egipt","sharm-el-sheikh","2026-12-24","2026-12-31","7.0","Warszawa","2+1","109.0","11.0","11.0","9574.0","9973.0","10130.5","10603.0","10993.0","2.0","0.0","9574.0","9865.67","10441.0","0.0","0.02","0.03","0.0","10.0","66.0","0.53","0.0","7.0","4.3","11.0","0.0"
"2026-09-07T00:04:35+0000","egipt|sharm-el-sheikh|2026-12-24|2026-12-31|7|Warszawa|2+1","filter_egypt_ny_dec24_2026_7_10_days","egipt","sharm-el-sheikh","2026-12-24","2026-12-31","7.0","Warszawa","2+1","108.0","11.0","11.0","9574.0","9973.0","10130.5","10603.0","10993.0","2.0","0.0","0.0","0.0","0.0","0.0","0.0","0.0","0.0","0.0","0.0","0.0","0.0","0.0","4.3","11.0","0.0"
"2026-09-07T04:56:43+0000","egipt|sharm-el-sheikh|2026-12-24|2026-12-31|7|Warszawa|2+1","filter_egypt_ny_dec24_2026_7_10_days","egipt","sharm-el-sheikh","2026-12-24","2026-12-31","7.0","Warszawa","2+1","108.0","11.0","11.0","9574.0","9973.0","10130.5","10603.0","10993.0","2.0","0.0","0.0","0.0","0.0","0.0","0.0","0.0","0.0","0.0","55.0","0.0","0.0","0.0","4.3","11.0","0.0"
"2026-09-07T06:30:12+0000","egipt|sharm-el-sheikh|2026-12-24|2026-12-31|7|Warszawa|2+1","filter_egypt_ny_dec24_2026_7_10_days","egipt","sharm-el-sheikh","2026-12-24","2026-12-31","7.0","Warszawa","2+1","108.0","11.0","11.0","9574.0","9973.0","10130.5","10603.0","10993.0","2.0","0.0","0.0","0.0","0.0","0.0","0.0","0.0","0.0","0.0","56.0","0.0","0.0","0.0","4.3","11.0","0.0"
"2026-09-07T10:32:18+0000","egipt|sharm-el-sheikh|2026-12-24|2026-12-31|7|Warszawa|2+1","filter_egypt_ny_dec24_2026_7_10_days","egipt","sharm-el-sheikh","2026-12-24","2026-12-31","7.0","Warszawa","2+1","108.0","11.0","11.0","9574.0","9973.0","10130.5","10603.0","10993.0","2.0","0.0","0.0","0.0","0.0","0.0","0.0","0.0","0.0","0.0","57.0","0.0","0.0","0.0","4.3","11.0","0.0"
"2026-09-07T16:36:04+0000","egipt|sharm-el-sheikh|2026-12-24|2026-12-31|7|Warszawa|2+1","filter_egypt_ny_dec24_2026_7_10_days","egipt","sharm-el-sheikh","2026-12-24","2026-12-31","7.0","Warszawa","2+1","108.0","11.0","11.0","9574.0","9973.0","10130.5","10603.0","10993.0","2.0","0.0","0.0","0.0","0.0","0.0","0.0","0.0","0.0","0.0","59.0","0.0","0.0","0.0","4.3","11.0","0.0"
"2026-09-07T20:42:40+0000","egipt|sharm-el-sheikh|2026-12-24|2026-12-31|7|Warszawa|2+1","filter_egypt_ny_dec24_2026_7_10_days","egipt","sharm-el-sheikh","2026-12-24","2026-12-31","7.0","Warszawa","2+1","108.0","11.0","11.0","9574.0","9973.0","10130.5","10603.0","10993.0","2.0","0.0","0.0","0.0","0.0","0.0","0.0","0.0","0.0","0.0","60.0","0.0","0.0","0.0","4.3","11.0","0.0"
"2026-09-08T04:52:28+0000","egipt|sharm-el-sheikh|2026-12-24|2026-12-31|7|Warszawa|2+1","filter_egypt_ny_dec24_2026_7_10_days","egipt","sharm-el-sheikh","2026-12-24","2026-12-31","7.0","Warszawa","2+1","107.0","11.0","11.0","9574.0","9973.0","10130.5","10603.0","10993.0","2.0","0.0","9574.0","9867.67","10603.0","0.0","0.0","0.0","0.0","11.0","61.0","0.0","0.0","0.0","4.3","11.0","0.0"
"2026-09-08T07:41:59+0000","egipt|sharm-el-sheikh|2026-12-24|2026-12-31|7|Warszawa|2+1","filter_egypt_ny_dec24_2026_7_10_days","egipt","sharm-el-sheikh","2026-12-24","2026-12-31","7.0","Warszawa","2+1","107.0","8.0","8.0","9574.0","9853.3","10035.25","10245.5","10948.0","2.0","0.0","0.0","0.0","0.0","0.0","0.0","0.0","-3.0","5.0","62.0","0.0","0.0","0.0","4.2","8.0","0.0"
"2026-09-08T09:52:41+0000","egipt|sharm-el-sheikh|2026-12-24|2026-12-31|7|Warszawa|2+1","filter_egypt_ny_dec24_2026_7_10_days","egipt","sharm-el-sheikh","2026-12-24","2026-12-31","7.0","Warszawa","2+1","107.0","9.0","9.0","9579.0","9894.2","10056.0","10286.0","10948.0","2.0","0.0","0.0","0.0","0.0","0.0","0.0","0.0","-2.0","7.0","60.0","0.01","0.0","0.0","4.1","9.0","0.0"
"2026-09-08T14:42:34+0000","egipt|sharm-el-sheikh|2026-12-24|2026-12-31|7|Warszawa|2+1","filter_egypt_ny_dec24_2026_7_10_days","egipt","sharm-el-sheikh","2026-12-24","2026-12-31","7.0","Warszawa","2+1","107.0","11.0","11.0","9579.0","9973.0","10130.5","10603.0","10993.0","2.0","0.0","9574.0","9867.67","10286.0","0.05","0.02","0.0","0.0","9.0","60.0","0.16","0.0","2.0","4.3","11.0","0.0"
"2026-09-08T18:51:34+0000","egipt|sharm-el-sheikh|2026-12-24|2026-12-31|7|Warszawa|2+1","filter_egypt_ny_dec24_2026_7_10_days","egipt","sharm-el-sheikh","2026-12-24","2026-12-31","7.0","Warszawa","2+1","107.0","9.0","9.0","9579.0","9894.2","10056.0","10286.0","10948.0","2.0","0.0","0.0","0.0","0.0","0.0","0.0","0.0","-2.0","6.0","60.0","0.0","0.0","4.0","4.1","9.0","0.0"
"2026-09-09T00:24:30+0000","egipt|sharm-el-sheikh|2026-12-24|2026-12-31|7|Warszawa|2+1","filter_egypt_ny_dec24_2026_7_10_days","egipt","sharm-el-sheikh","2026-12-24","2026-12-31","7.0","Warszawa","2+1","106.0","11.0","11.0","9579.0","9973.0","10130.5","10603.0","10993.0","2.0","0.0","9574.0","9867.67","10286.0","0.05","0.02","0.0","0.0","9.0","62.0","0.13","0.0","4.0","4.3","11.0","0.0"
"2026-09-09T04:51:31+0000","egipt|sharm-el-sheikh|2026-12-24|2026-12-31|7|Warszawa|2+1","filter_egypt_ny_dec24_2026_7_10_days","egipt","sharm-el-sheikh","2026-12-24","2026-12-31","7.0","Warszawa","2+1","106.0","11.0","11.0","9579.0","9973.0","10130.5","10603.0","10993.0","2.0","0.0","9574.0","9867.67","10286.0","0.05","0.02","0.0","0.0","9.0","63.0","0.12","0.0","5.0","4.3","11.0","0.0"
"2026-09-09T06:09:15+0000","egipt|sharm-el-sheikh|2026-12-24|2026-12-31|7|Warszawa|2+1","filter_egypt_ny_dec24_2026_7_10_days","egipt","sharm-el-sheikh","2026-12-24","2026-12-31","7.0","Warszawa","2+1","106.0","8.0","8.0","9579.0","9854.8","10035.25","10245.5","10948.0","2.0","0.0","0.0","0.0","0.0","0.0","0.0","0.0","-3.0","7.0","65.0","0.0","0.0","6.0","4.2","8.0","0.0"
"2026-09-09T11:37:23+0000","egipt|sharm-el-sheikh|2026-12-24|2026-12-31|7|Warszawa|2+1","filter_egypt_ny_dec24_2026_7_10_days","egipt","sharm-el-sheikh","2026-12-24","2026-12-31","7.0","Warszawa","2+1","106.0","11.0","11.0","9579.0","9973.0","10130.5","10603.0","10993.0","2.0","0.0","0.0","0.0","0.0","0.0","0.0","0.0","2.0","7.0","63.0","0.56","0.0","6.0","4.3","11.0","0.0"
"2026-09-09T16:49:24+0000","egipt|sharm-el-sheikh|2026-12-24|2026-12-31|7|Warszawa|2+1","filter_egypt_ny_dec24_2026_7_10_days","egipt","sharm-el-sheikh","2026-12-24","2026-12-31","7.0","Warszawa","2+1","106.0","11.0","11.0","9579.0","9973.0","10130.5","10603.0","10993.0","2.0","0.0","0.0","0.0","0.0","0.0","0.0","0.0","2.0","6.0","64.0","0.52","0.0","6.0","4.3","11.0","0.0"
"2026-09-09T19:54:29+0000","egipt|sharm-el-sheikh|2026-12-24|2026-12-31|7|Warszawa|2+1","filter_egypt_ny_dec24_2026_7_10_days","egipt","sharm-el-sheikh","2026-12-24","2026-12-31","7.0","Warszawa","2+1","106.0","11.0","11.0","9579.0","9973.0","10130.5","10603.0","10993.0","2.0","0.0","0.0","0.0","0.0","0.0","0.0","0.0","2.0","5.0","66.0","0.55","0.0","7.0","4.3","11.0","0.0"
"2026-09-09T22:41:18+0000","egipt|sharm-el-sheikh|2026-12-24|2026-12-31|7|Warszawa|2+1","filter_egypt_ny_dec24_2026_7_10_days","egipt","sharm-el-sheikh","2026-12-24","2026-12-31","7.0","Warszawa","2+1","106.0","9.0","9.0","9579.0","9894.2","10056.0","10286.0","10948.0","2.0","0.0","9579.0","9869.33","10245.5","0.0","0.0","0.0","-2.0","8.0","68.0","0.1","0.0","7.0","4.1","9.0","0.0"
"2026-09-10T01:15:01+0000","egipt|sharm-el-sheikh|2026-12-24|2026-12-31|7|Warszawa|2+1","filter_egypt_ny_dec24_2026_7_10_days","egipt","sharm-el-sheikh","2026-12-24","2026-12-31","7.0","Warszawa","2+1","105.0","9.0","9.0","9579.0","9894.2","10056.0","10286.0","10948.0","2.0","0.0","9579.0","9869.33","10245.5","0.0","0.0","0.0","-2.0","8.0","69.0","0.1","0.0","7.0","4.1","9.0","0.0"
"2026-09-10T06:07:47+0000","egipt|sharm-el-sheikh|2026-12-24|2026-12-31|7|Warszawa|2+1","filter_egypt_ny_dec24_2026_7_10_days","egipt","sharm-el-sheikh","2026-12-24","2026-12-31","7.0","Warszawa","2+1","105.0","11.0","11.0","9579.0","9973.0","10130.5","10603.0","10993.0","2.0","0.0","0.0","0.0","0.0","0.0","0.0","0.0","3.0","6.0","66.0","0.47","0.0","7.0","4.3","11.0","0.0"
"2026-09-10T11:33:48+0000","egipt|sharm-el-sheikh|2026-12-24|2026-12-31|7|Warszawa|2+1","filter_egypt_ny_dec24_2026_7_10_days","egipt","sharm-el-sheikh","2026-12-24","2026-12-31","7.0","Warszawa","2+1","105.0","11.0","11.0","9555.0","9973.0","10078.0","10586.0","10993.0","3.0","0.0","9579.0","9869.33","10286.0","-0.25","-0.35","0.0","0.0","9.0","69.0","-0.14","0.0","9.0","4.3","11.0","0.0"
"2026-09-10T16:14:22+0000","egipt|sharm-el-sheikh|2026-12-24|2026-12-31|7|Warszawa|2+1","filter_egypt_ny_dec24_2026_7_10_days","egipt","sharm-el-sheikh","2026-12-24","2026-12-31","7.0","Warszawa","2+1","105.0","11.0","11.0","9555.0","9973.0","10078.0","10539.0","10993.0","3.0","0.0","9579.0","9869.33","10444.5","-0.25","-0.35","-0.31","0.0","10.0","70.0","0.05","0.0","9.0","4.3","11.0","0.0"
"2026-09-10T16:35:07+0000","egipt|sharm-el-sheikh|2026-12-24|2026-12-31|7|Warszawa|2+1","filter_egypt_ny_dec24_2026_7_10_days","egipt","sharm-el-sheikh","2026-12-24","2026-12-31","7.0","Warszawa","2+1","105.0","11.0","11.0","9555.0","9973.0","10078.0","10539.0","10993.0","3.0","0.0","9579.0","9869.33","10444.5","-0.25","-0.35","-0.31","0.0","10.0","70.0","0.06","0.0","9.0","4.3","11.0","0.0"
"2026-09-10T19:51:50+0000","egipt|sharm-el-sheikh|2026-12-24|2026-12-31|7|Warszawa|2+1","filter_egypt_ny_dec24_2026_7_10_days","egipt","sharm-el-sheikh","2026-12-24","2026-12-31","7.0","Warszawa","2+1","105.0","11.0","11.0","9708.0","9833.0","10033.5","10539.0","10993.0","3.0","0.0","9579.0","9869.33","10444.5","1.35","-0.49","-0.09","0.0","10.0","67.0","-0.01","0.0","8.0","4.3","11.0","0.0"
"2026-09-10T22:44:34+0000","egipt|sharm-el-sheikh|2026-12-24|2026-12-31|7|Warszawa|2+1","filter_egypt_ny_dec24_2026_7_10_days","egipt","sharm-el-sheikh","2026-12-24","2026-12-31","7.0","Warszawa","2+1","105.0","11.0","11.0","9708.0","9833.0","10033.5","10539.0","10993.0","3.0","0.0","9579.0","9869.33","10245.5","1.35","-0.49","-0.07","2.0","8.0","66.0","0.05","0.0","7.0","4.3","11.0","0.0"
"2026-09-11T01:14:53+0000","egipt|sharm-el-sheikh|2026-12-24|2026-12-31|7|Warszawa|2+1","filter_egypt_ny_dec24_2026_7_10_days","egipt","sharm-el-sheikh","2026-12-24","2026-12-31","7.0","Warszawa","2+1","104.0","11.0","11.0","9708.0","9833.0","10033.5","10539.0","10993.0","3.0","0.0","9579.0","9869.33","10245.5","1.35","-0.49","-0.07","2.0","8.0","67.0","0.06","0.0","7.0","4.3","11.0","0.0"
"2026-09-11T06:11:03+0000","egipt|sharm-el-sheikh|2026-12-24|2026-12-31|7|Warszawa|2+1","filter_egypt_ny_dec24_2026_7_10_days","egipt","sharm-el-sheikh","2026-12-24","2026-12-31","7.0","Warszawa","2+1","104.0","11.0","11.0","9708.0","9833.0","10033.5","10539.0","10993.0","3.0","0.0","9579.0","9869.33","10603.0","1.35","-0.49","-0.6","0.0","11.0","68.0","0.06","0.0","7.0","4.3","11.0","0.0"
"2026-09-11T11:36:28+0000","egipt|sharm-el-sheikh|2026-12-24|2026-12-31|7|Warszawa|2+1","filter_egypt_ny_dec24_2026_7_10_days","egipt","sharm-el-sheikh","2026-12-24","2026-12-31","7.0","Warszawa","2+1","104.0","12.0","12.0","9689.0","9841.9","10089.25","10562.5","10993.0","3.0","0.0","9555.0","9834.33","10436.0","1.4","-0.2","0.22","1.0","10.0","68.0","0.04","0.0","7.0","4.3","12.0","0.0"
"2026-09-11T15:03:29+0000","egipt|sharm-el-sheikh|2026-12-24|2026-12-31|7|Warszawa|2+1","filter_egypt_ny_dec24_2026_7_10_days","egipt","sharm-el-sheikh","2026-12-24","2026-12-31","7.0","Warszawa","2+1","104.0","11.0","11.0","9689.0","9833.0","10033.5","10539.0","10993.0","3.0","0.0","9555.0","9834.33","10412.5","1.4","-0.2","0.22","0.0","10.0","66.0","0.04","0.0","7.0","4.3","11.0","0.0"
"2026-09-11T16:39:34+0000","egipt|sharm-el-sheikh|2026-12-24|2026-12-31|7|Warszawa|2+1","filter_egypt_ny_dec24_2026_7_10_days","egipt","sharm-el-sheikh","2026-12-24","2026-12-31","7.0","Warszawa","2+1","104.0","11.0","11.0","9689.0","9833.0","10033.5","10539.0","10993.0","3.0","0.0","9555.0","9834.33","10539.0","1.4","-0.2","0.0","0.0","11.0","68.0","0.04","0.0","8.0","4.3","11.0","0.0"
"2026-09-11T19:54:13+0000","egipt|sharm-el-sheikh|2026-12-24|2026-12-31|7|Warszawa|2+1","filter_egypt_ny_dec24_2026_7_10_days","egipt","sharm-el-sheikh","2026-12-24","2026-12-31","7.0","Warszawa","2+1","104.0","11.0","11.0","9689.0","9815.0","9984.5","10539.0","10993.0","3.0","0.0","9708.0","9821.0","10332.0","-0.2","-0.4","-0.16","0.0","9.0","65.0","0.08","0.0","6.0","4.3","11.0","0.0"
"2026-09-11T22:44:19+0000","egipt|sharm-el-sheikh|2026-12-24|2026-12-31|7|Warszawa|2+1","filter_egypt_ny_dec24_2026_7_10_days","egipt","sharm-el-sheikh","2026-12-24","2026-12-31","7.0","Warszawa","2+1","104.0","11.0","11.0","9689.0","9815.0","9984.5","10539.0","10993.0","3.0","0.0","9708.0","9821.0","10435.5","-0.2","-0.4","-0.08","0.0","10.0","65.0","0.07","0.0","6.0","4.3","11.0","0.0"
"2026-09-12T01:16:28+0000","egipt|sharm-el-sheikh|2026-12-24|2026-12-31|7|Warszawa|2+1","filter_egypt_ny_dec24_2026_7_10_days","egipt","sharm-el-sheikh","2026-12-24","2026-12-31","7.0","Warszawa","2+1","103.0","11.0","11.0","9689.0","9815.0","9984.5","10539.0","10993.0","3.0","0.0","9708.0","9821.0","10435.5","-0.2","-0.4","-0.08","0.0","10.0","66.0","0.07","0.0","6.0","4.3","11.0","0.0"
"2026-09-12T05:58:41+0000","egipt|sharm-el-sheikh|2026-12-24|2026-12-31|7|Warszawa|2+1","filter_egypt_ny_dec24_2026_7_10_days","egipt","sharm-el-sheikh","2026-12-24","2026-12-31","7.0","Warszawa","2+1","103.0","11.0","11.0","9689.0","9815.0","9984.5","10539.0","10993.0","3.0","0.0","9708.0","9821.0","10435.5","-0.2","-0.4","-0.08","0.0","10.0","66.0","0.06","0.0","6.0","4.3","11.0","0.0"
"2026-09-12T11:00:01+0000","egipt|sharm-el-sheikh|2026-12-24|2026-12-31|7|Warszawa|2+1","filter_egypt_ny_dec24_2026_7_10_days","egipt","sharm-el-sheikh","2026-12-24","2026-12-31","7.0","Warszawa","2+1","103.0","10.0","10.0","9700.0","9813.4","9924.5","10439.0","10945.0","3.0","0.0","9689.0","9814.67","10435.5","0.11","-0.22","0.03","-2.0","10.0","50.0","0.13","0.0","0.0","4.2","10.0","0.0"
"2026-09-12T14:17:19+0000","egipt|sharm-el-sheikh|2026-12-24|2026-12-31|7|Warszawa|2+1","filter_egypt_ny_dec24_2026_7_10_days","egipt","sharm-el-sheikh","2026-12-24","2026-12-31","7.0","Warszawa","2+1","103.0","10.0","10.0","9700.0","9813.4","9924.5","10444.0","10945.0","3.0","0.0","9689.0","9814.67","10332.0","0.11","-0.22","0.05","-1.0","9.0","55.0","0.13","0.0","1.0","4.2","10.0","0.0"
"2026-09-12T17:20:28+0000","egipt|sharm-el-sheikh|2026-12-24|2026-12-31|7|Warszawa|2+1","filter_egypt_ny_dec24_2026_7_10_days","egipt","sharm-el-sheikh","2026-12-24","2026-12-31","7.0","Warszawa","2+1","103.0","10.0","10.0","9700.0","9813.4","9924.5","10444.0","10945.0","3.0","0.0","9689.0","9814.67","10332.0","0.11","-0.22","0.05","-1.0","9.0","58.0","0.13","0.0","3.0","4.2","10.0","0.0"
"2026-09-12T22:26:59+0000","egipt|sharm-el-sheikh|2026-12-24|2026-12-31|7|Warszawa|2+1","filter_egypt_ny_dec24_2026_7_10_days","egipt","sharm-el-sheikh","2026-12-24","2026-12-31","7.0","Warszawa","2+1","103.0","9.0","9.0","9700.0","9800.8","9853.0","10337.0","10945.0","3.0","0.0","9689.0","9781.67","10315.0","0.11","0.12","0.21","-2.0","9.0","60.0","0.08","0.0","3.0","4.3","9.0","0.0"
"2026-09-13T01:12:19+0000","egipt|sharm-el-sheikh|2026-12-24|2026-12-31|7|Warszawa|2+1","filter_egypt_ny_dec24_2026_7_10_days","egipt","sharm-el-sheikh","2026-12-24","2026-12-31","7.0","Warszawa","2+1","102.0","10.0","10.0","9700.0","9813.4","9924.5","10444.0","10945.0","3.0","0.0","9689.0","9781.67","10427.0","0.11","0.12","0.16","-1.0","10.0","58.0","0.12","0.0","3.0","4.2","10.0","0.0"
"2026-09-13T06:22:18+0000","egipt|sharm-el-sheikh|2026-12-24|2026-12-31|7|Warszawa|2+1","filter_egypt_ny_dec24_2026_7_10_days","egipt","sharm-el-sheikh","2026-12-24","2026-12-31","7.0","Warszawa","2+1","102.0","10.0","10.0","9700.0","9813.4","9924.5","10444.0","10945.0","3.0","0.0","9689.0","9781.67","10427.0","0.11","0.12","0.16","-1.0","10.0","60.0","0.11","0.0","3.0","4.2","10.0","0.0"
"2026-09-13T09:28:46+0000","egipt|sharm-el-sheikh|2026-12-24|2026-12-31|7|Warszawa|2+1","filter_egypt_ny_dec24_2026_7_10_days","egipt","sharm-el-sheikh","2026-12-24","2026-12-31","7.0","Warszawa","2+1","102.0","10.0","10.0","9700.0","9813.4","9924.5","10444.0","10945.0","3.0","0.0","9700.0","9793.0","10439.0","0.0","0.0","0.05","0.0","10.0","61.0","0.11","0.0","3.0","4.2","10.0","0.0"
"2026-09-13T12:50:24+0000","egipt|sharm-el-sheikh|2026-12-24|2026-12-31|7|Warszawa|2+1","filter_egypt_ny_dec24_2026_7_10_days","egipt","sharm-el-sheikh","2026-12-24","2026-12-31","7.0","Warszawa","2+1","102.0","10.0","10.0","9700.0","9813.4","9924.5","10444.0","10957.0","3.0","0.0","9700.0","9793.0","10337.0","0.0","0.0","0.0","0.0","9.0","61.0","0.12","0.0","3.0","4.2","10.0","0.0"
"2026-09-13T17:02:54+0000","egipt|sharm-el-sheikh|2026-12-24|2026-12-31|7|Warszawa|2+1","filter_egypt_ny_dec24_2026_7_10_days","egipt","sharm-el-sheikh","2026-12-24","2026-12-31","7.0","Warszawa","2+1","102.0","10.0","10.0","9700.0","9819.7","9924.5","10444.0","10957.0","3.0","0.0","9700.0","9793.0","10444.0","0.0","0.02","0.0","0.0","10.0","58.0","0.12","0.0","2.0","4.2","10.0","0.0"
"2026-09-13T19:35:37+0000","egipt|sharm-el-sheikh|2026-12-24|2026-12-31|7|Warszawa|2+1","filter_egypt_ny_dec24_2026_7_10_days","egipt","sharm-el-sheikh","2026-12-24","2026-12-31","7.0","Warszawa","2+1","102.0","10.0","10.0","9700.0","9819.7","9924.5","10444.0","10957.0","3.0","0.0","9700.0","9793.0","10444.0","0.0","0.02","0.0","0.0","10.0","59.0","0.11","0.0","2.0","4.2","10.0","0.0"
"2026-09-13T22:32:44+0000","egipt|sharm-el-sheikh|2026-12-24|2026-12-31|7|Warszawa|2+1","filter_egypt_ny_dec24_2026_7_10_days","egipt","sharm-el-sheikh","2026-12-24","2026-12-31","7.0","Warszawa","2+1","102.0","10.0","10.0","9700.0","9819.7","9924.5","10444.0","10957.0","3.0","0.0","9700.0","9793.0","10337.0","0.0","0.02","0.0","1.0","9.0","60.0","0.11","0.0","2.0","4.2","10.0","0.0"
"2026-09-14T01:16:47+0000","egipt|sharm-el-sheikh|2026-12-24|2026-12-31|7|Warszawa|2+1","filter_egypt_ny_dec24_2026_7_10_days","egipt","sharm-el-sheikh","2026-12-24","2026-12-31","7.0","Warszawa","2+1","101.0","10.0","10.0","9700.0","9819.7","9924.5","10444.0","10957.0","3.0","0.0","0.0","0.0","0.0","0.0","0.0","0.0","0.0","0.0","0.0","0.0","0.0","0.0","4.2","10.0","0.0"
"2026-09-14T05:27:34+0000","egipt|sharm-el-sheikh|2026-12-24|2026-12-31|7|Warszawa|2+1","filter_egypt_ny_dec24_2026_7_10_days","egipt","sharm-el-sheikh","2026-12-24","2026-12-31","7.0","Warszawa","2+1","101.0","10.0","10.0","9700.0","9819.7","9924.5","10444.0","10957.0","3.0","0.0","0.0","0.0","0.0","0.0","0.0","0.0","0.0","0.0","55.0","0.0","0.0","0.0","4.2","10.0","0.0"
"2026-09-14T06:29:57+0000","egipt|sharm-el-sheikh|2026-12-24|2026-12-31|7|Warszawa|2+1","filter_egypt_ny_dec24_2026_7_10_days","egipt","sharm-el-sheikh","2026-12-24","2026-12-31","7.0","Warszawa","2+1","101.0","10.0","10.0","9700.0","9819.7","9924.5","10444.0","10957.0","3.0","0.0","0.0","0.0","0.0","0.0","0.0","0.0","0.0","0.0","56.0","0.0","0.0","0.0","4.2","10.0","0.0"
"2026-09-14T13:01:39+0000","egipt|sharm-el-sheikh|2026-12-24|2026-12-31|7|Warszawa|2+1","filter_egypt_ny_dec24_2026_7_10_days","egipt","sharm-el-sheikh","2026-12-24","2026-12-31","7.0","Warszawa","2+1","101.0","10.0","10.0","9700.0","9819.7","9924.5","10444.0","10957.0","3.0","0.0","0.0","0.0","0.0","0.0","0.0","0.0","0.0","0.0","57.0","0.0","0.0","0.0","4.2","10.0","0.0"
"2026-09-14T14:16:41+0000","egipt|sharm-el-sheikh|2026-12-24|2026-12-31|7|Warszawa|2+1","filter_egypt_ny_dec24_2026_7_10_days","egipt","sharm-el-sheikh","2026-12-24","2026-12-31","7.0","Warszawa","2+1","101.0","10.0","10.0","9700.0","9819.7","9924.5","10444.0","10957.0","3.0","0.0","0.0","0.0","0.0","0.0","0.0","0.0","0.0","0.0","58.0","0.0","0.0","0.0","4.2","10.0","0.0"
"2026-09-14T19:32:48+0000","egipt|sharm-el-sheikh|2026-12-24|2026-12-31|7|Warszawa|2+1","filter_egypt_ny_dec24_2026_7_10_days","egipt","sharm-el-sheikh","2026-12-24","2026-12-31","7.0","Warszawa","2+1","101.0","10.0","10.0","9700.0","9819.7","9924.5","10444.0","10957.0","3.0","0.0","0.0","0.0","0.0","0.0","0.0","0.0","0.0","0.0","59.0","0.0","0.0","0.0","4.2","10.0","0.0"
"2026-09-14T23:16:16+0000","egipt|sharm-el-sheikh|2026-12-24|2026-12-31|7|Warszawa|2+1","filter_egypt_ny_dec24_2026_7_10_days","egipt","sharm-el-sheikh","2026-12-24","2026-12-31","7.0","Warszawa","2+1","101.0","10.0","10.0","9700.0","9819.7","9924.5","10444.0","10957.0","3.0","0.0","0.0","0.0","0.0","0.0","0.0","0.0","0.0","0.0","60.0","0.0","0.0","0.0","4.2","10.0","0.0"
"2026-09-15T01:36:50+0000","egipt|sharm-el-sheikh|2026-12-24|2026-12-31|7|Warszawa|2+1","filter_egypt_ny_dec24_2026_7_10_days","egipt","sharm-el-sheikh","2026-12-24","2026-12-31","7.0","Warszawa","2+1","100.0","10.0","10.0","9700.0","9819.7","9924.5","10444.0","10957.0","3.0","0.0","9700.0","9795.33","10238.0","0.0","0.0","0.0","0.0","8.0","61.0","0.0","0.0","0.0","4.2","10.0","0.0"
"2026-09-15T07:56:20+0000","egipt|sharm-el-sheikh|2026-12-24|2026-12-31|7|Warszawa|2+1","filter_egypt_ny_dec24_2026_7_10_days","egipt","sharm-el-sheikh","2026-12-24","2026-12-31","7.0","Warszawa","2+1","100.0","10.0","10.0","9700.0","9819.7","9924.5","10444.0","10957.0","3.0","0.0","9700.0","9795.33","10444.0","0.0","0.0","0.0","0.0","10.0","62.0","0.0","0.0","1.0","4.2","10.0","0.0"
"2026-09-15T14:49:10+0000","egipt|sharm-el-sheikh|2026-12-24|2026-12-31|7|Warszawa|2+1","filter_egypt_ny_dec24_2026_7_10_days","egipt","sharm-el-sheikh","2026-12-24","2026-12-31","7.0","Warszawa","2+1","100.0","10.0","10.0","9700.0","9819.7","9924.5","10444.0","10957.0","3.0","0.0","9700.0","9795.33","10238.0","0.0","0.0","0.0","0.0","8.0","63.0","0.0","0.0","3.0","4.2","10.0","0.0"
"2026-09-15T18:21:04+0000","egipt|sharm-el-sheikh|2026-12-24|2026-12-31|7|Warszawa|2+1","filter_egypt_ny_dec24_2026_7_10_days","egipt","sharm-el-sheikh","2026-12-24","2026-12-31","7.0","Warszawa","2+1","100.0","10.0","10.0","9700.0","9819.7","9924.5","10444.0","10957.0","3.0","0.0","9700.0","9795.33","10238.0","0.0","0.0","0.0","0.0","8.0","64.0","0.0","0.0","3.0","4.2","10.0","0.0"
"2026-09-15T21:36:40+0000","egipt|sharm-el-sheikh|2026-12-24|2026-12-31|7|Warszawa|2+1","filter_egypt_ny_dec24_2026_7_10_days","egipt","sharm-el-sheikh","2026-12-24","2026-12-31","7.0","Warszawa","2+1","100.0","10.0","10.0","9700.0","9819.7","9924.5","10444.0","10957.0","3.0","0.0","9700.0","9795.33","10337.0","0.0","0.0","0.0","0.0","9.0","65.0","0.0","0.0","6.0","4.2","10.0","0.0"
"2026-09-16T00:31:45+0000","egipt|sharm-el-sheikh|2026-12-24|2026-12-31|7|Warszawa|2+1","filter_egypt_ny_dec24_2026_7_10_days","egipt","sharm-el-sheikh","2026-12-24","2026-12-31","7.0","Warszawa","2+1","99.0","10.0","10.0","9700.0","9819.7","9924.5","10444.0","10957.0","3.0","0.0","9700.0","9795.33","10238.0","0.0","0.0","0.0","0.0","8.0","66.0","0.0","0.0","8.0","4.2","10.0","0.0"
"2026-09-16T06:12:13+0000","egipt|sharm-el-sheikh|2026-12-24|2026-12-31|7|Warszawa|2+1","filter_egypt_ny_dec24_2026_7_10_days","egipt","sharm-el-sheikh","2026-12-24","2026-12-31","7.0","Warszawa","2+1","99.0","9.0","9.0","9700.0","9806.4","9853.0","10337.0","10957.0","3.0","0.0","9700.0","9795.33","10238.0","0.0","0.0","0.0","-1.0","8.0","66.0","0.0","0.0","8.0","4.3","9.0","0.0"
"2026-09-16T11:51:14+0000","egipt|sharm-el-sheikh|2026-12-24|2026-12-31|7|Warszawa|2+1","filter_egypt_ny_dec24_2026_7_10_days","egipt","sharm-el-sheikh","2026-12-24","2026-12-31","7.0","Warszawa","2+1","99.0","10.0","10.0","9700.0","9819.7","9924.5","10444.0","10957.0","3.0","0.0","9700.0","9795.33","10444.0","0.0","0.0","0.0","0.0","10.0","66.0","0.07","0.0","8.0","4.2","10.0","0.0"
"2026-09-16T17:10:53+0000","egipt|sharm-el-sheikh|2026-12-24|2026-12-31|7|Warszawa|2+1","filter_egypt_ny_dec24_2026_7_10_days","egipt","sharm-el-sheikh","2026-12-24","2026-12-31","7.0","Warszawa","2+1","99.0","10.0","10.0","9700.0","9819.7","9924.5","10542.0","10957.0","3.0","0.0","9700.0","9795.33","10444.0","0.0","0.0","0.94","0.0","10.0","65.0","0.24","0.0","8.0","4.2","10.0","0.0"
"2026-09-16T20:17:51+0000","egipt|sharm-el-sheikh|2026-12-24|2026-12-31|7|Warszawa|2+1","filter_egypt_ny_dec24_2026_7_10_days","egipt","sharm-el-sheikh","2026-12-24","2026-12-31","7.0","Warszawa","2+1","99.0","10.0","10.0","9700.0","9819.7","9924.5","10422.0","10957.0","3.0","0.0","9700.0","9795.33","10444.0","0.0","0.0","-0.21","0.0","10.0","67.0","0.02","0.0","8.0","4.2","10.0","0.0"
"2026-09-16T23:05:44+0000","egipt|sharm-el-sheikh|2026-12-24|2026-12-31|7|Warszawa|2+1","filter_egypt_ny_dec24_2026_7_10_days","egipt","sharm-el-sheikh","2026-12-24","2026-12-31","7.0","Warszawa","2+1","99.0","11.0","11.0","9700.0","9833.0","9996.0","10533.0","10957.0","3.0","0.0","9700.0","9795.33","10444.0","0.0","0.0","-0.21","1.0","10.0","66.0","0.03","0.0","7.0","4.3","11.0","0.0"
"2026-09-17T01:35:32+0000","egipt|sharm-el-sheikh|2026-12-24|2026-12-31|7|Warszawa|2+1","filter_egypt_ny_dec24_2026_7_10_days","egipt","sharm-el-sheikh","2026-12-24","2026-12-31","7.0","Warszawa","2+1","98.0","11.0","11.0","9700.0","9833.0","9996.0","10533.0","10957.0","3.0","0.0","9700.0","9795.33","10444.0","0.0","0.0","-0.21","1.0","10.0","66.0","0.03","0.0","7.0","4.3","11.0","0.0"
"2026-09-17T07:51:16+0000","egipt|sharm-el-sheikh|2026-12-24|2026-12-31|7|Warszawa|2+1","filter_egypt_ny_dec24_2026_7_10_days","egipt","sharm-el-sheikh","2026-12-24","2026-12-31","7.0","Warszawa","2+1","98.0","11.0","11.0","9700.0","9833.0","9996.0","10533.0","10957.0","3.0","0.0","9700.0","9795.33","10238.0","0.0","0.0","-0.13","2.0","8.0","67.0","0.02","0.0","7.0","4.3","11.0","0.0"
"2026-09-17T13:38:52+0000","egipt|sharm-el-sheikh|2026-12-24|2026-12-31|7|Warszawa|2+1","filter_egypt_ny_dec24_2026_7_10_days","egipt","sharm-el-sheikh","2026-12-24","2026-12-31","7.0","Warszawa","2+1","98.0","10.0","10.0","9700.0","9819.7","9924.5","10422.0","10957.0","3.0","0.0","9700.0","9795.33","10337.0","0.0","0.0","-0.25","0.0","9.0","69.0","-0.03","0.0","7.0","4.35","10.0","0.0"
"2026-09-17T15:08:55+0000","egipt|sharm-el-sheikh|2026-12-24|2026-12-31|7|Warszawa|2+1","filter_egypt_ny_dec24_2026_7_10_days","egipt","sharm-el-sheikh","2026-12-24","2026-12-31","7.0","Warszawa","2+1","98.0","11.0","11.0","9700.0","9833.0","9996.0","10533.0","10957.0","3.0","0.0","9700.0","9795.33","10542.0","0.0","0.0","-1.14","1.0","10.0","67.0","0.02","0.0","7.0","4.3","11.0","0.0"
"2026-09-17T18:24:15+0000","egipt|sharm-el-sheikh|2026-12-24|2026-12-31|7|Warszawa|2+1","filter_egypt_ny_dec24_2026_7_10_days","egipt","sharm-el-sheikh","2026-12-24","2026-12-31","7.0","Warszawa","2+1","98.0","11.0","11.0","9700.0","9833.0","9996.0","10533.0","10957.0","3.0","0.0","9700.0","9795.33","10542.0","0.0","0.0","-1.14","1.0","10.0","68.0","0.02","1.0","6.0","4.3","11.0","0.0"
"2026-09-17T22:20:46+0000","egipt|sharm-el-sheikh|2026-12-24|2026-12-31|7|Warszawa|2+1","filter_egypt_ny_dec24_2026_7_10_days","egipt","sharm-el-sheikh","2026-12-24","2026-12-31","7.0","Warszawa","2+1","98.0","8.0","8.0","9700.0","9793.1","9848.0","10336.0","10957.0","3.0","0.0","0.0","0.0","0.0","0.0","0.0","0.0","-3.0","6.0","68.0","0.16","0.0","5.0","4.2","8.0","0.0"
"2026-09-18T00:33:38+0000","egipt|sharm-el-sheikh|2026-12-24|2026-12-31|7|Warszawa|2+1","filter_egypt_ny_dec24_2026_7_10_days","egipt","sharm-el-sheikh","2026-12-24","2026-12-31","7.0","Warszawa","2+1","97.0","11.0","11.0","9700.0","9833.0","9996.0","10533.0","10957.0","3.0","0.0","9700.0","9795.33","10533.0","0.0","0.0","0.0","0.0","11.0","67.0","0.12","0.0","7.0","4.3","11.0","0.0"
"2026-09-18T06:05:26+0000","egipt|sharm-el-sheikh|2026-12-24|2026-12-31|7|Warszawa|2+1","filter_egypt_ny_dec24_2026_7_10_days","egipt","sharm-el-sheikh","2026-12-24","2026-12-31","7.0","Warszawa","2+1","97.0","11.0","11.0","9700.0","9833.0","9996.0","10533.0","10957.0","3.0","0.0","9700.0","9795.33","10533.0","0.0","0.0","0.0","0.0","11.0","67.0","0.1","0.0","7.0","4.3","11.0","0.0"
"2026-09-18T11:30:11+0000","egipt|sharm-el-sheikh|2026-12-24|2026-12-31|7|Warszawa|2+1","filter_egypt_ny_dec24_2026_7_10_days","egipt","sharm-el-sheikh","2026-12-24","2026-12-31","7.0","Warszawa","2+1","97.0","11.0","11.0","9700.0","9833.0","9996.0","10533.0","10957.0","3.0","0.0","9700.0","9795.33","10422.0","0.0","0.0","0.0","1.0","10.0","69.0","0.09","1.0","7.0","4.3","11.0","0.0"
"2026-09-18T16:36:01+0000","egipt|sharm-el-sheikh|2026-12-24|2026-12-31|7|Warszawa|2+1","filter_egypt_ny_dec24_2026_7_10_days","egipt","sharm-el-sheikh","2026-12-24","2026-12-31","7.0","Warszawa","2+1","97.0","8.0","8.0","9902.0","9989.5","10047.25","10426.0","10881.0","1.0","0.0","9700.0","9795.33","10225.0","2.08","2.03","1.97","-3.0","8.0","45.0","1.7","0.0","0.0","4.1","8.0","0.0"
"2026-09-18T19:46:30+0000","egipt|sharm-el-sheikh|2026-12-24|2026-12-31|7|Warszawa|2+1","filter_egypt_ny_dec24_2026_7_10_days","egipt","sharm-el-sheikh","2026-12-24","2026-12-31","7.0","Warszawa","2+1","97.0","8.0","8.0","9902.0","9989.5","10047.25","10426.0","10881.0","1.0","0.0","9700.0","9795.33","10225.0","2.08","2.03","1.97","-3.0","8.0","48.0","1.67","0.0","0.0","4.1","8.0","0.0"
"2026-09-18T22:43:16+0000","egipt|sharm-el-sheikh|2026-12-24|2026-12-31|7|Warszawa|2+1","filter_egypt_ny_dec24_2026_7_10_days","egipt","sharm-el-sheikh","2026-12-24","2026-12-31","7.0","Warszawa","2+1","97.0","8.0","8.0","9902.0","9989.5","10047.25","10426.0","10881.0","1.0","0.0","0.0","0.0","0.0","0.0","0.0","0.0","0.0","6.0","54.0","1.64","0.0","0.0","4.1","8.0","0.0"
"2026-09-19T05:51:23+0000","egipt|sharm-el-sheikh|2026-12-24|2026-12-31|7|Warszawa|2+1","filter_egypt_ny_dec24_2026_7_10_days","egipt","sharm-el-sheikh","2026-12-24","2026-12-31","7.0","Warszawa","2+1","96.0","8.0","8.0","9994.0","10082.9","10141.25","10532.0","10983.0","1.0","0.0","9700.0","9795.33","10225.0","3.03","2.98","3.0","-3.0","8.0","43.0","2.67","0.0","0.0","4.1","8.0","0.0"
"2026-09-19T11:13:51+0000","egipt|sharm-el-sheikh|2026-12-24|2026-12-31|7|Warszawa|2+1","filter_egypt_ny_dec24_2026_7_10_days","egipt","sharm-el-sheikh","2026-12-24","2026-12-31","7.0","Warszawa","2+1","96.0","6.0","6.0","9994.0","10057.5","10127.75","10292.5","10916.0","1.0","0.0","0.0","0.0","0.0","0.0","0.0","0.0","-5.0","5.0","46.0","2.39","0.0","0.0","4.1","6.0","0.0"
"2026-09-19T14:35:13+0000","egipt|sharm-el-sheikh|2026-12-24|2026-12-31|7|Warszawa|2+1","filter_egypt_ny_dec24_2026_7_10_days","egipt","sharm-el-sheikh","2026-12-24","2026-12-31","7.0","Warszawa","2+1","96.0","7.0","7.0","9994.0","10070.2","10134.5","10437.0","10916.0","1.0","0.0","0.0","0.0","0.0","0.0","0.0","0.0","-1.0","7.0","51.0","2.57","0.0","0.0","4.1","7.0","0.0"
"2026-09-19T18:11:00+0000","egipt|sharm-el-sheikh|2026-12-24|2026-12-31|7|Warszawa|2+1","filter_egypt_ny_dec24_2026_7_10_days","egipt","sharm-el-sheikh","2026-12-24","2026-12-31","7.0","Warszawa","2+1","96.0","6.0","6.0","9994.0","10057.5","10127.75","10292.5","10916.0","1.0","0.0","0.0","0.0","0.0","0.0","0.0","0.0","-2.0","5.0","54.0","1.9","0.0","0.0","4.1","6.0","0.0"
"2026-09-19T20:54:01+0000","egipt|sharm-el-sheikh|2026-12-24|2026-12-31|7|Warszawa|2+1","filter_egypt_ny_dec24_2026_7_10_days","egipt","sharm-el-sheikh","2026-12-24","2026-12-31","7.0","Warszawa","2+1","96.0","6.0","6.0","9994.0","10057.5","10127.75","10292.5","10916.0","1.0","0.0","0.0","0.0","0.0","0.0","0.0","0.0","-2.0","5.0","54.0","1.86","0.0","0.0","4.1","6.0","0.0"
"2026-09-19T23:17:35+0000","egipt|sharm-el-sheikh|2026-12-24|2026-12-31|7|Warszawa|2+1","filter_egypt_ny_dec24_2026_7_10_days","egipt","sharm-el-sheikh","2026-12-24","2026-12-31","7.0","Warszawa","2+1","96.0","7.0","7.0","9994.0","10070.2","10134.5","10437.0","10916.0","1.0","0.0","0.0","0.0","0.0","0.0","0.0","0.0","-1.0","7.0","54.0","2.51","0.0","0.0","4.1","7.0","0.0"
"2026-09-20T01:21:13+0000","egipt|sharm-el-sheikh|2026-12-24|2026-12-31|7|Warszawa|2+1","filter_egypt_ny_dec24_2026_7_10_days","egipt","sharm-el-sheikh","2026-12-24","2026-12-31","7.0","Warszawa","2+1","95.0","7.0","7.0","9994.0","10070.2","10134.5","10437.0","10916.0","1.0","0.0","0.0","0.0","0.0","0.0","0.0","0.0","-1.0","7.0","54.0","2.47","0.0","0.0","4.1","7.0","0.0"
"2026-09-20T06:31:48+0000","egipt|sharm-el-sheikh|2026-12-24|2026-12-31|7|Warszawa|2+1","filter_egypt_ny_dec24_2026_7_10_days","egipt","sharm-el-sheikh","2026-12-24","2026-12-31","7.0","Warszawa","2+1","95.0","7.0","7.0","9994.0","10070.2","10134.5","10437.0","10916.0","1.0","0.0","0.0","0.0","0.0","0.0","0.0","0.0","-1.0","7.0","55.0","2.38","0.0","0.0","4.1","7.0","0.0"
"2026-09-20T12:32:01+0000","egipt|sharm-el-sheikh|2026-12-24|2026-12-31|7|Warszawa|2+1","filter_egypt_ny_dec24_2026_7_10_days","egipt","sharm-el-sheikh","2026-12-24","2026-12-31","7.0","Warszawa","2+1","95.0","7.0","7.0","9994.0","10070.2","10134.5","10437.0","10916.0","1.0","0.0","0.0","0.0","0.0","0.0","0.0","0.0","1.0","5.0","55.0","2.02","0.0","0.0","4.1","7.0","0.0"
"2026-09-20T16:55:41+0000","egipt|sharm-el-sheikh|2026-12-24|2026-12-31|7|Warszawa|2+1","filter_egypt_ny_dec24_2026_7_10_days","egipt","sharm-el-sheikh","2026-12-24","2026-12-31","7.0","Warszawa","2+1","95.0","7.0","7.0","9994.0","10070.2","10134.5","10437.0","10916.0","1.0","0.0","0.0","0.0","0.0","0.0","0.0","0.0","1.0","5.0","55.0","1.96","0.0","0.0","4.1","7.0","0.0"
"2026-09-20T19:36:54+0000","egipt|sharm-el-sheikh|2026-12-24|2026-12-31|7|Warszawa|2+1","filter_egypt_ny_dec24_2026_7_10_days","egipt","sharm-el-sheikh","2026-12-24","2026-12-31","7.0","Warszawa","2+1","95.0","7.0","7.0","9994.0","10070.2","10134.5","10437.0","10916.0","1.0","0.0","0.0","0.0","0.0","0.0","0.0","0.0","1.0","5.0","56.0","1.93","0.0","0.0","4.1","7.0","0.0"
"2026-09-20T22:35:49+0000","egipt|sharm-el-sheikh|2026-12-24|2026-12-31|7|Warszawa|2+1","filter_egypt_ny_dec24_2026_7_10_days","egipt","sharm-el-sheikh","2026-12-24","2026-12-31","7.0","Warszawa","2+1","95.0","7.0","7.0","9994.0","10070.2","10134.5","10437.0","10916.0","1.0","0.0","0.0","0.0","0.0","0.0","0.0","0.0","0.0","7.0","56.0","1.9","0.0","0.0","4.1","7.0","0.0"
"2026-09-21T01:16:09+0000","egipt|sharm-el-sheikh|2026-12-24|2026-12-31|7|Warszawa|2+1","filter_egypt_ny_dec24_2026_7_10_days","egipt","sharm-el-sheikh","2026-12-24","2026-12-31","7.0","Warszawa","2+1","94.0","6.0","6.0","9994.0","10057.5","10127.75","10292.5","10916.0","1.0","0.0","0.0","0.0","0.0","0.0","0.0","0.0","-1.0","0.0","0.0","0.0","0.0","0.0","4.1","6.0","0.0"
"2026-09-21T05:24:33+0000","egipt|sharm-el-sheikh|2026-12-24|2026-12-31|7|Warszawa|2+1","filter_egypt_ny_dec24_2026_7_10_days","egipt","sharm-el-sheikh","2026-12-24","2026-12-31","7.0","Warszawa","2+1","94.0","6.0","6.0","9994.0","10057.5","10127.75","10292.5","10916.0","1.0","0.0","0.0","0.0","0.0","0.0","0.0","0.0","-1.0","0.0","54.0","0.0","0.0","0.0","4.1","6.0","0.0"
"2026-09-21T06:33:57+0000","egipt|sharm-el-sheikh|2026-12-24|2026-12-31|7|Warszawa|2+1","filter_egypt_ny_dec24_2026_7_10_days","egipt","sharm-el-sheikh","2026-12-24","2026-12-31","7.0","Warszawa","2+1","94.0","7.0","7.0","9994.0","10070.2","10134.5","10437.0","10916.0","1.0","0.0","0.0","0.0","0.0","0.0","0.0","0.0","0.0","0.0","55.0","0.2","0.0","0.0","4.1","7.0","0.0"
"2026-09-21T14:22:43+0000","egipt|sharm-el-sheikh|2026-12-24|2026-12-31|7|Warszawa|2+1","filter_egypt_ny_dec24_2026_7_10_days","egipt","sharm-el-sheikh","2026-12-24","2026-12-31","7.0","Warszawa","2+1","94.0","7.0","7.0","9994.0","10070.2","10134.5","10437.0","10916.0","1.0","0.0","0.0","0.0","0.0","0.0","0.0","0.0","0.0","0.0","56.0","0.08","0.0","0.0","4.1","7.0","0.0"
"2026-09-21T20:05:16+0000","egipt|sharm-el-sheikh|2026-12-24|2026-12-31|7|Warszawa|2+1","filter_egypt_ny_dec24_2026_7_10_days","egipt","sharm-el-sheikh","2026-12-24","2026-12-31","7.0","Warszawa","2+1","94.0","4.0","4.0","10392.0","10400.1","10412.25","10563.5","10898.0","0.0","0.0","0.0","0.0","0.0","0.0","0.0","0.0","-3.0","0.0","50.0","2.0","0.0","0.0","4.25","4.0","0.0"
"2026-09-21T23:25:50+0000","egipt|sharm-el-sheikh|2026-12-24|2026-12-31|7|Warszawa|2+1","filter_egypt_ny_dec24_2026_7_10_days","egipt","sharm-el-sheikh","2026-12-24","2026-12-31","7.0","Warszawa","2+1","94.0","3.0","3.0","10392.0","10455.2","10550.0","10708.0","10898.0","0.0","0.0","0.0","0.0","0.0","0.0","0.0","0.0","-4.0","0.0","51.0","1.85","0.0","0.0","4.1","3.0","0.0"
"2026-09-22T05:11:54+0000","egipt|sharm-el-sheikh|2026-12-24|2026-12-31|7|Warszawa|2+1","filter_egypt_ny_dec24_2026_7_10_days","egipt","sharm-el-sheikh","2026-12-24","2026-12-31","7.0","Warszawa","2+1","93.0","4.0","4.0","10392.0","10400.1","10412.25","10563.5","10898.0","0.0","0.0","0.0","0.0","0.0","0.0","0.0","0.0","-2.0","4.0","52.0","2.02","0.0","0.0","4.25","4.0","0.0"
"2026-09-22T10:08:39+0000","egipt|sharm-el-sheikh|2026-12-24|2026-12-31|7|Warszawa|2+1","filter_egypt_ny_dec24_2026_7_10_days","egipt","sharm-el-sheikh","2026-12-24","2026-12-31","7.0","Warszawa","2+1","93.0","4.0","4.0","10392.0","10400.1","10412.25","10563.5","10898.0","0.0","0.0","0.0","0.0","0.0","0.0","0.0","0.0","-3.0","4.0","53.0","1.79","0.0","0.0","4.25","4.0","0.0"
"2026-09-22T15:05:35+0000","egipt|sharm-el-sheikh|2026-12-24|2026-12-31|7|Warszawa|2+1","filter_egypt_ny_dec24_2026_7_10_days","egipt","sharm-el-sheikh","2026-12-24","2026-12-31","7.0","Warszawa","2+1","93.0","4.0","4.0","10392.0","10400.1","10412.25","10563.5","10898.0","0.0","0.0","0.0","0.0","0.0","0.0","0.0","0.0","-3.0","4.0","54.0","1.58","0.0","0.0","4.25","4.0","0.0"
"2026-09-22T19:03:54+0000","egipt|sharm-el-sheikh|2026-12-24|2026-12-31|7|Warszawa|2+1","filter_egypt_ny_dec24_2026_7_10_days","egipt","sharm-el-sheikh","2026-12-24","2026-12-31","7.0","Warszawa","2+1","93.0","5.0","5.0","10265.0","10315.8","10392.0","10419.0","10898.0","0.0","0.0","0.0","0.0","0.0","0.0","0.0","0.0","1.0","4.0","53.0","1.62","0.0","0.0","4.1","5.0","0.0"
"2026-09-22T22:22:06+0000","egipt|sharm-el-sheikh|2026-12-24|2026-12-31|7|Warszawa|2+1","filter_egypt_ny_dec24_2026_7_10_days","egipt","sharm-el-sheikh","2026-12-24","2026-12-31","7.0","Warszawa","2+1","93.0","5.0","5.0","10265.0","10315.8","10392.0","10419.0","10898.0","0.0","0.0","0.0","0.0","0.0","0.0","0.0","0.0","2.0","3.0","53.0","1.5","0.0","0.0","4.1","5.0","0.0"
"2026-09-23T00:48:39+0000","egipt|sharm-el-sheikh|2026-12-24|2026-12-31|7|Warszawa|2+1","filter_egypt_ny_dec24_2026_7_10_days","egipt","sharm-el-sheikh","2026-12-24","2026-12-31","7.0","Warszawa","2+1","92.0","5.0","5.0","10265.0","10315.8","10392.0","10419.0","10898.0","0.0","0.0","0.0","0.0","0.0","0.0","0.0","0.0","2.0","3.0","54.0","1.45","0.0","0.0","4.1","5.0","0.0"
"2026-09-23T05:24:24+0000","egipt|sharm-el-sheikh|2026-12-24|2026-12-31|7|Warszawa|2+1","filter_egypt_ny_dec24_2026_7_10_days","egipt","sharm-el-sheikh","2026-12-24","2026-12-31","7.0","Warszawa","2+1","92.0","5.0","5.0","10265.0","10315.8","10392.0","10419.0","10898.0","0.0","0.0","0.0","0.0","0.0","0.0","0.0","0.0","1.0","4.0","54.0","1.32","0.0","0.0","4.1","5.0","0.0"
"2026-09-23T06:08:06+0000","egipt|sharm-el-sheikh|2026-12-24|2026-12-31|7|Warszawa|2+1","filter_egypt_ny_dec24_2026_7_10_days","egipt","sharm-el-sheikh","2026-12-24","2026-12-31","7.0","Warszawa","2+1","92.0","5.0","5.0","10265.0","10315.8","10392.0","10419.0","10898.0","0.0","0.0","0.0","0.0","0.0","0.0","0.0","0.0","1.0","4.0","55.0","1.32","0.0","0.0","4.1","5.0","0.0"
"2026-09-23T11:53:15+0000","egipt|sharm-el-sheikh|2026-12-24|2026-12-31|7|Warszawa|2+1","filter_egypt_ny_dec24_2026_7_10_days","egipt","sharm-el-sheikh","2026-12-24","2026-12-31","7.0","Warszawa","2+1","92.0","5.0","5.0","10265.0","10315.8","10392.0","10419.0","10898.0","0.0","0.0","0.0","0.0","0.0","0.0","0.0","0.0","1.0","4.0","55.0","1.18","0.0","0.0","4.1","5.0","0.0"
"2026-09-23T17:16:16+0000","egipt|sharm-el-sheikh|2026-12-24|2026-12-31|7|Warszawa|2+1","filter_egypt_ny_dec24_2026_7_10_days","egipt","sharm-el-sheikh","2026-12-24","2026-12-31","7.0","Warszawa","2+1","92.0","5.0","5.0","10265.0","10315.8","10392.0","10419.0","10898.0","0.0","0.0","0.0","0.0","0.0","0.0","0.0","0.0","0.0","5.0","55.0","1.09","0.0","0.0","4.1","5.0","0.0"
"2026-09-23T20:33:25+0000","egipt|sharm-el-sheikh|2026-12-24|2026-12-31|7|Warszawa|2+1","filter_egypt_ny_dec24_2026_7_10_days","egipt","sharm-el-sheikh","2026-12-24","2026-12-31","7.0","Warszawa","2+1","92.0","5.0","5.0","10265.0","10315.8","10392.0","10419.0","10898.0","0.0","0.0","0.0","0.0","0.0","0.0","0.0","0.0","0.0","5.0","55.0","1.04","0.0","0.0","4.1","5.0","0.0"
"2026-09-24T05:05:16+0000","egipt|sharm-el-sheikh|2026-12-24|2026-12-31|7|Warszawa|2+1","filter_egypt_ny_dec24_2026_7_10_days","egipt","sharm-el-sheikh","2026-12-24","2026-12-31","7.0","Warszawa","2+1","91.0","3.0","3.0","10265.0","10295.8","10342.0","10419.0","10898.0","0.0","0.0","0.0","0.0","0.0","0.0","0.0","0.0","-2.0","3.0","61.0","1.15","0.0","1.0","4.4","3.0","0.0"
"2026-09-24T10:13:08+0000","egipt|sharm-el-sheikh|2026-12-24|2026-12-31|7|Warszawa|2+1","filter_egypt_ny_dec24_2026_7_10_days","egipt","sharm-el-sheikh","2026-12-24","2026-12-31","7.0","Warszawa","2+1","91.0","3.0","3.0","10265.0","10295.8","10342.0","10419.0","10898.0","0.0","0.0","0.0","0.0","0.0","0.0","0.0","0.0","-2.0","3.0","61.0","1.07","0.0","1.0","4.4","3.0","0.0"
"2026-09-24T15:18:16+0000","egipt|sharm-el-sheikh|2026-12-24|2026-12-31|7|Warszawa|2+1","filter_egypt_ny_dec24_2026_7_10_days","egipt","sharm-el-sheikh","2026-12-24","2026-12-31","7.0","Warszawa","2+1","91.0","3.0","3.0","10265.0","10295.8","10342.0","10419.0","10898.0","0.0","0.0","0.0","0.0","0.0","0.0","0.0","0.0","-2.0","3.0","61.0","1.01","0.0","1.0","4.4","3.0","0.0"
"2026-09-24T19:22:15+0000","egipt|sharm-el-sheikh|2026-12-24|2026-12-31|7|Warszawa|2+1","filter_egypt_ny_dec24_2026_7_10_days","egipt","sharm-el-sheikh","2026-12-24","2026-12-31","7.0","Warszawa","2+1","91.0","3.0","3.0","10265.0","10295.8","10342.0","10419.0","10898.0","0.0","0.0","0.0","0.0","0.0","0.0","0.0","0.0","-2.0","3.0","61.0","0.96","0.0","1.0","4.4","3.0","0.0"
"2026-09-24T23:19:05+0000","egipt|sharm-el-sheikh|2026-12-24|2026-12-31|7|Warszawa|2+1","filter_egypt_ny_dec24_2026_7_10_days","egipt","sharm-el-sheikh","2026-12-24","2026-12-31","7.0","Warszawa","2+1","91.0","3.0","3.0","10265.0","10295.8","10342.0","10419.0","10898.0","0.0","0.0","0.0","0.0","0.0","0.0","0.0","0.0","-2.0","3.0","65.0","0.93","0.0","2.0","4.4","3.0","0.0"
"2026-09-04T22:29:05+0000","egipt|sharm-el-sheikh|2026-12-26|2027-01-02|7|Warszawa - Modlin|2+1","filter_egypt_ny_dec24_2026_7_10_days","egipt","sharm-el-sheikh","2026-12-26","2027-01-02","7.0","Warszawa - Modlin","2+1","113.0","1.0","1.0","10475.0","10475.0","10475.0","10475.0","10475.0","0.0","0.0","0.0","0.0","0.0","0.0","0.0","0.0","0.0","0.0","0.0","0.0","0.0","0.0","4.3","1.0","0.0"
"2026-09-05T01:07:48+0000","egipt|sharm-el-sheikh|2026-12-26|2027-01-02|7|Warszawa - Modlin|2+1","filter_egypt_ny_dec24_2026_7_10_days","egipt","sharm-el-sheikh","2026-12-26","2027-01-02","7.0","Warszawa - Modlin","2+1","112.0","1.0","1.0","10475.0","10475.0","10475.0","10475.0","10475.0","0.0","0.0","0.0","0.0","0.0","0.0","0.0","0.0","0.0","0.0","0.0","0.0","0.0","0.0","4.3","1.0","0.0"
"2026-09-19T23:17:35+0000","egipt|sharm-el-sheikh|2026-12-26|2027-01-02|7|Warszawa - Modlin|2+1","filter_egypt_ny_dec24_2026_7_10_days","egipt","sharm-el-sheikh","2026-12-26","2027-01-02","7.0","Warszawa - Modlin","2+1","98.0","1.0","1.0","10788.0","10788.0","10788.0","10788.0","10788.0","0.0","0.0","0.0","0.0","0.0","0.0","0.0","0.0","0.0","0.0","0.0","0.0","0.0","0.0","4.1","1.0","0.0"
"2026-09-20T01:21:13+0000","egipt|sharm-el-sheikh|2026-12-26|2027-01-02|7|Warszawa - Modlin|2+1","filter_egypt_ny_dec24_2026_7_10_days","egipt","sharm-el-sheikh","2026-12-26","2027-01-02","7.0","Warszawa - Modlin","2+1","97.0","1.0","1.0","10788.0","10788.0","10788.0","10788.0","10788.0","0.0","0.0","0.0","0.0","0.0","0.0","0.0","0.0","0.0","0.0","0.0","0.0","0.0","0.0","4.1","1.0","0.0"
"2026-09-24T19:22:15+0000","egipt|sharm-el-sheikh|2026-12-26|2027-01-02|7|Warszawa - Modlin|2+1","filter_egypt_ny_dec24_2026_7_10_days","egipt","sharm-el-sheikh","2026-12-26","2027-01-02","7.0","Warszawa - Modlin","2+1","93.0","1.0","1.0","8845.0","8845.0","8845.0","8845.0","8845.0","1.0","0.0","0.0","0.0","0.0","0.0","0.0","0.0","0.0","0.0","0.0","0.0","0.0","0.0","4.5","1.0","0.0"
"2026-09-18T19:46:30+0000","egipt|sharm-el-sheikh|2026-12-27|2027-01-03|7|Warszawa|2+1","filter_egypt_ny_dec24_2026_7_10_days","egipt","sharm-el-sheikh","2026-12-27","2027-01-03","7.0","Warszawa","2+1","100.0","1.0","1.0","9913.0","9913.0","9913.0","9913.0","9913.0","1.0","0.0","0.0","0.0","0.0","0.0","0.0","0.0","0.0","0.0","0.0","0.0","0.0","0.0","4.4","1.0","0.0"
"2026-09-18T22:43:16+0000","egipt|sharm-el-sheikh|2026-12-27|2027-01-03|7|Warszawa|2+1","filter_egypt_ny_dec24_2026_7_10_days","egipt","sharm-el-sheikh","2026-12-27","2027-01-03","7.0","Warszawa","2+1","100.0","1.0","1.0","9913.0","9913.0","9913.0","9913.0","9913.0","1.0","0.0","0.0","0.0","0.0","0.0","0.0","0.0","0.0","0.0","0.0","0.0","0.0","0.0","4.4","1.0","0.0"
"2026-09-22T22:22:06+0000","egipt|sharm-el-sheikh|2026-12-29|2027-01-05|7|Warszawa - Modlin|2+1","filter_egypt_ny_dec24_2026_7_10_days","egipt","sharm-el-sheikh","2026-12-29","2027-01-05","7.0","Warszawa - Modlin","2+1","98.0","1.0","1.0","10823.0","10823.0","10823.0","10823.0","10823.0","0.0","0.0","0.0","0.0","0.0","0.0","0.0","0.0","0.0","0.0","0.0","0.0","0.0","0.0","4.3","1.0","0.0"
"2026-09-24T15:18:16+0000","egipt|sharm-el-sheikh|2026-12-29|2027-01-05|7|Warszawa - Modlin|2+1","filter_egypt_ny_dec24_2026_7_10_days","egipt","sharm-el-sheikh","2026-12-29","2027-01-05","7.0","Warszawa - Modlin","2+1","96.0","1.0","1.0","8100.0","8100.0","8100.0","8100.0","8100.0","1.0","0.0","0.0","0.0","0.0","0.0","0.0","0.0","0.0","0.0","0.0","0.0","0.0","0.0","4.5","1.0","0.0"
"2026-09-24T23:19:05+0000","egipt|sharm-el-sheikh|2026-12-29|2027-01-05|7|Warszawa - Modlin|2+1","filter_egypt_ny_dec24_2026_7_10_days","egipt","sharm-el-sheikh","2026-12-29","2027-01-05","7.0","Warszawa - Modlin","2+1","96.0","1.0","1.0","10738.0","10738.0","10738.0","10738.0","10738.0","0.0","0.0","0.0","0.0","0.0","0.0","0.0","0.0","0.0","1.0","0.0","0.0","0.0","0.0","4.3","1.0","0.0"
"<<<<<<< Updated upstream","","","","","","","","","","","","","","","","","","","","","","","","","","","","","","","","","",""
"=======","","","","","","","","","","","","","","","","","","","","","","","","","","","","","","","","","",""
">>>>>>> Stashed changes","","","","","","","","","","","","","","","","","","","","","","","","","","","","","","","","","",""
"<<<<<<< Updated upstream","","","","","","","","","","","","","","","","","","","","","","","","","","","","","","","","","",""
"=======","","","","","","","","","","","","","","","","","","","","","","","","","","","","","","","","","",""
">>>>>>> Stashed changes","","","","","","","","","","","","","","","","","","","","","","","","","","","","","","","","","",""
"<<<<<<< Updated upstream","","","","","","","","","","","","","","","","","","","","","","","","","","","","","","","","","",""
"=======","","","","","","","","","","","","","","","","","","","","","","","","","","","","","","","","","",""
">>>>>>> Stashed changes","","","","","","","","","","","","","","","","","","","","","","","","","","","","","","","","","",""
"<<<<<<< Updated upstream","","","","","","","","","","","","","","","","","","","","","","","","","","","","","","","","","",""
"=======","","","","","","","","","","","","","","","","","","","","","","","","","","","","","","","","","",""
">>>>>>> Stashed changes","","","","","","","","","","","","","","","","","","","","","","","","","","","","","","","","","",""
"<<<<<<< Updated upstream","","","","","","","","","","","","","","","","","","","","","","","","","","","","","","","","","",""
"=======","","","","","","","","","","","","","","","","","","","","","","","","","","","","","","","","","",""
">>>>>>> Stashed changes","","","","","","","","","","","","","","","","","","","","","","","","","","","","","","","","","",""
"<<<<<<< Updated upstream","","","","","","","","","","","","","","","","","","","","","","","","","","","","","","","","","",""
"=======","","","","","","","","","","","","","","","","","","","","","","","","","","","","","","","","","",""
">>>>>>> Stashed changes","","","","","","","","","","","","","","","","","","","","","","","","","","","","","","","","","",""
"<<<<<<< Updated upstream","","","","","","","","","","","","","","","","","","","","","","","","","","","","","","","","","",""
"=======","","","","","","","","","","","","","","","","","","","","","","","","","","","","","","","","","",""
">>>>>>> Stashed changes","","","","","","","","","","","","","","","","","","","","","","","","","","","","","","","","","",""
"<<<<<<< Updated upstream","","","","","","","","","","","","","","","","","","","","","","","","","","","","","","","","","",""
"=======","","","","","","","","","","","","","","","","","","","","","","","","","","","","","","","","","",""
">>>>>>> Stashed changes","","","","","","","","","","","","","","","","","","","","","","","","","","","","","","","","","",""
"<<<<<<< Updated upstream","","","","","","","","","","","","","","","","","","","","","","","","","","","","","","","","","",""
"=======","","","","","","","","","","","","","","","","","","","","","","","","","","","","","","","","","",""
">>>>>>> Stashed changes","","","","","","","","","","","","","","","","","","","","","","","","","","","","","","","","","",""
"<<<<<<< Updated upstream","","","","","","","","","","","","","","","","","","","","","","","","","","","","","","","","","",""
"=======","","","","","","","","","","","","","","","","","","","","","","","","","","","","","","","","","",""
">>>>>>> Stashed changes","","","","","","","","","","","","","","","","","","","","","","","","","","","","","","","","","",""
"<<<<<<< Updated upstream","","","","","","","","","","","","","","","","","","","","","","","","","","","","","","","","","",""
"=======","","","","","","","","","","","","","","","","","","","","","","","","","","","","","","","","","",""
">>>>>>> Stashed changes","","","","","","","","","","","","","","","","","","","","","","","","","","","","","","","","","",""
"<<<<<<< Updated upstream","","","","","","","","","","","","","","","","","","","","","","","","","","","","","","","","","",""
"=======","","","","","","","","","","","","","","","","","","","","","","","","","","","","","","","","","",""
">>>>>>> Stashed changes","","","","","","","","","","","","","","","","","","","","","","","","","","","","","","","","","",""
"<<<<<<< Updated upstream","","","","","","","","","","","","","","","","","","","","","","","","","","","","","","","","","",""
"=======","","","","","","","","","","","","","","","","","","","","","","","","","","","","","","","","","",""
">>>>>>> Stashed changes","","","","","","","","","","","","","","","","","","","","","","","","","","","","","","","","","",""
"<<<<<<< Updated upstream","","","","","","","","","","","","","","","","","","","","","","","","","","","","","","","","","",""
"=======","","","","","","","","","","","","","","","","","","","","","","","","","","","","","","","","","",""
">>>>>>> Stashed changes","","","","","","","","","","","","","","","","","","","","","","","","","","","","","","","","","",""
"<<<<<<< Updated upstream","","","","","","","","","","","","","","","","","","","","","","","","","","","","","","","","","",""
"=======","","","","","","","","","","","","","","","","","","","","","","","","","","","","","","","","","",""
">>>>>>> Stashed changes","","","","","","","","","","","","","","","","","","","","","","","","","","","","","","","","","",""
"<<<<<<< Updated upstream","","","","","","","","","","","","","","","","","","","","","","","","","","","","","","","","","",""
"=======","","","","","","","","","","","","","","","","","","","","","","","","","","","","","","","","","",""
">>>>>>> Stashed changes","","","","","","","","","","","","","","","","","","","","","","","","","","","","","","","","","",""
"<<<<<<< Updated upstream","","","","","","","","","","","","","","","","","","","","","","","","","","","","","","","","","",""
"=======","","","","","","","","","","","","","","","","","","","","","","","","","","","","","","","","","",""
">>>>>>> Stashed changes","","","","","","","","","","","","","","","","","","","","","","","","","","","","","","","","","",""
"<<<<<<< Updated upstream","","","","","","","","","","","","","","","","","","","","","","","","","","","","","","","","","",""
"=======","","","","","","","","","","","","","","","","","","","","","","","","","","","","","","","","","",""
">>>>>>> Stashed changes","","","","","","","","","","","","","","","","","","","","","","","","","","","","","","","","","",""
"<<<<<<< Updated upstream","","","","","","","","","","","","","","","","","","","","","","","","","","","","","","","","","",""
"=======","","","","","","","","","","","","","","","","","","","","","","","","","","","","","","","","","",""
">>>>>>> Stashed changes","","","","","","","","","","","","","","","","","","","","","","","","","","","","","","","","","",""
"<<<<<<< Updated upstream","","","","","","","","","","","","","","","","","","","","","","","","","","","","","","","","","",""
"=======","","","","","","","","","","","","","","","","","","","","","","","","","","","","","","","","","",""
">>>>>>> Stashed changes","","","","","","","","","","","","","","","","","","","","","","","","","","","","","","","","","",""
"<<<<<<< Updated upstream","","","","","","","","","","","","","","","","","","","","","","","","","","","","","","","","","",""
"=======","","","","","","","","","","","","","","","","","","","","","","","","","","","","","","","","","",""
">>>>>>> Stashed changes","","","","","","","","","","","","","","","","","","","","","","","","","","","","","","","","","",""
"<<<<<<< Updated upstream","","","","","","","","","","","","","","","","","","","","","","","","","","","","","","","","","",""
"=======","","","","","","","","","","","","","","","","","","","","","","","","","","","","","","","","","",""
">>>>>>> Stashed changes","","","","","","","","","","","","","","","","","","","","","","","","","","","","","","","","","",""
"<<<<<<< Updated upstream","","","","","","","","","","","","","","","","","","","","","","","","","","","","","","","","","",""
"=======","","","","","","","","","","","","","","","","","","","","","","","","","","","","","","","","","",""
">>>>>>> Stashed changes","","","","","","","","","","","","","","","","","","","","","","","","","","","","","","","","","",""
"<<<<<<< Updated upstream","","","","","","","","","","","","","","","","","","","","","","","","","","","","","","","","","",""
"=======","","","","","","","","","","","","","","","","","","","","","","","","","","","","","","","","","",""
">>>>>>> Stashed changes","","","","","","","","","","","","","","","","","","","","","","","","","","","","","","","","","",""
"<<<<<<< Updated upstream","","","","","","","","","","","","","","","","","","","","","","","","","","","","","","","","","",""
"=======","","","","","","","","","","","","","","","","","","","","","","","","","","","","","","","","","",""
">>>>>>> Stashed changes","","","","","","","","","","","","","","","","","","","","","","","","","","","","","","","","","",""
"<<<<<<< Updated upstream","","","","","","","","","","","","","","","","","","","","","","","","","","","","","","","","","",""
"=======","","","","","","","","","","","","","","","","","","","","","","","","","","","","","","","","","",""
">>>>>>> Stashed changes","","","","","","","","","","","","","","","","","","","","","","","","","","","","","","","","","",""
"<<<<<<< Updated upstream","","","","","","","","","","","","","","","","","","","","","","","","","","","","","","","","","",""
"=======","","","","","","","","","","","","","","","","","","","","","","","","","","","","","","","","","",""
">>>>>>> Stashed changes","","","","","","","","","","","","","","","","","","","","","","","","","","","","","","","","","",""
