"run_started_at","departure_key","filter_id","country","region","departure_date","return_date","nights","origin_scope","pax_profile","days_to_departure","offer_count","hotel_count","min_price","p10_price","p25_price","median_price","max_price","below_10000_count","below_8000_count","prev_min_price","prev_p10_price","prev_median_price","min_change_pct","p10_change_pct","median_change_pct","hotel_count_delta","common_hotel_count","avg_deal_score","mean_avg_delta_pct","hot_deal_count","good_deal_count","median_ta_rating","ta_rated_hotel_count","hot_score"
"2026-08-26T08:30:22+0000","egipt|dahab|2026-12-24|2026-12-31|7|Warszawa|2+1","","egipt","dahab","2026-12-24","2026-12-31","7.0","Warszawa","2+1","120.0","2.0","2.0","9936.0","10010.5","10122.25","10308.5","10681.0","1.0","0.0","0.0","0.0","0.0","0.0","0.0","0.0","0.0","0.0","0.0","0.0","0.0","0.0","4.4","2.0","0.0"
"2026-08-26T08:30:22+0000","egipt|hurghada|2026-12-24|2026-12-31|7|Warszawa - Modlin|2+1","","egipt","hurghada","2026-12-24","2026-12-31","7.0","Warszawa - Modlin","2+1","120.0","5.0","5.0","8647.0","8711.0","8807.0","9399.0","10177.0","4.0","0.0","0.0","0.0","0.0","0.0","0.0","0.0","0.0","0.0","0.0","0.0","0.0","0.0","4.5","3.0","0.0"
"2026-08-26T08:30:22+0000","egipt|hurghada|2026-12-24|2026-12-31|7|Warszawa|2+1","","egipt","hurghada","2026-12-24","2026-12-31","7.0","Warszawa","2+1","120.0","5.0","5.0","9325.0","9392.6","9494.0","9727.0","10919.0","3.0","0.0","0.0","0.0","0.0","0.0","0.0","0.0","0.0","0.0","0.0","0.0","0.0","0.0","4.25","4.0","0.0"
"2026-08-26T08:30:22+0000","egipt|marsa-alam|2026-12-26|2027-01-02|7|Warszawa|2+1","","egipt","marsa-alam","2026-12-26","2027-01-02","7.0","Warszawa","2+1","122.0","1.0","1.0","10805.0","10805.0","10805.0","10805.0","10805.0","0.0","0.0","0.0","0.0","0.0","0.0","0.0","0.0","0.0","0.0","0.0","0.0","0.0","0.0","4.3","1.0","0.0"
"2026-08-26T08:30:22+0000","egipt|marsa-alam|2026-12-29|2027-01-05|7|Warszawa|2+1","","egipt","marsa-alam","2026-12-29","2027-01-05","7.0","Warszawa","2+1","125.0","3.0","3.0","9947.0","9983.0","10037.0","10127.0","10857.0","1.0","0.0","0.0","0.0","0.0","0.0","0.0","0.0","0.0","0.0","0.0","0.0","0.0","0.0","4.7","2.0","0.0"
"2026-08-26T08:30:22+0000","egipt|sharm-el-sheikh|2026-12-24|2026-12-31|7|Warszawa - Modlin|2+1","","egipt","sharm-el-sheikh","2026-12-24","2026-12-31","7.0","Warszawa - Modlin","2+1","120.0","3.0","3.0","10551.0","10597.8","10668.0","10785.0","10785.0","0.0","0.0","0.0","0.0","0.0","0.0","0.0","0.0","0.0","0.0","0.0","0.0","0.0","0.0","4.2","3.0","0.0"
"2026-08-26T08:30:22+0000","egipt|sharm-el-sheikh|2026-12-24|2026-12-31|7|Warszawa|2+1","","egipt","sharm-el-sheikh","2026-12-24","2026-12-31","7.0","Warszawa","2+1","120.0","13.0","13.0","8341.0","9431.2","10026.0","10251.0","10913.0","3.0","0.0","0.0","0.0","0.0","0.0","0.0","0.0","0.0","0.0","0.0","0.0","0.0","0.0","4.3","13.0","0.0"
"2026-08-26T09:34:42+0000","egipt|dahab|2026-12-24|2026-12-31|7|Warszawa|2+1","","egipt","dahab","2026-12-24","2026-12-31","7.0","Warszawa","2+1","120.0","2.0","2.0","9936.0","10010.5","10122.25","10308.5","10681.0","1.0","0.0","0.0","0.0","0.0","0.0","0.0","0.0","0.0","0.0","0.0","0.0","0.0","0.0","4.4","2.0","0.0"
"2026-08-26T09:34:42+0000","egipt|hurghada|2026-12-24|2026-12-31|7|Warszawa - Modlin|2+1","","egipt","hurghada","2026-12-24","2026-12-31","7.0","Warszawa - Modlin","2+1","120.0","6.0","6.0","7669.0","8158.0","8656.5","8863.5","9880.0","6.0","1.0","0.0","0.0","0.0","0.0","0.0","0.0","0.0","0.0","0.0","0.0","0.0","0.0","4.45","4.0","0.0"
"2026-08-26T09:34:42+0000","egipt|hurghada|2026-12-24|2026-12-31|7|Warszawa|2+1","","egipt","hurghada","2026-12-24","2026-12-31","7.0","Warszawa","2+1","120.0","4.0","4.0","9325.0","9375.7","9451.75","9610.5","10919.0","3.0","0.0","0.0","0.0","0.0","0.0","0.0","0.0","0.0","0.0","0.0","0.0","0.0","0.0","4.2","3.0","0.0"
"2026-08-26T09:34:42+0000","egipt|marsa-alam|2026-12-26|2027-01-02|7|Warszawa|2+1","","egipt","marsa-alam","2026-12-26","2027-01-02","7.0","Warszawa","2+1","122.0","1.0","1.0","10805.0","10805.0","10805.0","10805.0","10805.0","0.0","0.0","0.0","0.0","0.0","0.0","0.0","0.0","0.0","0.0","0.0","0.0","0.0","0.0","4.3","1.0","0.0"
"2026-08-26T09:34:42+0000","egipt|marsa-alam|2026-12-29|2027-01-05|7|Warszawa|2+1","","egipt","marsa-alam","2026-12-29","2027-01-05","7.0","Warszawa","2+1","125.0","3.0","3.0","9947.0","9983.0","10037.0","10127.0","10857.0","1.0","0.0","0.0","0.0","0.0","0.0","0.0","0.0","0.0","0.0","0.0","0.0","0.0","0.0","4.7","2.0","0.0"
"2026-08-26T09:34:42+0000","egipt|sharm-el-sheikh|2026-12-24|2026-12-31|7|Warszawa - Modlin|2+1","","egipt","sharm-el-sheikh","2026-12-24","2026-12-31","7.0","Warszawa - Modlin","2+1","120.0","3.0","3.0","9825.0","10017.0","10305.0","10785.0","10785.0","1.0","0.0","0.0","0.0","0.0","0.0","0.0","0.0","0.0","0.0","0.0","0.0","0.0","0.0","4.2","3.0","0.0"
"2026-08-26T09:34:42+0000","egipt|sharm-el-sheikh|2026-12-24|2026-12-31|7|Warszawa|2+1","","egipt","sharm-el-sheikh","2026-12-24","2026-12-31","7.0","Warszawa","2+1","120.0","13.0","13.0","8341.0","9431.2","10026.0","10251.0","10913.0","3.0","0.0","0.0","0.0","0.0","0.0","0.0","0.0","0.0","0.0","0.0","0.0","0.0","0.0","4.3","13.0","0.0"
"2026-08-26T10:27:42+0000","egipt|dahab|2026-12-24|2026-12-31|7|Warszawa|2+1","","egipt","dahab","2026-12-24","2026-12-31","7.0","Warszawa","2+1","120.0","2.0","2.0","9936.0","10010.5","10122.25","10308.5","10681.0","1.0","0.0","0.0","0.0","0.0","0.0","0.0","0.0","0.0","0.0","0.0","0.0","0.0","0.0","4.4","2.0","0.0"
"2026-08-26T10:27:42+0000","egipt|hurghada|2026-12-24|2026-12-31|7|Warszawa - Modlin|2+1","","egipt","hurghada","2026-12-24","2026-12-31","7.0","Warszawa - Modlin","2+1","120.0","5.0","5.0","8647.0","8711.0","8807.0","9399.0","10177.0","4.0","0.0","0.0","0.0","0.0","0.0","0.0","0.0","0.0","0.0","0.0","0.0","0.0","0.0","4.5","3.0","0.0"
"2026-08-26T10:27:42+0000","egipt|hurghada|2026-12-24|2026-12-31|7|Warszawa|2+1","","egipt","hurghada","2026-12-24","2026-12-31","7.0","Warszawa","2+1","120.0","5.0","5.0","9325.0","9392.6","9494.0","9727.0","10919.0","3.0","0.0","0.0","0.0","0.0","0.0","0.0","0.0","0.0","0.0","0.0","0.0","0.0","0.0","4.25","4.0","0.0"
"2026-08-26T10:27:42+0000","egipt|marsa-alam|2026-12-26|2027-01-02|7|Warszawa|2+1","","egipt","marsa-alam","2026-12-26","2027-01-02","7.0","Warszawa","2+1","122.0","1.0","1.0","10805.0","10805.0","10805.0","10805.0","10805.0","0.0","0.0","0.0","0.0","0.0","0.0","0.0","0.0","0.0","0.0","0.0","0.0","0.0","0.0","4.3","1.0","0.0"
"2026-08-26T10:27:42+0000","egipt|marsa-alam|2026-12-29|2027-01-05|7|Warszawa|2+1","","egipt","marsa-alam","2026-12-29","2027-01-05","7.0","Warszawa","2+1","125.0","3.0","3.0","9947.0","9983.0","10037.0","10127.0","10857.0","1.0","0.0","0.0","0.0","0.0","0.0","0.0","0.0","0.0","0.0","0.0","0.0","0.0","0.0","4.7","2.0","0.0"
"2026-08-26T10:27:42+0000","egipt|sharm-el-sheikh|2026-12-24|2026-12-31|7|Warszawa - Modlin|2+1","","egipt","sharm-el-sheikh","2026-12-24","2026-12-31","7.0","Warszawa - Modlin","2+1","120.0","3.0","3.0","9825.0","10017.0","10305.0","10785.0","10785.0","1.0","0.0","0.0","0.0","0.0","0.0","0.0","0.0","0.0","0.0","0.0","0.0","0.0","0.0","4.2","3.0","0.0"
"2026-08-26T10:27:42+0000","egipt|sharm-el-sheikh|2026-12-24|2026-12-31|7|Warszawa|2+1","","egipt","sharm-el-sheikh","2026-12-24","2026-12-31","7.0","Warszawa","2+1","120.0","13.0","13.0","8341.0","9431.2","10026.0","10251.0","10913.0","3.0","0.0","0.0","0.0","0.0","0.0","0.0","0.0","0.0","0.0","0.0","0.0","0.0","0.0","4.3","13.0","0.0"
"2026-08-26T10:58:13+0000","egipt|dahab|2026-12-24|2026-12-31|7|Warszawa|2+1","","egipt","dahab","2026-12-24","2026-12-31","7.0","Warszawa","2+1","120.0","2.0","2.0","9936.0","10010.5","10122.25","10308.5","10681.0","1.0","0.0","0.0","0.0","0.0","0.0","0.0","0.0","0.0","0.0","0.0","0.0","0.0","0.0","4.4","2.0","0.0"
"2026-08-26T10:58:13+0000","egipt|hurghada|2026-12-24|2026-12-31|7|Warszawa - Modlin|2+1","","egipt","hurghada","2026-12-24","2026-12-31","7.0","Warszawa - Modlin","2+1","120.0","5.0","5.0","7979.0","8246.2","8647.0","8807.0","10177.0","4.0","1.0","0.0","0.0","0.0","0.0","0.0","0.0","0.0","0.0","0.0","0.0","0.0","0.0","4.5","3.0","0.0"
"2026-08-26T10:58:13+0000","egipt|hurghada|2026-12-24|2026-12-31|7|Warszawa|2+1","","egipt","hurghada","2026-12-24","2026-12-31","7.0","Warszawa","2+1","120.0","5.0","5.0","9325.0","9392.6","9494.0","9727.0","10919.0","3.0","0.0","0.0","0.0","0.0","0.0","0.0","0.0","0.0","0.0","0.0","0.0","0.0","0.0","4.25","4.0","0.0"
"2026-08-26T10:58:13+0000","egipt|marsa-alam|2026-12-26|2027-01-02|7|Warszawa|2+1","","egipt","marsa-alam","2026-12-26","2027-01-02","7.0","Warszawa","2+1","122.0","1.0","1.0","10805.0","10805.0","10805.0","10805.0","10805.0","0.0","0.0","0.0","0.0","0.0","0.0","0.0","0.0","0.0","0.0","0.0","0.0","0.0","0.0","4.3","1.0","0.0"
"2026-08-26T10:58:13+0000","egipt|marsa-alam|2026-12-29|2027-01-05|7|Warszawa|2+1","","egipt","marsa-alam","2026-12-29","2027-01-05","7.0","Warszawa","2+1","125.0","3.0","3.0","9947.0","9983.0","10037.0","10127.0","10857.0","1.0","0.0","0.0","0.0","0.0","0.0","0.0","0.0","0.0","0.0","0.0","0.0","0.0","0.0","4.7","2.0","0.0"
"2026-08-26T10:58:13+0000","egipt|sharm-el-sheikh|2026-12-24|2026-12-31|7|Warszawa - Modlin|2+1","","egipt","sharm-el-sheikh","2026-12-24","2026-12-31","7.0","Warszawa - Modlin","2+1","120.0","1.0","1.0","9825.0","9825.0","9825.0","9825.0","9825.0","1.0","0.0","0.0","0.0","0.0","0.0","0.0","0.0","0.0","0.0","0.0","0.0","0.0","0.0","4.3","1.0","0.0"
"2026-08-26T10:58:13+0000","egipt|sharm-el-sheikh|2026-12-24|2026-12-31|7|Warszawa|2+1","","egipt","sharm-el-sheikh","2026-12-24","2026-12-31","7.0","Warszawa","2+1","120.0","13.0","13.0","8341.0","9431.2","10026.0","10251.0","10913.0","3.0","0.0","0.0","0.0","0.0","0.0","0.0","0.0","0.0","0.0","0.0","0.0","0.0","0.0","4.3","13.0","0.0"
"2026-08-26T11:23:14+0000","egipt|dahab|2026-12-24|2026-12-31|7|Warszawa|2+1","","egipt","dahab","2026-12-24","2026-12-31","7.0","Warszawa","2+1","120.0","2.0","2.0","9936.0","10010.5","10122.25","10308.5","10681.0","1.0","0.0","0.0","0.0","0.0","0.0","0.0","0.0","0.0","0.0","0.0","0.0","0.0","0.0","4.4","2.0","0.0"
"2026-08-26T11:23:14+0000","egipt|hurghada|2026-12-24|2026-12-31|7|Warszawa - Modlin|2+1","","egipt","hurghada","2026-12-24","2026-12-31","7.0","Warszawa - Modlin","2+1","120.0","5.0","5.0","7939.0","8222.2","8647.0","8807.0","10177.0","4.0","1.0","0.0","0.0","0.0","0.0","0.0","0.0","0.0","0.0","0.0","0.0","0.0","0.0","4.5","3.0","0.0"
"2026-08-26T11:23:14+0000","egipt|hurghada|2026-12-24|2026-12-31|7|Warszawa|2+1","","egipt","hurghada","2026-12-24","2026-12-31","7.0","Warszawa","2+1","120.0","5.0","5.0","9325.0","9392.6","9494.0","9727.0","10919.0","3.0","0.0","0.0","0.0","0.0","0.0","0.0","0.0","0.0","0.0","0.0","0.0","0.0","0.0","4.25","4.0","0.0"
"2026-08-26T11:23:14+0000","egipt|marsa-alam|2026-12-26|2027-01-02|7|Warszawa|2+1","","egipt","marsa-alam","2026-12-26","2027-01-02","7.0","Warszawa","2+1","122.0","1.0","1.0","10805.0","10805.0","10805.0","10805.0","10805.0","0.0","0.0","0.0","0.0","0.0","0.0","0.0","0.0","0.0","0.0","0.0","0.0","0.0","0.0","4.3","1.0","0.0"
"2026-08-26T11:23:14+0000","egipt|marsa-alam|2026-12-29|2027-01-05|7|Warszawa|2+1","","egipt","marsa-alam","2026-12-29","2027-01-05","7.0","Warszawa","2+1","125.0","3.0","3.0","9947.0","9983.0","10037.0","10127.0","10857.0","1.0","0.0","0.0","0.0","0.0","0.0","0.0","0.0","0.0","0.0","0.0","0.0","0.0","0.0","4.7","2.0","0.0"
"2026-08-26T11:23:14+0000","egipt|sharm-el-sheikh|2026-12-24|2026-12-31|7|Warszawa - Modlin|2+1","","egipt","sharm-el-sheikh","2026-12-24","2026-12-31","7.0","Warszawa - Modlin","2+1","120.0","1.0","1.0","9825.0","9825.0","9825.0","9825.0","9825.0","1.0","0.0","0.0","0.0","0.0","0.0","0.0","0.0","0.0","0.0","0.0","0.0","0.0","0.0","4.3","1.0","0.0"
"2026-08-26T11:23:14+0000","egipt|sharm-el-sheikh|2026-12-24|2026-12-31|7|Warszawa|2+1","","egipt","sharm-el-sheikh","2026-12-24","2026-12-31","7.0","Warszawa","2+1","120.0","13.0","13.0","8341.0","9431.2","10026.0","10251.0","10913.0","3.0","0.0","0.0","0.0","0.0","0.0","0.0","0.0","0.0","0.0","0.0","0.0","0.0","0.0","4.3","13.0","0.0"
"2026-08-26T12:33:22+0000","egipt|dahab|2026-12-24|2026-12-31|7|Warszawa|2+1","","egipt","dahab","2026-12-24","2026-12-31","7.0","Warszawa","2+1","120.0","2.0","2.0","9936.0","10010.5","10122.25","10308.5","10681.0","1.0","0.0","0.0","0.0","0.0","0.0","0.0","0.0","0.0","0.0","0.0","0.0","0.0","0.0","4.4","2.0","0.0"
"2026-08-26T12:33:22+0000","egipt|hurghada|2026-12-24|2026-12-31|7|Warszawa - Modlin|2+1","","egipt","hurghada","2026-12-24","2026-12-31","7.0","Warszawa - Modlin","2+1","120.0","5.0","5.0","8647.0","8711.0","8807.0","9359.0","10177.0","4.0","0.0","0.0","0.0","0.0","0.0","0.0","0.0","0.0","0.0","0.0","0.0","0.0","0.0","4.5","3.0","0.0"
"2026-08-26T12:33:22+0000","egipt|hurghada|2026-12-24|2026-12-31|7|Warszawa|2+1","","egipt","hurghada","2026-12-24","2026-12-31","7.0","Warszawa","2+1","120.0","5.0","5.0","9325.0","9392.6","9494.0","9727.0","10919.0","3.0","0.0","0.0","0.0","0.0","0.0","0.0","0.0","0.0","0.0","0.0","0.0","0.0","0.0","4.25","4.0","0.0"
"2026-08-26T12:33:22+0000","egipt|marsa-alam|2026-12-26|2027-01-02|7|Warszawa|2+1","","egipt","marsa-alam","2026-12-26","2027-01-02","7.0","Warszawa","2+1","122.0","1.0","1.0","10805.0","10805.0","10805.0","10805.0","10805.0","0.0","0.0","0.0","0.0","0.0","0.0","0.0","0.0","0.0","0.0","0.0","0.0","0.0","0.0","4.3","1.0","0.0"
"2026-08-26T12:33:22+0000","egipt|marsa-alam|2026-12-29|2027-01-05|7|Warszawa|2+1","","egipt","marsa-alam","2026-12-29","2027-01-05","7.0","Warszawa","2+1","125.0","3.0","3.0","9947.0","9983.0","10037.0","10127.0","10857.0","1.0","0.0","0.0","0.0","0.0","0.0","0.0","0.0","0.0","0.0","0.0","0.0","0.0","0.0","4.7","2.0","0.0"
"2026-08-26T12:33:22+0000","egipt|sharm-el-sheikh|2026-12-24|2026-12-31|7|Warszawa - Modlin|2+1","","egipt","sharm-el-sheikh","2026-12-24","2026-12-31","7.0","Warszawa - Modlin","2+1","120.0","1.0","1.0","9825.0","9825.0","9825.0","9825.0","9825.0","1.0","0.0","0.0","0.0","0.0","0.0","0.0","0.0","0.0","0.0","0.0","0.0","0.0","0.0","4.3","1.0","0.0"
"2026-08-26T12:33:22+0000","egipt|sharm-el-sheikh|2026-12-24|2026-12-31|7|Warszawa|2+1","","egipt","sharm-el-sheikh","2026-12-24","2026-12-31","7.0","Warszawa","2+1","120.0","13.0","13.0","8341.0","9431.2","10026.0","10251.0","10913.0","3.0","0.0","0.0","0.0","0.0","0.0","0.0","0.0","0.0","0.0","0.0","0.0","0.0","0.0","4.3","13.0","0.0"
"2026-08-26T13:48:44+0000","egipt|dahab|2026-12-24|2026-12-31|7|Warszawa|2+1","","egipt","dahab","2026-12-24","2026-12-31","7.0","Warszawa","2+1","120.0","2.0","2.0","9936.0","10010.5","10122.25","10308.5","10681.0","1.0","0.0","0.0","0.0","0.0","0.0","0.0","0.0","0.0","0.0","0.0","0.0","0.0","0.0","4.4","2.0","0.0"
"2026-08-26T13:48:44+0000","egipt|hurghada|2026-12-24|2026-12-31|7|Warszawa - Modlin|2+1","","egipt","hurghada","2026-12-24","2026-12-31","7.0","Warszawa - Modlin","2+1","120.0","5.0","5.0","7559.0","8090.2","8887.0","8999.0","10177.0","4.0","1.0","0.0","0.0","0.0","0.0","0.0","0.0","0.0","0.0","0.0","0.0","0.0","0.0","4.5","3.0","0.0"
"2026-08-26T13:48:44+0000","egipt|hurghada|2026-12-24|2026-12-31|7|Warszawa|2+1","","egipt","hurghada","2026-12-24","2026-12-31","7.0","Warszawa","2+1","120.0","5.0","5.0","9325.0","9392.6","9494.0","9727.0","10919.0","3.0","0.0","0.0","0.0","0.0","0.0","0.0","0.0","0.0","0.0","0.0","0.0","0.0","0.0","4.25","4.0","0.0"
"2026-08-26T13:48:44+0000","egipt|marsa-alam|2026-12-29|2027-01-05|7|Warszawa|2+1","","egipt","marsa-alam","2026-12-29","2027-01-05","7.0","Warszawa","2+1","125.0","3.0","3.0","9947.0","9983.0","10037.0","10127.0","10857.0","1.0","0.0","0.0","0.0","0.0","0.0","0.0","0.0","0.0","0.0","0.0","0.0","0.0","0.0","4.7","2.0","0.0"
"2026-08-26T13:48:44+0000","egipt|sharm-el-sheikh|2026-12-24|2026-12-31|7|Warszawa - Modlin|2+1","","egipt","sharm-el-sheikh","2026-12-24","2026-12-31","7.0","Warszawa - Modlin","2+1","120.0","1.0","1.0","9825.0","9825.0","9825.0","9825.0","9825.0","1.0","0.0","0.0","0.0","0.0","0.0","0.0","0.0","0.0","0.0","0.0","0.0","0.0","0.0","4.3","1.0","0.0"
"2026-08-26T13:48:44+0000","egipt|sharm-el-sheikh|2026-12-24|2026-12-31|7|Warszawa|2+1","","egipt","sharm-el-sheikh","2026-12-24","2026-12-31","7.0","Warszawa","2+1","120.0","13.0","13.0","8341.0","9431.2","10026.0","10251.0","10913.0","3.0","0.0","0.0","0.0","0.0","0.0","0.0","0.0","0.0","0.0","0.0","0.0","0.0","0.0","4.3","13.0","0.0"
"2026-08-26T14:38:03+0000","egipt|dahab|2026-12-24|2026-12-31|7|Warszawa|2+1","","egipt","dahab","2026-12-24","2026-12-31","7.0","Warszawa","2+1","120.0","2.0","2.0","9936.0","10010.5","10122.25","10308.5","10681.0","1.0","0.0","0.0","0.0","0.0","0.0","0.0","0.0","0.0","0.0","0.0","0.0","0.0","0.0","4.4","2.0","0.0"
"2026-08-26T14:38:03+0000","egipt|hurghada|2026-12-24|2026-12-31|7|Warszawa - Modlin|2+1","","egipt","hurghada","2026-12-24","2026-12-31","7.0","Warszawa - Modlin","2+1","120.0","5.0","5.0","8887.0","8915.8","8959.0","9359.0","10177.0","4.0","0.0","0.0","0.0","0.0","0.0","0.0","0.0","0.0","0.0","0.0","0.0","0.0","0.0","4.5","3.0","0.0"
"2026-08-26T14:38:03+0000","egipt|hurghada|2026-12-24|2026-12-31|7|Warszawa|2+1","","egipt","hurghada","2026-12-24","2026-12-31","7.0","Warszawa","2+1","120.0","5.0","5.0","9325.0","9392.6","9494.0","9727.0","10919.0","3.0","0.0","0.0","0.0","0.0","0.0","0.0","0.0","0.0","0.0","0.0","0.0","0.0","0.0","4.25","4.0","0.0"
"2026-08-26T14:38:03+0000","egipt|marsa-alam|2026-12-29|2027-01-05|7|Warszawa|2+1","","egipt","marsa-alam","2026-12-29","2027-01-05","7.0","Warszawa","2+1","125.0","3.0","3.0","9947.0","9983.0","10037.0","10127.0","10857.0","1.0","0.0","0.0","0.0","0.0","0.0","0.0","0.0","0.0","0.0","0.0","0.0","0.0","0.0","4.7","2.0","0.0"
"2026-08-26T14:38:03+0000","egipt|sharm-el-sheikh|2026-12-24|2026-12-31|7|Warszawa - Modlin|2+1","","egipt","sharm-el-sheikh","2026-12-24","2026-12-31","7.0","Warszawa - Modlin","2+1","120.0","1.0","1.0","9825.0","9825.0","9825.0","9825.0","9825.0","1.0","0.0","0.0","0.0","0.0","0.0","0.0","0.0","0.0","0.0","0.0","0.0","0.0","0.0","4.3","1.0","0.0"
"2026-08-26T14:38:03+0000","egipt|sharm-el-sheikh|2026-12-24|2026-12-31|7|Warszawa|2+1","","egipt","sharm-el-sheikh","2026-12-24","2026-12-31","7.0","Warszawa","2+1","120.0","13.0","13.0","8341.0","9431.2","10026.0","10251.0","10913.0","3.0","0.0","0.0","0.0","0.0","0.0","0.0","0.0","0.0","0.0","0.0","0.0","0.0","0.0","4.3","13.0","0.0"
"2026-08-26T16:13:30+0000","egipt|dahab|2026-12-24|2026-12-31|7|Warszawa|2+1","","egipt","dahab","2026-12-24","2026-12-31","7.0","Warszawa","2+1","120.0","2.0","2.0","9936.0","10010.5","10122.25","10308.5","10681.0","1.0","0.0","0.0","0.0","0.0","0.0","0.0","0.0","0.0","0.0","0.0","0.0","0.0","0.0","4.4","2.0","0.0"
"2026-08-26T16:13:30+0000","egipt|hurghada|2026-12-24|2026-12-31|7|Warszawa - Modlin|2+1","","egipt","hurghada","2026-12-24","2026-12-31","7.0","Warszawa - Modlin","2+1","120.0","4.0","4.0","8887.0","8908.6","8941.0","9159.0","10177.0","3.0","0.0","0.0","0.0","0.0","0.0","0.0","0.0","0.0","0.0","0.0","0.0","0.0","0.0","4.65","2.0","0.0"
"2026-08-26T16:13:30+0000","egipt|hurghada|2026-12-24|2026-12-31|7|Warszawa|2+1","","egipt","hurghada","2026-12-24","2026-12-31","7.0","Warszawa","2+1","120.0","5.0","5.0","9325.0","9392.6","9494.0","9727.0","10919.0","3.0","0.0","0.0","0.0","0.0","0.0","0.0","0.0","0.0","0.0","0.0","0.0","0.0","0.0","4.25","4.0","0.0"
"2026-08-26T16:13:30+0000","egipt|hurghada|2026-12-29|2027-01-05|7|Warszawa - Modlin|2+1","","egipt","hurghada","2026-12-29","2027-01-05","7.0","Warszawa - Modlin","2+1","125.0","1.0","1.0","9843.0","9843.0","9843.0","9843.0","9843.0","1.0","0.0","0.0","0.0","0.0","0.0","0.0","0.0","0.0","0.0","0.0","0.0","0.0","0.0","4.4","1.0","0.0"
"2026-08-26T16:13:30+0000","egipt|marsa-alam|2026-12-29|2027-01-05|7|Warszawa|2+1","","egipt","marsa-alam","2026-12-29","2027-01-05","7.0","Warszawa","2+1","125.0","3.0","3.0","9947.0","9983.0","10037.0","10127.0","10857.0","1.0","0.0","0.0","0.0","0.0","0.0","0.0","0.0","0.0","0.0","0.0","0.0","0.0","0.0","4.7","2.0","0.0"
"2026-08-26T16:13:30+0000","egipt|sharm-el-sheikh|2026-12-24|2026-12-31|7|Warszawa - Modlin|2+1","","egipt","sharm-el-sheikh","2026-12-24","2026-12-31","7.0","Warszawa - Modlin","2+1","120.0","1.0","1.0","9825.0","9825.0","9825.0","9825.0","9825.0","1.0","0.0","0.0","0.0","0.0","0.0","0.0","0.0","0.0","0.0","0.0","0.0","0.0","0.0","4.3","1.0","0.0"
"2026-08-26T16:13:30+0000","egipt|sharm-el-sheikh|2026-12-24|2026-12-31|7|Warszawa|2+1","","egipt","sharm-el-sheikh","2026-12-24","2026-12-31","7.0","Warszawa","2+1","120.0","12.0","12.0","8341.0","9948.6","10028.25","10386.5","10913.0","2.0","0.0","0.0","0.0","0.0","0.0","0.0","0.0","0.0","0.0","0.0","0.0","0.0","0.0","4.3","12.0","0.0"
"2026-08-26T18:53:07+0000","egipt|dahab|2026-12-24|2026-12-31|7|Warszawa|2+1","","egipt","dahab","2026-12-24","2026-12-31","7.0","Warszawa","2+1","120.0","2.0","2.0","9936.0","10010.5","10122.25","10308.5","10681.0","1.0","0.0","0.0","0.0","0.0","0.0","0.0","0.0","0.0","0.0","0.0","0.0","0.0","0.0","4.4","2.0","0.0"
"2026-08-26T18:53:07+0000","egipt|hurghada|2026-12-24|2026-12-31|7|Warszawa - Modlin|2+1","","egipt","hurghada","2026-12-24","2026-12-31","7.0","Warszawa - Modlin","2+1","120.0","5.0","5.0","8887.0","8959.0","9067.0","9519.0","10377.0","3.0","0.0","0.0","0.0","0.0","0.0","0.0","0.0","0.0","0.0","0.0","0.0","0.0","0.0","4.5","3.0","0.0"
"2026-08-26T18:53:07+0000","egipt|hurghada|2026-12-24|2026-12-31|7|Warszawa|2+1","","egipt","hurghada","2026-12-24","2026-12-31","7.0","Warszawa","2+1","120.0","5.0","5.0","9325.0","9392.6","9494.0","9727.0","10919.0","3.0","0.0","0.0","0.0","0.0","0.0","0.0","0.0","0.0","0.0","0.0","0.0","0.0","0.0","4.25","4.0","0.0"
"2026-08-26T18:53:07+0000","egipt|marsa-alam|2026-12-29|2027-01-05|7|Warszawa|2+1","","egipt","marsa-alam","2026-12-29","2027-01-05","7.0","Warszawa","2+1","125.0","3.0","3.0","9947.0","9983.0","10037.0","10127.0","10857.0","1.0","0.0","0.0","0.0","0.0","0.0","0.0","0.0","0.0","0.0","0.0","0.0","0.0","0.0","4.7","2.0","0.0"
"2026-08-26T18:53:07+0000","egipt|sharm-el-sheikh|2026-12-24|2026-12-31|7|Warszawa - Modlin|2+1","","egipt","sharm-el-sheikh","2026-12-24","2026-12-31","7.0","Warszawa - Modlin","2+1","120.0","1.0","1.0","9825.0","9825.0","9825.0","9825.0","9825.0","1.0","0.0","0.0","0.0","0.0","0.0","0.0","0.0","0.0","0.0","0.0","0.0","0.0","0.0","4.3","1.0","0.0"
"2026-08-26T18:53:07+0000","egipt|sharm-el-sheikh|2026-12-24|2026-12-31|7|Warszawa|2+1","","egipt","sharm-el-sheikh","2026-12-24","2026-12-31","7.0","Warszawa","2+1","120.0","12.0","12.0","8341.0","9948.6","10028.25","10386.5","10913.0","2.0","0.0","0.0","0.0","0.0","0.0","0.0","0.0","0.0","0.0","0.0","0.0","0.0","0.0","4.3","12.0","0.0"
"2026-08-26T21:31:23+0000","egipt|dahab|2026-12-24|2026-12-31|7|Warszawa|2+1","","egipt","dahab","2026-12-24","2026-12-31","7.0","Warszawa","2+1","120.0","2.0","2.0","9936.0","10010.5","10122.25","10308.5","10681.0","1.0","0.0","0.0","0.0","0.0","0.0","0.0","0.0","0.0","0.0","0.0","0.0","0.0","0.0","4.4","2.0","0.0"
"2026-08-26T21:31:23+0000","egipt|hurghada|2026-12-24|2026-12-31|7|Warszawa - Modlin|2+1","","egipt","hurghada","2026-12-24","2026-12-31","7.0","Warszawa - Modlin","2+1","120.0","5.0","5.0","8887.0","8959.0","9067.0","9670.0","10377.0","3.0","0.0","0.0","0.0","0.0","0.0","0.0","0.0","0.0","0.0","0.0","0.0","0.0","0.0","4.5","3.0","0.0"
"2026-08-26T21:31:23+0000","egipt|hurghada|2026-12-24|2026-12-31|7|Warszawa|2+1","","egipt","hurghada","2026-12-24","2026-12-31","7.0","Warszawa","2+1","120.0","5.0","5.0","9325.0","9392.6","9494.0","9727.0","10919.0","3.0","0.0","0.0","0.0","0.0","0.0","0.0","0.0","0.0","0.0","0.0","0.0","0.0","0.0","4.25","4.0","0.0"
"2026-08-26T21:31:23+0000","egipt|marsa-alam|2026-12-29|2027-01-05|7|Warszawa|2+1","","egipt","marsa-alam","2026-12-29","2027-01-05","7.0","Warszawa","2+1","125.0","3.0","3.0","9947.0","9983.0","10037.0","10127.0","10857.0","1.0","0.0","0.0","0.0","0.0","0.0","0.0","0.0","0.0","0.0","0.0","0.0","0.0","0.0","4.7","2.0","0.0"
"2026-08-26T21:31:23+0000","egipt|sharm-el-sheikh|2026-12-24|2026-12-31|7|Warszawa - Modlin|2+1","","egipt","sharm-el-sheikh","2026-12-24","2026-12-31","7.0","Warszawa - Modlin","2+1","120.0","1.0","1.0","9825.0","9825.0","9825.0","9825.0","9825.0","1.0","0.0","0.0","0.0","0.0","0.0","0.0","0.0","0.0","0.0","0.0","0.0","0.0","0.0","4.3","1.0","0.0"
"2026-08-26T21:31:23+0000","egipt|sharm-el-sheikh|2026-12-24|2026-12-31|7|Warszawa|2+1","","egipt","sharm-el-sheikh","2026-12-24","2026-12-31","7.0","Warszawa","2+1","120.0","12.0","12.0","8341.0","9948.6","10028.25","10386.5","10913.0","2.0","0.0","0.0","0.0","0.0","0.0","0.0","0.0","0.0","0.0","0.0","0.0","0.0","0.0","4.3","12.0","0.0"
"2026-08-27T02:27:44+0000","egipt|dahab|2026-12-24|2026-12-31|7|Warszawa|2+1","","egipt","dahab","2026-12-24","2026-12-31","7.0","Warszawa","2+1","119.0","2.0","2.0","9936.0","10010.5","10122.25","10308.5","10681.0","1.0","0.0","0.0","0.0","0.0","0.0","0.0","0.0","0.0","0.0","0.0","0.0","0.0","0.0","4.4","2.0","0.0"
"2026-08-27T02:27:44+0000","egipt|hurghada|2026-12-24|2026-12-31|7|Warszawa - Modlin|2+1","","egipt","hurghada","2026-12-24","2026-12-31","7.0","Warszawa - Modlin","2+1","119.0","5.0","5.0","8887.0","8959.0","9067.0","9670.0","10377.0","3.0","0.0","0.0","0.0","0.0","0.0","0.0","0.0","0.0","0.0","0.0","0.0","0.0","0.0","4.5","3.0","0.0"
"2026-08-27T02:27:44+0000","egipt|hurghada|2026-12-24|2026-12-31|7|Warszawa|2+1","","egipt","hurghada","2026-12-24","2026-12-31","7.0","Warszawa","2+1","119.0","5.0","5.0","9325.0","9392.6","9494.0","9727.0","10919.0","3.0","0.0","0.0","0.0","0.0","0.0","0.0","0.0","0.0","0.0","0.0","0.0","0.0","0.0","4.25","4.0","0.0"
"2026-08-27T02:27:44+0000","egipt|marsa-alam|2026-12-29|2027-01-05|7|Warszawa|2+1","","egipt","marsa-alam","2026-12-29","2027-01-05","7.0","Warszawa","2+1","124.0","3.0","3.0","9947.0","9983.0","10037.0","10127.0","10857.0","1.0","0.0","0.0","0.0","0.0","0.0","0.0","0.0","0.0","0.0","0.0","0.0","0.0","0.0","4.7","2.0","0.0"
"2026-08-27T02:27:44+0000","egipt|sharm-el-sheikh|2026-12-24|2026-12-31|7|Warszawa - Modlin|2+1","","egipt","sharm-el-sheikh","2026-12-24","2026-12-31","7.0","Warszawa - Modlin","2+1","119.0","1.0","1.0","9825.0","9825.0","9825.0","9825.0","9825.0","1.0","0.0","0.0","0.0","0.0","0.0","0.0","0.0","0.0","0.0","0.0","0.0","0.0","0.0","4.3","1.0","0.0"
"2026-08-27T02:27:44+0000","egipt|sharm-el-sheikh|2026-12-24|2026-12-31|7|Warszawa|2+1","","egipt","sharm-el-sheikh","2026-12-24","2026-12-31","7.0","Warszawa","2+1","119.0","12.0","12.0","8341.0","9948.6","10028.25","10386.5","10913.0","2.0","0.0","0.0","0.0","0.0","0.0","0.0","0.0","0.0","0.0","0.0","0.0","0.0","0.0","4.3","12.0","0.0"
"2026-08-27T10:16:43+0000","egipt|dahab|2026-12-24|2026-12-31|7|Warszawa|2+1","","egipt","dahab","2026-12-24","2026-12-31","7.0","Warszawa","2+1","119.0","2.0","2.0","9936.0","10010.5","10122.25","10308.5","10681.0","1.0","0.0","0.0","0.0","0.0","0.0","0.0","0.0","0.0","0.0","0.0","0.0","0.0","0.0","4.4","2.0","0.0"
"2026-08-27T10:16:43+0000","egipt|hurghada|2026-12-24|2026-12-31|7|Warszawa - Modlin|2+1","","egipt","hurghada","2026-12-24","2026-12-31","7.0","Warszawa - Modlin","2+1","119.0","5.0","5.0","8887.0","8959.0","9067.0","9670.0","10377.0","3.0","0.0","0.0","0.0","0.0","0.0","0.0","0.0","0.0","0.0","0.0","0.0","0.0","0.0","4.5","3.0","0.0"
"2026-08-27T10:16:43+0000","egipt|hurghada|2026-12-24|2026-12-31|7|Warszawa|2+1","","egipt","hurghada","2026-12-24","2026-12-31","7.0","Warszawa","2+1","119.0","5.0","5.0","9325.0","9392.6","9494.0","9727.0","10919.0","3.0","0.0","0.0","0.0","0.0","0.0","0.0","0.0","0.0","0.0","0.0","0.0","0.0","0.0","4.25","4.0","0.0"
"2026-08-27T10:16:43+0000","egipt|marsa-alam|2026-12-29|2027-01-05|7|Warszawa|2+1","","egipt","marsa-alam","2026-12-29","2027-01-05","7.0","Warszawa","2+1","124.0","3.0","3.0","9947.0","9983.0","10037.0","10127.0","10857.0","1.0","0.0","0.0","0.0","0.0","0.0","0.0","0.0","0.0","0.0","0.0","0.0","0.0","0.0","4.7","2.0","0.0"
"2026-08-27T10:16:43+0000","egipt|sharm-el-sheikh|2026-12-24|2026-12-31|7|Warszawa - Modlin|2+1","","egipt","sharm-el-sheikh","2026-12-24","2026-12-31","7.0","Warszawa - Modlin","2+1","119.0","1.0","1.0","9825.0","9825.0","9825.0","9825.0","9825.0","1.0","0.0","0.0","0.0","0.0","0.0","0.0","0.0","0.0","0.0","0.0","0.0","0.0","0.0","4.3","1.0","0.0"
"2026-08-27T10:16:43+0000","egipt|sharm-el-sheikh|2026-12-24|2026-12-31|7|Warszawa|2+1","","egipt","sharm-el-sheikh","2026-12-24","2026-12-31","7.0","Warszawa","2+1","119.0","12.0","12.0","8341.0","9948.6","10028.25","10386.5","10913.0","2.0","0.0","0.0","0.0","0.0","0.0","0.0","0.0","0.0","0.0","0.0","0.0","0.0","0.0","4.3","12.0","0.0"
"2026-08-27T13:06:18+0000","egipt|dahab|2026-12-24|2026-12-31|7|Warszawa|2+1","","egipt","dahab","2026-12-24","2026-12-31","7.0","Warszawa","2+1","119.0","2.0","2.0","9936.0","10010.5","10122.25","10308.5","10681.0","1.0","0.0","0.0","0.0","0.0","0.0","0.0","0.0","0.0","0.0","0.0","0.0","0.0","0.0","4.4","2.0","0.0"
"2026-08-27T13:06:18+0000","egipt|hurghada|2026-12-24|2026-12-31|7|Warszawa - Modlin|2+1","","egipt","hurghada","2026-12-24","2026-12-31","7.0","Warszawa - Modlin","2+1","119.0","5.0","5.0","8887.0","8937.4","9013.0","9439.0","10377.0","4.0","0.0","0.0","0.0","0.0","0.0","0.0","0.0","0.0","0.0","0.0","0.0","0.0","0.0","4.5","3.0","0.0"
"2026-08-27T13:06:18+0000","egipt|hurghada|2026-12-24|2026-12-31|7|Warszawa|2+1","","egipt","hurghada","2026-12-24","2026-12-31","7.0","Warszawa","2+1","119.0","5.0","5.0","9325.0","9392.6","9494.0","9727.0","10919.0","3.0","0.0","0.0","0.0","0.0","0.0","0.0","0.0","0.0","0.0","0.0","0.0","0.0","0.0","4.25","4.0","0.0"
"2026-08-27T13:06:18+0000","egipt|marsa-alam|2026-12-29|2027-01-05|7|Warszawa|2+1","","egipt","marsa-alam","2026-12-29","2027-01-05","7.0","Warszawa","2+1","124.0","2.0","2.0","10127.0","10147.0","10177.0","10227.0","10327.0","0.0","0.0","0.0","0.0","0.0","0.0","0.0","0.0","0.0","0.0","0.0","0.0","0.0","0.0","4.7","1.0","0.0"
"2026-08-27T13:06:18+0000","egipt|sharm-el-sheikh|2026-12-24|2026-12-31|7|Warszawa - Modlin|2+1","","egipt","sharm-el-sheikh","2026-12-24","2026-12-31","7.0","Warszawa - Modlin","2+1","119.0","5.0","5.0","9428.0","9428.0","9428.0","9825.0","10070.0","4.0","0.0","0.0","0.0","0.0","0.0","0.0","0.0","0.0","0.0","0.0","0.0","0.0","0.0","4.2","5.0","0.0"
"2026-08-27T13:06:18+0000","egipt|sharm-el-sheikh|2026-12-24|2026-12-31|7|Warszawa|2+1","","egipt","sharm-el-sheikh","2026-12-24","2026-12-31","7.0","Warszawa","2+1","119.0","12.0","12.0","8341.0","9948.6","10028.25","10386.5","10913.0","2.0","0.0","0.0","0.0","0.0","0.0","0.0","0.0","0.0","0.0","0.0","0.0","0.0","0.0","4.3","12.0","0.0"
"2026-08-27T13:22:52+0000","egipt|dahab|2026-12-24|2026-12-31|7|Warszawa|2+1","","egipt","dahab","2026-12-24","2026-12-31","7.0","Warszawa","2+1","119.0","2.0","2.0","9936.0","10010.5","10122.25","10308.5","10681.0","1.0","0.0","0.0","0.0","0.0","0.0","0.0","0.0","0.0","0.0","0.0","0.0","0.0","0.0","4.4","2.0","0.0"
"2026-08-27T13:22:52+0000","egipt|hurghada|2026-12-24|2026-12-31|7|Warszawa - Modlin|2+1","","egipt","hurghada","2026-12-24","2026-12-31","7.0","Warszawa - Modlin","2+1","119.0","5.0","5.0","8887.0","8937.4","9013.0","9439.0","10377.0","4.0","0.0","0.0","0.0","0.0","0.0","0.0","0.0","0.0","0.0","0.0","0.0","0.0","0.0","4.5","3.0","0.0"
"2026-08-27T13:22:52+0000","egipt|hurghada|2026-12-24|2026-12-31|7|Warszawa|2+1","","egipt","hurghada","2026-12-24","2026-12-31","7.0","Warszawa","2+1","119.0","5.0","5.0","9325.0","9392.6","9494.0","9727.0","10919.0","3.0","0.0","0.0","0.0","0.0","0.0","0.0","0.0","0.0","0.0","0.0","0.0","0.0","0.0","4.25","4.0","0.0"
"2026-08-27T13:22:52+0000","egipt|marsa-alam|2026-12-29|2027-01-05|7|Warszawa|2+1","","egipt","marsa-alam","2026-12-29","2027-01-05","7.0","Warszawa","2+1","124.0","2.0","2.0","10127.0","10147.0","10177.0","10227.0","10327.0","0.0","0.0","0.0","0.0","0.0","0.0","0.0","0.0","0.0","0.0","0.0","0.0","0.0","0.0","4.7","1.0","0.0"
"2026-08-27T13:22:52+0000","egipt|sharm-el-sheikh|2026-12-24|2026-12-31|7|Warszawa - Modlin|2+1","","egipt","sharm-el-sheikh","2026-12-24","2026-12-31","7.0","Warszawa - Modlin","2+1","119.0","5.0","5.0","9428.0","9428.0","9428.0","9825.0","10070.0","4.0","0.0","0.0","0.0","0.0","0.0","0.0","0.0","0.0","0.0","0.0","0.0","0.0","0.0","4.2","5.0","0.0"
"2026-08-27T13:22:52+0000","egipt|sharm-el-sheikh|2026-12-24|2026-12-31|7|Warszawa|2+1","","egipt","sharm-el-sheikh","2026-12-24","2026-12-31","7.0","Warszawa","2+1","119.0","12.0","12.0","8341.0","9948.6","10028.25","10386.5","10913.0","2.0","0.0","0.0","0.0","0.0","0.0","0.0","0.0","0.0","0.0","0.0","0.0","0.0","0.0","4.3","12.0","0.0"
"2026-08-27T15:41:38+0000","egipt|dahab|2026-12-24|2026-12-31|7|Warszawa|2+1","","egipt","dahab","2026-12-24","2026-12-31","7.0","Warszawa","2+1","119.0","2.0","2.0","9936.0","10010.5","10122.25","10308.5","10681.0","1.0","0.0","0.0","0.0","0.0","0.0","0.0","0.0","0.0","0.0","0.0","0.0","0.0","0.0","4.4","2.0","0.0"
"2026-08-27T15:41:38+0000","egipt|hurghada|2026-12-24|2026-12-31|7|Warszawa - Modlin|2+1","","egipt","hurghada","2026-12-24","2026-12-31","7.0","Warszawa - Modlin","2+1","119.0","5.0","5.0","8887.0","8897.4","8913.0","9339.0","10377.0","4.0","0.0","0.0","0.0","0.0","0.0","0.0","0.0","0.0","0.0","0.0","0.0","0.0","0.0","4.5","3.0","0.0"
"2026-08-27T15:41:38+0000","egipt|hurghada|2026-12-24|2026-12-31|7|Warszawa|2+1","","egipt","hurghada","2026-12-24","2026-12-31","7.0","Warszawa","2+1","119.0","5.0","5.0","9325.0","9392.6","9494.0","9727.0","10919.0","3.0","0.0","0.0","0.0","0.0","0.0","0.0","0.0","0.0","0.0","0.0","0.0","0.0","0.0","4.25","4.0","0.0"
"2026-08-27T15:41:38+0000","egipt|marsa-alam|2026-12-28|2027-01-04|7|Warszawa - Modlin|2+1","","egipt","marsa-alam","2026-12-28","2027-01-04","7.0","Warszawa - Modlin","2+1","123.0","2.0","2.0","10033.0","10071.4","10129.0","10225.0","10417.0","0.0","0.0","0.0","0.0","0.0","0.0","0.0","0.0","0.0","0.0","0.0","0.0","0.0","0.0","4.6","2.0","0.0"
"2026-08-27T15:41:38+0000","egipt|marsa-alam|2026-12-29|2027-01-05|7|Warszawa|2+1","","egipt","marsa-alam","2026-12-29","2027-01-05","7.0","Warszawa","2+1","124.0","2.0","2.0","10127.0","10147.0","10177.0","10227.0","10327.0","0.0","0.0","0.0","0.0","0.0","0.0","0.0","0.0","0.0","0.0","0.0","0.0","0.0","0.0","4.7","1.0","0.0"
"2026-08-27T15:41:38+0000","egipt|sharm-el-sheikh|2026-12-24|2026-12-31|7|Warszawa - Modlin|2+1","","egipt","sharm-el-sheikh","2026-12-24","2026-12-31","7.0","Warszawa - Modlin","2+1","119.0","1.0","1.0","9825.0","9825.0","9825.0","9825.0","9825.0","1.0","0.0","0.0","0.0","0.0","0.0","0.0","0.0","0.0","0.0","0.0","0.0","0.0","0.0","4.3","1.0","0.0"
"2026-08-27T15:41:38+0000","egipt|sharm-el-sheikh|2026-12-24|2026-12-31|7|Warszawa|2+1","","egipt","sharm-el-sheikh","2026-12-24","2026-12-31","7.0","Warszawa","2+1","119.0","12.0","12.0","8341.0","9948.6","10028.25","10386.5","10913.0","2.0","0.0","0.0","0.0","0.0","0.0","0.0","0.0","0.0","0.0","0.0","0.0","0.0","0.0","4.3","12.0","0.0"
"2026-08-27T23:24:49+0000","egipt|dahab|2026-12-24|2026-12-31|7|Warszawa|2+1","","egipt","dahab","2026-12-24","2026-12-31","7.0","Warszawa","2+1","119.0","2.0","2.0","9936.0","10010.5","10122.25","10308.5","10681.0","1.0","0.0","0.0","0.0","0.0","0.0","0.0","0.0","0.0","0.0","0.0","0.0","0.0","0.0","4.4","2.0","0.0"
"2026-08-27T23:24:49+0000","egipt|hurghada|2026-12-24|2026-12-31|7|Warszawa - Modlin|2+1","","egipt","hurghada","2026-12-24","2026-12-31","7.0","Warszawa - Modlin","2+1","119.0","5.0","5.0","8887.0","8897.4","8913.0","9339.0","10127.0","4.0","0.0","0.0","0.0","0.0","0.0","0.0","0.0","0.0","0.0","0.0","0.0","0.0","0.0","4.5","3.0","0.0"
"2026-08-27T23:24:49+0000","egipt|hurghada|2026-12-24|2026-12-31|7|Warszawa|2+1","","egipt","hurghada","2026-12-24","2026-12-31","7.0","Warszawa","2+1","119.0","5.0","5.0","9325.0","9392.6","9494.0","9727.0","10919.0","3.0","0.0","0.0","0.0","0.0","0.0","0.0","0.0","0.0","0.0","0.0","0.0","0.0","0.0","4.25","4.0","0.0"
"2026-08-27T23:24:49+0000","egipt|marsa-alam|2026-12-29|2027-01-05|7|Warszawa|2+1","","egipt","marsa-alam","2026-12-29","2027-01-05","7.0","Warszawa","2+1","124.0","2.0","2.0","10127.0","10147.0","10177.0","10227.0","10327.0","0.0","0.0","0.0","0.0","0.0","0.0","0.0","0.0","0.0","0.0","0.0","0.0","0.0","0.0","4.7","1.0","0.0"
"2026-08-27T23:24:49+0000","egipt|sharm-el-sheikh|2026-12-24|2026-12-31|7|Warszawa - Modlin|2+1","","egipt","sharm-el-sheikh","2026-12-24","2026-12-31","7.0","Warszawa - Modlin","2+1","119.0","1.0","1.0","9825.0","9825.0","9825.0","9825.0","9825.0","1.0","0.0","0.0","0.0","0.0","0.0","0.0","0.0","0.0","0.0","0.0","0.0","0.0","0.0","4.3","1.0","0.0"
"2026-08-27T23:24:49+0000","egipt|sharm-el-sheikh|2026-12-24|2026-12-31|7|Warszawa|2+1","","egipt","sharm-el-sheikh","2026-12-24","2026-12-31","7.0","Warszawa","2+1","119.0","12.0","12.0","8341.0","9948.6","10028.25","10386.5","10913.0","2.0","0.0","0.0","0.0","0.0","0.0","0.0","0.0","0.0","0.0","0.0","0.0","0.0","0.0","4.3","12.0","0.0"
"2026-08-28T05:44:15+0000","egipt|dahab|2026-12-24|2026-12-31|7|Warszawa|2+1","","egipt","dahab","2026-12-24","2026-12-31","7.0","Warszawa","2+1","118.0","2.0","2.0","9936.0","10010.5","10122.25","10308.5","10681.0","1.0","0.0","0.0","0.0","0.0","0.0","0.0","0.0","0.0","0.0","0.0","0.0","0.0","0.0","4.4","2.0","0.0"
"2026-08-28T05:44:15+0000","egipt|hurghada|2026-12-24|2026-12-31|7|Warszawa - Modlin|2+1","","egipt","hurghada","2026-12-24","2026-12-31","7.0","Warszawa - Modlin","2+1","118.0","5.0","5.0","8887.0","8897.4","8913.0","9339.0","10127.0","4.0","0.0","0.0","0.0","0.0","0.0","0.0","0.0","0.0","0.0","0.0","0.0","0.0","0.0","4.5","3.0","0.0"
"2026-08-28T05:44:15+0000","egipt|hurghada|2026-12-24|2026-12-31|7|Warszawa|2+1","","egipt","hurghada","2026-12-24","2026-12-31","7.0","Warszawa","2+1","118.0","5.0","5.0","9325.0","9392.6","9494.0","9727.0","10919.0","3.0","0.0","0.0","0.0","0.0","0.0","0.0","0.0","0.0","0.0","0.0","0.0","0.0","0.0","4.25","4.0","0.0"
"2026-08-28T05:44:15+0000","egipt|marsa-alam|2026-12-29|2027-01-05|7|Warszawa|2+1","","egipt","marsa-alam","2026-12-29","2027-01-05","7.0","Warszawa","2+1","123.0","1.0","1.0","10327.0","10327.0","10327.0","10327.0","10327.0","0.0","0.0","0.0","0.0","0.0","0.0","0.0","0.0","0.0","0.0","0.0","0.0","0.0","0.0","4.7","1.0","0.0"
"2026-08-28T05:44:15+0000","egipt|sharm-el-sheikh|2026-12-24|2026-12-31|7|Warszawa - Modlin|2+1","","egipt","sharm-el-sheikh","2026-12-24","2026-12-31","7.0","Warszawa - Modlin","2+1","118.0","1.0","1.0","9825.0","9825.0","9825.0","9825.0","9825.0","1.0","0.0","0.0","0.0","0.0","0.0","0.0","0.0","0.0","0.0","0.0","0.0","0.0","0.0","4.3","1.0","0.0"
"2026-08-28T05:44:15+0000","egipt|sharm-el-sheikh|2026-12-24|2026-12-31|7|Warszawa|2+1","","egipt","sharm-el-sheikh","2026-12-24","2026-12-31","7.0","Warszawa","2+1","118.0","12.0","12.0","8341.0","9948.6","10028.25","10386.5","10913.0","2.0","0.0","0.0","0.0","0.0","0.0","0.0","0.0","0.0","0.0","0.0","0.0","0.0","0.0","4.3","12.0","0.0"
"2026-08-28T06:04:41+0000","egipt|dahab|2026-12-24|2026-12-31|7|Warszawa|2+1","","egipt","dahab","2026-12-24","2026-12-31","7.0","Warszawa","2+1","118.0","2.0","2.0","9936.0","10010.5","10122.25","10308.5","10681.0","1.0","0.0","0.0","0.0","0.0","0.0","0.0","0.0","0.0","0.0","0.0","0.0","0.0","0.0","4.4","2.0","0.0"
"2026-08-28T06:04:41+0000","egipt|hurghada|2026-12-24|2026-12-31|7|Warszawa - Modlin|2+1","","egipt","hurghada","2026-12-24","2026-12-31","7.0","Warszawa - Modlin","2+1","118.0","5.0","5.0","7939.0","8142.6","8448.0","8887.0","10127.0","4.0","1.0","0.0","0.0","0.0","0.0","0.0","0.0","0.0","0.0","0.0","0.0","0.0","0.0","4.5","3.0","0.0"
"2026-08-28T06:04:41+0000","egipt|hurghada|2026-12-24|2026-12-31|7|Warszawa|2+1","","egipt","hurghada","2026-12-24","2026-12-31","7.0","Warszawa","2+1","118.0","5.0","5.0","9325.0","9392.6","9494.0","9727.0","10919.0","3.0","0.0","0.0","0.0","0.0","0.0","0.0","0.0","0.0","0.0","0.0","0.0","0.0","0.0","4.25","4.0","0.0"
"2026-08-28T06:04:41+0000","egipt|marsa-alam|2026-12-29|2027-01-05|7|Warszawa|2+1","","egipt","marsa-alam","2026-12-29","2027-01-05","7.0","Warszawa","2+1","123.0","1.0","1.0","10327.0","10327.0","10327.0","10327.0","10327.0","0.0","0.0","0.0","0.0","0.0","0.0","0.0","0.0","0.0","0.0","0.0","0.0","0.0","0.0","4.7","1.0","0.0"
"2026-08-28T06:04:41+0000","egipt|sharm-el-sheikh|2026-12-24|2026-12-31|7|Warszawa - Modlin|2+1","","egipt","sharm-el-sheikh","2026-12-24","2026-12-31","7.0","Warszawa - Modlin","2+1","118.0","1.0","1.0","9825.0","9825.0","9825.0","9825.0","9825.0","1.0","0.0","0.0","0.0","0.0","0.0","0.0","0.0","0.0","0.0","0.0","0.0","0.0","0.0","4.3","1.0","0.0"
"2026-08-28T06:04:41+0000","egipt|sharm-el-sheikh|2026-12-24|2026-12-31|7|Warszawa|2+1","","egipt","sharm-el-sheikh","2026-12-24","2026-12-31","7.0","Warszawa","2+1","118.0","12.0","12.0","8341.0","9948.6","10028.25","10386.5","10913.0","2.0","0.0","0.0","0.0","0.0","0.0","0.0","0.0","0.0","0.0","0.0","0.0","0.0","0.0","4.3","12.0","0.0"
"<<<<<<< Updated upstream","","","","","","","","","","","","","","","","","","","","","","","","","","","","","","","","","",""
"2026-08-28T07:53:00+0000","egipt|dahab|2026-12-24|2026-12-31|7|Warszawa|2+1","","egipt","dahab","2026-12-24","2026-12-31","7.0","Warszawa","2+1","118.0","2.0","2.0","9936.0","10010.5","10122.25","10308.5","10681.0","1.0","0.0","0.0","0.0","0.0","0.0","0.0","0.0","0.0","0.0","0.0","0.0","0.0","0.0","4.4","2.0","0.0"
"2026-08-28T07:53:00+0000","egipt|hurghada|2026-12-24|2026-12-31|7|Warszawa - Modlin|2+1","","egipt","hurghada","2026-12-24","2026-12-31","7.0","Warszawa - Modlin","2+1","118.0","5.0","5.0","7939.0","8142.6","8448.0","8887.0","10127.0","4.0","1.0","0.0","0.0","0.0","0.0","0.0","0.0","0.0","0.0","0.0","0.0","0.0","0.0","4.5","3.0","0.0"
"2026-08-28T07:53:00+0000","egipt|hurghada|2026-12-24|2026-12-31|7|Warszawa|2+1","","egipt","hurghada","2026-12-24","2026-12-31","7.0","Warszawa","2+1","118.0","5.0","5.0","9325.0","9392.6","9494.0","9727.0","10919.0","3.0","0.0","0.0","0.0","0.0","0.0","0.0","0.0","0.0","0.0","0.0","0.0","0.0","0.0","4.25","4.0","0.0"
"2026-08-28T07:53:00+0000","egipt|marsa-alam|2026-12-29|2027-01-05|7|Warszawa|2+1","","egipt","marsa-alam","2026-12-29","2027-01-05","7.0","Warszawa","2+1","123.0","1.0","1.0","10327.0","10327.0","10327.0","10327.0","10327.0","0.0","0.0","0.0","0.0","0.0","0.0","0.0","0.0","0.0","0.0","0.0","0.0","0.0","0.0","4.7","1.0","0.0"
"2026-08-28T07:53:00+0000","egipt|sharm-el-sheikh|2026-12-24|2026-12-31|7|Warszawa - Modlin|2+1","","egipt","sharm-el-sheikh","2026-12-24","2026-12-31","7.0","Warszawa - Modlin","2+1","118.0","1.0","1.0","9825.0","9825.0","9825.0","9825.0","9825.0","1.0","0.0","0.0","0.0","0.0","0.0","0.0","0.0","0.0","0.0","0.0","0.0","0.0","0.0","4.3","1.0","0.0"
"2026-08-28T07:53:00+0000","egipt|sharm-el-sheikh|2026-12-24|2026-12-31|7|Warszawa|2+1","","egipt","sharm-el-sheikh","2026-12-24","2026-12-31","7.0","Warszawa","2+1","118.0","12.0","12.0","8341.0","9948.6","10028.25","10386.5","10913.0","2.0","0.0","0.0","0.0","0.0","0.0","0.0","0.0","0.0","0.0","0.0","0.0","0.0","0.0","4.3","12.0","0.0"
"=======","","","","","","","","","","","","","","","","","","","","","","","","","","","","","","","","","",""
"2026-08-28T08:10:48+0000","egipt|dahab|2026-12-24|2026-12-31|7|Warszawa|2+1","","egipt","dahab","2026-12-24","2026-12-31","7.0","Warszawa","2+1","118.0","2.0","2.0","9936.0","10010.5","10122.25","10308.5","10681.0","1.0","0.0","0.0","0.0","0.0","0.0","0.0","0.0","0.0","0.0","0.0","0.0","0.0","0.0","4.4","2.0","0.0"
"2026-08-28T08:10:48+0000","egipt|hurghada|2026-12-24|2026-12-31|7|Warszawa - Modlin|2+1","","egipt","hurghada","2026-12-24","2026-12-31","7.0","Warszawa - Modlin","2+1","118.0","5.0","5.0","7939.0","8142.6","8448.0","8887.0","10127.0","4.0","1.0","0.0","0.0","0.0","0.0","0.0","0.0","0.0","0.0","0.0","0.0","0.0","0.0","4.5","3.0","0.0"
"2026-08-28T08:10:48+0000","egipt|hurghada|2026-12-24|2026-12-31|7|Warszawa|2+1","","egipt","hurghada","2026-12-24","2026-12-31","7.0","Warszawa","2+1","118.0","5.0","5.0","9325.0","9392.6","9494.0","9727.0","10919.0","3.0","0.0","0.0","0.0","0.0","0.0","0.0","0.0","0.0","0.0","0.0","0.0","0.0","0.0","4.25","4.0","0.0"
"2026-08-28T08:10:48+0000","egipt|marsa-alam|2026-12-29|2027-01-05|7|Warszawa|2+1","","egipt","marsa-alam","2026-12-29","2027-01-05","7.0","Warszawa","2+1","123.0","1.0","1.0","10327.0","10327.0","10327.0","10327.0","10327.0","0.0","0.0","0.0","0.0","0.0","0.0","0.0","0.0","0.0","0.0","0.0","0.0","0.0","0.0","4.7","1.0","0.0"
"2026-08-28T08:10:48+0000","egipt|sharm-el-sheikh|2026-12-24|2026-12-31|7|Warszawa - Modlin|2+1","","egipt","sharm-el-sheikh","2026-12-24","2026-12-31","7.0","Warszawa - Modlin","2+1","118.0","1.0","1.0","9825.0","9825.0","9825.0","9825.0","9825.0","1.0","0.0","0.0","0.0","0.0","0.0","0.0","0.0","0.0","0.0","0.0","0.0","0.0","0.0","4.3","1.0","0.0"
"2026-08-28T08:10:48+0000","egipt|sharm-el-sheikh|2026-12-24|2026-12-31|7|Warszawa|2+1","","egipt","sharm-el-sheikh","2026-12-24","2026-12-31","7.0","Warszawa","2+1","118.0","12.0","12.0","8341.0","9948.6","10028.25","10386.5","10913.0","2.0","0.0","0.0","0.0","0.0","0.0","0.0","0.0","0.0","0.0","0.0","0.0","0.0","0.0","4.3","12.0","0.0"
">>>>>>> Stashed changes","","","","","","","","","","","","","","","","","","","","","","","","","","","","","","","","","",""
"2026-08-28T19:50:00+0000","egipt|dahab|2026-12-24|2026-12-31|7|Warszawa|2+1","","egipt","dahab","2026-12-24","2026-12-31","7.0","Warszawa","2+1","118.0","2.0","2.0","9936.0","10010.5","10122.25","10308.5","10681.0","1.0","0.0","0.0","0.0","0.0","0.0","0.0","0.0","0.0","0.0","0.0","0.0","0.0","0.0","4.4","2.0","0.0"
"2026-08-28T19:50:00+0000","egipt|hurghada|2026-12-24|2026-12-31|7|Warszawa - Modlin|2+1","","egipt","hurghada","2026-12-24","2026-12-31","7.0","Warszawa - Modlin","2+1","118.0","6.0","6.0","8753.0","8820.0","8955.0","9268.0","10027.0","5.0","0.0","0.0","0.0","0.0","0.0","0.0","0.0","0.0","0.0","0.0","0.0","0.0","0.0","4.5","4.0","0.0"
"2026-08-28T19:50:00+0000","egipt|hurghada|2026-12-24|2026-12-31|7|Warszawa|2+1","","egipt","hurghada","2026-12-24","2026-12-31","7.0","Warszawa","2+1","118.0","4.0","4.0","9325.0","9445.6","9626.5","10068.5","10919.0","2.0","0.0","0.0","0.0","0.0","0.0","0.0","0.0","0.0","0.0","0.0","0.0","0.0","0.0","4.2","3.0","0.0"
"2026-08-28T19:50:00+0000","egipt|marsa-alam|2026-12-29|2027-01-05|7|Warszawa|2+1","","egipt","marsa-alam","2026-12-29","2027-01-05","7.0","Warszawa","2+1","123.0","1.0","1.0","10507.0","10507.0","10507.0","10507.0","10507.0","0.0","0.0","0.0","0.0","0.0","0.0","0.0","0.0","0.0","0.0","0.0","0.0","0.0","0.0","4.7","1.0","0.0"
"2026-08-28T19:50:00+0000","egipt|marsa-alam|2026-12-30|2027-01-06|7|Warszawa - Modlin|2+1","","egipt","marsa-alam","2026-12-30","2027-01-06","7.0","Warszawa - Modlin","2+1","124.0","11.0","11.0","9265.0","9356.0","9384.5","9929.0","10866.0","6.0","0.0","0.0","0.0","0.0","0.0","0.0","0.0","0.0","0.0","0.0","0.0","0.0","0.0","4.5","11.0","0.0"
"2026-08-28T19:50:00+0000","egipt|sharm-el-sheikh|2026-12-24|2026-12-31|7|Warszawa - Modlin|2+1","","egipt","sharm-el-sheikh","2026-12-24","2026-12-31","7.0","Warszawa - Modlin","2+1","118.0","5.0","5.0","9428.0","9428.0","9428.0","9825.0","10070.0","4.0","0.0","0.0","0.0","0.0","0.0","0.0","0.0","0.0","0.0","0.0","0.0","0.0","0.0","4.2","5.0","0.0"
"2026-08-28T19:50:00+0000","egipt|sharm-el-sheikh|2026-12-24|2026-12-31|7|Warszawa|2+1","","egipt","sharm-el-sheikh","2026-12-24","2026-12-31","7.0","Warszawa","2+1","118.0","12.0","12.0","8341.0","9948.6","10028.25","10386.5","10913.0","2.0","0.0","0.0","0.0","0.0","0.0","0.0","0.0","0.0","0.0","0.0","0.0","0.0","0.0","4.3","12.0","0.0"
"2026-08-29T02:39:15+0000","egipt|dahab|2026-12-24|2026-12-31|7|Warszawa|2+1","","egipt","dahab","2026-12-24","2026-12-31","7.0","Warszawa","2+1","117.0","2.0","2.0","9983.0","10057.9","10170.25","10357.5","10732.0","1.0","0.0","0.0","0.0","0.0","0.0","0.0","0.0","0.0","0.0","0.0","0.0","0.0","0.0","4.4","2.0","0.0"
"2026-08-29T02:39:15+0000","egipt|hurghada|2026-12-24|2026-12-31|7|Warszawa - Modlin|2+1","","egipt","hurghada","2026-12-24","2026-12-31","7.0","Warszawa - Modlin","2+1","117.0","6.0","6.0","8061.0","8427.0","8816.5","9061.5","10027.0","5.0","0.0","0.0","0.0","0.0","0.0","0.0","0.0","0.0","0.0","0.0","0.0","0.0","0.0","4.5","4.0","0.0"
"2026-08-29T02:39:15+0000","egipt|hurghada|2026-12-24|2026-12-31|7|Warszawa|2+1","","egipt","hurghada","2026-12-24","2026-12-31","7.0","Warszawa","2+1","117.0","4.0","4.0","9325.0","9445.6","9626.5","10068.5","10919.0","2.0","0.0","0.0","0.0","0.0","0.0","0.0","0.0","0.0","0.0","0.0","0.0","0.0","0.0","4.2","3.0","0.0"
"2026-08-29T02:39:15+0000","egipt|marsa-alam|2026-12-28|2027-01-04|7|Warszawa - Modlin|2+1","","egipt","marsa-alam","2026-12-28","2027-01-04","7.0","Warszawa - Modlin","2+1","121.0","1.0","1.0","10270.0","10270.0","10270.0","10270.0","10270.0","0.0","0.0","0.0","0.0","0.0","0.0","0.0","0.0","0.0","0.0","0.0","0.0","0.0","0.0","4.7","1.0","0.0"
"2026-08-29T02:39:15+0000","egipt|marsa-alam|2026-12-29|2027-01-05|7|Warszawa|2+1","","egipt","marsa-alam","2026-12-29","2027-01-05","7.0","Warszawa","2+1","122.0","2.0","2.0","10267.0","10291.0","10327.0","10387.0","10507.0","0.0","0.0","0.0","0.0","0.0","0.0","0.0","0.0","0.0","0.0","0.0","0.0","0.0","0.0","4.7","1.0","0.0"
"2026-08-29T02:39:15+0000","egipt|marsa-alam|2026-12-30|2027-01-06|7|Warszawa - Modlin|2+1","","egipt","marsa-alam","2026-12-30","2027-01-06","7.0","Warszawa - Modlin","2+1","123.0","10.0","10.0","9265.0","9346.9","9381.75","9984.0","10866.0","5.0","0.0","0.0","0.0","0.0","0.0","0.0","0.0","0.0","0.0","0.0","0.0","0.0","0.0","4.5","10.0","0.0"
"2026-08-29T02:39:15+0000","egipt|sharm-el-sheikh|2026-12-24|2026-12-31|7|Warszawa - Modlin|2+1","","egipt","sharm-el-sheikh","2026-12-24","2026-12-31","7.0","Warszawa - Modlin","2+1","117.0","4.0","4.0","9825.0","10087.8","10482.0","10794.5","10888.0","1.0","0.0","0.0","0.0","0.0","0.0","0.0","0.0","0.0","0.0","0.0","0.0","0.0","0.0","4.2","4.0","0.0"
"2026-08-29T02:39:15+0000","egipt|sharm-el-sheikh|2026-12-24|2026-12-31|7|Warszawa|2+1","","egipt","sharm-el-sheikh","2026-12-24","2026-12-31","7.0","Warszawa","2+1","117.0","11.0","11.0","8381.0","9988.0","10032.5","10218.0","10965.0","3.0","0.0","0.0","0.0","0.0","0.0","0.0","0.0","0.0","0.0","0.0","0.0","0.0","0.0","4.3","11.0","0.0"
"2026-08-29T06:51:20+0000","egipt|dahab|2026-12-24|2026-12-31|7|Warszawa|2+1","","egipt","dahab","2026-12-24","2026-12-31","7.0","Warszawa","2+1","117.0","2.0","2.0","9983.0","10057.9","10170.25","10357.5","10732.0","1.0","0.0","0.0","0.0","0.0","0.0","0.0","0.0","0.0","0.0","0.0","0.0","0.0","0.0","4.4","2.0","0.0"
"2026-08-29T06:51:20+0000","egipt|hurghada|2026-12-24|2026-12-31|7|Warszawa - Modlin|2+1","","egipt","hurghada","2026-12-24","2026-12-31","7.0","Warszawa - Modlin","2+1","117.0","6.0","6.0","7876.0","7968.5","8142.5","8590.0","10027.0","5.0","1.0","0.0","0.0","0.0","0.0","0.0","0.0","0.0","0.0","0.0","0.0","0.0","0.0","4.5","4.0","0.0"
"2026-08-29T06:51:20+0000","egipt|hurghada|2026-12-24|2026-12-31|7|Warszawa|2+1","","egipt","hurghada","2026-12-24","2026-12-31","7.0","Warszawa","2+1","117.0","4.0","4.0","9370.0","9490.9","9672.25","10116.5","10972.0","2.0","0.0","0.0","0.0","0.0","0.0","0.0","0.0","0.0","0.0","0.0","0.0","0.0","0.0","4.2","3.0","0.0"
"2026-08-29T06:51:20+0000","egipt|marsa-alam|2026-12-29|2027-01-05|7|Warszawa|2+1","","egipt","marsa-alam","2026-12-29","2027-01-05","7.0","Warszawa","2+1","122.0","2.0","2.0","10267.0","10291.0","10327.0","10387.0","10507.0","0.0","0.0","0.0","0.0","0.0","0.0","0.0","0.0","0.0","0.0","0.0","0.0","0.0","0.0","4.7","1.0","0.0"
"2026-08-29T06:51:20+0000","egipt|marsa-alam|2026-12-30|2027-01-06|7|Warszawa - Modlin|2+1","","egipt","marsa-alam","2026-12-30","2027-01-06","7.0","Warszawa - Modlin","2+1","123.0","12.0","12.0","9031.0","9319.0","9418.0","9900.0","10918.0","7.0","0.0","0.0","0.0","0.0","0.0","0.0","0.0","0.0","0.0","0.0","0.0","0.0","0.0","4.6","12.0","0.0"
"2026-08-29T06:51:20+0000","egipt|sharm-el-sheikh|2026-12-24|2026-12-31|7|Warszawa - Modlin|2+1","","egipt","sharm-el-sheikh","2026-12-24","2026-12-31","7.0","Warszawa - Modlin","2+1","117.0","4.0","4.0","9825.0","10087.8","10482.0","10794.5","10888.0","1.0","0.0","0.0","0.0","0.0","0.0","0.0","0.0","0.0","0.0","0.0","0.0","0.0","0.0","4.2","4.0","0.0"
"2026-08-29T06:51:20+0000","egipt|sharm-el-sheikh|2026-12-24|2026-12-31|7|Warszawa|2+1","","egipt","sharm-el-sheikh","2026-12-24","2026-12-31","7.0","Warszawa","2+1","117.0","11.0","11.0","8381.0","9988.0","10032.5","10218.0","10965.0","3.0","0.0","0.0","0.0","0.0","0.0","0.0","0.0","0.0","0.0","0.0","0.0","0.0","0.0","4.3","11.0","0.0"
"<<<<<<< Updated upstream","","","","","","","","","","","","","","","","","","","","","","","","","","","","","","","","","",""
"2026-08-29T09:12:03+0000","egipt|dahab|2026-12-24|2026-12-31|7|Warszawa|2+1","","egipt","dahab","2026-12-24","2026-12-31","7.0","Warszawa","2+1","117.0","2.0","2.0","9983.0","10057.9","10170.25","10357.5","10732.0","1.0","0.0","0.0","0.0","0.0","0.0","0.0","0.0","0.0","0.0","0.0","0.0","0.0","0.0","4.4","2.0","0.0"
"2026-08-29T09:12:03+0000","egipt|hurghada|2026-12-24|2026-12-31|7|Warszawa - Modlin|2+1","","egipt","hurghada","2026-12-24","2026-12-31","7.0","Warszawa - Modlin","2+1","117.0","6.0","6.0","7876.0","8131.5","8488.5","8840.0","10027.0","5.0","1.0","0.0","0.0","0.0","0.0","0.0","0.0","0.0","0.0","0.0","0.0","0.0","0.0","4.5","4.0","0.0"
"2026-08-29T09:12:03+0000","egipt|hurghada|2026-12-24|2026-12-31|7|Warszawa|2+1","","egipt","hurghada","2026-12-24","2026-12-31","7.0","Warszawa","2+1","117.0","4.0","4.0","9370.0","9490.9","9672.25","10116.5","10972.0","2.0","0.0","0.0","0.0","0.0","0.0","0.0","0.0","0.0","0.0","0.0","0.0","0.0","0.0","4.2","3.0","0.0"
"2026-08-29T09:12:03+0000","egipt|marsa-alam|2026-12-29|2027-01-05|7|Warszawa|2+1","","egipt","marsa-alam","2026-12-29","2027-01-05","7.0","Warszawa","2+1","122.0","2.0","2.0","10267.0","10291.0","10327.0","10387.0","10507.0","0.0","0.0","0.0","0.0","0.0","0.0","0.0","0.0","0.0","0.0","0.0","0.0","0.0","0.0","4.7","1.0","0.0"
"2026-08-29T09:12:03+0000","egipt|marsa-alam|2026-12-30|2027-01-06|7|Warszawa - Modlin|2+1","","egipt","marsa-alam","2026-12-30","2027-01-06","7.0","Warszawa - Modlin","2+1","123.0","11.0","11.0","9031.0","9310.0","9412.0","9824.0","10918.0","7.0","0.0","0.0","0.0","0.0","0.0","0.0","0.0","0.0","0.0","0.0","0.0","0.0","0.0","4.5","11.0","0.0"
"2026-08-29T09:12:03+0000","egipt|sharm-el-sheikh|2026-12-24|2026-12-31|7|Warszawa - Modlin|2+1","","egipt","sharm-el-sheikh","2026-12-24","2026-12-31","7.0","Warszawa - Modlin","2+1","117.0","2.0","2.0","9825.0","9912.6","10044.0","10263.0","10701.0","1.0","0.0","0.0","0.0","0.0","0.0","0.0","0.0","0.0","0.0","0.0","0.0","0.0","0.0","4.2","2.0","0.0"
"2026-08-29T09:12:03+0000","egipt|sharm-el-sheikh|2026-12-24|2026-12-31|7|Warszawa|2+1","","egipt","sharm-el-sheikh","2026-12-24","2026-12-31","7.0","Warszawa","2+1","117.0","11.0","11.0","8381.0","9988.0","10032.5","10218.0","10965.0","3.0","0.0","0.0","0.0","0.0","0.0","0.0","0.0","0.0","0.0","0.0","0.0","0.0","0.0","4.3","11.0","0.0"
"=======","","","","","","","","","","","","","","","","","","","","","","","","","","","","","","","","","",""
"2026-08-29T09:30:53+0000","egipt|dahab|2026-12-24|2026-12-31|7|Warszawa|2+1","","egipt","dahab","2026-12-24","2026-12-31","7.0","Warszawa","2+1","117.0","2.0","2.0","9983.0","10057.9","10170.25","10357.5","10732.0","1.0","0.0","0.0","0.0","0.0","0.0","0.0","0.0","0.0","0.0","0.0","0.0","0.0","0.0","4.4","2.0","0.0"
"2026-08-29T09:30:53+0000","egipt|hurghada|2026-12-24|2026-12-31|7|Warszawa - Modlin|2+1","","egipt","hurghada","2026-12-24","2026-12-31","7.0","Warszawa - Modlin","2+1","117.0","6.0","6.0","7836.0","8031.5","8257.0","8351.0","9681.0","6.0","1.0","0.0","0.0","0.0","0.0","0.0","0.0","0.0","0.0","0.0","0.0","0.0","0.0","4.5","4.0","0.0"
"2026-08-29T09:30:53+0000","egipt|hurghada|2026-12-24|2026-12-31|7|Warszawa|2+1","","egipt","hurghada","2026-12-24","2026-12-31","7.0","Warszawa","2+1","117.0","4.0","4.0","9370.0","9490.9","9672.25","10116.5","10972.0","2.0","0.0","0.0","0.0","0.0","0.0","0.0","0.0","0.0","0.0","0.0","0.0","0.0","0.0","4.2","3.0","0.0"
"2026-08-29T09:30:53+0000","egipt|marsa-alam|2026-12-25|2027-01-01|7|Warszawa - Modlin|2+1","","egipt","marsa-alam","2026-12-25","2027-01-01","7.0","Warszawa - Modlin","2+1","118.0","1.0","1.0","10542.0","10542.0","10542.0","10542.0","10542.0","0.0","0.0","0.0","0.0","0.0","0.0","0.0","0.0","0.0","0.0","0.0","0.0","0.0","0.0","4.7","1.0","0.0"
"2026-08-29T09:30:53+0000","egipt|marsa-alam|2026-12-29|2027-01-05|7|Warszawa|2+1","","egipt","marsa-alam","2026-12-29","2027-01-05","7.0","Warszawa","2+1","122.0","2.0","2.0","10267.0","10291.0","10327.0","10387.0","10507.0","0.0","0.0","0.0","0.0","0.0","0.0","0.0","0.0","0.0","0.0","0.0","0.0","0.0","0.0","4.7","1.0","0.0"
"2026-08-29T09:30:53+0000","egipt|marsa-alam|2026-12-30|2027-01-06|7|Warszawa - Modlin|2+1","","egipt","marsa-alam","2026-12-30","2027-01-06","7.0","Warszawa - Modlin","2+1","123.0","10.0","10.0","9031.0","9282.1","9406.0","9705.0","10918.0","6.0","0.0","0.0","0.0","0.0","0.0","0.0","0.0","0.0","0.0","0.0","0.0","0.0","0.0","4.5","10.0","0.0"
"2026-08-29T09:30:53+0000","egipt|sharm-el-sheikh|2026-12-24|2026-12-31|7|Warszawa - Modlin|2+1","","egipt","sharm-el-sheikh","2026-12-24","2026-12-31","7.0","Warszawa - Modlin","2+1","117.0","3.0","3.0","9825.0","10000.2","10263.0","10701.0","10888.0","1.0","0.0","0.0","0.0","0.0","0.0","0.0","0.0","0.0","0.0","0.0","0.0","0.0","0.0","4.2","3.0","0.0"
"2026-08-29T09:30:53+0000","egipt|sharm-el-sheikh|2026-12-24|2026-12-31|7|Warszawa|2+1","","egipt","sharm-el-sheikh","2026-12-24","2026-12-31","7.0","Warszawa","2+1","117.0","11.0","11.0","8381.0","9988.0","10032.5","10218.0","10965.0","3.0","0.0","0.0","0.0","0.0","0.0","0.0","0.0","0.0","0.0","0.0","0.0","0.0","0.0","4.3","11.0","0.0"
">>>>>>> Stashed changes","","","","","","","","","","","","","","","","","","","","","","","","","","","","","","","","","",""
"2026-08-29T12:09:36+0000","egipt|dahab|2026-12-24|2026-12-31|7|Warszawa|2+1","","egipt","dahab","2026-12-24","2026-12-31","7.0","Warszawa","2+1","117.0","2.0","2.0","9983.0","10057.9","10170.25","10357.5","10732.0","1.0","0.0","0.0","0.0","0.0","0.0","0.0","0.0","0.0","0.0","0.0","0.0","0.0","0.0","4.4","2.0","0.0"
"2026-08-29T12:09:36+0000","egipt|hurghada|2026-12-24|2026-12-31|7|Warszawa - Modlin|2+1","","egipt","hurghada","2026-12-24","2026-12-31","7.0","Warszawa - Modlin","2+1","117.0","7.0","7.0","8647.0","8710.6","8974.5","9431.0","10903.0","5.0","0.0","0.0","0.0","0.0","0.0","0.0","0.0","0.0","0.0","0.0","0.0","0.0","0.0","4.5","5.0","0.0"
"2026-08-29T12:09:36+0000","egipt|hurghada|2026-12-24|2026-12-31|7|Warszawa|2+1","","egipt","hurghada","2026-12-24","2026-12-31","7.0","Warszawa","2+1","117.0","4.0","4.0","9370.0","9490.9","9672.25","10116.5","10972.0","2.0","0.0","0.0","0.0","0.0","0.0","0.0","0.0","0.0","0.0","0.0","0.0","0.0","0.0","4.2","3.0","0.0"
"2026-08-29T12:09:36+0000","egipt|marsa-alam|2026-12-25|2027-01-01|7|Warszawa - Modlin|2+1","","egipt","marsa-alam","2026-12-25","2027-01-01","7.0","Warszawa - Modlin","2+1","118.0","1.0","1.0","10542.0","10542.0","10542.0","10542.0","10542.0","0.0","0.0","0.0","0.0","0.0","0.0","0.0","0.0","0.0","0.0","0.0","0.0","0.0","0.0","4.7","1.0","0.0"
"2026-08-29T12:09:36+0000","egipt|marsa-alam|2026-12-28|2027-01-04|7|Warszawa - Modlin|2+1","","egipt","marsa-alam","2026-12-28","2027-01-04","7.0","Warszawa - Modlin","2+1","121.0","1.0","1.0","9915.0","9915.0","9915.0","9915.0","9915.0","1.0","0.0","0.0","0.0","0.0","0.0","0.0","0.0","0.0","0.0","0.0","0.0","0.0","0.0","4.6","1.0","0.0"
"2026-08-29T12:09:36+0000","egipt|marsa-alam|2026-12-29|2027-01-05|7|Warszawa|2+1","","egipt","marsa-alam","2026-12-29","2027-01-05","7.0","Warszawa","2+1","122.0","2.0","2.0","10267.0","10291.0","10327.0","10387.0","10507.0","0.0","0.0","0.0","0.0","0.0","0.0","0.0","0.0","0.0","0.0","0.0","0.0","0.0","0.0","4.7","1.0","0.0"
"2026-08-29T12:09:36+0000","egipt|marsa-alam|2026-12-30|2027-01-06|7|Warszawa - Modlin|2+1","","egipt","marsa-alam","2026-12-30","2027-01-06","7.0","Warszawa - Modlin","2+1","123.0","10.0","10.0","9031.0","9282.1","9406.0","9705.0","10918.0","6.0","0.0","0.0","0.0","0.0","0.0","0.0","0.0","0.0","0.0","0.0","0.0","0.0","0.0","4.5","10.0","0.0"
"2026-08-29T12:09:36+0000","egipt|sharm-el-sheikh|2026-12-24|2026-12-31|7|Warszawa - Modlin|2+1","","egipt","sharm-el-sheikh","2026-12-24","2026-12-31","7.0","Warszawa - Modlin","2+1","117.0","2.0","2.0","9825.0","9912.6","10044.0","10263.0","10701.0","1.0","0.0","0.0","0.0","0.0","0.0","0.0","0.0","0.0","0.0","0.0","0.0","0.0","0.0","4.2","2.0","0.0"
"2026-08-29T12:09:36+0000","egipt|sharm-el-sheikh|2026-12-24|2026-12-31|7|Warszawa|2+1","","egipt","sharm-el-sheikh","2026-12-24","2026-12-31","7.0","Warszawa","2+1","117.0","11.0","11.0","8381.0","9988.0","10032.5","10218.0","10965.0","3.0","0.0","0.0","0.0","0.0","0.0","0.0","0.0","0.0","0.0","0.0","0.0","0.0","0.0","4.3","11.0","0.0"
"2026-08-29T14:39:09+0000","egipt|dahab|2026-12-24|2026-12-31|7|Warszawa|2+1","","egipt","dahab","2026-12-24","2026-12-31","7.0","Warszawa","2+1","117.0","2.0","2.0","9983.0","10057.9","10170.25","10357.5","10732.0","1.0","0.0","0.0","0.0","0.0","0.0","0.0","0.0","0.0","0.0","0.0","0.0","0.0","0.0","4.4","2.0","0.0"
"2026-08-29T14:39:09+0000","egipt|hurghada|2026-12-24|2026-12-31|7|Warszawa - Modlin|2+1","","egipt","hurghada","2026-12-24","2026-12-31","7.0","Warszawa - Modlin","2+1","117.0","7.0","7.0","8647.0","8755.0","9061.5","9431.0","10903.0","5.0","0.0","0.0","0.0","0.0","0.0","0.0","0.0","0.0","0.0","0.0","0.0","0.0","0.0","4.5","5.0","0.0"
"2026-08-29T14:39:09+0000","egipt|hurghada|2026-12-24|2026-12-31|7|Warszawa|2+1","","egipt","hurghada","2026-12-24","2026-12-31","7.0","Warszawa","2+1","117.0","4.0","4.0","9370.0","9490.9","9672.25","10116.5","10972.0","2.0","0.0","0.0","0.0","0.0","0.0","0.0","0.0","0.0","0.0","0.0","0.0","0.0","0.0","4.2","3.0","0.0"
"2026-08-29T14:39:09+0000","egipt|marsa-alam|2026-12-25|2027-01-01|7|Warszawa - Modlin|2+1","","egipt","marsa-alam","2026-12-25","2027-01-01","7.0","Warszawa - Modlin","2+1","118.0","1.0","1.0","10542.0","10542.0","10542.0","10542.0","10542.0","0.0","0.0","0.0","0.0","0.0","0.0","0.0","0.0","0.0","0.0","0.0","0.0","0.0","0.0","4.7","1.0","0.0"
"2026-08-29T14:39:09+0000","egipt|marsa-alam|2026-12-29|2027-01-05|7|Warszawa|2+1","","egipt","marsa-alam","2026-12-29","2027-01-05","7.0","Warszawa","2+1","122.0","1.0","1.0","10507.0","10507.0","10507.0","10507.0","10507.0","0.0","0.0","0.0","0.0","0.0","0.0","0.0","0.0","0.0","0.0","0.0","0.0","0.0","0.0","4.7","1.0","0.0"
"2026-08-29T14:39:09+0000","egipt|marsa-alam|2026-12-30|2027-01-06|7|Warszawa - Modlin|2+1","","egipt","marsa-alam","2026-12-30","2027-01-06","7.0","Warszawa - Modlin","2+1","123.0","10.0","10.0","9031.0","9282.1","9406.0","9705.0","10918.0","6.0","0.0","0.0","0.0","0.0","0.0","0.0","0.0","0.0","0.0","0.0","0.0","0.0","0.0","4.5","10.0","0.0"
"2026-08-29T14:39:09+0000","egipt|sharm-el-sheikh|2026-12-24|2026-12-31|7|Warszawa - Modlin|2+1","","egipt","sharm-el-sheikh","2026-12-24","2026-12-31","7.0","Warszawa - Modlin","2+1","117.0","2.0","2.0","9825.0","9912.6","10044.0","10263.0","10701.0","1.0","0.0","0.0","0.0","0.0","0.0","0.0","0.0","0.0","0.0","0.0","0.0","0.0","0.0","4.2","2.0","0.0"
"2026-08-29T14:39:09+0000","egipt|sharm-el-sheikh|2026-12-24|2026-12-31|7|Warszawa|2+1","","egipt","sharm-el-sheikh","2026-12-24","2026-12-31","7.0","Warszawa","2+1","117.0","11.0","11.0","8381.0","9988.0","10032.5","10218.0","10965.0","3.0","0.0","0.0","0.0","0.0","0.0","0.0","0.0","0.0","0.0","0.0","0.0","0.0","0.0","4.3","11.0","0.0"
"2026-08-29T18:41:43+0000","egipt|dahab|2026-12-24|2026-12-31|7|Warszawa|2+1","","egipt","dahab","2026-12-24","2026-12-31","7.0","Warszawa","2+1","117.0","2.0","2.0","9983.0","10057.9","10170.25","10357.5","10732.0","1.0","0.0","0.0","0.0","0.0","0.0","0.0","0.0","0.0","0.0","0.0","0.0","0.0","0.0","4.4","2.0","0.0"
"2026-08-29T18:41:43+0000","egipt|hurghada|2026-12-24|2026-12-31|7|Warszawa - Modlin|2+1","","egipt","hurghada","2026-12-24","2026-12-31","7.0","Warszawa - Modlin","2+1","117.0","6.0","6.0","8887.0","8977.0","9130.25","9375.5","10903.0","4.0","0.0","0.0","0.0","0.0","0.0","0.0","0.0","0.0","0.0","0.0","0.0","0.0","0.0","4.5","4.0","0.0"
"2026-08-29T18:41:43+0000","egipt|hurghada|2026-12-24|2026-12-31|7|Warszawa|2+1","","egipt","hurghada","2026-12-24","2026-12-31","7.0","Warszawa","2+1","117.0","4.0","4.0","9370.0","9490.9","9672.25","10116.5","10972.0","2.0","0.0","0.0","0.0","0.0","0.0","0.0","0.0","0.0","0.0","0.0","0.0","0.0","0.0","4.2","3.0","0.0"
"2026-08-29T18:41:43+0000","egipt|hurghada|2026-12-27|2027-01-03|7|Warszawa - Modlin|2+1","","egipt","hurghada","2026-12-27","2027-01-03","7.0","Warszawa - Modlin","2+1","120.0","1.0","1.0","9443.0","9443.0","9443.0","9443.0","9443.0","1.0","0.0","0.0","0.0","0.0","0.0","0.0","0.0","0.0","0.0","0.0","0.0","0.0","0.0","4.4","1.0","0.0"
"2026-08-29T18:41:43+0000","egipt|marsa-alam|2026-12-29|2027-01-05|7|Warszawa|2+1","","egipt","marsa-alam","2026-12-29","2027-01-05","7.0","Warszawa","2+1","122.0","1.0","1.0","10507.0","10507.0","10507.0","10507.0","10507.0","0.0","0.0","0.0","0.0","0.0","0.0","0.0","0.0","0.0","0.0","0.0","0.0","0.0","0.0","4.7","1.0","0.0"
"2026-08-29T18:41:43+0000","egipt|marsa-alam|2026-12-30|2027-01-06|7|Warszawa - Modlin|2+1","","egipt","marsa-alam","2026-12-30","2027-01-06","7.0","Warszawa - Modlin","2+1","123.0","10.0","10.0","9310.0","9341.5","9406.0","9705.0","10918.0","6.0","0.0","0.0","0.0","0.0","0.0","0.0","0.0","0.0","0.0","0.0","0.0","0.0","0.0","4.5","10.0","0.0"
"2026-08-29T18:41:43+0000","egipt|sharm-el-sheikh|2026-12-24|2026-12-31|7|Warszawa - Modlin|2+1","","egipt","sharm-el-sheikh","2026-12-24","2026-12-31","7.0","Warszawa - Modlin","2+1","117.0","2.0","2.0","9825.0","9912.6","10044.0","10263.0","10701.0","1.0","0.0","0.0","0.0","0.0","0.0","0.0","0.0","0.0","0.0","0.0","0.0","0.0","0.0","4.2","2.0","0.0"
"2026-08-29T18:41:43+0000","egipt|sharm-el-sheikh|2026-12-24|2026-12-31|7|Warszawa|2+1","","egipt","sharm-el-sheikh","2026-12-24","2026-12-31","7.0","Warszawa","2+1","117.0","11.0","11.0","8381.0","9988.0","10032.5","10218.0","10965.0","3.0","0.0","0.0","0.0","0.0","0.0","0.0","0.0","0.0","0.0","0.0","0.0","0.0","0.0","4.3","11.0","0.0"
"2026-08-29T21:52:29+0000","egipt|dahab|2026-12-24|2026-12-31|7|Warszawa|2+1","","egipt","dahab","2026-12-24","2026-12-31","7.0","Warszawa","2+1","117.0","2.0","2.0","9983.0","10057.9","10170.25","10357.5","10732.0","1.0","0.0","0.0","0.0","0.0","0.0","0.0","0.0","0.0","0.0","0.0","0.0","0.0","0.0","4.4","2.0","0.0"
"2026-08-29T21:52:29+0000","egipt|hurghada|2026-12-24|2026-12-31|7|Warszawa - Modlin|2+1","","egipt","hurghada","2026-12-24","2026-12-31","7.0","Warszawa - Modlin","2+1","117.0","7.0","7.0","8887.0","8995.0","9193.5","9431.0","10903.0","5.0","0.0","0.0","0.0","0.0","0.0","0.0","0.0","0.0","0.0","0.0","0.0","0.0","0.0","4.5","5.0","0.0"
"2026-08-29T21:52:29+0000","egipt|hurghada|2026-12-24|2026-12-31|7|Warszawa|2+1","","egipt","hurghada","2026-12-24","2026-12-31","7.0","Warszawa","2+1","117.0","4.0","4.0","9370.0","9490.9","9672.25","10116.5","10972.0","2.0","0.0","0.0","0.0","0.0","0.0","0.0","0.0","0.0","0.0","0.0","0.0","0.0","0.0","4.2","3.0","0.0"
"2026-08-29T21:52:29+0000","egipt|marsa-alam|2026-12-29|2027-01-05|7|Warszawa|2+1","","egipt","marsa-alam","2026-12-29","2027-01-05","7.0","Warszawa","2+1","122.0","1.0","1.0","10507.0","10507.0","10507.0","10507.0","10507.0","0.0","0.0","0.0","0.0","0.0","0.0","0.0","0.0","0.0","0.0","0.0","0.0","0.0","0.0","4.7","1.0","0.0"
"2026-08-29T21:52:29+0000","egipt|marsa-alam|2026-12-30|2027-01-06|7|Warszawa - Modlin|2+1","","egipt","marsa-alam","2026-12-30","2027-01-06","7.0","Warszawa - Modlin","2+1","123.0","10.0","10.0","9310.0","9341.5","9406.0","9705.0","10918.0","6.0","0.0","0.0","0.0","0.0","0.0","0.0","0.0","0.0","0.0","0.0","0.0","0.0","0.0","4.5","10.0","0.0"
"2026-08-29T21:52:29+0000","egipt|sharm-el-sheikh|2026-12-24|2026-12-31|7|Warszawa - Modlin|2+1","","egipt","sharm-el-sheikh","2026-12-24","2026-12-31","7.0","Warszawa - Modlin","2+1","117.0","2.0","2.0","9825.0","9912.6","10044.0","10263.0","10701.0","1.0","0.0","0.0","0.0","0.0","0.0","0.0","0.0","0.0","0.0","0.0","0.0","0.0","0.0","4.2","2.0","0.0"
"2026-08-29T21:52:29+0000","egipt|sharm-el-sheikh|2026-12-24|2026-12-31|7|Warszawa|2+1","","egipt","sharm-el-sheikh","2026-12-24","2026-12-31","7.0","Warszawa","2+1","117.0","11.0","11.0","8381.0","9988.0","10032.5","10218.0","10965.0","3.0","0.0","0.0","0.0","0.0","0.0","0.0","0.0","0.0","0.0","0.0","0.0","0.0","0.0","4.3","11.0","0.0"
"2026-08-30T00:29:41+0000","egipt|dahab|2026-12-24|2026-12-31|7|Warszawa|2+1","","egipt","dahab","2026-12-24","2026-12-31","7.0","Warszawa","2+1","116.0","2.0","2.0","9983.0","10057.9","10170.25","10357.5","10732.0","1.0","0.0","0.0","0.0","0.0","0.0","0.0","0.0","0.0","0.0","0.0","0.0","0.0","0.0","4.4","2.0","0.0"
"2026-08-30T00:29:41+0000","egipt|hurghada|2026-12-24|2026-12-31|7|Warszawa - Modlin|2+1","","egipt","hurghada","2026-12-24","2026-12-31","7.0","Warszawa - Modlin","2+1","116.0","7.0","7.0","7713.0","7978.8","8351.5","8667.0","10903.0","6.0","1.0","0.0","0.0","0.0","0.0","0.0","0.0","0.0","0.0","0.0","0.0","0.0","0.0","4.5","5.0","0.0"
"2026-08-30T00:29:41+0000","egipt|hurghada|2026-12-24|2026-12-31|7|Warszawa|2+1","","egipt","hurghada","2026-12-24","2026-12-31","7.0","Warszawa","2+1","116.0","4.0","4.0","9370.0","9490.9","9672.25","10116.5","10972.0","2.0","0.0","0.0","0.0","0.0","0.0","0.0","0.0","0.0","0.0","0.0","0.0","0.0","0.0","4.2","3.0","0.0"
"2026-08-30T00:29:41+0000","egipt|marsa-alam|2026-12-29|2027-01-05|7|Warszawa|2+1","","egipt","marsa-alam","2026-12-29","2027-01-05","7.0","Warszawa","2+1","121.0","1.0","1.0","10507.0","10507.0","10507.0","10507.0","10507.0","0.0","0.0","0.0","0.0","0.0","0.0","0.0","0.0","0.0","0.0","0.0","0.0","0.0","0.0","4.7","1.0","0.0"
"2026-08-30T00:29:41+0000","egipt|marsa-alam|2026-12-30|2027-01-06|7|Warszawa - Modlin|2+1","","egipt","marsa-alam","2026-12-30","2027-01-06","7.0","Warszawa - Modlin","2+1","122.0","10.0","10.0","9310.0","9341.5","9406.0","9705.0","10918.0","6.0","0.0","0.0","0.0","0.0","0.0","0.0","0.0","0.0","0.0","0.0","0.0","0.0","0.0","4.5","10.0","0.0"
"2026-08-30T00:29:41+0000","egipt|sharm-el-sheikh|2026-12-24|2026-12-31|7|Warszawa - Modlin|2+1","","egipt","sharm-el-sheikh","2026-12-24","2026-12-31","7.0","Warszawa - Modlin","2+1","116.0","2.0","2.0","9825.0","9912.6","10044.0","10263.0","10701.0","1.0","0.0","0.0","0.0","0.0","0.0","0.0","0.0","0.0","0.0","0.0","0.0","0.0","0.0","4.2","2.0","0.0"
"2026-08-30T00:29:41+0000","egipt|sharm-el-sheikh|2026-12-24|2026-12-31|7|Warszawa|2+1","","egipt","sharm-el-sheikh","2026-12-24","2026-12-31","7.0","Warszawa","2+1","116.0","11.0","11.0","8381.0","9988.0","10032.5","10218.0","10965.0","3.0","0.0","0.0","0.0","0.0","0.0","0.0","0.0","0.0","0.0","0.0","0.0","0.0","0.0","4.3","11.0","0.0"
"<<<<<<< Updated upstream","","","","","","","","","","","","","","","","","","","","","","","","","","","","","","","","","",""
"2026-08-30T06:46:13+0000","egipt|dahab|2026-12-24|2026-12-31|7|Warszawa|2+1","","egipt","dahab","2026-12-24","2026-12-31","7.0","Warszawa","2+1","116.0","2.0","2.0","9983.0","10057.9","10170.25","10357.5","10732.0","1.0","0.0","0.0","0.0","0.0","0.0","0.0","0.0","0.0","0.0","0.0","0.0","0.0","0.0","4.4","2.0","0.0"
"2026-08-30T06:46:13+0000","egipt|hurghada|2026-12-24|2026-12-31|7|Warszawa - Modlin|2+1","","egipt","hurghada","2026-12-24","2026-12-31","7.0","Warszawa - Modlin","2+1","116.0","7.0","7.0","7713.0","7978.8","8351.5","8667.0","10903.0","6.0","1.0","0.0","0.0","0.0","0.0","0.0","0.0","0.0","0.0","0.0","0.0","0.0","0.0","4.5","5.0","0.0"
"2026-08-30T06:46:13+0000","egipt|hurghada|2026-12-24|2026-12-31|7|Warszawa|2+1","","egipt","hurghada","2026-12-24","2026-12-31","7.0","Warszawa","2+1","116.0","4.0","4.0","9370.0","9490.9","9672.25","10116.5","10972.0","2.0","0.0","0.0","0.0","0.0","0.0","0.0","0.0","0.0","0.0","0.0","0.0","0.0","0.0","4.2","3.0","0.0"
"2026-08-30T06:46:13+0000","egipt|marsa-alam|2026-12-29|2027-01-05|7|Warszawa|2+1","","egipt","marsa-alam","2026-12-29","2027-01-05","7.0","Warszawa","2+1","121.0","1.0","1.0","10507.0","10507.0","10507.0","10507.0","10507.0","0.0","0.0","0.0","0.0","0.0","0.0","0.0","0.0","0.0","0.0","0.0","0.0","0.0","0.0","4.7","1.0","0.0"
"2026-08-30T06:46:13+0000","egipt|marsa-alam|2026-12-30|2027-01-06|7|Warszawa - Modlin|2+1","","egipt","marsa-alam","2026-12-30","2027-01-06","7.0","Warszawa - Modlin","2+1","122.0","10.0","10.0","9310.0","9341.5","9406.0","9705.0","10918.0","6.0","0.0","0.0","0.0","0.0","0.0","0.0","0.0","0.0","0.0","0.0","0.0","0.0","0.0","4.5","10.0","0.0"
"2026-08-30T06:46:13+0000","egipt|sharm-el-sheikh|2026-12-24|2026-12-31|7|Warszawa - Modlin|2+1","","egipt","sharm-el-sheikh","2026-12-24","2026-12-31","7.0","Warszawa - Modlin","2+1","116.0","2.0","2.0","9825.0","9912.6","10044.0","10263.0","10701.0","1.0","0.0","0.0","0.0","0.0","0.0","0.0","0.0","0.0","0.0","0.0","0.0","0.0","0.0","4.2","2.0","0.0"
"2026-08-30T06:46:13+0000","egipt|sharm-el-sheikh|2026-12-24|2026-12-31|7|Warszawa|2+1","","egipt","sharm-el-sheikh","2026-12-24","2026-12-31","7.0","Warszawa","2+1","116.0","11.0","11.0","8381.0","9988.0","10032.5","10218.0","10965.0","3.0","0.0","0.0","0.0","0.0","0.0","0.0","0.0","0.0","0.0","0.0","0.0","0.0","0.0","4.3","11.0","0.0"
"=======","","","","","","","","","","","","","","","","","","","","","","","","","","","","","","","","","",""
"2026-08-30T06:59:08+0000","egipt|dahab|2026-12-24|2026-12-31|7|Warszawa|2+1","","egipt","dahab","2026-12-24","2026-12-31","7.0","Warszawa","2+1","116.0","2.0","2.0","9983.0","10057.9","10170.25","10357.5","10732.0","1.0","0.0","0.0","0.0","0.0","0.0","0.0","0.0","0.0","0.0","0.0","0.0","0.0","0.0","4.4","2.0","0.0"
"2026-08-30T06:59:08+0000","egipt|hurghada|2026-12-24|2026-12-31|7|Warszawa - Modlin|2+1","","egipt","hurghada","2026-12-24","2026-12-31","7.0","Warszawa - Modlin","2+1","116.0","7.0","7.0","7713.0","7978.8","8351.5","8667.0","10903.0","6.0","1.0","0.0","0.0","0.0","0.0","0.0","0.0","0.0","0.0","0.0","0.0","0.0","0.0","4.5","5.0","0.0"
"2026-08-30T06:59:08+0000","egipt|hurghada|2026-12-24|2026-12-31|7|Warszawa|2+1","","egipt","hurghada","2026-12-24","2026-12-31","7.0","Warszawa","2+1","116.0","4.0","4.0","9370.0","9490.9","9672.25","10116.5","10972.0","2.0","0.0","0.0","0.0","0.0","0.0","0.0","0.0","0.0","0.0","0.0","0.0","0.0","0.0","4.2","3.0","0.0"
"2026-08-30T06:59:08+0000","egipt|marsa-alam|2026-12-29|2027-01-05|7|Warszawa|2+1","","egipt","marsa-alam","2026-12-29","2027-01-05","7.0","Warszawa","2+1","121.0","1.0","1.0","10507.0","10507.0","10507.0","10507.0","10507.0","0.0","0.0","0.0","0.0","0.0","0.0","0.0","0.0","0.0","0.0","0.0","0.0","0.0","0.0","4.7","1.0","0.0"
"2026-08-30T06:59:08+0000","egipt|marsa-alam|2026-12-30|2027-01-06|7|Warszawa - Modlin|2+1","","egipt","marsa-alam","2026-12-30","2027-01-06","7.0","Warszawa - Modlin","2+1","122.0","10.0","10.0","9310.0","9341.5","9406.0","9705.0","10918.0","6.0","0.0","0.0","0.0","0.0","0.0","0.0","0.0","0.0","0.0","0.0","0.0","0.0","0.0","4.5","10.0","0.0"
"2026-08-30T06:59:08+0000","egipt|sharm-el-sheikh|2026-12-24|2026-12-31|7|Warszawa - Modlin|2+1","","egipt","sharm-el-sheikh","2026-12-24","2026-12-31","7.0","Warszawa - Modlin","2+1","116.0","2.0","2.0","9825.0","9912.6","10044.0","10263.0","10701.0","1.0","0.0","0.0","0.0","0.0","0.0","0.0","0.0","0.0","0.0","0.0","0.0","0.0","0.0","4.2","2.0","0.0"
"2026-08-30T06:59:08+0000","egipt|sharm-el-sheikh|2026-12-24|2026-12-31|7|Warszawa|2+1","","egipt","sharm-el-sheikh","2026-12-24","2026-12-31","7.0","Warszawa","2+1","116.0","11.0","11.0","8381.0","9988.0","10032.5","10218.0","10965.0","3.0","0.0","0.0","0.0","0.0","0.0","0.0","0.0","0.0","0.0","0.0","0.0","0.0","0.0","4.3","11.0","0.0"
">>>>>>> Stashed changes","","","","","","","","","","","","","","","","","","","","","","","","","","","","","","","","","",""
"2026-08-30T11:49:50+0000","egipt|dahab|2026-12-24|2026-12-31|7|Warszawa|2+1","","egipt","dahab","2026-12-24","2026-12-31","7.0","Warszawa","2+1","116.0","2.0","2.0","9983.0","10057.9","10170.25","10357.5","10732.0","1.0","0.0","0.0","0.0","0.0","0.0","0.0","0.0","0.0","0.0","0.0","0.0","0.0","0.0","4.4","2.0","0.0"
"2026-08-30T11:49:50+0000","egipt|hurghada|2026-12-24|2026-12-31|7|Warszawa - Modlin|2+1","","egipt","hurghada","2026-12-24","2026-12-31","7.0","Warszawa - Modlin","2+1","116.0","4.0","4.0","8887.0","8941.0","9022.0","9291.5","10377.0","3.0","0.0","0.0","0.0","0.0","0.0","0.0","0.0","0.0","0.0","0.0","0.0","0.0","0.0","4.65","2.0","0.0"
"2026-08-30T11:49:50+0000","egipt|hurghada|2026-12-24|2026-12-31|7|Warszawa|2+1","","egipt","hurghada","2026-12-24","2026-12-31","7.0","Warszawa","2+1","116.0","5.0","5.0","9370.0","9437.6","9539.0","9773.0","10972.0","3.0","0.0","0.0","0.0","0.0","0.0","0.0","0.0","0.0","0.0","0.0","0.0","0.0","0.0","4.25","4.0","0.0"
"2026-08-30T11:49:50+0000","egipt|hurghada|2026-12-27|2027-01-03|7|Warszawa - Modlin|2+1","","egipt","hurghada","2026-12-27","2027-01-03","7.0","Warszawa - Modlin","2+1","119.0","1.0","1.0","9823.0","9823.0","9823.0","9823.0","9823.0","1.0","0.0","0.0","0.0","0.0","0.0","0.0","0.0","0.0","0.0","0.0","0.0","0.0","0.0","4.4","1.0","0.0"
"2026-08-30T11:49:50+0000","egipt|marsa-alam|2026-12-28|2027-01-04|7|Warszawa - Modlin|2+1","","egipt","marsa-alam","2026-12-28","2027-01-04","7.0","Warszawa - Modlin","2+1","120.0","3.0","3.0","10006.0","10043.8","10100.5","10195.0","10697.0","0.0","0.0","0.0","0.0","0.0","0.0","0.0","0.0","0.0","0.0","0.0","0.0","0.0","0.0","4.7","3.0","0.0"
"2026-08-30T11:49:50+0000","egipt|marsa-alam|2026-12-29|2027-01-05|7|Warszawa|2+1","","egipt","marsa-alam","2026-12-29","2027-01-05","7.0","Warszawa","2+1","121.0","1.0","1.0","10507.0","10507.0","10507.0","10507.0","10507.0","0.0","0.0","0.0","0.0","0.0","0.0","0.0","0.0","0.0","0.0","0.0","0.0","0.0","0.0","4.7","1.0","0.0"
"2026-08-30T11:49:50+0000","egipt|marsa-alam|2026-12-30|2027-01-06|7|Warszawa - Modlin|2+1","","egipt","marsa-alam","2026-12-30","2027-01-06","7.0","Warszawa - Modlin","2+1","122.0","8.0","8.0","9310.0","9334.5","9386.25","9705.0","10918.0","5.0","0.0","0.0","0.0","0.0","0.0","0.0","0.0","0.0","0.0","0.0","0.0","0.0","0.0","4.5","8.0","0.0"
"2026-08-30T11:49:50+0000","egipt|sharm-el-sheikh|2026-12-24|2026-12-31|7|Warszawa - Modlin|2+1","","egipt","sharm-el-sheikh","2026-12-24","2026-12-31","7.0","Warszawa - Modlin","2+1","116.0","2.0","2.0","9825.0","9912.6","10044.0","10263.0","10701.0","1.0","0.0","0.0","0.0","0.0","0.0","0.0","0.0","0.0","0.0","0.0","0.0","0.0","0.0","4.2","2.0","0.0"
"2026-08-30T11:49:50+0000","egipt|sharm-el-sheikh|2026-12-24|2026-12-31|7|Warszawa|2+1","","egipt","sharm-el-sheikh","2026-12-24","2026-12-31","7.0","Warszawa","2+1","116.0","11.0","11.0","8381.0","9988.0","10032.5","10218.0","10965.0","3.0","0.0","0.0","0.0","0.0","0.0","0.0","0.0","0.0","0.0","0.0","0.0","0.0","0.0","4.3","11.0","0.0"
"2026-08-30T13:02:40+0000","egipt|dahab|2026-12-24|2026-12-31|7|Warszawa|2+1","","egipt","dahab","2026-12-24","2026-12-31","7.0","Warszawa","2+1","116.0","2.0","2.0","9983.0","10057.9","10170.25","10357.5","10732.0","1.0","0.0","0.0","0.0","0.0","0.0","0.0","0.0","0.0","0.0","0.0","0.0","0.0","0.0","4.4","2.0","0.0"
"2026-08-30T13:02:40+0000","egipt|hurghada|2026-12-24|2026-12-31|7|Warszawa - Modlin|2+1","","egipt","hurghada","2026-12-24","2026-12-31","7.0","Warszawa - Modlin","2+1","116.0","5.0","5.0","8887.0","8959.0","9067.0","9516.0","10377.0","3.0","0.0","0.0","0.0","0.0","0.0","0.0","0.0","0.0","0.0","0.0","0.0","0.0","0.0","4.5","3.0","0.0"
"2026-08-30T13:02:40+0000","egipt|hurghada|2026-12-24|2026-12-31|7|Warszawa|2+1","","egipt","hurghada","2026-12-24","2026-12-31","7.0","Warszawa","2+1","116.0","5.0","5.0","9370.0","9437.6","9539.0","9773.0","10972.0","3.0","0.0","0.0","0.0","0.0","0.0","0.0","0.0","0.0","0.0","0.0","0.0","0.0","0.0","4.25","4.0","0.0"
"2026-08-30T13:02:40+0000","egipt|marsa-alam|2026-12-28|2027-01-04|7|Warszawa - Modlin|2+1","","egipt","marsa-alam","2026-12-28","2027-01-04","7.0","Warszawa - Modlin","2+1","120.0","1.0","1.0","10006.0","10006.0","10006.0","10006.0","10006.0","0.0","0.0","0.0","0.0","0.0","0.0","0.0","0.0","0.0","0.0","0.0","0.0","0.0","0.0","4.7","1.0","0.0"
"2026-08-30T13:02:40+0000","egipt|marsa-alam|2026-12-29|2027-01-05|7|Warszawa|2+1","","egipt","marsa-alam","2026-12-29","2027-01-05","7.0","Warszawa","2+1","121.0","1.0","1.0","10507.0","10507.0","10507.0","10507.0","10507.0","0.0","0.0","0.0","0.0","0.0","0.0","0.0","0.0","0.0","0.0","0.0","0.0","0.0","0.0","4.7","1.0","0.0"
"2026-08-30T13:02:40+0000","egipt|marsa-alam|2026-12-30|2027-01-06|7|Warszawa - Modlin|2+1","","egipt","marsa-alam","2026-12-30","2027-01-06","7.0","Warszawa - Modlin","2+1","122.0","10.0","10.0","9310.0","9341.5","9408.5","10177.5","10918.0","5.0","0.0","0.0","0.0","0.0","0.0","0.0","0.0","0.0","0.0","0.0","0.0","0.0","0.0","4.5","10.0","0.0"
"2026-08-30T13:02:40+0000","egipt|sharm-el-sheikh|2026-12-24|2026-12-31|7|Warszawa - Modlin|2+1","","egipt","sharm-el-sheikh","2026-12-24","2026-12-31","7.0","Warszawa - Modlin","2+1","116.0","1.0","1.0","9989.0","9989.0","9989.0","9989.0","9989.0","1.0","0.0","0.0","0.0","0.0","0.0","0.0","0.0","0.0","0.0","0.0","0.0","0.0","0.0","4.3","1.0","0.0"
"2026-08-30T13:02:40+0000","egipt|sharm-el-sheikh|2026-12-24|2026-12-31|7|Warszawa|2+1","","egipt","sharm-el-sheikh","2026-12-24","2026-12-31","7.0","Warszawa","2+1","116.0","12.0","12.0","8381.0","9988.4","10052.75","10259.0","10965.0","3.0","0.0","0.0","0.0","0.0","0.0","0.0","0.0","0.0","0.0","0.0","0.0","0.0","0.0","4.3","12.0","0.0"
"2026-08-30T15:01:50+0000","egipt|dahab|2026-12-24|2026-12-31|7|Warszawa|2+1","","egipt","dahab","2026-12-24","2026-12-31","7.0","Warszawa","2+1","116.0","2.0","2.0","9983.0","10057.9","10170.25","10357.5","10732.0","1.0","0.0","0.0","0.0","0.0","0.0","0.0","0.0","0.0","0.0","0.0","0.0","0.0","0.0","4.4","2.0","0.0"
"2026-08-30T15:01:50+0000","egipt|hurghada|2026-12-24|2026-12-31|7|Warszawa - Modlin|2+1","","egipt","hurghada","2026-12-24","2026-12-31","7.0","Warszawa - Modlin","2+1","116.0","5.0","5.0","8887.0","8959.0","9067.0","9620.0","10377.0","3.0","0.0","0.0","0.0","0.0","0.0","0.0","0.0","0.0","0.0","0.0","0.0","0.0","0.0","4.5","3.0","0.0"
"2026-08-30T15:01:50+0000","egipt|hurghada|2026-12-24|2026-12-31|7|Warszawa|2+1","","egipt","hurghada","2026-12-24","2026-12-31","7.0","Warszawa","2+1","116.0","5.0","5.0","9370.0","9437.6","9539.0","9773.0","10972.0","3.0","0.0","0.0","0.0","0.0","0.0","0.0","0.0","0.0","0.0","0.0","0.0","0.0","0.0","4.25","4.0","0.0"
"2026-08-30T15:01:50+0000","egipt|marsa-alam|2026-12-28|2027-01-04|7|Warszawa - Modlin|2+1","","egipt","marsa-alam","2026-12-28","2027-01-04","7.0","Warszawa - Modlin","2+1","120.0","1.0","1.0","10006.0","10006.0","10006.0","10006.0","10006.0","0.0","0.0","0.0","0.0","0.0","0.0","0.0","0.0","0.0","0.0","0.0","0.0","0.0","0.0","4.7","1.0","0.0"
"2026-08-30T15:01:50+0000","egipt|marsa-alam|2026-12-29|2027-01-05|7|Warszawa|2+1","","egipt","marsa-alam","2026-12-29","2027-01-05","7.0","Warszawa","2+1","121.0","1.0","1.0","10507.0","10507.0","10507.0","10507.0","10507.0","0.0","0.0","0.0","0.0","0.0","0.0","0.0","0.0","0.0","0.0","0.0","0.0","0.0","0.0","4.7","1.0","0.0"
"2026-08-30T15:01:50+0000","egipt|marsa-alam|2026-12-30|2027-01-06|7|Warszawa - Modlin|2+1","","egipt","marsa-alam","2026-12-30","2027-01-06","7.0","Warszawa - Modlin","2+1","122.0","7.0","7.0","9310.0","9331.0","9372.5","9434.0","10624.0","5.0","0.0","0.0","0.0","0.0","0.0","0.0","0.0","0.0","0.0","0.0","0.0","0.0","0.0","4.5","7.0","0.0"
"2026-08-30T15:01:50+0000","egipt|sharm-el-sheikh|2026-12-24|2026-12-31|7|Warszawa - Modlin|2+1","","egipt","sharm-el-sheikh","2026-12-24","2026-12-31","7.0","Warszawa - Modlin","2+1","116.0","1.0","1.0","9989.0","9989.0","9989.0","9989.0","9989.0","1.0","0.0","0.0","0.0","0.0","0.0","0.0","0.0","0.0","0.0","0.0","0.0","0.0","0.0","4.3","1.0","0.0"
"2026-08-30T15:01:50+0000","egipt|sharm-el-sheikh|2026-12-24|2026-12-31|7|Warszawa|2+1","","egipt","sharm-el-sheikh","2026-12-24","2026-12-31","7.0","Warszawa","2+1","116.0","12.0","12.0","8381.0","9988.4","10052.75","10259.0","10965.0","3.0","0.0","0.0","0.0","0.0","0.0","0.0","0.0","0.0","0.0","0.0","0.0","0.0","0.0","4.3","12.0","0.0"
"2026-08-30T17:39:15+0000","egipt|dahab|2026-12-24|2026-12-31|7|Warszawa|2+1","","egipt","dahab","2026-12-24","2026-12-31","7.0","Warszawa","2+1","116.0","2.0","2.0","9983.0","10057.9","10170.25","10357.5","10732.0","1.0","0.0","0.0","0.0","0.0","0.0","0.0","0.0","0.0","0.0","0.0","0.0","0.0","0.0","4.4","2.0","0.0"
"2026-08-30T17:39:15+0000","egipt|hurghada|2026-12-24|2026-12-31|7|Warszawa - Modlin|2+1","","egipt","hurghada","2026-12-24","2026-12-31","7.0","Warszawa - Modlin","2+1","116.0","5.0","5.0","8887.0","8959.0","9067.0","9620.0","10377.0","3.0","0.0","0.0","0.0","0.0","0.0","0.0","0.0","0.0","0.0","0.0","0.0","0.0","0.0","4.5","3.0","0.0"
"2026-08-30T17:39:15+0000","egipt|hurghada|2026-12-24|2026-12-31|7|Warszawa|2+1","","egipt","hurghada","2026-12-24","2026-12-31","7.0","Warszawa","2+1","116.0","5.0","5.0","9370.0","9437.6","9539.0","9773.0","10972.0","3.0","0.0","0.0","0.0","0.0","0.0","0.0","0.0","0.0","0.0","0.0","0.0","0.0","0.0","4.25","4.0","0.0"
"2026-08-30T17:39:15+0000","egipt|marsa-alam|2026-12-28|2027-01-04|7|Warszawa - Modlin|2+1","","egipt","marsa-alam","2026-12-28","2027-01-04","7.0","Warszawa - Modlin","2+1","120.0","1.0","1.0","10006.0","10006.0","10006.0","10006.0","10006.0","0.0","0.0","0.0","0.0","0.0","0.0","0.0","0.0","0.0","0.0","0.0","0.0","0.0","0.0","4.7","1.0","0.0"
"2026-08-30T17:39:15+0000","egipt|marsa-alam|2026-12-29|2027-01-05|7|Warszawa|2+1","","egipt","marsa-alam","2026-12-29","2027-01-05","7.0","Warszawa","2+1","121.0","1.0","1.0","10507.0","10507.0","10507.0","10507.0","10507.0","0.0","0.0","0.0","0.0","0.0","0.0","0.0","0.0","0.0","0.0","0.0","0.0","0.0","0.0","4.7","1.0","0.0"
"2026-08-30T17:39:15+0000","egipt|marsa-alam|2026-12-30|2027-01-06|7|Warszawa - Modlin|2+1","","egipt","marsa-alam","2026-12-30","2027-01-06","7.0","Warszawa - Modlin","2+1","122.0","7.0","7.0","9310.0","9331.0","9372.5","9448.0","10624.0","5.0","0.0","0.0","0.0","0.0","0.0","0.0","0.0","0.0","0.0","0.0","0.0","0.0","0.0","4.5","7.0","0.0"
"2026-08-30T17:39:15+0000","egipt|sharm-el-sheikh|2026-12-24|2026-12-31|7|Warszawa - Modlin|2+1","","egipt","sharm-el-sheikh","2026-12-24","2026-12-31","7.0","Warszawa - Modlin","2+1","116.0","1.0","1.0","9989.0","9989.0","9989.0","9989.0","9989.0","1.0","0.0","0.0","0.0","0.0","0.0","0.0","0.0","0.0","0.0","0.0","0.0","0.0","0.0","4.3","1.0","0.0"
"2026-08-30T17:39:15+0000","egipt|sharm-el-sheikh|2026-12-24|2026-12-31|7|Warszawa|2+1","","egipt","sharm-el-sheikh","2026-12-24","2026-12-31","7.0","Warszawa","2+1","116.0","12.0","12.0","8381.0","9988.4","10052.75","10259.0","10965.0","3.0","0.0","0.0","0.0","0.0","0.0","0.0","0.0","0.0","0.0","0.0","0.0","0.0","0.0","4.3","12.0","0.0"
"2026-08-30T23:39:58+0000","egipt|dahab|2026-12-24|2026-12-31|7|Warszawa|2+1","","egipt","dahab","2026-12-24","2026-12-31","7.0","Warszawa","2+1","116.0","2.0","2.0","9983.0","10057.9","10170.25","10357.5","10732.0","1.0","0.0","0.0","0.0","0.0","0.0","0.0","0.0","0.0","0.0","0.0","0.0","0.0","0.0","4.4","2.0","0.0"
"2026-08-30T23:39:58+0000","egipt|hurghada|2026-12-24|2026-12-31|7|Warszawa - Modlin|2+1","","egipt","hurghada","2026-12-24","2026-12-31","7.0","Warszawa - Modlin","2+1","116.0","5.0","5.0","8887.0","8959.0","9067.0","9516.0","10377.0","3.0","0.0","0.0","0.0","0.0","0.0","0.0","0.0","0.0","0.0","0.0","0.0","0.0","0.0","4.5","3.0","0.0"
"2026-08-30T23:39:58+0000","egipt|hurghada|2026-12-24|2026-12-31|7|Warszawa|2+1","","egipt","hurghada","2026-12-24","2026-12-31","7.0","Warszawa","2+1","116.0","5.0","5.0","9370.0","9437.6","9539.0","9773.0","10972.0","3.0","0.0","0.0","0.0","0.0","0.0","0.0","0.0","0.0","0.0","0.0","0.0","0.0","0.0","4.25","4.0","0.0"
"2026-08-30T23:39:58+0000","egipt|marsa-alam|2026-12-28|2027-01-04|7|Warszawa - Modlin|2+1","","egipt","marsa-alam","2026-12-28","2027-01-04","7.0","Warszawa - Modlin","2+1","120.0","4.0","4.0","9855.0","9890.7","9944.25","9990.0","10357.0","2.0","0.0","0.0","0.0","0.0","0.0","0.0","0.0","0.0","0.0","0.0","0.0","0.0","0.0","4.65","4.0","0.0"
"2026-08-30T23:39:58+0000","egipt|marsa-alam|2026-12-29|2027-01-05|7|Warszawa|2+1","","egipt","marsa-alam","2026-12-29","2027-01-05","7.0","Warszawa","2+1","121.0","3.0","3.0","10037.0","10083.0","10152.0","10267.0","10507.0","0.0","0.0","0.0","0.0","0.0","0.0","0.0","0.0","0.0","0.0","0.0","0.0","0.0","0.0","4.5","2.0","0.0"
"2026-08-30T23:39:58+0000","egipt|marsa-alam|2026-12-30|2027-01-06|7|Warszawa - Modlin|2+1","","egipt","marsa-alam","2026-12-30","2027-01-06","7.0","Warszawa - Modlin","2+1","122.0","6.0","6.0","9310.0","9327.5","9358.75","9424.0","10624.0","4.0","0.0","0.0","0.0","0.0","0.0","0.0","0.0","0.0","0.0","0.0","0.0","0.0","0.0","4.5","6.0","0.0"
"2026-08-30T23:39:58+0000","egipt|sharm-el-sheikh|2026-12-24|2026-12-31|7|Warszawa - Modlin|2+1","","egipt","sharm-el-sheikh","2026-12-24","2026-12-31","7.0","Warszawa - Modlin","2+1","116.0","6.0","6.0","7412.0","8420.0","9428.0","9684.0","10070.0","5.0","1.0","0.0","0.0","0.0","0.0","0.0","0.0","0.0","0.0","0.0","0.0","0.0","0.0","4.2","6.0","0.0"
"2026-08-30T23:39:58+0000","egipt|sharm-el-sheikh|2026-12-24|2026-12-31|7|Warszawa|2+1","","egipt","sharm-el-sheikh","2026-12-24","2026-12-31","7.0","Warszawa","2+1","116.0","11.0","11.0","9988.0","9992.0","10075.0","10300.0","10965.0","2.0","0.0","0.0","0.0","0.0","0.0","0.0","0.0","0.0","0.0","0.0","0.0","0.0","0.0","4.3","11.0","0.0"
"<<<<<<< Updated upstream","","","","","","","","","","","","","","","","","","","","","","","","","","","","","","","","","",""
"2026-08-31T05:42:39+0000","egipt|dahab|2026-12-24|2026-12-31|7|Warszawa|2+1","","egipt","dahab","2026-12-24","2026-12-31","7.0","Warszawa","2+1","115.0","2.0","2.0","9983.0","10057.9","10170.25","10357.5","10732.0","1.0","0.0","0.0","0.0","0.0","0.0","0.0","0.0","0.0","0.0","0.0","0.0","0.0","0.0","4.4","2.0","0.0"
"2026-08-31T05:42:39+0000","egipt|hurghada|2026-12-24|2026-12-31|7|Warszawa - Modlin|2+1","","egipt","hurghada","2026-12-24","2026-12-31","7.0","Warszawa - Modlin","2+1","115.0","5.0","5.0","8156.0","8312.4","8547.0","8667.0","9807.0","5.0","0.0","0.0","0.0","0.0","0.0","0.0","0.0","0.0","0.0","0.0","0.0","0.0","0.0","4.5","3.0","0.0"
"2026-08-31T05:42:39+0000","egipt|hurghada|2026-12-24|2026-12-31|7|Warszawa|2+1","","egipt","hurghada","2026-12-24","2026-12-31","7.0","Warszawa","2+1","115.0","5.0","5.0","9370.0","9437.6","9539.0","9773.0","10972.0","3.0","0.0","0.0","0.0","0.0","0.0","0.0","0.0","0.0","0.0","0.0","0.0","0.0","0.0","4.25","4.0","0.0"
"2026-08-31T05:42:39+0000","egipt|marsa-alam|2026-12-28|2027-01-04|7|Warszawa - Modlin|2+1","","egipt","marsa-alam","2026-12-28","2027-01-04","7.0","Warszawa - Modlin","2+1","119.0","4.0","4.0","9855.0","9890.7","9944.25","9990.0","10357.0","2.0","0.0","0.0","0.0","0.0","0.0","0.0","0.0","0.0","0.0","0.0","0.0","0.0","0.0","4.65","4.0","0.0"
"2026-08-31T05:42:39+0000","egipt|marsa-alam|2026-12-29|2027-01-05|7|Warszawa|2+1","","egipt","marsa-alam","2026-12-29","2027-01-05","7.0","Warszawa","2+1","120.0","3.0","3.0","10037.0","10083.0","10152.0","10267.0","10507.0","0.0","0.0","0.0","0.0","0.0","0.0","0.0","0.0","0.0","0.0","0.0","0.0","0.0","0.0","4.5","2.0","0.0"
"2026-08-31T05:42:39+0000","egipt|marsa-alam|2026-12-30|2027-01-06|7|Warszawa - Modlin|2+1","","egipt","marsa-alam","2026-12-30","2027-01-06","7.0","Warszawa - Modlin","2+1","121.0","6.0","6.0","9310.0","9327.5","9358.75","9424.0","10624.0","4.0","0.0","0.0","0.0","0.0","0.0","0.0","0.0","0.0","0.0","0.0","0.0","0.0","0.0","4.5","6.0","0.0"
"2026-08-31T05:42:39+0000","egipt|sharm-el-sheikh|2026-12-24|2026-12-31|7|Warszawa - Modlin|2+1","","egipt","sharm-el-sheikh","2026-12-24","2026-12-31","7.0","Warszawa - Modlin","2+1","115.0","1.0","1.0","9989.0","9989.0","9989.0","9989.0","9989.0","1.0","0.0","0.0","0.0","0.0","0.0","0.0","0.0","0.0","0.0","0.0","0.0","0.0","0.0","4.3","1.0","0.0"
"2026-08-31T05:42:39+0000","egipt|sharm-el-sheikh|2026-12-24|2026-12-31|7|Warszawa|2+1","","egipt","sharm-el-sheikh","2026-12-24","2026-12-31","7.0","Warszawa","2+1","115.0","12.0","12.0","8381.0","9988.4","10052.75","10259.0","10965.0","3.0","0.0","0.0","0.0","0.0","0.0","0.0","0.0","0.0","0.0","0.0","0.0","0.0","0.0","4.3","12.0","0.0"
"=======","","","","","","","","","","","","","","","","","","","","","","","","","","","","","","","","","",""
"2026-08-31T06:00:23+0000","egipt|dahab|2026-12-24|2026-12-31|7|Warszawa|2+1","","egipt","dahab","2026-12-24","2026-12-31","7.0","Warszawa","2+1","115.0","2.0","2.0","9983.0","10057.9","10170.25","10357.5","10732.0","1.0","0.0","0.0","0.0","0.0","0.0","0.0","0.0","0.0","0.0","0.0","0.0","0.0","0.0","4.4","2.0","0.0"
"2026-08-31T06:00:23+0000","egipt|hurghada|2026-12-24|2026-12-31|7|Warszawa - Modlin|2+1","","egipt","hurghada","2026-12-24","2026-12-31","7.0","Warszawa - Modlin","2+1","115.0","5.0","5.0","8156.0","8312.4","8547.0","8667.0","9807.0","5.0","0.0","0.0","0.0","0.0","0.0","0.0","0.0","0.0","0.0","0.0","0.0","0.0","0.0","4.5","3.0","0.0"
"2026-08-31T06:00:23+0000","egipt|hurghada|2026-12-24|2026-12-31|7|Warszawa|2+1","","egipt","hurghada","2026-12-24","2026-12-31","7.0","Warszawa","2+1","115.0","5.0","5.0","9370.0","9437.6","9539.0","9773.0","10972.0","3.0","0.0","0.0","0.0","0.0","0.0","0.0","0.0","0.0","0.0","0.0","0.0","0.0","0.0","4.25","4.0","0.0"
"2026-08-31T06:00:23+0000","egipt|marsa-alam|2026-12-28|2027-01-04|7|Warszawa - Modlin|2+1","","egipt","marsa-alam","2026-12-28","2027-01-04","7.0","Warszawa - Modlin","2+1","119.0","4.0","4.0","9855.0","9890.7","9944.25","9990.0","10357.0","2.0","0.0","0.0","0.0","0.0","0.0","0.0","0.0","0.0","0.0","0.0","0.0","0.0","0.0","4.65","4.0","0.0"
"2026-08-31T06:00:23+0000","egipt|marsa-alam|2026-12-29|2027-01-05|7|Warszawa|2+1","","egipt","marsa-alam","2026-12-29","2027-01-05","7.0","Warszawa","2+1","120.0","3.0","3.0","10037.0","10083.0","10152.0","10267.0","10507.0","0.0","0.0","0.0","0.0","0.0","0.0","0.0","0.0","0.0","0.0","0.0","0.0","0.0","0.0","4.5","2.0","0.0"
"2026-08-31T06:00:23+0000","egipt|marsa-alam|2026-12-30|2027-01-06|7|Warszawa - Modlin|2+1","","egipt","marsa-alam","2026-12-30","2027-01-06","7.0","Warszawa - Modlin","2+1","121.0","6.0","6.0","9310.0","9327.5","9358.75","9424.0","10624.0","4.0","0.0","0.0","0.0","0.0","0.0","0.0","0.0","0.0","0.0","0.0","0.0","0.0","0.0","4.5","6.0","0.0"
"2026-08-31T06:00:23+0000","egipt|sharm-el-sheikh|2026-12-24|2026-12-31|7|Warszawa - Modlin|2+1","","egipt","sharm-el-sheikh","2026-12-24","2026-12-31","7.0","Warszawa - Modlin","2+1","115.0","1.0","1.0","9989.0","9989.0","9989.0","9989.0","9989.0","1.0","0.0","0.0","0.0","0.0","0.0","0.0","0.0","0.0","0.0","0.0","0.0","0.0","0.0","4.3","1.0","0.0"
"2026-08-31T06:00:23+0000","egipt|sharm-el-sheikh|2026-12-24|2026-12-31|7|Warszawa|2+1","","egipt","sharm-el-sheikh","2026-12-24","2026-12-31","7.0","Warszawa","2+1","115.0","12.0","12.0","8381.0","9988.4","10052.75","10259.0","10965.0","3.0","0.0","0.0","0.0","0.0","0.0","0.0","0.0","0.0","0.0","0.0","0.0","0.0","0.0","4.3","12.0","0.0"
">>>>>>> Stashed changes","","","","","","","","","","","","","","","","","","","","","","","","","","","","","","","","","",""
"2026-08-31T07:49:17+0000","egipt|dahab|2026-12-24|2026-12-31|7|Warszawa|2+1","","egipt","dahab","2026-12-24","2026-12-31","7.0","Warszawa","2+1","115.0","2.0","2.0","9983.0","10057.9","10170.25","10357.5","10732.0","1.0","0.0","0.0","0.0","0.0","0.0","0.0","0.0","0.0","0.0","0.0","0.0","0.0","0.0","4.4","2.0","0.0"
"2026-08-31T07:49:17+0000","egipt|hurghada|2026-12-24|2026-12-31|7|Warszawa - Modlin|2+1","","egipt","hurghada","2026-12-24","2026-12-31","7.0","Warszawa - Modlin","2+1","115.0","5.0","5.0","8156.0","8312.4","8547.0","8667.0","9807.0","5.0","0.0","0.0","0.0","0.0","0.0","0.0","0.0","0.0","0.0","0.0","0.0","0.0","0.0","4.5","3.0","0.0"
"2026-08-31T07:49:17+0000","egipt|hurghada|2026-12-24|2026-12-31|7|Warszawa|2+1","","egipt","hurghada","2026-12-24","2026-12-31","7.0","Warszawa","2+1","115.0","5.0","5.0","9370.0","9437.6","9539.0","9773.0","10972.0","3.0","0.0","0.0","0.0","0.0","0.0","0.0","0.0","0.0","0.0","0.0","0.0","0.0","0.0","4.25","4.0","0.0"
"2026-08-31T07:49:17+0000","egipt|marsa-alam|2026-12-28|2027-01-04|7|Warszawa - Modlin|2+1","","egipt","marsa-alam","2026-12-28","2027-01-04","7.0","Warszawa - Modlin","2+1","119.0","4.0","4.0","9855.0","9890.7","9944.25","9990.0","10357.0","2.0","0.0","0.0","0.0","0.0","0.0","0.0","0.0","0.0","0.0","0.0","0.0","0.0","0.0","4.65","4.0","0.0"
"2026-08-31T07:49:17+0000","egipt|marsa-alam|2026-12-29|2027-01-05|7|Warszawa|2+1","","egipt","marsa-alam","2026-12-29","2027-01-05","7.0","Warszawa","2+1","120.0","2.0","2.0","10037.0","10084.0","10154.5","10272.0","10507.0","0.0","0.0","0.0","0.0","0.0","0.0","0.0","0.0","0.0","0.0","0.0","0.0","0.0","0.0","4.5","2.0","0.0"
"2026-08-31T07:49:17+0000","egipt|marsa-alam|2026-12-30|2027-01-06|7|Warszawa - Modlin|2+1","","egipt","marsa-alam","2026-12-30","2027-01-06","7.0","Warszawa - Modlin","2+1","121.0","6.0","6.0","9310.0","9327.5","9358.75","9424.0","10624.0","4.0","0.0","0.0","0.0","0.0","0.0","0.0","0.0","0.0","0.0","0.0","0.0","0.0","0.0","4.5","6.0","0.0"
"2026-08-31T07:49:17+0000","egipt|sharm-el-sheikh|2026-12-24|2026-12-31|7|Warszawa - Modlin|2+1","","egipt","sharm-el-sheikh","2026-12-24","2026-12-31","7.0","Warszawa - Modlin","2+1","115.0","1.0","1.0","9989.0","9989.0","9989.0","9989.0","9989.0","1.0","0.0","0.0","0.0","0.0","0.0","0.0","0.0","0.0","0.0","0.0","0.0","0.0","0.0","4.3","1.0","0.0"
"2026-08-31T07:49:17+0000","egipt|sharm-el-sheikh|2026-12-24|2026-12-31|7|Warszawa|2+1","","egipt","sharm-el-sheikh","2026-12-24","2026-12-31","7.0","Warszawa","2+1","115.0","12.0","12.0","8381.0","9988.4","10052.75","10259.0","10965.0","3.0","0.0","0.0","0.0","0.0","0.0","0.0","0.0","0.0","0.0","0.0","0.0","0.0","0.0","4.3","12.0","0.0"
"2026-08-31T13:12:09+0000","egipt|dahab|2026-12-24|2026-12-31|7|Warszawa|2+1","","egipt","dahab","2026-12-24","2026-12-31","7.0","Warszawa","2+1","115.0","2.0","2.0","9983.0","10057.9","10170.25","10357.5","10732.0","1.0","0.0","0.0","0.0","0.0","0.0","0.0","0.0","0.0","0.0","0.0","0.0","0.0","0.0","4.4","2.0","0.0"
"2026-08-31T13:12:09+0000","egipt|hurghada|2026-12-24|2026-12-31|7|Warszawa - Modlin|2+1","","egipt","hurghada","2026-12-24","2026-12-31","7.0","Warszawa - Modlin","2+1","115.0","3.0","3.0","8887.0","8923.0","8977.0","9067.0","10327.0","2.0","0.0","0.0","0.0","0.0","0.0","0.0","0.0","0.0","0.0","0.0","0.0","0.0","0.0","4.5","1.0","0.0"
"2026-08-31T13:12:09+0000","egipt|hurghada|2026-12-24|2026-12-31|7|Warszawa|2+1","","egipt","hurghada","2026-12-24","2026-12-31","7.0","Warszawa","2+1","115.0","5.0","5.0","9370.0","9437.6","9539.0","9773.0","10972.0","3.0","0.0","0.0","0.0","0.0","0.0","0.0","0.0","0.0","0.0","0.0","0.0","0.0","0.0","4.25","4.0","0.0"
"2026-08-31T13:12:09+0000","egipt|hurghada|2026-12-27|2027-01-03|7|Warszawa - Modlin|2+1","","egipt","hurghada","2026-12-27","2027-01-03","7.0","Warszawa - Modlin","2+1","118.0","2.0","2.0","9381.0","9383.2","9386.5","9392.0","9403.0","2.0","0.0","0.0","0.0","0.0","0.0","0.0","0.0","0.0","0.0","0.0","0.0","0.0","0.0","4.6","2.0","0.0"
"2026-08-31T13:12:09+0000","egipt|marsa-alam|2026-12-29|2027-01-05|7|Warszawa|2+1","","egipt","marsa-alam","2026-12-29","2027-01-05","7.0","Warszawa","2+1","120.0","2.0","2.0","10037.0","10084.0","10154.5","10272.0","10507.0","0.0","0.0","0.0","0.0","0.0","0.0","0.0","0.0","0.0","0.0","0.0","0.0","0.0","0.0","4.5","2.0","0.0"
"2026-08-31T13:12:09+0000","egipt|marsa-alam|2026-12-30|2027-01-06|7|Warszawa - Modlin|2+1","","egipt","marsa-alam","2026-12-30","2027-01-06","7.0","Warszawa - Modlin","2+1","121.0","8.0","8.0","9310.0","9334.5","9386.25","9712.0","10624.0","5.0","0.0","0.0","0.0","0.0","0.0","0.0","0.0","0.0","0.0","0.0","0.0","0.0","0.0","4.5","8.0","0.0"
"2026-08-31T13:12:09+0000","egipt|sharm-el-sheikh|2026-12-24|2026-12-31|7|Warszawa - Modlin|2+1","","egipt","sharm-el-sheikh","2026-12-24","2026-12-31","7.0","Warszawa - Modlin","2+1","115.0","1.0","1.0","9989.0","9989.0","9989.0","9989.0","9989.0","1.0","0.0","0.0","0.0","0.0","0.0","0.0","0.0","0.0","0.0","0.0","0.0","0.0","0.0","4.3","1.0","0.0"
"2026-08-31T13:12:09+0000","egipt|sharm-el-sheikh|2026-12-24|2026-12-31|7|Warszawa|2+1","","egipt","sharm-el-sheikh","2026-12-24","2026-12-31","7.0","Warszawa","2+1","115.0","12.0","12.0","8381.0","9988.4","10052.75","10259.0","10965.0","3.0","0.0","0.0","0.0","0.0","0.0","0.0","0.0","0.0","0.0","0.0","0.0","0.0","0.0","4.3","12.0","0.0"
"2026-08-31T14:08:33+0000","egipt|dahab|2026-12-24|2026-12-31|7|Warszawa|2+1","","egipt","dahab","2026-12-24","2026-12-31","7.0","Warszawa","2+1","115.0","2.0","2.0","9983.0","10057.9","10170.25","10357.5","10732.0","1.0","0.0","0.0","0.0","0.0","0.0","0.0","0.0","0.0","0.0","0.0","0.0","0.0","0.0","4.4","2.0","0.0"
"2026-08-31T14:08:33+0000","egipt|hurghada|2026-12-24|2026-12-31|7|Warszawa - Modlin|2+1","","egipt","hurghada","2026-12-24","2026-12-31","7.0","Warszawa - Modlin","2+1","115.0","3.0","3.0","8887.0","8923.0","8977.0","9067.0","10327.0","2.0","0.0","0.0","0.0","0.0","0.0","0.0","0.0","0.0","0.0","0.0","0.0","0.0","0.0","4.5","1.0","0.0"
"2026-08-31T14:08:33+0000","egipt|hurghada|2026-12-24|2026-12-31|7|Warszawa|2+1","","egipt","hurghada","2026-12-24","2026-12-31","7.0","Warszawa","2+1","115.0","5.0","5.0","9370.0","9437.6","9539.0","9773.0","10972.0","3.0","0.0","0.0","0.0","0.0","0.0","0.0","0.0","0.0","0.0","0.0","0.0","0.0","0.0","4.25","4.0","0.0"
"2026-08-31T14:08:33+0000","egipt|hurghada|2026-12-27|2027-01-03|7|Warszawa - Modlin|2+1","","egipt","hurghada","2026-12-27","2027-01-03","7.0","Warszawa - Modlin","2+1","118.0","2.0","2.0","9381.0","9383.2","9386.5","9392.0","9403.0","2.0","0.0","0.0","0.0","0.0","0.0","0.0","0.0","0.0","0.0","0.0","0.0","0.0","0.0","4.6","2.0","0.0"
"2026-08-31T14:08:33+0000","egipt|marsa-alam|2026-12-29|2027-01-05|7|Warszawa|2+1","","egipt","marsa-alam","2026-12-29","2027-01-05","7.0","Warszawa","2+1","120.0","2.0","2.0","10037.0","10084.0","10154.5","10272.0","10507.0","0.0","0.0","0.0","0.0","0.0","0.0","0.0","0.0","0.0","0.0","0.0","0.0","0.0","0.0","4.5","2.0","0.0"
"2026-08-31T14:08:33+0000","egipt|marsa-alam|2026-12-30|2027-01-06|7|Warszawa - Modlin|2+1","","egipt","marsa-alam","2026-12-30","2027-01-06","7.0","Warszawa - Modlin","2+1","121.0","8.0","8.0","9310.0","9334.5","9386.25","9712.0","10624.0","5.0","0.0","0.0","0.0","0.0","0.0","0.0","0.0","0.0","0.0","0.0","0.0","0.0","0.0","4.5","8.0","0.0"
"2026-08-31T14:08:33+0000","egipt|sharm-el-sheikh|2026-12-24|2026-12-31|7|Warszawa - Modlin|2+1","","egipt","sharm-el-sheikh","2026-12-24","2026-12-31","7.0","Warszawa - Modlin","2+1","115.0","1.0","1.0","9989.0","9989.0","9989.0","9989.0","9989.0","1.0","0.0","0.0","0.0","0.0","0.0","0.0","0.0","0.0","0.0","0.0","0.0","0.0","0.0","4.3","1.0","0.0"
"2026-08-31T14:08:33+0000","egipt|sharm-el-sheikh|2026-12-24|2026-12-31|7|Warszawa|2+1","","egipt","sharm-el-sheikh","2026-12-24","2026-12-31","7.0","Warszawa","2+1","115.0","12.0","12.0","8381.0","9988.4","10052.75","10259.0","10965.0","3.0","0.0","0.0","0.0","0.0","0.0","0.0","0.0","0.0","0.0","0.0","0.0","0.0","0.0","4.3","12.0","0.0"
"2026-08-31T15:54:27+0000","egipt|dahab|2026-12-24|2026-12-31|7|Warszawa|2+1","","egipt","dahab","2026-12-24","2026-12-31","7.0","Warszawa","2+1","115.0","2.0","2.0","9983.0","10057.9","10170.25","10357.5","10732.0","1.0","0.0","0.0","0.0","0.0","0.0","0.0","0.0","0.0","0.0","0.0","0.0","0.0","0.0","4.4","2.0","0.0"
"2026-08-31T15:54:27+0000","egipt|hurghada|2026-12-24|2026-12-31|7|Warszawa - Modlin|2+1","","egipt","hurghada","2026-12-24","2026-12-31","7.0","Warszawa - Modlin","2+1","115.0","4.0","4.0","8887.0","8935.0","9007.0","9613.5","10535.0","2.0","0.0","0.0","0.0","0.0","0.0","0.0","0.0","0.0","0.0","0.0","0.0","0.0","0.0","4.45","2.0","0.0"
"2026-08-31T15:54:27+0000","egipt|hurghada|2026-12-24|2026-12-31|7|Warszawa|2+1","","egipt","hurghada","2026-12-24","2026-12-31","7.0","Warszawa","2+1","115.0","5.0","5.0","9370.0","9437.6","9539.0","9773.0","10972.0","3.0","0.0","0.0","0.0","0.0","0.0","0.0","0.0","0.0","0.0","0.0","0.0","0.0","0.0","4.25","4.0","0.0"
"2026-08-31T15:54:27+0000","egipt|marsa-alam|2026-12-29|2027-01-05|7|Warszawa|2+1","","egipt","marsa-alam","2026-12-29","2027-01-05","7.0","Warszawa","2+1","120.0","2.0","2.0","10037.0","10084.0","10154.5","10272.0","10507.0","0.0","0.0","0.0","0.0","0.0","0.0","0.0","0.0","0.0","0.0","0.0","0.0","0.0","0.0","4.5","2.0","0.0"
"2026-08-31T15:54:27+0000","egipt|marsa-alam|2026-12-30|2027-01-06|7|Warszawa - Modlin|2+1","","egipt","marsa-alam","2026-12-30","2027-01-06","7.0","Warszawa - Modlin","2+1","121.0","9.0","9.0","9310.0","9338.0","9400.0","9976.0","10867.0","5.0","0.0","0.0","0.0","0.0","0.0","0.0","0.0","0.0","0.0","0.0","0.0","0.0","0.0","4.5","9.0","0.0"
"2026-08-31T15:54:27+0000","egipt|sharm-el-sheikh|2026-12-24|2026-12-31|7|Warszawa - Modlin|2+1","","egipt","sharm-el-sheikh","2026-12-24","2026-12-31","7.0","Warszawa - Modlin","2+1","115.0","1.0","1.0","9989.0","9989.0","9989.0","9989.0","9989.0","1.0","0.0","0.0","0.0","0.0","0.0","0.0","0.0","0.0","0.0","0.0","0.0","0.0","0.0","4.3","1.0","0.0"
"2026-08-31T15:54:27+0000","egipt|sharm-el-sheikh|2026-12-24|2026-12-31|7|Warszawa|2+1","","egipt","sharm-el-sheikh","2026-12-24","2026-12-31","7.0","Warszawa","2+1","115.0","12.0","12.0","8381.0","9988.4","10052.75","10259.0","10965.0","3.0","0.0","0.0","0.0","0.0","0.0","0.0","0.0","0.0","0.0","0.0","0.0","0.0","0.0","4.3","12.0","0.0"
"2026-08-31T20:15:42+0000","egipt|dahab|2026-12-24|2026-12-31|7|Warszawa|2+1","","egipt","dahab","2026-12-24","2026-12-31","7.0","Warszawa","2+1","115.0","2.0","2.0","9983.0","10057.9","10170.25","10357.5","10732.0","1.0","0.0","0.0","0.0","0.0","0.0","0.0","0.0","0.0","0.0","0.0","0.0","0.0","0.0","4.4","2.0","0.0"
"2026-08-31T20:15:42+0000","egipt|hurghada|2026-12-24|2026-12-31|7|Warszawa - Modlin|2+1","","egipt","hurghada","2026-12-24","2026-12-31","7.0","Warszawa - Modlin","2+1","115.0","3.0","3.0","8867.0","8903.0","8957.0","9047.0","10327.0","2.0","0.0","0.0","0.0","0.0","0.0","0.0","0.0","0.0","0.0","0.0","0.0","0.0","0.0","4.5","1.0","0.0"
"2026-08-31T20:15:42+0000","egipt|hurghada|2026-12-24|2026-12-31|7|Warszawa|2+1","","egipt","hurghada","2026-12-24","2026-12-31","7.0","Warszawa","2+1","115.0","5.0","5.0","9370.0","9437.6","9539.0","9773.0","10972.0","3.0","0.0","0.0","0.0","0.0","0.0","0.0","0.0","0.0","0.0","0.0","0.0","0.0","0.0","4.25","4.0","0.0"
"2026-08-31T20:15:42+0000","egipt|hurghada|2026-12-27|2027-01-03|7|Warszawa - Modlin|2+1","","egipt","hurghada","2026-12-27","2027-01-03","7.0","Warszawa - Modlin","2+1","118.0","2.0","2.0","9381.0","9383.2","9386.5","9392.0","9403.0","2.0","0.0","0.0","0.0","0.0","0.0","0.0","0.0","0.0","0.0","0.0","0.0","0.0","0.0","4.6","2.0","0.0"
"2026-08-31T20:15:42+0000","egipt|marsa-alam|2026-12-29|2027-01-05|7|Warszawa|2+1","","egipt","marsa-alam","2026-12-29","2027-01-05","7.0","Warszawa","2+1","120.0","3.0","3.0","10037.0","10083.0","10152.0","10267.0","10507.0","0.0","0.0","0.0","0.0","0.0","0.0","0.0","0.0","0.0","0.0","0.0","0.0","0.0","0.0","4.5","2.0","0.0"
"2026-08-31T20:15:42+0000","egipt|marsa-alam|2026-12-30|2027-01-06|7|Warszawa - Modlin|2+1","","egipt","marsa-alam","2026-12-30","2027-01-06","7.0","Warszawa - Modlin","2+1","121.0","7.0","7.0","9310.0","9331.0","9372.5","9448.0","10604.0","5.0","0.0","0.0","0.0","0.0","0.0","0.0","0.0","0.0","0.0","0.0","0.0","0.0","0.0","4.5","7.0","0.0"
"2026-08-31T20:15:42+0000","egipt|sharm-el-sheikh|2026-12-24|2026-12-31|7|Warszawa - Modlin|2+1","","egipt","sharm-el-sheikh","2026-12-24","2026-12-31","7.0","Warszawa - Modlin","2+1","115.0","1.0","1.0","9989.0","9989.0","9989.0","9989.0","9989.0","1.0","0.0","0.0","0.0","0.0","0.0","0.0","0.0","0.0","0.0","0.0","0.0","0.0","0.0","4.3","1.0","0.0"
"2026-08-31T20:15:42+0000","egipt|sharm-el-sheikh|2026-12-24|2026-12-31|7|Warszawa|2+1","","egipt","sharm-el-sheikh","2026-12-24","2026-12-31","7.0","Warszawa","2+1","115.0","12.0","12.0","8381.0","9988.4","10052.75","10259.0","10965.0","3.0","0.0","0.0","0.0","0.0","0.0","0.0","0.0","0.0","0.0","0.0","0.0","0.0","0.0","4.3","12.0","0.0"
"2026-08-31T23:59:15+0000","egipt|dahab|2026-12-24|2026-12-31|7|Warszawa|2+1","","egipt","dahab","2026-12-24","2026-12-31","7.0","Warszawa","2+1","115.0","2.0","2.0","9983.0","10057.9","10170.25","10357.5","10732.0","1.0","0.0","0.0","0.0","0.0","0.0","0.0","0.0","0.0","0.0","0.0","0.0","0.0","0.0","4.4","2.0","0.0"
"2026-08-31T23:59:15+0000","egipt|hurghada|2026-12-24|2026-12-31|7|Warszawa - Modlin|2+1","","egipt","hurghada","2026-12-24","2026-12-31","7.0","Warszawa - Modlin","2+1","115.0","5.0","5.0","7996.0","8152.4","8387.0","8507.0","9647.0","5.0","1.0","0.0","0.0","0.0","0.0","0.0","0.0","0.0","0.0","0.0","0.0","0.0","0.0","4.5","3.0","0.0"
"2026-08-31T23:59:15+0000","egipt|hurghada|2026-12-24|2026-12-31|7|Warszawa|2+1","","egipt","hurghada","2026-12-24","2026-12-31","7.0","Warszawa","2+1","115.0","5.0","5.0","9370.0","9437.6","9539.0","9773.0","10972.0","3.0","0.0","0.0","0.0","0.0","0.0","0.0","0.0","0.0","0.0","0.0","0.0","0.0","0.0","4.25","4.0","0.0"
"2026-08-31T23:59:15+0000","egipt|marsa-alam|2026-12-25|2027-01-01|7|Warszawa - Modlin|2+1","","egipt","marsa-alam","2026-12-25","2027-01-01","7.0","Warszawa - Modlin","2+1","116.0","1.0","1.0","9973.0","9973.0","9973.0","9973.0","9973.0","1.0","0.0","0.0","0.0","0.0","0.0","0.0","0.0","0.0","0.0","0.0","0.0","0.0","0.0","4.4","1.0","0.0"
"2026-08-31T23:59:15+0000","egipt|marsa-alam|2026-12-28|2027-01-04|7|Warszawa - Modlin|2+1","","egipt","marsa-alam","2026-12-28","2027-01-04","7.0","Warszawa - Modlin","2+1","119.0","1.0","1.0","10380.0","10380.0","10380.0","10380.0","10380.0","0.0","0.0","0.0","0.0","0.0","0.0","0.0","0.0","0.0","0.0","0.0","0.0","0.0","0.0","4.5","1.0","0.0"
"2026-08-31T23:59:15+0000","egipt|marsa-alam|2026-12-29|2027-01-05|7|Warszawa|2+1","","egipt","marsa-alam","2026-12-29","2027-01-05","7.0","Warszawa","2+1","120.0","3.0","3.0","10267.0","10285.0","10312.0","10357.0","10507.0","0.0","0.0","0.0","0.0","0.0","0.0","0.0","0.0","0.0","0.0","0.0","0.0","0.0","0.0","4.5","2.0","0.0"
"2026-08-31T23:59:15+0000","egipt|marsa-alam|2026-12-30|2027-01-06|7|Warszawa - Modlin|2+1","","egipt","marsa-alam","2026-12-30","2027-01-06","7.0","Warszawa - Modlin","2+1","121.0","5.0","5.0","9310.0","9346.0","9400.0","9448.0","10604.0","3.0","0.0","0.0","0.0","0.0","0.0","0.0","0.0","0.0","0.0","0.0","0.0","0.0","0.0","4.5","5.0","0.0"
"2026-08-31T23:59:15+0000","egipt|sharm-el-sheikh|2026-12-24|2026-12-31|7|Warszawa - Modlin|2+1","","egipt","sharm-el-sheikh","2026-12-24","2026-12-31","7.0","Warszawa - Modlin","2+1","115.0","2.0","2.0","9989.0","10063.2","10174.5","10360.0","10731.0","1.0","0.0","0.0","0.0","0.0","0.0","0.0","0.0","0.0","0.0","0.0","0.0","0.0","0.0","4.2","2.0","0.0"
"2026-08-31T23:59:15+0000","egipt|sharm-el-sheikh|2026-12-24|2026-12-31|7|Warszawa|2+1","","egipt","sharm-el-sheikh","2026-12-24","2026-12-31","7.0","Warszawa","2+1","115.0","11.0","11.0","8381.0","9988.0","10032.5","10218.0","10965.0","3.0","0.0","0.0","0.0","0.0","0.0","0.0","0.0","0.0","0.0","0.0","0.0","0.0","0.0","4.3","11.0","0.0"
"2026-09-01T05:01:32+0000","egipt|dahab|2026-12-24|2026-12-31|7|Warszawa|2+1","","egipt","dahab","2026-12-24","2026-12-31","7.0","Warszawa","2+1","114.0","2.0","2.0","9983.0","10057.9","10170.25","10357.5","10732.0","1.0","0.0","0.0","0.0","0.0","0.0","0.0","0.0","0.0","0.0","0.0","0.0","0.0","0.0","4.4","2.0","0.0"
"2026-09-01T05:01:32+0000","egipt|hurghada|2026-12-24|2026-12-31|7|Warszawa - Modlin|2+1","","egipt","hurghada","2026-12-24","2026-12-31","7.0","Warszawa - Modlin","2+1","114.0","4.0","4.0","8867.0","8898.8","8946.5","9296.5","10327.0","3.0","0.0","0.0","0.0","0.0","0.0","0.0","0.0","0.0","0.0","0.0","0.0","0.0","0.0","4.65","2.0","0.0"
"2026-09-01T05:01:32+0000","egipt|hurghada|2026-12-24|2026-12-31|7|Warszawa|2+1","","egipt","hurghada","2026-12-24","2026-12-31","7.0","Warszawa","2+1","114.0","5.0","5.0","9370.0","9437.6","9539.0","9773.0","10972.0","3.0","0.0","0.0","0.0","0.0","0.0","0.0","0.0","0.0","0.0","0.0","0.0","0.0","0.0","4.25","4.0","0.0"
"2026-09-01T05:01:32+0000","egipt|hurghada|2026-12-29|2027-01-05|7|Warszawa - Modlin|2+1","","egipt","hurghada","2026-12-29","2027-01-05","7.0","Warszawa - Modlin","2+1","119.0","1.0","1.0","9586.0","9586.0","9586.0","9586.0","9586.0","1.0","0.0","0.0","0.0","0.0","0.0","0.0","0.0","0.0","0.0","0.0","0.0","0.0","0.0","4.4","1.0","0.0"
"2026-09-01T05:01:32+0000","egipt|marsa-alam|2026-12-25|2027-01-01|7|Warszawa - Modlin|2+1","","egipt","marsa-alam","2026-12-25","2027-01-01","7.0","Warszawa - Modlin","2+1","115.0","1.0","1.0","9973.0","9973.0","9973.0","9973.0","9973.0","1.0","0.0","0.0","0.0","0.0","0.0","0.0","0.0","0.0","0.0","0.0","0.0","0.0","0.0","4.4","1.0","0.0"
"2026-09-01T05:01:32+0000","egipt|marsa-alam|2026-12-28|2027-01-04|7|Warszawa - Modlin|2+1","","egipt","marsa-alam","2026-12-28","2027-01-04","7.0","Warszawa - Modlin","2+1","118.0","1.0","1.0","10380.0","10380.0","10380.0","10380.0","10380.0","0.0","0.0","0.0","0.0","0.0","0.0","0.0","0.0","0.0","0.0","0.0","0.0","0.0","0.0","4.5","1.0","0.0"
"2026-09-01T05:01:32+0000","egipt|marsa-alam|2026-12-29|2027-01-05|7|Warszawa|2+1","","egipt","marsa-alam","2026-12-29","2027-01-05","7.0","Warszawa","2+1","119.0","3.0","3.0","10267.0","10285.0","10312.0","10357.0","10507.0","0.0","0.0","0.0","0.0","0.0","0.0","0.0","0.0","0.0","0.0","0.0","0.0","0.0","0.0","4.5","2.0","0.0"
"2026-09-01T05:01:32+0000","egipt|marsa-alam|2026-12-30|2027-01-06|7|Warszawa - Modlin|2+1","","egipt","marsa-alam","2026-12-30","2027-01-06","7.0","Warszawa - Modlin","2+1","120.0","8.0","8.0","9310.0","9373.0","9436.0","10109.5","10941.0","4.0","0.0","0.0","0.0","0.0","0.0","0.0","0.0","0.0","0.0","0.0","0.0","0.0","0.0","4.6","8.0","0.0"
"2026-09-01T05:01:32+0000","egipt|sharm-el-sheikh|2026-12-24|2026-12-31|7|Warszawa - Modlin|2+1","","egipt","sharm-el-sheikh","2026-12-24","2026-12-31","7.0","Warszawa - Modlin","2+1","114.0","1.0","1.0","9989.0","9989.0","9989.0","9989.0","9989.0","1.0","0.0","0.0","0.0","0.0","0.0","0.0","0.0","0.0","0.0","0.0","0.0","0.0","0.0","4.3","1.0","0.0"
"2026-09-01T05:01:32+0000","egipt|sharm-el-sheikh|2026-12-24|2026-12-31|7|Warszawa|2+1","","egipt","sharm-el-sheikh","2026-12-24","2026-12-31","7.0","Warszawa","2+1","114.0","12.0","12.0","8381.0","9988.4","10052.75","10259.0","10965.0","3.0","0.0","0.0","0.0","0.0","0.0","0.0","0.0","0.0","0.0","0.0","0.0","0.0","0.0","4.3","12.0","0.0"
"2026-09-01T05:23:27+0000","egipt|dahab|2026-12-24|2026-12-31|7|Warszawa|2+1","","egipt","dahab","2026-12-24","2026-12-31","7.0","Warszawa","2+1","114.0","2.0","2.0","9983.0","10057.9","10170.25","10357.5","10732.0","1.0","0.0","0.0","0.0","0.0","0.0","0.0","0.0","0.0","0.0","0.0","0.0","0.0","0.0","4.4","2.0","0.0"
"2026-09-01T05:23:27+0000","egipt|hurghada|2026-12-24|2026-12-31|7|Warszawa - Modlin|2+1","","egipt","hurghada","2026-12-24","2026-12-31","7.0","Warszawa - Modlin","2+1","114.0","4.0","4.0","8867.0","8898.8","8946.5","9296.5","10327.0","3.0","0.0","0.0","0.0","0.0","0.0","0.0","0.0","0.0","0.0","0.0","0.0","0.0","0.0","4.65","2.0","0.0"
"2026-09-01T05:23:27+0000","egipt|hurghada|2026-12-24|2026-12-31|7|Warszawa|2+1","","egipt","hurghada","2026-12-24","2026-12-31","7.0","Warszawa","2+1","114.0","5.0","5.0","9370.0","9437.6","9539.0","9773.0","10972.0","3.0","0.0","0.0","0.0","0.0","0.0","0.0","0.0","0.0","0.0","0.0","0.0","0.0","0.0","4.25","4.0","0.0"
"2026-09-01T05:23:27+0000","egipt|hurghada|2026-12-29|2027-01-05|7|Warszawa - Modlin|2+1","","egipt","hurghada","2026-12-29","2027-01-05","7.0","Warszawa - Modlin","2+1","119.0","1.0","1.0","9586.0","9586.0","9586.0","9586.0","9586.0","1.0","0.0","0.0","0.0","0.0","0.0","0.0","0.0","0.0","0.0","0.0","0.0","0.0","0.0","4.4","1.0","0.0"
"2026-09-01T05:23:27+0000","egipt|marsa-alam|2026-12-25|2027-01-01|7|Warszawa - Modlin|2+1","","egipt","marsa-alam","2026-12-25","2027-01-01","7.0","Warszawa - Modlin","2+1","115.0","1.0","1.0","9973.0","9973.0","9973.0","9973.0","9973.0","1.0","0.0","0.0","0.0","0.0","0.0","0.0","0.0","0.0","0.0","0.0","0.0","0.0","0.0","4.4","1.0","0.0"
"2026-09-01T05:23:27+0000","egipt|marsa-alam|2026-12-28|2027-01-04|7|Warszawa - Modlin|2+1","","egipt","marsa-alam","2026-12-28","2027-01-04","7.0","Warszawa - Modlin","2+1","118.0","1.0","1.0","10380.0","10380.0","10380.0","10380.0","10380.0","0.0","0.0","0.0","0.0","0.0","0.0","0.0","0.0","0.0","0.0","0.0","0.0","0.0","0.0","4.5","1.0","0.0"
"2026-09-01T05:23:27+0000","egipt|marsa-alam|2026-12-29|2027-01-05|7|Warszawa|2+1","","egipt","marsa-alam","2026-12-29","2027-01-05","7.0","Warszawa","2+1","119.0","3.0","3.0","10267.0","10285.0","10312.0","10357.0","10507.0","0.0","0.0","0.0","0.0","0.0","0.0","0.0","0.0","0.0","0.0","0.0","0.0","0.0","0.0","4.5","2.0","0.0"
"2026-09-01T05:23:27+0000","egipt|marsa-alam|2026-12-30|2027-01-06|7|Warszawa - Modlin|2+1","","egipt","marsa-alam","2026-12-30","2027-01-06","7.0","Warszawa - Modlin","2+1","120.0","8.0","8.0","9310.0","9373.0","9436.0","10109.5","10941.0","4.0","0.0","0.0","0.0","0.0","0.0","0.0","0.0","0.0","0.0","0.0","0.0","0.0","0.0","4.6","8.0","0.0"
"2026-09-01T05:23:27+0000","egipt|sharm-el-sheikh|2026-12-24|2026-12-31|7|Warszawa - Modlin|2+1","","egipt","sharm-el-sheikh","2026-12-24","2026-12-31","7.0","Warszawa - Modlin","2+1","114.0","1.0","1.0","9989.0","9989.0","9989.0","9989.0","9989.0","1.0","0.0","0.0","0.0","0.0","0.0","0.0","0.0","0.0","0.0","0.0","0.0","0.0","0.0","4.3","1.0","0.0"
"2026-09-01T05:23:27+0000","egipt|sharm-el-sheikh|2026-12-24|2026-12-31|7|Warszawa|2+1","","egipt","sharm-el-sheikh","2026-12-24","2026-12-31","7.0","Warszawa","2+1","114.0","12.0","12.0","8381.0","9988.4","10052.75","10259.0","10965.0","3.0","0.0","0.0","0.0","0.0","0.0","0.0","0.0","0.0","0.0","0.0","0.0","0.0","0.0","4.3","12.0","0.0"
"2026-09-01T11:50:39+0000","egipt|dahab|2026-12-24|2026-12-31|7|Warszawa|2+1","","egipt","dahab","2026-12-24","2026-12-31","7.0","Warszawa","2+1","114.0","2.0","2.0","9983.0","10057.9","10170.25","10357.5","10732.0","1.0","0.0","0.0","0.0","0.0","0.0","0.0","0.0","0.0","0.0","0.0","0.0","0.0","0.0","4.4","2.0","0.0"
"2026-09-01T11:50:39+0000","egipt|hurghada|2026-12-24|2026-12-31|7|Warszawa - Modlin|2+1","","egipt","hurghada","2026-12-24","2026-12-31","7.0","Warszawa - Modlin","2+1","114.0","6.0","6.0","8798.0","8832.5","8878.5","9390.0","10248.0","4.0","0.0","0.0","0.0","0.0","0.0","0.0","0.0","0.0","0.0","0.0","0.0","0.0","0.0","4.5","4.0","0.0"
"2026-09-01T11:50:39+0000","egipt|hurghada|2026-12-24|2026-12-31|7|Warszawa|2+1","","egipt","hurghada","2026-12-24","2026-12-31","7.0","Warszawa","2+1","114.0","4.0","4.0","9381.0","9498.6","9675.0","10116.5","10972.0","2.0","0.0","0.0","0.0","0.0","0.0","0.0","0.0","0.0","0.0","0.0","0.0","0.0","0.0","4.2","3.0","0.0"
"2026-09-01T11:50:39+0000","egipt|marsa-alam|2026-12-28|2027-01-04|7|Warszawa - Modlin|2+1","","egipt","marsa-alam","2026-12-28","2027-01-04","7.0","Warszawa - Modlin","2+1","118.0","1.0","1.0","10075.0","10075.0","10075.0","10075.0","10075.0","0.0","0.0","0.0","0.0","0.0","0.0","0.0","0.0","0.0","0.0","0.0","0.0","0.0","0.0","4.6","1.0","0.0"
"2026-09-01T11:50:39+0000","egipt|marsa-alam|2026-12-29|2027-01-05|7|Warszawa|2+1","","egipt","marsa-alam","2026-12-29","2027-01-05","7.0","Warszawa","2+1","119.0","2.0","2.0","10357.0","10372.0","10394.5","10432.0","10507.0","0.0","0.0","0.0","0.0","0.0","0.0","0.0","0.0","0.0","0.0","0.0","0.0","0.0","0.0","4.5","2.0","0.0"
"2026-09-01T11:50:39+0000","egipt|marsa-alam|2026-12-30|2027-01-06|7|Warszawa - Modlin|2+1","","egipt","marsa-alam","2026-12-30","2027-01-06","7.0","Warszawa - Modlin","2+1","120.0","12.0","12.0","8628.0","8915.1","9026.25","9504.5","10988.0","9.0","0.0","0.0","0.0","0.0","0.0","0.0","0.0","0.0","0.0","0.0","0.0","0.0","0.0","4.6","12.0","0.0"
"2026-09-01T11:50:39+0000","egipt|sharm-el-sheikh|2026-12-24|2026-12-31|7|Warszawa - Modlin|2+1","","egipt","sharm-el-sheikh","2026-12-24","2026-12-31","7.0","Warszawa - Modlin","2+1","114.0","1.0","1.0","9989.0","9989.0","9989.0","9989.0","9989.0","1.0","0.0","0.0","0.0","0.0","0.0","0.0","0.0","0.0","0.0","0.0","0.0","0.0","0.0","4.3","1.0","0.0"
"2026-09-01T11:50:39+0000","egipt|sharm-el-sheikh|2026-12-24|2026-12-31|7|Warszawa|2+1","","egipt","sharm-el-sheikh","2026-12-24","2026-12-31","7.0","Warszawa","2+1","114.0","12.0","12.0","8381.0","9996.5","10076.0","10436.5","10965.0","2.0","0.0","0.0","0.0","0.0","0.0","0.0","0.0","0.0","0.0","0.0","0.0","0.0","0.0","4.3","12.0","0.0"
"2026-09-01T14:11:33+0000","egipt|dahab|2026-12-24|2026-12-31|7|Warszawa|2+1","","egipt","dahab","2026-12-24","2026-12-31","7.0","Warszawa","2+1","114.0","2.0","2.0","9983.0","10057.9","10170.25","10357.5","10732.0","1.0","0.0","0.0","0.0","0.0","0.0","0.0","0.0","0.0","0.0","0.0","0.0","0.0","0.0","4.4","2.0","0.0"
"2026-09-01T14:11:33+0000","egipt|hurghada|2026-12-24|2026-12-31|7|Warszawa - Modlin|2+1","","egipt","hurghada","2026-12-24","2026-12-31","7.0","Warszawa - Modlin","2+1","114.0","5.0","5.0","8798.0","8897.6","9047.0","9867.0","10248.0","3.0","0.0","0.0","0.0","0.0","0.0","0.0","0.0","0.0","0.0","0.0","0.0","0.0","0.0","4.5","4.0","0.0"
"2026-09-01T14:11:33+0000","egipt|hurghada|2026-12-24|2026-12-31|7|Warszawa|2+1","","egipt","hurghada","2026-12-24","2026-12-31","7.0","Warszawa","2+1","114.0","5.0","5.0","9381.0","9537.8","9773.0","9905.0","10972.0","3.0","0.0","0.0","0.0","0.0","0.0","0.0","0.0","0.0","0.0","0.0","0.0","0.0","0.0","4.2","3.0","0.0"
"2026-09-01T14:11:33+0000","egipt|marsa-alam|2026-12-25|2027-01-01|7|Warszawa - Modlin|2+1","","egipt","marsa-alam","2026-12-25","2027-01-01","7.0","Warszawa - Modlin","2+1","115.0","1.0","1.0","10155.0","10155.0","10155.0","10155.0","10155.0","0.0","0.0","0.0","0.0","0.0","0.0","0.0","0.0","0.0","0.0","0.0","0.0","0.0","0.0","4.7","1.0","0.0"
"2026-09-01T14:11:33+0000","egipt|marsa-alam|2026-12-28|2027-01-04|7|Warszawa - Modlin|2+1","","egipt","marsa-alam","2026-12-28","2027-01-04","7.0","Warszawa - Modlin","2+1","118.0","1.0","1.0","9695.0","9695.0","9695.0","9695.0","9695.0","1.0","0.0","0.0","0.0","0.0","0.0","0.0","0.0","0.0","0.0","0.0","0.0","0.0","0.0","4.6","1.0","0.0"
"2026-09-01T14:11:33+0000","egipt|marsa-alam|2026-12-29|2027-01-05|7|Warszawa|2+1","","egipt","marsa-alam","2026-12-29","2027-01-05","7.0","Warszawa","2+1","119.0","2.0","2.0","10357.0","10372.0","10394.5","10432.0","10507.0","0.0","0.0","0.0","0.0","0.0","0.0","0.0","0.0","0.0","0.0","0.0","0.0","0.0","0.0","4.5","2.0","0.0"
"2026-09-01T14:11:33+0000","egipt|marsa-alam|2026-12-30|2027-01-06|7|Warszawa - Modlin|2+1","","egipt","marsa-alam","2026-12-30","2027-01-06","7.0","Warszawa - Modlin","2+1","120.0","11.0","11.0","8628.0","8906.0","9016.5","9572.0","10988.0","8.0","0.0","0.0","0.0","0.0","0.0","0.0","0.0","0.0","0.0","0.0","0.0","0.0","0.0","4.5","11.0","0.0"
"2026-09-01T14:11:33+0000","egipt|sharm-el-sheikh|2026-12-24|2026-12-31|7|Warszawa - Modlin|2+1","","egipt","sharm-el-sheikh","2026-12-24","2026-12-31","7.0","Warszawa - Modlin","2+1","114.0","1.0","1.0","9989.0","9989.0","9989.0","9989.0","9989.0","1.0","0.0","0.0","0.0","0.0","0.0","0.0","0.0","0.0","0.0","0.0","0.0","0.0","0.0","4.3","1.0","0.0"
"2026-09-01T14:11:33+0000","egipt|sharm-el-sheikh|2026-12-24|2026-12-31|7|Warszawa|2+1","","egipt","sharm-el-sheikh","2026-12-24","2026-12-31","7.0","Warszawa","2+1","114.0","12.0","12.0","8381.0","9996.5","10076.0","10436.5","10965.0","2.0","0.0","0.0","0.0","0.0","0.0","0.0","0.0","0.0","0.0","0.0","0.0","0.0","0.0","4.3","12.0","0.0"
"2026-09-01T16:49:47+0000","egipt|dahab|2026-12-24|2026-12-31|7|Warszawa|2+1","","egipt","dahab","2026-12-24","2026-12-31","7.0","Warszawa","2+1","114.0","2.0","2.0","9983.0","10057.9","10170.25","10357.5","10732.0","1.0","0.0","0.0","0.0","0.0","0.0","0.0","0.0","0.0","0.0","0.0","0.0","0.0","0.0","4.4","2.0","0.0"
"2026-09-01T16:49:47+0000","egipt|hurghada|2026-12-24|2026-12-31|7|Warszawa - Modlin|2+1","","egipt","hurghada","2026-12-24","2026-12-31","7.0","Warszawa - Modlin","2+1","114.0","4.0","4.0","8798.0","8850.5","8929.25","9426.5","10127.0","3.0","0.0","0.0","0.0","0.0","0.0","0.0","0.0","0.0","0.0","0.0","0.0","0.0","0.0","4.5","3.0","0.0"
"2026-09-01T16:49:47+0000","egipt|hurghada|2026-12-24|2026-12-31|7|Warszawa|2+1","","egipt","hurghada","2026-12-24","2026-12-31","7.0","Warszawa","2+1","114.0","5.0","5.0","9235.0","9396.6","9639.0","9770.0","10837.0","3.0","0.0","0.0","0.0","0.0","0.0","0.0","0.0","0.0","0.0","0.0","0.0","0.0","0.0","4.2","3.0","0.0"
"2026-09-01T16:49:47+0000","egipt|marsa-alam|2026-12-25|2027-01-01|7|Warszawa - Modlin|2+1","","egipt","marsa-alam","2026-12-25","2027-01-01","7.0","Warszawa - Modlin","2+1","115.0","1.0","1.0","10155.0","10155.0","10155.0","10155.0","10155.0","0.0","0.0","0.0","0.0","0.0","0.0","0.0","0.0","0.0","0.0","0.0","0.0","0.0","0.0","4.7","1.0","0.0"
"2026-09-01T16:49:47+0000","egipt|marsa-alam|2026-12-29|2027-01-05|7|Warszawa|2+1","","egipt","marsa-alam","2026-12-29","2027-01-05","7.0","Warszawa","2+1","119.0","3.0","3.0","10267.0","10285.0","10312.0","10357.0","10507.0","0.0","0.0","0.0","0.0","0.0","0.0","0.0","0.0","0.0","0.0","0.0","0.0","0.0","0.0","4.5","2.0","0.0"
"2026-09-01T16:49:47+0000","egipt|marsa-alam|2026-12-30|2027-01-06|7|Warszawa - Modlin|2+1","","egipt","marsa-alam","2026-12-30","2027-01-06","7.0","Warszawa - Modlin","2+1","120.0","10.0","10.0","8906.0","8987.9","9038.25","9635.5","10988.0","7.0","0.0","0.0","0.0","0.0","0.0","0.0","0.0","0.0","0.0","0.0","0.0","0.0","0.0","4.6","10.0","0.0"
"2026-09-01T16:49:47+0000","egipt|sharm-el-sheikh|2026-12-24|2026-12-31|7|Warszawa|2+1","","egipt","sharm-el-sheikh","2026-12-24","2026-12-31","7.0","Warszawa","2+1","114.0","12.0","12.0","8381.0","9996.5","10076.0","10436.5","10965.0","2.0","0.0","0.0","0.0","0.0","0.0","0.0","0.0","0.0","0.0","0.0","0.0","0.0","0.0","4.3","12.0","0.0"
"2026-09-01T22:43:06+0000","egipt|dahab|2026-12-24|2026-12-31|7|Warszawa|2+1","","egipt","dahab","2026-12-24","2026-12-31","7.0","Warszawa","2+1","114.0","2.0","2.0","9983.0","10057.9","10170.25","10357.5","10732.0","1.0","0.0","0.0","0.0","0.0","0.0","0.0","0.0","0.0","0.0","0.0","0.0","0.0","0.0","4.4","2.0","0.0"
"2026-09-01T22:43:06+0000","egipt|hurghada|2026-12-24|2026-12-31|7|Warszawa - Modlin|2+1","","egipt","hurghada","2026-12-24","2026-12-31","7.0","Warszawa - Modlin","2+1","114.0","5.0","5.0","8798.0","8825.6","8867.0","8973.0","10127.0","4.0","0.0","0.0","0.0","0.0","0.0","0.0","0.0","0.0","0.0","0.0","0.0","0.0","0.0","4.5","3.0","0.0"
"2026-09-01T22:43:06+0000","egipt|hurghada|2026-12-24|2026-12-31|7|Warszawa|2+1","","egipt","hurghada","2026-12-24","2026-12-31","7.0","Warszawa","2+1","114.0","4.0","4.0","9246.0","9363.9","9540.75","9982.5","10837.0","2.0","0.0","0.0","0.0","0.0","0.0","0.0","0.0","0.0","0.0","0.0","0.0","0.0","0.0","4.2","3.0","0.0"
"2026-09-01T22:43:06+0000","egipt|marsa-alam|2026-12-25|2027-01-01|7|Warszawa - Modlin|2+1","","egipt","marsa-alam","2026-12-25","2027-01-01","7.0","Warszawa - Modlin","2+1","115.0","1.0","1.0","10155.0","10155.0","10155.0","10155.0","10155.0","0.0","0.0","0.0","0.0","0.0","0.0","0.0","0.0","0.0","0.0","0.0","0.0","0.0","0.0","4.7","1.0","0.0"
"2026-09-01T22:43:06+0000","egipt|marsa-alam|2026-12-28|2027-01-04|7|Warszawa - Modlin|2+1","","egipt","marsa-alam","2026-12-28","2027-01-04","7.0","Warszawa - Modlin","2+1","118.0","2.0","2.0","9618.0","9698.6","9819.5","10021.0","10424.0","1.0","0.0","0.0","0.0","0.0","0.0","0.0","0.0","0.0","0.0","0.0","0.0","0.0","0.0","4.7","2.0","0.0"
"2026-09-01T22:43:06+0000","egipt|marsa-alam|2026-12-29|2027-01-05|7|Warszawa|2+1","","egipt","marsa-alam","2026-12-29","2027-01-05","7.0","Warszawa","2+1","119.0","3.0","3.0","10267.0","10285.0","10312.0","10357.0","10507.0","0.0","0.0","0.0","0.0","0.0","0.0","0.0","0.0","0.0","0.0","0.0","0.0","0.0","0.0","4.5","2.0","0.0"
"2026-09-01T22:43:06+0000","egipt|marsa-alam|2026-12-30|2027-01-06|7|Warszawa - Modlin|2+1","","egipt","marsa-alam","2026-12-30","2027-01-06","7.0","Warszawa - Modlin","2+1","120.0","6.0","6.0","8906.0","8951.5","9009.0","9308.5","10443.0","5.0","0.0","0.0","0.0","0.0","0.0","0.0","0.0","0.0","0.0","0.0","0.0","0.0","0.0","4.5","6.0","0.0"
"2026-09-01T22:43:06+0000","egipt|sharm-el-sheikh|2026-12-24|2026-12-31|7|Warszawa|2+1","","egipt","sharm-el-sheikh","2026-12-24","2026-12-31","7.0","Warszawa","2+1","114.0","12.0","12.0","9317.0","9996.5","10076.0","10436.5","10965.0","2.0","0.0","0.0","0.0","0.0","0.0","0.0","0.0","0.0","0.0","0.0","0.0","0.0","0.0","4.3","12.0","0.0"
"2026-09-02T01:08:53+0000","egipt|dahab|2026-12-24|2026-12-31|7|Warszawa|2+1","","egipt","dahab","2026-12-24","2026-12-31","7.0","Warszawa","2+1","113.0","2.0","2.0","9983.0","10057.9","10170.25","10357.5","10732.0","1.0","0.0","0.0","0.0","0.0","0.0","0.0","0.0","0.0","0.0","0.0","0.0","0.0","0.0","4.4","2.0","0.0"
"2026-09-02T01:08:53+0000","egipt|hurghada|2026-12-24|2026-12-31|7|Warszawa - Modlin|2+1","","egipt","hurghada","2026-12-24","2026-12-31","7.0","Warszawa - Modlin","2+1","113.0","8.0","8.0","7173.0","7756.8","8097.0","9032.5","10789.0","5.0","1.0","0.0","0.0","0.0","0.0","0.0","0.0","0.0","0.0","0.0","0.0","0.0","0.0","4.5","6.0","0.0"
"2026-09-02T01:08:53+0000","egipt|hurghada|2026-12-24|2026-12-31|7|Warszawa|2+1","","egipt","hurghada","2026-12-24","2026-12-31","7.0","Warszawa","2+1","113.0","3.0","3.0","9246.0","9324.6","9442.5","9639.0","10837.0","2.0","0.0","0.0","0.0","0.0","0.0","0.0","0.0","0.0","0.0","0.0","0.0","0.0","0.0","3.8","2.0","0.0"
"2026-09-02T01:08:53+0000","egipt|marsa-alam|2026-12-25|2027-01-01|7|Warszawa - Modlin|2+1","","egipt","marsa-alam","2026-12-25","2027-01-01","7.0","Warszawa - Modlin","2+1","114.0","1.0","1.0","10155.0","10155.0","10155.0","10155.0","10155.0","0.0","0.0","0.0","0.0","0.0","0.0","0.0","0.0","0.0","0.0","0.0","0.0","0.0","0.0","4.7","1.0","0.0"
"2026-09-02T01:08:53+0000","egipt|marsa-alam|2026-12-28|2027-01-04|7|Warszawa - Modlin|2+1","","egipt","marsa-alam","2026-12-28","2027-01-04","7.0","Warszawa - Modlin","2+1","117.0","2.0","2.0","9618.0","9698.6","9819.5","10021.0","10424.0","1.0","0.0","0.0","0.0","0.0","0.0","0.0","0.0","0.0","0.0","0.0","0.0","0.0","0.0","4.7","2.0","0.0"
"2026-09-02T01:08:53+0000","egipt|marsa-alam|2026-12-29|2027-01-05|7|Warszawa|2+1","","egipt","marsa-alam","2026-12-29","2027-01-05","7.0","Warszawa","2+1","118.0","3.0","3.0","10267.0","10285.0","10312.0","10357.0","10507.0","0.0","0.0","0.0","0.0","0.0","0.0","0.0","0.0","0.0","0.0","0.0","0.0","0.0","0.0","4.5","2.0","0.0"
"2026-09-02T01:08:53+0000","egipt|marsa-alam|2026-12-30|2027-01-06|7|Warszawa - Modlin|2+1","","egipt","marsa-alam","2026-12-30","2027-01-06","7.0","Warszawa - Modlin","2+1","119.0","6.0","6.0","8906.0","8951.5","9009.0","9308.5","10443.0","5.0","0.0","0.0","0.0","0.0","0.0","0.0","0.0","0.0","0.0","0.0","0.0","0.0","0.0","4.5","6.0","0.0"
"2026-09-02T01:08:53+0000","egipt|sharm-el-sheikh|2026-12-24|2026-12-31|7|Warszawa|2+1","","egipt","sharm-el-sheikh","2026-12-24","2026-12-31","7.0","Warszawa","2+1","113.0","12.0","12.0","9317.0","9996.5","10076.0","10436.5","10965.0","2.0","0.0","0.0","0.0","0.0","0.0","0.0","0.0","0.0","0.0","0.0","0.0","0.0","0.0","4.3","12.0","0.0"
"2026-09-02T05:21:35+0000","egipt|dahab|2026-12-24|2026-12-31|7|Warszawa|2+1","","egipt","dahab","2026-12-24","2026-12-31","7.0","Warszawa","2+1","113.0","2.0","2.0","9983.0","10057.9","10170.25","10357.5","10732.0","1.0","0.0","0.0","0.0","0.0","0.0","0.0","0.0","0.0","0.0","0.0","0.0","0.0","0.0","4.4","2.0","0.0"
"2026-09-02T05:21:35+0000","egipt|hurghada|2026-12-24|2026-12-31|7|Warszawa - Modlin|2+1","","egipt","hurghada","2026-12-24","2026-12-31","7.0","Warszawa - Modlin","2+1","113.0","6.0","6.0","8798.0","8842.5","8932.0","9357.0","9880.0","6.0","0.0","0.0","0.0","0.0","0.0","0.0","0.0","0.0","0.0","0.0","0.0","0.0","0.0","4.5","4.0","0.0"
"2026-09-02T05:21:35+0000","egipt|hurghada|2026-12-24|2026-12-31|7|Warszawa|2+1","","egipt","hurghada","2026-12-24","2026-12-31","7.0","Warszawa","2+1","113.0","4.0","4.0","9246.0","9363.9","9540.75","9982.5","10837.0","2.0","0.0","0.0","0.0","0.0","0.0","0.0","0.0","0.0","0.0","0.0","0.0","0.0","0.0","4.2","3.0","0.0"
"2026-09-02T05:21:35+0000","egipt|marsa-alam|2026-12-25|2027-01-01|7|Warszawa - Modlin|2+1","","egipt","marsa-alam","2026-12-25","2027-01-01","7.0","Warszawa - Modlin","2+1","114.0","1.0","1.0","10155.0","10155.0","10155.0","10155.0","10155.0","0.0","0.0","0.0","0.0","0.0","0.0","0.0","0.0","0.0","0.0","0.0","0.0","0.0","0.0","4.7","1.0","0.0"
"2026-09-02T05:21:35+0000","egipt|marsa-alam|2026-12-28|2027-01-04|7|Warszawa - Modlin|2+1","","egipt","marsa-alam","2026-12-28","2027-01-04","7.0","Warszawa - Modlin","2+1","117.0","3.0","3.0","9483.0","9510.0","9550.5","9618.0","10424.0","2.0","0.0","0.0","0.0","0.0","0.0","0.0","0.0","0.0","0.0","0.0","0.0","0.0","0.0","4.7","3.0","0.0"
"2026-09-02T05:21:35+0000","egipt|marsa-alam|2026-12-29|2027-01-05|7|Warszawa|2+1","","egipt","marsa-alam","2026-12-29","2027-01-05","7.0","Warszawa","2+1","118.0","3.0","3.0","10267.0","10285.0","10312.0","10357.0","10507.0","0.0","0.0","0.0","0.0","0.0","0.0","0.0","0.0","0.0","0.0","0.0","0.0","0.0","0.0","4.5","2.0","0.0"
"2026-09-02T05:21:35+0000","egipt|marsa-alam|2026-12-30|2027-01-06|7|Warszawa - Modlin|2+1","","egipt","marsa-alam","2026-12-30","2027-01-06","7.0","Warszawa - Modlin","2+1","119.0","5.0","5.0","8997.0","9016.2","9045.0","9572.0","10443.0","4.0","0.0","0.0","0.0","0.0","0.0","0.0","0.0","0.0","0.0","0.0","0.0","0.0","0.0","4.5","5.0","0.0"
"2026-09-02T05:21:35+0000","egipt|sharm-el-sheikh|2026-12-24|2026-12-31|7|Warszawa|2+1","","egipt","sharm-el-sheikh","2026-12-24","2026-12-31","7.0","Warszawa","2+1","113.0","10.0","10.0","9317.0","9920.9","10074.0","10259.0","10965.0","2.0","0.0","0.0","0.0","0.0","0.0","0.0","0.0","0.0","0.0","0.0","0.0","0.0","0.0","4.2","10.0","0.0"
"2026-09-02T05:58:37+0000","egipt|dahab|2026-12-24|2026-12-31|7|Warszawa|2+1","","egipt","dahab","2026-12-24","2026-12-31","7.0","Warszawa","2+1","113.0","2.0","2.0","9983.0","10057.9","10170.25","10357.5","10732.0","1.0","0.0","0.0","0.0","0.0","0.0","0.0","0.0","0.0","0.0","0.0","0.0","0.0","0.0","4.4","2.0","0.0"
"2026-09-02T05:58:37+0000","egipt|hurghada|2026-12-24|2026-12-31|7|Warszawa - Modlin|2+1","","egipt","hurghada","2026-12-24","2026-12-31","7.0","Warszawa - Modlin","2+1","113.0","6.0","6.0","8798.0","8842.5","8932.0","9357.0","9880.0","6.0","0.0","0.0","0.0","0.0","0.0","0.0","0.0","0.0","0.0","0.0","0.0","0.0","0.0","4.5","4.0","0.0"
"2026-09-02T05:58:37+0000","egipt|hurghada|2026-12-24|2026-12-31|7|Warszawa|2+1","","egipt","hurghada","2026-12-24","2026-12-31","7.0","Warszawa","2+1","113.0","4.0","4.0","9246.0","9363.9","9540.75","9982.5","10837.0","2.0","0.0","0.0","0.0","0.0","0.0","0.0","0.0","0.0","0.0","0.0","0.0","0.0","0.0","4.2","3.0","0.0"
"2026-09-02T05:58:37+0000","egipt|marsa-alam|2026-12-25|2027-01-01|7|Warszawa - Modlin|2+1","","egipt","marsa-alam","2026-12-25","2027-01-01","7.0","Warszawa - Modlin","2+1","114.0","1.0","1.0","10155.0","10155.0","10155.0","10155.0","10155.0","0.0","0.0","0.0","0.0","0.0","0.0","0.0","0.0","0.0","0.0","0.0","0.0","0.0","0.0","4.7","1.0","0.0"
"2026-09-02T05:58:37+0000","egipt|marsa-alam|2026-12-28|2027-01-04|7|Warszawa - Modlin|2+1","","egipt","marsa-alam","2026-12-28","2027-01-04","7.0","Warszawa - Modlin","2+1","117.0","3.0","3.0","9483.0","9510.0","9550.5","9618.0","10424.0","2.0","0.0","0.0","0.0","0.0","0.0","0.0","0.0","0.0","0.0","0.0","0.0","0.0","0.0","4.7","3.0","0.0"
"2026-09-02T05:58:37+0000","egipt|marsa-alam|2026-12-29|2027-01-05|7|Warszawa|2+1","","egipt","marsa-alam","2026-12-29","2027-01-05","7.0","Warszawa","2+1","118.0","3.0","3.0","10267.0","10285.0","10312.0","10357.0","10507.0","0.0","0.0","0.0","0.0","0.0","0.0","0.0","0.0","0.0","0.0","0.0","0.0","0.0","0.0","4.5","2.0","0.0"
"2026-09-02T05:58:37+0000","egipt|marsa-alam|2026-12-30|2027-01-06|7|Warszawa - Modlin|2+1","","egipt","marsa-alam","2026-12-30","2027-01-06","7.0","Warszawa - Modlin","2+1","119.0","5.0","5.0","8997.0","9016.2","9045.0","9572.0","10443.0","4.0","0.0","0.0","0.0","0.0","0.0","0.0","0.0","0.0","0.0","0.0","0.0","0.0","0.0","4.5","5.0","0.0"
"2026-09-02T05:58:37+0000","egipt|sharm-el-sheikh|2026-12-24|2026-12-31|7|Warszawa|2+1","","egipt","sharm-el-sheikh","2026-12-24","2026-12-31","7.0","Warszawa","2+1","113.0","10.0","10.0","9317.0","9920.9","10074.0","10259.0","10965.0","2.0","0.0","0.0","0.0","0.0","0.0","0.0","0.0","0.0","0.0","0.0","0.0","0.0","0.0","4.2","10.0","0.0"
"2026-09-02T08:41:57+0000","egipt|dahab|2026-12-24|2026-12-31|7|Warszawa|2+1","","egipt","dahab","2026-12-24","2026-12-31","7.0","Warszawa","2+1","113.0","2.0","2.0","9983.0","10057.9","10170.25","10357.5","10732.0","1.0","0.0","0.0","0.0","0.0","0.0","0.0","0.0","0.0","0.0","0.0","0.0","0.0","0.0","4.4","2.0","0.0"
"2026-09-02T08:41:57+0000","egipt|hurghada|2026-12-24|2026-12-31|7|Warszawa - Modlin|2+1","","egipt","hurghada","2026-12-24","2026-12-31","7.0","Warszawa - Modlin","2+1","113.0","6.0","6.0","8798.0","8842.5","8932.0","9357.0","9880.0","6.0","0.0","0.0","0.0","0.0","0.0","0.0","0.0","0.0","0.0","0.0","0.0","0.0","0.0","4.5","4.0","0.0"
"2026-09-02T08:41:57+0000","egipt|hurghada|2026-12-24|2026-12-31|7|Warszawa|2+1","","egipt","hurghada","2026-12-24","2026-12-31","7.0","Warszawa","2+1","113.0","4.0","4.0","9246.0","9363.9","9540.75","9982.5","10837.0","2.0","0.0","0.0","0.0","0.0","0.0","0.0","0.0","0.0","0.0","0.0","0.0","0.0","0.0","4.2","3.0","0.0"
"2026-09-02T08:41:57+0000","egipt|marsa-alam|2026-12-25|2027-01-01|7|Warszawa - Modlin|2+1","","egipt","marsa-alam","2026-12-25","2027-01-01","7.0","Warszawa - Modlin","2+1","114.0","1.0","1.0","10155.0","10155.0","10155.0","10155.0","10155.0","0.0","0.0","0.0","0.0","0.0","0.0","0.0","0.0","0.0","0.0","0.0","0.0","0.0","0.0","4.7","1.0","0.0"
"2026-09-02T08:41:57+0000","egipt|marsa-alam|2026-12-28|2027-01-04|7|Warszawa - Modlin|2+1","","egipt","marsa-alam","2026-12-28","2027-01-04","7.0","Warszawa - Modlin","2+1","117.0","4.0","4.0","9483.0","9523.5","9584.25","9826.5","10424.0","2.0","0.0","0.0","0.0","0.0","0.0","0.0","0.0","0.0","0.0","0.0","0.0","0.0","0.0","4.65","4.0","0.0"
"2026-09-02T08:41:57+0000","egipt|marsa-alam|2026-12-29|2027-01-05|7|Warszawa|2+1","","egipt","marsa-alam","2026-12-29","2027-01-05","7.0","Warszawa","2+1","118.0","3.0","3.0","10267.0","10285.0","10312.0","10357.0","10507.0","0.0","0.0","0.0","0.0","0.0","0.0","0.0","0.0","0.0","0.0","0.0","0.0","0.0","0.0","4.5","2.0","0.0"
"2026-09-02T08:41:57+0000","egipt|marsa-alam|2026-12-30|2027-01-06|7|Warszawa - Modlin|2+1","","egipt","marsa-alam","2026-12-30","2027-01-06","7.0","Warszawa - Modlin","2+1","119.0","5.0","5.0","8997.0","9016.2","9045.0","9572.0","10443.0","4.0","0.0","0.0","0.0","0.0","0.0","0.0","0.0","0.0","0.0","0.0","0.0","0.0","0.0","4.5","5.0","0.0"
"2026-09-02T08:41:57+0000","egipt|sharm-el-sheikh|2026-12-24|2026-12-31|7|Warszawa|2+1","","egipt","sharm-el-sheikh","2026-12-24","2026-12-31","7.0","Warszawa","2+1","113.0","10.0","10.0","9317.0","9920.9","10074.0","10259.0","10965.0","2.0","0.0","0.0","0.0","0.0","0.0","0.0","0.0","0.0","0.0","0.0","0.0","0.0","0.0","4.2","10.0","0.0"
"2026-09-02T11:32:16+0000","egipt|dahab|2026-12-24|2026-12-31|7|Warszawa|2+1","","egipt","dahab","2026-12-24","2026-12-31","7.0","Warszawa","2+1","113.0","2.0","2.0","9983.0","10057.9","10170.25","10357.5","10732.0","1.0","0.0","0.0","0.0","0.0","0.0","0.0","0.0","0.0","0.0","0.0","0.0","0.0","0.0","4.4","2.0","0.0"
"2026-09-02T11:32:16+0000","egipt|hurghada|2026-12-24|2026-12-31|7|Warszawa - Modlin|2+1","","egipt","hurghada","2026-12-24","2026-12-31","7.0","Warszawa - Modlin","2+1","113.0","6.0","6.0","8647.0","8722.5","8800.25","9343.5","10990.0","4.0","0.0","0.0","0.0","0.0","0.0","0.0","0.0","0.0","0.0","0.0","0.0","0.0","0.0","4.5","4.0","0.0"
"2026-09-02T11:32:16+0000","egipt|hurghada|2026-12-24|2026-12-31|7|Warszawa|2+1","","egipt","hurghada","2026-12-24","2026-12-31","7.0","Warszawa","2+1","113.0","4.0","4.0","9246.0","9363.9","9540.75","9982.5","10837.0","2.0","0.0","0.0","0.0","0.0","0.0","0.0","0.0","0.0","0.0","0.0","0.0","0.0","0.0","4.2","3.0","0.0"
"2026-09-02T11:32:16+0000","egipt|marsa-alam|2026-12-25|2027-01-01|7|Warszawa - Modlin|2+1","","egipt","marsa-alam","2026-12-25","2027-01-01","7.0","Warszawa - Modlin","2+1","114.0","3.0","3.0","9977.0","10012.6","10066.0","10155.0","10863.0","1.0","0.0","0.0","0.0","0.0","0.0","0.0","0.0","0.0","0.0","0.0","0.0","0.0","0.0","4.7","3.0","0.0"
"2026-09-02T11:32:16+0000","egipt|marsa-alam|2026-12-28|2027-01-04|7|Warszawa - Modlin|2+1","","egipt","marsa-alam","2026-12-28","2027-01-04","7.0","Warszawa - Modlin","2+1","117.0","5.0","5.0","9211.0","9319.8","9483.0","9695.0","10424.0","4.0","0.0","0.0","0.0","0.0","0.0","0.0","0.0","0.0","0.0","0.0","0.0","0.0","0.0","4.5","5.0","0.0"
"2026-09-02T11:32:16+0000","egipt|marsa-alam|2026-12-29|2027-01-05|7|Warszawa|2+1","","egipt","marsa-alam","2026-12-29","2027-01-05","7.0","Warszawa","2+1","118.0","3.0","3.0","10267.0","10285.0","10312.0","10357.0","10507.0","0.0","0.0","0.0","0.0","0.0","0.0","0.0","0.0","0.0","0.0","0.0","0.0","0.0","0.0","4.5","2.0","0.0"
"2026-09-02T11:32:16+0000","egipt|marsa-alam|2026-12-30|2027-01-06|7|Warszawa - Modlin|2+1","","egipt","marsa-alam","2026-12-30","2027-01-06","7.0","Warszawa - Modlin","2+1","119.0","3.0","3.0","9045.0","9150.4","9308.5","9572.0","9976.0","3.0","0.0","0.0","0.0","0.0","0.0","0.0","0.0","0.0","0.0","0.0","0.0","0.0","0.0","4.5","3.0","0.0"
"2026-09-02T11:32:16+0000","egipt|sharm-el-sheikh|2026-12-24|2026-12-31|7|Warszawa - Modlin|2+1","","egipt","sharm-el-sheikh","2026-12-24","2026-12-31","7.0","Warszawa - Modlin","2+1","113.0","3.0","3.0","10393.0","10485.6","10624.5","10856.0","10856.0","0.0","0.0","0.0","0.0","0.0","0.0","0.0","0.0","0.0","0.0","0.0","0.0","0.0","0.0","4.2","3.0","0.0"
"2026-09-02T11:32:16+0000","egipt|sharm-el-sheikh|2026-12-24|2026-12-31|7|Warszawa|2+1","","egipt","sharm-el-sheikh","2026-12-24","2026-12-31","7.0","Warszawa","2+1","113.0","10.0","10.0","9317.0","9920.9","10074.0","10259.0","10965.0","2.0","0.0","0.0","0.0","0.0","0.0","0.0","0.0","0.0","0.0","0.0","0.0","0.0","0.0","4.2","10.0","0.0"
"2026-09-02T16:22:40+0000","egipt|dahab|2026-12-24|2026-12-31|7|Warszawa|2+1","","egipt","dahab","2026-12-24","2026-12-31","7.0","Warszawa","2+1","113.0","2.0","2.0","9983.0","10057.9","10170.25","10357.5","10732.0","1.0","0.0","0.0","0.0","0.0","0.0","0.0","0.0","0.0","0.0","0.0","0.0","0.0","0.0","4.4","2.0","0.0"
"2026-09-02T16:22:40+0000","egipt|hurghada|2026-12-24|2026-12-31|7|Warszawa - Modlin|2+1","","egipt","hurghada","2026-12-24","2026-12-31","7.0","Warszawa - Modlin","2+1","113.0","6.0","6.0","8647.0","8722.5","8800.25","9111.5","10127.0","5.0","0.0","0.0","0.0","0.0","0.0","0.0","0.0","0.0","0.0","0.0","0.0","0.0","0.0","4.5","4.0","0.0"
"2026-09-02T16:22:40+0000","egipt|hurghada|2026-12-24|2026-12-31|7|Warszawa|2+1","","egipt","hurghada","2026-12-24","2026-12-31","7.0","Warszawa","2+1","113.0","4.0","4.0","9246.0","9363.9","9540.75","9982.5","10837.0","2.0","0.0","0.0","0.0","0.0","0.0","0.0","0.0","0.0","0.0","0.0","0.0","0.0","0.0","4.2","3.0","0.0"
"2026-09-02T16:22:40+0000","egipt|marsa-alam|2026-12-25|2027-01-01|7|Warszawa - Modlin|2+1","","egipt","marsa-alam","2026-12-25","2027-01-01","7.0","Warszawa - Modlin","2+1","114.0","3.0","3.0","9977.0","10012.6","10066.0","10155.0","10863.0","1.0","0.0","0.0","0.0","0.0","0.0","0.0","0.0","0.0","0.0","0.0","0.0","0.0","0.0","4.7","3.0","0.0"
"2026-09-02T16:22:40+0000","egipt|marsa-alam|2026-12-28|2027-01-04|7|Warszawa - Modlin|2+1","","egipt","marsa-alam","2026-12-28","2027-01-04","7.0","Warszawa - Modlin","2+1","117.0","4.0","4.0","9211.0","9292.6","9415.0","9594.0","10424.0","3.0","0.0","0.0","0.0","0.0","0.0","0.0","0.0","0.0","0.0","0.0","0.0","0.0","0.0","4.5","4.0","0.0"
"2026-09-02T16:22:40+0000","egipt|marsa-alam|2026-12-29|2027-01-05|7|Warszawa|2+1","","egipt","marsa-alam","2026-12-29","2027-01-05","7.0","Warszawa","2+1","118.0","3.0","3.0","10267.0","10285.0","10312.0","10357.0","10507.0","0.0","0.0","0.0","0.0","0.0","0.0","0.0","0.0","0.0","0.0","0.0","0.0","0.0","0.0","4.5","2.0","0.0"
"2026-09-02T16:22:40+0000","egipt|marsa-alam|2026-12-30|2027-01-06|7|Warszawa - Modlin|2+1","","egipt","marsa-alam","2026-12-30","2027-01-06","7.0","Warszawa - Modlin","2+1","119.0","3.0","3.0","9045.0","9150.4","9308.5","9572.0","9976.0","3.0","0.0","0.0","0.0","0.0","0.0","0.0","0.0","0.0","0.0","0.0","0.0","0.0","0.0","4.5","3.0","0.0"
"2026-09-02T16:22:40+0000","egipt|sharm-el-sheikh|2026-12-24|2026-12-31|7|Warszawa - Modlin|2+1","","egipt","sharm-el-sheikh","2026-12-24","2026-12-31","7.0","Warszawa - Modlin","2+1","113.0","7.0","7.0","10080.0","10291.2","10437.0","10536.0","10974.0","0.0","0.0","0.0","0.0","0.0","0.0","0.0","0.0","0.0","0.0","0.0","0.0","0.0","0.0","4.2","7.0","0.0"
"2026-09-02T16:22:40+0000","egipt|sharm-el-sheikh|2026-12-24|2026-12-31|7|Warszawa|2+1","","egipt","sharm-el-sheikh","2026-12-24","2026-12-31","7.0","Warszawa","2+1","113.0","8.0","8.0","9317.0","9786.7","10051.75","10147.5","10965.0","2.0","0.0","0.0","0.0","0.0","0.0","0.0","0.0","0.0","0.0","0.0","0.0","0.0","0.0","4.2","8.0","0.0"
"2026-09-02T16:45:09+0000","egipt|dahab|2026-12-24|2026-12-31|7|Warszawa|2+1","","egipt","dahab","2026-12-24","2026-12-31","7.0","Warszawa","2+1","113.0","2.0","2.0","9983.0","10057.9","10170.25","10357.5","10732.0","1.0","0.0","0.0","0.0","0.0","0.0","0.0","0.0","0.0","0.0","0.0","0.0","0.0","0.0","4.4","2.0","0.0"
"2026-09-02T16:45:09+0000","egipt|hurghada|2026-12-24|2026-12-31|7|Warszawa - Modlin|2+1","","egipt","hurghada","2026-12-24","2026-12-31","7.0","Warszawa - Modlin","2+1","113.0","6.0","6.0","8647.0","8722.5","8800.25","9111.5","10127.0","5.0","0.0","0.0","0.0","0.0","0.0","0.0","0.0","0.0","0.0","0.0","0.0","0.0","0.0","4.5","4.0","0.0"
"2026-09-02T16:45:09+0000","egipt|hurghada|2026-12-24|2026-12-31|7|Warszawa|2+1","","egipt","hurghada","2026-12-24","2026-12-31","7.0","Warszawa","2+1","113.0","4.0","4.0","9246.0","9363.9","9540.75","9982.5","10837.0","2.0","0.0","0.0","0.0","0.0","0.0","0.0","0.0","0.0","0.0","0.0","0.0","0.0","0.0","4.2","3.0","0.0"
"2026-09-02T16:45:09+0000","egipt|marsa-alam|2026-12-25|2027-01-01|7|Warszawa - Modlin|2+1","","egipt","marsa-alam","2026-12-25","2027-01-01","7.0","Warszawa - Modlin","2+1","114.0","3.0","3.0","9977.0","10012.6","10066.0","10155.0","10863.0","1.0","0.0","0.0","0.0","0.0","0.0","0.0","0.0","0.0","0.0","0.0","0.0","0.0","0.0","4.7","3.0","0.0"
"2026-09-02T16:45:09+0000","egipt|marsa-alam|2026-12-28|2027-01-04|7|Warszawa - Modlin|2+1","","egipt","marsa-alam","2026-12-28","2027-01-04","7.0","Warszawa - Modlin","2+1","117.0","4.0","4.0","9211.0","9292.6","9415.0","9594.0","10424.0","3.0","0.0","0.0","0.0","0.0","0.0","0.0","0.0","0.0","0.0","0.0","0.0","0.0","0.0","4.5","4.0","0.0"
"2026-09-02T16:45:09+0000","egipt|marsa-alam|2026-12-29|2027-01-05|7|Warszawa|2+1","","egipt","marsa-alam","2026-12-29","2027-01-05","7.0","Warszawa","2+1","118.0","3.0","3.0","10267.0","10285.0","10312.0","10357.0","10507.0","0.0","0.0","0.0","0.0","0.0","0.0","0.0","0.0","0.0","0.0","0.0","0.0","0.0","0.0","4.5","2.0","0.0"
"2026-09-02T16:45:09+0000","egipt|marsa-alam|2026-12-30|2027-01-06|7|Warszawa - Modlin|2+1","","egipt","marsa-alam","2026-12-30","2027-01-06","7.0","Warszawa - Modlin","2+1","119.0","3.0","3.0","9045.0","9150.4","9308.5","9572.0","9976.0","3.0","0.0","0.0","0.0","0.0","0.0","0.0","0.0","0.0","0.0","0.0","0.0","0.0","0.0","4.5","3.0","0.0"
"2026-09-02T16:45:09+0000","egipt|sharm-el-sheikh|2026-12-24|2026-12-31|7|Warszawa - Modlin|2+1","","egipt","sharm-el-sheikh","2026-12-24","2026-12-31","7.0","Warszawa - Modlin","2+1","113.0","7.0","7.0","10080.0","10291.2","10437.0","10536.0","10974.0","0.0","0.0","0.0","0.0","0.0","0.0","0.0","0.0","0.0","0.0","0.0","0.0","0.0","0.0","4.2","7.0","0.0"
"2026-09-02T16:45:09+0000","egipt|sharm-el-sheikh|2026-12-24|2026-12-31|7|Warszawa|2+1","","egipt","sharm-el-sheikh","2026-12-24","2026-12-31","7.0","Warszawa","2+1","113.0","8.0","8.0","9317.0","9786.7","10051.75","10147.5","10965.0","2.0","0.0","0.0","0.0","0.0","0.0","0.0","0.0","0.0","0.0","0.0","0.0","0.0","0.0","4.2","8.0","0.0"
"2026-09-02T19:56:13+0000","egipt|dahab|2026-12-24|2026-12-31|7|Warszawa|2+1","","egipt","dahab","2026-12-24","2026-12-31","7.0","Warszawa","2+1","113.0","2.0","2.0","9983.0","10057.9","10170.25","10357.5","10732.0","1.0","0.0","0.0","0.0","0.0","0.0","0.0","0.0","0.0","0.0","0.0","0.0","0.0","0.0","4.4","2.0","0.0"
"2026-09-02T19:56:13+0000","egipt|hurghada|2026-12-24|2026-12-31|7|Warszawa - Modlin|2+1","","egipt","hurghada","2026-12-24","2026-12-31","7.0","Warszawa - Modlin","2+1","113.0","9.0","9.0","7616.0","8024.8","8165.0","8798.0","10789.0","6.0","1.0","0.0","0.0","0.0","0.0","0.0","0.0","0.0","0.0","0.0","0.0","0.0","0.0","4.5","7.0","0.0"
"2026-09-02T19:56:13+0000","egipt|hurghada|2026-12-24|2026-12-31|7|Warszawa|2+1","","egipt","hurghada","2026-12-24","2026-12-31","7.0","Warszawa","2+1","113.0","3.0","3.0","9246.0","9324.6","9442.5","9639.0","10837.0","2.0","0.0","0.0","0.0","0.0","0.0","0.0","0.0","0.0","0.0","0.0","0.0","0.0","0.0","3.8","2.0","0.0"
"2026-09-02T19:56:13+0000","egipt|marsa-alam|2026-12-25|2027-01-01|7|Warszawa - Modlin|2+1","","egipt","marsa-alam","2026-12-25","2027-01-01","7.0","Warszawa - Modlin","2+1","114.0","2.0","2.0","9977.0","10065.6","10198.5","10420.0","10863.0","1.0","0.0","0.0","0.0","0.0","0.0","0.0","0.0","0.0","0.0","0.0","0.0","0.0","0.0","4.7","2.0","0.0"
"2026-09-02T19:56:13+0000","egipt|marsa-alam|2026-12-28|2027-01-04|7|Warszawa - Modlin|2+1","","egipt","marsa-alam","2026-12-28","2027-01-04","7.0","Warszawa - Modlin","2+1","117.0","4.0","4.0","9211.0","9292.6","9415.0","9594.0","10424.0","3.0","0.0","0.0","0.0","0.0","0.0","0.0","0.0","0.0","0.0","0.0","0.0","0.0","0.0","4.5","4.0","0.0"
"2026-09-02T19:56:13+0000","egipt|marsa-alam|2026-12-29|2027-01-05|7|Warszawa|2+1","","egipt","marsa-alam","2026-12-29","2027-01-05","7.0","Warszawa","2+1","118.0","2.0","2.0","10357.0","10372.0","10394.5","10432.0","10507.0","0.0","0.0","0.0","0.0","0.0","0.0","0.0","0.0","0.0","0.0","0.0","0.0","0.0","0.0","4.5","2.0","0.0"
"2026-09-02T19:56:13+0000","egipt|marsa-alam|2026-12-30|2027-01-06|7|Warszawa - Modlin|2+1","","egipt","marsa-alam","2026-12-30","2027-01-06","7.0","Warszawa - Modlin","2+1","119.0","3.0","3.0","9045.0","9150.4","9308.5","9572.0","9976.0","3.0","0.0","0.0","0.0","0.0","0.0","0.0","0.0","0.0","0.0","0.0","0.0","0.0","0.0","4.5","3.0","0.0"
"2026-09-02T19:56:13+0000","egipt|sharm-el-sheikh|2026-12-24|2026-12-31|7|Warszawa - Modlin|2+1","","egipt","sharm-el-sheikh","2026-12-24","2026-12-31","7.0","Warszawa - Modlin","2+1","113.0","6.0","6.0","10294.0","10341.0","10388.0","10502.0","10936.0","0.0","0.0","0.0","0.0","0.0","0.0","0.0","0.0","0.0","0.0","0.0","0.0","0.0","0.0","4.35","6.0","0.0"
"2026-09-02T19:56:13+0000","egipt|sharm-el-sheikh|2026-12-24|2026-12-31|7|Warszawa|2+1","","egipt","sharm-el-sheikh","2026-12-24","2026-12-31","7.0","Warszawa","2+1","113.0","9.0","9.0","9317.0","9853.8","10073.0","10218.0","10965.0","2.0","0.0","0.0","0.0","0.0","0.0","0.0","0.0","0.0","0.0","0.0","0.0","0.0","0.0","4.1","9.0","0.0"
"2026-09-02T22:47:02+0000","egipt|dahab|2026-12-24|2026-12-31|7|Warszawa|2+1","","egipt","dahab","2026-12-24","2026-12-31","7.0","Warszawa","2+1","113.0","2.0","2.0","9983.0","10057.9","10170.25","10357.5","10732.0","1.0","0.0","0.0","0.0","0.0","0.0","0.0","0.0","0.0","0.0","0.0","0.0","0.0","0.0","4.4","2.0","0.0"
"2026-09-02T22:47:02+0000","egipt|hurghada|2026-12-24|2026-12-31|7|Warszawa - Modlin|2+1","","egipt","hurghada","2026-12-24","2026-12-31","7.0","Warszawa - Modlin","2+1","113.0","6.0","6.0","8647.0","8722.5","8800.25","9111.5","10127.0","5.0","0.0","0.0","0.0","0.0","0.0","0.0","0.0","0.0","0.0","0.0","0.0","0.0","0.0","4.5","4.0","0.0"
"2026-09-02T22:47:02+0000","egipt|hurghada|2026-12-24|2026-12-31|7|Warszawa|2+1","","egipt","hurghada","2026-12-24","2026-12-31","7.0","Warszawa","2+1","113.0","4.0","4.0","9246.0","9363.9","9540.75","9982.5","10837.0","2.0","0.0","0.0","0.0","0.0","0.0","0.0","0.0","0.0","0.0","0.0","0.0","0.0","0.0","4.2","3.0","0.0"
"2026-09-02T22:47:02+0000","egipt|marsa-alam|2026-12-25|2027-01-01|7|Warszawa - Modlin|2+1","","egipt","marsa-alam","2026-12-25","2027-01-01","7.0","Warszawa - Modlin","2+1","114.0","2.0","2.0","9977.0","10065.6","10198.5","10420.0","10863.0","1.0","0.0","0.0","0.0","0.0","0.0","0.0","0.0","0.0","0.0","0.0","0.0","0.0","0.0","4.7","2.0","0.0"
"2026-09-02T22:47:02+0000","egipt|marsa-alam|2026-12-28|2027-01-04|7|Warszawa - Modlin|2+1","","egipt","marsa-alam","2026-12-28","2027-01-04","7.0","Warszawa - Modlin","2+1","117.0","4.0","4.0","9211.0","9292.6","9415.0","9594.0","10424.0","3.0","0.0","0.0","0.0","0.0","0.0","0.0","0.0","0.0","0.0","0.0","0.0","0.0","0.0","4.5","4.0","0.0"
"2026-09-02T22:47:02+0000","egipt|marsa-alam|2026-12-29|2027-01-05|7|Warszawa|2+1","","egipt","marsa-alam","2026-12-29","2027-01-05","7.0","Warszawa","2+1","118.0","3.0","3.0","10267.0","10285.0","10312.0","10357.0","10507.0","0.0","0.0","0.0","0.0","0.0","0.0","0.0","0.0","0.0","0.0","0.0","0.0","0.0","0.0","4.5","2.0","0.0"
"2026-09-02T22:47:02+0000","egipt|marsa-alam|2026-12-30|2027-01-06|7|Warszawa - Modlin|2+1","","egipt","marsa-alam","2026-12-30","2027-01-06","7.0","Warszawa - Modlin","2+1","119.0","3.0","3.0","9045.0","9150.4","9308.5","9572.0","9976.0","3.0","0.0","0.0","0.0","0.0","0.0","0.0","0.0","0.0","0.0","0.0","0.0","0.0","0.0","4.5","3.0","0.0"
"2026-09-02T22:47:02+0000","egipt|sharm-el-sheikh|2026-12-24|2026-12-31|7|Warszawa|2+1","","egipt","sharm-el-sheikh","2026-12-24","2026-12-31","7.0","Warszawa","2+1","113.0","10.0","10.0","9317.0","9920.9","10074.0","10259.0","10965.0","2.0","0.0","0.0","0.0","0.0","0.0","0.0","0.0","0.0","0.0","0.0","0.0","0.0","0.0","4.2","10.0","0.0"
"2026-09-03T01:14:58+0000","egipt|dahab|2026-12-24|2026-12-31|7|Warszawa|2+1","","egipt","dahab","2026-12-24","2026-12-31","7.0","Warszawa","2+1","112.0","2.0","2.0","9983.0","10057.9","10170.25","10357.5","10732.0","1.0","0.0","0.0","0.0","0.0","0.0","0.0","0.0","0.0","0.0","0.0","0.0","0.0","0.0","4.4","2.0","0.0"
"2026-09-03T01:14:58+0000","egipt|hurghada|2026-12-24|2026-12-31|7|Warszawa - Modlin|2+1","","egipt","hurghada","2026-12-24","2026-12-31","7.0","Warszawa - Modlin","2+1","112.0","9.0","9.0","7195.0","7531.8","8035.0","8798.0","10789.0","6.0","2.0","0.0","0.0","0.0","0.0","0.0","0.0","0.0","0.0","0.0","0.0","0.0","0.0","4.5","7.0","0.0"
"2026-09-03T01:14:58+0000","egipt|hurghada|2026-12-24|2026-12-31|7|Warszawa|2+1","","egipt","hurghada","2026-12-24","2026-12-31","7.0","Warszawa","2+1","112.0","3.0","3.0","9246.0","9324.6","9442.5","9639.0","10837.0","2.0","0.0","0.0","0.0","0.0","0.0","0.0","0.0","0.0","0.0","0.0","0.0","0.0","0.0","3.8","2.0","0.0"
"2026-09-03T01:14:58+0000","egipt|marsa-alam|2026-12-25|2027-01-01|7|Warszawa - Modlin|2+1","","egipt","marsa-alam","2026-12-25","2027-01-01","7.0","Warszawa - Modlin","2+1","113.0","2.0","2.0","9977.0","10065.6","10198.5","10420.0","10863.0","1.0","0.0","0.0","0.0","0.0","0.0","0.0","0.0","0.0","0.0","0.0","0.0","0.0","0.0","4.7","2.0","0.0"
"2026-09-03T01:14:58+0000","egipt|marsa-alam|2026-12-28|2027-01-04|7|Warszawa - Modlin|2+1","","egipt","marsa-alam","2026-12-28","2027-01-04","7.0","Warszawa - Modlin","2+1","116.0","4.0","4.0","9211.0","9292.6","9415.0","9594.0","10424.0","3.0","0.0","0.0","0.0","0.0","0.0","0.0","0.0","0.0","0.0","0.0","0.0","0.0","0.0","4.5","4.0","0.0"
"2026-09-03T01:14:58+0000","egipt|marsa-alam|2026-12-29|2027-01-05|7|Warszawa|2+1","","egipt","marsa-alam","2026-12-29","2027-01-05","7.0","Warszawa","2+1","117.0","3.0","3.0","10267.0","10285.0","10312.0","10357.0","10507.0","0.0","0.0","0.0","0.0","0.0","0.0","0.0","0.0","0.0","0.0","0.0","0.0","0.0","0.0","4.5","2.0","0.0"
"2026-09-03T01:14:58+0000","egipt|marsa-alam|2026-12-30|2027-01-06|7|Warszawa - Modlin|2+1","","egipt","marsa-alam","2026-12-30","2027-01-06","7.0","Warszawa - Modlin","2+1","118.0","3.0","3.0","9045.0","9150.4","9308.5","9572.0","9976.0","3.0","0.0","0.0","0.0","0.0","0.0","0.0","0.0","0.0","0.0","0.0","0.0","0.0","0.0","4.5","3.0","0.0"
"2026-09-03T01:14:58+0000","egipt|sharm-el-sheikh|2026-12-24|2026-12-31|7|Warszawa|2+1","","egipt","sharm-el-sheikh","2026-12-24","2026-12-31","7.0","Warszawa","2+1","112.0","10.0","10.0","9317.0","9920.9","10074.0","10259.0","10965.0","2.0","0.0","0.0","0.0","0.0","0.0","0.0","0.0","0.0","0.0","0.0","0.0","0.0","0.0","4.2","10.0","0.0"
"2026-09-03T05:09:24+0000","egipt|dahab|2026-12-24|2026-12-31|7|Warszawa|2+1","","egipt","dahab","2026-12-24","2026-12-31","7.0","Warszawa","2+1","112.0","2.0","2.0","9996.0","10069.5","10179.75","10363.5","10731.0","1.0","0.0","0.0","0.0","0.0","0.0","0.0","0.0","0.0","0.0","0.0","0.0","0.0","0.0","4.4","2.0","0.0"
"2026-09-03T05:09:24+0000","egipt|hurghada|2026-12-24|2026-12-31|7|Warszawa - Modlin|2+1","","egipt","hurghada","2026-12-24","2026-12-31","7.0","Warszawa - Modlin","2+1","112.0","7.0","7.0","7575.0","7827.6","8205.5","8507.0","10553.0","6.0","2.0","0.0","0.0","0.0","0.0","0.0","0.0","0.0","0.0","0.0","0.0","0.0","0.0","4.5","5.0","0.0"
"2026-09-03T05:09:24+0000","egipt|hurghada|2026-12-24|2026-12-31|7|Warszawa|2+1","","egipt","hurghada","2026-12-24","2026-12-31","7.0","Warszawa","2+1","112.0","3.0","3.0","9524.0","9547.0","9581.5","9639.0","10837.0","2.0","0.0","0.0","0.0","0.0","0.0","0.0","0.0","0.0","0.0","0.0","0.0","0.0","0.0","3.8","2.0","0.0"
"2026-09-03T05:09:24+0000","egipt|marsa-alam|2026-12-25|2027-01-01|7|Warszawa - Modlin|2+1","","egipt","marsa-alam","2026-12-25","2027-01-01","7.0","Warszawa - Modlin","2+1","113.0","2.0","2.0","9977.0","10065.6","10198.5","10420.0","10863.0","1.0","0.0","0.0","0.0","0.0","0.0","0.0","0.0","0.0","0.0","0.0","0.0","0.0","0.0","4.7","2.0","0.0"
"2026-09-03T05:09:24+0000","egipt|marsa-alam|2026-12-28|2027-01-04|7|Warszawa - Modlin|2+1","","egipt","marsa-alam","2026-12-28","2027-01-04","7.0","Warszawa - Modlin","2+1","116.0","1.0","1.0","9211.0","9211.0","9211.0","9211.0","9211.0","1.0","0.0","0.0","0.0","0.0","0.0","0.0","0.0","0.0","0.0","0.0","0.0","0.0","0.0","4.4","1.0","0.0"
"2026-09-03T05:09:24+0000","egipt|marsa-alam|2026-12-29|2027-01-05|7|Warszawa|2+1","","egipt","marsa-alam","2026-12-29","2027-01-05","7.0","Warszawa","2+1","117.0","3.0","3.0","10267.0","10285.0","10312.0","10357.0","10507.0","0.0","0.0","0.0","0.0","0.0","0.0","0.0","0.0","0.0","0.0","0.0","0.0","0.0","0.0","4.5","2.0","0.0"
"2026-09-03T05:09:24+0000","egipt|marsa-alam|2026-12-30|2027-01-06|7|Warszawa - Modlin|2+1","","egipt","marsa-alam","2026-12-30","2027-01-06","7.0","Warszawa - Modlin","2+1","118.0","7.0","7.0","8919.0","8974.2","9028.0","9589.0","10835.0","6.0","0.0","0.0","0.0","0.0","0.0","0.0","0.0","0.0","0.0","0.0","0.0","0.0","0.0","4.5","7.0","0.0"
"2026-09-03T05:09:24+0000","egipt|sharm-el-sheikh|2026-12-24|2026-12-31|7|Warszawa|2+1","","egipt","sharm-el-sheikh","2026-12-24","2026-12-31","7.0","Warszawa","2+1","112.0","10.0","10.0","9607.0","9961.6","10126.75","10476.5","10986.0","1.0","0.0","0.0","0.0","0.0","0.0","0.0","0.0","0.0","0.0","0.0","0.0","0.0","0.0","4.2","10.0","0.0"
"2026-09-03T05:58:14+0000","egipt|dahab|2026-12-24|2026-12-31|7|Warszawa|2+1","","egipt","dahab","2026-12-24","2026-12-31","7.0","Warszawa","2+1","112.0","2.0","2.0","9996.0","10069.5","10179.75","10363.5","10731.0","1.0","0.0","0.0","0.0","0.0","0.0","0.0","0.0","0.0","0.0","0.0","0.0","0.0","0.0","4.4","2.0","0.0"
"2026-09-03T05:58:14+0000","egipt|hurghada|2026-12-24|2026-12-31|7|Warszawa - Modlin|2+1","","egipt","hurghada","2026-12-24","2026-12-31","7.0","Warszawa - Modlin","2+1","112.0","7.0","7.0","7575.0","7827.6","8205.5","8507.0","10553.0","6.0","2.0","0.0","0.0","0.0","0.0","0.0","0.0","0.0","0.0","0.0","0.0","0.0","0.0","4.5","5.0","0.0"
"2026-09-03T05:58:14+0000","egipt|hurghada|2026-12-24|2026-12-31|7|Warszawa|2+1","","egipt","hurghada","2026-12-24","2026-12-31","7.0","Warszawa","2+1","112.0","3.0","3.0","9524.0","9547.0","9581.5","9639.0","10837.0","2.0","0.0","0.0","0.0","0.0","0.0","0.0","0.0","0.0","0.0","0.0","0.0","0.0","0.0","3.8","2.0","0.0"
"2026-09-03T05:58:14+0000","egipt|marsa-alam|2026-12-25|2027-01-01|7|Warszawa - Modlin|2+1","","egipt","marsa-alam","2026-12-25","2027-01-01","7.0","Warszawa - Modlin","2+1","113.0","2.0","2.0","9977.0","10065.6","10198.5","10420.0","10863.0","1.0","0.0","0.0","0.0","0.0","0.0","0.0","0.0","0.0","0.0","0.0","0.0","0.0","0.0","4.7","2.0","0.0"
"2026-09-03T05:58:14+0000","egipt|marsa-alam|2026-12-28|2027-01-04|7|Warszawa - Modlin|2+1","","egipt","marsa-alam","2026-12-28","2027-01-04","7.0","Warszawa - Modlin","2+1","116.0","1.0","1.0","9211.0","9211.0","9211.0","9211.0","9211.0","1.0","0.0","0.0","0.0","0.0","0.0","0.0","0.0","0.0","0.0","0.0","0.0","0.0","0.0","4.4","1.0","0.0"
"2026-09-03T05:58:14+0000","egipt|marsa-alam|2026-12-29|2027-01-05|7|Warszawa|2+1","","egipt","marsa-alam","2026-12-29","2027-01-05","7.0","Warszawa","2+1","117.0","3.0","3.0","10267.0","10285.0","10312.0","10357.0","10507.0","0.0","0.0","0.0","0.0","0.0","0.0","0.0","0.0","0.0","0.0","0.0","0.0","0.0","0.0","4.5","2.0","0.0"
"2026-09-03T05:58:14+0000","egipt|marsa-alam|2026-12-30|2027-01-06|7|Warszawa - Modlin|2+1","","egipt","marsa-alam","2026-12-30","2027-01-06","7.0","Warszawa - Modlin","2+1","118.0","7.0","7.0","8919.0","8974.2","9028.0","9589.0","10835.0","6.0","0.0","0.0","0.0","0.0","0.0","0.0","0.0","0.0","0.0","0.0","0.0","0.0","0.0","4.5","7.0","0.0"
"2026-09-03T05:58:14+0000","egipt|sharm-el-sheikh|2026-12-24|2026-12-31|7|Warszawa|2+1","","egipt","sharm-el-sheikh","2026-12-24","2026-12-31","7.0","Warszawa","2+1","112.0","10.0","10.0","9607.0","9961.6","10126.75","10476.5","10986.0","1.0","0.0","0.0","0.0","0.0","0.0","0.0","0.0","0.0","0.0","0.0","0.0","0.0","0.0","4.2","10.0","0.0"
"2026-09-03T11:28:58+0000","egipt|dahab|2026-12-24|2026-12-31|7|Warszawa|2+1","","egipt","dahab","2026-12-24","2026-12-31","7.0","Warszawa","2+1","112.0","2.0","2.0","9996.0","10069.5","10179.75","10363.5","10731.0","1.0","0.0","0.0","0.0","0.0","0.0","0.0","0.0","0.0","0.0","0.0","0.0","0.0","0.0","4.4","2.0","0.0"
"2026-09-03T11:28:58+0000","egipt|hurghada|2026-12-24|2026-12-31|7|Warszawa - Modlin|2+1","","egipt","hurghada","2026-12-24","2026-12-31","7.0","Warszawa - Modlin","2+1","112.0","8.0","8.0","7996.0","8098.9","8171.5","8461.0","10553.0","7.0","1.0","0.0","0.0","0.0","0.0","0.0","0.0","0.0","0.0","0.0","0.0","0.0","0.0","4.45","6.0","0.0"
"2026-09-03T11:28:58+0000","egipt|hurghada|2026-12-24|2026-12-31|7|Warszawa|2+1","","egipt","hurghada","2026-12-24","2026-12-31","7.0","Warszawa","2+1","112.0","3.0","3.0","9524.0","9547.0","9581.5","9639.0","10837.0","2.0","0.0","0.0","0.0","0.0","0.0","0.0","0.0","0.0","0.0","0.0","0.0","0.0","0.0","3.8","2.0","0.0"
"2026-09-03T11:28:58+0000","egipt|marsa-alam|2026-12-25|2027-01-01|7|Warszawa - Modlin|2+1","","egipt","marsa-alam","2026-12-25","2027-01-01","7.0","Warszawa - Modlin","2+1","113.0","2.0","2.0","9977.0","10065.6","10198.5","10420.0","10863.0","1.0","0.0","0.0","0.0","0.0","0.0","0.0","0.0","0.0","0.0","0.0","0.0","0.0","0.0","4.7","2.0","0.0"
"2026-09-03T11:28:58+0000","egipt|marsa-alam|2026-12-28|2027-01-04|7|Warszawa - Modlin|2+1","","egipt","marsa-alam","2026-12-28","2027-01-04","7.0","Warszawa - Modlin","2+1","116.0","1.0","1.0","10075.0","10075.0","10075.0","10075.0","10075.0","0.0","0.0","0.0","0.0","0.0","0.0","0.0","0.0","0.0","0.0","0.0","0.0","0.0","0.0","4.6","1.0","0.0"
"2026-09-03T11:28:58+0000","egipt|marsa-alam|2026-12-29|2027-01-05|7|Warszawa|2+1","","egipt","marsa-alam","2026-12-29","2027-01-05","7.0","Warszawa","2+1","117.0","3.0","3.0","10267.0","10285.0","10312.0","10357.0","10507.0","0.0","0.0","0.0","0.0","0.0","0.0","0.0","0.0","0.0","0.0","0.0","0.0","0.0","0.0","4.5","2.0","0.0"
"2026-09-03T11:28:58+0000","egipt|marsa-alam|2026-12-30|2027-01-06|7|Warszawa - Modlin|2+1","","egipt","marsa-alam","2026-12-30","2027-01-06","7.0","Warszawa - Modlin","2+1","118.0","7.0","7.0","8919.0","8974.2","9028.0","9589.0","10083.0","6.0","0.0","0.0","0.0","0.0","0.0","0.0","0.0","0.0","0.0","0.0","0.0","0.0","0.0","4.5","7.0","0.0"
"2026-09-03T11:28:58+0000","egipt|sharm-el-sheikh|2026-12-24|2026-12-31|7|Warszawa - Modlin|2+1","","egipt","sharm-el-sheikh","2026-12-24","2026-12-31","7.0","Warszawa - Modlin","2+1","112.0","6.0","6.0","10294.0","10341.0","10388.0","10502.0","10936.0","0.0","0.0","0.0","0.0","0.0","0.0","0.0","0.0","0.0","0.0","0.0","0.0","0.0","0.0","4.35","6.0","0.0"
"2026-09-03T11:28:58+0000","egipt|sharm-el-sheikh|2026-12-24|2026-12-31|7|Warszawa|2+1","","egipt","sharm-el-sheikh","2026-12-24","2026-12-31","7.0","Warszawa","2+1","112.0","9.0","9.0","9607.0","9922.2","10091.0","10314.0","10986.0","1.0","0.0","0.0","0.0","0.0","0.0","0.0","0.0","0.0","0.0","0.0","0.0","0.0","0.0","4.1","9.0","0.0"
"2026-09-03T16:02:14+0000","egipt|dahab|2026-12-24|2026-12-31|7|Warszawa|2+1","","egipt","dahab","2026-12-24","2026-12-31","7.0","Warszawa","2+1","112.0","2.0","2.0","9996.0","10069.5","10179.75","10363.5","10731.0","1.0","0.0","0.0","0.0","0.0","0.0","0.0","0.0","0.0","0.0","0.0","0.0","0.0","0.0","4.4","2.0","0.0"
"2026-09-03T16:02:14+0000","egipt|hurghada|2026-12-24|2026-12-31|7|Warszawa - Modlin|2+1","","egipt","hurghada","2026-12-24","2026-12-31","7.0","Warszawa - Modlin","2+1","112.0","7.0","7.0","7781.0","8492.6","9057.0","9416.0","10662.0","5.0","1.0","0.0","0.0","0.0","0.0","0.0","0.0","0.0","0.0","0.0","0.0","0.0","0.0","4.5","5.0","0.0"
"2026-09-03T16:02:14+0000","egipt|hurghada|2026-12-24|2026-12-31|7|Warszawa|2+1","","egipt","hurghada","2026-12-24","2026-12-31","7.0","Warszawa","2+1","112.0","3.0","3.0","9591.0","9614.0","9648.5","9706.0","10904.0","2.0","0.0","0.0","0.0","0.0","0.0","0.0","0.0","0.0","0.0","0.0","0.0","0.0","0.0","3.8","2.0","0.0"
"2026-09-03T16:02:14+0000","egipt|marsa-alam|2026-12-25|2027-01-01|7|Warszawa - Modlin|2+1","","egipt","marsa-alam","2026-12-25","2027-01-01","7.0","Warszawa - Modlin","2+1","113.0","2.0","2.0","9977.0","10065.6","10198.5","10420.0","10863.0","1.0","0.0","0.0","0.0","0.0","0.0","0.0","0.0","0.0","0.0","0.0","0.0","0.0","0.0","4.7","2.0","0.0"
"2026-09-03T16:02:14+0000","egipt|marsa-alam|2026-12-28|2027-01-04|7|Warszawa - Modlin|2+1","","egipt","marsa-alam","2026-12-28","2027-01-04","7.0","Warszawa - Modlin","2+1","116.0","1.0","1.0","10075.0","10075.0","10075.0","10075.0","10075.0","0.0","0.0","0.0","0.0","0.0","0.0","0.0","0.0","0.0","0.0","0.0","0.0","0.0","0.0","4.6","1.0","0.0"
"2026-09-03T16:02:14+0000","egipt|marsa-alam|2026-12-29|2027-01-05|7|Warszawa|2+1","","egipt","marsa-alam","2026-12-29","2027-01-05","7.0","Warszawa","2+1","117.0","3.0","3.0","10267.0","10285.0","10312.0","10357.0","10507.0","0.0","0.0","0.0","0.0","0.0","0.0","0.0","0.0","0.0","0.0","0.0","0.0","0.0","0.0","4.5","2.0","0.0"
"2026-09-03T16:02:14+0000","egipt|marsa-alam|2026-12-30|2027-01-06|7|Warszawa - Modlin|2+1","","egipt","marsa-alam","2026-12-30","2027-01-06","7.0","Warszawa - Modlin","2+1","118.0","7.0","7.0","8919.0","8974.2","9028.0","9589.0","10083.0","6.0","0.0","0.0","0.0","0.0","0.0","0.0","0.0","0.0","0.0","0.0","0.0","0.0","0.0","4.5","7.0","0.0"
"2026-09-03T16:02:14+0000","egipt|sharm-el-sheikh|2026-12-24|2026-12-31|7|Warszawa - Modlin|2+1","","egipt","sharm-el-sheikh","2026-12-24","2026-12-31","7.0","Warszawa - Modlin","2+1","112.0","7.0","7.0","9946.0","10001.8","10039.0","10268.0","10685.0","1.0","0.0","0.0","0.0","0.0","0.0","0.0","0.0","0.0","0.0","0.0","0.0","0.0","0.0","4.2","7.0","0.0"
"2026-09-03T16:02:14+0000","egipt|sharm-el-sheikh|2026-12-24|2026-12-31|7|Warszawa|2+1","","egipt","sharm-el-sheikh","2026-12-24","2026-12-31","7.0","Warszawa","2+1","112.0","9.0","9.0","9607.0","9922.2","10091.0","10314.0","10986.0","1.0","0.0","0.0","0.0","0.0","0.0","0.0","0.0","0.0","0.0","0.0","0.0","0.0","0.0","4.1","9.0","0.0"
"2026-09-03T16:36:10+0000","egipt|dahab|2026-12-24|2026-12-31|7|Warszawa|2+1","","egipt","dahab","2026-12-24","2026-12-31","7.0","Warszawa","2+1","112.0","2.0","2.0","9996.0","10069.5","10179.75","10363.5","10731.0","1.0","0.0","0.0","0.0","0.0","0.0","0.0","0.0","0.0","0.0","0.0","0.0","0.0","0.0","4.4","2.0","0.0"
"2026-09-03T16:36:10+0000","egipt|hurghada|2026-12-24|2026-12-31|7|Warszawa - Modlin|2+1","","egipt","hurghada","2026-12-24","2026-12-31","7.0","Warszawa - Modlin","2+1","112.0","8.0","8.0","7889.0","7963.9","8134.75","8618.0","10599.0","7.0","2.0","0.0","0.0","0.0","0.0","0.0","0.0","0.0","0.0","0.0","0.0","0.0","0.0","4.45","6.0","0.0"
"2026-09-03T16:36:10+0000","egipt|hurghada|2026-12-24|2026-12-31|7|Warszawa|2+1","","egipt","hurghada","2026-12-24","2026-12-31","7.0","Warszawa","2+1","112.0","3.0","3.0","9591.0","9614.0","9648.5","9706.0","10904.0","2.0","0.0","0.0","0.0","0.0","0.0","0.0","0.0","0.0","0.0","0.0","0.0","0.0","0.0","3.8","2.0","0.0"
"2026-09-03T16:36:10+0000","egipt|marsa-alam|2026-12-25|2027-01-01|7|Warszawa - Modlin|2+1","","egipt","marsa-alam","2026-12-25","2027-01-01","7.0","Warszawa - Modlin","2+1","113.0","2.0","2.0","9977.0","10065.6","10198.5","10420.0","10863.0","1.0","0.0","0.0","0.0","0.0","0.0","0.0","0.0","0.0","0.0","0.0","0.0","0.0","0.0","4.7","2.0","0.0"
"2026-09-03T16:36:10+0000","egipt|marsa-alam|2026-12-28|2027-01-04|7|Warszawa - Modlin|2+1","","egipt","marsa-alam","2026-12-28","2027-01-04","7.0","Warszawa - Modlin","2+1","116.0","1.0","1.0","10075.0","10075.0","10075.0","10075.0","10075.0","0.0","0.0","0.0","0.0","0.0","0.0","0.0","0.0","0.0","0.0","0.0","0.0","0.0","0.0","4.6","1.0","0.0"
"2026-09-03T16:36:10+0000","egipt|marsa-alam|2026-12-29|2027-01-05|7|Warszawa|2+1","","egipt","marsa-alam","2026-12-29","2027-01-05","7.0","Warszawa","2+1","117.0","3.0","3.0","10267.0","10285.0","10312.0","10357.0","10507.0","0.0","0.0","0.0","0.0","0.0","0.0","0.0","0.0","0.0","0.0","0.0","0.0","0.0","0.0","4.5","2.0","0.0"
"2026-09-03T16:36:10+0000","egipt|marsa-alam|2026-12-30|2027-01-06|7|Warszawa - Modlin|2+1","","egipt","marsa-alam","2026-12-30","2027-01-06","7.0","Warszawa - Modlin","2+1","118.0","7.0","7.0","8919.0","8974.2","9028.0","9589.0","10083.0","6.0","0.0","0.0","0.0","0.0","0.0","0.0","0.0","0.0","0.0","0.0","0.0","0.0","0.0","4.5","7.0","0.0"
"2026-09-03T16:36:10+0000","egipt|sharm-el-sheikh|2026-12-24|2026-12-31|7|Warszawa - Modlin|2+1","","egipt","sharm-el-sheikh","2026-12-24","2026-12-31","7.0","Warszawa - Modlin","2+1","112.0","7.0","7.0","9946.0","10001.8","10039.0","10268.0","10685.0","1.0","0.0","0.0","0.0","0.0","0.0","0.0","0.0","0.0","0.0","0.0","0.0","0.0","0.0","4.2","7.0","0.0"
"2026-09-03T16:36:10+0000","egipt|sharm-el-sheikh|2026-12-24|2026-12-31|7|Warszawa|2+1","","egipt","sharm-el-sheikh","2026-12-24","2026-12-31","7.0","Warszawa","2+1","112.0","9.0","9.0","9607.0","9922.2","10091.0","10314.0","10986.0","1.0","0.0","0.0","0.0","0.0","0.0","0.0","0.0","0.0","0.0","0.0","0.0","0.0","0.0","4.1","9.0","0.0"
"2026-09-03T20:00:33+0000","egipt|dahab|2026-12-24|2026-12-31|7|Warszawa|2+1","","egipt","dahab","2026-12-24","2026-12-31","7.0","Warszawa","2+1","112.0","2.0","2.0","9996.0","10069.5","10179.75","10363.5","10731.0","1.0","0.0","0.0","0.0","0.0","0.0","0.0","0.0","0.0","0.0","0.0","0.0","0.0","0.0","4.4","2.0","0.0"
"2026-09-03T20:00:33+0000","egipt|hurghada|2026-12-24|2026-12-31|7|Warszawa - Modlin|2+1","","egipt","hurghada","2026-12-24","2026-12-31","7.0","Warszawa - Modlin","2+1","112.0","6.0","6.0","8798.0","8882.5","9012.0","9281.5","10662.0","4.0","0.0","0.0","0.0","0.0","0.0","0.0","0.0","0.0","0.0","0.0","0.0","0.0","0.0","4.5","4.0","0.0"
"2026-09-03T20:00:33+0000","egipt|hurghada|2026-12-24|2026-12-31|7|Warszawa|2+1","","egipt","hurghada","2026-12-24","2026-12-31","7.0","Warszawa","2+1","112.0","3.0","3.0","9591.0","9614.0","9648.5","9706.0","10904.0","2.0","0.0","0.0","0.0","0.0","0.0","0.0","0.0","0.0","0.0","0.0","0.0","0.0","0.0","3.8","2.0","0.0"
"2026-09-03T20:00:33+0000","egipt|hurghada|2026-12-27|2027-01-03|7|Warszawa - Modlin|2+1","","egipt","hurghada","2026-12-27","2027-01-03","7.0","Warszawa - Modlin","2+1","115.0","1.0","1.0","9863.0","9863.0","9863.0","9863.0","9863.0","1.0","0.0","0.0","0.0","0.0","0.0","0.0","0.0","0.0","0.0","0.0","0.0","0.0","0.0","4.4","1.0","0.0"
"2026-09-03T20:00:33+0000","egipt|marsa-alam|2026-12-25|2027-01-01|7|Warszawa - Modlin|2+1","","egipt","marsa-alam","2026-12-25","2027-01-01","7.0","Warszawa - Modlin","2+1","113.0","2.0","2.0","9977.0","10065.6","10198.5","10420.0","10863.0","1.0","0.0","0.0","0.0","0.0","0.0","0.0","0.0","0.0","0.0","0.0","0.0","0.0","0.0","4.7","2.0","0.0"
"2026-09-03T20:00:33+0000","egipt|marsa-alam|2026-12-28|2027-01-04|7|Warszawa - Modlin|2+1","","egipt","marsa-alam","2026-12-28","2027-01-04","7.0","Warszawa - Modlin","2+1","116.0","1.0","1.0","10075.0","10075.0","10075.0","10075.0","10075.0","0.0","0.0","0.0","0.0","0.0","0.0","0.0","0.0","0.0","0.0","0.0","0.0","0.0","0.0","4.6","1.0","0.0"
"2026-09-03T20:00:33+0000","egipt|marsa-alam|2026-12-29|2027-01-05|7|Warszawa|2+1","","egipt","marsa-alam","2026-12-29","2027-01-05","7.0","Warszawa","2+1","117.0","3.0","3.0","10267.0","10285.0","10312.0","10357.0","10507.0","0.0","0.0","0.0","0.0","0.0","0.0","0.0","0.0","0.0","0.0","0.0","0.0","0.0","0.0","4.5","2.0","0.0"
"2026-09-03T20:00:33+0000","egipt|marsa-alam|2026-12-30|2027-01-06|7|Warszawa - Modlin|2+1","","egipt","marsa-alam","2026-12-30","2027-01-06","7.0","Warszawa - Modlin","2+1","118.0","7.0","7.0","8919.0","8974.2","9028.0","9589.0","10083.0","6.0","0.0","0.0","0.0","0.0","0.0","0.0","0.0","0.0","0.0","0.0","0.0","0.0","0.0","4.5","7.0","0.0"
"2026-09-03T20:00:33+0000","egipt|sharm-el-sheikh|2026-12-24|2026-12-31|7|Warszawa - Modlin|2+1","","egipt","sharm-el-sheikh","2026-12-24","2026-12-31","7.0","Warszawa - Modlin","2+1","112.0","6.0","6.0","10326.0","10372.5","10419.0","10533.5","10972.0","0.0","0.0","0.0","0.0","0.0","0.0","0.0","0.0","0.0","0.0","0.0","0.0","0.0","0.0","4.35","6.0","0.0"
"2026-09-03T20:00:33+0000","egipt|sharm-el-sheikh|2026-12-24|2026-12-31|7|Warszawa|2+1","","egipt","sharm-el-sheikh","2026-12-24","2026-12-31","7.0","Warszawa","2+1","112.0","9.0","9.0","9607.0","9922.2","10091.0","10314.0","10986.0","1.0","0.0","0.0","0.0","0.0","0.0","0.0","0.0","0.0","0.0","0.0","0.0","0.0","0.0","4.1","9.0","0.0"
"2026-09-03T22:43:36+0000","egipt|dahab|2026-12-24|2026-12-31|7|Warszawa|2+1","","egipt","dahab","2026-12-24","2026-12-31","7.0","Warszawa","2+1","112.0","2.0","2.0","9996.0","10069.5","10179.75","10363.5","10731.0","1.0","0.0","0.0","0.0","0.0","0.0","0.0","0.0","0.0","0.0","0.0","0.0","0.0","0.0","4.4","2.0","0.0"
"2026-09-03T22:43:36+0000","egipt|hurghada|2026-12-24|2026-12-31|7|Warszawa - Modlin|2+1","","egipt","hurghada","2026-12-24","2026-12-31","7.0","Warszawa - Modlin","2+1","112.0","7.0","7.0","8798.0","8899.4","9057.0","9416.0","10662.0","5.0","0.0","0.0","0.0","0.0","0.0","0.0","0.0","0.0","0.0","0.0","0.0","0.0","0.0","4.5","5.0","0.0"
"2026-09-03T22:43:36+0000","egipt|hurghada|2026-12-24|2026-12-31|7|Warszawa|2+1","","egipt","hurghada","2026-12-24","2026-12-31","7.0","Warszawa","2+1","112.0","3.0","3.0","9591.0","9614.0","9648.5","9706.0","10904.0","2.0","0.0","0.0","0.0","0.0","0.0","0.0","0.0","0.0","0.0","0.0","0.0","0.0","0.0","3.8","2.0","0.0"
"2026-09-03T22:43:36+0000","egipt|marsa-alam|2026-12-25|2027-01-01|7|Warszawa - Modlin|2+1","","egipt","marsa-alam","2026-12-25","2027-01-01","7.0","Warszawa - Modlin","2+1","113.0","2.0","2.0","9977.0","10065.6","10198.5","10420.0","10863.0","1.0","0.0","0.0","0.0","0.0","0.0","0.0","0.0","0.0","0.0","0.0","0.0","0.0","0.0","4.7","2.0","0.0"
"2026-09-03T22:43:36+0000","egipt|marsa-alam|2026-12-28|2027-01-04|7|Warszawa - Modlin|2+1","","egipt","marsa-alam","2026-12-28","2027-01-04","7.0","Warszawa - Modlin","2+1","116.0","1.0","1.0","10075.0","10075.0","10075.0","10075.0","10075.0","0.0","0.0","0.0","0.0","0.0","0.0","0.0","0.0","0.0","0.0","0.0","0.0","0.0","0.0","4.6","1.0","0.0"
"2026-09-03T22:43:36+0000","egipt|marsa-alam|2026-12-29|2027-01-05|7|Warszawa|2+1","","egipt","marsa-alam","2026-12-29","2027-01-05","7.0","Warszawa","2+1","117.0","3.0","3.0","10267.0","10285.0","10312.0","10357.0","10507.0","0.0","0.0","0.0","0.0","0.0","0.0","0.0","0.0","0.0","0.0","0.0","0.0","0.0","0.0","4.5","2.0","0.0"
"2026-09-03T22:43:36+0000","egipt|marsa-alam|2026-12-30|2027-01-06|7|Warszawa - Modlin|2+1","","egipt","marsa-alam","2026-12-30","2027-01-06","7.0","Warszawa - Modlin","2+1","118.0","7.0","7.0","8919.0","8974.2","9028.0","9589.0","10083.0","6.0","0.0","0.0","0.0","0.0","0.0","0.0","0.0","0.0","0.0","0.0","0.0","0.0","0.0","4.5","7.0","0.0"
"2026-09-03T22:43:36+0000","egipt|sharm-el-sheikh|2026-12-24|2026-12-31|7|Warszawa|2+1","","egipt","sharm-el-sheikh","2026-12-24","2026-12-31","7.0","Warszawa","2+1","112.0","10.0","10.0","9607.0","9961.6","10126.75","10476.5","10986.0","1.0","0.0","0.0","0.0","0.0","0.0","0.0","0.0","0.0","0.0","0.0","0.0","0.0","0.0","4.2","10.0","0.0"
"2026-09-04T01:07:30+0000","egipt|dahab|2026-12-24|2026-12-31|7|Warszawa|2+1","","egipt","dahab","2026-12-24","2026-12-31","7.0","Warszawa","2+1","111.0","2.0","2.0","9996.0","10069.5","10179.75","10363.5","10731.0","1.0","0.0","0.0","0.0","0.0","0.0","0.0","0.0","0.0","0.0","0.0","0.0","0.0","0.0","4.4","2.0","0.0"
"2026-09-04T01:07:30+0000","egipt|hurghada|2026-12-24|2026-12-31|7|Warszawa - Modlin|2+1","","egipt","hurghada","2026-12-24","2026-12-31","7.0","Warszawa - Modlin","2+1","111.0","7.0","7.0","8798.0","8899.4","9057.0","9416.0","10662.0","5.0","0.0","0.0","0.0","0.0","0.0","0.0","0.0","0.0","0.0","0.0","0.0","0.0","0.0","4.5","5.0","0.0"
"2026-09-04T01:07:30+0000","egipt|hurghada|2026-12-24|2026-12-31|7|Warszawa|2+1","","egipt","hurghada","2026-12-24","2026-12-31","7.0","Warszawa","2+1","111.0","4.0","4.0","9591.0","9625.5","9677.25","10305.0","10941.0","2.0","0.0","0.0","0.0","0.0","0.0","0.0","0.0","0.0","0.0","0.0","0.0","0.0","0.0","4.2","3.0","0.0"
"2026-09-04T01:07:30+0000","egipt|marsa-alam|2026-12-25|2027-01-01|7|Warszawa - Modlin|2+1","","egipt","marsa-alam","2026-12-25","2027-01-01","7.0","Warszawa - Modlin","2+1","112.0","2.0","2.0","9977.0","10065.6","10198.5","10420.0","10863.0","1.0","0.0","0.0","0.0","0.0","0.0","0.0","0.0","0.0","0.0","0.0","0.0","0.0","0.0","4.7","2.0","0.0"
"2026-09-04T01:07:30+0000","egipt|marsa-alam|2026-12-28|2027-01-04|7|Warszawa - Modlin|2+1","","egipt","marsa-alam","2026-12-28","2027-01-04","7.0","Warszawa - Modlin","2+1","115.0","2.0","2.0","9695.0","9825.3","10020.75","10346.5","10998.0","1.0","0.0","0.0","0.0","0.0","0.0","0.0","0.0","0.0","0.0","0.0","0.0","0.0","0.0","4.65","2.0","0.0"
"2026-09-04T01:07:30+0000","egipt|marsa-alam|2026-12-29|2027-01-05|7|Warszawa|2+1","","egipt","marsa-alam","2026-12-29","2027-01-05","7.0","Warszawa","2+1","116.0","3.0","3.0","10267.0","10285.0","10312.0","10357.0","10507.0","0.0","0.0","0.0","0.0","0.0","0.0","0.0","0.0","0.0","0.0","0.0","0.0","0.0","0.0","4.5","2.0","0.0"
"2026-09-04T01:07:30+0000","egipt|marsa-alam|2026-12-30|2027-01-06|7|Warszawa - Modlin|2+1","","egipt","marsa-alam","2026-12-30","2027-01-06","7.0","Warszawa - Modlin","2+1","117.0","7.0","7.0","8919.0","8974.2","9028.0","9589.0","10083.0","6.0","0.0","0.0","0.0","0.0","0.0","0.0","0.0","0.0","0.0","0.0","0.0","0.0","0.0","4.5","7.0","0.0"
"2026-09-04T01:07:30+0000","egipt|sharm-el-sheikh|2026-12-24|2026-12-31|7|Warszawa - Modlin|2+1","","egipt","sharm-el-sheikh","2026-12-24","2026-12-31","7.0","Warszawa - Modlin","2+1","111.0","7.0","7.0","9946.0","10001.8","10039.0","10268.0","10685.0","1.0","0.0","0.0","0.0","0.0","0.0","0.0","0.0","0.0","0.0","0.0","0.0","0.0","0.0","4.2","7.0","0.0"
"2026-09-04T01:07:30+0000","egipt|sharm-el-sheikh|2026-12-24|2026-12-31|7|Warszawa|2+1","","egipt","sharm-el-sheikh","2026-12-24","2026-12-31","7.0","Warszawa","2+1","111.0","9.0","9.0","9607.0","9922.2","10091.0","10314.0","10986.0","1.0","0.0","0.0","0.0","0.0","0.0","0.0","0.0","0.0","0.0","0.0","0.0","0.0","0.0","4.1","9.0","0.0"
"2026-09-04T06:05:25+0000","egipt|dahab|2026-12-24|2026-12-31|7|Warszawa|2+1","","egipt","dahab","2026-12-24","2026-12-31","7.0","Warszawa","2+1","111.0","2.0","2.0","9996.0","10069.5","10179.75","10363.5","10731.0","1.0","0.0","0.0","0.0","0.0","0.0","0.0","0.0","0.0","0.0","0.0","0.0","0.0","0.0","4.4","2.0","0.0"
"2026-09-04T06:05:25+0000","egipt|hurghada|2026-12-24|2026-12-31|7|Warszawa - Modlin|2+1","","egipt","hurghada","2026-12-24","2026-12-31","7.0","Warszawa - Modlin","2+1","111.0","6.0","6.0","8798.0","8882.5","9012.0","9251.5","10662.0","4.0","0.0","0.0","0.0","0.0","0.0","0.0","0.0","0.0","0.0","0.0","0.0","0.0","0.0","4.5","4.0","0.0"
"2026-09-04T06:05:25+0000","egipt|hurghada|2026-12-24|2026-12-31|7|Warszawa|2+1","","egipt","hurghada","2026-12-24","2026-12-31","7.0","Warszawa","2+1","111.0","4.0","4.0","9591.0","9625.5","9677.25","10305.0","10941.0","2.0","0.0","0.0","0.0","0.0","0.0","0.0","0.0","0.0","0.0","0.0","0.0","0.0","0.0","4.2","3.0","0.0"
"2026-09-04T06:05:25+0000","egipt|hurghada|2026-12-27|2027-01-03|7|Warszawa - Modlin|2+1","","egipt","hurghada","2026-12-27","2027-01-03","7.0","Warszawa - Modlin","2+1","114.0","1.0","1.0","9863.0","9863.0","9863.0","9863.0","9863.0","1.0","0.0","0.0","0.0","0.0","0.0","0.0","0.0","0.0","0.0","0.0","0.0","0.0","0.0","4.4","1.0","0.0"
"2026-09-04T06:05:25+0000","egipt|marsa-alam|2026-12-25|2027-01-01|7|Warszawa - Modlin|2+1","","egipt","marsa-alam","2026-12-25","2027-01-01","7.0","Warszawa - Modlin","2+1","112.0","2.0","2.0","9977.0","10065.6","10198.5","10420.0","10863.0","1.0","0.0","0.0","0.0","0.0","0.0","0.0","0.0","0.0","0.0","0.0","0.0","0.0","0.0","4.7","2.0","0.0"
"2026-09-04T06:05:25+0000","egipt|marsa-alam|2026-12-28|2027-01-04|7|Warszawa - Modlin|2+1","","egipt","marsa-alam","2026-12-28","2027-01-04","7.0","Warszawa - Modlin","2+1","115.0","1.0","1.0","10035.0","10035.0","10035.0","10035.0","10035.0","0.0","0.0","0.0","0.0","0.0","0.0","0.0","0.0","0.0","0.0","0.0","0.0","0.0","0.0","4.6","1.0","0.0"
"2026-09-04T06:05:25+0000","egipt|marsa-alam|2026-12-29|2027-01-05|7|Warszawa|2+1","","egipt","marsa-alam","2026-12-29","2027-01-05","7.0","Warszawa","2+1","116.0","3.0","3.0","10267.0","10285.0","10312.0","10357.0","10507.0","0.0","0.0","0.0","0.0","0.0","0.0","0.0","0.0","0.0","0.0","0.0","0.0","0.0","0.0","4.5","2.0","0.0"
"2026-09-04T06:05:25+0000","egipt|marsa-alam|2026-12-30|2027-01-06|7|Warszawa - Modlin|2+1","","egipt","marsa-alam","2026-12-30","2027-01-06","7.0","Warszawa - Modlin","2+1","117.0","7.0","7.0","8919.0","8974.2","9028.0","9589.0","10083.0","6.0","0.0","0.0","0.0","0.0","0.0","0.0","0.0","0.0","0.0","0.0","0.0","0.0","0.0","4.5","7.0","0.0"
"2026-09-04T06:05:25+0000","egipt|sharm-el-sheikh|2026-12-24|2026-12-31|7|Warszawa - Modlin|2+1","","egipt","sharm-el-sheikh","2026-12-24","2026-12-31","7.0","Warszawa - Modlin","2+1","111.0","6.0","6.0","10326.0","10372.5","10419.0","10533.5","10972.0","0.0","0.0","0.0","0.0","0.0","0.0","0.0","0.0","0.0","0.0","0.0","0.0","0.0","0.0","4.35","6.0","0.0"
"2026-09-04T06:05:25+0000","egipt|sharm-el-sheikh|2026-12-24|2026-12-31|7|Warszawa|2+1","","egipt","sharm-el-sheikh","2026-12-24","2026-12-31","7.0","Warszawa","2+1","111.0","9.0","9.0","9607.0","9922.2","10091.0","10314.0","10986.0","1.0","0.0","0.0","0.0","0.0","0.0","0.0","0.0","0.0","0.0","0.0","0.0","0.0","0.0","4.1","9.0","0.0"
"2026-09-04T11:31:53+0000","egipt|dahab|2026-12-24|2026-12-31|7|Warszawa|2+1","","egipt","dahab","2026-12-24","2026-12-31","7.0","Warszawa","2+1","111.0","2.0","2.0","9996.0","10069.5","10179.75","10363.5","10731.0","1.0","0.0","0.0","0.0","0.0","0.0","0.0","0.0","0.0","0.0","0.0","0.0","0.0","0.0","4.4","2.0","0.0"
"2026-09-04T11:31:53+0000","egipt|hurghada|2026-12-24|2026-12-31|7|Warszawa - Modlin|2+1","","egipt","hurghada","2026-12-24","2026-12-31","7.0","Warszawa - Modlin","2+1","111.0","7.0","7.0","8798.0","8899.4","9057.0","9416.0","10662.0","5.0","0.0","0.0","0.0","0.0","0.0","0.0","0.0","0.0","0.0","0.0","0.0","0.0","0.0","4.5","5.0","0.0"
"2026-09-04T11:31:53+0000","egipt|hurghada|2026-12-24|2026-12-31|7|Warszawa|2+1","","egipt","hurghada","2026-12-24","2026-12-31","7.0","Warszawa","2+1","111.0","4.0","4.0","9251.0","9353.0","9506.0","10247.5","10941.0","2.0","0.0","0.0","0.0","0.0","0.0","0.0","0.0","0.0","0.0","0.0","0.0","0.0","0.0","4.2","3.0","0.0"
"2026-09-04T11:31:53+0000","egipt|marsa-alam|2026-12-25|2027-01-01|7|Warszawa - Modlin|2+1","","egipt","marsa-alam","2026-12-25","2027-01-01","7.0","Warszawa - Modlin","2+1","112.0","3.0","3.0","9300.0","9381.6","9504.0","9708.0","9886.0","3.0","0.0","0.0","0.0","0.0","0.0","0.0","0.0","0.0","0.0","0.0","0.0","0.0","0.0","4.7","3.0","0.0"
"2026-09-04T11:31:53+0000","egipt|marsa-alam|2026-12-29|2027-01-05|7|Warszawa|2+1","","egipt","marsa-alam","2026-12-29","2027-01-05","7.0","Warszawa","2+1","116.0","3.0","3.0","10267.0","10285.0","10312.0","10357.0","10507.0","0.0","0.0","0.0","0.0","0.0","0.0","0.0","0.0","0.0","0.0","0.0","0.0","0.0","0.0","4.5","2.0","0.0"
"2026-09-04T11:31:53+0000","egipt|marsa-alam|2026-12-30|2027-01-06|7|Warszawa - Modlin|2+1","","egipt","marsa-alam","2026-12-30","2027-01-06","7.0","Warszawa - Modlin","2+1","117.0","8.0","8.0","8919.0","8983.4","9036.5","9782.0","10798.0","6.0","0.0","0.0","0.0","0.0","0.0","0.0","0.0","0.0","0.0","0.0","0.0","0.0","0.0","4.5","8.0","0.0"
"2026-09-04T11:31:53+0000","egipt|sharm-el-sheikh|2026-12-24|2026-12-31|7|Warszawa|2+1","","egipt","sharm-el-sheikh","2026-12-24","2026-12-31","7.0","Warszawa","2+1","111.0","10.0","10.0","9607.0","9961.6","10126.75","10476.5","10986.0","1.0","0.0","0.0","0.0","0.0","0.0","0.0","0.0","0.0","0.0","0.0","0.0","0.0","0.0","4.2","10.0","0.0"
"2026-09-04T16:32:28+0000","egipt|dahab|2026-12-24|2026-12-31|7|Warszawa|2+1","","egipt","dahab","2026-12-24","2026-12-31","7.0","Warszawa","2+1","111.0","2.0","2.0","9996.0","10069.5","10179.75","10363.5","10731.0","1.0","0.0","0.0","0.0","0.0","0.0","0.0","0.0","0.0","0.0","0.0","0.0","0.0","0.0","4.4","2.0","0.0"
"2026-09-04T16:32:28+0000","egipt|hurghada|2026-12-24|2026-12-31|7|Warszawa - Modlin|2+1","","egipt","hurghada","2026-12-24","2026-12-31","7.0","Warszawa - Modlin","2+1","111.0","7.0","7.0","8798.0","8899.4","9057.0","9266.0","10662.0","5.0","0.0","0.0","0.0","0.0","0.0","0.0","0.0","0.0","0.0","0.0","0.0","0.0","0.0","4.5","5.0","0.0"
"2026-09-04T16:32:28+0000","egipt|hurghada|2026-12-24|2026-12-31|7|Warszawa|2+1","","egipt","hurghada","2026-12-24","2026-12-31","7.0","Warszawa","2+1","111.0","4.0","4.0","9251.0","9353.0","9506.0","10247.5","10941.0","2.0","0.0","0.0","0.0","0.0","0.0","0.0","0.0","0.0","0.0","0.0","0.0","0.0","0.0","4.2","3.0","0.0"
"2026-09-04T16:32:28+0000","egipt|marsa-alam|2026-12-28|2027-01-04|7|Warszawa - Modlin|2+1","","egipt","marsa-alam","2026-12-28","2027-01-04","7.0","Warszawa - Modlin","2+1","115.0","1.0","1.0","10443.0","10443.0","10443.0","10443.0","10443.0","0.0","0.0","0.0","0.0","0.0","0.0","0.0","0.0","0.0","0.0","0.0","0.0","0.0","0.0","4.7","1.0","0.0"
"2026-09-04T16:32:28+0000","egipt|marsa-alam|2026-12-29|2027-01-05|7|Warszawa|2+1","","egipt","marsa-alam","2026-12-29","2027-01-05","7.0","Warszawa","2+1","116.0","3.0","3.0","10267.0","10285.0","10312.0","10357.0","10507.0","0.0","0.0","0.0","0.0","0.0","0.0","0.0","0.0","0.0","0.0","0.0","0.0","0.0","0.0","4.5","2.0","0.0"
"2026-09-04T16:32:28+0000","egipt|marsa-alam|2026-12-30|2027-01-06|7|Warszawa - Modlin|2+1","","egipt","marsa-alam","2026-12-30","2027-01-06","7.0","Warszawa - Modlin","2+1","117.0","8.0","8.0","8502.0","8793.9","8988.0","9317.0","10798.0","6.0","0.0","0.0","0.0","0.0","0.0","0.0","0.0","0.0","0.0","0.0","0.0","0.0","0.0","4.5","8.0","0.0"
"2026-09-04T16:32:28+0000","egipt|sharm-el-sheikh|2026-12-24|2026-12-31|7|Warszawa|2+1","","egipt","sharm-el-sheikh","2026-12-24","2026-12-31","7.0","Warszawa","2+1","111.0","10.0","10.0","9607.0","9961.6","10126.75","10476.5","10986.0","1.0","0.0","0.0","0.0","0.0","0.0","0.0","0.0","0.0","0.0","0.0","0.0","0.0","0.0","4.2","10.0","0.0"
"2026-09-04T19:45:05+0000","egipt|dahab|2026-12-24|2026-12-31|7|Warszawa|2+1","","egipt","dahab","2026-12-24","2026-12-31","7.0","Warszawa","2+1","111.0","2.0","2.0","9996.0","10069.5","10179.75","10363.5","10731.0","1.0","0.0","0.0","0.0","0.0","0.0","0.0","0.0","0.0","0.0","0.0","0.0","0.0","0.0","4.4","2.0","0.0"
"2026-09-04T19:45:05+0000","egipt|hurghada|2026-12-24|2026-12-31|7|Warszawa - Modlin|2+1","","egipt","hurghada","2026-12-24","2026-12-31","7.0","Warszawa - Modlin","2+1","111.0","7.0","7.0","8798.0","8899.4","9057.0","9266.0","10662.0","5.0","0.0","0.0","0.0","0.0","0.0","0.0","0.0","0.0","0.0","0.0","0.0","0.0","0.0","4.5","5.0","0.0"
"2026-09-04T19:45:05+0000","egipt|hurghada|2026-12-24|2026-12-31|7|Warszawa|2+1","","egipt","hurghada","2026-12-24","2026-12-31","7.0","Warszawa","2+1","111.0","4.0","4.0","9251.0","9296.6","9365.0","10153.5","10941.0","2.0","0.0","0.0","0.0","0.0","0.0","0.0","0.0","0.0","0.0","0.0","0.0","0.0","0.0","4.2","3.0","0.0"
"2026-09-04T19:45:05+0000","egipt|marsa-alam|2026-12-28|2027-01-04|7|Warszawa - Modlin|2+1","","egipt","marsa-alam","2026-12-28","2027-01-04","7.0","Warszawa - Modlin","2+1","115.0","3.0","3.0","9721.0","9755.8","9808.0","9895.0","10369.0","2.0","0.0","0.0","0.0","0.0","0.0","0.0","0.0","0.0","0.0","0.0","0.0","0.0","0.0","4.6","3.0","0.0"
"2026-09-04T19:45:05+0000","egipt|marsa-alam|2026-12-29|2027-01-05|7|Warszawa|2+1","","egipt","marsa-alam","2026-12-29","2027-01-05","7.0","Warszawa","2+1","116.0","3.0","3.0","10267.0","10285.0","10312.0","10357.0","10507.0","0.0","0.0","0.0","0.0","0.0","0.0","0.0","0.0","0.0","0.0","0.0","0.0","0.0","0.0","4.5","2.0","0.0"
"2026-09-04T19:45:05+0000","egipt|marsa-alam|2026-12-30|2027-01-06|7|Warszawa - Modlin|2+1","","egipt","marsa-alam","2026-12-30","2027-01-06","7.0","Warszawa - Modlin","2+1","117.0","7.0","7.0","8502.0","8752.2","8982.0","9589.0","10798.0","5.0","0.0","0.0","0.0","0.0","0.0","0.0","0.0","0.0","0.0","0.0","0.0","0.0","0.0","4.5","7.0","0.0"
"2026-09-04T19:45:05+0000","egipt|sharm-el-sheikh|2026-12-24|2026-12-31|7|Warszawa|2+1","","egipt","sharm-el-sheikh","2026-12-24","2026-12-31","7.0","Warszawa","2+1","111.0","10.0","10.0","9607.0","9961.6","10126.75","10476.5","10986.0","1.0","0.0","0.0","0.0","0.0","0.0","0.0","0.0","0.0","0.0","0.0","0.0","0.0","0.0","4.2","10.0","0.0"
"2026-09-04T22:29:05+0000","egipt|dahab|2026-12-24|2026-12-31|7|Warszawa|2+1","","egipt","dahab","2026-12-24","2026-12-31","7.0","Warszawa","2+1","111.0","2.0","2.0","9996.0","10069.5","10179.75","10363.5","10731.0","1.0","0.0","0.0","0.0","0.0","0.0","0.0","0.0","0.0","0.0","0.0","0.0","0.0","0.0","4.4","2.0","0.0"
"2026-09-04T22:29:05+0000","egipt|hurghada|2026-12-24|2026-12-31|7|Warszawa - Modlin|2+1","","egipt","hurghada","2026-12-24","2026-12-31","7.0","Warszawa - Modlin","2+1","111.0","7.0","7.0","8798.0","8899.4","9057.0","9266.0","10334.0","5.0","0.0","0.0","0.0","0.0","0.0","0.0","0.0","0.0","0.0","0.0","0.0","0.0","0.0","4.5","5.0","0.0"
"2026-09-04T22:29:05+0000","egipt|hurghada|2026-12-24|2026-12-31|7|Warszawa|2+1","","egipt","hurghada","2026-12-24","2026-12-31","7.0","Warszawa","2+1","111.0","4.0","4.0","9251.0","9296.6","9365.0","10153.5","10941.0","2.0","0.0","0.0","0.0","0.0","0.0","0.0","0.0","0.0","0.0","0.0","0.0","0.0","0.0","4.2","3.0","0.0"
"2026-09-04T22:29:05+0000","egipt|marsa-alam|2026-12-28|2027-01-04|7|Warszawa - Modlin|2+1","","egipt","marsa-alam","2026-12-28","2027-01-04","7.0","Warszawa - Modlin","2+1","115.0","3.0","3.0","9085.0","9212.2","9403.0","9721.0","10443.0","2.0","0.0","0.0","0.0","0.0","0.0","0.0","0.0","0.0","0.0","0.0","0.0","0.0","0.0","4.5","3.0","0.0"
"2026-09-04T22:29:05+0000","egipt|marsa-alam|2026-12-29|2027-01-05|7|Warszawa|2+1","","egipt","marsa-alam","2026-12-29","2027-01-05","7.0","Warszawa","2+1","116.0","3.0","3.0","10267.0","10285.0","10312.0","10357.0","10507.0","0.0","0.0","0.0","0.0","0.0","0.0","0.0","0.0","0.0","0.0","0.0","0.0","0.0","0.0","4.5","2.0","0.0"
"2026-09-04T22:29:05+0000","egipt|marsa-alam|2026-12-30|2027-01-06|7|Warszawa - Modlin|2+1","","egipt","marsa-alam","2026-12-30","2027-01-06","7.0","Warszawa - Modlin","2+1","117.0","6.0","6.0","8919.0","8982.0","9181.0","9791.5","10798.0","4.0","0.0","0.0","0.0","0.0","0.0","0.0","0.0","0.0","0.0","0.0","0.0","0.0","0.0","4.5","6.0","0.0"
"2026-09-04T22:29:05+0000","egipt|sharm-el-sheikh|2026-12-24|2026-12-31|7|Warszawa|2+1","","egipt","sharm-el-sheikh","2026-12-24","2026-12-31","7.0","Warszawa","2+1","111.0","10.0","10.0","9607.0","9961.6","10126.75","10476.5","10986.0","1.0","0.0","0.0","0.0","0.0","0.0","0.0","0.0","0.0","0.0","0.0","0.0","0.0","0.0","4.2","10.0","0.0"
"2026-09-04T22:29:05+0000","egipt|sharm-el-sheikh|2026-12-26|2027-01-02|7|Warszawa - Modlin|2+1","","egipt","sharm-el-sheikh","2026-12-26","2027-01-02","7.0","Warszawa - Modlin","2+1","113.0","1.0","1.0","10475.0","10475.0","10475.0","10475.0","10475.0","0.0","0.0","0.0","0.0","0.0","0.0","0.0","0.0","0.0","0.0","0.0","0.0","0.0","0.0","4.3","1.0","0.0"
"2026-09-05T01:07:48+0000","egipt|dahab|2026-12-24|2026-12-31|7|Warszawa|2+1","","egipt","dahab","2026-12-24","2026-12-31","7.0","Warszawa","2+1","110.0","2.0","2.0","9996.0","10065.8","10170.5","10345.0","10694.0","1.0","0.0","0.0","0.0","0.0","0.0","0.0","0.0","0.0","0.0","0.0","0.0","0.0","0.0","4.4","2.0","0.0"
"2026-09-05T01:07:48+0000","egipt|hurghada|2026-12-24|2026-12-31|7|Warszawa - Modlin|2+1","","egipt","hurghada","2026-12-24","2026-12-31","7.0","Warszawa - Modlin","2+1","110.0","7.0","7.0","8798.0","8899.4","9057.0","9266.0","10334.0","5.0","0.0","0.0","0.0","0.0","0.0","0.0","0.0","0.0","0.0","0.0","0.0","0.0","0.0","4.5","5.0","0.0"
"2026-09-05T01:07:48+0000","egipt|hurghada|2026-12-24|2026-12-31|7|Warszawa|2+1","","egipt","hurghada","2026-12-24","2026-12-31","7.0","Warszawa","2+1","110.0","4.0","4.0","9558.0","9592.5","9644.25","10270.0","10904.0","2.0","0.0","0.0","0.0","0.0","0.0","0.0","0.0","0.0","0.0","0.0","0.0","0.0","0.0","4.2","3.0","0.0"
"2026-09-05T01:07:48+0000","egipt|marsa-alam|2026-12-29|2027-01-05|7|Warszawa|2+1","","egipt","marsa-alam","2026-12-29","2027-01-05","7.0","Warszawa","2+1","115.0","3.0","3.0","10267.0","10285.0","10312.0","10357.0","10507.0","0.0","0.0","0.0","0.0","0.0","0.0","0.0","0.0","0.0","0.0","0.0","0.0","0.0","0.0","4.5","2.0","0.0"
"2026-09-05T01:07:48+0000","egipt|marsa-alam|2026-12-30|2027-01-06|7|Warszawa - Modlin|2+1","","egipt","marsa-alam","2026-12-30","2027-01-06","7.0","Warszawa - Modlin","2+1","116.0","12.0","12.0","8479.0","8886.3","8957.25","9480.0","10951.0","9.0","0.0","0.0","0.0","0.0","0.0","0.0","0.0","0.0","0.0","0.0","0.0","0.0","0.0","4.6","12.0","0.0"
"2026-09-05T01:07:48+0000","egipt|sharm-el-sheikh|2026-12-24|2026-12-31|7|Warszawa|2+1","","egipt","sharm-el-sheikh","2026-12-24","2026-12-31","7.0","Warszawa","2+1","110.0","10.0","10.0","9607.0","9961.6","10126.75","10466.0","10986.0","1.0","0.0","0.0","0.0","0.0","0.0","0.0","0.0","0.0","0.0","0.0","0.0","0.0","0.0","4.2","10.0","0.0"
"2026-09-05T01:07:48+0000","egipt|sharm-el-sheikh|2026-12-26|2027-01-02|7|Warszawa - Modlin|2+1","","egipt","sharm-el-sheikh","2026-12-26","2027-01-02","7.0","Warszawa - Modlin","2+1","112.0","1.0","1.0","10475.0","10475.0","10475.0","10475.0","10475.0","0.0","0.0","0.0","0.0","0.0","0.0","0.0","0.0","0.0","0.0","0.0","0.0","0.0","0.0","4.3","1.0","0.0"
"2026-09-05T05:54:45+0000","egipt|dahab|2026-12-24|2026-12-31|7|Warszawa|2+1","","egipt","dahab","2026-12-24","2026-12-31","7.0","Warszawa","2+1","110.0","2.0","2.0","9962.0","10035.2","10145.0","10328.0","10694.0","1.0","0.0","0.0","0.0","0.0","0.0","0.0","0.0","0.0","0.0","0.0","0.0","0.0","0.0","4.4","2.0","0.0"
"2026-09-05T05:54:45+0000","egipt|hurghada|2026-12-24|2026-12-31|7|Warszawa - Modlin|2+1","","egipt","hurghada","2026-12-24","2026-12-31","7.0","Warszawa - Modlin","2+1","110.0","7.0","7.0","8798.0","8899.4","9057.0","9470.0","10334.0","5.0","0.0","0.0","0.0","0.0","0.0","0.0","0.0","0.0","0.0","0.0","0.0","0.0","0.0","4.5","5.0","0.0"
"2026-09-05T05:54:45+0000","egipt|hurghada|2026-12-24|2026-12-31|7|Warszawa|2+1","","egipt","hurghada","2026-12-24","2026-12-31","7.0","Warszawa","2+1","110.0","4.0","4.0","9558.0","9592.5","9644.25","10270.0","10904.0","2.0","0.0","0.0","0.0","0.0","0.0","0.0","0.0","0.0","0.0","0.0","0.0","0.0","0.0","4.2","3.0","0.0"
"2026-09-05T05:54:45+0000","egipt|marsa-alam|2026-12-28|2027-01-04|7|Warszawa - Modlin|2+1","","egipt","marsa-alam","2026-12-28","2027-01-04","7.0","Warszawa - Modlin","2+1","114.0","1.0","1.0","9687.0","9687.0","9687.0","9687.0","9687.0","1.0","0.0","0.0","0.0","0.0","0.0","0.0","0.0","0.0","0.0","0.0","0.0","0.0","0.0","4.5","1.0","0.0"
"2026-09-05T05:54:45+0000","egipt|marsa-alam|2026-12-29|2027-01-05|7|Warszawa|2+1","","egipt","marsa-alam","2026-12-29","2027-01-05","7.0","Warszawa","2+1","115.0","3.0","3.0","10267.0","10285.0","10312.0","10357.0","10507.0","0.0","0.0","0.0","0.0","0.0","0.0","0.0","0.0","0.0","0.0","0.0","0.0","0.0","0.0","4.5","2.0","0.0"
"2026-09-05T05:54:45+0000","egipt|marsa-alam|2026-12-30|2027-01-06|7|Warszawa - Modlin|2+1","","egipt","marsa-alam","2026-12-30","2027-01-06","7.0","Warszawa - Modlin","2+1","116.0","12.0","12.0","8479.0","8886.3","8982.75","9555.5","10951.0","9.0","0.0","0.0","0.0","0.0","0.0","0.0","0.0","0.0","0.0","0.0","0.0","0.0","0.0","4.65","12.0","0.0"
"2026-09-05T05:54:45+0000","egipt|sharm-el-sheikh|2026-12-24|2026-12-31|7|Warszawa - Modlin|2+1","","egipt","sharm-el-sheikh","2026-12-24","2026-12-31","7.0","Warszawa - Modlin","2+1","110.0","1.0","1.0","10901.0","10901.0","10901.0","10901.0","10901.0","0.0","0.0","0.0","0.0","0.0","0.0","0.0","0.0","0.0","0.0","0.0","0.0","0.0","0.0","4.3","1.0","0.0"
"2026-09-05T05:54:45+0000","egipt|sharm-el-sheikh|2026-12-24|2026-12-31|7|Warszawa|2+1","","egipt","sharm-el-sheikh","2026-12-24","2026-12-31","7.0","Warszawa","2+1","110.0","11.0","11.0","9574.0","9967.0","10127.0","10603.0","10993.0","2.0","0.0","0.0","0.0","0.0","0.0","0.0","0.0","0.0","0.0","0.0","0.0","0.0","0.0","4.3","11.0","0.0"
"2026-09-05T10:48:59+0000","egipt|dahab|2026-12-24|2026-12-31|7|Warszawa|2+1","","egipt","dahab","2026-12-24","2026-12-31","7.0","Warszawa","2+1","110.0","2.0","2.0","9962.0","10035.2","10145.0","10328.0","10694.0","1.0","0.0","0.0","0.0","0.0","0.0","0.0","0.0","0.0","0.0","0.0","0.0","0.0","0.0","4.4","2.0","0.0"
"2026-09-05T10:48:59+0000","egipt|hurghada|2026-12-24|2026-12-31|7|Warszawa - Modlin|2+1","","egipt","hurghada","2026-12-24","2026-12-31","7.0","Warszawa - Modlin","2+1","110.0","8.0","8.0","7906.0","8275.6","8600.5","8972.5","10526.0","7.0","1.0","0.0","0.0","0.0","0.0","0.0","0.0","0.0","0.0","0.0","0.0","0.0","0.0","4.45","6.0","0.0"
"2026-09-05T10:48:59+0000","egipt|hurghada|2026-12-24|2026-12-31|7|Warszawa|2+1","","egipt","hurghada","2026-12-24","2026-12-31","7.0","Warszawa","2+1","110.0","3.0","3.0","9376.0","9435.4","9524.5","9673.0","10867.0","2.0","0.0","0.0","0.0","0.0","0.0","0.0","0.0","0.0","0.0","0.0","0.0","0.0","0.0","3.8","2.0","0.0"
"2026-09-05T10:48:59+0000","egipt|marsa-alam|2026-12-28|2027-01-04|7|Warszawa - Modlin|2+1","","egipt","marsa-alam","2026-12-28","2027-01-04","7.0","Warszawa - Modlin","2+1","114.0","1.0","1.0","9687.0","9687.0","9687.0","9687.0","9687.0","1.0","0.0","0.0","0.0","0.0","0.0","0.0","0.0","0.0","0.0","0.0","0.0","0.0","0.0","4.5","1.0","0.0"
"2026-09-05T10:48:59+0000","egipt|marsa-alam|2026-12-29|2027-01-05|7|Warszawa|2+1","","egipt","marsa-alam","2026-12-29","2027-01-05","7.0","Warszawa","2+1","115.0","3.0","3.0","10267.0","10285.0","10312.0","10357.0","10507.0","0.0","0.0","0.0","0.0","0.0","0.0","0.0","0.0","0.0","0.0","0.0","0.0","0.0","0.0","4.5","2.0","0.0"
"2026-09-05T10:48:59+0000","egipt|marsa-alam|2026-12-30|2027-01-06|7|Warszawa - Modlin|2+1","","egipt","marsa-alam","2026-12-30","2027-01-06","7.0","Warszawa - Modlin","2+1","116.0","11.0","11.0","8479.0","8886.0","8951.5","9556.0","10718.0","8.0","0.0","0.0","0.0","0.0","0.0","0.0","0.0","0.0","0.0","0.0","0.0","0.0","0.0","4.6","11.0","0.0"
"2026-09-05T10:48:59+0000","egipt|sharm-el-sheikh|2026-12-24|2026-12-31|7|Warszawa - Modlin|2+1","","egipt","sharm-el-sheikh","2026-12-24","2026-12-31","7.0","Warszawa - Modlin","2+1","110.0","1.0","1.0","10746.0","10746.0","10746.0","10746.0","10746.0","0.0","0.0","0.0","0.0","0.0","0.0","0.0","0.0","0.0","0.0","0.0","0.0","0.0","0.0","4.3","1.0","0.0"
"2026-09-05T10:48:59+0000","egipt|sharm-el-sheikh|2026-12-24|2026-12-31|7|Warszawa|2+1","","egipt","sharm-el-sheikh","2026-12-24","2026-12-31","7.0","Warszawa","2+1","110.0","11.0","11.0","9574.0","9967.0","10127.0","10603.0","10993.0","2.0","0.0","0.0","0.0","0.0","0.0","0.0","0.0","0.0","0.0","0.0","0.0","0.0","0.0","4.3","11.0","0.0"
"2026-09-05T13:58:31+0000","egipt|dahab|2026-12-24|2026-12-31|7|Warszawa|2+1","","egipt","dahab","2026-12-24","2026-12-31","7.0","Warszawa","2+1","110.0","2.0","2.0","9962.0","10035.2","10145.0","10328.0","10694.0","1.0","0.0","0.0","0.0","0.0","0.0","0.0","0.0","0.0","0.0","0.0","0.0","0.0","0.0","4.4","2.0","0.0"
"2026-09-05T13:58:31+0000","egipt|hurghada|2026-12-24|2026-12-31|7|Warszawa - Modlin|2+1","","egipt","hurghada","2026-12-24","2026-12-31","7.0","Warszawa - Modlin","2+1","110.0","7.0","7.0","8840.0","8916.2","9057.0","9326.0","10662.0","5.0","0.0","0.0","0.0","0.0","0.0","0.0","0.0","0.0","0.0","0.0","0.0","0.0","0.0","4.5","5.0","0.0"
"2026-09-05T13:58:31+0000","egipt|hurghada|2026-12-24|2026-12-31|7|Warszawa|2+1","","egipt","hurghada","2026-12-24","2026-12-31","7.0","Warszawa","2+1","110.0","4.0","4.0","9376.0","9465.1","9598.75","10270.0","10904.0","2.0","0.0","0.0","0.0","0.0","0.0","0.0","0.0","0.0","0.0","0.0","0.0","0.0","0.0","4.2","3.0","0.0"
"2026-09-05T13:58:31+0000","egipt|marsa-alam|2026-12-25|2027-01-01|7|Warszawa - Modlin|2+1","","egipt","marsa-alam","2026-12-25","2027-01-01","7.0","Warszawa - Modlin","2+1","111.0","2.0","2.0","9940.0","9972.4","10021.0","10102.0","10264.0","1.0","0.0","0.0","0.0","0.0","0.0","0.0","0.0","0.0","0.0","0.0","0.0","0.0","0.0","4.6","2.0","0.0"
"2026-09-05T13:58:31+0000","egipt|marsa-alam|2026-12-29|2027-01-05|7|Warszawa|2+1","","egipt","marsa-alam","2026-12-29","2027-01-05","7.0","Warszawa","2+1","115.0","3.0","3.0","10267.0","10285.0","10312.0","10357.0","10507.0","0.0","0.0","0.0","0.0","0.0","0.0","0.0","0.0","0.0","0.0","0.0","0.0","0.0","0.0","4.5","2.0","0.0"
"2026-09-05T13:58:31+0000","egipt|marsa-alam|2026-12-30|2027-01-06|7|Warszawa - Modlin|2+1","","egipt","marsa-alam","2026-12-30","2027-01-06","7.0","Warszawa - Modlin","2+1","116.0","10.0","10.0","8479.0","8845.3","8920.25","9480.0","10718.0","7.0","0.0","0.0","0.0","0.0","0.0","0.0","0.0","0.0","0.0","0.0","0.0","0.0","0.0","4.6","10.0","0.0"
"2026-09-05T13:58:31+0000","egipt|sharm-el-sheikh|2026-12-24|2026-12-31|7|Warszawa - Modlin|2+1","","egipt","sharm-el-sheikh","2026-12-24","2026-12-31","7.0","Warszawa - Modlin","2+1","110.0","1.0","1.0","10746.0","10746.0","10746.0","10746.0","10746.0","0.0","0.0","0.0","0.0","0.0","0.0","0.0","0.0","0.0","0.0","0.0","0.0","0.0","0.0","4.3","1.0","0.0"
"2026-09-05T13:58:31+0000","egipt|sharm-el-sheikh|2026-12-24|2026-12-31|7|Warszawa|2+1","","egipt","sharm-el-sheikh","2026-12-24","2026-12-31","7.0","Warszawa","2+1","110.0","11.0","11.0","9574.0","9967.0","10127.0","10603.0","10993.0","2.0","0.0","0.0","0.0","0.0","0.0","0.0","0.0","0.0","0.0","0.0","0.0","0.0","0.0","4.3","11.0","0.0"
"2026-09-05T16:56:15+0000","egipt|dahab|2026-12-24|2026-12-31|7|Warszawa|2+1","","egipt","dahab","2026-12-24","2026-12-31","7.0","Warszawa","2+1","110.0","2.0","2.0","9962.0","10035.2","10145.0","10328.0","10694.0","1.0","0.0","0.0","0.0","0.0","0.0","0.0","0.0","0.0","0.0","0.0","0.0","0.0","0.0","4.4","2.0","0.0"
"2026-09-05T16:56:15+0000","egipt|hurghada|2026-12-24|2026-12-31|7|Warszawa - Modlin|2+1","","egipt","hurghada","2026-12-24","2026-12-31","7.0","Warszawa - Modlin","2+1","110.0","7.0","7.0","8840.0","8916.2","9057.0","9266.0","10662.0","5.0","0.0","0.0","0.0","0.0","0.0","0.0","0.0","0.0","0.0","0.0","0.0","0.0","0.0","4.5","5.0","0.0"
"2026-09-05T16:56:15+0000","egipt|hurghada|2026-12-24|2026-12-31|7|Warszawa|2+1","","egipt","hurghada","2026-12-24","2026-12-31","7.0","Warszawa","2+1","110.0","4.0","4.0","9376.0","9465.1","9598.75","10270.0","10904.0","2.0","0.0","0.0","0.0","0.0","0.0","0.0","0.0","0.0","0.0","0.0","0.0","0.0","0.0","4.2","3.0","0.0"
"2026-09-05T16:56:15+0000","egipt|marsa-alam|2026-12-25|2027-01-01|7|Warszawa - Modlin|2+1","","egipt","marsa-alam","2026-12-25","2027-01-01","7.0","Warszawa - Modlin","2+1","111.0","2.0","2.0","9940.0","9972.4","10021.0","10102.0","10264.0","1.0","0.0","0.0","0.0","0.0","0.0","0.0","0.0","0.0","0.0","0.0","0.0","0.0","0.0","4.6","2.0","0.0"
"2026-09-05T16:56:15+0000","egipt|marsa-alam|2026-12-29|2027-01-05|7|Warszawa|2+1","","egipt","marsa-alam","2026-12-29","2027-01-05","7.0","Warszawa","2+1","115.0","3.0","3.0","10267.0","10285.0","10312.0","10357.0","10507.0","0.0","0.0","0.0","0.0","0.0","0.0","0.0","0.0","0.0","0.0","0.0","0.0","0.0","0.0","4.5","2.0","0.0"
"2026-09-05T16:56:15+0000","egipt|marsa-alam|2026-12-30|2027-01-06|7|Warszawa - Modlin|2+1","","egipt","marsa-alam","2026-12-30","2027-01-06","7.0","Warszawa - Modlin","2+1","116.0","10.0","10.0","8479.0","8848.0","9230.75","9572.0","10956.0","7.0","0.0","0.0","0.0","0.0","0.0","0.0","0.0","0.0","0.0","0.0","0.0","0.0","0.0","4.6","10.0","0.0"
"2026-09-05T16:56:15+0000","egipt|sharm-el-sheikh|2026-12-24|2026-12-31|7|Warszawa - Modlin|2+1","","egipt","sharm-el-sheikh","2026-12-24","2026-12-31","7.0","Warszawa - Modlin","2+1","110.0","8.0","8.0","9559.0","9625.5","9654.0","10026.5","10746.0","4.0","0.0","0.0","0.0","0.0","0.0","0.0","0.0","0.0","0.0","0.0","0.0","0.0","0.0","4.25","8.0","0.0"
"2026-09-05T16:56:15+0000","egipt|sharm-el-sheikh|2026-12-24|2026-12-31|7|Warszawa|2+1","","egipt","sharm-el-sheikh","2026-12-24","2026-12-31","7.0","Warszawa","2+1","110.0","9.0","9.0","9574.0","9888.4","10056.0","10279.0","10948.0","2.0","0.0","0.0","0.0","0.0","0.0","0.0","0.0","0.0","0.0","0.0","0.0","0.0","0.0","4.1","9.0","0.0"
"2026-09-05T19:10:18+0000","egipt|dahab|2026-12-24|2026-12-31|7|Warszawa|2+1","","egipt","dahab","2026-12-24","2026-12-31","7.0","Warszawa","2+1","110.0","2.0","2.0","9962.0","10035.2","10145.0","10328.0","10694.0","1.0","0.0","0.0","0.0","0.0","0.0","0.0","0.0","0.0","0.0","0.0","0.0","0.0","0.0","4.4","2.0","0.0"
"2026-09-05T19:10:18+0000","egipt|hurghada|2026-12-24|2026-12-31|7|Warszawa - Modlin|2+1","","egipt","hurghada","2026-12-24","2026-12-31","7.0","Warszawa - Modlin","2+1","110.0","7.0","7.0","8822.0","8909.0","9057.0","9266.0","10662.0","5.0","0.0","0.0","0.0","0.0","0.0","0.0","0.0","0.0","0.0","0.0","0.0","0.0","0.0","4.5","5.0","0.0"
"2026-09-05T19:10:18+0000","egipt|hurghada|2026-12-24|2026-12-31|7|Warszawa|2+1","","egipt","hurghada","2026-12-24","2026-12-31","7.0","Warszawa","2+1","110.0","4.0","4.0","9376.0","9465.1","9598.75","10270.0","10904.0","2.0","0.0","0.0","0.0","0.0","0.0","0.0","0.0","0.0","0.0","0.0","0.0","0.0","0.0","4.2","3.0","0.0"
"2026-09-05T19:10:18+0000","egipt|marsa-alam|2026-12-25|2027-01-01|7|Warszawa - Modlin|2+1","","egipt","marsa-alam","2026-12-25","2027-01-01","7.0","Warszawa - Modlin","2+1","111.0","2.0","2.0","9940.0","9972.4","10021.0","10102.0","10264.0","1.0","0.0","0.0","0.0","0.0","0.0","0.0","0.0","0.0","0.0","0.0","0.0","0.0","0.0","4.6","2.0","0.0"
"2026-09-05T19:10:18+0000","egipt|marsa-alam|2026-12-29|2027-01-05|7|Warszawa|2+1","","egipt","marsa-alam","2026-12-29","2027-01-05","7.0","Warszawa","2+1","115.0","3.0","3.0","10267.0","10285.0","10312.0","10357.0","10507.0","0.0","0.0","0.0","0.0","0.0","0.0","0.0","0.0","0.0","0.0","0.0","0.0","0.0","0.0","4.5","2.0","0.0"
"2026-09-05T19:10:18+0000","egipt|marsa-alam|2026-12-30|2027-01-06|7|Warszawa - Modlin|2+1","","egipt","marsa-alam","2026-12-30","2027-01-06","7.0","Warszawa - Modlin","2+1","116.0","9.0","9.0","8479.0","8807.0","9199.0","9556.0","10956.0","7.0","0.0","0.0","0.0","0.0","0.0","0.0","0.0","0.0","0.0","0.0","0.0","0.0","0.0","4.5","9.0","0.0"
"2026-09-05T19:10:18+0000","egipt|sharm-el-sheikh|2026-12-24|2026-12-31|7|Warszawa - Modlin|2+1","","egipt","sharm-el-sheikh","2026-12-24","2026-12-31","7.0","Warszawa - Modlin","2+1","110.0","8.0","8.0","9559.0","9625.5","9654.0","10026.5","10746.0","4.0","0.0","0.0","0.0","0.0","0.0","0.0","0.0","0.0","0.0","0.0","0.0","0.0","0.0","4.25","8.0","0.0"
"2026-09-05T19:10:18+0000","egipt|sharm-el-sheikh|2026-12-24|2026-12-31|7|Warszawa|2+1","","egipt","sharm-el-sheikh","2026-12-24","2026-12-31","7.0","Warszawa","2+1","110.0","9.0","9.0","9574.0","9888.4","10056.0","10279.0","10948.0","2.0","0.0","0.0","0.0","0.0","0.0","0.0","0.0","0.0","0.0","0.0","0.0","0.0","0.0","4.1","9.0","0.0"
"2026-09-05T21:24:19+0000","egipt|dahab|2026-12-24|2026-12-31|7|Warszawa|2+1","","egipt","dahab","2026-12-24","2026-12-31","7.0","Warszawa","2+1","110.0","2.0","2.0","9962.0","10035.2","10145.0","10328.0","10694.0","1.0","0.0","0.0","0.0","0.0","0.0","0.0","0.0","0.0","0.0","0.0","0.0","0.0","0.0","4.4","2.0","0.0"
"2026-09-05T21:24:19+0000","egipt|hurghada|2026-12-24|2026-12-31|7|Warszawa - Modlin|2+1","","egipt","hurghada","2026-12-24","2026-12-31","7.0","Warszawa - Modlin","2+1","110.0","8.0","8.0","7866.0","8235.6","8560.5","8984.5","10486.0","7.0","1.0","0.0","0.0","0.0","0.0","0.0","0.0","0.0","0.0","0.0","0.0","0.0","0.0","4.45","6.0","0.0"
"2026-09-05T21:24:19+0000","egipt|hurghada|2026-12-24|2026-12-31|7|Warszawa|2+1","","egipt","hurghada","2026-12-24","2026-12-31","7.0","Warszawa","2+1","110.0","3.0","3.0","9376.0","9435.4","9524.5","9673.0","10867.0","2.0","0.0","0.0","0.0","0.0","0.0","0.0","0.0","0.0","0.0","0.0","0.0","0.0","0.0","3.8","2.0","0.0"
"2026-09-05T21:24:19+0000","egipt|marsa-alam|2026-12-25|2027-01-01|7|Warszawa - Modlin|2+1","","egipt","marsa-alam","2026-12-25","2027-01-01","7.0","Warszawa - Modlin","2+1","111.0","2.0","2.0","9940.0","9972.4","10021.0","10102.0","10264.0","1.0","0.0","0.0","0.0","0.0","0.0","0.0","0.0","0.0","0.0","0.0","0.0","0.0","0.0","4.6","2.0","0.0"
"2026-09-05T21:24:19+0000","egipt|marsa-alam|2026-12-29|2027-01-05|7|Warszawa|2+1","","egipt","marsa-alam","2026-12-29","2027-01-05","7.0","Warszawa","2+1","115.0","3.0","3.0","10267.0","10285.0","10312.0","10357.0","10507.0","0.0","0.0","0.0","0.0","0.0","0.0","0.0","0.0","0.0","0.0","0.0","0.0","0.0","0.0","4.5","2.0","0.0"
"2026-09-05T21:24:19+0000","egipt|marsa-alam|2026-12-30|2027-01-06|7|Warszawa - Modlin|2+1","","egipt","marsa-alam","2026-12-30","2027-01-06","7.0","Warszawa - Modlin","2+1","116.0","9.0","9.0","8889.0","9137.0","9326.0","9772.0","10956.0","7.0","0.0","0.0","0.0","0.0","0.0","0.0","0.0","0.0","0.0","0.0","0.0","0.0","0.0","4.5","9.0","0.0"
"2026-09-05T21:24:19+0000","egipt|sharm-el-sheikh|2026-12-24|2026-12-31|7|Warszawa - Modlin|2+1","","egipt","sharm-el-sheikh","2026-12-24","2026-12-31","7.0","Warszawa - Modlin","2+1","110.0","1.0","1.0","10746.0","10746.0","10746.0","10746.0","10746.0","0.0","0.0","0.0","0.0","0.0","0.0","0.0","0.0","0.0","0.0","0.0","0.0","0.0","0.0","4.3","1.0","0.0"
"2026-09-05T21:24:19+0000","egipt|sharm-el-sheikh|2026-12-24|2026-12-31|7|Warszawa|2+1","","egipt","sharm-el-sheikh","2026-12-24","2026-12-31","7.0","Warszawa","2+1","110.0","11.0","11.0","9574.0","9967.0","10127.0","10603.0","10993.0","2.0","0.0","0.0","0.0","0.0","0.0","0.0","0.0","0.0","0.0","0.0","0.0","0.0","0.0","4.3","11.0","0.0"
"2026-09-06T04:52:47+0000","egipt|dahab|2026-12-24|2026-12-31|7|Warszawa|2+1","","egipt","dahab","2026-12-24","2026-12-31","7.0","Warszawa","2+1","109.0","2.0","2.0","9962.0","10035.2","10145.0","10328.0","10694.0","1.0","0.0","0.0","0.0","0.0","0.0","0.0","0.0","0.0","0.0","0.0","0.0","0.0","0.0","4.4","2.0","0.0"
"2026-09-06T04:52:47+0000","egipt|hurghada|2026-12-24|2026-12-31|7|Warszawa - Modlin|2+1","","egipt","hurghada","2026-12-24","2026-12-31","7.0","Warszawa - Modlin","2+1","109.0","7.0","7.0","8822.0","8909.0","9057.0","9326.0","10662.0","5.0","0.0","0.0","0.0","0.0","0.0","0.0","0.0","0.0","0.0","0.0","0.0","0.0","0.0","4.5","5.0","0.0"
"2026-09-06T04:52:47+0000","egipt|hurghada|2026-12-24|2026-12-31|7|Warszawa|2+1","","egipt","hurghada","2026-12-24","2026-12-31","7.0","Warszawa","2+1","109.0","4.0","4.0","9376.0","9465.1","9598.75","10270.0","10904.0","2.0","0.0","0.0","0.0","0.0","0.0","0.0","0.0","0.0","0.0","0.0","0.0","0.0","0.0","4.2","3.0","0.0"
"2026-09-06T04:52:47+0000","egipt|marsa-alam|2026-12-25|2027-01-01|7|Warszawa - Modlin|2+1","","egipt","marsa-alam","2026-12-25","2027-01-01","7.0","Warszawa - Modlin","2+1","110.0","2.0","2.0","9940.0","9972.4","10021.0","10102.0","10264.0","1.0","0.0","0.0","0.0","0.0","0.0","0.0","0.0","0.0","0.0","0.0","0.0","0.0","0.0","4.6","2.0","0.0"
"2026-09-06T04:52:47+0000","egipt|marsa-alam|2026-12-29|2027-01-05|7|Warszawa|2+1","","egipt","marsa-alam","2026-12-29","2027-01-05","7.0","Warszawa","2+1","114.0","3.0","3.0","10267.0","10285.0","10312.0","10357.0","10507.0","0.0","0.0","0.0","0.0","0.0","0.0","0.0","0.0","0.0","0.0","0.0","0.0","0.0","0.0","4.5","2.0","0.0"
"2026-09-06T04:52:47+0000","egipt|marsa-alam|2026-12-30|2027-01-06|7|Warszawa - Modlin|2+1","","egipt","marsa-alam","2026-12-30","2027-01-06","7.0","Warszawa - Modlin","2+1","115.0","9.0","9.0","8889.0","9137.0","9326.0","9772.0","10956.0","7.0","0.0","0.0","0.0","0.0","0.0","0.0","0.0","0.0","0.0","0.0","0.0","0.0","0.0","4.5","9.0","0.0"
"2026-09-06T04:52:47+0000","egipt|sharm-el-sheikh|2026-12-24|2026-12-31|7|Warszawa - Modlin|2+1","","egipt","sharm-el-sheikh","2026-12-24","2026-12-31","7.0","Warszawa - Modlin","2+1","109.0","1.0","1.0","10746.0","10746.0","10746.0","10746.0","10746.0","0.0","0.0","0.0","0.0","0.0","0.0","0.0","0.0","0.0","0.0","0.0","0.0","0.0","0.0","4.3","1.0","0.0"
"2026-09-06T04:52:47+0000","egipt|sharm-el-sheikh|2026-12-24|2026-12-31|7|Warszawa|2+1","","egipt","sharm-el-sheikh","2026-12-24","2026-12-31","7.0","Warszawa","2+1","109.0","11.0","11.0","9574.0","9967.0","10127.0","10603.0","10993.0","2.0","0.0","0.0","0.0","0.0","0.0","0.0","0.0","0.0","0.0","0.0","0.0","0.0","0.0","4.3","11.0","0.0"
"2026-09-06T09:34:56+0000","egipt|dahab|2026-12-24|2026-12-31|7|Warszawa|2+1","","egipt","dahab","2026-12-24","2026-12-31","7.0","Warszawa","2+1","109.0","2.0","2.0","9962.0","10035.2","10145.0","10328.0","10694.0","1.0","0.0","0.0","0.0","0.0","0.0","0.0","0.0","0.0","0.0","0.0","0.0","0.0","0.0","4.4","2.0","0.0"
"2026-09-06T09:34:56+0000","egipt|hurghada|2026-12-24|2026-12-31|7|Warszawa - Modlin|2+1","","egipt","hurghada","2026-12-24","2026-12-31","7.0","Warszawa - Modlin","2+1","109.0","9.0","9.0","8102.0","8367.6","8656.0","8858.0","10526.0","8.0","0.0","0.0","0.0","0.0","0.0","0.0","0.0","0.0","0.0","0.0","0.0","0.0","0.0","4.5","7.0","0.0"
"2026-09-06T09:34:56+0000","egipt|hurghada|2026-12-24|2026-12-31|7|Warszawa|2+1","","egipt","hurghada","2026-12-24","2026-12-31","7.0","Warszawa","2+1","109.0","3.0","3.0","9376.0","9435.4","9524.5","9673.0","10867.0","2.0","0.0","0.0","0.0","0.0","0.0","0.0","0.0","0.0","0.0","0.0","0.0","0.0","0.0","3.8","2.0","0.0"
"2026-09-06T09:34:56+0000","egipt|marsa-alam|2026-12-25|2027-01-01|7|Warszawa - Modlin|2+1","","egipt","marsa-alam","2026-12-25","2027-01-01","7.0","Warszawa - Modlin","2+1","110.0","2.0","2.0","9940.0","9972.4","10021.0","10102.0","10264.0","1.0","0.0","0.0","0.0","0.0","0.0","0.0","0.0","0.0","0.0","0.0","0.0","0.0","0.0","4.6","2.0","0.0"
"2026-09-06T09:34:56+0000","egipt|marsa-alam|2026-12-29|2027-01-05|7|Warszawa|2+1","","egipt","marsa-alam","2026-12-29","2027-01-05","7.0","Warszawa","2+1","114.0","3.0","3.0","10267.0","10285.0","10312.0","10357.0","10507.0","0.0","0.0","0.0","0.0","0.0","0.0","0.0","0.0","0.0","0.0","0.0","0.0","0.0","0.0","4.5","2.0","0.0"
"2026-09-06T09:34:56+0000","egipt|marsa-alam|2026-12-30|2027-01-06|7|Warszawa - Modlin|2+1","","egipt","marsa-alam","2026-12-30","2027-01-06","7.0","Warszawa - Modlin","2+1","115.0","8.0","8.0","8889.0","9106.0","9294.25","9744.0","10976.0","6.0","0.0","0.0","0.0","0.0","0.0","0.0","0.0","0.0","0.0","0.0","0.0","0.0","0.0","4.5","8.0","0.0"
"2026-09-06T09:34:56+0000","egipt|sharm-el-sheikh|2026-12-24|2026-12-31|7|Warszawa - Modlin|2+1","","egipt","sharm-el-sheikh","2026-12-24","2026-12-31","7.0","Warszawa - Modlin","2+1","109.0","1.0","1.0","10746.0","10746.0","10746.0","10746.0","10746.0","0.0","0.0","0.0","0.0","0.0","0.0","0.0","0.0","0.0","0.0","0.0","0.0","0.0","0.0","4.3","1.0","0.0"
"2026-09-06T09:34:56+0000","egipt|sharm-el-sheikh|2026-12-24|2026-12-31|7|Warszawa|2+1","","egipt","sharm-el-sheikh","2026-12-24","2026-12-31","7.0","Warszawa","2+1","109.0","11.0","11.0","9574.0","9967.0","10127.0","10603.0","10993.0","2.0","0.0","0.0","0.0","0.0","0.0","0.0","0.0","0.0","0.0","0.0","0.0","0.0","0.0","4.3","11.0","0.0"
"2026-09-06T11:03:59+0000","egipt|dahab|2026-12-24|2026-12-31|7|Warszawa|2+1","","egipt","dahab","2026-12-24","2026-12-31","7.0","Warszawa","2+1","109.0","2.0","2.0","9968.0","10040.6","10149.5","10331.0","10694.0","1.0","0.0","0.0","0.0","0.0","0.0","0.0","0.0","0.0","0.0","0.0","0.0","0.0","0.0","4.4","2.0","0.0"
"2026-09-06T11:03:59+0000","egipt|hurghada|2026-12-24|2026-12-31|7|Warszawa - Modlin|2+1","","egipt","hurghada","2026-12-24","2026-12-31","7.0","Warszawa - Modlin","2+1","109.0","7.0","7.0","8858.0","8923.4","9057.0","9326.0","10662.0","5.0","0.0","0.0","0.0","0.0","0.0","0.0","0.0","0.0","0.0","0.0","0.0","0.0","0.0","4.5","5.0","0.0"
"2026-09-06T11:03:59+0000","egipt|hurghada|2026-12-24|2026-12-31|7|Warszawa|2+1","","egipt","hurghada","2026-12-24","2026-12-31","7.0","Warszawa","2+1","109.0","3.0","3.0","9673.0","9911.8","10270.0","10867.0","10904.0","1.0","0.0","0.0","0.0","0.0","0.0","0.0","0.0","0.0","0.0","0.0","0.0","0.0","0.0","4.25","2.0","0.0"
"2026-09-06T11:03:59+0000","egipt|hurghada|2026-12-27|2027-01-03|7|Warszawa|2+1","","egipt","hurghada","2026-12-27","2027-01-03","7.0","Warszawa","2+1","112.0","1.0","1.0","10963.0","10963.0","10963.0","10963.0","10963.0","0.0","0.0","0.0","0.0","0.0","0.0","0.0","0.0","0.0","0.0","0.0","0.0","0.0","0.0","3.4","1.0","0.0"
"2026-09-06T11:03:59+0000","egipt|marsa-alam|2026-12-25|2027-01-01|7|Warszawa - Modlin|2+1","","egipt","marsa-alam","2026-12-25","2027-01-01","7.0","Warszawa - Modlin","2+1","110.0","1.0","1.0","9940.0","9940.0","9940.0","9940.0","9940.0","1.0","0.0","0.0","0.0","0.0","0.0","0.0","0.0","0.0","0.0","0.0","0.0","0.0","0.0","4.5","1.0","0.0"
"2026-09-06T11:03:59+0000","egipt|marsa-alam|2026-12-29|2027-01-05|7|Warszawa|2+1","","egipt","marsa-alam","2026-12-29","2027-01-05","7.0","Warszawa","2+1","114.0","3.0","3.0","10261.0","10280.2","10309.0","10357.0","10507.0","0.0","0.0","0.0","0.0","0.0","0.0","0.0","0.0","0.0","0.0","0.0","0.0","0.0","0.0","4.5","2.0","0.0"
"2026-09-06T11:03:59+0000","egipt|marsa-alam|2026-12-30|2027-01-06|7|Warszawa - Modlin|2+1","","egipt","marsa-alam","2026-12-30","2027-01-06","7.0","Warszawa - Modlin","2+1","115.0","10.0","10.0","8889.0","9282.3","9650.0","9947.5","10976.0","6.0","0.0","0.0","0.0","0.0","0.0","0.0","0.0","0.0","0.0","0.0","0.0","0.0","0.0","4.55","10.0","0.0"
"2026-09-06T11:03:59+0000","egipt|sharm-el-sheikh|2026-12-24|2026-12-31|7|Warszawa - Modlin|2+1","","egipt","sharm-el-sheikh","2026-12-24","2026-12-31","7.0","Warszawa - Modlin","2+1","109.0","1.0","1.0","10746.0","10746.0","10746.0","10746.0","10746.0","0.0","0.0","0.0","0.0","0.0","0.0","0.0","0.0","0.0","0.0","0.0","0.0","0.0","0.0","4.3","1.0","0.0"
"2026-09-06T11:03:59+0000","egipt|sharm-el-sheikh|2026-12-24|2026-12-31|7|Warszawa|2+1","","egipt","sharm-el-sheikh","2026-12-24","2026-12-31","7.0","Warszawa","2+1","109.0","11.0","11.0","9574.0","9973.0","10130.5","10603.0","10993.0","2.0","0.0","0.0","0.0","0.0","0.0","0.0","0.0","0.0","0.0","0.0","0.0","0.0","0.0","4.3","11.0","0.0"
"2026-09-06T13:47:50+0000","egipt|dahab|2026-12-24|2026-12-31|7|Warszawa|2+1","","egipt","dahab","2026-12-24","2026-12-31","7.0","Warszawa","2+1","109.0","2.0","2.0","9968.0","10040.6","10149.5","10331.0","10694.0","1.0","0.0","0.0","0.0","0.0","0.0","0.0","0.0","0.0","0.0","0.0","0.0","0.0","0.0","4.4","2.0","0.0"
"2026-09-06T13:47:50+0000","egipt|hurghada|2026-12-24|2026-12-31|7|Warszawa - Modlin|2+1","","egipt","hurghada","2026-12-24","2026-12-31","7.0","Warszawa - Modlin","2+1","109.0","7.0","7.0","8858.0","8923.4","9057.0","9326.0","10662.0","5.0","0.0","0.0","0.0","0.0","0.0","0.0","0.0","0.0","0.0","0.0","0.0","0.0","0.0","4.5","5.0","0.0"
"2026-09-06T13:47:50+0000","egipt|hurghada|2026-12-24|2026-12-31|7|Warszawa|2+1","","egipt","hurghada","2026-12-24","2026-12-31","7.0","Warszawa","2+1","109.0","4.0","4.0","9376.0","9465.1","9598.75","10270.0","10912.0","2.0","0.0","0.0","0.0","0.0","0.0","0.0","0.0","0.0","0.0","0.0","0.0","0.0","0.0","4.2","3.0","0.0"
"2026-09-06T13:47:50+0000","egipt|marsa-alam|2026-12-25|2027-01-01|7|Warszawa - Modlin|2+1","","egipt","marsa-alam","2026-12-25","2027-01-01","7.0","Warszawa - Modlin","2+1","110.0","2.0","2.0","9940.0","9972.4","10021.0","10102.0","10264.0","1.0","0.0","0.0","0.0","0.0","0.0","0.0","0.0","0.0","0.0","0.0","0.0","0.0","0.0","4.6","2.0","0.0"
"2026-09-06T13:47:50+0000","egipt|marsa-alam|2026-12-29|2027-01-05|7|Warszawa|2+1","","egipt","marsa-alam","2026-12-29","2027-01-05","7.0","Warszawa","2+1","114.0","3.0","3.0","10261.0","10280.2","10309.0","10357.0","10507.0","0.0","0.0","0.0","0.0","0.0","0.0","0.0","0.0","0.0","0.0","0.0","0.0","0.0","0.0","4.5","2.0","0.0"
"2026-09-06T13:47:50+0000","egipt|marsa-alam|2026-12-30|2027-01-06|7|Warszawa - Modlin|2+1","","egipt","marsa-alam","2026-12-30","2027-01-06","7.0","Warszawa - Modlin","2+1","115.0","8.0","8.0","8889.0","9194.9","9498.5","9946.0","10976.0","5.0","0.0","0.0","0.0","0.0","0.0","0.0","0.0","0.0","0.0","0.0","0.0","0.0","0.0","4.5","8.0","0.0"
"2026-09-06T13:47:50+0000","egipt|sharm-el-sheikh|2026-12-24|2026-12-31|7|Warszawa - Modlin|2+1","","egipt","sharm-el-sheikh","2026-12-24","2026-12-31","7.0","Warszawa - Modlin","2+1","109.0","1.0","1.0","10746.0","10746.0","10746.0","10746.0","10746.0","0.0","0.0","0.0","0.0","0.0","0.0","0.0","0.0","0.0","0.0","0.0","0.0","0.0","0.0","4.3","1.0","0.0"
"2026-09-06T13:47:50+0000","egipt|sharm-el-sheikh|2026-12-24|2026-12-31|7|Warszawa|2+1","","egipt","sharm-el-sheikh","2026-12-24","2026-12-31","7.0","Warszawa","2+1","109.0","11.0","11.0","9574.0","9973.0","10130.5","10603.0","10993.0","2.0","0.0","0.0","0.0","0.0","0.0","0.0","0.0","0.0","0.0","0.0","0.0","0.0","0.0","4.3","11.0","0.0"
"2026-09-06T17:12:16+0000","egipt|dahab|2026-12-24|2026-12-31|7|Warszawa|2+1","","egipt","dahab","2026-12-24","2026-12-31","7.0","Warszawa","2+1","109.0","2.0","2.0","9968.0","10040.6","10149.5","10331.0","10694.0","1.0","0.0","0.0","0.0","0.0","0.0","0.0","0.0","0.0","0.0","0.0","0.0","0.0","0.0","4.4","2.0","0.0"
"2026-09-06T17:12:16+0000","egipt|hurghada|2026-12-24|2026-12-31|7|Warszawa - Modlin|2+1","","egipt","hurghada","2026-12-24","2026-12-31","7.0","Warszawa - Modlin","2+1","109.0","7.0","7.0","8858.0","8923.4","9057.0","9326.0","10662.0","5.0","0.0","0.0","0.0","0.0","0.0","0.0","0.0","0.0","0.0","0.0","0.0","0.0","0.0","4.5","5.0","0.0"
"2026-09-06T17:12:16+0000","egipt|hurghada|2026-12-24|2026-12-31|7|Warszawa|2+1","","egipt","hurghada","2026-12-24","2026-12-31","7.0","Warszawa","2+1","109.0","4.0","4.0","9376.0","9465.1","9598.75","10270.0","10912.0","2.0","0.0","0.0","0.0","0.0","0.0","0.0","0.0","0.0","0.0","0.0","0.0","0.0","0.0","4.2","3.0","0.0"
"2026-09-06T17:12:16+0000","egipt|marsa-alam|2026-12-25|2027-01-01|7|Warszawa - Modlin|2+1","","egipt","marsa-alam","2026-12-25","2027-01-01","7.0","Warszawa - Modlin","2+1","110.0","1.0","1.0","9940.0","9940.0","9940.0","9940.0","9940.0","1.0","0.0","0.0","0.0","0.0","0.0","0.0","0.0","0.0","0.0","0.0","0.0","0.0","0.0","4.5","1.0","0.0"
"2026-09-06T17:12:16+0000","egipt|marsa-alam|2026-12-29|2027-01-05|7|Warszawa|2+1","","egipt","marsa-alam","2026-12-29","2027-01-05","7.0","Warszawa","2+1","114.0","3.0","3.0","10261.0","10280.2","10309.0","10357.0","10507.0","0.0","0.0","0.0","0.0","0.0","0.0","0.0","0.0","0.0","0.0","0.0","0.0","0.0","0.0","4.5","2.0","0.0"
"2026-09-06T17:12:16+0000","egipt|marsa-alam|2026-12-30|2027-01-06|7|Warszawa - Modlin|2+1","","egipt","marsa-alam","2026-12-30","2027-01-06","7.0","Warszawa - Modlin","2+1","115.0","9.0","9.0","8889.0","9238.6","9556.0","9960.0","10976.0","5.0","0.0","0.0","0.0","0.0","0.0","0.0","0.0","0.0","0.0","0.0","0.0","0.0","0.0","4.5","9.0","0.0"
"2026-09-06T17:12:16+0000","egipt|sharm-el-sheikh|2026-12-24|2026-12-31|7|Warszawa - Modlin|2+1","","egipt","sharm-el-sheikh","2026-12-24","2026-12-31","7.0","Warszawa - Modlin","2+1","109.0","1.0","1.0","10746.0","10746.0","10746.0","10746.0","10746.0","0.0","0.0","0.0","0.0","0.0","0.0","0.0","0.0","0.0","0.0","0.0","0.0","0.0","0.0","4.3","1.0","0.0"
"2026-09-06T17:12:16+0000","egipt|sharm-el-sheikh|2026-12-24|2026-12-31|7|Warszawa|2+1","","egipt","sharm-el-sheikh","2026-12-24","2026-12-31","7.0","Warszawa","2+1","109.0","11.0","11.0","9574.0","9973.0","10130.5","10603.0","10993.0","2.0","0.0","0.0","0.0","0.0","0.0","0.0","0.0","0.0","0.0","0.0","0.0","0.0","0.0","4.3","11.0","0.0"
"2026-09-06T19:21:58+0000","egipt|dahab|2026-12-24|2026-12-31|7|Warszawa|2+1","","egipt","dahab","2026-12-24","2026-12-31","7.0","Warszawa","2+1","109.0","2.0","2.0","9968.0","10040.6","10149.5","10331.0","10694.0","1.0","0.0","0.0","0.0","0.0","0.0","0.0","0.0","0.0","0.0","0.0","0.0","0.0","0.0","4.4","2.0","0.0"
"2026-09-06T19:21:58+0000","egipt|hurghada|2026-12-24|2026-12-31|7|Warszawa - Modlin|2+1","","egipt","hurghada","2026-12-24","2026-12-31","7.0","Warszawa - Modlin","2+1","109.0","7.0","7.0","8858.0","8923.4","9057.0","9470.0","10662.0","5.0","0.0","0.0","0.0","0.0","0.0","0.0","0.0","0.0","0.0","0.0","0.0","0.0","0.0","4.5","5.0","0.0"
"2026-09-06T19:21:58+0000","egipt|hurghada|2026-12-24|2026-12-31|7|Warszawa|2+1","","egipt","hurghada","2026-12-24","2026-12-31","7.0","Warszawa","2+1","109.0","4.0","4.0","9376.0","9465.1","9598.75","10270.0","10912.0","2.0","0.0","0.0","0.0","0.0","0.0","0.0","0.0","0.0","0.0","0.0","0.0","0.0","0.0","4.2","3.0","0.0"
"2026-09-06T19:21:58+0000","egipt|marsa-alam|2026-12-25|2027-01-01|7|Warszawa - Modlin|2+1","","egipt","marsa-alam","2026-12-25","2027-01-01","7.0","Warszawa - Modlin","2+1","110.0","1.0","1.0","9940.0","9940.0","9940.0","9940.0","9940.0","1.0","0.0","0.0","0.0","0.0","0.0","0.0","0.0","0.0","0.0","0.0","0.0","0.0","0.0","4.5","1.0","0.0"
"2026-09-06T19:21:58+0000","egipt|marsa-alam|2026-12-28|2027-01-06|9|Warszawa - Modlin|2+1","","egipt","marsa-alam","2026-12-28","2027-01-06","9.0","Warszawa - Modlin","2+1","113.0","1.0","1.0","10891.0","10891.0","10891.0","10891.0","10891.0","0.0","0.0","0.0","0.0","0.0","0.0","0.0","0.0","0.0","0.0","0.0","0.0","0.0","0.0","4.6","1.0","0.0"
"2026-09-06T19:21:58+0000","egipt|marsa-alam|2026-12-29|2027-01-05|7|Warszawa|2+1","","egipt","marsa-alam","2026-12-29","2027-01-05","7.0","Warszawa","2+1","114.0","3.0","3.0","10261.0","10280.2","10309.0","10357.0","10507.0","0.0","0.0","0.0","0.0","0.0","0.0","0.0","0.0","0.0","0.0","0.0","0.0","0.0","0.0","4.5","2.0","0.0"
"2026-09-06T19:21:58+0000","egipt|marsa-alam|2026-12-30|2027-01-06|7|Warszawa - Modlin|2+1","","egipt","marsa-alam","2026-12-30","2027-01-06","7.0","Warszawa - Modlin","2+1","115.0","9.0","9.0","9326.0","9350.8","9556.0","9960.0","10976.0","5.0","0.0","0.0","0.0","0.0","0.0","0.0","0.0","0.0","0.0","0.0","0.0","0.0","0.0","4.5","9.0","0.0"
"2026-09-06T19:21:58+0000","egipt|sharm-el-sheikh|2026-12-24|2026-12-31|7|Warszawa - Modlin|2+1","","egipt","sharm-el-sheikh","2026-12-24","2026-12-31","7.0","Warszawa - Modlin","2+1","109.0","1.0","1.0","10346.0","10346.0","10346.0","10346.0","10346.0","0.0","0.0","0.0","0.0","0.0","0.0","0.0","0.0","0.0","0.0","0.0","0.0","0.0","0.0","4.3","1.0","0.0"
"2026-09-06T19:21:58+0000","egipt|sharm-el-sheikh|2026-12-24|2026-12-31|7|Warszawa|2+1","","egipt","sharm-el-sheikh","2026-12-24","2026-12-31","7.0","Warszawa","2+1","109.0","11.0","11.0","9574.0","9973.0","10130.5","10603.0","10993.0","2.0","0.0","0.0","0.0","0.0","0.0","0.0","0.0","0.0","0.0","0.0","0.0","0.0","0.0","4.3","11.0","0.0"
"2026-09-06T21:33:18+0000","egipt|dahab|2026-12-24|2026-12-31|7|Warszawa|2+1","","egipt","dahab","2026-12-24","2026-12-31","7.0","Warszawa","2+1","109.0","2.0","2.0","9968.0","10040.6","10149.5","10331.0","10694.0","1.0","0.0","0.0","0.0","0.0","0.0","0.0","0.0","0.0","0.0","0.0","0.0","0.0","0.0","4.4","2.0","0.0"
"2026-09-06T21:33:18+0000","egipt|hurghada|2026-12-24|2026-12-31|7|Warszawa - Modlin|2+1","","egipt","hurghada","2026-12-24","2026-12-31","7.0","Warszawa - Modlin","2+1","109.0","7.0","7.0","8858.0","8923.4","9057.0","9326.0","10334.0","5.0","0.0","0.0","0.0","0.0","0.0","0.0","0.0","0.0","0.0","0.0","0.0","0.0","0.0","4.5","5.0","0.0"
"2026-09-06T21:33:18+0000","egipt|hurghada|2026-12-24|2026-12-31|7|Warszawa|2+1","","egipt","hurghada","2026-12-24","2026-12-31","7.0","Warszawa","2+1","109.0","4.0","4.0","9376.0","9465.1","9598.75","10270.0","10912.0","2.0","0.0","0.0","0.0","0.0","0.0","0.0","0.0","0.0","0.0","0.0","0.0","0.0","0.0","4.2","3.0","0.0"
"2026-09-06T21:33:18+0000","egipt|marsa-alam|2026-12-25|2027-01-01|7|Warszawa - Modlin|2+1","","egipt","marsa-alam","2026-12-25","2027-01-01","7.0","Warszawa - Modlin","2+1","110.0","1.0","1.0","9940.0","9940.0","9940.0","9940.0","9940.0","1.0","0.0","0.0","0.0","0.0","0.0","0.0","0.0","0.0","0.0","0.0","0.0","0.0","0.0","4.5","1.0","0.0"
"2026-09-06T21:33:18+0000","egipt|marsa-alam|2026-12-29|2027-01-05|7|Warszawa|2+1","","egipt","marsa-alam","2026-12-29","2027-01-05","7.0","Warszawa","2+1","114.0","3.0","3.0","10267.0","10285.0","10312.0","10357.0","10507.0","0.0","0.0","0.0","0.0","0.0","0.0","0.0","0.0","0.0","0.0","0.0","0.0","0.0","0.0","4.5","2.0","0.0"
"2026-09-06T21:33:18+0000","egipt|marsa-alam|2026-12-30|2027-01-06|7|Warszawa - Modlin|2+1","","egipt","marsa-alam","2026-12-30","2027-01-06","7.0","Warszawa - Modlin","2+1","115.0","9.0","9.0","9326.0","9350.8","9556.0","9960.0","10976.0","5.0","0.0","0.0","0.0","0.0","0.0","0.0","0.0","0.0","0.0","0.0","0.0","0.0","0.0","4.5","9.0","0.0"
"2026-09-06T21:33:18+0000","egipt|sharm-el-sheikh|2026-12-24|2026-12-31|7|Warszawa - Modlin|2+1","","egipt","sharm-el-sheikh","2026-12-24","2026-12-31","7.0","Warszawa - Modlin","2+1","109.0","2.0","2.0","10319.0","10321.7","10325.75","10332.5","10346.0","0.0","0.0","0.0","0.0","0.0","0.0","0.0","0.0","0.0","0.0","0.0","0.0","0.0","0.0","4.45","2.0","0.0"
"2026-09-06T21:33:18+0000","egipt|sharm-el-sheikh|2026-12-24|2026-12-31|7|Warszawa|2+1","","egipt","sharm-el-sheikh","2026-12-24","2026-12-31","7.0","Warszawa","2+1","109.0","11.0","11.0","9574.0","9973.0","10130.5","10603.0","10993.0","2.0","0.0","0.0","0.0","0.0","0.0","0.0","0.0","0.0","0.0","0.0","0.0","0.0","0.0","4.3","11.0","0.0"
"2026-09-07T00:04:35+0000","egipt|dahab|2026-12-24|2026-12-31|7|Warszawa|2+1","","egipt","dahab","2026-12-24","2026-12-31","7.0","Warszawa","2+1","108.0","2.0","2.0","9968.0","10040.6","10149.5","10331.0","10694.0","1.0","0.0","0.0","0.0","0.0","0.0","0.0","0.0","0.0","0.0","0.0","0.0","0.0","0.0","4.4","2.0","0.0"
"2026-09-07T00:04:35+0000","egipt|hurghada|2026-12-24|2026-12-31|7|Warszawa - Modlin|2+1","","egipt","hurghada","2026-12-24","2026-12-31","7.0","Warszawa - Modlin","2+1","108.0","7.0","7.0","8858.0","8923.4","9057.0","9326.0","10334.0","5.0","0.0","0.0","0.0","0.0","0.0","0.0","0.0","0.0","0.0","0.0","0.0","0.0","0.0","4.5","5.0","0.0"
"2026-09-07T00:04:35+0000","egipt|hurghada|2026-12-24|2026-12-31|7|Warszawa|2+1","","egipt","hurghada","2026-12-24","2026-12-31","7.0","Warszawa","2+1","108.0","4.0","4.0","9376.0","9465.1","9598.75","10270.0","10912.0","2.0","0.0","0.0","0.0","0.0","0.0","0.0","0.0","0.0","0.0","0.0","0.0","0.0","0.0","4.2","3.0","0.0"
"2026-09-07T00:04:35+0000","egipt|marsa-alam|2026-12-25|2027-01-01|7|Warszawa - Modlin|2+1","","egipt","marsa-alam","2026-12-25","2027-01-01","7.0","Warszawa - Modlin","2+1","109.0","1.0","1.0","9940.0","9940.0","9940.0","9940.0","9940.0","1.0","0.0","0.0","0.0","0.0","0.0","0.0","0.0","0.0","0.0","0.0","0.0","0.0","0.0","4.5","1.0","0.0"
"2026-09-07T00:04:35+0000","egipt|marsa-alam|2026-12-29|2027-01-05|7|Warszawa|2+1","","egipt","marsa-alam","2026-12-29","2027-01-05","7.0","Warszawa","2+1","113.0","2.0","2.0","10267.0","10291.0","10327.0","10387.0","10507.0","0.0","0.0","0.0","0.0","0.0","0.0","0.0","0.0","0.0","0.0","0.0","0.0","0.0","0.0","4.7","1.0","0.0"
"2026-09-07T00:04:35+0000","egipt|marsa-alam|2026-12-30|2027-01-06|7|Warszawa - Modlin|2+1","","egipt","marsa-alam","2026-12-30","2027-01-06","7.0","Warszawa - Modlin","2+1","114.0","9.0","9.0","9326.0","9350.8","9556.0","9960.0","10976.0","5.0","0.0","0.0","0.0","0.0","0.0","0.0","0.0","0.0","0.0","0.0","0.0","0.0","0.0","4.5","9.0","0.0"
"2026-09-07T00:04:35+0000","egipt|sharm-el-sheikh|2026-12-24|2026-12-31|7|Warszawa - Modlin|2+1","","egipt","sharm-el-sheikh","2026-12-24","2026-12-31","7.0","Warszawa - Modlin","2+1","108.0","1.0","1.0","10346.0","10346.0","10346.0","10346.0","10346.0","0.0","0.0","0.0","0.0","0.0","0.0","0.0","0.0","0.0","0.0","0.0","0.0","0.0","0.0","4.3","1.0","0.0"
"2026-09-07T00:04:35+0000","egipt|sharm-el-sheikh|2026-12-24|2026-12-31|7|Warszawa|2+1","","egipt","sharm-el-sheikh","2026-12-24","2026-12-31","7.0","Warszawa","2+1","108.0","11.0","11.0","9574.0","9973.0","10130.5","10603.0","10993.0","2.0","0.0","0.0","0.0","0.0","0.0","0.0","0.0","0.0","0.0","0.0","0.0","0.0","0.0","4.3","11.0","0.0"
"2026-09-07T04:56:43+0000","egipt|dahab|2026-12-24|2026-12-31|7|Warszawa|2+1","","egipt","dahab","2026-12-24","2026-12-31","7.0","Warszawa","2+1","108.0","2.0","2.0","9968.0","10040.6","10149.5","10331.0","10694.0","1.0","0.0","0.0","0.0","0.0","0.0","0.0","0.0","0.0","0.0","0.0","0.0","0.0","0.0","4.4","2.0","0.0"
"2026-09-07T04:56:43+0000","egipt|hurghada|2026-12-24|2026-12-31|7|Warszawa - Modlin|2+1","","egipt","hurghada","2026-12-24","2026-12-31","7.0","Warszawa - Modlin","2+1","108.0","7.0","7.0","8858.0","8923.4","9057.0","9470.0","10334.0","5.0","0.0","0.0","0.0","0.0","0.0","0.0","0.0","0.0","0.0","0.0","0.0","0.0","0.0","4.5","5.0","0.0"
"2026-09-07T04:56:43+0000","egipt|hurghada|2026-12-24|2026-12-31|7|Warszawa|2+1","","egipt","hurghada","2026-12-24","2026-12-31","7.0","Warszawa","2+1","108.0","5.0","5.0","9376.0","9494.8","9673.0","10867.0","10959.0","2.0","0.0","0.0","0.0","0.0","0.0","0.0","0.0","0.0","0.0","0.0","0.0","0.0","0.0","4.25","4.0","0.0"
"2026-09-07T04:56:43+0000","egipt|marsa-alam|2026-12-25|2027-01-01|7|Warszawa - Modlin|2+1","","egipt","marsa-alam","2026-12-25","2027-01-01","7.0","Warszawa - Modlin","2+1","109.0","2.0","2.0","9940.0","9972.4","10021.0","10102.0","10264.0","1.0","0.0","0.0","0.0","0.0","0.0","0.0","0.0","0.0","0.0","0.0","0.0","0.0","0.0","4.6","2.0","0.0"
"2026-09-07T04:56:43+0000","egipt|marsa-alam|2026-12-29|2027-01-05|7|Warszawa|2+1","","egipt","marsa-alam","2026-12-29","2027-01-05","7.0","Warszawa","2+1","113.0","2.0","2.0","10267.0","10291.0","10327.0","10387.0","10507.0","0.0","0.0","0.0","0.0","0.0","0.0","0.0","0.0","0.0","0.0","0.0","0.0","0.0","0.0","4.7","1.0","0.0"
"2026-09-07T04:56:43+0000","egipt|marsa-alam|2026-12-30|2027-01-06|7|Warszawa - Modlin|2+1","","egipt","marsa-alam","2026-12-30","2027-01-06","7.0","Warszawa - Modlin","2+1","114.0","8.0","8.0","9326.0","9347.7","9506.25","9946.0","10976.0","5.0","0.0","0.0","0.0","0.0","0.0","0.0","0.0","0.0","0.0","0.0","0.0","0.0","0.0","4.5","8.0","0.0"
"2026-09-07T04:56:43+0000","egipt|sharm-el-sheikh|2026-12-24|2026-12-31|7|Warszawa - Modlin|2+1","","egipt","sharm-el-sheikh","2026-12-24","2026-12-31","7.0","Warszawa - Modlin","2+1","108.0","1.0","1.0","10346.0","10346.0","10346.0","10346.0","10346.0","0.0","0.0","0.0","0.0","0.0","0.0","0.0","0.0","0.0","0.0","0.0","0.0","0.0","0.0","4.3","1.0","0.0"
"2026-09-07T04:56:43+0000","egipt|sharm-el-sheikh|2026-12-24|2026-12-31|7|Warszawa|2+1","","egipt","sharm-el-sheikh","2026-12-24","2026-12-31","7.0","Warszawa","2+1","108.0","11.0","11.0","9574.0","9973.0","10130.5","10603.0","10993.0","2.0","0.0","0.0","0.0","0.0","0.0","0.0","0.0","0.0","0.0","0.0","0.0","0.0","0.0","4.3","11.0","0.0"
"2026-09-07T06:30:12+0000","egipt|dahab|2026-12-24|2026-12-31|7|Warszawa|2+1","","egipt","dahab","2026-12-24","2026-12-31","7.0","Warszawa","2+1","108.0","2.0","2.0","9968.0","10040.6","10149.5","10331.0","10694.0","1.0","0.0","0.0","0.0","0.0","0.0","0.0","0.0","0.0","0.0","0.0","0.0","0.0","0.0","4.4","2.0","0.0"
"2026-09-07T06:30:12+0000","egipt|hurghada|2026-12-24|2026-12-31|7|Warszawa - Modlin|2+1","","egipt","hurghada","2026-12-24","2026-12-31","7.0","Warszawa - Modlin","2+1","108.0","7.0","7.0","8434.0","8688.4","8912.5","9147.0","10334.0","5.0","0.0","0.0","0.0","0.0","0.0","0.0","0.0","0.0","0.0","0.0","0.0","0.0","0.0","4.5","5.0","0.0"
"2026-09-07T06:30:12+0000","egipt|hurghada|2026-12-24|2026-12-31|7|Warszawa|2+1","","egipt","hurghada","2026-12-24","2026-12-31","7.0","Warszawa","2+1","108.0","5.0","5.0","9376.0","9494.8","9673.0","10867.0","10959.0","2.0","0.0","0.0","0.0","0.0","0.0","0.0","0.0","0.0","0.0","0.0","0.0","0.0","0.0","4.25","4.0","0.0"
"2026-09-07T06:30:12+0000","egipt|marsa-alam|2026-12-25|2027-01-01|7|Warszawa - Modlin|2+1","","egipt","marsa-alam","2026-12-25","2027-01-01","7.0","Warszawa - Modlin","2+1","109.0","2.0","2.0","9940.0","9972.4","10021.0","10102.0","10264.0","1.0","0.0","0.0","0.0","0.0","0.0","0.0","0.0","0.0","0.0","0.0","0.0","0.0","0.0","4.6","2.0","0.0"
"2026-09-07T06:30:12+0000","egipt|marsa-alam|2026-12-29|2027-01-05|7|Warszawa|2+1","","egipt","marsa-alam","2026-12-29","2027-01-05","7.0","Warszawa","2+1","113.0","1.0","1.0","10507.0","10507.0","10507.0","10507.0","10507.0","0.0","0.0","0.0","0.0","0.0","0.0","0.0","0.0","0.0","0.0","0.0","0.0","0.0","0.0","4.7","1.0","0.0"
"2026-09-07T06:30:12+0000","egipt|marsa-alam|2026-12-30|2027-01-06|7|Warszawa - Modlin|2+1","","egipt","marsa-alam","2026-12-30","2027-01-06","7.0","Warszawa - Modlin","2+1","114.0","8.0","8.0","9326.0","9347.7","9506.25","9946.0","10976.0","5.0","0.0","0.0","0.0","0.0","0.0","0.0","0.0","0.0","0.0","0.0","0.0","0.0","0.0","4.5","8.0","0.0"
"2026-09-07T06:30:12+0000","egipt|sharm-el-sheikh|2026-12-24|2026-12-31|7|Warszawa - Modlin|2+1","","egipt","sharm-el-sheikh","2026-12-24","2026-12-31","7.0","Warszawa - Modlin","2+1","108.0","1.0","1.0","10346.0","10346.0","10346.0","10346.0","10346.0","0.0","0.0","0.0","0.0","0.0","0.0","0.0","0.0","0.0","0.0","0.0","0.0","0.0","0.0","4.3","1.0","0.0"
"2026-09-07T06:30:12+0000","egipt|sharm-el-sheikh|2026-12-24|2026-12-31|7|Warszawa|2+1","","egipt","sharm-el-sheikh","2026-12-24","2026-12-31","7.0","Warszawa","2+1","108.0","11.0","11.0","9574.0","9973.0","10130.5","10603.0","10993.0","2.0","0.0","0.0","0.0","0.0","0.0","0.0","0.0","0.0","0.0","0.0","0.0","0.0","0.0","4.3","11.0","0.0"
"2026-09-07T10:32:18+0000","egipt|dahab|2026-12-24|2026-12-31|7|Warszawa|2+1","","egipt","dahab","2026-12-24","2026-12-31","7.0","Warszawa","2+1","108.0","2.0","2.0","9968.0","10040.6","10149.5","10331.0","10694.0","1.0","0.0","0.0","0.0","0.0","0.0","0.0","0.0","0.0","0.0","0.0","0.0","0.0","0.0","4.4","2.0","0.0"
"2026-09-07T10:32:18+0000","egipt|hurghada|2026-12-24|2026-12-31|7|Warszawa - Modlin|2+1","","egipt","hurghada","2026-12-24","2026-12-31","7.0","Warszawa - Modlin","2+1","108.0","8.0","8.0","8637.0","8763.0","8847.75","9350.0","10800.0","6.0","0.0","0.0","0.0","0.0","0.0","0.0","0.0","0.0","0.0","0.0","0.0","0.0","0.0","4.45","6.0","0.0"
"2026-09-07T10:32:18+0000","egipt|hurghada|2026-12-24|2026-12-31|7|Warszawa|2+1","","egipt","hurghada","2026-12-24","2026-12-31","7.0","Warszawa","2+1","108.0","4.0","4.0","9376.0","9465.1","9598.75","10119.0","10959.0","2.0","0.0","0.0","0.0","0.0","0.0","0.0","0.0","0.0","0.0","0.0","0.0","0.0","0.0","4.2","3.0","0.0"
"2026-09-07T10:32:18+0000","egipt|marsa-alam|2026-12-30|2027-01-06|7|Warszawa - Modlin|2+1","","egipt","marsa-alam","2026-12-30","2027-01-06","7.0","Warszawa - Modlin","2+1","114.0","11.0","11.0","8613.0","9020.0","9068.5","9538.0","10645.0","8.0","0.0","0.0","0.0","0.0","0.0","0.0","0.0","0.0","0.0","0.0","0.0","0.0","0.0","4.5","11.0","0.0"
"2026-09-07T10:32:18+0000","egipt|sharm-el-sheikh|2026-12-24|2026-12-31|7|Warszawa - Modlin|2+1","","egipt","sharm-el-sheikh","2026-12-24","2026-12-31","7.0","Warszawa - Modlin","2+1","108.0","1.0","1.0","10346.0","10346.0","10346.0","10346.0","10346.0","0.0","0.0","0.0","0.0","0.0","0.0","0.0","0.0","0.0","0.0","0.0","0.0","0.0","0.0","4.3","1.0","0.0"
"2026-09-07T10:32:18+0000","egipt|sharm-el-sheikh|2026-12-24|2026-12-31|7|Warszawa|2+1","","egipt","sharm-el-sheikh","2026-12-24","2026-12-31","7.0","Warszawa","2+1","108.0","11.0","11.0","9574.0","9973.0","10130.5","10603.0","10993.0","2.0","0.0","0.0","0.0","0.0","0.0","0.0","0.0","0.0","0.0","0.0","0.0","0.0","0.0","4.3","11.0","0.0"
"2026-09-07T16:36:04+0000","egipt|dahab|2026-12-24|2026-12-31|7|Warszawa|2+1","","egipt","dahab","2026-12-24","2026-12-31","7.0","Warszawa","2+1","108.0","2.0","2.0","9968.0","10040.6","10149.5","10331.0","10694.0","1.0","0.0","0.0","0.0","0.0","0.0","0.0","0.0","0.0","0.0","0.0","0.0","0.0","0.0","4.4","2.0","0.0"
"2026-09-07T16:36:04+0000","egipt|hurghada|2026-12-24|2026-12-31|7|Warszawa - Modlin|2+1","","egipt","hurghada","2026-12-24","2026-12-31","7.0","Warszawa - Modlin","2+1","108.0","9.0","9.0","8637.0","8781.0","8858.0","9474.0","10800.0","6.0","0.0","0.0","0.0","0.0","0.0","0.0","0.0","0.0","0.0","0.0","0.0","0.0","0.0","4.5","7.0","0.0"
"2026-09-07T16:36:04+0000","egipt|hurghada|2026-12-24|2026-12-31|7|Warszawa|2+1","","egipt","hurghada","2026-12-24","2026-12-31","7.0","Warszawa","2+1","108.0","4.0","4.0","9376.0","9465.1","9598.75","10119.0","10959.0","2.0","0.0","0.0","0.0","0.0","0.0","0.0","0.0","0.0","0.0","0.0","0.0","0.0","0.0","4.2","3.0","0.0"
"2026-09-07T16:36:04+0000","egipt|marsa-alam|2026-12-30|2027-01-06|7|Warszawa - Modlin|2+1","","egipt","marsa-alam","2026-12-30","2027-01-06","7.0","Warszawa - Modlin","2+1","114.0","12.0","12.0","8747.0","9154.3","9225.25","9748.5","10987.0","8.0","0.0","0.0","0.0","0.0","0.0","0.0","0.0","0.0","0.0","0.0","0.0","0.0","0.0","4.6","12.0","0.0"
"2026-09-07T16:36:04+0000","egipt|sharm-el-sheikh|2026-12-24|2026-12-31|7|Warszawa - Modlin|2+1","","egipt","sharm-el-sheikh","2026-12-24","2026-12-31","7.0","Warszawa - Modlin","2+1","108.0","1.0","1.0","10896.0","10896.0","10896.0","10896.0","10896.0","0.0","0.0","0.0","0.0","0.0","0.0","0.0","0.0","0.0","0.0","0.0","0.0","0.0","0.0","4.3","1.0","0.0"
"2026-09-07T16:36:04+0000","egipt|sharm-el-sheikh|2026-12-24|2026-12-31|7|Warszawa|2+1","","egipt","sharm-el-sheikh","2026-12-24","2026-12-31","7.0","Warszawa","2+1","108.0","11.0","11.0","9574.0","9973.0","10130.5","10603.0","10993.0","2.0","0.0","0.0","0.0","0.0","0.0","0.0","0.0","0.0","0.0","0.0","0.0","0.0","0.0","4.3","11.0","0.0"
