"hotel_name","price","dates","duration","rating","ta_rating","ta_review_count","ta_source","departure_airport","scraped_at","url","image_url","offer_url","filter_id","country","region","resort","departure_date","return_date","days","nights","origin_scope","pax_profile","departure_key"
"<<<<<<< Updated upstream","","","","","","","","","","","","","","","","","","","","","","",""
"=======","","","","","","","","","","","","","","","","","","","","","","",""
">>>>>>> Stashed changes","","","","","","","","","","","","","","","","","","","","","","",""
"<<<<<<< Updated upstream","","","","","","","","","","","","","","","","","","","","","","",""
"<<<<<<< Updated upstream","","","","","","","","","","","","","","","","","","","","","","",""
"=======","","","","","","","","","","","","","","","","","","","","","","",""
">>>>>>> Stashed changes","","","","","","","","","","","","","","","","","","","","","","",""
"=======","","","","","","","","","","","","","","","","","","","","","","",""
">>>>>>> Stashed changes","","","","","","","","","","","","","","","","","","","","","","",""
"<<<<<<< Updated upstream","","","","","","","","","","","","","","","","","","","","","","",""
"=======","","","","","","","","","","","","","","","","","","","","","","",""
">>>>>>> Stashed changes","","","","","","","","","","","","","","","","","","","","","","",""
"<<<<<<< Updated upstream","","","","","","","","","","","","","","","","","","","","","","",""
"=======","","","","","","","","","","","","","","","","","","","","","","",""
">>>>>>> Stashed changes","","","","","","","","","","","","","","","","","","","","","","",""
"<<<<<<< Updated upstream","","","","","","","","","","","","","","","","","","","","","","",""
"<<<<<<< Updated upstream","","","","","","","","","","","","","","","","","","","","","","",""
"<<<<<<< Updated upstream","","","","","","","","","","","","","","","","","","","","","","",""
"=======","","","","","","","","","","","","","","","","","","","","","","",""
"=======","","","","","","","","","","","","","","","","","","","","","","",""
"=======","","","","","","","","","","","","","","","","","","","","","","",""
">>>>>>> Stashed changes","","","","","","","","","","","","","","","","","","","","","","",""
"<<<<<<< Updated upstream","","","","","","","","","","","","","","","","","","","","","","",""
">>>>>>> Stashed changes","","","","","","","","","","","","","","","","","","","","","","",""
"=======","","","","","","","","","","","","","","","","","","","","","","",""
">>>>>>> Stashed changes","","","","","","","","","","","","","","","","","","","","","","",""
"=======","","","","","","","","","","","","","","","","","","","","","","",""
">>>>>>> Stashed changes","","","","","","","","","","","","","","","","","","","","","","",""
">>>>>>> Stashed changes","","","","","","","","","","","","","","","","","","","","","","",""
"<<<<<<< Updated upstream","","","","","","","","","","","","","","","","","","","","","","",""
"<<<<<<< Updated upstream","","","","","","","","","","","","","","","","","","","","","","",""
"<<<<<<< Updated upstream","","","","","","","","","","","","","","","","","","","","","","",""
"=======","","","","","","","","","","","","","","","","","","","","","","",""
"=======","","","","","","","","","","","","","","","","","","","","","","",""
"=======","","","","","","","","","","","","","","","","","","","","","","",""
">>>>>>> Stashed changes","","","","","","","","","","","","","","","","","","","","","","",""
"<<<<<<< Updated upstream","","","","","","","","","","","","","","","","","","","","","","",""
">>>>>>> Stashed changes","","","","","","","","","","","","","","","","","","","","","","",""
"=======","","","","","","","","","","","","","","","","","","","","","","",""
">>>>>>> Stashed changes","","","","","","","","","","","","","","","","","","","","","","",""
"=======","","","","","","","","","","","","","","","","","","","","","","",""
">>>>>>> Stashed changes","","","","","","","","","","","","","","","","","","","","","","",""
">>>>>>> Stashed changes","","","","","","","","","","","","","","","","","","","","","","",""
"<<<<<<< Updated upstream","","","","","","","","","","","","","","","","","","","","","","",""
"<<<<<<< Updated upstream","","","","","","","","","","","","","","","","","","","","","","",""
"<<<<<<< Updated upstream","","","","","","","","","","","","","","","","","","","","","","",""
"=======","","","","","","","","","","","","","","","","","","","","","","",""
"=======","","","","","","","","","","","","","","","","","","","","","","",""
"=======","","","","","","","","","","","","","","","","","","","","","","",""
">>>>>>> Stashed changes","","","","","","","","","","","","","","","","","","","","","","",""
"<<<<<<< Updated upstream","","","","","","","","","","","","","","","","","","","","","","",""
">>>>>>> Stashed changes","","","","","","","","","","","","","","","","","","","","","","",""
"=======","","","","","","","","","","","","","","","","","","","","","","",""
">>>>>>> Stashed changes","","","","","","","","","","","","","","","","","","","","","","",""
"=======","","","","","","","","","","","","","","","","","","","","","","",""
">>>>>>> Stashed changes","","","","","","","","","","","","","","","","","","","","","","",""
">>>>>>> Stashed changes","","","","","","","","","","","","","","","","","","","","","","",""
"<<<<<<< Updated upstream","","","","","","","","","","","","","","","","","","","","","","",""
"<<<<<<< Updated upstream","","","","","","","","","","","","","","","","","","","","","","",""
"<<<<<<< Updated upstream","","","","","","","","","","","","","","","","","","","","","","",""
"=======","","","","","","","","","","","","","","","","","","","","","","",""
"=======","","","","","","","","","","","","","","","","","","","","","","",""
"=======","","","","","","","","","","","","","","","","","","","","","","",""
">>>>>>> Stashed changes","","","","","","","","","","","","","","","","","","","","","","",""
"<<<<<<< Updated upstream","","","","","","","","","","","","","","","","","","","","","","",""
">>>>>>> Stashed changes","","","","","","","","","","","","","","","","","","","","","","",""
"=======","","","","","","","","","","","","","","","","","","","","","","",""
">>>>>>> Stashed changes","","","","","","","","","","","","","","","","","","","","","","",""
"=======","","","","","","","","","","","","","","","","","","","","","","",""
">>>>>>> Stashed changes","","","","","","","","","","","","","","","","","","","","","","",""
">>>>>>> Stashed changes","","","","","","","","","","","","","","","","","","","","","","",""
"<<<<<<< Updated upstream","","","","","","","","","","","","","","","","","","","","","","",""
"<<<<<<< Updated upstream","","","","","","","","","","","","","","","","","","","","","","",""
"=======","","","","","","","","","","","","","","","","","","","","","","",""
">>>>>>> Stashed changes","","","","","","","","","","","","","","","","","","","","","","",""
"=======","","","","","","","","","","","","","","","","","","","","","","",""
">>>>>>> Stashed changes","","","","","","","","","","","","","","","","","","","","","","",""
"<<<<<<< Updated upstream","","","","","","","","","","","","","","","","","","","","","","",""
"=======","","","","","","","","","","","","","","","","","","","","","","",""
">>>>>>> Stashed changes","","","","","","","","","","","","","","","","","","","","","","",""
"<<<<<<< Updated upstream","","","","","","","","","","","","","","","","","","","","","","",""
"=======","","","","","","","","","","","","","","","","","","","","","","",""
">>>>>>> Stashed changes","","","","","","","","","","","","","","","","","","","","","","",""
"<<<<<<< Updated upstream","","","","","","","","","","","","","","","","","","","","","","",""
"=======","","","","","","","","","","","","","","","","","","","","","","",""
">>>>>>> Stashed changes","","","","","","","","","","","","","","","","","","","","","","",""
"<<<<<<< Updated upstream","","","","","","","","","","","","","","","","","","","","","","",""
"=======","","","","","","","","","","","","","","","","","","","","","","",""
">>>>>>> Stashed changes","","","","","","","","","","","","","","","","","","","","","","",""
"<<<<<<< Updated upstream","","","","","","","","","","","","","","","","","","","","","","",""
"=======","","","","","","","","","","","","","","","","","","","","","","",""
">>>>>>> Stashed changes","","","","","","","","","","","","","","","","","","","","","","",""
"<<<<<<< Updated upstream","","","","","","","","","","","","","","","","","","","","","","",""
"=======","","","","","","","","","","","","","","","","","","","","","","",""
">>>>>>> Stashed changes","","","","","","","","","","","","","","","","","","","","","","",""
"<<<<<<< Updated upstream","","","","","","","","","","","","","","","","","","","","","","",""
"=======","","","","","","","","","","","","","","","","","","","","","","",""
">>>>>>> Stashed changes","","","","","","","","","","","","","","","","","","","","","","",""
"AMC Royal Hotel & Spa (ex. AMC Azur Resort)","7434.0","01.10.2026 - 08.10.2026","8 dni/7 nocy","4.4","4.4","3067","tripadvisor","Warszawa - Radom","2026-09-14T01:15:55.916721+00:00","https://fly.pl/szukaj-wycieczek/?filter[dest]=11:&filter[hotelids]=&filter[cityids]=0&filter[cregids]=&filter[ofrType]=&filter[addObjType]=&filter[whenFrom]=14-09-2026&filter[whenTo]=14-10-2026&filter[duration]=7:10&filter[from]=Warszawa%20-%20Modlin,Warszawa%20-%20Radom,Warszawa&filter[person]=2&filter[child]=1&filter[price]=4000:20000&filter[PriceFrom]=4000&filter[PriceTo]=20000&filter[addCategory]=50&filter[addCatering]=1&filter[addMisc]=0&filter[addTransport]=F&filter[fp]=1&order_by=ofr_price&filter[tourOperator]=0&filter[childAge][1]=20201210","https://fly.pl/cdn/photo/assets/uploads/582/278/2014/07/AMC-Royal-Resort.jpg","https://fly.pl/wycieczka/egipt,hurghada,c/amc-royal-ex-amc-azur-resort/p_8gGxp7stDH91AvfIv5hXAAogEeD8sdM0_6YSeso2VpnVR5tDSG7JGG1kLrratyRh_coqBE9SRVgwzJWd1QZIijpQQViWA2ACagVFLjIuMXI1mwEVBxcAXANYBVYCEQRAxgZd0w5PbFPSnQFSAF6vT0uBEmEATNG-OiCc_ZcJDQACEmMBAgw7K5P2/ofertasv/?filter[tourOperator]=OREX&filter%5Bperson%5D=2&filter%5BchildAge%5D%5B1%5D=20201210&filter%5Bchild%5D=1","filter_7_10_days","egipt","hurghada","c","2026-10-01","2026-10-08","8","7","Warszawa - Radom","2+1","egipt|hurghada|2026-10-01|2026-10-08|7|Warszawa - Radom|2+1"
"Rewaya Inn Resort (ex. Hawaii Paradise Aqua Park Resort)","7591.0","22.09.2026 - 29.09.2026","8 dni/7 nocy","3.4","3.4","441","tripadvisor","Warszawa","2026-09-14T01:15:55.916721+00:00","https://fly.pl/szukaj-wycieczek/?filter[dest]=11:&filter[hotelids]=&filter[cityids]=0&filter[cregids]=&filter[ofrType]=&filter[addObjType]=&filter[whenFrom]=14-09-2026&filter[whenTo]=14-10-2026&filter[duration]=7:10&filter[from]=Warszawa%20-%20Modlin,Warszawa%20-%20Radom,Warszawa&filter[person]=2&filter[child]=1&filter[price]=4000:20000&filter[PriceFrom]=4000&filter[PriceTo]=20000&filter[addCategory]=50&filter[addCatering]=1&filter[addMisc]=0&filter[addTransport]=F&filter[fp]=1&order_by=ofr_price&filter[tourOperator]=0&filter[childAge][1]=20201210","https://fly.pl/cdn/photo/assets/uploads/582/278/2020/09/Hawaii-Paradise-Aqua-Park-Resort.jpg","https://fly.pl/wycieczka/egipt,hurghada,c/hawaii-paradise-aqua-park-resort-14/pyZUNcQlph7qXHJbZt5McuAAoger8ooXP9wtfZTXHvP_TDWAKHsDg_1j3PwsBFGt0DAN0qBEpPSVAwzJWd1QZIpztQQVi-AWACagMxMmJyQ5sBFAEVBhcAXANYBVYCQMoGT-IBXQBSr6sBUwBer09L7UNhABHEiwFMoYE5Dc38lwkgAAH635CAxYbMoDACDmMBAA0lR9cw/ofertasv/?filter[tourOperator]=JOIP&filter%5Bperson%5D=2&filter%5BchildAge%5D%5B1%5D=20201210&filter%5Bchild%5D=1","filter_7_10_days","egipt","hurghada","c","2026-09-22","2026-09-29","8","7","Warszawa","2+1","egipt|hurghada|2026-09-22|2026-09-29|7|Warszawa|2+1"
"Parrotel Lagoon Resort","7657.0","22.09.2026 - 30.09.2026","9 dni/7 nocy","4.1","4.1","1847","tripadvisor","Warszawa","2026-09-14T01:15:55.916721+00:00","https://fly.pl/szukaj-wycieczek/?filter[dest]=11:&filter[hotelids]=&filter[cityids]=0&filter[cregids]=&filter[ofrType]=&filter[addObjType]=&filter[whenFrom]=14-09-2026&filter[whenTo]=14-10-2026&filter[duration]=7:10&filter[from]=Warszawa%20-%20Modlin,Warszawa%20-%20Radom,Warszawa&filter[person]=2&filter[child]=1&filter[price]=4000:20000&filter[PriceFrom]=4000&filter[PriceTo]=20000&filter[addCategory]=50&filter[addCatering]=1&filter[addMisc]=0&filter[addTransport]=F&filter[fp]=1&order_by=ofr_price&filter[tourOperator]=0&filter[childAge][1]=20201210","https://fly.pl/cdn/photo/assets/uploads/582/278/2020/10/Parrotel-Lagoon-Resort.jpg","https://fly.pl/wycieczka/egipt,sharm-el-sheikh,szarm-el-szejk/parrotel-lagoon-resort-14/pFDQ2eHybnI1I31jdZkkBZAAogmEUDBFVsd1lGpZ2-XTEDgyT8iEZvNC5fP2LQDZq7cIkqBFZJVFgwzJWd1QZI6TtQQVi-AWACckAaABUHFwBcA1gFQI8DW6eGAV7WeVKmIFMAS8cjYQBMjbU5DaXUmAkgAVGj9YCz6QFPw_oTXYTO6rwcAg5jAQINrja6yQ/ofertasv/?filter[tourOperator]=VITX&filter%5Bperson%5D=2&filter%5BchildAge%5D%5B1%5D=20201210&filter%5Bchild%5D=1","filter_7_10_days","egipt","sharm-el-sheikh","szarm-el-szejk","2026-09-22","2026-09-30","9","7","Warszawa","2+1","egipt|sharm-el-sheikh|2026-09-22|2026-09-30|7|Warszawa|2+1"
"Dream Lagoon & Aqua Park Resort (ex. Floriana Dream Lagoon)","7677.0","26.09.2026 - 04.10.2026","9 dni/7 nocy","4.3","4.3","5726","tripadvisor","Warszawa","2026-09-14T01:15:55.916721+00:00","https://fly.pl/szukaj-wycieczek/?filter[dest]=11:&filter[hotelids]=&filter[cityids]=0&filter[cregids]=&filter[ofrType]=&filter[addObjType]=&filter[whenFrom]=14-09-2026&filter[whenTo]=14-10-2026&filter[duration]=7:10&filter[from]=Warszawa%20-%20Modlin,Warszawa%20-%20Radom,Warszawa&filter[person]=2&filter[child]=1&filter[price]=4000:20000&filter[PriceFrom]=4000&filter[PriceTo]=20000&filter[addCategory]=50&filter[addCatering]=1&filter[addMisc]=0&filter[addTransport]=F&filter[fp]=1&order_by=ofr_price&filter[tourOperator]=0&filter[childAge][1]=20201210","https://fly.pl/cdn/photo/assets/uploads/582/278/2015/11/Future-Dream-Lagoon-ex.-Floriana-Dream-Lagoon-fly-pl.jpg","https://fly.pl/wycieczka/egipt,marsa-alam,c/floriana-dream-lagoon/pXxUw5SxCB5WqjwV1j1F8AAAogs_c3xOGMhr8uDlVXRWNkSvPOVhexA4B-vTIRTOTMdjUqBEVYSU0wzJWd1QZI_TtQAVieAmACagJBSXIhHBGroQa5BKqePqsEGxuvsywY5_8uAa2g0o4IAgBjAQINwzAYwg/ofertasv/?filter[tourOperator]=EXIM&filter%5Bperson%5D=2&filter%5BchildAge%5D%5B1%5D=20201210&filter%5Bchild%5D=1","filter_7_10_days","egipt","marsa-alam","c","2026-09-26","2026-10-04","9","7","Warszawa","2+1","egipt|marsa-alam|2026-09-26|2026-10-04|7|Warszawa|2+1"
"Casa Mare Resort (ex. Royal Tulip Beach Resort)","7857.0","25.09.2026 - 02.10.2026","8 dni/7 nocy","4.7","4.7","4700","tripadvisor","Warszawa","2026-09-14T01:15:55.916721+00:00","https://fly.pl/szukaj-wycieczek/?filter[dest]=11:&filter[hotelids]=&filter[cityids]=0&filter[cregids]=&filter[ofrType]=&filter[addObjType]=&filter[whenFrom]=14-09-2026&filter[whenTo]=14-10-2026&filter[duration]=7:10&filter[from]=Warszawa%20-%20Modlin,Warszawa%20-%20Radom,Warszawa&filter[person]=2&filter[child]=1&filter[price]=4000:20000&filter[PriceFrom]=4000&filter[PriceTo]=20000&filter[addCategory]=50&filter[addCatering]=1&filter[addMisc]=0&filter[addTransport]=F&filter[fp]=1&order_by=ofr_price&filter[tourOperator]=0&filter[childAge][1]=20201210","https://fly.pl/cdn/photo/assets/uploads/582/278/2015/12/Casa-Mare-Resort.jpg","https://fly.pl/wycieczka/egipt,marsa-alam,c/royal-tulip-beach-resort/p1lc6iU5yWPs-c_RzaGfSCAAogXYTSs6V_oQ3tBXGsIBeJmWyGZ14NCGkVsR96Jj6NS-cqBFZJVFgwzJWd1QZIsT1QQViGAmACckAaABUHFwBcA1gFQI8DW5eFAV7melK8FFMAS7EvYQBMj7U5DabUmAkgAFHyncX23wFP9_0GXZz4r_klAg5jAQINnSRBGQ/ofertasv/?filter[tourOperator]=VITX&filter%5Bperson%5D=2&filter%5BchildAge%5D%5B1%5D=20201210&filter%5Bchild%5D=1","filter_7_10_days","egipt","marsa-alam","c","2026-09-25","2026-10-02","8","7","Warszawa","2+1","egipt|marsa-alam|2026-09-25|2026-10-02|7|Warszawa|2+1"
"Royal Brayka Beach Resort (ex Zee Brayka)","7857.0","26.09.2026 - 03.10.2026","8 dni/7 nocy","4.4","4.4","2525","tripadvisor","Warszawa","2026-09-14T01:15:55.916721+00:00","https://fly.pl/szukaj-wycieczek/?filter[dest]=11:&filter[hotelids]=&filter[cityids]=0&filter[cregids]=&filter[ofrType]=&filter[addObjType]=&filter[whenFrom]=14-09-2026&filter[whenTo]=14-10-2026&filter[duration]=7:10&filter[from]=Warszawa%20-%20Modlin,Warszawa%20-%20Radom,Warszawa&filter[person]=2&filter[child]=1&filter[price]=4000:20000&filter[PriceFrom]=4000&filter[PriceTo]=20000&filter[addCategory]=50&filter[addCatering]=1&filter[addMisc]=0&filter[addTransport]=F&filter[fp]=1&order_by=ofr_price&filter[tourOperator]=0&filter[childAge][1]=20201210","https://fly.pl/cdn/photo/assets/uploads/582/278/2014/07/Royal-Brayka-Resort.jpg","https://fly.pl/wycieczka/egipt,marsa-alam,c/royal-brayka-resort/phNx7f2Ra7eezvrw9bdcZ8AAogkcVi9R1xiRSj6EFB35N_7MRzWliHhQArDeGF2TEx_GcqBFZJVFgwzJWd1QZIsT1QQVieAmACckAaABUHFwBcA1gFQI8DW7-DAV6-fFK8FFMAS7EvYQBMjLU5DarUmAkgAFHUi7_23wFPkpANXZz4r_klAg5jAQINmzfskQ/ofertasv/?filter[tourOperator]=VITX&filter%5Bperson%5D=2&filter%5BchildAge%5D%5B1%5D=20201210&filter%5Bchild%5D=1","filter_7_10_days","egipt","marsa-alam","c","2026-09-26","2026-10-03","8","7","Warszawa","2+1","egipt|marsa-alam|2026-09-26|2026-10-03|7|Warszawa|2+1"
"Siva Golden Bay Makadi","7957.0","24.09.2026 - 01.10.2026","8 dni/7 nocy","4.6","4.6","856","tripadvisor","Warszawa","2026-09-14T01:15:55.916721+00:00","https://fly.pl/szukaj-wycieczek/?filter[dest]=11:&filter[hotelids]=&filter[cityids]=0&filter[cregids]=&filter[ofrType]=&filter[addObjType]=&filter[whenFrom]=14-09-2026&filter[whenTo]=14-10-2026&filter[duration]=7:10&filter[from]=Warszawa%20-%20Modlin,Warszawa%20-%20Radom,Warszawa&filter[person]=2&filter[child]=1&filter[price]=4000:20000&filter[PriceFrom]=4000&filter[PriceTo]=20000&filter[addCategory]=50&filter[addCatering]=1&filter[addMisc]=0&filter[addTransport]=F&filter[fp]=1&order_by=ofr_price&filter[tourOperator]=0&filter[childAge][1]=20201210","https://fly.pl/cdn/photo/assets/uploads/582/278/2024/07/siva-golden-bay-makadi.jpg","https://fly.pl/wycieczka/egipt,hurghada,makadi-bay/siva-golden-bay-makadi-10/pOfPZS60skqRgy7jdjJZdGAAogK7iit695a8OSMDhhBjF_1w5QW-LxgDEWlGYjjlpqcUcqBEVYSU0wzJWd1QZIlT5QAVjuAWACagJBSXIhHBHGuwa5BN__PasEHBvy5C8Yhto2AYSOtYsJAgBjAQIHlvIofA/ofertasv/?filter[tourOperator]=EXIM&filter%5Bperson%5D=2&filter%5BchildAge%5D%5B1%5D=20201210&filter%5Bchild%5D=1","filter_7_10_days","egipt","hurghada","makadi-bay","2026-09-24","2026-10-01","8","7","Warszawa","2+1","egipt|hurghada|2026-09-24|2026-10-01|7|Warszawa|2+1"
"Serenity Alma Heights (ex. Serenity Fun City)","8037.0","24.09.2026 - 01.10.2026","8 dni/7 nocy","4.7","4.7","5517","tripadvisor","Warszawa - Radom","2026-09-14T01:15:55.916721+00:00","https://fly.pl/szukaj-wycieczek/?filter[dest]=11:&filter[hotelids]=&filter[cityids]=0&filter[cregids]=&filter[ofrType]=&filter[addObjType]=&filter[whenFrom]=14-09-2026&filter[whenTo]=14-10-2026&filter[duration]=7:10&filter[from]=Warszawa%20-%20Modlin,Warszawa%20-%20Radom,Warszawa&filter[person]=2&filter[child]=1&filter[price]=4000:20000&filter[PriceFrom]=4000&filter[PriceTo]=20000&filter[addCategory]=50&filter[addCatering]=1&filter[addMisc]=0&filter[addTransport]=F&filter[fp]=1&order_by=ofr_price&filter[tourOperator]=0&filter[childAge][1]=20201210","https://fly.pl/cdn/photo/assets/uploads/582/278/2014/09/Serenity-Alma-Heights.jpg","https://fly.pl/wycieczka/egipt,hurghada,makadi-bay/serenity-fun-city/pPt6lWnCtehL8blQ_kMvFdAAogkv4rQTbswpKD4g-FYe-hI3uHt-JRXqpSz_DOtw-0xygqBE9SRVgwzJWd1QZI5T5QQVjuAWACagZFQy4yLjFyNZsBFQcXAFgIVgJcCBFEQP4FXdMOT2xT0p0BUgBer09LgRJhAEzRvjogz_yXCQ0AAhJjAQIMO4WFUg/ofertasv/?filter[tourOperator]=OREX&filter%5Bperson%5D=2&filter%5BchildAge%5D%5B1%5D=20201210&filter%5Bchild%5D=1","filter_7_10_days","egipt","hurghada","makadi-bay","2026-09-24","2026-10-01","8","7","Warszawa - Radom","2+1","egipt|hurghada|2026-09-24|2026-10-01|7|Warszawa - Radom|2+1"
"Rewaya Luxury Resort","8123.0","04.10.2026 - 11.10.2026","8 dni/7 nocy","","","","","Warszawa","2026-09-14T01:15:55.916721+00:00","https://fly.pl/szukaj-wycieczek/?filter[dest]=11:&filter[hotelids]=&filter[cityids]=0&filter[cregids]=&filter[ofrType]=&filter[addObjType]=&filter[whenFrom]=14-09-2026&filter[whenTo]=14-10-2026&filter[duration]=7:10&filter[from]=Warszawa%20-%20Modlin,Warszawa%20-%20Radom,Warszawa&filter[person]=2&filter[child]=1&filter[price]=4000:20000&filter[PriceFrom]=4000&filter[PriceTo]=20000&filter[addCategory]=50&filter[addCatering]=1&filter[addMisc]=0&filter[addTransport]=F&filter[fp]=1&order_by=ofr_price&filter[tourOperator]=0&filter[childAge][1]=20201210","https://datacfstatic.merlinx.pl/OREX/IMG/7196/98632a66aafed855a3e14a56bb184588a24fd60292558013accfa38c141d9a9b.webp","https://fly.pl/wycieczka/egipt,hurghada,c/rewaya-luxury-resort-9/pb5agQ-TRY4roL5ZpBFl1JAAognRhp1ifD7n5hYXkS3uPQGvIe_lk9WpBYetX5JkRBSVsqBE9SRVgwzJWd1QZIuz9QQVjeA2ACagVFLjIuMXI1mwEVBxcAWAhWAlwIQMIGXZsPTyQRgiJT0HtSAF6vT0vtQ2EATOWMOiCf_ZcJDQACEmMBAg2dt50U/ofertasv/?filter[tourOperator]=OREX&filter%5Bperson%5D=2&filter%5BchildAge%5D%5B1%5D=20201210&filter%5Bchild%5D=1","filter_7_10_days","egipt","hurghada","c","2026-10-04","2026-10-11","8","7","Warszawa","2+1","egipt|hurghada|2026-10-04|2026-10-11|7|Warszawa|2+1"
"Amarina Jannah Resort Aquapark","8157.0","26.09.2026 - 04.10.2026","9 dni/7 nocy","4.7","4.7","672","tripadvisor","Warszawa","2026-09-14T01:15:55.916721+00:00","https://fly.pl/szukaj-wycieczek/?filter[dest]=11:&filter[hotelids]=&filter[cityids]=0&filter[cregids]=&filter[ofrType]=&filter[addObjType]=&filter[whenFrom]=14-09-2026&filter[whenTo]=14-10-2026&filter[duration]=7:10&filter[from]=Warszawa%20-%20Modlin,Warszawa%20-%20Radom,Warszawa&filter[person]=2&filter[child]=1&filter[price]=4000:20000&filter[PriceFrom]=4000&filter[PriceTo]=20000&filter[addCategory]=50&filter[addCatering]=1&filter[addMisc]=0&filter[addTransport]=F&filter[fp]=1&order_by=ofr_price&filter[tourOperator]=0&filter[childAge][1]=20201210","https://fly.pl/cdn/photo/assets/uploads/582/278/2023/04/Amarina-Jannah-Resort-Aquapark.jpg","https://fly.pl/wycieczka/egipt,marsa-alam,port-ghalib/amarina-jannah-resort-aquapark-15/pE3wDEQ2K1-33HZD04IY1_AAogYn5va52_isPiCuMyVBRry_POVhexA4B-vTIRTOTMdjUqBEVYSU0wzJWd1QZI3T9QAVieAmACagJBSXIhHBHjsga5BPKMPqsEGxvm1i0Y3vkzAYaH09QIAgBjAQIO43zjIg/ofertasv/?filter[tourOperator]=EXIM&filter%5Bperson%5D=2&filter%5BchildAge%5D%5B1%5D=20201210&filter%5Bchild%5D=1","filter_7_10_days","egipt","marsa-alam","port-ghalib","2026-09-26","2026-10-04","9","7","Warszawa","2+1","egipt|marsa-alam|2026-09-26|2026-10-04|7|Warszawa|2+1"
"Novotel Marsa Alam","8197.0","26.09.2026 - 04.10.2026","9 dni/7 nocy","4.5","4.5","3679","tripadvisor","Warszawa","2026-09-14T01:15:55.916721+00:00","https://fly.pl/szukaj-wycieczek/?filter[dest]=11:&filter[hotelids]=&filter[cityids]=0&filter[cregids]=&filter[ofrType]=&filter[addObjType]=&filter[whenFrom]=14-09-2026&filter[whenTo]=14-10-2026&filter[duration]=7:10&filter[from]=Warszawa%20-%20Modlin,Warszawa%20-%20Radom,Warszawa&filter[person]=2&filter[child]=1&filter[price]=4000:20000&filter[PriceFrom]=4000&filter[PriceTo]=20000&filter[addCategory]=50&filter[addCatering]=1&filter[addMisc]=0&filter[addTransport]=F&filter[fp]=1&order_by=ofr_price&filter[tourOperator]=0&filter[childAge][1]=20201210","https://fly.pl/cdn/photo/assets/uploads/582/278/2015/09/Novotel-Marsa-Alam.jpg","https://fly.pl/wycieczka/egipt,marsa-alam,c/novotel-marsa-alam/pbsg5k4SeSqeGq75csHuV-AAogJFX3PVr01TWZJ7ErCjV9cfPOVhexA4B-vTIRTOTMdjUqBEVYSU0wzJWd1QZIhUBQAVieAmACagJBSXIhHBGvoQa5BKaePqsEGxv1sywY5v8uAbe_0o4IAgBjAQINLewJXA/ofertasv/?filter[tourOperator]=EXIM&filter%5Bperson%5D=2&filter%5BchildAge%5D%5B1%5D=20201210&filter%5Bchild%5D=1","filter_7_10_days","egipt","marsa-alam","c","2026-09-26","2026-10-04","9","7","Warszawa","2+1","egipt|marsa-alam|2026-09-26|2026-10-04|7|Warszawa|2+1"
"IL Mercato Splash Aqua Park","8281.0","27.09.2026 - 04.10.2026","8 dni/7 nocy","4.4","4.4","2265","tripadvisor","Warszawa","2026-09-14T01:15:55.916721+00:00","https://fly.pl/szukaj-wycieczek/?filter[dest]=11:&filter[hotelids]=&filter[cityids]=0&filter[cregids]=&filter[ofrType]=&filter[addObjType]=&filter[whenFrom]=14-09-2026&filter[whenTo]=14-10-2026&filter[duration]=7:10&filter[from]=Warszawa%20-%20Modlin,Warszawa%20-%20Radom,Warszawa&filter[person]=2&filter[child]=1&filter[price]=4000:20000&filter[PriceFrom]=4000&filter[PriceTo]=20000&filter[addCategory]=50&filter[addCatering]=1&filter[addMisc]=0&filter[addTransport]=F&filter[fp]=1&order_by=ofr_price&filter[tourOperator]=0&filter[childAge][1]=20201210","https://fly.pl/cdn/photo/assets/uploads/582/278/2014/07/Il-Mercato-Hotel-Spa-Sharm-El-Sheikh.jpg","https://fly.pl/wycieczka/egipt,sharm-el-sheikh,c/iberotel-il-mercato/puesWFNxMdso5t9PZBoB0gAAogyK3R0wXF1UE9KC9A_lH8gdvhBFpwv_tYWcE8EXXr1-EqBEpPSVAwzJWd1QZI2UBQQVi2AmACagNDR21yQpsBFAEVBhcAXANYBVYCQMoGT-IBXQBe3voBEcsXUtsIUwBLxyNhAEzljDoN0vyXCSAAAYK4jNDEiMygMAINYwEACwi4d_U/ofertasv/?filter[tourOperator]=JOIP&filter%5Bperson%5D=2&filter%5BchildAge%5D%5B1%5D=20201210&filter%5Bchild%5D=1","filter_7_10_days","egipt","sharm-el-sheikh","c","2026-09-27","2026-10-04","8","7","Warszawa","2+1","egipt|sharm-el-sheikh|2026-09-27|2026-10-04|7|Warszawa|2+1"
"Creek Hotel and Residences","8366.0","24.09.2026 - 01.10.2026","8 dni/7 nocy","4.8","4.8","219","tripadvisor","Warszawa - Radom","2026-09-14T01:15:55.916721+00:00","https://fly.pl/szukaj-wycieczek/?filter[dest]=11:&filter[hotelids]=&filter[cityids]=0&filter[cregids]=&filter[ofrType]=&filter[addObjType]=&filter[whenFrom]=14-09-2026&filter[whenTo]=14-10-2026&filter[duration]=7:10&filter[from]=Warszawa%20-%20Modlin,Warszawa%20-%20Radom,Warszawa&filter[person]=2&filter[child]=1&filter[price]=4000:20000&filter[PriceFrom]=4000&filter[PriceTo]=20000&filter[addCategory]=50&filter[addCatering]=1&filter[addMisc]=0&filter[addTransport]=F&filter[fp]=1&order_by=ofr_price&filter[tourOperator]=0&filter[childAge][1]=20201210","https://fly.pl/cdn/photo/assets/uploads/582/278/2024/07/creek-hotel-residences.jpg","https://fly.pl/wycieczka/egipt,hurghada,al-dzuna/creek-hotel-residences-9/pcO_pV2ovQ6z39loJH_9-bAAogQIxuNaKCn6l5hB_Z_qyL-3uHt-JRXqpSz_DOtw-0xygqBE9SRVgwzJWd1QZIrkFQQVjuAWACagdNMkUuMi4xcjabARUHFwBcA1gFVgJAygZd0w5PbBGCB1PQlgFSAF6vT0uBEmEATNG-OiDP_JcJDQACEmMBAgvQHTDM/ofertasv/?filter[tourOperator]=OREX&filter%5Bperson%5D=2&filter%5BchildAge%5D%5B1%5D=20201210&filter%5Bchild%5D=1","filter_7_10_days","egipt","hurghada","al-dzuna","2026-09-24","2026-10-01","8","7","Warszawa - Radom","2+1","egipt|hurghada|2026-09-24|2026-10-01|7|Warszawa - Radom|2+1"
"Rehana Royal Beach Resort & Spa","8461.0","27.09.2026 - 04.10.2026","8 dni/7 nocy","4.3","4.3","4678","tripadvisor","Warszawa","2026-09-14T01:15:55.916721+00:00","https://fly.pl/szukaj-wycieczek/?filter[dest]=11:&filter[hotelids]=&filter[cityids]=0&filter[cregids]=&filter[ofrType]=&filter[addObjType]=&filter[whenFrom]=14-09-2026&filter[whenTo]=14-10-2026&filter[duration]=7:10&filter[from]=Warszawa%20-%20Modlin,Warszawa%20-%20Radom,Warszawa&filter[person]=2&filter[child]=1&filter[price]=4000:20000&filter[PriceFrom]=4000&filter[PriceTo]=20000&filter[addCategory]=50&filter[addCatering]=1&filter[addMisc]=0&filter[addTransport]=F&filter[fp]=1&order_by=ofr_price&filter[tourOperator]=0&filter[childAge][1]=20201210","https://fly.pl/cdn/photo/assets/uploads/582/278/2016/11/Rehana-Royal-Beach-Resort-amp-Spa.jpg","https://fly.pl/wycieczka/egipt,sharm-el-sheikh,c/rehana-royal-beach-resort-spa/pbFW5RG8qGa_0dkGvIkofXAAogDH7tKRZnTfyoBCAh7xvifNvhBFpwv_tYWcE8EXXr1-EqBEpPSVAwzJWd1QZIjUJQQVi2AmACagMwMHdyQpsBFAEVBhcAXANYBVYCQMoGT-IBXQAR88gBXusxUqYgUwBLxyNhAEzljDoN0vyXCSAAAYTM0PjEiMygMAINYwEADJ1M8y8/ofertasv/?filter[tourOperator]=JOIP&filter%5Bperson%5D=2&filter%5BchildAge%5D%5B1%5D=20201210&filter%5Bchild%5D=1","filter_7_10_days","egipt","sharm-el-sheikh","c","2026-09-27","2026-10-04","8","7","Warszawa","2+1","egipt|sharm-el-sheikh|2026-09-27|2026-10-04|7|Warszawa|2+1"
"Fantazia Resort","8465.0","19.09.2026 - 26.09.2026","8 dni/7 nocy","4.4","4.4","5979","tripadvisor","Warszawa","2026-09-14T01:15:55.916721+00:00","https://fly.pl/szukaj-wycieczek/?filter[dest]=11:&filter[hotelids]=&filter[cityids]=0&filter[cregids]=&filter[ofrType]=&filter[addObjType]=&filter[whenFrom]=14-09-2026&filter[whenTo]=14-10-2026&filter[duration]=7:10&filter[from]=Warszawa%20-%20Modlin,Warszawa%20-%20Radom,Warszawa&filter[person]=2&filter[child]=1&filter[price]=4000:20000&filter[PriceFrom]=4000&filter[PriceTo]=20000&filter[addCategory]=50&filter[addCatering]=1&filter[addMisc]=0&filter[addTransport]=F&filter[fp]=1&order_by=ofr_price&filter[tourOperator]=0&filter[childAge][1]=20201210","https://fly.pl/cdn/photo/assets/uploads/582/278/2016/11/Fantazia-Resort.jpg","https://fly.pl/wycieczka/egipt,marsa-alam,c/fantazia-resort/pU9P9KsGIQ8T0siTC2WWMuAAogcVbi6MAzN4F2O-ADYf2Th-BjSqPkI62g5kNiFDMto00qBE9SRVgwzJWd1QZIkUJQQVh2YAJqBkRRLjIuMXI2mwEVBxcAXANYBVYCQMoGEbQLXc8YTyRemdgBU7wUUgBLsS9hAEzljDogyvyXCQ0AAhJjAQINRWKbTA/ofertasv/?filter[tourOperator]=OREX&filter%5Bperson%5D=2&filter%5BchildAge%5D%5B1%5D=20201210&filter%5Bchild%5D=1","filter_7_10_days","egipt","marsa-alam","c","2026-09-19","2026-09-26","8","7","Warszawa","2+1","egipt|marsa-alam|2026-09-19|2026-09-26|7|Warszawa|2+1"
"Sea Star Beau Rivage","8471.0","06.10.2026 - 13.10.2026","8 dni/7 nocy","4.5","4.5","4299","tripadvisor","Warszawa","2026-09-14T01:15:55.916721+00:00","https://fly.pl/szukaj-wycieczek/?filter[dest]=11:&filter[hotelids]=&filter[cityids]=0&filter[cregids]=&filter[ofrType]=&filter[addObjType]=&filter[whenFrom]=14-09-2026&filter[whenTo]=14-10-2026&filter[duration]=7:10&filter[from]=Warszawa%20-%20Modlin,Warszawa%20-%20Radom,Warszawa&filter[person]=2&filter[child]=1&filter[price]=4000:20000&filter[PriceFrom]=4000&filter[PriceTo]=20000&filter[addCategory]=50&filter[addCatering]=1&filter[addMisc]=0&filter[addTransport]=F&filter[fp]=1&order_by=ofr_price&filter[tourOperator]=0&filter[childAge][1]=20201210","https://fly.pl/cdn/photo/assets/uploads/582/278/2014/07/Sea-Star-Beau-Rivage-fly-pl.jpg","https://fly.pl/wycieczka/egipt,hurghada,c/sea-star-beau-rivage/pRDVvybVeKEP-jCgsRKLc5AAogWzllsSxKLApvPTl2cC_E_d1Ra35vaD1OLsrZzzRttekqBEpPSVAwzJWd1QZIl0JQQViOBGACagMwZmRyQpsBFAEVBhcAXANYBVYCQMoGT-IBXQBSr6sBUwARxxpe6DRL7UNhAEzljDoNof2XCSAAAbyVgPDEhsygMAINYwEADLNP7ko/ofertasv/?filter[tourOperator]=JOIP&filter%5Bperson%5D=2&filter%5BchildAge%5D%5B1%5D=20201210&filter%5Bchild%5D=1","filter_7_10_days","egipt","hurghada","c","2026-10-06","2026-10-13","8","7","Warszawa","2+1","egipt|hurghada|2026-10-06|2026-10-13|7|Warszawa|2+1"
"Xperience Kiroseiz Premier","8504.0","27.09.2026 - 04.10.2026","8 dni/7 nocy","4.5","4.5","993","tripadvisor","Warszawa","2026-09-14T01:15:55.916721+00:00","https://fly.pl/szukaj-wycieczek/?filter[dest]=11:&filter[hotelids]=&filter[cityids]=0&filter[cregids]=&filter[ofrType]=&filter[addObjType]=&filter[whenFrom]=14-09-2026&filter[whenTo]=14-10-2026&filter[duration]=7:10&filter[from]=Warszawa%20-%20Modlin,Warszawa%20-%20Radom,Warszawa&filter[person]=2&filter[child]=1&filter[price]=4000:20000&filter[PriceFrom]=4000&filter[PriceTo]=20000&filter[addCategory]=50&filter[addCatering]=1&filter[addMisc]=0&filter[addTransport]=F&filter[fp]=1&order_by=ofr_price&filter[tourOperator]=0&filter[childAge][1]=20201210","https://fly.pl/cdn/photo/assets/uploads/582/278/2015/11/Xperience-Kiroseiz-Premier-fly-pl-3.jpg","https://fly.pl/wycieczka/egipt,sharm-el-sheikh,c/xperience-kiroseiz-premier/pxtcVZcFRYCTQSO_7V0rOXAAogc5qsI0a47M53bgGd0dOQ4tvhBFpwv_tYWcE8EXXr1-EqBEpPSVAwzJWd1QZIuEJQQVi2AmACagNDR21yQpsBFAEVBhcAXANYBVYCQMoGT-IBXQBe3voBEeYSUsANUwBLxyNhAEzljDoN0vyXCSAAAZO0_LC0iMygMAINYwEAC9Puiu4/ofertasv/?filter[tourOperator]=JOIP&filter%5Bperson%5D=2&filter%5BchildAge%5D%5B1%5D=20201210&filter%5Bchild%5D=1","filter_7_10_days","egipt","sharm-el-sheikh","c","2026-09-27","2026-10-04","8","7","Warszawa","2+1","egipt|sharm-el-sheikh|2026-09-27|2026-10-04|7|Warszawa|2+1"
"Stella Gardens Resort & Spa (ex Stella Di Mare Gardens)","8560.0","22.09.2026 - 29.09.2026","8 dni/7 nocy","4.5","4.5","2772","tripadvisor","Warszawa","2026-09-14T01:15:55.916721+00:00","https://fly.pl/szukaj-wycieczek/?filter[dest]=11:&filter[hotelids]=&filter[cityids]=0&filter[cregids]=&filter[ofrType]=&filter[addObjType]=&filter[whenFrom]=14-09-2026&filter[whenTo]=14-10-2026&filter[duration]=7:10&filter[from]=Warszawa%20-%20Modlin,Warszawa%20-%20Radom,Warszawa&filter[person]=2&filter[child]=1&filter[price]=4000:20000&filter[PriceFrom]=4000&filter[PriceTo]=20000&filter[addCategory]=50&filter[addCatering]=1&filter[addMisc]=0&filter[addTransport]=F&filter[fp]=1&order_by=ofr_price&filter[tourOperator]=0&filter[childAge][1]=20201210","https://fly.pl/cdn/photo/assets/uploads/582/278/2014/10/Stella-Di-Mare-Gardens-Resort-Spa.jpg","https://fly.pl/wycieczka/egipt,hurghada,makadi-bay/stella-makadi-garden/pRa_K2bZFNk2ZpuRheZ8u7AAog3b7o2x_OmWTihTvjnxAouAKHsDg_1j3PwsBFGt0DAN0qBEpPSVAwzJWd1QZI8EJQQVi-AWACagMwMEZyQpsBFAEVBhcAXANYBVYCQMoGT-IBXQBSr6sBUwARxjBe6R5L7UNhAEzljDoNzfyXCSAAAZ6Q2ODEhsygMAIOYwEADZJbWLM/ofertasv/?filter[tourOperator]=JOIP&filter%5Bperson%5D=2&filter%5BchildAge%5D%5B1%5D=20201210&filter%5Bchild%5D=1","filter_7_10_days","egipt","hurghada","makadi-bay","2026-09-22","2026-09-29","8","7","Warszawa","2+1","egipt|hurghada|2026-09-22|2026-09-29|7|Warszawa|2+1"
"Movenpick Waterpark Resort & Spa Soma Bay","8672.0","01.10.2026 - 08.10.2026","8 dni/7 nocy","4.3","4.3","4073","tripadvisor","Warszawa - Radom","2026-09-14T01:15:55.916721+00:00","https://fly.pl/szukaj-wycieczek/?filter[dest]=11:&filter[hotelids]=&filter[cityids]=0&filter[cregids]=&filter[ofrType]=&filter[addObjType]=&filter[whenFrom]=14-09-2026&filter[whenTo]=14-10-2026&filter[duration]=7:10&filter[from]=Warszawa%20-%20Modlin,Warszawa%20-%20Radom,Warszawa&filter[person]=2&filter[child]=1&filter[price]=4000:20000&filter[PriceFrom]=4000&filter[PriceTo]=20000&filter[addCategory]=50&filter[addCatering]=1&filter[addMisc]=0&filter[addTransport]=F&filter[fp]=1&order_by=ofr_price&filter[tourOperator]=0&filter[childAge][1]=20201210","https://fly.pl/cdn/photo/assets/uploads/582/278/2009/02/Movenpick-Soma-Bay2539.jpg","https://fly.pl/wycieczka/egipt,hurghada,c/movenpick-soma-bay/pS0tCfoQljfM14Ago99qfNAAogZF3So63knFyKjTVWjjBNXptDSG7JGG1kLrratyRh_coqBE9SRVgwzJWd1QZI4ENQQViWA2ACagdNM1IuMi4xcjWbARUHFwBcA1gFVgJAygYREl3BDk9sU9KdAVIAXq9PS4ESYQBM0b46IJz9lwkNAAISYwECC4Tardo/ofertasv/?filter[tourOperator]=OREX&filter%5Bperson%5D=2&filter%5BchildAge%5D%5B1%5D=20201210&filter%5Bchild%5D=1","filter_7_10_days","egipt","hurghada","c","2026-10-01","2026-10-08","8","7","Warszawa - Radom","2+1","egipt|hurghada|2026-10-01|2026-10-08|7|Warszawa - Radom|2+1"
"Retac Qunay Dahab Resort & Spa","8678.0","27.09.2026 - 04.10.2026","8 dni/7 nocy","4.3","4.3","1707","tripadvisor","Warszawa","2026-09-14T01:15:55.916721+00:00","https://fly.pl/szukaj-wycieczek/?filter[dest]=11:&filter[hotelids]=&filter[cityids]=0&filter[cregids]=&filter[ofrType]=&filter[addObjType]=&filter[whenFrom]=14-09-2026&filter[whenTo]=14-10-2026&filter[duration]=7:10&filter[from]=Warszawa%20-%20Modlin,Warszawa%20-%20Radom,Warszawa&filter[person]=2&filter[child]=1&filter[price]=4000:20000&filter[PriceFrom]=4000&filter[PriceTo]=20000&filter[addCategory]=50&filter[addCatering]=1&filter[addMisc]=0&filter[addTransport]=F&filter[fp]=1&order_by=ofr_price&filter[tourOperator]=0&filter[childAge][1]=20201210","https://fly.pl/cdn/photo/assets/uploads/582/278/2014/09/Retac-Qunay-Dahab.jpg","https://fly.pl/wycieczka/egipt,dahab,c/le-meridien-dahab-bay/pKM01KP11-EHrJ8-352DVJAAogaYjHUiP2my3qB9g9uPSD49vhBFpwv_tYWcE8EXXr1-EqBEpPSVAwzJWd1QZI5kNQQVi2AmACagNDR21yQpsBFAEVBhcAXANYBVYCQMoGT-IBXQARrdEBXrEpUqYgUwBLxyNhAEzljDoN0vyXCSAAAZjA1JDFiMygMAINYwEAC2deuUY/ofertasv/?filter[tourOperator]=JOIP&filter%5Bperson%5D=2&filter%5BchildAge%5D%5B1%5D=20201210&filter%5Bchild%5D=1","filter_7_10_days","egipt","dahab","c","2026-09-27","2026-10-04","8","7","Warszawa","2+1","egipt|dahab|2026-09-27|2026-10-04|7|Warszawa|2+1"
"The Cascades Golf Resort Spa & Thalasso (ex Westin Soma Bay)","8685.0","22.09.2026 - 29.09.2026","8 dni/7 nocy","4.4","4.4","280","tripadvisor","Warszawa","2026-09-14T01:15:55.916721+00:00","https://fly.pl/szukaj-wycieczek/?filter[dest]=11:&filter[hotelids]=&filter[cityids]=0&filter[cregids]=&filter[ofrType]=&filter[addObjType]=&filter[whenFrom]=14-09-2026&filter[whenTo]=14-10-2026&filter[duration]=7:10&filter[from]=Warszawa%20-%20Modlin,Warszawa%20-%20Radom,Warszawa&filter[person]=2&filter[child]=1&filter[price]=4000:20000&filter[PriceFrom]=4000&filter[PriceTo]=20000&filter[addCategory]=50&filter[addCatering]=1&filter[addMisc]=0&filter[addTransport]=F&filter[fp]=1&order_by=ofr_price&filter[tourOperator]=0&filter[childAge][1]=20201210","https://fly.pl/cdn/photo/assets/uploads/582/278/2014/10/The-Cascades-Golf-Resort-Spa-Thalasso.jpg","https://fly.pl/wycieczka/egipt,hurghada,soma-bay/la-residence-des-cascades/pe_JO280hvu5ALfFjerYgsAAogZ4DIr8aqmC4xEm2LS5ny2gKHsDg_1j3PwsBFGt0DAN0qBEpPSVAwzJWd1QZI7UNQQVi-AWACckIUARUGFwBcA1gFVgJAygZd4gFPAFu1UlP6WFIAXq9PS-1DYQARrCxMueA5IM38lwkNAAH34fCP04bMoDACDWMBAAxwfU08/ofertasv/?filter[tourOperator]=JOIP&filter%5Bperson%5D=2&filter%5BchildAge%5D%5B1%5D=20201210&filter%5Bchild%5D=1","filter_7_10_days","egipt","hurghada","soma-bay","2026-09-22","2026-09-29","8","7","Warszawa","2+1","egipt|hurghada|2026-09-22|2026-09-29|7|Warszawa|2+1"
"Amarina Sun Resort & Aqua Park (ex. Raouf Sun International Aqua Park & SPA)","8693.0","27.09.2026 - 04.10.2026","8 dni/7 nocy","3.8","3.8","328","tripadvisor","Warszawa","2026-09-14T01:15:55.916721+00:00","https://fly.pl/szukaj-wycieczek/?filter[dest]=11:&filter[hotelids]=&filter[cityids]=0&filter[cregids]=&filter[ofrType]=&filter[addObjType]=&filter[whenFrom]=14-09-2026&filter[whenTo]=14-10-2026&filter[duration]=7:10&filter[from]=Warszawa%20-%20Modlin,Warszawa%20-%20Radom,Warszawa&filter[person]=2&filter[child]=1&filter[price]=4000:20000&filter[PriceFrom]=4000&filter[PriceTo]=20000&filter[addCategory]=50&filter[addCatering]=1&filter[addMisc]=0&filter[addTransport]=F&filter[fp]=1&order_by=ofr_price&filter[tourOperator]=0&filter[childAge][1]=20201210","https://fly.pl/cdn/photo/assets/uploads/582/278/2024/07/raouf-sun-international-aqua-park-spa.jpg","https://fly.pl/wycieczka/egipt,sharm-el-sheikh,szarm-el-szejk/raouf-international-aqua-park-spa-14/pND4P6j15ZYCsvKrkfGmdmAAogDMzrR9iJSSW0yhRwXrgWA9vhBFpwv_tYWcE8EXXr1-EqBEpPSVAwzJWd1QZI9UNQQVi2AmACagMxMm9yQ5sBFAEVBhcAXANYBVYCQMoGT-IBXQBe3voBUqYgUwBLxyNhABHPiAFMloQ5DdL8lwkgAAGCuty4w4jMoDACDWMBAAwLL70Q/ofertasv/?filter[tourOperator]=JOIP&filter%5Bperson%5D=2&filter%5BchildAge%5D%5B1%5D=20201210&filter%5Bchild%5D=1","filter_7_10_days","egipt","sharm-el-sheikh","szarm-el-szejk","2026-09-27","2026-10-04","8","7","Warszawa","2+1","egipt|sharm-el-sheikh|2026-09-27|2026-10-04|7|Warszawa|2+1"
"Amarina Queen Resort","8775.0","03.10.2026 - 10.10.2026","8 dni/7 nocy","4.7","4.7","1194","tripadvisor","Warszawa","2026-09-14T01:15:55.916721+00:00","https://fly.pl/szukaj-wycieczek/?filter[dest]=11:&filter[hotelids]=&filter[cityids]=0&filter[cregids]=&filter[ofrType]=&filter[addObjType]=&filter[whenFrom]=14-09-2026&filter[whenTo]=14-10-2026&filter[duration]=7:10&filter[from]=Warszawa%20-%20Modlin,Warszawa%20-%20Radom,Warszawa&filter[person]=2&filter[child]=1&filter[price]=4000:20000&filter[PriceFrom]=4000&filter[PriceTo]=20000&filter[addCategory]=50&filter[addCatering]=1&filter[addMisc]=0&filter[addTransport]=F&filter[fp]=1&order_by=ofr_price&filter[tourOperator]=0&filter[childAge][1]=20201210","https://fly.pl/cdn/photo/assets/uploads/582/278/2024/07/amarina-queen-resort.jpg","https://fly.pl/wycieczka/egipt,marsa-alam,c/amarina-queen-resort-12/pOglNM1amyjzgIv_aJeACpAAoguGpm1udahtSKGC-ZJV513_KZN5lLw3WHV1PBeTD-CEQqBE9SRVgwzJWd1QZIx0RQQVjGA2ACagZESS4yLjFyNpsBFQcXAFwDWAVWAkDKBhGAFF2DEE8kXpnYAVO8FFIAS7EvYQBM5Yw6IJ79lwkNAAISYwECDOTFotc/ofertasv/?filter[tourOperator]=OREX&filter%5Bperson%5D=2&filter%5BchildAge%5D%5B1%5D=20201210&filter%5Bchild%5D=1","filter_7_10_days","egipt","marsa-alam","c","2026-10-03","2026-10-10","8","7","Warszawa","2+1","egipt|marsa-alam|2026-10-03|2026-10-10|7|Warszawa|2+1"
"Stella Beach Resort & Spa","8786.0","06.10.2026 - 13.10.2026","8 dni/7 nocy","4.4","4.4","6861","tripadvisor","Warszawa","2026-09-14T01:15:55.916721+00:00","https://fly.pl/szukaj-wycieczek/?filter[dest]=11:&filter[hotelids]=&filter[cityids]=0&filter[cregids]=&filter[ofrType]=&filter[addObjType]=&filter[whenFrom]=14-09-2026&filter[whenTo]=14-10-2026&filter[duration]=7:10&filter[from]=Warszawa%20-%20Modlin,Warszawa%20-%20Radom,Warszawa&filter[person]=2&filter[child]=1&filter[price]=4000:20000&filter[PriceFrom]=4000&filter[PriceTo]=20000&filter[addCategory]=50&filter[addCatering]=1&filter[addMisc]=0&filter[addTransport]=F&filter[fp]=1&order_by=ofr_price&filter[tourOperator]=0&filter[childAge][1]=20201210","https://fly.pl/cdn/photo/assets/uploads/582/278/2014/10/Stella-Di-Mare-Beach-Resort-Spa.jpg","https://fly.pl/wycieczka/egipt,hurghada,makadi-bay/stella-makadi-resort/pB5pbKQ3ePQC7FjnQovslrAAogLJwYr1cSu-60QXu9nMIx6N1Ra35vaD1OLsrZzzRttekqBEpPSVAwzJWd1QZI0kRQQViOBGACagMwMHdyQpsBFAEVBhcAXANYBVYCQMoGT-IBXQBSr6sBUwBer08RkSxL3BdhAEzljDoNof2XCSAAAanJ3NDEhsygMAIOYwEADbb306M/ofertasv/?filter[tourOperator]=JOIP&filter%5Bperson%5D=2&filter%5BchildAge%5D%5B1%5D=20201210&filter%5Bchild%5D=1","filter_7_10_days","egipt","hurghada","makadi-bay","2026-10-06","2026-10-13","8","7","Warszawa","2+1","egipt|hurghada|2026-10-06|2026-10-13|7|Warszawa|2+1"
"Regency Plaza Aqua Park Spa","8792.0","27.09.2026 - 04.10.2026","8 dni/7 nocy","4.1","4.1","6204","tripadvisor","Warszawa","2026-09-14T01:15:55.916721+00:00","https://fly.pl/szukaj-wycieczek/?filter[dest]=11:&filter[hotelids]=&filter[cityids]=0&filter[cregids]=&filter[ofrType]=&filter[addObjType]=&filter[whenFrom]=14-09-2026&filter[whenTo]=14-10-2026&filter[duration]=7:10&filter[from]=Warszawa%20-%20Modlin,Warszawa%20-%20Radom,Warszawa&filter[person]=2&filter[child]=1&filter[price]=4000:20000&filter[PriceFrom]=4000&filter[PriceTo]=20000&filter[addCategory]=50&filter[addCatering]=1&filter[addMisc]=0&filter[addTransport]=F&filter[fp]=1&order_by=ofr_price&filter[tourOperator]=0&filter[childAge][1]=20201210","https://fly.pl/cdn/photo/assets/uploads/582/278/2014/07/Regency-Plaza-Aqua-Park-Spa-fly-pl.jpg","https://fly.pl/wycieczka/egipt,sharm-el-sheikh,szarm-el-szejk/regency-plaza/pAgCtBcjZvQdrKrHQkdluKAAogeJVphCp3jxhzkRUPqKG05tvhBFpwv_tYWcE8EXXr1-EqBEpPSVAwzJWd1QZI2ERQQVi2AmACagMxejhyQpsBFAEVBhcAXANYBVYCQMoGT-IBXQARmcoBXsUwUqYgUwBLxyNhAEzljDoN0vyXCSAAAZeiuLjFiMygMAIOYwEADfouch8/ofertasv/?filter[tourOperator]=JOIP&filter%5Bperson%5D=2&filter%5BchildAge%5D%5B1%5D=20201210&filter%5Bchild%5D=1","filter_7_10_days","egipt","sharm-el-sheikh","szarm-el-szejk","2026-09-27","2026-10-04","8","7","Warszawa","2+1","egipt|sharm-el-sheikh|2026-09-27|2026-10-04|7|Warszawa|2+1"
"Sentido Akassia Beach (ex. LTI Akassia Beach)","8892.0","03.10.2026 - 10.10.2026","8 dni/7 nocy","4.4","4.4","2309","tripadvisor","Warszawa","2026-09-14T01:15:55.916721+00:00","https://fly.pl/szukaj-wycieczek/?filter[dest]=11:&filter[hotelids]=&filter[cityids]=0&filter[cregids]=&filter[ofrType]=&filter[addObjType]=&filter[whenFrom]=14-09-2026&filter[whenTo]=14-10-2026&filter[duration]=7:10&filter[from]=Warszawa%20-%20Modlin,Warszawa%20-%20Radom,Warszawa&filter[person]=2&filter[child]=1&filter[price]=4000:20000&filter[PriceFrom]=4000&filter[PriceTo]=20000&filter[addCategory]=50&filter[addCatering]=1&filter[addMisc]=0&filter[addTransport]=F&filter[fp]=1&order_by=ofr_price&filter[tourOperator]=0&filter[childAge][1]=20201210","https://fly.pl/cdn/photo/assets/uploads/582/278/2014/09/Sentido-Akassia-Beach.jpg","https://fly.pl/wycieczka/egipt,marsa-alam,c/lti-akassia-beach-2/pnhv0DnEQlT2cnh2K_5UdiAAogWsj03FuK88D0OuhDCSx3N_KZN5lLw3WHV1PBeTD-CEQqBE9SRVgwzJWd1QZIvEVQQVjGA2ACagYxUy4yLjFyNZsBFQcXAFwDWAVWAhEmQKQGXYMkTyRemdgBU7wUUgBLsS9hAEzljDognv2XCQ0AAhJjAQINSNZkVg/ofertasv/?filter[tourOperator]=OREX&filter%5Bperson%5D=2&filter%5BchildAge%5D%5B1%5D=20201210&filter%5Bchild%5D=1","filter_7_10_days","egipt","marsa-alam","c","2026-10-03","2026-10-10","8","7","Warszawa","2+1","egipt|marsa-alam|2026-10-03|2026-10-10|7|Warszawa|2+1"
"Xperience Kiroseiz Parkland","8899.0","27.09.2026 - 04.10.2026","8 dni/7 nocy","4.5","4.5","3121","tripadvisor","Warszawa","2026-09-14T01:15:55.916721+00:00","https://fly.pl/szukaj-wycieczek/?filter[dest]=11:&filter[hotelids]=&filter[cityids]=0&filter[cregids]=&filter[ofrType]=&filter[addObjType]=&filter[whenFrom]=14-09-2026&filter[whenTo]=14-10-2026&filter[duration]=7:10&filter[from]=Warszawa%20-%20Modlin,Warszawa%20-%20Radom,Warszawa&filter[person]=2&filter[child]=1&filter[price]=4000:20000&filter[PriceFrom]=4000&filter[PriceTo]=20000&filter[addCategory]=50&filter[addCatering]=1&filter[addMisc]=0&filter[addTransport]=F&filter[fp]=1&order_by=ofr_price&filter[tourOperator]=0&filter[childAge][1]=20201210","https://fly.pl/cdn/photo/assets/uploads/582/278/2014/06/Xperience-Kiroseiz-Parkland-fly-pl.jpg","https://fly.pl/wycieczka/egipt,sharm-el-sheikh,c/xperience-kiroseiz-parkland/p4clWpPjCn4p95cqdIcWK5AAogmLvQXqlZxEcPg01L56Crm9vhBFpwv_tYWcE8EXXr1-EqBEpPSVAwzJWd1QZIw0VQQVi2AmACagNDR21yQpsBFAEVBhcAXANYBVYCQMoGT-IBXQARt8YBXqc0UqYgUwBLxyNhAEzljDoN0vyXCSAAAZvMwLi0iMygMAINYwEAC5w-1S8/ofertasv/?filter[tourOperator]=JOIP&filter%5Bperson%5D=2&filter%5BchildAge%5D%5B1%5D=20201210&filter%5Bchild%5D=1","filter_7_10_days","egipt","sharm-el-sheikh","c","2026-09-27","2026-10-04","8","7","Warszawa","2+1","egipt|sharm-el-sheikh|2026-09-27|2026-10-04|7|Warszawa|2+1"
"Sataya Resort (ex. Labranda Sataya Marsa Alam)","8957.0","03.10.2026 - 10.10.2026","8 dni/7 nocy","4.7","4.7","4175","tripadvisor","Warszawa","2026-09-14T01:15:55.916721+00:00","https://fly.pl/szukaj-wycieczek/?filter[dest]=11:&filter[hotelids]=&filter[cityids]=0&filter[cregids]=&filter[ofrType]=&filter[addObjType]=&filter[whenFrom]=14-09-2026&filter[whenTo]=14-10-2026&filter[duration]=7:10&filter[from]=Warszawa%20-%20Modlin,Warszawa%20-%20Radom,Warszawa&filter[person]=2&filter[child]=1&filter[price]=4000:20000&filter[PriceFrom]=4000&filter[PriceTo]=20000&filter[addCategory]=50&filter[addCatering]=1&filter[addMisc]=0&filter[addTransport]=F&filter[fp]=1&order_by=ofr_price&filter[tourOperator]=0&filter[childAge][1]=20201210","https://fly.pl/cdn/photo/assets/uploads/582/278/2019/09/Sataya-Resort-Marsa-Alam.jpg","https://fly.pl/wycieczka/egipt,marsa-alam,c/labranda-sataya-marsa-alam-9/pnVVTedw8Mio3Ncn5uAq9HAAogr63dQG2pLkrWhlEI75tkKNZNgnLGgRucX8mp4yGpFD0qBFZJVFgwzJWd1QZI_UVQQVjGA2ACckAaABUHFwBcA1gFQI8DW6eGAV7WeVK8FFMAS7EvYQBMjbU5DfbUmAkgAFGz6MD23wFP5bILXZz4r_klAg1jAQIMYwOjRA/ofertasv/?filter[tourOperator]=VITX&filter%5Bperson%5D=2&filter%5BchildAge%5D%5B1%5D=20201210&filter%5Bchild%5D=1","filter_7_10_days","egipt","marsa-alam","c","2026-10-03","2026-10-10","8","7","Warszawa","2+1","egipt|marsa-alam|2026-10-03|2026-10-10|7|Warszawa|2+1"
"Calimera Blend Paradise Resort","8957.0","24.09.2026 - 01.10.2026","8 dni/7 nocy","4.2","4.2","2349","tripadvisor","Warszawa","2026-09-14T01:15:55.916721+00:00","https://fly.pl/szukaj-wycieczek/?filter[dest]=11:&filter[hotelids]=&filter[cityids]=0&filter[cregids]=&filter[ofrType]=&filter[addObjType]=&filter[whenFrom]=14-09-2026&filter[whenTo]=14-10-2026&filter[duration]=7:10&filter[from]=Warszawa%20-%20Modlin,Warszawa%20-%20Radom,Warszawa&filter[person]=2&filter[child]=1&filter[price]=4000:20000&filter[PriceFrom]=4000&filter[PriceTo]=20000&filter[addCategory]=50&filter[addCatering]=1&filter[addMisc]=0&filter[addTransport]=F&filter[fp]=1&order_by=ofr_price&filter[tourOperator]=0&filter[childAge][1]=20201210","https://fly.pl/cdn/photo/assets/uploads/582/278/2022/08/Calimera-Blend-Paradise.jpg","https://fly.pl/wycieczka/egipt,hurghada,c/calimera-blend-paradise-12/pFFAT3PiNujziSWMgFMGvVAAogpJb8GQUkRy_MesP24yXbng5QW-LxgDEWlGYjjlpqcUcqBEVYSU0wzJWd1QZI_UVQAVjuAWACagJBSXIhHBHYoAa5BM2aPqsEHBuBuiwYyYAvAbHJ_o4IAgBjAQIMO_47ag/ofertasv/?filter[tourOperator]=EXIM&filter%5Bperson%5D=2&filter%5BchildAge%5D%5B1%5D=20201210&filter%5Bchild%5D=1","filter_7_10_days","egipt","hurghada","c","2026-09-24","2026-10-01","8","7","Warszawa","2+1","egipt|hurghada|2026-09-24|2026-10-01|7|Warszawa|2+1"
"Swissotel Resort El Quseir","8969.0","26.09.2026 - 03.10.2026","8 dni/7 nocy","4.4","4.4","3134","tripadvisor","Warszawa","2026-09-14T01:15:55.916721+00:00","https://fly.pl/szukaj-wycieczek/?filter[dest]=11:&filter[hotelids]=&filter[cityids]=0&filter[cregids]=&filter[ofrType]=&filter[addObjType]=&filter[whenFrom]=14-09-2026&filter[whenTo]=14-10-2026&filter[duration]=7:10&filter[from]=Warszawa%20-%20Modlin,Warszawa%20-%20Radom,Warszawa&filter[person]=2&filter[child]=1&filter[price]=4000:20000&filter[PriceFrom]=4000&filter[PriceTo]=20000&filter[addCategory]=50&filter[addCatering]=1&filter[addMisc]=0&filter[addTransport]=F&filter[fp]=1&order_by=ofr_price&filter[tourOperator]=0&filter[childAge][1]=20201210","https://fly.pl/cdn/photo/assets/uploads/582/278/2015/02/RADISSON-BLU-m.jpg","https://fly.pl/wycieczka/egipt,marsa-alam,al-kusajr/radisson-blu-resort-el-quseir/pXqlnEN896_luWl56XVePSAAogFRAFPsT61Vv9g1W_7eKP7xWWbk1CL6nHD-6pA8RxztcqBE9SRVgwzJWd1QZIiUZQQVieAmACagZFSS4yLjFyNpsBFQcXAFwDWAVWAkDKBhHtFV2WDk8kXpnYAVO8FFIAS7EvYQBM5Yw6INH8lwkNAAISYwECC6DdnW8/ofertasv/?filter[tourOperator]=OREX&filter%5Bperson%5D=2&filter%5BchildAge%5D%5B1%5D=20201210&filter%5Bchild%5D=1","filter_7_10_days","egipt","marsa-alam","al-kusajr","2026-09-26","2026-10-03","8","7","Warszawa","2+1","egipt|marsa-alam|2026-09-26|2026-10-03|7|Warszawa|2+1"
"Dreams Beach Sharm Resort (Sharm El Sheikh)","8980.0","27.09.2026 - 04.10.2026","8 dni/7 nocy","3.9","3.9","2648","tripadvisor","Warszawa","2026-09-14T01:15:55.916721+00:00","https://fly.pl/szukaj-wycieczek/?filter[dest]=11:&filter[hotelids]=&filter[cityids]=0&filter[cregids]=&filter[ofrType]=&filter[addObjType]=&filter[whenFrom]=14-09-2026&filter[whenTo]=14-10-2026&filter[duration]=7:10&filter[from]=Warszawa%20-%20Modlin,Warszawa%20-%20Radom,Warszawa&filter[person]=2&filter[child]=1&filter[price]=4000:20000&filter[PriceFrom]=4000&filter[PriceTo]=20000&filter[addCategory]=50&filter[addCatering]=1&filter[addMisc]=0&filter[addTransport]=F&filter[fp]=1&order_by=ofr_price&filter[tourOperator]=0&filter[childAge][1]=20201210","https://fly.pl/cdn/photo/assets/uploads/582/278/2014/07/Dreams-Beach-Resort.jpg","https://fly.pl/wycieczka/egipt,sharm-el-sheikh,szarm-el-szejk/dreams-beach-sharm-el-sheikh/p-boYmSV__NxIh-OdaQk_RAAogmWsNTubVUHJiFrHADfnAJ9vhBFpwv_tYWcE8EXXr1-EqBEpPSVAwz5Wd1QZIlEZQQVi2AmACagNDR21yQpsBFAEVBhcAXANYBVYCQMoGT-IBXQAR5MYBXvozUqYgUwBLxyNhAEzljDoN0vyXCSAAAYXk8PjCiMygMAINYwEAC21WX1c/ofertasv/?filter[tourOperator]=JOIP&filter%5Bperson%5D=2&filter%5BchildAge%5D%5B1%5D=20201210&filter%5Bchild%5D=1","filter_7_10_days","egipt","sharm-el-sheikh","szarm-el-szejk","2026-09-27","2026-10-04","8","7","Warszawa","2+1","egipt|sharm-el-sheikh|2026-09-27|2026-10-04|7|Warszawa|2+1"
"Amarina Star Resort & Aqua Park (ex. Raouf Star)","9007.0","27.09.2026 - 04.10.2026","8 dni/7 nocy","4.1","4.1","101","tripadvisor","Warszawa","2026-09-14T01:15:55.916721+00:00","https://fly.pl/szukaj-wycieczek/?filter[dest]=11:&filter[hotelids]=&filter[cityids]=0&filter[cregids]=&filter[ofrType]=&filter[addObjType]=&filter[whenFrom]=14-09-2026&filter[whenTo]=14-10-2026&filter[duration]=7:10&filter[from]=Warszawa%20-%20Modlin,Warszawa%20-%20Radom,Warszawa&filter[person]=2&filter[child]=1&filter[price]=4000:20000&filter[PriceFrom]=4000&filter[PriceTo]=20000&filter[addCategory]=50&filter[addCatering]=1&filter[addMisc]=0&filter[addTransport]=F&filter[fp]=1&order_by=ofr_price&filter[tourOperator]=0&filter[childAge][1]=20201210","https://fly.pl/cdn/photo/assets/uploads/582/278/2023/04/Amarina-Star-Resort-Aqua-Park.jpg","https://fly.pl/wycieczka/egipt,sharm-el-sheikh,szarm-el-szejk/raouf-star-15/pZsT3OHdIjOVtTFQwpm786AAogn7JU-pwN9yb_q1ZQWVeu5dvhBFpwv_tYWcE8EXXr1-EqBEpPSVAwz5Wd1QZIr0ZQQVi2AmACagMxMm9yQ5sBFAEVBhcAXANYBVYCQMoGT-IBXQBe3voBUqYgUwBLxyNhABH2pwFM7-Q4DdL8lwkgAAGEyvCPxIjMoDACDWMBAAz5TTmt/ofertasv/?filter[tourOperator]=JOIP&filter%5Bperson%5D=2&filter%5BchildAge%5D%5B1%5D=20201210&filter%5Bchild%5D=1","filter_7_10_days","egipt","sharm-el-sheikh","szarm-el-szejk","2026-09-27","2026-10-04","8","7","Warszawa","2+1","egipt|sharm-el-sheikh|2026-09-27|2026-10-04|7|Warszawa|2+1"
"Concorde Moreen Beach Resort & Spa","9057.0","29.09.2026 - 06.10.2026","8 dni/7 nocy","4.5","4.5","5598","tripadvisor","Warszawa","2026-09-14T01:15:55.916721+00:00","https://fly.pl/szukaj-wycieczek/?filter[dest]=11:&filter[hotelids]=&filter[cityids]=0&filter[cregids]=&filter[ofrType]=&filter[addObjType]=&filter[whenFrom]=14-09-2026&filter[whenTo]=14-10-2026&filter[duration]=7:10&filter[from]=Warszawa%20-%20Modlin,Warszawa%20-%20Radom,Warszawa&filter[person]=2&filter[child]=1&filter[price]=4000:20000&filter[PriceFrom]=4000&filter[PriceTo]=20000&filter[addCategory]=50&filter[addCatering]=1&filter[addMisc]=0&filter[addTransport]=F&filter[fp]=1&order_by=ofr_price&filter[tourOperator]=0&filter[childAge][1]=20201210","https://fly.pl/cdn/photo/assets/uploads/582/278/2014/07/Concorde-Moreen-Beach-Resort-Spa-fly-pl.jpg","https://fly.pl/wycieczka/egipt,marsa-alam,c/concorde-moreen-beach-spa-resort/p7SSerCAwE8Y7GdkeqqZ7nAAogISIXGKVPoLuOAAf8HzzVOIJOHgHuVmZih2ZAoGcsF3oqBFZJVFgwz5Wd1QZI4UZQQVjmAmACckAaABUHFwBcA1gFQI8DW5eFAV7melK8FFMAS7EvYQBM7bQ5DczUmAkgAFGHrZT23wFP2u43XZz4r_klAgxjAQILE1HADw/ofertasv/?filter[tourOperator]=VITX&filter%5Bperson%5D=2&filter%5BchildAge%5D%5B1%5D=20201210&filter%5Bchild%5D=1","filter_7_10_days","egipt","marsa-alam","c","2026-09-29","2026-10-06","8","7","Warszawa","2+1","egipt|marsa-alam|2026-09-29|2026-10-06|7|Warszawa|2+1"
"Sharm Grand Plaza Resort","9115.0","27.09.2026 - 04.10.2026","8 dni/7 nocy","4.4","4.4","9442","tripadvisor","Warszawa","2026-09-14T01:15:55.916721+00:00","https://fly.pl/szukaj-wycieczek/?filter[dest]=11:&filter[hotelids]=&filter[cityids]=0&filter[cregids]=&filter[ofrType]=&filter[addObjType]=&filter[whenFrom]=14-09-2026&filter[whenTo]=14-10-2026&filter[duration]=7:10&filter[from]=Warszawa%20-%20Modlin,Warszawa%20-%20Radom,Warszawa&filter[person]=2&filter[child]=1&filter[price]=4000:20000&filter[PriceFrom]=4000&filter[PriceTo]=20000&filter[addCategory]=50&filter[addCatering]=1&filter[addMisc]=0&filter[addTransport]=F&filter[fp]=1&order_by=ofr_price&filter[tourOperator]=0&filter[childAge][1]=20201210","https://fly.pl/cdn/photo/assets/uploads/582/278/2014/07/SHARM-GRAND-PLAZA-RESORT-1.jpg","https://fly.pl/wycieczka/egipt,sharm-el-sheikh,c/grand-plaza-resort/pIPbaK7K9bUbGr7J0MaA8TAAognppR-ks28gTK9BQRaId3_NvhBFpwv_tYWcE8EXXr1-EqBEpPSVAwz5Wd1QZIm0dQQVi2AmACagMwM2pyQpsBFAEVBhcAXANYBVYCQMoGT-IBXQARgscBXtwzUqYgUwBLxyNhAEzljDoN0vyXCSAAAfnj0JC0iMygMAINYwEAC4dlkk4/ofertasv/?filter[tourOperator]=JOIP&filter%5Bperson%5D=2&filter%5BchildAge%5D%5B1%5D=20201210&filter%5Bchild%5D=1","filter_7_10_days","egipt","sharm-el-sheikh","c","2026-09-27","2026-10-04","8","7","Warszawa","2+1","egipt|sharm-el-sheikh|2026-09-27|2026-10-04|7|Warszawa|2+1"
"Ancient Sands Golf Resort","9135.0","24.09.2026 - 01.10.2026","8 dni/7 nocy","4.8","4.8","3352","tripadvisor","Warszawa - Radom","2026-09-14T01:15:55.916721+00:00","https://fly.pl/szukaj-wycieczek/?filter[dest]=11:&filter[hotelids]=&filter[cityids]=0&filter[cregids]=&filter[ofrType]=&filter[addObjType]=&filter[whenFrom]=14-09-2026&filter[whenTo]=14-10-2026&filter[duration]=7:10&filter[from]=Warszawa%20-%20Modlin,Warszawa%20-%20Radom,Warszawa&filter[person]=2&filter[child]=1&filter[price]=4000:20000&filter[PriceFrom]=4000&filter[PriceTo]=20000&filter[addCategory]=50&filter[addCatering]=1&filter[addMisc]=0&filter[addTransport]=F&filter[fp]=1&order_by=ofr_price&filter[tourOperator]=0&filter[childAge][1]=20201210","https://fly.pl/cdn/photo/assets/uploads/582/278/2019/05/Ancient-Sands-Golf-Resort.jpg","https://fly.pl/wycieczka/egipt,hurghada,al-dzuna/ancient-sands-el-gouna/pbS78BkxR3FQOtYAHOGIzeAAogOKRy10QYgWXTirqo4cHeTnuHt-JRXqpSz_DOtw-0xygqBE9SRVgwz5Wd1QZIr0dQQVjuAWACagVZLjIuMXI1mwEVBxcAXANYBVYCEQVAxQZd0w5PbFPSnQFSAF6vT0uBEmEATNG-OiDP_JcJDQACEmMBAgy5JIGj/ofertasv/?filter[tourOperator]=OREX&filter%5Bperson%5D=2&filter%5BchildAge%5D%5B1%5D=20201210&filter%5Bchild%5D=1","filter_7_10_days","egipt","hurghada","al-dzuna","2026-09-24","2026-10-01","8","7","Warszawa - Radom","2+1","egipt|hurghada|2026-09-24|2026-10-01|7|Warszawa - Radom|2+1"
"Jaz Palmariva Beach","9140.0","17.09.2026 - 24.09.2026","8 dni/7 nocy","4.6","4.6","4080","tripadvisor","Warszawa - Radom","2026-09-14T01:15:55.916721+00:00","https://fly.pl/szukaj-wycieczek/?filter[dest]=11:&filter[hotelids]=&filter[cityids]=0&filter[cregids]=&filter[ofrType]=&filter[addObjType]=&filter[whenFrom]=14-09-2026&filter[whenTo]=14-10-2026&filter[duration]=7:10&filter[from]=Warszawa%20-%20Modlin,Warszawa%20-%20Radom,Warszawa&filter[person]=2&filter[child]=1&filter[price]=4000:20000&filter[PriceFrom]=4000&filter[PriceTo]=20000&filter[addCategory]=50&filter[addCatering]=1&filter[addMisc]=0&filter[addTransport]=F&filter[fp]=1&order_by=ofr_price&filter[tourOperator]=0&filter[childAge][1]=20201210","https://fly.pl/cdn/photo/assets/uploads/582/278/2014/07/Labranda-Club-Makadi-ex-Club-Azur-fly-pl.jpg","https://fly.pl/wycieczka/egipt,hurghada,makadi-bay/club-azur/psOCQ3zIBZc95w9bHkUi9fAAogLMgT30PjR8VnW64VZ3kyO_8MJssITV_eZU8aw6SOnRoqBE9SRVgwz5Wd1QZItEdQQVhGYAJqBlpJLjIuMXI1mwEVBxcAXANYBVYCQMoGXdMOT2wR9SFT3XtSAF6vT0uBEmEATNG-OiDI_JcJDQACEmMBAgzxynXP/ofertasv/?filter[tourOperator]=OREX&filter%5Bperson%5D=2&filter%5BchildAge%5D%5B1%5D=20201210&filter%5Bchild%5D=1","filter_7_10_days","egipt","hurghada","makadi-bay","2026-09-17","2026-09-24","8","7","Warszawa - Radom","2+1","egipt|hurghada|2026-09-17|2026-09-24|7|Warszawa - Radom|2+1"
"Xperience Sea Breeze Resort","9160.0","27.09.2026 - 04.10.2026","8 dni/7 nocy","4.7","4.7","11506","tripadvisor","Warszawa","2026-09-14T01:15:55.916721+00:00","https://fly.pl/szukaj-wycieczek/?filter[dest]=11:&filter[hotelids]=&filter[cityids]=0&filter[cregids]=&filter[ofrType]=&filter[addObjType]=&filter[whenFrom]=14-09-2026&filter[whenTo]=14-10-2026&filter[duration]=7:10&filter[from]=Warszawa%20-%20Modlin,Warszawa%20-%20Radom,Warszawa&filter[person]=2&filter[child]=1&filter[price]=4000:20000&filter[PriceFrom]=4000&filter[PriceTo]=20000&filter[addCategory]=50&filter[addCatering]=1&filter[addMisc]=0&filter[addTransport]=F&filter[fp]=1&order_by=ofr_price&filter[tourOperator]=0&filter[childAge][1]=20201210","https://fly.pl/cdn/photo/assets/uploads/582/278/2014/07/XPERIENCE-SEA-BREEZE-RESORT.jpg","https://fly.pl/wycieczka/egipt,sharm-el-sheikh,c/xperience-sea-breeze/pKaWpa5NEKgbqGrTtTModsAAogW4wnZNbjVKdDFGPxGhSA39vhBFpwv_tYWcE8EXXr1-EqBEpPSVAwz5Wd1QZIyEdQQVi2AmACagNDR21yQpsBFAEVBhcAXANYBVYCQMoGT-IBXQARlsoBXsgwUqYgUwBLxyNhAEzljDoN0vyXCSAAAfKV1LC0iMygMAINYwEAC6f0xc4/ofertasv/?filter[tourOperator]=JOIP&filter%5Bperson%5D=2&filter%5BchildAge%5D%5B1%5D=20201210&filter%5Bchild%5D=1","filter_7_10_days","egipt","sharm-el-sheikh","c","2026-09-27","2026-10-04","8","7","Warszawa","2+1","egipt|sharm-el-sheikh|2026-09-27|2026-10-04|7|Warszawa|2+1"
"Marriott Hurghada Beach Resort","9171.0","24.09.2026 - 01.10.2026","8 dni/7 nocy","4.6","4.6","4884","tripadvisor","Warszawa - Radom","2026-09-14T01:15:55.916721+00:00","https://fly.pl/szukaj-wycieczek/?filter[dest]=11:&filter[hotelids]=&filter[cityids]=0&filter[cregids]=&filter[ofrType]=&filter[addObjType]=&filter[whenFrom]=14-09-2026&filter[whenTo]=14-10-2026&filter[duration]=7:10&filter[from]=Warszawa%20-%20Modlin,Warszawa%20-%20Radom,Warszawa&filter[person]=2&filter[child]=1&filter[price]=4000:20000&filter[PriceFrom]=4000&filter[PriceTo]=20000&filter[addCategory]=50&filter[addCatering]=1&filter[addMisc]=0&filter[addTransport]=F&filter[fp]=1&order_by=ofr_price&filter[tourOperator]=0&filter[childAge][1]=20201210","https://fly.pl/cdn/photo/assets/uploads/582/278/2014/09/Marriott-Hurghada-Beach-Resort.jpg","https://fly.pl/wycieczka/egipt,hurghada,c/marriott-hurghada-beach-resort/p5MvWCHXT-e9KDWHgTpuZTAAog6kywR9Ce7y5qxa-lj4mlJHuHt-JRXqpSz_DOtw-0xygqBE9SRVgwz5Wd1QZI00dQQVjuAWACagZEUS4yLjFyNZsBFQcXAFwDWAVWAhFZQPEFXdMOT2xT0p0BUgBer09LgRJhAEzRvjogz_yXCQ0AAhJjAQILbB47Sg/ofertasv/?filter[tourOperator]=OREX&filter%5Bperson%5D=2&filter%5BchildAge%5D%5B1%5D=20201210&filter%5Bchild%5D=1","filter_7_10_days","egipt","hurghada","c","2026-09-24","2026-10-01","8","7","Warszawa - Radom","2+1","egipt|hurghada|2026-09-24|2026-10-01|7|Warszawa - Radom|2+1"
"Gravity Hotel & Aquapark Hurghada (ex. Samra Bay Resort)","9177.0","06.10.2026 - 13.10.2026","8 dni/7 nocy","","","","","Warszawa","2026-09-14T01:15:55.916721+00:00","https://fly.pl/szukaj-wycieczek/?filter[dest]=11:&filter[hotelids]=&filter[cityids]=0&filter[cregids]=&filter[ofrType]=&filter[addObjType]=&filter[whenFrom]=14-09-2026&filter[whenTo]=14-10-2026&filter[duration]=7:10&filter[from]=Warszawa%20-%20Modlin,Warszawa%20-%20Radom,Warszawa&filter[person]=2&filter[child]=1&filter[price]=4000:20000&filter[PriceFrom]=4000&filter[PriceTo]=20000&filter[addCategory]=50&filter[addCatering]=1&filter[addMisc]=0&filter[addTransport]=F&filter[fp]=1&order_by=ofr_price&filter[tourOperator]=0&filter[childAge][1]=20201210","https://fly.pl/cdn/photo/assets/uploads/582/278/2017/04/Gravity-Hotel-Aquapark-Hurghada.jpg","https://fly.pl/wycieczka/egipt,hurghada,c/samra-bay-resort/pbPdYESQMiOka7iRWAskchAAoguHhLBhDzhdphd211mkSAft1Ra35vaD1OLsrZzzRttekqBEpPSVAwz5Wd1QZI2UdQQViOBGACagMwMllyQpsBFAEVBhcAXANYBVYCQMoGT-IBXQBSr6sBUwBer08RuD9LtQRhAEzljDoNof2XCSAAAbyXiLiEic6gMAIOYwEADTtLpp8/ofertasv/?filter[tourOperator]=JOIP&filter%5Bperson%5D=2&filter%5BchildAge%5D%5B1%5D=20201210&filter%5Bchild%5D=1","filter_7_10_days","egipt","hurghada","c","2026-10-06","2026-10-13","8","7","Warszawa","2+1","egipt|hurghada|2026-10-06|2026-10-13|7|Warszawa|2+1"
"El Malikia Resort Abu Dabbab (ex.Sol Y Mar)","9183.0","29.09.2026 - 06.10.2026","8 dni/7 nocy","4.5","4.5","6784","tripadvisor","Warszawa","2026-09-14T01:15:55.916721+00:00","https://fly.pl/szukaj-wycieczek/?filter[dest]=11:&filter[hotelids]=&filter[cityids]=0&filter[cregids]=&filter[ofrType]=&filter[addObjType]=&filter[whenFrom]=14-09-2026&filter[whenTo]=14-10-2026&filter[duration]=7:10&filter[from]=Warszawa%20-%20Modlin,Warszawa%20-%20Radom,Warszawa&filter[person]=2&filter[child]=1&filter[price]=4000:20000&filter[PriceFrom]=4000&filter[PriceTo]=20000&filter[addCategory]=50&filter[addCatering]=1&filter[addMisc]=0&filter[addTransport]=F&filter[fp]=1&order_by=ofr_price&filter[tourOperator]=0&filter[childAge][1]=20201210","https://fly.pl/cdn/photo/assets/uploads/582/278/2016/11/El-Malikia-Resort-Abu-Dabbab-ex.Sol-Y-Mar-fly-pl.jpg","https://fly.pl/wycieczka/egipt,marsa-alam,c/el-malikia-resort-abu-dabbab-ex-sol-y-mar/pKEtenZ_e4C-S-O0FiTyrUAAogb_Wm_S24Sfqg3DwSPmqyuJ5gBIs0r1XgzS2GxsL6fT4qBFNGUEwwz5Wd1QZI30dQQVjmAmACciELAhUFIgYSJ1zGAkAuW-MEDbbI1AlR1LDkkgYCEmMBAgYQ9BuN/ofertasv/?filter[tourOperator]=SFPL&filter%5Bperson%5D=2&filter%5BchildAge%5D%5B1%5D=20201210&filter%5Bchild%5D=1","filter_7_10_days","egipt","marsa-alam","c","2026-09-29","2026-10-06","8","7","Warszawa","2+1","egipt|marsa-alam|2026-09-29|2026-10-06|7|Warszawa|2+1"
"Titanic Palace Resort","9217.0","24.09.2026 - 01.10.2026","8 dni/7 nocy","4.5","4.5","7352","tripadvisor","Warszawa","2026-09-14T01:15:55.916721+00:00","https://fly.pl/szukaj-wycieczek/?filter[dest]=11:&filter[hotelids]=&filter[cityids]=0&filter[cregids]=&filter[ofrType]=&filter[addObjType]=&filter[whenFrom]=14-09-2026&filter[whenTo]=14-10-2026&filter[duration]=7:10&filter[from]=Warszawa%20-%20Modlin,Warszawa%20-%20Radom,Warszawa&filter[person]=2&filter[child]=1&filter[price]=4000:20000&filter[PriceFrom]=4000&filter[PriceTo]=20000&filter[addCategory]=50&filter[addCatering]=1&filter[addMisc]=0&filter[addTransport]=F&filter[fp]=1&order_by=ofr_price&filter[tourOperator]=0&filter[childAge][1]=20201210","https://fly.pl/cdn/photo/assets/uploads/582/278/2014/07/Titanic-Palace-Resort.jpg","https://fly.pl/wycieczka/egipt,hurghada,c/titanic-palace-2/py8pQvRxxL0jJ6KLA3iU63AAogua8xkBID0MRM8MPxMcg6dw5QW-LxgDEWlGYjjlpqcUcqBEVYSU0wz5Wd1QZIgUhQAVjuAWACagNVQUlyIRwRj7sGuQSWgD6rBBwbte9OGMPRSwGlm7TWDQIAYwECC6jsjbo/ofertasv/?filter[tourOperator]=EXIM&filter%5Bperson%5D=2&filter%5BchildAge%5D%5B1%5D=20201210&filter%5Bchild%5D=1","filter_7_10_days","egipt","hurghada","c","2026-09-24","2026-10-01","8","7","Warszawa","2+1","egipt|hurghada|2026-09-24|2026-10-01|7|Warszawa|2+1"
"Domina Coral Bay Oasis","9297.0","27.09.2026 - 04.10.2026","8 dni/7 nocy","4.2","4.2","12420","tripadvisor","Warszawa","2026-09-14T01:15:55.916721+00:00","https://fly.pl/szukaj-wycieczek/?filter[dest]=11:&filter[hotelids]=&filter[cityids]=0&filter[cregids]=&filter[ofrType]=&filter[addObjType]=&filter[whenFrom]=14-09-2026&filter[whenTo]=14-10-2026&filter[duration]=7:10&filter[from]=Warszawa%20-%20Modlin,Warszawa%20-%20Radom,Warszawa&filter[person]=2&filter[child]=1&filter[price]=4000:20000&filter[PriceFrom]=4000&filter[PriceTo]=20000&filter[addCategory]=50&filter[addCatering]=1&filter[addMisc]=0&filter[addTransport]=F&filter[fp]=1&order_by=ofr_price&filter[tourOperator]=0&filter[childAge][1]=20201210","https://fly.pl/cdn/photo/assets/uploads/582/278/2014/07/Domina-Coral-Bay-Oasis.jpg","https://fly.pl/wycieczka/egipt,sharm-el-sheikh,c/domina-coral-bay-oasis/pIMux6NEBg0OTlz5adkHgPAAogvkSs33HP7zMRMBxz5aixTdvhBFpwv_tYWcE8EXXr1-EqBEpPSVAwz5Wd1QZI0UhQQVi2AmACagMwMEZyQpsBFAEVBhcAXANYBVYCQMoGT-IBXQAR4MgBXv4xUqYgUwBLxyNhAEzljDoN0vyXCSAAAZeU4KjDiMygMAINYwEADCo_6NU/ofertasv/?filter[tourOperator]=JOIP&filter%5Bperson%5D=2&filter%5BchildAge%5D%5B1%5D=20201210&filter%5Bchild%5D=1","filter_7_10_days","egipt","sharm-el-sheikh","c","2026-09-27","2026-10-04","8","7","Warszawa","2+1","egipt|sharm-el-sheikh|2026-09-27|2026-10-04|7|Warszawa|2+1"
"Domina Coral Bay Bella Vista","9297.0","27.09.2026 - 04.10.2026","8 dni/7 nocy","4.2","4.2","12420","tripadvisor","Warszawa","2026-09-14T01:15:55.916721+00:00","https://fly.pl/szukaj-wycieczek/?filter[dest]=11:&filter[hotelids]=&filter[cityids]=0&filter[cregids]=&filter[ofrType]=&filter[addObjType]=&filter[whenFrom]=14-09-2026&filter[whenTo]=14-10-2026&filter[duration]=7:10&filter[from]=Warszawa%20-%20Modlin,Warszawa%20-%20Radom,Warszawa&filter[person]=2&filter[child]=1&filter[price]=4000:20000&filter[PriceFrom]=4000&filter[PriceTo]=20000&filter[addCategory]=50&filter[addCatering]=1&filter[addMisc]=0&filter[addTransport]=F&filter[fp]=1&order_by=ofr_price&filter[tourOperator]=0&filter[childAge][1]=20201210","https://fly.pl/cdn/photo/assets/uploads/582/278/2024/07/domina-coral-bay-bellavista.jpg","https://fly.pl/wycieczka/egipt,sharm-el-sheikh,szarm-el-szejk/domina-coral-bay-bellavista-12/pryyKZ6WRIs8gqtIUQ9gHgAAogLU3oae3uK0lMMsUQWUBaedvhBFpwv_tYWcE8EXXr1-EqBEpPSVAwz5Wd1QZI0UhQQVi2AmACagMxMnFyQ5sBFAEVBhcAXANYBVYCQMoGT-IBXQBe3voBUqYgUwBLxyNhABGtgwFMuIk5DdL8lwkgAAH6tYyQw4jMoDACDWMBAAw0tPWt/ofertasv/?filter[tourOperator]=JOIP&filter%5Bperson%5D=2&filter%5BchildAge%5D%5B1%5D=20201210&filter%5Bchild%5D=1","filter_7_10_days","egipt","sharm-el-sheikh","szarm-el-szejk","2026-09-27","2026-10-04","8","7","Warszawa","2+1","egipt|sharm-el-sheikh|2026-09-27|2026-10-04|7|Warszawa|2+1"
"Naama Bay Hotel & Resort","9340.0","27.09.2026 - 04.10.2026","8 dni/7 nocy","4.4","4.4","4857","tripadvisor","Warszawa","2026-09-14T01:15:55.916721+00:00","https://fly.pl/szukaj-wycieczek/?filter[dest]=11:&filter[hotelids]=&filter[cityids]=0&filter[cregids]=&filter[ofrType]=&filter[addObjType]=&filter[whenFrom]=14-09-2026&filter[whenTo]=14-10-2026&filter[duration]=7:10&filter[from]=Warszawa%20-%20Modlin,Warszawa%20-%20Radom,Warszawa&filter[person]=2&filter[child]=1&filter[price]=4000:20000&filter[PriceFrom]=4000&filter[PriceTo]=20000&filter[addCategory]=50&filter[addCatering]=1&filter[addMisc]=0&filter[addTransport]=F&filter[fp]=1&order_by=ofr_price&filter[tourOperator]=0&filter[childAge][1]=20201210","https://fly.pl/cdn/photo/assets/uploads/582/278/2014/07/Naama-Bay.jpg","https://fly.pl/wycieczka/egipt,sharm-el-sheikh,c/tropitel-naama-bay/pkpfK8W6SEPXx4Mxwxpl58AAogD7wSLTmk8QHgQGcRSrkJbtvhBFpwv_tYWcE8EXXr1-EqBEpPSVAwz5Wd1QZI_EhQQVi2AmACagMwMllyQpsBFAEVBhcAXANYBVYCQMoGT-IBXQARrcYBXrE0UqYgUwBLxyNhAEzljDoN0vyXCSAAAYjk5KC1iMygMAINYwEAC57qyOI/ofertasv/?filter[tourOperator]=JOIP&filter%5Bperson%5D=2&filter%5BchildAge%5D%5B1%5D=20201210&filter%5Bchild%5D=1","filter_7_10_days","egipt","sharm-el-sheikh","c","2026-09-27","2026-10-04","8","7","Warszawa","2+1","egipt|sharm-el-sheikh|2026-09-27|2026-10-04|7|Warszawa|2+1"
"Lazuli (Marsa Alam)","9357.0","06.10.2026 - 13.10.2026","8 dni/7 nocy","4.7","4.7","1087","tripadvisor","Warszawa","2026-09-14T01:15:55.916721+00:00","https://fly.pl/szukaj-wycieczek/?filter[dest]=11:&filter[hotelids]=&filter[cityids]=0&filter[cregids]=&filter[ofrType]=&filter[addObjType]=&filter[whenFrom]=14-09-2026&filter[whenTo]=14-10-2026&filter[duration]=7:10&filter[from]=Warszawa%20-%20Modlin,Warszawa%20-%20Radom,Warszawa&filter[person]=2&filter[child]=1&filter[price]=4000:20000&filter[PriceFrom]=4000&filter[PriceTo]=20000&filter[addCategory]=50&filter[addCatering]=1&filter[addMisc]=0&filter[addTransport]=F&filter[fp]=1&order_by=ofr_price&filter[tourOperator]=0&filter[childAge][1]=20201210","https://fly.pl/cdn/photo/assets/uploads/582/278/2021/06/Lazuli1.jpg","https://fly.pl/wycieczka/egipt,marsa-alam,al-kusajr/lazuli-13/poAKByGlVeZ1HE0AhGxe16AAogshfKX5eim03SOFPSth4hTevEyL7pG7YIMIPiQdboK2QqBFZJVFgwz5Wd1QZIjUlQQViOBGACckAaABUHFwBcA1gFQI8DW7-DAV6-fFK8FFMAS7EvYQBMjrU5DfjUmAkgAFHc8qz23wFPuKgfXZz4r_klAg1jAQIMmWGLxA/ofertasv/?filter[tourOperator]=VITX&filter%5Bperson%5D=2&filter%5BchildAge%5D%5B1%5D=20201210&filter%5Bchild%5D=1","filter_7_10_days","egipt","marsa-alam","al-kusajr","2026-10-06","2026-10-13","8","7","Warszawa","2+1","egipt|marsa-alam|2026-10-06|2026-10-13|7|Warszawa|2+1"
"Sirena Beach Resort & Spa","9383.0","19.09.2026 - 26.09.2026","8 dni/7 nocy","4.7","4.7","466","tripadvisor","Warszawa","2026-09-14T01:15:55.916721+00:00","https://fly.pl/szukaj-wycieczek/?filter[dest]=11:&filter[hotelids]=&filter[cityids]=0&filter[cregids]=&filter[ofrType]=&filter[addObjType]=&filter[whenFrom]=14-09-2026&filter[whenTo]=14-10-2026&filter[duration]=7:10&filter[from]=Warszawa%20-%20Modlin,Warszawa%20-%20Radom,Warszawa&filter[person]=2&filter[child]=1&filter[price]=4000:20000&filter[PriceFrom]=4000&filter[PriceTo]=20000&filter[addCategory]=50&filter[addCatering]=1&filter[addMisc]=0&filter[addTransport]=F&filter[fp]=1&order_by=ofr_price&filter[tourOperator]=0&filter[childAge][1]=20201210","https://datacfstatic.merlinx.pl/OREX/IMG/3216/86c44a9a8004959be2f4ed092ee91d3286d5e121550a04aac54449146091b82b.webp","https://fly.pl/wycieczka/egipt,marsa-alam,al-kusajr/movenpick-sirena-beach-13/pV0EVmuqVAIF6LO5dVs735AAogVG-i4pDTkxNhoT4l2VHVn-BjSqPkI62g5kNiFDMto00qBE9SRVgwz5Wd1QZIp0lQQVh2YAJqB0dLWC4yLjFyNpsBFQcXAFwDWAVWAkDKBhG1El3OEU8kXpnYAVO8FFIAS7EvYQBM5Yw6IMr8lwkNAAISYwECDf50U0U/ofertasv/?filter[tourOperator]=OREX&filter%5Bperson%5D=2&filter%5BchildAge%5D%5B1%5D=20201210&filter%5Bchild%5D=1","filter_7_10_days","egipt","marsa-alam","al-kusajr","2026-09-19","2026-09-26","8","7","Warszawa","2+1","egipt|marsa-alam|2026-09-19|2026-09-26|7|Warszawa|2+1"
"Pickalbatros Villaggio Resort Portofino","9397.0","26.09.2026 - 04.10.2026","9 dni/7 nocy","4.9","4.9","1595","tripadvisor","Warszawa","2026-09-14T01:15:55.916721+00:00","https://fly.pl/szukaj-wycieczek/?filter[dest]=11:&filter[hotelids]=&filter[cityids]=0&filter[cregids]=&filter[ofrType]=&filter[addObjType]=&filter[whenFrom]=14-09-2026&filter[whenTo]=14-10-2026&filter[duration]=7:10&filter[from]=Warszawa%20-%20Modlin,Warszawa%20-%20Radom,Warszawa&filter[person]=2&filter[child]=1&filter[price]=4000:20000&filter[PriceFrom]=4000&filter[PriceTo]=20000&filter[addCategory]=50&filter[addCatering]=1&filter[addMisc]=0&filter[addTransport]=F&filter[fp]=1&order_by=ofr_price&filter[tourOperator]=0&filter[childAge][1]=20201210","https://fly.pl/cdn/photo/assets/uploads/582/278/2024/07/pickalbatros-villaggio-resort-portofino.jpg","https://fly.pl/wycieczka/egipt,marsa-alam,c/pickalbatros-villaggio-resort-portofino-15/pQkQzUsPs74zZg8YK7Vr3JAAogGEJMftsfXui-AYu4LaN1OfPOVhexA4B-vTIRTOTMdjUqBEVYSU0wz5Wd1QZItUlQAVieAmACagJBSXIhHBGk9ga5BLHJPasEGxuVj0QYqOpDAfWU65UMAgBjAQIMiavVkw/ofertasv/?filter[tourOperator]=EXIM&filter%5Bperson%5D=2&filter%5BchildAge%5D%5B1%5D=20201210&filter%5Bchild%5D=1","filter_7_10_days","egipt","marsa-alam","c","2026-09-26","2026-10-04","9","7","Warszawa","2+1","egipt|marsa-alam|2026-09-26|2026-10-04|7|Warszawa|2+1"
"Akassia Swiss Resort (ex. Calimera Club Akassia Swiss Resort)","9509.0","27.09.2026 - 04.10.2026","8 dni/7 nocy","4.6","4.6","2604","tripadvisor","Warszawa","2026-09-14T01:15:55.916721+00:00","https://fly.pl/szukaj-wycieczek/?filter[dest]=11:&filter[hotelids]=&filter[cityids]=0&filter[cregids]=&filter[ofrType]=&filter[addObjType]=&filter[whenFrom]=14-09-2026&filter[whenTo]=14-10-2026&filter[duration]=7:10&filter[from]=Warszawa%20-%20Modlin,Warszawa%20-%20Radom,Warszawa&filter[person]=2&filter[child]=1&filter[price]=4000:20000&filter[PriceFrom]=4000&filter[PriceTo]=20000&filter[addCategory]=50&filter[addCatering]=1&filter[addMisc]=0&filter[addTransport]=F&filter[fp]=1&order_by=ofr_price&filter[tourOperator]=0&filter[childAge][1]=20201210","https://fly.pl/cdn/photo/assets/uploads/582/278/2014/09/Akassia-Swiss-Resort.jpg","https://fly.pl/wycieczka/egipt,marsa-alam,c/calimera-club-akassia-swiss-resort/pvjPMdUBBYngfY6xrX2daOAAogz2vL_Yqmqxohhydmt3tESgAAAAAYgwQANIMEAAcADAAqBFdFWlkwz5Wd1QZIpUpQQVi2AmADaglFbnRlciBBaXJqBDAwNTByQp4BlAEfAAIBHAAWBBcCEu0DFdoFGJUDE80BEcQiQK1QTLaWAU8AS7EvUAAdkL8PIBwbhT8NhovCCQESYwEMYwECBXh4AZg/ofertasv/?filter[tourOperator]=WEZY&filter%5Bperson%5D=2&filter%5BchildAge%5D%5B1%5D=20201210&filter%5Bchild%5D=1","filter_7_10_days","egipt","marsa-alam","c","2026-09-27","2026-10-04","8","7","Warszawa","2+1","egipt|marsa-alam|2026-09-27|2026-10-04|7|Warszawa|2+1"
"Seven Seas Jolie Bay","9515.0","20.09.2026 - 27.09.2026","8 dni/7 nocy","4.6","4.6","1518","tripadvisor","Warszawa","2026-09-14T01:15:55.916721+00:00","https://fly.pl/szukaj-wycieczek/?filter[dest]=11:&filter[hotelids]=&filter[cityids]=0&filter[cregids]=&filter[ofrType]=&filter[addObjType]=&filter[whenFrom]=14-09-2026&filter[whenTo]=14-10-2026&filter[duration]=7:10&filter[from]=Warszawa%20-%20Modlin,Warszawa%20-%20Radom,Warszawa&filter[person]=2&filter[child]=1&filter[price]=4000:20000&filter[PriceFrom]=4000&filter[PriceTo]=20000&filter[addCategory]=50&filter[addCatering]=1&filter[addMisc]=0&filter[addTransport]=F&filter[fp]=1&order_by=ofr_price&filter[tourOperator]=0&filter[childAge][1]=20201210","https://fly.pl/cdn/photo/assets/uploads/582/278/2022/03/Aqua-Mondo-Abu-Soma-Resort.jpg","https://fly.pl/wycieczka/egipt,hurghada,soma-bay/aqua-mondo-resort-14/pLPpmb1oFLbP2BDQJlYR5yAAogxc9-KBBUi93hzc4wCxkPpAAAAADhggQA_YIEAAcADgAqBFdFWlkwz5Wd1QZIq0pQQViOAWADaglFbnRlciBBaXJqBDAwMTVyQ54BlAEfAAIBFgAcABcGEu0DFdoFGJUDE7kBQIVzT8syTABLnJMBUAARyD8dkf8OIBwb_b95Db6KyQgBEmMBDGMBAgu1uETZ/ofertasv/?filter[tourOperator]=WEZY&filter%5Bperson%5D=2&filter%5BchildAge%5D%5B1%5D=20201210&filter%5Bchild%5D=1","filter_7_10_days","egipt","hurghada","soma-bay","2026-09-20","2026-09-27","8","7","Warszawa","2+1","egipt|hurghada|2026-09-20|2026-09-27|7|Warszawa|2+1"
"Concorde Sport","9544.0","27.09.2026 - 04.10.2026","8 dni/7 nocy","","","","","Warszawa","2026-09-14T01:15:55.916721+00:00","https://fly.pl/szukaj-wycieczek/?filter[dest]=11:&filter[hotelids]=&filter[cityids]=0&filter[cregids]=&filter[ofrType]=&filter[addObjType]=&filter[whenFrom]=14-09-2026&filter[whenTo]=14-10-2026&filter[duration]=7:10&filter[from]=Warszawa%20-%20Modlin,Warszawa%20-%20Radom,Warszawa&filter[person]=2&filter[child]=1&filter[price]=4000:20000&filter[PriceFrom]=4000&filter[PriceTo]=20000&filter[addCategory]=50&filter[addCatering]=1&filter[addMisc]=0&filter[addTransport]=F&filter[fp]=1&order_by=ofr_price&filter[tourOperator]=0&filter[childAge][1]=20201210","https://fly.pl/cdn/photo/assets/uploads/582/278/2017/08/Concorde-Sport-fly-pl-4.jpg","https://fly.pl/wycieczka/egipt,sharm-el-sheikh,szarm-el-szejk/concorde-sport/pvCNgyyqWohDqXUzmJ3KqVAAogYNf8YLxAxJwCsAh9IFUxBtvhBFpwv_tYWcE8EXXr1-EqBEpPSVAwz5Wd1QZIyEpQQVi2AmACagNDR21yQpsBFAEVBhcAXANYBVYCQMoGT-IBXQBe3voBUqYgUwARmgNLrSBhAEzljDoN0vyXCSAAAfa3zKjDiMygMAINYwEAC6CUY4g/ofertasv/?filter[tourOperator]=JOIP&filter%5Bperson%5D=2&filter%5BchildAge%5D%5B1%5D=20201210&filter%5Bchild%5D=1","filter_7_10_days","egipt","sharm-el-sheikh","szarm-el-szejk","2026-09-27","2026-10-04","8","7","Warszawa","2+1","egipt|sharm-el-sheikh|2026-09-27|2026-10-04|7|Warszawa|2+1"
"Pickalbatros Vita Resort Portofino","9577.0","26.09.2026 - 04.10.2026","9 dni/7 nocy","4.9","4.9","752","tripadvisor","Warszawa","2026-09-14T01:15:55.916721+00:00","https://fly.pl/szukaj-wycieczek/?filter[dest]=11:&filter[hotelids]=&filter[cityids]=0&filter[cregids]=&filter[ofrType]=&filter[addObjType]=&filter[whenFrom]=14-09-2026&filter[whenTo]=14-10-2026&filter[duration]=7:10&filter[from]=Warszawa%20-%20Modlin,Warszawa%20-%20Radom,Warszawa&filter[person]=2&filter[child]=1&filter[price]=4000:20000&filter[PriceFrom]=4000&filter[PriceTo]=20000&filter[addCategory]=50&filter[addCatering]=1&filter[addMisc]=0&filter[addTransport]=F&filter[fp]=1&order_by=ofr_price&filter[tourOperator]=0&filter[childAge][1]=20201210","https://fly.pl/cdn/photo/assets/uploads/582/278/2024/07/pickalbatros-vita-resort-portofino.jpg","https://fly.pl/wycieczka/egipt,marsa-alam,c/pickalbatros-vita-resort-portofino-11/pXyUlKOt9_qcxOk96XgxeWAAogNxu4VlyvYLefqSygv0x02_POVhexA4B-vTIRTOTMdjUqBEVYSU0wz5Wd1QZI6UpQAVieAmACagJBSXIhHBGwoQa5BKWePqsEGxv_sywY5f8uAc2W0o4IAgBjAQIM0CEJMQ/ofertasv/?filter[tourOperator]=EXIM&filter%5Bperson%5D=2&filter%5BchildAge%5D%5B1%5D=20201210&filter%5Bchild%5D=1","filter_7_10_days","egipt","marsa-alam","c","2026-09-26","2026-10-04","9","7","Warszawa","2+1","egipt|marsa-alam|2026-09-26|2026-10-04|7|Warszawa|2+1"
"Royal Regency Club","9579.0","27.09.2026 - 04.10.2026","8 dni/7 nocy","4.4","4.4","359","tripadvisor","Warszawa","2026-09-14T01:15:55.916721+00:00","https://fly.pl/szukaj-wycieczek/?filter[dest]=11:&filter[hotelids]=&filter[cityids]=0&filter[cregids]=&filter[ofrType]=&filter[addObjType]=&filter[whenFrom]=14-09-2026&filter[whenTo]=14-10-2026&filter[duration]=7:10&filter[from]=Warszawa%20-%20Modlin,Warszawa%20-%20Radom,Warszawa&filter[person]=2&filter[child]=1&filter[price]=4000:20000&filter[PriceFrom]=4000&filter[PriceTo]=20000&filter[addCategory]=50&filter[addCatering]=1&filter[addMisc]=0&filter[addTransport]=F&filter[fp]=1&order_by=ofr_price&filter[tourOperator]=0&filter[childAge][1]=20201210","https://fly.pl/cdn/photo/assets/uploads/582/278/2024/07/royal-regency-club.jpg","https://fly.pl/wycieczka/egipt,sharm-el-sheikh,szarm-el-szejk/royal-regency-club/p02u98R5yv_dMPBrrST2X1AAog6zBghZ-FtZhuAQ8jWbVh49vhBFpwv_tYWcE8EXXr1-EqBEpPSVAwz5Wd1QZI60pQQVi2AmACagNGaGNyQpsBFAEVBhcAXANYBVYCQMoGT-IBXQBe3voBUqYgUwBLxyNhABHWakyPojkN0vyXCSAAAYy2zKC0iMygMAIOYwEADY2fkJA/ofertasv/?filter[tourOperator]=JOIP&filter%5Bperson%5D=2&filter%5BchildAge%5D%5B1%5D=20201210&filter%5Bchild%5D=1","filter_7_10_days","egipt","sharm-el-sheikh","szarm-el-szejk","2026-09-27","2026-10-04","8","7","Warszawa","2+1","egipt|sharm-el-sheikh|2026-09-27|2026-10-04|7|Warszawa|2+1"
"Jaz Mirabel Park","9629.0","04.10.2026 - 11.10.2026","8 dni/7 nocy","4.4","4.4","4043","tripadvisor","Warszawa","2026-09-14T01:15:55.916721+00:00","https://fly.pl/szukaj-wycieczek/?filter[dest]=11:&filter[hotelids]=&filter[cityids]=0&filter[cregids]=&filter[ofrType]=&filter[addObjType]=&filter[whenFrom]=14-09-2026&filter[whenTo]=14-10-2026&filter[duration]=7:10&filter[from]=Warszawa%20-%20Modlin,Warszawa%20-%20Radom,Warszawa&filter[person]=2&filter[child]=1&filter[price]=4000:20000&filter[PriceFrom]=4000&filter[PriceTo]=20000&filter[addCategory]=50&filter[addCatering]=1&filter[addMisc]=0&filter[addTransport]=F&filter[fp]=1&order_by=ofr_price&filter[tourOperator]=0&filter[childAge][1]=20201210","https://fly.pl/cdn/photo/assets/uploads/582/278/2014/07/Jaz-Mirabel-Park-fly-pl.jpg","https://fly.pl/wycieczka/egipt,sharm-el-sheikh,c/jaz-mirabel-park/pAWOkIo60ZXV01bRAEvsk6AAog0u1tr9KxpdRBOmvdv5vIoe6LQqlaFmzyIpGKGzBohJAqBEpPSVAwz5Wd1QZInUtQQVjeA2ACckMUARUGFwBcA1gFVgJAygZP4gFdAFvyAhGlwwFexzRSpiBTAEvHI2EATOWMOg2f_ZcJIAABvMvsl7WIzKAwAg1jAQAM3bHGsw/ofertasv/?filter[tourOperator]=JOIP&filter%5Bperson%5D=2&filter%5BchildAge%5D%5B1%5D=20201210&filter%5Bchild%5D=1","filter_7_10_days","egipt","sharm-el-sheikh","c","2026-10-04","2026-10-11","8","7","Warszawa","2+1","egipt|sharm-el-sheikh|2026-10-04|2026-10-11|7|Warszawa|2+1"
"Serenity Alma Heights Ross Park Collection","9683.0","27.09.2026 - 04.10.2026","8 dni/7 nocy","","","","","Warszawa","2026-09-14T01:15:55.916721+00:00","https://fly.pl/szukaj-wycieczek/?filter[dest]=11:&filter[hotelids]=&filter[cityids]=0&filter[cregids]=&filter[ofrType]=&filter[addObjType]=&filter[whenFrom]=14-09-2026&filter[whenTo]=14-10-2026&filter[duration]=7:10&filter[from]=Warszawa%20-%20Modlin,Warszawa%20-%20Radom,Warszawa&filter[person]=2&filter[child]=1&filter[price]=4000:20000&filter[PriceFrom]=4000&filter[PriceTo]=20000&filter[addCategory]=50&filter[addCatering]=1&filter[addMisc]=0&filter[addTransport]=F&filter[fp]=1&order_by=ofr_price&filter[tourOperator]=0&filter[childAge][1]=20201210","https://datacfstatic.merlinx.pl/WEZY/IMG/80006/cbfb74e746eae233c5bd2dcca61af959ab13896516aa3e1f5b00669f16a12ada.webp","https://fly.pl/wycieczka/egipt,hurghada,makadi-bay/serenity-alma-heights-ross-park-collection-9/pnyzFlvqhAO8uqKObay5bEAAogkqp5jsMiUwUBQMWH4R4vVAAAAADiggQA_oIEAAcAAQAqBFdFWlkwz5Wd1QZI00tQQVi2AmADaglFbnRlciBBaXJqBDAwMTVyRJ4BlAEfAAIBHAAWBhcAEu0DFdoFGJUDE7kBQIVzT8syTABLnJMBUAAR_qkCHdyUDSAcG-3-Yg3Uy98IARJjAQ1jAQIGO5JdMA/ofertasv/?filter[tourOperator]=WEZY&filter%5Bperson%5D=2&filter%5BchildAge%5D%5B1%5D=20201210&filter%5Bchild%5D=1","filter_7_10_days","egipt","hurghada","makadi-bay","2026-09-27","2026-10-04","8","7","Warszawa","2+1","egipt|hurghada|2026-09-27|2026-10-04|7|Warszawa|2+1"
"Pharaoh Azur Resort (ex Sonesta Pharaoh Beach Resort)","9712.0","20.09.2026 - 27.09.2026","8 dni/7 nocy","4.5","4.5","2752","tripadvisor","Warszawa","2026-09-14T01:15:55.916721+00:00","https://fly.pl/szukaj-wycieczek/?filter[dest]=11:&filter[hotelids]=&filter[cityids]=0&filter[cregids]=&filter[ofrType]=&filter[addObjType]=&filter[whenFrom]=14-09-2026&filter[whenTo]=14-10-2026&filter[duration]=7:10&filter[from]=Warszawa%20-%20Modlin,Warszawa%20-%20Radom,Warszawa&filter[person]=2&filter[child]=1&filter[price]=4000:20000&filter[PriceFrom]=4000&filter[PriceTo]=20000&filter[addCategory]=50&filter[addCatering]=1&filter[addMisc]=0&filter[addTransport]=F&filter[fp]=1&order_by=ofr_price&filter[tourOperator]=0&filter[childAge][1]=20201210","https://fly.pl/cdn/photo/assets/uploads/582/278/2014/07/Pharaoh-Azur-Resort.jpg","https://fly.pl/wycieczka/egipt,hurghada,c/sonesta-pharaoh/p33lLX6dXh6C2ujqTner-vAAogWnl8UuPpVz6Uug6yKiU47wAAAADhggQA_YIEAAcADgAqBFdFWlkwz5Wd1QZI8EtQQViOAWADaglFbnRlciBBaXJqBDAwMTVyQp4BlAEfABwBAgAWBBcCEbEBErwCFdoFGJUDE7kBQIVzTMsyTwBLnJMBUAAbtkkdo_UOIBwNu8rCCQESYwEOYwECBXwHnac/ofertasv/?filter[tourOperator]=WEZY&filter%5Bperson%5D=2&filter%5BchildAge%5D%5B1%5D=20201210&filter%5Bchild%5D=1","filter_7_10_days","egipt","hurghada","c","2026-09-20","2026-09-27","8","7","Warszawa","2+1","egipt|hurghada|2026-09-20|2026-09-27|7|Warszawa|2+1"
"Jaz Aquamarine Resort","9716.0","17.09.2026 - 24.09.2026","8 dni/7 nocy","4.6","4.6","17157","tripadvisor","Warszawa - Radom","2026-09-14T01:15:55.916721+00:00","https://fly.pl/szukaj-wycieczek/?filter[dest]=11:&filter[hotelids]=&filter[cityids]=0&filter[cregids]=&filter[ofrType]=&filter[addObjType]=&filter[whenFrom]=14-09-2026&filter[whenTo]=14-10-2026&filter[duration]=7:10&filter[from]=Warszawa%20-%20Modlin,Warszawa%20-%20Radom,Warszawa&filter[person]=2&filter[child]=1&filter[price]=4000:20000&filter[PriceFrom]=4000&filter[PriceTo]=20000&filter[addCategory]=50&filter[addCatering]=1&filter[addMisc]=0&filter[addTransport]=F&filter[fp]=1&order_by=ofr_price&filter[tourOperator]=0&filter[childAge][1]=20201210","https://fly.pl/cdn/photo/assets/uploads/582/278/2016/11/jaz-aquamarine-ex-iberotel-egipt-hurghada-1b.jpg","https://fly.pl/wycieczka/egipt,hurghada,c/jaz-aquamarine-ex-iberotel-aquamarine/pcrR8Vrmz4df18L1JNLTDMAAogLBdmOwm3DTaUpAh_mAOSlv8MJssITV_eZU8aw6SOnRoqBE9SRVgwz5Wd1QZI9EtQQVhGYAJqBkQ2LjIuMXI1mwEVBxcAXANYBVYCERdAswZd0w5PbFPSnQFSAF6vT0uBEmEATNG-OiDI_JcJDQACEmMBAgvQreW8/ofertasv/?filter[tourOperator]=OREX&filter%5Bperson%5D=2&filter%5BchildAge%5D%5B1%5D=20201210&filter%5Bchild%5D=1","filter_7_10_days","egipt","hurghada","c","2026-09-17","2026-09-24","8","7","Warszawa - Radom","2+1","egipt|hurghada|2026-09-17|2026-09-24|7|Warszawa - Radom|2+1"
"Swiss Inn Resort Hurghada (ex. Hilton Hurghada Resort)","9743.0","17.09.2026 - 24.09.2026","8 dni/7 nocy","4.5","4.5","1878","tripadvisor","Warszawa - Radom","2026-09-14T01:15:55.916721+00:00","https://fly.pl/szukaj-wycieczek/?filter[dest]=11:&filter[hotelids]=&filter[cityids]=0&filter[cregids]=&filter[ofrType]=&filter[addObjType]=&filter[whenFrom]=14-09-2026&filter[whenTo]=14-10-2026&filter[duration]=7:10&filter[from]=Warszawa%20-%20Modlin,Warszawa%20-%20Radom,Warszawa&filter[person]=2&filter[child]=1&filter[price]=4000:20000&filter[PriceFrom]=4000&filter[PriceTo]=20000&filter[addCategory]=50&filter[addCatering]=1&filter[addMisc]=0&filter[addTransport]=F&filter[fp]=1&order_by=ofr_price&filter[tourOperator]=0&filter[childAge][1]=20201210","https://fly.pl/cdn/photo/assets/uploads/582/278/2014/07/Swiss-Inn-Resort-Hurghada.jpg","https://fly.pl/wycieczka/egipt,hurghada,c/hilton-resort/p3zCXUIyUXw_ZB7cYA5JA-AAogMbj3YKFMEPPhTT1d1TAPPP8MJssITV_eZU8aw6SOnRoqBE9SRVgwz5Wd1QZIj0xQQVhGYAJqB0VaQS4yLjFyNZsBFQcXAFwDWAVWAkDKBhG3Dl0cT2xT0p0BUgBer09LgRJhAEzRvjogyPyXCQ0AAhJjAQIL0a5mfw/ofertasv/?filter[tourOperator]=OREX&filter%5Bperson%5D=2&filter%5BchildAge%5D%5B1%5D=20201210&filter%5Bchild%5D=1","filter_7_10_days","egipt","hurghada","c","2026-09-17","2026-09-24","8","7","Warszawa - Radom","2+1","egipt|hurghada|2026-09-17|2026-09-24|7|Warszawa - Radom|2+1"
"Hilton Plaza (Hurghada)","9797.0","24.09.2026 - 01.10.2026","8 dni/7 nocy","4.6","4.6","4244","tripadvisor","Warszawa - Radom","2026-09-14T01:15:55.916721+00:00","https://fly.pl/szukaj-wycieczek/?filter[dest]=11:&filter[hotelids]=&filter[cityids]=0&filter[cregids]=&filter[ofrType]=&filter[addObjType]=&filter[whenFrom]=14-09-2026&filter[whenTo]=14-10-2026&filter[duration]=7:10&filter[from]=Warszawa%20-%20Modlin,Warszawa%20-%20Radom,Warszawa&filter[person]=2&filter[child]=1&filter[price]=4000:20000&filter[PriceFrom]=4000&filter[PriceTo]=20000&filter[addCategory]=50&filter[addCatering]=1&filter[addMisc]=0&filter[addTransport]=F&filter[fp]=1&order_by=ofr_price&filter[tourOperator]=0&filter[childAge][1]=20201210","https://fly.pl/cdn/photo/assets/uploads/582/278/2014/10/Hilton-Plaza.jpg","https://fly.pl/wycieczka/egipt,hurghada,c/hilton-plaza-hurghada/pQiwkeUK51ueMbCU6YP-wpAAogDxVZQjh5ZFUMT5h7bfSvjHuHt-JRXqpSz_DOtw-0xygqBE9SRVgwz5Wd1QZIxUxQQVjuAWACagVFLjIuMXI1mwEVBxcAXANYBVYCEVpA8AVd0w5PbFPSnQFSAF6vT0uBEmEATNG-OiDP_JcJDQACEmMBAgtffc1U/ofertasv/?filter[tourOperator]=OREX&filter%5Bperson%5D=2&filter%5BchildAge%5D%5B1%5D=20201210&filter%5Bchild%5D=1","filter_7_10_days","egipt","hurghada","c","2026-09-24","2026-10-01","8","7","Warszawa - Radom","2+1","egipt|hurghada|2026-09-24|2026-10-01|7|Warszawa - Radom|2+1"
"Jasmine Palace","9857.0","24.09.2026 - 01.10.2026","8 dni/7 nocy","4.1","4.1","7704","tripadvisor","Warszawa","2026-09-14T01:15:55.916721+00:00","https://fly.pl/szukaj-wycieczek/?filter[dest]=11:&filter[hotelids]=&filter[cityids]=0&filter[cregids]=&filter[ofrType]=&filter[addObjType]=&filter[whenFrom]=14-09-2026&filter[whenTo]=14-10-2026&filter[duration]=7:10&filter[from]=Warszawa%20-%20Modlin,Warszawa%20-%20Radom,Warszawa&filter[person]=2&filter[child]=1&filter[price]=4000:20000&filter[PriceFrom]=4000&filter[PriceTo]=20000&filter[addCategory]=50&filter[addCatering]=1&filter[addMisc]=0&filter[addTransport]=F&filter[fp]=1&order_by=ofr_price&filter[tourOperator]=0&filter[childAge][1]=20201210","https://fly.pl/cdn/photo/assets/uploads/582/278/2014/07/Jasmine-Palace.jpg","https://fly.pl/wycieczka/egipt,hurghada,c/jasmine-palace/piSQscUS25ofyAUACyGrswAAog5wfRd79akhXK2OCs9LwD1AuM1L66OETZDYRELv-baocqBFZJVFgwz5Wd1QZIgU1QQVjuAWACckAaABUHFwBcA1gFQI8DW7-DAVOPLVIAXq9PS-1DYQBM7rQ5DcbUmAkgAFGqgsj7jwFPu4MlXZCE8_N1Ag1jAQIMjlSlQg/ofertasv/?filter[tourOperator]=VITX&filter%5Bperson%5D=2&filter%5BchildAge%5D%5B1%5D=20201210&filter%5Bchild%5D=1","filter_7_10_days","egipt","hurghada","c","2026-09-24","2026-10-01","8","7","Warszawa","2+1","egipt|hurghada|2026-09-24|2026-10-01|7|Warszawa|2+1"
"Charmillion Garden Aqua Park","9923.0","27.09.2026 - 04.10.2026","8 dni/7 nocy","4.6","4.6","2257","tripadvisor","Warszawa","2026-09-14T01:15:55.916721+00:00","https://fly.pl/szukaj-wycieczek/?filter[dest]=11:&filter[hotelids]=&filter[cityids]=0&filter[cregids]=&filter[ofrType]=&filter[addObjType]=&filter[whenFrom]=14-09-2026&filter[whenTo]=14-10-2026&filter[duration]=7:10&filter[from]=Warszawa%20-%20Modlin,Warszawa%20-%20Radom,Warszawa&filter[person]=2&filter[child]=1&filter[price]=4000:20000&filter[PriceFrom]=4000&filter[PriceTo]=20000&filter[addCategory]=50&filter[addCatering]=1&filter[addMisc]=0&filter[addTransport]=F&filter[fp]=1&order_by=ofr_price&filter[tourOperator]=0&filter[childAge][1]=20201210","https://fly.pl/cdn/photo/assets/uploads/582/278/2014/07/Charmillion-Gardens-Aqua-Park-ex.-Sea-Garden.jpg","https://fly.pl/wycieczka/egipt,sharm-el-sheikh,nabq-bay/sea-gardens-sharm-el-sheikh/pDJrdLhTZqEYDnfrWyhaerAAogkyYYi6qiZFSDqz4mahF5etvhBFpwv_tYWcE8EXXr1-EqBEpPSVAwz5Wd1QZIw01QQVi2AmACagMwME1yQpsBFAEVBhcAXANYBVYCQMoGT-IBXQARoMYBXr40UqYgUwBLxyNhAEzljDoN0vyXCSAAAZSShOG0iMygMAINYwEADIkFa04/ofertasv/?filter[tourOperator]=JOIP&filter%5Bperson%5D=2&filter%5BchildAge%5D%5B1%5D=20201210&filter%5Bchild%5D=1","filter_7_10_days","egipt","sharm-el-sheikh","nabq-bay","2026-09-27","2026-10-04","8","7","Warszawa","2+1","egipt|sharm-el-sheikh|2026-09-27|2026-10-04|7|Warszawa|2+1"
"Albatros Sea World Resort Marsa Alam","9926.0","26.09.2026 - 03.10.2026","8 dni/7 nocy","4.7","4.7","4499","tripadvisor","Warszawa","2026-09-14T01:15:55.916721+00:00","https://fly.pl/szukaj-wycieczek/?filter[dest]=11:&filter[hotelids]=&filter[cityids]=0&filter[cregids]=&filter[ofrType]=&filter[addObjType]=&filter[whenFrom]=14-09-2026&filter[whenTo]=14-10-2026&filter[duration]=7:10&filter[from]=Warszawa%20-%20Modlin,Warszawa%20-%20Radom,Warszawa&filter[person]=2&filter[child]=1&filter[price]=4000:20000&filter[PriceFrom]=4000&filter[PriceTo]=20000&filter[addCategory]=50&filter[addCatering]=1&filter[addMisc]=0&filter[addTransport]=F&filter[fp]=1&order_by=ofr_price&filter[tourOperator]=0&filter[childAge][1]=20201210","https://fly.pl/cdn/photo/assets/uploads/582/278/2017/08/ALBATROS-SEA-WORLD.jpg","https://fly.pl/wycieczka/egipt,marsa-alam,al-kusajr/sea-world-resort-marsa-alam/pEy-XyUcYkB-1DB0QcC-CSAAogqw4WqNBnY-fkR_XMKIiOPrjCD0UEpn4QE69Z5aCniz4qBEpPSVAw0pWd1QZIxk1QQVieAmACagMwMEZyQpsBFAEVBhcAXANYBVYCQMoGT-IBXQBe3voBUrwUUwBLsS9hABHVHkyQ7jkN0fyXCSAAAZSQsKjUiMygMAINYwEADLPclFU/ofertasv/?filter[tourOperator]=JOIP&filter%5Bperson%5D=2&filter%5BchildAge%5D%5B1%5D=20201210&filter%5Bchild%5D=1","filter_7_10_days","egipt","marsa-alam","al-kusajr","2026-09-26","2026-10-03","8","7","Warszawa","2+1","egipt|marsa-alam|2026-09-26|2026-10-03|7|Warszawa|2+1"
"Reef Oasis Suakin Resort","9957.0","06.10.2026 - 13.10.2026","8 dni/7 nocy","4.8","4.8","1445","tripadvisor","Warszawa","2026-09-14T01:15:55.916721+00:00","https://fly.pl/szukaj-wycieczek/?filter[dest]=11:&filter[hotelids]=&filter[cityids]=0&filter[cregids]=&filter[ofrType]=&filter[addObjType]=&filter[whenFrom]=14-09-2026&filter[whenTo]=14-10-2026&filter[duration]=7:10&filter[from]=Warszawa%20-%20Modlin,Warszawa%20-%20Radom,Warszawa&filter[person]=2&filter[child]=1&filter[price]=4000:20000&filter[PriceFrom]=4000&filter[PriceTo]=20000&filter[addCategory]=50&filter[addCatering]=1&filter[addMisc]=0&filter[addTransport]=F&filter[fp]=1&order_by=ofr_price&filter[tourOperator]=0&filter[childAge][1]=20201210","https://fly.pl/cdn/photo/assets/uploads/582/278/2024/07/reef-oasis-suakin-resort.jpg","https://fly.pl/wycieczka/egipt,marsa-alam,c/reef-oasis-suakin-resort-11/pKqAxsYZ1OrMSRuwfCO_IcAAogtBcnyDKlttK5eINGm0j2H-vEyL7pG7YIMIPiQdboK2QqBFZJVFgw0pWd1QZI5U1QQViOBGACckAaABUHFwBcA1gFQI8DW6eGAV7WeVK8FFMAS7EvYQBM77Q5DZfVmAkgAFGZoL723wFP-_oNXZz4r_klAgxjAQILkxO3_A/ofertasv/?filter[tourOperator]=VITX&filter%5Bperson%5D=2&filter%5BchildAge%5D%5B1%5D=20201210&filter%5Bchild%5D=1","filter_7_10_days","egipt","marsa-alam","c","2026-10-06","2026-10-13","8","7","Warszawa","2+1","egipt|marsa-alam|2026-10-06|2026-10-13|7|Warszawa|2+1"
"Steigenberger Golf Resort","9963.0","17.09.2026 - 24.09.2026","8 dni/7 nocy","4.8","4.8","1659","tripadvisor","Warszawa - Radom","2026-09-14T01:15:55.916721+00:00","https://fly.pl/szukaj-wycieczek/?filter[dest]=11:&filter[hotelids]=&filter[cityids]=0&filter[cregids]=&filter[ofrType]=&filter[addObjType]=&filter[whenFrom]=14-09-2026&filter[whenTo]=14-10-2026&filter[duration]=7:10&filter[from]=Warszawa%20-%20Modlin,Warszawa%20-%20Radom,Warszawa&filter[person]=2&filter[child]=1&filter[price]=4000:20000&filter[PriceFrom]=4000&filter[PriceTo]=20000&filter[addCategory]=50&filter[addCatering]=1&filter[addMisc]=0&filter[addTransport]=F&filter[fp]=1&order_by=ofr_price&filter[tourOperator]=0&filter[childAge][1]=20201210","https://fly.pl/cdn/photo/assets/uploads/582/278/2015/01/Steigenberger-Golf.jpg","https://fly.pl/wycieczka/egipt,hurghada,el-gouna/steigenberger-golf/pSnL04tPgNI6P4OxctZAutAAog-94NWHKgJP7lEJ0XbyjvN_8MJssITV_eZU8aw6SOnRoqBE9SRVgw0pWd1QZI601QQVhGYAJqBVkuMi4xcjabARUHFwBcA1gFVgJAygYRhQhdzgZPbFPSnQFSAF6vT0uBEmEATNG-OiDI_JcJDQACEmMBAgxxsASz/ofertasv/?filter[tourOperator]=OREX&filter%5Bperson%5D=2&filter%5BchildAge%5D%5B1%5D=20201210&filter%5Bchild%5D=1","filter_7_10_days","egipt","hurghada","el-gouna","2026-09-17","2026-09-24","8","7","Warszawa - Radom","2+1","egipt|hurghada|2026-09-17|2026-09-24|7|Warszawa - Radom|2+1"
"Jaz Aquaviva","9972.0","24.09.2026 - 01.10.2026","8 dni/7 nocy","4.7","4.7","10804","tripadvisor","Warszawa - Radom","2026-09-14T01:15:55.916721+00:00","https://fly.pl/szukaj-wycieczek/?filter[dest]=11:&filter[hotelids]=&filter[cityids]=0&filter[cregids]=&filter[ofrType]=&filter[addObjType]=&filter[whenFrom]=14-09-2026&filter[whenTo]=14-10-2026&filter[duration]=7:10&filter[from]=Warszawa%20-%20Modlin,Warszawa%20-%20Radom,Warszawa&filter[person]=2&filter[child]=1&filter[price]=4000:20000&filter[PriceFrom]=4000&filter[PriceTo]=20000&filter[addCategory]=50&filter[addCatering]=1&filter[addMisc]=0&filter[addTransport]=F&filter[fp]=1&order_by=ofr_price&filter[tourOperator]=0&filter[childAge][1]=20201210","https://fly.pl/cdn/photo/assets/uploads/582/278/2015/07/Jaz-Aquaviva.jpg","https://fly.pl/wycieczka/egipt,hurghada,makadi-bay/jaz-makadi-aquaviva/pXwmaNT58q4sQPrEDVKrTQAAogvx8VbwCMHucU7Yy1I2RskHuHt-JRXqpSz_DOtw-0xygqBE9SRVgw0pWd1QZI9E1QQVjuAWACagZaSS4yLjFyNZsBFQcXAFwDWAVWAhEYQLIGXdMOT2xT0p0BUgBer09LgRJhAEzRvjogz_yXCQ0AAhJjAQIMLsR32Q/ofertasv/?filter[tourOperator]=OREX&filter%5Bperson%5D=2&filter%5BchildAge%5D%5B1%5D=20201210&filter%5Bchild%5D=1","filter_7_10_days","egipt","hurghada","makadi-bay","2026-09-24","2026-10-01","8","7","Warszawa - Radom","2+1","egipt|hurghada|2026-09-24|2026-10-01|7|Warszawa - Radom|2+1"
"Red Sea Grand Waterworld Makadi (ex. Sunwing Waterworld Makadi)","10010.0","01.10.2026 - 08.10.2026","8 dni/7 nocy","4.5","4.5","5590","tripadvisor","Warszawa","2026-09-14T01:15:55.916721+00:00","https://fly.pl/szukaj-wycieczek/?filter[dest]=11:&filter[hotelids]=&filter[cityids]=0&filter[cregids]=&filter[ofrType]=&filter[addObjType]=&filter[whenFrom]=14-09-2026&filter[whenTo]=14-10-2026&filter[duration]=7:10&filter[from]=Warszawa%20-%20Modlin,Warszawa%20-%20Radom,Warszawa&filter[person]=2&filter[child]=1&filter[price]=4000:20000&filter[PriceFrom]=4000&filter[PriceTo]=20000&filter[addCategory]=50&filter[addCatering]=1&filter[addMisc]=0&filter[addTransport]=F&filter[fp]=1&order_by=ofr_price&filter[tourOperator]=0&filter[childAge][1]=20201210","https://fly.pl/cdn/photo/assets/uploads/582/278/2017/06/Red-Sea-Grand-Waterworld-Makadi.jpg","https://fly.pl/wycieczka/egipt,hurghada,makadi-bay/sunwing-waterworld-makadi/pf8e3o3VqeUDWsuEjXD2ocAAogoB6Zp15XFpCtyTZTS8jCf4WaGNf_XbXlJtai6PkY9LEqA0VUSTDSlZ3VBkiaTlBBWJYDYAJyMRUHFwBcA1gFVgJA-wdbw4UBU50mUgBer09L7UNhACCBitIJDQBRl-C99gMCEmMBAgqDADg-/ofertasv/?filter[tourOperator]=ETI&filter%5Bperson%5D=2&filter%5BchildAge%5D%5B1%5D=20201210&filter%5Bchild%5D=1","filter_7_10_days","egipt","hurghada","makadi-bay","2026-10-01","2026-10-08","8","7","Warszawa","2+1","egipt|hurghada|2026-10-01|2026-10-08|7|Warszawa|2+1"
"Sentido Naga Bay","10037.0","24.09.2026 - 01.10.2026","8 dni/7 nocy","","","","","Warszawa","2026-09-14T01:15:55.916721+00:00","https://fly.pl/szukaj-wycieczek/?filter[dest]=11:&filter[hotelids]=&filter[cityids]=0&filter[cregids]=&filter[ofrType]=&filter[addObjType]=&filter[whenFrom]=14-09-2026&filter[whenTo]=14-10-2026&filter[duration]=7:10&filter[from]=Warszawa%20-%20Modlin,Warszawa%20-%20Radom,Warszawa&filter[person]=2&filter[child]=1&filter[price]=4000:20000&filter[PriceFrom]=4000&filter[PriceTo]=20000&filter[addCategory]=50&filter[addCatering]=1&filter[addMisc]=0&filter[addTransport]=F&filter[fp]=1&order_by=ofr_price&filter[tourOperator]=0&filter[childAge][1]=20201210","https://datacfstatic.merlinx.pl/EXIM/IMG/107999/9691dd57e47cec1e96befde9ca4a24ec0aaad7165dd6c455160b011f15ee59d5.webp","https://fly.pl/wycieczka/egipt,hurghada,c/sentido-naga-bay-11/pt1yYufmHNoHgdQz7dLyFmAAog_OZcKqB0lX5VfwYRYpTt5g5QW-LxgDEWlGYjjlpqcUcqBEVYSU0w0pWd1QZItU5QAVjuAWACagJBSXIhHBHfywa5BMbvPasEHBvJ5D0Y0fE-Acn2p4sLAgBjAQIGBtxq8g/ofertasv/?filter[tourOperator]=EXIM&filter%5Bperson%5D=2&filter%5BchildAge%5D%5B1%5D=20201210&filter%5Bchild%5D=1","filter_7_10_days","egipt","hurghada","c","2026-09-24","2026-10-01","8","7","Warszawa","2+1","egipt|hurghada|2026-09-24|2026-10-01|7|Warszawa|2+1"
"Movenpick Resort & Spa El Gouna","10037.0","24.09.2026 - 01.10.2026","8 dni/7 nocy","4.5","4.5","6177","tripadvisor","Warszawa","2026-09-14T01:15:55.916721+00:00","https://fly.pl/szukaj-wycieczek/?filter[dest]=11:&filter[hotelids]=&filter[cityids]=0&filter[cregids]=&filter[ofrType]=&filter[addObjType]=&filter[whenFrom]=14-09-2026&filter[whenTo]=14-10-2026&filter[duration]=7:10&filter[from]=Warszawa%20-%20Modlin,Warszawa%20-%20Radom,Warszawa&filter[person]=2&filter[child]=1&filter[price]=4000:20000&filter[PriceFrom]=4000&filter[PriceTo]=20000&filter[addCategory]=50&filter[addCatering]=1&filter[addMisc]=0&filter[addTransport]=F&filter[fp]=1&order_by=ofr_price&filter[tourOperator]=0&filter[childAge][1]=20201210","https://fly.pl/cdn/photo/assets/uploads/582/278/2014/07/Movenpick-Resort-Spa-El-Gouna-fly-pl.jpg","https://fly.pl/wycieczka/egipt,hurghada,el-gouna/moevenpick-resort-spa-el-gouna/pRSeHS2h5GjxbmcnJIAZXzAAog7DaVLuIyDr06QIt9KWcaPQ5QW-LxgDEWlGYjjlpqcUcqBEVYSU0w0pWd1QZItU5QAVjuAWACagJBSXIhHBGnwga5BP74PasEHBvbpjkYkMU6Aais5YsKAgBjAQIL_d9pWA/ofertasv/?filter[tourOperator]=EXIM&filter%5Bperson%5D=2&filter%5BchildAge%5D%5B1%5D=20201210&filter%5Bchild%5D=1","filter_7_10_days","egipt","hurghada","el-gouna","2026-09-24","2026-10-01","8","7","Warszawa","2+1","egipt|hurghada|2026-09-24|2026-10-01|7|Warszawa|2+1"
"Titanic Beach Spa & Aqua Park","10057.0","24.09.2026 - 01.10.2026","8 dni/7 nocy","4.3","4.3","7447","tripadvisor","Warszawa","2026-09-14T01:15:55.916721+00:00","https://fly.pl/szukaj-wycieczek/?filter[dest]=11:&filter[hotelids]=&filter[cityids]=0&filter[cregids]=&filter[ofrType]=&filter[addObjType]=&filter[whenFrom]=14-09-2026&filter[whenTo]=14-10-2026&filter[duration]=7:10&filter[from]=Warszawa%20-%20Modlin,Warszawa%20-%20Radom,Warszawa&filter[person]=2&filter[child]=1&filter[price]=4000:20000&filter[PriceFrom]=4000&filter[PriceTo]=20000&filter[addCategory]=50&filter[addCatering]=1&filter[addMisc]=0&filter[addTransport]=F&filter[fp]=1&order_by=ofr_price&filter[tourOperator]=0&filter[childAge][1]=20201210","https://fly.pl/cdn/photo/assets/uploads/582/278/2014/07/Titanic-Beach-Spa-Aqua-Park-fly-pl.jpg","https://fly.pl/wycieczka/egipt,hurghada,c/titanic-beach-spa/pX3cXKgd_lLq5kyWcXPwNIAAogviv7GZtQBFSdGah-T5A74wuM1L66OETZDYRELv-baocqBFZJVFgw0pWd1QZIyU5QQVjuAWACckAaABUHFwBcA1gFQI8DW7-DAVOPLVIAXq9PS-1DYQBM7rQ5DcbUmAkgAFHCkOX7jwFPo_UHXZCE8_N1AgxjAQILvR8eWw/ofertasv/?filter[tourOperator]=VITX&filter%5Bperson%5D=2&filter%5BchildAge%5D%5B1%5D=20201210&filter%5Bchild%5D=1","filter_7_10_days","egipt","hurghada","c","2026-09-24","2026-10-01","8","7","Warszawa","2+1","egipt|hurghada|2026-09-24|2026-10-01|7|Warszawa|2+1"
"Sheraton Miramar Resort (El Gouna)","10085.0","24.09.2026 - 01.10.2026","8 dni/7 nocy","4.7","4.7","6346","tripadvisor","Warszawa - Radom","2026-09-14T01:15:55.916721+00:00","https://fly.pl/szukaj-wycieczek/?filter[dest]=11:&filter[hotelids]=&filter[cityids]=0&filter[cregids]=&filter[ofrType]=&filter[addObjType]=&filter[whenFrom]=14-09-2026&filter[whenTo]=14-10-2026&filter[duration]=7:10&filter[from]=Warszawa%20-%20Modlin,Warszawa%20-%20Radom,Warszawa&filter[person]=2&filter[child]=1&filter[price]=4000:20000&filter[PriceFrom]=4000&filter[PriceTo]=20000&filter[addCategory]=50&filter[addCatering]=1&filter[addMisc]=0&filter[addTransport]=F&filter[fp]=1&order_by=ofr_price&filter[tourOperator]=0&filter[childAge][1]=20201210","https://fly.pl/cdn/photo/assets/uploads/582/278/2014/07/Sheraton-Miramar-El-Gouna-1.jpg","https://fly.pl/wycieczka/egipt,hurghada,el-gouna/sheraton-miramar-el-gouna/pQ5wzOLhRxVzhTLpGCL5WYAAog0p9F1dC1Fs6tjuRQEl_jE3uHt-JRXqpSz_DOtw-0xygqBE9SRVgw0pWd1QZI5U5QQVjuAWACagZFQy4yLjFyNZsBFQcXAFwDWAVWAhE7QI8GXdMOT2xT0p0BUgBer09LgRJhAEzRvjogz_yXCQ0AAhJjAQIMbubWWQ/ofertasv/?filter[tourOperator]=OREX&filter%5Bperson%5D=2&filter%5BchildAge%5D%5B1%5D=20201210&filter%5Bchild%5D=1","filter_7_10_days","egipt","hurghada","el-gouna","2026-09-24","2026-10-01","8","7","Warszawa - Radom","2+1","egipt|hurghada|2026-09-24|2026-10-01|7|Warszawa - Radom|2+1"
"Parrotel Beach Resort (ex. Radisson Blu)","10092.0","27.09.2026 - 04.10.2026","8 dni/7 nocy","4.4","4.4","6998","tripadvisor","Warszawa","2026-09-14T01:15:55.916721+00:00","https://fly.pl/szukaj-wycieczek/?filter[dest]=11:&filter[hotelids]=&filter[cityids]=0&filter[cregids]=&filter[ofrType]=&filter[addObjType]=&filter[whenFrom]=14-09-2026&filter[whenTo]=14-10-2026&filter[duration]=7:10&filter[from]=Warszawa%20-%20Modlin,Warszawa%20-%20Radom,Warszawa&filter[person]=2&filter[child]=1&filter[price]=4000:20000&filter[PriceFrom]=4000&filter[PriceTo]=20000&filter[addCategory]=50&filter[addCatering]=1&filter[addMisc]=0&filter[addTransport]=F&filter[fp]=1&order_by=ofr_price&filter[tourOperator]=0&filter[childAge][1]=20201210","https://fly.pl/cdn/photo/assets/uploads/582/278/2014/07/Parrotel-Beach-Resort.jpg","https://fly.pl/wycieczka/egipt,sharm-el-sheikh,c/radisson-blu-resort-sharm-el-sheikh/pWZrJFWwhLi5hWlMgQW41SAAog8WBS1Hc01sVVONSTm7qwUNvhBFpwv_tYWcE8EXXr1-EqBEpPSVAw0pWd1QZI7E5QQVi2AmACagMyY1FyQpsBFAEVBhcAXANYBVYCQMoGT-IBXQARoccBXr0zUqYgUwBLxyNhAEzljDoN0vyXCSAAAZWY7JfTiMygMAIOYwEADTTYNFM/ofertasv/?filter[tourOperator]=JOIP&filter%5Bperson%5D=2&filter%5BchildAge%5D%5B1%5D=20201210&filter%5Bchild%5D=1","filter_7_10_days","egipt","sharm-el-sheikh","c","2026-09-27","2026-10-04","8","7","Warszawa","2+1","egipt|sharm-el-sheikh|2026-09-27|2026-10-04|7|Warszawa|2+1"
"Domina Coral Bay Aquamarine","10105.0","27.09.2026 - 04.10.2026","8 dni/7 nocy","4.2","4.2","12420","tripadvisor","Warszawa","2026-09-14T01:15:55.916721+00:00","https://fly.pl/szukaj-wycieczek/?filter[dest]=11:&filter[hotelids]=&filter[cityids]=0&filter[cregids]=&filter[ofrType]=&filter[addObjType]=&filter[whenFrom]=14-09-2026&filter[whenTo]=14-10-2026&filter[duration]=7:10&filter[from]=Warszawa%20-%20Modlin,Warszawa%20-%20Radom,Warszawa&filter[person]=2&filter[child]=1&filter[price]=4000:20000&filter[PriceFrom]=4000&filter[PriceTo]=20000&filter[addCategory]=50&filter[addCatering]=1&filter[addMisc]=0&filter[addTransport]=F&filter[fp]=1&order_by=ofr_price&filter[tourOperator]=0&filter[childAge][1]=20201210","https://fly.pl/cdn/photo/assets/uploads/582/278/2014/07/Domina-Coral-Bay-Aquamarine.jpg","https://fly.pl/wycieczka/egipt,sharm-el-sheikh,c/domina-coral-bay-aquamarine/pXPDWeh-4kAeGAmV8lNoVBAAogPIS5Ln1NAqrP7o3OlTSPJ9vhBFpwv_tYWcE8EXXr1-EqBEpPSVAw0pWd1QZI-U5QQVi2AmACckMUARUGFwBcA1gFVgJAygZP4gFdAFvpPRH4igFe_TFSpiBTAEvHI2EATOWMOg3S_JcJIAABjLyAqcOIzKAwAg1jAQAMAg4PqQ/ofertasv/?filter[tourOperator]=JOIP&filter%5Bperson%5D=2&filter%5BchildAge%5D%5B1%5D=20201210&filter%5Bchild%5D=1","filter_7_10_days","egipt","sharm-el-sheikh","c","2026-09-27","2026-10-04","8","7","Warszawa","2+1","egipt|sharm-el-sheikh|2026-09-27|2026-10-04|7|Warszawa|2+1"
"Caesar Bay Resort","10197.0","16.09.2026 - 24.09.2026","9 dni/7 nocy","4.3","4.3","1162","tripadvisor","Warszawa","2026-09-14T01:15:55.916721+00:00","https://fly.pl/szukaj-wycieczek/?filter[dest]=11:&filter[hotelids]=&filter[cityids]=0&filter[cregids]=&filter[ofrType]=&filter[addObjType]=&filter[whenFrom]=14-09-2026&filter[whenTo]=14-10-2026&filter[duration]=7:10&filter[from]=Warszawa%20-%20Modlin,Warszawa%20-%20Radom,Warszawa&filter[person]=2&filter[child]=1&filter[price]=4000:20000&filter[PriceFrom]=4000&filter[PriceTo]=20000&filter[addCategory]=50&filter[addCatering]=1&filter[addMisc]=0&filter[addTransport]=F&filter[fp]=1&order_by=ofr_price&filter[tourOperator]=0&filter[childAge][1]=20201210","https://fly.pl/cdn/photo/assets/uploads/582/278/2024/07/caesar-bay-resort.jpg","https://fly.pl/wycieczka/egipt,aleksandria,c/caesar-bay-resort-13/p03EsIjjmMCS-DzuwViv5UAAog0TqfNfuT-D1aCiY81n2HT_OXllCPLR4BIzNLJl_yhhQqBFZJVFgw0pWd1QZI1U9QQVguYAJyQBoAFQcXAFwDWAVAjwNTyYMBUgBbzgFe5npL7UNhAEyQtTkNnNSYCSABUaXpmfJrT8fSOF3c-ID9mQECDmMBAg3pxhgx/ofertasv/?filter[tourOperator]=VITX&filter%5Bperson%5D=2&filter%5BchildAge%5D%5B1%5D=20201210&filter%5Bchild%5D=1","filter_7_10_days","egipt","aleksandria","c","2026-09-16","2026-09-24","9","7","Warszawa","2+1","egipt|aleksandria|2026-09-16|2026-09-24|7|Warszawa|2+1"
"Sunrise Alora Aqua Park Resort","10237.0","24.09.2026 - 01.10.2026","8 dni/7 nocy","3.5","3.5","1838","tripadvisor","Warszawa","2026-09-14T01:15:55.916721+00:00","https://fly.pl/szukaj-wycieczek/?filter[dest]=11:&filter[hotelids]=&filter[cityids]=0&filter[cregids]=&filter[ofrType]=&filter[addObjType]=&filter[whenFrom]=14-09-2026&filter[whenTo]=14-10-2026&filter[duration]=7:10&filter[from]=Warszawa%20-%20Modlin,Warszawa%20-%20Radom,Warszawa&filter[person]=2&filter[child]=1&filter[price]=4000:20000&filter[PriceFrom]=4000&filter[PriceTo]=20000&filter[addCategory]=50&filter[addCatering]=1&filter[addMisc]=0&filter[addTransport]=F&filter[fp]=1&order_by=ofr_price&filter[tourOperator]=0&filter[childAge][1]=20201210","https://fly.pl/cdn/photo/assets/uploads/582/278/2014/11/Hawaii-Caesar-Palace-Aqua-Park-ex-Mirage-Aqua-Park-fly-pl.jpg","https://fly.pl/wycieczka/egipt,hurghada,c/mirage-aqua-park-spa-cesar-palace/p1KKoG83OWzg6n0vP-2LtQAAogEgXl69BCBT3IJJ-IW0Osr281lTSXqH6Isk6l7nfwV_cqBEJWUFIw0pWd1QZI_U9QAVjuAWACag1BbGwgaW5jbHVzaXZlciAcEdJGG83vBBjr8wy5BP_fE6sETwGe5ODEAQIAYwECC3Inug4/ofertasv/?filter[tourOperator]=BVPR&filter%5Bperson%5D=2&filter%5BchildAge%5D%5B1%5D=20201210&filter%5Bchild%5D=1","filter_7_10_days","egipt","hurghada","c","2026-09-24","2026-10-01","8","7","Warszawa","2+1","egipt|hurghada|2026-09-24|2026-10-01|7|Warszawa|2+1"
"Pickalbatros Oasis Port Ghalib (ex. Red Sea Port Ghalib Resort)","10237.0","26.09.2026 - 04.10.2026","9 dni/7 nocy","4.6","4.6","3642","tripadvisor","Warszawa","2026-09-14T01:15:55.916721+00:00","https://fly.pl/szukaj-wycieczek/?filter[dest]=11:&filter[hotelids]=&filter[cityids]=0&filter[cregids]=&filter[ofrType]=&filter[addObjType]=&filter[whenFrom]=14-09-2026&filter[whenTo]=14-10-2026&filter[duration]=7:10&filter[from]=Warszawa%20-%20Modlin,Warszawa%20-%20Radom,Warszawa&filter[person]=2&filter[child]=1&filter[price]=4000:20000&filter[PriceFrom]=4000&filter[PriceTo]=20000&filter[addCategory]=50&filter[addCatering]=1&filter[addMisc]=0&filter[addTransport]=F&filter[fp]=1&order_by=ofr_price&filter[tourOperator]=0&filter[childAge][1]=20201210","https://fly.pl/cdn/photo/assets/uploads/582/278/2014/09/pickalbatros-oasis.jpg","https://fly.pl/wycieczka/egipt,marsa-alam,port-ghalib/crowne-plaza-sahara-oasis-resort/ppD7KuVOZxVr8bOVhz89nhAAogX89wgVzTFO2BGfUCvg3g7vPOVhexA4B-vTIRTOTMdjUqBEVYSU0w0pWd1QZI_U9QAVieAmACagJBSXIhHBGloQa5BLCePqsEGxvLsiwY_v8uAcbD0Y4IAgBjAQIMibFj5A/ofertasv/?filter[tourOperator]=EXIM&filter%5Bperson%5D=2&filter%5BchildAge%5D%5B1%5D=20201210&filter%5Bchild%5D=1","filter_7_10_days","egipt","marsa-alam","port-ghalib","2026-09-26","2026-10-04","9","7","Warszawa","2+1","egipt|marsa-alam|2026-09-26|2026-10-04|7|Warszawa|2+1"
"Albatros Makadi Resort (ex Royal Pharaohs Makadi)","10247.0","17.09.2026 - 24.09.2026","8 dni/7 nocy","3.3","3.3","844","tripadvisor","Warszawa - Radom","2026-09-14T01:15:55.916721+00:00","https://fly.pl/szukaj-wycieczek/?filter[dest]=11:&filter[hotelids]=&filter[cityids]=0&filter[cregids]=&filter[ofrType]=&filter[addObjType]=&filter[whenFrom]=14-09-2026&filter[whenTo]=14-10-2026&filter[duration]=7:10&filter[from]=Warszawa%20-%20Modlin,Warszawa%20-%20Radom,Warszawa&filter[person]=2&filter[child]=1&filter[price]=4000:20000&filter[PriceFrom]=4000&filter[PriceTo]=20000&filter[addCategory]=50&filter[addCatering]=1&filter[addMisc]=0&filter[addTransport]=F&filter[fp]=1&order_by=ofr_price&filter[tourOperator]=0&filter[childAge][1]=20201210","https://fly.pl/cdn/photo/assets/uploads/582/278/2014/07/Harmony-Makadi-Bay-fly-pl.jpg","https://fly.pl/wycieczka/egipt,hurghada,makadi-bay/harmony-makadi-bay/pj8DR94aaotjUnoPoZrDKVAAog2KkqwW55MLKRvLFoSG1ZfP8MJssITV_eZU8aw6SOnRoqBE9SRVgw0pWd1QZIh1BQQVhGYAJqB0tHVC4yLjFyNpsBFQcXAFwDWAVWAkDKBl3TDk9sEYgOU8qPAVIAXq9PS4ESYQBM0b46IMj8lwkNAAISYwECDNCICcY/ofertasv/?filter[tourOperator]=OREX&filter%5Bperson%5D=2&filter%5BchildAge%5D%5B1%5D=20201210&filter%5Bchild%5D=1","filter_7_10_days","egipt","hurghada","makadi-bay","2026-09-17","2026-09-24","8","7","Warszawa - Radom","2+1","egipt|hurghada|2026-09-17|2026-09-24|7|Warszawa - Radom|2+1"
"Coral Sea Water World Resort","10260.0","27.09.2026 - 04.10.2026","8 dni/7 nocy","4.5","4.5","9375","tripadvisor","Warszawa","2026-09-14T01:15:55.916721+00:00","https://fly.pl/szukaj-wycieczek/?filter[dest]=11:&filter[hotelids]=&filter[cityids]=0&filter[cregids]=&filter[ofrType]=&filter[addObjType]=&filter[whenFrom]=14-09-2026&filter[whenTo]=14-10-2026&filter[duration]=7:10&filter[from]=Warszawa%20-%20Modlin,Warszawa%20-%20Radom,Warszawa&filter[person]=2&filter[child]=1&filter[price]=4000:20000&filter[PriceFrom]=4000&filter[PriceTo]=20000&filter[addCategory]=50&filter[addCatering]=1&filter[addMisc]=0&filter[addTransport]=F&filter[fp]=1&order_by=ofr_price&filter[tourOperator]=0&filter[childAge][1]=20201210","https://fly.pl/cdn/photo/assets/uploads/582/278/2014/07/Coral-Sea-Waterworld.jpg","https://fly.pl/wycieczka/egipt,sharm-el-sheikh,c/coral-sea-water-world/pcLsX85ipgTMqlbcHiMbmvAAogiwVAr_uHQ-nksYc1IaRWSdvhBFpwv_tYWcE8EXXr1-EqBEpPSVAw0pWd1QZIlFBQQVi2AmACagMxMm9yQpsBFAEVBhcAXANYBVYCQMoGT-IBXQBe3voBEdUTUtEMUwBLxyNhAEzljDoN0vyXCSAAAfef-P_CiMygMAINYwEADEGYdDE/ofertasv/?filter[tourOperator]=JOIP&filter%5Bperson%5D=2&filter%5BchildAge%5D%5B1%5D=20201210&filter%5Bchild%5D=1","filter_7_10_days","egipt","sharm-el-sheikh","c","2026-09-27","2026-10-04","8","7","Warszawa","2+1","egipt|sharm-el-sheikh|2026-09-27|2026-10-04|7|Warszawa|2+1"
"Coral Sea Holiday Resort","10260.0","27.09.2026 - 04.10.2026","8 dni/7 nocy","4.5","4.5","10284","tripadvisor","Warszawa","2026-09-14T01:15:55.916721+00:00","https://fly.pl/szukaj-wycieczek/?filter[dest]=11:&filter[hotelids]=&filter[cityids]=0&filter[cregids]=&filter[ofrType]=&filter[addObjType]=&filter[whenFrom]=14-09-2026&filter[whenTo]=14-10-2026&filter[duration]=7:10&filter[from]=Warszawa%20-%20Modlin,Warszawa%20-%20Radom,Warszawa&filter[person]=2&filter[child]=1&filter[price]=4000:20000&filter[PriceFrom]=4000&filter[PriceTo]=20000&filter[addCategory]=50&filter[addCatering]=1&filter[addMisc]=0&filter[addTransport]=F&filter[fp]=1&order_by=ofr_price&filter[tourOperator]=0&filter[childAge][1]=20201210","https://fly.pl/cdn/photo/assets/uploads/582/278/2014/07/Coral-Sea-Holiday-Resort.jpg","https://fly.pl/wycieczka/egipt,sharm-el-sheikh,c/coral-sea-holiday-village/pW-3eiuqLTZNrRySKvkPE5AAogFNwGuo71zQ1MPy9d9_7q_NvhBFpwv_tYWcE8EXXr1-EqBEpPSVAw0pWd1QZIlFBQQVi2AmACagNDR21yQpsBFAEVBhcAXANYBVYCQMoGT-IBXQBe3voBEdQTUtIMUwBLxyNhAEzljDoN0vyXCSAAAYeWyPjCiMygMAINYwEADDh7I_Q/ofertasv/?filter[tourOperator]=JOIP&filter%5Bperson%5D=2&filter%5BchildAge%5D%5B1%5D=20201210&filter%5Bchild%5D=1","filter_7_10_days","egipt","sharm-el-sheikh","c","2026-09-27","2026-10-04","8","7","Warszawa","2+1","egipt|sharm-el-sheikh|2026-09-27|2026-10-04|7|Warszawa|2+1"
"Pyramisa Beach Resort Sahl Hasheesh","10278.0","06.10.2026 - 13.10.2026","8 dni/7 nocy","4.1","4.1","3578","tripadvisor","Warszawa","2026-09-14T01:15:55.916721+00:00","https://fly.pl/szukaj-wycieczek/?filter[dest]=11:&filter[hotelids]=&filter[cityids]=0&filter[cregids]=&filter[ofrType]=&filter[addObjType]=&filter[whenFrom]=14-09-2026&filter[whenTo]=14-10-2026&filter[duration]=7:10&filter[from]=Warszawa%20-%20Modlin,Warszawa%20-%20Radom,Warszawa&filter[person]=2&filter[child]=1&filter[price]=4000:20000&filter[PriceFrom]=4000&filter[PriceTo]=20000&filter[addCategory]=50&filter[addCatering]=1&filter[addMisc]=0&filter[addTransport]=F&filter[fp]=1&order_by=ofr_price&filter[tourOperator]=0&filter[childAge][1]=20201210","https://fly.pl/cdn/photo/assets/uploads/582/278/2015/04/Pyramisa-Beach-Resort-Sahl-Hasheesh.jpg","https://fly.pl/wycieczka/egipt,hurghada,sahl-hasheesh/dessole-pyramisa-beach-resort-ex-pyramisa-beach-r/pWxe6It7as5VYp6tjRgY5YAAogou5AwpbQ3jvyy58PZ1Op091Ra35vaD1OLsrZzzRttekqBEpPSVAw0pWd1QZIplBQQViOBGACckMUARUGFwBcA1gFVgJAygZP4gFdAFv4AlO3qAFSAF6vTxGVHkvYJWEATOWMOiCh_ZcJDQABvZeIgcWGzKAwAg1jAQALAb-qNw/ofertasv/?filter[tourOperator]=JOIP&filter%5Bperson%5D=2&filter%5BchildAge%5D%5B1%5D=20201210&filter%5Bchild%5D=1","filter_7_10_days","egipt","hurghada","sahl-hasheesh","2026-10-06","2026-10-13","8","7","Warszawa","2+1","egipt|hurghada|2026-10-06|2026-10-13|7|Warszawa|2+1"
"Radisson Individuals Marina Port Ghalib (ex. Sunrise Marina Resort)","10308.0","03.10.2026 - 10.10.2026","8 dni/7 nocy","4.6","4.6","3575","tripadvisor","Warszawa","2026-09-14T01:15:55.916721+00:00","https://fly.pl/szukaj-wycieczek/?filter[dest]=11:&filter[hotelids]=&filter[cityids]=0&filter[cregids]=&filter[ofrType]=&filter[addObjType]=&filter[whenFrom]=14-09-2026&filter[whenTo]=14-10-2026&filter[duration]=7:10&filter[from]=Warszawa%20-%20Modlin,Warszawa%20-%20Radom,Warszawa&filter[person]=2&filter[child]=1&filter[price]=4000:20000&filter[PriceFrom]=4000&filter[PriceTo]=20000&filter[addCategory]=50&filter[addCatering]=1&filter[addMisc]=0&filter[addTransport]=F&filter[fp]=1&order_by=ofr_price&filter[tourOperator]=0&filter[childAge][1]=20201210","https://fly.pl/cdn/photo/assets/uploads/582/278/2015/04/RADISSON-INDIVIDUALS-MARINA.jpg","https://fly.pl/wycieczka/egipt,marsa-alam,port-ghalib/rehana-port-ghalib-resort/pchwPe9pfJ7uT217PUuXTFAAogIcWouiWwv8ewXu0KTfbtaegSLRM4LH0UoQGj_we9ZWwqBFJOQlcw0pWd1QZIxFBQQVjGA2ACagREUTBkag1BTExfSU5DTFVTSVZFahoxNiwyOTYsMzgwLDQ3Nyw0ODMsNDg0LDQ4NWobNDAyLDQwMyw0MDYsNDE3LDQ3Myw0OTcsNDk5cj6fAZYBngGUARUHFwBYCArNAUD7BRHQLBmzKBDGHUziGVPVgwFSAEuxL2EAHYCRQQ85IMr4kAkNAAIOYwECBThOA7U/ofertasv/?filter[tourOperator]=RNBW&filter%5Bperson%5D=2&filter%5BchildAge%5D%5B1%5D=20201210&filter%5Bchild%5D=1","filter_7_10_days","egipt","marsa-alam","port-ghalib","2026-10-03","2026-10-10","8","7","Warszawa","2+1","egipt|marsa-alam|2026-10-03|2026-10-10|7|Warszawa|2+1"
"Titanic Royal","10317.0","24.09.2026 - 01.10.2026","8 dni/7 nocy","4.8","4.8","4641","tripadvisor","Warszawa","2026-09-14T01:15:55.916721+00:00","https://fly.pl/szukaj-wycieczek/?filter[dest]=11:&filter[hotelids]=&filter[cityids]=0&filter[cregids]=&filter[ofrType]=&filter[addObjType]=&filter[whenFrom]=14-09-2026&filter[whenTo]=14-10-2026&filter[duration]=7:10&filter[from]=Warszawa%20-%20Modlin,Warszawa%20-%20Radom,Warszawa&filter[person]=2&filter[child]=1&filter[price]=4000:20000&filter[PriceFrom]=4000&filter[PriceTo]=20000&filter[addCategory]=50&filter[addCatering]=1&filter[addMisc]=0&filter[addTransport]=F&filter[fp]=1&order_by=ofr_price&filter[tourOperator]=0&filter[childAge][1]=20201210","https://fly.pl/cdn/photo/assets/uploads/582/278/2018/12/Titanic-Royal-fly-pl.jpg","https://fly.pl/wycieczka/egipt,hurghada,c/titanic-royal/pC_V8ZDNONZgnQdxVck3-gAAogeEhp7OTIViCTxc4rruVKOQ5QW-LxgDEWlGYjjlpqcUcqBEVYSU0w0pWd1QZIzVBQAVjuAWACagNVQUlyIRwRkrsGuQSTgD6rBBwby-9OGKrRSwHfmbTWDQIAYwECC8l5YxA/ofertasv/?filter[tourOperator]=EXIM&filter%5Bperson%5D=2&filter%5BchildAge%5D%5B1%5D=20201210&filter%5Bchild%5D=1","filter_7_10_days","egipt","hurghada","c","2026-09-24","2026-10-01","8","7","Warszawa","2+1","egipt|hurghada|2026-09-24|2026-10-01|7|Warszawa|2+1"
"Hilton Marsa Alam Nubian Resort","10337.0","26.09.2026 - 04.10.2026","9 dni/7 nocy","4.7","4.7","10204","tripadvisor","Warszawa","2026-09-14T01:15:55.916721+00:00","https://fly.pl/szukaj-wycieczek/?filter[dest]=11:&filter[hotelids]=&filter[cityids]=0&filter[cregids]=&filter[ofrType]=&filter[addObjType]=&filter[whenFrom]=14-09-2026&filter[whenTo]=14-10-2026&filter[duration]=7:10&filter[from]=Warszawa%20-%20Modlin,Warszawa%20-%20Radom,Warszawa&filter[person]=2&filter[child]=1&filter[price]=4000:20000&filter[PriceFrom]=4000&filter[PriceTo]=20000&filter[addCategory]=50&filter[addCatering]=1&filter[addMisc]=0&filter[addTransport]=F&filter[fp]=1&order_by=ofr_price&filter[tourOperator]=0&filter[childAge][1]=20201210","https://fly.pl/cdn/photo/assets/uploads/582/278/2014/08/Tropitel-Dahab-Oasis.jpg","https://fly.pl/wycieczka/egipt,marsa-alam,c/hilton-marsa-alam-nubian-resort/pzRb2LZEtCeF3D7OsJ7kawAAogXWtOvnZ-EEVXmsmdomucxPPOVhexA4B-vTIRTOTMdjUqBEVYSU0w0pWd1QZI4VBQAVieAmACagJBSXIhHBHyxga5BOP4PasEGxvauToYyMc7AbPT664KAgBjAQINrvb8vg/ofertasv/?filter[tourOperator]=EXIM&filter%5Bperson%5D=2&filter%5BchildAge%5D%5B1%5D=20201210&filter%5Bchild%5D=1","filter_7_10_days","egipt","marsa-alam","c","2026-09-26","2026-10-04","9","7","Warszawa","2+1","egipt|marsa-alam|2026-09-26|2026-10-04|7|Warszawa|2+1"
"Jaz Makadi Oasis Resort","10341.0","17.09.2026 - 24.09.2026","8 dni/7 nocy","4.7","4.7","5373","tripadvisor","Warszawa - Radom","2026-09-14T01:15:55.916721+00:00","https://fly.pl/szukaj-wycieczek/?filter[dest]=11:&filter[hotelids]=&filter[cityids]=0&filter[cregids]=&filter[ofrType]=&filter[addObjType]=&filter[whenFrom]=14-09-2026&filter[whenTo]=14-10-2026&filter[duration]=7:10&filter[from]=Warszawa%20-%20Modlin,Warszawa%20-%20Radom,Warszawa&filter[person]=2&filter[child]=1&filter[price]=4000:20000&filter[PriceFrom]=4000&filter[PriceTo]=20000&filter[addCategory]=50&filter[addCatering]=1&filter[addMisc]=0&filter[addTransport]=F&filter[fp]=1&order_by=ofr_price&filter[tourOperator]=0&filter[childAge][1]=20201210","https://fly.pl/cdn/photo/assets/uploads/582/278/2015/04/Jaz-Makadi-Oasis.jpg","https://fly.pl/wycieczka/egipt,hurghada,makadi-bay/iberotel-makadi-club-oasis/pC-M4hxn2CzEZAUeotKSoMAAogzzA_aQpVRuCCkPpDD5ARmP8MJssITV_eZU8aw6SOnRoqBE9SRVgw0pWd1QZI5VBQQVhGYAJqBjZULjIuMXI1mwEVBxcAXANYBVYCERlAsQZd0w5PbFPSnQFSAF6vT0uBEmEATNG-OiDI_JcJDQACEmMBAgz-9g3y/ofertasv/?filter[tourOperator]=OREX&filter%5Bperson%5D=2&filter%5BchildAge%5D%5B1%5D=20201210&filter%5Bchild%5D=1","filter_7_10_days","egipt","hurghada","makadi-bay","2026-09-17","2026-09-24","8","7","Warszawa - Radom","2+1","egipt|hurghada|2026-09-17|2026-09-24|7|Warszawa - Radom|2+1"
"Jaz Sharm Dreams Resort","10367.0","27.09.2026 - 04.10.2026","8 dni/7 nocy","4.3","4.3","6539","tripadvisor","Warszawa","2026-09-14T01:15:55.916721+00:00","https://fly.pl/szukaj-wycieczek/?filter[dest]=11:&filter[hotelids]=&filter[cityids]=0&filter[cregids]=&filter[ofrType]=&filter[addObjType]=&filter[whenFrom]=14-09-2026&filter[whenTo]=14-10-2026&filter[duration]=7:10&filter[from]=Warszawa%20-%20Modlin,Warszawa%20-%20Radom,Warszawa&filter[person]=2&filter[child]=1&filter[price]=4000:20000&filter[PriceFrom]=4000&filter[PriceTo]=20000&filter[addCategory]=50&filter[addCatering]=1&filter[addMisc]=0&filter[addTransport]=F&filter[fp]=1&order_by=ofr_price&filter[tourOperator]=0&filter[childAge][1]=20201210","https://fly.pl/cdn/photo/assets/uploads/582/278/2014/07/Jaz-Sharm-Dreams.jpg","https://fly.pl/wycieczka/egipt,sharm-el-sheikh,c/hilton-sharm-dreams-resort/p64csNUMqh-gebYkbai7RKAAog0hCiSroOUSv1krMMkon6VtvhBFpwv_tYWcE8EXXr1-EqBEpPSVAw0pWd1QZI_1BQQVi2AmACagMwRkhyQpsBFAEVBhcAXANYBVYCQMoGT-IBXQARxMYBXpo0UqYgUwBLxyNhAEzljDoN0vyXCSAAAYjI8L-1iMygMAINYwEADJMKUTA/ofertasv/?filter[tourOperator]=JOIP&filter%5Bperson%5D=2&filter%5BchildAge%5D%5B1%5D=20201210&filter%5Bchild%5D=1","filter_7_10_days","egipt","sharm-el-sheikh","c","2026-09-27","2026-10-04","8","7","Warszawa","2+1","egipt|sharm-el-sheikh|2026-09-27|2026-10-04|7|Warszawa|2+1"
"Concorde El Salam Front Area","10394.0","27.09.2026 - 04.10.2026","8 dni/7 nocy","4.8","4.8","1490","tripadvisor","Warszawa","2026-09-14T01:15:55.916721+00:00","https://fly.pl/szukaj-wycieczek/?filter[dest]=11:&filter[hotelids]=&filter[cityids]=0&filter[cregids]=&filter[ofrType]=&filter[addObjType]=&filter[whenFrom]=14-09-2026&filter[whenTo]=14-10-2026&filter[duration]=7:10&filter[from]=Warszawa%20-%20Modlin,Warszawa%20-%20Radom,Warszawa&filter[person]=2&filter[child]=1&filter[price]=4000:20000&filter[PriceFrom]=4000&filter[PriceTo]=20000&filter[addCategory]=50&filter[addCatering]=1&filter[addMisc]=0&filter[addTransport]=F&filter[fp]=1&order_by=ofr_price&filter[tourOperator]=0&filter[childAge][1]=20201210","https://fly.pl/cdn/photo/assets/uploads/582/278/2024/07/concorde-el-salam-front.jpg","https://fly.pl/wycieczka/egipt,sharm-el-sheikh,szarm-el-szejk/concorde-el-salam-front-12/psF16rCmWK50OqZ9X917sAAAogODftfFBkLQV9lOTkbWtvvtvhBFpwv_tYWcE8EXXr1-EqBEpPSVAw0pWd1QZImlFQQVi2AmACagNDR21yQpsBFAEVBhcAXANYBVYCQMoGT-IBXQBe3voBUqYgUwARmQNLriBhAEzljDoN0vyXCSAAAYPaiKHDiMygMAINYwEACzoeAcE/ofertasv/?filter[tourOperator]=JOIP&filter%5Bperson%5D=2&filter%5BchildAge%5D%5B1%5D=20201210&filter%5Bchild%5D=1","filter_7_10_days","egipt","sharm-el-sheikh","szarm-el-szejk","2026-09-27","2026-10-04","8","7","Warszawa","2+1","egipt|sharm-el-sheikh|2026-09-27|2026-10-04|7|Warszawa|2+1"
"Club Magic Life Kalawy","10433.0","24.09.2026 - 01.10.2026","8 dni/7 nocy","4.5","4.5","1722","tripadvisor","Warszawa","2026-09-14T01:15:55.916721+00:00","https://fly.pl/szukaj-wycieczek/?filter[dest]=11:&filter[hotelids]=&filter[cityids]=0&filter[cregids]=&filter[ofrType]=&filter[addObjType]=&filter[whenFrom]=14-09-2026&filter[whenTo]=14-10-2026&filter[duration]=7:10&filter[from]=Warszawa%20-%20Modlin,Warszawa%20-%20Radom,Warszawa&filter[person]=2&filter[child]=1&filter[price]=4000:20000&filter[PriceFrom]=4000&filter[PriceTo]=20000&filter[addCategory]=50&filter[addCatering]=1&filter[addMisc]=0&filter[addTransport]=F&filter[fp]=1&order_by=ofr_price&filter[tourOperator]=0&filter[childAge][1]=20201210","https://fly.pl/cdn/photo/assets/uploads/582/278/2015/02/Club-Magic-Life-Kalawy-fly-pl.jpg","https://fly.pl/wycieczka/egipt,hurghada,safaga/club-magic-life-kalawy-imperial/ptQ3qCMXcojky7Cfcu_hgnAAogDSq1EBp0iJKDNIvrn_xb-93v4k6py7AR_LXz6vd412AqBFNGUEww0pWd1QZIwVFQQVjuAWACciMLAhUFIgQSI0D6AlvjBFyv_AUNgszOCVGzmr72AwISYwECBe8xcJs/ofertasv/?filter[tourOperator]=SFPL&filter%5Bperson%5D=2&filter%5BchildAge%5D%5B1%5D=20201210&filter%5Bchild%5D=1","filter_7_10_days","egipt","hurghada","safaga","2026-09-24","2026-10-01","8","7","Warszawa","2+1","egipt|hurghada|2026-09-24|2026-10-01|7|Warszawa|2+1"
"Pickalbatros Water Valley Resort Neverland","10463.0","17.09.2026 - 24.09.2026","8 dni/7 nocy","4.8","4.8","941","tripadvisor","Warszawa - Radom","2026-09-14T01:15:55.916721+00:00","https://fly.pl/szukaj-wycieczek/?filter[dest]=11:&filter[hotelids]=&filter[cityids]=0&filter[cregids]=&filter[ofrType]=&filter[addObjType]=&filter[whenFrom]=14-09-2026&filter[whenTo]=14-10-2026&filter[duration]=7:10&filter[from]=Warszawa%20-%20Modlin,Warszawa%20-%20Radom,Warszawa&filter[person]=2&filter[child]=1&filter[price]=4000:20000&filter[PriceFrom]=4000&filter[PriceTo]=20000&filter[addCategory]=50&filter[addCatering]=1&filter[addMisc]=0&filter[addTransport]=F&filter[fp]=1&order_by=ofr_price&filter[tourOperator]=0&filter[childAge][1]=20201210","https://fly.pl/cdn/photo/assets/uploads/582/278/2022/08/Pickalbatros-Water-Valley-Resort-Neverland.jpg","https://fly.pl/wycieczka/egipt,hurghada,c/neverland-by-albatros-9/pd-SIedxMm_orZyrExwoXFAAogzVhkThvOgRIQ1To0WEGgTf8MJssITV_eZU8aw6SOnRoqBE9SRVgw0pWd1QZI31FQQVhGYAJqB1FDNS4yLjFyNZsBFQcXAFwDWAURAFYCQMoGXdMOT2xT0p0BUgBer09LgRJhAEzRvjogyPyXCQ0AAhJjAQIMni6Wwg/ofertasv/?filter[tourOperator]=OREX&filter%5Bperson%5D=2&filter%5BchildAge%5D%5B1%5D=20201210&filter%5Bchild%5D=1","filter_7_10_days","egipt","hurghada","c","2026-09-17","2026-09-24","8","7","Warszawa - Radom","2+1","egipt|hurghada|2026-09-17|2026-09-24|7|Warszawa - Radom|2+1"
"Amphoras Beach","10479.0","27.09.2026 - 04.10.2026","8 dni/7 nocy","4.4","4.4","6747","tripadvisor","Warszawa","2026-09-14T01:15:55.916721+00:00","https://fly.pl/szukaj-wycieczek/?filter[dest]=11:&filter[hotelids]=&filter[cityids]=0&filter[cregids]=&filter[ofrType]=&filter[addObjType]=&filter[whenFrom]=14-09-2026&filter[whenTo]=14-10-2026&filter[duration]=7:10&filter[from]=Warszawa%20-%20Modlin,Warszawa%20-%20Radom,Warszawa&filter[person]=2&filter[child]=1&filter[price]=4000:20000&filter[PriceFrom]=4000&filter[PriceTo]=20000&filter[addCategory]=50&filter[addCatering]=1&filter[addMisc]=0&filter[addTransport]=F&filter[fp]=1&order_by=ofr_price&filter[tourOperator]=0&filter[childAge][1]=20201210","https://fly.pl/cdn/photo/assets/uploads/582/278/2016/11/AMPHORAS-BEACH.jpg","https://fly.pl/wycieczka/egipt,sharm-el-sheikh,c/otium-amphoras-ex-shores/pgzzm3kOoPBIdRt3tZr2nvAAogMQHoXQ9NYZVl64yeEtiFP9vhBFpwv_tYWcE8EXXr1-EqBEpPSVAw0pWd1QZI71FQQVi2AmACagMwbkhyQ5sBFAEVBhcAXANYBVYCQMoGT-IBXQBe3voBUqYgUwBLxyNhABHJhgFMnIY5DdL8lwkgAAH04cCAtYjMoDACDWMBAAs3kDMB/ofertasv/?filter[tourOperator]=JOIP&filter%5Bperson%5D=2&filter%5BchildAge%5D%5B1%5D=20201210&filter%5Bchild%5D=1","filter_7_10_days","egipt","sharm-el-sheikh","c","2026-09-27","2026-10-04","8","7","Warszawa","2+1","egipt|sharm-el-sheikh|2026-09-27|2026-10-04|7|Warszawa|2+1"
"Pickalbatros Palace Port Ghalib (ex. Red Sea The Palace)","10539.0","26.09.2026 - 03.10.2026","8 dni/7 nocy","4.7","4.7","3738","tripadvisor","Warszawa","2026-09-14T01:15:55.916721+00:00","https://fly.pl/szukaj-wycieczek/?filter[dest]=11:&filter[hotelids]=&filter[cityids]=0&filter[cregids]=&filter[ofrType]=&filter[addObjType]=&filter[whenFrom]=14-09-2026&filter[whenTo]=14-10-2026&filter[duration]=7:10&filter[from]=Warszawa%20-%20Modlin,Warszawa%20-%20Radom,Warszawa&filter[person]=2&filter[child]=1&filter[price]=4000:20000&filter[PriceFrom]=4000&filter[PriceTo]=20000&filter[addCategory]=50&filter[addCatering]=1&filter[addMisc]=0&filter[addTransport]=F&filter[fp]=1&order_by=ofr_price&filter[tourOperator]=0&filter[childAge][1]=20201210","https://fly.pl/cdn/photo/assets/uploads/582/278/2014/09/albatros-palace.jpg","https://fly.pl/wycieczka/egipt,marsa-alam,port-ghalib/intercontinental-the-palace-port-ghalib/ppou-sx3c1pOW1sCyK_pnXAAog23oIJnOFAtY_ybwNdOa-cLjCD0UEpn4QE69Z5aCniz4qBEpPSVAw0pWd1QZIq1JQQVieAmACagNDR21yQ5sBFAEVBhcAXANYBVYCQMoGT-IBXQBe3voBUrwUUwBLsS9hABG4hgFMrYY5DdH8lwkgAAHykcio1IjMoDACDWMBAAzRQJaE/ofertasv/?filter[tourOperator]=JOIP&filter%5Bperson%5D=2&filter%5BchildAge%5D%5B1%5D=20201210&filter%5Bchild%5D=1","filter_7_10_days","egipt","marsa-alam","port-ghalib","2026-09-26","2026-10-03","8","7","Warszawa","2+1","egipt|marsa-alam|2026-09-26|2026-10-03|7|Warszawa|2+1"
"Titanic Pearl","10554.0","27.09.2026 - 04.10.2026","8 dni/7 nocy","","","","","Warszawa","2026-09-14T01:15:55.916721+00:00","https://fly.pl/szukaj-wycieczek/?filter[dest]=11:&filter[hotelids]=&filter[cityids]=0&filter[cregids]=&filter[ofrType]=&filter[addObjType]=&filter[whenFrom]=14-09-2026&filter[whenTo]=14-10-2026&filter[duration]=7:10&filter[from]=Warszawa%20-%20Modlin,Warszawa%20-%20Radom,Warszawa&filter[person]=2&filter[child]=1&filter[price]=4000:20000&filter[PriceFrom]=4000&filter[PriceTo]=20000&filter[addCategory]=50&filter[addCatering]=1&filter[addMisc]=0&filter[addTransport]=F&filter[fp]=1&order_by=ofr_price&filter[tourOperator]=0&filter[childAge][1]=20201210","https://datacfstatic.merlinx.pl/WEZY/IMG/85003/dff36aa158788c6986509ebc5ab7dc4c356ddb5d1d5441c2e9d622eb8d2e1b66.webp","https://fly.pl/wycieczka/egipt,hurghada,c/titanic-pearl-10/p7Jj9Ui5ezmCtyFV4NWxY-AAogxD_a0KQEZ2m7HCXo9PwhZQAAAADiggQA_oIEAAcAAQAqBFdFWlkw0pWd1QZIulJQQVi2AmADaglFbnRlciBBaXJqBDAwMTVyRJ4BlAEfAAIBFgAcABcGEu0DFdoFGJUDE7kBQIVzT8syTABLnJMBUAARg9ECHdftDCAcG9yeJA3lq54JARJjAQxjAQIFSiR3ZQ/ofertasv/?filter[tourOperator]=WEZY&filter%5Bperson%5D=2&filter%5BchildAge%5D%5B1%5D=20201210&filter%5Bchild%5D=1","filter_7_10_days","egipt","hurghada","c","2026-09-27","2026-10-04","8","7","Warszawa","2+1","egipt|hurghada|2026-09-27|2026-10-04|7|Warszawa|2+1"
"Monte Carlo Resort Spa","10557.0","06.10.2026 - 14.10.2026","9 dni/7 nocy","4.4","4.4","2434","tripadvisor","Warszawa","2026-09-14T01:15:55.916721+00:00","https://fly.pl/szukaj-wycieczek/?filter[dest]=11:&filter[hotelids]=&filter[cityids]=0&filter[cregids]=&filter[ofrType]=&filter[addObjType]=&filter[whenFrom]=14-09-2026&filter[whenTo]=14-10-2026&filter[duration]=7:10&filter[from]=Warszawa%20-%20Modlin,Warszawa%20-%20Radom,Warszawa&filter[person]=2&filter[child]=1&filter[price]=4000:20000&filter[PriceFrom]=4000&filter[PriceTo]=20000&filter[addCategory]=50&filter[addCatering]=1&filter[addMisc]=0&filter[addTransport]=F&filter[fp]=1&order_by=ofr_price&filter[tourOperator]=0&filter[childAge][1]=20201210","https://fly.pl/cdn/photo/assets/uploads/582/278/2014/09/Monte-Carlo-Sharm-Resort-Spa.jpg","https://fly.pl/wycieczka/egipt,sharm-el-sheikh,c/monte-carlo-ex-ritz-carlton/pNWUvEU5kVZWfAzSvjGmC_AAog9u4t3c8oWyjZnUg3THdUPEy38mWlwYTLPZmSZL4Obd4qBFZJVFgw0pWd1QZIvVJQQViOBGACckAaABUHFwBcA1gFQI8DW6eGAV7WeVKmIFMAS8cjYQBM7rQ5DZjVmAkgAVHKvfmy6QFPyLEbXYTO6rwcAg1jAQIM4q2qAA/ofertasv/?filter[tourOperator]=VITX&filter%5Bperson%5D=2&filter%5BchildAge%5D%5B1%5D=20201210&filter%5Bchild%5D=1","filter_7_10_days","egipt","sharm-el-sheikh","c","2026-10-06","2026-10-14","9","7","Warszawa","2+1","egipt|sharm-el-sheikh|2026-10-06|2026-10-14|7|Warszawa|2+1"
"Serenity Sky Arc","10584.0","17.09.2026 - 24.09.2026","8 dni/7 nocy","","","","","Warszawa - Radom","2026-09-14T01:15:55.916721+00:00","https://fly.pl/szukaj-wycieczek/?filter[dest]=11:&filter[hotelids]=&filter[cityids]=0&filter[cregids]=&filter[ofrType]=&filter[addObjType]=&filter[whenFrom]=14-09-2026&filter[whenTo]=14-10-2026&filter[duration]=7:10&filter[from]=Warszawa%20-%20Modlin,Warszawa%20-%20Radom,Warszawa&filter[person]=2&filter[child]=1&filter[price]=4000:20000&filter[PriceFrom]=4000&filter[PriceTo]=20000&filter[addCategory]=50&filter[addCatering]=1&filter[addMisc]=0&filter[addTransport]=F&filter[fp]=1&order_by=ofr_price&filter[tourOperator]=0&filter[childAge][1]=20201210","https://datacfstatic.merlinx.pl/OREX/IMG/7046/994dc2675b2b925a7eff07bb261b8a12a2788f1df10c854730c69e4849308811.webp","https://fly.pl/wycieczka/egipt,hurghada,sahl-hasheesh/serenity-sky-arc-10/pz0iGIBRWgzQuXxutqZoNxAAogdVH_M-mFD-ohHhjHBWZffP8MJssITV_eZU8aw6SOnRoqBE9SRVgw1ZWd1QZI2FJQQVhGYAJqBkNYLjIuMXI1mwEVBxcAWAhWAlwIQMIGXdMOT2wR7CBT5nxSAF6vT0uBEmEATNG-OiDI_JcJDQACEmMBAgtsn8Go/ofertasv/?filter[tourOperator]=OREX&filter%5Bperson%5D=2&filter%5BchildAge%5D%5B1%5D=20201210&filter%5Bchild%5D=1","filter_7_10_days","egipt","hurghada","sahl-hasheesh","2026-09-17","2026-09-24","8","7","Warszawa - Radom","2+1","egipt|hurghada|2026-09-17|2026-09-24|7|Warszawa - Radom|2+1"
"Steigenberger Aqua Magic","10584.0","17.09.2026 - 24.09.2026","8 dni/7 nocy","4.6","4.6","10935","tripadvisor","Warszawa - Radom","2026-09-14T01:15:55.916721+00:00","https://fly.pl/szukaj-wycieczek/?filter[dest]=11:&filter[hotelids]=&filter[cityids]=0&filter[cregids]=&filter[ofrType]=&filter[addObjType]=&filter[whenFrom]=14-09-2026&filter[whenTo]=14-10-2026&filter[duration]=7:10&filter[from]=Warszawa%20-%20Modlin,Warszawa%20-%20Radom,Warszawa&filter[person]=2&filter[child]=1&filter[price]=4000:20000&filter[PriceFrom]=4000&filter[PriceTo]=20000&filter[addCategory]=50&filter[addCatering]=1&filter[addMisc]=0&filter[addTransport]=F&filter[fp]=1&order_by=ofr_price&filter[tourOperator]=0&filter[childAge][1]=20201210","https://fly.pl/cdn/photo/assets/uploads/582/278/2014/09/Steigenberger-Aqua-Magic.jpg","https://fly.pl/wycieczka/egipt,hurghada,c/steigenberger-aqua-magic/pc3HaZzIT52Q5NnemJyMcgAAogO_r1Hu9zNS1o5wM8Pxkp0P8MJssITV_eZU8aw6SOnRoqBE9SRVgw1ZWd1QZI2FJQQVhGYAJqBVkuMi4xcjWbARUHFwBcA1gFVgIRP0CLBl3TDk9sU9KdAVIAXq9PS4ESYQBM0b46IMj8lwkNAAISYwECC0N0hNQ/ofertasv/?filter[tourOperator]=OREX&filter%5Bperson%5D=2&filter%5BchildAge%5D%5B1%5D=20201210&filter%5Bchild%5D=1","filter_7_10_days","egipt","hurghada","c","2026-09-17","2026-09-24","8","7","Warszawa - Radom","2+1","egipt|hurghada|2026-09-17|2026-09-24|7|Warszawa - Radom|2+1"
"Cleopatra Luxury Resort","10600.0","27.09.2026 - 04.10.2026","8 dni/7 nocy","4.5","4.5","7639","tripadvisor","Warszawa","2026-09-14T01:15:55.916721+00:00","https://fly.pl/szukaj-wycieczek/?filter[dest]=11:&filter[hotelids]=&filter[cityids]=0&filter[cregids]=&filter[ofrType]=&filter[addObjType]=&filter[whenFrom]=14-09-2026&filter[whenTo]=14-10-2026&filter[duration]=7:10&filter[from]=Warszawa%20-%20Modlin,Warszawa%20-%20Radom,Warszawa&filter[person]=2&filter[child]=1&filter[price]=4000:20000&filter[PriceFrom]=4000&filter[PriceTo]=20000&filter[addCategory]=50&filter[addCatering]=1&filter[addMisc]=0&filter[addTransport]=F&filter[fp]=1&order_by=ofr_price&filter[tourOperator]=0&filter[childAge][1]=20201210","https://fly.pl/cdn/photo/assets/uploads/582/278/2014/07/58ae3c6b287eb1e74191c52d1e07af6ad3ddd609476a5d59c69f95f8f8409586.jpg","https://fly.pl/wycieczka/egipt,sharm-el-sheikh,nabq-bay/the-cleopatra-luxury-resort-collection/p04_D0BAUbEhWOnAtkSKCQAAogqbqE5m0jpymqyRU3En9eK9vhBFpwv_tYWcE8EXXr1-EqBEpPSVAw1ZWd1QZI6FJQQVi2AmACagMwMllyQ5sBFAEVBhcAXANYBVYCQMoGT-IBXQBe3voBUqYgUwBLxyNhABGMkwFM2fk4DdL8lwkgAAGYmJCBtYjMoDACDWMBAAs-epxz/ofertasv/?filter[tourOperator]=JOIP&filter%5Bperson%5D=2&filter%5BchildAge%5D%5B1%5D=20201210&filter%5Bchild%5D=1","filter_7_10_days","egipt","sharm-el-sheikh","nabq-bay","2026-09-27","2026-10-04","8","7","Warszawa","2+1","egipt|sharm-el-sheikh|2026-09-27|2026-10-04|7|Warszawa|2+1"
"Jaz Makadi Saraya (ex Iberotel)","10607.0","17.09.2026 - 24.09.2026","8 dni/7 nocy","4.8","4.8","6804","tripadvisor","Warszawa - Radom","2026-09-14T01:15:55.916721+00:00","https://fly.pl/szukaj-wycieczek/?filter[dest]=11:&filter[hotelids]=&filter[cityids]=0&filter[cregids]=&filter[ofrType]=&filter[addObjType]=&filter[whenFrom]=14-09-2026&filter[whenTo]=14-10-2026&filter[duration]=7:10&filter[from]=Warszawa%20-%20Modlin,Warszawa%20-%20Radom,Warszawa&filter[person]=2&filter[child]=1&filter[price]=4000:20000&filter[PriceFrom]=4000&filter[PriceTo]=20000&filter[addCategory]=50&filter[addCatering]=1&filter[addMisc]=0&filter[addTransport]=F&filter[fp]=1&order_by=ofr_price&filter[tourOperator]=0&filter[childAge][1]=20201210","https://fly.pl/cdn/photo/assets/uploads/582/278/2014/07/Jaz-Makadi-Saraya-ex-Iberotel-fly-pl.jpg","https://fly.pl/wycieczka/egipt,hurghada,makadi-bay/iberotel-makadi-saraya/pMfGNN-FL6sKCma4-pGP1IAAogOt146Tc23rufJp0fCIrwUv8MJssITV_eZU8aw6SOnRoqBE9SRVgw1ZWd1QZI71JQQVhGYAJqBkNNLjIuMXI1mwEVBxcAXANYBVYCERpAsAZd0w5PbFPSnQFSAF6vT0uBEmEATNG-OiDI_JcJDQACEmMBAgxCw-1P/ofertasv/?filter[tourOperator]=OREX&filter%5Bperson%5D=2&filter%5BchildAge%5D%5B1%5D=20201210&filter%5Bchild%5D=1","filter_7_10_days","egipt","hurghada","makadi-bay","2026-09-17","2026-09-24","8","7","Warszawa - Radom","2+1","egipt|hurghada|2026-09-17|2026-09-24|7|Warszawa - Radom|2+1"
"Domina Coral Bay Harem","10629.0","04.10.2026 - 11.10.2026","8 dni/7 nocy","4.2","4.2","12420","tripadvisor","Warszawa","2026-09-14T01:15:55.916721+00:00","https://fly.pl/szukaj-wycieczek/?filter[dest]=11:&filter[hotelids]=&filter[cityids]=0&filter[cregids]=&filter[ofrType]=&filter[addObjType]=&filter[whenFrom]=14-09-2026&filter[whenTo]=14-10-2026&filter[duration]=7:10&filter[from]=Warszawa%20-%20Modlin,Warszawa%20-%20Radom,Warszawa&filter[person]=2&filter[child]=1&filter[price]=4000:20000&filter[PriceFrom]=4000&filter[PriceTo]=20000&filter[addCategory]=50&filter[addCatering]=1&filter[addMisc]=0&filter[addTransport]=F&filter[fp]=1&order_by=ofr_price&filter[tourOperator]=0&filter[childAge][1]=20201210","https://fly.pl/cdn/photo/assets/uploads/582/278/2014/07/Domina-Coral-Bay-Harem.jpg","https://fly.pl/wycieczka/egipt,sharm-el-sheikh,c/domina-coral-bay-harem/p6MuZt-F4nD8L6EXl2toBwAAogCBztRQt0sFMkX21NKykntO6LQqlaFmzyIpGKGzBohJAqBEpPSVAw1ZWd1QZIhVNQQVjeA2ACckMUARUGFwBcA1gFVgJAygZP4gFdAFvOlgERmUxe9xdSpiBTAEvHI2EATOWMOg2f_ZcJIAABycO4kMOIzKAwAg1jAQAMx4yTeA/ofertasv/?filter[tourOperator]=JOIP&filter%5Bperson%5D=2&filter%5BchildAge%5D%5B1%5D=20201210&filter%5Bchild%5D=1","filter_7_10_days","egipt","sharm-el-sheikh","c","2026-10-04","2026-10-11","8","7","Warszawa","2+1","egipt|sharm-el-sheikh|2026-10-04|2026-10-11|7|Warszawa|2+1"
"Safir Dahab Resort","10694.0","27.09.2026 - 04.10.2026","8 dni/7 nocy","4.5","4.5","1520","tripadvisor","Warszawa","2026-09-14T01:15:55.916721+00:00","https://fly.pl/szukaj-wycieczek/?filter[dest]=11:&filter[hotelids]=&filter[cityids]=0&filter[cregids]=&filter[ofrType]=&filter[addObjType]=&filter[whenFrom]=14-09-2026&filter[whenTo]=14-10-2026&filter[duration]=7:10&filter[from]=Warszawa%20-%20Modlin,Warszawa%20-%20Radom,Warszawa&filter[person]=2&filter[child]=1&filter[price]=4000:20000&filter[PriceFrom]=4000&filter[PriceTo]=20000&filter[addCategory]=50&filter[addCatering]=1&filter[addMisc]=0&filter[addTransport]=F&filter[fp]=1&order_by=ofr_price&filter[tourOperator]=0&filter[childAge][1]=20201210","https://fly.pl/cdn/photo/assets/uploads/582/278/2015/09/Safir-Dahab-Resort.jpg","https://fly.pl/wycieczka/egipt,dahab,c/dahab-resort/pBTbcabpCvuyDzg583HAGNAAog4-8Qc0oqkpuQ9mnAseNxCtvhBFpwv_tYWcE8EXXr1-EqBEpPSVAw1ZWd1QZIxlNQQVi2AmACagMwME1yQpsBFAEVBhcAXANYBVYCQMoGT-IBXQBe3voBEcQEUuIbUwBLxyNhAEzljDoN0vyXCSAAAYzI8Ii0iMygMAINYwEAC0w1c24/ofertasv/?filter[tourOperator]=JOIP&filter%5Bperson%5D=2&filter%5BchildAge%5D%5B1%5D=20201210&filter%5Bchild%5D=1","filter_7_10_days","egipt","dahab","c","2026-09-27","2026-10-04","8","7","Warszawa","2+1","egipt|dahab|2026-09-27|2026-10-04|7|Warszawa|2+1"
"Palm Royale Soma Bay","10746.0","24.09.2026 - 01.10.2026","8 dni/7 nocy","4.7","4.7","7186","tripadvisor","Warszawa - Radom","2026-09-14T01:15:55.916721+00:00","https://fly.pl/szukaj-wycieczek/?filter[dest]=11:&filter[hotelids]=&filter[cityids]=0&filter[cregids]=&filter[ofrType]=&filter[addObjType]=&filter[whenFrom]=14-09-2026&filter[whenTo]=14-10-2026&filter[duration]=7:10&filter[from]=Warszawa%20-%20Modlin,Warszawa%20-%20Radom,Warszawa&filter[person]=2&filter[child]=1&filter[price]=4000:20000&filter[PriceFrom]=4000&filter[PriceTo]=20000&filter[addCategory]=50&filter[addCatering]=1&filter[addMisc]=0&filter[addTransport]=F&filter[fp]=1&order_by=ofr_price&filter[tourOperator]=0&filter[childAge][1]=20201210","https://fly.pl/cdn/photo/assets/uploads/582/278/2014/09/Palm-Royale-Resort-Soma-Bay.jpg","https://fly.pl/wycieczka/egipt,hurghada,soma-bay/palm-royale-soma-bay/p_cylEyWug11RMLuOdRfuCAAogV4M2ZO-MYYMZBgK-1DB3UXuHt-JRXqpSz_DOtw-0xygqBE9SRVgw1ZWd1QZI-lNQQVjuAWACagZFQS4yLjFyNZsBFQcXAFwDWAVWAhEwQJoGXdMOT2xT0p0BUgBer09LgRJhAEzRvjogz_yXCQ0AAhJjAQINDYOQAg/ofertasv/?filter[tourOperator]=OREX&filter%5Bperson%5D=2&filter%5BchildAge%5D%5B1%5D=20201210&filter%5Bchild%5D=1","filter_7_10_days","egipt","hurghada","soma-bay","2026-09-24","2026-10-01","8","7","Warszawa - Radom","2+1","egipt|hurghada|2026-09-24|2026-10-01|7|Warszawa - Radom|2+1"
"Sunrise Select Garden Beach Resort & Spa","10895.0","24.09.2026 - 01.10.2026","8 dni/7 nocy","4.7","4.7","9747","tripadvisor","Warszawa - Radom","2026-09-14T01:15:55.916721+00:00","https://fly.pl/szukaj-wycieczek/?filter[dest]=11:&filter[hotelids]=&filter[cityids]=0&filter[cregids]=&filter[ofrType]=&filter[addObjType]=&filter[whenFrom]=14-09-2026&filter[whenTo]=14-10-2026&filter[duration]=7:10&filter[from]=Warszawa%20-%20Modlin,Warszawa%20-%20Radom,Warszawa&filter[person]=2&filter[child]=1&filter[price]=4000:20000&filter[PriceFrom]=4000&filter[PriceTo]=20000&filter[addCategory]=50&filter[addCatering]=1&filter[addMisc]=0&filter[addTransport]=F&filter[fp]=1&order_by=ofr_price&filter[tourOperator]=0&filter[childAge][1]=20201210","https://fly.pl/cdn/photo/assets/uploads/582/278/2014/09/Sunrise-Garden-Beach-Resort-Spa.jpg","https://fly.pl/wycieczka/egipt,hurghada,c/sunrise-select-garden-beach-resort-spa/poPVZoqRVPC6s7JILuHkdGAAogOBAh1-Ei6BtWN9flCZl_IXuHt-JRXqpSz_DOtw-0xygqBE9SRVgw1ZWd1QZIj1VQQVjuAWACagUxLjIuMXI2mwEVBxcAXANYBVYCQMoGXdMOT2wRqwNTp5oBUgBer09LgRJhAEzRvjogz_yXCQ0AAhJjAQILb7tjQA/ofertasv/?filter[tourOperator]=OREX&filter%5Bperson%5D=2&filter%5BchildAge%5D%5B1%5D=20201210&filter%5Bchild%5D=1","filter_7_10_days","egipt","hurghada","c","2026-09-24","2026-10-01","8","7","Warszawa - Radom","2+1","egipt|hurghada|2026-09-24|2026-10-01|7|Warszawa - Radom|2+1"
"Pickalbatros Royal Moderna","10901.0","27.09.2026 - 04.10.2026","8 dni/7 nocy","4.5","4.5","10710","tripadvisor","Warszawa","2026-09-14T01:15:55.916721+00:00","https://fly.pl/szukaj-wycieczek/?filter[dest]=11:&filter[hotelids]=&filter[cityids]=0&filter[cregids]=&filter[ofrType]=&filter[addObjType]=&filter[whenFrom]=14-09-2026&filter[whenTo]=14-10-2026&filter[duration]=7:10&filter[from]=Warszawa%20-%20Modlin,Warszawa%20-%20Radom,Warszawa&filter[person]=2&filter[child]=1&filter[price]=4000:20000&filter[PriceFrom]=4000&filter[PriceTo]=20000&filter[addCategory]=50&filter[addCatering]=1&filter[addMisc]=0&filter[addTransport]=F&filter[fp]=1&order_by=ofr_price&filter[tourOperator]=0&filter[childAge][1]=20201210","https://fly.pl/cdn/photo/assets/uploads/582/278/2009/08/Royal-Albatros-Moderna1708.jpg","https://fly.pl/wycieczka/egipt,sharm-el-sheikh,c/royal-albatros-moderna/pzYJVIM1qy99W_ZJFFbYWlAAogaPQCKikBke8oCESYZ3Cqr9vhBFpwv_tYWcE8EXXr1-EqBEpPSVAw1ZWd1QZIlVVQQVi2AmACagNDR21yQpsBFAEVBhcAXANYBVYCQMoGT-IBXQARvcYBXqE0UqYgUwBLxyNhAEzljDoN0vyXCSAAAY7SgKHFiMygMAINYwEADPkBBgw/ofertasv/?filter[tourOperator]=JOIP&filter%5Bperson%5D=2&filter%5BchildAge%5D%5B1%5D=20201210&filter%5Bchild%5D=1","filter_7_10_days","egipt","sharm-el-sheikh","c","2026-09-27","2026-10-04","8","7","Warszawa","2+1","egipt|sharm-el-sheikh|2026-09-27|2026-10-04|7|Warszawa|2+1"
"Stella Di Mare Beach & Spa","10904.0","04.10.2026 - 11.10.2026","8 dni/7 nocy","4.8","4.8","7453","tripadvisor","Warszawa","2026-09-14T01:15:55.916721+00:00","https://fly.pl/szukaj-wycieczek/?filter[dest]=11:&filter[hotelids]=&filter[cityids]=0&filter[cregids]=&filter[ofrType]=&filter[addObjType]=&filter[whenFrom]=14-09-2026&filter[whenTo]=14-10-2026&filter[duration]=7:10&filter[from]=Warszawa%20-%20Modlin,Warszawa%20-%20Radom,Warszawa&filter[person]=2&filter[child]=1&filter[price]=4000:20000&filter[PriceFrom]=4000&filter[PriceTo]=20000&filter[addCategory]=50&filter[addCatering]=1&filter[addMisc]=0&filter[addTransport]=F&filter[fp]=1&order_by=ofr_price&filter[tourOperator]=0&filter[childAge][1]=20201210","https://fly.pl/cdn/photo/assets/uploads/582/278/2014/07/Stella-Di-Mare-Beach-sharm.jpg","https://fly.pl/wycieczka/egipt,sharm-el-sheikh,szarm-el-szejk/stella-di-mare-beach-spa/p6pMUhosHCuCV_akicb5ggAAogxnrekrnEqwz4EI_DD-a_Su6LQqlaFmzyIpGKGzBohJAqBEpPSVAw1ZWd1QZImFVQQVjeA2ACagMwMHdyQpsBFAEVBhcAXANYBVYCQMoGT-IBXQARq8YBXrM0UqYgUwBLxyNhAEzljDoNn_2XCSAAAaWf9JDEiMygMAINYwEADElGIUM/ofertasv/?filter[tourOperator]=JOIP&filter%5Bperson%5D=2&filter%5BchildAge%5D%5B1%5D=20201210&filter%5Bchild%5D=1","filter_7_10_days","egipt","sharm-el-sheikh","szarm-el-szejk","2026-10-04","2026-10-11","8","7","Warszawa","2+1","egipt|sharm-el-sheikh|2026-10-04|2026-10-11|7|Warszawa|2+1"
"Renaissance Golden View Beach Resort by Marriott","10931.0","27.09.2026 - 04.10.2026","8 dni/7 nocy","4.5","4.5","7224","tripadvisor","Warszawa","2026-09-14T01:15:55.916721+00:00","https://fly.pl/szukaj-wycieczek/?filter[dest]=11:&filter[hotelids]=&filter[cityids]=0&filter[cregids]=&filter[ofrType]=&filter[addObjType]=&filter[whenFrom]=14-09-2026&filter[whenTo]=14-10-2026&filter[duration]=7:10&filter[from]=Warszawa%20-%20Modlin,Warszawa%20-%20Radom,Warszawa&filter[person]=2&filter[child]=1&filter[price]=4000:20000&filter[PriceFrom]=4000&filter[PriceTo]=20000&filter[addCategory]=50&filter[addCatering]=1&filter[addMisc]=0&filter[addTransport]=F&filter[fp]=1&order_by=ofr_price&filter[tourOperator]=0&filter[childAge][1]=20201210","https://fly.pl/cdn/photo/assets/uploads/582/278/2014/07/Renaissance-Golden-View-Beach-Resort.jpg","https://fly.pl/wycieczka/egipt,sharm-el-sheikh,c/renaissance-golden-view-beach/pT0ystPliTODhDslz5MzK3AAogqpzYrPebQ--sha3SPYozzdvhBFpwv_tYWcE8EXXr1-EqBEpPSVAw1ZWd1QZIs1VQQVi2AmACagMySnhyQpsBFAEVBhcAXANYBVYCQMoGT-IBXQARnMYBXsI0UqYgUwBLxyNhAEzljDoN0vyXCSAAAfXX7P_EiMygMAINYwEABcTa2C0/ofertasv/?filter[tourOperator]=JOIP&filter%5Bperson%5D=2&filter%5BchildAge%5D%5B1%5D=20201210&filter%5Bchild%5D=1","filter_7_10_days","egipt","sharm-el-sheikh","c","2026-09-27","2026-10-04","8","7","Warszawa","2+1","egipt|sharm-el-sheikh|2026-09-27|2026-10-04|7|Warszawa|2+1"
"Pickalbatros Aqua Park Resort (Sharm El Sheikh)","10965.0","27.09.2026 - 04.10.2026","8 dni/7 nocy","4.8","4.8","3583","tripadvisor","Warszawa","2026-09-14T01:15:55.916721+00:00","https://fly.pl/szukaj-wycieczek/?filter[dest]=11:&filter[hotelids]=&filter[cityids]=0&filter[cregids]=&filter[ofrType]=&filter[addObjType]=&filter[whenFrom]=14-09-2026&filter[whenTo]=14-10-2026&filter[duration]=7:10&filter[from]=Warszawa%20-%20Modlin,Warszawa%20-%20Radom,Warszawa&filter[person]=2&filter[child]=1&filter[price]=4000:20000&filter[PriceFrom]=4000&filter[PriceTo]=20000&filter[addCategory]=50&filter[addCatering]=1&filter[addMisc]=0&filter[addTransport]=F&filter[fp]=1&order_by=ofr_price&filter[tourOperator]=0&filter[childAge][1]=20201210","https://fly.pl/cdn/photo/assets/uploads/582/278/2017/08/Albatros-Aqua-Park-Sharm.jpg","https://fly.pl/wycieczka/egipt,sharm-el-sheikh,szarm-el-szejk/albatros-aqua-park-sharm-el-sheikh/pV18Z4EucdYEcZxiybzWvlAAoglnaU7UKlgzczkLCQthDLidvhBFpwv_tYWcE8EXXr1-EqBEpPSVAw1ZWd1QZI1VVQQVi2AmACagNDR21yQpsBFAEVBhcAXANYBVYCQMoGT-IBXQBe3voBUqYgUwARsSJLlgFhAEzljDoN0vyXCSAAAYO-4IjTiMygMAINYwEADBWfEkY/ofertasv/?filter[tourOperator]=JOIP&filter%5Bperson%5D=2&filter%5BchildAge%5D%5B1%5D=20201210&filter%5Bchild%5D=1","filter_7_10_days","egipt","sharm-el-sheikh","szarm-el-szejk","2026-09-27","2026-10-04","8","7","Warszawa","2+1","egipt|sharm-el-sheikh|2026-09-27|2026-10-04|7|Warszawa|2+1"
"Jaz Belvedere","11057.0","29.09.2026 - 07.10.2026","9 dni/7 nocy","4.5","4.5","3280","tripadvisor","Warszawa","2026-09-14T01:15:55.916721+00:00","https://fly.pl/szukaj-wycieczek/?filter[dest]=11:&filter[hotelids]=&filter[cityids]=0&filter[cregids]=&filter[ofrType]=&filter[addObjType]=&filter[whenFrom]=14-09-2026&filter[whenTo]=14-10-2026&filter[duration]=7:10&filter[from]=Warszawa%20-%20Modlin,Warszawa%20-%20Radom,Warszawa&filter[person]=2&filter[child]=1&filter[price]=4000:20000&filter[PriceFrom]=4000&filter[PriceTo]=20000&filter[addCategory]=50&filter[addCatering]=1&filter[addMisc]=0&filter[addTransport]=F&filter[fp]=1&order_by=ofr_price&filter[tourOperator]=0&filter[childAge][1]=20201210","https://fly.pl/cdn/photo/assets/uploads/582/278/2014/07/Jaz-Belvedere.jpg","https://fly.pl/wycieczka/egipt,sharm-el-sheikh,c/jaz-belvedere/pO458I6AxzcNxENafRaBRyAAogSjz-eF-0FWc22SzZ07H_a_x165SKMu3wZ5pxJ9Xdc08qBFZJVFgw1ZWd1QZIsVZQQVjmAmACckAaABUHFwBcA1gFQI8DW5eFAV7melKmIFMAS8cjYQBMhLQ5DbXVmAkgAVGV7u-y6QFPyoElXYTO6rwcAgxjAQILaSgcrA/ofertasv/?filter[tourOperator]=VITX&filter%5Bperson%5D=2&filter%5BchildAge%5D%5B1%5D=20201210&filter%5Bchild%5D=1","filter_7_10_days","egipt","sharm-el-sheikh","c","2026-09-29","2026-10-07","9","7","Warszawa","2+1","egipt|sharm-el-sheikh|2026-09-29|2026-10-07|7|Warszawa|2+1"
"Sentido Mamlouk Palace Resort & Spa (ex Sunrise)","11073.0","01.10.2026 - 08.10.2026","8 dni/7 nocy","4.7","4.7","12045","tripadvisor","Warszawa","2026-09-14T01:15:55.916721+00:00","https://fly.pl/szukaj-wycieczek/?filter[dest]=11:&filter[hotelids]=&filter[cityids]=0&filter[cregids]=&filter[ofrType]=&filter[addObjType]=&filter[whenFrom]=14-09-2026&filter[whenTo]=14-10-2026&filter[duration]=7:10&filter[from]=Warszawa%20-%20Modlin,Warszawa%20-%20Radom,Warszawa&filter[person]=2&filter[child]=1&filter[price]=4000:20000&filter[PriceFrom]=4000&filter[PriceTo]=20000&filter[addCategory]=50&filter[addCatering]=1&filter[addMisc]=0&filter[addTransport]=F&filter[fp]=1&order_by=ofr_price&filter[tourOperator]=0&filter[childAge][1]=20201210","https://fly.pl/cdn/photo/assets/uploads/582/278/2014/10/Sentido-Mamlouk-Palace-Resort-Spa.jpg","https://fly.pl/wycieczka/egipt,hurghada,c/sentido-mamlouk-palace-resort-ex-sunrise/pmdKIaWBW4ujZfNiHc0ebWAAogtYsHrWS5Enx89vuXrIFDTZi_q7xKhskzkRELa_XdvD4qBFNGUEww1ZWd1QZIwVZQQViWA2ACciMLAhUFIgYSIVzMAkAuW-fwUQ363IIJUcTF0PuPAQISYwECBRBl0rM/ofertasv/?filter[tourOperator]=SFPL&filter%5Bperson%5D=2&filter%5BchildAge%5D%5B1%5D=20201210&filter%5Bchild%5D=1","filter_7_10_days","egipt","hurghada","c","2026-10-01","2026-10-08","8","7","Warszawa","2+1","egipt|hurghada|2026-10-01|2026-10-08|7|Warszawa|2+1"
"Pickalbatros Palace Resort","11096.0","06.10.2026 - 13.10.2026","8 dni/7 nocy","4.5","4.5","935","tripadvisor","Warszawa","2026-09-14T01:15:55.916721+00:00","https://fly.pl/szukaj-wycieczek/?filter[dest]=11:&filter[hotelids]=&filter[cityids]=0&filter[cregids]=&filter[ofrType]=&filter[addObjType]=&filter[whenFrom]=14-09-2026&filter[whenTo]=14-10-2026&filter[duration]=7:10&filter[from]=Warszawa%20-%20Modlin,Warszawa%20-%20Radom,Warszawa&filter[person]=2&filter[child]=1&filter[price]=4000:20000&filter[PriceFrom]=4000&filter[PriceTo]=20000&filter[addCategory]=50&filter[addCatering]=1&filter[addMisc]=0&filter[addTransport]=F&filter[fp]=1&order_by=ofr_price&filter[tourOperator]=0&filter[childAge][1]=20201210","https://fly.pl/cdn/photo/assets/uploads/582/278/2014/09/Albatros-Palace-fly-pl-4.jpg","https://fly.pl/wycieczka/egipt,hurghada,c/albatros-palace/pYo9SoHvSV_VaUI9mkAZfFAAog1EmPJJekrOArzoZQUagHXd1Ra35vaD1OLsrZzzRttekqBEpPSVAw1ZWd1QZI2FZQQViOBGACagNDR21yQpsBFAEVBhcAXANYBVYCQMoGT-IBXQBSr6sBUwARwRle7jVL7UNhAEzljDoNof2XCSAAAaKf8IjFhsygMAINYwEADNduVO0/ofertasv/?filter[tourOperator]=JOIP&filter%5Bperson%5D=2&filter%5BchildAge%5D%5B1%5D=20201210&filter%5Bchild%5D=1","filter_7_10_days","egipt","hurghada","c","2026-10-06","2026-10-13","8","7","Warszawa","2+1","egipt|hurghada|2026-10-06|2026-10-13|7|Warszawa|2+1"
"Sunrise Royal Makadi Aqua Resort","11125.0","06.10.2026 - 13.10.2026","8 dni/7 nocy","4.7","4.7","13723","tripadvisor","Warszawa","2026-09-14T01:15:55.916721+00:00","https://fly.pl/szukaj-wycieczek/?filter[dest]=11:&filter[hotelids]=&filter[cityids]=0&filter[cregids]=&filter[ofrType]=&filter[addObjType]=&filter[whenFrom]=14-09-2026&filter[whenTo]=14-10-2026&filter[duration]=7:10&filter[from]=Warszawa%20-%20Modlin,Warszawa%20-%20Radom,Warszawa&filter[person]=2&filter[child]=1&filter[price]=4000:20000&filter[PriceFrom]=4000&filter[PriceTo]=20000&filter[addCategory]=50&filter[addCatering]=1&filter[addMisc]=0&filter[addTransport]=F&filter[fp]=1&order_by=ofr_price&filter[tourOperator]=0&filter[childAge][1]=20201210","https://fly.pl/cdn/photo/assets/uploads/582/278/2014/09/Sunrise-Royal-Makadi-Aqua-Resort.jpg","https://fly.pl/wycieczka/egipt,hurghada,makadi-bay/sunrise-select-royal-makadi/phlvukJbHBexT46Jke8PdBAAog_yFeiot16obV3zqU-yl0jd1Ra35vaD1OLsrZzzRttekqBEpPSVAw1ZWd1QZI9VZQQViOBGACagMxMm9yQ5sBFAEVBhcAXANYBVYCQMoGT-IBXQBSr6sBUwBer09L7UNhABGiwQFMw8s4DaH9lwkgAAHDt8Cw04bMoDACDWMBBAsjbIt4/ofertasv/?filter[tourOperator]=JOIP&filter%5Bperson%5D=2&filter%5BchildAge%5D%5B1%5D=20201210&filter%5Bchild%5D=1","filter_7_10_days","egipt","hurghada","makadi-bay","2026-10-06","2026-10-13","8","7","Warszawa","2+1","egipt|hurghada|2026-10-06|2026-10-13|7|Warszawa|2+1"
"Domina Coral Bay Sultan","11130.0","04.10.2026 - 11.10.2026","8 dni/7 nocy","4.2","4.2","12420","tripadvisor","Warszawa","2026-09-14T01:15:55.916721+00:00","https://fly.pl/szukaj-wycieczek/?filter[dest]=11:&filter[hotelids]=&filter[cityids]=0&filter[cregids]=&filter[ofrType]=&filter[addObjType]=&filter[whenFrom]=14-09-2026&filter[whenTo]=14-10-2026&filter[duration]=7:10&filter[from]=Warszawa%20-%20Modlin,Warszawa%20-%20Radom,Warszawa&filter[person]=2&filter[child]=1&filter[price]=4000:20000&filter[PriceFrom]=4000&filter[PriceTo]=20000&filter[addCategory]=50&filter[addCatering]=1&filter[addMisc]=0&filter[addTransport]=F&filter[fp]=1&order_by=ofr_price&filter[tourOperator]=0&filter[childAge][1]=20201210","https://fly.pl/cdn/photo/assets/uploads/582/278/2014/07/Domina-Coral-Bay-Sultan.jpg","https://fly.pl/wycieczka/egipt,sharm-el-sheikh,c/domina-coral-bay-sultan/pUFSUiQ0M8txAAOx2ICNNLAAogqRHyLXLOaXygHFM-xpbs6u6LQqlaFmzyIpGKGzBohJAqBEpPSVAw1ZWd1QZI-lZQQVjeA2ACagM5b0dyQpsBFAEVBhcAXANYBVYCQMoGT-IBXQAR4sgBXvwxUqYgUwBLxyNhAEzljDoNn_2XCSAAAaqP9K_DiMygMAINYwEADLgyBw8/ofertasv/?filter[tourOperator]=JOIP&filter%5Bperson%5D=2&filter%5BchildAge%5D%5B1%5D=20201210&filter%5Bchild%5D=1","filter_7_10_days","egipt","sharm-el-sheikh","c","2026-10-04","2026-10-11","8","7","Warszawa","2+1","egipt|sharm-el-sheikh|2026-10-04|2026-10-11|7|Warszawa|2+1"
"Pickalbatros Sands Port Ghalib (ex. Red Sea Siva Sands)","11212.0","27.09.2026 - 04.10.2026","8 dni/7 nocy","4.5","4.5","3436","tripadvisor","Warszawa","2026-09-14T01:15:55.916721+00:00","https://fly.pl/szukaj-wycieczek/?filter[dest]=11:&filter[hotelids]=&filter[cityids]=0&filter[cregids]=&filter[ofrType]=&filter[addObjType]=&filter[whenFrom]=14-09-2026&filter[whenTo]=14-10-2026&filter[duration]=7:10&filter[from]=Warszawa%20-%20Modlin,Warszawa%20-%20Radom,Warszawa&filter[person]=2&filter[child]=1&filter[price]=4000:20000&filter[PriceFrom]=4000&filter[PriceTo]=20000&filter[addCategory]=50&filter[addCatering]=1&filter[addMisc]=0&filter[addTransport]=F&filter[fp]=1&order_by=ofr_price&filter[tourOperator]=0&filter[childAge][1]=20201210","https://fly.pl/cdn/photo/assets/uploads/582/278/2014/07/PICKALBATROS-SANDS-PORT-GHALIB.jpg","https://fly.pl/wycieczka/egipt,marsa-alam,port-ghalib/crowne-plaza-sahara-sands-resort/piUz-auXTBSoTukEorDST0AAogKIeLJ_NubOkHdLvVgb1EuwAAAAAYgwQANIMEAAcADAAqBFdFWlkw1ZWd1QZIzFdQQVi2AmADaglFbnRlciBBaXJqBDAwNTByQp4BlAEfABwBAgAWBBcCEQMS6gMV2gUYlQMTzQFA8XJMtpYBTwBLsS9QAB2Qvw8gHBu3qx8N1J6jCQESYwENYwECDF8vIsg/ofertasv/?filter[tourOperator]=WEZY&filter%5Bperson%5D=2&filter%5BchildAge%5D%5B1%5D=20201210&filter%5Bchild%5D=1","filter_7_10_days","egipt","marsa-alam","port-ghalib","2026-09-27","2026-10-04","8","7","Warszawa","2+1","egipt|marsa-alam|2026-09-27|2026-10-04|7|Warszawa|2+1"
"Jaz Solaya Resort (ex Sol Y Mar Solaya)","11307.0","03.10.2026 - 10.10.2026","8 dni/7 nocy","4.7","4.7","3394","tripadvisor","Warszawa","2026-09-14T01:15:55.916721+00:00","https://fly.pl/szukaj-wycieczek/?filter[dest]=11:&filter[hotelids]=&filter[cityids]=0&filter[cregids]=&filter[ofrType]=&filter[addObjType]=&filter[whenFrom]=14-09-2026&filter[whenTo]=14-10-2026&filter[duration]=7:10&filter[from]=Warszawa%20-%20Modlin,Warszawa%20-%20Radom,Warszawa&filter[person]=2&filter[child]=1&filter[price]=4000:20000&filter[PriceFrom]=4000&filter[PriceTo]=20000&filter[addCategory]=50&filter[addCatering]=1&filter[addMisc]=0&filter[addTransport]=F&filter[fp]=1&order_by=ofr_price&filter[tourOperator]=0&filter[childAge][1]=20201210","https://fly.pl/cdn/photo/assets/uploads/582/278/2016/05/Jaz-Solaya.jpg","https://fly.pl/wycieczka/egipt,marsa-alam,c/jaz-solaya-ex-sol-y-mar-solaya/pKs4MqTZOcevVGWhmVR_rLAAogvLzwjS_zi6-GETwD4RFY4VU3hKQPmG_3HCqrQfnQi-4qBEpPSVAw1ZWd1QZIq1hQQVjGA2ACagMwME1yQpsBFAEVBhcAXANYBVYCQMoGT-IBXQARjOcBXtITUrwUUwBLsS9hAEzljDoNnv2XCSAAAcCf5JjUiMygMAINYwEADORysBY/ofertasv/?filter[tourOperator]=JOIP&filter%5Bperson%5D=2&filter%5BchildAge%5D%5B1%5D=20201210&filter%5Bchild%5D=1","filter_7_10_days","egipt","marsa-alam","c","2026-10-03","2026-10-10","8","7","Warszawa","2+1","egipt|marsa-alam|2026-10-03|2026-10-10|7|Warszawa|2+1"
"Cardina Resort by Sunrise","11337.0","06.10.2026 - 13.10.2026","8 dni/7 nocy","4.2","4.2","3596","tripadvisor","Warszawa","2026-09-14T01:15:55.916721+00:00","https://fly.pl/szukaj-wycieczek/?filter[dest]=11:&filter[hotelids]=&filter[cityids]=0&filter[cregids]=&filter[ofrType]=&filter[addObjType]=&filter[whenFrom]=14-09-2026&filter[whenTo]=14-10-2026&filter[duration]=7:10&filter[from]=Warszawa%20-%20Modlin,Warszawa%20-%20Radom,Warszawa&filter[person]=2&filter[child]=1&filter[price]=4000:20000&filter[PriceFrom]=4000&filter[PriceTo]=20000&filter[addCategory]=50&filter[addCatering]=1&filter[addMisc]=0&filter[addTransport]=F&filter[fp]=1&order_by=ofr_price&filter[tourOperator]=0&filter[childAge][1]=20201210","https://fly.pl/cdn/photo/assets/uploads/582/278/2016/11/Aurora-Oriental-Bay-Marsa-Alam.jpg","https://fly.pl/wycieczka/egipt,marsa-alam,c/aurora-oriental-bay-marsa-alam/pEdxCTxiNhB8r5EcUufDNdAAogvlRjGVUl5r-_M0gO0zDtS4GDUkDRanLk14V_5gABdJoqBEJWUFIw1ZWd1QZIyVhQAViOBGACag1BbGwgaW5jbHVzaXZlciAcEZtQG5XiBBio4wy5BKLwE6sEHAHQxIHCAQIAYwECCx-VWUc/ofertasv/?filter[tourOperator]=BVPR&filter%5Bperson%5D=2&filter%5BchildAge%5D%5B1%5D=20201210&filter%5Bchild%5D=1","filter_7_10_days","egipt","marsa-alam","c","2026-10-06","2026-10-13","8","7","Warszawa","2+1","egipt|marsa-alam|2026-10-06|2026-10-13|7|Warszawa|2+1"
"True Beach Resort","11371.0","20.09.2026 - 27.09.2026","8 dni/7 nocy","4.3","4.3","149","tripadvisor","Warszawa","2026-09-14T01:15:55.916721+00:00","https://fly.pl/szukaj-wycieczek/?filter[dest]=11:&filter[hotelids]=&filter[cityids]=0&filter[cregids]=&filter[ofrType]=&filter[addObjType]=&filter[whenFrom]=14-09-2026&filter[whenTo]=14-10-2026&filter[duration]=7:10&filter[from]=Warszawa%20-%20Modlin,Warszawa%20-%20Radom,Warszawa&filter[person]=2&filter[child]=1&filter[price]=4000:20000&filter[PriceFrom]=4000&filter[PriceTo]=20000&filter[addCategory]=50&filter[addCatering]=1&filter[addMisc]=0&filter[addTransport]=F&filter[fp]=1&order_by=ofr_price&filter[tourOperator]=0&filter[childAge][1]=20201210","https://fly.pl/cdn/photo/assets/uploads/582/278/2014/09/True-Beach-Resort.jpg","https://fly.pl/wycieczka/egipt,marsa-alam,c/laguna-beach-marsa-alam/poDSsk2WiCvUpGbmJpJnLYAAogiaT6eMIfsvj-VOhmRKp-MgAAAAAXgwQAM4MEAAcAAAAqBFdFWlkw1ZWd1QZI61hQQViOAWADaglFbnRlciBBaXJqBDAwNTByQp4BlAEfAAIBHAAWBBcCEu0DFdoFGJUDE80BQPFyEcFrTPUqTwBLsS9QAB2Pvw8gHBvI5kINveP_CAESYwEMYwECBYA8c4s/ofertasv/?filter[tourOperator]=WEZY&filter%5Bperson%5D=2&filter%5BchildAge%5D%5B1%5D=20201210&filter%5Bchild%5D=1","filter_7_10_days","egipt","marsa-alam","c","2026-09-20","2026-09-27","8","7","Warszawa","2+1","egipt|marsa-alam|2026-09-20|2026-09-27|7|Warszawa|2+1"
"V Hotel Sharm","11403.0","27.09.2026 - 04.10.2026","8 dni/7 nocy","4.2","4.2","2111","tripadvisor","Warszawa","2026-09-14T01:15:55.916721+00:00","https://fly.pl/szukaj-wycieczek/?filter[dest]=11:&filter[hotelids]=&filter[cityids]=0&filter[cregids]=&filter[ofrType]=&filter[addObjType]=&filter[whenFrom]=14-09-2026&filter[whenTo]=14-10-2026&filter[duration]=7:10&filter[from]=Warszawa%20-%20Modlin,Warszawa%20-%20Radom,Warszawa&filter[person]=2&filter[child]=1&filter[price]=4000:20000&filter[PriceFrom]=4000&filter[PriceTo]=20000&filter[addCategory]=50&filter[addCatering]=1&filter[addMisc]=0&filter[addTransport]=F&filter[fp]=1&order_by=ofr_price&filter[tourOperator]=0&filter[childAge][1]=20201210","https://fly.pl/cdn/photo/assets/uploads/582/278/2017/08/Pyramisa-Beach-Resort.jpg","https://fly.pl/wycieczka/egipt,sharm-el-sheikh,szarm-el-szejk/dessole-pyramisa-egipt-sharm-el-sheikh-egipt/pqLB3ffdNxWEnVkk_qp5zdAAoguezLonnmZhTnHibRG2P7v9vhBFpwv_tYWcE8EXXr1-EqBEpPSVAw1ZWd1QZIi1lQQVi2AmACagMySnhyQpsBFAEVBhcAXANYBVYCQMoGT-IBXQBe3voBUqYgUwARhgxLwRdhAEzljDoN0vyXCSAAAYnEtKi0iMygMAINYwEADIr-eB4/ofertasv/?filter[tourOperator]=JOIP&filter%5Bperson%5D=2&filter%5BchildAge%5D%5B1%5D=20201210&filter%5Bchild%5D=1","filter_7_10_days","egipt","sharm-el-sheikh","szarm-el-szejk","2026-09-27","2026-10-04","8","7","Warszawa","2+1","egipt|sharm-el-sheikh|2026-09-27|2026-10-04|7|Warszawa|2+1"
"The V Luxury Resort","11433.0","01.10.2026 - 08.10.2026","8 dni/7 nocy","4.4","4.4","1031","tripadvisor","Warszawa","2026-09-14T01:15:55.916721+00:00","https://fly.pl/szukaj-wycieczek/?filter[dest]=11:&filter[hotelids]=&filter[cityids]=0&filter[cregids]=&filter[ofrType]=&filter[addObjType]=&filter[whenFrom]=14-09-2026&filter[whenTo]=14-10-2026&filter[duration]=7:10&filter[from]=Warszawa%20-%20Modlin,Warszawa%20-%20Radom,Warszawa&filter[person]=2&filter[child]=1&filter[price]=4000:20000&filter[PriceFrom]=4000&filter[PriceTo]=20000&filter[addCategory]=50&filter[addCatering]=1&filter[addMisc]=0&filter[addTransport]=F&filter[fp]=1&order_by=ofr_price&filter[tourOperator]=0&filter[childAge][1]=20201210","https://datacfstatic.merlinx.pl/SFPL/IMG/HRGAVLR/ab1bddd009061dd9e52e7ec37dff78fbe67217d200d370b3ec9f948a7df69ec9.webp","https://fly.pl/wycieczka/egipt,hurghada,sahl-hasheesh/the-v-luxury-resort-13/plrBu33iTAYGvx_aToAe6qAAogtYuU2FTBN3HH7Lckq8xR_Ji_q7xKhskzkRELa_XdvD4qBFNGUEww1ZWd1QZIqVlQQViWA2ACciMLAhUFIgUSIkD6AltHXOuuAg2vntIJUfaDsPuPAQISYwECBeKEGsk/ofertasv/?filter[tourOperator]=SFPL&filter%5Bperson%5D=2&filter%5BchildAge%5D%5B1%5D=20201210&filter%5Bchild%5D=1","filter_7_10_days","egipt","hurghada","sahl-hasheesh","2026-10-01","2026-10-08","8","7","Warszawa","2+1","egipt|hurghada|2026-10-01|2026-10-08|7|Warszawa|2+1"
"Jaz Lamaya Resort (ex Iberotel)","11456.0","29.09.2026 - 06.10.2026","8 dni/7 nocy","4.6","4.6","5880","tripadvisor","Warszawa","2026-09-14T01:15:55.916721+00:00","https://fly.pl/szukaj-wycieczek/?filter[dest]=11:&filter[hotelids]=&filter[cityids]=0&filter[cregids]=&filter[ofrType]=&filter[addObjType]=&filter[whenFrom]=14-09-2026&filter[whenTo]=14-10-2026&filter[duration]=7:10&filter[from]=Warszawa%20-%20Modlin,Warszawa%20-%20Radom,Warszawa&filter[person]=2&filter[child]=1&filter[price]=4000:20000&filter[PriceFrom]=4000&filter[PriceTo]=20000&filter[addCategory]=50&filter[addCatering]=1&filter[addMisc]=0&filter[addTransport]=F&filter[fp]=1&order_by=ofr_price&filter[tourOperator]=0&filter[childAge][1]=20201210","https://fly.pl/cdn/photo/assets/uploads/582/278/2014/09/jaz-lamaya.jpg","https://fly.pl/wycieczka/egipt,marsa-alam,madinat-coraya/iberotel-lamaya-resort/pcLsU3iL2_p6t-yIdll7WRAAognGoGK1EItd4zgQ1l6ZXShgAAAACDpwQAn6cEAAcAAQAqBFdFWlkw1ZWd1QZIwFlQQVjmAmADaglFbnRlciBBaXJqBDA1NDVyQZ4BkwEfABwBAgAWBBcCEQcS5gMUgAUVUBiVA0DIdEy2lgFPAEuxL1AAHfuHECAcG9jVMg3Kq48JARJjAQ1jAQMFkNlJNg/ofertasv/?filter[tourOperator]=WEZY&filter%5Bperson%5D=2&filter%5BchildAge%5D%5B1%5D=20201210&filter%5Bchild%5D=1","filter_7_10_days","egipt","marsa-alam","madinat-coraya","2026-09-29","2026-10-06","8","7","Warszawa","2+1","egipt|marsa-alam|2026-09-29|2026-10-06|7|Warszawa|2+1"
"Baron Palace Resort (Sahl Hasheesh)","11466.0","17.09.2026 - 24.09.2026","8 dni/7 nocy","5.0","5.0","1921","tripadvisor","Warszawa - Radom","2026-09-14T01:15:55.916721+00:00","https://fly.pl/szukaj-wycieczek/?filter[dest]=11:&filter[hotelids]=&filter[cityids]=0&filter[cregids]=&filter[ofrType]=&filter[addObjType]=&filter[whenFrom]=14-09-2026&filter[whenTo]=14-10-2026&filter[duration]=7:10&filter[from]=Warszawa%20-%20Modlin,Warszawa%20-%20Radom,Warszawa&filter[person]=2&filter[child]=1&filter[price]=4000:20000&filter[PriceFrom]=4000&filter[PriceTo]=20000&filter[addCategory]=50&filter[addCatering]=1&filter[addMisc]=0&filter[addTransport]=F&filter[fp]=1&order_by=ofr_price&filter[tourOperator]=0&filter[childAge][1]=20201210","https://fly.pl/cdn/photo/assets/uploads/582/278/2014/09/Baron-Palace-Resort.jpg","https://fly.pl/wycieczka/egipt,hurghada,sahl-hasheesh/baron-palace-resort-hurghada/pS7UTkeerhuZ9xptCnwAUoAAogGTCtMWdF4ZLIfZ3xLcnGm_8MJssITV_eZU8aw6SOnRoqBE9SRVgw1ZWd1QZIyllQQVhGYAJqBVkuMi4xcjWbARUHFwBYCFYCEQdcAUDCBl3TDk9sU9KdAVIAXq9PS4ESYQBM0b46IMj8lwkNAAISYwECDFBkQXo/ofertasv/?filter[tourOperator]=OREX&filter%5Bperson%5D=2&filter%5BchildAge%5D%5B1%5D=20201210&filter%5Bchild%5D=1","filter_7_10_days","egipt","hurghada","sahl-hasheesh","2026-09-17","2026-09-24","8","7","Warszawa - Radom","2+1","egipt|hurghada|2026-09-17|2026-09-24|7|Warszawa - Radom|2+1"
"Pickalbatros Dana Beach Resort","11516.0","27.09.2026 - 04.10.2026","8 dni/7 nocy","4.4","4.4","2869","tripadvisor","Warszawa","2026-09-14T01:15:55.916721+00:00","https://fly.pl/szukaj-wycieczek/?filter[dest]=11:&filter[hotelids]=&filter[cityids]=0&filter[cregids]=&filter[ofrType]=&filter[addObjType]=&filter[whenFrom]=14-09-2026&filter[whenTo]=14-10-2026&filter[duration]=7:10&filter[from]=Warszawa%20-%20Modlin,Warszawa%20-%20Radom,Warszawa&filter[person]=2&filter[child]=1&filter[price]=4000:20000&filter[PriceFrom]=4000&filter[PriceTo]=20000&filter[addCategory]=50&filter[addCatering]=1&filter[addMisc]=0&filter[addTransport]=F&filter[fp]=1&order_by=ofr_price&filter[tourOperator]=0&filter[childAge][1]=20201210","https://fly.pl/cdn/photo/assets/uploads/582/278/2014/10/Dana-Beach-Resort-fly-pl-1.jpg","https://fly.pl/wycieczka/egipt,hurghada,c/dana-beach/pE6YfGdzzeaKmUiyuNUz0XAAogTnHT0jHObIcgz0Sw2-ZnZmI8hGXnRrVy0xMiRQCmEI4qBE9SRVgw1ZWd1QZI_FlQQVi2AmACagZESS4yLjFyNZsBFQcXAFwDWAVWAhEQQLoGXZsPTyRT0p0BUgBer09L7UNhAEzljDog0vyXCQ0AAhJjAQIMBasqjQ/ofertasv/?filter[tourOperator]=OREX&filter%5Bperson%5D=2&filter%5BchildAge%5D%5B1%5D=20201210&filter%5Bchild%5D=1","filter_7_10_days","egipt","hurghada","c","2026-09-27","2026-10-04","8","7","Warszawa","2+1","egipt|hurghada|2026-09-27|2026-10-04|7|Warszawa|2+1"
"Jaz Elite Maraya","11517.0","26.09.2026 - 04.10.2026","9 dni/7 nocy","4.9","4.9","2729","tripadvisor","Warszawa","2026-09-14T01:15:55.916721+00:00","https://fly.pl/szukaj-wycieczek/?filter[dest]=11:&filter[hotelids]=&filter[cityids]=0&filter[cregids]=&filter[ofrType]=&filter[addObjType]=&filter[whenFrom]=14-09-2026&filter[whenTo]=14-10-2026&filter[duration]=7:10&filter[from]=Warszawa%20-%20Modlin,Warszawa%20-%20Radom,Warszawa&filter[person]=2&filter[child]=1&filter[price]=4000:20000&filter[PriceFrom]=4000&filter[PriceTo]=20000&filter[addCategory]=50&filter[addCatering]=1&filter[addMisc]=0&filter[addTransport]=F&filter[fp]=1&order_by=ofr_price&filter[tourOperator]=0&filter[childAge][1]=20201210","https://fly.pl/cdn/photo/assets/uploads/582/278/2019/08/Jaz-Maraya.jpg","https://fly.pl/wycieczka/egipt,marsa-alam,c/jaz-maraya/pLgdz4Fbk-UYpV0PL2hLJIAAogP1BNrGzo83r-Rqr1ExnvqPPOVhexA4B-vTIRTOTMdjUqBEVYSU0w1ZWd1QZI_VlQAVieAmACagJBSXIhHBGVyga5BMD1PasEGxu2qTwYmPQ9Acjk3O4KAgBjAQIMVIjbNA/ofertasv/?filter[tourOperator]=EXIM&filter%5Bperson%5D=2&filter%5BchildAge%5D%5B1%5D=20201210&filter%5Bchild%5D=1","filter_7_10_days","egipt","marsa-alam","c","2026-09-26","2026-10-04","9","7","Warszawa","2+1","egipt|marsa-alam|2026-09-26|2026-10-04|7|Warszawa|2+1"
"Pickalbatros Palace Resort","11529.0","27.09.2026 - 04.10.2026","8 dni/7 nocy","4.7","4.7","2583","tripadvisor","Warszawa","2026-09-14T01:15:55.916721+00:00","https://fly.pl/szukaj-wycieczek/?filter[dest]=11:&filter[hotelids]=&filter[cityids]=0&filter[cregids]=&filter[ofrType]=&filter[addObjType]=&filter[whenFrom]=14-09-2026&filter[whenTo]=14-10-2026&filter[duration]=7:10&filter[from]=Warszawa%20-%20Modlin,Warszawa%20-%20Radom,Warszawa&filter[person]=2&filter[child]=1&filter[price]=4000:20000&filter[PriceFrom]=4000&filter[PriceTo]=20000&filter[addCategory]=50&filter[addCatering]=1&filter[addMisc]=0&filter[addTransport]=F&filter[fp]=1&order_by=ofr_price&filter[tourOperator]=0&filter[childAge][1]=20201210","https://fly.pl/cdn/photo/assets/uploads/582/278/2016/11/Albatros-Palace-Resort-Sharm-El-Sheikh.jpg","https://fly.pl/wycieczka/egipt,sharm-el-sheikh,c/cyrene-grand-hotel-ex-melia/pvl6wyP-i3iYAF3ZKymacsAAoge3hLuQtjuaDGKfpI2Dc609vhBFpwv_tYWcE8EXXr1-EqBEpPSVAw1ZWd1QZIiVpQQVi2AmACagNDR21yQpsBFAEVBhcAXANYBVYCQMoGT-IBXQARz8YBXo80UqYgUwBLxyNhAEzljDoN0vyXCSAAAZDSkLHFiMygMAINYwEADEt4wQE/ofertasv/?filter[tourOperator]=JOIP&filter%5Bperson%5D=2&filter%5BchildAge%5D%5B1%5D=20201210&filter%5Bchild%5D=1","filter_7_10_days","egipt","sharm-el-sheikh","c","2026-09-27","2026-10-04","8","7","Warszawa","2+1","egipt|sharm-el-sheikh|2026-09-27|2026-10-04|7|Warszawa|2+1"
"Pickalbatros Citadel Sahl Hasheesh (ex. Citadel Azur Resort)","11579.0","04.10.2026 - 11.10.2026","8 dni/7 nocy","4.5","4.5","4864","tripadvisor","Warszawa","2026-09-14T01:15:55.916721+00:00","https://fly.pl/szukaj-wycieczek/?filter[dest]=11:&filter[hotelids]=&filter[cityids]=0&filter[cregids]=&filter[ofrType]=&filter[addObjType]=&filter[whenFrom]=14-09-2026&filter[whenTo]=14-10-2026&filter[duration]=7:10&filter[from]=Warszawa%20-%20Modlin,Warszawa%20-%20Radom,Warszawa&filter[person]=2&filter[child]=1&filter[price]=4000:20000&filter[PriceFrom]=4000&filter[PriceTo]=20000&filter[addCategory]=50&filter[addCatering]=1&filter[addMisc]=0&filter[addTransport]=F&filter[fp]=1&order_by=ofr_price&filter[tourOperator]=0&filter[childAge][1]=20201210","https://fly.pl/cdn/photo/assets/uploads/582/278/2014/07/Albatros-Citadel-Sahl-Hasheesh-ex.-Citadel-Azur-Resort-fly-pl.jpg","https://fly.pl/wycieczka/egipt,hurghada,c/citadel-azur-resort/pSsfydrW3Wme0B779-nHF0AAogmGmY1MFeW0drnoY2t5D97fIe_lk9WpBYetX5JkRBSVsqBE9SRVgw1ZWd1QZIu1pQQVjeA2ACagZEUS4yLjFyNZsBFQcXAFwDEQRYAVYCQMoGXZsPTyRT0p0BUgBer09L7UNhAEzljDogn_2XCQ0AAhJjAQIMVAS5Zg/ofertasv/?filter[tourOperator]=OREX&filter%5Bperson%5D=2&filter%5BchildAge%5D%5B1%5D=20201210&filter%5Bchild%5D=1","filter_7_10_days","egipt","hurghada","c","2026-10-04","2026-10-11","8","7","Warszawa","2+1","egipt|hurghada|2026-10-04|2026-10-11|7|Warszawa|2+1"
"Cleopatra Luxury Resort (Makadi Bay)","11592.0","24.09.2026 - 01.10.2026","8 dni/7 nocy","4.6","4.6","3187","tripadvisor","Warszawa - Radom","2026-09-14T01:15:55.916721+00:00","https://fly.pl/szukaj-wycieczek/?filter[dest]=11:&filter[hotelids]=&filter[cityids]=0&filter[cregids]=&filter[ofrType]=&filter[addObjType]=&filter[whenFrom]=14-09-2026&filter[whenTo]=14-10-2026&filter[duration]=7:10&filter[from]=Warszawa%20-%20Modlin,Warszawa%20-%20Radom,Warszawa&filter[person]=2&filter[child]=1&filter[price]=4000:20000&filter[PriceFrom]=4000&filter[PriceTo]=20000&filter[addCategory]=50&filter[addCatering]=1&filter[addMisc]=0&filter[addTransport]=F&filter[fp]=1&order_by=ofr_price&filter[tourOperator]=0&filter[childAge][1]=20201210","https://fly.pl/cdn/photo/assets/uploads/582/278/2014/10/Cleopatra-Luxury-Resort-Makadi-Bay.jpg","https://fly.pl/wycieczka/egipt,hurghada,makadi-bay/cleopatra-luxury-resort-makadi-bay/p_WlpfcYqe_Q1He9huDGOGAAog1815bmJeZ3FTsIBUWMsKoHuHt-JRXqpSz_DOtw-0xygqBE9SRVgw1ZWd1QZIyFpQQVjuAWACagZCUy4yLjFyNZsBFQcXAFwDWAVWAhENQL0GXdMOT2xT0p0BUgBer09LgRJhAEzRvjogz_yXCQ0AAhJjAQIM-Ubbog/ofertasv/?filter[tourOperator]=OREX&filter%5Bperson%5D=2&filter%5BchildAge%5D%5B1%5D=20201210&filter%5Bchild%5D=1","filter_7_10_days","egipt","hurghada","makadi-bay","2026-09-24","2026-10-01","8","7","Warszawa - Radom","2+1","egipt|hurghada|2026-09-24|2026-10-01|7|Warszawa - Radom|2+1"
"Park Regency Resort (ex. Hyatt)","11641.0","27.09.2026 - 04.10.2026","8 dni/7 nocy","4.6","4.6","6179","tripadvisor","Warszawa","2026-09-14T01:15:55.916721+00:00","https://fly.pl/szukaj-wycieczek/?filter[dest]=11:&filter[hotelids]=&filter[cityids]=0&filter[cregids]=&filter[ofrType]=&filter[addObjType]=&filter[whenFrom]=14-09-2026&filter[whenTo]=14-10-2026&filter[duration]=7:10&filter[from]=Warszawa%20-%20Modlin,Warszawa%20-%20Radom,Warszawa&filter[person]=2&filter[child]=1&filter[price]=4000:20000&filter[PriceFrom]=4000&filter[PriceTo]=20000&filter[addCategory]=50&filter[addCatering]=1&filter[addMisc]=0&filter[addTransport]=F&filter[fp]=1&order_by=ofr_price&filter[tourOperator]=0&filter[childAge][1]=20201210","https://fly.pl/cdn/photo/assets/uploads/582/278/2014/07/Park-Regency.jpg","https://fly.pl/wycieczka/egipt,sharm-el-sheikh,c/hyatt-regency-sharm/p41lsc6nziB6KEK4XqxgqNAAogyZTrTqNUq5lBALwqdQrEOtvhBFpwv_tYWcE8EXXr1-EqBEpPSVAw2ZWd1QZI-VpQQVi2AmACagMxMmJyQpsBFAEVBhcAXANYBVYCQMoGT-IBXQARo8YBXrs0UqYgUwBLxyNhAEzljDoN0vyXCSAAAffBiMDFiMygMAINYwEACz7J2uI/ofertasv/?filter[tourOperator]=JOIP&filter%5Bperson%5D=2&filter%5BchildAge%5D%5B1%5D=20201210&filter%5Bchild%5D=1","filter_7_10_days","egipt","sharm-el-sheikh","c","2026-09-27","2026-10-04","8","7","Warszawa","2+1","egipt|sharm-el-sheikh|2026-09-27|2026-10-04|7|Warszawa|2+1"
"Xanadu Club Makadi Bay","11651.0","17.09.2026 - 24.09.2026","8 dni/7 nocy","","","","","Warszawa - Radom","2026-09-14T01:15:55.916721+00:00","https://fly.pl/szukaj-wycieczek/?filter[dest]=11:&filter[hotelids]=&filter[cityids]=0&filter[cregids]=&filter[ofrType]=&filter[addObjType]=&filter[whenFrom]=14-09-2026&filter[whenTo]=14-10-2026&filter[duration]=7:10&filter[from]=Warszawa%20-%20Modlin,Warszawa%20-%20Radom,Warszawa&filter[person]=2&filter[child]=1&filter[price]=4000:20000&filter[PriceFrom]=4000&filter[PriceTo]=20000&filter[addCategory]=50&filter[addCatering]=1&filter[addMisc]=0&filter[addTransport]=F&filter[fp]=1&order_by=ofr_price&filter[tourOperator]=0&filter[childAge][1]=20201210","https://datacfstatic.merlinx.pl/OREX/IMG/7096/8e0e1b2403955a1815054e691a17ad6218ab48e55f063775059548971615ac45.webp","https://fly.pl/wycieczka/egipt,hurghada,makadi-bay/xanadu-club-makadi-bay-11/pUMXq1TFXGRYEd8LnmSPRgAAogurstVhhyTU0pb1Pvy6iraf8MJssITV_eZU8aw6SOnRoqBE9SRVgw2ZWd1QZIg1tQQVhGYAJqBkRJLjIuMXI1mwEVBxcAXANYBVYCQMoGXdMOT2wRniFTtHxSAF6vT0uBEmEATNG-OiDI_JcJDQACEmMBAgsZPEiK/ofertasv/?filter[tourOperator]=OREX&filter%5Bperson%5D=2&filter%5BchildAge%5D%5B1%5D=20201210&filter%5Bchild%5D=1","filter_7_10_days","egipt","hurghada","makadi-bay","2026-09-17","2026-09-24","8","7","Warszawa - Radom","2+1","egipt|hurghada|2026-09-17|2026-09-24|7|Warszawa - Radom|2+1"
"Swissotel Sharm El Sheikh","11658.0","27.09.2026 - 04.10.2026","8 dni/7 nocy","","","","","Warszawa","2026-09-14T01:15:55.916721+00:00","https://fly.pl/szukaj-wycieczek/?filter[dest]=11:&filter[hotelids]=&filter[cityids]=0&filter[cregids]=&filter[ofrType]=&filter[addObjType]=&filter[whenFrom]=14-09-2026&filter[whenTo]=14-10-2026&filter[duration]=7:10&filter[from]=Warszawa%20-%20Modlin,Warszawa%20-%20Radom,Warszawa&filter[person]=2&filter[child]=1&filter[price]=4000:20000&filter[PriceFrom]=4000&filter[PriceTo]=20000&filter[addCategory]=50&filter[addCatering]=1&filter[addMisc]=0&filter[addTransport]=F&filter[fp]=1&order_by=ofr_price&filter[tourOperator]=0&filter[childAge][1]=20201210","https://fly.pl/cdn/photo/assets/uploads/582/278/2023/12/Swissotel-Sharm-El-Sheikh.jpg","https://fly.pl/wycieczka/egipt,sharm-el-sheikh,szarm-el-szejk/swissotel-sharm-el-sheikh-14/pxjma8z9Hvohwf-R16A-G0AAog0aL62Tw1t3H3hcql0Rg_U9vhBFpwv_tYWcE8EXXr1-EqBEpPSVAw2ZWd1QZIiltQQVi2AmACckQUARUGFwBcA1gFVgJAygZd4gFPAFuApAFe3lZTpiBSAEvHI2EAEZuYAUzK9Dgg0vyXCQ0AAY_K6JCTx8ygMAINYwEAC1vtRcw/ofertasv/?filter[tourOperator]=JOIP&filter%5Bperson%5D=2&filter%5BchildAge%5D%5B1%5D=20201210&filter%5Bchild%5D=1","filter_7_10_days","egipt","sharm-el-sheikh","szarm-el-szejk","2026-09-27","2026-10-04","8","7","Warszawa","2+1","egipt|sharm-el-sheikh|2026-09-27|2026-10-04|7|Warszawa|2+1"
"Laguna Vista Garden","11733.0","27.09.2026 - 04.10.2026","8 dni/7 nocy","4.3","4.3","6019","tripadvisor","Warszawa","2026-09-14T01:15:55.916721+00:00","https://fly.pl/szukaj-wycieczek/?filter[dest]=11:&filter[hotelids]=&filter[cityids]=0&filter[cregids]=&filter[ofrType]=&filter[addObjType]=&filter[whenFrom]=14-09-2026&filter[whenTo]=14-10-2026&filter[duration]=7:10&filter[from]=Warszawa%20-%20Modlin,Warszawa%20-%20Radom,Warszawa&filter[person]=2&filter[child]=1&filter[price]=4000:20000&filter[PriceFrom]=4000&filter[PriceTo]=20000&filter[addCategory]=50&filter[addCatering]=1&filter[addMisc]=0&filter[addTransport]=F&filter[fp]=1&order_by=ofr_price&filter[tourOperator]=0&filter[childAge][1]=20201210","https://fly.pl/cdn/photo/assets/uploads/582/278/2014/07/Laguna-Vista-Garden.jpg","https://fly.pl/wycieczka/egipt,sharm-el-sheikh,c/laguna-vista-garden/pzD-dvc97FXE7LnqVm8zHaAAogpigNr-OMX6g4syzE-BbCTdvhBFpwv_tYWcE8EXXr1-EqBEpPSVAw2ZWd1QZI1VtQQVi2AmACagNDR21yQpsBFAEVBhcAXANYBVYCQMoGT-IBXQARgcwBXt0uUqYgUwBLxyNhAEzljDoN0vyXCSAAAZfgjPnSiMygMAINYwEADDiGW5A/ofertasv/?filter[tourOperator]=JOIP&filter%5Bperson%5D=2&filter%5BchildAge%5D%5B1%5D=20201210&filter%5Bchild%5D=1","filter_7_10_days","egipt","sharm-el-sheikh","c","2026-09-27","2026-10-04","8","7","Warszawa","2+1","egipt|sharm-el-sheikh|2026-09-27|2026-10-04|7|Warszawa|2+1"
"Double Tree by Hilton Mangroovy El Gouna Resort","11747.0","06.10.2026 - 13.10.2026","8 dni/7 nocy","","","","","Warszawa","2026-09-14T01:15:55.916721+00:00","https://fly.pl/szukaj-wycieczek/?filter[dest]=11:&filter[hotelids]=&filter[cityids]=0&filter[cregids]=&filter[ofrType]=&filter[addObjType]=&filter[whenFrom]=14-09-2026&filter[whenTo]=14-10-2026&filter[duration]=7:10&filter[from]=Warszawa%20-%20Modlin,Warszawa%20-%20Radom,Warszawa&filter[person]=2&filter[child]=1&filter[price]=4000:20000&filter[PriceFrom]=4000&filter[PriceTo]=20000&filter[addCategory]=50&filter[addCatering]=1&filter[addMisc]=0&filter[addTransport]=F&filter[fp]=1&order_by=ofr_price&filter[tourOperator]=0&filter[childAge][1]=20201210","https://datacfstatic.merlinx.pl/JOIP/IMG/66085/8b7e279fbe82068a2782695d857cd6c635ab8f181ddb03e7a110dbb88adb670c.webp","https://fly.pl/wycieczka/egipt,hurghada,al-dzuna/double-tree-by-hilton-mangroovy-el-gouna-13/prjn1b7dQv0TQVJR-5QEzvAAogYeuuu3fpWydmRCfCYIUJH91Ra35vaD1OLsrZzzRttekqBEpPSVAw2ZWd1QZI41tQQViOBGACagNFTXFyQ5sBFAEVBhcAXANYBVYCQMoGT-IBXQBSr6sBUwBer09L7UNhABGdvQFMyM84DaH9lwkgAAGz4_jgpIbMoDACDWMBAAXH-BG6/ofertasv/?filter[tourOperator]=JOIP&filter%5Bperson%5D=2&filter%5BchildAge%5D%5B1%5D=20201210&filter%5Bchild%5D=1","filter_7_10_days","egipt","hurghada","al-dzuna","2026-10-06","2026-10-13","8","7","Warszawa","2+1","egipt|hurghada|2026-10-06|2026-10-13|7|Warszawa|2+1"
"Sunrise Anjum Resort","11849.0","27.09.2026 - 04.10.2026","8 dni/7 nocy","4.9","4.9","1612","tripadvisor","Warszawa","2026-09-14T01:15:55.916721+00:00","https://fly.pl/szukaj-wycieczek/?filter[dest]=11:&filter[hotelids]=&filter[cityids]=0&filter[cregids]=&filter[ofrType]=&filter[addObjType]=&filter[whenFrom]=14-09-2026&filter[whenTo]=14-10-2026&filter[duration]=7:10&filter[from]=Warszawa%20-%20Modlin,Warszawa%20-%20Radom,Warszawa&filter[person]=2&filter[child]=1&filter[price]=4000:20000&filter[PriceFrom]=4000&filter[PriceTo]=20000&filter[addCategory]=50&filter[addCatering]=1&filter[addMisc]=0&filter[addTransport]=F&filter[fp]=1&order_by=ofr_price&filter[tourOperator]=0&filter[childAge][1]=20201210","https://fly.pl/cdn/photo/assets/uploads/582/278/2024/02/Sunrise-Anjum-Resort.jpg","https://fly.pl/wycieczka/egipt,marsa-alam,c/sunrise-anjum-resort-12/p2G__zkqaOHMeufP4aX9UkAAogK4wQILyUznMZbdWp_mXoWgAAAAAYgwQANIMEAAcADAAqBFdFWlkw2ZWd1QZIyVxQQVi2AmADaglFbnRlciBBaXJqBDAwNTByRJ4BlAEfAAIBHAAWBBcCEu0DFdoFGJUDE80BQPFyT7aWAUwAS7EvUAAR3IIBHbS8DiAcG42KJA3-v54JARJjAQxjAQQLTiFf2Q/ofertasv/?filter[tourOperator]=WEZY&filter%5Bperson%5D=2&filter%5BchildAge%5D%5B1%5D=20201210&filter%5Bchild%5D=1","filter_7_10_days","egipt","marsa-alam","c","2026-09-27","2026-10-04","8","7","Warszawa","2+1","egipt|marsa-alam|2026-09-27|2026-10-04|7|Warszawa|2+1"
"Pickalbatros White Beach Resort","11849.0","27.09.2026 - 04.10.2026","8 dni/7 nocy","4.8","4.8","3780","tripadvisor","Warszawa","2026-09-14T01:15:55.916721+00:00","https://fly.pl/szukaj-wycieczek/?filter[dest]=11:&filter[hotelids]=&filter[cityids]=0&filter[cregids]=&filter[ofrType]=&filter[addObjType]=&filter[whenFrom]=14-09-2026&filter[whenTo]=14-10-2026&filter[duration]=7:10&filter[from]=Warszawa%20-%20Modlin,Warszawa%20-%20Radom,Warszawa&filter[person]=2&filter[child]=1&filter[price]=4000:20000&filter[PriceFrom]=4000&filter[PriceTo]=20000&filter[addCategory]=50&filter[addCatering]=1&filter[addMisc]=0&filter[addTransport]=F&filter[fp]=1&order_by=ofr_price&filter[tourOperator]=0&filter[childAge][1]=20201210","https://fly.pl/cdn/photo/assets/uploads/582/278/2015/09/Albatros-White-Beach-fly-pl.jpg","https://fly.pl/wycieczka/egipt,hurghada,c/albatros-white-beach/pR2v4zX1y3hZT34lWg-hsIAAogeJ9p-twAV5CF_o1rDYfHBGI8hGXnRrVy0xMiRQCmEI4qBE9SRVgw2ZWd1QZIyVxQQVi2AmACagVYLjIuMXI1mwEVBxcAXANYBVYCEQFAyQZdmw9PJFPSnQFSAF6vT0vtQ2EATOWMOiDS_JcJDQACEmMBAgwlyI_J/ofertasv/?filter[tourOperator]=OREX&filter%5Bperson%5D=2&filter%5BchildAge%5D%5B1%5D=20201210&filter%5Bchild%5D=1","filter_7_10_days","egipt","hurghada","c","2026-09-27","2026-10-04","8","7","Warszawa","2+1","egipt|hurghada|2026-09-27|2026-10-04|7|Warszawa|2+1"
"Jaz Elite Asteria (Hurghada)","11925.0","24.09.2026 - 01.10.2026","8 dni/7 nocy","4.9","4.9","775","tripadvisor","Warszawa - Radom","2026-09-14T01:15:55.916721+00:00","https://fly.pl/szukaj-wycieczek/?filter[dest]=11:&filter[hotelids]=&filter[cityids]=0&filter[cregids]=&filter[ofrType]=&filter[addObjType]=&filter[whenFrom]=14-09-2026&filter[whenTo]=14-10-2026&filter[duration]=7:10&filter[from]=Warszawa%20-%20Modlin,Warszawa%20-%20Radom,Warszawa&filter[person]=2&filter[child]=1&filter[price]=4000:20000&filter[PriceFrom]=4000&filter[PriceTo]=20000&filter[addCategory]=50&filter[addCatering]=1&filter[addMisc]=0&filter[addTransport]=F&filter[fp]=1&order_by=ofr_price&filter[tourOperator]=0&filter[childAge][1]=20201210","https://fly.pl/cdn/photo/assets/uploads/582/278/2024/07/jaz-asteria-beach.jpg","https://fly.pl/wycieczka/egipt,hurghada,sahl-hasheesh/jaz-asteria-beach-11/pFUJYcMwL3yOEk9oHzMJFOAAogdQWwHoFOjT_nE4kFPCh4nnuHt-JRXqpSz_DOtw-0xygqBE9SRVgw2ZWd1QZIlV1QQVjuAWACagdQNE4uMi4xcjabARUHFwBcA1gFVgJAygZd0w5PbBHRE1OBigFSAF6vT0uBEmEATNG-OiDP_JcJDQACEmMBAgzAEPtw/ofertasv/?filter[tourOperator]=OREX&filter%5Bperson%5D=2&filter%5BchildAge%5D%5B1%5D=20201210&filter%5Bchild%5D=1","filter_7_10_days","egipt","hurghada","sahl-hasheesh","2026-09-24","2026-10-01","8","7","Warszawa - Radom","2+1","egipt|hurghada|2026-09-24|2026-10-01|7|Warszawa - Radom|2+1"
"Novotel Sharm Palm","11961.0","27.09.2026 - 04.10.2026","8 dni/7 nocy","4.6","4.6","5898","tripadvisor","Warszawa","2026-09-14T01:15:55.916721+00:00","https://fly.pl/szukaj-wycieczek/?filter[dest]=11:&filter[hotelids]=&filter[cityids]=0&filter[cregids]=&filter[ofrType]=&filter[addObjType]=&filter[whenFrom]=14-09-2026&filter[whenTo]=14-10-2026&filter[duration]=7:10&filter[from]=Warszawa%20-%20Modlin,Warszawa%20-%20Radom,Warszawa&filter[person]=2&filter[child]=1&filter[price]=4000:20000&filter[PriceFrom]=4000&filter[PriceTo]=20000&filter[addCategory]=50&filter[addCatering]=1&filter[addMisc]=0&filter[addTransport]=F&filter[fp]=1&order_by=ofr_price&filter[tourOperator]=0&filter[childAge][1]=20201210","https://fly.pl/cdn/photo/assets/uploads/582/278/2014/07/Novotel-Sharm-Palm.jpg","https://fly.pl/wycieczka/egipt,sharm-el-sheikh,c/novotel-sharm-palm/pw1idB3xfKzuiQqoSLrrfSAAogMKKydjTsaNyiDf2zJ3Sv8dvhBFpwv_tYWcE8EXXr1-EqBEpPSVAw2ZWd1QZIuV1QQVi2AmACagMwME1yQpsBFAEVBhcAXANYBVYCQMoGT-IBXQARuMYBXqY0UqYgUwBLxyNhAEzljDoN0vyXCSAAAZuy0PjSiMygMAINYwEADNThgyg/ofertasv/?filter[tourOperator]=JOIP&filter%5Bperson%5D=2&filter%5BchildAge%5D%5B1%5D=20201210&filter%5Bchild%5D=1","filter_7_10_days","egipt","sharm-el-sheikh","c","2026-09-27","2026-10-04","8","7","Warszawa","2+1","egipt|sharm-el-sheikh|2026-09-27|2026-10-04|7|Warszawa|2+1"
"Sunrise Aqua Joy","11977.0","24.09.2026 - 01.10.2026","8 dni/7 nocy","4.7","4.7","3855","tripadvisor","Warszawa","2026-09-14T01:15:55.916721+00:00","https://fly.pl/szukaj-wycieczek/?filter[dest]=11:&filter[hotelids]=&filter[cityids]=0&filter[cregids]=&filter[ofrType]=&filter[addObjType]=&filter[whenFrom]=14-09-2026&filter[whenTo]=14-10-2026&filter[duration]=7:10&filter[from]=Warszawa%20-%20Modlin,Warszawa%20-%20Radom,Warszawa&filter[person]=2&filter[child]=1&filter[price]=4000:20000&filter[PriceFrom]=4000&filter[PriceTo]=20000&filter[addCategory]=50&filter[addCatering]=1&filter[addMisc]=0&filter[addTransport]=F&filter[fp]=1&order_by=ofr_price&filter[tourOperator]=0&filter[childAge][1]=20201210","https://fly.pl/cdn/photo/assets/uploads/582/278/2019/11/Aqua-Joy-Resort-By-Sunrise-Group-fly-pl.jpg","https://fly.pl/wycieczka/egipt,hurghada,c/aqua-joy-resort-by-sunrise-group-9/pcSyKF4PhZtiOSrrgudu4nAAogLmbQMGhdVbOuSkoMrLk1p281lTSXqH6Isk6l7nfwV_cqBEJWUFIw2ZWd1QZIyV1QAVjuAWACag1BbGwgaW5jbHVzaXZlciAcEbVQG-_lBBjv8wy5BPbfE6sETwGAqeHEAQIAYwECC8cx7Ec/ofertasv/?filter[tourOperator]=BVPR&filter%5Bperson%5D=2&filter%5BchildAge%5D%5B1%5D=20201210&filter%5Bchild%5D=1","filter_7_10_days","egipt","hurghada","c","2026-09-24","2026-10-01","8","7","Warszawa","2+1","egipt|hurghada|2026-09-24|2026-10-01|7|Warszawa|2+1"
"Pickalbatros Laguna Vista Beach","12057.0","22.09.2026 - 30.09.2026","9 dni/7 nocy","4.0","4.0","3068","tripadvisor","Warszawa","2026-09-14T01:15:55.916721+00:00","https://fly.pl/szukaj-wycieczek/?filter[dest]=11:&filter[hotelids]=&filter[cityids]=0&filter[cregids]=&filter[ofrType]=&filter[addObjType]=&filter[whenFrom]=14-09-2026&filter[whenTo]=14-10-2026&filter[duration]=7:10&filter[from]=Warszawa%20-%20Modlin,Warszawa%20-%20Radom,Warszawa&filter[person]=2&filter[child]=1&filter[price]=4000:20000&filter[PriceFrom]=4000&filter[PriceTo]=20000&filter[addCategory]=50&filter[addCatering]=1&filter[addMisc]=0&filter[addTransport]=F&filter[fp]=1&order_by=ofr_price&filter[tourOperator]=0&filter[childAge][1]=20201210","https://fly.pl/cdn/photo/assets/uploads/582/278/2014/07/laguna.jpg","https://fly.pl/wycieczka/egipt,sharm-el-sheikh,c/laguna-vista-beach/ptJFNd0MYmENdxV5jiW8zsAAogwKYsb021aW47winRb7kHwyT8iEZvNC5fP2LQDZq7cIkqBFZJVFgw2ZWd1QZImV5QQVi-AWACckAaABUHFwBcA1gFQI8DW7-DAV6-fFKmIFMAS8cjYQBMjbU5DaXUmAkgAVGDwvWy6QFP460fXYTO6rwcAg1jAQIMPvf3dA/ofertasv/?filter[tourOperator]=VITX&filter%5Bperson%5D=2&filter%5BchildAge%5D%5B1%5D=20201210&filter%5Bchild%5D=1","filter_7_10_days","egipt","sharm-el-sheikh","c","2026-09-22","2026-09-30","9","7","Warszawa","2+1","egipt|sharm-el-sheikh|2026-09-22|2026-09-30|7|Warszawa|2+1"
"Xanadu Makadi Bay","12191.0","17.09.2026 - 24.09.2026","8 dni/7 nocy","4.8","4.8","2162","tripadvisor","Warszawa - Radom","2026-09-14T01:15:55.916721+00:00","https://fly.pl/szukaj-wycieczek/?filter[dest]=11:&filter[hotelids]=&filter[cityids]=0&filter[cregids]=&filter[ofrType]=&filter[addObjType]=&filter[whenFrom]=14-09-2026&filter[whenTo]=14-10-2026&filter[duration]=7:10&filter[from]=Warszawa%20-%20Modlin,Warszawa%20-%20Radom,Warszawa&filter[person]=2&filter[child]=1&filter[price]=4000:20000&filter[PriceFrom]=4000&filter[PriceTo]=20000&filter[addCategory]=50&filter[addCatering]=1&filter[addMisc]=0&filter[addTransport]=F&filter[fp]=1&order_by=ofr_price&filter[tourOperator]=0&filter[childAge][1]=20201210","https://fly.pl/cdn/photo/assets/uploads/582/278/2024/07/xanadu-makadi-bay.jpg","https://fly.pl/wycieczka/egipt,hurghada,makadi-bay/xanadu-makadi-bay-12/pp5TG2ck3atvV9o_mEngJSAAogXG0byQeN_3R-W_smUGIMhf8MJssITV_eZU8aw6SOnRoqBE9SRVgw2ZWd1QZIn19QQVhGYAJqB0NGSS4yLjFyNZsBFQcXAFwDWAVWAhGQBkA6XdMOT2xT0p0BUgBer09LgRJhAEzRvjogyPyXCQ0AAhJjAQILzidxRg/ofertasv/?filter[tourOperator]=OREX&filter%5Bperson%5D=2&filter%5BchildAge%5D%5B1%5D=20201210&filter%5Bchild%5D=1","filter_7_10_days","egipt","hurghada","makadi-bay","2026-09-17","2026-09-24","8","7","Warszawa - Radom","2+1","egipt|hurghada|2026-09-17|2026-09-24|7|Warszawa - Radom|2+1"
"Desert Rose Resort","12293.0","27.09.2026 - 04.10.2026","8 dni/7 nocy","4.6","4.6","8792","tripadvisor","Warszawa","2026-09-14T01:15:55.916721+00:00","https://fly.pl/szukaj-wycieczek/?filter[dest]=11:&filter[hotelids]=&filter[cityids]=0&filter[cregids]=&filter[ofrType]=&filter[addObjType]=&filter[whenFrom]=14-09-2026&filter[whenTo]=14-10-2026&filter[duration]=7:10&filter[from]=Warszawa%20-%20Modlin,Warszawa%20-%20Radom,Warszawa&filter[person]=2&filter[child]=1&filter[price]=4000:20000&filter[PriceFrom]=4000&filter[PriceTo]=20000&filter[addCategory]=50&filter[addCatering]=1&filter[addMisc]=0&filter[addTransport]=F&filter[fp]=1&order_by=ofr_price&filter[tourOperator]=0&filter[childAge][1]=20201210","https://fly.pl/cdn/photo/assets/uploads/582/278/2014/12/Desert-Rose-Resort-fly-pl.jpg","https://fly.pl/wycieczka/egipt,hurghada,c/desert-rose/pnrEHAqxj96q4KNubQlXDLAAogF8yYR-eErfUaIJ2fWaR_-AAAAADiggQA_oIEAAcAAQAqBFdFWlkw2ZWd1QZIhWBQQVi2AmADaglFbnRlciBBaXJqBDAwMTVyQp4BlAEfABwBAgAWBBcCEbgBErUCFdoFGJUDE7kBQIVzTMsyTwBLnJMBUAAb27wPHf8BIBwNwcrCCQESYwEOYwECBeYvzqU/ofertasv/?filter[tourOperator]=WEZY&filter%5Bperson%5D=2&filter%5BchildAge%5D%5B1%5D=20201210&filter%5Bchild%5D=1","filter_7_10_days","egipt","hurghada","c","2026-09-27","2026-10-04","8","7","Warszawa","2+1","egipt|hurghada|2026-09-27|2026-10-04|7|Warszawa|2+1"
"Sheraton Soma Bay","12311.0","22.09.2026 - 29.09.2026","8 dni/7 nocy","4.6","4.6","3170","tripadvisor","Warszawa","2026-09-14T01:15:55.916721+00:00","https://fly.pl/szukaj-wycieczek/?filter[dest]=11:&filter[hotelids]=&filter[cityids]=0&filter[cregids]=&filter[ofrType]=&filter[addObjType]=&filter[whenFrom]=14-09-2026&filter[whenTo]=14-10-2026&filter[duration]=7:10&filter[from]=Warszawa%20-%20Modlin,Warszawa%20-%20Radom,Warszawa&filter[person]=2&filter[child]=1&filter[price]=4000:20000&filter[PriceFrom]=4000&filter[PriceTo]=20000&filter[addCategory]=50&filter[addCatering]=1&filter[addMisc]=0&filter[addTransport]=F&filter[fp]=1&order_by=ofr_price&filter[tourOperator]=0&filter[childAge][1]=20201210","https://fly.pl/cdn/photo/assets/uploads/582/278/2014/07/Sheraton-Soma-Bay.jpg","https://fly.pl/wycieczka/egipt,hurghada,soma-bay/sheraton-soma-bay/pleEXtJLXBhfq9jAOCe2lCAAog2Fnc38G-WFyN3iImqnrrMAKHsDg_1j3PwsBFGt0DAN0qBEpPSVAw2ZWd1QZIl2BQQVi-AWACckMUARUGFwBcA1gFVgJAygZd4gFPAFOvqwFSABHPGlvBEF6fJEvtQ2EATOWMOg3N_JcJIAABlcDY8MSGzKAwAg1jAQAM_VqyXw/ofertasv/?filter[tourOperator]=JOIP&filter%5Bperson%5D=2&filter%5BchildAge%5D%5B1%5D=20201210&filter%5Bchild%5D=1","filter_7_10_days","egipt","hurghada","soma-bay","2026-09-22","2026-09-29","8","7","Warszawa","2+1","egipt|hurghada|2026-09-22|2026-09-29|7|Warszawa|2+1"
"Jaz Royal Palmariva","12437.0","24.09.2026 - 01.10.2026","8 dni/7 nocy","4.5","4.5","5154","tripadvisor","Warszawa","2026-09-14T01:15:55.916721+00:00","https://fly.pl/szukaj-wycieczek/?filter[dest]=11:&filter[hotelids]=&filter[cityids]=0&filter[cregids]=&filter[ofrType]=&filter[addObjType]=&filter[whenFrom]=14-09-2026&filter[whenTo]=14-10-2026&filter[duration]=7:10&filter[from]=Warszawa%20-%20Modlin,Warszawa%20-%20Radom,Warszawa&filter[person]=2&filter[child]=1&filter[price]=4000:20000&filter[PriceFrom]=4000&filter[PriceTo]=20000&filter[addCategory]=50&filter[addCatering]=1&filter[addMisc]=0&filter[addTransport]=F&filter[fp]=1&order_by=ofr_price&filter[tourOperator]=0&filter[childAge][1]=20201210","https://fly.pl/cdn/photo/assets/uploads/582/278/2014/07/Labranda-Royal-Makadi.jpg","https://fly.pl/wycieczka/egipt,hurghada,makadi-bay/royal-azur-resort/pRwr0AjNjRIXo_8jFcD8KSAAogjszfnLh6kqGzwYb90VZjrm81lTSXqH6Isk6l7nfwV_cqBEJWUFIw2ZWd1QZIlWFQAVjuAWACag1BbGwgaW5jbHVzaXZlciAcEdwwG42eBBiHvwy5BJn8FKsETwHHw92vAQIAYwECC0B_vho/ofertasv/?filter[tourOperator]=BVPR&filter%5Bperson%5D=2&filter%5BchildAge%5D%5B1%5D=20201210&filter%5Bchild%5D=1","filter_7_10_days","egipt","hurghada","makadi-bay","2026-09-24","2026-10-01","8","7","Warszawa","2+1","egipt|hurghada|2026-09-24|2026-10-01|7|Warszawa|2+1"
"Tropitel Sahl Hasheesh","12437.0","24.09.2026 - 01.10.2026","8 dni/7 nocy","4.7","4.7","10246","tripadvisor","Warszawa","2026-09-14T01:15:55.916721+00:00","https://fly.pl/szukaj-wycieczek/?filter[dest]=11:&filter[hotelids]=&filter[cityids]=0&filter[cregids]=&filter[ofrType]=&filter[addObjType]=&filter[whenFrom]=14-09-2026&filter[whenTo]=14-10-2026&filter[duration]=7:10&filter[from]=Warszawa%20-%20Modlin,Warszawa%20-%20Radom,Warszawa&filter[person]=2&filter[child]=1&filter[price]=4000:20000&filter[PriceFrom]=4000&filter[PriceTo]=20000&filter[addCategory]=50&filter[addCatering]=1&filter[addMisc]=0&filter[addTransport]=F&filter[fp]=1&order_by=ofr_price&filter[tourOperator]=0&filter[childAge][1]=20201210","https://fly.pl/cdn/photo/assets/uploads/582/278/2014/10/Tropitel-Sahl-Hasheesh.jpg","https://fly.pl/wycieczka/egipt,hurghada,c/tropitel-sahl-hasheesh/pshCCO4HhVVc4iTD67mlUYAAogFkCFCnCDXVjd4xZEdPOZrm5qONrWSNoC2ZmC9zuoc_8qBE9BU0kw2ZWd1QZIlWFQAVjuAWACagNVQUlyIRwR9o8BuQT1uw-rBBsb5sQHGKfeDgG-rIX_AQIAYwECBR3kMbY/ofertasv/?filter[tourOperator]=OASI&filter%5Bperson%5D=2&filter%5BchildAge%5D%5B1%5D=20201210&filter%5Bchild%5D=1","filter_7_10_days","egipt","hurghada","c","2026-09-24","2026-10-01","8","7","Warszawa","2+1","egipt|hurghada|2026-09-24|2026-10-01|7|Warszawa|2+1"
"Red Sea Grand Makadi (Makadi Bay)","12558.0","01.10.2026 - 08.10.2026","8 dni/7 nocy","4.4","4.4","3309","tripadvisor","Warszawa","2026-09-14T01:15:55.916721+00:00","https://fly.pl/szukaj-wycieczek/?filter[dest]=11:&filter[hotelids]=&filter[cityids]=0&filter[cregids]=&filter[ofrType]=&filter[addObjType]=&filter[whenFrom]=14-09-2026&filter[whenTo]=14-10-2026&filter[duration]=7:10&filter[from]=Warszawa%20-%20Modlin,Warszawa%20-%20Radom,Warszawa&filter[person]=2&filter[child]=1&filter[price]=4000:20000&filter[PriceFrom]=4000&filter[PriceTo]=20000&filter[addCategory]=50&filter[addCatering]=1&filter[addMisc]=0&filter[addTransport]=F&filter[fp]=1&order_by=ofr_price&filter[tourOperator]=0&filter[childAge][1]=20201210","https://fly.pl/cdn/photo/assets/uploads/582/278/2017/08/Grand-Makadi-Makadi-Bay-fly-pl-2.jpg","https://fly.pl/wycieczka/egipt,hurghada,makadi-bay/grand-makadi-makadi-bay/pw-1elJYv0IlFIwBpHsl6SAAog9DdjUtFDi8-INRXfoGSkooWaGNf_XbXlJtai6PkY9LEqA0VUSTDZlZ3VBkiOYlBBWJYDYAJyMRUHFwBcA1gFVgJA-wdbkIEBU9AqUgBer09L7UNhACCBitIJDQBR2d699gMCEmMBAgqPRVuZ/ofertasv/?filter[tourOperator]=ETI&filter%5Bperson%5D=2&filter%5BchildAge%5D%5B1%5D=20201210&filter%5Bchild%5D=1","filter_7_10_days","egipt","hurghada","makadi-bay","2026-10-01","2026-10-08","8","7","Warszawa","2+1","egipt|hurghada|2026-10-01|2026-10-08|7|Warszawa|2+1"
"Sunrise Montemare Resort","12755.0","04.10.2026 - 11.10.2026","8 dni/7 nocy","4.7","4.7","5193","tripadvisor","Warszawa","2026-09-14T01:15:55.916721+00:00","https://fly.pl/szukaj-wycieczek/?filter[dest]=11:&filter[hotelids]=&filter[cityids]=0&filter[cregids]=&filter[ofrType]=&filter[addObjType]=&filter[whenFrom]=14-09-2026&filter[whenTo]=14-10-2026&filter[duration]=7:10&filter[from]=Warszawa%20-%20Modlin,Warszawa%20-%20Radom,Warszawa&filter[person]=2&filter[child]=1&filter[price]=4000:20000&filter[PriceFrom]=4000&filter[PriceTo]=20000&filter[addCategory]=50&filter[addCatering]=1&filter[addMisc]=0&filter[addTransport]=F&filter[fp]=1&order_by=ofr_price&filter[tourOperator]=0&filter[childAge][1]=20201210","https://fly.pl/cdn/photo/assets/uploads/582/278/2024/07/sunrise-montemare-resort-grand-select.jpg","https://fly.pl/wycieczka/egipt,sharm-el-sheikh,c/sunrise-select-montemare/p3LfmmEAAhKNM5ZFjRGtdvAAogGQ24peB793ggFbqJwqrz2u6LQqlaFmzyIpGKGzBohJAqBEpPSVAw2ZWd1QZI02NQQVjeA2ACagMzbTlyQ5sBFAEVBhcAXANYBVYCQMoGT-IBXQBe3voBUqYgUwBLxyNhABGtwQFMuMs4DZ_9lwkgAAGrvYSIxIjMoDACDWMBBAtTwt4R/ofertasv/?filter[tourOperator]=JOIP&filter%5Bperson%5D=2&filter%5BchildAge%5D%5B1%5D=20201210&filter%5Bchild%5D=1","filter_7_10_days","egipt","sharm-el-sheikh","c","2026-10-04","2026-10-11","8","7","Warszawa","2+1","egipt|sharm-el-sheikh|2026-10-04|2026-10-11|7|Warszawa|2+1"
"Jaz Makadina","12803.0","17.09.2026 - 24.09.2026","8 dni/7 nocy","4.8","4.8","4075","tripadvisor","Warszawa - Radom","2026-09-14T01:15:55.916721+00:00","https://fly.pl/szukaj-wycieczek/?filter[dest]=11:&filter[hotelids]=&filter[cityids]=0&filter[cregids]=&filter[ofrType]=&filter[addObjType]=&filter[whenFrom]=14-09-2026&filter[whenTo]=14-10-2026&filter[duration]=7:10&filter[from]=Warszawa%20-%20Modlin,Warszawa%20-%20Radom,Warszawa&filter[person]=2&filter[child]=1&filter[price]=4000:20000&filter[PriceFrom]=4000&filter[PriceTo]=20000&filter[addCategory]=50&filter[addCatering]=1&filter[addMisc]=0&filter[addTransport]=F&filter[fp]=1&order_by=ofr_price&filter[tourOperator]=0&filter[childAge][1]=20201210","https://fly.pl/cdn/photo/assets/uploads/582/278/2015/04/Jaz-Makadina.jpg","https://fly.pl/wycieczka/egipt,hurghada,makadi-bay/jaz-makadina/pa3FvRywoxw_C1-FlT2aKXAAogOJ5MFqrGSgSg_Hmpmgb7SP8MJssITV_eZU8aw6SOnRoqBE9SRVgw2ZWd1QZIg2RQQVhGYAJqBkJILjIuMXI1mwEVBxcAXANYBVYCER1ArQZd0w5PbFPSnQFSAF6vT0uBEmEATNG-OiDI_JcJDQACEmMBAgw9wWSW/ofertasv/?filter[tourOperator]=OREX&filter%5Bperson%5D=2&filter%5BchildAge%5D%5B1%5D=20201210&filter%5Bchild%5D=1","filter_7_10_days","egipt","hurghada","makadi-bay","2026-09-17","2026-09-24","8","7","Warszawa - Radom","2+1","egipt|hurghada|2026-09-17|2026-09-24|7|Warszawa - Radom|2+1"
"Rixos Radamis Sharm El Sheikh","12875.0","27.09.2026 - 04.10.2026","8 dni/7 nocy","4.3","4.3","2086","tripadvisor","Warszawa","2026-09-14T01:15:55.916721+00:00","https://fly.pl/szukaj-wycieczek/?filter[dest]=11:&filter[hotelids]=&filter[cityids]=0&filter[cregids]=&filter[ofrType]=&filter[addObjType]=&filter[whenFrom]=14-09-2026&filter[whenTo]=14-10-2026&filter[duration]=7:10&filter[from]=Warszawa%20-%20Modlin,Warszawa%20-%20Radom,Warszawa&filter[person]=2&filter[child]=1&filter[price]=4000:20000&filter[PriceFrom]=4000&filter[PriceTo]=20000&filter[addCategory]=50&filter[addCatering]=1&filter[addMisc]=0&filter[addTransport]=F&filter[fp]=1&order_by=ofr_price&filter[tourOperator]=0&filter[childAge][1]=20201210","https://datacfstatic.merlinx.pl/JOIP/IMG/62454/4ba97507de5a04bfe87ef578086b6c65033b092a7b841a218f3573e53cc7afb8.webp","https://fly.pl/wycieczka/egipt,sharm-el-sheikh,szarm-el-szejk/rixos-radamis-sharm-13/pMLLec-Ok1W3Fqc8S6dntbAAoglatNxIU9NnzjjJESG7ZMW9vhBFpwv_tYWcE8EXXr1-EqBEpPSVAw2ZWd1QZIy2RQQVi2AmACagNMTHNyQ5sBFAEVBhcAXANYBVYCQMoGT-IBXQBe3voBUqYgUwBLxyNhABHuoAFM9-s4DdL8lwkgAAGUoIyoxYjMoDACDWMBAAvobXEj/ofertasv/?filter[tourOperator]=JOIP&filter%5Bperson%5D=2&filter%5BchildAge%5D%5B1%5D=20201210&filter%5Bchild%5D=1","filter_7_10_days","egipt","sharm-el-sheikh","szarm-el-szejk","2026-09-27","2026-10-04","8","7","Warszawa","2+1","egipt|sharm-el-sheikh|2026-09-27|2026-10-04|7|Warszawa|2+1"
"Sultan Gardens Resort","12892.0","04.10.2026 - 11.10.2026","8 dni/7 nocy","4.6","4.6","10708","tripadvisor","Warszawa","2026-09-14T01:15:55.916721+00:00","https://fly.pl/szukaj-wycieczek/?filter[dest]=11:&filter[hotelids]=&filter[cityids]=0&filter[cregids]=&filter[ofrType]=&filter[addObjType]=&filter[whenFrom]=14-09-2026&filter[whenTo]=14-10-2026&filter[duration]=7:10&filter[from]=Warszawa%20-%20Modlin,Warszawa%20-%20Radom,Warszawa&filter[person]=2&filter[child]=1&filter[price]=4000:20000&filter[PriceFrom]=4000&filter[PriceTo]=20000&filter[addCategory]=50&filter[addCatering]=1&filter[addMisc]=0&filter[addTransport]=F&filter[fp]=1&order_by=ofr_price&filter[tourOperator]=0&filter[childAge][1]=20201210","https://fly.pl/cdn/photo/assets/uploads/582/278/2014/07/sultan-gardens.jpg","https://fly.pl/wycieczka/egipt,sharm-el-sheikh,szarm-el-szejk/sultan-gardens-resort/pHEtSxN5ik3qXMHIZGfmWzAAogugY0zLLPbZ-P7KfT3RMhde6LQqlaFmzyIpGKGzBohJAqBEpPSVAw2ZWd1QZI3GRQQVjeA2ACckMUARUGFwBcA1gFVgJAygZd4gFPABHixgFb6C5elAVSpiBTAEvHI2EATOWMOg2f_ZcJIAABqcGEocSIzKAwAg1jAQAFxx0iTQ/ofertasv/?filter[tourOperator]=JOIP&filter%5Bperson%5D=2&filter%5BchildAge%5D%5B1%5D=20201210&filter%5Bchild%5D=1","filter_7_10_days","egipt","sharm-el-sheikh","szarm-el-szejk","2026-10-04","2026-10-11","8","7","Warszawa","2+1","egipt|sharm-el-sheikh|2026-10-04|2026-10-11|7|Warszawa|2+1"
"Maritim Jolie Ville Resort and Casino","12937.0","04.10.2026 - 11.10.2026","8 dni/7 nocy","4.6","4.6","3183","tripadvisor","Warszawa","2026-09-14T01:15:55.916721+00:00","https://fly.pl/szukaj-wycieczek/?filter[dest]=11:&filter[hotelids]=&filter[cityids]=0&filter[cregids]=&filter[ofrType]=&filter[addObjType]=&filter[whenFrom]=14-09-2026&filter[whenTo]=14-10-2026&filter[duration]=7:10&filter[from]=Warszawa%20-%20Modlin,Warszawa%20-%20Radom,Warszawa&filter[person]=2&filter[child]=1&filter[price]=4000:20000&filter[PriceFrom]=4000&filter[PriceTo]=20000&filter[addCategory]=50&filter[addCatering]=1&filter[addMisc]=0&filter[addTransport]=F&filter[fp]=1&order_by=ofr_price&filter[tourOperator]=0&filter[childAge][1]=20201210","https://fly.pl/cdn/photo/assets/uploads/582/278/2014/10/Maritim-Jolie-Ville-Resort-Casino1.jpg","https://fly.pl/wycieczka/egipt,sharm-el-sheikh,c/maritim-jolie-ville-resort-and-casino/pWbnJCUoixD-1THT7FKX-gAAogec6k3rIZZR9dk9GfHaY29e6LQqlaFmzyIpGKGzBohJAqBEpPSVAw2ZWd1QZIiWVQQVjeA2ACagNQd2dyQpsBFAEVBhcAXANYBVYCQMoGT-IBXQARpMYBXro0UqYgUwBLxyNhAEzljDoNn_2XCSAAAajXyJi1iMygMAINYwEADHWI4XU/ofertasv/?filter[tourOperator]=JOIP&filter%5Bperson%5D=2&filter%5BchildAge%5D%5B1%5D=20201210&filter%5Bchild%5D=1","filter_7_10_days","egipt","sharm-el-sheikh","c","2026-10-04","2026-10-11","8","7","Warszawa","2+1","egipt|sharm-el-sheikh|2026-10-04|2026-10-11|7|Warszawa|2+1"
"Sunrise Diamond Beach Resort Grand Select","13008.0","27.09.2026 - 04.10.2026","8 dni/7 nocy","4.8","4.8","3471","tripadvisor","Warszawa","2026-09-14T01:15:55.916721+00:00","https://fly.pl/szukaj-wycieczek/?filter[dest]=11:&filter[hotelids]=&filter[cityids]=0&filter[cregids]=&filter[ofrType]=&filter[addObjType]=&filter[whenFrom]=14-09-2026&filter[whenTo]=14-10-2026&filter[duration]=7:10&filter[from]=Warszawa%20-%20Modlin,Warszawa%20-%20Radom,Warszawa&filter[person]=2&filter[child]=1&filter[price]=4000:20000&filter[PriceFrom]=4000&filter[PriceTo]=20000&filter[addCategory]=50&filter[addCatering]=1&filter[addMisc]=0&filter[addTransport]=F&filter[fp]=1&order_by=ofr_price&filter[tourOperator]=0&filter[childAge][1]=20201210","https://fly.pl/cdn/photo/assets/uploads/582/278/2014/07/Sunrise-Diamond-Beach-Sharm.jpg","https://fly.pl/wycieczka/egipt,sharm-el-sheikh,szarm-el-szejk/sunrise-select-diamond-beach-resort/p-xR3U_sSgHvE7FlmMYyE1AAogInrqSJDHv7c5OV8x1frERNvhBFpwv_tYWcE8EXXr1-EqBEpPSVAw2ZWd1QZI0GVQQVi2AmACagMwMllyQ5sBFAEVBhcAXANYBVYCQMoGT-IBXQBe3voBUqYgUwBLxyNhABGrwQFMuss4DdL8lwkgAAGS0oCAxIjMoDACDWMBBAsVWdlA/ofertasv/?filter[tourOperator]=JOIP&filter%5Bperson%5D=2&filter%5BchildAge%5D%5B1%5D=20201210&filter%5Bchild%5D=1","filter_7_10_days","egipt","sharm-el-sheikh","szarm-el-szejk","2026-09-27","2026-10-04","8","7","Warszawa","2+1","egipt|sharm-el-sheikh|2026-09-27|2026-10-04|7|Warszawa|2+1"
"Movenpick Resort Sharm el Sheikh","13099.0","27.09.2026 - 04.10.2026","8 dni/7 nocy","4.6","4.6","5338","tripadvisor","Warszawa","2026-09-14T01:15:55.916721+00:00","https://fly.pl/szukaj-wycieczek/?filter[dest]=11:&filter[hotelids]=&filter[cityids]=0&filter[cregids]=&filter[ofrType]=&filter[addObjType]=&filter[whenFrom]=14-09-2026&filter[whenTo]=14-10-2026&filter[duration]=7:10&filter[from]=Warszawa%20-%20Modlin,Warszawa%20-%20Radom,Warszawa&filter[person]=2&filter[child]=1&filter[price]=4000:20000&filter[PriceFrom]=4000&filter[PriceTo]=20000&filter[addCategory]=50&filter[addCatering]=1&filter[addMisc]=0&filter[addTransport]=F&filter[fp]=1&order_by=ofr_price&filter[tourOperator]=0&filter[childAge][1]=20201210","https://fly.pl/cdn/photo/assets/uploads/582/278/2015/03/Movenpick-Golf-Club-fly-pl.jpg","https://fly.pl/wycieczka/egipt,sharm-el-sheikh,c/moevenpick-golf-club/p6HxBSHYD9QUpq8wYlhDKDAAogaGDU-MJaHJJtrXo4u9r8iNvhBFpwv_tYWcE8EXXr1-EqBEpPSVAw2ZWd1QZIq2ZQQVi2AmACagM2YWxyQpsBFAEVBhcAXANYBVYCQMoGT-IBXQBe3voBEbgXUu4IUwBLxyNhAEzljDoN0vyXCSAAAfbJ2Ki1iMygMAINYwEAC0AVM1k/ofertasv/?filter[tourOperator]=JOIP&filter%5Bperson%5D=2&filter%5BchildAge%5D%5B1%5D=20201210&filter%5Bchild%5D=1","filter_7_10_days","egipt","sharm-el-sheikh","c","2026-09-27","2026-10-04","8","7","Warszawa","2+1","egipt|sharm-el-sheikh|2026-09-27|2026-10-04|7|Warszawa|2+1"
"Jaz Almaza Blu","13197.0","30.09.2026 - 08.10.2026","9 dni/7 nocy","","","","","Warszawa","2026-09-14T01:15:55.916721+00:00","https://fly.pl/szukaj-wycieczek/?filter[dest]=11:&filter[hotelids]=&filter[cityids]=0&filter[cregids]=&filter[ofrType]=&filter[addObjType]=&filter[whenFrom]=14-09-2026&filter[whenTo]=14-10-2026&filter[duration]=7:10&filter[from]=Warszawa%20-%20Modlin,Warszawa%20-%20Radom,Warszawa&filter[person]=2&filter[child]=1&filter[price]=4000:20000&filter[PriceFrom]=4000&filter[PriceTo]=20000&filter[addCategory]=50&filter[addCatering]=1&filter[addMisc]=0&filter[addTransport]=F&filter[fp]=1&order_by=ofr_price&filter[tourOperator]=0&filter[childAge][1]=20201210","https://datacfstatic.merlinx.pl/ITAK/IMG/DBBJAZB/6d2b0aaef3fad164fc83046e3d58423011b3bbab07378933e5469c476895505f.webp","https://fly.pl/wycieczka/egipt,dolny-egipt,marsa-matrouh/jaz-almaza-blue-11/pV_kUudXuAIfWrzQ7da0HBAAog3OHd3kZSPd1uQLNVywQohjPfTTCk9cJVJPZ8eQG0-LMqBFZJVFgw2ZWd1QZIjWdQQVj-AmACckAaABUHFwBcA1gFQI8DU8mDAVIAW8YFXu52S-1DYQBM77Q5DcvUmAkgR1HOua3ya0_KgSVd3PiA_ZkBAgxjAQILUMm0ZA/ofertasv/?filter[tourOperator]=VITX&filter%5Bperson%5D=2&filter%5BchildAge%5D%5B1%5D=20201210&filter%5Bchild%5D=1","filter_7_10_days","egipt","dolny-egipt","marsa-matrouh","2026-09-30","2026-10-08","9","7","Warszawa","2+1","egipt|dolny-egipt|2026-09-30|2026-10-08|7|Warszawa|2+1"
"Jaz Elite Amara","13221.0","26.09.2026 - 03.10.2026","8 dni/7 nocy","4.9","4.9","1712","tripadvisor","Warszawa","2026-09-14T01:15:55.916721+00:00","https://fly.pl/szukaj-wycieczek/?filter[dest]=11:&filter[hotelids]=&filter[cityids]=0&filter[cregids]=&filter[ofrType]=&filter[addObjType]=&filter[whenFrom]=14-09-2026&filter[whenTo]=14-10-2026&filter[duration]=7:10&filter[from]=Warszawa%20-%20Modlin,Warszawa%20-%20Radom,Warszawa&filter[person]=2&filter[child]=1&filter[price]=4000:20000&filter[PriceFrom]=4000&filter[PriceTo]=20000&filter[addCategory]=50&filter[addCatering]=1&filter[addMisc]=0&filter[addTransport]=F&filter[fp]=1&order_by=ofr_price&filter[tourOperator]=0&filter[childAge][1]=20201210","https://fly.pl/cdn/photo/assets/uploads/582/278/2024/07/jaz-amara.jpg","https://fly.pl/wycieczka/egipt,marsa-alam,port-ghalib/jaz-amara-10/pXJ2SMlke2zzU7Nqp-FFOcAAogqTqhXNI5xC4tPNf1-hIxrrjCD0UEpn4QE69Z5aCniz4qBEpPSVAw2ZWd1QZIpWdQQVieAmACagM4ZUlyQ5sBFAEVBhcAXANYBVYCQMoGT-IBXQBe3voBUrwUUwBLsS9hABG6kwFMq_k4DdH8lwkgAAGJuvSX1IjMoDACDWMBAAu0XHyd/ofertasv/?filter[tourOperator]=JOIP&filter%5Bperson%5D=2&filter%5BchildAge%5D%5B1%5D=20201210&filter%5Bchild%5D=1","filter_7_10_days","egipt","marsa-alam","port-ghalib","2026-09-26","2026-10-03","8","7","Warszawa","2+1","egipt|marsa-alam|2026-09-26|2026-10-03|7|Warszawa|2+1"
"Nubian Village","13483.0","04.10.2026 - 11.10.2026","8 dni/7 nocy","4.5","4.5","4649","tripadvisor","Warszawa","2026-09-14T01:15:55.916721+00:00","https://fly.pl/szukaj-wycieczek/?filter[dest]=11:&filter[hotelids]=&filter[cityids]=0&filter[cregids]=&filter[ofrType]=&filter[addObjType]=&filter[whenFrom]=14-09-2026&filter[whenTo]=14-10-2026&filter[duration]=7:10&filter[from]=Warszawa%20-%20Modlin,Warszawa%20-%20Radom,Warszawa&filter[person]=2&filter[child]=1&filter[price]=4000:20000&filter[PriceFrom]=4000&filter[PriceTo]=20000&filter[addCategory]=50&filter[addCatering]=1&filter[addMisc]=0&filter[addTransport]=F&filter[fp]=1&order_by=ofr_price&filter[tourOperator]=0&filter[childAge][1]=20201210","https://fly.pl/cdn/photo/assets/uploads/582/278/2014/07/Nubian-Village-fly-pl.jpg","https://fly.pl/wycieczka/egipt,sharm-el-sheikh,c/nubian-village/pOPGJ5-bMVxd8Vvp9wbzhUAAogMdxKZbu4le47--KekLUMke6LQqlaFmzyIpGKGzBohJAqBEpPSVAw2ZWd1QZIq2lQQVjeA2ACagMwMGZyQpsBFAEVBhcAXANYBVYCQMoGT-IBXQAR28YBXoM0UqYgUwBLxyNhAEzljDoNn_2XCSAAAcjD9J_TiMygMAIOYwEADZRRQ5Y/ofertasv/?filter[tourOperator]=JOIP&filter%5Bperson%5D=2&filter%5BchildAge%5D%5B1%5D=20201210&filter%5Bchild%5D=1","filter_7_10_days","egipt","sharm-el-sheikh","c","2026-10-04","2026-10-11","8","7","Warszawa","2+1","egipt|sharm-el-sheikh|2026-10-04|2026-10-11|7|Warszawa|2+1"
"Nubian Island","13483.0","04.10.2026 - 11.10.2026","8 dni/7 nocy","4.7","4.7","3724","tripadvisor","Warszawa","2026-09-14T01:15:55.916721+00:00","https://fly.pl/szukaj-wycieczek/?filter[dest]=11:&filter[hotelids]=&filter[cityids]=0&filter[cregids]=&filter[ofrType]=&filter[addObjType]=&filter[whenFrom]=14-09-2026&filter[whenTo]=14-10-2026&filter[duration]=7:10&filter[from]=Warszawa%20-%20Modlin,Warszawa%20-%20Radom,Warszawa&filter[person]=2&filter[child]=1&filter[price]=4000:20000&filter[PriceFrom]=4000&filter[PriceTo]=20000&filter[addCategory]=50&filter[addCatering]=1&filter[addMisc]=0&filter[addTransport]=F&filter[fp]=1&order_by=ofr_price&filter[tourOperator]=0&filter[childAge][1]=20201210","https://fly.pl/cdn/photo/assets/uploads/582/278/2014/07/Nubian-Island.jpg","https://fly.pl/wycieczka/egipt,sharm-el-sheikh,c/nubian-island/p8Eg9ZgmPEdhSc79UVvSUxAAogilCzYv-WWLuDu9Sx8QkOHu6LQqlaFmzyIpGKGzBohJAqBEpPSVAw2ZWd1QZIq2lQQVjeA2ACagMwMGZyQpsBFAEVBhcAXANYBVYCQMoGT-IBXQAR3MYBXoI0UqYgUwBLxyNhAEzljDoNn_2XCSAAAcOzgKjTiMygMAIOYwEADYfKviQ/ofertasv/?filter[tourOperator]=JOIP&filter%5Bperson%5D=2&filter%5BchildAge%5D%5B1%5D=20201210&filter%5Bchild%5D=1","filter_7_10_days","egipt","sharm-el-sheikh","c","2026-10-04","2026-10-11","8","7","Warszawa","2+1","egipt|sharm-el-sheikh|2026-10-04|2026-10-11|7|Warszawa|2+1"
"Coral Sea Sensatori (ex Coral Sea Imperial)","13550.0","27.09.2026 - 04.10.2026","8 dni/7 nocy","4.6","4.6","10988","tripadvisor","Warszawa","2026-09-14T01:15:55.916721+00:00","https://fly.pl/szukaj-wycieczek/?filter[dest]=11:&filter[hotelids]=&filter[cityids]=0&filter[cregids]=&filter[ofrType]=&filter[addObjType]=&filter[whenFrom]=14-09-2026&filter[whenTo]=14-10-2026&filter[duration]=7:10&filter[from]=Warszawa%20-%20Modlin,Warszawa%20-%20Radom,Warszawa&filter[person]=2&filter[child]=1&filter[price]=4000:20000&filter[PriceFrom]=4000&filter[PriceTo]=20000&filter[addCategory]=50&filter[addCatering]=1&filter[addMisc]=0&filter[addTransport]=F&filter[fp]=1&order_by=ofr_price&filter[tourOperator]=0&filter[childAge][1]=20201210","https://fly.pl/cdn/photo/assets/uploads/582/278/2016/11/Coral-Sea-Sensatori-ex-Coral-Sea-Imperial-fly-pl-2.jpg","https://fly.pl/wycieczka/egipt,sharm-el-sheikh,c/coral-sea-sensatori-ex-coral-sea-imperial/pCT27bz3YYTD_JhWMbKiTLAAogBW9rBYjqAx_wHGtYdud_6NvhBFpwv_tYWcE8EXXr1-EqBEpPSVAw2ZWd1QZI7mlQQVi2AmACagMwME1yQpsBFAEVBhcAXANYBVYCQMoGT-IBXQBe3voBEdMTUtMMUwBLxyNhAEzljDoN0vyXCSAAAZOghPjCiMygMAINYwEADLx93Q4/ofertasv/?filter[tourOperator]=JOIP&filter%5Bperson%5D=2&filter%5BchildAge%5D%5B1%5D=20201210&filter%5Bchild%5D=1","filter_7_10_days","egipt","sharm-el-sheikh","c","2026-09-27","2026-10-04","8","7","Warszawa","2+1","egipt|sharm-el-sheikh|2026-09-27|2026-10-04|7|Warszawa|2+1"
"Steigenberger Al Dau Beach","14001.0","22.09.2026 - 29.09.2026","8 dni/7 nocy","4.8","4.8","10109","tripadvisor","Warszawa","2026-09-14T01:15:55.916721+00:00","https://fly.pl/szukaj-wycieczek/?filter[dest]=11:&filter[hotelids]=&filter[cityids]=0&filter[cregids]=&filter[ofrType]=&filter[addObjType]=&filter[whenFrom]=14-09-2026&filter[whenTo]=14-10-2026&filter[duration]=7:10&filter[from]=Warszawa%20-%20Modlin,Warszawa%20-%20Radom,Warszawa&filter[person]=2&filter[child]=1&filter[price]=4000:20000&filter[PriceFrom]=4000&filter[PriceTo]=20000&filter[addCategory]=50&filter[addCatering]=1&filter[addMisc]=0&filter[addTransport]=F&filter[fp]=1&order_by=ofr_price&filter[tourOperator]=0&filter[childAge][1]=20201210","https://fly.pl/cdn/photo/assets/uploads/582/278/2014/07/Steigenberger-Al-Dau-Beach-fly-pl.jpg","https://fly.pl/wycieczka/egipt,hurghada,c/steigenberger-al-dau-beach/pOSrlNPfMcxFPBxLsB6GY4AAogE3WL0CXoQYfmc8hfHeq0-gKHsDg_1j3PwsBFGt0DAN0qBEpPSVAw2ZWd1QZIsW1QQVi-AWACckMUARUGFwBcA1gFVgJAygZd4gFPAFOvqwFSABHQGlvuHF7xF0vtQ2EATOWMOg3N_JcJIAABjODIsNOJzKAwAg1jAQALAjvfdg/ofertasv/?filter[tourOperator]=JOIP&filter%5Bperson%5D=2&filter%5BchildAge%5D%5B1%5D=20201210&filter%5Bchild%5D=1","filter_7_10_days","egipt","hurghada","c","2026-09-22","2026-09-29","8","7","Warszawa","2+1","egipt|hurghada|2026-09-22|2026-09-29|7|Warszawa|2+1"
"Aldiana Club Naga Bay","14017.0","04.10.2026 - 11.10.2026","8 dni/7 nocy","","","","","Warszawa","2026-09-14T01:15:55.916721+00:00","https://fly.pl/szukaj-wycieczek/?filter[dest]=11:&filter[hotelids]=&filter[cityids]=0&filter[cregids]=&filter[ofrType]=&filter[addObjType]=&filter[whenFrom]=14-09-2026&filter[whenTo]=14-10-2026&filter[duration]=7:10&filter[from]=Warszawa%20-%20Modlin,Warszawa%20-%20Radom,Warszawa&filter[person]=2&filter[child]=1&filter[price]=4000:20000&filter[PriceFrom]=4000&filter[PriceTo]=20000&filter[addCategory]=50&filter[addCatering]=1&filter[addMisc]=0&filter[addTransport]=F&filter[fp]=1&order_by=ofr_price&filter[tourOperator]=0&filter[childAge][1]=20201210","https://datacfstatic.merlinx.pl/EXIM/IMG/108012/b1f5d26a903624c4b7c28f67d4a9bbc9a0cf5c691d37d2be60154e132614ef4b.webp","https://fly.pl/wycieczka/egipt,hurghada,c/aldiana-club-naga-bay-9/pdBxK-Ht5fq9qROgMAuoH9AAogwO9UdMzMiwxWSq-jR-bqc48y6rj6FZ9B-AYEqrWUQdsqBEVYSU0w3JWd1QZIwW1QAVjeA2ACagJBSXIhHBHsywa5BJPyPasEHBuU5D0Y5PI-AaH_p4sLAgBjAQIFpOyvFA/ofertasv/?filter[tourOperator]=EXIM&filter%5Bperson%5D=2&filter%5BchildAge%5D%5B1%5D=20201210&filter%5Bchild%5D=1","filter_7_10_days","egipt","hurghada","c","2026-10-04","2026-10-11","8","7","Warszawa","2+1","egipt|hurghada|2026-10-04|2026-10-11|7|Warszawa|2+1"
"Sunrise Holidays Resort","14037.0","04.10.2026 - 11.10.2026","8 dni/7 nocy","4.5","4.5","10567","tripadvisor","Warszawa","2026-09-14T01:15:55.916721+00:00","https://fly.pl/szukaj-wycieczek/?filter[dest]=11:&filter[hotelids]=&filter[cityids]=0&filter[cregids]=&filter[ofrType]=&filter[addObjType]=&filter[whenFrom]=14-09-2026&filter[whenTo]=14-10-2026&filter[duration]=7:10&filter[from]=Warszawa%20-%20Modlin,Warszawa%20-%20Radom,Warszawa&filter[person]=2&filter[child]=1&filter[price]=4000:20000&filter[PriceFrom]=4000&filter[PriceTo]=20000&filter[addCategory]=50&filter[addCatering]=1&filter[addMisc]=0&filter[addTransport]=F&filter[fp]=1&order_by=ofr_price&filter[tourOperator]=0&filter[childAge][1]=20201210","https://fly.pl/cdn/photo/assets/uploads/582/278/2014/07/Sunrise-Holidays-fly-pl.jpg","https://fly.pl/wycieczka/egipt,hurghada,c/sunrise-holidays/p0cxlz-dO9exh8kbxec71GAAognpyzLmsauO8ofawnUedrmY8y6rj6FZ9B-AYEqrWUQdsqBEVYSU0w3JWd1QZI1W1QAVjeA2ABagJBSXIeHBH3vwa5BIj-PasEHBvOwzgYpsc5AZ_FzvMJAwBjD7KV6Q/ofertasv/?filter[tourOperator]=EXIM&filter%5Bperson%5D=2&filter%5BchildAge%5D%5B1%5D=20201210&filter%5Bchild%5D=1","filter_7_10_days","egipt","hurghada","c","2026-10-04","2026-10-11","8","7","Warszawa","2+1","egipt|hurghada|2026-10-04|2026-10-11|7|Warszawa|2+1"
"Steigenberger Alcazar","14206.0","27.09.2026 - 04.10.2026","8 dni/7 nocy","5.0","5.0","1325","tripadvisor","Warszawa","2026-09-14T01:15:55.916721+00:00","https://fly.pl/szukaj-wycieczek/?filter[dest]=11:&filter[hotelids]=&filter[cityids]=0&filter[cregids]=&filter[ofrType]=&filter[addObjType]=&filter[whenFrom]=14-09-2026&filter[whenTo]=14-10-2026&filter[duration]=7:10&filter[from]=Warszawa%20-%20Modlin,Warszawa%20-%20Radom,Warszawa&filter[person]=2&filter[child]=1&filter[price]=4000:20000&filter[PriceFrom]=4000&filter[PriceTo]=20000&filter[addCategory]=50&filter[addCatering]=1&filter[addMisc]=0&filter[addTransport]=F&filter[fp]=1&order_by=ofr_price&filter[tourOperator]=0&filter[childAge][1]=20201210","https://fly.pl/cdn/photo/assets/uploads/582/278/2017/09/Steigenberger-Alcazar.jpg","https://fly.pl/wycieczka/egipt,sharm-el-sheikh,szarm-el-szejk/steigenberger-alcazar/ppS4xYRaJVvVU9qJ2-wYFdAAogTO3M0orLCG33QlQuvnwPc9vhBFpwv_tYWcE8EXXr1-EqBEpPSVAw3JWd1QZI_m5QQVi2AmACagMzbTlyQpsBFAEVBhcAXANYBVYCQMoGT-IBXQBe3voBUqYgUwBLxyNhABH4AUztijoN0vyXCSAAAY6i7I_zyM2gMAINYwEDC6nef-U/ofertasv/?filter[tourOperator]=JOIP&filter%5Bperson%5D=2&filter%5BchildAge%5D%5B1%5D=20201210&filter%5Bchild%5D=1","filter_7_10_days","egipt","sharm-el-sheikh","szarm-el-szejk","2026-09-27","2026-10-04","8","7","Warszawa","2+1","egipt|sharm-el-sheikh|2026-09-27|2026-10-04|7|Warszawa|2+1"
"Sunrise Arabian Beach Resort","14346.0","27.09.2026 - 04.10.2026","8 dni/7 nocy","4.5","4.5","4480","tripadvisor","Warszawa","2026-09-14T01:15:55.916721+00:00","https://fly.pl/szukaj-wycieczek/?filter[dest]=11:&filter[hotelids]=&filter[cityids]=0&filter[cregids]=&filter[ofrType]=&filter[addObjType]=&filter[whenFrom]=14-09-2026&filter[whenTo]=14-10-2026&filter[duration]=7:10&filter[from]=Warszawa%20-%20Modlin,Warszawa%20-%20Radom,Warszawa&filter[person]=2&filter[child]=1&filter[price]=4000:20000&filter[PriceFrom]=4000&filter[PriceTo]=20000&filter[addCategory]=50&filter[addCatering]=1&filter[addMisc]=0&filter[addTransport]=F&filter[fp]=1&order_by=ofr_price&filter[tourOperator]=0&filter[childAge][1]=20201210","https://fly.pl/cdn/photo/assets/uploads/582/278/2014/07/Sunrise-Grand-Select-Arabian-Beach.jpg","https://fly.pl/wycieczka/egipt,sharm-el-sheikh,c/sunrise-grand-select-arabian-beach/plT7-iyLGs5NQ1gkNtBdzPAAogzGHb9l2_cytpRYsltwcv0tvhBFpwv_tYWcE8EXXr1-EqBEpPSVAw3JWd1QZIinBQQVi2AmACagMxejhyQ5sBFAEVBhcAXANYBVYCQMoGT-IBXQBe3voBUqYgUwBLxyNhABGpwQFMvMs4DdL8lwkgAAH01YjBw4jMoDACDWMBBAs_wvJP/ofertasv/?filter[tourOperator]=JOIP&filter%5Bperson%5D=2&filter%5BchildAge%5D%5B1%5D=20201210&filter%5Bchild%5D=1","filter_7_10_days","egipt","sharm-el-sheikh","c","2026-09-27","2026-10-04","8","7","Warszawa","2+1","egipt|sharm-el-sheikh|2026-09-27|2026-10-04|7|Warszawa|2+1"
"Rixos Premium Seagate","14355.0","04.10.2026 - 11.10.2026","8 dni/7 nocy","4.8","4.8","11499","tripadvisor","Warszawa","2026-09-14T01:15:55.916721+00:00","https://fly.pl/szukaj-wycieczek/?filter[dest]=11:&filter[hotelids]=&filter[cityids]=0&filter[cregids]=&filter[ofrType]=&filter[addObjType]=&filter[whenFrom]=14-09-2026&filter[whenTo]=14-10-2026&filter[duration]=7:10&filter[from]=Warszawa%20-%20Modlin,Warszawa%20-%20Radom,Warszawa&filter[person]=2&filter[child]=1&filter[price]=4000:20000&filter[PriceFrom]=4000&filter[PriceTo]=20000&filter[addCategory]=50&filter[addCatering]=1&filter[addMisc]=0&filter[addTransport]=F&filter[fp]=1&order_by=ofr_price&filter[tourOperator]=0&filter[childAge][1]=20201210","https://fly.pl/cdn/photo/assets/uploads/582/278/2015/04/Rixos-Premium-Seagate-Sharm-El-Sheikh.jpg","https://fly.pl/wycieczka/egipt,sharm-el-sheikh,nabq-bay/rixos-seagate/pmQ1tMqjgtmYeIqjVMKcPZAAoggrKE0hrgJkBs_xiEsnh-Zu6LQqlaFmzyIpGKGzBohJAqBEpPSVAw3JWd1QZIk3BQQVjeA2ACckMUARUGFwBcA1gFVgJAygZP4gFdAFvhpAER6SFelDRSpiBTAEvHI2EATOWMOg2f_ZcJIAABvd38qMWIzKAwAg1jAQALM8Gr_g/ofertasv/?filter[tourOperator]=JOIP&filter%5Bperson%5D=2&filter%5BchildAge%5D%5B1%5D=20201210&filter%5Bchild%5D=1","filter_7_10_days","egipt","sharm-el-sheikh","nabq-bay","2026-10-04","2026-10-11","8","7","Warszawa","2+1","egipt|sharm-el-sheikh|2026-10-04|2026-10-11|7|Warszawa|2+1"
"Reef Oasis Blue Bay Resort","14457.0","22.09.2026 - 30.09.2026","9 dni/7 nocy","4.6","4.6","9706","tripadvisor","Warszawa","2026-09-14T01:15:55.916721+00:00","https://fly.pl/szukaj-wycieczek/?filter[dest]=11:&filter[hotelids]=&filter[cityids]=0&filter[cregids]=&filter[ofrType]=&filter[addObjType]=&filter[whenFrom]=14-09-2026&filter[whenTo]=14-10-2026&filter[duration]=7:10&filter[from]=Warszawa%20-%20Modlin,Warszawa%20-%20Radom,Warszawa&filter[person]=2&filter[child]=1&filter[price]=4000:20000&filter[PriceFrom]=4000&filter[PriceTo]=20000&filter[addCategory]=50&filter[addCatering]=1&filter[addMisc]=0&filter[addTransport]=F&filter[fp]=1&order_by=ofr_price&filter[tourOperator]=0&filter[childAge][1]=20201210","https://fly.pl/cdn/photo/assets/uploads/582/278/2014/07/Reef-Oasis-Blue-Bay.jpg","https://fly.pl/wycieczka/egipt,sharm-el-sheikh,c/reef-oasis-blue-bay-resort/pmNHG__BLThwgwJahltPMJAAogLxShuwVdwLMmKbrIMIL5QST8iEZvNC5fP2LQDZq7cIkqBFZJVFgw3JWd1QZI-XBQQVi-AWACckAaABUHFwBcA1gFQI8DW72XAV7AaFKmIFMAS8cjYQBMjbU5DaXUmAkgAVH8hf6y6QFP6ukWXYTO6rwcAgxjAQIL8z01mA/ofertasv/?filter[tourOperator]=VITX&filter%5Bperson%5D=2&filter%5BchildAge%5D%5B1%5D=20201210&filter%5Bchild%5D=1","filter_7_10_days","egipt","sharm-el-sheikh","c","2026-09-22","2026-09-30","9","7","Warszawa","2+1","egipt|sharm-el-sheikh|2026-09-22|2026-09-30|7|Warszawa|2+1"
"Jaz Almaza Beach","14497.0","30.09.2026 - 08.10.2026","9 dni/7 nocy","4.5","4.5","2878","tripadvisor","Warszawa","2026-09-14T01:15:55.916721+00:00","https://fly.pl/szukaj-wycieczek/?filter[dest]=11:&filter[hotelids]=&filter[cityids]=0&filter[cregids]=&filter[ofrType]=&filter[addObjType]=&filter[whenFrom]=14-09-2026&filter[whenTo]=14-10-2026&filter[duration]=7:10&filter[from]=Warszawa%20-%20Modlin,Warszawa%20-%20Radom,Warszawa&filter[person]=2&filter[child]=1&filter[price]=4000:20000&filter[PriceFrom]=4000&filter[PriceTo]=20000&filter[addCategory]=50&filter[addCatering]=1&filter[addMisc]=0&filter[addTransport]=F&filter[fp]=1&order_by=ofr_price&filter[tourOperator]=0&filter[childAge][1]=20201210","https://fly.pl/cdn/photo/assets/uploads/582/278/2024/07/jaz-almaza-beach.jpg","https://fly.pl/wycieczka/egipt,dolny-egipt,mersa-matruh/jaz-almaza-beach/psI3u_flui19d-xhUizEqFAAogOsRDw5RbRML8i18d2rqCkDPfTTCk9cJVJPZ8eQG0-LMqBFZJVFgw3JWd1QZIoXFQQVj-AmACckAaABUHFwBcA1gFQI8DU8mDAVIAW_wYXrhjS-1DYQBMjbU5Da3UmAkgR1Hp1JTya0-v5j1d3PiA_ZkBAgxjAQILW0tJlw/ofertasv/?filter[tourOperator]=VITX&filter%5Bperson%5D=2&filter%5BchildAge%5D%5B1%5D=20201210&filter%5Bchild%5D=1","filter_7_10_days","egipt","dolny-egipt","mersa-matruh","2026-09-30","2026-10-08","9","7","Warszawa","2+1","egipt|dolny-egipt|2026-09-30|2026-10-08|7|Warszawa|2+1"
"Sunrise Crystal Bay Resort","14530.0","22.09.2026 - 29.09.2026","8 dni/7 nocy","4.7","4.7","9670","tripadvisor","Warszawa","2026-09-14T01:15:55.916721+00:00","https://fly.pl/szukaj-wycieczek/?filter[dest]=11:&filter[hotelids]=&filter[cityids]=0&filter[cregids]=&filter[ofrType]=&filter[addObjType]=&filter[whenFrom]=14-09-2026&filter[whenTo]=14-10-2026&filter[duration]=7:10&filter[from]=Warszawa%20-%20Modlin,Warszawa%20-%20Radom,Warszawa&filter[person]=2&filter[child]=1&filter[price]=4000:20000&filter[PriceFrom]=4000&filter[PriceTo]=20000&filter[addCategory]=50&filter[addCatering]=1&filter[addMisc]=0&filter[addTransport]=F&filter[fp]=1&order_by=ofr_price&filter[tourOperator]=0&filter[childAge][1]=20201210","https://fly.pl/cdn/photo/assets/uploads/582/278/2014/07/Sunrise-Cristal-Bay-ex.-Coral-Sea.jpg","https://fly.pl/wycieczka/egipt,hurghada,c/sunrise-cristal-bay-ex-coral-sea/pm3GehvR4CK7M8Tze8gJ6IAAogIBIjpYmAMIMfy8xb-JqwhgKHsDg_1j3PwsBFGt0DAN0qBEpPSVAw3JWd1QZIwnFQQVi-AWACagMwUm1yQ5sBFAEVBhcAXANYBVYCQMoGT-IBXQBSr6sBUwBer09L7UNhABGT1wFM0rU4Dc38lwkgAAH-z4SgxYbMoDACDWMBBAvUYDzz/ofertasv/?filter[tourOperator]=JOIP&filter%5Bperson%5D=2&filter%5BchildAge%5D%5B1%5D=20201210&filter%5Bchild%5D=1","filter_7_10_days","egipt","hurghada","c","2026-09-22","2026-09-29","8","7","Warszawa","2+1","egipt|hurghada|2026-09-22|2026-09-29|7|Warszawa|2+1"
"Iberotel Makadi Beach","14567.0","04.10.2026 - 11.10.2026","8 dni/7 nocy","4.8","4.8","4163","tripadvisor","Warszawa","2026-09-14T01:15:55.916721+00:00","https://fly.pl/szukaj-wycieczek/?filter[dest]=11:&filter[hotelids]=&filter[cityids]=0&filter[cregids]=&filter[ofrType]=&filter[addObjType]=&filter[whenFrom]=14-09-2026&filter[whenTo]=14-10-2026&filter[duration]=7:10&filter[from]=Warszawa%20-%20Modlin,Warszawa%20-%20Radom,Warszawa&filter[person]=2&filter[child]=1&filter[price]=4000:20000&filter[PriceFrom]=4000&filter[PriceTo]=20000&filter[addCategory]=50&filter[addCatering]=1&filter[addMisc]=0&filter[addTransport]=F&filter[fp]=1&order_by=ofr_price&filter[tourOperator]=0&filter[childAge][1]=20201210","https://fly.pl/cdn/photo/assets/uploads/582/278/2015/04/Iberotel-Makadi-Beach.jpg","https://fly.pl/wycieczka/egipt,hurghada,makadi-bay/iberotel-makadi-beach/pAlJPde22bcgbcaddPzkXlAAogBaYpFasn6BubvZHfRzrtQ_Ie_lk9WpBYetX5JkRBSVsqBE9SRVgw3JWd1QZI53FQQVjeA2ACagZFSC4yLjFyNZsBFQcXAFwDWAVWAhEVQLUGXZsPTyRT0p0BUgBer09L7UNhAEzljDogn_2XCQ0AAhJjAQILwQ7NzA/ofertasv/?filter[tourOperator]=OREX&filter%5Bperson%5D=2&filter%5BchildAge%5D%5B1%5D=20201210&filter%5Bchild%5D=1","filter_7_10_days","egipt","hurghada","makadi-bay","2026-10-04","2026-10-11","8","7","Warszawa","2+1","egipt|hurghada|2026-10-04|2026-10-11|7|Warszawa|2+1"
"Rixos Premium Magawish Bay View","14571.0","24.09.2026 - 01.10.2026","8 dni/7 nocy","","","","","Warszawa - Radom","2026-09-14T01:15:55.916721+00:00","https://fly.pl/szukaj-wycieczek/?filter[dest]=11:&filter[hotelids]=&filter[cityids]=0&filter[cregids]=&filter[ofrType]=&filter[addObjType]=&filter[whenFrom]=14-09-2026&filter[whenTo]=14-10-2026&filter[duration]=7:10&filter[from]=Warszawa%20-%20Modlin,Warszawa%20-%20Radom,Warszawa&filter[person]=2&filter[child]=1&filter[price]=4000:20000&filter[PriceFrom]=4000&filter[PriceTo]=20000&filter[addCategory]=50&filter[addCatering]=1&filter[addMisc]=0&filter[addTransport]=F&filter[fp]=1&order_by=ofr_price&filter[tourOperator]=0&filter[childAge][1]=20201210","https://datacfstatic.merlinx.pl/OREX/IMG/7305/efed6ea0f936ecc31524de552f5505a1c6cdad98fa01446edb5a035153c5aee3.webp","https://fly.pl/wycieczka/egipt,hurghada,c/rixos-premium-magawish-bay-view-11/pnphXCSCPNBDO61PlJuX6GAAognPGMTRGuRHylEBXRCtANUXuHt-JRXqpSz_DOtw-0xygqBE9SRVgw3JWd1QZI63FQQVjuAWACagdPQU8uMi4xcjWbARUHFwBYCFYCXAhAwgZd0w5PbBHvIlPjelIAXq9PS4ESYQBM0b46IM_8lwkNAAISYwECC3ghM5o/ofertasv/?filter[tourOperator]=OREX&filter%5Bperson%5D=2&filter%5BchildAge%5D%5B1%5D=20201210&filter%5Bchild%5D=1","filter_7_10_days","egipt","hurghada","c","2026-09-24","2026-10-01","8","7","Warszawa - Radom","2+1","egipt|hurghada|2026-09-24|2026-10-01|7|Warszawa - Radom|2+1"
"Jaz Elite Casa Del Mar Beach","14661.0","29.09.2026 - 06.10.2026","8 dni/7 nocy","5.0","5.0","655","tripadvisor","Warszawa","2026-09-14T01:15:55.916721+00:00","https://fly.pl/szukaj-wycieczek/?filter[dest]=11:&filter[hotelids]=&filter[cityids]=0&filter[cregids]=&filter[ofrType]=&filter[addObjType]=&filter[whenFrom]=14-09-2026&filter[whenTo]=14-10-2026&filter[duration]=7:10&filter[from]=Warszawa%20-%20Modlin,Warszawa%20-%20Radom,Warszawa&filter[person]=2&filter[child]=1&filter[price]=4000:20000&filter[PriceFrom]=4000&filter[PriceTo]=20000&filter[addCategory]=50&filter[addCatering]=1&filter[addMisc]=0&filter[addTransport]=F&filter[fp]=1&order_by=ofr_price&filter[tourOperator]=0&filter[childAge][1]=20201210","https://fly.pl/cdn/photo/assets/uploads/582/278/2020/01/Jaz-Casa-Del-Mar-Beach.jpg","https://fly.pl/wycieczka/egipt,hurghada,c/jaz-casa-del-mar-beach-10/pnf8MZbb1uw6qmTLj1j3j0AAogGQFgavRYd_Q0qq2BlLM_6OErWs0tVGkUnula-RMaXKwqBEpPSVAw3JWd1QZIxXJQQVjmAmACagMwMFJyQpsBFAEVBhcAXANYBVYCQMoGT-IBXQBSr6sBUwBer09L7UNhABGIO0zd0TkN1PyXCSAAAYm-uLikhsygMAINYwEAC3HdMX0/ofertasv/?filter[tourOperator]=JOIP&filter%5Bperson%5D=2&filter%5BchildAge%5D%5B1%5D=20201210&filter%5Bchild%5D=1","filter_7_10_days","egipt","hurghada","c","2026-09-29","2026-10-06","8","7","Warszawa","2+1","egipt|hurghada|2026-09-29|2026-10-06|7|Warszawa|2+1"
"Jaz Elite Negma","14711.0","03.10.2026 - 10.10.2026","8 dni/7 nocy","","","","","Warszawa","2026-09-14T01:15:55.916721+00:00","https://fly.pl/szukaj-wycieczek/?filter[dest]=11:&filter[hotelids]=&filter[cityids]=0&filter[cregids]=&filter[ofrType]=&filter[addObjType]=&filter[whenFrom]=14-09-2026&filter[whenTo]=14-10-2026&filter[duration]=7:10&filter[from]=Warszawa%20-%20Modlin,Warszawa%20-%20Radom,Warszawa&filter[person]=2&filter[child]=1&filter[price]=4000:20000&filter[PriceFrom]=4000&filter[PriceTo]=20000&filter[addCategory]=50&filter[addCatering]=1&filter[addMisc]=0&filter[addTransport]=F&filter[fp]=1&order_by=ofr_price&filter[tourOperator]=0&filter[childAge][1]=20201210","https://datacfstatic.merlinx.pl/JOIP/IMG/77722/c4807815984ec616065bc05486871522179655fb9a4cce4a84007df0d1da7085.webp","https://fly.pl/wycieczka/egipt,marsa-alam,c/jaz-elite-negma-10/pt-YVd1D-jK7lw5GOwLE_lAAog0fm32YIlaOc8PnkjyXGeXVU3hKQPmG_3HCqrQfnQi-4qBEpPSVAw3JWd1QZI93JQQVjGA2ACagMxejhyQ5sBFAEVBhcAXANYBVYCQMoGT-IBXQBe3voBUrwUUwBLsS9hABGSmAJM0_Q3DZ79lwkgAAHInZCR1IjMoDACDWMBAAu3qeR6/ofertasv/?filter[tourOperator]=JOIP&filter%5Bperson%5D=2&filter%5BchildAge%5D%5B1%5D=20201210&filter%5Bchild%5D=1","filter_7_10_days","egipt","marsa-alam","c","2026-10-03","2026-10-10","8","7","Warszawa","2+1","egipt|marsa-alam|2026-10-03|2026-10-10|7|Warszawa|2+1"
"Jaz Grand Marsa (ex Resta Grand Resort)","14827.0","06.10.2026 - 13.10.2026","8 dni/7 nocy","4.6","4.6","6430","tripadvisor","Warszawa","2026-09-14T01:15:55.916721+00:00","https://fly.pl/szukaj-wycieczek/?filter[dest]=11:&filter[hotelids]=&filter[cityids]=0&filter[cregids]=&filter[ofrType]=&filter[addObjType]=&filter[whenFrom]=14-09-2026&filter[whenTo]=14-10-2026&filter[duration]=7:10&filter[from]=Warszawa%20-%20Modlin,Warszawa%20-%20Radom,Warszawa&filter[person]=2&filter[child]=1&filter[price]=4000:20000&filter[PriceFrom]=4000&filter[PriceTo]=20000&filter[addCategory]=50&filter[addCatering]=1&filter[addMisc]=0&filter[addTransport]=F&filter[fp]=1&order_by=ofr_price&filter[tourOperator]=0&filter[childAge][1]=20201210","https://fly.pl/cdn/photo/assets/uploads/582/278/2014/09/grand.jpg","https://fly.pl/wycieczka/egipt,marsa-alam,madinat-coraya/resta-grand-resort/p_sG7z0kfLTr6T0I380P4AAAogKRafFn8uVEPYv0qwPz83hJlNaslf2PkN2GrK1jj7ZekqBE9BU0kw3JWd1QZI63NQAViOBGADagNBSWxyJBwR8a0BuQTGnQ-rBBsbncoQGL-GFAGI4PKsAgEMYwEAYwECC3QA5x4/ofertasv/?filter[tourOperator]=OASI&filter%5Bperson%5D=2&filter%5BchildAge%5D%5B1%5D=20201210&filter%5Bchild%5D=1","filter_7_10_days","egipt","marsa-alam","madinat-coraya","2026-10-06","2026-10-13","8","7","Warszawa","2+1","egipt|marsa-alam|2026-10-06|2026-10-13|7|Warszawa|2+1"
"Rixos Radamis Beach","14841.0","27.09.2026 - 04.10.2026","8 dni/7 nocy","","","","","Warszawa","2026-09-14T01:15:55.916721+00:00","https://fly.pl/szukaj-wycieczek/?filter[dest]=11:&filter[hotelids]=&filter[cityids]=0&filter[cregids]=&filter[ofrType]=&filter[addObjType]=&filter[whenFrom]=14-09-2026&filter[whenTo]=14-10-2026&filter[duration]=7:10&filter[from]=Warszawa%20-%20Modlin,Warszawa%20-%20Radom,Warszawa&filter[person]=2&filter[child]=1&filter[price]=4000:20000&filter[PriceFrom]=4000&filter[PriceTo]=20000&filter[addCategory]=50&filter[addCatering]=1&filter[addMisc]=0&filter[addTransport]=F&filter[fp]=1&order_by=ofr_price&filter[tourOperator]=0&filter[childAge][1]=20201210","https://datacfstatic.merlinx.pl/JOIP/IMG/63851/97898f089b392972361de777071e04e87d253ed0bfb6a13a12f021ca907858bb.webp","https://fly.pl/wycieczka/egipt,sharm-el-sheikh,szarm-el-szejk/rixos-radamis-beach-side-9/pmr1BAN9xepUQdJr3KFwnGAAog_rVaO92CodRf-UaOD9_iitvhBFpwv_tYWcE8EXXr1-EqBEpPSVAw3JWd1QZI-XNQQVi2AmACagNNOHJyQ5sBFAEVBhcAXANYBVYCQMoGT-IBXQBe3voBUqYgUwBLxyNhABHjqwFMguE4DdL8lwkgAAH40_SfxYjMoDACDWMBAAsc3kAa/ofertasv/?filter[tourOperator]=JOIP&filter%5Bperson%5D=2&filter%5BchildAge%5D%5B1%5D=20201210&filter%5Bchild%5D=1","filter_7_10_days","egipt","sharm-el-sheikh","szarm-el-szejk","2026-09-27","2026-10-04","8","7","Warszawa","2+1","egipt|sharm-el-sheikh|2026-09-27|2026-10-04|7|Warszawa|2+1"
"Savoy (Sharm El Sheikh)","14940.0","27.09.2026 - 04.10.2026","8 dni/7 nocy","4.9","4.9","4262","tripadvisor","Warszawa","2026-09-14T01:15:55.916721+00:00","https://fly.pl/szukaj-wycieczek/?filter[dest]=11:&filter[hotelids]=&filter[cityids]=0&filter[cregids]=&filter[ofrType]=&filter[addObjType]=&filter[whenFrom]=14-09-2026&filter[whenTo]=14-10-2026&filter[duration]=7:10&filter[from]=Warszawa%20-%20Modlin,Warszawa%20-%20Radom,Warszawa&filter[person]=2&filter[child]=1&filter[price]=4000:20000&filter[PriceFrom]=4000&filter[PriceTo]=20000&filter[addCategory]=50&filter[addCatering]=1&filter[addMisc]=0&filter[addTransport]=F&filter[fp]=1&order_by=ofr_price&filter[tourOperator]=0&filter[childAge][1]=20201210","https://fly.pl/cdn/photo/assets/uploads/582/278/2014/07/Savoy-Sharm-El-Sheikh.jpg","https://fly.pl/wycieczka/egipt,sharm-el-sheikh,c/savoy-sharm-el-sheikh/pZTXPnUHv0k5lBgoxPPZv8AAog6AwriBO1j4W4g6p3_ajkvtvhBFpwv_tYWcE8EXXr1-EqBEpPSVAw3JWd1QZI3HRQQVi2AmACagMwME1yQpsBFAEVBhcAXANYBVYCQMoGT-IBXQARo8cBXrszUqYgUwBLxyNhAEzljDoN0vyXCSAAAZLU7Ji0iMygMAINYwEAC8hIx1A/ofertasv/?filter[tourOperator]=JOIP&filter%5Bperson%5D=2&filter%5BchildAge%5D%5B1%5D=20201210&filter%5Bchild%5D=1","filter_7_10_days","egipt","sharm-el-sheikh","c","2026-09-27","2026-10-04","8","7","Warszawa","2+1","egipt|sharm-el-sheikh|2026-09-27|2026-10-04|7|Warszawa|2+1"
"Sunrise Remal Beach","14979.0","04.10.2026 - 11.10.2026","8 dni/7 nocy","4.8","4.8","2378","tripadvisor","Warszawa","2026-09-14T01:15:55.916721+00:00","https://fly.pl/szukaj-wycieczek/?filter[dest]=11:&filter[hotelids]=&filter[cityids]=0&filter[cregids]=&filter[ofrType]=&filter[addObjType]=&filter[whenFrom]=14-09-2026&filter[whenTo]=14-10-2026&filter[duration]=7:10&filter[from]=Warszawa%20-%20Modlin,Warszawa%20-%20Radom,Warszawa&filter[person]=2&filter[child]=1&filter[price]=4000:20000&filter[PriceFrom]=4000&filter[PriceTo]=20000&filter[addCategory]=50&filter[addCatering]=1&filter[addMisc]=0&filter[addTransport]=F&filter[fp]=1&order_by=ofr_price&filter[tourOperator]=0&filter[childAge][1]=20201210","https://fly.pl/cdn/photo/assets/uploads/582/278/2014/07/Sunrise-Remal-Beach-ex.-Melton-Beach-Sharm-fly-pl.jpg","https://fly.pl/wycieczka/egipt,sharm-el-sheikh,szarm-el-szejk/melia-sinai/ph37n2FP4DfUUO8i8DKhF9AAogQFcBOViEAwhUmLAayR1kE-6LQqlaFmzyIpGKGzBohJAqBEpPSVAw3JWd1QZIg3VQQVjeA2ACagM0RXVyQ5sBFAEVBhcAXANYBVYCQMoGT-IBXQBe3voBUqYgUwBLxyNhABGmwQFMv8s4DZ_9lwkgAAG8s_y4w4jMoDACDWMBBAsAgMvi/ofertasv/?filter[tourOperator]=JOIP&filter%5Bperson%5D=2&filter%5BchildAge%5D%5B1%5D=20201210&filter%5Bchild%5D=1","filter_7_10_days","egipt","sharm-el-sheikh","szarm-el-szejk","2026-10-04","2026-10-11","8","7","Warszawa","2+1","egipt|sharm-el-sheikh|2026-10-04|2026-10-11|7|Warszawa|2+1"
"Rixos Premium Magawish Suites & Villas","15039.0","27.09.2026 - 04.10.2026","8 dni/7 nocy","4.8","4.8","4331","tripadvisor","Warszawa","2026-09-14T01:15:55.916721+00:00","https://fly.pl/szukaj-wycieczek/?filter[dest]=11:&filter[hotelids]=&filter[cityids]=0&filter[cregids]=&filter[ofrType]=&filter[addObjType]=&filter[whenFrom]=14-09-2026&filter[whenTo]=14-10-2026&filter[duration]=7:10&filter[from]=Warszawa%20-%20Modlin,Warszawa%20-%20Radom,Warszawa&filter[person]=2&filter[child]=1&filter[price]=4000:20000&filter[PriceFrom]=4000&filter[PriceTo]=20000&filter[addCategory]=50&filter[addCatering]=1&filter[addMisc]=0&filter[addTransport]=F&filter[fp]=1&order_by=ofr_price&filter[tourOperator]=0&filter[childAge][1]=20201210","https://fly.pl/cdn/photo/assets/uploads/582/278/2014/07/Magawish-Village-Resort-ex.-Swiss-Inn-fly-pl.jpg","https://fly.pl/wycieczka/egipt,hurghada,c/magawish-swiss-inn/pEMI2UJObwqeiy5YkCtk36AAog82qG6XJT_u7R6f4EVY3fRWI8hGXnRrVy0xMiRQCmEI4qBE9SRVgw3JWd1QZIv3VQQVi2AmACagZJVC4yLjFyNpsBFQcXAFgIVgJcCEDCBhHpAl2yDE8kU9KdAVIAXq9PS-1DYQBM5Yw6INL8lwkNAAISYwECC7EyGIo/ofertasv/?filter[tourOperator]=OREX&filter%5Bperson%5D=2&filter%5BchildAge%5D%5B1%5D=20201210&filter%5Bchild%5D=1","filter_7_10_days","egipt","hurghada","c","2026-09-27","2026-10-04","8","7","Warszawa","2+1","egipt|hurghada|2026-09-27|2026-10-04|7|Warszawa|2+1"
"Serry Beach Resort","15046.0","22.09.2026 - 29.09.2026","8 dni/7 nocy","4.8","4.8","2856","tripadvisor","Warszawa","2026-09-14T01:15:55.916721+00:00","https://fly.pl/szukaj-wycieczek/?filter[dest]=11:&filter[hotelids]=&filter[cityids]=0&filter[cregids]=&filter[ofrType]=&filter[addObjType]=&filter[whenFrom]=14-09-2026&filter[whenTo]=14-10-2026&filter[duration]=7:10&filter[from]=Warszawa%20-%20Modlin,Warszawa%20-%20Radom,Warszawa&filter[person]=2&filter[child]=1&filter[price]=4000:20000&filter[PriceFrom]=4000&filter[PriceTo]=20000&filter[addCategory]=50&filter[addCatering]=1&filter[addMisc]=0&filter[addTransport]=F&filter[fp]=1&order_by=ofr_price&filter[tourOperator]=0&filter[childAge][1]=20201210","https://fly.pl/cdn/photo/assets/uploads/582/278/2014/09/Serry-Beach-Resort.jpg","https://fly.pl/wycieczka/egipt,hurghada,c/sindbad-beach-resort/pCoPXncNQcsM9P5-e4jl3RAAogOmKtV2xQNqLATbTKSTXQOAKHsDg_1j3PwsBFGt0DAN0qBEpPSVAw3JWd1QZIxnVQQVi-AWACckMUARUGFwBcA1gFVgJAygZd4gFPAFv1ZVO6RVIAXq9PS-1DYQARlpQBTM_4OCDN_JcJDQAB_p34mNTKzKAwAg1jAQALTVQrEw/ofertasv/?filter[tourOperator]=JOIP&filter%5Bperson%5D=2&filter%5BchildAge%5D%5B1%5D=20201210&filter%5Bchild%5D=1","filter_7_10_days","egipt","hurghada","c","2026-09-22","2026-09-29","8","7","Warszawa","2+1","egipt|hurghada|2026-09-22|2026-09-29|7|Warszawa|2+1"
"Jaz Elite Riviera","15417.0","26.09.2026 - 04.10.2026","9 dni/7 nocy","","","","","Warszawa","2026-09-14T01:15:55.916721+00:00","https://fly.pl/szukaj-wycieczek/?filter[dest]=11:&filter[hotelids]=&filter[cityids]=0&filter[cregids]=&filter[ofrType]=&filter[addObjType]=&filter[whenFrom]=14-09-2026&filter[whenTo]=14-10-2026&filter[duration]=7:10&filter[from]=Warszawa%20-%20Modlin,Warszawa%20-%20Radom,Warszawa&filter[person]=2&filter[child]=1&filter[price]=4000:20000&filter[PriceFrom]=4000&filter[PriceTo]=20000&filter[addCategory]=50&filter[addCatering]=1&filter[addMisc]=0&filter[addTransport]=F&filter[fp]=1&order_by=ofr_price&filter[tourOperator]=0&filter[childAge][1]=20201210","https://datacfstatic.merlinx.pl/EXIM/IMG/106777/568b298780cd2ce6eee312f0f43ef758b5c995ecff934bf20f82542d99af1412.webp","https://fly.pl/wycieczka/egipt,marsa-alam,c/jaz-riviera-15/pKgX8wG06MlvPEWaUPrsEeAAogqYYs_w8eKfx-o-E9W_drHvPOVhexA4B-vTIRTOTMdjUqBEVYSU0w3JWd1QZIuXhQAVieAmACagJBSXIhHBGZwga5BLz9PasEGxv_nzkYzMQ6Aa_w44sKAgBjAQIL7LBvbA/ofertasv/?filter[tourOperator]=EXIM&filter%5Bperson%5D=2&filter%5BchildAge%5D%5B1%5D=20201210&filter%5Bchild%5D=1","filter_7_10_days","egipt","marsa-alam","c","2026-09-26","2026-10-04","9","7","Warszawa","2+1","egipt|marsa-alam|2026-09-26|2026-10-04|7|Warszawa|2+1"
"Amarina Abu Soma Resort","15697.0","24.09.2026 - 01.10.2026","8 dni/7 nocy","4.7","4.7","2160","tripadvisor","Warszawa","2026-09-14T01:15:55.916721+00:00","https://fly.pl/szukaj-wycieczek/?filter[dest]=11:&filter[hotelids]=&filter[cityids]=0&filter[cregids]=&filter[ofrType]=&filter[addObjType]=&filter[whenFrom]=14-09-2026&filter[whenTo]=14-10-2026&filter[duration]=7:10&filter[from]=Warszawa%20-%20Modlin,Warszawa%20-%20Radom,Warszawa&filter[person]=2&filter[child]=1&filter[price]=4000:20000&filter[PriceFrom]=4000&filter[PriceTo]=20000&filter[addCategory]=50&filter[addCatering]=1&filter[addMisc]=0&filter[addTransport]=F&filter[fp]=1&order_by=ofr_price&filter[tourOperator]=0&filter[childAge][1]=20201210","https://fly.pl/cdn/photo/assets/uploads/582/278/2019/08/Amarina-Abu-Soma-Resort.jpg","https://fly.pl/wycieczka/egipt,hurghada,c/amarina-abu-soma-resort/pmvARb_C-U4JSpF8A6vr7oAAogJoXlFRMSQGPZ1qNLZvL5M6Z2wddXfcahw7B2Bd23unoqBEVDQ1gw3JWd1QZI0XpQAVjuAWACagJBSXIgHBHxQrkE5e4VqwQbGJDUJBvflBUBuKnFzAECAGMBAgUytjNf/ofertasv/?filter[tourOperator]=ECCX&filter%5Bperson%5D=2&filter%5BchildAge%5D%5B1%5D=20201210&filter%5Bchild%5D=1","filter_7_10_days","egipt","hurghada","c","2026-09-24","2026-10-01","8","7","Warszawa","2+1","egipt|hurghada|2026-09-24|2026-10-01|7|Warszawa|2+1"
"Sunrise White Hills Resort","16287.0","04.10.2026 - 11.10.2026","8 dni/7 nocy","4.8","4.8","2113","tripadvisor","Warszawa","2026-09-14T01:15:55.916721+00:00","https://fly.pl/szukaj-wycieczek/?filter[dest]=11:&filter[hotelids]=&filter[cityids]=0&filter[cregids]=&filter[ofrType]=&filter[addObjType]=&filter[whenFrom]=14-09-2026&filter[whenTo]=14-10-2026&filter[duration]=7:10&filter[from]=Warszawa%20-%20Modlin,Warszawa%20-%20Radom,Warszawa&filter[person]=2&filter[child]=1&filter[price]=4000:20000&filter[PriceFrom]=4000&filter[PriceTo]=20000&filter[addCategory]=50&filter[addCatering]=1&filter[addMisc]=0&filter[addTransport]=F&filter[fp]=1&order_by=ofr_price&filter[tourOperator]=0&filter[childAge][1]=20201210","https://fly.pl/cdn/photo/assets/uploads/582/278/2022/12/Sunrise-White-Hills.jpg","https://fly.pl/wycieczka/egipt,sharm-el-sheikh,szarm-el-szejk/white-hills-by-sunrise-14/pRKolXZoOcXBhjZs5LIq6sAAogMmOFNfMbjeXqKUtpUNbw9u6LQqlaFmzyIpGKGzBohJAqBEpPSVAw3JWd1QZIn39QQVjeA2ACagM0WmNyQ5sBFAEVBhcAXANYBVYCQMoGT-IBXQBe3voBUqYgUwBLxyNhABGwwQFMtcs4DZ_9lwkgAAHNj5CQxIjMoDACDWMBBAs6aaoD/ofertasv/?filter[tourOperator]=JOIP&filter%5Bperson%5D=2&filter%5BchildAge%5D%5B1%5D=20201210&filter%5Bchild%5D=1","filter_7_10_days","egipt","sharm-el-sheikh","szarm-el-szejk","2026-10-04","2026-10-11","8","7","Warszawa","2+1","egipt|sharm-el-sheikh|2026-10-04|2026-10-11|7|Warszawa|2+1"
"Sunrise Tucana Resort","16417.0","24.09.2026 - 01.10.2026","8 dni/7 nocy","4.8","4.8","1119","tripadvisor","Warszawa","2026-09-14T01:15:55.916721+00:00","https://fly.pl/szukaj-wycieczek/?filter[dest]=11:&filter[hotelids]=&filter[cityids]=0&filter[cregids]=&filter[ofrType]=&filter[addObjType]=&filter[whenFrom]=14-09-2026&filter[whenTo]=14-10-2026&filter[duration]=7:10&filter[from]=Warszawa%20-%20Modlin,Warszawa%20-%20Radom,Warszawa&filter[person]=2&filter[child]=1&filter[price]=4000:20000&filter[PriceFrom]=4000&filter[PriceTo]=20000&filter[addCategory]=50&filter[addCatering]=1&filter[addMisc]=0&filter[addTransport]=F&filter[fp]=1&order_by=ofr_price&filter[tourOperator]=0&filter[childAge][1]=20201210","https://fly.pl/cdn/photo/assets/uploads/582/278/2024/07/sunrise-grand-select-tucana-resort.jpg","https://fly.pl/wycieczka/egipt,hurghada,makadi-bay/sunrise-grand-select-tucana-resort-13/pVqwm8aimykG8AGRB77IVSAAogTAoROjFOS0oaAKVJ5BdoSw5QW-LxgDEWlGYjjlpqcUcqBEVYSU0w3JWd1QZIoYABUAFY7gFgAmoCQUlyIRwRqcIGuQT8-D2rBBwbi6c5GKTdPAGjn6WuCgIAYwECC2hrSp8/ofertasv/?filter[tourOperator]=EXIM&filter%5Bperson%5D=2&filter%5BchildAge%5D%5B1%5D=20201210&filter%5Bchild%5D=1","filter_7_10_days","egipt","hurghada","makadi-bay","2026-09-24","2026-10-01","8","7","Warszawa","2+1","egipt|hurghada|2026-09-24|2026-10-01|7|Warszawa|2+1"
"Pickalbatros Blu Spa Resort Hurghada","17547.0","24.09.2026 - 01.10.2026","8 dni/7 nocy","4.9","4.9","2780","tripadvisor","Warszawa","2026-09-14T01:15:55.916721+00:00","https://fly.pl/szukaj-wycieczek/?filter[dest]=11:&filter[hotelids]=&filter[cityids]=0&filter[cregids]=&filter[ofrType]=&filter[addObjType]=&filter[whenFrom]=14-09-2026&filter[whenTo]=14-10-2026&filter[duration]=7:10&filter[from]=Warszawa%20-%20Modlin,Warszawa%20-%20Radom,Warszawa&filter[person]=2&filter[child]=1&filter[price]=4000:20000&filter[PriceFrom]=4000&filter[PriceTo]=20000&filter[addCategory]=50&filter[addCatering]=1&filter[addMisc]=0&filter[addTransport]=F&filter[fp]=1&order_by=ofr_price&filter[tourOperator]=0&filter[childAge][1]=20201210","https://fly.pl/cdn/photo/assets/uploads/582/278/2022/05/Albatros-Blu-Spa-Resort-Hurghada.jpg","https://fly.pl/wycieczka/egipt,hurghada,c/albatros-blue-spa-resort-hurghada-10/pBvoDLEeLEKjlhexj-Z0T7AAogwd0Bcq4d8I7sm--TBnDiVg5QW-LxgDEWlGYjjlpqcUcqBEVYSU0w3JWd1QZIi4kBUAFY7gFgAWoDVUFJch4cEYShBrkEoZo-qwQcG6C5LBjLgC8BsvGCjwgDAGPjElcQ/ofertasv/?filter[tourOperator]=EXIM&filter%5Bperson%5D=2&filter%5BchildAge%5D%5B1%5D=20201210&filter%5Bchild%5D=1","filter_7_10_days","egipt","hurghada","c","2026-09-24","2026-10-01","8","7","Warszawa","2+1","egipt|hurghada|2026-09-24|2026-10-01|7|Warszawa|2+1"
"Steigenberger Coraya Beach","17577.0","06.10.2026 - 13.10.2026","8 dni/7 nocy","4.8","4.8","8376","tripadvisor","Warszawa","2026-09-14T01:15:55.916721+00:00","https://fly.pl/szukaj-wycieczek/?filter[dest]=11:&filter[hotelids]=&filter[cityids]=0&filter[cregids]=&filter[ofrType]=&filter[addObjType]=&filter[whenFrom]=14-09-2026&filter[whenTo]=14-10-2026&filter[duration]=7:10&filter[from]=Warszawa%20-%20Modlin,Warszawa%20-%20Radom,Warszawa&filter[person]=2&filter[child]=1&filter[price]=4000:20000&filter[PriceFrom]=4000&filter[PriceTo]=20000&filter[addCategory]=50&filter[addCatering]=1&filter[addMisc]=0&filter[addTransport]=F&filter[fp]=1&order_by=ofr_price&filter[tourOperator]=0&filter[childAge][1]=20201210","https://fly.pl/cdn/photo/assets/uploads/582/278/2014/09/Steigenberger-Coraya-Beach-ex-Iberotel-fly-pl.jpg","https://fly.pl/wycieczka/egipt,marsa-alam,madinat-coraya/iberotel-coraya-beach/prPGG0MsHbITmLizkp25myAAog6jEeIsXFZWQptUCnM7nI-pXKRKLUm0hIkeHLg8XDsQwqBEVYSU0w3JWd1QZIqYkBUAFYjgRgAWoCQUlyHhwRkcoGuQTa9D2rBBwb6ak8GLL0PQGu7NzuCgMAYwwyJPE/ofertasv/?filter[tourOperator]=EXIM&filter%5Bperson%5D=2&filter%5BchildAge%5D%5B1%5D=20201210&filter%5Bchild%5D=1","filter_7_10_days","egipt","marsa-alam","madinat-coraya","2026-10-06","2026-10-13","8","7","Warszawa","2+1","egipt|marsa-alam|2026-10-06|2026-10-13|7|Warszawa|2+1"
"AMC Royal Hotel & Spa (ex. AMC Azur Resort)","7434.0","01.10.2026 - 08.10.2026","8 dni/7 nocy","4.4","4.4","3067","tripadvisor","Warszawa - Radom","2026-09-14T05:26:42.787163+00:00","https://fly.pl/szukaj-wycieczek/?filter[dest]=11:&filter[hotelids]=&filter[cityids]=0&filter[cregids]=&filter[ofrType]=&filter[addObjType]=&filter[whenFrom]=14-09-2026&filter[whenTo]=14-10-2026&filter[duration]=7:10&filter[from]=Warszawa%20-%20Modlin,Warszawa%20-%20Radom,Warszawa&filter[person]=2&filter[child]=1&filter[price]=4000:20000&filter[PriceFrom]=4000&filter[PriceTo]=20000&filter[addCategory]=50&filter[addCatering]=1&filter[addMisc]=0&filter[addTransport]=F&filter[fp]=1&order_by=ofr_price&filter[tourOperator]=0&filter[childAge][1]=20201210","https://fly.pl/cdn/photo/assets/uploads/582/278/2014/07/AMC-Royal-Resort.jpg","https://fly.pl/wycieczka/egipt,hurghada,c/amc-royal-ex-amc-azur-resort/p_8gGxp7stDH91AvfIv5hXAAogEeD8sdM0_6YSeso2VpnVR5tDSG7JGG1kLrratyRh_coqBE9SRVgwk4ue1QZIijpQQViSA2ACagVFLjIuMXI1mwEVBxcAXANYBVYCEQRAxgZd0w5PbFPSnQFSAF6vT0uBEmEATNG-OiCc_ZcJDQACEmMBAgykrZNq/ofertasv/?filter[tourOperator]=OREX&filter%5Bperson%5D=2&filter%5BchildAge%5D%5B1%5D=20201210&filter%5Bchild%5D=1","filter_7_10_days","egipt","hurghada","c","2026-10-01","2026-10-08","8","7","Warszawa - Radom","2+1","egipt|hurghada|2026-10-01|2026-10-08|7|Warszawa - Radom|2+1"
"Rewaya Inn Resort (ex. Hawaii Paradise Aqua Park Resort)","7591.0","22.09.2026 - 29.09.2026","8 dni/7 nocy","3.4","3.4","441","tripadvisor","Warszawa","2026-09-14T05:26:42.787163+00:00","https://fly.pl/szukaj-wycieczek/?filter[dest]=11:&filter[hotelids]=&filter[cityids]=0&filter[cregids]=&filter[ofrType]=&filter[addObjType]=&filter[whenFrom]=14-09-2026&filter[whenTo]=14-10-2026&filter[duration]=7:10&filter[from]=Warszawa%20-%20Modlin,Warszawa%20-%20Radom,Warszawa&filter[person]=2&filter[child]=1&filter[price]=4000:20000&filter[PriceFrom]=4000&filter[PriceTo]=20000&filter[addCategory]=50&filter[addCatering]=1&filter[addMisc]=0&filter[addTransport]=F&filter[fp]=1&order_by=ofr_price&filter[tourOperator]=0&filter[childAge][1]=20201210","https://fly.pl/cdn/photo/assets/uploads/582/278/2020/09/Hawaii-Paradise-Aqua-Park-Resort.jpg","https://fly.pl/wycieczka/egipt,hurghada,c/hawaii-paradise-aqua-park-resort-14/pyZUNcQlph7qXHJbZt5McuAAoger8ooXP9wtfZTXHvP_TDWAKHsDg_1j3PwsBFGt0DAN0qBEpPSVAwk4ue1QZIpztQQVi6AWACagMxMmJyQ5sBFAEVBhcAXANYBVYCQMoGT-IBXQBSr6sBUwBer09L7UNhABHEiwFMoYE5Dc38lwkgAAH635CAxYbMoDACDmMBAA0q-bCS/ofertasv/?filter[tourOperator]=JOIP&filter%5Bperson%5D=2&filter%5BchildAge%5D%5B1%5D=20201210&filter%5Bchild%5D=1","filter_7_10_days","egipt","hurghada","c","2026-09-22","2026-09-29","8","7","Warszawa","2+1","egipt|hurghada|2026-09-22|2026-09-29|7|Warszawa|2+1"
"Parrotel Lagoon Resort","7657.0","22.09.2026 - 30.09.2026","9 dni/7 nocy","4.1","4.1","1847","tripadvisor","Warszawa","2026-09-14T05:26:42.787163+00:00","https://fly.pl/szukaj-wycieczek/?filter[dest]=11:&filter[hotelids]=&filter[cityids]=0&filter[cregids]=&filter[ofrType]=&filter[addObjType]=&filter[whenFrom]=14-09-2026&filter[whenTo]=14-10-2026&filter[duration]=7:10&filter[from]=Warszawa%20-%20Modlin,Warszawa%20-%20Radom,Warszawa&filter[person]=2&filter[child]=1&filter[price]=4000:20000&filter[PriceFrom]=4000&filter[PriceTo]=20000&filter[addCategory]=50&filter[addCatering]=1&filter[addMisc]=0&filter[addTransport]=F&filter[fp]=1&order_by=ofr_price&filter[tourOperator]=0&filter[childAge][1]=20201210","https://fly.pl/cdn/photo/assets/uploads/582/278/2020/10/Parrotel-Lagoon-Resort.jpg","https://fly.pl/wycieczka/egipt,sharm-el-sheikh,szarm-el-szejk/parrotel-lagoon-resort-14/pFDQ2eHybnI1I31jdZkkBZAAogmEUDBFVsd1lGpZ2-XTEDgyT8iEZvNC5fP2LQDZq7cIkqBFZJVFgwk4ue1QZI6TtQQVi6AWACckAaABUHFwBcA1gFQI8DW6eGAV7WeVKmIFMAS8cjYQBMjbU5DaXUmAkgAVGj9YCz6QFPw_oTXYTO6rwcAg5jAQINfrMXRA/ofertasv/?filter[tourOperator]=VITX&filter%5Bperson%5D=2&filter%5BchildAge%5D%5B1%5D=20201210&filter%5Bchild%5D=1","filter_7_10_days","egipt","sharm-el-sheikh","szarm-el-szejk","2026-09-22","2026-09-30","9","7","Warszawa","2+1","egipt|sharm-el-sheikh|2026-09-22|2026-09-30|7|Warszawa|2+1"
"Dream Lagoon & Aqua Park Resort (ex. Floriana Dream Lagoon)","7677.0","26.09.2026 - 04.10.2026","9 dni/7 nocy","4.3","4.3","5726","tripadvisor","Warszawa","2026-09-14T05:26:42.787163+00:00","https://fly.pl/szukaj-wycieczek/?filter[dest]=11:&filter[hotelids]=&filter[cityids]=0&filter[cregids]=&filter[ofrType]=&filter[addObjType]=&filter[whenFrom]=14-09-2026&filter[whenTo]=14-10-2026&filter[duration]=7:10&filter[from]=Warszawa%20-%20Modlin,Warszawa%20-%20Radom,Warszawa&filter[person]=2&filter[child]=1&filter[price]=4000:20000&filter[PriceFrom]=4000&filter[PriceTo]=20000&filter[addCategory]=50&filter[addCatering]=1&filter[addMisc]=0&filter[addTransport]=F&filter[fp]=1&order_by=ofr_price&filter[tourOperator]=0&filter[childAge][1]=20201210","https://fly.pl/cdn/photo/assets/uploads/582/278/2015/11/Future-Dream-Lagoon-ex.-Floriana-Dream-Lagoon-fly-pl.jpg","https://fly.pl/wycieczka/egipt,marsa-alam,c/floriana-dream-lagoon/pXxUw5SxCB5WqjwV1j1F8AAAogs_c3xOGMhr8uDlVXRWNkSvPOVhexA4B-vTIRTOTMdjUqBEVYSU0wk4ue1QZI_TtQAViaAmACagJBSXIhHBGroQa5BKqePqsEGxuvsywY5_8uAa2g0o4IAgBjAQINvL_TsQ/ofertasv/?filter[tourOperator]=EXIM&filter%5Bperson%5D=2&filter%5BchildAge%5D%5B1%5D=20201210&filter%5Bchild%5D=1","filter_7_10_days","egipt","marsa-alam","c","2026-09-26","2026-10-04","9","7","Warszawa","2+1","egipt|marsa-alam|2026-09-26|2026-10-04|7|Warszawa|2+1"
"Royal Brayka Beach Resort (ex Zee Brayka)","7857.0","26.09.2026 - 03.10.2026","8 dni/7 nocy","4.4","4.4","2525","tripadvisor","Warszawa","2026-09-14T05:26:42.787163+00:00","https://fly.pl/szukaj-wycieczek/?filter[dest]=11:&filter[hotelids]=&filter[cityids]=0&filter[cregids]=&filter[ofrType]=&filter[addObjType]=&filter[whenFrom]=14-09-2026&filter[whenTo]=14-10-2026&filter[duration]=7:10&filter[from]=Warszawa%20-%20Modlin,Warszawa%20-%20Radom,Warszawa&filter[person]=2&filter[child]=1&filter[price]=4000:20000&filter[PriceFrom]=4000&filter[PriceTo]=20000&filter[addCategory]=50&filter[addCatering]=1&filter[addMisc]=0&filter[addTransport]=F&filter[fp]=1&order_by=ofr_price&filter[tourOperator]=0&filter[childAge][1]=20201210","https://fly.pl/cdn/photo/assets/uploads/582/278/2014/07/Royal-Brayka-Resort.jpg","https://fly.pl/wycieczka/egipt,marsa-alam,c/royal-brayka-resort/phNx7f2Ra7eezvrw9bdcZ8AAogkcVi9R1xiRSj6EFB35N_7MRzWliHhQArDeGF2TEx_GcqBFZJVFgwk4ue1QZIsT1QQViaAmACckAaABUHFwBcA1gFQI8DW7-DAV6-fFK8FFMAS7EvYQBMjLU5DarUmAkgAFHUi7_23wFPkpANXZz4r_klAg5jAQINnnmJ_A/ofertasv/?filter[tourOperator]=VITX&filter%5Bperson%5D=2&filter%5BchildAge%5D%5B1%5D=20201210&filter%5Bchild%5D=1","filter_7_10_days","egipt","marsa-alam","c","2026-09-26","2026-10-03","8","7","Warszawa","2+1","egipt|marsa-alam|2026-09-26|2026-10-03|7|Warszawa|2+1"
"Casa Mare Resort (ex. Royal Tulip Beach Resort)","7857.0","25.09.2026 - 02.10.2026","8 dni/7 nocy","4.7","4.7","4700","tripadvisor","Warszawa","2026-09-14T05:26:42.787163+00:00","https://fly.pl/szukaj-wycieczek/?filter[dest]=11:&filter[hotelids]=&filter[cityids]=0&filter[cregids]=&filter[ofrType]=&filter[addObjType]=&filter[whenFrom]=14-09-2026&filter[whenTo]=14-10-2026&filter[duration]=7:10&filter[from]=Warszawa%20-%20Modlin,Warszawa%20-%20Radom,Warszawa&filter[person]=2&filter[child]=1&filter[price]=4000:20000&filter[PriceFrom]=4000&filter[PriceTo]=20000&filter[addCategory]=50&filter[addCatering]=1&filter[addMisc]=0&filter[addTransport]=F&filter[fp]=1&order_by=ofr_price&filter[tourOperator]=0&filter[childAge][1]=20201210","https://fly.pl/cdn/photo/assets/uploads/582/278/2015/12/Casa-Mare-Resort.jpg","https://fly.pl/wycieczka/egipt,marsa-alam,c/royal-tulip-beach-resort/p1lc6iU5yWPs-c_RzaGfSCAAogXYTSs6V_oQ3tBXGsIBeJmWyGZ14NCGkVsR96Jj6NS-cqBFZJVFgwk4ue1QZIsT1QQViCAmACckAaABUHFwBcA1gFQI8DW5eFAV7melK8FFMAS7EvYQBMj7U5DabUmAkgAFHyncX23wFP9_0GXZz4r_klAg5jAQINXPzdaA/ofertasv/?filter[tourOperator]=VITX&filter%5Bperson%5D=2&filter%5BchildAge%5D%5B1%5D=20201210&filter%5Bchild%5D=1","filter_7_10_days","egipt","marsa-alam","c","2026-09-25","2026-10-02","8","7","Warszawa","2+1","egipt|marsa-alam|2026-09-25|2026-10-02|7|Warszawa|2+1"
"Siva Golden Bay Makadi","7957.0","24.09.2026 - 01.10.2026","8 dni/7 nocy","4.6","4.6","856","tripadvisor","Warszawa","2026-09-14T05:26:42.787163+00:00","https://fly.pl/szukaj-wycieczek/?filter[dest]=11:&filter[hotelids]=&filter[cityids]=0&filter[cregids]=&filter[ofrType]=&filter[addObjType]=&filter[whenFrom]=14-09-2026&filter[whenTo]=14-10-2026&filter[duration]=7:10&filter[from]=Warszawa%20-%20Modlin,Warszawa%20-%20Radom,Warszawa&filter[person]=2&filter[child]=1&filter[price]=4000:20000&filter[PriceFrom]=4000&filter[PriceTo]=20000&filter[addCategory]=50&filter[addCatering]=1&filter[addMisc]=0&filter[addTransport]=F&filter[fp]=1&order_by=ofr_price&filter[tourOperator]=0&filter[childAge][1]=20201210","https://fly.pl/cdn/photo/assets/uploads/582/278/2024/07/siva-golden-bay-makadi.jpg","https://fly.pl/wycieczka/egipt,hurghada,makadi-bay/siva-golden-bay-makadi-10/pOfPZS60skqRgy7jdjJZdGAAogK7iit695a8OSMDhhBjF_1w5QW-LxgDEWlGYjjlpqcUcqBEVYSU0wk4ue1QZIlT5QAVjqAWACagJBSXIhHBHGuwa5BN__PasEHBvy5C8Yhto2AYSOtYsJAgBjAQIHLyt2vg/ofertasv/?filter[tourOperator]=EXIM&filter%5Bperson%5D=2&filter%5BchildAge%5D%5B1%5D=20201210&filter%5Bchild%5D=1","filter_7_10_days","egipt","hurghada","makadi-bay","2026-09-24","2026-10-01","8","7","Warszawa","2+1","egipt|hurghada|2026-09-24|2026-10-01|7|Warszawa|2+1"
"Serenity Alma Heights (ex. Serenity Fun City)","8037.0","24.09.2026 - 01.10.2026","8 dni/7 nocy","4.7","4.7","5517","tripadvisor","Warszawa - Radom","2026-09-14T05:26:42.787163+00:00","https://fly.pl/szukaj-wycieczek/?filter[dest]=11:&filter[hotelids]=&filter[cityids]=0&filter[cregids]=&filter[ofrType]=&filter[addObjType]=&filter[whenFrom]=14-09-2026&filter[whenTo]=14-10-2026&filter[duration]=7:10&filter[from]=Warszawa%20-%20Modlin,Warszawa%20-%20Radom,Warszawa&filter[person]=2&filter[child]=1&filter[price]=4000:20000&filter[PriceFrom]=4000&filter[PriceTo]=20000&filter[addCategory]=50&filter[addCatering]=1&filter[addMisc]=0&filter[addTransport]=F&filter[fp]=1&order_by=ofr_price&filter[tourOperator]=0&filter[childAge][1]=20201210","https://fly.pl/cdn/photo/assets/uploads/582/278/2014/09/Serenity-Alma-Heights.jpg","https://fly.pl/wycieczka/egipt,hurghada,makadi-bay/serenity-fun-city/pPt6lWnCtehL8blQ_kMvFdAAogkv4rQTbswpKD4g-FYe-hI3uHt-JRXqpSz_DOtw-0xygqBE9SRVgwk4ue1QZI5T5QQVjqAWACagZFQy4yLjFyNZsBFQcXAFgIVgJcCBFEQP4FXdMOT2xT0p0BUgBer09LgRJhAEzRvjogz_yXCQ0AAhJjAQIMKGVE1w/ofertasv/?filter[tourOperator]=OREX&filter%5Bperson%5D=2&filter%5BchildAge%5D%5B1%5D=20201210&filter%5Bchild%5D=1","filter_7_10_days","egipt","hurghada","makadi-bay","2026-09-24","2026-10-01","8","7","Warszawa - Radom","2+1","egipt|hurghada|2026-09-24|2026-10-01|7|Warszawa - Radom|2+1"
"Amarina Jannah Resort Aquapark","8157.0","26.09.2026 - 04.10.2026","9 dni/7 nocy","4.7","4.7","672","tripadvisor","Warszawa","2026-09-14T05:26:42.787163+00:00","https://fly.pl/szukaj-wycieczek/?filter[dest]=11:&filter[hotelids]=&filter[cityids]=0&filter[cregids]=&filter[ofrType]=&filter[addObjType]=&filter[whenFrom]=14-09-2026&filter[whenTo]=14-10-2026&filter[duration]=7:10&filter[from]=Warszawa%20-%20Modlin,Warszawa%20-%20Radom,Warszawa&filter[person]=2&filter[child]=1&filter[price]=4000:20000&filter[PriceFrom]=4000&filter[PriceTo]=20000&filter[addCategory]=50&filter[addCatering]=1&filter[addMisc]=0&filter[addTransport]=F&filter[fp]=1&order_by=ofr_price&filter[tourOperator]=0&filter[childAge][1]=20201210","https://fly.pl/cdn/photo/assets/uploads/582/278/2023/04/Amarina-Jannah-Resort-Aquapark.jpg","https://fly.pl/wycieczka/egipt,marsa-alam,port-ghalib/amarina-jannah-resort-aquapark-15/pE3wDEQ2K1-33HZD04IY1_AAogYn5va52_isPiCuMyVBRry_POVhexA4B-vTIRTOTMdjUqBEVYSU0wk4ue1QZI3T9QAViaAmACagJBSXIhHBHjsga5BPKMPqsEGxvm1i0Y3vkzAYaH09QIAgBjAQIOneSxHQ/ofertasv/?filter[tourOperator]=EXIM&filter%5Bperson%5D=2&filter%5BchildAge%5D%5B1%5D=20201210&filter%5Bchild%5D=1","filter_7_10_days","egipt","marsa-alam","port-ghalib","2026-09-26","2026-10-04","9","7","Warszawa","2+1","egipt|marsa-alam|2026-09-26|2026-10-04|7|Warszawa|2+1"
"Novotel Marsa Alam","8197.0","26.09.2026 - 04.10.2026","9 dni/7 nocy","4.5","4.5","3679","tripadvisor","Warszawa","2026-09-14T05:26:42.787163+00:00","https://fly.pl/szukaj-wycieczek/?filter[dest]=11:&filter[hotelids]=&filter[cityids]=0&filter[cregids]=&filter[ofrType]=&filter[addObjType]=&filter[whenFrom]=14-09-2026&filter[whenTo]=14-10-2026&filter[duration]=7:10&filter[from]=Warszawa%20-%20Modlin,Warszawa%20-%20Radom,Warszawa&filter[person]=2&filter[child]=1&filter[price]=4000:20000&filter[PriceFrom]=4000&filter[PriceTo]=20000&filter[addCategory]=50&filter[addCatering]=1&filter[addMisc]=0&filter[addTransport]=F&filter[fp]=1&order_by=ofr_price&filter[tourOperator]=0&filter[childAge][1]=20201210","https://fly.pl/cdn/photo/assets/uploads/582/278/2015/09/Novotel-Marsa-Alam.jpg","https://fly.pl/wycieczka/egipt,marsa-alam,c/novotel-marsa-alam/pbsg5k4SeSqeGq75csHuV-AAogJFX3PVr01TWZJ7ErCjV9cfPOVhexA4B-vTIRTOTMdjUqBEVYSU0wk4ue1QZIhUBQAViaAmACagJBSXIhHBGvoQa5BKaePqsEGxv1sywY5v8uAbe_0o4IAgBjAQINen2TKw/ofertasv/?filter[tourOperator]=EXIM&filter%5Bperson%5D=2&filter%5BchildAge%5D%5B1%5D=20201210&filter%5Bchild%5D=1","filter_7_10_days","egipt","marsa-alam","c","2026-09-26","2026-10-04","9","7","Warszawa","2+1","egipt|marsa-alam|2026-09-26|2026-10-04|7|Warszawa|2+1"
"IL Mercato Splash Aqua Park","8281.0","27.09.2026 - 04.10.2026","8 dni/7 nocy","4.4","4.4","2265","tripadvisor","Warszawa","2026-09-14T05:26:42.787163+00:00","https://fly.pl/szukaj-wycieczek/?filter[dest]=11:&filter[hotelids]=&filter[cityids]=0&filter[cregids]=&filter[ofrType]=&filter[addObjType]=&filter[whenFrom]=14-09-2026&filter[whenTo]=14-10-2026&filter[duration]=7:10&filter[from]=Warszawa%20-%20Modlin,Warszawa%20-%20Radom,Warszawa&filter[person]=2&filter[child]=1&filter[price]=4000:20000&filter[PriceFrom]=4000&filter[PriceTo]=20000&filter[addCategory]=50&filter[addCatering]=1&filter[addMisc]=0&filter[addTransport]=F&filter[fp]=1&order_by=ofr_price&filter[tourOperator]=0&filter[childAge][1]=20201210","https://fly.pl/cdn/photo/assets/uploads/582/278/2014/07/Il-Mercato-Hotel-Spa-Sharm-El-Sheikh.jpg","https://fly.pl/wycieczka/egipt,sharm-el-sheikh,c/iberotel-il-mercato/puesWFNxMdso5t9PZBoB0gAAogyK3R0wXF1UE9KC9A_lH8gdvhBFpwv_tYWcE8EXXr1-EqBEpPSVAwk4ue1QZI2UBQQViyAmACagNDR21yQpsBFAEVBhcAXANYBVYCQMoGT-IBXQBe3voBEcsXUtsIUwBLxyNhAEzljDoN0vyXCSAAAYK4jNDEiMygMAINYwEAC90qxR8/ofertasv/?filter[tourOperator]=JOIP&filter%5Bperson%5D=2&filter%5BchildAge%5D%5B1%5D=20201210&filter%5Bchild%5D=1","filter_7_10_days","egipt","sharm-el-sheikh","c","2026-09-27","2026-10-04","8","7","Warszawa","2+1","egipt|sharm-el-sheikh|2026-09-27|2026-10-04|7|Warszawa|2+1"
"Rewaya Luxury Resort","8325.0","24.09.2026 - 01.10.2026","8 dni/7 nocy","","","","","Warszawa - Radom","2026-09-14T05:26:42.787163+00:00","https://fly.pl/szukaj-wycieczek/?filter[dest]=11:&filter[hotelids]=&filter[cityids]=0&filter[cregids]=&filter[ofrType]=&filter[addObjType]=&filter[whenFrom]=14-09-2026&filter[whenTo]=14-10-2026&filter[duration]=7:10&filter[from]=Warszawa%20-%20Modlin,Warszawa%20-%20Radom,Warszawa&filter[person]=2&filter[child]=1&filter[price]=4000:20000&filter[PriceFrom]=4000&filter[PriceTo]=20000&filter[addCategory]=50&filter[addCatering]=1&filter[addMisc]=0&filter[addTransport]=F&filter[fp]=1&order_by=ofr_price&filter[tourOperator]=0&filter[childAge][1]=20201210","https://datacfstatic.merlinx.pl/OREX/IMG/7196/98632a66aafed855a3e14a56bb184588a24fd60292558013accfa38c141d9a9b.webp","https://fly.pl/wycieczka/egipt,hurghada,c/rewaya-luxury-resort-9/pVUVR3ggrRYoZDfUG8-qLGAAognRhp1ifD7n5hYXkS3uPQGnuHt-JRXqpSz_DOtw-0xygqBE9SRVgwk4ue1QZIhUFQQVjqAWACagVFLjIuMXI1mwEVBxcAWAhWAlwIQMIGXdMOT2wRgiJT0HtSAF6vT0uBEmEATNG-OiDP_JcJDQACEmMBAg037hns/ofertasv/?filter[tourOperator]=OREX&filter%5Bperson%5D=2&filter%5BchildAge%5D%5B1%5D=20201210&filter%5Bchild%5D=1","filter_7_10_days","egipt","hurghada","c","2026-09-24","2026-10-01","8","7","Warszawa - Radom","2+1","egipt|hurghada|2026-09-24|2026-10-01|7|Warszawa - Radom|2+1"
"Creek Hotel and Residences","8366.0","24.09.2026 - 01.10.2026","8 dni/7 nocy","4.8","4.8","219","tripadvisor","Warszawa - Radom","2026-09-14T05:26:42.787163+00:00","https://fly.pl/szukaj-wycieczek/?filter[dest]=11:&filter[hotelids]=&filter[cityids]=0&filter[cregids]=&filter[ofrType]=&filter[addObjType]=&filter[whenFrom]=14-09-2026&filter[whenTo]=14-10-2026&filter[duration]=7:10&filter[from]=Warszawa%20-%20Modlin,Warszawa%20-%20Radom,Warszawa&filter[person]=2&filter[child]=1&filter[price]=4000:20000&filter[PriceFrom]=4000&filter[PriceTo]=20000&filter[addCategory]=50&filter[addCatering]=1&filter[addMisc]=0&filter[addTransport]=F&filter[fp]=1&order_by=ofr_price&filter[tourOperator]=0&filter[childAge][1]=20201210","https://fly.pl/cdn/photo/assets/uploads/582/278/2024/07/creek-hotel-residences.jpg","https://fly.pl/wycieczka/egipt,hurghada,al-dzuna/creek-hotel-residences-9/pcO_pV2ovQ6z39loJH_9-bAAogQIxuNaKCn6l5hB_Z_qyL-3uHt-JRXqpSz_DOtw-0xygqBE9SRVgwk4ue1QZIrkFQQVjqAWACagdNMkUuMi4xcjabARUHFwBcA1gFVgJAygZd0w5PbBGCB1PQlgFSAF6vT0uBEmEATNG-OiDP_JcJDQACEmMBAgs97t2e/ofertasv/?filter[tourOperator]=OREX&filter%5Bperson%5D=2&filter%5BchildAge%5D%5B1%5D=20201210&filter%5Bchild%5D=1","filter_7_10_days","egipt","hurghada","al-dzuna","2026-09-24","2026-10-01","8","7","Warszawa - Radom","2+1","egipt|hurghada|2026-09-24|2026-10-01|7|Warszawa - Radom|2+1"
"Rehana Royal Beach Resort & Spa","8461.0","27.09.2026 - 04.10.2026","8 dni/7 nocy","4.3","4.3","4678","tripadvisor","Warszawa","2026-09-14T05:26:42.787163+00:00","https://fly.pl/szukaj-wycieczek/?filter[dest]=11:&filter[hotelids]=&filter[cityids]=0&filter[cregids]=&filter[ofrType]=&filter[addObjType]=&filter[whenFrom]=14-09-2026&filter[whenTo]=14-10-2026&filter[duration]=7:10&filter[from]=Warszawa%20-%20Modlin,Warszawa%20-%20Radom,Warszawa&filter[person]=2&filter[child]=1&filter[price]=4000:20000&filter[PriceFrom]=4000&filter[PriceTo]=20000&filter[addCategory]=50&filter[addCatering]=1&filter[addMisc]=0&filter[addTransport]=F&filter[fp]=1&order_by=ofr_price&filter[tourOperator]=0&filter[childAge][1]=20201210","https://fly.pl/cdn/photo/assets/uploads/582/278/2016/11/Rehana-Royal-Beach-Resort-amp-Spa.jpg","https://fly.pl/wycieczka/egipt,sharm-el-sheikh,c/rehana-royal-beach-resort-spa/pbFW5RG8qGa_0dkGvIkofXAAogDH7tKRZnTfyoBCAh7xvifNvhBFpwv_tYWcE8EXXr1-EqBEpPSVAwk4ue1QZIjUJQQViyAmACagMwMHdyQpsBFAEVBhcAXANYBVYCQMoGT-IBXQAR88gBXusxUqYgUwBLxyNhAEzljDoN0vyXCSAAAYTM0PjEiMygMAINYwEADDAdVw4/ofertasv/?filter[tourOperator]=JOIP&filter%5Bperson%5D=2&filter%5BchildAge%5D%5B1%5D=20201210&filter%5Bchild%5D=1","filter_7_10_days","egipt","sharm-el-sheikh","c","2026-09-27","2026-10-04","8","7","Warszawa","2+1","egipt|sharm-el-sheikh|2026-09-27|2026-10-04|7|Warszawa|2+1"
"Sea Star Beau Rivage","8471.0","06.10.2026 - 13.10.2026","8 dni/7 nocy","4.5","4.5","4299","tripadvisor","Warszawa","2026-09-14T05:26:42.787163+00:00","https://fly.pl/szukaj-wycieczek/?filter[dest]=11:&filter[hotelids]=&filter[cityids]=0&filter[cregids]=&filter[ofrType]=&filter[addObjType]=&filter[whenFrom]=14-09-2026&filter[whenTo]=14-10-2026&filter[duration]=7:10&filter[from]=Warszawa%20-%20Modlin,Warszawa%20-%20Radom,Warszawa&filter[person]=2&filter[child]=1&filter[price]=4000:20000&filter[PriceFrom]=4000&filter[PriceTo]=20000&filter[addCategory]=50&filter[addCatering]=1&filter[addMisc]=0&filter[addTransport]=F&filter[fp]=1&order_by=ofr_price&filter[tourOperator]=0&filter[childAge][1]=20201210","https://fly.pl/cdn/photo/assets/uploads/582/278/2014/07/Sea-Star-Beau-Rivage-fly-pl.jpg","https://fly.pl/wycieczka/egipt,hurghada,c/sea-star-beau-rivage/pRDVvybVeKEP-jCgsRKLc5AAogWzllsSxKLApvPTl2cC_E_d1Ra35vaD1OLsrZzzRttekqBEpPSVAwk4ue1QZIl0JQQViKBGACagMwZmRyQpsBFAEVBhcAXANYBVYCQMoGT-IBXQBSr6sBUwARxxpe6DRL7UNhAEzljDoNof2XCSAAAbyVgPDEhsygMAINYwEADI3LfAc/ofertasv/?filter[tourOperator]=JOIP&filter%5Bperson%5D=2&filter%5BchildAge%5D%5B1%5D=20201210&filter%5Bchild%5D=1","filter_7_10_days","egipt","hurghada","c","2026-10-06","2026-10-13","8","7","Warszawa","2+1","egipt|hurghada|2026-10-06|2026-10-13|7|Warszawa|2+1"
"Xperience Kiroseiz Premier","8504.0","27.09.2026 - 04.10.2026","8 dni/7 nocy","4.5","4.5","993","tripadvisor","Warszawa","2026-09-14T05:26:42.787163+00:00","https://fly.pl/szukaj-wycieczek/?filter[dest]=11:&filter[hotelids]=&filter[cityids]=0&filter[cregids]=&filter[ofrType]=&filter[addObjType]=&filter[whenFrom]=14-09-2026&filter[whenTo]=14-10-2026&filter[duration]=7:10&filter[from]=Warszawa%20-%20Modlin,Warszawa%20-%20Radom,Warszawa&filter[person]=2&filter[child]=1&filter[price]=4000:20000&filter[PriceFrom]=4000&filter[PriceTo]=20000&filter[addCategory]=50&filter[addCatering]=1&filter[addMisc]=0&filter[addTransport]=F&filter[fp]=1&order_by=ofr_price&filter[tourOperator]=0&filter[childAge][1]=20201210","https://fly.pl/cdn/photo/assets/uploads/582/278/2015/11/Xperience-Kiroseiz-Premier-fly-pl-3.jpg","https://fly.pl/wycieczka/egipt,sharm-el-sheikh,c/xperience-kiroseiz-premier/pxtcVZcFRYCTQSO_7V0rOXAAogc5qsI0a47M53bgGd0dOQ4tvhBFpwv_tYWcE8EXXr1-EqBEpPSVAwk4ue1QZIuEJQQViyAmACagNDR21yQpsBFAEVBhcAXANYBVYCQMoGT-IBXQBe3voBEeYSUsANUwBLxyNhAEzljDoN0vyXCSAAAZO0_LC0iMygMAINYwEACzHXG4k/ofertasv/?filter[tourOperator]=JOIP&filter%5Bperson%5D=2&filter%5BchildAge%5D%5B1%5D=20201210&filter%5Bchild%5D=1","filter_7_10_days","egipt","sharm-el-sheikh","c","2026-09-27","2026-10-04","8","7","Warszawa","2+1","egipt|sharm-el-sheikh|2026-09-27|2026-10-04|7|Warszawa|2+1"
"Fantazia Resort","8516.0","26.09.2026 - 03.10.2026","8 dni/7 nocy","4.4","4.4","5979","tripadvisor","Warszawa","2026-09-14T05:26:42.787163+00:00","https://fly.pl/szukaj-wycieczek/?filter[dest]=11:&filter[hotelids]=&filter[cityids]=0&filter[cregids]=&filter[ofrType]=&filter[addObjType]=&filter[whenFrom]=14-09-2026&filter[whenTo]=14-10-2026&filter[duration]=7:10&filter[from]=Warszawa%20-%20Modlin,Warszawa%20-%20Radom,Warszawa&filter[person]=2&filter[child]=1&filter[price]=4000:20000&filter[PriceFrom]=4000&filter[PriceTo]=20000&filter[addCategory]=50&filter[addCatering]=1&filter[addMisc]=0&filter[addTransport]=F&filter[fp]=1&order_by=ofr_price&filter[tourOperator]=0&filter[childAge][1]=20201210","https://fly.pl/cdn/photo/assets/uploads/582/278/2016/11/Fantazia-Resort.jpg","https://fly.pl/wycieczka/egipt,marsa-alam,c/fantazia-resort/p2O8Vbq0yclDbc9KDgTvuKAAogfdn1GIvi-oLVUBBUd8os67jCD0UEpn4QE69Z5aCniz4qBEpPSVAwk4ue1QZIxEJQQViaAmACagMzSXFyQpsBFAEVBhcAXANYBVYCQMoGT-IBXQBe3voBEcsBUvESUwBLsS9hAEzljDoN0fyXCSAAAZHi0LDl5tCgMAINYwEADALbkbM/ofertasv/?filter[tourOperator]=JOIP&filter%5Bperson%5D=2&filter%5BchildAge%5D%5B1%5D=20201210&filter%5Bchild%5D=1","filter_7_10_days","egipt","marsa-alam","c","2026-09-26","2026-10-03","8","7","Warszawa","2+1","egipt|marsa-alam|2026-09-26|2026-10-03|7|Warszawa|2+1"
"Stella Gardens Resort & Spa (ex Stella Di Mare Gardens)","8560.0","22.09.2026 - 29.09.2026","8 dni/7 nocy","4.5","4.5","2772","tripadvisor","Warszawa","2026-09-14T05:26:42.787163+00:00","https://fly.pl/szukaj-wycieczek/?filter[dest]=11:&filter[hotelids]=&filter[cityids]=0&filter[cregids]=&filter[ofrType]=&filter[addObjType]=&filter[whenFrom]=14-09-2026&filter[whenTo]=14-10-2026&filter[duration]=7:10&filter[from]=Warszawa%20-%20Modlin,Warszawa%20-%20Radom,Warszawa&filter[person]=2&filter[child]=1&filter[price]=4000:20000&filter[PriceFrom]=4000&filter[PriceTo]=20000&filter[addCategory]=50&filter[addCatering]=1&filter[addMisc]=0&filter[addTransport]=F&filter[fp]=1&order_by=ofr_price&filter[tourOperator]=0&filter[childAge][1]=20201210","https://fly.pl/cdn/photo/assets/uploads/582/278/2014/10/Stella-Di-Mare-Gardens-Resort-Spa.jpg","https://fly.pl/wycieczka/egipt,hurghada,makadi-bay/stella-makadi-garden/pRa_K2bZFNk2ZpuRheZ8u7AAog3b7o2x_OmWTihTvjnxAouAKHsDg_1j3PwsBFGt0DAN0qBEpPSVAwk4ue1QZI8EJQQVi6AWACagMwMEZyQpsBFAEVBhcAXANYBVYCQMoGT-IBXQBSr6sBUwARxjBe6R5L7UNhAEzljDoNzfyXCSAAAZ6Q2ODEhsygMAIOYwEADTzNUTc/ofertasv/?filter[tourOperator]=JOIP&filter%5Bperson%5D=2&filter%5BchildAge%5D%5B1%5D=20201210&filter%5Bchild%5D=1","filter_7_10_days","egipt","hurghada","makadi-bay","2026-09-22","2026-09-29","8","7","Warszawa","2+1","egipt|hurghada|2026-09-22|2026-09-29|7|Warszawa|2+1"
"Movenpick Waterpark Resort & Spa Soma Bay","8672.0","01.10.2026 - 08.10.2026","8 dni/7 nocy","4.3","4.3","4073","tripadvisor","Warszawa - Radom","2026-09-14T05:26:42.787163+00:00","https://fly.pl/szukaj-wycieczek/?filter[dest]=11:&filter[hotelids]=&filter[cityids]=0&filter[cregids]=&filter[ofrType]=&filter[addObjType]=&filter[whenFrom]=14-09-2026&filter[whenTo]=14-10-2026&filter[duration]=7:10&filter[from]=Warszawa%20-%20Modlin,Warszawa%20-%20Radom,Warszawa&filter[person]=2&filter[child]=1&filter[price]=4000:20000&filter[PriceFrom]=4000&filter[PriceTo]=20000&filter[addCategory]=50&filter[addCatering]=1&filter[addMisc]=0&filter[addTransport]=F&filter[fp]=1&order_by=ofr_price&filter[tourOperator]=0&filter[childAge][1]=20201210","https://fly.pl/cdn/photo/assets/uploads/582/278/2009/02/Movenpick-Soma-Bay2539.jpg","https://fly.pl/wycieczka/egipt,hurghada,c/movenpick-soma-bay/pS0tCfoQljfM14Ago99qfNAAogZF3So63knFyKjTVWjjBNXptDSG7JGG1kLrratyRh_coqBE9SRVgwk4ue1QZI4ENQQViSA2ACagdNM1IuMi4xcjWbARUHFwBcA1gFVgJAygYREl3BDk9sU9KdAVIAXq9PS4ESYQBM0b46IJz9lwkNAAISYwECC_L1y7Y/ofertasv/?filter[tourOperator]=OREX&filter%5Bperson%5D=2&filter%5BchildAge%5D%5B1%5D=20201210&filter%5Bchild%5D=1","filter_7_10_days","egipt","hurghada","c","2026-10-01","2026-10-08","8","7","Warszawa - Radom","2+1","egipt|hurghada|2026-10-01|2026-10-08|7|Warszawa - Radom|2+1"
"Retac Qunay Dahab Resort & Spa","8678.0","27.09.2026 - 04.10.2026","8 dni/7 nocy","4.3","4.3","1707","tripadvisor","Warszawa","2026-09-14T05:26:42.787163+00:00","https://fly.pl/szukaj-wycieczek/?filter[dest]=11:&filter[hotelids]=&filter[cityids]=0&filter[cregids]=&filter[ofrType]=&filter[addObjType]=&filter[whenFrom]=14-09-2026&filter[whenTo]=14-10-2026&filter[duration]=7:10&filter[from]=Warszawa%20-%20Modlin,Warszawa%20-%20Radom,Warszawa&filter[person]=2&filter[child]=1&filter[price]=4000:20000&filter[PriceFrom]=4000&filter[PriceTo]=20000&filter[addCategory]=50&filter[addCatering]=1&filter[addMisc]=0&filter[addTransport]=F&filter[fp]=1&order_by=ofr_price&filter[tourOperator]=0&filter[childAge][1]=20201210","https://fly.pl/cdn/photo/assets/uploads/582/278/2014/09/Retac-Qunay-Dahab.jpg","https://fly.pl/wycieczka/egipt,dahab,c/le-meridien-dahab-bay/pKM01KP11-EHrJ8-352DVJAAogaYjHUiP2my3qB9g9uPSD49vhBFpwv_tYWcE8EXXr1-EqBEpPSVAwk4ue1QZI5kNQQViyAmACagNDR21yQpsBFAEVBhcAXANYBVYCQMoGT-IBXQARrdEBXrEpUqYgUwBLxyNhAEzljDoN0vyXCSAAAZjA1JDFiMygMAINYwEAC3u4nUQ/ofertasv/?filter[tourOperator]=JOIP&filter%5Bperson%5D=2&filter%5BchildAge%5D%5B1%5D=20201210&filter%5Bchild%5D=1","filter_7_10_days","egipt","dahab","c","2026-09-27","2026-10-04","8","7","Warszawa","2+1","egipt|dahab|2026-09-27|2026-10-04|7|Warszawa|2+1"
"The Cascades Golf Resort Spa & Thalasso (ex Westin Soma Bay)","8685.0","22.09.2026 - 29.09.2026","8 dni/7 nocy","4.4","4.4","280","tripadvisor","Warszawa","2026-09-14T05:26:42.787163+00:00","https://fly.pl/szukaj-wycieczek/?filter[dest]=11:&filter[hotelids]=&filter[cityids]=0&filter[cregids]=&filter[ofrType]=&filter[addObjType]=&filter[whenFrom]=14-09-2026&filter[whenTo]=14-10-2026&filter[duration]=7:10&filter[from]=Warszawa%20-%20Modlin,Warszawa%20-%20Radom,Warszawa&filter[person]=2&filter[child]=1&filter[price]=4000:20000&filter[PriceFrom]=4000&filter[PriceTo]=20000&filter[addCategory]=50&filter[addCatering]=1&filter[addMisc]=0&filter[addTransport]=F&filter[fp]=1&order_by=ofr_price&filter[tourOperator]=0&filter[childAge][1]=20201210","https://fly.pl/cdn/photo/assets/uploads/582/278/2014/10/The-Cascades-Golf-Resort-Spa-Thalasso.jpg","https://fly.pl/wycieczka/egipt,hurghada,soma-bay/la-residence-des-cascades/pe_JO280hvu5ALfFjerYgsAAogZ4DIr8aqmC4xEm2LS5ny2gKHsDg_1j3PwsBFGt0DAN0qBEpPSVAwk4ue1QZI7UNQQVi6AWACckIUARUGFwBcA1gFVgJAygZd4gFPAFu1UlP6WFIAXq9PS-1DYQARrCxMueA5IM38lwkNAAH34fCP04bMoDACDWMBAAzqvUNG/ofertasv/?filter[tourOperator]=JOIP&filter%5Bperson%5D=2&filter%5BchildAge%5D%5B1%5D=20201210&filter%5Bchild%5D=1","filter_7_10_days","egipt","hurghada","soma-bay","2026-09-22","2026-09-29","8","7","Warszawa","2+1","egipt|hurghada|2026-09-22|2026-09-29|7|Warszawa|2+1"
"Amarina Sun Resort & Aqua Park (ex. Raouf Sun International Aqua Park & SPA)","8693.0","27.09.2026 - 04.10.2026","8 dni/7 nocy","3.8","3.8","328","tripadvisor","Warszawa","2026-09-14T05:26:42.787163+00:00","https://fly.pl/szukaj-wycieczek/?filter[dest]=11:&filter[hotelids]=&filter[cityids]=0&filter[cregids]=&filter[ofrType]=&filter[addObjType]=&filter[whenFrom]=14-09-2026&filter[whenTo]=14-10-2026&filter[duration]=7:10&filter[from]=Warszawa%20-%20Modlin,Warszawa%20-%20Radom,Warszawa&filter[person]=2&filter[child]=1&filter[price]=4000:20000&filter[PriceFrom]=4000&filter[PriceTo]=20000&filter[addCategory]=50&filter[addCatering]=1&filter[addMisc]=0&filter[addTransport]=F&filter[fp]=1&order_by=ofr_price&filter[tourOperator]=0&filter[childAge][1]=20201210","https://fly.pl/cdn/photo/assets/uploads/582/278/2024/07/raouf-sun-international-aqua-park-spa.jpg","https://fly.pl/wycieczka/egipt,sharm-el-sheikh,szarm-el-szejk/raouf-international-aqua-park-spa-14/pND4P6j15ZYCsvKrkfGmdmAAogDMzrR9iJSSW0yhRwXrgWA9vhBFpwv_tYWcE8EXXr1-EqBEpPSVAwk4ue1QZI9UNQQViyAmACagMxMm9yQ5sBFAEVBhcAXANYBVYCQMoGT-IBXQBe3voBUqYgUwBLxyNhABHPiAFMloQ5DdL8lwkgAAGCuty4w4jMoDACDWMBAAy3QXj9/ofertasv/?filter[tourOperator]=JOIP&filter%5Bperson%5D=2&filter%5BchildAge%5D%5B1%5D=20201210&filter%5Bchild%5D=1","filter_7_10_days","egipt","sharm-el-sheikh","szarm-el-szejk","2026-09-27","2026-10-04","8","7","Warszawa","2+1","egipt|sharm-el-sheikh|2026-09-27|2026-10-04|7|Warszawa|2+1"
"Amarina Queen Resort","8775.0","03.10.2026 - 10.10.2026","8 dni/7 nocy","4.7","4.7","1194","tripadvisor","Warszawa","2026-09-14T05:26:42.787163+00:00","https://fly.pl/szukaj-wycieczek/?filter[dest]=11:&filter[hotelids]=&filter[cityids]=0&filter[cregids]=&filter[ofrType]=&filter[addObjType]=&filter[whenFrom]=14-09-2026&filter[whenTo]=14-10-2026&filter[duration]=7:10&filter[from]=Warszawa%20-%20Modlin,Warszawa%20-%20Radom,Warszawa&filter[person]=2&filter[child]=1&filter[price]=4000:20000&filter[PriceFrom]=4000&filter[PriceTo]=20000&filter[addCategory]=50&filter[addCatering]=1&filter[addMisc]=0&filter[addTransport]=F&filter[fp]=1&order_by=ofr_price&filter[tourOperator]=0&filter[childAge][1]=20201210","https://fly.pl/cdn/photo/assets/uploads/582/278/2024/07/amarina-queen-resort.jpg","https://fly.pl/wycieczka/egipt,marsa-alam,c/amarina-queen-resort-12/pOglNM1amyjzgIv_aJeACpAAoguGpm1udahtSKGC-ZJV513_KZN5lLw3WHV1PBeTD-CEQqBE9SRVgwk4ue1QZIx0RQQVjCA2ACagZESS4yLjFyNpsBFQcXAFwDWAVWAkDKBhGAFF2DEE8kXpnYAVO8FFIAS7EvYQBM5Yw6IJ79lwkNAAISYwECDEfdBc0/ofertasv/?filter[tourOperator]=OREX&filter%5Bperson%5D=2&filter%5BchildAge%5D%5B1%5D=20201210&filter%5Bchild%5D=1","filter_7_10_days","egipt","marsa-alam","c","2026-10-03","2026-10-10","8","7","Warszawa","2+1","egipt|marsa-alam|2026-10-03|2026-10-10|7|Warszawa|2+1"
"Stella Beach Resort & Spa","8786.0","06.10.2026 - 13.10.2026","8 dni/7 nocy","4.4","4.4","6861","tripadvisor","Warszawa","2026-09-14T05:26:42.787163+00:00","https://fly.pl/szukaj-wycieczek/?filter[dest]=11:&filter[hotelids]=&filter[cityids]=0&filter[cregids]=&filter[ofrType]=&filter[addObjType]=&filter[whenFrom]=14-09-2026&filter[whenTo]=14-10-2026&filter[duration]=7:10&filter[from]=Warszawa%20-%20Modlin,Warszawa%20-%20Radom,Warszawa&filter[person]=2&filter[child]=1&filter[price]=4000:20000&filter[PriceFrom]=4000&filter[PriceTo]=20000&filter[addCategory]=50&filter[addCatering]=1&filter[addMisc]=0&filter[addTransport]=F&filter[fp]=1&order_by=ofr_price&filter[tourOperator]=0&filter[childAge][1]=20201210","https://fly.pl/cdn/photo/assets/uploads/582/278/2014/10/Stella-Di-Mare-Beach-Resort-Spa.jpg","https://fly.pl/wycieczka/egipt,hurghada,makadi-bay/stella-makadi-resort/pB5pbKQ3ePQC7FjnQovslrAAogLJwYr1cSu-60QXu9nMIx6N1Ra35vaD1OLsrZzzRttekqBEpPSVAwk4ue1QZI0kRQQViKBGACagMwMHdyQpsBFAEVBhcAXANYBVYCQMoGT-IBXQBSr6sBUwBer08RkSxL3BdhAEzljDoNof2XCSAAAanJ3NDEhsygMAIOYwEADfl402Y/ofertasv/?filter[tourOperator]=JOIP&filter%5Bperson%5D=2&filter%5BchildAge%5D%5B1%5D=20201210&filter%5Bchild%5D=1","filter_7_10_days","egipt","hurghada","makadi-bay","2026-10-06","2026-10-13","8","7","Warszawa","2+1","egipt|hurghada|2026-10-06|2026-10-13|7|Warszawa|2+1"
"Regency Plaza Aqua Park Spa","8792.0","27.09.2026 - 04.10.2026","8 dni/7 nocy","4.1","4.1","6204","tripadvisor","Warszawa","2026-09-14T05:26:42.787163+00:00","https://fly.pl/szukaj-wycieczek/?filter[dest]=11:&filter[hotelids]=&filter[cityids]=0&filter[cregids]=&filter[ofrType]=&filter[addObjType]=&filter[whenFrom]=14-09-2026&filter[whenTo]=14-10-2026&filter[duration]=7:10&filter[from]=Warszawa%20-%20Modlin,Warszawa%20-%20Radom,Warszawa&filter[person]=2&filter[child]=1&filter[price]=4000:20000&filter[PriceFrom]=4000&filter[PriceTo]=20000&filter[addCategory]=50&filter[addCatering]=1&filter[addMisc]=0&filter[addTransport]=F&filter[fp]=1&order_by=ofr_price&filter[tourOperator]=0&filter[childAge][1]=20201210","https://fly.pl/cdn/photo/assets/uploads/582/278/2014/07/Regency-Plaza-Aqua-Park-Spa-fly-pl.jpg","https://fly.pl/wycieczka/egipt,sharm-el-sheikh,szarm-el-szejk/regency-plaza/pAgCtBcjZvQdrKrHQkdluKAAogeJVphCp3jxhzkRUPqKG05tvhBFpwv_tYWcE8EXXr1-EqBEpPSVAwk4ue1QZI2ERQQViyAmACagMxejhyQpsBFAEVBhcAXANYBVYCQMoGT-IBXQARmcoBXsUwUqYgUwBLxyNhAEzljDoN0vyXCSAAAZeiuLjFiMygMAIOYwEADYR0nms/ofertasv/?filter[tourOperator]=JOIP&filter%5Bperson%5D=2&filter%5BchildAge%5D%5B1%5D=20201210&filter%5Bchild%5D=1","filter_7_10_days","egipt","sharm-el-sheikh","szarm-el-szejk","2026-09-27","2026-10-04","8","7","Warszawa","2+1","egipt|sharm-el-sheikh|2026-09-27|2026-10-04|7|Warszawa|2+1"
"Xperience Kiroseiz Parkland","8899.0","27.09.2026 - 04.10.2026","8 dni/7 nocy","4.5","4.5","3121","tripadvisor","Warszawa","2026-09-14T05:26:42.787163+00:00","https://fly.pl/szukaj-wycieczek/?filter[dest]=11:&filter[hotelids]=&filter[cityids]=0&filter[cregids]=&filter[ofrType]=&filter[addObjType]=&filter[whenFrom]=14-09-2026&filter[whenTo]=14-10-2026&filter[duration]=7:10&filter[from]=Warszawa%20-%20Modlin,Warszawa%20-%20Radom,Warszawa&filter[person]=2&filter[child]=1&filter[price]=4000:20000&filter[PriceFrom]=4000&filter[PriceTo]=20000&filter[addCategory]=50&filter[addCatering]=1&filter[addMisc]=0&filter[addTransport]=F&filter[fp]=1&order_by=ofr_price&filter[tourOperator]=0&filter[childAge][1]=20201210","https://fly.pl/cdn/photo/assets/uploads/582/278/2014/06/Xperience-Kiroseiz-Parkland-fly-pl.jpg","https://fly.pl/wycieczka/egipt,sharm-el-sheikh,c/xperience-kiroseiz-parkland/p4clWpPjCn4p95cqdIcWK5AAogmLvQXqlZxEcPg01L56Crm9vhBFpwv_tYWcE8EXXr1-EqBEpPSVAwk4ue1QZIw0VQQViyAmACagNDR21yQpsBFAEVBhcAXANYBVYCQMoGT-IBXQARt8YBXqc0UqYgUwBLxyNhAEzljDoN0vyXCSAAAZvMwLi0iMygMAINYwEAC9O_QWQ/ofertasv/?filter[tourOperator]=JOIP&filter%5Bperson%5D=2&filter%5BchildAge%5D%5B1%5D=20201210&filter%5Bchild%5D=1","filter_7_10_days","egipt","sharm-el-sheikh","c","2026-09-27","2026-10-04","8","7","Warszawa","2+1","egipt|sharm-el-sheikh|2026-09-27|2026-10-04|7|Warszawa|2+1"
"Calimera Blend Paradise Resort","8957.0","24.09.2026 - 01.10.2026","8 dni/7 nocy","4.2","4.2","2349","tripadvisor","Warszawa","2026-09-14T05:26:42.787163+00:00","https://fly.pl/szukaj-wycieczek/?filter[dest]=11:&filter[hotelids]=&filter[cityids]=0&filter[cregids]=&filter[ofrType]=&filter[addObjType]=&filter[whenFrom]=14-09-2026&filter[whenTo]=14-10-2026&filter[duration]=7:10&filter[from]=Warszawa%20-%20Modlin,Warszawa%20-%20Radom,Warszawa&filter[person]=2&filter[child]=1&filter[price]=4000:20000&filter[PriceFrom]=4000&filter[PriceTo]=20000&filter[addCategory]=50&filter[addCatering]=1&filter[addMisc]=0&filter[addTransport]=F&filter[fp]=1&order_by=ofr_price&filter[tourOperator]=0&filter[childAge][1]=20201210","https://fly.pl/cdn/photo/assets/uploads/582/278/2022/08/Calimera-Blend-Paradise.jpg","https://fly.pl/wycieczka/egipt,hurghada,c/calimera-blend-paradise-12/pFFAT3PiNujziSWMgFMGvVAAogpJb8GQUkRy_MesP24yXbng5QW-LxgDEWlGYjjlpqcUcqBEVYSU0wk4ue1QZI_UVQAVjqAWACagJBSXIhHBHYoAa5BM2aPqsEHBuBuiwYyYAvAbHJ_o4IAgBjAQIMh0zzDQ/ofertasv/?filter[tourOperator]=EXIM&filter%5Bperson%5D=2&filter%5BchildAge%5D%5B1%5D=20201210&filter%5Bchild%5D=1","filter_7_10_days","egipt","hurghada","c","2026-09-24","2026-10-01","8","7","Warszawa","2+1","egipt|hurghada|2026-09-24|2026-10-01|7|Warszawa|2+1"
"Sataya Resort (ex. Labranda Sataya Marsa Alam)","8957.0","03.10.2026 - 10.10.2026","8 dni/7 nocy","4.7","4.7","4175","tripadvisor","Warszawa","2026-09-14T05:26:42.787163+00:00","https://fly.pl/szukaj-wycieczek/?filter[dest]=11:&filter[hotelids]=&filter[cityids]=0&filter[cregids]=&filter[ofrType]=&filter[addObjType]=&filter[whenFrom]=14-09-2026&filter[whenTo]=14-10-2026&filter[duration]=7:10&filter[from]=Warszawa%20-%20Modlin,Warszawa%20-%20Radom,Warszawa&filter[person]=2&filter[child]=1&filter[price]=4000:20000&filter[PriceFrom]=4000&filter[PriceTo]=20000&filter[addCategory]=50&filter[addCatering]=1&filter[addMisc]=0&filter[addTransport]=F&filter[fp]=1&order_by=ofr_price&filter[tourOperator]=0&filter[childAge][1]=20201210","https://fly.pl/cdn/photo/assets/uploads/582/278/2019/09/Sataya-Resort-Marsa-Alam.jpg","https://fly.pl/wycieczka/egipt,marsa-alam,c/labranda-sataya-marsa-alam-9/pnVVTedw8Mio3Ncn5uAq9HAAogr63dQG2pLkrWhlEI75tkKNZNgnLGgRucX8mp4yGpFD0qBFZJVFgwk4ue1QZI_UVQQVjCA2ACckAaABUHFwBcA1gFQI8DW6eGAV7WeVK8FFMAS7EvYQBMjbU5DfbUmAkgAFGz6MD23wFP5bILXZz4r_klAg1jAQIMn9C9fg/ofertasv/?filter[tourOperator]=VITX&filter%5Bperson%5D=2&filter%5BchildAge%5D%5B1%5D=20201210&filter%5Bchild%5D=1","filter_7_10_days","egipt","marsa-alam","c","2026-10-03","2026-10-10","8","7","Warszawa","2+1","egipt|marsa-alam|2026-10-03|2026-10-10|7|Warszawa|2+1"
"Swissotel Resort El Quseir","8969.0","26.09.2026 - 03.10.2026","8 dni/7 nocy","4.4","4.4","3134","tripadvisor","Warszawa","2026-09-14T05:26:42.787163+00:00","https://fly.pl/szukaj-wycieczek/?filter[dest]=11:&filter[hotelids]=&filter[cityids]=0&filter[cregids]=&filter[ofrType]=&filter[addObjType]=&filter[whenFrom]=14-09-2026&filter[whenTo]=14-10-2026&filter[duration]=7:10&filter[from]=Warszawa%20-%20Modlin,Warszawa%20-%20Radom,Warszawa&filter[person]=2&filter[child]=1&filter[price]=4000:20000&filter[PriceFrom]=4000&filter[PriceTo]=20000&filter[addCategory]=50&filter[addCatering]=1&filter[addMisc]=0&filter[addTransport]=F&filter[fp]=1&order_by=ofr_price&filter[tourOperator]=0&filter[childAge][1]=20201210","https://fly.pl/cdn/photo/assets/uploads/582/278/2015/02/RADISSON-BLU-m.jpg","https://fly.pl/wycieczka/egipt,marsa-alam,al-kusajr/radisson-blu-resort-el-quseir/pXqlnEN896_luWl56XVePSAAogFRAFPsT61Vv9g1W_7eKP7xWWbk1CL6nHD-6pA8RxztcqBE9SRVgwk4ue1QZIiUZQQViaAmACagZFSS4yLjFyNpsBFQcXAFwDWAVWAkDKBhHtFV2WDk8kXpnYAVO8FFIAS7EvYQBM5Yw6INH8lwkNAAISYwECC86RCPM/ofertasv/?filter[tourOperator]=OREX&filter%5Bperson%5D=2&filter%5BchildAge%5D%5B1%5D=20201210&filter%5Bchild%5D=1","filter_7_10_days","egipt","marsa-alam","al-kusajr","2026-09-26","2026-10-03","8","7","Warszawa","2+1","egipt|marsa-alam|2026-09-26|2026-10-03|7|Warszawa|2+1"
"Ancient Sands Golf Resort","8973.0","17.09.2026 - 24.09.2026","8 dni/7 nocy","4.8","4.8","3352","tripadvisor","Warszawa - Radom","2026-09-14T05:26:42.787163+00:00","https://fly.pl/szukaj-wycieczek/?filter[dest]=11:&filter[hotelids]=&filter[cityids]=0&filter[cregids]=&filter[ofrType]=&filter[addObjType]=&filter[whenFrom]=14-09-2026&filter[whenTo]=14-10-2026&filter[duration]=7:10&filter[from]=Warszawa%20-%20Modlin,Warszawa%20-%20Radom,Warszawa&filter[person]=2&filter[child]=1&filter[price]=4000:20000&filter[PriceFrom]=4000&filter[PriceTo]=20000&filter[addCategory]=50&filter[addCatering]=1&filter[addMisc]=0&filter[addTransport]=F&filter[fp]=1&order_by=ofr_price&filter[tourOperator]=0&filter[childAge][1]=20201210","https://fly.pl/cdn/photo/assets/uploads/582/278/2019/05/Ancient-Sands-Golf-Resort.jpg","https://fly.pl/wycieczka/egipt,hurghada,al-dzuna/ancient-sands-el-gouna/pA-SFcruWj6GEPBHFcUOPYAAogOKRy10QYgWXTirqo4cHeTv8MJssITV_eZU8aw6SOnRoqBE9SRVgwk4ue1QZIjUZQQVhCYAJqBVkuMi4xcjWbARUHFwBcA1gFVgIRBUDFBl3TDk9sU9KdAVIAXq9PS4ESYQBM0b46IMj8lwkNAAISYwECDCaDB3g/ofertasv/?filter[tourOperator]=OREX&filter%5Bperson%5D=2&filter%5BchildAge%5D%5B1%5D=20201210&filter%5Bchild%5D=1","filter_7_10_days","egipt","hurghada","al-dzuna","2026-09-17","2026-09-24","8","7","Warszawa - Radom","2+1","egipt|hurghada|2026-09-17|2026-09-24|7|Warszawa - Radom|2+1"
"Dreams Beach Sharm Resort (Sharm El Sheikh)","8980.0","27.09.2026 - 04.10.2026","8 dni/7 nocy","3.9","3.9","2648","tripadvisor","Warszawa","2026-09-14T05:26:42.787163+00:00","https://fly.pl/szukaj-wycieczek/?filter[dest]=11:&filter[hotelids]=&filter[cityids]=0&filter[cregids]=&filter[ofrType]=&filter[addObjType]=&filter[whenFrom]=14-09-2026&filter[whenTo]=14-10-2026&filter[duration]=7:10&filter[from]=Warszawa%20-%20Modlin,Warszawa%20-%20Radom,Warszawa&filter[person]=2&filter[child]=1&filter[price]=4000:20000&filter[PriceFrom]=4000&filter[PriceTo]=20000&filter[addCategory]=50&filter[addCatering]=1&filter[addMisc]=0&filter[addTransport]=F&filter[fp]=1&order_by=ofr_price&filter[tourOperator]=0&filter[childAge][1]=20201210","https://fly.pl/cdn/photo/assets/uploads/582/278/2014/07/Dreams-Beach-Resort.jpg","https://fly.pl/wycieczka/egipt,sharm-el-sheikh,szarm-el-szejk/dreams-beach-sharm-el-sheikh/p-boYmSV__NxIh-OdaQk_RAAogmWsNTubVUHJiFrHADfnAJ9vhBFpwv_tYWcE8EXXr1-EqBEpPSVAwlYue1QZIlEZQQViyAmACagNDR21yQpsBFAEVBhcAXANYBVYCQMoGT-IBXQAR5MYBXvozUqYgUwBLxyNhAEzljDoN0vyXCSAAAYXk8PjCiMygMAINYwEACzc7Sos/ofertasv/?filter[tourOperator]=JOIP&filter%5Bperson%5D=2&filter%5BchildAge%5D%5B1%5D=20201210&filter%5Bchild%5D=1","filter_7_10_days","egipt","sharm-el-sheikh","szarm-el-szejk","2026-09-27","2026-10-04","8","7","Warszawa","2+1","egipt|sharm-el-sheikh|2026-09-27|2026-10-04|7|Warszawa|2+1"
"Amarina Star Resort & Aqua Park (ex. Raouf Star)","9007.0","27.09.2026 - 04.10.2026","8 dni/7 nocy","4.1","4.1","101","tripadvisor","Warszawa","2026-09-14T05:26:42.787163+00:00","https://fly.pl/szukaj-wycieczek/?filter[dest]=11:&filter[hotelids]=&filter[cityids]=0&filter[cregids]=&filter[ofrType]=&filter[addObjType]=&filter[whenFrom]=14-09-2026&filter[whenTo]=14-10-2026&filter[duration]=7:10&filter[from]=Warszawa%20-%20Modlin,Warszawa%20-%20Radom,Warszawa&filter[person]=2&filter[child]=1&filter[price]=4000:20000&filter[PriceFrom]=4000&filter[PriceTo]=20000&filter[addCategory]=50&filter[addCatering]=1&filter[addMisc]=0&filter[addTransport]=F&filter[fp]=1&order_by=ofr_price&filter[tourOperator]=0&filter[childAge][1]=20201210","https://fly.pl/cdn/photo/assets/uploads/582/278/2023/04/Amarina-Star-Resort-Aqua-Park.jpg","https://fly.pl/wycieczka/egipt,sharm-el-sheikh,szarm-el-szejk/raouf-star-15/pZsT3OHdIjOVtTFQwpm786AAogn7JU-pwN9yb_q1ZQWVeu5dvhBFpwv_tYWcE8EXXr1-EqBEpPSVAwlYue1QZIr0ZQQViyAmACagMxMm9yQ5sBFAEVBhcAXANYBVYCQMoGT-IBXQBe3voBUqYgUwBLxyNhABH2pwFM7-Q4DdL8lwkgAAGEyvCPxIjMoDACDWMBAAwseSc7/ofertasv/?filter[tourOperator]=JOIP&filter%5Bperson%5D=2&filter%5BchildAge%5D%5B1%5D=20201210&filter%5Bchild%5D=1","filter_7_10_days","egipt","sharm-el-sheikh","szarm-el-szejk","2026-09-27","2026-10-04","8","7","Warszawa","2+1","egipt|sharm-el-sheikh|2026-09-27|2026-10-04|7|Warszawa|2+1"
"Concorde Moreen Beach Resort & Spa","9057.0","29.09.2026 - 06.10.2026","8 dni/7 nocy","4.5","4.5","5598","tripadvisor","Warszawa","2026-09-14T05:26:42.787163+00:00","https://fly.pl/szukaj-wycieczek/?filter[dest]=11:&filter[hotelids]=&filter[cityids]=0&filter[cregids]=&filter[ofrType]=&filter[addObjType]=&filter[whenFrom]=14-09-2026&filter[whenTo]=14-10-2026&filter[duration]=7:10&filter[from]=Warszawa%20-%20Modlin,Warszawa%20-%20Radom,Warszawa&filter[person]=2&filter[child]=1&filter[price]=4000:20000&filter[PriceFrom]=4000&filter[PriceTo]=20000&filter[addCategory]=50&filter[addCatering]=1&filter[addMisc]=0&filter[addTransport]=F&filter[fp]=1&order_by=ofr_price&filter[tourOperator]=0&filter[childAge][1]=20201210","https://fly.pl/cdn/photo/assets/uploads/582/278/2014/07/Concorde-Moreen-Beach-Resort-Spa-fly-pl.jpg","https://fly.pl/wycieczka/egipt,marsa-alam,c/concorde-moreen-beach-spa-resort/p7SSerCAwE8Y7GdkeqqZ7nAAogISIXGKVPoLuOAAf8HzzVOIJOHgHuVmZih2ZAoGcsF3oqBFZJVFgwlYue1QZI4UZQQVjiAmACckAaABUHFwBcA1gFQI8DW5eFAV7melK8FFMAS7EvYQBM7bQ5DczUmAkgAFGHrZT23wFP2u43XZz4r_klAgxjAQILW5dgqw/ofertasv/?filter[tourOperator]=VITX&filter%5Bperson%5D=2&filter%5BchildAge%5D%5B1%5D=20201210&filter%5Bchild%5D=1","filter_7_10_days","egipt","marsa-alam","c","2026-09-29","2026-10-06","8","7","Warszawa","2+1","egipt|marsa-alam|2026-09-29|2026-10-06|7|Warszawa|2+1"
"Sharm Grand Plaza Resort","9115.0","27.09.2026 - 04.10.2026","8 dni/7 nocy","4.4","4.4","9442","tripadvisor","Warszawa","2026-09-14T05:26:42.787163+00:00","https://fly.pl/szukaj-wycieczek/?filter[dest]=11:&filter[hotelids]=&filter[cityids]=0&filter[cregids]=&filter[ofrType]=&filter[addObjType]=&filter[whenFrom]=14-09-2026&filter[whenTo]=14-10-2026&filter[duration]=7:10&filter[from]=Warszawa%20-%20Modlin,Warszawa%20-%20Radom,Warszawa&filter[person]=2&filter[child]=1&filter[price]=4000:20000&filter[PriceFrom]=4000&filter[PriceTo]=20000&filter[addCategory]=50&filter[addCatering]=1&filter[addMisc]=0&filter[addTransport]=F&filter[fp]=1&order_by=ofr_price&filter[tourOperator]=0&filter[childAge][1]=20201210","https://fly.pl/cdn/photo/assets/uploads/582/278/2014/07/SHARM-GRAND-PLAZA-RESORT-1.jpg","https://fly.pl/wycieczka/egipt,sharm-el-sheikh,c/grand-plaza-resort/pIPbaK7K9bUbGr7J0MaA8TAAognppR-ks28gTK9BQRaId3_NvhBFpwv_tYWcE8EXXr1-EqBEpPSVAwlYue1QZIm0dQQViyAmACagMwM2pyQpsBFAEVBhcAXANYBVYCQMoGT-IBXQARgscBXtwzUqYgUwBLxyNhAEzljDoN0vyXCSAAAfnj0JC0iMygMAINYwEAC0WLhkU/ofertasv/?filter[tourOperator]=JOIP&filter%5Bperson%5D=2&filter%5BchildAge%5D%5B1%5D=20201210&filter%5Bchild%5D=1","filter_7_10_days","egipt","sharm-el-sheikh","c","2026-09-27","2026-10-04","8","7","Warszawa","2+1","egipt|sharm-el-sheikh|2026-09-27|2026-10-04|7|Warszawa|2+1"
"Jaz Palmariva Beach","9140.0","17.09.2026 - 24.09.2026","8 dni/7 nocy","4.6","4.6","4080","tripadvisor","Warszawa - Radom","2026-09-14T05:26:42.787163+00:00","https://fly.pl/szukaj-wycieczek/?filter[dest]=11:&filter[hotelids]=&filter[cityids]=0&filter[cregids]=&filter[ofrType]=&filter[addObjType]=&filter[whenFrom]=14-09-2026&filter[whenTo]=14-10-2026&filter[duration]=7:10&filter[from]=Warszawa%20-%20Modlin,Warszawa%20-%20Radom,Warszawa&filter[person]=2&filter[child]=1&filter[price]=4000:20000&filter[PriceFrom]=4000&filter[PriceTo]=20000&filter[addCategory]=50&filter[addCatering]=1&filter[addMisc]=0&filter[addTransport]=F&filter[fp]=1&order_by=ofr_price&filter[tourOperator]=0&filter[childAge][1]=20201210","https://fly.pl/cdn/photo/assets/uploads/582/278/2014/07/Labranda-Club-Makadi-ex-Club-Azur-fly-pl.jpg","https://fly.pl/wycieczka/egipt,hurghada,makadi-bay/club-azur/psOCQ3zIBZc95w9bHkUi9fAAogLMgT30PjR8VnW64VZ3kyO_8MJssITV_eZU8aw6SOnRoqBE9SRVgwlYue1QZItEdQQVhCYAJqBlpJLjIuMXI1mwEVBxcAXANYBVYCQMoGXdMOT2wR9SFT3XtSAF6vT0uBEmEATNG-OiDI_JcJDQACEmMBAgxUrT4s/ofertasv/?filter[tourOperator]=OREX&filter%5Bperson%5D=2&filter%5BchildAge%5D%5B1%5D=20201210&filter%5Bchild%5D=1","filter_7_10_days","egipt","hurghada","makadi-bay","2026-09-17","2026-09-24","8","7","Warszawa - Radom","2+1","egipt|hurghada|2026-09-17|2026-09-24|7|Warszawa - Radom|2+1"
"Xperience Sea Breeze Resort","9160.0","27.09.2026 - 04.10.2026","8 dni/7 nocy","4.7","4.7","11506","tripadvisor","Warszawa","2026-09-14T05:26:42.787163+00:00","https://fly.pl/szukaj-wycieczek/?filter[dest]=11:&filter[hotelids]=&filter[cityids]=0&filter[cregids]=&filter[ofrType]=&filter[addObjType]=&filter[whenFrom]=14-09-2026&filter[whenTo]=14-10-2026&filter[duration]=7:10&filter[from]=Warszawa%20-%20Modlin,Warszawa%20-%20Radom,Warszawa&filter[person]=2&filter[child]=1&filter[price]=4000:20000&filter[PriceFrom]=4000&filter[PriceTo]=20000&filter[addCategory]=50&filter[addCatering]=1&filter[addMisc]=0&filter[addTransport]=F&filter[fp]=1&order_by=ofr_price&filter[tourOperator]=0&filter[childAge][1]=20201210","https://fly.pl/cdn/photo/assets/uploads/582/278/2014/07/XPERIENCE-SEA-BREEZE-RESORT.jpg","https://fly.pl/wycieczka/egipt,sharm-el-sheikh,c/xperience-sea-breeze/pKaWpa5NEKgbqGrTtTModsAAogW4wnZNbjVKdDFGPxGhSA39vhBFpwv_tYWcE8EXXr1-EqBEpPSVAwlYue1QZIyEdQQViyAmACagNDR21yQpsBFAEVBhcAXANYBVYCQMoGT-IBXQARlsoBXsgwUqYgUwBLxyNhAEzljDoN0vyXCSAAAfKV1LC0iMygMAINYwEAC1qYKCg/ofertasv/?filter[tourOperator]=JOIP&filter%5Bperson%5D=2&filter%5BchildAge%5D%5B1%5D=20201210&filter%5Bchild%5D=1","filter_7_10_days","egipt","sharm-el-sheikh","c","2026-09-27","2026-10-04","8","7","Warszawa","2+1","egipt|sharm-el-sheikh|2026-09-27|2026-10-04|7|Warszawa|2+1"
"Marriott Hurghada Beach Resort","9171.0","24.09.2026 - 01.10.2026","8 dni/7 nocy","4.6","4.6","4884","tripadvisor","Warszawa - Radom","2026-09-14T05:26:42.787163+00:00","https://fly.pl/szukaj-wycieczek/?filter[dest]=11:&filter[hotelids]=&filter[cityids]=0&filter[cregids]=&filter[ofrType]=&filter[addObjType]=&filter[whenFrom]=14-09-2026&filter[whenTo]=14-10-2026&filter[duration]=7:10&filter[from]=Warszawa%20-%20Modlin,Warszawa%20-%20Radom,Warszawa&filter[person]=2&filter[child]=1&filter[price]=4000:20000&filter[PriceFrom]=4000&filter[PriceTo]=20000&filter[addCategory]=50&filter[addCatering]=1&filter[addMisc]=0&filter[addTransport]=F&filter[fp]=1&order_by=ofr_price&filter[tourOperator]=0&filter[childAge][1]=20201210","https://fly.pl/cdn/photo/assets/uploads/582/278/2014/09/Marriott-Hurghada-Beach-Resort.jpg","https://fly.pl/wycieczka/egipt,hurghada,c/marriott-hurghada-beach-resort/p5MvWCHXT-e9KDWHgTpuZTAAog6kywR9Ce7y5qxa-lj4mlJHuHt-JRXqpSz_DOtw-0xygqBE9SRVgwlYue1QZI00dQQVjqAWACagZEUS4yLjFyNZsBFQcXAFwDWAVWAhFZQPEFXdMOT2xT0p0BUgBer09LgRJhAEzRvjogz_yXCQ0AAhJjAQILR0DyhQ/ofertasv/?filter[tourOperator]=OREX&filter%5Bperson%5D=2&filter%5BchildAge%5D%5B1%5D=20201210&filter%5Bchild%5D=1","filter_7_10_days","egipt","hurghada","c","2026-09-24","2026-10-01","8","7","Warszawa - Radom","2+1","egipt|hurghada|2026-09-24|2026-10-01|7|Warszawa - Radom|2+1"
"El Malikia Resort Abu Dabbab (ex.Sol Y Mar)","9183.0","29.09.2026 - 06.10.2026","8 dni/7 nocy","4.5","4.5","6784","tripadvisor","Warszawa","2026-09-14T05:26:42.787163+00:00","https://fly.pl/szukaj-wycieczek/?filter[dest]=11:&filter[hotelids]=&filter[cityids]=0&filter[cregids]=&filter[ofrType]=&filter[addObjType]=&filter[whenFrom]=14-09-2026&filter[whenTo]=14-10-2026&filter[duration]=7:10&filter[from]=Warszawa%20-%20Modlin,Warszawa%20-%20Radom,Warszawa&filter[person]=2&filter[child]=1&filter[price]=4000:20000&filter[PriceFrom]=4000&filter[PriceTo]=20000&filter[addCategory]=50&filter[addCatering]=1&filter[addMisc]=0&filter[addTransport]=F&filter[fp]=1&order_by=ofr_price&filter[tourOperator]=0&filter[childAge][1]=20201210","https://fly.pl/cdn/photo/assets/uploads/582/278/2016/11/El-Malikia-Resort-Abu-Dabbab-ex.Sol-Y-Mar-fly-pl.jpg","https://fly.pl/wycieczka/egipt,marsa-alam,c/el-malikia-resort-abu-dabbab-ex-sol-y-mar/pKEtenZ_e4C-S-O0FiTyrUAAogb_Wm_S24Sfqg3DwSPmqyuJ5gBIs0r1XgzS2GxsL6fT4qBFNGUEwwlYue1QZI30dQQVjiAmACciELAhUFIgYSJ1zGAkAuW-MEDbbI1AlR1LDkkgYCEmMBAga1T66R/ofertasv/?filter[tourOperator]=SFPL&filter%5Bperson%5D=2&filter%5BchildAge%5D%5B1%5D=20201210&filter%5Bchild%5D=1","filter_7_10_days","egipt","marsa-alam","c","2026-09-29","2026-10-06","8","7","Warszawa","2+1","egipt|marsa-alam|2026-09-29|2026-10-06|7|Warszawa|2+1"
"Gravity Hotel & Aquapark Hurghada (ex. Samra Bay Resort)","9187.0","06.10.2026 - 13.10.2026","8 dni/7 nocy","","","","","Warszawa","2026-09-14T05:26:42.787163+00:00","https://fly.pl/szukaj-wycieczek/?filter[dest]=11:&filter[hotelids]=&filter[cityids]=0&filter[cregids]=&filter[ofrType]=&filter[addObjType]=&filter[whenFrom]=14-09-2026&filter[whenTo]=14-10-2026&filter[duration]=7:10&filter[from]=Warszawa%20-%20Modlin,Warszawa%20-%20Radom,Warszawa&filter[person]=2&filter[child]=1&filter[price]=4000:20000&filter[PriceFrom]=4000&filter[PriceTo]=20000&filter[addCategory]=50&filter[addCatering]=1&filter[addMisc]=0&filter[addTransport]=F&filter[fp]=1&order_by=ofr_price&filter[tourOperator]=0&filter[childAge][1]=20201210","https://fly.pl/cdn/photo/assets/uploads/582/278/2017/04/Gravity-Hotel-Aquapark-Hurghada.jpg","https://fly.pl/wycieczka/egipt,hurghada,c/samra-bay-resort/pbPdYESQMiOka7iRWAskchAAoguHhLBhDzhdphd211mkSAft1Ra35vaD1OLsrZzzRttekqBEpPSVAwlYue1QZI40dQQViKBGACagMwMllyQpsBFAEVBhcAXANYBVYCQMoGT-IBXQBSr6sBUwBer08RuD9LtQRhAEzljDoNof2XCSAAAbyXiLiEic6gMAIOYwEADSOUc2Q/ofertasv/?filter[tourOperator]=JOIP&filter%5Bperson%5D=2&filter%5BchildAge%5D%5B1%5D=20201210&filter%5Bchild%5D=1","filter_7_10_days","egipt","hurghada","c","2026-10-06","2026-10-13","8","7","Warszawa","2+1","egipt|hurghada|2026-10-06|2026-10-13|7|Warszawa|2+1"
"Parrotel Beach Resort (ex. Radisson Blu)","9204.0","27.09.2026 - 04.10.2026","8 dni/7 nocy","4.4","4.4","6998","tripadvisor","Warszawa","2026-09-14T05:26:42.787163+00:00","https://fly.pl/szukaj-wycieczek/?filter[dest]=11:&filter[hotelids]=&filter[cityids]=0&filter[cregids]=&filter[ofrType]=&filter[addObjType]=&filter[whenFrom]=14-09-2026&filter[whenTo]=14-10-2026&filter[duration]=7:10&filter[from]=Warszawa%20-%20Modlin,Warszawa%20-%20Radom,Warszawa&filter[person]=2&filter[child]=1&filter[price]=4000:20000&filter[PriceFrom]=4000&filter[PriceTo]=20000&filter[addCategory]=50&filter[addCatering]=1&filter[addMisc]=0&filter[addTransport]=F&filter[fp]=1&order_by=ofr_price&filter[tourOperator]=0&filter[childAge][1]=20201210","https://fly.pl/cdn/photo/assets/uploads/582/278/2014/07/Parrotel-Beach-Resort.jpg","https://fly.pl/wycieczka/egipt,sharm-el-sheikh,c/radisson-blu-resort-sharm-el-sheikh/pWZrJFWwhLi5hWlMgQW41SAAog8WBS1Hc01sVVONSTm7qwUNvhBFpwv_tYWcE8EXXr1-EqBEpPSVAwlYue1QZI9EdQQViyAmACagMyY1FyQpsBFAEVBhcAXANYBVYCQMoGT-IBXQARoccBXr0zUqYgUwBLxyNhAEzljDoN0vyXCSAAAZWY7JfTiMygMAIOYwEADeypHy0/ofertasv/?filter[tourOperator]=JOIP&filter%5Bperson%5D=2&filter%5BchildAge%5D%5B1%5D=20201210&filter%5Bchild%5D=1","filter_7_10_days","egipt","sharm-el-sheikh","c","2026-09-27","2026-10-04","8","7","Warszawa","2+1","egipt|sharm-el-sheikh|2026-09-27|2026-10-04|7|Warszawa|2+1"
"Titanic Palace Resort","9217.0","24.09.2026 - 01.10.2026","8 dni/7 nocy","4.5","4.5","7352","tripadvisor","Warszawa","2026-09-14T05:26:42.787163+00:00","https://fly.pl/szukaj-wycieczek/?filter[dest]=11:&filter[hotelids]=&filter[cityids]=0&filter[cregids]=&filter[ofrType]=&filter[addObjType]=&filter[whenFrom]=14-09-2026&filter[whenTo]=14-10-2026&filter[duration]=7:10&filter[from]=Warszawa%20-%20Modlin,Warszawa%20-%20Radom,Warszawa&filter[person]=2&filter[child]=1&filter[price]=4000:20000&filter[PriceFrom]=4000&filter[PriceTo]=20000&filter[addCategory]=50&filter[addCatering]=1&filter[addMisc]=0&filter[addTransport]=F&filter[fp]=1&order_by=ofr_price&filter[tourOperator]=0&filter[childAge][1]=20201210","https://fly.pl/cdn/photo/assets/uploads/582/278/2014/07/Titanic-Palace-Resort.jpg","https://fly.pl/wycieczka/egipt,hurghada,c/titanic-palace-2/py8pQvRxxL0jJ6KLA3iU63AAogua8xkBID0MRM8MPxMcg6dw5QW-LxgDEWlGYjjlpqcUcqBEVYSU0wlYue1QZIgUhQAVjqAWACagNVQUlyIRwRj7sGuQSWgD6rBBwbte9OGMPRSwGlm7TWDQIAYwECC8P7Z9U/ofertasv/?filter[tourOperator]=EXIM&filter%5Bperson%5D=2&filter%5BchildAge%5D%5B1%5D=20201210&filter%5Bchild%5D=1","filter_7_10_days","egipt","hurghada","c","2026-09-24","2026-10-01","8","7","Warszawa","2+1","egipt|hurghada|2026-09-24|2026-10-01|7|Warszawa|2+1"
"Domina Coral Bay Oasis","9297.0","27.09.2026 - 04.10.2026","8 dni/7 nocy","4.2","4.2","12420","tripadvisor","Warszawa","2026-09-14T05:26:42.787163+00:00","https://fly.pl/szukaj-wycieczek/?filter[dest]=11:&filter[hotelids]=&filter[cityids]=0&filter[cregids]=&filter[ofrType]=&filter[addObjType]=&filter[whenFrom]=14-09-2026&filter[whenTo]=14-10-2026&filter[duration]=7:10&filter[from]=Warszawa%20-%20Modlin,Warszawa%20-%20Radom,Warszawa&filter[person]=2&filter[child]=1&filter[price]=4000:20000&filter[PriceFrom]=4000&filter[PriceTo]=20000&filter[addCategory]=50&filter[addCatering]=1&filter[addMisc]=0&filter[addTransport]=F&filter[fp]=1&order_by=ofr_price&filter[tourOperator]=0&filter[childAge][1]=20201210","https://fly.pl/cdn/photo/assets/uploads/582/278/2014/07/Domina-Coral-Bay-Oasis.jpg","https://fly.pl/wycieczka/egipt,sharm-el-sheikh,c/domina-coral-bay-oasis/pIMux6NEBg0OTlz5adkHgPAAogvkSs33HP7zMRMBxz5aixTdvhBFpwv_tYWcE8EXXr1-EqBEpPSVAwlYue1QZI0UhQQViyAmACagMwMEZyQpsBFAEVBhcAXANYBVYCQMoGT-IBXQAR4MgBXv4xUqYgUwBLxyNhAEzljDoN0vyXCSAAAZeU4KjDiMygMAINYwEADJPR-MQ/ofertasv/?filter[tourOperator]=JOIP&filter%5Bperson%5D=2&filter%5BchildAge%5D%5B1%5D=20201210&filter%5Bchild%5D=1","filter_7_10_days","egipt","sharm-el-sheikh","c","2026-09-27","2026-10-04","8","7","Warszawa","2+1","egipt|sharm-el-sheikh|2026-09-27|2026-10-04|7|Warszawa|2+1"
"Domina Coral Bay Bella Vista","9297.0","27.09.2026 - 04.10.2026","8 dni/7 nocy","4.2","4.2","12420","tripadvisor","Warszawa","2026-09-14T05:26:42.787163+00:00","https://fly.pl/szukaj-wycieczek/?filter[dest]=11:&filter[hotelids]=&filter[cityids]=0&filter[cregids]=&filter[ofrType]=&filter[addObjType]=&filter[whenFrom]=14-09-2026&filter[whenTo]=14-10-2026&filter[duration]=7:10&filter[from]=Warszawa%20-%20Modlin,Warszawa%20-%20Radom,Warszawa&filter[person]=2&filter[child]=1&filter[price]=4000:20000&filter[PriceFrom]=4000&filter[PriceTo]=20000&filter[addCategory]=50&filter[addCatering]=1&filter[addMisc]=0&filter[addTransport]=F&filter[fp]=1&order_by=ofr_price&filter[tourOperator]=0&filter[childAge][1]=20201210","https://fly.pl/cdn/photo/assets/uploads/582/278/2024/07/domina-coral-bay-bellavista.jpg","https://fly.pl/wycieczka/egipt,sharm-el-sheikh,szarm-el-szejk/domina-coral-bay-bellavista-12/pryyKZ6WRIs8gqtIUQ9gHgAAogLU3oae3uK0lMMsUQWUBaedvhBFpwv_tYWcE8EXXr1-EqBEpPSVAwlYue1QZI0UhQQViyAmACagMxMnFyQ5sBFAEVBhcAXANYBVYCQMoGT-IBXQBe3voBUqYgUwBLxyNhABGtgwFMuIk5DdL8lwkgAAH6tYyQw4jMoDACDWMBAAxwmsG_/ofertasv/?filter[tourOperator]=JOIP&filter%5Bperson%5D=2&filter%5BchildAge%5D%5B1%5D=20201210&filter%5Bchild%5D=1","filter_7_10_days","egipt","sharm-el-sheikh","szarm-el-szejk","2026-09-27","2026-10-04","8","7","Warszawa","2+1","egipt|sharm-el-sheikh|2026-09-27|2026-10-04|7|Warszawa|2+1"
"Naama Bay Hotel & Resort","9340.0","27.09.2026 - 04.10.2026","8 dni/7 nocy","4.4","4.4","4857","tripadvisor","Warszawa","2026-09-14T05:26:42.787163+00:00","https://fly.pl/szukaj-wycieczek/?filter[dest]=11:&filter[hotelids]=&filter[cityids]=0&filter[cregids]=&filter[ofrType]=&filter[addObjType]=&filter[whenFrom]=14-09-2026&filter[whenTo]=14-10-2026&filter[duration]=7:10&filter[from]=Warszawa%20-%20Modlin,Warszawa%20-%20Radom,Warszawa&filter[person]=2&filter[child]=1&filter[price]=4000:20000&filter[PriceFrom]=4000&filter[PriceTo]=20000&filter[addCategory]=50&filter[addCatering]=1&filter[addMisc]=0&filter[addTransport]=F&filter[fp]=1&order_by=ofr_price&filter[tourOperator]=0&filter[childAge][1]=20201210","https://fly.pl/cdn/photo/assets/uploads/582/278/2014/07/Naama-Bay.jpg","https://fly.pl/wycieczka/egipt,sharm-el-sheikh,c/tropitel-naama-bay/pkpfK8W6SEPXx4Mxwxpl58AAogD7wSLTmk8QHgQGcRSrkJbtvhBFpwv_tYWcE8EXXr1-EqBEpPSVAwlYue1QZI_EhQQViyAmACagMwMllyQpsBFAEVBhcAXANYBVYCQMoGT-IBXQARrcYBXrE0UqYgUwBLxyNhAEzljDoN0vyXCSAAAYjk5KC1iMygMAINYwEAC__hFLs/ofertasv/?filter[tourOperator]=JOIP&filter%5Bperson%5D=2&filter%5BchildAge%5D%5B1%5D=20201210&filter%5Bchild%5D=1","filter_7_10_days","egipt","sharm-el-sheikh","c","2026-09-27","2026-10-04","8","7","Warszawa","2+1","egipt|sharm-el-sheikh|2026-09-27|2026-10-04|7|Warszawa|2+1"
"Lazuli (Marsa Alam)","9357.0","06.10.2026 - 13.10.2026","8 dni/7 nocy","4.7","4.7","1087","tripadvisor","Warszawa","2026-09-14T05:26:42.787163+00:00","https://fly.pl/szukaj-wycieczek/?filter[dest]=11:&filter[hotelids]=&filter[cityids]=0&filter[cregids]=&filter[ofrType]=&filter[addObjType]=&filter[whenFrom]=14-09-2026&filter[whenTo]=14-10-2026&filter[duration]=7:10&filter[from]=Warszawa%20-%20Modlin,Warszawa%20-%20Radom,Warszawa&filter[person]=2&filter[child]=1&filter[price]=4000:20000&filter[PriceFrom]=4000&filter[PriceTo]=20000&filter[addCategory]=50&filter[addCatering]=1&filter[addMisc]=0&filter[addTransport]=F&filter[fp]=1&order_by=ofr_price&filter[tourOperator]=0&filter[childAge][1]=20201210","https://fly.pl/cdn/photo/assets/uploads/582/278/2021/06/Lazuli1.jpg","https://fly.pl/wycieczka/egipt,marsa-alam,al-kusajr/lazuli-13/poAKByGlVeZ1HE0AhGxe16AAogshfKX5eim03SOFPSth4hTevEyL7pG7YIMIPiQdboK2QqBFZJVFgwlYue1QZIjUlQQViKBGACckAaABUHFwBcA1gFQI8DW7-DAV6-fFK8FFMAS7EvYQBMjrU5DfjUmAkgAFHc8qz23wFPuKgfXZz4r_klAg1jAQIM6eVBvA/ofertasv/?filter[tourOperator]=VITX&filter%5Bperson%5D=2&filter%5BchildAge%5D%5B1%5D=20201210&filter%5Bchild%5D=1","filter_7_10_days","egipt","marsa-alam","al-kusajr","2026-10-06","2026-10-13","8","7","Warszawa","2+1","egipt|marsa-alam|2026-10-06|2026-10-13|7|Warszawa|2+1"
"Sirena Beach Resort & Spa","9397.0","26.09.2026 - 04.10.2026","9 dni/7 nocy","4.7","4.7","466","tripadvisor","Warszawa","2026-09-14T05:26:42.787163+00:00","https://fly.pl/szukaj-wycieczek/?filter[dest]=11:&filter[hotelids]=&filter[cityids]=0&filter[cregids]=&filter[ofrType]=&filter[addObjType]=&filter[whenFrom]=14-09-2026&filter[whenTo]=14-10-2026&filter[duration]=7:10&filter[from]=Warszawa%20-%20Modlin,Warszawa%20-%20Radom,Warszawa&filter[person]=2&filter[child]=1&filter[price]=4000:20000&filter[PriceFrom]=4000&filter[PriceTo]=20000&filter[addCategory]=50&filter[addCatering]=1&filter[addMisc]=0&filter[addTransport]=F&filter[fp]=1&order_by=ofr_price&filter[tourOperator]=0&filter[childAge][1]=20201210","https://datacfstatic.merlinx.pl/EXIM/IMG/102577/35b5af99da854c87e4a42b7a188609f85ef2213790c2b61ac6c11da108c67fe7.webp","https://fly.pl/wycieczka/egipt,marsa-alam,al-kusajr/movenpick-sirena-beach-13/p7Jk4jJ3v88qUL3HGsHsE0AAogRiP-VIjMIwVF315vMgnWefPOVhexA4B-vTIRTOTMdjUqBEVYSU0wlYue1QZItUlQAViaAmACagJBSXIhHBGxoQa5BKSePqsEGxuStCwY4_8uAb-W0o4IAgBjAQINE_iqwA/ofertasv/?filter[tourOperator]=EXIM&filter%5Bperson%5D=2&filter%5BchildAge%5D%5B1%5D=20201210&filter%5Bchild%5D=1","filter_7_10_days","egipt","marsa-alam","al-kusajr","2026-09-26","2026-10-04","9","7","Warszawa","2+1","egipt|marsa-alam|2026-09-26|2026-10-04|7|Warszawa|2+1"
"Pickalbatros Villaggio Resort Portofino","9397.0","26.09.2026 - 04.10.2026","9 dni/7 nocy","4.9","4.9","1595","tripadvisor","Warszawa","2026-09-14T05:26:42.787163+00:00","https://fly.pl/szukaj-wycieczek/?filter[dest]=11:&filter[hotelids]=&filter[cityids]=0&filter[cregids]=&filter[ofrType]=&filter[addObjType]=&filter[whenFrom]=14-09-2026&filter[whenTo]=14-10-2026&filter[duration]=7:10&filter[from]=Warszawa%20-%20Modlin,Warszawa%20-%20Radom,Warszawa&filter[person]=2&filter[child]=1&filter[price]=4000:20000&filter[PriceFrom]=4000&filter[PriceTo]=20000&filter[addCategory]=50&filter[addCatering]=1&filter[addMisc]=0&filter[addTransport]=F&filter[fp]=1&order_by=ofr_price&filter[tourOperator]=0&filter[childAge][1]=20201210","https://fly.pl/cdn/photo/assets/uploads/582/278/2024/07/pickalbatros-villaggio-resort-portofino.jpg","https://fly.pl/wycieczka/egipt,marsa-alam,c/pickalbatros-villaggio-resort-portofino-15/pQkQzUsPs74zZg8YK7Vr3JAAogGEJMftsfXui-AYu4LaN1OfPOVhexA4B-vTIRTOTMdjUqBEVYSU0wlYue1QZItUlQAViaAmACagJBSXIhHBGk9ga5BLHJPasEGxuVj0QYqOpDAfWU65UMAgBjAQIM-WPW1Q/ofertasv/?filter[tourOperator]=EXIM&filter%5Bperson%5D=2&filter%5BchildAge%5D%5B1%5D=20201210&filter%5Bchild%5D=1","filter_7_10_days","egipt","marsa-alam","c","2026-09-26","2026-10-04","9","7","Warszawa","2+1","egipt|marsa-alam|2026-09-26|2026-10-04|7|Warszawa|2+1"
"Concorde El Salam Sport","9456.0","03.10.2026 - 10.10.2026","8 dni/7 nocy","4.8","4.8","1490","tripadvisor","Warszawa","2026-09-14T05:26:42.787163+00:00","https://fly.pl/szukaj-wycieczek/?filter[dest]=11:&filter[hotelids]=&filter[cityids]=0&filter[cregids]=&filter[ofrType]=&filter[addObjType]=&filter[whenFrom]=14-09-2026&filter[whenTo]=14-10-2026&filter[duration]=7:10&filter[from]=Warszawa%20-%20Modlin,Warszawa%20-%20Radom,Warszawa&filter[person]=2&filter[child]=1&filter[price]=4000:20000&filter[PriceFrom]=4000&filter[PriceTo]=20000&filter[addCategory]=50&filter[addCatering]=1&filter[addMisc]=0&filter[addTransport]=F&filter[fp]=1&order_by=ofr_price&filter[tourOperator]=0&filter[childAge][1]=20201210","https://fly.pl/cdn/photo/assets/uploads/582/278/2024/07/concorde-el-salam-sport.jpg","https://fly.pl/wycieczka/egipt,sharm-el-sheikh,szarm-el-szejk/concorde-el-salam-sport-15/ptjYDXcCR1YyYfxqI1wpLWAAog1ZL7qsPZBWDtfXJcSXPNPAAAAACYhAQAtYQEAAcAEgAqBFdFWlkwlYue1QZI8ElQQVjCA2ADaglFbnRlciBBaXJqBDA4MDByQ54BlQEfAAIBHAAWBBcCEu0DGIUFE80BFMkEEeYQQKxhTKCiAU8AS8cjUAAbtIMCHdy-DSAdDdbHwgkBEmMBDGMBAgWH_xJV/ofertasv/?filter[tourOperator]=WEZY&filter%5Bperson%5D=2&filter%5BchildAge%5D%5B1%5D=20201210&filter%5Bchild%5D=1","filter_7_10_days","egipt","sharm-el-sheikh","szarm-el-szejk","2026-10-03","2026-10-10","8","7","Warszawa","2+1","egipt|sharm-el-sheikh|2026-10-03|2026-10-10|7|Warszawa|2+1"
"Akassia Swiss Resort (ex. Calimera Club Akassia Swiss Resort)","9509.0","27.09.2026 - 04.10.2026","8 dni/7 nocy","4.6","4.6","2604","tripadvisor","Warszawa","2026-09-14T05:26:42.787163+00:00","https://fly.pl/szukaj-wycieczek/?filter[dest]=11:&filter[hotelids]=&filter[cityids]=0&filter[cregids]=&filter[ofrType]=&filter[addObjType]=&filter[whenFrom]=14-09-2026&filter[whenTo]=14-10-2026&filter[duration]=7:10&filter[from]=Warszawa%20-%20Modlin,Warszawa%20-%20Radom,Warszawa&filter[person]=2&filter[child]=1&filter[price]=4000:20000&filter[PriceFrom]=4000&filter[PriceTo]=20000&filter[addCategory]=50&filter[addCatering]=1&filter[addMisc]=0&filter[addTransport]=F&filter[fp]=1&order_by=ofr_price&filter[tourOperator]=0&filter[childAge][1]=20201210","https://fly.pl/cdn/photo/assets/uploads/582/278/2014/09/Akassia-Swiss-Resort.jpg","https://fly.pl/wycieczka/egipt,marsa-alam,c/calimera-club-akassia-swiss-resort/pvjPMdUBBYngfY6xrX2daOAAogz2vL_Yqmqxohhydmt3tESgAAAAAYgwQANIMEAAcADAAqBFdFWlkwlYue1QZIpUpQQViyAmADaglFbnRlciBBaXJqBDAwNTByQp4BlAEfAAIBHAAWBBcCEu0DFdoFGJUDE80BEcQiQK1QTLaWAU8AS7EvUAAdkL8PIBwbhT8NhovCCQESYwEMYwECBTx0Fiw/ofertasv/?filter[tourOperator]=WEZY&filter%5Bperson%5D=2&filter%5BchildAge%5D%5B1%5D=20201210&filter%5Bchild%5D=1","filter_7_10_days","egipt","marsa-alam","c","2026-09-27","2026-10-04","8","7","Warszawa","2+1","egipt|marsa-alam|2026-09-27|2026-10-04|7|Warszawa|2+1"
"Seven Seas Jolie Bay","9515.0","20.09.2026 - 27.09.2026","8 dni/7 nocy","4.6","4.6","1518","tripadvisor","Warszawa","2026-09-14T05:26:42.787163+00:00","https://fly.pl/szukaj-wycieczek/?filter[dest]=11:&filter[hotelids]=&filter[cityids]=0&filter[cregids]=&filter[ofrType]=&filter[addObjType]=&filter[whenFrom]=14-09-2026&filter[whenTo]=14-10-2026&filter[duration]=7:10&filter[from]=Warszawa%20-%20Modlin,Warszawa%20-%20Radom,Warszawa&filter[person]=2&filter[child]=1&filter[price]=4000:20000&filter[PriceFrom]=4000&filter[PriceTo]=20000&filter[addCategory]=50&filter[addCatering]=1&filter[addMisc]=0&filter[addTransport]=F&filter[fp]=1&order_by=ofr_price&filter[tourOperator]=0&filter[childAge][1]=20201210","https://fly.pl/cdn/photo/assets/uploads/582/278/2022/03/Aqua-Mondo-Abu-Soma-Resort.jpg","https://fly.pl/wycieczka/egipt,hurghada,soma-bay/aqua-mondo-resort-14/pLPpmb1oFLbP2BDQJlYR5yAAogxc9-KBBUi93hzc4wCxkPpAAAAADhggQA_YIEAAcADgAqBFdFWlkwlYue1QZIq0pQQViKAWADaglFbnRlciBBaXJqBDAwMTVyQ54BlAEfAAIBFgAcABcGEu0DFdoFGJUDE7kBQIVzT8syTABLnJMBUAARyD8dkf8OIBwb_b95Db6KyQgBEmMBDGMBAgsysYyJ/ofertasv/?filter[tourOperator]=WEZY&filter%5Bperson%5D=2&filter%5BchildAge%5D%5B1%5D=20201210&filter%5Bchild%5D=1","filter_7_10_days","egipt","hurghada","soma-bay","2026-09-20","2026-09-27","8","7","Warszawa","2+1","egipt|hurghada|2026-09-20|2026-09-27|7|Warszawa|2+1"
"Swiss Inn Resort Hurghada (ex. Hilton Hurghada Resort)","9533.0","17.09.2026 - 24.09.2026","8 dni/7 nocy","4.5","4.5","1878","tripadvisor","Warszawa","2026-09-14T05:26:42.787163+00:00","https://fly.pl/szukaj-wycieczek/?filter[dest]=11:&filter[hotelids]=&filter[cityids]=0&filter[cregids]=&filter[ofrType]=&filter[addObjType]=&filter[whenFrom]=14-09-2026&filter[whenTo]=14-10-2026&filter[duration]=7:10&filter[from]=Warszawa%20-%20Modlin,Warszawa%20-%20Radom,Warszawa&filter[person]=2&filter[child]=1&filter[price]=4000:20000&filter[PriceFrom]=4000&filter[PriceTo]=20000&filter[addCategory]=50&filter[addCatering]=1&filter[addMisc]=0&filter[addTransport]=F&filter[fp]=1&order_by=ofr_price&filter[tourOperator]=0&filter[childAge][1]=20201210","https://fly.pl/cdn/photo/assets/uploads/582/278/2014/07/Swiss-Inn-Resort-Hurghada.jpg","https://fly.pl/wycieczka/egipt,hurghada,c/hilton-resort/pZ8b6n2gztWMBZG1pZmfs6AAogF9_xG7Yr6hmXqzCW5ch7Q4m1roCAppNzwJMdRzjcI8kqBFNGUEwwlYue1QZIvUpQQVhCYAJyIgsCFQUiBBIjXMwCQC5bh_xIDYbRiwlRrta-9gMCEmMBAgVbssSg/ofertasv/?filter[tourOperator]=SFPL&filter%5Bperson%5D=2&filter%5BchildAge%5D%5B1%5D=20201210&filter%5Bchild%5D=1","filter_7_10_days","egipt","hurghada","c","2026-09-17","2026-09-24","8","7","Warszawa","2+1","egipt|hurghada|2026-09-17|2026-09-24|7|Warszawa|2+1"
"Concorde Sport","9544.0","27.09.2026 - 04.10.2026","8 dni/7 nocy","","","","","Warszawa","2026-09-14T05:26:42.787163+00:00","https://fly.pl/szukaj-wycieczek/?filter[dest]=11:&filter[hotelids]=&filter[cityids]=0&filter[cregids]=&filter[ofrType]=&filter[addObjType]=&filter[whenFrom]=14-09-2026&filter[whenTo]=14-10-2026&filter[duration]=7:10&filter[from]=Warszawa%20-%20Modlin,Warszawa%20-%20Radom,Warszawa&filter[person]=2&filter[child]=1&filter[price]=4000:20000&filter[PriceFrom]=4000&filter[PriceTo]=20000&filter[addCategory]=50&filter[addCatering]=1&filter[addMisc]=0&filter[addTransport]=F&filter[fp]=1&order_by=ofr_price&filter[tourOperator]=0&filter[childAge][1]=20201210","https://fly.pl/cdn/photo/assets/uploads/582/278/2017/08/Concorde-Sport-fly-pl-4.jpg","https://fly.pl/wycieczka/egipt,sharm-el-sheikh,szarm-el-szejk/concorde-sport/pvCNgyyqWohDqXUzmJ3KqVAAogYNf8YLxAxJwCsAh9IFUxBtvhBFpwv_tYWcE8EXXr1-EqBEpPSVAwlYue1QZIyEpQQViyAmACagNDR21yQpsBFAEVBhcAXANYBVYCQMoGT-IBXQBe3voBUqYgUwARmgNLrSBhAEzljDoN0vyXCSAAAfa3zKjDiMygMAINYwEAC2-eLM0/ofertasv/?filter[tourOperator]=JOIP&filter%5Bperson%5D=2&filter%5BchildAge%5D%5B1%5D=20201210&filter%5Bchild%5D=1","filter_7_10_days","egipt","sharm-el-sheikh","szarm-el-szejk","2026-09-27","2026-10-04","8","7","Warszawa","2+1","egipt|sharm-el-sheikh|2026-09-27|2026-10-04|7|Warszawa|2+1"
"Pickalbatros Vita Resort Portofino","9577.0","26.09.2026 - 04.10.2026","9 dni/7 nocy","4.9","4.9","752","tripadvisor","Warszawa","2026-09-14T05:26:42.787163+00:00","https://fly.pl/szukaj-wycieczek/?filter[dest]=11:&filter[hotelids]=&filter[cityids]=0&filter[cregids]=&filter[ofrType]=&filter[addObjType]=&filter[whenFrom]=14-09-2026&filter[whenTo]=14-10-2026&filter[duration]=7:10&filter[from]=Warszawa%20-%20Modlin,Warszawa%20-%20Radom,Warszawa&filter[person]=2&filter[child]=1&filter[price]=4000:20000&filter[PriceFrom]=4000&filter[PriceTo]=20000&filter[addCategory]=50&filter[addCatering]=1&filter[addMisc]=0&filter[addTransport]=F&filter[fp]=1&order_by=ofr_price&filter[tourOperator]=0&filter[childAge][1]=20201210","https://fly.pl/cdn/photo/assets/uploads/582/278/2024/07/pickalbatros-vita-resort-portofino.jpg","https://fly.pl/wycieczka/egipt,marsa-alam,c/pickalbatros-vita-resort-portofino-11/pXyUlKOt9_qcxOk96XgxeWAAogNxu4VlyvYLefqSygv0x02_POVhexA4B-vTIRTOTMdjUqBEVYSU0wlYue1QZI6UpQAViaAmACagJBSXIhHBGwoQa5BKWePqsEGxv_sywY5f8uAc2W0o4IAgBjAQIMflHIcA/ofertasv/?filter[tourOperator]=EXIM&filter%5Bperson%5D=2&filter%5BchildAge%5D%5B1%5D=20201210&filter%5Bchild%5D=1","filter_7_10_days","egipt","marsa-alam","c","2026-09-26","2026-10-04","9","7","Warszawa","2+1","egipt|marsa-alam|2026-09-26|2026-10-04|7|Warszawa|2+1"
"Royal Regency Club","9579.0","27.09.2026 - 04.10.2026","8 dni/7 nocy","4.4","4.4","359","tripadvisor","Warszawa","2026-09-14T05:26:42.787163+00:00","https://fly.pl/szukaj-wycieczek/?filter[dest]=11:&filter[hotelids]=&filter[cityids]=0&filter[cregids]=&filter[ofrType]=&filter[addObjType]=&filter[whenFrom]=14-09-2026&filter[whenTo]=14-10-2026&filter[duration]=7:10&filter[from]=Warszawa%20-%20Modlin,Warszawa%20-%20Radom,Warszawa&filter[person]=2&filter[child]=1&filter[price]=4000:20000&filter[PriceFrom]=4000&filter[PriceTo]=20000&filter[addCategory]=50&filter[addCatering]=1&filter[addMisc]=0&filter[addTransport]=F&filter[fp]=1&order_by=ofr_price&filter[tourOperator]=0&filter[childAge][1]=20201210","https://fly.pl/cdn/photo/assets/uploads/582/278/2024/07/royal-regency-club.jpg","https://fly.pl/wycieczka/egipt,sharm-el-sheikh,szarm-el-szejk/royal-regency-club/p02u98R5yv_dMPBrrST2X1AAog6zBghZ-FtZhuAQ8jWbVh49vhBFpwv_tYWcE8EXXr1-EqBEpPSVAwlYue1QZI60pQQViyAmACagNGaGNyQpsBFAEVBhcAXANYBVYCQMoGT-IBXQBe3voBUqYgUwBLxyNhABHWakyPojkN0vyXCSAAAYy2zKC0iMygMAIOYwEADZnvF6k/ofertasv/?filter[tourOperator]=JOIP&filter%5Bperson%5D=2&filter%5BchildAge%5D%5B1%5D=20201210&filter%5Bchild%5D=1","filter_7_10_days","egipt","sharm-el-sheikh","szarm-el-szejk","2026-09-27","2026-10-04","8","7","Warszawa","2+1","egipt|sharm-el-sheikh|2026-09-27|2026-10-04|7|Warszawa|2+1"
"Jaz Mirabel Park","9629.0","04.10.2026 - 11.10.2026","8 dni/7 nocy","4.4","4.4","4043","tripadvisor","Warszawa","2026-09-14T05:26:42.787163+00:00","https://fly.pl/szukaj-wycieczek/?filter[dest]=11:&filter[hotelids]=&filter[cityids]=0&filter[cregids]=&filter[ofrType]=&filter[addObjType]=&filter[whenFrom]=14-09-2026&filter[whenTo]=14-10-2026&filter[duration]=7:10&filter[from]=Warszawa%20-%20Modlin,Warszawa%20-%20Radom,Warszawa&filter[person]=2&filter[child]=1&filter[price]=4000:20000&filter[PriceFrom]=4000&filter[PriceTo]=20000&filter[addCategory]=50&filter[addCatering]=1&filter[addMisc]=0&filter[addTransport]=F&filter[fp]=1&order_by=ofr_price&filter[tourOperator]=0&filter[childAge][1]=20201210","https://fly.pl/cdn/photo/assets/uploads/582/278/2014/07/Jaz-Mirabel-Park-fly-pl.jpg","https://fly.pl/wycieczka/egipt,sharm-el-sheikh,c/jaz-mirabel-park/pAWOkIo60ZXV01bRAEvsk6AAog0u1tr9KxpdRBOmvdv5vIoe6LQqlaFmzyIpGKGzBohJAqBEpPSVAwlYue1QZInUtQQVjaA2ACckMUARUGFwBcA1gFVgJAygZP4gFdAFvyAhGlwwFexzRSpiBTAEvHI2EATOWMOg2f_ZcJIAABvMvsl7WIzKAwAg1jAQAM3P0Egg/ofertasv/?filter[tourOperator]=JOIP&filter%5Bperson%5D=2&filter%5BchildAge%5D%5B1%5D=20201210&filter%5Bchild%5D=1","filter_7_10_days","egipt","sharm-el-sheikh","c","2026-10-04","2026-10-11","8","7","Warszawa","2+1","egipt|sharm-el-sheikh|2026-10-04|2026-10-11|7|Warszawa|2+1"
"Serenity Alma Heights Ross Park Collection","9683.0","27.09.2026 - 04.10.2026","8 dni/7 nocy","","","","","Warszawa","2026-09-14T05:26:42.787163+00:00","https://fly.pl/szukaj-wycieczek/?filter[dest]=11:&filter[hotelids]=&filter[cityids]=0&filter[cregids]=&filter[ofrType]=&filter[addObjType]=&filter[whenFrom]=14-09-2026&filter[whenTo]=14-10-2026&filter[duration]=7:10&filter[from]=Warszawa%20-%20Modlin,Warszawa%20-%20Radom,Warszawa&filter[person]=2&filter[child]=1&filter[price]=4000:20000&filter[PriceFrom]=4000&filter[PriceTo]=20000&filter[addCategory]=50&filter[addCatering]=1&filter[addMisc]=0&filter[addTransport]=F&filter[fp]=1&order_by=ofr_price&filter[tourOperator]=0&filter[childAge][1]=20201210","https://datacfstatic.merlinx.pl/WEZY/IMG/80006/cbfb74e746eae233c5bd2dcca61af959ab13896516aa3e1f5b00669f16a12ada.webp","https://fly.pl/wycieczka/egipt,hurghada,makadi-bay/serenity-alma-heights-ross-park-collection-9/pnyzFlvqhAO8uqKObay5bEAAogkqp5jsMiUwUBQMWH4R4vVAAAAADiggQA_oIEAAcAAQAqBFdFWlkwlYue1QZI00tQQViyAmADaglFbnRlciBBaXJqBDAwMTVyRJ4BlAEfAAIBHAAWBhcAEu0DFdoFGJUDE7kBQIVzT8syTABLnJMBUAAR_qkCHdyUDSAcG-3-Yg3Uy98IARJjAQ1jAQIG35mEqg/ofertasv/?filter[tourOperator]=WEZY&filter%5Bperson%5D=2&filter%5BchildAge%5D%5B1%5D=20201210&filter%5Bchild%5D=1","filter_7_10_days","egipt","hurghada","makadi-bay","2026-09-27","2026-10-04","8","7","Warszawa","2+1","egipt|hurghada|2026-09-27|2026-10-04|7|Warszawa|2+1"
"Jaz Aquamarine Resort","9716.0","17.09.2026 - 24.09.2026","8 dni/7 nocy","4.6","4.6","17157","tripadvisor","Warszawa - Radom","2026-09-14T05:26:42.787163+00:00","https://fly.pl/szukaj-wycieczek/?filter[dest]=11:&filter[hotelids]=&filter[cityids]=0&filter[cregids]=&filter[ofrType]=&filter[addObjType]=&filter[whenFrom]=14-09-2026&filter[whenTo]=14-10-2026&filter[duration]=7:10&filter[from]=Warszawa%20-%20Modlin,Warszawa%20-%20Radom,Warszawa&filter[person]=2&filter[child]=1&filter[price]=4000:20000&filter[PriceFrom]=4000&filter[PriceTo]=20000&filter[addCategory]=50&filter[addCatering]=1&filter[addMisc]=0&filter[addTransport]=F&filter[fp]=1&order_by=ofr_price&filter[tourOperator]=0&filter[childAge][1]=20201210","https://fly.pl/cdn/photo/assets/uploads/582/278/2016/11/jaz-aquamarine-ex-iberotel-egipt-hurghada-1b.jpg","https://fly.pl/wycieczka/egipt,hurghada,c/jaz-aquamarine-ex-iberotel-aquamarine/pcrR8Vrmz4df18L1JNLTDMAAogLBdmOwm3DTaUpAh_mAOSlv8MJssITV_eZU8aw6SOnRoqBE9SRVgwlYue1QZI9EtQQVhCYAJqBkQ2LjIuMXI1mwEVBxcAXANYBVYCERdAswZd0w5PbFPSnQFSAF6vT0uBEmEATNG-OiDI_JcJDQACEmMBAgu-RBeR/ofertasv/?filter[tourOperator]=OREX&filter%5Bperson%5D=2&filter%5BchildAge%5D%5B1%5D=20201210&filter%5Bchild%5D=1","filter_7_10_days","egipt","hurghada","c","2026-09-17","2026-09-24","8","7","Warszawa - Radom","2+1","egipt|hurghada|2026-09-17|2026-09-24|7|Warszawa - Radom|2+1"
"Hilton Plaza (Hurghada)","9797.0","24.09.2026 - 01.10.2026","8 dni/7 nocy","4.6","4.6","4244","tripadvisor","Warszawa - Radom","2026-09-14T05:26:42.787163+00:00","https://fly.pl/szukaj-wycieczek/?filter[dest]=11:&filter[hotelids]=&filter[cityids]=0&filter[cregids]=&filter[ofrType]=&filter[addObjType]=&filter[whenFrom]=14-09-2026&filter[whenTo]=14-10-2026&filter[duration]=7:10&filter[from]=Warszawa%20-%20Modlin,Warszawa%20-%20Radom,Warszawa&filter[person]=2&filter[child]=1&filter[price]=4000:20000&filter[PriceFrom]=4000&filter[PriceTo]=20000&filter[addCategory]=50&filter[addCatering]=1&filter[addMisc]=0&filter[addTransport]=F&filter[fp]=1&order_by=ofr_price&filter[tourOperator]=0&filter[childAge][1]=20201210","https://fly.pl/cdn/photo/assets/uploads/582/278/2014/10/Hilton-Plaza.jpg","https://fly.pl/wycieczka/egipt,hurghada,c/hilton-plaza-hurghada/pQiwkeUK51ueMbCU6YP-wpAAogDxVZQjh5ZFUMT5h7bfSvjHuHt-JRXqpSz_DOtw-0xygqBE9SRVgwlYue1QZIxUxQQVjqAWACagVFLjIuMXI1mwEVBxcAXANYBVYCEVpA8AVd0w5PbFPSnQFSAF6vT0uBEmEATNG-OiDP_JcJDQACEmMBAgv69Z4l/ofertasv/?filter[tourOperator]=OREX&filter%5Bperson%5D=2&filter%5BchildAge%5D%5B1%5D=20201210&filter%5Bchild%5D=1","filter_7_10_days","egipt","hurghada","c","2026-09-24","2026-10-01","8","7","Warszawa - Radom","2+1","egipt|hurghada|2026-09-24|2026-10-01|7|Warszawa - Radom|2+1"
"Jasmine Palace","9857.0","24.09.2026 - 01.10.2026","8 dni/7 nocy","4.1","4.1","7704","tripadvisor","Warszawa","2026-09-14T05:26:42.787163+00:00","https://fly.pl/szukaj-wycieczek/?filter[dest]=11:&filter[hotelids]=&filter[cityids]=0&filter[cregids]=&filter[ofrType]=&filter[addObjType]=&filter[whenFrom]=14-09-2026&filter[whenTo]=14-10-2026&filter[duration]=7:10&filter[from]=Warszawa%20-%20Modlin,Warszawa%20-%20Radom,Warszawa&filter[person]=2&filter[child]=1&filter[price]=4000:20000&filter[PriceFrom]=4000&filter[PriceTo]=20000&filter[addCategory]=50&filter[addCatering]=1&filter[addMisc]=0&filter[addTransport]=F&filter[fp]=1&order_by=ofr_price&filter[tourOperator]=0&filter[childAge][1]=20201210","https://fly.pl/cdn/photo/assets/uploads/582/278/2014/07/Jasmine-Palace.jpg","https://fly.pl/wycieczka/egipt,hurghada,c/jasmine-palace/piSQscUS25ofyAUACyGrswAAog5wfRd79akhXK2OCs9LwD1AuM1L66OETZDYRELv-baocqBFZJVFgwlYue1QZIgU1QQVjqAWACckAaABUHFwBcA1gFQI8DW7-DAVOPLVIAXq9PS-1DYQBM7rQ5DcbUmAkgAFGqgsj7jwFPu4MlXZCE8_N1Ag1jAQIMlGM-nw/ofertasv/?filter[tourOperator]=VITX&filter%5Bperson%5D=2&filter%5BchildAge%5D%5B1%5D=20201210&filter%5Bchild%5D=1","filter_7_10_days","egipt","hurghada","c","2026-09-24","2026-10-01","8","7","Warszawa","2+1","egipt|hurghada|2026-09-24|2026-10-01|7|Warszawa|2+1"
"Pyramisa Beach Resort Sahl Hasheesh","9893.0","17.09.2026 - 24.09.2026","8 dni/7 nocy","4.1","4.1","3578","tripadvisor","Warszawa","2026-09-14T05:26:42.787163+00:00","https://fly.pl/szukaj-wycieczek/?filter[dest]=11:&filter[hotelids]=&filter[cityids]=0&filter[cregids]=&filter[ofrType]=&filter[addObjType]=&filter[whenFrom]=14-09-2026&filter[whenTo]=14-10-2026&filter[duration]=7:10&filter[from]=Warszawa%20-%20Modlin,Warszawa%20-%20Radom,Warszawa&filter[person]=2&filter[child]=1&filter[price]=4000:20000&filter[PriceFrom]=4000&filter[PriceTo]=20000&filter[addCategory]=50&filter[addCatering]=1&filter[addMisc]=0&filter[addTransport]=F&filter[fp]=1&order_by=ofr_price&filter[tourOperator]=0&filter[childAge][1]=20201210","https://fly.pl/cdn/photo/assets/uploads/582/278/2015/04/Pyramisa-Beach-Resort-Sahl-Hasheesh.jpg","https://fly.pl/wycieczka/egipt,hurghada,sahl-hasheesh/dessole-pyramisa-beach-resort-ex-pyramisa-beach-r/p9hDaMYGDCl63KGE9YpK2rAAog939sD-CM0YhN03qjEuBM1Im1roCAppNzwJMdRzjcI8kqBFNGUEwwlYue1QZIpU1QQVhCYAJqClNVUEdWUFZTU1ZyIZsBCwIVBSIFEiJczAJALg2NzdQJUbzEnLfBKAISYwECBd0GjUI/ofertasv/?filter[tourOperator]=SFPL&filter%5Bperson%5D=2&filter%5BchildAge%5D%5B1%5D=20201210&filter%5Bchild%5D=1","filter_7_10_days","egipt","hurghada","sahl-hasheesh","2026-09-17","2026-09-24","8","7","Warszawa","2+1","egipt|hurghada|2026-09-17|2026-09-24|7|Warszawa|2+1"
"Charmillion Garden Aqua Park","9923.0","27.09.2026 - 04.10.2026","8 dni/7 nocy","4.6","4.6","2257","tripadvisor","Warszawa","2026-09-14T05:26:42.787163+00:00","https://fly.pl/szukaj-wycieczek/?filter[dest]=11:&filter[hotelids]=&filter[cityids]=0&filter[cregids]=&filter[ofrType]=&filter[addObjType]=&filter[whenFrom]=14-09-2026&filter[whenTo]=14-10-2026&filter[duration]=7:10&filter[from]=Warszawa%20-%20Modlin,Warszawa%20-%20Radom,Warszawa&filter[person]=2&filter[child]=1&filter[price]=4000:20000&filter[PriceFrom]=4000&filter[PriceTo]=20000&filter[addCategory]=50&filter[addCatering]=1&filter[addMisc]=0&filter[addTransport]=F&filter[fp]=1&order_by=ofr_price&filter[tourOperator]=0&filter[childAge][1]=20201210","https://fly.pl/cdn/photo/assets/uploads/582/278/2014/07/Charmillion-Gardens-Aqua-Park-ex.-Sea-Garden.jpg","https://fly.pl/wycieczka/egipt,sharm-el-sheikh,nabq-bay/sea-gardens-sharm-el-sheikh/pDJrdLhTZqEYDnfrWyhaerAAogkyYYi6qiZFSDqz4mahF5etvhBFpwv_tYWcE8EXXr1-EqBEpPSVAwl4ue1QZIw01QQViyAmACagMwME1yQpsBFAEVBhcAXANYBVYCQMoGT-IBXQARoMYBXr40UqYgUwBLxyNhAEzljDoN0vyXCSAAAZSShOG0iMygMAINYwEADNtbeuo/ofertasv/?filter[tourOperator]=JOIP&filter%5Bperson%5D=2&filter%5BchildAge%5D%5B1%5D=20201210&filter%5Bchild%5D=1","filter_7_10_days","egipt","sharm-el-sheikh","nabq-bay","2026-09-27","2026-10-04","8","7","Warszawa","2+1","egipt|sharm-el-sheikh|2026-09-27|2026-10-04|7|Warszawa|2+1"
"Albatros Sea World Resort Marsa Alam","9926.0","26.09.2026 - 03.10.2026","8 dni/7 nocy","4.7","4.7","4499","tripadvisor","Warszawa","2026-09-14T05:26:42.787163+00:00","https://fly.pl/szukaj-wycieczek/?filter[dest]=11:&filter[hotelids]=&filter[cityids]=0&filter[cregids]=&filter[ofrType]=&filter[addObjType]=&filter[whenFrom]=14-09-2026&filter[whenTo]=14-10-2026&filter[duration]=7:10&filter[from]=Warszawa%20-%20Modlin,Warszawa%20-%20Radom,Warszawa&filter[person]=2&filter[child]=1&filter[price]=4000:20000&filter[PriceFrom]=4000&filter[PriceTo]=20000&filter[addCategory]=50&filter[addCatering]=1&filter[addMisc]=0&filter[addTransport]=F&filter[fp]=1&order_by=ofr_price&filter[tourOperator]=0&filter[childAge][1]=20201210","https://fly.pl/cdn/photo/assets/uploads/582/278/2017/08/ALBATROS-SEA-WORLD.jpg","https://fly.pl/wycieczka/egipt,marsa-alam,al-kusajr/sea-world-resort-marsa-alam/pEy-XyUcYkB-1DB0QcC-CSAAogqw4WqNBnY-fkR_XMKIiOPrjCD0UEpn4QE69Z5aCniz4qBEpPSVAwl4ue1QZIxk1QQViaAmACagMwMEZyQpsBFAEVBhcAXANYBVYCQMoGT-IBXQBe3voBUrwUUwBLsS9hABHVHkyQ7jkN0fyXCSAAAZSQsKjUiMygMAINYwEADLzXttc/ofertasv/?filter[tourOperator]=JOIP&filter%5Bperson%5D=2&filter%5BchildAge%5D%5B1%5D=20201210&filter%5Bchild%5D=1","filter_7_10_days","egipt","marsa-alam","al-kusajr","2026-09-26","2026-10-03","8","7","Warszawa","2+1","egipt|marsa-alam|2026-09-26|2026-10-03|7|Warszawa|2+1"
"Reef Oasis Suakin Resort","9957.0","06.10.2026 - 13.10.2026","8 dni/7 nocy","4.8","4.8","1445","tripadvisor","Warszawa","2026-09-14T05:26:42.787163+00:00","https://fly.pl/szukaj-wycieczek/?filter[dest]=11:&filter[hotelids]=&filter[cityids]=0&filter[cregids]=&filter[ofrType]=&filter[addObjType]=&filter[whenFrom]=14-09-2026&filter[whenTo]=14-10-2026&filter[duration]=7:10&filter[from]=Warszawa%20-%20Modlin,Warszawa%20-%20Radom,Warszawa&filter[person]=2&filter[child]=1&filter[price]=4000:20000&filter[PriceFrom]=4000&filter[PriceTo]=20000&filter[addCategory]=50&filter[addCatering]=1&filter[addMisc]=0&filter[addTransport]=F&filter[fp]=1&order_by=ofr_price&filter[tourOperator]=0&filter[childAge][1]=20201210","https://fly.pl/cdn/photo/assets/uploads/582/278/2024/07/reef-oasis-suakin-resort.jpg","https://fly.pl/wycieczka/egipt,marsa-alam,c/reef-oasis-suakin-resort-11/pKqAxsYZ1OrMSRuwfCO_IcAAogtBcnyDKlttK5eINGm0j2H-vEyL7pG7YIMIPiQdboK2QqBFZJVFgwl4ue1QZI5U1QQViKBGACckAaABUHFwBcA1gFQI8DW6eGAV7WeVK8FFMAS7EvYQBM77Q5DZfVmAkgAFGZoL723wFP-_oNXZz4r_klAgxjAQILlZ-0tg/ofertasv/?filter[tourOperator]=VITX&filter%5Bperson%5D=2&filter%5BchildAge%5D%5B1%5D=20201210&filter%5Bchild%5D=1","filter_7_10_days","egipt","marsa-alam","c","2026-10-06","2026-10-13","8","7","Warszawa","2+1","egipt|marsa-alam|2026-10-06|2026-10-13|7|Warszawa|2+1"
"Steigenberger Golf Resort","9963.0","17.09.2026 - 24.09.2026","8 dni/7 nocy","4.8","4.8","1659","tripadvisor","Warszawa - Radom","2026-09-14T05:26:42.787163+00:00","https://fly.pl/szukaj-wycieczek/?filter[dest]=11:&filter[hotelids]=&filter[cityids]=0&filter[cregids]=&filter[ofrType]=&filter[addObjType]=&filter[whenFrom]=14-09-2026&filter[whenTo]=14-10-2026&filter[duration]=7:10&filter[from]=Warszawa%20-%20Modlin,Warszawa%20-%20Radom,Warszawa&filter[person]=2&filter[child]=1&filter[price]=4000:20000&filter[PriceFrom]=4000&filter[PriceTo]=20000&filter[addCategory]=50&filter[addCatering]=1&filter[addMisc]=0&filter[addTransport]=F&filter[fp]=1&order_by=ofr_price&filter[tourOperator]=0&filter[childAge][1]=20201210","https://fly.pl/cdn/photo/assets/uploads/582/278/2015/01/Steigenberger-Golf.jpg","https://fly.pl/wycieczka/egipt,hurghada,el-gouna/steigenberger-golf/pSnL04tPgNI6P4OxctZAutAAog-94NWHKgJP7lEJ0XbyjvN_8MJssITV_eZU8aw6SOnRoqBE9SRVgwl4ue1QZI601QQVhCYAJqBVkuMi4xcjabARUHFwBcA1gFVgJAygYRhQhdzgZPbFPSnQFSAF6vT0uBEmEATNG-OiDI_JcJDQACEmMBAgzkp_dx/ofertasv/?filter[tourOperator]=OREX&filter%5Bperson%5D=2&filter%5BchildAge%5D%5B1%5D=20201210&filter%5Bchild%5D=1","filter_7_10_days","egipt","hurghada","el-gouna","2026-09-17","2026-09-24","8","7","Warszawa - Radom","2+1","egipt|hurghada|2026-09-17|2026-09-24|7|Warszawa - Radom|2+1"
"Red Sea Grand Waterworld Makadi (ex. Sunwing Waterworld Makadi)","9970.0","20.09.2026 - 27.09.2026","8 dni/7 nocy","4.5","4.5","5590","tripadvisor","Warszawa","2026-09-14T05:26:42.787163+00:00","https://fly.pl/szukaj-wycieczek/?filter[dest]=11:&filter[hotelids]=&filter[cityids]=0&filter[cregids]=&filter[ofrType]=&filter[addObjType]=&filter[whenFrom]=14-09-2026&filter[whenTo]=14-10-2026&filter[duration]=7:10&filter[from]=Warszawa%20-%20Modlin,Warszawa%20-%20Radom,Warszawa&filter[person]=2&filter[child]=1&filter[price]=4000:20000&filter[PriceFrom]=4000&filter[PriceTo]=20000&filter[addCategory]=50&filter[addCatering]=1&filter[addMisc]=0&filter[addTransport]=F&filter[fp]=1&order_by=ofr_price&filter[tourOperator]=0&filter[childAge][1]=20201210","https://fly.pl/cdn/photo/assets/uploads/582/278/2017/06/Red-Sea-Grand-Waterworld-Makadi.jpg","https://fly.pl/wycieczka/egipt,hurghada,makadi-bay/sunwing-waterworld-makadi/pO8ako_xIH3A9M3XcuLQIJAAogoB6Zp15XFpCtyTZTS8jCf2Iawf5xiVh7VlmUbcRXiL0qA0VUSTCXi57VBkjyTVBBWIoBYAJyMRUHFwBcA1gFVgJA-wdbw4UBU50mUgBer09L7UNhACCwidIJDQBR6OC99gMCEmMBAgps97GK/ofertasv/?filter[tourOperator]=ETI&filter%5Bperson%5D=2&filter%5BchildAge%5D%5B1%5D=20201210&filter%5Bchild%5D=1","filter_7_10_days","egipt","hurghada","makadi-bay","2026-09-20","2026-09-27","8","7","Warszawa","2+1","egipt|hurghada|2026-09-20|2026-09-27|7|Warszawa|2+1"
"Jaz Aquaviva","9972.0","24.09.2026 - 01.10.2026","8 dni/7 nocy","4.7","4.7","10804","tripadvisor","Warszawa - Radom","2026-09-14T05:26:42.787163+00:00","https://fly.pl/szukaj-wycieczek/?filter[dest]=11:&filter[hotelids]=&filter[cityids]=0&filter[cregids]=&filter[ofrType]=&filter[addObjType]=&filter[whenFrom]=14-09-2026&filter[whenTo]=14-10-2026&filter[duration]=7:10&filter[from]=Warszawa%20-%20Modlin,Warszawa%20-%20Radom,Warszawa&filter[person]=2&filter[child]=1&filter[price]=4000:20000&filter[PriceFrom]=4000&filter[PriceTo]=20000&filter[addCategory]=50&filter[addCatering]=1&filter[addMisc]=0&filter[addTransport]=F&filter[fp]=1&order_by=ofr_price&filter[tourOperator]=0&filter[childAge][1]=20201210","https://fly.pl/cdn/photo/assets/uploads/582/278/2015/07/Jaz-Aquaviva.jpg","https://fly.pl/wycieczka/egipt,hurghada,makadi-bay/jaz-makadi-aquaviva/pXwmaNT58q4sQPrEDVKrTQAAogvx8VbwCMHucU7Yy1I2RskHuHt-JRXqpSz_DOtw-0xygqBE9SRVgwl4ue1QZI9E1QQVjqAWACagZaSS4yLjFyNZsBFQcXAFwDWAVWAhEYQLIGXdMOT2xT0p0BUgBer09LgRJhAEzRvjogz_yXCQ0AAhJjAQIM1E3gRQ/ofertasv/?filter[tourOperator]=OREX&filter%5Bperson%5D=2&filter%5BchildAge%5D%5B1%5D=20201210&filter%5Bchild%5D=1","filter_7_10_days","egipt","hurghada","makadi-bay","2026-09-24","2026-10-01","8","7","Warszawa - Radom","2+1","egipt|hurghada|2026-09-24|2026-10-01|7|Warszawa - Radom|2+1"
"Sentido Naga Bay","10037.0","24.09.2026 - 01.10.2026","8 dni/7 nocy","","","","","Warszawa","2026-09-14T05:26:42.787163+00:00","https://fly.pl/szukaj-wycieczek/?filter[dest]=11:&filter[hotelids]=&filter[cityids]=0&filter[cregids]=&filter[ofrType]=&filter[addObjType]=&filter[whenFrom]=14-09-2026&filter[whenTo]=14-10-2026&filter[duration]=7:10&filter[from]=Warszawa%20-%20Modlin,Warszawa%20-%20Radom,Warszawa&filter[person]=2&filter[child]=1&filter[price]=4000:20000&filter[PriceFrom]=4000&filter[PriceTo]=20000&filter[addCategory]=50&filter[addCatering]=1&filter[addMisc]=0&filter[addTransport]=F&filter[fp]=1&order_by=ofr_price&filter[tourOperator]=0&filter[childAge][1]=20201210","https://datacfstatic.merlinx.pl/EXIM/IMG/107999/9691dd57e47cec1e96befde9ca4a24ec0aaad7165dd6c455160b011f15ee59d5.webp","https://fly.pl/wycieczka/egipt,hurghada,c/sentido-naga-bay-11/pt1yYufmHNoHgdQz7dLyFmAAog_OZcKqB0lX5VfwYRYpTt5g5QW-LxgDEWlGYjjlpqcUcqBEVYSU0wl4ue1QZItU5QAVjqAWACagJBSXIhHBHfywa5BMbvPasEHBvJ5D0Y0fE-Acn2p4sLAgBjAQIG3NNwHg/ofertasv/?filter[tourOperator]=EXIM&filter%5Bperson%5D=2&filter%5BchildAge%5D%5B1%5D=20201210&filter%5Bchild%5D=1","filter_7_10_days","egipt","hurghada","c","2026-09-24","2026-10-01","8","7","Warszawa","2+1","egipt|hurghada|2026-09-24|2026-10-01|7|Warszawa|2+1"
"Movenpick Resort & Spa El Gouna","10037.0","24.09.2026 - 01.10.2026","8 dni/7 nocy","4.5","4.5","6177","tripadvisor","Warszawa","2026-09-14T05:26:42.787163+00:00","https://fly.pl/szukaj-wycieczek/?filter[dest]=11:&filter[hotelids]=&filter[cityids]=0&filter[cregids]=&filter[ofrType]=&filter[addObjType]=&filter[whenFrom]=14-09-2026&filter[whenTo]=14-10-2026&filter[duration]=7:10&filter[from]=Warszawa%20-%20Modlin,Warszawa%20-%20Radom,Warszawa&filter[person]=2&filter[child]=1&filter[price]=4000:20000&filter[PriceFrom]=4000&filter[PriceTo]=20000&filter[addCategory]=50&filter[addCatering]=1&filter[addMisc]=0&filter[addTransport]=F&filter[fp]=1&order_by=ofr_price&filter[tourOperator]=0&filter[childAge][1]=20201210","https://fly.pl/cdn/photo/assets/uploads/582/278/2014/07/Movenpick-Resort-Spa-El-Gouna-fly-pl.jpg","https://fly.pl/wycieczka/egipt,hurghada,el-gouna/moevenpick-resort-spa-el-gouna/pRSeHS2h5GjxbmcnJIAZXzAAog7DaVLuIyDr06QIt9KWcaPQ5QW-LxgDEWlGYjjlpqcUcqBEVYSU0wl4ue1QZItU5QAVjqAWACagJBSXIhHBGnwga5BP74PasEHBvbpjkYkMU6Aais5YsKAgBjAQILmq4nTg/ofertasv/?filter[tourOperator]=EXIM&filter%5Bperson%5D=2&filter%5BchildAge%5D%5B1%5D=20201210&filter%5Bchild%5D=1","filter_7_10_days","egipt","hurghada","el-gouna","2026-09-24","2026-10-01","8","7","Warszawa","2+1","egipt|hurghada|2026-09-24|2026-10-01|7|Warszawa|2+1"
"Titanic Beach Spa & Aqua Park","10057.0","24.09.2026 - 01.10.2026","8 dni/7 nocy","4.3","4.3","7447","tripadvisor","Warszawa","2026-09-14T05:26:42.787163+00:00","https://fly.pl/szukaj-wycieczek/?filter[dest]=11:&filter[hotelids]=&filter[cityids]=0&filter[cregids]=&filter[ofrType]=&filter[addObjType]=&filter[whenFrom]=14-09-2026&filter[whenTo]=14-10-2026&filter[duration]=7:10&filter[from]=Warszawa%20-%20Modlin,Warszawa%20-%20Radom,Warszawa&filter[person]=2&filter[child]=1&filter[price]=4000:20000&filter[PriceFrom]=4000&filter[PriceTo]=20000&filter[addCategory]=50&filter[addCatering]=1&filter[addMisc]=0&filter[addTransport]=F&filter[fp]=1&order_by=ofr_price&filter[tourOperator]=0&filter[childAge][1]=20201210","https://fly.pl/cdn/photo/assets/uploads/582/278/2014/07/Titanic-Beach-Spa-Aqua-Park-fly-pl.jpg","https://fly.pl/wycieczka/egipt,hurghada,c/titanic-beach-spa/pX3cXKgd_lLq5kyWcXPwNIAAogviv7GZtQBFSdGah-T5A74wuM1L66OETZDYRELv-baocqBFZJVFgwl4ue1QZIyU5QQVjqAWACckAaABUHFwBcA1gFQI8DW7-DAVOPLVIAXq9PS-1DYQBM7rQ5DcbUmAkgAFHCkOX7jwFPo_UHXZCE8_N1AgxjAQILqwpcvA/ofertasv/?filter[tourOperator]=VITX&filter%5Bperson%5D=2&filter%5BchildAge%5D%5B1%5D=20201210&filter%5Bchild%5D=1","filter_7_10_days","egipt","hurghada","c","2026-09-24","2026-10-01","8","7","Warszawa","2+1","egipt|hurghada|2026-09-24|2026-10-01|7|Warszawa|2+1"
"Naama Bay Promenade Mountain Resort","10062.0","03.10.2026 - 10.10.2026","8 dni/7 nocy","4.2","4.2","1290","tripadvisor","Warszawa","2026-09-14T05:26:42.787163+00:00","https://fly.pl/szukaj-wycieczek/?filter[dest]=11:&filter[hotelids]=&filter[cityids]=0&filter[cregids]=&filter[ofrType]=&filter[addObjType]=&filter[whenFrom]=14-09-2026&filter[whenTo]=14-10-2026&filter[duration]=7:10&filter[from]=Warszawa%20-%20Modlin,Warszawa%20-%20Radom,Warszawa&filter[person]=2&filter[child]=1&filter[price]=4000:20000&filter[PriceFrom]=4000&filter[PriceTo]=20000&filter[addCategory]=50&filter[addCatering]=1&filter[addMisc]=0&filter[addTransport]=F&filter[fp]=1&order_by=ofr_price&filter[tourOperator]=0&filter[childAge][1]=20201210","https://fly.pl/cdn/photo/assets/uploads/582/278/2024/07/naama-bay-promenade-mountain-resort.jpg","https://fly.pl/wycieczka/egipt,sharm-el-sheikh,szarm-el-szejk/naama-bay-promenade-mountain-resort-12/pTorsPSVZjCCw719IfGZDQAAogr2vhMHj4b0XXUF8bSNyfygAAAACYhAQAtYQEAAcAEgAqBFdFWlkwl4ue1QZIzk5QQVjCA2ADaglFbnRlciBBaXJqBDA4MDByQ54BlQEfAAIBHAAWBBcCEu0DGIUFE80BFMkEEcsPQMdiTKCiAU8AS8cjUAAbsYMCHd--DSAdDdbHwgkBEmMBDGMBAgU4MllS/ofertasv/?filter[tourOperator]=WEZY&filter%5Bperson%5D=2&filter%5BchildAge%5D%5B1%5D=20201210&filter%5Bchild%5D=1","filter_7_10_days","egipt","sharm-el-sheikh","szarm-el-szejk","2026-10-03","2026-10-10","8","7","Warszawa","2+1","egipt|sharm-el-sheikh|2026-10-03|2026-10-10|7|Warszawa|2+1"
"Sheraton Miramar Resort (El Gouna)","10085.0","24.09.2026 - 01.10.2026","8 dni/7 nocy","4.7","4.7","6346","tripadvisor","Warszawa - Radom","2026-09-14T05:26:42.787163+00:00","https://fly.pl/szukaj-wycieczek/?filter[dest]=11:&filter[hotelids]=&filter[cityids]=0&filter[cregids]=&filter[ofrType]=&filter[addObjType]=&filter[whenFrom]=14-09-2026&filter[whenTo]=14-10-2026&filter[duration]=7:10&filter[from]=Warszawa%20-%20Modlin,Warszawa%20-%20Radom,Warszawa&filter[person]=2&filter[child]=1&filter[price]=4000:20000&filter[PriceFrom]=4000&filter[PriceTo]=20000&filter[addCategory]=50&filter[addCatering]=1&filter[addMisc]=0&filter[addTransport]=F&filter[fp]=1&order_by=ofr_price&filter[tourOperator]=0&filter[childAge][1]=20201210","https://fly.pl/cdn/photo/assets/uploads/582/278/2014/07/Sheraton-Miramar-El-Gouna-1.jpg","https://fly.pl/wycieczka/egipt,hurghada,el-gouna/sheraton-miramar-el-gouna/pQ5wzOLhRxVzhTLpGCL5WYAAog0p9F1dC1Fs6tjuRQEl_jE3uHt-JRXqpSz_DOtw-0xygqBE9SRVgwl4ue1QZI5U5QQVjqAWACagZFQy4yLjFyNZsBFQcXAFwDWAVWAhE7QI8GXdMOT2xT0p0BUgBer09LgRJhAEzRvjogz_yXCQ0AAhJjAQIMgRhHeQ/ofertasv/?filter[tourOperator]=OREX&filter%5Bperson%5D=2&filter%5BchildAge%5D%5B1%5D=20201210&filter%5Bchild%5D=1","filter_7_10_days","egipt","hurghada","el-gouna","2026-09-24","2026-10-01","8","7","Warszawa - Radom","2+1","egipt|hurghada|2026-09-24|2026-10-01|7|Warszawa - Radom|2+1"
"Domina Coral Bay Aquamarine","10105.0","27.09.2026 - 04.10.2026","8 dni/7 nocy","4.2","4.2","12420","tripadvisor","Warszawa","2026-09-14T05:26:42.787163+00:00","https://fly.pl/szukaj-wycieczek/?filter[dest]=11:&filter[hotelids]=&filter[cityids]=0&filter[cregids]=&filter[ofrType]=&filter[addObjType]=&filter[whenFrom]=14-09-2026&filter[whenTo]=14-10-2026&filter[duration]=7:10&filter[from]=Warszawa%20-%20Modlin,Warszawa%20-%20Radom,Warszawa&filter[person]=2&filter[child]=1&filter[price]=4000:20000&filter[PriceFrom]=4000&filter[PriceTo]=20000&filter[addCategory]=50&filter[addCatering]=1&filter[addMisc]=0&filter[addTransport]=F&filter[fp]=1&order_by=ofr_price&filter[tourOperator]=0&filter[childAge][1]=20201210","https://fly.pl/cdn/photo/assets/uploads/582/278/2014/07/Domina-Coral-Bay-Aquamarine.jpg","https://fly.pl/wycieczka/egipt,sharm-el-sheikh,c/domina-coral-bay-aquamarine/pXPDWeh-4kAeGAmV8lNoVBAAogPIS5Ln1NAqrP7o3OlTSPJ9vhBFpwv_tYWcE8EXXr1-EqBEpPSVAwl4ue1QZI-U5QQViyAmACckMUARUGFwBcA1gFVgJAygZP4gFdAFvpPRH4igFe_TFSpiBTAEvHI2EATOWMOg3S_JcJIAABjLyAqcOIzKAwAg1jAQAMlT-BgQ/ofertasv/?filter[tourOperator]=JOIP&filter%5Bperson%5D=2&filter%5BchildAge%5D%5B1%5D=20201210&filter%5Bchild%5D=1","filter_7_10_days","egipt","sharm-el-sheikh","c","2026-09-27","2026-10-04","8","7","Warszawa","2+1","egipt|sharm-el-sheikh|2026-09-27|2026-10-04|7|Warszawa|2+1"
"Caesar Bay Resort","10197.0","16.09.2026 - 24.09.2026","9 dni/7 nocy","4.3","4.3","1162","tripadvisor","Warszawa","2026-09-14T05:26:42.787163+00:00","https://fly.pl/szukaj-wycieczek/?filter[dest]=11:&filter[hotelids]=&filter[cityids]=0&filter[cregids]=&filter[ofrType]=&filter[addObjType]=&filter[whenFrom]=14-09-2026&filter[whenTo]=14-10-2026&filter[duration]=7:10&filter[from]=Warszawa%20-%20Modlin,Warszawa%20-%20Radom,Warszawa&filter[person]=2&filter[child]=1&filter[price]=4000:20000&filter[PriceFrom]=4000&filter[PriceTo]=20000&filter[addCategory]=50&filter[addCatering]=1&filter[addMisc]=0&filter[addTransport]=F&filter[fp]=1&order_by=ofr_price&filter[tourOperator]=0&filter[childAge][1]=20201210","https://fly.pl/cdn/photo/assets/uploads/582/278/2024/07/caesar-bay-resort.jpg","https://fly.pl/wycieczka/egipt,aleksandria,c/caesar-bay-resort-13/p03EsIjjmMCS-DzuwViv5UAAog0TqfNfuT-D1aCiY81n2HT_OXllCPLR4BIzNLJl_yhhQqBFZJVFgwl4ue1QZI1U9QQVgqYAJyQBoAFQcXAFwDWAVAjwNTyYMBUgBbzgFe5npL7UNhAEyQtTkNnNSYCSABUaXpmfJrT8fSOF3c-ID9mQECDmMBAg2tmegT/ofertasv/?filter[tourOperator]=VITX&filter%5Bperson%5D=2&filter%5BchildAge%5D%5B1%5D=20201210&filter%5Bchild%5D=1","filter_7_10_days","egipt","aleksandria","c","2026-09-16","2026-09-24","9","7","Warszawa","2+1","egipt|aleksandria|2026-09-16|2026-09-24|7|Warszawa|2+1"
"Domina Coral Bay Resort","10211.0","03.10.2026 - 10.10.2026","8 dni/7 nocy","4.2","4.2","12420","tripadvisor","Warszawa","2026-09-14T05:26:42.787163+00:00","https://fly.pl/szukaj-wycieczek/?filter[dest]=11:&filter[hotelids]=&filter[cityids]=0&filter[cregids]=&filter[ofrType]=&filter[addObjType]=&filter[whenFrom]=14-09-2026&filter[whenTo]=14-10-2026&filter[duration]=7:10&filter[from]=Warszawa%20-%20Modlin,Warszawa%20-%20Radom,Warszawa&filter[person]=2&filter[child]=1&filter[price]=4000:20000&filter[PriceFrom]=4000&filter[PriceTo]=20000&filter[addCategory]=50&filter[addCatering]=1&filter[addMisc]=0&filter[addTransport]=F&filter[fp]=1&order_by=ofr_price&filter[tourOperator]=0&filter[childAge][1]=20201210","https://fly.pl/cdn/photo/assets/uploads/582/278/2014/07/DOMINA.jpg","https://fly.pl/wycieczka/egipt,sharm-el-sheikh,c/domina-coral-bay-resort-sharm-el-sheikh/pMwT_yz-5kUReWPgbkdpyxAAogNUm0aogpLaPbXoUBKazRwAAAAACYhAQAtYQEAAcAEgAqBFdFWlkwl4ue1QZI409QQVjCA2ADaglFbnRlciBBaXJqBDA4MDByQ54BlQEfAAIBHAAWBBcCEu0DGIUFE80BFMkEQJJyT6CiAUwAS8cjUAAR50UdqfwOIB0bt-0EDZ_avQkBEmMBDWMBAwVbJ_5o/ofertasv/?filter[tourOperator]=WEZY&filter%5Bperson%5D=2&filter%5BchildAge%5D%5B1%5D=20201210&filter%5Bchild%5D=1","filter_7_10_days","egipt","sharm-el-sheikh","c","2026-10-03","2026-10-10","8","7","Warszawa","2+1","egipt|sharm-el-sheikh|2026-10-03|2026-10-10|7|Warszawa|2+1"
"Sunrise Alora Aqua Park Resort","10237.0","24.09.2026 - 01.10.2026","8 dni/7 nocy","3.5","3.5","1838","tripadvisor","Warszawa","2026-09-14T05:26:42.787163+00:00","https://fly.pl/szukaj-wycieczek/?filter[dest]=11:&filter[hotelids]=&filter[cityids]=0&filter[cregids]=&filter[ofrType]=&filter[addObjType]=&filter[whenFrom]=14-09-2026&filter[whenTo]=14-10-2026&filter[duration]=7:10&filter[from]=Warszawa%20-%20Modlin,Warszawa%20-%20Radom,Warszawa&filter[person]=2&filter[child]=1&filter[price]=4000:20000&filter[PriceFrom]=4000&filter[PriceTo]=20000&filter[addCategory]=50&filter[addCatering]=1&filter[addMisc]=0&filter[addTransport]=F&filter[fp]=1&order_by=ofr_price&filter[tourOperator]=0&filter[childAge][1]=20201210","https://fly.pl/cdn/photo/assets/uploads/582/278/2014/11/Hawaii-Caesar-Palace-Aqua-Park-ex-Mirage-Aqua-Park-fly-pl.jpg","https://fly.pl/wycieczka/egipt,hurghada,c/mirage-aqua-park-spa-cesar-palace/p1KKoG83OWzg6n0vP-2LtQAAogEgXl69BCBT3IJJ-IW0Osr281lTSXqH6Isk6l7nfwV_cqBEJWUFIwl4ue1QZI_U9QAVjqAWACag1BbGwgaW5jbHVzaXZlciAcEdJGG83vBBjr8wy5BP_fE6sETwGe5ODEAQIAYwECC0WLoyk/ofertasv/?filter[tourOperator]=BVPR&filter%5Bperson%5D=2&filter%5BchildAge%5D%5B1%5D=20201210&filter%5Bchild%5D=1","filter_7_10_days","egipt","hurghada","c","2026-09-24","2026-10-01","8","7","Warszawa","2+1","egipt|hurghada|2026-09-24|2026-10-01|7|Warszawa|2+1"
"Pickalbatros Oasis Port Ghalib (ex. Red Sea Port Ghalib Resort)","10237.0","26.09.2026 - 04.10.2026","9 dni/7 nocy","4.6","4.6","3642","tripadvisor","Warszawa","2026-09-14T05:26:42.787163+00:00","https://fly.pl/szukaj-wycieczek/?filter[dest]=11:&filter[hotelids]=&filter[cityids]=0&filter[cregids]=&filter[ofrType]=&filter[addObjType]=&filter[whenFrom]=14-09-2026&filter[whenTo]=14-10-2026&filter[duration]=7:10&filter[from]=Warszawa%20-%20Modlin,Warszawa%20-%20Radom,Warszawa&filter[person]=2&filter[child]=1&filter[price]=4000:20000&filter[PriceFrom]=4000&filter[PriceTo]=20000&filter[addCategory]=50&filter[addCatering]=1&filter[addMisc]=0&filter[addTransport]=F&filter[fp]=1&order_by=ofr_price&filter[tourOperator]=0&filter[childAge][1]=20201210","https://fly.pl/cdn/photo/assets/uploads/582/278/2014/09/pickalbatros-oasis.jpg","https://fly.pl/wycieczka/egipt,marsa-alam,port-ghalib/crowne-plaza-sahara-oasis-resort/ppD7KuVOZxVr8bOVhz89nhAAogX89wgVzTFO2BGfUCvg3g7vPOVhexA4B-vTIRTOTMdjUqBEVYSU0wl4ue1QZI_U9QAViaAmACagJBSXIhHBGloQa5BLCePqsEGxvLsiwY_v8uAcbD0Y4IAgBjAQIMxqPjqA/ofertasv/?filter[tourOperator]=EXIM&filter%5Bperson%5D=2&filter%5BchildAge%5D%5B1%5D=20201210&filter%5Bchild%5D=1","filter_7_10_days","egipt","marsa-alam","port-ghalib","2026-09-26","2026-10-04","9","7","Warszawa","2+1","egipt|marsa-alam|2026-09-26|2026-10-04|7|Warszawa|2+1"
"Albatros Makadi Resort (ex Royal Pharaohs Makadi)","10247.0","17.09.2026 - 24.09.2026","8 dni/7 nocy","3.3","3.3","844","tripadvisor","Warszawa - Radom","2026-09-14T05:26:42.787163+00:00","https://fly.pl/szukaj-wycieczek/?filter[dest]=11:&filter[hotelids]=&filter[cityids]=0&filter[cregids]=&filter[ofrType]=&filter[addObjType]=&filter[whenFrom]=14-09-2026&filter[whenTo]=14-10-2026&filter[duration]=7:10&filter[from]=Warszawa%20-%20Modlin,Warszawa%20-%20Radom,Warszawa&filter[person]=2&filter[child]=1&filter[price]=4000:20000&filter[PriceFrom]=4000&filter[PriceTo]=20000&filter[addCategory]=50&filter[addCatering]=1&filter[addMisc]=0&filter[addTransport]=F&filter[fp]=1&order_by=ofr_price&filter[tourOperator]=0&filter[childAge][1]=20201210","https://fly.pl/cdn/photo/assets/uploads/582/278/2014/07/Harmony-Makadi-Bay-fly-pl.jpg","https://fly.pl/wycieczka/egipt,hurghada,makadi-bay/harmony-makadi-bay/pj8DR94aaotjUnoPoZrDKVAAog2KkqwW55MLKRvLFoSG1ZfP8MJssITV_eZU8aw6SOnRoqBE9SRVgwl4ue1QZIh1BQQVhCYAJqB0tHVC4yLjFyNpsBFQcXAFwDWAVWAkDKBl3TDk9sEYgOU8qPAVIAXq9PS4ESYQBM0b46IMj8lwkNAAISYwECDPydKsM/ofertasv/?filter[tourOperator]=OREX&filter%5Bperson%5D=2&filter%5BchildAge%5D%5B1%5D=20201210&filter%5Bchild%5D=1","filter_7_10_days","egipt","hurghada","makadi-bay","2026-09-17","2026-09-24","8","7","Warszawa - Radom","2+1","egipt|hurghada|2026-09-17|2026-09-24|7|Warszawa - Radom|2+1"
"Serenity Sky Arc","10256.0","17.09.2026 - 24.09.2026","8 dni/7 nocy","","","","","Warszawa - Radom","2026-09-14T05:26:42.787163+00:00","https://fly.pl/szukaj-wycieczek/?filter[dest]=11:&filter[hotelids]=&filter[cityids]=0&filter[cregids]=&filter[ofrType]=&filter[addObjType]=&filter[whenFrom]=14-09-2026&filter[whenTo]=14-10-2026&filter[duration]=7:10&filter[from]=Warszawa%20-%20Modlin,Warszawa%20-%20Radom,Warszawa&filter[person]=2&filter[child]=1&filter[price]=4000:20000&filter[PriceFrom]=4000&filter[PriceTo]=20000&filter[addCategory]=50&filter[addCatering]=1&filter[addMisc]=0&filter[addTransport]=F&filter[fp]=1&order_by=ofr_price&filter[tourOperator]=0&filter[childAge][1]=20201210","https://datacfstatic.merlinx.pl/OREX/IMG/7046/994dc2675b2b925a7eff07bb261b8a12a2788f1df10c854730c69e4849308811.webp","https://fly.pl/wycieczka/egipt,hurghada,sahl-hasheesh/serenity-sky-arc-10/pCXRl2-2x5fcjp5N0gjPLjAAogIi4ReulVwprELEmD7U_d1_8MJssITV_eZU8aw6SOnRoqBE9SRVgwl4ue1QZIkFBQQVhCYAJqB1E4Ri4yLjFyNZsBFQcXAFgIVgJcCEDCBl3TDk9sEewgU-Z8UgBer09LgRJhAEzRvjogyPyXCQ0AAhJjAQILp6cT2g/ofertasv/?filter[tourOperator]=OREX&filter%5Bperson%5D=2&filter%5BchildAge%5D%5B1%5D=20201210&filter%5Bchild%5D=1","filter_7_10_days","egipt","hurghada","sahl-hasheesh","2026-09-17","2026-09-24","8","7","Warszawa - Radom","2+1","egipt|hurghada|2026-09-17|2026-09-24|7|Warszawa - Radom|2+1"
"Coral Sea Water World Resort","10260.0","27.09.2026 - 04.10.2026","8 dni/7 nocy","4.5","4.5","9375","tripadvisor","Warszawa","2026-09-14T05:26:42.787163+00:00","https://fly.pl/szukaj-wycieczek/?filter[dest]=11:&filter[hotelids]=&filter[cityids]=0&filter[cregids]=&filter[ofrType]=&filter[addObjType]=&filter[whenFrom]=14-09-2026&filter[whenTo]=14-10-2026&filter[duration]=7:10&filter[from]=Warszawa%20-%20Modlin,Warszawa%20-%20Radom,Warszawa&filter[person]=2&filter[child]=1&filter[price]=4000:20000&filter[PriceFrom]=4000&filter[PriceTo]=20000&filter[addCategory]=50&filter[addCatering]=1&filter[addMisc]=0&filter[addTransport]=F&filter[fp]=1&order_by=ofr_price&filter[tourOperator]=0&filter[childAge][1]=20201210","https://fly.pl/cdn/photo/assets/uploads/582/278/2014/07/Coral-Sea-Waterworld.jpg","https://fly.pl/wycieczka/egipt,sharm-el-sheikh,c/coral-sea-water-world/pcLsX85ipgTMqlbcHiMbmvAAogiwVAr_uHQ-nksYc1IaRWSdvhBFpwv_tYWcE8EXXr1-EqBEpPSVAwl4ue1QZIlFBQQViyAmACagMxMm9yQpsBFAEVBhcAXANYBVYCQMoGT-IBXQBe3voBEdUTUtEMUwBLxyNhAEzljDoN0vyXCSAAAfef-P_CiMygMAINYwEADDS3GKY/ofertasv/?filter[tourOperator]=JOIP&filter%5Bperson%5D=2&filter%5BchildAge%5D%5B1%5D=20201210&filter%5Bchild%5D=1","filter_7_10_days","egipt","sharm-el-sheikh","c","2026-09-27","2026-10-04","8","7","Warszawa","2+1","egipt|sharm-el-sheikh|2026-09-27|2026-10-04|7|Warszawa|2+1"
"Coral Sea Holiday Resort","10260.0","27.09.2026 - 04.10.2026","8 dni/7 nocy","4.5","4.5","10284","tripadvisor","Warszawa","2026-09-14T05:26:42.787163+00:00","https://fly.pl/szukaj-wycieczek/?filter[dest]=11:&filter[hotelids]=&filter[cityids]=0&filter[cregids]=&filter[ofrType]=&filter[addObjType]=&filter[whenFrom]=14-09-2026&filter[whenTo]=14-10-2026&filter[duration]=7:10&filter[from]=Warszawa%20-%20Modlin,Warszawa%20-%20Radom,Warszawa&filter[person]=2&filter[child]=1&filter[price]=4000:20000&filter[PriceFrom]=4000&filter[PriceTo]=20000&filter[addCategory]=50&filter[addCatering]=1&filter[addMisc]=0&filter[addTransport]=F&filter[fp]=1&order_by=ofr_price&filter[tourOperator]=0&filter[childAge][1]=20201210","https://fly.pl/cdn/photo/assets/uploads/582/278/2014/07/Coral-Sea-Holiday-Resort.jpg","https://fly.pl/wycieczka/egipt,sharm-el-sheikh,c/coral-sea-holiday-village/pW-3eiuqLTZNrRySKvkPE5AAogFNwGuo71zQ1MPy9d9_7q_NvhBFpwv_tYWcE8EXXr1-EqBEpPSVAwl4ue1QZIlFBQQViyAmACagNDR21yQpsBFAEVBhcAXANYBVYCQMoGT-IBXQBe3voBEdQTUtIMUwBLxyNhAEzljDoN0vyXCSAAAYeWyPjCiMygMAINYwEADImgp54/ofertasv/?filter[tourOperator]=JOIP&filter%5Bperson%5D=2&filter%5BchildAge%5D%5B1%5D=20201210&filter%5Bchild%5D=1","filter_7_10_days","egipt","sharm-el-sheikh","c","2026-09-27","2026-10-04","8","7","Warszawa","2+1","egipt|sharm-el-sheikh|2026-09-27|2026-10-04|7|Warszawa|2+1"
"Radisson Individuals Marina Port Ghalib (ex. Sunrise Marina Resort)","10308.0","03.10.2026 - 10.10.2026","8 dni/7 nocy","4.6","4.6","3575","tripadvisor","Warszawa","2026-09-14T05:26:42.787163+00:00","https://fly.pl/szukaj-wycieczek/?filter[dest]=11:&filter[hotelids]=&filter[cityids]=0&filter[cregids]=&filter[ofrType]=&filter[addObjType]=&filter[whenFrom]=14-09-2026&filter[whenTo]=14-10-2026&filter[duration]=7:10&filter[from]=Warszawa%20-%20Modlin,Warszawa%20-%20Radom,Warszawa&filter[person]=2&filter[child]=1&filter[price]=4000:20000&filter[PriceFrom]=4000&filter[PriceTo]=20000&filter[addCategory]=50&filter[addCatering]=1&filter[addMisc]=0&filter[addTransport]=F&filter[fp]=1&order_by=ofr_price&filter[tourOperator]=0&filter[childAge][1]=20201210","https://fly.pl/cdn/photo/assets/uploads/582/278/2015/04/RADISSON-INDIVIDUALS-MARINA.jpg","https://fly.pl/wycieczka/egipt,marsa-alam,port-ghalib/rehana-port-ghalib-resort/pchwPe9pfJ7uT217PUuXTFAAogIcWouiWwv8ewXu0KTfbtaegSLRM4LH0UoQGj_we9ZWwqBFJOQlcwl4ue1QZIxFBQQVjCA2ACagREUTBkag1BTExfSU5DTFVTSVZFahoxNiwyOTYsMzgwLDQ3Nyw0ODMsNDg0LDQ4NWobNDAyLDQwMyw0MDYsNDE3LDQ3Myw0OTcsNDk5cj6fAZYBngGUARUHFwBYCArNAUD7BRHQLBmzKBDGHUziGVPVgwFSAEuxL2EAHYCRQQ85IMr4kAkNAAIOYwECBUSyzg0/ofertasv/?filter[tourOperator]=RNBW&filter%5Bperson%5D=2&filter%5BchildAge%5D%5B1%5D=20201210&filter%5Bchild%5D=1","filter_7_10_days","egipt","marsa-alam","port-ghalib","2026-10-03","2026-10-10","8","7","Warszawa","2+1","egipt|marsa-alam|2026-10-03|2026-10-10|7|Warszawa|2+1"
"Titanic Royal","10317.0","24.09.2026 - 01.10.2026","8 dni/7 nocy","4.8","4.8","4641","tripadvisor","Warszawa","2026-09-14T05:26:42.787163+00:00","https://fly.pl/szukaj-wycieczek/?filter[dest]=11:&filter[hotelids]=&filter[cityids]=0&filter[cregids]=&filter[ofrType]=&filter[addObjType]=&filter[whenFrom]=14-09-2026&filter[whenTo]=14-10-2026&filter[duration]=7:10&filter[from]=Warszawa%20-%20Modlin,Warszawa%20-%20Radom,Warszawa&filter[person]=2&filter[child]=1&filter[price]=4000:20000&filter[PriceFrom]=4000&filter[PriceTo]=20000&filter[addCategory]=50&filter[addCatering]=1&filter[addMisc]=0&filter[addTransport]=F&filter[fp]=1&order_by=ofr_price&filter[tourOperator]=0&filter[childAge][1]=20201210","https://fly.pl/cdn/photo/assets/uploads/582/278/2018/12/Titanic-Royal-fly-pl.jpg","https://fly.pl/wycieczka/egipt,hurghada,c/titanic-royal/pC_V8ZDNONZgnQdxVck3-gAAogeEhp7OTIViCTxc4rruVKOQ5QW-LxgDEWlGYjjlpqcUcqBEVYSU0wl4ue1QZIzVBQAVjqAWACagNVQUlyIRwRkrsGuQSTgD6rBBwby-9OGKrRSwHfmbTWDQIAYwECC8W6QRk/ofertasv/?filter[tourOperator]=EXIM&filter%5Bperson%5D=2&filter%5BchildAge%5D%5B1%5D=20201210&filter%5Bchild%5D=1","filter_7_10_days","egipt","hurghada","c","2026-09-24","2026-10-01","8","7","Warszawa","2+1","egipt|hurghada|2026-09-24|2026-10-01|7|Warszawa|2+1"
"Hilton Marsa Alam Nubian Resort","10337.0","26.09.2026 - 04.10.2026","9 dni/7 nocy","4.7","4.7","10204","tripadvisor","Warszawa","2026-09-14T05:26:42.787163+00:00","https://fly.pl/szukaj-wycieczek/?filter[dest]=11:&filter[hotelids]=&filter[cityids]=0&filter[cregids]=&filter[ofrType]=&filter[addObjType]=&filter[whenFrom]=14-09-2026&filter[whenTo]=14-10-2026&filter[duration]=7:10&filter[from]=Warszawa%20-%20Modlin,Warszawa%20-%20Radom,Warszawa&filter[person]=2&filter[child]=1&filter[price]=4000:20000&filter[PriceFrom]=4000&filter[PriceTo]=20000&filter[addCategory]=50&filter[addCatering]=1&filter[addMisc]=0&filter[addTransport]=F&filter[fp]=1&order_by=ofr_price&filter[tourOperator]=0&filter[childAge][1]=20201210","https://fly.pl/cdn/photo/assets/uploads/582/278/2014/08/Tropitel-Dahab-Oasis.jpg","https://fly.pl/wycieczka/egipt,marsa-alam,c/hilton-marsa-alam-nubian-resort/pzRb2LZEtCeF3D7OsJ7kawAAogXWtOvnZ-EEVXmsmdomucxPPOVhexA4B-vTIRTOTMdjUqBEVYSU0wl4ue1QZI4VBQAViaAmACagJBSXIhHBHyxga5BOP4PasEGxvauToYyMc7AbPT664KAgBjAQINwm-W7w/ofertasv/?filter[tourOperator]=EXIM&filter%5Bperson%5D=2&filter%5BchildAge%5D%5B1%5D=20201210&filter%5Bchild%5D=1","filter_7_10_days","egipt","marsa-alam","c","2026-09-26","2026-10-04","9","7","Warszawa","2+1","egipt|marsa-alam|2026-09-26|2026-10-04|7|Warszawa|2+1"
"Jaz Makadi Oasis Resort","10341.0","17.09.2026 - 24.09.2026","8 dni/7 nocy","4.7","4.7","5373","tripadvisor","Warszawa - Radom","2026-09-14T05:26:42.787163+00:00","https://fly.pl/szukaj-wycieczek/?filter[dest]=11:&filter[hotelids]=&filter[cityids]=0&filter[cregids]=&filter[ofrType]=&filter[addObjType]=&filter[whenFrom]=14-09-2026&filter[whenTo]=14-10-2026&filter[duration]=7:10&filter[from]=Warszawa%20-%20Modlin,Warszawa%20-%20Radom,Warszawa&filter[person]=2&filter[child]=1&filter[price]=4000:20000&filter[PriceFrom]=4000&filter[PriceTo]=20000&filter[addCategory]=50&filter[addCatering]=1&filter[addMisc]=0&filter[addTransport]=F&filter[fp]=1&order_by=ofr_price&filter[tourOperator]=0&filter[childAge][1]=20201210","https://fly.pl/cdn/photo/assets/uploads/582/278/2015/04/Jaz-Makadi-Oasis.jpg","https://fly.pl/wycieczka/egipt,hurghada,makadi-bay/iberotel-makadi-club-oasis/pC-M4hxn2CzEZAUeotKSoMAAogzzA_aQpVRuCCkPpDD5ARmP8MJssITV_eZU8aw6SOnRoqBE9SRVgwl4ue1QZI5VBQQVhCYAJqBjZULjIuMXI1mwEVBxcAXANYBVYCERlAsQZd0w5PbFPSnQFSAF6vT0uBEmEATNG-OiDI_JcJDQACEmMBAgwITyy0/ofertasv/?filter[tourOperator]=OREX&filter%5Bperson%5D=2&filter%5BchildAge%5D%5B1%5D=20201210&filter%5Bchild%5D=1","filter_7_10_days","egipt","hurghada","makadi-bay","2026-09-17","2026-09-24","8","7","Warszawa - Radom","2+1","egipt|hurghada|2026-09-17|2026-09-24|7|Warszawa - Radom|2+1"
"Pickalbatros Luxury Suites","10363.0","03.10.2026 - 10.10.2026","8 dni/7 nocy","4.7","4.7","362","tripadvisor","Warszawa","2026-09-14T05:26:42.787163+00:00","https://fly.pl/szukaj-wycieczek/?filter[dest]=11:&filter[hotelids]=&filter[cityids]=0&filter[cregids]=&filter[ofrType]=&filter[addObjType]=&filter[whenFrom]=14-09-2026&filter[whenTo]=14-10-2026&filter[duration]=7:10&filter[from]=Warszawa%20-%20Modlin,Warszawa%20-%20Radom,Warszawa&filter[person]=2&filter[child]=1&filter[price]=4000:20000&filter[PriceFrom]=4000&filter[PriceTo]=20000&filter[addCategory]=50&filter[addCatering]=1&filter[addMisc]=0&filter[addTransport]=F&filter[fp]=1&order_by=ofr_price&filter[tourOperator]=0&filter[childAge][1]=20201210","https://fly.pl/cdn/photo/assets/uploads/582/278/2023/04/Pickalbatros-Luxury-Suites.jpg","https://fly.pl/wycieczka/egipt,sharm-el-sheikh,szarm-el-szejk/golf-villas-sharm-el-sheikh-by-rixos-11/pOfNLc2iH41GfaUgWngkHSAAogvUwJ2iYfAEDJh6BbSI8YawAAAACYhAQAtYQEAAcAEgAqBFdFWlkwl4ue1QZI-1BQQVjCA2ADaglFbnRlciBBaXJqBDA4MDByQp4BlQEfABwBAgAWBBcCG3AS_QIYhQUTzQEUyQRAknJMoKIBTwBLxyNQABGfggId8b8NIB0N1sfCCQESYwENYwEEDEWmYfk/ofertasv/?filter[tourOperator]=WEZY&filter%5Bperson%5D=2&filter%5BchildAge%5D%5B1%5D=20201210&filter%5Bchild%5D=1","filter_7_10_days","egipt","sharm-el-sheikh","szarm-el-szejk","2026-10-03","2026-10-10","8","7","Warszawa","2+1","egipt|sharm-el-sheikh|2026-10-03|2026-10-10|7|Warszawa|2+1"
"Pickalbatros Golf Beach Resort","10363.0","03.10.2026 - 10.10.2026","8 dni/7 nocy","4.5","4.5","318","tripadvisor","Warszawa","2026-09-14T05:26:42.787163+00:00","https://fly.pl/szukaj-wycieczek/?filter[dest]=11:&filter[hotelids]=&filter[cityids]=0&filter[cregids]=&filter[ofrType]=&filter[addObjType]=&filter[whenFrom]=14-09-2026&filter[whenTo]=14-10-2026&filter[duration]=7:10&filter[from]=Warszawa%20-%20Modlin,Warszawa%20-%20Radom,Warszawa&filter[person]=2&filter[child]=1&filter[price]=4000:20000&filter[PriceFrom]=4000&filter[PriceTo]=20000&filter[addCategory]=50&filter[addCatering]=1&filter[addMisc]=0&filter[addTransport]=F&filter[fp]=1&order_by=ofr_price&filter[tourOperator]=0&filter[childAge][1]=20201210","https://fly.pl/cdn/photo/assets/uploads/582/278/2014/07/Golf-Beach-Resort-Managed-by-Rixos.jpg","https://fly.pl/wycieczka/egipt,sharm-el-sheikh,c/maritim-jolie-ville-golf/pDLyjRiJQZdMifI_cKxFnIAAogCsgdJVQJ22TdNNx7W549AgAAAACYhAQAtYQEAAcAEgAqBFdFWlkwl4ue1QZI-1BQQVjCA2ADaglFbnRlciBBaXJqBDA4MDByRJ4BlQEfAAIBHAAWBBcCEu0DGIUFE80BFMkEQJJyT6CiAUwAS8cjUAARnoICHfK_DSAdG9f9Ng3_yYsJARJjAQ1jAQQM57TBnQ/ofertasv/?filter[tourOperator]=WEZY&filter%5Bperson%5D=2&filter%5BchildAge%5D%5B1%5D=20201210&filter%5Bchild%5D=1","filter_7_10_days","egipt","sharm-el-sheikh","c","2026-10-03","2026-10-10","8","7","Warszawa","2+1","egipt|sharm-el-sheikh|2026-10-03|2026-10-10|7|Warszawa|2+1"
"Jaz Sharm Dreams Resort","10367.0","27.09.2026 - 04.10.2026","8 dni/7 nocy","4.3","4.3","6539","tripadvisor","Warszawa","2026-09-14T05:26:42.787163+00:00","https://fly.pl/szukaj-wycieczek/?filter[dest]=11:&filter[hotelids]=&filter[cityids]=0&filter[cregids]=&filter[ofrType]=&filter[addObjType]=&filter[whenFrom]=14-09-2026&filter[whenTo]=14-10-2026&filter[duration]=7:10&filter[from]=Warszawa%20-%20Modlin,Warszawa%20-%20Radom,Warszawa&filter[person]=2&filter[child]=1&filter[price]=4000:20000&filter[PriceFrom]=4000&filter[PriceTo]=20000&filter[addCategory]=50&filter[addCatering]=1&filter[addMisc]=0&filter[addTransport]=F&filter[fp]=1&order_by=ofr_price&filter[tourOperator]=0&filter[childAge][1]=20201210","https://fly.pl/cdn/photo/assets/uploads/582/278/2014/07/Jaz-Sharm-Dreams.jpg","https://fly.pl/wycieczka/egipt,sharm-el-sheikh,c/hilton-sharm-dreams-resort/p64csNUMqh-gebYkbai7RKAAog0hCiSroOUSv1krMMkon6VtvhBFpwv_tYWcE8EXXr1-EqBEpPSVAwl4ue1QZI_1BQQViyAmACagMwRkhyQpsBFAEVBhcAXANYBVYCQMoGT-IBXQARxMYBXpo0UqYgUwBLxyNhAEzljDoN0vyXCSAAAYjI8L-1iMygMAINYwEADJoK_tM/ofertasv/?filter[tourOperator]=JOIP&filter%5Bperson%5D=2&filter%5BchildAge%5D%5B1%5D=20201210&filter%5Bchild%5D=1","filter_7_10_days","egipt","sharm-el-sheikh","c","2026-09-27","2026-10-04","8","7","Warszawa","2+1","egipt|sharm-el-sheikh|2026-09-27|2026-10-04|7|Warszawa|2+1"
"Concorde El Salam Front Area","10394.0","27.09.2026 - 04.10.2026","8 dni/7 nocy","4.8","4.8","1490","tripadvisor","Warszawa","2026-09-14T05:26:42.787163+00:00","https://fly.pl/szukaj-wycieczek/?filter[dest]=11:&filter[hotelids]=&filter[cityids]=0&filter[cregids]=&filter[ofrType]=&filter[addObjType]=&filter[whenFrom]=14-09-2026&filter[whenTo]=14-10-2026&filter[duration]=7:10&filter[from]=Warszawa%20-%20Modlin,Warszawa%20-%20Radom,Warszawa&filter[person]=2&filter[child]=1&filter[price]=4000:20000&filter[PriceFrom]=4000&filter[PriceTo]=20000&filter[addCategory]=50&filter[addCatering]=1&filter[addMisc]=0&filter[addTransport]=F&filter[fp]=1&order_by=ofr_price&filter[tourOperator]=0&filter[childAge][1]=20201210","https://fly.pl/cdn/photo/assets/uploads/582/278/2024/07/concorde-el-salam-front.jpg","https://fly.pl/wycieczka/egipt,sharm-el-sheikh,szarm-el-szejk/concorde-el-salam-front-12/psF16rCmWK50OqZ9X917sAAAogODftfFBkLQV9lOTkbWtvvtvhBFpwv_tYWcE8EXXr1-EqBEpPSVAwl4ue1QZImlFQQViyAmACagNDR21yQpsBFAEVBhcAXANYBVYCQMoGT-IBXQBe3voBUqYgUwARmQNLriBhAEzljDoN0vyXCSAAAYPaiKHDiMygMAINYwEAC1dBwdU/ofertasv/?filter[tourOperator]=JOIP&filter%5Bperson%5D=2&filter%5BchildAge%5D%5B1%5D=20201210&filter%5Bchild%5D=1","filter_7_10_days","egipt","sharm-el-sheikh","szarm-el-szejk","2026-09-27","2026-10-04","8","7","Warszawa","2+1","egipt|sharm-el-sheikh|2026-09-27|2026-10-04|7|Warszawa|2+1"
"Club Magic Life Kalawy","10433.0","24.09.2026 - 01.10.2026","8 dni/7 nocy","4.5","4.5","1722","tripadvisor","Warszawa","2026-09-14T05:26:42.787163+00:00","https://fly.pl/szukaj-wycieczek/?filter[dest]=11:&filter[hotelids]=&filter[cityids]=0&filter[cregids]=&filter[ofrType]=&filter[addObjType]=&filter[whenFrom]=14-09-2026&filter[whenTo]=14-10-2026&filter[duration]=7:10&filter[from]=Warszawa%20-%20Modlin,Warszawa%20-%20Radom,Warszawa&filter[person]=2&filter[child]=1&filter[price]=4000:20000&filter[PriceFrom]=4000&filter[PriceTo]=20000&filter[addCategory]=50&filter[addCatering]=1&filter[addMisc]=0&filter[addTransport]=F&filter[fp]=1&order_by=ofr_price&filter[tourOperator]=0&filter[childAge][1]=20201210","https://fly.pl/cdn/photo/assets/uploads/582/278/2015/02/Club-Magic-Life-Kalawy-fly-pl.jpg","https://fly.pl/wycieczka/egipt,hurghada,safaga/club-magic-life-kalawy-imperial/ptQ3qCMXcojky7Cfcu_hgnAAogDSq1EBp0iJKDNIvrn_xb-93v4k6py7AR_LXz6vd412AqBFNGUEwwl4ue1QZIwVFQQVjqAWACciMLAhUFIgQSI0D6AlvjBFyv_AUNgszOCVGzmr72AwISYwECBVVVtd0/ofertasv/?filter[tourOperator]=SFPL&filter%5Bperson%5D=2&filter%5BchildAge%5D%5B1%5D=20201210&filter%5Bchild%5D=1","filter_7_10_days","egipt","hurghada","safaga","2026-09-24","2026-10-01","8","7","Warszawa","2+1","egipt|hurghada|2026-09-24|2026-10-01|7|Warszawa|2+1"
"Pickalbatros Water Valley Resort Neverland","10463.0","17.09.2026 - 24.09.2026","8 dni/7 nocy","4.8","4.8","941","tripadvisor","Warszawa - Radom","2026-09-14T05:26:42.787163+00:00","https://fly.pl/szukaj-wycieczek/?filter[dest]=11:&filter[hotelids]=&filter[cityids]=0&filter[cregids]=&filter[ofrType]=&filter[addObjType]=&filter[whenFrom]=14-09-2026&filter[whenTo]=14-10-2026&filter[duration]=7:10&filter[from]=Warszawa%20-%20Modlin,Warszawa%20-%20Radom,Warszawa&filter[person]=2&filter[child]=1&filter[price]=4000:20000&filter[PriceFrom]=4000&filter[PriceTo]=20000&filter[addCategory]=50&filter[addCatering]=1&filter[addMisc]=0&filter[addTransport]=F&filter[fp]=1&order_by=ofr_price&filter[tourOperator]=0&filter[childAge][1]=20201210","https://fly.pl/cdn/photo/assets/uploads/582/278/2022/08/Pickalbatros-Water-Valley-Resort-Neverland.jpg","https://fly.pl/wycieczka/egipt,hurghada,c/neverland-by-albatros-9/pd-SIedxMm_orZyrExwoXFAAogzVhkThvOgRIQ1To0WEGgTf8MJssITV_eZU8aw6SOnRoqBE9SRVgwl4ue1QZI31FQQVhCYAJqB1FDNS4yLjFyNZsBFQcXAFwDWAURAFYCQMoGXdMOT2xT0p0BUgBer09LgRJhAEzRvjogyPyXCQ0AAhJjAQIMR_jvTw/ofertasv/?filter[tourOperator]=OREX&filter%5Bperson%5D=2&filter%5BchildAge%5D%5B1%5D=20201210&filter%5Bchild%5D=1","filter_7_10_days","egipt","hurghada","c","2026-09-17","2026-09-24","8","7","Warszawa - Radom","2+1","egipt|hurghada|2026-09-17|2026-09-24|7|Warszawa - Radom|2+1"
"Pharaoh Azur Resort (ex Sonesta Pharaoh Beach Resort)","10477.0","17.09.2026 - 24.09.2026","8 dni/7 nocy","4.5","4.5","2752","tripadvisor","Warszawa","2026-09-14T05:26:42.787163+00:00","https://fly.pl/szukaj-wycieczek/?filter[dest]=11:&filter[hotelids]=&filter[cityids]=0&filter[cregids]=&filter[ofrType]=&filter[addObjType]=&filter[whenFrom]=14-09-2026&filter[whenTo]=14-10-2026&filter[duration]=7:10&filter[from]=Warszawa%20-%20Modlin,Warszawa%20-%20Radom,Warszawa&filter[person]=2&filter[child]=1&filter[price]=4000:20000&filter[PriceFrom]=4000&filter[PriceTo]=20000&filter[addCategory]=50&filter[addCatering]=1&filter[addMisc]=0&filter[addTransport]=F&filter[fp]=1&order_by=ofr_price&filter[tourOperator]=0&filter[childAge][1]=20201210","https://fly.pl/cdn/photo/assets/uploads/582/278/2014/07/Pharaoh-Azur-Resort.jpg","https://fly.pl/wycieczka/egipt,hurghada,c/sonesta-pharaoh/pM6XpgNQTmbJlfblaQlJv5AAogB_C12v91OnHztFeoutMuMOLoa0iP4Qofg26TRQ-lj_gqBEJWUFIwmYue1QZI7VFQAVhCYAJqDUFsbCBpbmNsdXNpdmVyIBwRri0b7cMEGOeuDLkEhuoUqwRPAdP_mbEBAgBjAQINHQrClw/ofertasv/?filter[tourOperator]=BVPR&filter%5Bperson%5D=2&filter%5BchildAge%5D%5B1%5D=20201210&filter%5Bchild%5D=1","filter_7_10_days","egipt","hurghada","c","2026-09-17","2026-09-24","8","7","Warszawa","2+1","egipt|hurghada|2026-09-17|2026-09-24|7|Warszawa|2+1"
"Amphoras Beach","10479.0","27.09.2026 - 04.10.2026","8 dni/7 nocy","4.4","4.4","6747","tripadvisor","Warszawa","2026-09-14T05:26:42.787163+00:00","https://fly.pl/szukaj-wycieczek/?filter[dest]=11:&filter[hotelids]=&filter[cityids]=0&filter[cregids]=&filter[ofrType]=&filter[addObjType]=&filter[whenFrom]=14-09-2026&filter[whenTo]=14-10-2026&filter[duration]=7:10&filter[from]=Warszawa%20-%20Modlin,Warszawa%20-%20Radom,Warszawa&filter[person]=2&filter[child]=1&filter[price]=4000:20000&filter[PriceFrom]=4000&filter[PriceTo]=20000&filter[addCategory]=50&filter[addCatering]=1&filter[addMisc]=0&filter[addTransport]=F&filter[fp]=1&order_by=ofr_price&filter[tourOperator]=0&filter[childAge][1]=20201210","https://fly.pl/cdn/photo/assets/uploads/582/278/2016/11/AMPHORAS-BEACH.jpg","https://fly.pl/wycieczka/egipt,sharm-el-sheikh,c/otium-amphoras-ex-shores/pgzzm3kOoPBIdRt3tZr2nvAAogMQHoXQ9NYZVl64yeEtiFP9vhBFpwv_tYWcE8EXXr1-EqBEpPSVAwmYue1QZI71FQQViyAmACagMwbkhyQ5sBFAEVBhcAXANYBVYCQMoGT-IBXQBe3voBUqYgUwBLxyNhABHJhgFMnIY5DdL8lwkgAAH04cCAtYjMoDACDWMBAAtXjQv9/ofertasv/?filter[tourOperator]=JOIP&filter%5Bperson%5D=2&filter%5BchildAge%5D%5B1%5D=20201210&filter%5Bchild%5D=1","filter_7_10_days","egipt","sharm-el-sheikh","c","2026-09-27","2026-10-04","8","7","Warszawa","2+1","egipt|sharm-el-sheikh|2026-09-27|2026-10-04|7|Warszawa|2+1"
"Pickalbatros Palace Port Ghalib (ex. Red Sea The Palace)","10539.0","26.09.2026 - 03.10.2026","8 dni/7 nocy","4.7","4.7","3738","tripadvisor","Warszawa","2026-09-14T05:26:42.787163+00:00","https://fly.pl/szukaj-wycieczek/?filter[dest]=11:&filter[hotelids]=&filter[cityids]=0&filter[cregids]=&filter[ofrType]=&filter[addObjType]=&filter[whenFrom]=14-09-2026&filter[whenTo]=14-10-2026&filter[duration]=7:10&filter[from]=Warszawa%20-%20Modlin,Warszawa%20-%20Radom,Warszawa&filter[person]=2&filter[child]=1&filter[price]=4000:20000&filter[PriceFrom]=4000&filter[PriceTo]=20000&filter[addCategory]=50&filter[addCatering]=1&filter[addMisc]=0&filter[addTransport]=F&filter[fp]=1&order_by=ofr_price&filter[tourOperator]=0&filter[childAge][1]=20201210","https://fly.pl/cdn/photo/assets/uploads/582/278/2014/09/albatros-palace.jpg","https://fly.pl/wycieczka/egipt,marsa-alam,port-ghalib/intercontinental-the-palace-port-ghalib/ppou-sx3c1pOW1sCyK_pnXAAog23oIJnOFAtY_ybwNdOa-cLjCD0UEpn4QE69Z5aCniz4qBEpPSVAwmYue1QZIq1JQQViaAmACagNDR21yQ5sBFAEVBhcAXANYBVYCQMoGT-IBXQBe3voBUrwUUwBLsS9hABG4hgFMrYY5DdH8lwkgAAHykcio1IjMoDACDWMBAAx2T5I2/ofertasv/?filter[tourOperator]=JOIP&filter%5Bperson%5D=2&filter%5BchildAge%5D%5B1%5D=20201210&filter%5Bchild%5D=1","filter_7_10_days","egipt","marsa-alam","port-ghalib","2026-09-26","2026-10-03","8","7","Warszawa","2+1","egipt|marsa-alam|2026-09-26|2026-10-03|7|Warszawa|2+1"
"Titanic Pearl","10554.0","27.09.2026 - 04.10.2026","8 dni/7 nocy","","","","","Warszawa","2026-09-14T05:26:42.787163+00:00","https://fly.pl/szukaj-wycieczek/?filter[dest]=11:&filter[hotelids]=&filter[cityids]=0&filter[cregids]=&filter[ofrType]=&filter[addObjType]=&filter[whenFrom]=14-09-2026&filter[whenTo]=14-10-2026&filter[duration]=7:10&filter[from]=Warszawa%20-%20Modlin,Warszawa%20-%20Radom,Warszawa&filter[person]=2&filter[child]=1&filter[price]=4000:20000&filter[PriceFrom]=4000&filter[PriceTo]=20000&filter[addCategory]=50&filter[addCatering]=1&filter[addMisc]=0&filter[addTransport]=F&filter[fp]=1&order_by=ofr_price&filter[tourOperator]=0&filter[childAge][1]=20201210","https://datacfstatic.merlinx.pl/WEZY/IMG/85003/dff36aa158788c6986509ebc5ab7dc4c356ddb5d1d5441c2e9d622eb8d2e1b66.webp","https://fly.pl/wycieczka/egipt,hurghada,c/titanic-pearl-10/p7Jj9Ui5ezmCtyFV4NWxY-AAogxD_a0KQEZ2m7HCXo9PwhZQAAAADiggQA_oIEAAcAAQAqBFdFWlkwmYue1QZIulJQQViyAmADaglFbnRlciBBaXJqBDAwMTVyRJ4BlAEfAAIBFgAcABcGEu0DFdoFGJUDE7kBQIVzT8syTABLnJMBUAARg9ECHdftDCAcG9yeJA3lq54JARJjAQxjAQIFNwspAA/ofertasv/?filter[tourOperator]=WEZY&filter%5Bperson%5D=2&filter%5BchildAge%5D%5B1%5D=20201210&filter%5Bchild%5D=1","filter_7_10_days","egipt","hurghada","c","2026-09-27","2026-10-04","8","7","Warszawa","2+1","egipt|hurghada|2026-09-27|2026-10-04|7|Warszawa|2+1"
"Monte Carlo Resort Spa","10557.0","06.10.2026 - 14.10.2026","9 dni/7 nocy","4.4","4.4","2434","tripadvisor","Warszawa","2026-09-14T05:26:42.787163+00:00","https://fly.pl/szukaj-wycieczek/?filter[dest]=11:&filter[hotelids]=&filter[cityids]=0&filter[cregids]=&filter[ofrType]=&filter[addObjType]=&filter[whenFrom]=14-09-2026&filter[whenTo]=14-10-2026&filter[duration]=7:10&filter[from]=Warszawa%20-%20Modlin,Warszawa%20-%20Radom,Warszawa&filter[person]=2&filter[child]=1&filter[price]=4000:20000&filter[PriceFrom]=4000&filter[PriceTo]=20000&filter[addCategory]=50&filter[addCatering]=1&filter[addMisc]=0&filter[addTransport]=F&filter[fp]=1&order_by=ofr_price&filter[tourOperator]=0&filter[childAge][1]=20201210","https://fly.pl/cdn/photo/assets/uploads/582/278/2014/09/Monte-Carlo-Sharm-Resort-Spa.jpg","https://fly.pl/wycieczka/egipt,sharm-el-sheikh,c/monte-carlo-ex-ritz-carlton/pNWUvEU5kVZWfAzSvjGmC_AAog9u4t3c8oWyjZnUg3THdUPEy38mWlwYTLPZmSZL4Obd4qBFZJVFgwmYue1QZIvVJQQViKBGACckAaABUHFwBcA1gFQI8DW6eGAV7WeVKmIFMAS8cjYQBM7rQ5DZjVmAkgAVHKvfmy6QFPyLEbXYTO6rwcAg1jAQIMBBbAig/ofertasv/?filter[tourOperator]=VITX&filter%5Bperson%5D=2&filter%5BchildAge%5D%5B1%5D=20201210&filter%5Bchild%5D=1","filter_7_10_days","egipt","sharm-el-sheikh","c","2026-10-06","2026-10-14","9","7","Warszawa","2+1","egipt|sharm-el-sheikh|2026-10-06|2026-10-14|7|Warszawa|2+1"
"Steigenberger Aqua Magic","10584.0","17.09.2026 - 24.09.2026","8 dni/7 nocy","4.6","4.6","10935","tripadvisor","Warszawa - Radom","2026-09-14T05:26:42.787163+00:00","https://fly.pl/szukaj-wycieczek/?filter[dest]=11:&filter[hotelids]=&filter[cityids]=0&filter[cregids]=&filter[ofrType]=&filter[addObjType]=&filter[whenFrom]=14-09-2026&filter[whenTo]=14-10-2026&filter[duration]=7:10&filter[from]=Warszawa%20-%20Modlin,Warszawa%20-%20Radom,Warszawa&filter[person]=2&filter[child]=1&filter[price]=4000:20000&filter[PriceFrom]=4000&filter[PriceTo]=20000&filter[addCategory]=50&filter[addCatering]=1&filter[addMisc]=0&filter[addTransport]=F&filter[fp]=1&order_by=ofr_price&filter[tourOperator]=0&filter[childAge][1]=20201210","https://fly.pl/cdn/photo/assets/uploads/582/278/2014/09/Steigenberger-Aqua-Magic.jpg","https://fly.pl/wycieczka/egipt,hurghada,c/steigenberger-aqua-magic/pc3HaZzIT52Q5NnemJyMcgAAogO_r1Hu9zNS1o5wM8Pxkp0P8MJssITV_eZU8aw6SOnRoqBE9SRVgwmYue1QZI2FJQQVhCYAJqBVkuMi4xcjWbARUHFwBcA1gFVgIRP0CLBl3TDk9sU9KdAVIAXq9PS4ESYQBM0b46IMj8lwkNAAISYwECCx09HaE/ofertasv/?filter[tourOperator]=OREX&filter%5Bperson%5D=2&filter%5BchildAge%5D%5B1%5D=20201210&filter%5Bchild%5D=1","filter_7_10_days","egipt","hurghada","c","2026-09-17","2026-09-24","8","7","Warszawa - Radom","2+1","egipt|hurghada|2026-09-17|2026-09-24|7|Warszawa - Radom|2+1"
"Cleopatra Luxury Resort","10600.0","27.09.2026 - 04.10.2026","8 dni/7 nocy","4.5","4.5","7639","tripadvisor","Warszawa","2026-09-14T05:26:42.787163+00:00","https://fly.pl/szukaj-wycieczek/?filter[dest]=11:&filter[hotelids]=&filter[cityids]=0&filter[cregids]=&filter[ofrType]=&filter[addObjType]=&filter[whenFrom]=14-09-2026&filter[whenTo]=14-10-2026&filter[duration]=7:10&filter[from]=Warszawa%20-%20Modlin,Warszawa%20-%20Radom,Warszawa&filter[person]=2&filter[child]=1&filter[price]=4000:20000&filter[PriceFrom]=4000&filter[PriceTo]=20000&filter[addCategory]=50&filter[addCatering]=1&filter[addMisc]=0&filter[addTransport]=F&filter[fp]=1&order_by=ofr_price&filter[tourOperator]=0&filter[childAge][1]=20201210","https://fly.pl/cdn/photo/assets/uploads/582/278/2014/07/58ae3c6b287eb1e74191c52d1e07af6ad3ddd609476a5d59c69f95f8f8409586.jpg","https://fly.pl/wycieczka/egipt,sharm-el-sheikh,nabq-bay/the-cleopatra-luxury-resort-collection/p04_D0BAUbEhWOnAtkSKCQAAogqbqE5m0jpymqyRU3En9eK9vhBFpwv_tYWcE8EXXr1-EqBEpPSVAwmYue1QZI6FJQQViyAmACagMwMllyQ5sBFAEVBhcAXANYBVYCQMoGT-IBXQBe3voBUqYgUwBLxyNhABGMkwFM2fk4DdL8lwkgAAGYmJCBtYjMoDACDWMBAAth-OYL/ofertasv/?filter[tourOperator]=JOIP&filter%5Bperson%5D=2&filter%5BchildAge%5D%5B1%5D=20201210&filter%5Bchild%5D=1","filter_7_10_days","egipt","sharm-el-sheikh","nabq-bay","2026-09-27","2026-10-04","8","7","Warszawa","2+1","egipt|sharm-el-sheikh|2026-09-27|2026-10-04|7|Warszawa|2+1"
"Jaz Makadi Saraya (ex Iberotel)","10607.0","17.09.2026 - 24.09.2026","8 dni/7 nocy","4.8","4.8","6804","tripadvisor","Warszawa - Radom","2026-09-14T05:26:42.787163+00:00","https://fly.pl/szukaj-wycieczek/?filter[dest]=11:&filter[hotelids]=&filter[cityids]=0&filter[cregids]=&filter[ofrType]=&filter[addObjType]=&filter[whenFrom]=14-09-2026&filter[whenTo]=14-10-2026&filter[duration]=7:10&filter[from]=Warszawa%20-%20Modlin,Warszawa%20-%20Radom,Warszawa&filter[person]=2&filter[child]=1&filter[price]=4000:20000&filter[PriceFrom]=4000&filter[PriceTo]=20000&filter[addCategory]=50&filter[addCatering]=1&filter[addMisc]=0&filter[addTransport]=F&filter[fp]=1&order_by=ofr_price&filter[tourOperator]=0&filter[childAge][1]=20201210","https://fly.pl/cdn/photo/assets/uploads/582/278/2014/07/Jaz-Makadi-Saraya-ex-Iberotel-fly-pl.jpg","https://fly.pl/wycieczka/egipt,hurghada,makadi-bay/iberotel-makadi-saraya/pMfGNN-FL6sKCma4-pGP1IAAogOt146Tc23rufJp0fCIrwUv8MJssITV_eZU8aw6SOnRoqBE9SRVgwmYue1QZI71JQQVhCYAJqBkNNLjIuMXI1mwEVBxcAXANYBVYCERpAsAZd0w5PbFPSnQFSAF6vT0uBEmEATNG-OiDI_JcJDQACEmMBAgzwSta-/ofertasv/?filter[tourOperator]=OREX&filter%5Bperson%5D=2&filter%5BchildAge%5D%5B1%5D=20201210&filter%5Bchild%5D=1","filter_7_10_days","egipt","hurghada","makadi-bay","2026-09-17","2026-09-24","8","7","Warszawa - Radom","2+1","egipt|hurghada|2026-09-17|2026-09-24|7|Warszawa - Radom|2+1"
"Domina Coral Bay Harem","10629.0","04.10.2026 - 11.10.2026","8 dni/7 nocy","4.2","4.2","12420","tripadvisor","Warszawa","2026-09-14T05:26:42.787163+00:00","https://fly.pl/szukaj-wycieczek/?filter[dest]=11:&filter[hotelids]=&filter[cityids]=0&filter[cregids]=&filter[ofrType]=&filter[addObjType]=&filter[whenFrom]=14-09-2026&filter[whenTo]=14-10-2026&filter[duration]=7:10&filter[from]=Warszawa%20-%20Modlin,Warszawa%20-%20Radom,Warszawa&filter[person]=2&filter[child]=1&filter[price]=4000:20000&filter[PriceFrom]=4000&filter[PriceTo]=20000&filter[addCategory]=50&filter[addCatering]=1&filter[addMisc]=0&filter[addTransport]=F&filter[fp]=1&order_by=ofr_price&filter[tourOperator]=0&filter[childAge][1]=20201210","https://fly.pl/cdn/photo/assets/uploads/582/278/2014/07/Domina-Coral-Bay-Harem.jpg","https://fly.pl/wycieczka/egipt,sharm-el-sheikh,c/domina-coral-bay-harem/p6MuZt-F4nD8L6EXl2toBwAAogCBztRQt0sFMkX21NKykntO6LQqlaFmzyIpGKGzBohJAqBEpPSVAwmYue1QZIhVNQQVjaA2ACckMUARUGFwBcA1gFVgJAygZP4gFdAFvOlgERmUxe9xdSpiBTAEvHI2EATOWMOg2f_ZcJIAABycO4kMOIzKAwAg1jAQAMf-4LOA/ofertasv/?filter[tourOperator]=JOIP&filter%5Bperson%5D=2&filter%5BchildAge%5D%5B1%5D=20201210&filter%5Bchild%5D=1","filter_7_10_days","egipt","sharm-el-sheikh","c","2026-10-04","2026-10-11","8","7","Warszawa","2+1","egipt|sharm-el-sheikh|2026-10-04|2026-10-11|7|Warszawa|2+1"
"Safir Dahab Resort","10694.0","27.09.2026 - 04.10.2026","8 dni/7 nocy","4.5","4.5","1520","tripadvisor","Warszawa","2026-09-14T05:26:42.787163+00:00","https://fly.pl/szukaj-wycieczek/?filter[dest]=11:&filter[hotelids]=&filter[cityids]=0&filter[cregids]=&filter[ofrType]=&filter[addObjType]=&filter[whenFrom]=14-09-2026&filter[whenTo]=14-10-2026&filter[duration]=7:10&filter[from]=Warszawa%20-%20Modlin,Warszawa%20-%20Radom,Warszawa&filter[person]=2&filter[child]=1&filter[price]=4000:20000&filter[PriceFrom]=4000&filter[PriceTo]=20000&filter[addCategory]=50&filter[addCatering]=1&filter[addMisc]=0&filter[addTransport]=F&filter[fp]=1&order_by=ofr_price&filter[tourOperator]=0&filter[childAge][1]=20201210","https://fly.pl/cdn/photo/assets/uploads/582/278/2015/09/Safir-Dahab-Resort.jpg","https://fly.pl/wycieczka/egipt,dahab,c/dahab-resort/pBTbcabpCvuyDzg583HAGNAAog4-8Qc0oqkpuQ9mnAseNxCtvhBFpwv_tYWcE8EXXr1-EqBEpPSVAwmYue1QZIxlNQQViyAmACagMwME1yQpsBFAEVBhcAXANYBVYCQMoGT-IBXQBe3voBEcQEUuIbUwBLxyNhAEzljDoN0vyXCSAAAYzI8Ii0iMygMAINYwEAC8_kxb4/ofertasv/?filter[tourOperator]=JOIP&filter%5Bperson%5D=2&filter%5BchildAge%5D%5B1%5D=20201210&filter%5Bchild%5D=1","filter_7_10_days","egipt","dahab","c","2026-09-27","2026-10-04","8","7","Warszawa","2+1","egipt|dahab|2026-09-27|2026-10-04|7|Warszawa|2+1"
"Palm Royale Soma Bay","10746.0","24.09.2026 - 01.10.2026","8 dni/7 nocy","4.7","4.7","7186","tripadvisor","Warszawa - Radom","2026-09-14T05:26:42.787163+00:00","https://fly.pl/szukaj-wycieczek/?filter[dest]=11:&filter[hotelids]=&filter[cityids]=0&filter[cregids]=&filter[ofrType]=&filter[addObjType]=&filter[whenFrom]=14-09-2026&filter[whenTo]=14-10-2026&filter[duration]=7:10&filter[from]=Warszawa%20-%20Modlin,Warszawa%20-%20Radom,Warszawa&filter[person]=2&filter[child]=1&filter[price]=4000:20000&filter[PriceFrom]=4000&filter[PriceTo]=20000&filter[addCategory]=50&filter[addCatering]=1&filter[addMisc]=0&filter[addTransport]=F&filter[fp]=1&order_by=ofr_price&filter[tourOperator]=0&filter[childAge][1]=20201210","https://fly.pl/cdn/photo/assets/uploads/582/278/2014/09/Palm-Royale-Resort-Soma-Bay.jpg","https://fly.pl/wycieczka/egipt,hurghada,soma-bay/palm-royale-soma-bay/p_cylEyWug11RMLuOdRfuCAAogV4M2ZO-MYYMZBgK-1DB3UXuHt-JRXqpSz_DOtw-0xygqBE9SRVgwmYue1QZI-lNQQVjqAWACagZFQS4yLjFyNZsBFQcXAFwDWAVWAhEwQJoGXdMOT2xT0p0BUgBer09LgRJhAEzRvjogz_yXCQ0AAhJjAQIN9o4RiA/ofertasv/?filter[tourOperator]=OREX&filter%5Bperson%5D=2&filter%5BchildAge%5D%5B1%5D=20201210&filter%5Bchild%5D=1","filter_7_10_days","egipt","hurghada","soma-bay","2026-09-24","2026-10-01","8","7","Warszawa - Radom","2+1","egipt|hurghada|2026-09-24|2026-10-01|7|Warszawa - Radom|2+1"
"Sunrise Select Garden Beach Resort & Spa","10895.0","24.09.2026 - 01.10.2026","8 dni/7 nocy","4.7","4.7","9747","tripadvisor","Warszawa - Radom","2026-09-14T05:26:42.787163+00:00","https://fly.pl/szukaj-wycieczek/?filter[dest]=11:&filter[hotelids]=&filter[cityids]=0&filter[cregids]=&filter[ofrType]=&filter[addObjType]=&filter[whenFrom]=14-09-2026&filter[whenTo]=14-10-2026&filter[duration]=7:10&filter[from]=Warszawa%20-%20Modlin,Warszawa%20-%20Radom,Warszawa&filter[person]=2&filter[child]=1&filter[price]=4000:20000&filter[PriceFrom]=4000&filter[PriceTo]=20000&filter[addCategory]=50&filter[addCatering]=1&filter[addMisc]=0&filter[addTransport]=F&filter[fp]=1&order_by=ofr_price&filter[tourOperator]=0&filter[childAge][1]=20201210","https://fly.pl/cdn/photo/assets/uploads/582/278/2014/09/Sunrise-Garden-Beach-Resort-Spa.jpg","https://fly.pl/wycieczka/egipt,hurghada,c/sunrise-select-garden-beach-resort-spa/poPVZoqRVPC6s7JILuHkdGAAogOBAh1-Ei6BtWN9flCZl_IXuHt-JRXqpSz_DOtw-0xygqBE9SRVgwmYue1QZIj1VQQVjqAWACagUxLjIuMXI2mwEVBxcAXANYBVYCQMoGXdMOT2wRqwNTp5oBUgBer09LgRJhAEzRvjogz_yXCQ0AAhJjAQIL01tWYw/ofertasv/?filter[tourOperator]=OREX&filter%5Bperson%5D=2&filter%5BchildAge%5D%5B1%5D=20201210&filter%5Bchild%5D=1","filter_7_10_days","egipt","hurghada","c","2026-09-24","2026-10-01","8","7","Warszawa - Radom","2+1","egipt|hurghada|2026-09-24|2026-10-01|7|Warszawa - Radom|2+1"
"Pickalbatros Royal Moderna","10901.0","27.09.2026 - 04.10.2026","8 dni/7 nocy","4.5","4.5","10710","tripadvisor","Warszawa","2026-09-14T05:26:42.787163+00:00","https://fly.pl/szukaj-wycieczek/?filter[dest]=11:&filter[hotelids]=&filter[cityids]=0&filter[cregids]=&filter[ofrType]=&filter[addObjType]=&filter[whenFrom]=14-09-2026&filter[whenTo]=14-10-2026&filter[duration]=7:10&filter[from]=Warszawa%20-%20Modlin,Warszawa%20-%20Radom,Warszawa&filter[person]=2&filter[child]=1&filter[price]=4000:20000&filter[PriceFrom]=4000&filter[PriceTo]=20000&filter[addCategory]=50&filter[addCatering]=1&filter[addMisc]=0&filter[addTransport]=F&filter[fp]=1&order_by=ofr_price&filter[tourOperator]=0&filter[childAge][1]=20201210","https://fly.pl/cdn/photo/assets/uploads/582/278/2009/08/Royal-Albatros-Moderna1708.jpg","https://fly.pl/wycieczka/egipt,sharm-el-sheikh,c/royal-albatros-moderna/pzYJVIM1qy99W_ZJFFbYWlAAogaPQCKikBke8oCESYZ3Cqr9vhBFpwv_tYWcE8EXXr1-EqBEpPSVAwmYue1QZIlVVQQViyAmACagNDR21yQpsBFAEVBhcAXANYBVYCQMoGT-IBXQARvcYBXqE0UqYgUwBLxyNhAEzljDoN0vyXCSAAAY7SgKHFiMygMAINYwEADHFvYGQ/ofertasv/?filter[tourOperator]=JOIP&filter%5Bperson%5D=2&filter%5BchildAge%5D%5B1%5D=20201210&filter%5Bchild%5D=1","filter_7_10_days","egipt","sharm-el-sheikh","c","2026-09-27","2026-10-04","8","7","Warszawa","2+1","egipt|sharm-el-sheikh|2026-09-27|2026-10-04|7|Warszawa|2+1"
"Stella Di Mare Beach & Spa","10904.0","04.10.2026 - 11.10.2026","8 dni/7 nocy","4.8","4.8","7453","tripadvisor","Warszawa","2026-09-14T05:26:42.787163+00:00","https://fly.pl/szukaj-wycieczek/?filter[dest]=11:&filter[hotelids]=&filter[cityids]=0&filter[cregids]=&filter[ofrType]=&filter[addObjType]=&filter[whenFrom]=14-09-2026&filter[whenTo]=14-10-2026&filter[duration]=7:10&filter[from]=Warszawa%20-%20Modlin,Warszawa%20-%20Radom,Warszawa&filter[person]=2&filter[child]=1&filter[price]=4000:20000&filter[PriceFrom]=4000&filter[PriceTo]=20000&filter[addCategory]=50&filter[addCatering]=1&filter[addMisc]=0&filter[addTransport]=F&filter[fp]=1&order_by=ofr_price&filter[tourOperator]=0&filter[childAge][1]=20201210","https://fly.pl/cdn/photo/assets/uploads/582/278/2014/07/Stella-Di-Mare-Beach-sharm.jpg","https://fly.pl/wycieczka/egipt,sharm-el-sheikh,szarm-el-szejk/stella-di-mare-beach-spa/p6pMUhosHCuCV_akicb5ggAAogxnrekrnEqwz4EI_DD-a_Su6LQqlaFmzyIpGKGzBohJAqBEpPSVAwmYue1QZImFVQQVjaA2ACagMwMHdyQpsBFAEVBhcAXANYBVYCQMoGT-IBXQARq8YBXrM0UqYgUwBLxyNhAEzljDoNn_2XCSAAAaWf9JDEiMygMAINYwEADLoh6BM/ofertasv/?filter[tourOperator]=JOIP&filter%5Bperson%5D=2&filter%5BchildAge%5D%5B1%5D=20201210&filter%5Bchild%5D=1","filter_7_10_days","egipt","sharm-el-sheikh","szarm-el-szejk","2026-10-04","2026-10-11","8","7","Warszawa","2+1","egipt|sharm-el-sheikh|2026-10-04|2026-10-11|7|Warszawa|2+1"
"Renaissance Golden View Beach Resort by Marriott","10931.0","27.09.2026 - 04.10.2026","8 dni/7 nocy","4.5","4.5","7224","tripadvisor","Warszawa","2026-09-14T05:26:42.787163+00:00","https://fly.pl/szukaj-wycieczek/?filter[dest]=11:&filter[hotelids]=&filter[cityids]=0&filter[cregids]=&filter[ofrType]=&filter[addObjType]=&filter[whenFrom]=14-09-2026&filter[whenTo]=14-10-2026&filter[duration]=7:10&filter[from]=Warszawa%20-%20Modlin,Warszawa%20-%20Radom,Warszawa&filter[person]=2&filter[child]=1&filter[price]=4000:20000&filter[PriceFrom]=4000&filter[PriceTo]=20000&filter[addCategory]=50&filter[addCatering]=1&filter[addMisc]=0&filter[addTransport]=F&filter[fp]=1&order_by=ofr_price&filter[tourOperator]=0&filter[childAge][1]=20201210","https://fly.pl/cdn/photo/assets/uploads/582/278/2014/07/Renaissance-Golden-View-Beach-Resort.jpg","https://fly.pl/wycieczka/egipt,sharm-el-sheikh,c/renaissance-golden-view-beach/pT0ystPliTODhDslz5MzK3AAogqpzYrPebQ--sha3SPYozzdvhBFpwv_tYWcE8EXXr1-EqBEpPSVAwmYue1QZIs1VQQViyAmACagMySnhyQpsBFAEVBhcAXANYBVYCQMoGT-IBXQARnMYBXsI0UqYgUwBLxyNhAEzljDoN0vyXCSAAAfXX7P_EiMygMAINYwEABWuln0Y/ofertasv/?filter[tourOperator]=JOIP&filter%5Bperson%5D=2&filter%5BchildAge%5D%5B1%5D=20201210&filter%5Bchild%5D=1","filter_7_10_days","egipt","sharm-el-sheikh","c","2026-09-27","2026-10-04","8","7","Warszawa","2+1","egipt|sharm-el-sheikh|2026-09-27|2026-10-04|7|Warszawa|2+1"
"Pickalbatros Aqua Park Resort (Sharm El Sheikh)","10965.0","27.09.2026 - 04.10.2026","8 dni/7 nocy","4.8","4.8","3583","tripadvisor","Warszawa","2026-09-14T05:26:42.787163+00:00","https://fly.pl/szukaj-wycieczek/?filter[dest]=11:&filter[hotelids]=&filter[cityids]=0&filter[cregids]=&filter[ofrType]=&filter[addObjType]=&filter[whenFrom]=14-09-2026&filter[whenTo]=14-10-2026&filter[duration]=7:10&filter[from]=Warszawa%20-%20Modlin,Warszawa%20-%20Radom,Warszawa&filter[person]=2&filter[child]=1&filter[price]=4000:20000&filter[PriceFrom]=4000&filter[PriceTo]=20000&filter[addCategory]=50&filter[addCatering]=1&filter[addMisc]=0&filter[addTransport]=F&filter[fp]=1&order_by=ofr_price&filter[tourOperator]=0&filter[childAge][1]=20201210","https://fly.pl/cdn/photo/assets/uploads/582/278/2017/08/Albatros-Aqua-Park-Sharm.jpg","https://fly.pl/wycieczka/egipt,sharm-el-sheikh,szarm-el-szejk/albatros-aqua-park-sharm-el-sheikh/pV18Z4EucdYEcZxiybzWvlAAoglnaU7UKlgzczkLCQthDLidvhBFpwv_tYWcE8EXXr1-EqBEpPSVAwmYue1QZI1VVQQViyAmACagNDR21yQpsBFAEVBhcAXANYBVYCQMoGT-IBXQBe3voBUqYgUwARsSJLlgFhAEzljDoN0vyXCSAAAYO-4IjTiMygMAINYwEADOhZdYM/ofertasv/?filter[tourOperator]=JOIP&filter%5Bperson%5D=2&filter%5BchildAge%5D%5B1%5D=20201210&filter%5Bchild%5D=1","filter_7_10_days","egipt","sharm-el-sheikh","szarm-el-szejk","2026-09-27","2026-10-04","8","7","Warszawa","2+1","egipt|sharm-el-sheikh|2026-09-27|2026-10-04|7|Warszawa|2+1"
"Sentido Mamlouk Palace Resort & Spa (ex Sunrise)","10993.0","17.09.2026 - 24.09.2026","8 dni/7 nocy","4.7","4.7","12045","tripadvisor","Warszawa","2026-09-14T05:26:42.787163+00:00","https://fly.pl/szukaj-wycieczek/?filter[dest]=11:&filter[hotelids]=&filter[cityids]=0&filter[cregids]=&filter[ofrType]=&filter[addObjType]=&filter[whenFrom]=14-09-2026&filter[whenTo]=14-10-2026&filter[duration]=7:10&filter[from]=Warszawa%20-%20Modlin,Warszawa%20-%20Radom,Warszawa&filter[person]=2&filter[child]=1&filter[price]=4000:20000&filter[PriceFrom]=4000&filter[PriceTo]=20000&filter[addCategory]=50&filter[addCatering]=1&filter[addMisc]=0&filter[addTransport]=F&filter[fp]=1&order_by=ofr_price&filter[tourOperator]=0&filter[childAge][1]=20201210","https://fly.pl/cdn/photo/assets/uploads/582/278/2014/10/Sentido-Mamlouk-Palace-Resort-Spa.jpg","https://fly.pl/wycieczka/egipt,hurghada,c/sentido-mamlouk-palace-resort-ex-sunrise/pxfhfsHXsqM6ZmQCYyA6YbAAogtYsHrWS5Enx89vuXrIFDTYm1roCAppNzwJMdRzjcI8kqBFNGUEwwmYue1QZI8VVQQVhCYAJyIwsCFQUiBhIhXMwCQC5b5_BRDabcgglRmMbQ-48BAhJjAQIFcVewkg/ofertasv/?filter[tourOperator]=SFPL&filter%5Bperson%5D=2&filter%5BchildAge%5D%5B1%5D=20201210&filter%5Bchild%5D=1","filter_7_10_days","egipt","hurghada","c","2026-09-17","2026-09-24","8","7","Warszawa","2+1","egipt|hurghada|2026-09-17|2026-09-24|7|Warszawa|2+1"
"Jaz Belvedere","11057.0","29.09.2026 - 07.10.2026","9 dni/7 nocy","4.5","4.5","3280","tripadvisor","Warszawa","2026-09-14T05:26:42.787163+00:00","https://fly.pl/szukaj-wycieczek/?filter[dest]=11:&filter[hotelids]=&filter[cityids]=0&filter[cregids]=&filter[ofrType]=&filter[addObjType]=&filter[whenFrom]=14-09-2026&filter[whenTo]=14-10-2026&filter[duration]=7:10&filter[from]=Warszawa%20-%20Modlin,Warszawa%20-%20Radom,Warszawa&filter[person]=2&filter[child]=1&filter[price]=4000:20000&filter[PriceFrom]=4000&filter[PriceTo]=20000&filter[addCategory]=50&filter[addCatering]=1&filter[addMisc]=0&filter[addTransport]=F&filter[fp]=1&order_by=ofr_price&filter[tourOperator]=0&filter[childAge][1]=20201210","https://fly.pl/cdn/photo/assets/uploads/582/278/2014/07/Jaz-Belvedere.jpg","https://fly.pl/wycieczka/egipt,sharm-el-sheikh,c/jaz-belvedere/pO458I6AxzcNxENafRaBRyAAogSjz-eF-0FWc22SzZ07H_a_x165SKMu3wZ5pxJ9Xdc08qBFZJVFgwmYue1QZIsVZQQVjiAmACckAaABUHFwBcA1gFQI8DW5eFAV7melKmIFMAS8cjYQBMhLQ5DbXVmAkgAVGV7u-y6QFPyoElXYTO6rwcAgxjAQILMOS5gA/ofertasv/?filter[tourOperator]=VITX&filter%5Bperson%5D=2&filter%5BchildAge%5D%5B1%5D=20201210&filter%5Bchild%5D=1","filter_7_10_days","egipt","sharm-el-sheikh","c","2026-09-29","2026-10-07","9","7","Warszawa","2+1","egipt|sharm-el-sheikh|2026-09-29|2026-10-07|7|Warszawa|2+1"
"Pickalbatros Palace Resort","11096.0","06.10.2026 - 13.10.2026","8 dni/7 nocy","4.5","4.5","935","tripadvisor","Warszawa","2026-09-14T05:26:42.787163+00:00","https://fly.pl/szukaj-wycieczek/?filter[dest]=11:&filter[hotelids]=&filter[cityids]=0&filter[cregids]=&filter[ofrType]=&filter[addObjType]=&filter[whenFrom]=14-09-2026&filter[whenTo]=14-10-2026&filter[duration]=7:10&filter[from]=Warszawa%20-%20Modlin,Warszawa%20-%20Radom,Warszawa&filter[person]=2&filter[child]=1&filter[price]=4000:20000&filter[PriceFrom]=4000&filter[PriceTo]=20000&filter[addCategory]=50&filter[addCatering]=1&filter[addMisc]=0&filter[addTransport]=F&filter[fp]=1&order_by=ofr_price&filter[tourOperator]=0&filter[childAge][1]=20201210","https://fly.pl/cdn/photo/assets/uploads/582/278/2014/09/Albatros-Palace-fly-pl-4.jpg","https://fly.pl/wycieczka/egipt,hurghada,c/albatros-palace/pYo9SoHvSV_VaUI9mkAZfFAAog1EmPJJekrOArzoZQUagHXd1Ra35vaD1OLsrZzzRttekqBEpPSVAwmYue1QZI2FZQQViKBGACagNDR21yQpsBFAEVBhcAXANYBVYCQMoGT-IBXQBSr6sBUwARwRle7jVL7UNhAEzljDoNof2XCSAAAaKf8IjFhsygMAINYwEADAp0ebY/ofertasv/?filter[tourOperator]=JOIP&filter%5Bperson%5D=2&filter%5BchildAge%5D%5B1%5D=20201210&filter%5Bchild%5D=1","filter_7_10_days","egipt","hurghada","c","2026-10-06","2026-10-13","8","7","Warszawa","2+1","egipt|hurghada|2026-10-06|2026-10-13|7|Warszawa|2+1"
"Sunrise Royal Makadi Aqua Resort","11125.0","06.10.2026 - 13.10.2026","8 dni/7 nocy","4.7","4.7","13723","tripadvisor","Warszawa","2026-09-14T05:26:42.787163+00:00","https://fly.pl/szukaj-wycieczek/?filter[dest]=11:&filter[hotelids]=&filter[cityids]=0&filter[cregids]=&filter[ofrType]=&filter[addObjType]=&filter[whenFrom]=14-09-2026&filter[whenTo]=14-10-2026&filter[duration]=7:10&filter[from]=Warszawa%20-%20Modlin,Warszawa%20-%20Radom,Warszawa&filter[person]=2&filter[child]=1&filter[price]=4000:20000&filter[PriceFrom]=4000&filter[PriceTo]=20000&filter[addCategory]=50&filter[addCatering]=1&filter[addMisc]=0&filter[addTransport]=F&filter[fp]=1&order_by=ofr_price&filter[tourOperator]=0&filter[childAge][1]=20201210","https://fly.pl/cdn/photo/assets/uploads/582/278/2014/09/Sunrise-Royal-Makadi-Aqua-Resort.jpg","https://fly.pl/wycieczka/egipt,hurghada,makadi-bay/sunrise-select-royal-makadi/phlvukJbHBexT46Jke8PdBAAog_yFeiot16obV3zqU-yl0jd1Ra35vaD1OLsrZzzRttekqBEpPSVAwmYue1QZI9VZQQViKBGACagMxMm9yQ5sBFAEVBhcAXANYBVYCQMoGT-IBXQBSr6sBUwBer09L7UNhABGiwQFMw8s4DaH9lwkgAAHDt8Cw04bMoDACDWMBBAvcJclO/ofertasv/?filter[tourOperator]=JOIP&filter%5Bperson%5D=2&filter%5BchildAge%5D%5B1%5D=20201210&filter%5Bchild%5D=1","filter_7_10_days","egipt","hurghada","makadi-bay","2026-10-06","2026-10-13","8","7","Warszawa","2+1","egipt|hurghada|2026-10-06|2026-10-13|7|Warszawa|2+1"
"Domina Coral Bay Sultan","11130.0","04.10.2026 - 11.10.2026","8 dni/7 nocy","4.2","4.2","12420","tripadvisor","Warszawa","2026-09-14T05:26:42.787163+00:00","https://fly.pl/szukaj-wycieczek/?filter[dest]=11:&filter[hotelids]=&filter[cityids]=0&filter[cregids]=&filter[ofrType]=&filter[addObjType]=&filter[whenFrom]=14-09-2026&filter[whenTo]=14-10-2026&filter[duration]=7:10&filter[from]=Warszawa%20-%20Modlin,Warszawa%20-%20Radom,Warszawa&filter[person]=2&filter[child]=1&filter[price]=4000:20000&filter[PriceFrom]=4000&filter[PriceTo]=20000&filter[addCategory]=50&filter[addCatering]=1&filter[addMisc]=0&filter[addTransport]=F&filter[fp]=1&order_by=ofr_price&filter[tourOperator]=0&filter[childAge][1]=20201210","https://fly.pl/cdn/photo/assets/uploads/582/278/2014/07/Domina-Coral-Bay-Sultan.jpg","https://fly.pl/wycieczka/egipt,sharm-el-sheikh,c/domina-coral-bay-sultan/pUFSUiQ0M8txAAOx2ICNNLAAogqRHyLXLOaXygHFM-xpbs6u6LQqlaFmzyIpGKGzBohJAqBEpPSVAwmYue1QZI-lZQQVjaA2ACagM5b0dyQpsBFAEVBhcAXANYBVYCQMoGT-IBXQAR4sgBXvwxUqYgUwBLxyNhAEzljDoNn_2XCSAAAaqP9K_DiMygMAINYwEADJvVltg/ofertasv/?filter[tourOperator]=JOIP&filter%5Bperson%5D=2&filter%5BchildAge%5D%5B1%5D=20201210&filter%5Bchild%5D=1","filter_7_10_days","egipt","sharm-el-sheikh","c","2026-10-04","2026-10-11","8","7","Warszawa","2+1","egipt|sharm-el-sheikh|2026-10-04|2026-10-11|7|Warszawa|2+1"
"Pickalbatros Sands Port Ghalib (ex. Red Sea Siva Sands)","11212.0","27.09.2026 - 04.10.2026","8 dni/7 nocy","4.5","4.5","3436","tripadvisor","Warszawa","2026-09-14T05:26:42.787163+00:00","https://fly.pl/szukaj-wycieczek/?filter[dest]=11:&filter[hotelids]=&filter[cityids]=0&filter[cregids]=&filter[ofrType]=&filter[addObjType]=&filter[whenFrom]=14-09-2026&filter[whenTo]=14-10-2026&filter[duration]=7:10&filter[from]=Warszawa%20-%20Modlin,Warszawa%20-%20Radom,Warszawa&filter[person]=2&filter[child]=1&filter[price]=4000:20000&filter[PriceFrom]=4000&filter[PriceTo]=20000&filter[addCategory]=50&filter[addCatering]=1&filter[addMisc]=0&filter[addTransport]=F&filter[fp]=1&order_by=ofr_price&filter[tourOperator]=0&filter[childAge][1]=20201210","https://fly.pl/cdn/photo/assets/uploads/582/278/2014/07/PICKALBATROS-SANDS-PORT-GHALIB.jpg","https://fly.pl/wycieczka/egipt,marsa-alam,port-ghalib/crowne-plaza-sahara-sands-resort/piUz-auXTBSoTukEorDST0AAogKIeLJ_NubOkHdLvVgb1EuwAAAAAYgwQANIMEAAcADAAqBFdFWlkwmYue1QZIzFdQQViyAmADaglFbnRlciBBaXJqBDAwNTByQp4BlAEfABwBAgAWBBcCEQMS6gMV2gUYlQMTzQFA8XJMtpYBTwBLsS9QAB2Qvw8gHBu3qx8N1J6jCQESYwENYwECDPopP7I/ofertasv/?filter[tourOperator]=WEZY&filter%5Bperson%5D=2&filter%5BchildAge%5D%5B1%5D=20201210&filter%5Bchild%5D=1","filter_7_10_days","egipt","marsa-alam","port-ghalib","2026-09-27","2026-10-04","8","7","Warszawa","2+1","egipt|marsa-alam|2026-09-27|2026-10-04|7|Warszawa|2+1"
"Naama Bay Promenade Beach Resort","11273.0","03.10.2026 - 10.10.2026","8 dni/7 nocy","4.2","4.2","1290","tripadvisor","Warszawa","2026-09-14T05:26:42.787163+00:00","https://fly.pl/szukaj-wycieczek/?filter[dest]=11:&filter[hotelids]=&filter[cityids]=0&filter[cregids]=&filter[ofrType]=&filter[addObjType]=&filter[whenFrom]=14-09-2026&filter[whenTo]=14-10-2026&filter[duration]=7:10&filter[from]=Warszawa%20-%20Modlin,Warszawa%20-%20Radom,Warszawa&filter[person]=2&filter[child]=1&filter[price]=4000:20000&filter[PriceFrom]=4000&filter[PriceTo]=20000&filter[addCategory]=50&filter[addCatering]=1&filter[addMisc]=0&filter[addTransport]=F&filter[fp]=1&order_by=ofr_price&filter[tourOperator]=0&filter[childAge][1]=20201210","https://fly.pl/cdn/photo/assets/uploads/582/278/2021/07/Naama-Bay-Promenade-Beach-Resort.jpg","https://fly.pl/wycieczka/egipt,sharm-el-sheikh,szarm-el-szejk/naama-bay-promenade-beach-resort-10/pV9d68XouhogZ2Y--MFhR2AAogbGCu8FFnwu9O1T0yjskb1gAAAACYhAQAtYQEAAcAEgAqBFdFWlkwmYue1QZIiVhQQVjCA2ADaglFbnRlciBBaXJqBDA4MDByQ54BlQEfAAIBHAAWBBcCEu0DGIUFE80BFMkEEcoPQMhiTKCiAU8AS8cjUAAbuNQDHdjtCyAdDdbHwgkBEmMBDGMBAgUOB0vB/ofertasv/?filter[tourOperator]=WEZY&filter%5Bperson%5D=2&filter%5BchildAge%5D%5B1%5D=20201210&filter%5Bchild%5D=1","filter_7_10_days","egipt","sharm-el-sheikh","szarm-el-szejk","2026-10-03","2026-10-10","8","7","Warszawa","2+1","egipt|sharm-el-sheikh|2026-10-03|2026-10-10|7|Warszawa|2+1"
"Jaz Solaya Resort (ex Sol Y Mar Solaya)","11307.0","03.10.2026 - 10.10.2026","8 dni/7 nocy","4.7","4.7","3394","tripadvisor","Warszawa","2026-09-14T05:26:42.787163+00:00","https://fly.pl/szukaj-wycieczek/?filter[dest]=11:&filter[hotelids]=&filter[cityids]=0&filter[cregids]=&filter[ofrType]=&filter[addObjType]=&filter[whenFrom]=14-09-2026&filter[whenTo]=14-10-2026&filter[duration]=7:10&filter[from]=Warszawa%20-%20Modlin,Warszawa%20-%20Radom,Warszawa&filter[person]=2&filter[child]=1&filter[price]=4000:20000&filter[PriceFrom]=4000&filter[PriceTo]=20000&filter[addCategory]=50&filter[addCatering]=1&filter[addMisc]=0&filter[addTransport]=F&filter[fp]=1&order_by=ofr_price&filter[tourOperator]=0&filter[childAge][1]=20201210","https://fly.pl/cdn/photo/assets/uploads/582/278/2016/05/Jaz-Solaya.jpg","https://fly.pl/wycieczka/egipt,marsa-alam,c/jaz-solaya-ex-sol-y-mar-solaya/pKs4MqTZOcevVGWhmVR_rLAAogvLzwjS_zi6-GETwD4RFY4VU3hKQPmG_3HCqrQfnQi-4qBEpPSVAwmYue1QZIq1hQQVjCA2ACagMwME1yQpsBFAEVBhcAXANYBVYCQMoGT-IBXQARjOcBXtITUrwUUwBLsS9hAEzljDoNnv2XCSAAAcCf5JjUiMygMAINYwEADMMA1LU/ofertasv/?filter[tourOperator]=JOIP&filter%5Bperson%5D=2&filter%5BchildAge%5D%5B1%5D=20201210&filter%5Bchild%5D=1","filter_7_10_days","egipt","marsa-alam","c","2026-10-03","2026-10-10","8","7","Warszawa","2+1","egipt|marsa-alam|2026-10-03|2026-10-10|7|Warszawa|2+1"
"Cardina Resort by Sunrise","11337.0","06.10.2026 - 13.10.2026","8 dni/7 nocy","4.2","4.2","3596","tripadvisor","Warszawa","2026-09-14T05:26:42.787163+00:00","https://fly.pl/szukaj-wycieczek/?filter[dest]=11:&filter[hotelids]=&filter[cityids]=0&filter[cregids]=&filter[ofrType]=&filter[addObjType]=&filter[whenFrom]=14-09-2026&filter[whenTo]=14-10-2026&filter[duration]=7:10&filter[from]=Warszawa%20-%20Modlin,Warszawa%20-%20Radom,Warszawa&filter[person]=2&filter[child]=1&filter[price]=4000:20000&filter[PriceFrom]=4000&filter[PriceTo]=20000&filter[addCategory]=50&filter[addCatering]=1&filter[addMisc]=0&filter[addTransport]=F&filter[fp]=1&order_by=ofr_price&filter[tourOperator]=0&filter[childAge][1]=20201210","https://fly.pl/cdn/photo/assets/uploads/582/278/2016/11/Aurora-Oriental-Bay-Marsa-Alam.jpg","https://fly.pl/wycieczka/egipt,marsa-alam,c/aurora-oriental-bay-marsa-alam/pEdxCTxiNhB8r5EcUufDNdAAogvlRjGVUl5r-_M0gO0zDtS4GDUkDRanLk14V_5gABdJoqBEJWUFIwmYue1QZIyVhQAViKBGACag1BbGwgaW5jbHVzaXZlciAcEZtQG5XiBBio4wy5BKLwE6sEHAHQxIHCAQIAYwECC9u-cdc/ofertasv/?filter[tourOperator]=BVPR&filter%5Bperson%5D=2&filter%5BchildAge%5D%5B1%5D=20201210&filter%5Bchild%5D=1","filter_7_10_days","egipt","marsa-alam","c","2026-10-06","2026-10-13","8","7","Warszawa","2+1","egipt|marsa-alam|2026-10-06|2026-10-13|7|Warszawa|2+1"
"True Beach Resort","11371.0","20.09.2026 - 27.09.2026","8 dni/7 nocy","4.3","4.3","149","tripadvisor","Warszawa","2026-09-14T05:26:42.787163+00:00","https://fly.pl/szukaj-wycieczek/?filter[dest]=11:&filter[hotelids]=&filter[cityids]=0&filter[cregids]=&filter[ofrType]=&filter[addObjType]=&filter[whenFrom]=14-09-2026&filter[whenTo]=14-10-2026&filter[duration]=7:10&filter[from]=Warszawa%20-%20Modlin,Warszawa%20-%20Radom,Warszawa&filter[person]=2&filter[child]=1&filter[price]=4000:20000&filter[PriceFrom]=4000&filter[PriceTo]=20000&filter[addCategory]=50&filter[addCatering]=1&filter[addMisc]=0&filter[addTransport]=F&filter[fp]=1&order_by=ofr_price&filter[tourOperator]=0&filter[childAge][1]=20201210","https://fly.pl/cdn/photo/assets/uploads/582/278/2014/09/True-Beach-Resort.jpg","https://fly.pl/wycieczka/egipt,marsa-alam,c/laguna-beach-marsa-alam/poDSsk2WiCvUpGbmJpJnLYAAogiaT6eMIfsvj-VOhmRKp-MgAAAAAXgwQAM4MEAAcAAAAqBFdFWlkwmYue1QZI61hQQViKAWADaglFbnRlciBBaXJqBDAwNTByQp4BlAEfAAIBHAAWBBcCEu0DFdoFGJUDE80BQPFyEcFrTPUqTwBLsS9QAB2Pvw8gHBvI5kINveP_CAESYwEMYwECBR2mrcM/ofertasv/?filter[tourOperator]=WEZY&filter%5Bperson%5D=2&filter%5BchildAge%5D%5B1%5D=20201210&filter%5Bchild%5D=1","filter_7_10_days","egipt","marsa-alam","c","2026-09-20","2026-09-27","8","7","Warszawa","2+1","egipt|marsa-alam|2026-09-20|2026-09-27|7|Warszawa|2+1"
"V Hotel Sharm","11403.0","27.09.2026 - 04.10.2026","8 dni/7 nocy","4.2","4.2","2111","tripadvisor","Warszawa","2026-09-14T05:26:42.787163+00:00","https://fly.pl/szukaj-wycieczek/?filter[dest]=11:&filter[hotelids]=&filter[cityids]=0&filter[cregids]=&filter[ofrType]=&filter[addObjType]=&filter[whenFrom]=14-09-2026&filter[whenTo]=14-10-2026&filter[duration]=7:10&filter[from]=Warszawa%20-%20Modlin,Warszawa%20-%20Radom,Warszawa&filter[person]=2&filter[child]=1&filter[price]=4000:20000&filter[PriceFrom]=4000&filter[PriceTo]=20000&filter[addCategory]=50&filter[addCatering]=1&filter[addMisc]=0&filter[addTransport]=F&filter[fp]=1&order_by=ofr_price&filter[tourOperator]=0&filter[childAge][1]=20201210","https://fly.pl/cdn/photo/assets/uploads/582/278/2017/08/Pyramisa-Beach-Resort.jpg","https://fly.pl/wycieczka/egipt,sharm-el-sheikh,szarm-el-szejk/dessole-pyramisa-egipt-sharm-el-sheikh-egipt/pqLB3ffdNxWEnVkk_qp5zdAAoguezLonnmZhTnHibRG2P7v9vhBFpwv_tYWcE8EXXr1-EqBEpPSVAwmYue1QZIi1lQQViyAmACagMySnhyQpsBFAEVBhcAXANYBVYCQMoGT-IBXQBe3voBUqYgUwARhgxLwRdhAEzljDoN0vyXCSAAAYnEtKi0iMygMAINYwEADM8cNfk/ofertasv/?filter[tourOperator]=JOIP&filter%5Bperson%5D=2&filter%5BchildAge%5D%5B1%5D=20201210&filter%5Bchild%5D=1","filter_7_10_days","egipt","sharm-el-sheikh","szarm-el-szejk","2026-09-27","2026-10-04","8","7","Warszawa","2+1","egipt|sharm-el-sheikh|2026-09-27|2026-10-04|7|Warszawa|2+1"
"The V Luxury Resort","11433.0","01.10.2026 - 08.10.2026","8 dni/7 nocy","4.4","4.4","1031","tripadvisor","Warszawa","2026-09-14T05:26:42.787163+00:00","https://fly.pl/szukaj-wycieczek/?filter[dest]=11:&filter[hotelids]=&filter[cityids]=0&filter[cregids]=&filter[ofrType]=&filter[addObjType]=&filter[whenFrom]=14-09-2026&filter[whenTo]=14-10-2026&filter[duration]=7:10&filter[from]=Warszawa%20-%20Modlin,Warszawa%20-%20Radom,Warszawa&filter[person]=2&filter[child]=1&filter[price]=4000:20000&filter[PriceFrom]=4000&filter[PriceTo]=20000&filter[addCategory]=50&filter[addCatering]=1&filter[addMisc]=0&filter[addTransport]=F&filter[fp]=1&order_by=ofr_price&filter[tourOperator]=0&filter[childAge][1]=20201210","https://datacfstatic.merlinx.pl/SFPL/IMG/HRGAVLR/ab1bddd009061dd9e52e7ec37dff78fbe67217d200d370b3ec9f948a7df69ec9.webp","https://fly.pl/wycieczka/egipt,hurghada,sahl-hasheesh/the-v-luxury-resort-13/plrBu33iTAYGvx_aToAe6qAAogtYuU2FTBN3HH7Lckq8xR_Ji_q7xKhskzkRELa_XdvD4qBFNGUEwwmYue1QZIqVlQQViSA2ACciMLAhUFIgUSIkD6AltHXOuuAg2vntIJUfaDsPuPAQISYwECBeOt-as/ofertasv/?filter[tourOperator]=SFPL&filter%5Bperson%5D=2&filter%5BchildAge%5D%5B1%5D=20201210&filter%5Bchild%5D=1","filter_7_10_days","egipt","hurghada","sahl-hasheesh","2026-10-01","2026-10-08","8","7","Warszawa","2+1","egipt|hurghada|2026-10-01|2026-10-08|7|Warszawa|2+1"
"Invidia Coral Beach Tiran","11437.0","03.10.2026 - 10.10.2026","8 dni/7 nocy","4.8","4.8","323","tripadvisor","Warszawa","2026-09-14T05:26:42.787163+00:00","https://fly.pl/szukaj-wycieczek/?filter[dest]=11:&filter[hotelids]=&filter[cityids]=0&filter[cregids]=&filter[ofrType]=&filter[addObjType]=&filter[whenFrom]=14-09-2026&filter[whenTo]=14-10-2026&filter[duration]=7:10&filter[from]=Warszawa%20-%20Modlin,Warszawa%20-%20Radom,Warszawa&filter[person]=2&filter[child]=1&filter[price]=4000:20000&filter[PriceFrom]=4000&filter[PriceTo]=20000&filter[addCategory]=50&filter[addCatering]=1&filter[addMisc]=0&filter[addTransport]=F&filter[fp]=1&order_by=ofr_price&filter[tourOperator]=0&filter[childAge][1]=20201210","https://fly.pl/cdn/photo/assets/uploads/582/278/2014/07/Coral-Beach-Rotana-Tiran-fly-pl.jpg","https://fly.pl/wycieczka/egipt,sharm-el-sheikh,c/coral-beach-rotana-tiran/pQK5OI4cCT4QJbSIFZ_0sTAAogaB0HhyhAMfR7j9Z3IwXEWAAAAACYhAQAtYQEAAcAEgAqBFdFWlkwmYue1QZIrVlQQVjCA2ADaglFbnRlciBBaXJqBDA4MDByQp4BlQEfABwBAgAWABcGESMSygMYhQUTzQEUyQRAknJMoKIBTwBLxyNQAB2Qwg8gHRvYwmQN_oTeCAESYwEMYwECC_bIXuQ/ofertasv/?filter[tourOperator]=WEZY&filter%5Bperson%5D=2&filter%5BchildAge%5D%5B1%5D=20201210&filter%5Bchild%5D=1","filter_7_10_days","egipt","sharm-el-sheikh","c","2026-10-03","2026-10-10","8","7","Warszawa","2+1","egipt|sharm-el-sheikh|2026-10-03|2026-10-10|7|Warszawa|2+1"
"Jaz Lamaya Resort (ex Iberotel)","11456.0","29.09.2026 - 06.10.2026","8 dni/7 nocy","4.6","4.6","5880","tripadvisor","Warszawa","2026-09-14T05:26:42.787163+00:00","https://fly.pl/szukaj-wycieczek/?filter[dest]=11:&filter[hotelids]=&filter[cityids]=0&filter[cregids]=&filter[ofrType]=&filter[addObjType]=&filter[whenFrom]=14-09-2026&filter[whenTo]=14-10-2026&filter[duration]=7:10&filter[from]=Warszawa%20-%20Modlin,Warszawa%20-%20Radom,Warszawa&filter[person]=2&filter[child]=1&filter[price]=4000:20000&filter[PriceFrom]=4000&filter[PriceTo]=20000&filter[addCategory]=50&filter[addCatering]=1&filter[addMisc]=0&filter[addTransport]=F&filter[fp]=1&order_by=ofr_price&filter[tourOperator]=0&filter[childAge][1]=20201210","https://fly.pl/cdn/photo/assets/uploads/582/278/2014/09/jaz-lamaya.jpg","https://fly.pl/wycieczka/egipt,marsa-alam,madinat-coraya/iberotel-lamaya-resort/pcLsU3iL2_p6t-yIdll7WRAAognGoGK1EItd4zgQ1l6ZXShgAAAACDpwQAn6cEAAcAAQAqBFdFWlkwmYue1QZIwFlQQVjiAmADaglFbnRlciBBaXJqBDA1NDVyQZ4BkwEfABwBAgAWBBcCEQcS5gMUgAUVUBiVA0DIdEy2lgFPAEuxL1AAHfuHECAcG9jVMg3Kq48JARJjAQ1jAQMFWIucfA/ofertasv/?filter[tourOperator]=WEZY&filter%5Bperson%5D=2&filter%5BchildAge%5D%5B1%5D=20201210&filter%5Bchild%5D=1","filter_7_10_days","egipt","marsa-alam","madinat-coraya","2026-09-29","2026-10-06","8","7","Warszawa","2+1","egipt|marsa-alam|2026-09-29|2026-10-06|7|Warszawa|2+1"
"Baron Palace Resort (Sahl Hasheesh)","11466.0","17.09.2026 - 24.09.2026","8 dni/7 nocy","5.0","5.0","1921","tripadvisor","Warszawa - Radom","2026-09-14T05:26:42.787163+00:00","https://fly.pl/szukaj-wycieczek/?filter[dest]=11:&filter[hotelids]=&filter[cityids]=0&filter[cregids]=&filter[ofrType]=&filter[addObjType]=&filter[whenFrom]=14-09-2026&filter[whenTo]=14-10-2026&filter[duration]=7:10&filter[from]=Warszawa%20-%20Modlin,Warszawa%20-%20Radom,Warszawa&filter[person]=2&filter[child]=1&filter[price]=4000:20000&filter[PriceFrom]=4000&filter[PriceTo]=20000&filter[addCategory]=50&filter[addCatering]=1&filter[addMisc]=0&filter[addTransport]=F&filter[fp]=1&order_by=ofr_price&filter[tourOperator]=0&filter[childAge][1]=20201210","https://fly.pl/cdn/photo/assets/uploads/582/278/2014/09/Baron-Palace-Resort.jpg","https://fly.pl/wycieczka/egipt,hurghada,sahl-hasheesh/baron-palace-resort-hurghada/pS7UTkeerhuZ9xptCnwAUoAAogGTCtMWdF4ZLIfZ3xLcnGm_8MJssITV_eZU8aw6SOnRoqBE9SRVgwnoue1QZIyllQQVhCYAJqBVkuMi4xcjWbARUHFwBYCFYCEQdcAUDCBl3TDk9sU9KdAVIAXq9PS4ESYQBM0b46IMj8lwkNAAISYwECDJ_8Oec/ofertasv/?filter[tourOperator]=OREX&filter%5Bperson%5D=2&filter%5BchildAge%5D%5B1%5D=20201210&filter%5Bchild%5D=1","filter_7_10_days","egipt","hurghada","sahl-hasheesh","2026-09-17","2026-09-24","8","7","Warszawa - Radom","2+1","egipt|hurghada|2026-09-17|2026-09-24|7|Warszawa - Radom|2+1"
"Pickalbatros Dana Beach Resort","11516.0","27.09.2026 - 04.10.2026","8 dni/7 nocy","4.4","4.4","2869","tripadvisor","Warszawa","2026-09-14T05:26:42.787163+00:00","https://fly.pl/szukaj-wycieczek/?filter[dest]=11:&filter[hotelids]=&filter[cityids]=0&filter[cregids]=&filter[ofrType]=&filter[addObjType]=&filter[whenFrom]=14-09-2026&filter[whenTo]=14-10-2026&filter[duration]=7:10&filter[from]=Warszawa%20-%20Modlin,Warszawa%20-%20Radom,Warszawa&filter[person]=2&filter[child]=1&filter[price]=4000:20000&filter[PriceFrom]=4000&filter[PriceTo]=20000&filter[addCategory]=50&filter[addCatering]=1&filter[addMisc]=0&filter[addTransport]=F&filter[fp]=1&order_by=ofr_price&filter[tourOperator]=0&filter[childAge][1]=20201210","https://fly.pl/cdn/photo/assets/uploads/582/278/2014/10/Dana-Beach-Resort-fly-pl-1.jpg","https://fly.pl/wycieczka/egipt,hurghada,c/dana-beach/pE6YfGdzzeaKmUiyuNUz0XAAogTnHT0jHObIcgz0Sw2-ZnZmI8hGXnRrVy0xMiRQCmEI4qBE9SRVgwnoue1QZI_FlQQViyAmACagZESS4yLjFyNZsBFQcXAFwDWAVWAhEQQLoGXZsPTyRT0p0BUgBer09L7UNhAEzljDog0vyXCQ0AAhJjAQIMhxA4hg/ofertasv/?filter[tourOperator]=OREX&filter%5Bperson%5D=2&filter%5BchildAge%5D%5B1%5D=20201210&filter%5Bchild%5D=1","filter_7_10_days","egipt","hurghada","c","2026-09-27","2026-10-04","8","7","Warszawa","2+1","egipt|hurghada|2026-09-27|2026-10-04|7|Warszawa|2+1"
"Jaz Elite Maraya","11517.0","26.09.2026 - 04.10.2026","9 dni/7 nocy","4.9","4.9","2729","tripadvisor","Warszawa","2026-09-14T05:26:42.787163+00:00","https://fly.pl/szukaj-wycieczek/?filter[dest]=11:&filter[hotelids]=&filter[cityids]=0&filter[cregids]=&filter[ofrType]=&filter[addObjType]=&filter[whenFrom]=14-09-2026&filter[whenTo]=14-10-2026&filter[duration]=7:10&filter[from]=Warszawa%20-%20Modlin,Warszawa%20-%20Radom,Warszawa&filter[person]=2&filter[child]=1&filter[price]=4000:20000&filter[PriceFrom]=4000&filter[PriceTo]=20000&filter[addCategory]=50&filter[addCatering]=1&filter[addMisc]=0&filter[addTransport]=F&filter[fp]=1&order_by=ofr_price&filter[tourOperator]=0&filter[childAge][1]=20201210","https://fly.pl/cdn/photo/assets/uploads/582/278/2019/08/Jaz-Maraya.jpg","https://fly.pl/wycieczka/egipt,marsa-alam,c/jaz-maraya/pLgdz4Fbk-UYpV0PL2hLJIAAogP1BNrGzo83r-Rqr1ExnvqPPOVhexA4B-vTIRTOTMdjUqBEVYSU0wnoue1QZI_VlQAViaAmACagJBSXIhHBGVyga5BMD1PasEGxu2qTwYmPQ9Acjk3O4KAgBjAQIMZxi-VA/ofertasv/?filter[tourOperator]=EXIM&filter%5Bperson%5D=2&filter%5BchildAge%5D%5B1%5D=20201210&filter%5Bchild%5D=1","filter_7_10_days","egipt","marsa-alam","c","2026-09-26","2026-10-04","9","7","Warszawa","2+1","egipt|marsa-alam|2026-09-26|2026-10-04|7|Warszawa|2+1"
"Pickalbatros Palace Resort","11529.0","27.09.2026 - 04.10.2026","8 dni/7 nocy","4.7","4.7","2583","tripadvisor","Warszawa","2026-09-14T05:26:42.787163+00:00","https://fly.pl/szukaj-wycieczek/?filter[dest]=11:&filter[hotelids]=&filter[cityids]=0&filter[cregids]=&filter[ofrType]=&filter[addObjType]=&filter[whenFrom]=14-09-2026&filter[whenTo]=14-10-2026&filter[duration]=7:10&filter[from]=Warszawa%20-%20Modlin,Warszawa%20-%20Radom,Warszawa&filter[person]=2&filter[child]=1&filter[price]=4000:20000&filter[PriceFrom]=4000&filter[PriceTo]=20000&filter[addCategory]=50&filter[addCatering]=1&filter[addMisc]=0&filter[addTransport]=F&filter[fp]=1&order_by=ofr_price&filter[tourOperator]=0&filter[childAge][1]=20201210","https://fly.pl/cdn/photo/assets/uploads/582/278/2016/11/Albatros-Palace-Resort-Sharm-El-Sheikh.jpg","https://fly.pl/wycieczka/egipt,sharm-el-sheikh,c/cyrene-grand-hotel-ex-melia/pvl6wyP-i3iYAF3ZKymacsAAoge3hLuQtjuaDGKfpI2Dc609vhBFpwv_tYWcE8EXXr1-EqBEpPSVAwnoue1QZIiVpQQViyAmACagNDR21yQpsBFAEVBhcAXANYBVYCQMoGT-IBXQARz8YBXo80UqYgUwBLxyNhAEzljDoN0vyXCSAAAZDSkLHFiMygMAINYwEADO2aKos/ofertasv/?filter[tourOperator]=JOIP&filter%5Bperson%5D=2&filter%5BchildAge%5D%5B1%5D=20201210&filter%5Bchild%5D=1","filter_7_10_days","egipt","sharm-el-sheikh","c","2026-09-27","2026-10-04","8","7","Warszawa","2+1","egipt|sharm-el-sheikh|2026-09-27|2026-10-04|7|Warszawa|2+1"
"Pickalbatros Citadel Sahl Hasheesh (ex. Citadel Azur Resort)","11579.0","04.10.2026 - 11.10.2026","8 dni/7 nocy","4.5","4.5","4864","tripadvisor","Warszawa","2026-09-14T05:26:42.787163+00:00","https://fly.pl/szukaj-wycieczek/?filter[dest]=11:&filter[hotelids]=&filter[cityids]=0&filter[cregids]=&filter[ofrType]=&filter[addObjType]=&filter[whenFrom]=14-09-2026&filter[whenTo]=14-10-2026&filter[duration]=7:10&filter[from]=Warszawa%20-%20Modlin,Warszawa%20-%20Radom,Warszawa&filter[person]=2&filter[child]=1&filter[price]=4000:20000&filter[PriceFrom]=4000&filter[PriceTo]=20000&filter[addCategory]=50&filter[addCatering]=1&filter[addMisc]=0&filter[addTransport]=F&filter[fp]=1&order_by=ofr_price&filter[tourOperator]=0&filter[childAge][1]=20201210","https://fly.pl/cdn/photo/assets/uploads/582/278/2014/07/Albatros-Citadel-Sahl-Hasheesh-ex.-Citadel-Azur-Resort-fly-pl.jpg","https://fly.pl/wycieczka/egipt,hurghada,c/citadel-azur-resort/pSsfydrW3Wme0B779-nHF0AAogmGmY1MFeW0drnoY2t5D97fIe_lk9WpBYetX5JkRBSVsqBE9SRVgwnoue1QZIu1pQQVjaA2ACagZEUS4yLjFyNZsBFQcXAFwDEQRYAVYCQMoGXZsPTyRT0p0BUgBer09L7UNhAEzljDogn_2XCQ0AAhJjAQIMRgaF_w/ofertasv/?filter[tourOperator]=OREX&filter%5Bperson%5D=2&filter%5BchildAge%5D%5B1%5D=20201210&filter%5Bchild%5D=1","filter_7_10_days","egipt","hurghada","c","2026-10-04","2026-10-11","8","7","Warszawa","2+1","egipt|hurghada|2026-10-04|2026-10-11|7|Warszawa|2+1"
"Cleopatra Luxury Resort (Makadi Bay)","11592.0","24.09.2026 - 01.10.2026","8 dni/7 nocy","4.6","4.6","3187","tripadvisor","Warszawa - Radom","2026-09-14T05:26:42.787163+00:00","https://fly.pl/szukaj-wycieczek/?filter[dest]=11:&filter[hotelids]=&filter[cityids]=0&filter[cregids]=&filter[ofrType]=&filter[addObjType]=&filter[whenFrom]=14-09-2026&filter[whenTo]=14-10-2026&filter[duration]=7:10&filter[from]=Warszawa%20-%20Modlin,Warszawa%20-%20Radom,Warszawa&filter[person]=2&filter[child]=1&filter[price]=4000:20000&filter[PriceFrom]=4000&filter[PriceTo]=20000&filter[addCategory]=50&filter[addCatering]=1&filter[addMisc]=0&filter[addTransport]=F&filter[fp]=1&order_by=ofr_price&filter[tourOperator]=0&filter[childAge][1]=20201210","https://fly.pl/cdn/photo/assets/uploads/582/278/2014/10/Cleopatra-Luxury-Resort-Makadi-Bay.jpg","https://fly.pl/wycieczka/egipt,hurghada,makadi-bay/cleopatra-luxury-resort-makadi-bay/p_WlpfcYqe_Q1He9huDGOGAAog1815bmJeZ3FTsIBUWMsKoHuHt-JRXqpSz_DOtw-0xygqBE9SRVgwnoue1QZIyFpQQVjqAWACagZCUy4yLjFyNZsBFQcXAFwDWAVWAhENQL0GXdMOT2xT0p0BUgBer09LgRJhAEzRvjogz_yXCQ0AAhJjAQIMY84sUw/ofertasv/?filter[tourOperator]=OREX&filter%5Bperson%5D=2&filter%5BchildAge%5D%5B1%5D=20201210&filter%5Bchild%5D=1","filter_7_10_days","egipt","hurghada","makadi-bay","2026-09-24","2026-10-01","8","7","Warszawa - Radom","2+1","egipt|hurghada|2026-09-24|2026-10-01|7|Warszawa - Radom|2+1"
"Park Regency Resort (ex. Hyatt)","11641.0","27.09.2026 - 04.10.2026","8 dni/7 nocy","4.6","4.6","6179","tripadvisor","Warszawa","2026-09-14T05:26:42.787163+00:00","https://fly.pl/szukaj-wycieczek/?filter[dest]=11:&filter[hotelids]=&filter[cityids]=0&filter[cregids]=&filter[ofrType]=&filter[addObjType]=&filter[whenFrom]=14-09-2026&filter[whenTo]=14-10-2026&filter[duration]=7:10&filter[from]=Warszawa%20-%20Modlin,Warszawa%20-%20Radom,Warszawa&filter[person]=2&filter[child]=1&filter[price]=4000:20000&filter[PriceFrom]=4000&filter[PriceTo]=20000&filter[addCategory]=50&filter[addCatering]=1&filter[addMisc]=0&filter[addTransport]=F&filter[fp]=1&order_by=ofr_price&filter[tourOperator]=0&filter[childAge][1]=20201210","https://fly.pl/cdn/photo/assets/uploads/582/278/2014/07/Park-Regency.jpg","https://fly.pl/wycieczka/egipt,sharm-el-sheikh,c/hyatt-regency-sharm/p41lsc6nziB6KEK4XqxgqNAAogyZTrTqNUq5lBALwqdQrEOtvhBFpwv_tYWcE8EXXr1-EqBEpPSVAwnoue1QZI-VpQQViyAmACagMxMmJyQpsBFAEVBhcAXANYBVYCQMoGT-IBXQARo8YBXrs0UqYgUwBLxyNhAEzljDoN0vyXCSAAAffBiMDFiMygMAINYwEAC5_GitQ/ofertasv/?filter[tourOperator]=JOIP&filter%5Bperson%5D=2&filter%5BchildAge%5D%5B1%5D=20201210&filter%5Bchild%5D=1","filter_7_10_days","egipt","sharm-el-sheikh","c","2026-09-27","2026-10-04","8","7","Warszawa","2+1","egipt|sharm-el-sheikh|2026-09-27|2026-10-04|7|Warszawa|2+1"
"Xanadu Club Makadi Bay","11651.0","17.09.2026 - 24.09.2026","8 dni/7 nocy","","","","","Warszawa - Radom","2026-09-14T05:26:42.787163+00:00","https://fly.pl/szukaj-wycieczek/?filter[dest]=11:&filter[hotelids]=&filter[cityids]=0&filter[cregids]=&filter[ofrType]=&filter[addObjType]=&filter[whenFrom]=14-09-2026&filter[whenTo]=14-10-2026&filter[duration]=7:10&filter[from]=Warszawa%20-%20Modlin,Warszawa%20-%20Radom,Warszawa&filter[person]=2&filter[child]=1&filter[price]=4000:20000&filter[PriceFrom]=4000&filter[PriceTo]=20000&filter[addCategory]=50&filter[addCatering]=1&filter[addMisc]=0&filter[addTransport]=F&filter[fp]=1&order_by=ofr_price&filter[tourOperator]=0&filter[childAge][1]=20201210","https://datacfstatic.merlinx.pl/OREX/IMG/7096/8e0e1b2403955a1815054e691a17ad6218ab48e55f063775059548971615ac45.webp","https://fly.pl/wycieczka/egipt,hurghada,makadi-bay/xanadu-club-makadi-bay-11/pUMXq1TFXGRYEd8LnmSPRgAAogurstVhhyTU0pb1Pvy6iraf8MJssITV_eZU8aw6SOnRoqBE9SRVgwnoue1QZIg1tQQVhCYAJqBkRJLjIuMXI1mwEVBxcAXANYBVYCQMoGXdMOT2wRniFTtHxSAF6vT0uBEmEATNG-OiDI_JcJDQACEmMBAguDRgvd/ofertasv/?filter[tourOperator]=OREX&filter%5Bperson%5D=2&filter%5BchildAge%5D%5B1%5D=20201210&filter%5Bchild%5D=1","filter_7_10_days","egipt","hurghada","makadi-bay","2026-09-17","2026-09-24","8","7","Warszawa - Radom","2+1","egipt|hurghada|2026-09-17|2026-09-24|7|Warszawa - Radom|2+1"
"Swissotel Sharm El Sheikh","11658.0","27.09.2026 - 04.10.2026","8 dni/7 nocy","","","","","Warszawa","2026-09-14T05:26:42.787163+00:00","https://fly.pl/szukaj-wycieczek/?filter[dest]=11:&filter[hotelids]=&filter[cityids]=0&filter[cregids]=&filter[ofrType]=&filter[addObjType]=&filter[whenFrom]=14-09-2026&filter[whenTo]=14-10-2026&filter[duration]=7:10&filter[from]=Warszawa%20-%20Modlin,Warszawa%20-%20Radom,Warszawa&filter[person]=2&filter[child]=1&filter[price]=4000:20000&filter[PriceFrom]=4000&filter[PriceTo]=20000&filter[addCategory]=50&filter[addCatering]=1&filter[addMisc]=0&filter[addTransport]=F&filter[fp]=1&order_by=ofr_price&filter[tourOperator]=0&filter[childAge][1]=20201210","https://fly.pl/cdn/photo/assets/uploads/582/278/2023/12/Swissotel-Sharm-El-Sheikh.jpg","https://fly.pl/wycieczka/egipt,sharm-el-sheikh,szarm-el-szejk/swissotel-sharm-el-sheikh-14/pxjma8z9Hvohwf-R16A-G0AAog0aL62Tw1t3H3hcql0Rg_U9vhBFpwv_tYWcE8EXXr1-EqBEpPSVAwnoue1QZIiltQQViyAmACckQUARUGFwBcA1gFVgJAygZd4gFPAFuApAFe3lZTpiBSAEvHI2EAEZuYAUzK9Dgg0vyXCQ0AAY_K6JCTx8ygMAINYwEAC2klMsA/ofertasv/?filter[tourOperator]=JOIP&filter%5Bperson%5D=2&filter%5BchildAge%5D%5B1%5D=20201210&filter%5Bchild%5D=1","filter_7_10_days","egipt","sharm-el-sheikh","szarm-el-szejk","2026-09-27","2026-10-04","8","7","Warszawa","2+1","egipt|sharm-el-sheikh|2026-09-27|2026-10-04|7|Warszawa|2+1"
"Jaz Elite Asteria (Hurghada)","11718.0","17.09.2026 - 24.09.2026","8 dni/7 nocy","4.9","4.9","775","tripadvisor","Warszawa - Radom","2026-09-14T05:26:42.787163+00:00","https://fly.pl/szukaj-wycieczek/?filter[dest]=11:&filter[hotelids]=&filter[cityids]=0&filter[cregids]=&filter[ofrType]=&filter[addObjType]=&filter[whenFrom]=14-09-2026&filter[whenTo]=14-10-2026&filter[duration]=7:10&filter[from]=Warszawa%20-%20Modlin,Warszawa%20-%20Radom,Warszawa&filter[person]=2&filter[child]=1&filter[price]=4000:20000&filter[PriceFrom]=4000&filter[PriceTo]=20000&filter[addCategory]=50&filter[addCatering]=1&filter[addMisc]=0&filter[addTransport]=F&filter[fp]=1&order_by=ofr_price&filter[tourOperator]=0&filter[childAge][1]=20201210","https://fly.pl/cdn/photo/assets/uploads/582/278/2024/07/jaz-asteria-beach.jpg","https://fly.pl/wycieczka/egipt,hurghada,sahl-hasheesh/jaz-asteria-beach-11/pam1nZBavhav6DYFri36TJAAogdQWwHoFOjT_nE4kFPCh4nv8MJssITV_eZU8aw6SOnRoqBE9SRVgwnoue1QZIxltQQVhCYAJqB1A0Ti4yLjFyNpsBFQcXAFwDWAVWAkDKBl3TDk9sEdETU4GKAVIAXq9PS4ESYQBM0b46IMj8lwkNAAISYwECDNIFu8Y/ofertasv/?filter[tourOperator]=OREX&filter%5Bperson%5D=2&filter%5BchildAge%5D%5B1%5D=20201210&filter%5Bchild%5D=1","filter_7_10_days","egipt","hurghada","sahl-hasheesh","2026-09-17","2026-09-24","8","7","Warszawa - Radom","2+1","egipt|hurghada|2026-09-17|2026-09-24|7|Warszawa - Radom|2+1"
"Laguna Vista Garden","11733.0","27.09.2026 - 04.10.2026","8 dni/7 nocy","4.3","4.3","6019","tripadvisor","Warszawa","2026-09-14T05:26:42.787163+00:00","https://fly.pl/szukaj-wycieczek/?filter[dest]=11:&filter[hotelids]=&filter[cityids]=0&filter[cregids]=&filter[ofrType]=&filter[addObjType]=&filter[whenFrom]=14-09-2026&filter[whenTo]=14-10-2026&filter[duration]=7:10&filter[from]=Warszawa%20-%20Modlin,Warszawa%20-%20Radom,Warszawa&filter[person]=2&filter[child]=1&filter[price]=4000:20000&filter[PriceFrom]=4000&filter[PriceTo]=20000&filter[addCategory]=50&filter[addCatering]=1&filter[addMisc]=0&filter[addTransport]=F&filter[fp]=1&order_by=ofr_price&filter[tourOperator]=0&filter[childAge][1]=20201210","https://fly.pl/cdn/photo/assets/uploads/582/278/2014/07/Laguna-Vista-Garden.jpg","https://fly.pl/wycieczka/egipt,sharm-el-sheikh,c/laguna-vista-garden/pzD-dvc97FXE7LnqVm8zHaAAogpigNr-OMX6g4syzE-BbCTdvhBFpwv_tYWcE8EXXr1-EqBEpPSVAwnoue1QZI1VtQQViyAmACagNDR21yQpsBFAEVBhcAXANYBVYCQMoGT-IBXQARgcwBXt0uUqYgUwBLxyNhAEzljDoN0vyXCSAAAZfgjPnSiMygMAINYwEADP25nhI/ofertasv/?filter[tourOperator]=JOIP&filter%5Bperson%5D=2&filter%5BchildAge%5D%5B1%5D=20201210&filter%5Bchild%5D=1","filter_7_10_days","egipt","sharm-el-sheikh","c","2026-09-27","2026-10-04","8","7","Warszawa","2+1","egipt|sharm-el-sheikh|2026-09-27|2026-10-04|7|Warszawa|2+1"
"Double Tree by Hilton Mangroovy El Gouna Resort","11747.0","06.10.2026 - 13.10.2026","8 dni/7 nocy","","","","","Warszawa","2026-09-14T05:26:42.787163+00:00","https://fly.pl/szukaj-wycieczek/?filter[dest]=11:&filter[hotelids]=&filter[cityids]=0&filter[cregids]=&filter[ofrType]=&filter[addObjType]=&filter[whenFrom]=14-09-2026&filter[whenTo]=14-10-2026&filter[duration]=7:10&filter[from]=Warszawa%20-%20Modlin,Warszawa%20-%20Radom,Warszawa&filter[person]=2&filter[child]=1&filter[price]=4000:20000&filter[PriceFrom]=4000&filter[PriceTo]=20000&filter[addCategory]=50&filter[addCatering]=1&filter[addMisc]=0&filter[addTransport]=F&filter[fp]=1&order_by=ofr_price&filter[tourOperator]=0&filter[childAge][1]=20201210","https://datacfstatic.merlinx.pl/JOIP/IMG/66085/8b7e279fbe82068a2782695d857cd6c635ab8f181ddb03e7a110dbb88adb670c.webp","https://fly.pl/wycieczka/egipt,hurghada,al-dzuna/double-tree-by-hilton-mangroovy-el-gouna-13/prjn1b7dQv0TQVJR-5QEzvAAogYeuuu3fpWydmRCfCYIUJH91Ra35vaD1OLsrZzzRttekqBEpPSVAwnoue1QZI41tQQViKBGACagNFTXFyQ5sBFAEVBhcAXANYBVYCQMoGT-IBXQBSr6sBUwBer09L7UNhABGdvQFMyM84DaH9lwkgAAGz4_jgpIbMoDACDWMBAAWNW89I/ofertasv/?filter[tourOperator]=JOIP&filter%5Bperson%5D=2&filter%5BchildAge%5D%5B1%5D=20201210&filter%5Bchild%5D=1","filter_7_10_days","egipt","hurghada","al-dzuna","2026-10-06","2026-10-13","8","7","Warszawa","2+1","egipt|hurghada|2026-10-06|2026-10-13|7|Warszawa|2+1"
"Sunrise Anjum Resort","11849.0","27.09.2026 - 04.10.2026","8 dni/7 nocy","4.9","4.9","1612","tripadvisor","Warszawa","2026-09-14T05:26:42.787163+00:00","https://fly.pl/szukaj-wycieczek/?filter[dest]=11:&filter[hotelids]=&filter[cityids]=0&filter[cregids]=&filter[ofrType]=&filter[addObjType]=&filter[whenFrom]=14-09-2026&filter[whenTo]=14-10-2026&filter[duration]=7:10&filter[from]=Warszawa%20-%20Modlin,Warszawa%20-%20Radom,Warszawa&filter[person]=2&filter[child]=1&filter[price]=4000:20000&filter[PriceFrom]=4000&filter[PriceTo]=20000&filter[addCategory]=50&filter[addCatering]=1&filter[addMisc]=0&filter[addTransport]=F&filter[fp]=1&order_by=ofr_price&filter[tourOperator]=0&filter[childAge][1]=20201210","https://fly.pl/cdn/photo/assets/uploads/582/278/2024/02/Sunrise-Anjum-Resort.jpg","https://fly.pl/wycieczka/egipt,marsa-alam,c/sunrise-anjum-resort-12/p2G__zkqaOHMeufP4aX9UkAAogK4wQILyUznMZbdWp_mXoWgAAAAAYgwQANIMEAAcADAAqBFdFWlkwnoue1QZIyVxQQViyAmADaglFbnRlciBBaXJqBDAwNTByRJ4BlAEfAAIBHAAWBBcCEu0DFdoFGJUDE80BQPFyT7aWAUwAS7EvUAAR3IIBHbS8DiAcG42KJA3-v54JARJjAQxjAQQLK-QkGQ/ofertasv/?filter[tourOperator]=WEZY&filter%5Bperson%5D=2&filter%5BchildAge%5D%5B1%5D=20201210&filter%5Bchild%5D=1","filter_7_10_days","egipt","marsa-alam","c","2026-09-27","2026-10-04","8","7","Warszawa","2+1","egipt|marsa-alam|2026-09-27|2026-10-04|7|Warszawa|2+1"
"Pickalbatros White Beach Resort","11849.0","27.09.2026 - 04.10.2026","8 dni/7 nocy","4.8","4.8","3780","tripadvisor","Warszawa","2026-09-14T05:26:42.787163+00:00","https://fly.pl/szukaj-wycieczek/?filter[dest]=11:&filter[hotelids]=&filter[cityids]=0&filter[cregids]=&filter[ofrType]=&filter[addObjType]=&filter[whenFrom]=14-09-2026&filter[whenTo]=14-10-2026&filter[duration]=7:10&filter[from]=Warszawa%20-%20Modlin,Warszawa%20-%20Radom,Warszawa&filter[person]=2&filter[child]=1&filter[price]=4000:20000&filter[PriceFrom]=4000&filter[PriceTo]=20000&filter[addCategory]=50&filter[addCatering]=1&filter[addMisc]=0&filter[addTransport]=F&filter[fp]=1&order_by=ofr_price&filter[tourOperator]=0&filter[childAge][1]=20201210","https://fly.pl/cdn/photo/assets/uploads/582/278/2015/09/Albatros-White-Beach-fly-pl.jpg","https://fly.pl/wycieczka/egipt,hurghada,c/albatros-white-beach/pR2v4zX1y3hZT34lWg-hsIAAogeJ9p-twAV5CF_o1rDYfHBGI8hGXnRrVy0xMiRQCmEI4qBE9SRVgwnoue1QZIyVxQQViyAmACagVYLjIuMXI1mwEVBxcAXANYBVYCEQFAyQZdmw9PJFPSnQFSAF6vT0vtQ2EATOWMOiDS_JcJDQACEmMBAgx8dMav/ofertasv/?filter[tourOperator]=OREX&filter%5Bperson%5D=2&filter%5BchildAge%5D%5B1%5D=20201210&filter%5Bchild%5D=1","filter_7_10_days","egipt","hurghada","c","2026-09-27","2026-10-04","8","7","Warszawa","2+1","egipt|hurghada|2026-09-27|2026-10-04|7|Warszawa|2+1"
"Nubian Island","11877.0","03.10.2026 - 10.10.2026","8 dni/7 nocy","4.7","4.7","3724","tripadvisor","Warszawa","2026-09-14T05:26:42.787163+00:00","https://fly.pl/szukaj-wycieczek/?filter[dest]=11:&filter[hotelids]=&filter[cityids]=0&filter[cregids]=&filter[ofrType]=&filter[addObjType]=&filter[whenFrom]=14-09-2026&filter[whenTo]=14-10-2026&filter[duration]=7:10&filter[from]=Warszawa%20-%20Modlin,Warszawa%20-%20Radom,Warszawa&filter[person]=2&filter[child]=1&filter[price]=4000:20000&filter[PriceFrom]=4000&filter[PriceTo]=20000&filter[addCategory]=50&filter[addCatering]=1&filter[addMisc]=0&filter[addTransport]=F&filter[fp]=1&order_by=ofr_price&filter[tourOperator]=0&filter[childAge][1]=20201210","https://fly.pl/cdn/photo/assets/uploads/582/278/2014/07/Nubian-Island.jpg","https://fly.pl/wycieczka/egipt,sharm-el-sheikh,c/nubian-island/p19X3jGkWiXJPgNXpRG9EmAAogEh0oa32mZMMpMsgKgYuyggAAAACYhAQAtYQEAAcAEgAqBFdFWlkwnoue1QZI5VxQQVjCA2ADaglFbnRlciBBaXJqBDA4MDByQp4BlQEfABwBAgAWBBcCEXcS9gIYhQUTzQEUyQRAknJMoKIBTwBLxyNQABuruwQd5YYLIB0N1sfCCQESYwEOYwECBReD7zY/ofertasv/?filter[tourOperator]=WEZY&filter%5Bperson%5D=2&filter%5BchildAge%5D%5B1%5D=20201210&filter%5Bchild%5D=1","filter_7_10_days","egipt","sharm-el-sheikh","c","2026-10-03","2026-10-10","8","7","Warszawa","2+1","egipt|sharm-el-sheikh|2026-10-03|2026-10-10|7|Warszawa|2+1"
"Nubian Village","11877.0","03.10.2026 - 10.10.2026","8 dni/7 nocy","4.5","4.5","4649","tripadvisor","Warszawa","2026-09-14T05:26:42.787163+00:00","https://fly.pl/szukaj-wycieczek/?filter[dest]=11:&filter[hotelids]=&filter[cityids]=0&filter[cregids]=&filter[ofrType]=&filter[addObjType]=&filter[whenFrom]=14-09-2026&filter[whenTo]=14-10-2026&filter[duration]=7:10&filter[from]=Warszawa%20-%20Modlin,Warszawa%20-%20Radom,Warszawa&filter[person]=2&filter[child]=1&filter[price]=4000:20000&filter[PriceFrom]=4000&filter[PriceTo]=20000&filter[addCategory]=50&filter[addCatering]=1&filter[addMisc]=0&filter[addTransport]=F&filter[fp]=1&order_by=ofr_price&filter[tourOperator]=0&filter[childAge][1]=20201210","https://fly.pl/cdn/photo/assets/uploads/582/278/2014/07/Nubian-Village-fly-pl.jpg","https://fly.pl/wycieczka/egipt,sharm-el-sheikh,c/nubian-village/pKU0OPO14llykm6ZWAd3ciAAogxIkI1i-xMb6UX5YK9Gr-AgAAAACYhAQAtYQEAAcAEgAqBFdFWlkwnoue1QZI5VxQQVjCA2ADaglFbnRlciBBaXJqBDA4MDByQp4BlQEfABwBAgAWBBcCEXgS9QIYhQUTzQEUyQRAknJMoKIBTwBLxyNQABuruwQd5YYLIB0N1sfCCQESYwEOYwECBafxHCI/ofertasv/?filter[tourOperator]=WEZY&filter%5Bperson%5D=2&filter%5BchildAge%5D%5B1%5D=20201210&filter%5Bchild%5D=1","filter_7_10_days","egipt","sharm-el-sheikh","c","2026-10-03","2026-10-10","8","7","Warszawa","2+1","egipt|sharm-el-sheikh|2026-10-03|2026-10-10|7|Warszawa|2+1"
"Novotel Sharm Palm","11961.0","27.09.2026 - 04.10.2026","8 dni/7 nocy","4.6","4.6","5898","tripadvisor","Warszawa","2026-09-14T05:26:42.787163+00:00","https://fly.pl/szukaj-wycieczek/?filter[dest]=11:&filter[hotelids]=&filter[cityids]=0&filter[cregids]=&filter[ofrType]=&filter[addObjType]=&filter[whenFrom]=14-09-2026&filter[whenTo]=14-10-2026&filter[duration]=7:10&filter[from]=Warszawa%20-%20Modlin,Warszawa%20-%20Radom,Warszawa&filter[person]=2&filter[child]=1&filter[price]=4000:20000&filter[PriceFrom]=4000&filter[PriceTo]=20000&filter[addCategory]=50&filter[addCatering]=1&filter[addMisc]=0&filter[addTransport]=F&filter[fp]=1&order_by=ofr_price&filter[tourOperator]=0&filter[childAge][1]=20201210","https://fly.pl/cdn/photo/assets/uploads/582/278/2014/07/Novotel-Sharm-Palm.jpg","https://fly.pl/wycieczka/egipt,sharm-el-sheikh,c/novotel-sharm-palm/pw1idB3xfKzuiQqoSLrrfSAAogMKKydjTsaNyiDf2zJ3Sv8dvhBFpwv_tYWcE8EXXr1-EqBEpPSVAwnoue1QZIuV1QQViyAmACagMwME1yQpsBFAEVBhcAXANYBVYCQMoGT-IBXQARuMYBXqY0UqYgUwBLxyNhAEzljDoN0vyXCSAAAZuy0PjSiMygMAINYwEADFQA-OQ/ofertasv/?filter[tourOperator]=JOIP&filter%5Bperson%5D=2&filter%5BchildAge%5D%5B1%5D=20201210&filter%5Bchild%5D=1","filter_7_10_days","egipt","sharm-el-sheikh","c","2026-09-27","2026-10-04","8","7","Warszawa","2+1","egipt|sharm-el-sheikh|2026-09-27|2026-10-04|7|Warszawa|2+1"
"Sunrise Aqua Joy","11977.0","24.09.2026 - 01.10.2026","8 dni/7 nocy","4.7","4.7","3855","tripadvisor","Warszawa","2026-09-14T05:26:42.787163+00:00","https://fly.pl/szukaj-wycieczek/?filter[dest]=11:&filter[hotelids]=&filter[cityids]=0&filter[cregids]=&filter[ofrType]=&filter[addObjType]=&filter[whenFrom]=14-09-2026&filter[whenTo]=14-10-2026&filter[duration]=7:10&filter[from]=Warszawa%20-%20Modlin,Warszawa%20-%20Radom,Warszawa&filter[person]=2&filter[child]=1&filter[price]=4000:20000&filter[PriceFrom]=4000&filter[PriceTo]=20000&filter[addCategory]=50&filter[addCatering]=1&filter[addMisc]=0&filter[addTransport]=F&filter[fp]=1&order_by=ofr_price&filter[tourOperator]=0&filter[childAge][1]=20201210","https://fly.pl/cdn/photo/assets/uploads/582/278/2019/11/Aqua-Joy-Resort-By-Sunrise-Group-fly-pl.jpg","https://fly.pl/wycieczka/egipt,hurghada,c/aqua-joy-resort-by-sunrise-group-9/pcSyKF4PhZtiOSrrgudu4nAAogLmbQMGhdVbOuSkoMrLk1p281lTSXqH6Isk6l7nfwV_cqBEJWUFIwnoue1QZIyV1QAVjqAWACag1BbGwgaW5jbHVzaXZlciAcEbVQG-_lBBjv8wy5BPbfE6sETwGAqeHEAQIAYwECCxeHrS4/ofertasv/?filter[tourOperator]=BVPR&filter%5Bperson%5D=2&filter%5BchildAge%5D%5B1%5D=20201210&filter%5Bchild%5D=1","filter_7_10_days","egipt","hurghada","c","2026-09-24","2026-10-01","8","7","Warszawa","2+1","egipt|hurghada|2026-09-24|2026-10-01|7|Warszawa|2+1"
"Pickalbatros Laguna Vista Beach","12057.0","22.09.2026 - 30.09.2026","9 dni/7 nocy","4.0","4.0","3068","tripadvisor","Warszawa","2026-09-14T05:26:42.787163+00:00","https://fly.pl/szukaj-wycieczek/?filter[dest]=11:&filter[hotelids]=&filter[cityids]=0&filter[cregids]=&filter[ofrType]=&filter[addObjType]=&filter[whenFrom]=14-09-2026&filter[whenTo]=14-10-2026&filter[duration]=7:10&filter[from]=Warszawa%20-%20Modlin,Warszawa%20-%20Radom,Warszawa&filter[person]=2&filter[child]=1&filter[price]=4000:20000&filter[PriceFrom]=4000&filter[PriceTo]=20000&filter[addCategory]=50&filter[addCatering]=1&filter[addMisc]=0&filter[addTransport]=F&filter[fp]=1&order_by=ofr_price&filter[tourOperator]=0&filter[childAge][1]=20201210","https://fly.pl/cdn/photo/assets/uploads/582/278/2014/07/laguna.jpg","https://fly.pl/wycieczka/egipt,sharm-el-sheikh,c/laguna-vista-beach/ptJFNd0MYmENdxV5jiW8zsAAogwKYsb021aW47winRb7kHwyT8iEZvNC5fP2LQDZq7cIkqBFZJVFgwnoue1QZImV5QQVi6AWACckAaABUHFwBcA1gFQI8DW7-DAV6-fFKmIFMAS8cjYQBMjbU5DaXUmAkgAVGDwvWy6QFP460fXYTO6rwcAg1jAQIMOmbolg/ofertasv/?filter[tourOperator]=VITX&filter%5Bperson%5D=2&filter%5BchildAge%5D%5B1%5D=20201210&filter%5Bchild%5D=1","filter_7_10_days","egipt","sharm-el-sheikh","c","2026-09-22","2026-09-30","9","7","Warszawa","2+1","egipt|sharm-el-sheikh|2026-09-22|2026-09-30|7|Warszawa|2+1"
"Xanadu Makadi Bay","12191.0","17.09.2026 - 24.09.2026","8 dni/7 nocy","4.8","4.8","2162","tripadvisor","Warszawa - Radom","2026-09-14T05:26:42.787163+00:00","https://fly.pl/szukaj-wycieczek/?filter[dest]=11:&filter[hotelids]=&filter[cityids]=0&filter[cregids]=&filter[ofrType]=&filter[addObjType]=&filter[whenFrom]=14-09-2026&filter[whenTo]=14-10-2026&filter[duration]=7:10&filter[from]=Warszawa%20-%20Modlin,Warszawa%20-%20Radom,Warszawa&filter[person]=2&filter[child]=1&filter[price]=4000:20000&filter[PriceFrom]=4000&filter[PriceTo]=20000&filter[addCategory]=50&filter[addCatering]=1&filter[addMisc]=0&filter[addTransport]=F&filter[fp]=1&order_by=ofr_price&filter[tourOperator]=0&filter[childAge][1]=20201210","https://fly.pl/cdn/photo/assets/uploads/582/278/2024/07/xanadu-makadi-bay.jpg","https://fly.pl/wycieczka/egipt,hurghada,makadi-bay/xanadu-makadi-bay-12/pp5TG2ck3atvV9o_mEngJSAAogXG0byQeN_3R-W_smUGIMhf8MJssITV_eZU8aw6SOnRoqBE9SRVgwnoue1QZIn19QQVhCYAJqB0NGSS4yLjFyNZsBFQcXAFwDWAVWAhGQBkA6XdMOT2xT0p0BUgBer09LgRJhAEzRvjogyPyXCQ0AAhJjAQILkjpqRQ/ofertasv/?filter[tourOperator]=OREX&filter%5Bperson%5D=2&filter%5BchildAge%5D%5B1%5D=20201210&filter%5Bchild%5D=1","filter_7_10_days","egipt","hurghada","makadi-bay","2026-09-17","2026-09-24","8","7","Warszawa - Radom","2+1","egipt|hurghada|2026-09-17|2026-09-24|7|Warszawa - Radom|2+1"
"Desert Rose Resort","12293.0","27.09.2026 - 04.10.2026","8 dni/7 nocy","4.6","4.6","8792","tripadvisor","Warszawa","2026-09-14T05:26:42.787163+00:00","https://fly.pl/szukaj-wycieczek/?filter[dest]=11:&filter[hotelids]=&filter[cityids]=0&filter[cregids]=&filter[ofrType]=&filter[addObjType]=&filter[whenFrom]=14-09-2026&filter[whenTo]=14-10-2026&filter[duration]=7:10&filter[from]=Warszawa%20-%20Modlin,Warszawa%20-%20Radom,Warszawa&filter[person]=2&filter[child]=1&filter[price]=4000:20000&filter[PriceFrom]=4000&filter[PriceTo]=20000&filter[addCategory]=50&filter[addCatering]=1&filter[addMisc]=0&filter[addTransport]=F&filter[fp]=1&order_by=ofr_price&filter[tourOperator]=0&filter[childAge][1]=20201210","https://fly.pl/cdn/photo/assets/uploads/582/278/2014/12/Desert-Rose-Resort-fly-pl.jpg","https://fly.pl/wycieczka/egipt,hurghada,c/desert-rose/pnrEHAqxj96q4KNubQlXDLAAogF8yYR-eErfUaIJ2fWaR_-AAAAADiggQA_oIEAAcAAQAqBFdFWlkwnoue1QZIhWBQQViyAmADaglFbnRlciBBaXJqBDAwMTVyQp4BlAEfABwBAgAWBBcCEbgBErUCFdoFGJUDE7kBQIVzTMsyTwBLnJMBUAAb27wPHf8BIBwNwcrCCQESYwEOYwECBZeApIs/ofertasv/?filter[tourOperator]=WEZY&filter%5Bperson%5D=2&filter%5BchildAge%5D%5B1%5D=20201210&filter%5Bchild%5D=1","filter_7_10_days","egipt","hurghada","c","2026-09-27","2026-10-04","8","7","Warszawa","2+1","egipt|hurghada|2026-09-27|2026-10-04|7|Warszawa|2+1"
"Maritim Jolie Ville Resort and Casino","12304.0","03.10.2026 - 10.10.2026","8 dni/7 nocy","4.6","4.6","3183","tripadvisor","Warszawa","2026-09-14T05:26:42.787163+00:00","https://fly.pl/szukaj-wycieczek/?filter[dest]=11:&filter[hotelids]=&filter[cityids]=0&filter[cregids]=&filter[ofrType]=&filter[addObjType]=&filter[whenFrom]=14-09-2026&filter[whenTo]=14-10-2026&filter[duration]=7:10&filter[from]=Warszawa%20-%20Modlin,Warszawa%20-%20Radom,Warszawa&filter[person]=2&filter[child]=1&filter[price]=4000:20000&filter[PriceFrom]=4000&filter[PriceTo]=20000&filter[addCategory]=50&filter[addCatering]=1&filter[addMisc]=0&filter[addTransport]=F&filter[fp]=1&order_by=ofr_price&filter[tourOperator]=0&filter[childAge][1]=20201210","https://fly.pl/cdn/photo/assets/uploads/582/278/2014/10/Maritim-Jolie-Ville-Resort-Casino1.jpg","https://fly.pl/wycieczka/egipt,sharm-el-sheikh,c/maritim-jolie-ville-resort-and-casino/p7Tosf_-MNIKSmflb8AedcAAogvHTwF-FIkUiirBB3nRVnFwAAAACYhAQAtYQEAAcAEgAqBFdFWlkwnoue1QZIkGBQQVjCA2ADaglFbnRlciBBaXJqBDA4MDByQp4BlQEfABwBAgAWBBcCEXAS_QIYhQUTzQEUyQRAknJMoKIBTwBLxyNQAB2Qwg8gHRvfun0N94zFCAESYwEMYwECBXbb1nA/ofertasv/?filter[tourOperator]=WEZY&filter%5Bperson%5D=2&filter%5BchildAge%5D%5B1%5D=20201210&filter%5Bchild%5D=1","filter_7_10_days","egipt","sharm-el-sheikh","c","2026-10-03","2026-10-10","8","7","Warszawa","2+1","egipt|sharm-el-sheikh|2026-10-03|2026-10-10|7|Warszawa|2+1"
"Sheraton Soma Bay","12311.0","22.09.2026 - 29.09.2026","8 dni/7 nocy","4.6","4.6","3170","tripadvisor","Warszawa","2026-09-14T05:26:42.787163+00:00","https://fly.pl/szukaj-wycieczek/?filter[dest]=11:&filter[hotelids]=&filter[cityids]=0&filter[cregids]=&filter[ofrType]=&filter[addObjType]=&filter[whenFrom]=14-09-2026&filter[whenTo]=14-10-2026&filter[duration]=7:10&filter[from]=Warszawa%20-%20Modlin,Warszawa%20-%20Radom,Warszawa&filter[person]=2&filter[child]=1&filter[price]=4000:20000&filter[PriceFrom]=4000&filter[PriceTo]=20000&filter[addCategory]=50&filter[addCatering]=1&filter[addMisc]=0&filter[addTransport]=F&filter[fp]=1&order_by=ofr_price&filter[tourOperator]=0&filter[childAge][1]=20201210","https://fly.pl/cdn/photo/assets/uploads/582/278/2014/07/Sheraton-Soma-Bay.jpg","https://fly.pl/wycieczka/egipt,hurghada,soma-bay/sheraton-soma-bay/pleEXtJLXBhfq9jAOCe2lCAAog2Fnc38G-WFyN3iImqnrrMAKHsDg_1j3PwsBFGt0DAN0qBEpPSVAwnoue1QZIl2BQQVi6AWACckMUARUGFwBcA1gFVgJAygZd4gFPAFOvqwFSABHPGlvBEF6fJEvtQ2EATOWMOg3N_JcJIAABlcDY8MSGzKAwAg1jAQAMUXgVhw/ofertasv/?filter[tourOperator]=JOIP&filter%5Bperson%5D=2&filter%5BchildAge%5D%5B1%5D=20201210&filter%5Bchild%5D=1","filter_7_10_days","egipt","hurghada","soma-bay","2026-09-22","2026-09-29","8","7","Warszawa","2+1","egipt|hurghada|2026-09-22|2026-09-29|7|Warszawa|2+1"
"Tropitel Sahl Hasheesh","12437.0","24.09.2026 - 01.10.2026","8 dni/7 nocy","4.7","4.7","10246","tripadvisor","Warszawa","2026-09-14T05:26:42.787163+00:00","https://fly.pl/szukaj-wycieczek/?filter[dest]=11:&filter[hotelids]=&filter[cityids]=0&filter[cregids]=&filter[ofrType]=&filter[addObjType]=&filter[whenFrom]=14-09-2026&filter[whenTo]=14-10-2026&filter[duration]=7:10&filter[from]=Warszawa%20-%20Modlin,Warszawa%20-%20Radom,Warszawa&filter[person]=2&filter[child]=1&filter[price]=4000:20000&filter[PriceFrom]=4000&filter[PriceTo]=20000&filter[addCategory]=50&filter[addCatering]=1&filter[addMisc]=0&filter[addTransport]=F&filter[fp]=1&order_by=ofr_price&filter[tourOperator]=0&filter[childAge][1]=20201210","https://fly.pl/cdn/photo/assets/uploads/582/278/2014/10/Tropitel-Sahl-Hasheesh.jpg","https://fly.pl/wycieczka/egipt,hurghada,c/tropitel-sahl-hasheesh/pshCCO4HhVVc4iTD67mlUYAAogFkCFCnCDXVjd4xZEdPOZrm5qONrWSNoC2ZmC9zuoc_8qBE9BU0kwnoue1QZIlWFQAVjqAWACagNVQUlyIRwR9o8BuQT1uw-rBBsb5sQHGKfeDgG-rIX_AQIAYwECBcOpXM4/ofertasv/?filter[tourOperator]=OASI&filter%5Bperson%5D=2&filter%5BchildAge%5D%5B1%5D=20201210&filter%5Bchild%5D=1","filter_7_10_days","egipt","hurghada","c","2026-09-24","2026-10-01","8","7","Warszawa","2+1","egipt|hurghada|2026-09-24|2026-10-01|7|Warszawa|2+1"
"Jaz Royal Palmariva","12437.0","24.09.2026 - 01.10.2026","8 dni/7 nocy","4.5","4.5","5154","tripadvisor","Warszawa","2026-09-14T05:26:42.787163+00:00","https://fly.pl/szukaj-wycieczek/?filter[dest]=11:&filter[hotelids]=&filter[cityids]=0&filter[cregids]=&filter[ofrType]=&filter[addObjType]=&filter[whenFrom]=14-09-2026&filter[whenTo]=14-10-2026&filter[duration]=7:10&filter[from]=Warszawa%20-%20Modlin,Warszawa%20-%20Radom,Warszawa&filter[person]=2&filter[child]=1&filter[price]=4000:20000&filter[PriceFrom]=4000&filter[PriceTo]=20000&filter[addCategory]=50&filter[addCatering]=1&filter[addMisc]=0&filter[addTransport]=F&filter[fp]=1&order_by=ofr_price&filter[tourOperator]=0&filter[childAge][1]=20201210","https://fly.pl/cdn/photo/assets/uploads/582/278/2014/07/Labranda-Royal-Makadi.jpg","https://fly.pl/wycieczka/egipt,hurghada,makadi-bay/royal-azur-resort/pRwr0AjNjRIXo_8jFcD8KSAAogjszfnLh6kqGzwYb90VZjrm81lTSXqH6Isk6l7nfwV_cqBEJWUFIwnoue1QZIlWFQAVjqAWACag1BbGwgaW5jbHVzaXZlciAcEdwwG42eBBiHvwy5BJn8FKsETwHHw92vAQIAYwECC_AV_Kg/ofertasv/?filter[tourOperator]=BVPR&filter%5Bperson%5D=2&filter%5BchildAge%5D%5B1%5D=20201210&filter%5Bchild%5D=1","filter_7_10_days","egipt","hurghada","makadi-bay","2026-09-24","2026-10-01","8","7","Warszawa","2+1","egipt|hurghada|2026-09-24|2026-10-01|7|Warszawa|2+1"
"Red Sea Grand Makadi (Makadi Bay)","12534.0","27.09.2026 - 04.10.2026","8 dni/7 nocy","4.4","4.4","3309","tripadvisor","Warszawa","2026-09-14T05:26:42.787163+00:00","https://fly.pl/szukaj-wycieczek/?filter[dest]=11:&filter[hotelids]=&filter[cityids]=0&filter[cregids]=&filter[ofrType]=&filter[addObjType]=&filter[whenFrom]=14-09-2026&filter[whenTo]=14-10-2026&filter[duration]=7:10&filter[from]=Warszawa%20-%20Modlin,Warszawa%20-%20Radom,Warszawa&filter[person]=2&filter[child]=1&filter[price]=4000:20000&filter[PriceFrom]=4000&filter[PriceTo]=20000&filter[addCategory]=50&filter[addCatering]=1&filter[addMisc]=0&filter[addTransport]=F&filter[fp]=1&order_by=ofr_price&filter[tourOperator]=0&filter[childAge][1]=20201210","https://fly.pl/cdn/photo/assets/uploads/582/278/2017/08/Grand-Makadi-Makadi-Bay-fly-pl-2.jpg","https://fly.pl/wycieczka/egipt,hurghada,makadi-bay/grand-makadi-makadi-bay/pEE-locquGu2tyWzy9I2cMAAog9DdjUtFDi8-INRXfoGSkot8EsOjhCPAVhf0zyj4kYJMqA0VUSTCei57VBkj2YVBBWLICYAJyMRUHFwBcA1gFVgJA-wdbkIEBU9AqUgBer09L7UNhACC3idIJDQBRo9-99gMCEmMBAgqoM7iA/ofertasv/?filter[tourOperator]=ETI&filter%5Bperson%5D=2&filter%5BchildAge%5D%5B1%5D=20201210&filter%5Bchild%5D=1","filter_7_10_days","egipt","hurghada","makadi-bay","2026-09-27","2026-10-04","8","7","Warszawa","2+1","egipt|hurghada|2026-09-27|2026-10-04|7|Warszawa|2+1"
"Sunrise Montemare Resort","12755.0","04.10.2026 - 11.10.2026","8 dni/7 nocy","4.7","4.7","5193","tripadvisor","Warszawa","2026-09-14T05:26:42.787163+00:00","https://fly.pl/szukaj-wycieczek/?filter[dest]=11:&filter[hotelids]=&filter[cityids]=0&filter[cregids]=&filter[ofrType]=&filter[addObjType]=&filter[whenFrom]=14-09-2026&filter[whenTo]=14-10-2026&filter[duration]=7:10&filter[from]=Warszawa%20-%20Modlin,Warszawa%20-%20Radom,Warszawa&filter[person]=2&filter[child]=1&filter[price]=4000:20000&filter[PriceFrom]=4000&filter[PriceTo]=20000&filter[addCategory]=50&filter[addCatering]=1&filter[addMisc]=0&filter[addTransport]=F&filter[fp]=1&order_by=ofr_price&filter[tourOperator]=0&filter[childAge][1]=20201210","https://fly.pl/cdn/photo/assets/uploads/582/278/2024/07/sunrise-montemare-resort-grand-select.jpg","https://fly.pl/wycieczka/egipt,sharm-el-sheikh,c/sunrise-select-montemare/p3LfmmEAAhKNM5ZFjRGtdvAAogGQ24peB793ggFbqJwqrz2u6LQqlaFmzyIpGKGzBohJAqBEpPSVAwnoue1QZI02NQQVjaA2ACagMzbTlyQ5sBFAEVBhcAXANYBVYCQMoGT-IBXQBe3voBUqYgUwBLxyNhABGtwQFMuMs4DZ_9lwkgAAGrvYSIxIjMoDACDWMBBAtCvRf7/ofertasv/?filter[tourOperator]=JOIP&filter%5Bperson%5D=2&filter%5BchildAge%5D%5B1%5D=20201210&filter%5Bchild%5D=1","filter_7_10_days","egipt","sharm-el-sheikh","c","2026-10-04","2026-10-11","8","7","Warszawa","2+1","egipt|sharm-el-sheikh|2026-10-04|2026-10-11|7|Warszawa|2+1"
"Grand Rotana Resort & Spa","12787.0","03.10.2026 - 10.10.2026","8 dni/7 nocy","4.7","4.7","6797","tripadvisor","Warszawa","2026-09-14T05:26:42.787163+00:00","https://fly.pl/szukaj-wycieczek/?filter[dest]=11:&filter[hotelids]=&filter[cityids]=0&filter[cregids]=&filter[ofrType]=&filter[addObjType]=&filter[whenFrom]=14-09-2026&filter[whenTo]=14-10-2026&filter[duration]=7:10&filter[from]=Warszawa%20-%20Modlin,Warszawa%20-%20Radom,Warszawa&filter[person]=2&filter[child]=1&filter[price]=4000:20000&filter[PriceFrom]=4000&filter[PriceTo]=20000&filter[addCategory]=50&filter[addCatering]=1&filter[addMisc]=0&filter[addTransport]=F&filter[fp]=1&order_by=ofr_price&filter[tourOperator]=0&filter[childAge][1]=20201210","https://fly.pl/cdn/photo/assets/uploads/582/278/2014/07/Grand-Rotana-fly-pl.jpg","https://fly.pl/wycieczka/egipt,sharm-el-sheikh,c/grand-rotana/p3HJxQgLgxoG7aWGl5P38WAAog-MJmTBD8wa98aQYO24cpKwAAAACYhAQAtYQEAAcAEgAqBFdFWlkwnoue1QZI82NQQVjCA2ADaglFbnRlciBBaXJqBDA4MDByQp4BlQEfABwBAgAWBBcCEVkSlAMYhQUTzQEUyQRAknJMoKIBTwBLxyNQAB2Qwg8gHRvcgB8N-sajCQESYwEMYwECBg8ZADE/ofertasv/?filter[tourOperator]=WEZY&filter%5Bperson%5D=2&filter%5BchildAge%5D%5B1%5D=20201210&filter%5Bchild%5D=1","filter_7_10_days","egipt","sharm-el-sheikh","c","2026-10-03","2026-10-10","8","7","Warszawa","2+1","egipt|sharm-el-sheikh|2026-10-03|2026-10-10|7|Warszawa|2+1"
"Jaz Makadina","12803.0","17.09.2026 - 24.09.2026","8 dni/7 nocy","4.8","4.8","4075","tripadvisor","Warszawa - Radom","2026-09-14T05:26:42.787163+00:00","https://fly.pl/szukaj-wycieczek/?filter[dest]=11:&filter[hotelids]=&filter[cityids]=0&filter[cregids]=&filter[ofrType]=&filter[addObjType]=&filter[whenFrom]=14-09-2026&filter[whenTo]=14-10-2026&filter[duration]=7:10&filter[from]=Warszawa%20-%20Modlin,Warszawa%20-%20Radom,Warszawa&filter[person]=2&filter[child]=1&filter[price]=4000:20000&filter[PriceFrom]=4000&filter[PriceTo]=20000&filter[addCategory]=50&filter[addCatering]=1&filter[addMisc]=0&filter[addTransport]=F&filter[fp]=1&order_by=ofr_price&filter[tourOperator]=0&filter[childAge][1]=20201210","https://fly.pl/cdn/photo/assets/uploads/582/278/2015/04/Jaz-Makadina.jpg","https://fly.pl/wycieczka/egipt,hurghada,makadi-bay/jaz-makadina/pa3FvRywoxw_C1-FlT2aKXAAogOJ5MFqrGSgSg_Hmpmgb7SP8MJssITV_eZU8aw6SOnRoqBE9SRVgwnoue1QZIg2RQQVhCYAJqBkJILjIuMXI1mwEVBxcAXANYBVYCER1ArQZd0w5PbFPSnQFSAF6vT0uBEmEATNG-OiDI_JcJDQACEmMBAgzLqss2/ofertasv/?filter[tourOperator]=OREX&filter%5Bperson%5D=2&filter%5BchildAge%5D%5B1%5D=20201210&filter%5Bchild%5D=1","filter_7_10_days","egipt","hurghada","makadi-bay","2026-09-17","2026-09-24","8","7","Warszawa - Radom","2+1","egipt|hurghada|2026-09-17|2026-09-24|7|Warszawa - Radom|2+1"
"Rixos Radamis Sharm El Sheikh","12875.0","27.09.2026 - 04.10.2026","8 dni/7 nocy","4.3","4.3","2086","tripadvisor","Warszawa","2026-09-14T05:26:42.787163+00:00","https://fly.pl/szukaj-wycieczek/?filter[dest]=11:&filter[hotelids]=&filter[cityids]=0&filter[cregids]=&filter[ofrType]=&filter[addObjType]=&filter[whenFrom]=14-09-2026&filter[whenTo]=14-10-2026&filter[duration]=7:10&filter[from]=Warszawa%20-%20Modlin,Warszawa%20-%20Radom,Warszawa&filter[person]=2&filter[child]=1&filter[price]=4000:20000&filter[PriceFrom]=4000&filter[PriceTo]=20000&filter[addCategory]=50&filter[addCatering]=1&filter[addMisc]=0&filter[addTransport]=F&filter[fp]=1&order_by=ofr_price&filter[tourOperator]=0&filter[childAge][1]=20201210","https://datacfstatic.merlinx.pl/JOIP/IMG/62454/4ba97507de5a04bfe87ef578086b6c65033b092a7b841a218f3573e53cc7afb8.webp","https://fly.pl/wycieczka/egipt,sharm-el-sheikh,szarm-el-szejk/rixos-radamis-sharm-13/pCGz4NjmJSQFKBUDXDqdQeAAogJL6ty4zGKNCMaxZIiDbxmdvhBFpwv_tYWcE8EXXr1-EqBEpPSVAwnoue1QZIy2RQQViyAmACagNMTHRyQ5sBFAEVBhcAXANYBVYCQMoGT-IBXQBe3voBUqYgUwBLxyNhABHuoAFM9-s4DdL8lwkgAAGToIyoxYjMoDACDWMBAAvV_CgQ/ofertasv/?filter[tourOperator]=JOIP&filter%5Bperson%5D=2&filter%5BchildAge%5D%5B1%5D=20201210&filter%5Bchild%5D=1","filter_7_10_days","egipt","sharm-el-sheikh","szarm-el-szejk","2026-09-27","2026-10-04","8","7","Warszawa","2+1","egipt|sharm-el-sheikh|2026-09-27|2026-10-04|7|Warszawa|2+1"
"Baron Resort (Sharm El Sheikh)","12881.0","03.10.2026 - 10.10.2026","8 dni/7 nocy","4.5","4.5","4976","tripadvisor","Warszawa","2026-09-14T05:26:42.787163+00:00","https://fly.pl/szukaj-wycieczek/?filter[dest]=11:&filter[hotelids]=&filter[cityids]=0&filter[cregids]=&filter[ofrType]=&filter[addObjType]=&filter[whenFrom]=14-09-2026&filter[whenTo]=14-10-2026&filter[duration]=7:10&filter[from]=Warszawa%20-%20Modlin,Warszawa%20-%20Radom,Warszawa&filter[person]=2&filter[child]=1&filter[price]=4000:20000&filter[PriceFrom]=4000&filter[PriceTo]=20000&filter[addCategory]=50&filter[addCatering]=1&filter[addMisc]=0&filter[addTransport]=F&filter[fp]=1&order_by=ofr_price&filter[tourOperator]=0&filter[childAge][1]=20201210","https://fly.pl/cdn/photo/assets/uploads/582/278/2014/07/BARON-RESORT-SHARM-EL-SHEIKH1.jpg","https://fly.pl/wycieczka/egipt,sharm-el-sheikh,c/baron-resort-sharm-el-sheikh/pNyTM5UPpy6sHfKZ3VYNozAAogqGonc30ltuIyKqW_eORu3gAAAACYhAQAtYQEAAcAEgAqBFdFWlkwpYue1QZI0WRQQVjCA2ADaglFbnRlciBBaXJqBDA4MDByQp4BlQEfABwBAgAWBBcCERkS1AMYhQUTzQEUyQRAknJMoKIBTwBLxyNQABv1ggIdm78NIB0N1sfCCQESYwENYwECBb_o5Ys/ofertasv/?filter[tourOperator]=WEZY&filter%5Bperson%5D=2&filter%5BchildAge%5D%5B1%5D=20201210&filter%5Bchild%5D=1","filter_7_10_days","egipt","sharm-el-sheikh","c","2026-10-03","2026-10-10","8","7","Warszawa","2+1","egipt|sharm-el-sheikh|2026-10-03|2026-10-10|7|Warszawa|2+1"
"Sultan Gardens Resort","12892.0","04.10.2026 - 11.10.2026","8 dni/7 nocy","4.6","4.6","10708","tripadvisor","Warszawa","2026-09-14T05:26:42.787163+00:00","https://fly.pl/szukaj-wycieczek/?filter[dest]=11:&filter[hotelids]=&filter[cityids]=0&filter[cregids]=&filter[ofrType]=&filter[addObjType]=&filter[whenFrom]=14-09-2026&filter[whenTo]=14-10-2026&filter[duration]=7:10&filter[from]=Warszawa%20-%20Modlin,Warszawa%20-%20Radom,Warszawa&filter[person]=2&filter[child]=1&filter[price]=4000:20000&filter[PriceFrom]=4000&filter[PriceTo]=20000&filter[addCategory]=50&filter[addCatering]=1&filter[addMisc]=0&filter[addTransport]=F&filter[fp]=1&order_by=ofr_price&filter[tourOperator]=0&filter[childAge][1]=20201210","https://fly.pl/cdn/photo/assets/uploads/582/278/2014/07/sultan-gardens.jpg","https://fly.pl/wycieczka/egipt,sharm-el-sheikh,szarm-el-szejk/sultan-gardens-resort/pu6lrUn6uWLefBSAHXaeSjAAogRezPBZdjQAsrwhtDB8u4Ae6LQqlaFmzyIpGKGzBohJAqBEpPSVAwpYue1QZI3GRQQVjaA2ACagM5cE5yQpsBFAEVBhcAXANYBVYCQMoGT-IBXQAR4sYBXvwzUqYgUwBLxyNhAEzljDoNn_2XCSAAAarBhKHEiMygMAINYwEABccUKSY/ofertasv/?filter[tourOperator]=JOIP&filter%5Bperson%5D=2&filter%5BchildAge%5D%5B1%5D=20201210&filter%5Bchild%5D=1","filter_7_10_days","egipt","sharm-el-sheikh","szarm-el-szejk","2026-10-04","2026-10-11","8","7","Warszawa","2+1","egipt|sharm-el-sheikh|2026-10-04|2026-10-11|7|Warszawa|2+1"
"Movenpick Resort Sharm el Sheikh","12909.0","03.10.2026 - 10.10.2026","8 dni/7 nocy","4.6","4.6","5338","tripadvisor","Warszawa","2026-09-14T05:26:42.787163+00:00","https://fly.pl/szukaj-wycieczek/?filter[dest]=11:&filter[hotelids]=&filter[cityids]=0&filter[cregids]=&filter[ofrType]=&filter[addObjType]=&filter[whenFrom]=14-09-2026&filter[whenTo]=14-10-2026&filter[duration]=7:10&filter[from]=Warszawa%20-%20Modlin,Warszawa%20-%20Radom,Warszawa&filter[person]=2&filter[child]=1&filter[price]=4000:20000&filter[PriceFrom]=4000&filter[PriceTo]=20000&filter[addCategory]=50&filter[addCatering]=1&filter[addMisc]=0&filter[addTransport]=F&filter[fp]=1&order_by=ofr_price&filter[tourOperator]=0&filter[childAge][1]=20201210","https://fly.pl/cdn/photo/assets/uploads/582/278/2015/03/Movenpick-Golf-Club-fly-pl.jpg","https://fly.pl/wycieczka/egipt,sharm-el-sheikh,c/moevenpick-golf-club/p-psLmof5CAymBUEhmsnb2AAogmcUPASBNJdVXd0zwBI1ElwAAAACYhAQAtYQEAAcAEgAqBFdFWlkwpYue1QZI7WRQQVjCA2ADaglFbnRlciBBaXJqBDA4MDByQ54BlQEfABwBAgAWBBcCEYcBEuYCGIUFE80BFMkEQJJyTKCiAU8AS8cjUAAblqwDHfqVDCAdDdbHwgkBEmMBDGMBAgWPu-g4/ofertasv/?filter[tourOperator]=WEZY&filter%5Bperson%5D=2&filter%5BchildAge%5D%5B1%5D=20201210&filter%5Bchild%5D=1","filter_7_10_days","egipt","sharm-el-sheikh","c","2026-10-03","2026-10-10","8","7","Warszawa","2+1","egipt|sharm-el-sheikh|2026-10-03|2026-10-10|7|Warszawa|2+1"
"Sunrise Diamond Beach Resort Grand Select","13008.0","27.09.2026 - 04.10.2026","8 dni/7 nocy","4.8","4.8","3471","tripadvisor","Warszawa","2026-09-14T05:26:42.787163+00:00","https://fly.pl/szukaj-wycieczek/?filter[dest]=11:&filter[hotelids]=&filter[cityids]=0&filter[cregids]=&filter[ofrType]=&filter[addObjType]=&filter[whenFrom]=14-09-2026&filter[whenTo]=14-10-2026&filter[duration]=7:10&filter[from]=Warszawa%20-%20Modlin,Warszawa%20-%20Radom,Warszawa&filter[person]=2&filter[child]=1&filter[price]=4000:20000&filter[PriceFrom]=4000&filter[PriceTo]=20000&filter[addCategory]=50&filter[addCatering]=1&filter[addMisc]=0&filter[addTransport]=F&filter[fp]=1&order_by=ofr_price&filter[tourOperator]=0&filter[childAge][1]=20201210","https://fly.pl/cdn/photo/assets/uploads/582/278/2014/07/Sunrise-Diamond-Beach-Sharm.jpg","https://fly.pl/wycieczka/egipt,sharm-el-sheikh,szarm-el-szejk/sunrise-select-diamond-beach-resort/p-xR3U_sSgHvE7FlmMYyE1AAogInrqSJDHv7c5OV8x1frERNvhBFpwv_tYWcE8EXXr1-EqBEpPSVAwpYue1QZI0GVQQViyAmACagMwMllyQ5sBFAEVBhcAXANYBVYCQMoGT-IBXQBe3voBUqYgUwBLxyNhABGrwQFMuss4DdL8lwkgAAGS0oCAxIjMoDACDWMBBAsFNc6_/ofertasv/?filter[tourOperator]=JOIP&filter%5Bperson%5D=2&filter%5BchildAge%5D%5B1%5D=20201210&filter%5Bchild%5D=1","filter_7_10_days","egipt","sharm-el-sheikh","szarm-el-szejk","2026-09-27","2026-10-04","8","7","Warszawa","2+1","egipt|sharm-el-sheikh|2026-09-27|2026-10-04|7|Warszawa|2+1"
"Jaz Almaza Blu","13197.0","30.09.2026 - 08.10.2026","9 dni/7 nocy","","","","","Warszawa","2026-09-14T05:26:42.787163+00:00","https://fly.pl/szukaj-wycieczek/?filter[dest]=11:&filter[hotelids]=&filter[cityids]=0&filter[cregids]=&filter[ofrType]=&filter[addObjType]=&filter[whenFrom]=14-09-2026&filter[whenTo]=14-10-2026&filter[duration]=7:10&filter[from]=Warszawa%20-%20Modlin,Warszawa%20-%20Radom,Warszawa&filter[person]=2&filter[child]=1&filter[price]=4000:20000&filter[PriceFrom]=4000&filter[PriceTo]=20000&filter[addCategory]=50&filter[addCatering]=1&filter[addMisc]=0&filter[addTransport]=F&filter[fp]=1&order_by=ofr_price&filter[tourOperator]=0&filter[childAge][1]=20201210","https://datacfstatic.merlinx.pl/ITAK/IMG/DBBJAZB/6d2b0aaef3fad164fc83046e3d58423011b3bbab07378933e5469c476895505f.webp","https://fly.pl/wycieczka/egipt,dolny-egipt,marsa-matrouh/jaz-almaza-blue-11/pV_kUudXuAIfWrzQ7da0HBAAog3OHd3kZSPd1uQLNVywQohjPfTTCk9cJVJPZ8eQG0-LMqBFZJVFgwpYue1QZIjWdQQVj6AmACckAaABUHFwBcA1gFQI8DU8mDAVIAW8YFXu52S-1DYQBM77Q5DcvUmAkgR1HOua3ya0_KgSVd3PiA_ZkBAgxjAQILmOUJ3Q/ofertasv/?filter[tourOperator]=VITX&filter%5Bperson%5D=2&filter%5BchildAge%5D%5B1%5D=20201210&filter%5Bchild%5D=1","filter_7_10_days","egipt","dolny-egipt","marsa-matrouh","2026-09-30","2026-10-08","9","7","Warszawa","2+1","egipt|dolny-egipt|2026-09-30|2026-10-08|7|Warszawa|2+1"
"Jaz Elite Amara","13221.0","26.09.2026 - 03.10.2026","8 dni/7 nocy","4.9","4.9","1712","tripadvisor","Warszawa","2026-09-14T05:26:42.787163+00:00","https://fly.pl/szukaj-wycieczek/?filter[dest]=11:&filter[hotelids]=&filter[cityids]=0&filter[cregids]=&filter[ofrType]=&filter[addObjType]=&filter[whenFrom]=14-09-2026&filter[whenTo]=14-10-2026&filter[duration]=7:10&filter[from]=Warszawa%20-%20Modlin,Warszawa%20-%20Radom,Warszawa&filter[person]=2&filter[child]=1&filter[price]=4000:20000&filter[PriceFrom]=4000&filter[PriceTo]=20000&filter[addCategory]=50&filter[addCatering]=1&filter[addMisc]=0&filter[addTransport]=F&filter[fp]=1&order_by=ofr_price&filter[tourOperator]=0&filter[childAge][1]=20201210","https://fly.pl/cdn/photo/assets/uploads/582/278/2024/07/jaz-amara.jpg","https://fly.pl/wycieczka/egipt,marsa-alam,port-ghalib/jaz-amara-10/pXJ2SMlke2zzU7Nqp-FFOcAAogqTqhXNI5xC4tPNf1-hIxrrjCD0UEpn4QE69Z5aCniz4qBEpPSVAwpYue1QZIpWdQQViaAmACagM4ZUlyQ5sBFAEVBhcAXANYBVYCQMoGT-IBXQBe3voBUrwUUwBLsS9hABG6kwFMq_k4DdH8lwkgAAGJuvSX1IjMoDACDWMBAAsbjtAg/ofertasv/?filter[tourOperator]=JOIP&filter%5Bperson%5D=2&filter%5BchildAge%5D%5B1%5D=20201210&filter%5Bchild%5D=1","filter_7_10_days","egipt","marsa-alam","port-ghalib","2026-09-26","2026-10-03","8","7","Warszawa","2+1","egipt|marsa-alam|2026-09-26|2026-10-03|7|Warszawa|2+1"
"Continental (ex Movenpick Resort)","13233.0","03.10.2026 - 10.10.2026","8 dni/7 nocy","4.5","4.5","4172","tripadvisor","Warszawa","2026-09-14T05:26:42.787163+00:00","https://fly.pl/szukaj-wycieczek/?filter[dest]=11:&filter[hotelids]=&filter[cityids]=0&filter[cregids]=&filter[ofrType]=&filter[addObjType]=&filter[whenFrom]=14-09-2026&filter[whenTo]=14-10-2026&filter[duration]=7:10&filter[from]=Warszawa%20-%20Modlin,Warszawa%20-%20Radom,Warszawa&filter[person]=2&filter[child]=1&filter[price]=4000:20000&filter[PriceFrom]=4000&filter[PriceTo]=20000&filter[addCategory]=50&filter[addCatering]=1&filter[addMisc]=0&filter[addTransport]=F&filter[fp]=1&order_by=ofr_price&filter[tourOperator]=0&filter[childAge][1]=20201210","https://fly.pl/cdn/photo/assets/uploads/582/278/2014/09/Continental-Resort.jpg","https://fly.pl/wycieczka/egipt,hurghada,c/movenpick-resort-hurghada-ex-continental-resort/p0Nn3XK1Sea6jcD0UKTa_EAAogaYkIAMWNZDjOq8YX1SCvdAAAAAAIhQQAJYUEAAcAAQAqBFdFWlkwpYue1QZIsWdQQVjCA2ADahNMT1QgUG9saXNoIEFpcmxpbmVzckOeAR8AHAECABYEFwIRlwES1gITgAUUsAQVNxjyAkDUcE_LMkwAUJyTAUsAG7aZAR3KqQ4gHQ3mxsIJARJjAQxjAQQLBcXCSg/ofertasv/?filter[tourOperator]=WEZY&filter%5Bperson%5D=2&filter%5BchildAge%5D%5B1%5D=20201210&filter%5Bchild%5D=1","filter_7_10_days","egipt","hurghada","c","2026-10-03","2026-10-10","8","7","Warszawa","2+1","egipt|hurghada|2026-10-03|2026-10-10|7|Warszawa|2+1"
"Coral Sea Sensatori (ex Coral Sea Imperial)","13550.0","27.09.2026 - 04.10.2026","8 dni/7 nocy","4.6","4.6","10988","tripadvisor","Warszawa","2026-09-14T05:26:42.787163+00:00","https://fly.pl/szukaj-wycieczek/?filter[dest]=11:&filter[hotelids]=&filter[cityids]=0&filter[cregids]=&filter[ofrType]=&filter[addObjType]=&filter[whenFrom]=14-09-2026&filter[whenTo]=14-10-2026&filter[duration]=7:10&filter[from]=Warszawa%20-%20Modlin,Warszawa%20-%20Radom,Warszawa&filter[person]=2&filter[child]=1&filter[price]=4000:20000&filter[PriceFrom]=4000&filter[PriceTo]=20000&filter[addCategory]=50&filter[addCatering]=1&filter[addMisc]=0&filter[addTransport]=F&filter[fp]=1&order_by=ofr_price&filter[tourOperator]=0&filter[childAge][1]=20201210","https://fly.pl/cdn/photo/assets/uploads/582/278/2016/11/Coral-Sea-Sensatori-ex-Coral-Sea-Imperial-fly-pl-2.jpg","https://fly.pl/wycieczka/egipt,sharm-el-sheikh,c/coral-sea-sensatori-ex-coral-sea-imperial/pCT27bz3YYTD_JhWMbKiTLAAogBW9rBYjqAx_wHGtYdud_6NvhBFpwv_tYWcE8EXXr1-EqBEpPSVAwpYue1QZI7mlQQViyAmACagMwME1yQpsBFAEVBhcAXANYBVYCQMoGT-IBXQBe3voBEdMTUtMMUwBLxyNhAEzljDoN0vyXCSAAAZOghPjCiMygMAINYwEADHnMhMc/ofertasv/?filter[tourOperator]=JOIP&filter%5Bperson%5D=2&filter%5BchildAge%5D%5B1%5D=20201210&filter%5Bchild%5D=1","filter_7_10_days","egipt","sharm-el-sheikh","c","2026-09-27","2026-10-04","8","7","Warszawa","2+1","egipt|sharm-el-sheikh|2026-09-27|2026-10-04|7|Warszawa|2+1"
"Steigenberger Al Dau Beach","14000.0","22.09.2026 - 29.09.2026","8 dni/7 nocy","4.8","4.8","10109","tripadvisor","Warszawa","2026-09-14T05:26:42.787163+00:00","https://fly.pl/szukaj-wycieczek/?filter[dest]=11:&filter[hotelids]=&filter[cityids]=0&filter[cregids]=&filter[ofrType]=&filter[addObjType]=&filter[whenFrom]=14-09-2026&filter[whenTo]=14-10-2026&filter[duration]=7:10&filter[from]=Warszawa%20-%20Modlin,Warszawa%20-%20Radom,Warszawa&filter[person]=2&filter[child]=1&filter[price]=4000:20000&filter[PriceFrom]=4000&filter[PriceTo]=20000&filter[addCategory]=50&filter[addCatering]=1&filter[addMisc]=0&filter[addTransport]=F&filter[fp]=1&order_by=ofr_price&filter[tourOperator]=0&filter[childAge][1]=20201210","https://fly.pl/cdn/photo/assets/uploads/582/278/2014/07/Steigenberger-Al-Dau-Beach-fly-pl.jpg","https://fly.pl/wycieczka/egipt,hurghada,c/steigenberger-al-dau-beach/pOSrlNPfMcxFPBxLsB6GY4AAogE3WL0CXoQYfmc8hfHeq0-gKHsDg_1j3PwsBFGt0DAN0qBEpPSVAwpYue1QZIsG1QQVi6AWACckMUARUGFwBcA1gFVgJAygZd4gFPAFOvqwFSABHQGlvuHF7xF0vtQ2EATOWMOg3N_JcJIAABjODIsNOJzKAwAg1jAQALqVTmQA/ofertasv/?filter[tourOperator]=JOIP&filter%5Bperson%5D=2&filter%5BchildAge%5D%5B1%5D=20201210&filter%5Bchild%5D=1","filter_7_10_days","egipt","hurghada","c","2026-09-22","2026-09-29","8","7","Warszawa","2+1","egipt|hurghada|2026-09-22|2026-09-29|7|Warszawa|2+1"
"Aldiana Club Naga Bay","14017.0","04.10.2026 - 11.10.2026","8 dni/7 nocy","","","","","Warszawa","2026-09-14T05:26:42.787163+00:00","https://fly.pl/szukaj-wycieczek/?filter[dest]=11:&filter[hotelids]=&filter[cityids]=0&filter[cregids]=&filter[ofrType]=&filter[addObjType]=&filter[whenFrom]=14-09-2026&filter[whenTo]=14-10-2026&filter[duration]=7:10&filter[from]=Warszawa%20-%20Modlin,Warszawa%20-%20Radom,Warszawa&filter[person]=2&filter[child]=1&filter[price]=4000:20000&filter[PriceFrom]=4000&filter[PriceTo]=20000&filter[addCategory]=50&filter[addCatering]=1&filter[addMisc]=0&filter[addTransport]=F&filter[fp]=1&order_by=ofr_price&filter[tourOperator]=0&filter[childAge][1]=20201210","https://datacfstatic.merlinx.pl/EXIM/IMG/108012/b1f5d26a903624c4b7c28f67d4a9bbc9a0cf5c691d37d2be60154e132614ef4b.webp","https://fly.pl/wycieczka/egipt,hurghada,c/aldiana-club-naga-bay-9/pdBxK-Ht5fq9qROgMAuoH9AAogwO9UdMzMiwxWSq-jR-bqc48y6rj6FZ9B-AYEqrWUQdsqBEVYSU0wpYue1QZIwW1QAVjaA2ACagJBSXIhHBHsywa5BJPyPasEHBuU5D0Y5PI-AaH_p4sLAgBjAQIFDK8_SQ/ofertasv/?filter[tourOperator]=EXIM&filter%5Bperson%5D=2&filter%5BchildAge%5D%5B1%5D=20201210&filter%5Bchild%5D=1","filter_7_10_days","egipt","hurghada","c","2026-10-04","2026-10-11","8","7","Warszawa","2+1","egipt|hurghada|2026-10-04|2026-10-11|7|Warszawa|2+1"
"Sunrise Holidays Resort","14037.0","04.10.2026 - 11.10.2026","8 dni/7 nocy","4.5","4.5","10567","tripadvisor","Warszawa","2026-09-14T05:26:42.787163+00:00","https://fly.pl/szukaj-wycieczek/?filter[dest]=11:&filter[hotelids]=&filter[cityids]=0&filter[cregids]=&filter[ofrType]=&filter[addObjType]=&filter[whenFrom]=14-09-2026&filter[whenTo]=14-10-2026&filter[duration]=7:10&filter[from]=Warszawa%20-%20Modlin,Warszawa%20-%20Radom,Warszawa&filter[person]=2&filter[child]=1&filter[price]=4000:20000&filter[PriceFrom]=4000&filter[PriceTo]=20000&filter[addCategory]=50&filter[addCatering]=1&filter[addMisc]=0&filter[addTransport]=F&filter[fp]=1&order_by=ofr_price&filter[tourOperator]=0&filter[childAge][1]=20201210","https://fly.pl/cdn/photo/assets/uploads/582/278/2014/07/Sunrise-Holidays-fly-pl.jpg","https://fly.pl/wycieczka/egipt,hurghada,c/sunrise-holidays/p0cxlz-dO9exh8kbxec71GAAognpyzLmsauO8ofawnUedrmY8y6rj6FZ9B-AYEqrWUQdsqBEVYSU0wpYue1QZI1W1QAVjaA2ABagJBSXIeHBH3vwa5BIj-PasEHBvOwzgYpsc5AZ_FzvMJAwBjvw4mLg/ofertasv/?filter[tourOperator]=EXIM&filter%5Bperson%5D=2&filter%5BchildAge%5D%5B1%5D=20201210&filter%5Bchild%5D=1","filter_7_10_days","egipt","hurghada","c","2026-10-04","2026-10-11","8","7","Warszawa","2+1","egipt|hurghada|2026-10-04|2026-10-11|7|Warszawa|2+1"
"Steigenberger Alcazar","14206.0","27.09.2026 - 04.10.2026","8 dni/7 nocy","5.0","5.0","1325","tripadvisor","Warszawa","2026-09-14T05:26:42.787163+00:00","https://fly.pl/szukaj-wycieczek/?filter[dest]=11:&filter[hotelids]=&filter[cityids]=0&filter[cregids]=&filter[ofrType]=&filter[addObjType]=&filter[whenFrom]=14-09-2026&filter[whenTo]=14-10-2026&filter[duration]=7:10&filter[from]=Warszawa%20-%20Modlin,Warszawa%20-%20Radom,Warszawa&filter[person]=2&filter[child]=1&filter[price]=4000:20000&filter[PriceFrom]=4000&filter[PriceTo]=20000&filter[addCategory]=50&filter[addCatering]=1&filter[addMisc]=0&filter[addTransport]=F&filter[fp]=1&order_by=ofr_price&filter[tourOperator]=0&filter[childAge][1]=20201210","https://fly.pl/cdn/photo/assets/uploads/582/278/2017/09/Steigenberger-Alcazar.jpg","https://fly.pl/wycieczka/egipt,sharm-el-sheikh,szarm-el-szejk/steigenberger-alcazar/ppS4xYRaJVvVU9qJ2-wYFdAAogTO3M0orLCG33QlQuvnwPc9vhBFpwv_tYWcE8EXXr1-EqBEpPSVAwpYue1QZI_m5QQViyAmACagMzbTlyQpsBFAEVBhcAXANYBVYCQMoGT-IBXQBe3voBUqYgUwBLxyNhABH4AUztijoN0vyXCSAAAY6i7I_zyM2gMAINYwEDC-1wUXw/ofertasv/?filter[tourOperator]=JOIP&filter%5Bperson%5D=2&filter%5BchildAge%5D%5B1%5D=20201210&filter%5Bchild%5D=1","filter_7_10_days","egipt","sharm-el-sheikh","szarm-el-szejk","2026-09-27","2026-10-04","8","7","Warszawa","2+1","egipt|sharm-el-sheikh|2026-09-27|2026-10-04|7|Warszawa|2+1"
"Sunrise Arabian Beach Resort","14346.0","27.09.2026 - 04.10.2026","8 dni/7 nocy","4.5","4.5","4480","tripadvisor","Warszawa","2026-09-14T05:26:42.787163+00:00","https://fly.pl/szukaj-wycieczek/?filter[dest]=11:&filter[hotelids]=&filter[cityids]=0&filter[cregids]=&filter[ofrType]=&filter[addObjType]=&filter[whenFrom]=14-09-2026&filter[whenTo]=14-10-2026&filter[duration]=7:10&filter[from]=Warszawa%20-%20Modlin,Warszawa%20-%20Radom,Warszawa&filter[person]=2&filter[child]=1&filter[price]=4000:20000&filter[PriceFrom]=4000&filter[PriceTo]=20000&filter[addCategory]=50&filter[addCatering]=1&filter[addMisc]=0&filter[addTransport]=F&filter[fp]=1&order_by=ofr_price&filter[tourOperator]=0&filter[childAge][1]=20201210","https://fly.pl/cdn/photo/assets/uploads/582/278/2014/07/Sunrise-Grand-Select-Arabian-Beach.jpg","https://fly.pl/wycieczka/egipt,sharm-el-sheikh,c/sunrise-grand-select-arabian-beach/plT7-iyLGs5NQ1gkNtBdzPAAogzGHb9l2_cytpRYsltwcv0tvhBFpwv_tYWcE8EXXr1-EqBEpPSVAwpYue1QZIinBQQViyAmACagMxejhyQ5sBFAEVBhcAXANYBVYCQMoGT-IBXQBe3voBUqYgUwBLxyNhABGpwQFMvMs4DdL8lwkgAAH01YjBw4jMoDACDWMBBAtAW9ak/ofertasv/?filter[tourOperator]=JOIP&filter%5Bperson%5D=2&filter%5BchildAge%5D%5B1%5D=20201210&filter%5Bchild%5D=1","filter_7_10_days","egipt","sharm-el-sheikh","c","2026-09-27","2026-10-04","8","7","Warszawa","2+1","egipt|sharm-el-sheikh|2026-09-27|2026-10-04|7|Warszawa|2+1"
"Rixos Premium Seagate","14355.0","04.10.2026 - 11.10.2026","8 dni/7 nocy","4.8","4.8","11499","tripadvisor","Warszawa","2026-09-14T05:26:42.787163+00:00","https://fly.pl/szukaj-wycieczek/?filter[dest]=11:&filter[hotelids]=&filter[cityids]=0&filter[cregids]=&filter[ofrType]=&filter[addObjType]=&filter[whenFrom]=14-09-2026&filter[whenTo]=14-10-2026&filter[duration]=7:10&filter[from]=Warszawa%20-%20Modlin,Warszawa%20-%20Radom,Warszawa&filter[person]=2&filter[child]=1&filter[price]=4000:20000&filter[PriceFrom]=4000&filter[PriceTo]=20000&filter[addCategory]=50&filter[addCatering]=1&filter[addMisc]=0&filter[addTransport]=F&filter[fp]=1&order_by=ofr_price&filter[tourOperator]=0&filter[childAge][1]=20201210","https://fly.pl/cdn/photo/assets/uploads/582/278/2015/04/Rixos-Premium-Seagate-Sharm-El-Sheikh.jpg","https://fly.pl/wycieczka/egipt,sharm-el-sheikh,nabq-bay/rixos-seagate/pmQ1tMqjgtmYeIqjVMKcPZAAoggrKE0hrgJkBs_xiEsnh-Zu6LQqlaFmzyIpGKGzBohJAqBEpPSVAwpYue1QZIk3BQQVjaA2ACckMUARUGFwBcA1gFVgJAygZP4gFdAFvhpAER6SFelDRSpiBTAEvHI2EATOWMOg2f_ZcJIAABvd38qMWIzKAwAg1jAQALABeCoA/ofertasv/?filter[tourOperator]=JOIP&filter%5Bperson%5D=2&filter%5BchildAge%5D%5B1%5D=20201210&filter%5Bchild%5D=1","filter_7_10_days","egipt","sharm-el-sheikh","nabq-bay","2026-10-04","2026-10-11","8","7","Warszawa","2+1","egipt|sharm-el-sheikh|2026-10-04|2026-10-11|7|Warszawa|2+1"
"Reef Oasis Blue Bay Resort","14457.0","22.09.2026 - 30.09.2026","9 dni/7 nocy","4.6","4.6","9706","tripadvisor","Warszawa","2026-09-14T05:26:42.787163+00:00","https://fly.pl/szukaj-wycieczek/?filter[dest]=11:&filter[hotelids]=&filter[cityids]=0&filter[cregids]=&filter[ofrType]=&filter[addObjType]=&filter[whenFrom]=14-09-2026&filter[whenTo]=14-10-2026&filter[duration]=7:10&filter[from]=Warszawa%20-%20Modlin,Warszawa%20-%20Radom,Warszawa&filter[person]=2&filter[child]=1&filter[price]=4000:20000&filter[PriceFrom]=4000&filter[PriceTo]=20000&filter[addCategory]=50&filter[addCatering]=1&filter[addMisc]=0&filter[addTransport]=F&filter[fp]=1&order_by=ofr_price&filter[tourOperator]=0&filter[childAge][1]=20201210","https://fly.pl/cdn/photo/assets/uploads/582/278/2014/07/Reef-Oasis-Blue-Bay.jpg","https://fly.pl/wycieczka/egipt,sharm-el-sheikh,c/reef-oasis-blue-bay-resort/pmNHG__BLThwgwJahltPMJAAogLxShuwVdwLMmKbrIMIL5QST8iEZvNC5fP2LQDZq7cIkqBFZJVFgwpYue1QZI-XBQQVi6AWACckAaABUHFwBcA1gFQI8DW72XAV7AaFKmIFMAS8cjYQBMjbU5DaXUmAkgAVH8hf6y6QFP6ukWXYTO6rwcAgxjAQILmq-SZA/ofertasv/?filter[tourOperator]=VITX&filter%5Bperson%5D=2&filter%5BchildAge%5D%5B1%5D=20201210&filter%5Bchild%5D=1","filter_7_10_days","egipt","sharm-el-sheikh","c","2026-09-22","2026-09-30","9","7","Warszawa","2+1","egipt|sharm-el-sheikh|2026-09-22|2026-09-30|7|Warszawa|2+1"
"Jaz Almaza Beach","14497.0","30.09.2026 - 08.10.2026","9 dni/7 nocy","4.5","4.5","2878","tripadvisor","Warszawa","2026-09-14T05:26:42.787163+00:00","https://fly.pl/szukaj-wycieczek/?filter[dest]=11:&filter[hotelids]=&filter[cityids]=0&filter[cregids]=&filter[ofrType]=&filter[addObjType]=&filter[whenFrom]=14-09-2026&filter[whenTo]=14-10-2026&filter[duration]=7:10&filter[from]=Warszawa%20-%20Modlin,Warszawa%20-%20Radom,Warszawa&filter[person]=2&filter[child]=1&filter[price]=4000:20000&filter[PriceFrom]=4000&filter[PriceTo]=20000&filter[addCategory]=50&filter[addCatering]=1&filter[addMisc]=0&filter[addTransport]=F&filter[fp]=1&order_by=ofr_price&filter[tourOperator]=0&filter[childAge][1]=20201210","https://fly.pl/cdn/photo/assets/uploads/582/278/2024/07/jaz-almaza-beach.jpg","https://fly.pl/wycieczka/egipt,dolny-egipt,mersa-matruh/jaz-almaza-beach/psI3u_flui19d-xhUizEqFAAogOsRDw5RbRML8i18d2rqCkDPfTTCk9cJVJPZ8eQG0-LMqBFZJVFgwpYue1QZIoXFQQVj6AmACckAaABUHFwBcA1gFQI8DU8mDAVIAW_wYXrhjS-1DYQBMjbU5Da3UmAkgR1Hp1JTya0-v5j1d3PiA_ZkBAgxjAQILIUZCzg/ofertasv/?filter[tourOperator]=VITX&filter%5Bperson%5D=2&filter%5BchildAge%5D%5B1%5D=20201210&filter%5Bchild%5D=1","filter_7_10_days","egipt","dolny-egipt","mersa-matruh","2026-09-30","2026-10-08","9","7","Warszawa","2+1","egipt|dolny-egipt|2026-09-30|2026-10-08|7|Warszawa|2+1"
"Sunrise Crystal Bay Resort","14530.0","22.09.2026 - 29.09.2026","8 dni/7 nocy","4.7","4.7","9670","tripadvisor","Warszawa","2026-09-14T05:26:42.787163+00:00","https://fly.pl/szukaj-wycieczek/?filter[dest]=11:&filter[hotelids]=&filter[cityids]=0&filter[cregids]=&filter[ofrType]=&filter[addObjType]=&filter[whenFrom]=14-09-2026&filter[whenTo]=14-10-2026&filter[duration]=7:10&filter[from]=Warszawa%20-%20Modlin,Warszawa%20-%20Radom,Warszawa&filter[person]=2&filter[child]=1&filter[price]=4000:20000&filter[PriceFrom]=4000&filter[PriceTo]=20000&filter[addCategory]=50&filter[addCatering]=1&filter[addMisc]=0&filter[addTransport]=F&filter[fp]=1&order_by=ofr_price&filter[tourOperator]=0&filter[childAge][1]=20201210","https://fly.pl/cdn/photo/assets/uploads/582/278/2014/07/Sunrise-Cristal-Bay-ex.-Coral-Sea.jpg","https://fly.pl/wycieczka/egipt,hurghada,c/sunrise-cristal-bay-ex-coral-sea/pm3GehvR4CK7M8Tze8gJ6IAAogIBIjpYmAMIMfy8xb-JqwhgKHsDg_1j3PwsBFGt0DAN0qBEpPSVAwpYue1QZIwnFQQVi6AWACagMwUm1yQ5sBFAEVBhcAXANYBVYCQMoGT-IBXQBSr6sBUwBer09L7UNhABGT1wFM0rU4Dc38lwkgAAH-z4SgxYbMoDACDWMBBAtsQoYk/ofertasv/?filter[tourOperator]=JOIP&filter%5Bperson%5D=2&filter%5BchildAge%5D%5B1%5D=20201210&filter%5Bchild%5D=1","filter_7_10_days","egipt","hurghada","c","2026-09-22","2026-09-29","8","7","Warszawa","2+1","egipt|hurghada|2026-09-22|2026-09-29|7|Warszawa|2+1"
"Iberotel Makadi Beach","14567.0","04.10.2026 - 11.10.2026","8 dni/7 nocy","4.8","4.8","4163","tripadvisor","Warszawa","2026-09-14T05:26:42.787163+00:00","https://fly.pl/szukaj-wycieczek/?filter[dest]=11:&filter[hotelids]=&filter[cityids]=0&filter[cregids]=&filter[ofrType]=&filter[addObjType]=&filter[whenFrom]=14-09-2026&filter[whenTo]=14-10-2026&filter[duration]=7:10&filter[from]=Warszawa%20-%20Modlin,Warszawa%20-%20Radom,Warszawa&filter[person]=2&filter[child]=1&filter[price]=4000:20000&filter[PriceFrom]=4000&filter[PriceTo]=20000&filter[addCategory]=50&filter[addCatering]=1&filter[addMisc]=0&filter[addTransport]=F&filter[fp]=1&order_by=ofr_price&filter[tourOperator]=0&filter[childAge][1]=20201210","https://fly.pl/cdn/photo/assets/uploads/582/278/2015/04/Iberotel-Makadi-Beach.jpg","https://fly.pl/wycieczka/egipt,hurghada,makadi-bay/iberotel-makadi-beach/pAlJPde22bcgbcaddPzkXlAAogBaYpFasn6BubvZHfRzrtQ_Ie_lk9WpBYetX5JkRBSVsqBE9SRVgwpYue1QZI53FQQVjaA2ACagZFSC4yLjFyNZsBFQcXAFwDWAVWAhEVQLUGXZsPTyRT0p0BUgBer09L7UNhAEzljDogn_2XCQ0AAhJjAQILpo5tdw/ofertasv/?filter[tourOperator]=OREX&filter%5Bperson%5D=2&filter%5BchildAge%5D%5B1%5D=20201210&filter%5Bchild%5D=1","filter_7_10_days","egipt","hurghada","makadi-bay","2026-10-04","2026-10-11","8","7","Warszawa","2+1","egipt|hurghada|2026-10-04|2026-10-11|7|Warszawa|2+1"
"Rixos Premium Magawish Bay View","14571.0","24.09.2026 - 01.10.2026","8 dni/7 nocy","","","","","Warszawa - Radom","2026-09-14T05:26:42.787163+00:00","https://fly.pl/szukaj-wycieczek/?filter[dest]=11:&filter[hotelids]=&filter[cityids]=0&filter[cregids]=&filter[ofrType]=&filter[addObjType]=&filter[whenFrom]=14-09-2026&filter[whenTo]=14-10-2026&filter[duration]=7:10&filter[from]=Warszawa%20-%20Modlin,Warszawa%20-%20Radom,Warszawa&filter[person]=2&filter[child]=1&filter[price]=4000:20000&filter[PriceFrom]=4000&filter[PriceTo]=20000&filter[addCategory]=50&filter[addCatering]=1&filter[addMisc]=0&filter[addTransport]=F&filter[fp]=1&order_by=ofr_price&filter[tourOperator]=0&filter[childAge][1]=20201210","https://datacfstatic.merlinx.pl/OREX/IMG/7305/efed6ea0f936ecc31524de552f5505a1c6cdad98fa01446edb5a035153c5aee3.webp","https://fly.pl/wycieczka/egipt,hurghada,c/rixos-premium-magawish-bay-view-11/pnphXCSCPNBDO61PlJuX6GAAognPGMTRGuRHylEBXRCtANUXuHt-JRXqpSz_DOtw-0xygqBE9SRVgwpYue1QZI63FQQVjqAWACagdPQU8uMi4xcjWbARUHFwBYCFYCXAhAwgZd0w5PbBHvIlPjelIAXq9PS4ESYQBM0b46IM_8lwkNAAISYwECC6pdm2s/ofertasv/?filter[tourOperator]=OREX&filter%5Bperson%5D=2&filter%5BchildAge%5D%5B1%5D=20201210&filter%5Bchild%5D=1","filter_7_10_days","egipt","hurghada","c","2026-09-24","2026-10-01","8","7","Warszawa - Radom","2+1","egipt|hurghada|2026-09-24|2026-10-01|7|Warszawa - Radom|2+1"
"Sunrise Remal Beach","14596.0","27.09.2026 - 04.10.2026","8 dni/7 nocy","4.8","4.8","2378","tripadvisor","Warszawa","2026-09-14T05:26:42.787163+00:00","https://fly.pl/szukaj-wycieczek/?filter[dest]=11:&filter[hotelids]=&filter[cityids]=0&filter[cregids]=&filter[ofrType]=&filter[addObjType]=&filter[whenFrom]=14-09-2026&filter[whenTo]=14-10-2026&filter[duration]=7:10&filter[from]=Warszawa%20-%20Modlin,Warszawa%20-%20Radom,Warszawa&filter[person]=2&filter[child]=1&filter[price]=4000:20000&filter[PriceFrom]=4000&filter[PriceTo]=20000&filter[addCategory]=50&filter[addCatering]=1&filter[addMisc]=0&filter[addTransport]=F&filter[fp]=1&order_by=ofr_price&filter[tourOperator]=0&filter[childAge][1]=20201210","https://fly.pl/cdn/photo/assets/uploads/582/278/2014/07/Sunrise-Remal-Beach-ex.-Melton-Beach-Sharm-fly-pl.jpg","https://fly.pl/wycieczka/egipt,sharm-el-sheikh,szarm-el-szejk/melia-sinai/pww7V_L4gU-foJAfyJKkUDAAogAl0hj5y-WmbO91p2qbpw79vhBFpwv_tYWcE8EXXr1-EqBEpPSVAwpYue1QZIhHJQQViyAmACagMwM0NyQ5sBFAEVBhcAXANYBVYCQMoGT-IBXQBe3voBUqYgUwBLxyNhABGmwQFMv8s4DdL8lwkgAAH5s_y4w4jMoDACDWMBBAsAJa8p/ofertasv/?filter[tourOperator]=JOIP&filter%5Bperson%5D=2&filter%5BchildAge%5D%5B1%5D=20201210&filter%5Bchild%5D=1","filter_7_10_days","egipt","sharm-el-sheikh","szarm-el-szejk","2026-09-27","2026-10-04","8","7","Warszawa","2+1","egipt|sharm-el-sheikh|2026-09-27|2026-10-04|7|Warszawa|2+1"
"Jaz Elite Negma","14711.0","03.10.2026 - 10.10.2026","8 dni/7 nocy","","","","","Warszawa","2026-09-14T05:26:42.787163+00:00","https://fly.pl/szukaj-wycieczek/?filter[dest]=11:&filter[hotelids]=&filter[cityids]=0&filter[cregids]=&filter[ofrType]=&filter[addObjType]=&filter[whenFrom]=14-09-2026&filter[whenTo]=14-10-2026&filter[duration]=7:10&filter[from]=Warszawa%20-%20Modlin,Warszawa%20-%20Radom,Warszawa&filter[person]=2&filter[child]=1&filter[price]=4000:20000&filter[PriceFrom]=4000&filter[PriceTo]=20000&filter[addCategory]=50&filter[addCatering]=1&filter[addMisc]=0&filter[addTransport]=F&filter[fp]=1&order_by=ofr_price&filter[tourOperator]=0&filter[childAge][1]=20201210","https://datacfstatic.merlinx.pl/JOIP/IMG/77722/c4807815984ec616065bc05486871522179655fb9a4cce4a84007df0d1da7085.webp","https://fly.pl/wycieczka/egipt,marsa-alam,c/jaz-elite-negma-10/pt-YVd1D-jK7lw5GOwLE_lAAog0fm32YIlaOc8PnkjyXGeXVU3hKQPmG_3HCqrQfnQi-4qBEpPSVAwpYue1QZI93JQQVjCA2ACagMxejhyQ5sBFAEVBhcAXANYBVYCQMoGT-IBXQBe3voBUrwUUwBLsS9hABGSmAJM0_Q3DZ79lwkgAAHInZCR1IjMoDACDWMBAAvrzT7_/ofertasv/?filter[tourOperator]=JOIP&filter%5Bperson%5D=2&filter%5BchildAge%5D%5B1%5D=20201210&filter%5Bchild%5D=1","filter_7_10_days","egipt","marsa-alam","c","2026-10-03","2026-10-10","8","7","Warszawa","2+1","egipt|marsa-alam|2026-10-03|2026-10-10|7|Warszawa|2+1"
"Jaz Grand Marsa (ex Resta Grand Resort)","14827.0","06.10.2026 - 13.10.2026","8 dni/7 nocy","4.6","4.6","6430","tripadvisor","Warszawa","2026-09-14T05:26:42.787163+00:00","https://fly.pl/szukaj-wycieczek/?filter[dest]=11:&filter[hotelids]=&filter[cityids]=0&filter[cregids]=&filter[ofrType]=&filter[addObjType]=&filter[whenFrom]=14-09-2026&filter[whenTo]=14-10-2026&filter[duration]=7:10&filter[from]=Warszawa%20-%20Modlin,Warszawa%20-%20Radom,Warszawa&filter[person]=2&filter[child]=1&filter[price]=4000:20000&filter[PriceFrom]=4000&filter[PriceTo]=20000&filter[addCategory]=50&filter[addCatering]=1&filter[addMisc]=0&filter[addTransport]=F&filter[fp]=1&order_by=ofr_price&filter[tourOperator]=0&filter[childAge][1]=20201210","https://fly.pl/cdn/photo/assets/uploads/582/278/2014/09/grand.jpg","https://fly.pl/wycieczka/egipt,marsa-alam,madinat-coraya/resta-grand-resort/p_sG7z0kfLTr6T0I380P4AAAogKRafFn8uVEPYv0qwPz83hJlNaslf2PkN2GrK1jj7ZekqBE9BU0kwpYue1QZI63NQAViKBGADagNBSWxyJBwR8a0BuQTGnQ-rBBsbncoQGL-GFAGI4PKsAgEMYwEAYwECC4yDwcc/ofertasv/?filter[tourOperator]=OASI&filter%5Bperson%5D=2&filter%5BchildAge%5D%5B1%5D=20201210&filter%5Bchild%5D=1","filter_7_10_days","egipt","marsa-alam","madinat-coraya","2026-10-06","2026-10-13","8","7","Warszawa","2+1","egipt|marsa-alam|2026-10-06|2026-10-13|7|Warszawa|2+1"
"Rixos Radamis Beach","14841.0","27.09.2026 - 04.10.2026","8 dni/7 nocy","","","","","Warszawa","2026-09-14T05:26:42.787163+00:00","https://fly.pl/szukaj-wycieczek/?filter[dest]=11:&filter[hotelids]=&filter[cityids]=0&filter[cregids]=&filter[ofrType]=&filter[addObjType]=&filter[whenFrom]=14-09-2026&filter[whenTo]=14-10-2026&filter[duration]=7:10&filter[from]=Warszawa%20-%20Modlin,Warszawa%20-%20Radom,Warszawa&filter[person]=2&filter[child]=1&filter[price]=4000:20000&filter[PriceFrom]=4000&filter[PriceTo]=20000&filter[addCategory]=50&filter[addCatering]=1&filter[addMisc]=0&filter[addTransport]=F&filter[fp]=1&order_by=ofr_price&filter[tourOperator]=0&filter[childAge][1]=20201210","https://datacfstatic.merlinx.pl/JOIP/IMG/63851/97898f089b392972361de777071e04e87d253ed0bfb6a13a12f021ca907858bb.webp","https://fly.pl/wycieczka/egipt,sharm-el-sheikh,szarm-el-szejk/rixos-radamis-beach-side-9/pmr1BAN9xepUQdJr3KFwnGAAog_rVaO92CodRf-UaOD9_iitvhBFpwv_tYWcE8EXXr1-EqBEpPSVAwpYue1QZI-XNQQViyAmACagNNOHJyQ5sBFAEVBhcAXANYBVYCQMoGT-IBXQBe3voBUqYgUwBLxyNhABHjqwFMguE4DdL8lwkgAAH40_SfxYjMoDACDWMBAAvtN0Tp/ofertasv/?filter[tourOperator]=JOIP&filter%5Bperson%5D=2&filter%5BchildAge%5D%5B1%5D=20201210&filter%5Bchild%5D=1","filter_7_10_days","egipt","sharm-el-sheikh","szarm-el-szejk","2026-09-27","2026-10-04","8","7","Warszawa","2+1","egipt|sharm-el-sheikh|2026-09-27|2026-10-04|7|Warszawa|2+1"
"Sunrise Tucana Resort","14873.0","17.09.2026 - 24.09.2026","8 dni/7 nocy","4.8","4.8","1119","tripadvisor","Warszawa","2026-09-14T05:26:42.787163+00:00","https://fly.pl/szukaj-wycieczek/?filter[dest]=11:&filter[hotelids]=&filter[cityids]=0&filter[cregids]=&filter[ofrType]=&filter[addObjType]=&filter[whenFrom]=14-09-2026&filter[whenTo]=14-10-2026&filter[duration]=7:10&filter[from]=Warszawa%20-%20Modlin,Warszawa%20-%20Radom,Warszawa&filter[person]=2&filter[child]=1&filter[price]=4000:20000&filter[PriceFrom]=4000&filter[PriceTo]=20000&filter[addCategory]=50&filter[addCatering]=1&filter[addMisc]=0&filter[addTransport]=F&filter[fp]=1&order_by=ofr_price&filter[tourOperator]=0&filter[childAge][1]=20201210","https://fly.pl/cdn/photo/assets/uploads/582/278/2024/07/sunrise-grand-select-tucana-resort.jpg","https://fly.pl/wycieczka/egipt,hurghada,makadi-bay/sunrise-grand-select-tucana-resort-13/piFmj4_6yZoT2a1UnalIYmAAogZZOk6D_lAtH9hVskd0g_P4m1roCAppNzwJMdRzjcI8kqBFNGUEwwpYue1QZImXRQQVhCYAJyJQsCFQUiBBIjQPoCW6eVJw3mt60JXOWj_ApR1bXC6wMCEmMBBAuJ5M5Y/ofertasv/?filter[tourOperator]=SFPL&filter%5Bperson%5D=2&filter%5BchildAge%5D%5B1%5D=20201210&filter%5Bchild%5D=1","filter_7_10_days","egipt","hurghada","makadi-bay","2026-09-17","2026-09-24","8","7","Warszawa","2+1","egipt|hurghada|2026-09-17|2026-09-24|7|Warszawa|2+1"
"Jaz Elite Casa Del Mar Beach","14897.0","24.09.2026 - 01.10.2026","8 dni/7 nocy","5.0","5.0","655","tripadvisor","Warszawa","2026-09-14T05:26:42.787163+00:00","https://fly.pl/szukaj-wycieczek/?filter[dest]=11:&filter[hotelids]=&filter[cityids]=0&filter[cregids]=&filter[ofrType]=&filter[addObjType]=&filter[whenFrom]=14-09-2026&filter[whenTo]=14-10-2026&filter[duration]=7:10&filter[from]=Warszawa%20-%20Modlin,Warszawa%20-%20Radom,Warszawa&filter[person]=2&filter[child]=1&filter[price]=4000:20000&filter[PriceFrom]=4000&filter[PriceTo]=20000&filter[addCategory]=50&filter[addCatering]=1&filter[addMisc]=0&filter[addTransport]=F&filter[fp]=1&order_by=ofr_price&filter[tourOperator]=0&filter[childAge][1]=20201210","https://fly.pl/cdn/photo/assets/uploads/582/278/2020/01/Jaz-Casa-Del-Mar-Beach.jpg","https://fly.pl/wycieczka/egipt,hurghada,c/jaz-casa-del-mar-beach-10/pIw5XmczDWeV9-KOLBvgfhAAogkr4xTJ4gYpjflPyCf_3yRA5QW-LxgDEWlGYjjlpqcUcqBEVYSU0wpYue1QZIsXRQAVjqAWACagNVQUlyIRwR68UGuQS69T2rBBwbpL06GMnGOwGQ9KeuCgIAYwECC0OZWEY/ofertasv/?filter[tourOperator]=EXIM&filter%5Bperson%5D=2&filter%5BchildAge%5D%5B1%5D=20201210&filter%5Bchild%5D=1","filter_7_10_days","egipt","hurghada","c","2026-09-24","2026-10-01","8","7","Warszawa","2+1","egipt|hurghada|2026-09-24|2026-10-01|7|Warszawa|2+1"
"Savoy (Sharm El Sheikh)","14940.0","27.09.2026 - 04.10.2026","8 dni/7 nocy","4.9","4.9","4262","tripadvisor","Warszawa","2026-09-14T05:26:42.787163+00:00","https://fly.pl/szukaj-wycieczek/?filter[dest]=11:&filter[hotelids]=&filter[cityids]=0&filter[cregids]=&filter[ofrType]=&filter[addObjType]=&filter[whenFrom]=14-09-2026&filter[whenTo]=14-10-2026&filter[duration]=7:10&filter[from]=Warszawa%20-%20Modlin,Warszawa%20-%20Radom,Warszawa&filter[person]=2&filter[child]=1&filter[price]=4000:20000&filter[PriceFrom]=4000&filter[PriceTo]=20000&filter[addCategory]=50&filter[addCatering]=1&filter[addMisc]=0&filter[addTransport]=F&filter[fp]=1&order_by=ofr_price&filter[tourOperator]=0&filter[childAge][1]=20201210","https://fly.pl/cdn/photo/assets/uploads/582/278/2014/07/Savoy-Sharm-El-Sheikh.jpg","https://fly.pl/wycieczka/egipt,sharm-el-sheikh,c/savoy-sharm-el-sheikh/pZTXPnUHv0k5lBgoxPPZv8AAog6AwriBO1j4W4g6p3_ajkvtvhBFpwv_tYWcE8EXXr1-EqBEpPSVAwpYue1QZI3HRQQViyAmACagMwME1yQpsBFAEVBhcAXANYBVYCQMoGT-IBXQARo8cBXrszUqYgUwBLxyNhAEzljDoN0vyXCSAAAZLU7Ji0iMygMAINYwEAC5gjnbQ/ofertasv/?filter[tourOperator]=JOIP&filter%5Bperson%5D=2&filter%5BchildAge%5D%5B1%5D=20201210&filter%5Bchild%5D=1","filter_7_10_days","egipt","sharm-el-sheikh","c","2026-09-27","2026-10-04","8","7","Warszawa","2+1","egipt|sharm-el-sheikh|2026-09-27|2026-10-04|7|Warszawa|2+1"
"Rixos Premium Magawish Suites & Villas","15039.0","04.10.2026 - 11.10.2026","8 dni/7 nocy","4.8","4.8","4331","tripadvisor","Warszawa","2026-09-14T05:26:42.787163+00:00","https://fly.pl/szukaj-wycieczek/?filter[dest]=11:&filter[hotelids]=&filter[cityids]=0&filter[cregids]=&filter[ofrType]=&filter[addObjType]=&filter[whenFrom]=14-09-2026&filter[whenTo]=14-10-2026&filter[duration]=7:10&filter[from]=Warszawa%20-%20Modlin,Warszawa%20-%20Radom,Warszawa&filter[person]=2&filter[child]=1&filter[price]=4000:20000&filter[PriceFrom]=4000&filter[PriceTo]=20000&filter[addCategory]=50&filter[addCatering]=1&filter[addMisc]=0&filter[addTransport]=F&filter[fp]=1&order_by=ofr_price&filter[tourOperator]=0&filter[childAge][1]=20201210","https://fly.pl/cdn/photo/assets/uploads/582/278/2014/07/Magawish-Village-Resort-ex.-Swiss-Inn-fly-pl.jpg","https://fly.pl/wycieczka/egipt,hurghada,c/magawish-swiss-inn/pbgkFGpJiYzKTar8AOZlqkAAog82qG6XJT_u7R6f4EVY3fRfIe_lk9WpBYetX5JkRBSVsqBE9SRVgwpYue1QZIv3VQQVjaA2ACagZJVC4yLjFyNpsBFQcXAFgIVgJcCEDCBhHpAl2yDE8kU9KdAVIAXq9PS-1DYQBM5Yw6IJ_9lwkNAAISYwECCwxCcoA/ofertasv/?filter[tourOperator]=OREX&filter%5Bperson%5D=2&filter%5BchildAge%5D%5B1%5D=20201210&filter%5Bchild%5D=1","filter_7_10_days","egipt","hurghada","c","2026-10-04","2026-10-11","8","7","Warszawa","2+1","egipt|hurghada|2026-10-04|2026-10-11|7|Warszawa|2+1"
"Serry Beach Resort","15074.0","22.09.2026 - 29.09.2026","8 dni/7 nocy","4.8","4.8","2856","tripadvisor","Warszawa","2026-09-14T05:26:42.787163+00:00","https://fly.pl/szukaj-wycieczek/?filter[dest]=11:&filter[hotelids]=&filter[cityids]=0&filter[cregids]=&filter[ofrType]=&filter[addObjType]=&filter[whenFrom]=14-09-2026&filter[whenTo]=14-10-2026&filter[duration]=7:10&filter[from]=Warszawa%20-%20Modlin,Warszawa%20-%20Radom,Warszawa&filter[person]=2&filter[child]=1&filter[price]=4000:20000&filter[PriceFrom]=4000&filter[PriceTo]=20000&filter[addCategory]=50&filter[addCatering]=1&filter[addMisc]=0&filter[addTransport]=F&filter[fp]=1&order_by=ofr_price&filter[tourOperator]=0&filter[childAge][1]=20201210","https://fly.pl/cdn/photo/assets/uploads/582/278/2014/09/Serry-Beach-Resort.jpg","https://fly.pl/wycieczka/egipt,hurghada,c/sindbad-beach-resort/pCoPXncNQcsM9P5-e4jl3RAAogOmKtV2xQNqLATbTKSTXQOAKHsDg_1j3PwsBFGt0DAN0qBEpPSVAwpYue1QZI4nVQQVi6AWACckMUARUGFwBcA1gFVgJAygZd4gFPAFv1ZVO6RVIAXq9PS-1DYQARlpQBTM_4OCDN_JcJDQAB_p34mNTKzKAwAg1jAQALR1ydYQ/ofertasv/?filter[tourOperator]=JOIP&filter%5Bperson%5D=2&filter%5BchildAge%5D%5B1%5D=20201210&filter%5Bchild%5D=1","filter_7_10_days","egipt","hurghada","c","2026-09-22","2026-09-29","8","7","Warszawa","2+1","egipt|hurghada|2026-09-22|2026-09-29|7|Warszawa|2+1"
"Jaz Elite Riviera","15417.0","26.09.2026 - 04.10.2026","9 dni/7 nocy","","","","","Warszawa","2026-09-14T05:26:42.787163+00:00","https://fly.pl/szukaj-wycieczek/?filter[dest]=11:&filter[hotelids]=&filter[cityids]=0&filter[cregids]=&filter[ofrType]=&filter[addObjType]=&filter[whenFrom]=14-09-2026&filter[whenTo]=14-10-2026&filter[duration]=7:10&filter[from]=Warszawa%20-%20Modlin,Warszawa%20-%20Radom,Warszawa&filter[person]=2&filter[child]=1&filter[price]=4000:20000&filter[PriceFrom]=4000&filter[PriceTo]=20000&filter[addCategory]=50&filter[addCatering]=1&filter[addMisc]=0&filter[addTransport]=F&filter[fp]=1&order_by=ofr_price&filter[tourOperator]=0&filter[childAge][1]=20201210","https://datacfstatic.merlinx.pl/EXIM/IMG/106777/568b298780cd2ce6eee312f0f43ef758b5c995ecff934bf20f82542d99af1412.webp","https://fly.pl/wycieczka/egipt,marsa-alam,c/jaz-riviera-15/pKgX8wG06MlvPEWaUPrsEeAAogqYYs_w8eKfx-o-E9W_drHvPOVhexA4B-vTIRTOTMdjUqBEVYSU0wpYue1QZIuXhQAViaAmACagJBSXIhHBGZwga5BLz9PasEGxv_nzkYzMQ6Aa_w44sKAgBjAQILHs2TNA/ofertasv/?filter[tourOperator]=EXIM&filter%5Bperson%5D=2&filter%5BchildAge%5D%5B1%5D=20201210&filter%5Bchild%5D=1","filter_7_10_days","egipt","marsa-alam","c","2026-09-26","2026-10-04","9","7","Warszawa","2+1","egipt|marsa-alam|2026-09-26|2026-10-04|7|Warszawa|2+1"
"Amarina Abu Soma Resort","15697.0","24.09.2026 - 01.10.2026","8 dni/7 nocy","4.7","4.7","2160","tripadvisor","Warszawa","2026-09-14T05:26:42.787163+00:00","https://fly.pl/szukaj-wycieczek/?filter[dest]=11:&filter[hotelids]=&filter[cityids]=0&filter[cregids]=&filter[ofrType]=&filter[addObjType]=&filter[whenFrom]=14-09-2026&filter[whenTo]=14-10-2026&filter[duration]=7:10&filter[from]=Warszawa%20-%20Modlin,Warszawa%20-%20Radom,Warszawa&filter[person]=2&filter[child]=1&filter[price]=4000:20000&filter[PriceFrom]=4000&filter[PriceTo]=20000&filter[addCategory]=50&filter[addCatering]=1&filter[addMisc]=0&filter[addTransport]=F&filter[fp]=1&order_by=ofr_price&filter[tourOperator]=0&filter[childAge][1]=20201210","https://fly.pl/cdn/photo/assets/uploads/582/278/2019/08/Amarina-Abu-Soma-Resort.jpg","https://fly.pl/wycieczka/egipt,hurghada,c/amarina-abu-soma-resort/pmvARb_C-U4JSpF8A6vr7oAAogJoXlFRMSQGPZ1qNLZvL5M6Z2wddXfcahw7B2Bd23unoqBEVDQ1gwpYue1QZI0XpQAVjqAWACagJBSXIgHBHxQrkE5e4VqwQbGJDUJBvflBUBuKnFzAECAGMBAgVlKiXb/ofertasv/?filter[tourOperator]=ECCX&filter%5Bperson%5D=2&filter%5BchildAge%5D%5B1%5D=20201210&filter%5Bchild%5D=1","filter_7_10_days","egipt","hurghada","c","2026-09-24","2026-10-01","8","7","Warszawa","2+1","egipt|hurghada|2026-09-24|2026-10-01|7|Warszawa|2+1"
"Sunrise White Hills Resort","16213.0","03.10.2026 - 10.10.2026","8 dni/7 nocy","4.8","4.8","2113","tripadvisor","Warszawa","2026-09-14T05:26:42.787163+00:00","https://fly.pl/szukaj-wycieczek/?filter[dest]=11:&filter[hotelids]=&filter[cityids]=0&filter[cregids]=&filter[ofrType]=&filter[addObjType]=&filter[whenFrom]=14-09-2026&filter[whenTo]=14-10-2026&filter[duration]=7:10&filter[from]=Warszawa%20-%20Modlin,Warszawa%20-%20Radom,Warszawa&filter[person]=2&filter[child]=1&filter[price]=4000:20000&filter[PriceFrom]=4000&filter[PriceTo]=20000&filter[addCategory]=50&filter[addCatering]=1&filter[addMisc]=0&filter[addTransport]=F&filter[fp]=1&order_by=ofr_price&filter[tourOperator]=0&filter[childAge][1]=20201210","https://fly.pl/cdn/photo/assets/uploads/582/278/2022/12/Sunrise-White-Hills.jpg","https://fly.pl/wycieczka/egipt,sharm-el-sheikh,szarm-el-szejk/white-hills-by-sunrise-14/puDyFPX4VYOpwx5q114m2vAAogJdsN7KW9Az49nrmBpm4BmQAAAACYhAQAtYQEAAcAEgAqBFdFWlkwq4ue1QZI1X5QQVjCA2ADaglFbnRlciBBaXJqBDA4MDByQ54BlQEfAAIBHAAWBBcCEu0DGIUFE80BFMkEQJJyT6CiAUwAS8cjUAARvEcd1PoOIB0boIMfDbbEowkBEmMBDGMBBAtX8w1U/ofertasv/?filter[tourOperator]=WEZY&filter%5Bperson%5D=2&filter%5BchildAge%5D%5B1%5D=20201210&filter%5Bchild%5D=1","filter_7_10_days","egipt","sharm-el-sheikh","szarm-el-szejk","2026-10-03","2026-10-10","8","7","Warszawa","2+1","egipt|sharm-el-sheikh|2026-10-03|2026-10-10|7|Warszawa|2+1"
"Pickalbatros Blu Spa Resort Hurghada","17547.0","24.09.2026 - 01.10.2026","8 dni/7 nocy","4.9","4.9","2780","tripadvisor","Warszawa","2026-09-14T05:26:42.787163+00:00","https://fly.pl/szukaj-wycieczek/?filter[dest]=11:&filter[hotelids]=&filter[cityids]=0&filter[cregids]=&filter[ofrType]=&filter[addObjType]=&filter[whenFrom]=14-09-2026&filter[whenTo]=14-10-2026&filter[duration]=7:10&filter[from]=Warszawa%20-%20Modlin,Warszawa%20-%20Radom,Warszawa&filter[person]=2&filter[child]=1&filter[price]=4000:20000&filter[PriceFrom]=4000&filter[PriceTo]=20000&filter[addCategory]=50&filter[addCatering]=1&filter[addMisc]=0&filter[addTransport]=F&filter[fp]=1&order_by=ofr_price&filter[tourOperator]=0&filter[childAge][1]=20201210","https://fly.pl/cdn/photo/assets/uploads/582/278/2022/05/Albatros-Blu-Spa-Resort-Hurghada.jpg","https://fly.pl/wycieczka/egipt,hurghada,c/albatros-blue-spa-resort-hurghada-10/pBvoDLEeLEKjlhexj-Z0T7AAogwd0Bcq4d8I7sm--TBnDiVg5QW-LxgDEWlGYjjlpqcUcqBEVYSU0wq4ue1QZIi4kBUAFY6gFgAWoDVUFJch4cEYShBrkEoZo-qwQcG6C5LBjLgC8BsvGCjwgDAGPE9v4T/ofertasv/?filter[tourOperator]=EXIM&filter%5Bperson%5D=2&filter%5BchildAge%5D%5B1%5D=20201210&filter%5Bchild%5D=1","filter_7_10_days","egipt","hurghada","c","2026-09-24","2026-10-01","8","7","Warszawa","2+1","egipt|hurghada|2026-09-24|2026-10-01|7|Warszawa|2+1"
"Steigenberger Coraya Beach","17577.0","06.10.2026 - 13.10.2026","8 dni/7 nocy","4.8","4.8","8376","tripadvisor","Warszawa","2026-09-14T05:26:42.787163+00:00","https://fly.pl/szukaj-wycieczek/?filter[dest]=11:&filter[hotelids]=&filter[cityids]=0&filter[cregids]=&filter[ofrType]=&filter[addObjType]=&filter[whenFrom]=14-09-2026&filter[whenTo]=14-10-2026&filter[duration]=7:10&filter[from]=Warszawa%20-%20Modlin,Warszawa%20-%20Radom,Warszawa&filter[person]=2&filter[child]=1&filter[price]=4000:20000&filter[PriceFrom]=4000&filter[PriceTo]=20000&filter[addCategory]=50&filter[addCatering]=1&filter[addMisc]=0&filter[addTransport]=F&filter[fp]=1&order_by=ofr_price&filter[tourOperator]=0&filter[childAge][1]=20201210","https://fly.pl/cdn/photo/assets/uploads/582/278/2014/09/Steigenberger-Coraya-Beach-ex-Iberotel-fly-pl.jpg","https://fly.pl/wycieczka/egipt,marsa-alam,madinat-coraya/iberotel-coraya-beach/prPGG0MsHbITmLizkp25myAAog6jEeIsXFZWQptUCnM7nI-pXKRKLUm0hIkeHLg8XDsQwqBEVYSU0wq4ue1QZIqYkBUAFYigRgAWoCQUlyHhwRkcoGuQTa9D2rBBwb6ak8GLL0PQGu7NzuCgMAY2KMQ9s/ofertasv/?filter[tourOperator]=EXIM&filter%5Bperson%5D=2&filter%5BchildAge%5D%5B1%5D=20201210&filter%5Bchild%5D=1","filter_7_10_days","egipt","marsa-alam","madinat-coraya","2026-10-06","2026-10-13","8","7","Warszawa","2+1","egipt|marsa-alam|2026-10-06|2026-10-13|7|Warszawa|2+1"
