"hotel_name","price","dates","duration","duration_bucket","rating","ta_rating","ta_review_count","ta_source","departure_airport","scraped_at","url","image_url","offer_url"
"<<<<<<< Updated upstream","","","","","","","","","","","","",""
"=======","","","","","","","","","","","","",""
">>>>>>> Stashed changes","","","","","","","","","","","","",""
"<<<<<<< Updated upstream","","","","","","","","","","","","",""
"<<<<<<< Updated upstream","","","","","","","","","","","","",""
"=======","","","","","","","","","","","","",""
">>>>>>> Stashed changes","","","","","","","","","","","","",""
"=======","","","","","","","","","","","","",""
">>>>>>> Stashed changes","","","","","","","","","","","","",""
"<<<<<<< Updated upstream","","","","","","","","","","","","",""
"=======","","","","","","","","","","","","",""
">>>>>>> Stashed changes","","","","","","","","","","","","",""
"<<<<<<< Updated upstream","","","","","","","","","","","","",""
"=======","","","","","","","","","","","","",""
">>>>>>> Stashed changes","","","","","","","","","","","","",""
"<<<<<<< Updated upstream","","","","","","","","","","","","",""
"<<<<<<< Updated upstream","","","","","","","","","","","","",""
"<<<<<<< Updated upstream","","","","","","","","","","","","",""
"=======","","","","","","","","","","","","",""
"=======","","","","","","","","","","","","",""
"=======","","","","","","","","","","","","",""
">>>>>>> Stashed changes","","","","","","","","","","","","",""
"<<<<<<< Updated upstream","","","","","","","","","","","","",""
">>>>>>> Stashed changes","","","","","","","","","","","","",""
"=======","","","","","","","","","","","","",""
">>>>>>> Stashed changes","","","","","","","","","","","","",""
"=======","","","","","","","","","","","","",""
">>>>>>> Stashed changes","","","","","","","","","","","","",""
">>>>>>> Stashed changes","","","","","","","","","","","","",""
"<<<<<<< Updated upstream","","","","","","","","","","","","",""
"<<<<<<< Updated upstream","","","","","","","","","","","","",""
"<<<<<<< Updated upstream","","","","","","","","","","","","",""
"=======","","","","","","","","","","","","",""
"=======","","","","","","","","","","","","",""
"=======","","","","","","","","","","","","",""
">>>>>>> Stashed changes","","","","","","","","","","","","",""
"<<<<<<< Updated upstream","","","","","","","","","","","","",""
">>>>>>> Stashed changes","","","","","","","","","","","","",""
"=======","","","","","","","","","","","","",""
">>>>>>> Stashed changes","","","","","","","","","","","","",""
"=======","","","","","","","","","","","","",""
">>>>>>> Stashed changes","","","","","","","","","","","","",""
">>>>>>> Stashed changes","","","","","","","","","","","","",""
"<<<<<<< Updated upstream","","","","","","","","","","","","",""
"<<<<<<< Updated upstream","","","","","","","","","","","","",""
"<<<<<<< Updated upstream","","","","","","","","","","","","",""
"=======","","","","","","","","","","","","",""
"=======","","","","","","","","","","","","",""
"=======","","","","","","","","","","","","",""
">>>>>>> Stashed changes","","","","","","","","","","","","",""
"<<<<<<< Updated upstream","","","","","","","","","","","","",""
">>>>>>> Stashed changes","","","","","","","","","","","","",""
"=======","","","","","","","","","","","","",""
">>>>>>> Stashed changes","","","","","","","","","","","","",""
"=======","","","","","","","","","","","","",""
">>>>>>> Stashed changes","","","","","","","","","","","","",""
">>>>>>> Stashed changes","","","","","","","","","","","","",""
"<<<<<<< Updated upstream","","","","","","","","","","","","",""
"<<<<<<< Updated upstream","","","","","","","","","","","","",""
"<<<<<<< Updated upstream","","","","","","","","","","","","",""
"=======","","","","","","","","","","","","",""
"=======","","","","","","","","","","","","",""
"=======","","","","","","","","","","","","",""
">>>>>>> Stashed changes","","","","","","","","","","","","",""
"<<<<<<< Updated upstream","","","","","","","","","","","","",""
">>>>>>> Stashed changes","","","","","","","","","","","","",""
"=======","","","","","","","","","","","","",""
">>>>>>> Stashed changes","","","","","","","","","","","","",""
"=======","","","","","","","","","","","","",""
">>>>>>> Stashed changes","","","","","","","","","","","","",""
">>>>>>> Stashed changes","","","","","","","","","","","","",""
"<<<<<<< Updated upstream","","","","","","","","","","","","",""
"<<<<<<< Updated upstream","","","","","","","","","","","","",""
"=======","","","","","","","","","","","","",""
">>>>>>> Stashed changes","","","","","","","","","","","","",""
"=======","","","","","","","","","","","","",""
">>>>>>> Stashed changes","","","","","","","","","","","","",""
"<<<<<<< Updated upstream","","","","","","","","","","","","",""
"=======","","","","","","","","","","","","",""
">>>>>>> Stashed changes","","","","","","","","","","","","",""
"<<<<<<< Updated upstream","","","","","","","","","","","","",""
"=======","","","","","","","","","","","","",""
">>>>>>> Stashed changes","","","","","","","","","","","","",""
"<<<<<<< Updated upstream","","","","","","","","","","","","",""
"=======","","","","","","","","","","","","",""
">>>>>>> Stashed changes","","","","","","","","","","","","",""
"<<<<<<< Updated upstream","","","","","","","","","","","","",""
"=======","","","","","","","","","","","","",""
">>>>>>> Stashed changes","","","","","","","","","","","","",""
"<<<<<<< Updated upstream","","","","","","","","","","","","",""
"=======","","","","","","","","","","","","",""
">>>>>>> Stashed changes","","","","","","","","","","","","",""
"<<<<<<< Updated upstream","","","","","","","","","","","","",""
"=======","","","","","","","","","","","","",""
">>>>>>> Stashed changes","","","","","","","","","","","","",""
"<<<<<<< Updated upstream","","","","","","","","","","","","",""
"=======","","","","","","","","","","","","",""
">>>>>>> Stashed changes","","","","","","","","","","","","",""
"Ecotel Dahab Bay View Resort","7712.0","10.10.2026 - 17.10.2026","8 dni/7 nocy","","4.4","4.4","1234","tripadvisor","Warszawa","2026-09-21T01:15:20.992660+00:00","https://fly.pl/szukaj-wycieczek/?filter[dest]=11:&filter[hotelids]=&filter[cityids]=0&filter[cregids]=&filter[ofrType]=&filter[addObjType]=&filter[whenFrom]=21-09-2026&filter[whenTo]=21-10-2026&filter[duration]=7:10&filter[from]=Warszawa%20-%20Modlin,Warszawa%20-%20Radom,Warszawa&filter[person]=2&filter[child]=1&filter[price]=4000:20000&filter[PriceFrom]=4000&filter[PriceTo]=20000&filter[addCategory]=50&filter[addCatering]=1&filter[addMisc]=0&filter[addTransport]=F&filter[fp]=1&order_by=ofr_price&filter[tourOperator]=0&filter[childAge][1]=20201210","https://fly.pl/cdn/photo/assets/uploads/582/278/2014/09/Ecotel-Dahab-Resort.jpg","https://fly.pl/wycieczka/egipt,dahab,c/mercure-dahab-bay-view/pjhsmAFs_rHXbIH6lZBtW8AAogDte7oCU9PhRJZzBhNtOfRwAAAACZhAQAtoQEAAcAEgAqBFdFWlkwqYrC1QZIoDxQQVjGA2ADaglFbnRlciBBaXJqBDA4MDByQ54BlQEfAAIBHAAWBBcCEu0DGIUFE80BFMkEEbwdQNZUTKCiAU8AS8cjUAAbu8gMHdb5AiAdDdzHwgkBEmMBDGMBAgUQWAu0/ofertasv/?filter[tourOperator]=WEZY&filter%5Bperson%5D=2&filter%5BchildAge%5D%5B1%5D=20201210&filter%5Bchild%5D=1"
"Parrotel Lagoon Resort","8057.0","29.09.2026 - 07.10.2026","9 dni/7 nocy","","4.1","4.1","1859","tripadvisor","Warszawa","2026-09-21T01:15:20.992660+00:00","https://fly.pl/szukaj-wycieczek/?filter[dest]=11:&filter[hotelids]=&filter[cityids]=0&filter[cregids]=&filter[ofrType]=&filter[addObjType]=&filter[whenFrom]=21-09-2026&filter[whenTo]=21-10-2026&filter[duration]=7:10&filter[from]=Warszawa%20-%20Modlin,Warszawa%20-%20Radom,Warszawa&filter[person]=2&filter[child]=1&filter[price]=4000:20000&filter[PriceFrom]=4000&filter[PriceTo]=20000&filter[addCategory]=50&filter[addCatering]=1&filter[addMisc]=0&filter[addTransport]=F&filter[fp]=1&order_by=ofr_price&filter[tourOperator]=0&filter[childAge][1]=20201210","https://fly.pl/cdn/photo/assets/uploads/582/278/2020/10/Parrotel-Lagoon-Resort.jpg","https://fly.pl/wycieczka/egipt,sharm-el-sheikh,szarm-el-szejk/parrotel-lagoon-resort-14/puiRvDtnr3l_AN0qVRWtADAAogfUircq7mfpVHcfM9HXDFNvx165SKMu3wZ5pxJ9Xdc08qBFZJVFgwqYrC1QZI-T5QQVi-AWACckAaABUHFwBcA1gFQI8DW6eGAV7WeVKmIFMAS8cjYQBMsbU5DYjUmAkgAVGc9YCz6QFPw_oTXYTO6rwcAg5jAQINUFqIDQ/ofertasv/?filter[tourOperator]=VITX&filter%5Bperson%5D=2&filter%5BchildAge%5D%5B1%5D=20201210&filter%5Bchild%5D=1"
"Casa Mare Resort (ex. Royal Tulip Beach Resort)","8057.0","25.09.2026 - 02.10.2026","8 dni/7 nocy","","4.7","4.7","4700","tripadvisor","Warszawa","2026-09-21T01:15:20.992660+00:00","https://fly.pl/szukaj-wycieczek/?filter[dest]=11:&filter[hotelids]=&filter[cityids]=0&filter[cregids]=&filter[ofrType]=&filter[addObjType]=&filter[whenFrom]=21-09-2026&filter[whenTo]=21-10-2026&filter[duration]=7:10&filter[from]=Warszawa%20-%20Modlin,Warszawa%20-%20Radom,Warszawa&filter[person]=2&filter[child]=1&filter[price]=4000:20000&filter[PriceFrom]=4000&filter[PriceTo]=20000&filter[addCategory]=50&filter[addCatering]=1&filter[addMisc]=0&filter[addTransport]=F&filter[fp]=1&order_by=ofr_price&filter[tourOperator]=0&filter[childAge][1]=20201210","https://fly.pl/cdn/photo/assets/uploads/582/278/2015/12/Casa-Mare-Resort.jpg","https://fly.pl/wycieczka/egipt,marsa-alam,c/royal-tulip-beach-resort/pOT1jGa3A2H4RINAW8qf1JAAogt3jMfQ5Q4HiVqOBe1-f9ZGyGZ14NCGkVsR96Jj6NS-cqBFZJVFgwqYrC1QZI-T5QQVheYAJyQBoAFQcXAFwDWAVAjwNbl4UBXuZ6UrwUUwBLsS9hAEyxtTkNhNSYCSAAUfKdxfbfAU_3_QZdnPiv-SUCDmMBAg0d7CMf/ofertasv/?filter[tourOperator]=VITX&filter%5Bperson%5D=2&filter%5BchildAge%5D%5B1%5D=20201210&filter%5Bchild%5D=1"
"IL Mercato Splash Aqua Park","8065.0","10.10.2026 - 17.10.2026","8 dni/7 nocy","","4.4","4.4","2269","tripadvisor","Warszawa","2026-09-21T01:15:20.992660+00:00","https://fly.pl/szukaj-wycieczek/?filter[dest]=11:&filter[hotelids]=&filter[cityids]=0&filter[cregids]=&filter[ofrType]=&filter[addObjType]=&filter[whenFrom]=21-09-2026&filter[whenTo]=21-10-2026&filter[duration]=7:10&filter[from]=Warszawa%20-%20Modlin,Warszawa%20-%20Radom,Warszawa&filter[person]=2&filter[child]=1&filter[price]=4000:20000&filter[PriceFrom]=4000&filter[PriceTo]=20000&filter[addCategory]=50&filter[addCatering]=1&filter[addMisc]=0&filter[addTransport]=F&filter[fp]=1&order_by=ofr_price&filter[tourOperator]=0&filter[childAge][1]=20201210","https://fly.pl/cdn/photo/assets/uploads/582/278/2014/07/Il-Mercato-Hotel-Spa-Sharm-El-Sheikh.jpg","https://fly.pl/wycieczka/egipt,sharm-el-sheikh,c/iberotel-il-mercato/p8LVrn7x5AKSfbdJP878juAAogodlmymwqAIFg5uXGFqZaLwAAAACZhAQAtoQEAAcAEgAqBFdFWlkwqYrC1QZIgT9QQVjGA2ADaglFbnRlciBBaXJqBDA4MDByQp4BlQEfAAIBHAAWBBcCEu0DGIUFE80BFMkEEecQQKthTKCiAU8AS8cjUAAbnDEd9ZAPIB0N3MfCCQESYwEMYwECBdy56yA/ofertasv/?filter[tourOperator]=WEZY&filter%5Bperson%5D=2&filter%5BchildAge%5D%5B1%5D=20201210&filter%5Bchild%5D=1"
"Amarina Queen Resort","8086.0","29.09.2026 - 06.10.2026","8 dni/7 nocy","","4.7","4.7","1194","tripadvisor","Warszawa","2026-09-21T01:15:20.992660+00:00","https://fly.pl/szukaj-wycieczek/?filter[dest]=11:&filter[hotelids]=&filter[cityids]=0&filter[cregids]=&filter[ofrType]=&filter[addObjType]=&filter[whenFrom]=21-09-2026&filter[whenTo]=21-10-2026&filter[duration]=7:10&filter[from]=Warszawa%20-%20Modlin,Warszawa%20-%20Radom,Warszawa&filter[person]=2&filter[child]=1&filter[price]=4000:20000&filter[PriceFrom]=4000&filter[PriceTo]=20000&filter[addCategory]=50&filter[addCatering]=1&filter[addMisc]=0&filter[addTransport]=F&filter[fp]=1&order_by=ofr_price&filter[tourOperator]=0&filter[childAge][1]=20201210","https://fly.pl/cdn/photo/assets/uploads/582/278/2024/07/amarina-queen-resort.jpg","https://fly.pl/wycieczka/egipt,marsa-alam,c/amarina-queen-resort-12/pf4scnolOqvU-DejgvIp_QAAognBq1l7nrqz8p1ULM-ul0wuhm0Gqq_jkTT4bGm3434U0qBFJOQlcwqYrC1QZIlj9QQVi-AWACag1BTExfSU5DTFVTSVZFahcyOTYsMzgwLDQ3Nyw0ODMsNDg0LDQ4NXI8lgGeARUHFwBYCApdQOsGEcYyGb0iTKg3ENQOU4F1UgBLsS9hAF_twiQP6PkbHTMgscyRCQ0AAg5jAQIFtloBbg/ofertasv/?filter[tourOperator]=RNBW&filter%5Bperson%5D=2&filter%5BchildAge%5D%5B1%5D=20201210&filter%5Bchild%5D=1"
"Dream Lagoon & Aqua Park Resort (ex. Floriana Dream Lagoon)","8197.0","29.09.2026 - 06.10.2026","8 dni/7 nocy","","4.3","4.3","5734","tripadvisor","Warszawa","2026-09-21T01:15:20.992660+00:00","https://fly.pl/szukaj-wycieczek/?filter[dest]=11:&filter[hotelids]=&filter[cityids]=0&filter[cregids]=&filter[ofrType]=&filter[addObjType]=&filter[whenFrom]=21-09-2026&filter[whenTo]=21-10-2026&filter[duration]=7:10&filter[from]=Warszawa%20-%20Modlin,Warszawa%20-%20Radom,Warszawa&filter[person]=2&filter[child]=1&filter[price]=4000:20000&filter[PriceFrom]=4000&filter[PriceTo]=20000&filter[addCategory]=50&filter[addCatering]=1&filter[addMisc]=0&filter[addTransport]=F&filter[fp]=1&order_by=ofr_price&filter[tourOperator]=0&filter[childAge][1]=20201210","https://fly.pl/cdn/photo/assets/uploads/582/278/2015/11/Future-Dream-Lagoon-ex.-Floriana-Dream-Lagoon-fly-pl.jpg","https://fly.pl/wycieczka/egipt,marsa-alam,c/floriana-dream-lagoon/pLCpjpbV6TaU5nfX2XvR5BAAogs_c3xOGMhr8uDlVXRWNkSk06hx9ocs0uTwVzFzEHmYkqBEVYSU0wqYrC1QZIhUBQAVi-AWACagJBSXIhHBGroQa5BL-dPqsEHBuZtCwY5_8uAbCg0o4IAgBjAQINLUQFIg/ofertasv/?filter[tourOperator]=EXIM&filter%5Bperson%5D=2&filter%5BchildAge%5D%5B1%5D=20201210&filter%5Bchild%5D=1"
"Rewaya Luxury Resort","8267.0","01.10.2026 - 08.10.2026","8 dni/7 nocy","","","","","","Warszawa - Radom","2026-09-21T01:15:20.992660+00:00","https://fly.pl/szukaj-wycieczek/?filter[dest]=11:&filter[hotelids]=&filter[cityids]=0&filter[cregids]=&filter[ofrType]=&filter[addObjType]=&filter[whenFrom]=21-09-2026&filter[whenTo]=21-10-2026&filter[duration]=7:10&filter[from]=Warszawa%20-%20Modlin,Warszawa%20-%20Radom,Warszawa&filter[person]=2&filter[child]=1&filter[price]=4000:20000&filter[PriceFrom]=4000&filter[PriceTo]=20000&filter[addCategory]=50&filter[addCatering]=1&filter[addMisc]=0&filter[addTransport]=F&filter[fp]=1&order_by=ofr_price&filter[tourOperator]=0&filter[childAge][1]=20201210","https://datacfstatic.merlinx.pl/OREX/IMG/7196/98632a66aafed855a3e14a56bb184588a24fd60292558013accfa38c141d9a9b.webp","https://fly.pl/wycieczka/egipt,hurghada,c/rewaya-luxury-resort-9/pM2vMN6kVhfKlYHATDAefyAAognRhp1ifD7n5hYXkS3uPQGptDSG7JGG1kLrratyRh_coqBE9SRVgwqYrC1QZIy0BQQVjuAWACagVFLjIuMXI1mwEVBxcAWAhWAlwIQMIGXdMOT2wRgiJT0HtSAF6vT0uBEmEATNG-OiCc_ZcJDQACEmMBAg3Spob5/ofertasv/?filter[tourOperator]=OREX&filter%5Bperson%5D=2&filter%5BchildAge%5D%5B1%5D=20201210&filter%5Bchild%5D=1"
"Rewaya Inn Resort (ex. Hawaii Paradise Aqua Park Resort)","8496.0","13.10.2026 - 20.10.2026","8 dni/7 nocy","","3.4","3.4","441","tripadvisor","Warszawa","2026-09-21T01:15:20.992660+00:00","https://fly.pl/szukaj-wycieczek/?filter[dest]=11:&filter[hotelids]=&filter[cityids]=0&filter[cregids]=&filter[ofrType]=&filter[addObjType]=&filter[whenFrom]=21-09-2026&filter[whenTo]=21-10-2026&filter[duration]=7:10&filter[from]=Warszawa%20-%20Modlin,Warszawa%20-%20Radom,Warszawa&filter[person]=2&filter[child]=1&filter[price]=4000:20000&filter[PriceFrom]=4000&filter[PriceTo]=20000&filter[addCategory]=50&filter[addCatering]=1&filter[addMisc]=0&filter[addTransport]=F&filter[fp]=1&order_by=ofr_price&filter[tourOperator]=0&filter[childAge][1]=20201210","https://fly.pl/cdn/photo/assets/uploads/582/278/2020/09/Hawaii-Paradise-Aqua-Park-Resort.jpg","https://fly.pl/wycieczka/egipt,hurghada,c/hawaii-paradise-aqua-park-resort-14/pdu2cidAjb7vrlws_S5etlAAogUUH-4BoGB7c6_W7xMZOlemqyvADKfxjztHOrlw2TEoUqBEpPSVAwqYrC1QZIsEJQQViOBGACagNDR21yQ5sBFAEVBhcAXANYBVYCQMoGT-IBXQBSr6sBUwBer09L7UNhABHEiwFMoYE5Daj9lwkgAAGzlbSAxYbMoDACDmMBAA0i0yi1/ofertasv/?filter[tourOperator]=JOIP&filter%5Bperson%5D=2&filter%5BchildAge%5D%5B1%5D=20201210&filter%5Bchild%5D=1"
"Sea Star Beau Rivage","8608.0","13.10.2026 - 20.10.2026","8 dni/7 nocy","","4.5","4.5","4318","tripadvisor","Warszawa","2026-09-21T01:15:20.992660+00:00","https://fly.pl/szukaj-wycieczek/?filter[dest]=11:&filter[hotelids]=&filter[cityids]=0&filter[cregids]=&filter[ofrType]=&filter[addObjType]=&filter[whenFrom]=21-09-2026&filter[whenTo]=21-10-2026&filter[duration]=7:10&filter[from]=Warszawa%20-%20Modlin,Warszawa%20-%20Radom,Warszawa&filter[person]=2&filter[child]=1&filter[price]=4000:20000&filter[PriceFrom]=4000&filter[PriceTo]=20000&filter[addCategory]=50&filter[addCatering]=1&filter[addMisc]=0&filter[addTransport]=F&filter[fp]=1&order_by=ofr_price&filter[tourOperator]=0&filter[childAge][1]=20201210","https://fly.pl/cdn/photo/assets/uploads/582/278/2014/07/Sea-Star-Beau-Rivage-fly-pl.jpg","https://fly.pl/wycieczka/egipt,hurghada,c/sea-star-beau-rivage/pHi7piB2n0WrWbAxJdhkY6AAogWzllsSxKLApvPTl2cC_E_WqyvADKfxjztHOrlw2TEoUqBEpPSVAwqYrC1QZIoENQQViOBGACagMwZmRyQpsBFAEVBhcAXANYBVYCQMoGT-IBXQBSr6sBUwARxxpe6DRL7UNhAEzljDoNqP2XCSAAAbbjgPDEhsygMAINYwEADMH3YdM/ofertasv/?filter[tourOperator]=JOIP&filter%5Bperson%5D=2&filter%5BchildAge%5D%5B1%5D=20201210&filter%5Bchild%5D=1"
"Movenpick Waterpark Resort & Spa Soma Bay","8672.0","11.10.2026 - 18.10.2026","8 dni/7 nocy","","4.3","4.3","4102","tripadvisor","Warszawa","2026-09-21T01:15:20.992660+00:00","https://fly.pl/szukaj-wycieczek/?filter[dest]=11:&filter[hotelids]=&filter[cityids]=0&filter[cregids]=&filter[ofrType]=&filter[addObjType]=&filter[whenFrom]=21-09-2026&filter[whenTo]=21-10-2026&filter[duration]=7:10&filter[from]=Warszawa%20-%20Modlin,Warszawa%20-%20Radom,Warszawa&filter[person]=2&filter[child]=1&filter[price]=4000:20000&filter[PriceFrom]=4000&filter[PriceTo]=20000&filter[addCategory]=50&filter[addCatering]=1&filter[addMisc]=0&filter[addTransport]=F&filter[fp]=1&order_by=ofr_price&filter[tourOperator]=0&filter[childAge][1]=20201210","https://fly.pl/cdn/photo/assets/uploads/582/278/2009/02/Movenpick-Soma-Bay2539.jpg","https://fly.pl/wycieczka/egipt,hurghada,c/movenpick-soma-bay/pC7lqEDS4eyCIgxpZESrKvAAog1xC40B2Cc-pKOz-wGL-X5wnbvZbIN9Wmp2d9VFEr-JIqBE9SRVgwqYrC1QZI4ENQQVjeA2ACagdCSzQuMi4xagMwOFlqAzA3WXI0mwGdAY8BFQcXAFwDWAVWAkDKBhESU_-sAVIAXq9PS-1DYQBM5Yw6IKb9lwkNAAISYwECC-sMzp8/ofertasv/?filter[tourOperator]=OREX&filter%5Bperson%5D=2&filter%5BchildAge%5D%5B1%5D=20201210&filter%5Bchild%5D=1"
"Xperience Kiroseiz Premier","8853.0","10.10.2026 - 17.10.2026","8 dni/7 nocy","","4.5","4.5","999","tripadvisor","Warszawa","2026-09-21T01:15:20.992660+00:00","https://fly.pl/szukaj-wycieczek/?filter[dest]=11:&filter[hotelids]=&filter[cityids]=0&filter[cregids]=&filter[ofrType]=&filter[addObjType]=&filter[whenFrom]=21-09-2026&filter[whenTo]=21-10-2026&filter[duration]=7:10&filter[from]=Warszawa%20-%20Modlin,Warszawa%20-%20Radom,Warszawa&filter[person]=2&filter[child]=1&filter[price]=4000:20000&filter[PriceFrom]=4000&filter[PriceTo]=20000&filter[addCategory]=50&filter[addCatering]=1&filter[addMisc]=0&filter[addTransport]=F&filter[fp]=1&order_by=ofr_price&filter[tourOperator]=0&filter[childAge][1]=20201210","https://fly.pl/cdn/photo/assets/uploads/582/278/2015/11/Xperience-Kiroseiz-Premier-fly-pl-3.jpg","https://fly.pl/wycieczka/egipt,sharm-el-sheikh,c/xperience-kiroseiz-premier/pA-0fOw0P8v1xVkT7euL3CAAogGoT9H0OXI1hh5IOf9xInhAAAAACZhAQAtoQEAAcAEgAqBFdFWlkwqYrC1QZIlUVQQVjGA2ADaglFbnRlciBBaXJqBDA4MDByQp4BlQEfAAIBHAAWBBcCEu0DGIUFE80BFMkEEcpqQMgHTKCiAU8AS8cjUAAbnDEd9ZAPIB0N3MfCCQESYwEMYwECBRCLMEs/ofertasv/?filter[tourOperator]=WEZY&filter%5Bperson%5D=2&filter%5BchildAge%5D%5B1%5D=20201210&filter%5Bchild%5D=1"
"Regency Plaza Aqua Park Spa","8857.0","29.09.2026 - 07.10.2026","9 dni/7 nocy","","4.1","4.1","6226","tripadvisor","Warszawa","2026-09-21T01:15:20.992660+00:00","https://fly.pl/szukaj-wycieczek/?filter[dest]=11:&filter[hotelids]=&filter[cityids]=0&filter[cregids]=&filter[ofrType]=&filter[addObjType]=&filter[whenFrom]=21-09-2026&filter[whenTo]=21-10-2026&filter[duration]=7:10&filter[from]=Warszawa%20-%20Modlin,Warszawa%20-%20Radom,Warszawa&filter[person]=2&filter[child]=1&filter[price]=4000:20000&filter[PriceFrom]=4000&filter[PriceTo]=20000&filter[addCategory]=50&filter[addCatering]=1&filter[addMisc]=0&filter[addTransport]=F&filter[fp]=1&order_by=ofr_price&filter[tourOperator]=0&filter[childAge][1]=20201210","https://fly.pl/cdn/photo/assets/uploads/582/278/2014/07/Regency-Plaza-Aqua-Park-Spa-fly-pl.jpg","https://fly.pl/wycieczka/egipt,sharm-el-sheikh,szarm-el-szejk/regency-plaza/pRQ8eFatUEcgw7rcHw7_d_AAog0y1ZOPlCYhahri9f6ANeBfx165SKMu3wZ5pxJ9Xdc08qBFZJVFgwqYrC1QZImUVQQVi-AWACckAaABUHFwBcA1gFQI8DW6eGAV7WeVKmIFMAS8cjYQBMsbU5DYjUmAkgAVGo9Yaz6QFPt_oNXYTO6rwcAg5jAQINJotU2g/ofertasv/?filter[tourOperator]=VITX&filter%5Bperson%5D=2&filter%5BchildAge%5D%5B1%5D=20201210&filter%5Bchild%5D=1"
"Radisson Individuals Marina Port Ghalib (ex. Sunrise Marina Resort)","8890.0","29.09.2026 - 06.10.2026","8 dni/7 nocy","","4.6","4.6","3576","tripadvisor","Warszawa","2026-09-21T01:15:20.992660+00:00","https://fly.pl/szukaj-wycieczek/?filter[dest]=11:&filter[hotelids]=&filter[cityids]=0&filter[cregids]=&filter[ofrType]=&filter[addObjType]=&filter[whenFrom]=21-09-2026&filter[whenTo]=21-10-2026&filter[duration]=7:10&filter[from]=Warszawa%20-%20Modlin,Warszawa%20-%20Radom,Warszawa&filter[person]=2&filter[child]=1&filter[price]=4000:20000&filter[PriceFrom]=4000&filter[PriceTo]=20000&filter[addCategory]=50&filter[addCatering]=1&filter[addMisc]=0&filter[addTransport]=F&filter[fp]=1&order_by=ofr_price&filter[tourOperator]=0&filter[childAge][1]=20201210","https://fly.pl/cdn/photo/assets/uploads/582/278/2015/04/RADISSON-INDIVIDUALS-MARINA.jpg","https://fly.pl/wycieczka/egipt,marsa-alam,port-ghalib/rehana-port-ghalib-resort/pOxxEt60QelQ4C2x2Tc1JKAAogz4KvC2qAwQghqpPDlTjwaOhm0Gqq_jkTT4bGm3434U0qBFJOQlcwqYrC1QZIukVQQVi-AWACagREUTBkag1BTExfSU5DTFVTSVZFahcyOTYsMzgwLDQ3Nyw0ODMsNDg0LDQ4NXI8nwGWAZ4BFQcXAFgICs0BQPsFEdAsGbMoEMgdTOAZU9WDAVIAS7EvYQAP1bxAHTMgscyRCQ0AAg5jAQIFjzw9kg/ofertasv/?filter[tourOperator]=RNBW&filter%5Bperson%5D=2&filter%5BchildAge%5D%5B1%5D=20201210&filter%5Bchild%5D=1"
"AMC Royal Hotel & Spa (ex. AMC Azur Resort)","8939.0","01.10.2026 - 08.10.2026","8 dni/7 nocy","","4.4","4.4","3070","tripadvisor","Warszawa","2026-09-21T01:15:20.992660+00:00","https://fly.pl/szukaj-wycieczek/?filter[dest]=11:&filter[hotelids]=&filter[cityids]=0&filter[cregids]=&filter[ofrType]=&filter[addObjType]=&filter[whenFrom]=21-09-2026&filter[whenTo]=21-10-2026&filter[duration]=7:10&filter[from]=Warszawa%20-%20Modlin,Warszawa%20-%20Radom,Warszawa&filter[person]=2&filter[child]=1&filter[price]=4000:20000&filter[PriceFrom]=4000&filter[PriceTo]=20000&filter[addCategory]=50&filter[addCatering]=1&filter[addMisc]=0&filter[addTransport]=F&filter[fp]=1&order_by=ofr_price&filter[tourOperator]=0&filter[childAge][1]=20201210","https://fly.pl/cdn/photo/assets/uploads/582/278/2014/07/AMC-Royal-Resort.jpg","https://fly.pl/wycieczka/egipt,hurghada,c/amc-royal-ex-amc-azur-resort/pLdwuLJ9Gms5IGyhM6cbhuAAogM9T2hbCWUfXhfwaq3qwgSZqsndZxwS8Zs5GLln_tb9oqBFJOQlcwqYrC1QZI60VQQVjuAWACagRCd2Nkag1BTExfSU5DTFVTSVZFahcyOTYsMzgwLDQ3Nyw0ODMsNDg0LDQ4NWoTNDAyLDQwNiw0NzMsNDk3LDQ5OXI-nwGWAZ4BlAEVBxcAWAgK0AFA-AURswIZulIQwQZM3S9TiiFSAEuckwFhAB3k8j8POSDklpIJDQACDGMBAgWXbIB0/ofertasv/?filter[tourOperator]=RNBW&filter%5Bperson%5D=2&filter%5BchildAge%5D%5B1%5D=20201210&filter%5Bchild%5D=1"
"Royal Brayka Beach Resort (ex Zee Brayka)","8957.0","09.10.2026 - 16.10.2026","8 dni/7 nocy","","4.4","4.4","2528","tripadvisor","Warszawa","2026-09-21T01:15:20.992660+00:00","https://fly.pl/szukaj-wycieczek/?filter[dest]=11:&filter[hotelids]=&filter[cityids]=0&filter[cregids]=&filter[ofrType]=&filter[addObjType]=&filter[whenFrom]=21-09-2026&filter[whenTo]=21-10-2026&filter[duration]=7:10&filter[from]=Warszawa%20-%20Modlin,Warszawa%20-%20Radom,Warszawa&filter[person]=2&filter[child]=1&filter[price]=4000:20000&filter[PriceFrom]=4000&filter[PriceTo]=20000&filter[addCategory]=50&filter[addCatering]=1&filter[addMisc]=0&filter[addTransport]=F&filter[fp]=1&order_by=ofr_price&filter[tourOperator]=0&filter[childAge][1]=20201210","https://fly.pl/cdn/photo/assets/uploads/582/278/2014/07/Royal-Brayka-Resort.jpg","https://fly.pl/wycieczka/egipt,marsa-alam,c/royal-brayka-resort/pECqwOozFRZE-DCVmWJ4_tAAogGidg5iOWtKK5BB3zijaneaBkRYL7fM1lb2Oh4oBctUgqBFZJVFgwqYrC1QZI_UVQQViuA2ACckAaABUHFwBcA1gFQI8DW6eGAV7WeVK8FFMAS7EvYQBMsLU5DdnUmAkgAFGBi7_23wFPlJANXZz4r_klAg5jAQINBmbRdg/ofertasv/?filter[tourOperator]=VITX&filter%5Bperson%5D=2&filter%5BchildAge%5D%5B1%5D=20201210&filter%5Bchild%5D=1"
"Stella Gardens Resort & Spa (ex Stella Di Mare Gardens)","8968.0","13.10.2026 - 20.10.2026","8 dni/7 nocy","","4.5","4.5","2781","tripadvisor","Warszawa","2026-09-21T01:15:20.992660+00:00","https://fly.pl/szukaj-wycieczek/?filter[dest]=11:&filter[hotelids]=&filter[cityids]=0&filter[cregids]=&filter[ofrType]=&filter[addObjType]=&filter[whenFrom]=21-09-2026&filter[whenTo]=21-10-2026&filter[duration]=7:10&filter[from]=Warszawa%20-%20Modlin,Warszawa%20-%20Radom,Warszawa&filter[person]=2&filter[child]=1&filter[price]=4000:20000&filter[PriceFrom]=4000&filter[PriceTo]=20000&filter[addCategory]=50&filter[addCatering]=1&filter[addMisc]=0&filter[addTransport]=F&filter[fp]=1&order_by=ofr_price&filter[tourOperator]=0&filter[childAge][1]=20201210","https://fly.pl/cdn/photo/assets/uploads/582/278/2014/10/Stella-Di-Mare-Gardens-Resort-Spa.jpg","https://fly.pl/wycieczka/egipt,hurghada,makadi-bay/stella-makadi-garden/p8LV1mwllFppz5U_7-ouxKAAog3b7o2x_OmWTihTvjnxAouGqyvADKfxjztHOrlw2TEoUqBEpPSVAwqYrC1QZIiEZQQViOBGACagMwMEZyQpsBFAEVBhcAXANYBVYCQMoGT-IBXQBSr6sBUwARxjBe6R5L7UNhAEzljDoNqP2XCSAAAaCX4ODEhsygMAIOYwEADboFCFQ/ofertasv/?filter[tourOperator]=JOIP&filter%5Bperson%5D=2&filter%5BchildAge%5D%5B1%5D=20201210&filter%5Bchild%5D=1"
"Jaz Neo Naama Bay","9095.0","10.10.2026 - 17.10.2026","8 dni/7 nocy","","4.7","4.7","4830","tripadvisor","Warszawa","2026-09-21T01:15:20.992660+00:00","https://fly.pl/szukaj-wycieczek/?filter[dest]=11:&filter[hotelids]=&filter[cityids]=0&filter[cregids]=&filter[ofrType]=&filter[addObjType]=&filter[whenFrom]=21-09-2026&filter[whenTo]=21-10-2026&filter[duration]=7:10&filter[from]=Warszawa%20-%20Modlin,Warszawa%20-%20Radom,Warszawa&filter[person]=2&filter[child]=1&filter[price]=4000:20000&filter[PriceFrom]=4000&filter[PriceTo]=20000&filter[addCategory]=50&filter[addCatering]=1&filter[addMisc]=0&filter[addTransport]=F&filter[fp]=1&order_by=ofr_price&filter[tourOperator]=0&filter[childAge][1]=20201210","https://fly.pl/cdn/photo/assets/uploads/582/278/2014/10/Sol-Y-Mar-Naama-Bay.jpg","https://fly.pl/wycieczka/egipt,sharm-el-sheikh,c/sol-y-mar-naama-bay/pFyEGjlwGhlA35pMaGyL-QAAogu13rjxn7-_0ajn_ZuyFmJAAAAACZhAQAtoQEAAcAEgAqBFdFWlkwqYrC1QZIh0dQQVjGA2ADaglFbnRlciBBaXJqBDA4MDByQ54BlQEfAAIBHAAWBBcCEu0DGIUFE80BFMkEEbgPQNpiTKCiAU8AS8cjUAAbxYQCHcy9DSAdDdzHwgkBEmMBDWMBAwWGoGRy/ofertasv/?filter[tourOperator]=WEZY&filter%5Bperson%5D=2&filter%5BchildAge%5D%5B1%5D=20201210&filter%5Bchild%5D=1"
"Xperience Kiroseiz Parkland","9095.0","10.10.2026 - 17.10.2026","8 dni/7 nocy","","4.5","4.5","3121","tripadvisor","Warszawa","2026-09-21T01:15:20.992660+00:00","https://fly.pl/szukaj-wycieczek/?filter[dest]=11:&filter[hotelids]=&filter[cityids]=0&filter[cregids]=&filter[ofrType]=&filter[addObjType]=&filter[whenFrom]=21-09-2026&filter[whenTo]=21-10-2026&filter[duration]=7:10&filter[from]=Warszawa%20-%20Modlin,Warszawa%20-%20Radom,Warszawa&filter[person]=2&filter[child]=1&filter[price]=4000:20000&filter[PriceFrom]=4000&filter[PriceTo]=20000&filter[addCategory]=50&filter[addCatering]=1&filter[addMisc]=0&filter[addTransport]=F&filter[fp]=1&order_by=ofr_price&filter[tourOperator]=0&filter[childAge][1]=20201210","https://fly.pl/cdn/photo/assets/uploads/582/278/2014/06/Xperience-Kiroseiz-Parkland-fly-pl.jpg","https://fly.pl/wycieczka/egipt,sharm-el-sheikh,c/xperience-kiroseiz-parkland/pNr6dKjkLjTTwXyfJ4Z5TWAAog5bD_kaJOMDQ0iZsdUgap8QAAAACZhAQAtoQEAAcAEgAqBFdFWlkwqYrC1QZIh0dQQVjGA2ADaglFbnRlciBBaXJqBDA4MDByQp4BlQEfABwBAgAWBBcCEY8BEt4CGIUFE80BFMkEQJJyTKCiAU8AS8cjUAAbnDEd9ZAPIB0N3MfCCQESYwEMYwECBetwq4g/ofertasv/?filter[tourOperator]=WEZY&filter%5Bperson%5D=2&filter%5BchildAge%5D%5B1%5D=20201210&filter%5Bchild%5D=1"
"Concorde El Salam Sport","9156.0","10.10.2026 - 17.10.2026","8 dni/7 nocy","","4.8","4.8","1494","tripadvisor","Warszawa","2026-09-21T01:15:20.992660+00:00","https://fly.pl/szukaj-wycieczek/?filter[dest]=11:&filter[hotelids]=&filter[cityids]=0&filter[cregids]=&filter[ofrType]=&filter[addObjType]=&filter[whenFrom]=21-09-2026&filter[whenTo]=21-10-2026&filter[duration]=7:10&filter[from]=Warszawa%20-%20Modlin,Warszawa%20-%20Radom,Warszawa&filter[person]=2&filter[child]=1&filter[price]=4000:20000&filter[PriceFrom]=4000&filter[PriceTo]=20000&filter[addCategory]=50&filter[addCatering]=1&filter[addMisc]=0&filter[addTransport]=F&filter[fp]=1&order_by=ofr_price&filter[tourOperator]=0&filter[childAge][1]=20201210","https://fly.pl/cdn/photo/assets/uploads/582/278/2024/07/concorde-el-salam-sport.jpg","https://fly.pl/wycieczka/egipt,sharm-el-sheikh,szarm-el-szejk/concorde-el-salam-sport-15/pxIpWWh9Q95QH8HH47CurkAAog1ZL7qsPZBWDtfXJcSXPNPAAAAACZhAQAtoQEAAcAEgAqBFdFWlkwqYrC1QZIxEdQQVjGA2ADaglFbnRlciBBaXJqBDA4MDByQ54BlQEfAAIBHAAWBBcCEu0DGIUFE80BFMkEEeYQQKxhTKCiAU8AS8cjUAAbtIMCHd2-DSAdDdzHwgkBEmMBDGMBAgXmP9Y_/ofertasv/?filter[tourOperator]=WEZY&filter%5Bperson%5D=2&filter%5BchildAge%5D%5B1%5D=20201210&filter%5Bchild%5D=1"
"Dreams Beach Sharm Resort (Sharm El Sheikh)","9163.0","10.10.2026 - 17.10.2026","8 dni/7 nocy","","3.9","3.9","2651","tripadvisor","Warszawa","2026-09-21T01:15:20.992660+00:00","https://fly.pl/szukaj-wycieczek/?filter[dest]=11:&filter[hotelids]=&filter[cityids]=0&filter[cregids]=&filter[ofrType]=&filter[addObjType]=&filter[whenFrom]=21-09-2026&filter[whenTo]=21-10-2026&filter[duration]=7:10&filter[from]=Warszawa%20-%20Modlin,Warszawa%20-%20Radom,Warszawa&filter[person]=2&filter[child]=1&filter[price]=4000:20000&filter[PriceFrom]=4000&filter[PriceTo]=20000&filter[addCategory]=50&filter[addCatering]=1&filter[addMisc]=0&filter[addTransport]=F&filter[fp]=1&order_by=ofr_price&filter[tourOperator]=0&filter[childAge][1]=20201210","https://fly.pl/cdn/photo/assets/uploads/582/278/2014/07/Dreams-Beach-Resort.jpg","https://fly.pl/wycieczka/egipt,sharm-el-sheikh,szarm-el-szejk/dreams-beach-sharm-el-sheikh/pf5tvZQDAyY8AqhwarVzwvAAognPhI-USuosLanEdPhqskiAAAAACZhAQAtoQEAAcAEgAqBFdFWlkwqYrC1QZIy0dQQVjGA2ADaglFbnRlciBBaXJqBDA4MDByQp4BlQEfABwBAgAWBBcCETISuwMYhQUTzQEUyQRAknJMoKIBTwBLxyNQABup9wMd6MoLIB0N3MfCCQESYwENYwECBaPwS8k/ofertasv/?filter[tourOperator]=WEZY&filter%5Bperson%5D=2&filter%5BchildAge%5D%5B1%5D=20201210&filter%5Bchild%5D=1"
"Parrotel Beach Resort (ex. Radisson Blu)","9163.0","10.10.2026 - 17.10.2026","8 dni/7 nocy","","4.4","4.4","7007","tripadvisor","Warszawa","2026-09-21T01:15:20.992660+00:00","https://fly.pl/szukaj-wycieczek/?filter[dest]=11:&filter[hotelids]=&filter[cityids]=0&filter[cregids]=&filter[ofrType]=&filter[addObjType]=&filter[whenFrom]=21-09-2026&filter[whenTo]=21-10-2026&filter[duration]=7:10&filter[from]=Warszawa%20-%20Modlin,Warszawa%20-%20Radom,Warszawa&filter[person]=2&filter[child]=1&filter[price]=4000:20000&filter[PriceFrom]=4000&filter[PriceTo]=20000&filter[addCategory]=50&filter[addCatering]=1&filter[addMisc]=0&filter[addTransport]=F&filter[fp]=1&order_by=ofr_price&filter[tourOperator]=0&filter[childAge][1]=20201210","https://fly.pl/cdn/photo/assets/uploads/582/278/2014/07/Parrotel-Beach-Resort.jpg","https://fly.pl/wycieczka/egipt,sharm-el-sheikh,c/radisson-blu-resort-sharm-el-sheikh/pl8hGjcTN1GxJ9M6CQASUwAAogAtR3t_uNaO1_NQF36m_bBwAAAACZhAQAtoQEAAcAEgAqBFdFWlkwqYrC1QZIy0dQQVjGA2ADaglFbnRlciBBaXJqBDA4MDByQp4BlQEfABwBAgAWBBcCEXwS8QIYhQUTzQEUyQRAknJMoKIBTwBLxyNQABvBgQId0MANIB0N3MfCCQESYwEOYwECBjwVZ1E/ofertasv/?filter[tourOperator]=WEZY&filter%5Bperson%5D=2&filter%5BchildAge%5D%5B1%5D=20201210&filter%5Bchild%5D=1"
"Creek Hotel and Residences","9189.0","01.10.2026 - 08.10.2026","8 dni/7 nocy","","4.8","4.8","219","tripadvisor","Warszawa - Radom","2026-09-21T01:15:20.992660+00:00","https://fly.pl/szukaj-wycieczek/?filter[dest]=11:&filter[hotelids]=&filter[cityids]=0&filter[cregids]=&filter[ofrType]=&filter[addObjType]=&filter[whenFrom]=21-09-2026&filter[whenTo]=21-10-2026&filter[duration]=7:10&filter[from]=Warszawa%20-%20Modlin,Warszawa%20-%20Radom,Warszawa&filter[person]=2&filter[child]=1&filter[price]=4000:20000&filter[PriceFrom]=4000&filter[PriceTo]=20000&filter[addCategory]=50&filter[addCatering]=1&filter[addMisc]=0&filter[addTransport]=F&filter[fp]=1&order_by=ofr_price&filter[tourOperator]=0&filter[childAge][1]=20201210","https://fly.pl/cdn/photo/assets/uploads/582/278/2024/07/creek-hotel-residences.jpg","https://fly.pl/wycieczka/egipt,hurghada,al-dzuna/creek-hotel-residences-9/po9Q5M5byVkszvlejYjp-sAAogQIxuNaKCn6l5hB_Z_qyL-5tDSG7JGG1kLrratyRh_coqBE9SRVgwqYrC1QZI5UdQQVjuAWACagdNMkUuMi4xcjabARUHFwBcA1gFVgJAygZd0w5PbBGCB1PQlgFSAF6vT0uBEmEATNG-OiCc_ZcJDQACEmMBAgsJHa5G/ofertasv/?filter[tourOperator]=OREX&filter%5Bperson%5D=2&filter%5BchildAge%5D%5B1%5D=20201210&filter%5Bchild%5D=1"
"Stella Beach Resort & Spa","9300.0","13.10.2026 - 20.10.2026","8 dni/7 nocy","","4.4","4.4","6881","tripadvisor","Warszawa","2026-09-21T01:15:20.992660+00:00","https://fly.pl/szukaj-wycieczek/?filter[dest]=11:&filter[hotelids]=&filter[cityids]=0&filter[cregids]=&filter[ofrType]=&filter[addObjType]=&filter[whenFrom]=21-09-2026&filter[whenTo]=21-10-2026&filter[duration]=7:10&filter[from]=Warszawa%20-%20Modlin,Warszawa%20-%20Radom,Warszawa&filter[person]=2&filter[child]=1&filter[price]=4000:20000&filter[PriceFrom]=4000&filter[PriceTo]=20000&filter[addCategory]=50&filter[addCatering]=1&filter[addMisc]=0&filter[addTransport]=F&filter[fp]=1&order_by=ofr_price&filter[tourOperator]=0&filter[childAge][1]=20201210","https://fly.pl/cdn/photo/assets/uploads/582/278/2014/10/Stella-Di-Mare-Beach-Resort-Spa.jpg","https://fly.pl/wycieczka/egipt,hurghada,makadi-bay/stella-makadi-resort/ps1NuM3Kt2bIohn7mfNLoLAAog0x33N-EtGFJwmDv8pzIhI2qyvADKfxjztHOrlw2TEoUqBEpPSVAwqYrC1QZI1EhQQViOBGACagMwRkhyQpsBFAEVBhcAXANYBVYCQMoGT-IBXQBSr6sBUwBer08RkSxL3BdhAEzljDoNqP2XCSAAAb2P-NDEhsygMAIOYwEADW6BZDY/ofertasv/?filter[tourOperator]=JOIP&filter%5Bperson%5D=2&filter%5BchildAge%5D%5B1%5D=20201210&filter%5Bchild%5D=1"
"Gemma Resort (ex. Labranda Gemma Premium Resort)","9322.0","11.10.2026 - 18.10.2026","8 dni/7 nocy","","4.5","4.5","5582","tripadvisor","Warszawa","2026-09-21T01:15:20.992660+00:00","https://fly.pl/szukaj-wycieczek/?filter[dest]=11:&filter[hotelids]=&filter[cityids]=0&filter[cregids]=&filter[ofrType]=&filter[addObjType]=&filter[whenFrom]=21-09-2026&filter[whenTo]=21-10-2026&filter[duration]=7:10&filter[from]=Warszawa%20-%20Modlin,Warszawa%20-%20Radom,Warszawa&filter[person]=2&filter[child]=1&filter[price]=4000:20000&filter[PriceFrom]=4000&filter[PriceTo]=20000&filter[addCategory]=50&filter[addCatering]=1&filter[addMisc]=0&filter[addTransport]=F&filter[fp]=1&order_by=ofr_price&filter[tourOperator]=0&filter[childAge][1]=20201210","https://fly.pl/cdn/photo/assets/uploads/582/278/2015/06/Gemma-Resort.jpg","https://fly.pl/wycieczka/egipt,marsa-alam,c/gemma-resort/p0dmXpiaASzds1B1ViSG6pAAogaVPXdyVtXuaEQ6I-siYA8wAAAAAagwQANoMEAAcAAQAqBFdFWlkwqYrC1QZI6khQQVjeA2ADaglFbnRlciBBaXJqBDAwNTByQp4BlAEfAAIBHAAWBBcCEu0DFdoFGJ8DE8MBEf5IQPMpTLaWAU8AS7EvUAAb5DEdro0PIBwN3crCCQESYwEOYwECBpmaUF0/ofertasv/?filter[tourOperator]=WEZY&filter%5Bperson%5D=2&filter%5BchildAge%5D%5B1%5D=20201210&filter%5Bchild%5D=1"
"The Cascades Golf Resort Spa & Thalasso (ex Westin Soma Bay)","9332.0","29.09.2026 - 06.10.2026","8 dni/7 nocy","","4.4","4.4","284","tripadvisor","Warszawa","2026-09-21T01:15:20.992660+00:00","https://fly.pl/szukaj-wycieczek/?filter[dest]=11:&filter[hotelids]=&filter[cityids]=0&filter[cregids]=&filter[ofrType]=&filter[addObjType]=&filter[whenFrom]=21-09-2026&filter[whenTo]=21-10-2026&filter[duration]=7:10&filter[from]=Warszawa%20-%20Modlin,Warszawa%20-%20Radom,Warszawa&filter[person]=2&filter[child]=1&filter[price]=4000:20000&filter[PriceFrom]=4000&filter[PriceTo]=20000&filter[addCategory]=50&filter[addCatering]=1&filter[addMisc]=0&filter[addTransport]=F&filter[fp]=1&order_by=ofr_price&filter[tourOperator]=0&filter[childAge][1]=20201210","https://fly.pl/cdn/photo/assets/uploads/582/278/2014/10/The-Cascades-Golf-Resort-Spa-Thalasso.jpg","https://fly.pl/wycieczka/egipt,hurghada,soma-bay/la-residence-des-cascades/pGtvjy0HMH7ys4EUGXON9eAAogZ4DIr8aqmC4xEm2LS5ny2uErWs0tVGkUnula-RMaXKwqBEpPSVAwqYrC1QZI9EhQQVi-AWACckIUARUGFwBcA1gFVgJAygZd4gFPAFu1UlP6WFIAXq9PS-1DYQARrCxMueA5INT8lwkNAAHy4fCP04bMoDACDWMBAAxX1ThS/ofertasv/?filter[tourOperator]=JOIP&filter%5Bperson%5D=2&filter%5BchildAge%5D%5B1%5D=20201210&filter%5Bchild%5D=1"
"Novotel Marsa Alam","9357.0","10.10.2026 - 17.10.2026","8 dni/7 nocy","","4.5","4.5","3682","tripadvisor","Warszawa","2026-09-21T01:15:20.992660+00:00","https://fly.pl/szukaj-wycieczek/?filter[dest]=11:&filter[hotelids]=&filter[cityids]=0&filter[cregids]=&filter[ofrType]=&filter[addObjType]=&filter[whenFrom]=21-09-2026&filter[whenTo]=21-10-2026&filter[duration]=7:10&filter[from]=Warszawa%20-%20Modlin,Warszawa%20-%20Radom,Warszawa&filter[person]=2&filter[child]=1&filter[price]=4000:20000&filter[PriceFrom]=4000&filter[PriceTo]=20000&filter[addCategory]=50&filter[addCatering]=1&filter[addMisc]=0&filter[addTransport]=F&filter[fp]=1&order_by=ofr_price&filter[tourOperator]=0&filter[childAge][1]=20201210","https://fly.pl/cdn/photo/assets/uploads/582/278/2015/09/Novotel-Marsa-Alam.jpg","https://fly.pl/wycieczka/egipt,marsa-alam,c/novotel-marsa-alam/pIUU2CsgB39rs7ktPWCYQpAAogL0VmEuN_Q5rKDy8zwIMNo7sPv7TmHl8IDJKQSmzMsJwqBFZJVFgwqYrC1QZIjUlQQVjGA2ACckAaABUHFwBcA1gFQI8DW4-JAV7udlK8FFMAS7EvYQBMjrU5DfzUmAkgAFGi2LP23wFP8MIYXZz4r_klAg5jAQINVRbFCA/ofertasv/?filter[tourOperator]=VITX&filter%5Bperson%5D=2&filter%5BchildAge%5D%5B1%5D=20201210&filter%5Bchild%5D=1"
"Concorde Moreen Beach Resort & Spa","9357.0","10.10.2026 - 17.10.2026","8 dni/7 nocy","","4.5","4.5","5598","tripadvisor","Warszawa","2026-09-21T01:15:20.992660+00:00","https://fly.pl/szukaj-wycieczek/?filter[dest]=11:&filter[hotelids]=&filter[cityids]=0&filter[cregids]=&filter[ofrType]=&filter[addObjType]=&filter[whenFrom]=21-09-2026&filter[whenTo]=21-10-2026&filter[duration]=7:10&filter[from]=Warszawa%20-%20Modlin,Warszawa%20-%20Radom,Warszawa&filter[person]=2&filter[child]=1&filter[price]=4000:20000&filter[PriceFrom]=4000&filter[PriceTo]=20000&filter[addCategory]=50&filter[addCatering]=1&filter[addMisc]=0&filter[addTransport]=F&filter[fp]=1&order_by=ofr_price&filter[tourOperator]=0&filter[childAge][1]=20201210","https://fly.pl/cdn/photo/assets/uploads/582/278/2014/07/Concorde-Moreen-Beach-Resort-Spa-fly-pl.jpg","https://fly.pl/wycieczka/egipt,marsa-alam,c/concorde-moreen-beach-spa-resort/p3XAsj6sMf5F07qZoc8zFRAAogDLWtVQNRi8QNNU_7luho6sAJsR-KvlPQnSDke2jEJ7oqBFZJVFgwqYrC1QZIjUlQQVjGA2ACckAaABUHFwBcA1gFQI8DW5eFAV7melK8FFMAS7EvYQBM77Q5DZvVmAkgAFG2rJT23wFP2-43XZz4r_klAgxjAQILN2fDig/ofertasv/?filter[tourOperator]=VITX&filter%5Bperson%5D=2&filter%5BchildAge%5D%5B1%5D=20201210&filter%5Bchild%5D=1"
"Sentido Akassia Beach (ex. LTI Akassia Beach)","9365.0","10.10.2026 - 17.10.2026","8 dni/7 nocy","","4.4","4.4","2309","tripadvisor","Warszawa","2026-09-21T01:15:20.992660+00:00","https://fly.pl/szukaj-wycieczek/?filter[dest]=11:&filter[hotelids]=&filter[cityids]=0&filter[cregids]=&filter[ofrType]=&filter[addObjType]=&filter[whenFrom]=21-09-2026&filter[whenTo]=21-10-2026&filter[duration]=7:10&filter[from]=Warszawa%20-%20Modlin,Warszawa%20-%20Radom,Warszawa&filter[person]=2&filter[child]=1&filter[price]=4000:20000&filter[PriceFrom]=4000&filter[PriceTo]=20000&filter[addCategory]=50&filter[addCatering]=1&filter[addMisc]=0&filter[addTransport]=F&filter[fp]=1&order_by=ofr_price&filter[tourOperator]=0&filter[childAge][1]=20201210","https://fly.pl/cdn/photo/assets/uploads/582/278/2014/09/Sentido-Akassia-Beach.jpg","https://fly.pl/wycieczka/egipt,marsa-alam,c/lti-akassia-beach-2/pmmFU7U6TemHp6FWuJgzHtAAogWsj03FuK88D0OuhDCSx3Ny063im2E1E-fA40Cv_wUOwqBE9SRVgwqYrC1QZIlUlQQVjGA2ACagYxUy4yLjFyNZsBFQcXAFwDWAVWAhEmQKQGXYMkTyRemdgBU7wUUgBLsS9hAEzljDogpf2XCQ0AAhJjAQINDjrgLQ/ofertasv/?filter[tourOperator]=OREX&filter%5Bperson%5D=2&filter%5BchildAge%5D%5B1%5D=20201210&filter%5Bchild%5D=1"
"Gravity Hotel & Aquapark Hurghada (ex. Samra Bay Resort)","9386.0","13.10.2026 - 20.10.2026","8 dni/7 nocy","","","","","","Warszawa","2026-09-21T01:15:20.992660+00:00","https://fly.pl/szukaj-wycieczek/?filter[dest]=11:&filter[hotelids]=&filter[cityids]=0&filter[cregids]=&filter[ofrType]=&filter[addObjType]=&filter[whenFrom]=21-09-2026&filter[whenTo]=21-10-2026&filter[duration]=7:10&filter[from]=Warszawa%20-%20Modlin,Warszawa%20-%20Radom,Warszawa&filter[person]=2&filter[child]=1&filter[price]=4000:20000&filter[PriceFrom]=4000&filter[PriceTo]=20000&filter[addCategory]=50&filter[addCatering]=1&filter[addMisc]=0&filter[addTransport]=F&filter[fp]=1&order_by=ofr_price&filter[tourOperator]=0&filter[childAge][1]=20201210","https://fly.pl/cdn/photo/assets/uploads/582/278/2017/04/Gravity-Hotel-Aquapark-Hurghada.jpg","https://fly.pl/wycieczka/egipt,hurghada,c/samra-bay-resort/p2cBBaZolEHGh0eVXEo7wDAAoguHhLBhDzhdphd211mkSAfmqyvADKfxjztHOrlw2TEoUqBEpPSVAwqYrC1QZIqklQQViOBGACagMwMllyQpsBFAEVBhcAXANYBVYCQMoGT-IBXQBSr6sBUwBer08RuD9LtQRhAEzljDoNqP2XCSAAAbKXiLiEic6gMAIOYwEADSQ17JM/ofertasv/?filter[tourOperator]=JOIP&filter%5Bperson%5D=2&filter%5BchildAge%5D%5B1%5D=20201210&filter%5Bchild%5D=1"
"Xperience Sea Breeze Resort","9398.0","10.10.2026 - 17.10.2026","8 dni/7 nocy","","4.7","4.7","11506","tripadvisor","Warszawa","2026-09-21T01:15:20.992660+00:00","https://fly.pl/szukaj-wycieczek/?filter[dest]=11:&filter[hotelids]=&filter[cityids]=0&filter[cregids]=&filter[ofrType]=&filter[addObjType]=&filter[whenFrom]=21-09-2026&filter[whenTo]=21-10-2026&filter[duration]=7:10&filter[from]=Warszawa%20-%20Modlin,Warszawa%20-%20Radom,Warszawa&filter[person]=2&filter[child]=1&filter[price]=4000:20000&filter[PriceFrom]=4000&filter[PriceTo]=20000&filter[addCategory]=50&filter[addCatering]=1&filter[addMisc]=0&filter[addTransport]=F&filter[fp]=1&order_by=ofr_price&filter[tourOperator]=0&filter[childAge][1]=20201210","https://fly.pl/cdn/photo/assets/uploads/582/278/2014/07/XPERIENCE-SEA-BREEZE-RESORT.jpg","https://fly.pl/wycieczka/egipt,sharm-el-sheikh,c/xperience-sea-breeze/phO-T471-IGXIfd_KcSyfIAAogz_NtT_Rsg9Fry8o3BTNsHQAAAACZhAQAtoQEAAcAEgAqBFdFWlkwqYrC1QZItklQQVjGA2ADaglFbnRlciBBaXJqBDA4MDByQp4BlQEfAAIBHAAWBBcCEu0DGIUFE80BFMkEEfQjQJ5OTKCiAU8AS8cjUAAbnDEd9ZAPIB0N3MfCCQESYwEMYwECBbCuEKc/ofertasv/?filter[tourOperator]=WEZY&filter%5Bperson%5D=2&filter%5BchildAge%5D%5B1%5D=20201210&filter%5Bchild%5D=1"
"Sharm Grand Plaza Resort","9398.0","10.10.2026 - 17.10.2026","8 dni/7 nocy","","4.4","4.4","9442","tripadvisor","Warszawa","2026-09-21T01:15:20.992660+00:00","https://fly.pl/szukaj-wycieczek/?filter[dest]=11:&filter[hotelids]=&filter[cityids]=0&filter[cregids]=&filter[ofrType]=&filter[addObjType]=&filter[whenFrom]=21-09-2026&filter[whenTo]=21-10-2026&filter[duration]=7:10&filter[from]=Warszawa%20-%20Modlin,Warszawa%20-%20Radom,Warszawa&filter[person]=2&filter[child]=1&filter[price]=4000:20000&filter[PriceFrom]=4000&filter[PriceTo]=20000&filter[addCategory]=50&filter[addCatering]=1&filter[addMisc]=0&filter[addTransport]=F&filter[fp]=1&order_by=ofr_price&filter[tourOperator]=0&filter[childAge][1]=20201210","https://fly.pl/cdn/photo/assets/uploads/582/278/2014/07/SHARM-GRAND-PLAZA-RESORT-1.jpg","https://fly.pl/wycieczka/egipt,sharm-el-sheikh,c/grand-plaza-resort/prxWKDcSnPneLi9I7WEGoLAAogUPkgU-aGsZ2uZ3l5MUHLnwAAAACZhAQAtoQEAAcAEgAqBFdFWlkwq4rC1QZItklQQVjGA2ADaglFbnRlciBBaXJqBDA4MDByQJ4BlQEfABwBAgAWBBcCETcbURLlAhiFBRPNARTJBECSck-gogFMAEvHI1AAHZHCDyAdDdzHwgkBEmMBDGMBAgUlV70v/ofertasv/?filter[tourOperator]=WEZY&filter%5Bperson%5D=2&filter%5BchildAge%5D%5B1%5D=20201210&filter%5Bchild%5D=1"
"Gravity Sahl Hasheesh (Ex. Ocean Breeze)","9406.0","01.10.2026 - 08.10.2026","8 dni/7 nocy","","4.7","4.7","3424","tripadvisor","Warszawa","2026-09-21T01:15:20.992660+00:00","https://fly.pl/szukaj-wycieczek/?filter[dest]=11:&filter[hotelids]=&filter[cityids]=0&filter[cregids]=&filter[ofrType]=&filter[addObjType]=&filter[whenFrom]=21-09-2026&filter[whenTo]=21-10-2026&filter[duration]=7:10&filter[from]=Warszawa%20-%20Modlin,Warszawa%20-%20Radom,Warszawa&filter[person]=2&filter[child]=1&filter[price]=4000:20000&filter[PriceFrom]=4000&filter[PriceTo]=20000&filter[addCategory]=50&filter[addCatering]=1&filter[addMisc]=0&filter[addTransport]=F&filter[fp]=1&order_by=ofr_price&filter[tourOperator]=0&filter[childAge][1]=20201210","https://fly.pl/cdn/photo/assets/uploads/582/278/2018/10/Gravity-Sahl-Hasheesh.jpg","https://fly.pl/wycieczka/egipt,hurghada,c/ocean-breeze/pBy_e9A7nLKS4hgm-obXm2AAogL_RCcqgBIBEGpElJt0lCGqpA2wg3UEYkGsJ-WJiwcd4qBFJOQlcwq4rC1QZIvklQQVjuAWACagRDQWdKag1BTExfSU5DTFVTSVZFahcyOTYsMzgwLDQ3Nyw0ODMsNDg0LDQ4NXI7nwGWAZ4BFQcXAFgIChhAsAcR0RwQ9R4ZpxlMnjZTiiFSAEuckwFhAB3k8j8POSDklpIJDQACDWMBAgaz6uj9/ofertasv/?filter[tourOperator]=RNBW&filter%5Bperson%5D=2&filter%5BchildAge%5D%5B1%5D=20201210&filter%5Bchild%5D=1"
"Rehana Royal Beach Resort & Spa","9414.0","11.10.2026 - 18.10.2026","8 dni/7 nocy","","4.3","4.3","4686","tripadvisor","Warszawa","2026-09-21T01:15:20.992660+00:00","https://fly.pl/szukaj-wycieczek/?filter[dest]=11:&filter[hotelids]=&filter[cityids]=0&filter[cregids]=&filter[ofrType]=&filter[addObjType]=&filter[whenFrom]=21-09-2026&filter[whenTo]=21-10-2026&filter[duration]=7:10&filter[from]=Warszawa%20-%20Modlin,Warszawa%20-%20Radom,Warszawa&filter[person]=2&filter[child]=1&filter[price]=4000:20000&filter[PriceFrom]=4000&filter[PriceTo]=20000&filter[addCategory]=50&filter[addCatering]=1&filter[addMisc]=0&filter[addTransport]=F&filter[fp]=1&order_by=ofr_price&filter[tourOperator]=0&filter[childAge][1]=20201210","https://fly.pl/cdn/photo/assets/uploads/582/278/2016/11/Rehana-Royal-Beach-Resort-amp-Spa.jpg","https://fly.pl/wycieczka/egipt,sharm-el-sheikh,c/rehana-royal-beach-resort-spa/pm0da-bXy8bpysT4Ou3F_2AAogDH7tKRZnTfyoBCAh7xvifAiPgYhrkVrHHSR3tH9QMnYqBEpPSVAwq4rC1QZIxklQQVjeA2ACagMwMHdyQpsBFAEVBhcAXANYBVYCQMoGT-IBXQAR88gBXusxUqYgUwBLxyNhAEzljDoNpv2XCSAAAaGf1PjEiMygMAINYwEADPlqMsw/ofertasv/?filter[tourOperator]=JOIP&filter%5Bperson%5D=2&filter%5BchildAge%5D%5B1%5D=20201210&filter%5Bchild%5D=1"
"Fantazia Resort","9443.0","26.09.2026 - 03.10.2026","8 dni/7 nocy","","4.4","4.4","5979","tripadvisor","Warszawa","2026-09-21T01:15:20.992660+00:00","https://fly.pl/szukaj-wycieczek/?filter[dest]=11:&filter[hotelids]=&filter[cityids]=0&filter[cregids]=&filter[ofrType]=&filter[addObjType]=&filter[whenFrom]=21-09-2026&filter[whenTo]=21-10-2026&filter[duration]=7:10&filter[from]=Warszawa%20-%20Modlin,Warszawa%20-%20Radom,Warszawa&filter[person]=2&filter[child]=1&filter[price]=4000:20000&filter[PriceFrom]=4000&filter[PriceTo]=20000&filter[addCategory]=50&filter[addCatering]=1&filter[addMisc]=0&filter[addTransport]=F&filter[fp]=1&order_by=ofr_price&filter[tourOperator]=0&filter[childAge][1]=20201210","https://fly.pl/cdn/photo/assets/uploads/582/278/2016/11/Fantazia-Resort.jpg","https://fly.pl/wycieczka/egipt,marsa-alam,c/fantazia-resort/pfiWePFH-bYmHUtTUscVHSAAogeaJibYF8-Iv1RbHrZ5tkuWN5nXJGiD9Rad5ib_UKovUqBFNGUEwwq4rC1QZI40lQQVh2YAJyIQsCFQUiBhInXMYCQC4Nls3UCVHplLsMW-jndQISYwECBdkDZiw/ofertasv/?filter[tourOperator]=SFPL&filter%5Bperson%5D=2&filter%5BchildAge%5D%5B1%5D=20201210&filter%5Bchild%5D=1"
"Titanic Beach Spa & Aqua Park","9457.0","24.09.2026 - 01.10.2026","8 dni/7 nocy","","4.3","4.3","7455","tripadvisor","Warszawa","2026-09-21T01:15:20.992660+00:00","https://fly.pl/szukaj-wycieczek/?filter[dest]=11:&filter[hotelids]=&filter[cityids]=0&filter[cregids]=&filter[ofrType]=&filter[addObjType]=&filter[whenFrom]=21-09-2026&filter[whenTo]=21-10-2026&filter[duration]=7:10&filter[from]=Warszawa%20-%20Modlin,Warszawa%20-%20Radom,Warszawa&filter[person]=2&filter[child]=1&filter[price]=4000:20000&filter[PriceFrom]=4000&filter[PriceTo]=20000&filter[addCategory]=50&filter[addCatering]=1&filter[addMisc]=0&filter[addTransport]=F&filter[fp]=1&order_by=ofr_price&filter[tourOperator]=0&filter[childAge][1]=20201210","https://fly.pl/cdn/photo/assets/uploads/582/278/2014/07/Titanic-Beach-Spa-Aqua-Park-fly-pl.jpg","https://fly.pl/wycieczka/egipt,hurghada,c/titanic-beach-spa/pMlYyOQJY6ewgc5e_W-MRMAAog35Ofdi8l3oYLM1e-D5nF2QuM1L66OETZDYRELv-baocqBFZJVFgwq4rC1QZI8UlQQVhGYAJyQBoAFQcXAFwDWAVAjwNbv4MBU48tUgBer09L7UNhAEyxtTkNg9SYCSAAUcKQ5fuPAU-j9QddkITz83UCDGMBAgvgG_rq/ofertasv/?filter[tourOperator]=VITX&filter%5Bperson%5D=2&filter%5BchildAge%5D%5B1%5D=20201210&filter%5Bchild%5D=1"
"Retac Qunay Dahab Resort & Spa","9464.0","11.10.2026 - 18.10.2026","8 dni/7 nocy","","4.3","4.3","1707","tripadvisor","Warszawa","2026-09-21T01:15:20.992660+00:00","https://fly.pl/szukaj-wycieczek/?filter[dest]=11:&filter[hotelids]=&filter[cityids]=0&filter[cregids]=&filter[ofrType]=&filter[addObjType]=&filter[whenFrom]=21-09-2026&filter[whenTo]=21-10-2026&filter[duration]=7:10&filter[from]=Warszawa%20-%20Modlin,Warszawa%20-%20Radom,Warszawa&filter[person]=2&filter[child]=1&filter[price]=4000:20000&filter[PriceFrom]=4000&filter[PriceTo]=20000&filter[addCategory]=50&filter[addCatering]=1&filter[addMisc]=0&filter[addTransport]=F&filter[fp]=1&order_by=ofr_price&filter[tourOperator]=0&filter[childAge][1]=20201210","https://fly.pl/cdn/photo/assets/uploads/582/278/2014/09/Retac-Qunay-Dahab.jpg","https://fly.pl/wycieczka/egipt,dahab,c/le-meridien-dahab-bay/pkiqJ46Ukj5edLi3oY8GAPAAogaYjHUiP2my3qB9g9uPSD4wiPgYhrkVrHHSR3tH9QMnYqBEpPSVAwq4rC1QZI-ElQQVjeA2ACagNDR21yQpsBFAEVBhcAXANYBVYCQMoGT-IBXQARrdEBXrEpUqYgUwBLxyNhAEzljDoNpv2XCSAAAbuT2JDFiMygMAINYwEAC_OZ-D0/ofertasv/?filter[tourOperator]=JOIP&filter%5Bperson%5D=2&filter%5BchildAge%5D%5B1%5D=20201210&filter%5Bchild%5D=1"
"Seven Seas Jolie Bay","9476.0","01.10.2026 - 08.10.2026","8 dni/7 nocy","","4.6","4.6","1518","tripadvisor","Warszawa","2026-09-21T01:15:20.992660+00:00","https://fly.pl/szukaj-wycieczek/?filter[dest]=11:&filter[hotelids]=&filter[cityids]=0&filter[cregids]=&filter[ofrType]=&filter[addObjType]=&filter[whenFrom]=21-09-2026&filter[whenTo]=21-10-2026&filter[duration]=7:10&filter[from]=Warszawa%20-%20Modlin,Warszawa%20-%20Radom,Warszawa&filter[person]=2&filter[child]=1&filter[price]=4000:20000&filter[PriceFrom]=4000&filter[PriceTo]=20000&filter[addCategory]=50&filter[addCatering]=1&filter[addMisc]=0&filter[addTransport]=F&filter[fp]=1&order_by=ofr_price&filter[tourOperator]=0&filter[childAge][1]=20201210","https://fly.pl/cdn/photo/assets/uploads/582/278/2022/03/Aqua-Mondo-Abu-Soma-Resort.jpg","https://fly.pl/wycieczka/egipt,hurghada,soma-bay/aqua-mondo-resort-14/p6gAQdprb0yI_EsVo15j-_AAogxc9-KBBUi93hzc4wCxkPpAAAAAAWiAQAMogEAAcAAQAqBFdFWlkwq4rC1QZIhEpQQVjuAWADahNMT1QgUG9saXNoIEFpcmxpbmVzckOeAR8AHAECABYAFwYS7QMTgwQUjQQVXxj3AkDHcUzLMk8AUJyTAUsAEcg_HcaJDyAcG8i1eQ2Pi8kIARJjAQxjAQILzwtvPA/ofertasv/?filter[tourOperator]=WEZY&filter%5Bperson%5D=2&filter%5BchildAge%5D%5B1%5D=20201210&filter%5Bchild%5D=1"
"Akassia Swiss Resort (ex. Calimera Club Akassia Swiss Resort)","9542.0","11.10.2026 - 18.10.2026","8 dni/7 nocy","","4.6","4.6","2607","tripadvisor","Warszawa","2026-09-21T01:15:20.992660+00:00","https://fly.pl/szukaj-wycieczek/?filter[dest]=11:&filter[hotelids]=&filter[cityids]=0&filter[cregids]=&filter[ofrType]=&filter[addObjType]=&filter[whenFrom]=21-09-2026&filter[whenTo]=21-10-2026&filter[duration]=7:10&filter[from]=Warszawa%20-%20Modlin,Warszawa%20-%20Radom,Warszawa&filter[person]=2&filter[child]=1&filter[price]=4000:20000&filter[PriceFrom]=4000&filter[PriceTo]=20000&filter[addCategory]=50&filter[addCatering]=1&filter[addMisc]=0&filter[addTransport]=F&filter[fp]=1&order_by=ofr_price&filter[tourOperator]=0&filter[childAge][1]=20201210","https://fly.pl/cdn/photo/assets/uploads/582/278/2014/09/Akassia-Swiss-Resort.jpg","https://fly.pl/wycieczka/egipt,marsa-alam,c/calimera-club-akassia-swiss-resort/pYpM98SLiH6FQZejcpIRUEAAogu-04yuRoMC_zXSdVXjCTmQAAAAAagwQANoMEAAcAAQAqBFdFWlkwq4rC1QZIxkpQQVjeA2ADaglFbnRlciBBaXJqBDAwNTByQ54BlAEfAAIBHAAWBBcCEu0DFdoFGJ8DE8MBEcQiQK1QTLaWAU8AS7EvUAAb5asCHa2TDSAcDd3KwgkBEmMBDGMBAgW9a_fO/ofertasv/?filter[tourOperator]=WEZY&filter%5Bperson%5D=2&filter%5BchildAge%5D%5B1%5D=20201210&filter%5Bchild%5D=1"
"Amarina Jannah Resort Aquapark","9549.0","10.10.2026 - 17.10.2026","8 dni/7 nocy","","4.7","4.7","679","tripadvisor","Warszawa","2026-09-21T01:15:20.992660+00:00","https://fly.pl/szukaj-wycieczek/?filter[dest]=11:&filter[hotelids]=&filter[cityids]=0&filter[cregids]=&filter[ofrType]=&filter[addObjType]=&filter[whenFrom]=21-09-2026&filter[whenTo]=21-10-2026&filter[duration]=7:10&filter[from]=Warszawa%20-%20Modlin,Warszawa%20-%20Radom,Warszawa&filter[person]=2&filter[child]=1&filter[price]=4000:20000&filter[PriceFrom]=4000&filter[PriceTo]=20000&filter[addCategory]=50&filter[addCatering]=1&filter[addMisc]=0&filter[addTransport]=F&filter[fp]=1&order_by=ofr_price&filter[tourOperator]=0&filter[childAge][1]=20201210","https://fly.pl/cdn/photo/assets/uploads/582/278/2023/04/Amarina-Jannah-Resort-Aquapark.jpg","https://fly.pl/wycieczka/egipt,marsa-alam,port-ghalib/amarina-jannah-resort-aquapark-15/p44quTdLlPXM8LVB2CZkB2AAoglI_bfrxNVHG-711XDtZjgy063im2E1E-fA40Cv_wUOwqBE9SRVgwq4rC1QZIzUpQQVjGA2ACagZDNS4yLjFyNpsBFQcXAFwDWAVWAkDKBhH5FF2KD08kXpnYAVO8FFIAS7EvYQBM5Yw6IKX9lwkNAAISYwECDAh1oN0/ofertasv/?filter[tourOperator]=OREX&filter%5Bperson%5D=2&filter%5BchildAge%5D%5B1%5D=20201210&filter%5Bchild%5D=1"
"Pickalbatros Villaggio Resort Portofino","9567.0","26.09.2026 - 04.10.2026","9 dni/7 nocy","","4.9","4.9","1605","tripadvisor","Warszawa","2026-09-21T01:15:20.992660+00:00","https://fly.pl/szukaj-wycieczek/?filter[dest]=11:&filter[hotelids]=&filter[cityids]=0&filter[cregids]=&filter[ofrType]=&filter[addObjType]=&filter[whenFrom]=21-09-2026&filter[whenTo]=21-10-2026&filter[duration]=7:10&filter[from]=Warszawa%20-%20Modlin,Warszawa%20-%20Radom,Warszawa&filter[person]=2&filter[child]=1&filter[price]=4000:20000&filter[PriceFrom]=4000&filter[PriceTo]=20000&filter[addCategory]=50&filter[addCatering]=1&filter[addMisc]=0&filter[addTransport]=F&filter[fp]=1&order_by=ofr_price&filter[tourOperator]=0&filter[childAge][1]=20201210","https://fly.pl/cdn/photo/assets/uploads/582/278/2024/07/pickalbatros-villaggio-resort-portofino.jpg","https://fly.pl/wycieczka/egipt,marsa-alam,c/pickalbatros-villaggio-resort-portofino-15/pQkQzUsPs74zZg8YK7Vr3JAAogGEJMftsfXui-AYu4LaN1OfPOVhexA4B-vTIRTOTMdjUqBEVYSU0wq4rC1QZI30pQAVh2YAJqAkFJciEcEaT2BrkEsck9qwQbG5WPRBio6kMB9ZTrlQwCAGMBAgzrfVfb/ofertasv/?filter[tourOperator]=EXIM&filter%5Bperson%5D=2&filter%5BchildAge%5D%5B1%5D=20201210&filter%5Bchild%5D=1"
"Serenity Alma Heights (ex. Serenity Fun City)","9572.0","24.09.2026 - 01.10.2026","8 dni/7 nocy","","4.7","4.7","5523","tripadvisor","Warszawa - Radom","2026-09-21T01:15:20.992660+00:00","https://fly.pl/szukaj-wycieczek/?filter[dest]=11:&filter[hotelids]=&filter[cityids]=0&filter[cregids]=&filter[ofrType]=&filter[addObjType]=&filter[whenFrom]=21-09-2026&filter[whenTo]=21-10-2026&filter[duration]=7:10&filter[from]=Warszawa%20-%20Modlin,Warszawa%20-%20Radom,Warszawa&filter[person]=2&filter[child]=1&filter[price]=4000:20000&filter[PriceFrom]=4000&filter[PriceTo]=20000&filter[addCategory]=50&filter[addCatering]=1&filter[addMisc]=0&filter[addTransport]=F&filter[fp]=1&order_by=ofr_price&filter[tourOperator]=0&filter[childAge][1]=20201210","https://fly.pl/cdn/photo/assets/uploads/582/278/2014/09/Serenity-Alma-Heights.jpg","https://fly.pl/wycieczka/egipt,hurghada,makadi-bay/serenity-fun-city/pPt6lWnCtehL8blQ_kMvFdAAogkv4rQTbswpKD4g-FYe-hI3uHt-JRXqpSz_DOtw-0xygqBE9SRVgwq4rC1QZI5EpQQVhGYAJqBkVDLjIuMXI1mwEVBxcAWAhWAlwIEURA_gVd0w5PbFPSnQFSAF6vT0uBEmEATNG-OiDP_JcJDQACEmMBAgyqtQkP/ofertasv/?filter[tourOperator]=OREX&filter%5Bperson%5D=2&filter%5BchildAge%5D%5B1%5D=20201210&filter%5Bchild%5D=1"
"Amarina Sun Resort & Aqua Park (ex. Raouf Sun International Aqua Park & SPA)","9587.0","11.10.2026 - 18.10.2026","8 dni/7 nocy","","3.8","3.8","329","tripadvisor","Warszawa","2026-09-21T01:15:20.992660+00:00","https://fly.pl/szukaj-wycieczek/?filter[dest]=11:&filter[hotelids]=&filter[cityids]=0&filter[cregids]=&filter[ofrType]=&filter[addObjType]=&filter[whenFrom]=21-09-2026&filter[whenTo]=21-10-2026&filter[duration]=7:10&filter[from]=Warszawa%20-%20Modlin,Warszawa%20-%20Radom,Warszawa&filter[person]=2&filter[child]=1&filter[price]=4000:20000&filter[PriceFrom]=4000&filter[PriceTo]=20000&filter[addCategory]=50&filter[addCatering]=1&filter[addMisc]=0&filter[addTransport]=F&filter[fp]=1&order_by=ofr_price&filter[tourOperator]=0&filter[childAge][1]=20201210","https://fly.pl/cdn/photo/assets/uploads/582/278/2024/07/raouf-sun-international-aqua-park-spa.jpg","https://fly.pl/wycieczka/egipt,sharm-el-sheikh,szarm-el-szejk/raouf-international-aqua-park-spa-14/p62y9uvqwVFEJO36Nkr2bvAAogDMzrR9iJSSW0yhRwXrgWAwiPgYhrkVrHHSR3tH9QMnYqBEpPSVAwq4rC1QZI80pQQVjeA2ACagMxMm9yQ5sBFAEVBhcAXANYBVYCQMoGT-IBXQBe3voBUqYgUwBLxyNhABHPiAFMloQ5Dab9lwkgAAG7zdy4w4jMoDACDWMBAAyzIP4U/ofertasv/?filter[tourOperator]=JOIP&filter%5Bperson%5D=2&filter%5BchildAge%5D%5B1%5D=20201210&filter%5Bchild%5D=1"
"Swissotel Resort El Quseir","9621.0","10.10.2026 - 17.10.2026","8 dni/7 nocy","","4.4","4.4","3137","tripadvisor","Warszawa","2026-09-21T01:15:20.992660+00:00","https://fly.pl/szukaj-wycieczek/?filter[dest]=11:&filter[hotelids]=&filter[cityids]=0&filter[cregids]=&filter[ofrType]=&filter[addObjType]=&filter[whenFrom]=21-09-2026&filter[whenTo]=21-10-2026&filter[duration]=7:10&filter[from]=Warszawa%20-%20Modlin,Warszawa%20-%20Radom,Warszawa&filter[person]=2&filter[child]=1&filter[price]=4000:20000&filter[PriceFrom]=4000&filter[PriceTo]=20000&filter[addCategory]=50&filter[addCatering]=1&filter[addMisc]=0&filter[addTransport]=F&filter[fp]=1&order_by=ofr_price&filter[tourOperator]=0&filter[childAge][1]=20201210","https://fly.pl/cdn/photo/assets/uploads/582/278/2015/02/RADISSON-BLU-m.jpg","https://fly.pl/wycieczka/egipt,marsa-alam,al-kusajr/radisson-blu-resort-el-quseir/pWBHGBDiyMAhGcHMIJHzG_AAogFRAFPsT61Vv9g1W_7eKP7y063im2E1E-fA40Cv_wUOwqBE9SRVgwq4rC1QZIlUtQQVjGA2ACagZFSS4yLjFyNpsBFQcXAFwDWAVWAkDKBhHtFV2WDk8kXpnYAVO8FFIAS7EvYQBM5Yw6IKX9lwkNAAISYwECC1T-ViM/ofertasv/?filter[tourOperator]=OREX&filter%5Bperson%5D=2&filter%5BchildAge%5D%5B1%5D=20201210&filter%5Bchild%5D=1"
"Charmillion Club Aqua Park","9641.0","10.10.2026 - 17.10.2026","8 dni/7 nocy","","4.6","4.6","4381","tripadvisor","Warszawa","2026-09-21T01:15:20.992660+00:00","https://fly.pl/szukaj-wycieczek/?filter[dest]=11:&filter[hotelids]=&filter[cityids]=0&filter[cregids]=&filter[ofrType]=&filter[addObjType]=&filter[whenFrom]=21-09-2026&filter[whenTo]=21-10-2026&filter[duration]=7:10&filter[from]=Warszawa%20-%20Modlin,Warszawa%20-%20Radom,Warszawa&filter[person]=2&filter[child]=1&filter[price]=4000:20000&filter[PriceFrom]=4000&filter[PriceTo]=20000&filter[addCategory]=50&filter[addCatering]=1&filter[addMisc]=0&filter[addTransport]=F&filter[fp]=1&order_by=ofr_price&filter[tourOperator]=0&filter[childAge][1]=20201210","https://fly.pl/cdn/photo/assets/uploads/582/278/2014/07/Charmillion-Club-Aqua-Park.jpg","https://fly.pl/wycieczka/egipt,sharm-el-sheikh,szarm-el-szejk/sea-club-aqua-park/pfN0PphTcAcZAYYp0QeMSzAAogMerglbwNGvthjOyjfvpabAAAAACZhAQAtoQEAAcAEgAqBFdFWlkwq4rC1QZIqUtQQVjGA2ADaglFbnRlciBBaXJqBDA4MDByQp4BlQEfAAIBHAAWBBcCEu0DGIUFE80BFMkEEYEsQJFGTKCiAU8AS8cjUAAb8jAdn5EPIB0N3MfCCQESYwENYwECBfr79mI/ofertasv/?filter[tourOperator]=WEZY&filter%5Bperson%5D=2&filter%5BchildAge%5D%5B1%5D=20201210&filter%5Bchild%5D=1"
"Calimera Blend Paradise Resort","9647.0","04.10.2026 - 11.10.2026","8 dni/7 nocy","","4.2","4.2","2368","tripadvisor","Warszawa","2026-09-21T01:15:20.992660+00:00","https://fly.pl/szukaj-wycieczek/?filter[dest]=11:&filter[hotelids]=&filter[cityids]=0&filter[cregids]=&filter[ofrType]=&filter[addObjType]=&filter[whenFrom]=21-09-2026&filter[whenTo]=21-10-2026&filter[duration]=7:10&filter[from]=Warszawa%20-%20Modlin,Warszawa%20-%20Radom,Warszawa&filter[person]=2&filter[child]=1&filter[price]=4000:20000&filter[PriceFrom]=4000&filter[PriceTo]=20000&filter[addCategory]=50&filter[addCatering]=1&filter[addMisc]=0&filter[addTransport]=F&filter[fp]=1&order_by=ofr_price&filter[tourOperator]=0&filter[childAge][1]=20201210","https://fly.pl/cdn/photo/assets/uploads/582/278/2022/08/Calimera-Blend-Paradise.jpg","https://fly.pl/wycieczka/egipt,hurghada,c/calimera-blend-paradise-12/pFVmRMT5qNrkTDfSUffiNLAAog0Na2JJMP-wbpV_uqS-DiHY8y6rj6FZ9B-AYEqrWUQdsqBEVYSU0wq4rC1QZIr0tQAVi2AmACagJBSXIhHBHYoAa5BKedPqsEHBuntywYyYAvAbTK_o4IAgBjAQIMbrr-LQ/ofertasv/?filter[tourOperator]=EXIM&filter%5Bperson%5D=2&filter%5BchildAge%5D%5B1%5D=20201210&filter%5Bchild%5D=1"
"Titanic Palace Resort","9656.0","27.09.2026 - 04.10.2026","8 dni/7 nocy","","4.5","4.5","7355","tripadvisor","Warszawa","2026-09-21T01:15:20.992660+00:00","https://fly.pl/szukaj-wycieczek/?filter[dest]=11:&filter[hotelids]=&filter[cityids]=0&filter[cregids]=&filter[ofrType]=&filter[addObjType]=&filter[whenFrom]=21-09-2026&filter[whenTo]=21-10-2026&filter[duration]=7:10&filter[from]=Warszawa%20-%20Modlin,Warszawa%20-%20Radom,Warszawa&filter[person]=2&filter[child]=1&filter[price]=4000:20000&filter[PriceFrom]=4000&filter[PriceTo]=20000&filter[addCategory]=50&filter[addCatering]=1&filter[addMisc]=0&filter[addTransport]=F&filter[fp]=1&order_by=ofr_price&filter[tourOperator]=0&filter[childAge][1]=20201210","https://fly.pl/cdn/photo/assets/uploads/582/278/2014/07/Titanic-Palace-Resort.jpg","https://fly.pl/wycieczka/egipt,hurghada,c/titanic-palace-2/pO7-Fz6nMJ8sbe-6PCC29PAAogO5ff-oZL3YVsQO5XJnEBGwAAAADiggQA_oIEAAcAAQAqBFdFWlkwq4rC1QZIuEtQQViOAWADaglFbnRlciBBaXJqBDAwMTVyQ54BlAEfABwBAgAWABcGEb0BErACFdoFGJUDE7kBQIVzTMsyTwBLnJMBUAAd2r4PIBwb--dkDcbi3QgBEmMBDGMBAgXdM53u/ofertasv/?filter[tourOperator]=WEZY&filter%5Bperson%5D=2&filter%5BchildAge%5D%5B1%5D=20201210&filter%5Bchild%5D=1"
"Jasmine Palace","9657.0","24.09.2026 - 01.10.2026","8 dni/7 nocy","","4.1","4.1","7799","tripadvisor","Warszawa","2026-09-21T01:15:20.992660+00:00","https://fly.pl/szukaj-wycieczek/?filter[dest]=11:&filter[hotelids]=&filter[cityids]=0&filter[cregids]=&filter[ofrType]=&filter[addObjType]=&filter[whenFrom]=21-09-2026&filter[whenTo]=21-10-2026&filter[duration]=7:10&filter[from]=Warszawa%20-%20Modlin,Warszawa%20-%20Radom,Warszawa&filter[person]=2&filter[child]=1&filter[price]=4000:20000&filter[PriceFrom]=4000&filter[PriceTo]=20000&filter[addCategory]=50&filter[addCatering]=1&filter[addMisc]=0&filter[addTransport]=F&filter[fp]=1&order_by=ofr_price&filter[tourOperator]=0&filter[childAge][1]=20201210","https://fly.pl/cdn/photo/assets/uploads/582/278/2014/07/Jasmine-Palace.jpg","https://fly.pl/wycieczka/egipt,hurghada,c/jasmine-palace/phLJPNiDHWAYZG8ci3OwUqAAogIPkNfTjrwTeQ4MDVdE4mJguM1L66OETZDYRELv-baocqBFZJVFgwq4rC1QZIuUtQQVhGYAJyQBoAFQcXAFwDWAVAjwNbv4MBU48tUgBer09L7UNhAEyxtTkNg9SYCSAAUaqCyPuPAU-7gyVdkITz83UCDWMBAgyJ-Ug-/ofertasv/?filter[tourOperator]=VITX&filter%5Bperson%5D=2&filter%5BchildAge%5D%5B1%5D=20201210&filter%5Bchild%5D=1"
"Red Sea Grand Waterworld Makadi (ex. Sunwing Waterworld Makadi)","9664.0","01.10.2026 - 08.10.2026","8 dni/7 nocy","","4.5","4.5","5611","tripadvisor","Warszawa","2026-09-21T01:15:20.992660+00:00","https://fly.pl/szukaj-wycieczek/?filter[dest]=11:&filter[hotelids]=&filter[cityids]=0&filter[cregids]=&filter[ofrType]=&filter[addObjType]=&filter[whenFrom]=21-09-2026&filter[whenTo]=21-10-2026&filter[duration]=7:10&filter[from]=Warszawa%20-%20Modlin,Warszawa%20-%20Radom,Warszawa&filter[person]=2&filter[child]=1&filter[price]=4000:20000&filter[PriceFrom]=4000&filter[PriceTo]=20000&filter[addCategory]=50&filter[addCatering]=1&filter[addMisc]=0&filter[addTransport]=F&filter[fp]=1&order_by=ofr_price&filter[tourOperator]=0&filter[childAge][1]=20201210","https://fly.pl/cdn/photo/assets/uploads/582/278/2017/06/Red-Sea-Grand-Waterworld-Makadi.jpg","https://fly.pl/wycieczka/egipt,hurghada,makadi-bay/sunwing-waterworld-makadi/pf8e3o3VqeUDWsuEjXD2ocAAogoB6Zp15XFpCtyTZTS8jCf4WaGNf_XbXlJtai6PkY9LEqA0VUSTCrisLVBkjAS1BBWO4BYAJyMRUHFwBcA1gFVgJA-wdbw4UBU50mUgBer09L7UNhACCBitIJDQBRl-C99gMCEmMBAgph6sEB/ofertasv/?filter[tourOperator]=ETI&filter%5Bperson%5D=2&filter%5BchildAge%5D%5B1%5D=20201210&filter%5Bchild%5D=1"
"Pickalbatros Vita Resort Portofino","9747.0","26.09.2026 - 04.10.2026","9 dni/7 nocy","","4.9","4.9","752","tripadvisor","Warszawa","2026-09-21T01:15:20.992660+00:00","https://fly.pl/szukaj-wycieczek/?filter[dest]=11:&filter[hotelids]=&filter[cityids]=0&filter[cregids]=&filter[ofrType]=&filter[addObjType]=&filter[whenFrom]=21-09-2026&filter[whenTo]=21-10-2026&filter[duration]=7:10&filter[from]=Warszawa%20-%20Modlin,Warszawa%20-%20Radom,Warszawa&filter[person]=2&filter[child]=1&filter[price]=4000:20000&filter[PriceFrom]=4000&filter[PriceTo]=20000&filter[addCategory]=50&filter[addCatering]=1&filter[addMisc]=0&filter[addTransport]=F&filter[fp]=1&order_by=ofr_price&filter[tourOperator]=0&filter[childAge][1]=20201210","https://fly.pl/cdn/photo/assets/uploads/582/278/2024/07/pickalbatros-vita-resort-portofino.jpg","https://fly.pl/wycieczka/egipt,marsa-alam,c/pickalbatros-vita-resort-portofino-11/pXyUlKOt9_qcxOk96XgxeWAAogNxu4VlyvYLefqSygv0x02_POVhexA4B-vTIRTOTMdjUqBEVYSU0wq4rC1QZIk0xQAVh2YAJqAkFJciEcEbChBrkEpZ4-qwQbG_-zLBjl_y4BzZbSjggCAGMBAgy0WY_f/ofertasv/?filter[tourOperator]=EXIM&filter%5Bperson%5D=2&filter%5BchildAge%5D%5B1%5D=20201210&filter%5Bchild%5D=1"
"Sataya Resort (ex. Labranda Sataya Marsa Alam)","9857.0","10.10.2026 - 17.10.2026","8 dni/7 nocy","","4.7","4.7","4201","tripadvisor","Warszawa","2026-09-21T01:15:20.992660+00:00","https://fly.pl/szukaj-wycieczek/?filter[dest]=11:&filter[hotelids]=&filter[cityids]=0&filter[cregids]=&filter[ofrType]=&filter[addObjType]=&filter[whenFrom]=21-09-2026&filter[whenTo]=21-10-2026&filter[duration]=7:10&filter[from]=Warszawa%20-%20Modlin,Warszawa%20-%20Radom,Warszawa&filter[person]=2&filter[child]=1&filter[price]=4000:20000&filter[PriceFrom]=4000&filter[PriceTo]=20000&filter[addCategory]=50&filter[addCatering]=1&filter[addMisc]=0&filter[addTransport]=F&filter[fp]=1&order_by=ofr_price&filter[tourOperator]=0&filter[childAge][1]=20201210","https://fly.pl/cdn/photo/assets/uploads/582/278/2019/09/Sataya-Resort-Marsa-Alam.jpg","https://fly.pl/wycieczka/egipt,marsa-alam,c/labranda-sataya-marsa-alam-9/pSXFKRsRmoMZRstgDXOSlgAAogpRqdAzaxK8R4UdWzA4ZCYX5pT9O79mRM0AJRMEUwU2QqBFZJVFgwq4rC1QZIgU1QQVjGA2ACckAaABUHFwBcA1gFQI8DW5eFAV7melK8FFMAS7EvYQBMsbU5DdnUmAkgAFGs6MD23wFP47ILXZz4r_klAg1jAQIM6Wro4Q/ofertasv/?filter[tourOperator]=VITX&filter%5Bperson%5D=2&filter%5BchildAge%5D%5B1%5D=20201210&filter%5Bchild%5D=1"
"Naama Bay Promenade Mountain Resort","9883.0","10.10.2026 - 17.10.2026","8 dni/7 nocy","","4.2","4.2","1290","tripadvisor","Warszawa","2026-09-21T01:15:20.992660+00:00","https://fly.pl/szukaj-wycieczek/?filter[dest]=11:&filter[hotelids]=&filter[cityids]=0&filter[cregids]=&filter[ofrType]=&filter[addObjType]=&filter[whenFrom]=21-09-2026&filter[whenTo]=21-10-2026&filter[duration]=7:10&filter[from]=Warszawa%20-%20Modlin,Warszawa%20-%20Radom,Warszawa&filter[person]=2&filter[child]=1&filter[price]=4000:20000&filter[PriceFrom]=4000&filter[PriceTo]=20000&filter[addCategory]=50&filter[addCatering]=1&filter[addMisc]=0&filter[addTransport]=F&filter[fp]=1&order_by=ofr_price&filter[tourOperator]=0&filter[childAge][1]=20201210","https://fly.pl/cdn/photo/assets/uploads/582/278/2024/07/naama-bay-promenade-mountain-resort.jpg","https://fly.pl/wycieczka/egipt,sharm-el-sheikh,szarm-el-szejk/naama-bay-promenade-mountain-resort-12/pXS13BJ6PYNBrZKNImS_SlAAog4oz_VJ6I7wGeyS0lJkMtJgAAAACZhAQAtoQEAAcAEgAqBFdFWlkwq4rC1QZIm01QQVjGA2ADaglFbnRlciBBaXJqBDA4MDByQ54BlQEfAAIBHAAWBBcCEu0DGIUFE80BFMkEEcsPQMdiTKCiAU8AS8cjUAAb5J8JHa2iBiAdDdzHwgkBEmMBDGMBAgWRvPxC/ofertasv/?filter[tourOperator]=WEZY&filter%5Bperson%5D=2&filter%5BchildAge%5D%5B1%5D=20201210&filter%5Bchild%5D=1"
"Amarina Star Resort & Aqua Park (ex. Raouf Star)","9904.0","11.10.2026 - 18.10.2026","8 dni/7 nocy","","4.1","4.1","101","tripadvisor","Warszawa","2026-09-21T01:15:20.992660+00:00","https://fly.pl/szukaj-wycieczek/?filter[dest]=11:&filter[hotelids]=&filter[cityids]=0&filter[cregids]=&filter[ofrType]=&filter[addObjType]=&filter[whenFrom]=21-09-2026&filter[whenTo]=21-10-2026&filter[duration]=7:10&filter[from]=Warszawa%20-%20Modlin,Warszawa%20-%20Radom,Warszawa&filter[person]=2&filter[child]=1&filter[price]=4000:20000&filter[PriceFrom]=4000&filter[PriceTo]=20000&filter[addCategory]=50&filter[addCatering]=1&filter[addMisc]=0&filter[addTransport]=F&filter[fp]=1&order_by=ofr_price&filter[tourOperator]=0&filter[childAge][1]=20201210","https://fly.pl/cdn/photo/assets/uploads/582/278/2023/04/Amarina-Star-Resort-Aqua-Park.jpg","https://fly.pl/wycieczka/egipt,sharm-el-sheikh,szarm-el-szejk/raouf-star-15/pjNAiv1tscDW1os4MykeNDAAogn7JU-pwN9yb_q1ZQWVeu5QiPgYhrkVrHHSR3tH9QMnYqBEpPSVAwq4rC1QZIsE1QQVjeA2ACagMxMm9yQ5sBFAEVBhcAXANYBVYCQMoGT-IBXQBe3voBUqYgUwBLxyNhABH2pwFM7-Q4Dab9lwkgAAG93fCPxIjMoDACDWMBAAzeDCxz/ofertasv/?filter[tourOperator]=JOIP&filter%5Bperson%5D=2&filter%5BchildAge%5D%5B1%5D=20201210&filter%5Bchild%5D=1"
"Lazuli (Marsa Alam)","9957.0","03.10.2026 - 10.10.2026","8 dni/7 nocy","","4.7","4.7","1090","tripadvisor","Warszawa","2026-09-21T01:15:20.992660+00:00","https://fly.pl/szukaj-wycieczek/?filter[dest]=11:&filter[hotelids]=&filter[cityids]=0&filter[cregids]=&filter[ofrType]=&filter[addObjType]=&filter[whenFrom]=21-09-2026&filter[whenTo]=21-10-2026&filter[duration]=7:10&filter[from]=Warszawa%20-%20Modlin,Warszawa%20-%20Radom,Warszawa&filter[person]=2&filter[child]=1&filter[price]=4000:20000&filter[PriceFrom]=4000&filter[PriceTo]=20000&filter[addCategory]=50&filter[addCatering]=1&filter[addMisc]=0&filter[addTransport]=F&filter[fp]=1&order_by=ofr_price&filter[tourOperator]=0&filter[childAge][1]=20201210","https://fly.pl/cdn/photo/assets/uploads/582/278/2021/06/Lazuli1.jpg","https://fly.pl/wycieczka/egipt,marsa-alam,al-kusajr/lazuli-13/pjAVI_Tx45zJHzVdsmU61dAAogCbt6QSKHd5QRoUyWyfCP4esqiJD7aKEnNuIuKhW_8-kqBFZJVFgwq4rC1QZI5U1QQVieAmACckAaABUHFwBcA1gFQI8DW6eGAV7WeVK8FFMAS7EvYQBMlbU5De7UmAkgAFHf8qz23wFPuqgfXZz4r_klAg1jAQIMAgQbOw/ofertasv/?filter[tourOperator]=VITX&filter%5Bperson%5D=2&filter%5BchildAge%5D%5B1%5D=20201210&filter%5Bchild%5D=1"
"Reef Oasis Suakin Resort","9957.0","09.10.2026 - 16.10.2026","8 dni/7 nocy","","4.8","4.8","1467","tripadvisor","Warszawa","2026-09-21T01:15:20.992660+00:00","https://fly.pl/szukaj-wycieczek/?filter[dest]=11:&filter[hotelids]=&filter[cityids]=0&filter[cregids]=&filter[ofrType]=&filter[addObjType]=&filter[whenFrom]=21-09-2026&filter[whenTo]=21-10-2026&filter[duration]=7:10&filter[from]=Warszawa%20-%20Modlin,Warszawa%20-%20Radom,Warszawa&filter[person]=2&filter[child]=1&filter[price]=4000:20000&filter[PriceFrom]=4000&filter[PriceTo]=20000&filter[addCategory]=50&filter[addCatering]=1&filter[addMisc]=0&filter[addTransport]=F&filter[fp]=1&order_by=ofr_price&filter[tourOperator]=0&filter[childAge][1]=20201210","https://fly.pl/cdn/photo/assets/uploads/582/278/2024/07/reef-oasis-suakin-resort.jpg","https://fly.pl/wycieczka/egipt,marsa-alam,c/reef-oasis-suakin-resort-11/pvG_wYl6DSFK2LOclWLHyIAAog7pTP2NOr3wwA0Re0nryFPaBkRYL7fM1lb2Oh4oBctUgqBFZJVFgwq4rC1QZI5U1QQViuA2ACckAaABUHFwBcA1gFQI8DW6eGAV7WeVK8FFMAS7EvYQBMsLU5DdnUmAkgAFGWoL723wFP__oNXZz4r_klAgxjAQILeoX4Lg/ofertasv/?filter[tourOperator]=VITX&filter%5Bperson%5D=2&filter%5BchildAge%5D%5B1%5D=20201210&filter%5Bchild%5D=1"
"Safir Sharm Waterfalls Resort (ex Hilton Waterfalls Resort)","9975.0","11.10.2026 - 18.10.2026","8 dni/7 nocy","","4.4","4.4","1228","tripadvisor","Warszawa","2026-09-21T01:15:20.992660+00:00","https://fly.pl/szukaj-wycieczek/?filter[dest]=11:&filter[hotelids]=&filter[cityids]=0&filter[cregids]=&filter[ofrType]=&filter[addObjType]=&filter[whenFrom]=21-09-2026&filter[whenTo]=21-10-2026&filter[duration]=7:10&filter[from]=Warszawa%20-%20Modlin,Warszawa%20-%20Radom,Warszawa&filter[person]=2&filter[child]=1&filter[price]=4000:20000&filter[PriceFrom]=4000&filter[PriceTo]=20000&filter[addCategory]=50&filter[addCatering]=1&filter[addMisc]=0&filter[addTransport]=F&filter[fp]=1&order_by=ofr_price&filter[tourOperator]=0&filter[childAge][1]=20201210","https://fly.pl/cdn/photo/assets/uploads/582/278/2014/07/Hilton-Sharm-Waterfalls-Resort-fly-pl-4.jpg","https://fly.pl/wycieczka/egipt,sharm-el-sheikh,c/hilton-sharm-waterfalls-resort/pqjzM6_B-Kp-sKjEMG42AxAAogG6pSrfCbl5tZqOB6i-LIvwiPgYhrkVrHHSR3tH9QMnYqBEpPSVAwq4rC1QZI901QQVjeA2ACagNDR21yQpsBFAEVBhcAXANYBVYCQMoGT-IBXQARwsYBXpw0UqYgUwBLxyNhAEzljDoNpv2XCSAAAa-xuJi0iMygMAINYwEAC1QwcRk/ofertasv/?filter[tourOperator]=JOIP&filter%5Bperson%5D=2&filter%5BchildAge%5D%5B1%5D=20201210&filter%5Bchild%5D=1"
"Jaz Palmariva Beach","9990.0","08.10.2026 - 15.10.2026","8 dni/7 nocy","","4.6","4.6","4086","tripadvisor","Warszawa - Radom","2026-09-21T01:15:20.992660+00:00","https://fly.pl/szukaj-wycieczek/?filter[dest]=11:&filter[hotelids]=&filter[cityids]=0&filter[cregids]=&filter[ofrType]=&filter[addObjType]=&filter[whenFrom]=21-09-2026&filter[whenTo]=21-10-2026&filter[duration]=7:10&filter[from]=Warszawa%20-%20Modlin,Warszawa%20-%20Radom,Warszawa&filter[person]=2&filter[child]=1&filter[price]=4000:20000&filter[PriceFrom]=4000&filter[PriceTo]=20000&filter[addCategory]=50&filter[addCatering]=1&filter[addMisc]=0&filter[addTransport]=F&filter[fp]=1&order_by=ofr_price&filter[tourOperator]=0&filter[childAge][1]=20201210","https://fly.pl/cdn/photo/assets/uploads/582/278/2014/07/Labranda-Club-Makadi-ex-Club-Azur-fly-pl.jpg","https://fly.pl/wycieczka/egipt,hurghada,makadi-bay/club-azur/pV44fp4qzNhf6untYbdseCAAogLMgT30PjR8VnW64VZ3kyO7f7-6uk_qDD7j025Yyf3yEqBE9SRVgwq4rC1QZIhk5QQViWA2ACagZaSS4yLjFyNZsBFQcXAFwDWAVWAkDKBl3TDk9sEfUhU917UgBer09LgRJhAEzRvjogo_2XCQ0AAhJjAQIMby5Frw/ofertasv/?filter[tourOperator]=OREX&filter%5Bperson%5D=2&filter%5BchildAge%5D%5B1%5D=20201210&filter%5Bchild%5D=1"
"Caesar Bay Resort","9997.0","23.09.2026 - 01.10.2026","9 dni/7 nocy","","4.3","4.3","1164","tripadvisor","Warszawa","2026-09-21T01:15:20.992660+00:00","https://fly.pl/szukaj-wycieczek/?filter[dest]=11:&filter[hotelids]=&filter[cityids]=0&filter[cregids]=&filter[ofrType]=&filter[addObjType]=&filter[whenFrom]=21-09-2026&filter[whenTo]=21-10-2026&filter[duration]=7:10&filter[from]=Warszawa%20-%20Modlin,Warszawa%20-%20Radom,Warszawa&filter[person]=2&filter[child]=1&filter[price]=4000:20000&filter[PriceFrom]=4000&filter[PriceTo]=20000&filter[addCategory]=50&filter[addCatering]=1&filter[addMisc]=0&filter[addTransport]=F&filter[fp]=1&order_by=ofr_price&filter[tourOperator]=0&filter[childAge][1]=20201210","https://fly.pl/cdn/photo/assets/uploads/582/278/2024/07/caesar-bay-resort.jpg","https://fly.pl/wycieczka/egipt,aleksandria,c/caesar-bay-resort-13/pGymJVsifL2vY1OJdJCo18AAogypvJqporqqKBNN-vs4Fla9DmiZe5yU4L2voet8jrr1kqBFZJVFgwq4rC1QZIjU5QQVguYAJyQBoAFQcXAFwDWAVAjwNTyYMBUgBbzgFe5npL7UNhAEyytTkNgdSYCSABUZ7pmfJrT8fSOF3c-ID9mQECDmMBAg0mtyto/ofertasv/?filter[tourOperator]=VITX&filter%5Bperson%5D=2&filter%5BchildAge%5D%5B1%5D=20201210&filter%5Bchild%5D=1"
"Tropitel Sahl Hasheesh","10001.0","08.10.2026 - 15.10.2026","8 dni/7 nocy","","4.7","4.7","10244","tripadvisor","Warszawa","2026-09-21T01:15:20.992660+00:00","https://fly.pl/szukaj-wycieczek/?filter[dest]=11:&filter[hotelids]=&filter[cityids]=0&filter[cregids]=&filter[ofrType]=&filter[addObjType]=&filter[whenFrom]=21-09-2026&filter[whenTo]=21-10-2026&filter[duration]=7:10&filter[from]=Warszawa%20-%20Modlin,Warszawa%20-%20Radom,Warszawa&filter[person]=2&filter[child]=1&filter[price]=4000:20000&filter[PriceFrom]=4000&filter[PriceTo]=20000&filter[addCategory]=50&filter[addCatering]=1&filter[addMisc]=0&filter[addTransport]=F&filter[fp]=1&order_by=ofr_price&filter[tourOperator]=0&filter[childAge][1]=20201210","https://fly.pl/cdn/photo/assets/uploads/582/278/2014/10/Tropitel-Sahl-Hasheesh.jpg","https://fly.pl/wycieczka/egipt,hurghada,c/tropitel-sahl-hasheesh/pdK4HB2j9zF0h96jqj5SEXAAogd_pXy-1qaBTv2dVYcKaSNT6OE5pR4WYFWyC8KwnwqSUqBFJOQlcwq4rC1QZIkU5QQViWA2ACagRCd2Nkag1BTExfSU5DTFVTSVZFahcyOTYsMzgwLDQ3Nyw0ODMsNDg0LDQ4NXI8nwGWAZ4BFQcXAFgICtABQPgFEcQBGalTEMMLTNsqU4ohUgBLnJMBYQAd5vI_Dzkg6ZaSCQ0AAgxjAQIFOIlZYA/ofertasv/?filter[tourOperator]=RNBW&filter%5Bperson%5D=2&filter%5BchildAge%5D%5B1%5D=20201210&filter%5Bchild%5D=1"
"Renaissance Golden View Beach Resort by Marriott","10047.0","10.10.2026 - 17.10.2026","8 dni/7 nocy","","4.5","4.5","7233","tripadvisor","Warszawa","2026-09-21T01:15:20.992660+00:00","https://fly.pl/szukaj-wycieczek/?filter[dest]=11:&filter[hotelids]=&filter[cityids]=0&filter[cregids]=&filter[ofrType]=&filter[addObjType]=&filter[whenFrom]=21-09-2026&filter[whenTo]=21-10-2026&filter[duration]=7:10&filter[from]=Warszawa%20-%20Modlin,Warszawa%20-%20Radom,Warszawa&filter[person]=2&filter[child]=1&filter[price]=4000:20000&filter[PriceFrom]=4000&filter[PriceTo]=20000&filter[addCategory]=50&filter[addCatering]=1&filter[addMisc]=0&filter[addTransport]=F&filter[fp]=1&order_by=ofr_price&filter[tourOperator]=0&filter[childAge][1]=20201210","https://fly.pl/cdn/photo/assets/uploads/582/278/2014/07/Renaissance-Golden-View-Beach-Resort.jpg","https://fly.pl/wycieczka/egipt,sharm-el-sheikh,c/renaissance-golden-view-beach/pX_918a9sxOy7G6lc-GgzuAAog2_tYWkMXhgRQyl8tRJX1jAAAAACZhAQAtoQEAAcAEgAqBFdFWlkwq4rC1QZIv05QQVjGA2ADaglFbnRlciBBaXJqBDA4MDByQ54BlQEfABwBAgAWBBcCEYABEu0CGIUFE80BFMkEQJJyTKCiAU8AS8cjUAAbj9wJHYLmBSAdDdzHwgkBEmMBDGMBAgWipl2G/ofertasv/?filter[tourOperator]=WEZY&filter%5Bperson%5D=2&filter%5BchildAge%5D%5B1%5D=20201210&filter%5Bchild%5D=1"
"Jaz Grand Marsa (ex Resta Grand Resort)","10122.0","11.10.2026 - 18.10.2026","8 dni/7 nocy","","4.6","4.6","6436","tripadvisor","Warszawa","2026-09-21T01:15:20.992660+00:00","https://fly.pl/szukaj-wycieczek/?filter[dest]=11:&filter[hotelids]=&filter[cityids]=0&filter[cregids]=&filter[ofrType]=&filter[addObjType]=&filter[whenFrom]=21-09-2026&filter[whenTo]=21-10-2026&filter[duration]=7:10&filter[from]=Warszawa%20-%20Modlin,Warszawa%20-%20Radom,Warszawa&filter[person]=2&filter[child]=1&filter[price]=4000:20000&filter[PriceFrom]=4000&filter[PriceTo]=20000&filter[addCategory]=50&filter[addCatering]=1&filter[addMisc]=0&filter[addTransport]=F&filter[fp]=1&order_by=ofr_price&filter[tourOperator]=0&filter[childAge][1]=20201210","https://fly.pl/cdn/photo/assets/uploads/582/278/2014/09/grand.jpg","https://fly.pl/wycieczka/egipt,marsa-alam,madinat-coraya/resta-grand-resort/pqddVJhw6bceIww5JE-A-FAAogMUFevHuhgNawD3PIgrj1BQAAAAAagwQANoMEAAcAAQAqBFdFWlkwq4rC1QZIik9QQVjeA2ADaglFbnRlciBBaXJqBDAwNTByQ54BlAEfAAIBHAAWBBcCEu0DFdoFGJ8DE8MBEcYiQKtQTLaWAU8AS7EvUAAdkr8PIBwbvoIfDZ_IowkBEmMBDWMBAwXgxl4g/ofertasv/?filter[tourOperator]=WEZY&filter%5Bperson%5D=2&filter%5BchildAge%5D%5B1%5D=20201210&filter%5Bchild%5D=1"
"Concorde El Salam Front Area","10125.0","10.10.2026 - 17.10.2026","8 dni/7 nocy","","4.8","4.8","1494","tripadvisor","Warszawa","2026-09-21T01:15:20.992660+00:00","https://fly.pl/szukaj-wycieczek/?filter[dest]=11:&filter[hotelids]=&filter[cityids]=0&filter[cregids]=&filter[ofrType]=&filter[addObjType]=&filter[whenFrom]=21-09-2026&filter[whenTo]=21-10-2026&filter[duration]=7:10&filter[from]=Warszawa%20-%20Modlin,Warszawa%20-%20Radom,Warszawa&filter[person]=2&filter[child]=1&filter[price]=4000:20000&filter[PriceFrom]=4000&filter[PriceTo]=20000&filter[addCategory]=50&filter[addCatering]=1&filter[addMisc]=0&filter[addTransport]=F&filter[fp]=1&order_by=ofr_price&filter[tourOperator]=0&filter[childAge][1]=20201210","https://fly.pl/cdn/photo/assets/uploads/582/278/2024/07/concorde-el-salam-front.jpg","https://fly.pl/wycieczka/egipt,sharm-el-sheikh,szarm-el-szejk/concorde-el-salam-front-12/pZz1iMm883QOO90LAn0D4mAAogt11xlAQXekhiY73q7DQ2GAAAAACZhAQAtoQEAAcAEgAqBFdFWlkwrYrC1QZIjU9QQVjGA2ADaglFbnRlciBBaXJqBDA4MDByQ54BlQEfAAIBHAAWBBcCEu0DGIUFE80BFMkEEd4-QLQzTKCiAU8AS8cjUAAbsYMCHeC-DSAdDdzHwgkBEmMBDGMBAgV83Tb1/ofertasv/?filter[tourOperator]=WEZY&filter%5Bperson%5D=2&filter%5BchildAge%5D%5B1%5D=20201210&filter%5Bchild%5D=1"
"Sirena Beach Resort & Spa","10157.0","02.10.2026 - 09.10.2026","8 dni/7 nocy","","4.7","4.7","466","tripadvisor","Warszawa","2026-09-21T01:15:20.992660+00:00","https://fly.pl/szukaj-wycieczek/?filter[dest]=11:&filter[hotelids]=&filter[cityids]=0&filter[cregids]=&filter[ofrType]=&filter[addObjType]=&filter[whenFrom]=21-09-2026&filter[whenTo]=21-10-2026&filter[duration]=7:10&filter[from]=Warszawa%20-%20Modlin,Warszawa%20-%20Radom,Warszawa&filter[person]=2&filter[child]=1&filter[price]=4000:20000&filter[PriceFrom]=4000&filter[PriceTo]=20000&filter[addCategory]=50&filter[addCatering]=1&filter[addMisc]=0&filter[addTransport]=F&filter[fp]=1&order_by=ofr_price&filter[tourOperator]=0&filter[childAge][1]=20201210","https://datacfstatic.merlinx.pl/ITAK/IMG/RMFSIRE/2a33aa899780987f59df20ed7ea7d5c43cfc5ceabce89d0fe9ee4ee31a0703f2.webp","https://fly.pl/wycieczka/egipt,marsa-alam,al-kusajr/movenpick-sirena-beach-13/p6wixcga-TH-rwIU8AaUGBAAogEyymHzam6Uxoph2DKuj1CNQZNlOP3nWzbcu4SHM09JMqBFZJVFgwrYrC1QZIrU9QQViGAmACckAaABUHFwBcA1gFQI8DW7-DAV6-fFK8FFMAS7EvYQBMsbU5DdHUmAkgAFHwuMH23wFPrOIKXZz4r_klAg5jAQINIZqYyw/ofertasv/?filter[tourOperator]=VITX&filter%5Bperson%5D=2&filter%5BchildAge%5D%5B1%5D=20201210&filter%5Bchild%5D=1"
"Naama Bay Hotel & Resort","10186.0","10.10.2026 - 17.10.2026","8 dni/7 nocy","","4.4","4.4","4857","tripadvisor","Warszawa","2026-09-21T01:15:20.992660+00:00","https://fly.pl/szukaj-wycieczek/?filter[dest]=11:&filter[hotelids]=&filter[cityids]=0&filter[cregids]=&filter[ofrType]=&filter[addObjType]=&filter[whenFrom]=21-09-2026&filter[whenTo]=21-10-2026&filter[duration]=7:10&filter[from]=Warszawa%20-%20Modlin,Warszawa%20-%20Radom,Warszawa&filter[person]=2&filter[child]=1&filter[price]=4000:20000&filter[PriceFrom]=4000&filter[PriceTo]=20000&filter[addCategory]=50&filter[addCatering]=1&filter[addMisc]=0&filter[addTransport]=F&filter[fp]=1&order_by=ofr_price&filter[tourOperator]=0&filter[childAge][1]=20201210","https://fly.pl/cdn/photo/assets/uploads/582/278/2014/07/Naama-Bay.jpg","https://fly.pl/wycieczka/egipt,sharm-el-sheikh,c/tropitel-naama-bay/paDm5I8zI1xMhPls0Vf78LAAogYbY948rCsBikyerseTHn3QAAAACZhAQAtoQEAAcAEgAqBFdFWlkwrYrC1QZIyk9QQVjGA2ADaglFbnRlciBBaXJqBDA4MDByQ54BlQEfABwBAgAWBBcCEaQBEskCGIUFE80BFMkEQJJyTKCiAU8AS8cjUAAbiKUBHYmdDiAdDdzHwgkBEmMBDGMBAgWM-VV7/ofertasv/?filter[tourOperator]=WEZY&filter%5Bperson%5D=2&filter%5BchildAge%5D%5B1%5D=20201210&filter%5Bchild%5D=1"
"Jaz Aquamarine Resort","10278.0","01.10.2026 - 08.10.2026","8 dni/7 nocy","","4.6","4.6","17179","tripadvisor","Warszawa","2026-09-21T01:15:20.992660+00:00","https://fly.pl/szukaj-wycieczek/?filter[dest]=11:&filter[hotelids]=&filter[cityids]=0&filter[cregids]=&filter[ofrType]=&filter[addObjType]=&filter[whenFrom]=21-09-2026&filter[whenTo]=21-10-2026&filter[duration]=7:10&filter[from]=Warszawa%20-%20Modlin,Warszawa%20-%20Radom,Warszawa&filter[person]=2&filter[child]=1&filter[price]=4000:20000&filter[PriceFrom]=4000&filter[PriceTo]=20000&filter[addCategory]=50&filter[addCatering]=1&filter[addMisc]=0&filter[addTransport]=F&filter[fp]=1&order_by=ofr_price&filter[tourOperator]=0&filter[childAge][1]=20201210","https://fly.pl/cdn/photo/assets/uploads/582/278/2016/11/jaz-aquamarine-ex-iberotel-egipt-hurghada-1b.jpg","https://fly.pl/wycieczka/egipt,hurghada,c/jaz-aquamarine-ex-iberotel-aquamarine/prhYnSrvo88C0xtdQFEIEUAAogujPjm0faU3od2AZOZPxaL6pA2wg3UEYkGsJ-WJiwcd4qBFJOQlcwrYrC1QZIplBQQVjuAWACagRCd2Nhag1BTExfSU5DTFVTSVZFahcyOTYsMzgwLDQ3Nyw0ODMsNDg0LDQ4NXI6nwGWAZ4BFQcXAFgIEXEKK0CsBhntVBDOIEzQFVOKIVIAS5yTAWEAHeTyPw85IOSWkgkNAAIMYwEDC2HBRak/ofertasv/?filter[tourOperator]=RNBW&filter%5Bperson%5D=2&filter%5BchildAge%5D%5B1%5D=20201210&filter%5Bchild%5D=1"
"Pickalbatros Luxury Suites","10366.0","10.10.2026 - 17.10.2026","8 dni/7 nocy","","4.7","4.7","365","tripadvisor","Warszawa","2026-09-21T01:15:20.992660+00:00","https://fly.pl/szukaj-wycieczek/?filter[dest]=11:&filter[hotelids]=&filter[cityids]=0&filter[cregids]=&filter[ofrType]=&filter[addObjType]=&filter[whenFrom]=21-09-2026&filter[whenTo]=21-10-2026&filter[duration]=7:10&filter[from]=Warszawa%20-%20Modlin,Warszawa%20-%20Radom,Warszawa&filter[person]=2&filter[child]=1&filter[price]=4000:20000&filter[PriceFrom]=4000&filter[PriceTo]=20000&filter[addCategory]=50&filter[addCatering]=1&filter[addMisc]=0&filter[addTransport]=F&filter[fp]=1&order_by=ofr_price&filter[tourOperator]=0&filter[childAge][1]=20201210","https://fly.pl/cdn/photo/assets/uploads/582/278/2023/04/Pickalbatros-Luxury-Suites.jpg","https://fly.pl/wycieczka/egipt,sharm-el-sheikh,szarm-el-szejk/golf-villas-sharm-el-sheikh-by-rixos-11/pRgGlg9FkISzvwdF5WVABsAAogvUwJ2iYfAEDJh6BbSI8YawAAAACZhAQAtoQEAAcAEgAqBFdFWlkwrYrC1QZI_lBQQVjGA2ADaglFbnRlciBBaXJqBDA4MDByQp4BlQEfABwBAgAWBBcCG3AS_QIYhQUTzQEUyQRAknJMoKIBTwBLxyNQABGfggId8r8NIB0N3MfCCQESYwENYwEEDJOj8n8/ofertasv/?filter[tourOperator]=WEZY&filter%5Bperson%5D=2&filter%5BchildAge%5D%5B1%5D=20201210&filter%5Bchild%5D=1"
"Pickalbatros Golf Beach Resort","10366.0","10.10.2026 - 17.10.2026","8 dni/7 nocy","","4.5","4.5","322","tripadvisor","Warszawa","2026-09-21T01:15:20.992660+00:00","https://fly.pl/szukaj-wycieczek/?filter[dest]=11:&filter[hotelids]=&filter[cityids]=0&filter[cregids]=&filter[ofrType]=&filter[addObjType]=&filter[whenFrom]=21-09-2026&filter[whenTo]=21-10-2026&filter[duration]=7:10&filter[from]=Warszawa%20-%20Modlin,Warszawa%20-%20Radom,Warszawa&filter[person]=2&filter[child]=1&filter[price]=4000:20000&filter[PriceFrom]=4000&filter[PriceTo]=20000&filter[addCategory]=50&filter[addCatering]=1&filter[addMisc]=0&filter[addTransport]=F&filter[fp]=1&order_by=ofr_price&filter[tourOperator]=0&filter[childAge][1]=20201210","https://fly.pl/cdn/photo/assets/uploads/582/278/2014/07/Golf-Beach-Resort-Managed-by-Rixos.jpg","https://fly.pl/wycieczka/egipt,sharm-el-sheikh,c/maritim-jolie-ville-golf/p1JtwPaVJXrWavSvUQf05HAAogCsgdJVQJ22TdNNx7W549AgAAAACZhAQAtoQEAAcAEgAqBFdFWlkwrYrC1QZI_lBQQVjGA2ADaglFbnRlciBBaXJqBDA4MDByRJ4BlQEfAAIBHAAWBBcCEu0DGIUFE80BFMkEQJJyT6CiAUwAS8cjUAARnoICHfO_DSAdG9b9Ng2GyosJARJjAQ1jAQQMQvh-dQ/ofertasv/?filter[tourOperator]=WEZY&filter%5Bperson%5D=2&filter%5BchildAge%5D%5B1%5D=20201210&filter%5Bchild%5D=1"
"Marriott Hurghada Beach Resort","10431.0","01.10.2026 - 08.10.2026","8 dni/7 nocy","","4.6","4.6","4866","tripadvisor","Warszawa - Radom","2026-09-21T01:15:20.992660+00:00","https://fly.pl/szukaj-wycieczek/?filter[dest]=11:&filter[hotelids]=&filter[cityids]=0&filter[cregids]=&filter[ofrType]=&filter[addObjType]=&filter[whenFrom]=21-09-2026&filter[whenTo]=21-10-2026&filter[duration]=7:10&filter[from]=Warszawa%20-%20Modlin,Warszawa%20-%20Radom,Warszawa&filter[person]=2&filter[child]=1&filter[price]=4000:20000&filter[PriceFrom]=4000&filter[PriceTo]=20000&filter[addCategory]=50&filter[addCatering]=1&filter[addMisc]=0&filter[addTransport]=F&filter[fp]=1&order_by=ofr_price&filter[tourOperator]=0&filter[childAge][1]=20201210","https://fly.pl/cdn/photo/assets/uploads/582/278/2014/09/Marriott-Hurghada-Beach-Resort.jpg","https://fly.pl/wycieczka/egipt,hurghada,c/marriott-hurghada-beach-resort/pAAmZ7Cxm38yDslwgsq6s5AAog6kywR9Ce7y5qxa-lj4mlJJtDSG7JGG1kLrratyRh_coqBE9SRVgwrYrC1QZIv1FQQVjuAWACagZEUS4yLjFyNZsBFQcXAFwDWAVWAhFZQPEFXdMOT2xT0p0BUgBer09LgRJhAEzRvjognP2XCQ0AAhJjAQIL2dBQDQ/ofertasv/?filter[tourOperator]=OREX&filter%5Bperson%5D=2&filter%5BchildAge%5D%5B1%5D=20201210&filter%5Bchild%5D=1"
"V Grand Beach Resort Sahl Hasheesh","10512.0","13.10.2026 - 20.10.2026","8 dni/7 nocy","","4.1","4.1","3582","tripadvisor","Warszawa","2026-09-21T01:15:20.992660+00:00","https://fly.pl/szukaj-wycieczek/?filter[dest]=11:&filter[hotelids]=&filter[cityids]=0&filter[cregids]=&filter[ofrType]=&filter[addObjType]=&filter[whenFrom]=21-09-2026&filter[whenTo]=21-10-2026&filter[duration]=7:10&filter[from]=Warszawa%20-%20Modlin,Warszawa%20-%20Radom,Warszawa&filter[person]=2&filter[child]=1&filter[price]=4000:20000&filter[PriceFrom]=4000&filter[PriceTo]=20000&filter[addCategory]=50&filter[addCatering]=1&filter[addMisc]=0&filter[addTransport]=F&filter[fp]=1&order_by=ofr_price&filter[tourOperator]=0&filter[childAge][1]=20201210","https://fly.pl/cdn/photo/assets/uploads/582/278/2015/04/Pyramisa-Beach-Resort-Sahl-Hasheesh.jpg","https://fly.pl/wycieczka/egipt,hurghada,sahl-hasheesh/dessole-pyramisa-beach-resort-ex-pyramisa-beach-r/p8qwP7C_3C7RWdwqIRwIorAAogou5AwpbQ3jvyy58PZ1Op02qyvADKfxjztHOrlw2TEoUqBEpPSVAwrYrC1QZIkFJQQViOBGACckMUARUGFwBcA1gFVgJAygZP4gFdAFv4AlO3qAFSAF6vTxGVHkvYJWEATOWMOiCo_ZcJDQABs9OIgcWGzKAwAg1jAQALtOm93A/ofertasv/?filter[tourOperator]=JOIP&filter%5Bperson%5D=2&filter%5BchildAge%5D%5B1%5D=20201210&filter%5Bchild%5D=1"
"Charmillion Garden Aqua Park","10532.0","10.10.2026 - 17.10.2026","8 dni/7 nocy","","4.6","4.6","2259","tripadvisor","Warszawa","2026-09-21T01:15:20.992660+00:00","https://fly.pl/szukaj-wycieczek/?filter[dest]=11:&filter[hotelids]=&filter[cityids]=0&filter[cregids]=&filter[ofrType]=&filter[addObjType]=&filter[whenFrom]=21-09-2026&filter[whenTo]=21-10-2026&filter[duration]=7:10&filter[from]=Warszawa%20-%20Modlin,Warszawa%20-%20Radom,Warszawa&filter[person]=2&filter[child]=1&filter[price]=4000:20000&filter[PriceFrom]=4000&filter[PriceTo]=20000&filter[addCategory]=50&filter[addCatering]=1&filter[addMisc]=0&filter[addTransport]=F&filter[fp]=1&order_by=ofr_price&filter[tourOperator]=0&filter[childAge][1]=20201210","https://fly.pl/cdn/photo/assets/uploads/582/278/2014/07/Charmillion-Gardens-Aqua-Park-ex.-Sea-Garden.jpg","https://fly.pl/wycieczka/egipt,sharm-el-sheikh,nabq-bay/sea-gardens-sharm-el-sheikh/pink_7ZY0iX2JPTX2_YK5QAAogeJFUax5JsV5ZcGGKwJ7ZigAAAACZhAQAtoQEAAcAEgAqBFdFWlkwrYrC1QZIpFJQQVjGA2ADaglFbnRlciBBaXJqBDA4MDByQ54BlQEfAAIBHAAWBBcCEu0DGIUFE80BFMkEEZIOQIBkTKCiAU8AS8cjUAAdkcIPIB0blqp4DcadyggBEmMBDWMBAwWastRr/ofertasv/?filter[tourOperator]=WEZY&filter%5Bperson%5D=2&filter%5BchildAge%5D%5B1%5D=20201210&filter%5Bchild%5D=1"
"Concorde Sport","10547.0","11.10.2026 - 18.10.2026","8 dni/7 nocy","","","","","","Warszawa","2026-09-21T01:15:20.992660+00:00","https://fly.pl/szukaj-wycieczek/?filter[dest]=11:&filter[hotelids]=&filter[cityids]=0&filter[cregids]=&filter[ofrType]=&filter[addObjType]=&filter[whenFrom]=21-09-2026&filter[whenTo]=21-10-2026&filter[duration]=7:10&filter[from]=Warszawa%20-%20Modlin,Warszawa%20-%20Radom,Warszawa&filter[person]=2&filter[child]=1&filter[price]=4000:20000&filter[PriceFrom]=4000&filter[PriceTo]=20000&filter[addCategory]=50&filter[addCatering]=1&filter[addMisc]=0&filter[addTransport]=F&filter[fp]=1&order_by=ofr_price&filter[tourOperator]=0&filter[childAge][1]=20201210","https://fly.pl/cdn/photo/assets/uploads/582/278/2017/08/Concorde-Sport-fly-pl-4.jpg","https://fly.pl/wycieczka/egipt,sharm-el-sheikh,szarm-el-szejk/concorde-sport/p5ZMoN_tl1AEf_l5GsfPRWAAogYNf8YLxAxJwCsAh9IFUxBgiPgYhrkVrHHSR3tH9QMnYqBEpPSVAwrYrC1QZIs1JQQVjeA2ACagNDR21yQpsBFAEVBhcAXANYBVYCQMoGT-IBXQBe3voBUqYgUwARmgNLrSBhAEzljDoNpv2XCSAAAcK9zKjDiMygMAINYwEACw76Sh4/ofertasv/?filter[tourOperator]=JOIP&filter%5Bperson%5D=2&filter%5BchildAge%5D%5B1%5D=20201210&filter%5Bchild%5D=1"
"Monte Carlo Resort Spa","10557.0","06.10.2026 - 14.10.2026","9 dni/7 nocy","","4.4","4.4","2434","tripadvisor","Warszawa","2026-09-21T01:15:20.992660+00:00","https://fly.pl/szukaj-wycieczek/?filter[dest]=11:&filter[hotelids]=&filter[cityids]=0&filter[cregids]=&filter[ofrType]=&filter[addObjType]=&filter[whenFrom]=21-09-2026&filter[whenTo]=21-10-2026&filter[duration]=7:10&filter[from]=Warszawa%20-%20Modlin,Warszawa%20-%20Radom,Warszawa&filter[person]=2&filter[child]=1&filter[price]=4000:20000&filter[PriceFrom]=4000&filter[PriceTo]=20000&filter[addCategory]=50&filter[addCatering]=1&filter[addMisc]=0&filter[addTransport]=F&filter[fp]=1&order_by=ofr_price&filter[tourOperator]=0&filter[childAge][1]=20201210","https://fly.pl/cdn/photo/assets/uploads/582/278/2014/09/Monte-Carlo-Sharm-Resort-Spa.jpg","https://fly.pl/wycieczka/egipt,sharm-el-sheikh,c/monte-carlo-ex-ritz-carlton/pNWUvEU5kVZWfAzSvjGmC_AAog9u4t3c8oWyjZnUg3THdUPEy38mWlwYTLPZmSZL4Obd4qBFZJVFgwrYrC1QZIvVJQQVjmAmACckAaABUHFwBcA1gFQI8DW6eGAV7WeVKmIFMAS8cjYQBM7rQ5DZjVmAkgAVHKvfmy6QFPyLEbXYTO6rwcAg1jAQIM4OiHdw/ofertasv/?filter[tourOperator]=VITX&filter%5Bperson%5D=2&filter%5BchildAge%5D%5B1%5D=20201210&filter%5Bchild%5D=1"
"Pickalbatros Royal Moderna","10657.0","29.09.2026 - 07.10.2026","9 dni/7 nocy","","4.5","4.5","10719","tripadvisor","Warszawa","2026-09-21T01:15:20.992660+00:00","https://fly.pl/szukaj-wycieczek/?filter[dest]=11:&filter[hotelids]=&filter[cityids]=0&filter[cregids]=&filter[ofrType]=&filter[addObjType]=&filter[whenFrom]=21-09-2026&filter[whenTo]=21-10-2026&filter[duration]=7:10&filter[from]=Warszawa%20-%20Modlin,Warszawa%20-%20Radom,Warszawa&filter[person]=2&filter[child]=1&filter[price]=4000:20000&filter[PriceFrom]=4000&filter[PriceTo]=20000&filter[addCategory]=50&filter[addCatering]=1&filter[addMisc]=0&filter[addTransport]=F&filter[fp]=1&order_by=ofr_price&filter[tourOperator]=0&filter[childAge][1]=20201210","https://fly.pl/cdn/photo/assets/uploads/582/278/2009/08/Royal-Albatros-Moderna1708.jpg","https://fly.pl/wycieczka/egipt,sharm-el-sheikh,c/royal-albatros-moderna/p2NArxVVXjpplPSqgkxFuSAAog0d-9oUH_59e_2Eelm1jHuPx165SKMu3wZ5pxJ9Xdc08qBFZJVFgwrYrC1QZIoVNQQVi-AWACckAaABUHFwBcA1gFQI8DW7-DAV6-fFKmIFMAS8cjYQBMsbU5DYjUmAkgAVGu3Iez6QFPsZMNXYTO6rwcAg1jAQIMRIk3xw/ofertasv/?filter[tourOperator]=VITX&filter%5Bperson%5D=2&filter%5BchildAge%5D%5B1%5D=20201210&filter%5Bchild%5D=1"
"Titanic Pearl","10717.0","04.10.2026 - 11.10.2026","8 dni/7 nocy","","","","","","Warszawa","2026-09-21T01:15:20.992660+00:00","https://fly.pl/szukaj-wycieczek/?filter[dest]=11:&filter[hotelids]=&filter[cityids]=0&filter[cregids]=&filter[ofrType]=&filter[addObjType]=&filter[whenFrom]=21-09-2026&filter[whenTo]=21-10-2026&filter[duration]=7:10&filter[from]=Warszawa%20-%20Modlin,Warszawa%20-%20Radom,Warszawa&filter[person]=2&filter[child]=1&filter[price]=4000:20000&filter[PriceFrom]=4000&filter[PriceTo]=20000&filter[addCategory]=50&filter[addCatering]=1&filter[addMisc]=0&filter[addTransport]=F&filter[fp]=1&order_by=ofr_price&filter[tourOperator]=0&filter[childAge][1]=20201210","https://datacfstatic.merlinx.pl/EXIM/IMG/121028/8336dd3746571adb753296a9cc4933ccd1e8b933da8a85e94abd52c599c3514e.webp","https://fly.pl/wycieczka/egipt,hurghada,c/titanic-pearl-10/patMRo3SuCGS7kq5r1GlQBAAog1MT2jh80SyTfn37R9CiOB48y6rj6FZ9B-AYEqrWUQdsqBEVYSU0wrYrC1QZI3VNQAVi2AmACagNVQUlyIRwRxLEHuQS7jD2rBBwboPhTGMewTgHzjKGrDgIAYwECC_95eto/ofertasv/?filter[tourOperator]=EXIM&filter%5Bperson%5D=2&filter%5BchildAge%5D%5B1%5D=20201210&filter%5Bchild%5D=1"
"Pickalbatros Aqua Park Resort (Sharm El Sheikh)","10729.0","10.10.2026 - 17.10.2026","8 dni/7 nocy","","4.8","4.8","3611","tripadvisor","Warszawa","2026-09-21T01:15:20.992660+00:00","https://fly.pl/szukaj-wycieczek/?filter[dest]=11:&filter[hotelids]=&filter[cityids]=0&filter[cregids]=&filter[ofrType]=&filter[addObjType]=&filter[whenFrom]=21-09-2026&filter[whenTo]=21-10-2026&filter[duration]=7:10&filter[from]=Warszawa%20-%20Modlin,Warszawa%20-%20Radom,Warszawa&filter[person]=2&filter[child]=1&filter[price]=4000:20000&filter[PriceFrom]=4000&filter[PriceTo]=20000&filter[addCategory]=50&filter[addCatering]=1&filter[addMisc]=0&filter[addTransport]=F&filter[fp]=1&order_by=ofr_price&filter[tourOperator]=0&filter[childAge][1]=20201210","https://fly.pl/cdn/photo/assets/uploads/582/278/2017/08/Albatros-Aqua-Park-Sharm.jpg","https://fly.pl/wycieczka/egipt,sharm-el-sheikh,szarm-el-szejk/albatros-aqua-park-sharm-el-sheikh/pkaAC7BgPRQKjVXSkJgxM4AAogSDdTwUdv_X0do16otI3PQwAAAACZhAQAtoQEAAcAEgAqBFdFWlkwrYrC1QZI6VNQQVjGA2ADaglFbnRlciBBaXJqBDA4MDByQp4BlQEfAAIBHAAWBBcCEu0DGIUFE80BFMkEQJJyEYoxTJZxTwBLxyNQABvHmgMdyqcMIB0N3MfCCQESYwENYwEEDBayyHI/ofertasv/?filter[tourOperator]=WEZY&filter%5Bperson%5D=2&filter%5BchildAge%5D%5B1%5D=20201210&filter%5Bchild%5D=1"
"Cooee Prima Life Makadi Bay","10757.0","08.10.2026 - 15.10.2026","8 dni/7 nocy","","4.6","4.6","3315","tripadvisor","Warszawa","2026-09-21T01:15:20.992660+00:00","https://fly.pl/szukaj-wycieczek/?filter[dest]=11:&filter[hotelids]=&filter[cityids]=0&filter[cregids]=&filter[ofrType]=&filter[addObjType]=&filter[whenFrom]=21-09-2026&filter[whenTo]=21-10-2026&filter[duration]=7:10&filter[from]=Warszawa%20-%20Modlin,Warszawa%20-%20Radom,Warszawa&filter[person]=2&filter[child]=1&filter[price]=4000:20000&filter[PriceFrom]=4000&filter[PriceTo]=20000&filter[addCategory]=50&filter[addCatering]=1&filter[addMisc]=0&filter[addTransport]=F&filter[fp]=1&order_by=ofr_price&filter[tourOperator]=0&filter[childAge][1]=20201210","https://fly.pl/cdn/photo/assets/uploads/582/278/2014/12/Prima-Life-Makadi-Resort.jpg","https://fly.pl/wycieczka/egipt,hurghada,c/prima-life-makadi-bay/pOEKGgO8n3WHWT1e7IK0P_AAogeiVL41SJg4N20ZrPYLUZ4xi3350dN38XN7Nix4G7h2oqBFZJVFgwrYrC1QZIhVRQQViWA2ACckAaABUHFwBcA1gFQI8DW7-DAVOPLVIAXq9PS-1DYQBMhLQ5DYTWmAkgAFH-tdr7jwFPk88SXZCE8_N1Ag9jAQIOH1ExdQ/ofertasv/?filter[tourOperator]=VITX&filter%5Bperson%5D=2&filter%5BchildAge%5D%5B1%5D=20201210&filter%5Bchild%5D=1"
"Pharaoh Azur Resort (ex Sonesta Pharaoh Beach Resort)","10767.0","01.10.2026 - 08.10.2026","8 dni/7 nocy","","4.5","4.5","2756","tripadvisor","Warszawa","2026-09-21T01:15:20.992660+00:00","https://fly.pl/szukaj-wycieczek/?filter[dest]=11:&filter[hotelids]=&filter[cityids]=0&filter[cregids]=&filter[ofrType]=&filter[addObjType]=&filter[whenFrom]=21-09-2026&filter[whenTo]=21-10-2026&filter[duration]=7:10&filter[from]=Warszawa%20-%20Modlin,Warszawa%20-%20Radom,Warszawa&filter[person]=2&filter[child]=1&filter[price]=4000:20000&filter[PriceFrom]=4000&filter[PriceTo]=20000&filter[addCategory]=50&filter[addCatering]=1&filter[addMisc]=0&filter[addTransport]=F&filter[fp]=1&order_by=ofr_price&filter[tourOperator]=0&filter[childAge][1]=20201210","https://fly.pl/cdn/photo/assets/uploads/582/278/2014/07/Pharaoh-Azur-Resort.jpg","https://fly.pl/wycieczka/egipt,hurghada,c/sonesta-pharaoh/puIlOa0641-sXVTLCxBw3zAAogB_C12v91OnHztFeoutMuMHt0IodKpCivQVhkW6iataoqBEJWUFIwrYrC1QZIj1RQAVjuAWACag1BbGwgaW5jbHVzaXZlciAcEa4tG-3DBBjnrgy5BIjqFKsETwHX_5mxAQIAYwECDaraP1U/ofertasv/?filter[tourOperator]=BVPR&filter%5Bperson%5D=2&filter%5BchildAge%5D%5B1%5D=20201210&filter%5Bchild%5D=1"
"Jaz Aquaviva","10773.0","01.10.2026 - 08.10.2026","8 dni/7 nocy","","4.7","4.7","10804","tripadvisor","Warszawa - Radom","2026-09-21T01:15:20.992660+00:00","https://fly.pl/szukaj-wycieczek/?filter[dest]=11:&filter[hotelids]=&filter[cityids]=0&filter[cregids]=&filter[ofrType]=&filter[addObjType]=&filter[whenFrom]=21-09-2026&filter[whenTo]=21-10-2026&filter[duration]=7:10&filter[from]=Warszawa%20-%20Modlin,Warszawa%20-%20Radom,Warszawa&filter[person]=2&filter[child]=1&filter[price]=4000:20000&filter[PriceFrom]=4000&filter[PriceTo]=20000&filter[addCategory]=50&filter[addCatering]=1&filter[addMisc]=0&filter[addTransport]=F&filter[fp]=1&order_by=ofr_price&filter[tourOperator]=0&filter[childAge][1]=20201210","https://fly.pl/cdn/photo/assets/uploads/582/278/2015/07/Jaz-Aquaviva.jpg","https://fly.pl/wycieczka/egipt,hurghada,makadi-bay/jaz-makadi-aquaviva/psLCvgmwNZgR1OS4iMnUg4AAogARbqUbZcX-Uh9VlxGOug1ptDSG7JGG1kLrratyRh_coqBE9SRVgwrYrC1QZIlVRQQVjuAWACagdQWEguMi4xcjWbARUHFwBcA1gFVgIRGECyBl3TDk9sU9KdAVIAXq9PS4ESYQBM0b46IJz9lwkNAAISYwECDMWXp8s/ofertasv/?filter[tourOperator]=OREX&filter%5Bperson%5D=2&filter%5BchildAge%5D%5B1%5D=20201210&filter%5Bchild%5D=1"
"Royal Regency Club","10778.0","27.09.2026 - 04.10.2026","8 dni/7 nocy","","4.4","4.4","363","tripadvisor","Warszawa","2026-09-21T01:15:20.992660+00:00","https://fly.pl/szukaj-wycieczek/?filter[dest]=11:&filter[hotelids]=&filter[cityids]=0&filter[cregids]=&filter[ofrType]=&filter[addObjType]=&filter[whenFrom]=21-09-2026&filter[whenTo]=21-10-2026&filter[duration]=7:10&filter[from]=Warszawa%20-%20Modlin,Warszawa%20-%20Radom,Warszawa&filter[person]=2&filter[child]=1&filter[price]=4000:20000&filter[PriceFrom]=4000&filter[PriceTo]=20000&filter[addCategory]=50&filter[addCatering]=1&filter[addMisc]=0&filter[addTransport]=F&filter[fp]=1&order_by=ofr_price&filter[tourOperator]=0&filter[childAge][1]=20201210","https://fly.pl/cdn/photo/assets/uploads/582/278/2024/07/royal-regency-club.jpg","https://fly.pl/wycieczka/egipt,sharm-el-sheikh,szarm-el-szejk/royal-regency-club/p02u98R5yv_dMPBrrST2X1AAog6zBghZ-FtZhuAQ8jWbVh49vhBFpwv_tYWcE8EXXr1-EqBEpPSVAwrYrC1QZImlRQQViOAWACagNGaGNyQpsBFAEVBhcAXANYBVYCQMoGT-IBXQBe3voBUqYgUwBLxyNhABHWakyPojkN0vyXCSAAAYy2zKC0iMygMAIOYwEADUt9HYk/ofertasv/?filter[tourOperator]=JOIP&filter%5Bperson%5D=2&filter%5BchildAge%5D%5B1%5D=20201210&filter%5Bchild%5D=1"
"Ancient Sands Golf Resort","10832.0","27.09.2026 - 04.10.2026","8 dni/7 nocy","","4.8","4.8","3352","tripadvisor","Warszawa","2026-09-21T01:15:20.992660+00:00","https://fly.pl/szukaj-wycieczek/?filter[dest]=11:&filter[hotelids]=&filter[cityids]=0&filter[cregids]=&filter[ofrType]=&filter[addObjType]=&filter[whenFrom]=21-09-2026&filter[whenTo]=21-10-2026&filter[duration]=7:10&filter[from]=Warszawa%20-%20Modlin,Warszawa%20-%20Radom,Warszawa&filter[person]=2&filter[child]=1&filter[price]=4000:20000&filter[PriceFrom]=4000&filter[PriceTo]=20000&filter[addCategory]=50&filter[addCatering]=1&filter[addMisc]=0&filter[addTransport]=F&filter[fp]=1&order_by=ofr_price&filter[tourOperator]=0&filter[childAge][1]=20201210","https://fly.pl/cdn/photo/assets/uploads/582/278/2019/05/Ancient-Sands-Golf-Resort.jpg","https://fly.pl/wycieczka/egipt,hurghada,al-dzuna/ancient-sands-el-gouna/p9s9VqLlru-g4UHsSLB9duAAogOKRy10QYgWXTirqo4cHeTm2UYiY9GwQLFZusIIuCR8wqBE9SRVgwrYrC1QZI0FRQQViOAWACagVZLjIuMWoDMDhZagMwN1lyNJsBnQGPARUHFwBcA1gFVgIRBUDFBlORrQFSAF6vT0vtQ2EATOWMOiDS_JcJDQACEmMBAgzYltxD/ofertasv/?filter[tourOperator]=OREX&filter%5Bperson%5D=2&filter%5BchildAge%5D%5B1%5D=20201210&filter%5Bchild%5D=1"
"Serenity Alma Heights Ross Park Collection","10843.0","11.10.2026 - 18.10.2026","8 dni/7 nocy","","","","","","Warszawa","2026-09-21T01:15:20.992660+00:00","https://fly.pl/szukaj-wycieczek/?filter[dest]=11:&filter[hotelids]=&filter[cityids]=0&filter[cregids]=&filter[ofrType]=&filter[addObjType]=&filter[whenFrom]=21-09-2026&filter[whenTo]=21-10-2026&filter[duration]=7:10&filter[from]=Warszawa%20-%20Modlin,Warszawa%20-%20Radom,Warszawa&filter[person]=2&filter[child]=1&filter[price]=4000:20000&filter[PriceFrom]=4000&filter[PriceTo]=20000&filter[addCategory]=50&filter[addCatering]=1&filter[addMisc]=0&filter[addTransport]=F&filter[fp]=1&order_by=ofr_price&filter[tourOperator]=0&filter[childAge][1]=20201210","https://datacfstatic.merlinx.pl/WEZY/IMG/80006/cbfb74e746eae233c5bd2dcca61af959ab13896516aa3e1f5b00669f16a12ada.webp","https://fly.pl/wycieczka/egipt,hurghada,makadi-bay/serenity-alma-heights-ross-park-collection-9/pviFIkhzd1jsMfBBc9I_8aAAogkqp5jsMiUwUBQMWH4R4vVAAAAADkggQAAIMEAAcAAQAqBFdFWlkwrYrC1QZI21RQQVjeA2ADaglFbnRlciBBaXJqBDAwMTVyRJ4BlAEfAAIBHAAWBhcAEu0DFcsFGJUDE8gBQIVzT8syTABLnJMBUAAR_qkCHd6UDSAcG-v-Yg2ozN8IARJjAQ1jAQIG7S5SiA/ofertasv/?filter[tourOperator]=WEZY&filter%5Bperson%5D=2&filter%5BchildAge%5D%5B1%5D=20201210&filter%5Bchild%5D=1"
"Jaz Belvedere","10857.0","29.09.2026 - 07.10.2026","9 dni/7 nocy","","4.5","4.5","3280","tripadvisor","Warszawa","2026-09-21T01:15:20.992660+00:00","https://fly.pl/szukaj-wycieczek/?filter[dest]=11:&filter[hotelids]=&filter[cityids]=0&filter[cregids]=&filter[ofrType]=&filter[addObjType]=&filter[whenFrom]=21-09-2026&filter[whenTo]=21-10-2026&filter[duration]=7:10&filter[from]=Warszawa%20-%20Modlin,Warszawa%20-%20Radom,Warszawa&filter[person]=2&filter[child]=1&filter[price]=4000:20000&filter[PriceFrom]=4000&filter[PriceTo]=20000&filter[addCategory]=50&filter[addCatering]=1&filter[addMisc]=0&filter[addTransport]=F&filter[fp]=1&order_by=ofr_price&filter[tourOperator]=0&filter[childAge][1]=20201210","https://fly.pl/cdn/photo/assets/uploads/582/278/2014/07/Jaz-Belvedere.jpg","https://fly.pl/wycieczka/egipt,sharm-el-sheikh,c/jaz-belvedere/pDlIroQTtK69lXfC1bMHdhAAogD-v6CuDoi8-QNWT7bryxHvx165SKMu3wZ5pxJ9Xdc08qBFZJVFgwrYrC1QZI6VRQQVi-AWACckAaABUHFwBcA1gFQI8DW5eFAV7melKmIFMAS8cjYQBMsbU5DYjUmAkgAVGV7u-y6QFPyoElXYTO6rwcAgxjAQILdAzxog/ofertasv/?filter[tourOperator]=VITX&filter%5Bperson%5D=2&filter%5BchildAge%5D%5B1%5D=20201210&filter%5Bchild%5D=1"
"Sentido Naga Bay","10887.0","04.10.2026 - 11.10.2026","8 dni/7 nocy","","","","","","Warszawa","2026-09-21T01:15:20.992660+00:00","https://fly.pl/szukaj-wycieczek/?filter[dest]=11:&filter[hotelids]=&filter[cityids]=0&filter[cregids]=&filter[ofrType]=&filter[addObjType]=&filter[whenFrom]=21-09-2026&filter[whenTo]=21-10-2026&filter[duration]=7:10&filter[from]=Warszawa%20-%20Modlin,Warszawa%20-%20Radom,Warszawa&filter[person]=2&filter[child]=1&filter[price]=4000:20000&filter[PriceFrom]=4000&filter[PriceTo]=20000&filter[addCategory]=50&filter[addCatering]=1&filter[addMisc]=0&filter[addTransport]=F&filter[fp]=1&order_by=ofr_price&filter[tourOperator]=0&filter[childAge][1]=20201210","https://datacfstatic.merlinx.pl/EXIM/IMG/107999/9691dd57e47cec1e96befde9ca4a24ec0aaad7165dd6c455160b011f15ee59d5.webp","https://fly.pl/wycieczka/egipt,hurghada,c/sentido-naga-bay-11/p-Toehx5BnXKTCXb1CiqoiAAog_OZcKqB0lX5VfwYRYpTt5o8y6rj6FZ9B-AYEqrWUQdsqBEVYSU0wrYrC1QZIh1VQAVi2AmACagJBSXIhHBHfywa5BKDyPasEHBvv4T0Y0fE-Ac_2p4sLAgBjAQIG-fsQMQ/ofertasv/?filter[tourOperator]=EXIM&filter%5Bperson%5D=2&filter%5BchildAge%5D%5B1%5D=20201210&filter%5Bchild%5D=1"
"Hilton Marsa Alam Nubian Resort","10904.0","29.09.2026 - 06.10.2026","8 dni/7 nocy","","4.7","4.7","10212","tripadvisor","Warszawa","2026-09-21T01:15:20.992660+00:00","https://fly.pl/szukaj-wycieczek/?filter[dest]=11:&filter[hotelids]=&filter[cityids]=0&filter[cregids]=&filter[ofrType]=&filter[addObjType]=&filter[whenFrom]=21-09-2026&filter[whenTo]=21-10-2026&filter[duration]=7:10&filter[from]=Warszawa%20-%20Modlin,Warszawa%20-%20Radom,Warszawa&filter[person]=2&filter[child]=1&filter[price]=4000:20000&filter[PriceFrom]=4000&filter[PriceTo]=20000&filter[addCategory]=50&filter[addCatering]=1&filter[addMisc]=0&filter[addTransport]=F&filter[fp]=1&order_by=ofr_price&filter[tourOperator]=0&filter[childAge][1]=20201210","https://fly.pl/cdn/photo/assets/uploads/582/278/2014/08/Tropitel-Dahab-Oasis.jpg","https://fly.pl/wycieczka/egipt,marsa-alam,c/hilton-marsa-alam-nubian-resort/prqMeWvL0tFvLcGjhh9AHjAAogookZHHjpFF8nI2GLevOa4-hm0Gqq_jkTT4bGm3434U0qBFJOQlcwrYrC1QZImFVQQVi-AWACag1BTExfSU5DTFVTSVZFahcyOTYsMzgwLDQ3Nyw0ODMsNDg0LDQ4NXI9lgGeARUHFwBYCApdQOsGEeACENIzGdEeTKg3U9WDAVIAS7EvYQBf7cIkD-j5Gx0zILHMkQkNAAIOYwECBY3XS9E/ofertasv/?filter[tourOperator]=RNBW&filter%5Bperson%5D=2&filter%5BchildAge%5D%5B1%5D=20201210&filter%5Bchild%5D=1"
"Serenity Alpha Beach (ex. Serenity Makadi Beach)","10917.0","11.10.2026 - 18.10.2026","8 dni/7 nocy","","4.6","4.6","6625","tripadvisor","Warszawa","2026-09-21T01:15:20.992660+00:00","https://fly.pl/szukaj-wycieczek/?filter[dest]=11:&filter[hotelids]=&filter[cityids]=0&filter[cregids]=&filter[ofrType]=&filter[addObjType]=&filter[whenFrom]=21-09-2026&filter[whenTo]=21-10-2026&filter[duration]=7:10&filter[from]=Warszawa%20-%20Modlin,Warszawa%20-%20Radom,Warszawa&filter[person]=2&filter[child]=1&filter[price]=4000:20000&filter[PriceFrom]=4000&filter[PriceTo]=20000&filter[addCategory]=50&filter[addCatering]=1&filter[addMisc]=0&filter[addTransport]=F&filter[fp]=1&order_by=ofr_price&filter[tourOperator]=0&filter[childAge][1]=20201210","https://fly.pl/cdn/photo/assets/uploads/582/278/2014/07/Serenity-Alpha-Beach.jpg","https://fly.pl/wycieczka/egipt,hurghada,makadi-bay/serenity-makadi-heights/pjWYV4TlYwNZB8FkingBSDAAogcp_BFHlt8q7lb_VR8aPPgwnbvZbIN9Wmp2d9VFEr-JIqBE9SRVgwrYrC1QZIpVVQQVjeA2ACagZDWC4yLjFqAzA4WWoDMDdZcjSbAZ0BjwEVBxcAWAhWAlwIEfoFQEhTka0BUgBer09L7UNhAEzljDogpv2XCQ0AAhJjAQIM2ZJsuA/ofertasv/?filter[tourOperator]=OREX&filter%5Bperson%5D=2&filter%5BchildAge%5D%5B1%5D=20201210&filter%5Bchild%5D=1"
"Continental (ex Movenpick Resort)","10917.0","13.10.2026 - 20.10.2026","8 dni/7 nocy","","4.5","4.5","4178","tripadvisor","Warszawa","2026-09-21T01:15:20.992660+00:00","https://fly.pl/szukaj-wycieczek/?filter[dest]=11:&filter[hotelids]=&filter[cityids]=0&filter[cregids]=&filter[ofrType]=&filter[addObjType]=&filter[whenFrom]=21-09-2026&filter[whenTo]=21-10-2026&filter[duration]=7:10&filter[from]=Warszawa%20-%20Modlin,Warszawa%20-%20Radom,Warszawa&filter[person]=2&filter[child]=1&filter[price]=4000:20000&filter[PriceFrom]=4000&filter[PriceTo]=20000&filter[addCategory]=50&filter[addCatering]=1&filter[addMisc]=0&filter[addTransport]=F&filter[fp]=1&order_by=ofr_price&filter[tourOperator]=0&filter[childAge][1]=20201210","https://fly.pl/cdn/photo/assets/uploads/582/278/2014/09/Continental-Resort.jpg","https://fly.pl/wycieczka/egipt,hurghada,c/movenpick-resort-hurghada-ex-continental-resort/psvASFj2yeq62npH_FqFNmAAogeGnDjaI4t6hgdb_2vX8Dw2qyvADKfxjztHOrlw2TEoUqBEpPSVAwrYrC1QZIpVVQQViOBGACagMwQTdyQpsBFAEVBhcAXANYBVYCQMoGT-IBXQBSr6sBUwAR-RletjVL7UNhAEzljDoNqP2XCSAAAZ-3_ICki8ygMAINYwEAC3-X1cU/ofertasv/?filter[tourOperator]=JOIP&filter%5Bperson%5D=2&filter%5BchildAge%5D%5B1%5D=20201210&filter%5Bchild%5D=1"
"Cleopatra Signature Marsa Alam","10918.0","27.09.2026 - 04.10.2026","8 dni/7 nocy","","","","","","Warszawa","2026-09-21T01:15:20.992660+00:00","https://fly.pl/szukaj-wycieczek/?filter[dest]=11:&filter[hotelids]=&filter[cityids]=0&filter[cregids]=&filter[ofrType]=&filter[addObjType]=&filter[whenFrom]=21-09-2026&filter[whenTo]=21-10-2026&filter[duration]=7:10&filter[from]=Warszawa%20-%20Modlin,Warszawa%20-%20Radom,Warszawa&filter[person]=2&filter[child]=1&filter[price]=4000:20000&filter[PriceFrom]=4000&filter[PriceTo]=20000&filter[addCategory]=50&filter[addCatering]=1&filter[addMisc]=0&filter[addTransport]=F&filter[fp]=1&order_by=ofr_price&filter[tourOperator]=0&filter[childAge][1]=20201210","https://datacfstatic.merlinx.pl/WEZY/IMG/84991/5c5c2742ac2fea23dd6df1d4e68bc2f1477f84012ff9e2ef3a7142be873bf627.webp","https://fly.pl/wycieczka/egipt,marsa-alam,c/cleopatra-signature-marsa-alam-12/pYekBWcUyBh-77Yys8ULmiAAog9Ugs-mIpqlZq0Yjy5WHAvAAAAAAYgwQANIMEAAcABQAqBFdFWlkwrYrC1QZIplVQQViOAWADaglFbnRlciBBaXJqBDAwNTByQ54BlAEfAAIBHAAWBBcCEu0DFdoFGJUDE80BQPFyT7aWAUwAS7EvUAAbpjUR0ZsCHZnuDCAcDYvKwgkBEmMBDWMBAgZx1N8G/ofertasv/?filter[tourOperator]=WEZY&filter%5Bperson%5D=2&filter%5BchildAge%5D%5B1%5D=20201210&filter%5Bchild%5D=1"
"Utopia Blue Resort","10927.0","13.10.2026 - 20.10.2026","8 dni/7 nocy","","","","","","Warszawa","2026-09-21T01:15:20.992660+00:00","https://fly.pl/szukaj-wycieczek/?filter[dest]=11:&filter[hotelids]=&filter[cityids]=0&filter[cregids]=&filter[ofrType]=&filter[addObjType]=&filter[whenFrom]=21-09-2026&filter[whenTo]=21-10-2026&filter[duration]=7:10&filter[from]=Warszawa%20-%20Modlin,Warszawa%20-%20Radom,Warszawa&filter[person]=2&filter[child]=1&filter[price]=4000:20000&filter[PriceFrom]=4000&filter[PriceTo]=20000&filter[addCategory]=50&filter[addCatering]=1&filter[addMisc]=0&filter[addTransport]=F&filter[fp]=1&order_by=ofr_price&filter[tourOperator]=0&filter[childAge][1]=20201210","https://datacfstatic.merlinx.pl/EXIM/IMG/104804/47170af13502131b7b7d23ecf494e622a96110e1a4bfcf3019d7db4830283601.webp","https://fly.pl/wycieczka/egipt,marsa-alam,c/utopia-blue-resort-13/pqJJ8YpHkjl7QHCiJ49fllAAog2C1X7jIDiZB9P3u2JwfOdRKmO4qxhDmkVrGyFJIXvhQqBEVYSU0wrYrC1QZIr1VQAViOBGACagJBSXIhHBHksga5BIiMPqsEHBvc1y0Yr_ozAZeu2tQIAgBjAQIM7dBBfA/ofertasv/?filter[tourOperator]=EXIM&filter%5Bperson%5D=2&filter%5BchildAge%5D%5B1%5D=20201210&filter%5Bchild%5D=1"
"Albatros Makadi Resort (ex Royal Pharaohs Makadi)","10932.0","27.09.2026 - 04.10.2026","8 dni/7 nocy","","3.3","3.3","844","tripadvisor","Warszawa","2026-09-21T01:15:20.992660+00:00","https://fly.pl/szukaj-wycieczek/?filter[dest]=11:&filter[hotelids]=&filter[cityids]=0&filter[cregids]=&filter[ofrType]=&filter[addObjType]=&filter[whenFrom]=21-09-2026&filter[whenTo]=21-10-2026&filter[duration]=7:10&filter[from]=Warszawa%20-%20Modlin,Warszawa%20-%20Radom,Warszawa&filter[person]=2&filter[child]=1&filter[price]=4000:20000&filter[PriceFrom]=4000&filter[PriceTo]=20000&filter[addCategory]=50&filter[addCatering]=1&filter[addMisc]=0&filter[addTransport]=F&filter[fp]=1&order_by=ofr_price&filter[tourOperator]=0&filter[childAge][1]=20201210","https://fly.pl/cdn/photo/assets/uploads/582/278/2014/07/Harmony-Makadi-Bay-fly-pl.jpg","https://fly.pl/wycieczka/egipt,hurghada,makadi-bay/harmony-makadi-bay/p72uy3hg-46p2Qva9zIiRBAAogD8FONbIGplxjAaVBb0Rz9gAAAADiggQA_oIEAAcAAQAqBFdFWlkwrYrC1QZItFVQQViOAWADaglFbnRlciBBaXJqBDAwMTVyQp4BlAEfABwBAgAWBBcCEUcSpgMV2gUYlQMTuQFAhXNMyzJPAEuckwFQAB3avg8gHBuVr3oNrJvICAESYwENYwECDGPyI_Q/ofertasv/?filter[tourOperator]=WEZY&filter%5Bperson%5D=2&filter%5BchildAge%5D%5B1%5D=20201210&filter%5Bchild%5D=1"
"Jaz Mirabel Park","10950.0","11.10.2026 - 18.10.2026","8 dni/7 nocy","","4.4","4.4","4043","tripadvisor","Warszawa","2026-09-21T01:15:20.992660+00:00","https://fly.pl/szukaj-wycieczek/?filter[dest]=11:&filter[hotelids]=&filter[cityids]=0&filter[cregids]=&filter[ofrType]=&filter[addObjType]=&filter[whenFrom]=21-09-2026&filter[whenTo]=21-10-2026&filter[duration]=7:10&filter[from]=Warszawa%20-%20Modlin,Warszawa%20-%20Radom,Warszawa&filter[person]=2&filter[child]=1&filter[price]=4000:20000&filter[PriceFrom]=4000&filter[PriceTo]=20000&filter[addCategory]=50&filter[addCatering]=1&filter[addMisc]=0&filter[addTransport]=F&filter[fp]=1&order_by=ofr_price&filter[tourOperator]=0&filter[childAge][1]=20201210","https://fly.pl/cdn/photo/assets/uploads/582/278/2014/07/Jaz-Mirabel-Park-fly-pl.jpg","https://fly.pl/wycieczka/egipt,sharm-el-sheikh,c/jaz-mirabel-park/piuKjIhuztjUwgJnjEXf8iAAog0u1tr9KxpdRBOmvdv5vIoQiPgYhrkVrHHSR3tH9QMnYqBEpPSVAwrYrC1QZIxlVQQVjeA2ACckMUARUGFwBcA1gFVgJAygZP4gFdAFvyAhGlwwFexzRSpiBTAEvHI2EATOWMOg2m_ZcJIAABxd3sl7WIzKAwAg1jAQAMhtX7mw/ofertasv/?filter[tourOperator]=JOIP&filter%5Bperson%5D=2&filter%5BchildAge%5D%5B1%5D=20201210&filter%5Bchild%5D=1"
"Albatros Sea World Resort Marsa Alam","11047.0","26.09.2026 - 04.10.2026","9 dni/7 nocy","","4.7","4.7","4499","tripadvisor","Warszawa","2026-09-21T01:15:20.992660+00:00","https://fly.pl/szukaj-wycieczek/?filter[dest]=11:&filter[hotelids]=&filter[cityids]=0&filter[cregids]=&filter[ofrType]=&filter[addObjType]=&filter[whenFrom]=21-09-2026&filter[whenTo]=21-10-2026&filter[duration]=7:10&filter[from]=Warszawa%20-%20Modlin,Warszawa%20-%20Radom,Warszawa&filter[person]=2&filter[child]=1&filter[price]=4000:20000&filter[PriceFrom]=4000&filter[PriceTo]=20000&filter[addCategory]=50&filter[addCatering]=1&filter[addMisc]=0&filter[addTransport]=F&filter[fp]=1&order_by=ofr_price&filter[tourOperator]=0&filter[childAge][1]=20201210","https://fly.pl/cdn/photo/assets/uploads/582/278/2017/08/ALBATROS-SEA-WORLD.jpg","https://fly.pl/wycieczka/egipt,marsa-alam,al-kusajr/sea-world-resort-marsa-alam/pFPqVKivMk3AkyHg-9e3TgAAogDT5YbRu3Eym7IFjzQKgo5_POVhexA4B-vTIRTOTMdjUqBEVYSU0wrYrC1QZIp1ZQAVh2YAJqAkFJciEcEaehBrkErp4-qwQbG_myLBjo_y4B19jRjggCAGMBAgz40MFy/ofertasv/?filter[tourOperator]=EXIM&filter%5Bperson%5D=2&filter%5BchildAge%5D%5B1%5D=20201210&filter%5Bchild%5D=1"
"Hilton Plaza (Hurghada)","11052.0","01.10.2026 - 08.10.2026","8 dni/7 nocy","","4.6","4.6","4249","tripadvisor","Warszawa - Radom","2026-09-21T01:15:20.992660+00:00","https://fly.pl/szukaj-wycieczek/?filter[dest]=11:&filter[hotelids]=&filter[cityids]=0&filter[cregids]=&filter[ofrType]=&filter[addObjType]=&filter[whenFrom]=21-09-2026&filter[whenTo]=21-10-2026&filter[duration]=7:10&filter[from]=Warszawa%20-%20Modlin,Warszawa%20-%20Radom,Warszawa&filter[person]=2&filter[child]=1&filter[price]=4000:20000&filter[PriceFrom]=4000&filter[PriceTo]=20000&filter[addCategory]=50&filter[addCatering]=1&filter[addMisc]=0&filter[addTransport]=F&filter[fp]=1&order_by=ofr_price&filter[tourOperator]=0&filter[childAge][1]=20201210","https://fly.pl/cdn/photo/assets/uploads/582/278/2014/10/Hilton-Plaza.jpg","https://fly.pl/wycieczka/egipt,hurghada,c/hilton-plaza-hurghada/p4krY9tbGbXyGkKPsTdUjqAAogDxVZQjh5ZFUMT5h7bfSvjJtDSG7JGG1kLrratyRh_coqBE9SRVgwsYrC1QZIrFZQQVjuAWACagVFLjIuMXI1mwEVBxcAXANYBVYCEVpA8AVd0w5PbFPSnQFSAF6vT0uBEmEATNG-OiCc_ZcJDQACEmMBAgumtTJB/ofertasv/?filter[tourOperator]=OREX&filter%5Bperson%5D=2&filter%5BchildAge%5D%5B1%5D=20201210&filter%5Bchild%5D=1"
"Sunrise Alora Aqua Park Resort","11067.0","08.10.2026 - 15.10.2026","8 dni/7 nocy","","3.5","3.5","1838","tripadvisor","Warszawa","2026-09-21T01:15:20.992660+00:00","https://fly.pl/szukaj-wycieczek/?filter[dest]=11:&filter[hotelids]=&filter[cityids]=0&filter[cregids]=&filter[ofrType]=&filter[addObjType]=&filter[whenFrom]=21-09-2026&filter[whenTo]=21-10-2026&filter[duration]=7:10&filter[from]=Warszawa%20-%20Modlin,Warszawa%20-%20Radom,Warszawa&filter[person]=2&filter[child]=1&filter[price]=4000:20000&filter[PriceFrom]=4000&filter[PriceTo]=20000&filter[addCategory]=50&filter[addCatering]=1&filter[addMisc]=0&filter[addTransport]=F&filter[fp]=1&order_by=ofr_price&filter[tourOperator]=0&filter[childAge][1]=20201210","https://fly.pl/cdn/photo/assets/uploads/582/278/2014/11/Hawaii-Caesar-Palace-Aqua-Park-ex-Mirage-Aqua-Park-fly-pl.jpg","https://fly.pl/wycieczka/egipt,hurghada,c/mirage-aqua-park-spa-cesar-palace/pK440F2-lp4YxUbKCi_H5HAAogEgXl69BCBT3IJJ-IW0Osr-_o9xaTpfsfnKGx64UlgLUqBEJWUFIwsYrC1QZIu1ZQAViWA2ACag1BbGwgaW5jbHVzaXZlciAcEdJGG83vBBjr8wy5BIHgE6sETwGh5ODEAQIAYwECC3rcfxs/ofertasv/?filter[tourOperator]=BVPR&filter%5Bperson%5D=2&filter%5BchildAge%5D%5B1%5D=20201210&filter%5Bchild%5D=1"
"Sentido Mamlouk Palace Resort & Spa (ex Sunrise)","11073.0","01.10.2026 - 08.10.2026","8 dni/7 nocy","","4.7","4.7","12045","tripadvisor","Warszawa","2026-09-21T01:15:20.992660+00:00","https://fly.pl/szukaj-wycieczek/?filter[dest]=11:&filter[hotelids]=&filter[cityids]=0&filter[cregids]=&filter[ofrType]=&filter[addObjType]=&filter[whenFrom]=21-09-2026&filter[whenTo]=21-10-2026&filter[duration]=7:10&filter[from]=Warszawa%20-%20Modlin,Warszawa%20-%20Radom,Warszawa&filter[person]=2&filter[child]=1&filter[price]=4000:20000&filter[PriceFrom]=4000&filter[PriceTo]=20000&filter[addCategory]=50&filter[addCatering]=1&filter[addMisc]=0&filter[addTransport]=F&filter[fp]=1&order_by=ofr_price&filter[tourOperator]=0&filter[childAge][1]=20201210","https://fly.pl/cdn/photo/assets/uploads/582/278/2014/10/Sentido-Mamlouk-Palace-Resort-Spa.jpg","https://fly.pl/wycieczka/egipt,hurghada,c/sentido-mamlouk-palace-resort-ex-sunrise/pmdKIaWBW4ujZfNiHc0ebWAAogtYsHrWS5Enx89vuXrIFDTZi_q7xKhskzkRELa_XdvD4qBFNGUEwwsYrC1QZIwVZQQVjuAWACciMLAhUFIgYSIVzMAkAuW-fwUQ363IIJUcTF0PuPAQISYwECBW6IyfE/ofertasv/?filter[tourOperator]=SFPL&filter%5Bperson%5D=2&filter%5BchildAge%5D%5B1%5D=20201210&filter%5Bchild%5D=1"
"Pickalbatros Oasis Port Ghalib (ex. Red Sea Port Ghalib Resort)","11083.0","26.09.2026 - 03.10.2026","8 dni/7 nocy","","4.6","4.6","3642","tripadvisor","Warszawa","2026-09-21T01:15:20.992660+00:00","https://fly.pl/szukaj-wycieczek/?filter[dest]=11:&filter[hotelids]=&filter[cityids]=0&filter[cregids]=&filter[ofrType]=&filter[addObjType]=&filter[whenFrom]=21-09-2026&filter[whenTo]=21-10-2026&filter[duration]=7:10&filter[from]=Warszawa%20-%20Modlin,Warszawa%20-%20Radom,Warszawa&filter[person]=2&filter[child]=1&filter[price]=4000:20000&filter[PriceFrom]=4000&filter[PriceTo]=20000&filter[addCategory]=50&filter[addCatering]=1&filter[addMisc]=0&filter[addTransport]=F&filter[fp]=1&order_by=ofr_price&filter[tourOperator]=0&filter[childAge][1]=20201210","https://fly.pl/cdn/photo/assets/uploads/582/278/2014/09/pickalbatros-oasis.jpg","https://fly.pl/wycieczka/egipt,marsa-alam,port-ghalib/crowne-plaza-sahara-oasis-resort/puYzHz4WKIellJE--JGkUEAAogKc28b2Qx6Z-xa_95KtfPiWN5nXJGiD9Rad5ib_UKovUqBFNGUEwwsYrC1QZIy1ZQQVh2YAJyIgsCFQUiBRIoXMYCQC5b5_BRDa_cgglRm7vjkgYCEmMBAgXdAoVz/ofertasv/?filter[tourOperator]=SFPL&filter%5Bperson%5D=2&filter%5BchildAge%5D%5B1%5D=20201210&filter%5Bchild%5D=1"
"Jaz Makadi Saraya (ex Iberotel)","11107.0","27.09.2026 - 04.10.2026","8 dni/7 nocy","","4.8","4.8","6819","tripadvisor","Warszawa","2026-09-21T01:15:20.992660+00:00","https://fly.pl/szukaj-wycieczek/?filter[dest]=11:&filter[hotelids]=&filter[cityids]=0&filter[cregids]=&filter[ofrType]=&filter[addObjType]=&filter[whenFrom]=21-09-2026&filter[whenTo]=21-10-2026&filter[duration]=7:10&filter[from]=Warszawa%20-%20Modlin,Warszawa%20-%20Radom,Warszawa&filter[person]=2&filter[child]=1&filter[price]=4000:20000&filter[PriceFrom]=4000&filter[PriceTo]=20000&filter[addCategory]=50&filter[addCatering]=1&filter[addMisc]=0&filter[addTransport]=F&filter[fp]=1&order_by=ofr_price&filter[tourOperator]=0&filter[childAge][1]=20201210","https://fly.pl/cdn/photo/assets/uploads/582/278/2014/07/Jaz-Makadi-Saraya-ex-Iberotel-fly-pl.jpg","https://fly.pl/wycieczka/egipt,hurghada,makadi-bay/iberotel-makadi-saraya/plux4dfEY038iuiXatqnm6AAogZTTWpHKYnoothVRD_znxkwAAAADiggQA_oIEAAcAAQAqBFdFWlkwsYrC1QZI41ZQQViOAWADaglFbnRlciBBaXJqBDAwMTVyQp4BlAEfABwBAgAWBBcCEUkSpAMV2gUYlQMTuQFAhXNMyzJPAEuckwFQABvWlA4dhKoBIBwNwcrCCQESYwENYwECBSdQ1yY/ofertasv/?filter[tourOperator]=WEZY&filter%5Bperson%5D=2&filter%5BchildAge%5D%5B1%5D=20201210&filter%5Bchild%5D=1"
"Club Magic Life Kalawy","11171.0","01.10.2026 - 08.10.2026","8 dni/7 nocy","","4.5","4.5","1722","tripadvisor","Warszawa","2026-09-21T01:15:20.992660+00:00","https://fly.pl/szukaj-wycieczek/?filter[dest]=11:&filter[hotelids]=&filter[cityids]=0&filter[cregids]=&filter[ofrType]=&filter[addObjType]=&filter[whenFrom]=21-09-2026&filter[whenTo]=21-10-2026&filter[duration]=7:10&filter[from]=Warszawa%20-%20Modlin,Warszawa%20-%20Radom,Warszawa&filter[person]=2&filter[child]=1&filter[price]=4000:20000&filter[PriceFrom]=4000&filter[PriceTo]=20000&filter[addCategory]=50&filter[addCatering]=1&filter[addMisc]=0&filter[addTransport]=F&filter[fp]=1&order_by=ofr_price&filter[tourOperator]=0&filter[childAge][1]=20201210","https://fly.pl/cdn/photo/assets/uploads/582/278/2015/02/Club-Magic-Life-Kalawy-fly-pl.jpg","https://fly.pl/wycieczka/egipt,hurghada,safaga/club-magic-life-kalawy-imperial/pEMXMXWp_INA0Aos8qtwwcAAogDSq1EBp0iJKDNIvrn_xb-5i_q7xKhskzkRELa_XdvD4qBFNGUEwwsYrC1QZIo1dQQVjuAWACciMLAhUFIgQSI0D6AlvjBFyv_AUNz8zOCVHmmb72AwISYwECBXti-n0/ofertasv/?filter[tourOperator]=SFPL&filter%5Bperson%5D=2&filter%5BchildAge%5D%5B1%5D=20201210&filter%5Bchild%5D=1"
"Coral Sea Holiday Resort","11181.0","11.10.2026 - 18.10.2026","8 dni/7 nocy","","4.5","4.5","10287","tripadvisor","Warszawa","2026-09-21T01:15:20.992660+00:00","https://fly.pl/szukaj-wycieczek/?filter[dest]=11:&filter[hotelids]=&filter[cityids]=0&filter[cregids]=&filter[ofrType]=&filter[addObjType]=&filter[whenFrom]=21-09-2026&filter[whenTo]=21-10-2026&filter[duration]=7:10&filter[from]=Warszawa%20-%20Modlin,Warszawa%20-%20Radom,Warszawa&filter[person]=2&filter[child]=1&filter[price]=4000:20000&filter[PriceFrom]=4000&filter[PriceTo]=20000&filter[addCategory]=50&filter[addCatering]=1&filter[addMisc]=0&filter[addTransport]=F&filter[fp]=1&order_by=ofr_price&filter[tourOperator]=0&filter[childAge][1]=20201210","https://fly.pl/cdn/photo/assets/uploads/582/278/2014/07/Coral-Sea-Holiday-Resort.jpg","https://fly.pl/wycieczka/egipt,sharm-el-sheikh,c/coral-sea-holiday-village/p9n4ws6Eb515HLlmSnuBbFAAogFNwGuo71zQ1MPy9d9_7q_AiPgYhrkVrHHSR3tH9QMnYqBEpPSVAwsYrC1QZIrVdQQVjeA2ACagNDR21yQpsBFAEVBhcAXANYBVYCQMoGT-IBXQBe3voBEdQTUtIMUwBLxyNhAEzljDoNpv2XCSAAAbazyPjCiMygMAINYwEADKMTph4/ofertasv/?filter[tourOperator]=JOIP&filter%5Bperson%5D=2&filter%5BchildAge%5D%5B1%5D=20201210&filter%5Bchild%5D=1"
"Coral Sea Water World Resort","11181.0","11.10.2026 - 18.10.2026","8 dni/7 nocy","","4.5","4.5","9378","tripadvisor","Warszawa","2026-09-21T01:15:20.992660+00:00","https://fly.pl/szukaj-wycieczek/?filter[dest]=11:&filter[hotelids]=&filter[cityids]=0&filter[cregids]=&filter[ofrType]=&filter[addObjType]=&filter[whenFrom]=21-09-2026&filter[whenTo]=21-10-2026&filter[duration]=7:10&filter[from]=Warszawa%20-%20Modlin,Warszawa%20-%20Radom,Warszawa&filter[person]=2&filter[child]=1&filter[price]=4000:20000&filter[PriceFrom]=4000&filter[PriceTo]=20000&filter[addCategory]=50&filter[addCatering]=1&filter[addMisc]=0&filter[addTransport]=F&filter[fp]=1&order_by=ofr_price&filter[tourOperator]=0&filter[childAge][1]=20201210","https://fly.pl/cdn/photo/assets/uploads/582/278/2014/07/Coral-Sea-Waterworld.jpg","https://fly.pl/wycieczka/egipt,sharm-el-sheikh,c/coral-sea-water-world/p75D1XDLJn0oV4hIxNf7GqAAogiwVAr_uHQ-nksYc1IaRWSQiPgYhrkVrHHSR3tH9QMnYqBEpPSVAwsYrC1QZIrVdQQVjeA2ACagMxMm9yQpsBFAEVBhcAXANYBVYCQMoGT-IBXQBe3voBEdUTUtEMUwBLxyNhAEzljDoNpv2XCSAAAca3-P_CiMygMAINYwEADBiOcZw/ofertasv/?filter[tourOperator]=JOIP&filter%5Bperson%5D=2&filter%5BchildAge%5D%5B1%5D=20201210&filter%5Bchild%5D=1"
"Pickalbatros Laguna Vista Beach","11216.0","10.10.2026 - 17.10.2026","8 dni/7 nocy","","4.0","4.0","3068","tripadvisor","Warszawa","2026-09-21T01:15:20.992660+00:00","https://fly.pl/szukaj-wycieczek/?filter[dest]=11:&filter[hotelids]=&filter[cityids]=0&filter[cregids]=&filter[ofrType]=&filter[addObjType]=&filter[whenFrom]=21-09-2026&filter[whenTo]=21-10-2026&filter[duration]=7:10&filter[from]=Warszawa%20-%20Modlin,Warszawa%20-%20Radom,Warszawa&filter[person]=2&filter[child]=1&filter[price]=4000:20000&filter[PriceFrom]=4000&filter[PriceTo]=20000&filter[addCategory]=50&filter[addCatering]=1&filter[addMisc]=0&filter[addTransport]=F&filter[fp]=1&order_by=ofr_price&filter[tourOperator]=0&filter[childAge][1]=20201210","https://fly.pl/cdn/photo/assets/uploads/582/278/2014/07/laguna.jpg","https://fly.pl/wycieczka/egipt,sharm-el-sheikh,c/laguna-vista-beach/pFzwI4HwNwK2vLjSWo55_7AAogDQdmmT7AeIz4lf8BqhuWOgAAAACZhAQAtoQEAAcAEgAqBFdFWlkwsYrC1QZI0FdQQVjGA2ADaglFbnRlciBBaXJqBDA4MDByQp4BlQEfABwBAgAWBBcCEWsSggMYhQUTzQEUyQRAknJMoKIBTwBLxyNQABvHmgMdyqcMIB0N3MfCCQESYwENYwEEDBYfKgc/ofertasv/?filter[tourOperator]=WEZY&filter%5Bperson%5D=2&filter%5BchildAge%5D%5B1%5D=20201210&filter%5Bchild%5D=1"
"Movenpick Resort & Spa El Gouna","11266.0","27.09.2026 - 04.10.2026","8 dni/7 nocy","","4.5","4.5","6195","tripadvisor","Warszawa","2026-09-21T01:15:20.992660+00:00","https://fly.pl/szukaj-wycieczek/?filter[dest]=11:&filter[hotelids]=&filter[cityids]=0&filter[cregids]=&filter[ofrType]=&filter[addObjType]=&filter[whenFrom]=21-09-2026&filter[whenTo]=21-10-2026&filter[duration]=7:10&filter[from]=Warszawa%20-%20Modlin,Warszawa%20-%20Radom,Warszawa&filter[person]=2&filter[child]=1&filter[price]=4000:20000&filter[PriceFrom]=4000&filter[PriceTo]=20000&filter[addCategory]=50&filter[addCatering]=1&filter[addMisc]=0&filter[addTransport]=F&filter[fp]=1&order_by=ofr_price&filter[tourOperator]=0&filter[childAge][1]=20201210","https://fly.pl/cdn/photo/assets/uploads/582/278/2014/07/Movenpick-Resort-Spa-El-Gouna-fly-pl.jpg","https://fly.pl/wycieczka/egipt,hurghada,el-gouna/moevenpick-resort-spa-el-gouna/plewB6hbYhMl79GMyWRytvAAogVi0i_xQp0t7SWJeQ8r7A1AAAAADiggQA_oIEAAcAAQAqBFdFWlkwsYrC1QZIglhQQViOAWADaglFbnRlciBBaXJqBDAwMTVyQp4BlAEfABwBAgARARYDFwIS7QMV2gUYlQMTuQFAhXNMyzJPAEuckwFQABuBuwId2YMNIBwNwcrCCQESYwEMYwECBe5Ujww/ofertasv/?filter[tourOperator]=WEZY&filter%5Bperson%5D=2&filter%5BchildAge%5D%5B1%5D=20201210&filter%5Bchild%5D=1"
"Pickalbatros Palace Resort","11283.0","13.10.2026 - 20.10.2026","8 dni/7 nocy","","4.5","4.5","935","tripadvisor","Warszawa","2026-09-21T01:15:20.992660+00:00","https://fly.pl/szukaj-wycieczek/?filter[dest]=11:&filter[hotelids]=&filter[cityids]=0&filter[cregids]=&filter[ofrType]=&filter[addObjType]=&filter[whenFrom]=21-09-2026&filter[whenTo]=21-10-2026&filter[duration]=7:10&filter[from]=Warszawa%20-%20Modlin,Warszawa%20-%20Radom,Warszawa&filter[person]=2&filter[child]=1&filter[price]=4000:20000&filter[PriceFrom]=4000&filter[PriceTo]=20000&filter[addCategory]=50&filter[addCatering]=1&filter[addMisc]=0&filter[addTransport]=F&filter[fp]=1&order_by=ofr_price&filter[tourOperator]=0&filter[childAge][1]=20201210","https://fly.pl/cdn/photo/assets/uploads/582/278/2014/09/Albatros-Palace-fly-pl-4.jpg","https://fly.pl/wycieczka/egipt,hurghada,c/albatros-palace/pHQZOUuS0ZaiLO6-wG3zMLAAog1EmPJJekrOArzoZQUagHXWqyvADKfxjztHOrlw2TEoUqBEpPSVAwsYrC1QZIk1hQQViOBGACagNDR21yQpsBFAEVBhcAXANYBVYCQMoGT-IBXQBSr6sBUwARwRle7jVL7UNhAEzljDoNqP2XCSAAAbaP-IjFhsygMAINYwEADO69PrE/ofertasv/?filter[tourOperator]=JOIP&filter%5Bperson%5D=2&filter%5BchildAge%5D%5B1%5D=20201210&filter%5Bchild%5D=1"
"Cardina Resort by Sunrise","11307.0","06.10.2026 - 13.10.2026","8 dni/7 nocy","","4.2","4.2","3597","tripadvisor","Warszawa","2026-09-21T01:15:20.992660+00:00","https://fly.pl/szukaj-wycieczek/?filter[dest]=11:&filter[hotelids]=&filter[cityids]=0&filter[cregids]=&filter[ofrType]=&filter[addObjType]=&filter[whenFrom]=21-09-2026&filter[whenTo]=21-10-2026&filter[duration]=7:10&filter[from]=Warszawa%20-%20Modlin,Warszawa%20-%20Radom,Warszawa&filter[person]=2&filter[child]=1&filter[price]=4000:20000&filter[PriceFrom]=4000&filter[PriceTo]=20000&filter[addCategory]=50&filter[addCatering]=1&filter[addMisc]=0&filter[addTransport]=F&filter[fp]=1&order_by=ofr_price&filter[tourOperator]=0&filter[childAge][1]=20201210","https://fly.pl/cdn/photo/assets/uploads/582/278/2016/11/Aurora-Oriental-Bay-Marsa-Alam.jpg","https://fly.pl/wycieczka/egipt,marsa-alam,c/aurora-oriental-bay-marsa-alam/pEdxCTxiNhB8r5EcUufDNdAAogvlRjGVUl5r-_M0gO0zDtS4GDUkDRanLk14V_5gABdJoqBEJWUFIwsYrC1QZIq1hQAVjmAmACag1BbGwgaW5jbHVzaXZlciAcEZtQG5XiBBio4wy5BKLwE6sEHAHQxIHCAQIAYwECC0cm5iU/ofertasv/?filter[tourOperator]=BVPR&filter%5Bperson%5D=2&filter%5BchildAge%5D%5B1%5D=20201210&filter%5Bchild%5D=1"
"Sunrise Royal Makadi Aqua Resort","11313.0","01.10.2026 - 08.10.2026","8 dni/7 nocy","","4.7","4.7","13739","tripadvisor","Warszawa","2026-09-21T01:15:20.992660+00:00","https://fly.pl/szukaj-wycieczek/?filter[dest]=11:&filter[hotelids]=&filter[cityids]=0&filter[cregids]=&filter[ofrType]=&filter[addObjType]=&filter[whenFrom]=21-09-2026&filter[whenTo]=21-10-2026&filter[duration]=7:10&filter[from]=Warszawa%20-%20Modlin,Warszawa%20-%20Radom,Warszawa&filter[person]=2&filter[child]=1&filter[price]=4000:20000&filter[PriceFrom]=4000&filter[PriceTo]=20000&filter[addCategory]=50&filter[addCatering]=1&filter[addMisc]=0&filter[addTransport]=F&filter[fp]=1&order_by=ofr_price&filter[tourOperator]=0&filter[childAge][1]=20201210","https://fly.pl/cdn/photo/assets/uploads/582/278/2014/09/Sunrise-Royal-Makadi-Aqua-Resort.jpg","https://fly.pl/wycieczka/egipt,hurghada,makadi-bay/sunrise-select-royal-makadi/puJ4FlsAsUbOixUJ8WVRjjAAogyAvLUZt0-bn_IbCBzByhkZi_q7xKhskzkRELa_XdvD4qBFNGUEwwsYrC1QZIsVhQQVjuAWACciMLAhUFIgQSI1zMAkAuW-fwUQ363IIJUdr84vuPAQISYwEEC0JqX_k/ofertasv/?filter[tourOperator]=SFPL&filter%5Bperson%5D=2&filter%5BchildAge%5D%5B1%5D=20201210&filter%5Bchild%5D=1"
"Sunrise Select Garden Beach Resort & Spa","11313.0","01.10.2026 - 08.10.2026","8 dni/7 nocy","","4.7","4.7","9765","tripadvisor","Warszawa","2026-09-21T01:15:20.992660+00:00","https://fly.pl/szukaj-wycieczek/?filter[dest]=11:&filter[hotelids]=&filter[cityids]=0&filter[cregids]=&filter[ofrType]=&filter[addObjType]=&filter[whenFrom]=21-09-2026&filter[whenTo]=21-10-2026&filter[duration]=7:10&filter[from]=Warszawa%20-%20Modlin,Warszawa%20-%20Radom,Warszawa&filter[person]=2&filter[child]=1&filter[price]=4000:20000&filter[PriceFrom]=4000&filter[PriceTo]=20000&filter[addCategory]=50&filter[addCatering]=1&filter[addMisc]=0&filter[addTransport]=F&filter[fp]=1&order_by=ofr_price&filter[tourOperator]=0&filter[childAge][1]=20201210","https://fly.pl/cdn/photo/assets/uploads/582/278/2014/09/Sunrise-Garden-Beach-Resort-Spa.jpg","https://fly.pl/wycieczka/egipt,hurghada,c/sunrise-select-garden-beach-resort-spa/pCbIwz5-H9iVNuw8UIac6DAAog2scAlM31Zn_2iYIvk2FBU5i_q7xKhskzkRELa_XdvD4qBFNGUEwwsYrC1QZIsVhQQVjuAWACciILAhUFIgQSI1zMAkAuW-uXJw32ta0JUYLVvvYDAhJjAQQLxccO3w/ofertasv/?filter[tourOperator]=SFPL&filter%5Bperson%5D=2&filter%5BchildAge%5D%5B1%5D=20201210&filter%5Bchild%5D=1"
"Rewaya Majestic Resort","11357.0","01.10.2026 - 08.10.2026","8 dni/7 nocy","","","","","","Warszawa","2026-09-21T01:15:20.992660+00:00","https://fly.pl/szukaj-wycieczek/?filter[dest]=11:&filter[hotelids]=&filter[cityids]=0&filter[cregids]=&filter[ofrType]=&filter[addObjType]=&filter[whenFrom]=21-09-2026&filter[whenTo]=21-10-2026&filter[duration]=7:10&filter[from]=Warszawa%20-%20Modlin,Warszawa%20-%20Radom,Warszawa&filter[person]=2&filter[child]=1&filter[price]=4000:20000&filter[PriceFrom]=4000&filter[PriceTo]=20000&filter[addCategory]=50&filter[addCatering]=1&filter[addMisc]=0&filter[addTransport]=F&filter[fp]=1&order_by=ofr_price&filter[tourOperator]=0&filter[childAge][1]=20201210","https://datacfstatic.merlinx.pl/OASI/IMG/24139/e3a15b238b2d30f27199dd0e48d3c85c0bc5e06a1c321d66bdb885dd7a89e111.webp","https://fly.pl/wycieczka/egipt,hurghada,c/rewaya-majestic-resort-10/pPKyP5snigmOqGVa3y7qQGAAoguSFNX8d7v0Hp60GsvfwAWktkr-oXB6pv3Vpnitl03gMqBE9BU0kwsYrC1QZI3VhQAVjuAWACagNVQUlyIRwRy7wBuQShjw-rBBsbuOEMGOiNEQGXsfSFAgIAYwECDQecDZo/ofertasv/?filter[tourOperator]=OASI&filter%5Bperson%5D=2&filter%5BchildAge%5D%5B1%5D=20201210&filter%5Bchild%5D=1"
"Pickalbatros Sands Port Ghalib (ex. Red Sea Siva Sands)","11383.0","04.10.2026 - 11.10.2026","8 dni/7 nocy","","4.5","4.5","3436","tripadvisor","Warszawa","2026-09-21T01:15:20.992660+00:00","https://fly.pl/szukaj-wycieczek/?filter[dest]=11:&filter[hotelids]=&filter[cityids]=0&filter[cregids]=&filter[ofrType]=&filter[addObjType]=&filter[whenFrom]=21-09-2026&filter[whenTo]=21-10-2026&filter[duration]=7:10&filter[from]=Warszawa%20-%20Modlin,Warszawa%20-%20Radom,Warszawa&filter[person]=2&filter[child]=1&filter[price]=4000:20000&filter[PriceFrom]=4000&filter[PriceTo]=20000&filter[addCategory]=50&filter[addCatering]=1&filter[addMisc]=0&filter[addTransport]=F&filter[fp]=1&order_by=ofr_price&filter[tourOperator]=0&filter[childAge][1]=20201210","https://fly.pl/cdn/photo/assets/uploads/582/278/2014/07/PICKALBATROS-SANDS-PORT-GHALIB.jpg","https://fly.pl/wycieczka/egipt,marsa-alam,port-ghalib/crowne-plaza-sahara-sands-resort/pq3QqAMVxGl4wcgRZE7MTTAAogKIeLJ_NubOkHdLvVgb1EuwAAAAAZgwQANYMEAAcAAQAqBFdFWlkwsYrC1QZI91hQQVi2AmADaglFbnRlciBBaXJqBDAwNTByQp4BlAEfABwBAgAWBBcCEQMS6gMV2gUYlQMTzQFA8XJMtpYBTwBLsS9QAB2Rvw8gHBu2qx8NoZ-jCQESYwENYwECDAL48do/ofertasv/?filter[tourOperator]=WEZY&filter%5Bperson%5D=2&filter%5BchildAge%5D%5B1%5D=20201210&filter%5Bchild%5D=1"
"Charmillion Club Resort","11398.0","10.10.2026 - 17.10.2026","8 dni/7 nocy","","4.5","4.5","6075","tripadvisor","Warszawa","2026-09-21T01:15:20.992660+00:00","https://fly.pl/szukaj-wycieczek/?filter[dest]=11:&filter[hotelids]=&filter[cityids]=0&filter[cregids]=&filter[ofrType]=&filter[addObjType]=&filter[whenFrom]=21-09-2026&filter[whenTo]=21-10-2026&filter[duration]=7:10&filter[from]=Warszawa%20-%20Modlin,Warszawa%20-%20Radom,Warszawa&filter[person]=2&filter[child]=1&filter[price]=4000:20000&filter[PriceFrom]=4000&filter[PriceTo]=20000&filter[addCategory]=50&filter[addCatering]=1&filter[addMisc]=0&filter[addTransport]=F&filter[fp]=1&order_by=ofr_price&filter[tourOperator]=0&filter[childAge][1]=20201210","https://fly.pl/cdn/photo/assets/uploads/582/278/2014/07/Charmillion-Club-Resort-ex.-Sea-Club-Resort-fly-pl.jpg","https://fly.pl/wycieczka/egipt,sharm-el-sheikh,c/sea-club-sharm-el-sheikh/pz2D3XIcRhPy_a-sHxEbNGAAogdqRPfPsqpMv9KDffLPcrbAAAAACZhAQAtoQEAAcAEgAqBFdFWlkwsYrC1QZIhllQQVjGA2ADaglFbnRlciBBaXJqBDA4MDByQ54BlQEfAAIBHAAWBBcCEu0DGIUFE80BFMkEEZEOQIFkTKCiAU8AS8cjUAAbyYABHcjBDiAdDdzHwgkBEmMBDWMBAgVRAJtv/ofertasv/?filter[tourOperator]=WEZY&filter%5Bperson%5D=2&filter%5BchildAge%5D%5B1%5D=20201210&filter%5Bchild%5D=1"
"Naama Bay Promenade Beach Resort","11398.0","10.10.2026 - 17.10.2026","8 dni/7 nocy","","4.2","4.2","1290","tripadvisor","Warszawa","2026-09-21T01:15:20.992660+00:00","https://fly.pl/szukaj-wycieczek/?filter[dest]=11:&filter[hotelids]=&filter[cityids]=0&filter[cregids]=&filter[ofrType]=&filter[addObjType]=&filter[whenFrom]=21-09-2026&filter[whenTo]=21-10-2026&filter[duration]=7:10&filter[from]=Warszawa%20-%20Modlin,Warszawa%20-%20Radom,Warszawa&filter[person]=2&filter[child]=1&filter[price]=4000:20000&filter[PriceFrom]=4000&filter[PriceTo]=20000&filter[addCategory]=50&filter[addCatering]=1&filter[addMisc]=0&filter[addTransport]=F&filter[fp]=1&order_by=ofr_price&filter[tourOperator]=0&filter[childAge][1]=20201210","https://fly.pl/cdn/photo/assets/uploads/582/278/2021/07/Naama-Bay-Promenade-Beach-Resort.jpg","https://fly.pl/wycieczka/egipt,sharm-el-sheikh,szarm-el-szejk/naama-bay-promenade-beach-resort-10/pCcnJ5pTn0VSABqBfBZcXAAAogbGCu8FFnwu9O1T0yjskb1gAAAACZhAQAtoQEAAcAEgAqBFdFWlkwsYrC1QZIhllQQVjGA2ADaglFbnRlciBBaXJqBDA4MDByQ54BlQEfAAIBHAAWBBcCEu0DGIUFE80BFMkEEcoPQMhiTKCiAU8AS8cjUAAbuNQDHdntCyAdDdzHwgkBEmMBDGMBAgVHA3ip/ofertasv/?filter[tourOperator]=WEZY&filter%5Bperson%5D=2&filter%5BchildAge%5D%5B1%5D=20201210&filter%5Bchild%5D=1"
"Jaz Sharm Dreams Resort","11413.0","27.09.2026 - 04.10.2026","8 dni/7 nocy","","4.3","4.3","6568","tripadvisor","Warszawa","2026-09-21T01:15:20.992660+00:00","https://fly.pl/szukaj-wycieczek/?filter[dest]=11:&filter[hotelids]=&filter[cityids]=0&filter[cregids]=&filter[ofrType]=&filter[addObjType]=&filter[whenFrom]=21-09-2026&filter[whenTo]=21-10-2026&filter[duration]=7:10&filter[from]=Warszawa%20-%20Modlin,Warszawa%20-%20Radom,Warszawa&filter[person]=2&filter[child]=1&filter[price]=4000:20000&filter[PriceFrom]=4000&filter[PriceTo]=20000&filter[addCategory]=50&filter[addCatering]=1&filter[addMisc]=0&filter[addTransport]=F&filter[fp]=1&order_by=ofr_price&filter[tourOperator]=0&filter[childAge][1]=20201210","https://fly.pl/cdn/photo/assets/uploads/582/278/2014/07/Jaz-Sharm-Dreams.jpg","https://fly.pl/wycieczka/egipt,sharm-el-sheikh,c/hilton-sharm-dreams-resort/p64csNUMqh-gebYkbai7RKAAog0hCiSroOUSv1krMMkon6VtvhBFpwv_tYWcE8EXXr1-EqBEpPSVAwsYrC1QZIlVlQQViOAWACagMwRkhyQpsBFAEVBhcAXANYBVYCQMoGT-IBXQARxMYBXpo0UqYgUwBLxyNhAEzljDoN0vyXCSAAAYjI8L-1iMygMAINYwEADDQZCRA/ofertasv/?filter[tourOperator]=JOIP&filter%5Bperson%5D=2&filter%5BchildAge%5D%5B1%5D=20201210&filter%5Bchild%5D=1"
"Swiss Inn Resort Hurghada (ex. Hilton Hurghada Resort)","11437.0","04.10.2026 - 11.10.2026","8 dni/7 nocy","","4.5","4.5","1879","tripadvisor","Warszawa","2026-09-21T01:15:20.992660+00:00","https://fly.pl/szukaj-wycieczek/?filter[dest]=11:&filter[hotelids]=&filter[cityids]=0&filter[cregids]=&filter[ofrType]=&filter[addObjType]=&filter[whenFrom]=21-09-2026&filter[whenTo]=21-10-2026&filter[duration]=7:10&filter[from]=Warszawa%20-%20Modlin,Warszawa%20-%20Radom,Warszawa&filter[person]=2&filter[child]=1&filter[price]=4000:20000&filter[PriceFrom]=4000&filter[PriceTo]=20000&filter[addCategory]=50&filter[addCatering]=1&filter[addMisc]=0&filter[addTransport]=F&filter[fp]=1&order_by=ofr_price&filter[tourOperator]=0&filter[childAge][1]=20201210","https://fly.pl/cdn/photo/assets/uploads/582/278/2014/07/Swiss-Inn-Resort-Hurghada.jpg","https://fly.pl/wycieczka/egipt,hurghada,c/hilton-resort/pPnXIss24HaNoJipk_r5EwAAogNxICQ-UhDncKE1AWQ-eR9AAAAADjggQA_4IEAAcAAQAqBFdFWlkwsYrC1QZIrVlQQVi2AmADaglFbnRlciBBaXJqBDAwMTVyQZ4BlAEfAAIBHAAWBBcCEu0DFdoFGJUDE7kBQIVzTMsyTwARo0JL-VBQABuIKx3Tkw8gHA2Ny8IJARJjAQxjAQIGzj50DQ/ofertasv/?filter[tourOperator]=WEZY&filter%5Bperson%5D=2&filter%5BchildAge%5D%5B1%5D=20201210&filter%5Bchild%5D=1"
"Titanic Royal","11474.0","27.09.2026 - 04.10.2026","8 dni/7 nocy","","4.8","4.8","4654","tripadvisor","Warszawa","2026-09-21T01:15:20.992660+00:00","https://fly.pl/szukaj-wycieczek/?filter[dest]=11:&filter[hotelids]=&filter[cityids]=0&filter[cregids]=&filter[ofrType]=&filter[addObjType]=&filter[whenFrom]=21-09-2026&filter[whenTo]=21-10-2026&filter[duration]=7:10&filter[from]=Warszawa%20-%20Modlin,Warszawa%20-%20Radom,Warszawa&filter[person]=2&filter[child]=1&filter[price]=4000:20000&filter[PriceFrom]=4000&filter[PriceTo]=20000&filter[addCategory]=50&filter[addCatering]=1&filter[addMisc]=0&filter[addTransport]=F&filter[fp]=1&order_by=ofr_price&filter[tourOperator]=0&filter[childAge][1]=20201210","https://fly.pl/cdn/photo/assets/uploads/582/278/2018/12/Titanic-Royal-fly-pl.jpg","https://fly.pl/wycieczka/egipt,hurghada,c/titanic-royal/pauok_-1loU03nROlq6fHHAAog9vt1UmTBm7tPs75pwzobVgAAAADiggQA_oIEAAcAAQAqBFdFWlkwsYrC1QZI0llQQViOAWADaglFbnRlciBBaXJqBDAwMTVyQp4BlAEfAAIBFgAcABcGEu0DFdoFGJUDE7kBQIVzTMsyTwARtCFL6HFQAB3avg8gHBuE8DUNvdqMCQESYwEMYwECBUr-rRE/ofertasv/?filter[tourOperator]=WEZY&filter%5Bperson%5D=2&filter%5BchildAge%5D%5B1%5D=20201210&filter%5Bchild%5D=1"
"Jaz Lamaya Resort (ex Iberotel)","11487.0","29.09.2026 - 06.10.2026","8 dni/7 nocy","","4.6","4.6","5880","tripadvisor","Warszawa","2026-09-21T01:15:20.992660+00:00","https://fly.pl/szukaj-wycieczek/?filter[dest]=11:&filter[hotelids]=&filter[cityids]=0&filter[cregids]=&filter[ofrType]=&filter[addObjType]=&filter[whenFrom]=21-09-2026&filter[whenTo]=21-10-2026&filter[duration]=7:10&filter[from]=Warszawa%20-%20Modlin,Warszawa%20-%20Radom,Warszawa&filter[person]=2&filter[child]=1&filter[price]=4000:20000&filter[PriceFrom]=4000&filter[PriceTo]=20000&filter[addCategory]=50&filter[addCatering]=1&filter[addMisc]=0&filter[addTransport]=F&filter[fp]=1&order_by=ofr_price&filter[tourOperator]=0&filter[childAge][1]=20201210","https://fly.pl/cdn/photo/assets/uploads/582/278/2014/09/jaz-lamaya.jpg","https://fly.pl/wycieczka/egipt,marsa-alam,madinat-coraya/iberotel-lamaya-resort/p9AW8r34QmNg3Uk0C9FGYaAAoggiffSgGKdlbFUfaTLXbcXU06hx9ocs0uTwVzFzEHmYkqBEVYSU0wsYrC1QZI31lQAVi-AWACagJBSXIhHBHzxwa5BPf2PasEHBv33joYqfU7AfXMsbkKAgBjAQIMbIWKGg/ofertasv/?filter[tourOperator]=EXIM&filter%5Bperson%5D=2&filter%5BchildAge%5D%5B1%5D=20201210&filter%5Bchild%5D=1"
"Safir Dahab Resort","11494.0","11.10.2026 - 18.10.2026","8 dni/7 nocy","","4.5","4.5","1527","tripadvisor","Warszawa","2026-09-21T01:15:20.992660+00:00","https://fly.pl/szukaj-wycieczek/?filter[dest]=11:&filter[hotelids]=&filter[cityids]=0&filter[cregids]=&filter[ofrType]=&filter[addObjType]=&filter[whenFrom]=21-09-2026&filter[whenTo]=21-10-2026&filter[duration]=7:10&filter[from]=Warszawa%20-%20Modlin,Warszawa%20-%20Radom,Warszawa&filter[person]=2&filter[child]=1&filter[price]=4000:20000&filter[PriceFrom]=4000&filter[PriceTo]=20000&filter[addCategory]=50&filter[addCatering]=1&filter[addMisc]=0&filter[addTransport]=F&filter[fp]=1&order_by=ofr_price&filter[tourOperator]=0&filter[childAge][1]=20201210","https://fly.pl/cdn/photo/assets/uploads/582/278/2015/09/Safir-Dahab-Resort.jpg","https://fly.pl/wycieczka/egipt,dahab,c/dahab-resort/pY0-aGW7DMo_ZrAG0nZqbNAAog2FIJYsgjhfpHcxUHF8XIzgiPgYhrkVrHHSR3tH9QMnYqBEpPSVAwsYrC1QZI5llQQVjeA2ACagMwMHdyQpsBFAEVBhcAXANYBVYCQMoGT-IBXQBe3voBEcQEUuIbUwBLxyNhAEzljDoNpv2XCSAAAbq39Ii0iMygMAINYwEAC3FsgM0/ofertasv/?filter[tourOperator]=JOIP&filter%5Bperson%5D=2&filter%5BchildAge%5D%5B1%5D=20201210&filter%5Bchild%5D=1"
"Jaz Makadi Oasis Resort","11498.0","01.10.2026 - 08.10.2026","8 dni/7 nocy","","4.7","4.7","5403","tripadvisor","Warszawa - Radom","2026-09-21T01:15:20.992660+00:00","https://fly.pl/szukaj-wycieczek/?filter[dest]=11:&filter[hotelids]=&filter[cityids]=0&filter[cregids]=&filter[ofrType]=&filter[addObjType]=&filter[whenFrom]=21-09-2026&filter[whenTo]=21-10-2026&filter[duration]=7:10&filter[from]=Warszawa%20-%20Modlin,Warszawa%20-%20Radom,Warszawa&filter[person]=2&filter[child]=1&filter[price]=4000:20000&filter[PriceFrom]=4000&filter[PriceTo]=20000&filter[addCategory]=50&filter[addCatering]=1&filter[addMisc]=0&filter[addTransport]=F&filter[fp]=1&order_by=ofr_price&filter[tourOperator]=0&filter[childAge][1]=20201210","https://fly.pl/cdn/photo/assets/uploads/582/278/2015/04/Jaz-Makadi-Oasis.jpg","https://fly.pl/wycieczka/egipt,hurghada,makadi-bay/iberotel-makadi-club-oasis/p_P8_HJOhT4fV4DHGOx3UlAAogzzA_aQpVRuCCkPpDD5ARmJtDSG7JGG1kLrratyRh_coqBE9SRVgwsYrC1QZI6llQQVjuAWACagY2VC4yLjFyNZsBFQcXAFwDWAVWAhEZQLEGXdMOT2xT0p0BUgBer09LgRJhAEzRvjognP2XCQ0AAhJjAQIMqhFCPQ/ofertasv/?filter[tourOperator]=OREX&filter%5Bperson%5D=2&filter%5BchildAge%5D%5B1%5D=20201210&filter%5Bchild%5D=1"
"Double Tree by Hilton Mangroovy El Gouna Resort","11633.0","01.10.2026 - 08.10.2026","8 dni/7 nocy","","","","","","Warszawa - Radom","2026-09-21T01:15:20.992660+00:00","https://fly.pl/szukaj-wycieczek/?filter[dest]=11:&filter[hotelids]=&filter[cityids]=0&filter[cregids]=&filter[ofrType]=&filter[addObjType]=&filter[whenFrom]=21-09-2026&filter[whenTo]=21-10-2026&filter[duration]=7:10&filter[from]=Warszawa%20-%20Modlin,Warszawa%20-%20Radom,Warszawa&filter[person]=2&filter[child]=1&filter[price]=4000:20000&filter[PriceFrom]=4000&filter[PriceTo]=20000&filter[addCategory]=50&filter[addCatering]=1&filter[addMisc]=0&filter[addTransport]=F&filter[fp]=1&order_by=ofr_price&filter[tourOperator]=0&filter[childAge][1]=20201210","https://datacfstatic.merlinx.pl/OREX/IMG/6513/61970b72b312ea6d0373821b3cb6271ebffe7a152e252532c893aa503ed99358.webp","https://fly.pl/wycieczka/egipt,hurghada,al-dzuna/double-tree-by-hilton-mangroovy-el-gouna-13/pz0KrJGxAgFkSI_f3NIZddAAog2T315cxqL99FtniBsRw5EJtDSG7JGG1kLrratyRh_coqBE9SRVgwsYrC1QZI8VpQQVjuAWACagVYLjIuMXI2mwEVBxcAXANYBVYCQMoGXdMOT2wR1xxT-4ABUgBer09LgRJhAEzRvjognP2XCQ0AAhJjAQILAwvw3w/ofertasv/?filter[tourOperator]=OREX&filter%5Bperson%5D=2&filter%5BchildAge%5D%5B1%5D=20201210&filter%5Bchild%5D=1"
"Jaz Elite Maraya","11687.0","26.09.2026 - 04.10.2026","9 dni/7 nocy","","4.9","4.9","2733","tripadvisor","Warszawa","2026-09-21T01:15:20.992660+00:00","https://fly.pl/szukaj-wycieczek/?filter[dest]=11:&filter[hotelids]=&filter[cityids]=0&filter[cregids]=&filter[ofrType]=&filter[addObjType]=&filter[whenFrom]=21-09-2026&filter[whenTo]=21-10-2026&filter[duration]=7:10&filter[from]=Warszawa%20-%20Modlin,Warszawa%20-%20Radom,Warszawa&filter[person]=2&filter[child]=1&filter[price]=4000:20000&filter[PriceFrom]=4000&filter[PriceTo]=20000&filter[addCategory]=50&filter[addCatering]=1&filter[addMisc]=0&filter[addTransport]=F&filter[fp]=1&order_by=ofr_price&filter[tourOperator]=0&filter[childAge][1]=20201210","https://fly.pl/cdn/photo/assets/uploads/582/278/2019/08/Jaz-Maraya.jpg","https://fly.pl/wycieczka/egipt,marsa-alam,c/jaz-maraya/p7D2f-g_uaAKJDpkM_i3bQAAoggDRkZ8l5BS-lMUn91c1tcvPOVhexA4B-vTIRTOTMdjUqBEVYSU0wsYrC1QZIp1tQAVh2YAJqAkFJciEcEZXKBrkEwPU9qwQbG7epPBiY9D0B_Prc7goCAGMBAgxd4Jjb/ofertasv/?filter[tourOperator]=EXIM&filter%5Bperson%5D=2&filter%5BchildAge%5D%5B1%5D=20201210&filter%5Bchild%5D=1"
"Pickalbatros Palace Port Ghalib (ex. Red Sea The Palace)","11701.0","26.09.2026 - 03.10.2026","8 dni/7 nocy","","4.7","4.7","3738","tripadvisor","Warszawa","2026-09-21T01:15:20.992660+00:00","https://fly.pl/szukaj-wycieczek/?filter[dest]=11:&filter[hotelids]=&filter[cityids]=0&filter[cregids]=&filter[ofrType]=&filter[addObjType]=&filter[whenFrom]=21-09-2026&filter[whenTo]=21-10-2026&filter[duration]=7:10&filter[from]=Warszawa%20-%20Modlin,Warszawa%20-%20Radom,Warszawa&filter[person]=2&filter[child]=1&filter[price]=4000:20000&filter[PriceFrom]=4000&filter[PriceTo]=20000&filter[addCategory]=50&filter[addCatering]=1&filter[addMisc]=0&filter[addTransport]=F&filter[fp]=1&order_by=ofr_price&filter[tourOperator]=0&filter[childAge][1]=20201210","https://fly.pl/cdn/photo/assets/uploads/582/278/2014/09/albatros-palace.jpg","https://fly.pl/wycieczka/egipt,marsa-alam,port-ghalib/intercontinental-the-palace-port-ghalib/p8ene7nZgw2NYiN-zA1uUMAAogzqOsqGsCouDobGUuCDoc6mN5nXJGiD9Rad5ib_UKovUqBFNGUEwwsYrC1QZItVtQQVh2YAJyJAsCFQUiBRIoXMYCQC4Nls3UCVuJvLUNUd2i2ejfAQISYwECBRvTn9g/ofertasv/?filter[tourOperator]=SFPL&filter%5Bperson%5D=2&filter%5BchildAge%5D%5B1%5D=20201210&filter%5Bchild%5D=1"
"Nubian Village","11775.0","10.10.2026 - 17.10.2026","8 dni/7 nocy","","4.5","4.5","4649","tripadvisor","Warszawa","2026-09-21T01:15:20.992660+00:00","https://fly.pl/szukaj-wycieczek/?filter[dest]=11:&filter[hotelids]=&filter[cityids]=0&filter[cregids]=&filter[ofrType]=&filter[addObjType]=&filter[whenFrom]=21-09-2026&filter[whenTo]=21-10-2026&filter[duration]=7:10&filter[from]=Warszawa%20-%20Modlin,Warszawa%20-%20Radom,Warszawa&filter[person]=2&filter[child]=1&filter[price]=4000:20000&filter[PriceFrom]=4000&filter[PriceTo]=20000&filter[addCategory]=50&filter[addCatering]=1&filter[addMisc]=0&filter[addTransport]=F&filter[fp]=1&order_by=ofr_price&filter[tourOperator]=0&filter[childAge][1]=20201210","https://fly.pl/cdn/photo/assets/uploads/582/278/2014/07/Nubian-Village-fly-pl.jpg","https://fly.pl/wycieczka/egipt,sharm-el-sheikh,c/nubian-village/pUK_EWCOgzkWBm9GT0S9u_AAogxIkI1i-xMb6UX5YK9Gr-AgAAAACZhAQAtoQEAAcAEgAqBFdFWlkwsYrC1QZI_1tQQVjGA2ADaglFbnRlciBBaXJqBDA4MDByQp4BlQEfABwBAgAWBBcCEXgS9QIYhQUTzQEUyQRAknJMoKIBTwBLxyNQABuruwQd5oYLIB0N3MfCCQESYwEOYwECBbH22ps/ofertasv/?filter[tourOperator]=WEZY&filter%5Bperson%5D=2&filter%5BchildAge%5D%5B1%5D=20201210&filter%5Bchild%5D=1"
"Nubian Island","11775.0","10.10.2026 - 17.10.2026","8 dni/7 nocy","","4.7","4.7","3724","tripadvisor","Warszawa","2026-09-21T01:15:20.992660+00:00","https://fly.pl/szukaj-wycieczek/?filter[dest]=11:&filter[hotelids]=&filter[cityids]=0&filter[cregids]=&filter[ofrType]=&filter[addObjType]=&filter[whenFrom]=21-09-2026&filter[whenTo]=21-10-2026&filter[duration]=7:10&filter[from]=Warszawa%20-%20Modlin,Warszawa%20-%20Radom,Warszawa&filter[person]=2&filter[child]=1&filter[price]=4000:20000&filter[PriceFrom]=4000&filter[PriceTo]=20000&filter[addCategory]=50&filter[addCatering]=1&filter[addMisc]=0&filter[addTransport]=F&filter[fp]=1&order_by=ofr_price&filter[tourOperator]=0&filter[childAge][1]=20201210","https://fly.pl/cdn/photo/assets/uploads/582/278/2014/07/Nubian-Island.jpg","https://fly.pl/wycieczka/egipt,sharm-el-sheikh,c/nubian-island/pVJNEoU-GZd2o1YBxaVTvJAAogEh0oa32mZMMpMsgKgYuyggAAAACZhAQAtoQEAAcAEgAqBFdFWlkwsYrC1QZI_1tQQVjGA2ADaglFbnRlciBBaXJqBDA4MDByQp4BlQEfABwBAgAWBBcCEXcS9gIYhQUTzQEUyQRAknJMoKIBTwBLxyNQABuruwQd5oYLIB0N3MfCCQESYwEOYwECBaQSTR0/ofertasv/?filter[tourOperator]=WEZY&filter%5Bperson%5D=2&filter%5BchildAge%5D%5B1%5D=20201210&filter%5Bchild%5D=1"
"Steigenberger Aqua Magic","11789.0","13.10.2026 - 20.10.2026","8 dni/7 nocy","","4.6","4.6","10965","tripadvisor","Warszawa","2026-09-21T01:15:20.992660+00:00","https://fly.pl/szukaj-wycieczek/?filter[dest]=11:&filter[hotelids]=&filter[cityids]=0&filter[cregids]=&filter[ofrType]=&filter[addObjType]=&filter[whenFrom]=21-09-2026&filter[whenTo]=21-10-2026&filter[duration]=7:10&filter[from]=Warszawa%20-%20Modlin,Warszawa%20-%20Radom,Warszawa&filter[person]=2&filter[child]=1&filter[price]=4000:20000&filter[PriceFrom]=4000&filter[PriceTo]=20000&filter[addCategory]=50&filter[addCatering]=1&filter[addMisc]=0&filter[addTransport]=F&filter[fp]=1&order_by=ofr_price&filter[tourOperator]=0&filter[childAge][1]=20201210","https://fly.pl/cdn/photo/assets/uploads/582/278/2014/09/Steigenberger-Aqua-Magic.jpg","https://fly.pl/wycieczka/egipt,hurghada,c/steigenberger-aqua-magic/pIu-eH7YOtF24fs8aD92nmAAogiqnbkJue4xmavpdOe0DSzmqyvADKfxjztHOrlw2TEoUqBEpPSVAwtorC1QZIjVxQQViOBGACagMwMHdyQpsBFAEVBhcAXANYBVYCQMoGT-IBXQBSr6sBUwARohpejTVL7UNhAEzljDoNqP2XCSAAAbqPtODEhsygMAINYwEACx5W_DA/ofertasv/?filter[tourOperator]=JOIP&filter%5Bperson%5D=2&filter%5BchildAge%5D%5B1%5D=20201210&filter%5Bchild%5D=1"
"Sunrise Anjum Resort","11908.0","27.09.2026 - 04.10.2026","8 dni/7 nocy","","4.9","4.9","1616","tripadvisor","Warszawa","2026-09-21T01:15:20.992660+00:00","https://fly.pl/szukaj-wycieczek/?filter[dest]=11:&filter[hotelids]=&filter[cityids]=0&filter[cregids]=&filter[ofrType]=&filter[addObjType]=&filter[whenFrom]=21-09-2026&filter[whenTo]=21-10-2026&filter[duration]=7:10&filter[from]=Warszawa%20-%20Modlin,Warszawa%20-%20Radom,Warszawa&filter[person]=2&filter[child]=1&filter[price]=4000:20000&filter[PriceFrom]=4000&filter[PriceTo]=20000&filter[addCategory]=50&filter[addCatering]=1&filter[addMisc]=0&filter[addTransport]=F&filter[fp]=1&order_by=ofr_price&filter[tourOperator]=0&filter[childAge][1]=20201210","https://fly.pl/cdn/photo/assets/uploads/582/278/2024/02/Sunrise-Anjum-Resort.jpg","https://fly.pl/wycieczka/egipt,marsa-alam,c/sunrise-anjum-resort-12/p11aDXJbbZ2UKh5y7idqieAAogK4wQILyUznMZbdWp_mXoWgAAAAAYgwQANIMEAAcABQAqBFdFWlkwtorC1QZIhF1QQViOAWADaglFbnRlciBBaXJqBDAwNTByRJ4BlAEfAAIBHAAWBBcCEu0DFdoFGJUDE80BQPFyT7aWAUwAS7EvUAAR3IIBHbS8DiAcG42KJA3-v54JARJjAQxjAQQL0gcqlQ/ofertasv/?filter[tourOperator]=WEZY&filter%5Bperson%5D=2&filter%5BchildAge%5D%5B1%5D=20201210&filter%5Bchild%5D=1"
"Steigenberger Golf Resort","11911.0","27.09.2026 - 04.10.2026","8 dni/7 nocy","","4.8","4.8","1672","tripadvisor","Warszawa","2026-09-21T01:15:20.992660+00:00","https://fly.pl/szukaj-wycieczek/?filter[dest]=11:&filter[hotelids]=&filter[cityids]=0&filter[cregids]=&filter[ofrType]=&filter[addObjType]=&filter[whenFrom]=21-09-2026&filter[whenTo]=21-10-2026&filter[duration]=7:10&filter[from]=Warszawa%20-%20Modlin,Warszawa%20-%20Radom,Warszawa&filter[person]=2&filter[child]=1&filter[price]=4000:20000&filter[PriceFrom]=4000&filter[PriceTo]=20000&filter[addCategory]=50&filter[addCatering]=1&filter[addMisc]=0&filter[addTransport]=F&filter[fp]=1&order_by=ofr_price&filter[tourOperator]=0&filter[childAge][1]=20201210","https://fly.pl/cdn/photo/assets/uploads/582/278/2015/01/Steigenberger-Golf.jpg","https://fly.pl/wycieczka/egipt,hurghada,el-gouna/steigenberger-golf/pJBQyuSE5ks7sDH0oOyAtkAAoghmGZ2--IxTq908ULseStzAAAAADiggQA_oIEAAcAAQAqBFdFWlkwtorC1QZIh11QQViOAWADaglFbnRlciBBaXJqBDAwMTVyQp4BlAEfABwBAgAWBBcCER4SzwMV2gUYlQMTuQFAhXNMyzJPAEuckwFQABuYggQdwrwLIBwNwcrCCQESYwENYwECBe53A4U/ofertasv/?filter[tourOperator]=WEZY&filter%5Bperson%5D=2&filter%5BchildAge%5D%5B1%5D=20201210&filter%5Bchild%5D=1"
"Swissotel Sharm El Sheikh","12077.0","10.10.2026 - 17.10.2026","8 dni/7 nocy","","","","","","Warszawa","2026-09-21T01:15:20.992660+00:00","https://fly.pl/szukaj-wycieczek/?filter[dest]=11:&filter[hotelids]=&filter[cityids]=0&filter[cregids]=&filter[ofrType]=&filter[addObjType]=&filter[whenFrom]=21-09-2026&filter[whenTo]=21-10-2026&filter[duration]=7:10&filter[from]=Warszawa%20-%20Modlin,Warszawa%20-%20Radom,Warszawa&filter[person]=2&filter[child]=1&filter[price]=4000:20000&filter[PriceFrom]=4000&filter[PriceTo]=20000&filter[addCategory]=50&filter[addCatering]=1&filter[addMisc]=0&filter[addTransport]=F&filter[fp]=1&order_by=ofr_price&filter[tourOperator]=0&filter[childAge][1]=20201210","https://fly.pl/cdn/photo/assets/uploads/582/278/2023/12/Swissotel-Sharm-El-Sheikh.jpg","https://fly.pl/wycieczka/egipt,sharm-el-sheikh,szarm-el-szejk/swissotel-sharm-el-sheikh-14/pyWjgS8S5z0sQeq2SIn7VQAAogptmA1W54OQEuMi3LZM_rEgAAAACZhAQAtoQEAAcAEgAqBFdFWlkwtorC1QZIrV5QQVjGA2ADaglFbnRlciBBaXJqBDA4MDByQ54BlQEfAAIBFgAcABcGEu0DGIUFE80BFMkEQJJyT6CiAUwAS8cjUAAR-GAdmeEOIB0bv8c2DZ2AjAkBEmMBDGMBAwtPEuL8/ofertasv/?filter[tourOperator]=WEZY&filter%5Bperson%5D=2&filter%5BchildAge%5D%5B1%5D=20201210&filter%5Bchild%5D=1"
"Pickalbatros Citadel Sahl Hasheesh (ex. Citadel Azur Resort)","12088.0","27.09.2026 - 04.10.2026","8 dni/7 nocy","","4.5","4.5","4866","tripadvisor","Warszawa","2026-09-21T01:15:20.992660+00:00","https://fly.pl/szukaj-wycieczek/?filter[dest]=11:&filter[hotelids]=&filter[cityids]=0&filter[cregids]=&filter[ofrType]=&filter[addObjType]=&filter[whenFrom]=21-09-2026&filter[whenTo]=21-10-2026&filter[duration]=7:10&filter[from]=Warszawa%20-%20Modlin,Warszawa%20-%20Radom,Warszawa&filter[person]=2&filter[child]=1&filter[price]=4000:20000&filter[PriceFrom]=4000&filter[PriceTo]=20000&filter[addCategory]=50&filter[addCatering]=1&filter[addMisc]=0&filter[addTransport]=F&filter[fp]=1&order_by=ofr_price&filter[tourOperator]=0&filter[childAge][1]=20201210","https://fly.pl/cdn/photo/assets/uploads/582/278/2014/07/Albatros-Citadel-Sahl-Hasheesh-ex.-Citadel-Azur-Resort-fly-pl.jpg","https://fly.pl/wycieczka/egipt,hurghada,c/citadel-azur-resort/pM3AOwaXp4W8ZhLjFlk5JWAAoguuLduXO0HA817IYwD_1k7AAAAADiggQA_oIEAAcAAQAqBFdFWlkwtorC1QZIuF5QQViOAWADaglFbnRlciBBaXJqBDAwMTVyQp4BlAEfABwBAgAWBBcCEVMSmgMV2gUYlQMTuQFAhXNMyzJPAEuckwFQAB3avg8gHBvFgWcN_MjbCAESYwENYwECDGQqBPE/ofertasv/?filter[tourOperator]=WEZY&filter%5Bperson%5D=2&filter%5BchildAge%5D%5B1%5D=20201210&filter%5Bchild%5D=1"
"Invidia Coral Beach Tiran","12169.0","10.10.2026 - 17.10.2026","8 dni/7 nocy","","4.8","4.8","337","tripadvisor","Warszawa","2026-09-21T01:15:20.992660+00:00","https://fly.pl/szukaj-wycieczek/?filter[dest]=11:&filter[hotelids]=&filter[cityids]=0&filter[cregids]=&filter[ofrType]=&filter[addObjType]=&filter[whenFrom]=21-09-2026&filter[whenTo]=21-10-2026&filter[duration]=7:10&filter[from]=Warszawa%20-%20Modlin,Warszawa%20-%20Radom,Warszawa&filter[person]=2&filter[child]=1&filter[price]=4000:20000&filter[PriceFrom]=4000&filter[PriceTo]=20000&filter[addCategory]=50&filter[addCatering]=1&filter[addMisc]=0&filter[addTransport]=F&filter[fp]=1&order_by=ofr_price&filter[tourOperator]=0&filter[childAge][1]=20201210","https://fly.pl/cdn/photo/assets/uploads/582/278/2014/07/Coral-Beach-Rotana-Tiran-fly-pl.jpg","https://fly.pl/wycieczka/egipt,sharm-el-sheikh,c/coral-beach-rotana-tiran/prYEtMNnw5xvwtWnFy1vAPAAogaB0HhyhAMfR7j9Z3IwXEWAAAAACZhAQAtoQEAAcAEgAqBFdFWlkwtorC1QZIiV9QQVjGA2ADaglFbnRlciBBaXJqBDA4MDByQp4BlQEfABwBAgAWABcGESMSygMYhQUTzQEUyQRAknJMoKIBTwBLxyNQAB2Rwg8gHRvXwmQNhYXeCAESYwEMYwECC8oGmUE/ofertasv/?filter[tourOperator]=WEZY&filter%5Bperson%5D=2&filter%5BchildAge%5D%5B1%5D=20201210&filter%5Bchild%5D=1"
"Pickalbatros Dana Beach Resort","12184.0","13.10.2026 - 20.10.2026","8 dni/7 nocy","","4.4","4.4","2871","tripadvisor","Warszawa","2026-09-21T01:15:20.992660+00:00","https://fly.pl/szukaj-wycieczek/?filter[dest]=11:&filter[hotelids]=&filter[cityids]=0&filter[cregids]=&filter[ofrType]=&filter[addObjType]=&filter[whenFrom]=21-09-2026&filter[whenTo]=21-10-2026&filter[duration]=7:10&filter[from]=Warszawa%20-%20Modlin,Warszawa%20-%20Radom,Warszawa&filter[person]=2&filter[child]=1&filter[price]=4000:20000&filter[PriceFrom]=4000&filter[PriceTo]=20000&filter[addCategory]=50&filter[addCatering]=1&filter[addMisc]=0&filter[addTransport]=F&filter[fp]=1&order_by=ofr_price&filter[tourOperator]=0&filter[childAge][1]=20201210","https://fly.pl/cdn/photo/assets/uploads/582/278/2014/10/Dana-Beach-Resort-fly-pl-1.jpg","https://fly.pl/wycieczka/egipt,hurghada,c/dana-beach/pb4PYJxGwcBtjc-NWSEjU9AAogbgfSpKmE0CP_GE0XZYZslmqyvADKfxjztHOrlw2TEoUqBEpPSVAwtorC1QZImF9QQViOBGACagMxMnFyQpsBFAEVBhcAXANYBVYCQMoGT-IBXQBSr6sBUwARwhle7TVL7UNhAEzljDoNqP2XCSAAAbaTsJDFhsygMAINYwEADPnAI0s/ofertasv/?filter[tourOperator]=JOIP&filter%5Bperson%5D=2&filter%5BchildAge%5D%5B1%5D=20201210&filter%5Bchild%5D=1"
"Cleopatra Luxury Resort (Makadi Bay)","12187.0","08.10.2026 - 15.10.2026","8 dni/7 nocy","","4.6","4.6","3189","tripadvisor","Warszawa","2026-09-21T01:15:20.992660+00:00","https://fly.pl/szukaj-wycieczek/?filter[dest]=11:&filter[hotelids]=&filter[cityids]=0&filter[cregids]=&filter[ofrType]=&filter[addObjType]=&filter[whenFrom]=21-09-2026&filter[whenTo]=21-10-2026&filter[duration]=7:10&filter[from]=Warszawa%20-%20Modlin,Warszawa%20-%20Radom,Warszawa&filter[person]=2&filter[child]=1&filter[price]=4000:20000&filter[PriceFrom]=4000&filter[PriceTo]=20000&filter[addCategory]=50&filter[addCatering]=1&filter[addMisc]=0&filter[addTransport]=F&filter[fp]=1&order_by=ofr_price&filter[tourOperator]=0&filter[childAge][1]=20201210","https://fly.pl/cdn/photo/assets/uploads/582/278/2014/10/Cleopatra-Luxury-Resort-Makadi-Bay.jpg","https://fly.pl/wycieczka/egipt,hurghada,makadi-bay/cleopatra-luxury-resort-makadi-bay/pmvYQbzAkHfPlcoT8YUydNAAogdnaJ-0zvliFZwP3tCX57Vz6OE5pR4WYFWyC8KwnwqSUqBFJOQlcwtorC1QZIm19QQViWA2ACagRDQWdKag1BTExfSU5DTFVTSVZFahcyOTYsMzgwLDQ3Nyw0ODMsNDg0LDQ4NXI7nwGWAZ4BFQcXAFgIChhAsAcR8QIZ_FEQ-AZMpi9TiiFSAEuckwFhAB3m8j8POSDplpIJDQACDWMBAgZeiOyP/ofertasv/?filter[tourOperator]=RNBW&filter%5Bperson%5D=2&filter%5BchildAge%5D%5B1%5D=20201210&filter%5Bchild%5D=1"
"Laguna Vista Garden","12230.0","11.10.2026 - 18.10.2026","8 dni/7 nocy","","4.3","4.3","6019","tripadvisor","Warszawa","2026-09-21T01:15:20.992660+00:00","https://fly.pl/szukaj-wycieczek/?filter[dest]=11:&filter[hotelids]=&filter[cityids]=0&filter[cregids]=&filter[ofrType]=&filter[addObjType]=&filter[whenFrom]=21-09-2026&filter[whenTo]=21-10-2026&filter[duration]=7:10&filter[from]=Warszawa%20-%20Modlin,Warszawa%20-%20Radom,Warszawa&filter[person]=2&filter[child]=1&filter[price]=4000:20000&filter[PriceFrom]=4000&filter[PriceTo]=20000&filter[addCategory]=50&filter[addCatering]=1&filter[addMisc]=0&filter[addTransport]=F&filter[fp]=1&order_by=ofr_price&filter[tourOperator]=0&filter[childAge][1]=20201210","https://fly.pl/cdn/photo/assets/uploads/582/278/2014/07/Laguna-Vista-Garden.jpg","https://fly.pl/wycieczka/egipt,sharm-el-sheikh,c/laguna-vista-garden/pDaxSbBM13ICvdIiMVLm8OAAogpigNr-OMX6g4syzE-BbCTQiPgYhrkVrHHSR3tH9QMnYqBEpPSVAwtorC1QZIxl9QQVjeA2ACagNDR21yQpsBFAEVBhcAXANYBVYCQMoGT-IBXQARgcwBXt0uUqYgUwBLxyNhAEzljDoNpv2XCSAAAbzBkPnSiMygMAINYwEADK_LrP8/ofertasv/?filter[tourOperator]=JOIP&filter%5Bperson%5D=2&filter%5BchildAge%5D%5B1%5D=20201210&filter%5Bchild%5D=1"
"Domina Coral Bay Aquamarine","12267.0","27.09.2026 - 04.10.2026","8 dni/7 nocy","","4.2","4.2","12426","tripadvisor","Warszawa","2026-09-21T01:15:20.992660+00:00","https://fly.pl/szukaj-wycieczek/?filter[dest]=11:&filter[hotelids]=&filter[cityids]=0&filter[cregids]=&filter[ofrType]=&filter[addObjType]=&filter[whenFrom]=21-09-2026&filter[whenTo]=21-10-2026&filter[duration]=7:10&filter[from]=Warszawa%20-%20Modlin,Warszawa%20-%20Radom,Warszawa&filter[person]=2&filter[child]=1&filter[price]=4000:20000&filter[PriceFrom]=4000&filter[PriceTo]=20000&filter[addCategory]=50&filter[addCatering]=1&filter[addMisc]=0&filter[addTransport]=F&filter[fp]=1&order_by=ofr_price&filter[tourOperator]=0&filter[childAge][1]=20201210","https://fly.pl/cdn/photo/assets/uploads/582/278/2014/07/Domina-Coral-Bay-Aquamarine.jpg","https://fly.pl/wycieczka/egipt,sharm-el-sheikh,c/domina-coral-bay-aquamarine/pXPDWeh-4kAeGAmV8lNoVBAAogPIS5Ln1NAqrP7o3OlTSPJ9vhBFpwv_tYWcE8EXXr1-EqBEpPSVAwtorC1QZI619QQViOAWACckMUARUGFwBcA1gFVgJAygZP4gFdAFvpPRH4igFe_TFSpiBTAEvHI2EATOWMOg3S_JcJIAABjLyAqcOIzKAwAg1jAQAM6xEq1w/ofertasv/?filter[tourOperator]=JOIP&filter%5Bperson%5D=2&filter%5BchildAge%5D%5B1%5D=20201210&filter%5Bchild%5D=1"
"Pickalbatros White Beach Resort","12273.0","01.10.2026 - 08.10.2026","8 dni/7 nocy","","4.8","4.8","3785","tripadvisor","Warszawa","2026-09-21T01:15:20.992660+00:00","https://fly.pl/szukaj-wycieczek/?filter[dest]=11:&filter[hotelids]=&filter[cityids]=0&filter[cregids]=&filter[ofrType]=&filter[addObjType]=&filter[whenFrom]=21-09-2026&filter[whenTo]=21-10-2026&filter[duration]=7:10&filter[from]=Warszawa%20-%20Modlin,Warszawa%20-%20Radom,Warszawa&filter[person]=2&filter[child]=1&filter[price]=4000:20000&filter[PriceFrom]=4000&filter[PriceTo]=20000&filter[addCategory]=50&filter[addCatering]=1&filter[addMisc]=0&filter[addTransport]=F&filter[fp]=1&order_by=ofr_price&filter[tourOperator]=0&filter[childAge][1]=20201210","https://fly.pl/cdn/photo/assets/uploads/582/278/2015/09/Albatros-White-Beach-fly-pl.jpg","https://fly.pl/wycieczka/egipt,hurghada,c/albatros-white-beach/pmRkr3whT44ZQ1Fx5BUg_hAAog74sSPmfe7OexdQs79zXjj5i_q7xKhskzkRELa_XdvD4qBFNGUEwwtorC1QZI8V9QQVjuAWACciMLAhUFIgUSIlzMAkAuW-uXJw32ta0JUabSt6vBKAISYwECDFcFcIs/ofertasv/?filter[tourOperator]=SFPL&filter%5Bperson%5D=2&filter%5BchildAge%5D%5B1%5D=20201210&filter%5Bchild%5D=1"
"Coral Sea Sensatori (ex Coral Sea Imperial)","12307.0","10.10.2026 - 17.10.2026","8 dni/7 nocy","","4.6","4.6","10993","tripadvisor","Warszawa","2026-09-21T01:15:20.992660+00:00","https://fly.pl/szukaj-wycieczek/?filter[dest]=11:&filter[hotelids]=&filter[cityids]=0&filter[cregids]=&filter[ofrType]=&filter[addObjType]=&filter[whenFrom]=21-09-2026&filter[whenTo]=21-10-2026&filter[duration]=7:10&filter[from]=Warszawa%20-%20Modlin,Warszawa%20-%20Radom,Warszawa&filter[person]=2&filter[child]=1&filter[price]=4000:20000&filter[PriceFrom]=4000&filter[PriceTo]=20000&filter[addCategory]=50&filter[addCatering]=1&filter[addMisc]=0&filter[addTransport]=F&filter[fp]=1&order_by=ofr_price&filter[tourOperator]=0&filter[childAge][1]=20201210","https://fly.pl/cdn/photo/assets/uploads/582/278/2016/11/Coral-Sea-Sensatori-ex-Coral-Sea-Imperial-fly-pl-2.jpg","https://fly.pl/wycieczka/egipt,sharm-el-sheikh,c/coral-sea-sensatori-ex-coral-sea-imperial/pMynHCN0uXBEagfF93JjHWAAogydI-Hynl7vYL0kIXWrUBEAAAAACZhAQAtoQEAAcAEgAqBFdFWlkwtorC1QZIk2BQQVjGA2ADaglFbnRlciBBaXJqBDA4MDByQZ4BlQEfABwBAgAWBBcCESgSxQMYhQUTzQEUyQRAknJMoKIBTwBLxyNQABvh4Q4dsGAgHQ3cx8IJARJjAQ1jAQIFLtKssA/ofertasv/?filter[tourOperator]=WEZY&filter%5Bperson%5D=2&filter%5BchildAge%5D%5B1%5D=20201210&filter%5Bchild%5D=1"
"Amphoras Beach","12309.0","27.09.2026 - 04.10.2026","8 dni/7 nocy","","4.4","4.4","6748","tripadvisor","Warszawa","2026-09-21T01:15:20.992660+00:00","https://fly.pl/szukaj-wycieczek/?filter[dest]=11:&filter[hotelids]=&filter[cityids]=0&filter[cregids]=&filter[ofrType]=&filter[addObjType]=&filter[whenFrom]=21-09-2026&filter[whenTo]=21-10-2026&filter[duration]=7:10&filter[from]=Warszawa%20-%20Modlin,Warszawa%20-%20Radom,Warszawa&filter[person]=2&filter[child]=1&filter[price]=4000:20000&filter[PriceFrom]=4000&filter[PriceTo]=20000&filter[addCategory]=50&filter[addCatering]=1&filter[addMisc]=0&filter[addTransport]=F&filter[fp]=1&order_by=ofr_price&filter[tourOperator]=0&filter[childAge][1]=20201210","https://fly.pl/cdn/photo/assets/uploads/582/278/2016/11/AMPHORAS-BEACH.jpg","https://fly.pl/wycieczka/egipt,sharm-el-sheikh,c/otium-amphoras-ex-shores/pgzzm3kOoPBIdRt3tZr2nvAAogMQHoXQ9NYZVl64yeEtiFP9vhBFpwv_tYWcE8EXXr1-EqBEpPSVAwtorC1QZIlWBQQViOAWACagMwbkhyQ5sBFAEVBhcAXANYBVYCQMoGT-IBXQBe3voBUqYgUwBLxyNhABHJhgFMnIY5DdL8lwkgAAH04cCAtYjMoDACDWMBAAs2Yvgl/ofertasv/?filter[tourOperator]=JOIP&filter%5Bperson%5D=2&filter%5BchildAge%5D%5B1%5D=20201210&filter%5Bchild%5D=1"
"Pickalbatros Water Valley Resort Neverland","12362.0","24.09.2026 - 01.10.2026","8 dni/7 nocy","","4.8","4.8","945","tripadvisor","Warszawa - Radom","2026-09-21T01:15:20.992660+00:00","https://fly.pl/szukaj-wycieczek/?filter[dest]=11:&filter[hotelids]=&filter[cityids]=0&filter[cregids]=&filter[ofrType]=&filter[addObjType]=&filter[whenFrom]=21-09-2026&filter[whenTo]=21-10-2026&filter[duration]=7:10&filter[from]=Warszawa%20-%20Modlin,Warszawa%20-%20Radom,Warszawa&filter[person]=2&filter[child]=1&filter[price]=4000:20000&filter[PriceFrom]=4000&filter[PriceTo]=20000&filter[addCategory]=50&filter[addCatering]=1&filter[addMisc]=0&filter[addTransport]=F&filter[fp]=1&order_by=ofr_price&filter[tourOperator]=0&filter[childAge][1]=20201210","https://fly.pl/cdn/photo/assets/uploads/582/278/2022/08/Pickalbatros-Water-Valley-Resort-Neverland.jpg","https://fly.pl/wycieczka/egipt,hurghada,c/neverland-by-albatros-9/pOSOHtF_0zJHZgF2HxFcDNAAogzVhkThvOgRIQ1To0WEGgTXuHt-JRXqpSz_DOtw-0xygqBE9SRVgwtorC1QZIymBQQVhGYAJqB1FDNS4yLjFyNZsBFQcXAFwDWAURAFYCQMoGXdMOT2xT0p0BUgBer09LgRJhAEzRvjogz_yXCQ0AAhJjAQIMFffj1A/ofertasv/?filter[tourOperator]=OREX&filter%5Bperson%5D=2&filter%5BchildAge%5D%5B1%5D=20201210&filter%5Bchild%5D=1"
"Jaz Royal Palmariva","12407.0","24.09.2026 - 01.10.2026","8 dni/7 nocy","","4.5","4.5","5154","tripadvisor","Warszawa","2026-09-21T01:15:20.992660+00:00","https://fly.pl/szukaj-wycieczek/?filter[dest]=11:&filter[hotelids]=&filter[cityids]=0&filter[cregids]=&filter[ofrType]=&filter[addObjType]=&filter[whenFrom]=21-09-2026&filter[whenTo]=21-10-2026&filter[duration]=7:10&filter[from]=Warszawa%20-%20Modlin,Warszawa%20-%20Radom,Warszawa&filter[person]=2&filter[child]=1&filter[price]=4000:20000&filter[PriceFrom]=4000&filter[PriceTo]=20000&filter[addCategory]=50&filter[addCatering]=1&filter[addMisc]=0&filter[addTransport]=F&filter[fp]=1&order_by=ofr_price&filter[tourOperator]=0&filter[childAge][1]=20201210","https://fly.pl/cdn/photo/assets/uploads/582/278/2014/07/Labranda-Royal-Makadi.jpg","https://fly.pl/wycieczka/egipt,hurghada,makadi-bay/royal-azur-resort/pRwr0AjNjRIXo_8jFcD8KSAAogjszfnLh6kqGzwYb90VZjrm81lTSXqH6Isk6l7nfwV_cqBEJWUFIwtorC1QZI92BQAVhGYAJqDUFsbCBpbmNsdXNpdmVyIBwR3DAbjZ4EGIe_DLkEmfwUqwRPAcfD3a8BAgBjAQILiIWB3Q/ofertasv/?filter[tourOperator]=BVPR&filter%5Bperson%5D=2&filter%5BchildAge%5D%5B1%5D=20201210&filter%5Bchild%5D=1"
"True Beach Resort","12424.0","11.10.2026 - 18.10.2026","8 dni/7 nocy","","4.3","4.3","149","tripadvisor","Warszawa","2026-09-21T01:15:20.992660+00:00","https://fly.pl/szukaj-wycieczek/?filter[dest]=11:&filter[hotelids]=&filter[cityids]=0&filter[cregids]=&filter[ofrType]=&filter[addObjType]=&filter[whenFrom]=21-09-2026&filter[whenTo]=21-10-2026&filter[duration]=7:10&filter[from]=Warszawa%20-%20Modlin,Warszawa%20-%20Radom,Warszawa&filter[person]=2&filter[child]=1&filter[price]=4000:20000&filter[PriceFrom]=4000&filter[PriceTo]=20000&filter[addCategory]=50&filter[addCatering]=1&filter[addMisc]=0&filter[addTransport]=F&filter[fp]=1&order_by=ofr_price&filter[tourOperator]=0&filter[childAge][1]=20201210","https://fly.pl/cdn/photo/assets/uploads/582/278/2014/09/True-Beach-Resort.jpg","https://fly.pl/wycieczka/egipt,marsa-alam,c/laguna-beach-marsa-alam/p8FAyw6DM7Jzedg-lXBb8GAAogsl99Yl2kMHpkZr6BUqVlhwAAAAAagwQANoMEAAcAAQAqBFdFWlkwtorC1QZIiGFQQVjeA2ADaglFbnRlciBBaXJqBDAwNTByQp4BlAEfAAIBHAAWBBcCEu0DFdoFGJ8DE8MBQPFyEcFrTPUqTwBLsS9QABui2Qwd8OUCIBwN3crCCQESYwEMYwECC-AhmK8/ofertasv/?filter[tourOperator]=WEZY&filter%5Bperson%5D=2&filter%5BchildAge%5D%5B1%5D=20201210&filter%5Bchild%5D=1"
"Serenity Sky Arc","12457.0","08.10.2026 - 15.10.2026","8 dni/7 nocy","","","","","","Warszawa","2026-09-21T01:15:20.992660+00:00","https://fly.pl/szukaj-wycieczek/?filter[dest]=11:&filter[hotelids]=&filter[cityids]=0&filter[cregids]=&filter[ofrType]=&filter[addObjType]=&filter[whenFrom]=21-09-2026&filter[whenTo]=21-10-2026&filter[duration]=7:10&filter[from]=Warszawa%20-%20Modlin,Warszawa%20-%20Radom,Warszawa&filter[person]=2&filter[child]=1&filter[price]=4000:20000&filter[PriceFrom]=4000&filter[PriceTo]=20000&filter[addCategory]=50&filter[addCatering]=1&filter[addMisc]=0&filter[addTransport]=F&filter[fp]=1&order_by=ofr_price&filter[tourOperator]=0&filter[childAge][1]=20201210","https://datacfstatic.merlinx.pl/ITAK/IMG/HRGSERR/0bafa29127b024c4dc66b50768a45bfd57f2fed759c265bef1379e8b746426fd.webp","https://fly.pl/wycieczka/egipt,hurghada,sahl-hasheesh/serenity-sky-arc-10/pWxQUGBVUTCldEMtXLxf-zAAogxRVi7cwLCHnE0KTwE12Qrhi3350dN38XN7Nix4G7h2oqBFZJVFgwtorC1QZIqWFQQViWA2ACckAaABUHFwBcA1gFQI8DU86wAVIAW9UoXtomS-1DYQBMhLQ5DYTWmAkgAFG3-uH7jwFP2ooLXZCE8_N1AgxjAQIL-yxUHg/ofertasv/?filter[tourOperator]=VITX&filter%5Bperson%5D=2&filter%5BchildAge%5D%5B1%5D=20201210&filter%5Bchild%5D=1"
"Sunrise Aqua Joy","12467.0","24.09.2026 - 01.10.2026","8 dni/7 nocy","","4.7","4.7","3859","tripadvisor","Warszawa","2026-09-21T01:15:20.992660+00:00","https://fly.pl/szukaj-wycieczek/?filter[dest]=11:&filter[hotelids]=&filter[cityids]=0&filter[cregids]=&filter[ofrType]=&filter[addObjType]=&filter[whenFrom]=21-09-2026&filter[whenTo]=21-10-2026&filter[duration]=7:10&filter[from]=Warszawa%20-%20Modlin,Warszawa%20-%20Radom,Warszawa&filter[person]=2&filter[child]=1&filter[price]=4000:20000&filter[PriceFrom]=4000&filter[PriceTo]=20000&filter[addCategory]=50&filter[addCatering]=1&filter[addMisc]=0&filter[addTransport]=F&filter[fp]=1&order_by=ofr_price&filter[tourOperator]=0&filter[childAge][1]=20201210","https://fly.pl/cdn/photo/assets/uploads/582/278/2019/11/Aqua-Joy-Resort-By-Sunrise-Group-fly-pl.jpg","https://fly.pl/wycieczka/egipt,hurghada,c/aqua-joy-resort-by-sunrise-group-9/pcSyKF4PhZtiOSrrgudu4nAAogLmbQMGhdVbOuSkoMrLk1p281lTSXqH6Isk6l7nfwV_cqBEJWUFIwtorC1QZIs2FQAVhGYAJqDUFsbCBpbmNsdXNpdmVyIBwRtVAb7-UEGO_zDLkE9t8TqwRPAYCp4cQBAgBjAQILc1YfUA/ofertasv/?filter[tourOperator]=BVPR&filter%5Bperson%5D=2&filter%5BchildAge%5D%5B1%5D=20201210&filter%5Bchild%5D=1"
"Grand Rotana Resort & Spa","12487.0","10.10.2026 - 17.10.2026","8 dni/7 nocy","","4.7","4.7","6812","tripadvisor","Warszawa","2026-09-21T01:15:20.992660+00:00","https://fly.pl/szukaj-wycieczek/?filter[dest]=11:&filter[hotelids]=&filter[cityids]=0&filter[cregids]=&filter[ofrType]=&filter[addObjType]=&filter[whenFrom]=21-09-2026&filter[whenTo]=21-10-2026&filter[duration]=7:10&filter[from]=Warszawa%20-%20Modlin,Warszawa%20-%20Radom,Warszawa&filter[person]=2&filter[child]=1&filter[price]=4000:20000&filter[PriceFrom]=4000&filter[PriceTo]=20000&filter[addCategory]=50&filter[addCatering]=1&filter[addMisc]=0&filter[addTransport]=F&filter[fp]=1&order_by=ofr_price&filter[tourOperator]=0&filter[childAge][1]=20201210","https://fly.pl/cdn/photo/assets/uploads/582/278/2014/07/Grand-Rotana-fly-pl.jpg","https://fly.pl/wycieczka/egipt,sharm-el-sheikh,c/grand-rotana/ptRS9KwTQT4eA0Xatg-pWIAAog-MJmTBD8wa98aQYO24cpKwAAAACZhAQAtoQEAAcAEgAqBFdFWlkwtorC1QZIx2FQQVjGA2ADaglFbnRlciBBaXJqBDA4MDByQp4BlQEfABwBAgAWBBcCEVkSlAMYhQUTzQEUyQRAknJMoKIBTwBLxyNQAB2Rwg8gHRvbgB8NgcejCQESYwEMYwECBtRQ5cY/ofertasv/?filter[tourOperator]=WEZY&filter%5Bperson%5D=2&filter%5BchildAge%5D%5B1%5D=20201210&filter%5Bchild%5D=1"
"Xanadu Club Makadi Bay","12501.0","27.09.2026 - 04.10.2026","8 dni/7 nocy","","","","","","Warszawa","2026-09-21T01:15:20.992660+00:00","https://fly.pl/szukaj-wycieczek/?filter[dest]=11:&filter[hotelids]=&filter[cityids]=0&filter[cregids]=&filter[ofrType]=&filter[addObjType]=&filter[whenFrom]=21-09-2026&filter[whenTo]=21-10-2026&filter[duration]=7:10&filter[from]=Warszawa%20-%20Modlin,Warszawa%20-%20Radom,Warszawa&filter[person]=2&filter[child]=1&filter[price]=4000:20000&filter[PriceFrom]=4000&filter[PriceTo]=20000&filter[addCategory]=50&filter[addCatering]=1&filter[addMisc]=0&filter[addTransport]=F&filter[fp]=1&order_by=ofr_price&filter[tourOperator]=0&filter[childAge][1]=20201210","https://datacfstatic.merlinx.pl/WEZY/IMG/78607/ff72fb5c931dbc18823efd7f50428a741e9d563aeeb7fa7cfe352b856923b97f.webp","https://fly.pl/wycieczka/egipt,hurghada,makadi-bay/xanadu-club-makadi-bay-11/pV6An3gbxHxV4Lt5KpefiAAAogJ9cm9U9Zf5T3FOVeZNCVSwAAAADiggQA_oIEAAcAAQAqBFdFWlkwtorC1QZI1WFQQViOAWADaglFbnRlciBBaXJqBDAwMTVyRJ4BlAEfAAIBHAAWBhcAEu0DFdoFGJUDE7kBQIVzT8syTABLnJMBUAARh58CHdOfDSAcG6GbKQ2gr5kJARJjAQxjAQMLynMP7Q/ofertasv/?filter[tourOperator]=WEZY&filter%5Bperson%5D=2&filter%5BchildAge%5D%5B1%5D=20201210&filter%5Bchild%5D=1"
"Baron Resort (Sharm El Sheikh)","12581.0","10.10.2026 - 17.10.2026","8 dni/7 nocy","","4.5","4.5","4976","tripadvisor","Warszawa","2026-09-21T01:15:20.992660+00:00","https://fly.pl/szukaj-wycieczek/?filter[dest]=11:&filter[hotelids]=&filter[cityids]=0&filter[cregids]=&filter[ofrType]=&filter[addObjType]=&filter[whenFrom]=21-09-2026&filter[whenTo]=21-10-2026&filter[duration]=7:10&filter[from]=Warszawa%20-%20Modlin,Warszawa%20-%20Radom,Warszawa&filter[person]=2&filter[child]=1&filter[price]=4000:20000&filter[PriceFrom]=4000&filter[PriceTo]=20000&filter[addCategory]=50&filter[addCatering]=1&filter[addMisc]=0&filter[addTransport]=F&filter[fp]=1&order_by=ofr_price&filter[tourOperator]=0&filter[childAge][1]=20201210","https://fly.pl/cdn/photo/assets/uploads/582/278/2014/07/BARON-RESORT-SHARM-EL-SHEIKH1.jpg","https://fly.pl/wycieczka/egipt,sharm-el-sheikh,c/baron-resort-sharm-el-sheikh/pnB__Niikhe-SxSH49eqahAAogqGonc30ltuIyKqW_eORu3gAAAACZhAQAtoQEAAcAEgAqBFdFWlkwtorC1QZIpWJQQVjGA2ADaglFbnRlciBBaXJqBDA4MDByQp4BlQEfABwBAgAWBBcCERkS1AMYhQUTzQEUyQRAknJMoKIBTwBLxyNQABv1ggIdnL8NIB0N3MfCCQESYwENYwECBTd0f5c/ofertasv/?filter[tourOperator]=WEZY&filter%5Bperson%5D=2&filter%5BchildAge%5D%5B1%5D=20201210&filter%5Bchild%5D=1"
"Palm Royale Soma Bay","12769.0","13.10.2026 - 20.10.2026","8 dni/7 nocy","","4.7","4.7","7191","tripadvisor","Warszawa","2026-09-21T01:15:20.992660+00:00","https://fly.pl/szukaj-wycieczek/?filter[dest]=11:&filter[hotelids]=&filter[cityids]=0&filter[cregids]=&filter[ofrType]=&filter[addObjType]=&filter[whenFrom]=21-09-2026&filter[whenTo]=21-10-2026&filter[duration]=7:10&filter[from]=Warszawa%20-%20Modlin,Warszawa%20-%20Radom,Warszawa&filter[person]=2&filter[child]=1&filter[price]=4000:20000&filter[PriceFrom]=4000&filter[PriceTo]=20000&filter[addCategory]=50&filter[addCatering]=1&filter[addMisc]=0&filter[addTransport]=F&filter[fp]=1&order_by=ofr_price&filter[tourOperator]=0&filter[childAge][1]=20201210","https://fly.pl/cdn/photo/assets/uploads/582/278/2014/09/Palm-Royale-Resort-Soma-Bay.jpg","https://fly.pl/wycieczka/egipt,hurghada,soma-bay/palm-royale-soma-bay/pKV0RGD0n6K_XTjJv-cwqnAAogHGs3rFDnexo692peEOFW5GqyvADKfxjztHOrlw2TEoUqBEpPSVAwtorC1QZI4WNQQViOBGACckMUARUGFwBcA1gFVgJAygZP4gFdAFv4AlO3qAFSAF6vTxGtPkvABWEATOWMOiCo_ZcJDQABvtOA-NKGzKAwAg5jAQANUrKmbg/ofertasv/?filter[tourOperator]=JOIP&filter%5Bperson%5D=2&filter%5BchildAge%5D%5B1%5D=20201210&filter%5Bchild%5D=1"
"Sultan Gardens Resort","12912.0","10.10.2026 - 17.10.2026","8 dni/7 nocy","","4.6","4.6","10712","tripadvisor","Warszawa","2026-09-21T01:15:20.992660+00:00","https://fly.pl/szukaj-wycieczek/?filter[dest]=11:&filter[hotelids]=&filter[cityids]=0&filter[cregids]=&filter[ofrType]=&filter[addObjType]=&filter[whenFrom]=21-09-2026&filter[whenTo]=21-10-2026&filter[duration]=7:10&filter[from]=Warszawa%20-%20Modlin,Warszawa%20-%20Radom,Warszawa&filter[person]=2&filter[child]=1&filter[price]=4000:20000&filter[PriceFrom]=4000&filter[PriceTo]=20000&filter[addCategory]=50&filter[addCatering]=1&filter[addMisc]=0&filter[addTransport]=F&filter[fp]=1&order_by=ofr_price&filter[tourOperator]=0&filter[childAge][1]=20201210","https://fly.pl/cdn/photo/assets/uploads/582/278/2014/07/sultan-gardens.jpg","https://fly.pl/wycieczka/egipt,sharm-el-sheikh,szarm-el-szejk/sultan-gardens-resort/puam4i1KQ5WhmKzdWLdsXeAAog5ruX_SigbbpCPwT_AbXsFwAAAACZhAQAtoQEAAcAEgAqBFdFWlkwtorC1QZI8GRQQVjGA2ADaglFbnRlciBBaXJqBDA4MDByQ54BlQEfAAIBHAAWBBcCEu0DGIUFE80BFMkEEckPQMliTKCiAU8AS8cjUAAdkcIPIB0bhdgzDdfvjgkBEmMBDGMBAgUUXyYy/ofertasv/?filter[tourOperator]=WEZY&filter%5Bperson%5D=2&filter%5BchildAge%5D%5B1%5D=20201210&filter%5Bchild%5D=1"
"Park Regency Resort (ex. Hyatt)","12997.0","27.09.2026 - 04.10.2026","8 dni/7 nocy","","4.6","4.6","6179","tripadvisor","Warszawa","2026-09-21T01:15:20.992660+00:00","https://fly.pl/szukaj-wycieczek/?filter[dest]=11:&filter[hotelids]=&filter[cityids]=0&filter[cregids]=&filter[ofrType]=&filter[addObjType]=&filter[whenFrom]=21-09-2026&filter[whenTo]=21-10-2026&filter[duration]=7:10&filter[from]=Warszawa%20-%20Modlin,Warszawa%20-%20Radom,Warszawa&filter[person]=2&filter[child]=1&filter[price]=4000:20000&filter[PriceFrom]=4000&filter[PriceTo]=20000&filter[addCategory]=50&filter[addCatering]=1&filter[addMisc]=0&filter[addTransport]=F&filter[fp]=1&order_by=ofr_price&filter[tourOperator]=0&filter[childAge][1]=20201210","https://fly.pl/cdn/photo/assets/uploads/582/278/2014/07/Park-Regency.jpg","https://fly.pl/wycieczka/egipt,sharm-el-sheikh,c/hyatt-regency-sharm/p41lsc6nziB6KEK4XqxgqNAAogyZTrTqNUq5lBALwqdQrEOtvhBFpwv_tYWcE8EXXr1-EqBEpPSVAwtorC1QZIxWVQQViOAWACagMxMmJyQpsBFAEVBhcAXANYBVYCQMoGT-IBXQARo8YBXrs0UqYgUwBLxyNhAEzljDoN0vyXCSAAAffBiMDFiMygMAINYwEAC7K7gQk/ofertasv/?filter[tourOperator]=JOIP&filter%5Bperson%5D=2&filter%5BchildAge%5D%5B1%5D=20201210&filter%5Bchild%5D=1"
"Novotel Sharm Palm","13038.0","27.09.2026 - 04.10.2026","8 dni/7 nocy","","4.6","4.6","5903","tripadvisor","Warszawa","2026-09-21T01:15:20.992660+00:00","https://fly.pl/szukaj-wycieczek/?filter[dest]=11:&filter[hotelids]=&filter[cityids]=0&filter[cregids]=&filter[ofrType]=&filter[addObjType]=&filter[whenFrom]=21-09-2026&filter[whenTo]=21-10-2026&filter[duration]=7:10&filter[from]=Warszawa%20-%20Modlin,Warszawa%20-%20Radom,Warszawa&filter[person]=2&filter[child]=1&filter[price]=4000:20000&filter[PriceFrom]=4000&filter[PriceTo]=20000&filter[addCategory]=50&filter[addCatering]=1&filter[addMisc]=0&filter[addTransport]=F&filter[fp]=1&order_by=ofr_price&filter[tourOperator]=0&filter[childAge][1]=20201210","https://fly.pl/cdn/photo/assets/uploads/582/278/2014/07/Novotel-Sharm-Palm.jpg","https://fly.pl/wycieczka/egipt,sharm-el-sheikh,c/novotel-sharm-palm/pw1idB3xfKzuiQqoSLrrfSAAogMKKydjTsaNyiDf2zJ3Sv8dvhBFpwv_tYWcE8EXXr1-EqBEpPSVAwtorC1QZI7mVQQViOAWACagMwME1yQpsBFAEVBhcAXANYBVYCQMoGT-IBXQARuMYBXqY0UqYgUwBLxyNhAEzljDoN0vyXCSAAAZuy0PjSiMygMAINYwEADHRE-Fg/ofertasv/?filter[tourOperator]=JOIP&filter%5Bperson%5D=2&filter%5BchildAge%5D%5B1%5D=20201210&filter%5Bchild%5D=1"
"Jaz Almaza Blu","13197.0","30.09.2026 - 08.10.2026","9 dni/7 nocy","","","","","","Warszawa","2026-09-21T01:15:20.992660+00:00","https://fly.pl/szukaj-wycieczek/?filter[dest]=11:&filter[hotelids]=&filter[cityids]=0&filter[cregids]=&filter[ofrType]=&filter[addObjType]=&filter[whenFrom]=21-09-2026&filter[whenTo]=21-10-2026&filter[duration]=7:10&filter[from]=Warszawa%20-%20Modlin,Warszawa%20-%20Radom,Warszawa&filter[person]=2&filter[child]=1&filter[price]=4000:20000&filter[PriceFrom]=4000&filter[PriceTo]=20000&filter[addCategory]=50&filter[addCatering]=1&filter[addMisc]=0&filter[addTransport]=F&filter[fp]=1&order_by=ofr_price&filter[tourOperator]=0&filter[childAge][1]=20201210","https://datacfstatic.merlinx.pl/ITAK/IMG/DBBJAZB/6d2b0aaef3fad164fc83046e3d58423011b3bbab07378933e5469c476895505f.webp","https://fly.pl/wycieczka/egipt,dolny-egipt,marsa-matrouh/jaz-almaza-blue-11/pV_kUudXuAIfWrzQ7da0HBAAog3OHd3kZSPd1uQLNVywQohjPfTTCk9cJVJPZ8eQG0-LMqBFZJVFgwtorC1QZIjWdQQVjWAWACckAaABUHFwBcA1gFQI8DU8mDAVIAW8YFXu52S-1DYQBM77Q5DcvUmAkgR1HOua3ya0_KgSVd3PiA_ZkBAgxjAQIL4jktpA/ofertasv/?filter[tourOperator]=VITX&filter%5Bperson%5D=2&filter%5BchildAge%5D%5B1%5D=20201210&filter%5Bchild%5D=1"
"Sunrise Montemare Resort","13204.0","10.10.2026 - 17.10.2026","8 dni/7 nocy","","4.7","4.7","5199","tripadvisor","Warszawa","2026-09-21T01:15:20.992660+00:00","https://fly.pl/szukaj-wycieczek/?filter[dest]=11:&filter[hotelids]=&filter[cityids]=0&filter[cregids]=&filter[ofrType]=&filter[addObjType]=&filter[whenFrom]=21-09-2026&filter[whenTo]=21-10-2026&filter[duration]=7:10&filter[from]=Warszawa%20-%20Modlin,Warszawa%20-%20Radom,Warszawa&filter[person]=2&filter[child]=1&filter[price]=4000:20000&filter[PriceFrom]=4000&filter[PriceTo]=20000&filter[addCategory]=50&filter[addCatering]=1&filter[addMisc]=0&filter[addTransport]=F&filter[fp]=1&order_by=ofr_price&filter[tourOperator]=0&filter[childAge][1]=20201210","https://fly.pl/cdn/photo/assets/uploads/582/278/2024/07/sunrise-montemare-resort-grand-select.jpg","https://fly.pl/wycieczka/egipt,sharm-el-sheikh,c/sunrise-select-montemare/p03hfVDTurFjIgh2lsN-yZAAogJKlZEfvw0fd27oZKGL5gBAAAAACZhAQAtoQEAAcAEgAqBFdFWlkwtorC1QZIlGdQQVjGA2ADaglFbnRlciBBaXJqBDA4MDByQ54BlQEfAAIBHAAWBBcCEu0DGIUFE80BFMkEEc1LQMUmTKCiAU8AS8cjUAAdkcIPIB0bjJZjDdCx3wgBEmMBDGMBBAtLFYnu/ofertasv/?filter[tourOperator]=WEZY&filter%5Bperson%5D=2&filter%5BchildAge%5D%5B1%5D=20201210&filter%5Bchild%5D=1"
"Desert Rose Resort","13226.0","01.10.2026 - 08.10.2026","8 dni/7 nocy","","4.6","4.6","8792","tripadvisor","Warszawa","2026-09-21T01:15:20.992660+00:00","https://fly.pl/szukaj-wycieczek/?filter[dest]=11:&filter[hotelids]=&filter[cityids]=0&filter[cregids]=&filter[ofrType]=&filter[addObjType]=&filter[whenFrom]=21-09-2026&filter[whenTo]=21-10-2026&filter[duration]=7:10&filter[from]=Warszawa%20-%20Modlin,Warszawa%20-%20Radom,Warszawa&filter[person]=2&filter[child]=1&filter[price]=4000:20000&filter[PriceFrom]=4000&filter[PriceTo]=20000&filter[addCategory]=50&filter[addCatering]=1&filter[addMisc]=0&filter[addTransport]=F&filter[fp]=1&order_by=ofr_price&filter[tourOperator]=0&filter[childAge][1]=20201210","https://fly.pl/cdn/photo/assets/uploads/582/278/2014/12/Desert-Rose-Resort-fly-pl.jpg","https://fly.pl/wycieczka/egipt,hurghada,c/desert-rose/pzxk-au9GILXi3QlPM7TAYAAogF8yYR-eErfUaIJ2fWaR_-AAAAAAWiAQAMogEAAcAAQAqBFdFWlkwtorC1QZIqmdQQVjuAWADahNMT1QgUG9saXNoIEFpcmxpbmVzckKeAR8AHAECABYEFwIRuAEStQITgwQUjQQVXxj3AkDHcU_LMkwAUJyTAUsAG9u8Dx2zDCAcDdfAwgkBEmMBDmMBAgW9Et3y/ofertasv/?filter[tourOperator]=WEZY&filter%5Bperson%5D=2&filter%5BchildAge%5D%5B1%5D=20201210&filter%5Bchild%5D=1"
"Sheraton Miramar Resort (El Gouna)","13415.0","27.09.2026 - 04.10.2026","8 dni/7 nocy","","4.7","4.7","6353","tripadvisor","Warszawa","2026-09-21T01:15:20.992660+00:00","https://fly.pl/szukaj-wycieczek/?filter[dest]=11:&filter[hotelids]=&filter[cityids]=0&filter[cregids]=&filter[ofrType]=&filter[addObjType]=&filter[whenFrom]=21-09-2026&filter[whenTo]=21-10-2026&filter[duration]=7:10&filter[from]=Warszawa%20-%20Modlin,Warszawa%20-%20Radom,Warszawa&filter[person]=2&filter[child]=1&filter[price]=4000:20000&filter[PriceFrom]=4000&filter[PriceTo]=20000&filter[addCategory]=50&filter[addCatering]=1&filter[addMisc]=0&filter[addTransport]=F&filter[fp]=1&order_by=ofr_price&filter[tourOperator]=0&filter[childAge][1]=20201210","https://fly.pl/cdn/photo/assets/uploads/582/278/2014/07/Sheraton-Miramar-El-Gouna-1.jpg","https://fly.pl/wycieczka/egipt,hurghada,el-gouna/sheraton-miramar-el-gouna/pozadFYvDj0vg815xDVGn3AAogOPPdHIMtnfG-9rVQdZoZC22UYiY9GwQLFZusIIuCR8wqBE9SRVgwtorC1QZI52hQQViOAWACagZDMC4yLjFqAzA4WWoDMDdZcjSbAZ0BjwEVBxcAXANYBVYCETtAjwZTka0BUgBer09L7UNhAEzljDog0vyXCQ0AAhJjAQIMpXCEdQ/ofertasv/?filter[tourOperator]=OREX&filter%5Bperson%5D=2&filter%5BchildAge%5D%5B1%5D=20201210&filter%5Bchild%5D=1"
"Rixos Radamis Sharm El Sheikh","13420.0","10.10.2026 - 17.10.2026","8 dni/7 nocy","","4.3","4.3","2106","tripadvisor","Warszawa","2026-09-21T01:15:20.992660+00:00","https://fly.pl/szukaj-wycieczek/?filter[dest]=11:&filter[hotelids]=&filter[cityids]=0&filter[cregids]=&filter[ofrType]=&filter[addObjType]=&filter[whenFrom]=21-09-2026&filter[whenTo]=21-10-2026&filter[duration]=7:10&filter[from]=Warszawa%20-%20Modlin,Warszawa%20-%20Radom,Warszawa&filter[person]=2&filter[child]=1&filter[price]=4000:20000&filter[PriceFrom]=4000&filter[PriceTo]=20000&filter[addCategory]=50&filter[addCatering]=1&filter[addMisc]=0&filter[addTransport]=F&filter[fp]=1&order_by=ofr_price&filter[tourOperator]=0&filter[childAge][1]=20201210","https://datacfstatic.merlinx.pl/WEZY/IMG/64951/2f080c2637f6afe8b5573936c5cfd8cc1e84fa1dcefbb37859fd991753515489.webp","https://fly.pl/wycieczka/egipt,sharm-el-sheikh,szarm-el-szejk/rixos-radamis-sharm-13/pzcxw6do41j1GURMe5HxCYAAogsrNXKC6hyoGX5nPFvOF1UQAAAACZhAQAtoQEAAcAEgAqBFdFWlkwtorC1QZI7GhQQVjGA2ADaglFbnRlciBBaXJqBDA4MDByRJ4BlQEfAAIBFgAcABcGEu0DGIUFE80BFMkEQJJyT6CiAUwAS8cjUAARr7QBHeKNDiAdG9vkQg2B4_8IARJjAQxjAQMLJdkzUw/ofertasv/?filter[tourOperator]=WEZY&filter%5Bperson%5D=2&filter%5BchildAge%5D%5B1%5D=20201210&filter%5Bchild%5D=1"
"Sheraton Soma Bay","13516.0","27.09.2026 - 04.10.2026","8 dni/7 nocy","","4.6","4.6","3170","tripadvisor","Warszawa","2026-09-21T01:15:20.992660+00:00","https://fly.pl/szukaj-wycieczek/?filter[dest]=11:&filter[hotelids]=&filter[cityids]=0&filter[cregids]=&filter[ofrType]=&filter[addObjType]=&filter[whenFrom]=21-09-2026&filter[whenTo]=21-10-2026&filter[duration]=7:10&filter[from]=Warszawa%20-%20Modlin,Warszawa%20-%20Radom,Warszawa&filter[person]=2&filter[child]=1&filter[price]=4000:20000&filter[PriceFrom]=4000&filter[PriceTo]=20000&filter[addCategory]=50&filter[addCatering]=1&filter[addMisc]=0&filter[addTransport]=F&filter[fp]=1&order_by=ofr_price&filter[tourOperator]=0&filter[childAge][1]=20201210","https://fly.pl/cdn/photo/assets/uploads/582/278/2014/07/Sheraton-Soma-Bay.jpg","https://fly.pl/wycieczka/egipt,hurghada,soma-bay/sheraton-soma-bay/pHM6bxjrNHS447tS3qr4fPAAogJg2hWSgjHQq5qxd-VrSwowAAAADiggQA_oIEAAcAAQAqBFdFWlkwuorC1QZIzGlQQViOAWADaglFbnRlciBBaXJqBDAwMTVyQZ4BlAEfABwBAgAWBBcCEWMSigMV2gUYlQMTuQFAhXNMyzJPAEuckwFQABulbh210A4gHA3BysIJARJjAQ1jAQIF3bp9Ag/ofertasv/?filter[tourOperator]=WEZY&filter%5Bperson%5D=2&filter%5BchildAge%5D%5B1%5D=20201210&filter%5Bchild%5D=1"
"Baron Palace Resort (Sahl Hasheesh)","13631.0","11.10.2026 - 18.10.2026","8 dni/7 nocy","","5.0","5.0","1921","tripadvisor","Warszawa","2026-09-21T01:15:20.992660+00:00","https://fly.pl/szukaj-wycieczek/?filter[dest]=11:&filter[hotelids]=&filter[cityids]=0&filter[cregids]=&filter[ofrType]=&filter[addObjType]=&filter[whenFrom]=21-09-2026&filter[whenTo]=21-10-2026&filter[duration]=7:10&filter[from]=Warszawa%20-%20Modlin,Warszawa%20-%20Radom,Warszawa&filter[person]=2&filter[child]=1&filter[price]=4000:20000&filter[PriceFrom]=4000&filter[PriceTo]=20000&filter[addCategory]=50&filter[addCatering]=1&filter[addMisc]=0&filter[addTransport]=F&filter[fp]=1&order_by=ofr_price&filter[tourOperator]=0&filter[childAge][1]=20201210","https://fly.pl/cdn/photo/assets/uploads/582/278/2014/09/Baron-Palace-Resort.jpg","https://fly.pl/wycieczka/egipt,hurghada,sahl-hasheesh/baron-palace-resort-hurghada/pB3ie2CejzPXRBnQbcP-qQAAogGTCtMWdF4ZLIfZ3xLcnGmwnbvZbIN9Wmp2d9VFEr-JIqBE9SRVgwuorC1QZIv2pQQVjeA2ACagVZLjIuMWoDMDhZagMwN1lyNJsBnQGPARUHFwBYCFYCEQdcAUDCBlORrQFSAF6vT0vtQ2EATOWMOiCm_ZcJDQACEmMBAgzODQXW/ofertasv/?filter[tourOperator]=OREX&filter%5Bperson%5D=2&filter%5BchildAge%5D%5B1%5D=20201210&filter%5Bchild%5D=1"
"Xanadu Makadi Bay","13784.0","24.09.2026 - 01.10.2026","8 dni/7 nocy","","4.8","4.8","2173","tripadvisor","Warszawa - Radom","2026-09-21T01:15:20.992660+00:00","https://fly.pl/szukaj-wycieczek/?filter[dest]=11:&filter[hotelids]=&filter[cityids]=0&filter[cregids]=&filter[ofrType]=&filter[addObjType]=&filter[whenFrom]=21-09-2026&filter[whenTo]=21-10-2026&filter[duration]=7:10&filter[from]=Warszawa%20-%20Modlin,Warszawa%20-%20Radom,Warszawa&filter[person]=2&filter[child]=1&filter[price]=4000:20000&filter[PriceFrom]=4000&filter[PriceTo]=20000&filter[addCategory]=50&filter[addCatering]=1&filter[addMisc]=0&filter[addTransport]=F&filter[fp]=1&order_by=ofr_price&filter[tourOperator]=0&filter[childAge][1]=20201210","https://fly.pl/cdn/photo/assets/uploads/582/278/2024/07/xanadu-makadi-bay.jpg","https://fly.pl/wycieczka/egipt,hurghada,makadi-bay/xanadu-makadi-bay-12/pZkjCVm3yzOJiDB-OIIfXTAAogXG0byQeN_3R-W_smUGIMhXuHt-JRXqpSz_DOtw-0xygqBE9SRVgwuorC1QZI2GtQQVhGYAJqB0NGSS4yLjFyNZsBFQcXAFwDWAVWAhGQBkA6XdMOT2xT0p0BUgBer09LgRJhAEzRvjogz_yXCQ0AAhJjAQIL3_WDnQ/ofertasv/?filter[tourOperator]=OREX&filter%5Bperson%5D=2&filter%5BchildAge%5D%5B1%5D=20201210&filter%5Bchild%5D=1"
"Maritim Jolie Ville Resort and Casino","13970.0","04.10.2026 - 11.10.2026","8 dni/7 nocy","","4.6","4.6","3183","tripadvisor","Warszawa","2026-09-21T01:15:20.992660+00:00","https://fly.pl/szukaj-wycieczek/?filter[dest]=11:&filter[hotelids]=&filter[cityids]=0&filter[cregids]=&filter[ofrType]=&filter[addObjType]=&filter[whenFrom]=21-09-2026&filter[whenTo]=21-10-2026&filter[duration]=7:10&filter[from]=Warszawa%20-%20Modlin,Warszawa%20-%20Radom,Warszawa&filter[person]=2&filter[child]=1&filter[price]=4000:20000&filter[PriceFrom]=4000&filter[PriceTo]=20000&filter[addCategory]=50&filter[addCatering]=1&filter[addMisc]=0&filter[addTransport]=F&filter[fp]=1&order_by=ofr_price&filter[tourOperator]=0&filter[childAge][1]=20201210","https://fly.pl/cdn/photo/assets/uploads/582/278/2014/10/Maritim-Jolie-Ville-Resort-Casino1.jpg","https://fly.pl/wycieczka/egipt,sharm-el-sheikh,c/maritim-jolie-ville-resort-and-casino/pWbnJCUoixD-1THT7FKX-gAAogec6k3rIZZR9dk9GfHaY29e6LQqlaFmzyIpGKGzBohJAqBEpPSVAwuorC1QZIkm1QQVi2AmACagNQd2dyQpsBFAEVBhcAXANYBVYCQMoGT-IBXQARpMYBXro0UqYgUwBLxyNhAEzljDoNn_2XCSAAAajXyJi1iMygMAINYwEADOh8f5U/ofertasv/?filter[tourOperator]=JOIP&filter%5Bperson%5D=2&filter%5BchildAge%5D%5B1%5D=20201210&filter%5Bchild%5D=1"
"Sunrise Diamond Beach Resort Grand Select","13971.0","10.10.2026 - 17.10.2026","8 dni/7 nocy","","4.8","4.8","3478","tripadvisor","Warszawa","2026-09-21T01:15:20.992660+00:00","https://fly.pl/szukaj-wycieczek/?filter[dest]=11:&filter[hotelids]=&filter[cityids]=0&filter[cregids]=&filter[ofrType]=&filter[addObjType]=&filter[whenFrom]=21-09-2026&filter[whenTo]=21-10-2026&filter[duration]=7:10&filter[from]=Warszawa%20-%20Modlin,Warszawa%20-%20Radom,Warszawa&filter[person]=2&filter[child]=1&filter[price]=4000:20000&filter[PriceFrom]=4000&filter[PriceTo]=20000&filter[addCategory]=50&filter[addCatering]=1&filter[addMisc]=0&filter[addTransport]=F&filter[fp]=1&order_by=ofr_price&filter[tourOperator]=0&filter[childAge][1]=20201210","https://fly.pl/cdn/photo/assets/uploads/582/278/2014/07/Sunrise-Diamond-Beach-Sharm.jpg","https://fly.pl/wycieczka/egipt,sharm-el-sheikh,szarm-el-szejk/sunrise-select-diamond-beach-resort/pwnwCMfnjrswqVQvpAvhprAAog4B4uNWSvADFxjECHIUOpDwAAAACZhAQAtoQEAAcAEgAqBFdFWlkwuorC1QZIk21QQVjGA2ADaglFbnRlciBBaXJqBDA4MDByQp4BlQEfAAIBHAAWBBcCEu0DGIUFE80BFMkEEdsyQLc_TKCiAU8AS8cjUAAbiHgdicoOIB0N3MfCCQESYwEMYwEEC2b5F0Q/ofertasv/?filter[tourOperator]=WEZY&filter%5Bperson%5D=2&filter%5BchildAge%5D%5B1%5D=20201210&filter%5Bchild%5D=1"
"Sunrise Remal Beach","14137.0","10.10.2026 - 17.10.2026","8 dni/7 nocy","","4.8","4.8","2381","tripadvisor","Warszawa","2026-09-21T01:15:20.992660+00:00","https://fly.pl/szukaj-wycieczek/?filter[dest]=11:&filter[hotelids]=&filter[cityids]=0&filter[cregids]=&filter[ofrType]=&filter[addObjType]=&filter[whenFrom]=21-09-2026&filter[whenTo]=21-10-2026&filter[duration]=7:10&filter[from]=Warszawa%20-%20Modlin,Warszawa%20-%20Radom,Warszawa&filter[person]=2&filter[child]=1&filter[price]=4000:20000&filter[PriceFrom]=4000&filter[PriceTo]=20000&filter[addCategory]=50&filter[addCatering]=1&filter[addMisc]=0&filter[addTransport]=F&filter[fp]=1&order_by=ofr_price&filter[tourOperator]=0&filter[childAge][1]=20201210","https://fly.pl/cdn/photo/assets/uploads/582/278/2014/07/Sunrise-Remal-Beach-ex.-Melton-Beach-Sharm-fly-pl.jpg","https://fly.pl/wycieczka/egipt,sharm-el-sheikh,szarm-el-szejk/melia-sinai/pHQq3OJmee5Io9qwa1Lky1AAog4k6HVQPIWBruR6X_6FAy2AAAAACZhAQAtoQEAAcAEgAqBFdFWlkwuorC1QZIuW5QQVjGA2ADaglFbnRlciBBaXJqBDA4MDByQp4BlQEfABwBAgAWBBcCEXMS-gIYhQUTzQEUyQRAknJMoKIBTwBLxyNQAB2Rwg8gHRvkvk8N-IjzCAESYwEMYwEECwkdPV4/ofertasv/?filter[tourOperator]=WEZY&filter%5Bperson%5D=2&filter%5BchildAge%5D%5B1%5D=20201210&filter%5Bchild%5D=1"
"Aldiana Club Naga Bay","14187.0","04.10.2026 - 11.10.2026","8 dni/7 nocy","","","","","","Warszawa","2026-09-21T01:15:20.992660+00:00","https://fly.pl/szukaj-wycieczek/?filter[dest]=11:&filter[hotelids]=&filter[cityids]=0&filter[cregids]=&filter[ofrType]=&filter[addObjType]=&filter[whenFrom]=21-09-2026&filter[whenTo]=21-10-2026&filter[duration]=7:10&filter[from]=Warszawa%20-%20Modlin,Warszawa%20-%20Radom,Warszawa&filter[person]=2&filter[child]=1&filter[price]=4000:20000&filter[PriceFrom]=4000&filter[PriceTo]=20000&filter[addCategory]=50&filter[addCatering]=1&filter[addMisc]=0&filter[addTransport]=F&filter[fp]=1&order_by=ofr_price&filter[tourOperator]=0&filter[childAge][1]=20201210","https://datacfstatic.merlinx.pl/EXIM/IMG/108012/b1f5d26a903624c4b7c28f67d4a9bbc9a0cf5c691d37d2be60154e132614ef4b.webp","https://fly.pl/wycieczka/egipt,hurghada,c/aldiana-club-naga-bay-9/pdBxK-Ht5fq9qROgMAuoH9AAogwO9UdMzMiwxWSq-jR-bqc48y6rj6FZ9B-AYEqrWUQdsqBEVYSU0wuorC1QZI625QAVi2AmACagJBSXIhHBHsywa5BJPyPasEHBuU5D0Y5PI-AaH_p4sLAgBjAQIFLxCKhQ/ofertasv/?filter[tourOperator]=EXIM&filter%5Bperson%5D=2&filter%5BchildAge%5D%5B1%5D=20201210&filter%5Bchild%5D=1"
"Steigenberger Alcazar","14235.0","10.10.2026 - 17.10.2026","8 dni/7 nocy","","5.0","5.0","1325","tripadvisor","Warszawa","2026-09-21T01:15:20.992660+00:00","https://fly.pl/szukaj-wycieczek/?filter[dest]=11:&filter[hotelids]=&filter[cityids]=0&filter[cregids]=&filter[ofrType]=&filter[addObjType]=&filter[whenFrom]=21-09-2026&filter[whenTo]=21-10-2026&filter[duration]=7:10&filter[from]=Warszawa%20-%20Modlin,Warszawa%20-%20Radom,Warszawa&filter[person]=2&filter[child]=1&filter[price]=4000:20000&filter[PriceFrom]=4000&filter[PriceTo]=20000&filter[addCategory]=50&filter[addCatering]=1&filter[addMisc]=0&filter[addTransport]=F&filter[fp]=1&order_by=ofr_price&filter[tourOperator]=0&filter[childAge][1]=20201210","https://fly.pl/cdn/photo/assets/uploads/582/278/2017/09/Steigenberger-Alcazar.jpg","https://fly.pl/wycieczka/egipt,sharm-el-sheikh,szarm-el-szejk/steigenberger-alcazar/p7Kpok87Nd8IwFThO9emtVAAogxfN5y-BoklXKPuFZa9fGnQAAAACZhAQAtoQEAAcAEgAqBFdFWlkwuorC1QZIm29QQVjGA2ADaglFbnRlciBBaXJqBDA4MDByQp4BlQEfAAIBHAAWBBcCEu0DGIUFE80BFMkEQJJyEfw_TKRiTwBLxyNQABvP2QkdwugFIB0N3MfCCQESYwEMYwEDC46koCQ/ofertasv/?filter[tourOperator]=WEZY&filter%5Bperson%5D=2&filter%5BchildAge%5D%5B1%5D=20201210&filter%5Bchild%5D=1"
"Movenpick Resort Sharm el Sheikh","14254.0","04.10.2026 - 11.10.2026","8 dni/7 nocy","","4.6","4.6","5338","tripadvisor","Warszawa","2026-09-21T01:15:20.992660+00:00","https://fly.pl/szukaj-wycieczek/?filter[dest]=11:&filter[hotelids]=&filter[cityids]=0&filter[cregids]=&filter[ofrType]=&filter[addObjType]=&filter[whenFrom]=21-09-2026&filter[whenTo]=21-10-2026&filter[duration]=7:10&filter[from]=Warszawa%20-%20Modlin,Warszawa%20-%20Radom,Warszawa&filter[person]=2&filter[child]=1&filter[price]=4000:20000&filter[PriceFrom]=4000&filter[PriceTo]=20000&filter[addCategory]=50&filter[addCatering]=1&filter[addMisc]=0&filter[addTransport]=F&filter[fp]=1&order_by=ofr_price&filter[tourOperator]=0&filter[childAge][1]=20201210","https://fly.pl/cdn/photo/assets/uploads/582/278/2015/03/Movenpick-Golf-Club-fly-pl.jpg","https://fly.pl/wycieczka/egipt,sharm-el-sheikh,c/moevenpick-golf-club/pBSVQBC0Zj22X9FLdWIYBeAAogaGDU-MJaHJJtrXo4u9r8iO6LQqlaFmzyIpGKGzBohJAqBEpPSVAwuorC1QZIrm9QQVi2AmACagM2YWxyQpsBFAEVBhcAXANYBVYCQMoGT-IBXQBe3voBEbgXUu4IUwBLxyNhAEzljDoNn_2XCSAAAbvJ2Ki1iMygMAINYwEAC3zYjFA/ofertasv/?filter[tourOperator]=JOIP&filter%5Bperson%5D=2&filter%5BchildAge%5D%5B1%5D=20201210&filter%5Bchild%5D=1"
"Jaz Tamerina (ex. Jaz Oriental Club)","14397.0","07.10.2026 - 15.10.2026","9 dni/7 nocy","","4.7","4.7","511","tripadvisor","Warszawa","2026-09-21T01:15:20.992660+00:00","https://fly.pl/szukaj-wycieczek/?filter[dest]=11:&filter[hotelids]=&filter[cityids]=0&filter[cregids]=&filter[ofrType]=&filter[addObjType]=&filter[whenFrom]=21-09-2026&filter[whenTo]=21-10-2026&filter[duration]=7:10&filter[from]=Warszawa%20-%20Modlin,Warszawa%20-%20Radom,Warszawa&filter[person]=2&filter[child]=1&filter[price]=4000:20000&filter[PriceFrom]=4000&filter[PriceTo]=20000&filter[addCategory]=50&filter[addCatering]=1&filter[addMisc]=0&filter[addTransport]=F&filter[fp]=1&order_by=ofr_price&filter[tourOperator]=0&filter[childAge][1]=20201210","https://fly.pl/cdn/photo/assets/uploads/582/278/2024/07/jaz-tamerina-ex-jaz-oriental-club.jpg","https://fly.pl/wycieczka/egipt,dolny-egipt,marsa-matrouh/jaz-tamerina-ex-jaz-oriental-club-10/p6b4b7X8TE4t6_I3sII8y2AAogtx4twtV7fK5GZ_6OM4x4qdOhCK2vlt_nB4E2u4-AsmIqBFZJVFgwuorC1QZIvXBQQVj-AmACckAaABUHFwBcA1gFQI8DU8mDAVIAW5AYXqRkS-1DYQBMsbU5DdbUmAkgAVH28snya0-byAhd3PiA_ZkBAgxjAQIL3GzAGw/ofertasv/?filter[tourOperator]=VITX&filter%5Bperson%5D=2&filter%5BchildAge%5D%5B1%5D=20201210&filter%5Bchild%5D=1"
"Jaz Elite Asteria (Hurghada)","14418.0","01.10.2026 - 08.10.2026","8 dni/7 nocy","","4.9","4.9","805","tripadvisor","Warszawa - Radom","2026-09-21T01:15:20.992660+00:00","https://fly.pl/szukaj-wycieczek/?filter[dest]=11:&filter[hotelids]=&filter[cityids]=0&filter[cregids]=&filter[ofrType]=&filter[addObjType]=&filter[whenFrom]=21-09-2026&filter[whenTo]=21-10-2026&filter[duration]=7:10&filter[from]=Warszawa%20-%20Modlin,Warszawa%20-%20Radom,Warszawa&filter[person]=2&filter[child]=1&filter[price]=4000:20000&filter[PriceFrom]=4000&filter[PriceTo]=20000&filter[addCategory]=50&filter[addCatering]=1&filter[addMisc]=0&filter[addTransport]=F&filter[fp]=1&order_by=ofr_price&filter[tourOperator]=0&filter[childAge][1]=20201210","https://fly.pl/cdn/photo/assets/uploads/582/278/2024/07/jaz-asteria-beach.jpg","https://fly.pl/wycieczka/egipt,hurghada,sahl-hasheesh/jaz-asteria-beach-11/pUXtBmGONJ3x5iI7Z2ouMoAAogxrb8qJOHdv0FgHdv6z1v-JtDSG7JGG1kLrratyRh_coqBE9SRVgwuorC1QZI0nBQQVjuAWACagdPTUguMi4xcjabARUHFwBcA1gFVgJAygZd0w5PbBHRE1OBigFSAF6vT0uBEmEATNG-OiCc_ZcJDQACEmMBAgyIBD-G/ofertasv/?filter[tourOperator]=OREX&filter%5Bperson%5D=2&filter%5BchildAge%5D%5B1%5D=20201210&filter%5Bchild%5D=1"
"Reef Oasis Blue Bay Resort","14457.0","29.09.2026 - 07.10.2026","9 dni/7 nocy","","4.6","4.6","9706","tripadvisor","Warszawa","2026-09-21T01:15:20.992660+00:00","https://fly.pl/szukaj-wycieczek/?filter[dest]=11:&filter[hotelids]=&filter[cityids]=0&filter[cregids]=&filter[ofrType]=&filter[addObjType]=&filter[whenFrom]=21-09-2026&filter[whenTo]=21-10-2026&filter[duration]=7:10&filter[from]=Warszawa%20-%20Modlin,Warszawa%20-%20Radom,Warszawa&filter[person]=2&filter[child]=1&filter[price]=4000:20000&filter[PriceFrom]=4000&filter[PriceTo]=20000&filter[addCategory]=50&filter[addCatering]=1&filter[addMisc]=0&filter[addTransport]=F&filter[fp]=1&order_by=ofr_price&filter[tourOperator]=0&filter[childAge][1]=20201210","https://fly.pl/cdn/photo/assets/uploads/582/278/2014/07/Reef-Oasis-Blue-Bay.jpg","https://fly.pl/wycieczka/egipt,sharm-el-sheikh,c/reef-oasis-blue-bay-resort/pg1r7WWfneGcuOEGU8a76BAAogQuxQc2MNKRaQ8MsdMDY-t_x165SKMu3wZ5pxJ9Xdc08qBFZJVFgwuorC1QZI-XBQQVi-AWACckAaABUHFwBcA1gFQI8DW72XAV7AaFKmIFMAS8cjYQBMsbU5DYjUmAkgAVH1hf6y6QFP6ukWXYTO6rwcAgxjAQIL4DJqxA/ofertasv/?filter[tourOperator]=VITX&filter%5Bperson%5D=2&filter%5BchildAge%5D%5B1%5D=20201210&filter%5Bchild%5D=1"
"Jaz Almaza Beach","14497.0","30.09.2026 - 08.10.2026","9 dni/7 nocy","","4.5","4.5","2932","tripadvisor","Warszawa","2026-09-21T01:15:20.992660+00:00","https://fly.pl/szukaj-wycieczek/?filter[dest]=11:&filter[hotelids]=&filter[cityids]=0&filter[cregids]=&filter[ofrType]=&filter[addObjType]=&filter[whenFrom]=21-09-2026&filter[whenTo]=21-10-2026&filter[duration]=7:10&filter[from]=Warszawa%20-%20Modlin,Warszawa%20-%20Radom,Warszawa&filter[person]=2&filter[child]=1&filter[price]=4000:20000&filter[PriceFrom]=4000&filter[PriceTo]=20000&filter[addCategory]=50&filter[addCatering]=1&filter[addMisc]=0&filter[addTransport]=F&filter[fp]=1&order_by=ofr_price&filter[tourOperator]=0&filter[childAge][1]=20201210","https://fly.pl/cdn/photo/assets/uploads/582/278/2024/07/jaz-almaza-beach.jpg","https://fly.pl/wycieczka/egipt,dolny-egipt,mersa-matruh/jaz-almaza-beach/psI3u_flui19d-xhUizEqFAAogOsRDw5RbRML8i18d2rqCkDPfTTCk9cJVJPZ8eQG0-LMqBFZJVFgwuorC1QZIoXFQQVjWAWACckAaABUHFwBcA1gFQI8DU8mDAVIAW_wYXrhjS-1DYQBMjbU5Da3UmAkgR1Hp1JTya0-v5j1d3PiA_ZkBAgxjAQILYedlfQ/ofertasv/?filter[tourOperator]=VITX&filter%5Bperson%5D=2&filter%5BchildAge%5D%5B1%5D=20201210&filter%5Bchild%5D=1"
"Jaz Makadina","14769.0","13.10.2026 - 20.10.2026","8 dni/7 nocy","","4.8","4.8","4089","tripadvisor","Warszawa","2026-09-21T01:15:20.992660+00:00","https://fly.pl/szukaj-wycieczek/?filter[dest]=11:&filter[hotelids]=&filter[cityids]=0&filter[cregids]=&filter[ofrType]=&filter[addObjType]=&filter[whenFrom]=21-09-2026&filter[whenTo]=21-10-2026&filter[duration]=7:10&filter[from]=Warszawa%20-%20Modlin,Warszawa%20-%20Radom,Warszawa&filter[person]=2&filter[child]=1&filter[price]=4000:20000&filter[PriceFrom]=4000&filter[PriceTo]=20000&filter[addCategory]=50&filter[addCatering]=1&filter[addMisc]=0&filter[addTransport]=F&filter[fp]=1&order_by=ofr_price&filter[tourOperator]=0&filter[childAge][1]=20201210","https://fly.pl/cdn/photo/assets/uploads/582/278/2015/04/Jaz-Makadina.jpg","https://fly.pl/wycieczka/egipt,hurghada,makadi-bay/jaz-makadina/p6ZelOvginCjijhTwvLYshAAogpYHrVSrlPG5MYyclsn-jamqyvADKfxjztHOrlw2TEoUqBEpPSVAwuorC1QZIsXNQQViOBGACagMwME1yQpsBFAEVBhcAXANYBVYCQMoGT-IBXQBSr6sBUwARoRpejjVL7UNhAEzljDoNqP2XCSAAAZ_J-L-khsygMAINYwEADKpbwLA/ofertasv/?filter[tourOperator]=JOIP&filter%5Bperson%5D=2&filter%5BchildAge%5D%5B1%5D=20201210&filter%5Bchild%5D=1"
"Rixos Premium Magawish Bay View","14872.0","13.10.2026 - 20.10.2026","8 dni/7 nocy","","","","","","Warszawa","2026-09-21T01:15:20.992660+00:00","https://fly.pl/szukaj-wycieczek/?filter[dest]=11:&filter[hotelids]=&filter[cityids]=0&filter[cregids]=&filter[ofrType]=&filter[addObjType]=&filter[whenFrom]=21-09-2026&filter[whenTo]=21-10-2026&filter[duration]=7:10&filter[from]=Warszawa%20-%20Modlin,Warszawa%20-%20Radom,Warszawa&filter[person]=2&filter[child]=1&filter[price]=4000:20000&filter[PriceFrom]=4000&filter[PriceTo]=20000&filter[addCategory]=50&filter[addCatering]=1&filter[addMisc]=0&filter[addTransport]=F&filter[fp]=1&order_by=ofr_price&filter[tourOperator]=0&filter[childAge][1]=20201210","https://datacfstatic.merlinx.pl/JOIP/IMG/80504/72b9b3cd4567017e4759277a6035f23699e3aef72cf308850ac030076b8a0054.webp","https://fly.pl/wycieczka/egipt,hurghada,c/rixos-premium-magawish-bay-view-11/pXpco7OIf4Jpob_iVSsKoeAAoghTSjgUJEyhj90j8xVjVkdWqyvADKfxjztHOrlw2TEoUqBEpPSVAwuorC1QZImHRQQViOBGACagMwMllyQ5sBFAEVBhcAXANYBVYCQMoGT-IBXQBSr6sBUwBer09L7UNhABHwrQJM9d43Daj9lwkgAAG_xdyQxYbMoDACDWMBAAuhnPw4/ofertasv/?filter[tourOperator]=JOIP&filter%5Bperson%5D=2&filter%5BchildAge%5D%5B1%5D=20201210&filter%5Bchild%5D=1"
"Rixos Premium Seagate","15029.0","04.10.2026 - 11.10.2026","8 dni/7 nocy","","4.8","4.8","11512","tripadvisor","Warszawa","2026-09-21T01:15:20.992660+00:00","https://fly.pl/szukaj-wycieczek/?filter[dest]=11:&filter[hotelids]=&filter[cityids]=0&filter[cregids]=&filter[ofrType]=&filter[addObjType]=&filter[whenFrom]=21-09-2026&filter[whenTo]=21-10-2026&filter[duration]=7:10&filter[from]=Warszawa%20-%20Modlin,Warszawa%20-%20Radom,Warszawa&filter[person]=2&filter[child]=1&filter[price]=4000:20000&filter[PriceFrom]=4000&filter[PriceTo]=20000&filter[addCategory]=50&filter[addCatering]=1&filter[addMisc]=0&filter[addTransport]=F&filter[fp]=1&order_by=ofr_price&filter[tourOperator]=0&filter[childAge][1]=20201210","https://fly.pl/cdn/photo/assets/uploads/582/278/2015/04/Rixos-Premium-Seagate-Sharm-El-Sheikh.jpg","https://fly.pl/wycieczka/egipt,sharm-el-sheikh,nabq-bay/rixos-seagate/pmQ1tMqjgtmYeIqjVMKcPZAAoggrKE0hrgJkBs_xiEsnh-Zu6LQqlaFmzyIpGKGzBohJAqBEpPSVAwuorC1QZItXVQQVi2AmACckMUARUGFwBcA1gFVgJAygZP4gFdAFvhpAER6SFelDRSpiBTAEvHI2EATOWMOg2f_ZcJIAABvd38qMWIzKAwAg1jAQAL-MbIEA/ofertasv/?filter[tourOperator]=JOIP&filter%5Bperson%5D=2&filter%5BchildAge%5D%5B1%5D=20201210&filter%5Bchild%5D=1"
"Steigenberger Al Dau Beach","15267.0","24.09.2026 - 01.10.2026","8 dni/7 nocy","","4.8","4.8","10121","tripadvisor","Warszawa","2026-09-21T01:15:20.992660+00:00","https://fly.pl/szukaj-wycieczek/?filter[dest]=11:&filter[hotelids]=&filter[cityids]=0&filter[cregids]=&filter[ofrType]=&filter[addObjType]=&filter[whenFrom]=21-09-2026&filter[whenTo]=21-10-2026&filter[duration]=7:10&filter[from]=Warszawa%20-%20Modlin,Warszawa%20-%20Radom,Warszawa&filter[person]=2&filter[child]=1&filter[price]=4000:20000&filter[PriceFrom]=4000&filter[PriceTo]=20000&filter[addCategory]=50&filter[addCatering]=1&filter[addMisc]=0&filter[addTransport]=F&filter[fp]=1&order_by=ofr_price&filter[tourOperator]=0&filter[childAge][1]=20201210","https://fly.pl/cdn/photo/assets/uploads/582/278/2014/07/Steigenberger-Al-Dau-Beach-fly-pl.jpg","https://fly.pl/wycieczka/egipt,hurghada,c/steigenberger-al-dau-beach/pWHxUaVs2boXylfhDLp5s5AAogNGX7tGMohkjWgMSNCtastG81lTSXqH6Isk6l7nfwV_cqBEJWUFIwuorC1QZIo3dQAVhGYAJqDUFsbCBpbmNsdXNpdmVyIBwRxTMb_J4EGMLBDLkEhvYUqwRPAeyt5K8BAgBjAQIL9nuhSw/ofertasv/?filter[tourOperator]=BVPR&filter%5Bperson%5D=2&filter%5BchildAge%5D%5B1%5D=20201210&filter%5Bchild%5D=1"
"Rixos Radamis Beach","15267.0","04.10.2026 - 11.10.2026","8 dni/7 nocy","","","","","","Warszawa","2026-09-21T01:15:20.992660+00:00","https://fly.pl/szukaj-wycieczek/?filter[dest]=11:&filter[hotelids]=&filter[cityids]=0&filter[cregids]=&filter[ofrType]=&filter[addObjType]=&filter[whenFrom]=21-09-2026&filter[whenTo]=21-10-2026&filter[duration]=7:10&filter[from]=Warszawa%20-%20Modlin,Warszawa%20-%20Radom,Warszawa&filter[person]=2&filter[child]=1&filter[price]=4000:20000&filter[PriceFrom]=4000&filter[PriceTo]=20000&filter[addCategory]=50&filter[addCatering]=1&filter[addMisc]=0&filter[addTransport]=F&filter[fp]=1&order_by=ofr_price&filter[tourOperator]=0&filter[childAge][1]=20201210","https://datacfstatic.merlinx.pl/JOIP/IMG/63851/97898f089b392972361de777071e04e87d253ed0bfb6a13a12f021ca907858bb.webp","https://fly.pl/wycieczka/egipt,sharm-el-sheikh,szarm-el-szejk/rixos-radamis-beach-side-9/pZNzydTDvBYnuD0x2dagpAAAogYnXoyf-EeyM0_L8sywHeiu6LQqlaFmzyIpGKGzBohJAqBEpPSVAwuorC1QZIo3dQQVi2AmACagNNOHFyQ5sBFAEVBhcAXANYBVYCQMoGT-IBXQBe3voBUqYgUwBLxyNhABHjqwFMguE4DZ_9lwkgAAGq0_SfxYjMoDACDWMBAAvlwkr0/ofertasv/?filter[tourOperator]=JOIP&filter%5Bperson%5D=2&filter%5BchildAge%5D%5B1%5D=20201210&filter%5Bchild%5D=1"
"Iberotel Makadi Beach","15323.0","01.10.2026 - 08.10.2026","8 dni/7 nocy","","4.8","4.8","4167","tripadvisor","Warszawa - Radom","2026-09-21T01:15:20.992660+00:00","https://fly.pl/szukaj-wycieczek/?filter[dest]=11:&filter[hotelids]=&filter[cityids]=0&filter[cregids]=&filter[ofrType]=&filter[addObjType]=&filter[whenFrom]=21-09-2026&filter[whenTo]=21-10-2026&filter[duration]=7:10&filter[from]=Warszawa%20-%20Modlin,Warszawa%20-%20Radom,Warszawa&filter[person]=2&filter[child]=1&filter[price]=4000:20000&filter[PriceFrom]=4000&filter[PriceTo]=20000&filter[addCategory]=50&filter[addCatering]=1&filter[addMisc]=0&filter[addTransport]=F&filter[fp]=1&order_by=ofr_price&filter[tourOperator]=0&filter[childAge][1]=20201210","https://fly.pl/cdn/photo/assets/uploads/582/278/2015/04/Iberotel-Makadi-Beach.jpg","https://fly.pl/wycieczka/egipt,hurghada,makadi-bay/iberotel-makadi-beach/pAi4sPKb7eHAFDVNctCAoSAAogZltzYm6i33xEGIp_cCUaMptDSG7JGG1kLrratyRh_coqBE9SRVgwuorC1QZI23dQQVjuAWACagZFRi4yLjFyNZsBFQcXAFwDWAVWAhEVQLUGXdMOT2xT0p0BUgBer09LgRJhAEzRvjognP2XCQ0AAhJjAQILC6s6QQ/ofertasv/?filter[tourOperator]=OREX&filter%5Bperson%5D=2&filter%5BchildAge%5D%5B1%5D=20201210&filter%5Bchild%5D=1"
"Serry Beach Resort","15350.0","13.10.2026 - 20.10.2026","8 dni/7 nocy","","4.8","4.8","2856","tripadvisor","Warszawa","2026-09-21T01:15:20.992660+00:00","https://fly.pl/szukaj-wycieczek/?filter[dest]=11:&filter[hotelids]=&filter[cityids]=0&filter[cregids]=&filter[ofrType]=&filter[addObjType]=&filter[whenFrom]=21-09-2026&filter[whenTo]=21-10-2026&filter[duration]=7:10&filter[from]=Warszawa%20-%20Modlin,Warszawa%20-%20Radom,Warszawa&filter[person]=2&filter[child]=1&filter[price]=4000:20000&filter[PriceFrom]=4000&filter[PriceTo]=20000&filter[addCategory]=50&filter[addCatering]=1&filter[addMisc]=0&filter[addTransport]=F&filter[fp]=1&order_by=ofr_price&filter[tourOperator]=0&filter[childAge][1]=20201210","https://fly.pl/cdn/photo/assets/uploads/582/278/2014/09/Serry-Beach-Resort.jpg","https://fly.pl/wycieczka/egipt,hurghada,c/sindbad-beach-resort/pR40D97mUGktrQp7NbeYKIAAogOmKtV2xQNqLATbTKSTXQOGqyvADKfxjztHOrlw2TEoUqBEpPSVAwuorC1QZI9ndQQViOBGACckMUARUGFwBcA1gFVgJAygZd4gFPAFv1ZVO6RVIAXq9PS-1DYQARlpQBTM_4OCCo_ZcJDQABnNXo6ITLzKAwAg1jAQALyEc1wA/ofertasv/?filter[tourOperator]=JOIP&filter%5Bperson%5D=2&filter%5BchildAge%5D%5B1%5D=20201210&filter%5Bchild%5D=1"
"Jaz Elite Casa Del Mar Beach","15497.0","04.10.2026 - 11.10.2026","8 dni/7 nocy","","5.0","5.0","655","tripadvisor","Warszawa","2026-09-21T01:15:20.992660+00:00","https://fly.pl/szukaj-wycieczek/?filter[dest]=11:&filter[hotelids]=&filter[cityids]=0&filter[cregids]=&filter[ofrType]=&filter[addObjType]=&filter[whenFrom]=21-09-2026&filter[whenTo]=21-10-2026&filter[duration]=7:10&filter[from]=Warszawa%20-%20Modlin,Warszawa%20-%20Radom,Warszawa&filter[person]=2&filter[child]=1&filter[price]=4000:20000&filter[PriceFrom]=4000&filter[PriceTo]=20000&filter[addCategory]=50&filter[addCatering]=1&filter[addMisc]=0&filter[addTransport]=F&filter[fp]=1&order_by=ofr_price&filter[tourOperator]=0&filter[childAge][1]=20201210","https://fly.pl/cdn/photo/assets/uploads/582/278/2020/01/Jaz-Casa-Del-Mar-Beach.jpg","https://fly.pl/wycieczka/egipt,hurghada,c/jaz-casa-del-mar-beach-10/pxXIHJXyk8p7uOoi5AKjOCAAog8IZIM37kDT9MIzDl9tE6oo8y6rj6FZ9B-AYEqrWUQdsqBEVYSU0wuorC1QZIiXlQAVi2AmACagNVQUlyIRwR68UGuQSU-D2rBBwbyro6GMnGOwGt9KeuCgIAYwECC3gKRN4/ofertasv/?filter[tourOperator]=EXIM&filter%5Bperson%5D=2&filter%5BchildAge%5D%5B1%5D=20201210&filter%5Bchild%5D=1"
"Rixos Premium Magawish Suites & Villas","15615.0","29.09.2026 - 06.10.2026","8 dni/7 nocy","","4.8","4.8","4336","tripadvisor","Warszawa","2026-09-21T01:15:20.992660+00:00","https://fly.pl/szukaj-wycieczek/?filter[dest]=11:&filter[hotelids]=&filter[cityids]=0&filter[cregids]=&filter[ofrType]=&filter[addObjType]=&filter[whenFrom]=21-09-2026&filter[whenTo]=21-10-2026&filter[duration]=7:10&filter[from]=Warszawa%20-%20Modlin,Warszawa%20-%20Radom,Warszawa&filter[person]=2&filter[child]=1&filter[price]=4000:20000&filter[PriceFrom]=4000&filter[PriceTo]=20000&filter[addCategory]=50&filter[addCatering]=1&filter[addMisc]=0&filter[addTransport]=F&filter[fp]=1&order_by=ofr_price&filter[tourOperator]=0&filter[childAge][1]=20201210","https://fly.pl/cdn/photo/assets/uploads/582/278/2014/07/Magawish-Village-Resort-ex.-Swiss-Inn-fly-pl.jpg","https://fly.pl/wycieczka/egipt,hurghada,c/magawish-swiss-inn/pbN-OZCqee4oErsrjBmldMAAogB-xZdDUX48OSpk1eEDsXbuErWs0tVGkUnula-RMaXKwqBEpPSVAwuorC1QZI_3lQQVi-AWACagMwRVByQpsBFAEVBhcAXANYBVYCQMoGT-IBXQBSr6sBUwBer09L7UNhABHnbUz-njkN1PyXCSAAAYC8vIDEqtGgMAINYwEAC-qE93M/ofertasv/?filter[tourOperator]=JOIP&filter%5Bperson%5D=2&filter%5BchildAge%5D%5B1%5D=20201210&filter%5Bchild%5D=1"
"Jaz Elite Riviera","15667.0","26.09.2026 - 04.10.2026","9 dni/7 nocy","","","","","","Warszawa","2026-09-21T01:15:20.992660+00:00","https://fly.pl/szukaj-wycieczek/?filter[dest]=11:&filter[hotelids]=&filter[cityids]=0&filter[cregids]=&filter[ofrType]=&filter[addObjType]=&filter[whenFrom]=21-09-2026&filter[whenTo]=21-10-2026&filter[duration]=7:10&filter[from]=Warszawa%20-%20Modlin,Warszawa%20-%20Radom,Warszawa&filter[person]=2&filter[child]=1&filter[price]=4000:20000&filter[PriceFrom]=4000&filter[PriceTo]=20000&filter[addCategory]=50&filter[addCatering]=1&filter[addMisc]=0&filter[addTransport]=F&filter[fp]=1&order_by=ofr_price&filter[tourOperator]=0&filter[childAge][1]=20201210","https://datacfstatic.merlinx.pl/EXIM/IMG/106777/568b298780cd2ce6eee312f0f43ef758b5c995ecff934bf20f82542d99af1412.webp","https://fly.pl/wycieczka/egipt,marsa-alam,c/jaz-riviera-15/pKgX8wG06MlvPEWaUPrsEeAAogqYYs_w8eKfx-o-E9W_drHvPOVhexA4B-vTIRTOTMdjUqBEVYSU0wuorC1QZIs3pQAVh2YAJqAkFJciEcEZnCBrkEvP09qwQbG_-fORjMxDoBr_DjiwoCAGMBAgsjfoMU/ofertasv/?filter[tourOperator]=EXIM&filter%5Bperson%5D=2&filter%5BchildAge%5D%5B1%5D=20201210&filter%5Bchild%5D=1"
"Sunrise White Hills Resort","15792.0","10.10.2026 - 17.10.2026","8 dni/7 nocy","","4.8","4.8","2127","tripadvisor","Warszawa","2026-09-21T01:15:20.992660+00:00","https://fly.pl/szukaj-wycieczek/?filter[dest]=11:&filter[hotelids]=&filter[cityids]=0&filter[cregids]=&filter[ofrType]=&filter[addObjType]=&filter[whenFrom]=21-09-2026&filter[whenTo]=21-10-2026&filter[duration]=7:10&filter[from]=Warszawa%20-%20Modlin,Warszawa%20-%20Radom,Warszawa&filter[person]=2&filter[child]=1&filter[price]=4000:20000&filter[PriceFrom]=4000&filter[PriceTo]=20000&filter[addCategory]=50&filter[addCatering]=1&filter[addMisc]=0&filter[addTransport]=F&filter[fp]=1&order_by=ofr_price&filter[tourOperator]=0&filter[childAge][1]=20201210","https://fly.pl/cdn/photo/assets/uploads/582/278/2022/12/Sunrise-White-Hills.jpg","https://fly.pl/wycieczka/egipt,sharm-el-sheikh,szarm-el-szejk/white-hills-by-sunrise-14/pw1TIuqhGLPDA07H7mcxZ2AAogJdsN7KW9Az49nrmBpm4BmQAAAACZhAQAtoQEAAcAEgAqBFdFWlkwuorC1QZIsHtQQVjGA2ADaglFbnRlciBBaXJqBDA4MDByQ54BlQEfAAIBHAAWBBcCEu0DGIUFE80BFMkEQJJyT6CiAUwAS8cjUAARvEcd1foOIB0bn4MfDb3EowkBEmMBDGMBBAsvz1a8/ofertasv/?filter[tourOperator]=WEZY&filter%5Bperson%5D=2&filter%5BchildAge%5D%5B1%5D=20201210&filter%5Bchild%5D=1"
"Sunrise Arabian Beach Resort","15819.0","11.10.2026 - 18.10.2026","8 dni/7 nocy","","4.5","4.5","4480","tripadvisor","Warszawa","2026-09-21T01:15:20.992660+00:00","https://fly.pl/szukaj-wycieczek/?filter[dest]=11:&filter[hotelids]=&filter[cityids]=0&filter[cregids]=&filter[ofrType]=&filter[addObjType]=&filter[whenFrom]=21-09-2026&filter[whenTo]=21-10-2026&filter[duration]=7:10&filter[from]=Warszawa%20-%20Modlin,Warszawa%20-%20Radom,Warszawa&filter[person]=2&filter[child]=1&filter[price]=4000:20000&filter[PriceFrom]=4000&filter[PriceTo]=20000&filter[addCategory]=50&filter[addCatering]=1&filter[addMisc]=0&filter[addTransport]=F&filter[fp]=1&order_by=ofr_price&filter[tourOperator]=0&filter[childAge][1]=20201210","https://fly.pl/cdn/photo/assets/uploads/582/278/2014/07/Sunrise-Grand-Select-Arabian-Beach.jpg","https://fly.pl/wycieczka/egipt,sharm-el-sheikh,c/sunrise-grand-select-arabian-beach/p7Rd_4XkAOz6PEgI64S_sLAAogzGHb9l2_cytpRYsltwcv0giPgYhrkVrHHSR3tH9QMnYqBEpPSVAwuorC1QZIy3tQQVjeA2ACagMxejhyQ5sBFAEVBhcAXANYBVYCQMoGT-IBXQBe3voBUqYgUwBLxyNhABGpwQFMvMs4Dab9lwkgAAG-mYzBw4jMoDACDWMBBAvZYEXb/ofertasv/?filter[tourOperator]=JOIP&filter%5Bperson%5D=2&filter%5BchildAge%5D%5B1%5D=20201210&filter%5Bchild%5D=1"
"Savoy (Sharm El Sheikh)","15933.0","27.09.2026 - 04.10.2026","8 dni/7 nocy","","4.9","4.9","4274","tripadvisor","Warszawa","2026-09-21T01:15:20.992660+00:00","https://fly.pl/szukaj-wycieczek/?filter[dest]=11:&filter[hotelids]=&filter[cityids]=0&filter[cregids]=&filter[ofrType]=&filter[addObjType]=&filter[whenFrom]=21-09-2026&filter[whenTo]=21-10-2026&filter[duration]=7:10&filter[from]=Warszawa%20-%20Modlin,Warszawa%20-%20Radom,Warszawa&filter[person]=2&filter[child]=1&filter[price]=4000:20000&filter[PriceFrom]=4000&filter[PriceTo]=20000&filter[addCategory]=50&filter[addCatering]=1&filter[addMisc]=0&filter[addTransport]=F&filter[fp]=1&order_by=ofr_price&filter[tourOperator]=0&filter[childAge][1]=20201210","https://fly.pl/cdn/photo/assets/uploads/582/278/2014/07/Savoy-Sharm-El-Sheikh.jpg","https://fly.pl/wycieczka/egipt,sharm-el-sheikh,c/savoy-sharm-el-sheikh/pZTXPnUHv0k5lBgoxPPZv8AAog6AwriBO1j4W4g6p3_ajkvtvhBFpwv_tYWcE8EXXr1-EqBEpPSVAwuorC1QZIvXxQQViOAWACagMwME1yQpsBFAEVBhcAXANYBVYCQMoGT-IBXQARo8cBXrszUqYgUwBLxyNhAEzljDoN0vyXCSAAAZLU7Ji0iMygMAINYwEAC_ftpWU/ofertasv/?filter[tourOperator]=JOIP&filter%5Bperson%5D=2&filter%5BchildAge%5D%5B1%5D=20201210&filter%5Bchild%5D=1"
"Sunrise Crystal Bay Resort","16094.0","13.10.2026 - 20.10.2026","8 dni/7 nocy","","4.7","4.7","9678","tripadvisor","Warszawa","2026-09-21T01:15:20.992660+00:00","https://fly.pl/szukaj-wycieczek/?filter[dest]=11:&filter[hotelids]=&filter[cityids]=0&filter[cregids]=&filter[ofrType]=&filter[addObjType]=&filter[whenFrom]=21-09-2026&filter[whenTo]=21-10-2026&filter[duration]=7:10&filter[from]=Warszawa%20-%20Modlin,Warszawa%20-%20Radom,Warszawa&filter[person]=2&filter[child]=1&filter[price]=4000:20000&filter[PriceFrom]=4000&filter[PriceTo]=20000&filter[addCategory]=50&filter[addCatering]=1&filter[addMisc]=0&filter[addTransport]=F&filter[fp]=1&order_by=ofr_price&filter[tourOperator]=0&filter[childAge][1]=20201210","https://fly.pl/cdn/photo/assets/uploads/582/278/2014/07/Sunrise-Cristal-Bay-ex.-Coral-Sea.jpg","https://fly.pl/wycieczka/egipt,hurghada,c/sunrise-cristal-bay-ex-coral-sea/pg96yP3KA4IbObnTUTVuHeAAogIBIjpYmAMIMfy8xb-JqwhmqyvADKfxjztHOrlw2TEoUqBEpPSVAwuorC1QZI3n1QQViOBGACagMwUm1yQ5sBFAEVBhcAXANYBVYCQMoGT-IBXQBSr6sBUwBer09L7UNhABGT1wFM0rU4Daj9lwkgAAG10YygxYbMoDACDWMBBAtXJ131/ofertasv/?filter[tourOperator]=JOIP&filter%5Bperson%5D=2&filter%5BchildAge%5D%5B1%5D=20201210&filter%5Bchild%5D=1"
"Sunrise Holidays Resort","16197.0","08.10.2026 - 15.10.2026","8 dni/7 nocy","","4.5","4.5","10571","tripadvisor","Warszawa","2026-09-21T01:15:20.992660+00:00","https://fly.pl/szukaj-wycieczek/?filter[dest]=11:&filter[hotelids]=&filter[cityids]=0&filter[cregids]=&filter[ofrType]=&filter[addObjType]=&filter[whenFrom]=21-09-2026&filter[whenTo]=21-10-2026&filter[duration]=7:10&filter[from]=Warszawa%20-%20Modlin,Warszawa%20-%20Radom,Warszawa&filter[person]=2&filter[child]=1&filter[price]=4000:20000&filter[PriceFrom]=4000&filter[PriceTo]=20000&filter[addCategory]=50&filter[addCatering]=1&filter[addMisc]=0&filter[addTransport]=F&filter[fp]=1&order_by=ofr_price&filter[tourOperator]=0&filter[childAge][1]=20201210","https://fly.pl/cdn/photo/assets/uploads/582/278/2014/07/Sunrise-Holidays-fly-pl.jpg","https://fly.pl/wycieczka/egipt,hurghada,c/sunrise-holidays/pdALckVz5XbzH5t9fSBUAHAAogUxcAsigsnhm3uIXSviWJue_o9xaTpfsfnKGx64UlgLUqBEJWUFIwuorC1QZIxX5QAViWA2ABag1BbGwgaW5jbHVzaXZlch0cEcBQG4HnBBid9Ay5BK3eE6sETwHwzu_EAQMAY2X-ca8/ofertasv/?filter[tourOperator]=BVPR&filter%5Bperson%5D=2&filter%5BchildAge%5D%5B1%5D=20201210&filter%5Bchild%5D=1"
"Movenpick Resort El Quseir","17533.0","11.10.2026 - 18.10.2026","8 dni/7 nocy","","4.7","4.7","2870","tripadvisor","Warszawa","2026-09-21T01:15:20.992660+00:00","https://fly.pl/szukaj-wycieczek/?filter[dest]=11:&filter[hotelids]=&filter[cityids]=0&filter[cregids]=&filter[ofrType]=&filter[addObjType]=&filter[whenFrom]=21-09-2026&filter[whenTo]=21-10-2026&filter[duration]=7:10&filter[from]=Warszawa%20-%20Modlin,Warszawa%20-%20Radom,Warszawa&filter[person]=2&filter[child]=1&filter[price]=4000:20000&filter[PriceFrom]=4000&filter[PriceTo]=20000&filter[addCategory]=50&filter[addCatering]=1&filter[addMisc]=0&filter[addTransport]=F&filter[fp]=1&order_by=ofr_price&filter[tourOperator]=0&filter[childAge][1]=20201210","https://fly.pl/cdn/photo/assets/uploads/582/278/2014/09/Movenpick.jpg","https://fly.pl/wycieczka/egipt,marsa-alam,c/moevenpick-el-quseir/p51ODMxi0p5On6et4BPxgCAAogjW9GDc18N_2Lv1nmzLIJrAAAAAAagwQANoMEAAcAAQAqBFdFWlkwuorC1QZI_YgBUEFY3gNgA2oJRW50ZXIgQWlyagQwMDUwckKeAZQBHwACARwAFgQXAhLtAxXaBRifAxPDARHFIkCsUEy2lgFPAEuxL1AAG_IwHaCODyAcDd3KwgkBEmMBDGMBAgvEcDtG/ofertasv/?filter[tourOperator]=WEZY&filter%5Bperson%5D=2&filter%5BchildAge%5D%5B1%5D=20201210&filter%5Bchild%5D=1"
"Sunrise Tucana Resort","18247.0","13.10.2026 - 20.10.2026","8 dni/7 nocy","","4.8","4.8","1128","tripadvisor","Warszawa","2026-09-21T01:15:20.992660+00:00","https://fly.pl/szukaj-wycieczek/?filter[dest]=11:&filter[hotelids]=&filter[cityids]=0&filter[cregids]=&filter[ofrType]=&filter[addObjType]=&filter[whenFrom]=21-09-2026&filter[whenTo]=21-10-2026&filter[duration]=7:10&filter[from]=Warszawa%20-%20Modlin,Warszawa%20-%20Radom,Warszawa&filter[person]=2&filter[child]=1&filter[price]=4000:20000&filter[PriceFrom]=4000&filter[PriceTo]=20000&filter[addCategory]=50&filter[addCatering]=1&filter[addMisc]=0&filter[addTransport]=F&filter[fp]=1&order_by=ofr_price&filter[tourOperator]=0&filter[childAge][1]=20201210","https://fly.pl/cdn/photo/assets/uploads/582/278/2024/07/sunrise-grand-select-tucana-resort.jpg","https://fly.pl/wycieczka/egipt,hurghada,makadi-bay/sunrise-grand-select-tucana-resort-13/p4lsvObf1_m40ld3Ki6SiWAAogXaE_naxpgSMcpXUibn9MdmqyvADKfxjztHOrlw2TEoUqBEpPSVAwuorC1QZIx44BUEFYjgRgAnJEFAEVBhcAXANYBVYCQMoGXeIBTwBb4AFTz6kBUgBer09L7UNhABGkwQFMwcs4IKj9lwkNAAGd44yx04bMoDACDWMBBAuKg5ly/ofertasv/?filter[tourOperator]=JOIP&filter%5Bperson%5D=2&filter%5BchildAge%5D%5B1%5D=20201210&filter%5Bchild%5D=1"
"The V Luxury Resort","18617.0","24.09.2026 - 01.10.2026","8 dni/7 nocy","","4.4","4.4","1035","tripadvisor","Warszawa","2026-09-21T01:15:20.992660+00:00","https://fly.pl/szukaj-wycieczek/?filter[dest]=11:&filter[hotelids]=&filter[cityids]=0&filter[cregids]=&filter[ofrType]=&filter[addObjType]=&filter[whenFrom]=21-09-2026&filter[whenTo]=21-10-2026&filter[duration]=7:10&filter[from]=Warszawa%20-%20Modlin,Warszawa%20-%20Radom,Warszawa&filter[person]=2&filter[child]=1&filter[price]=4000:20000&filter[PriceFrom]=4000&filter[PriceTo]=20000&filter[addCategory]=50&filter[addCatering]=1&filter[addMisc]=0&filter[addTransport]=F&filter[fp]=1&order_by=ofr_price&filter[tourOperator]=0&filter[childAge][1]=20201210","https://datacfstatic.merlinx.pl/ECCX/IMG/8509/a34ffb14cb4f969296cdff1cb2d407304f33a05d874a772a70abb23b1923ac12.webp","https://fly.pl/wycieczka/egipt,hurghada,sahl-hasheesh/the-v-luxury-resort-13/pdlUs7SWuUdPvadDIKWVErAAogdMLZi1JM48kCg-mnB5MU1qZ2wddXfcahw7B2Bd23unoqBEVDQ1gwv4rC1QZIuZEBUAFYRmACagNBSVVyIBwRvUK5BJnvFasEGxju_isbqMhBAaGLtOwBAgBjAQIFnA1EjQ/ofertasv/?filter[tourOperator]=ECCX&filter%5Bperson%5D=2&filter%5BchildAge%5D%5B1%5D=20201210&filter%5Bchild%5D=1"
"Pickalbatros Blu Spa Resort Hurghada","19287.0","04.10.2026 - 11.10.2026","8 dni/7 nocy","","4.9","4.9","2814","tripadvisor","Warszawa","2026-09-21T01:15:20.992660+00:00","https://fly.pl/szukaj-wycieczek/?filter[dest]=11:&filter[hotelids]=&filter[cityids]=0&filter[cregids]=&filter[ofrType]=&filter[addObjType]=&filter[whenFrom]=21-09-2026&filter[whenTo]=21-10-2026&filter[duration]=7:10&filter[from]=Warszawa%20-%20Modlin,Warszawa%20-%20Radom,Warszawa&filter[person]=2&filter[child]=1&filter[price]=4000:20000&filter[PriceFrom]=4000&filter[PriceTo]=20000&filter[addCategory]=50&filter[addCatering]=1&filter[addMisc]=0&filter[addTransport]=F&filter[fp]=1&order_by=ofr_price&filter[tourOperator]=0&filter[childAge][1]=20201210","https://fly.pl/cdn/photo/assets/uploads/582/278/2022/05/Albatros-Blu-Spa-Resort-Hurghada.jpg","https://fly.pl/wycieczka/egipt,hurghada,c/albatros-blue-spa-resort-hurghada-10/pUcx4likKBd2mgHHbV6ecGAAoglz9pXJ4eON5NGTIZq8VcQI8y6rj6FZ9B-AYEqrWUQdsqBEVYSU0wv4rC1QZI15YBUAFYtgJgAWoDVUFJch4cEYShBrkE-5w-qwQcG8a2LBjLgC8B1PGCjwgDAGPsmrmE/ofertasv/?filter[tourOperator]=EXIM&filter%5Bperson%5D=2&filter%5BchildAge%5D%5B1%5D=20201210&filter%5Bchild%5D=1"
"Steigenberger Coraya Beach","19587.0","26.09.2026 - 04.10.2026","9 dni/7 nocy","","4.8","4.8","8402","tripadvisor","Warszawa","2026-09-21T01:15:20.992660+00:00","https://fly.pl/szukaj-wycieczek/?filter[dest]=11:&filter[hotelids]=&filter[cityids]=0&filter[cregids]=&filter[ofrType]=&filter[addObjType]=&filter[whenFrom]=21-09-2026&filter[whenTo]=21-10-2026&filter[duration]=7:10&filter[from]=Warszawa%20-%20Modlin,Warszawa%20-%20Radom,Warszawa&filter[person]=2&filter[child]=1&filter[price]=4000:20000&filter[PriceFrom]=4000&filter[PriceTo]=20000&filter[addCategory]=50&filter[addCatering]=1&filter[addMisc]=0&filter[addTransport]=F&filter[fp]=1&order_by=ofr_price&filter[tourOperator]=0&filter[childAge][1]=20201210","https://fly.pl/cdn/photo/assets/uploads/582/278/2014/09/Steigenberger-Coraya-Beach-ex-Iberotel-fly-pl.jpg","https://fly.pl/wycieczka/egipt,marsa-alam,madinat-coraya/iberotel-coraya-beach/ppePQIun9qvgAkJIMidxe0AAogoC7YFVdp32ms3YWHQ43eNfPOVhexA4B-vTIRTOTMdjUqBEVYSU0wv4rC1QZIg5kBUAFYdmABagJBSXIeHBGRyga5BMT1PasEGxuBqTwYsvQ9AdyG3e4KAwBji4LWAw/ofertasv/?filter[tourOperator]=EXIM&filter%5Bperson%5D=2&filter%5BchildAge%5D%5B1%5D=20201210&filter%5Bchild%5D=1"
"V Hotel Sharm","19697.0","10.10.2026 - 17.10.2026","8 dni/7 nocy","","4.2","4.2","2116","tripadvisor","Warszawa","2026-09-21T01:15:20.992660+00:00","https://fly.pl/szukaj-wycieczek/?filter[dest]=11:&filter[hotelids]=&filter[cityids]=0&filter[cregids]=&filter[ofrType]=&filter[addObjType]=&filter[whenFrom]=21-09-2026&filter[whenTo]=21-10-2026&filter[duration]=7:10&filter[from]=Warszawa%20-%20Modlin,Warszawa%20-%20Radom,Warszawa&filter[person]=2&filter[child]=1&filter[price]=4000:20000&filter[PriceFrom]=4000&filter[PriceTo]=20000&filter[addCategory]=50&filter[addCatering]=1&filter[addMisc]=0&filter[addTransport]=F&filter[fp]=1&order_by=ofr_price&filter[tourOperator]=0&filter[childAge][1]=20201210","https://fly.pl/cdn/photo/assets/uploads/582/278/2017/08/Pyramisa-Beach-Resort.jpg","https://fly.pl/wycieczka/egipt,sharm-el-sheikh,szarm-el-szejk/dessole-pyramisa-egipt-sharm-el-sheikh-egipt/pkcsgKhgrWQ1Hu_RISzNl8AAog6eORHzjjLRGWxZjzV6h2igAAAACZhAQAtoQEAAcAEgAqBFdFWlkwv4rC1QZI8ZkBUEFYxgNgA2oJRW50ZXIgQWlyagQwODAwckKeAZUBHwACARwAFgQXAhLtAxiFBRPNARTJBBH0KkCeR0ygogFPAEvHI1AAG8YwHcuRDyAdDdzHwgkBEmMBDWMBAgYwIMqO/ofertasv/?filter[tourOperator]=WEZY&filter%5Bperson%5D=2&filter%5BchildAge%5D%5B1%5D=20201210&filter%5Bchild%5D=1"
"Jaz Elite Amara","19967.0","13.10.2026 - 20.10.2026","8 dni/7 nocy","","4.9","4.9","1712","tripadvisor","Warszawa","2026-09-21T01:15:20.992660+00:00","https://fly.pl/szukaj-wycieczek/?filter[dest]=11:&filter[hotelids]=&filter[cityids]=0&filter[cregids]=&filter[ofrType]=&filter[addObjType]=&filter[whenFrom]=21-09-2026&filter[whenTo]=21-10-2026&filter[duration]=7:10&filter[from]=Warszawa%20-%20Modlin,Warszawa%20-%20Radom,Warszawa&filter[person]=2&filter[child]=1&filter[price]=4000:20000&filter[PriceFrom]=4000&filter[PriceTo]=20000&filter[addCategory]=50&filter[addCatering]=1&filter[addMisc]=0&filter[addTransport]=F&filter[fp]=1&order_by=ofr_price&filter[tourOperator]=0&filter[childAge][1]=20201210","https://fly.pl/cdn/photo/assets/uploads/582/278/2024/07/jaz-amara.jpg","https://fly.pl/wycieczka/egipt,marsa-alam,port-ghalib/jaz-amara-10/pUUwo3IdYyRBRR7KR5c-dtAAogL0Wi-IRgNHFU7ZfL7dSUwXNSPIWPmwjtQIcdawO3kIgqBE9BU0kwv4rC1QZI_5sBUAFYjgRgA2oDQUlsciQcEe-tAbkEyZ0PqwQbG8O_EBjE9BMBp6adrAIBDGMBAGMBAgtesvTC/ofertasv/?filter[tourOperator]=OASI&filter%5Bperson%5D=2&filter%5BchildAge%5D%5B1%5D=20201210&filter%5Bchild%5D=1"
"Ecotel Dahab Bay View Resort","7712.0","10.10.2026 - 17.10.2026","8 dni/7 nocy","","4.4","4.4","1234","tripadvisor","Warszawa","2026-09-21T05:23:46.828269+00:00","https://fly.pl/szukaj-wycieczek/?filter[dest]=11:&filter[hotelids]=&filter[cityids]=0&filter[cregids]=&filter[ofrType]=&filter[addObjType]=&filter[whenFrom]=21-09-2026&filter[whenTo]=21-10-2026&filter[duration]=7:10&filter[from]=Warszawa%20-%20Modlin,Warszawa%20-%20Radom,Warszawa&filter[person]=2&filter[child]=1&filter[price]=4000:20000&filter[PriceFrom]=4000&filter[PriceTo]=20000&filter[addCategory]=50&filter[addCatering]=1&filter[addMisc]=0&filter[addTransport]=F&filter[fp]=1&order_by=ofr_price&filter[tourOperator]=0&filter[childAge][1]=20201210","https://fly.pl/cdn/photo/assets/uploads/582/278/2014/09/Ecotel-Dahab-Resort.jpg","https://fly.pl/wycieczka/egipt,dahab,c/mercure-dahab-bay-view/pjhsmAFs_rHXbIH6lZBtW8AAogDte7oCU9PhRJZzBhNtOfRwAAAACZhAQAtoQEAAcAEgAqBFdFWlkw4_7C1QZIoDxQQVjCA2ADaglFbnRlciBBaXJqBDA4MDByQ54BlQEfAAIBHAAWBBcCEu0DGIUFE80BFMkEEbwdQNZUTKCiAU8AS8cjUAAbu8gMHdb5AiAdDdzHwgkBEmMBDGMBAgWrFbdr/ofertasv/?filter[tourOperator]=WEZY&filter%5Bperson%5D=2&filter%5BchildAge%5D%5B1%5D=20201210&filter%5Bchild%5D=1"
"Casa Mare Resort (ex. Royal Tulip Beach Resort)","8057.0","25.09.2026 - 02.10.2026","8 dni/7 nocy","","4.7","4.7","4700","tripadvisor","Warszawa","2026-09-21T05:23:46.828269+00:00","https://fly.pl/szukaj-wycieczek/?filter[dest]=11:&filter[hotelids]=&filter[cityids]=0&filter[cregids]=&filter[ofrType]=&filter[addObjType]=&filter[whenFrom]=21-09-2026&filter[whenTo]=21-10-2026&filter[duration]=7:10&filter[from]=Warszawa%20-%20Modlin,Warszawa%20-%20Radom,Warszawa&filter[person]=2&filter[child]=1&filter[price]=4000:20000&filter[PriceFrom]=4000&filter[PriceTo]=20000&filter[addCategory]=50&filter[addCatering]=1&filter[addMisc]=0&filter[addTransport]=F&filter[fp]=1&order_by=ofr_price&filter[tourOperator]=0&filter[childAge][1]=20201210","https://fly.pl/cdn/photo/assets/uploads/582/278/2015/12/Casa-Mare-Resort.jpg","https://fly.pl/wycieczka/egipt,marsa-alam,c/royal-tulip-beach-resort/pOT1jGa3A2H4RINAW8qf1JAAogt3jMfQ5Q4HiVqOBe1-f9ZGyGZ14NCGkVsR96Jj6NS-cqBFZJVFgw4_7C1QZI-T5QQVhaYAJyQBoAFQcXAFwDWAVAjwNbl4UBXuZ6UrwUUwBLsS9hAEyxtTkNhNSYCSAAUfKdxfbfAU_3_QZdnPiv-SUCDmMBAg0SXAKZ/ofertasv/?filter[tourOperator]=VITX&filter%5Bperson%5D=2&filter%5BchildAge%5D%5B1%5D=20201210&filter%5Bchild%5D=1"
"Parrotel Lagoon Resort","8057.0","29.09.2026 - 07.10.2026","9 dni/7 nocy","","4.1","4.1","1859","tripadvisor","Warszawa","2026-09-21T05:23:46.828269+00:00","https://fly.pl/szukaj-wycieczek/?filter[dest]=11:&filter[hotelids]=&filter[cityids]=0&filter[cregids]=&filter[ofrType]=&filter[addObjType]=&filter[whenFrom]=21-09-2026&filter[whenTo]=21-10-2026&filter[duration]=7:10&filter[from]=Warszawa%20-%20Modlin,Warszawa%20-%20Radom,Warszawa&filter[person]=2&filter[child]=1&filter[price]=4000:20000&filter[PriceFrom]=4000&filter[PriceTo]=20000&filter[addCategory]=50&filter[addCatering]=1&filter[addMisc]=0&filter[addTransport]=F&filter[fp]=1&order_by=ofr_price&filter[tourOperator]=0&filter[childAge][1]=20201210","https://fly.pl/cdn/photo/assets/uploads/582/278/2020/10/Parrotel-Lagoon-Resort.jpg","https://fly.pl/wycieczka/egipt,sharm-el-sheikh,szarm-el-szejk/parrotel-lagoon-resort-14/puiRvDtnr3l_AN0qVRWtADAAogfUircq7mfpVHcfM9HXDFNvx165SKMu3wZ5pxJ9Xdc08qBFZJVFgw4_7C1QZI-T5QQVi6AWACckAaABUHFwBcA1gFQI8DW6eGAV7WeVKmIFMAS8cjYQBMsbU5DYjUmAkgAVGc9YCz6QFPw_oTXYTO6rwcAg5jAQINwohTEw/ofertasv/?filter[tourOperator]=VITX&filter%5Bperson%5D=2&filter%5BchildAge%5D%5B1%5D=20201210&filter%5Bchild%5D=1"
"IL Mercato Splash Aqua Park","8065.0","10.10.2026 - 17.10.2026","8 dni/7 nocy","","4.4","4.4","2269","tripadvisor","Warszawa","2026-09-21T05:23:46.828269+00:00","https://fly.pl/szukaj-wycieczek/?filter[dest]=11:&filter[hotelids]=&filter[cityids]=0&filter[cregids]=&filter[ofrType]=&filter[addObjType]=&filter[whenFrom]=21-09-2026&filter[whenTo]=21-10-2026&filter[duration]=7:10&filter[from]=Warszawa%20-%20Modlin,Warszawa%20-%20Radom,Warszawa&filter[person]=2&filter[child]=1&filter[price]=4000:20000&filter[PriceFrom]=4000&filter[PriceTo]=20000&filter[addCategory]=50&filter[addCatering]=1&filter[addMisc]=0&filter[addTransport]=F&filter[fp]=1&order_by=ofr_price&filter[tourOperator]=0&filter[childAge][1]=20201210","https://fly.pl/cdn/photo/assets/uploads/582/278/2014/07/Il-Mercato-Hotel-Spa-Sharm-El-Sheikh.jpg","https://fly.pl/wycieczka/egipt,sharm-el-sheikh,c/iberotel-il-mercato/p8LVrn7x5AKSfbdJP878juAAogodlmymwqAIFg5uXGFqZaLwAAAACZhAQAtoQEAAcAEgAqBFdFWlkw4_7C1QZIgT9QQVjCA2ADaglFbnRlciBBaXJqBDA4MDByQp4BlQEfAAIBHAAWBBcCEu0DGIUFE80BFMkEEecQQKthTKCiAU8AS8cjUAAbnDEd9ZAPIB0N3MfCCQESYwEMYwECBQrlrQQ/ofertasv/?filter[tourOperator]=WEZY&filter%5Bperson%5D=2&filter%5BchildAge%5D%5B1%5D=20201210&filter%5Bchild%5D=1"
"Amarina Queen Resort","8086.0","29.09.2026 - 06.10.2026","8 dni/7 nocy","","4.7","4.7","1194","tripadvisor","Warszawa","2026-09-21T05:23:46.828269+00:00","https://fly.pl/szukaj-wycieczek/?filter[dest]=11:&filter[hotelids]=&filter[cityids]=0&filter[cregids]=&filter[ofrType]=&filter[addObjType]=&filter[whenFrom]=21-09-2026&filter[whenTo]=21-10-2026&filter[duration]=7:10&filter[from]=Warszawa%20-%20Modlin,Warszawa%20-%20Radom,Warszawa&filter[person]=2&filter[child]=1&filter[price]=4000:20000&filter[PriceFrom]=4000&filter[PriceTo]=20000&filter[addCategory]=50&filter[addCatering]=1&filter[addMisc]=0&filter[addTransport]=F&filter[fp]=1&order_by=ofr_price&filter[tourOperator]=0&filter[childAge][1]=20201210","https://fly.pl/cdn/photo/assets/uploads/582/278/2024/07/amarina-queen-resort.jpg","https://fly.pl/wycieczka/egipt,marsa-alam,c/amarina-queen-resort-12/pf4scnolOqvU-DejgvIp_QAAognBq1l7nrqz8p1ULM-ul0wuhm0Gqq_jkTT4bGm3434U0qBFJOQlcw4_7C1QZIlj9QQVi6AWACag1BTExfSU5DTFVTSVZFahcyOTYsMzgwLDQ3Nyw0ODMsNDg0LDQ4NXI8lgGeARUHFwBYCApdQOsGEcYyGb0iTKg3ENQOU4F1UgBLsS9hAF_twiQP6PkbHTMgscyRCQ0AAg5jAQIF4EybLg/ofertasv/?filter[tourOperator]=RNBW&filter%5Bperson%5D=2&filter%5BchildAge%5D%5B1%5D=20201210&filter%5Bchild%5D=1"
"Rewaya Luxury Resort","8267.0","01.10.2026 - 08.10.2026","8 dni/7 nocy","","","","","","Warszawa - Radom","2026-09-21T05:23:46.828269+00:00","https://fly.pl/szukaj-wycieczek/?filter[dest]=11:&filter[hotelids]=&filter[cityids]=0&filter[cregids]=&filter[ofrType]=&filter[addObjType]=&filter[whenFrom]=21-09-2026&filter[whenTo]=21-10-2026&filter[duration]=7:10&filter[from]=Warszawa%20-%20Modlin,Warszawa%20-%20Radom,Warszawa&filter[person]=2&filter[child]=1&filter[price]=4000:20000&filter[PriceFrom]=4000&filter[PriceTo]=20000&filter[addCategory]=50&filter[addCatering]=1&filter[addMisc]=0&filter[addTransport]=F&filter[fp]=1&order_by=ofr_price&filter[tourOperator]=0&filter[childAge][1]=20201210","https://datacfstatic.merlinx.pl/OREX/IMG/7196/98632a66aafed855a3e14a56bb184588a24fd60292558013accfa38c141d9a9b.webp","https://fly.pl/wycieczka/egipt,hurghada,c/rewaya-luxury-resort-9/pM2vMN6kVhfKlYHATDAefyAAognRhp1ifD7n5hYXkS3uPQGptDSG7JGG1kLrratyRh_coqBE9SRVgw4_7C1QZIy0BQQVjqAWACagVFLjIuMXI1mwEVBxcAWAhWAlwIQMIGXdMOT2wRgiJT0HtSAF6vT0uBEmEATNG-OiCc_ZcJDQACEmMBAg220fED/ofertasv/?filter[tourOperator]=OREX&filter%5Bperson%5D=2&filter%5BchildAge%5D%5B1%5D=20201210&filter%5Bchild%5D=1"
"Dream Lagoon & Aqua Park Resort (ex. Floriana Dream Lagoon)","8364.0","11.10.2026 - 18.10.2026","8 dni/7 nocy","","4.3","4.3","5734","tripadvisor","Warszawa","2026-09-21T05:23:46.828269+00:00","https://fly.pl/szukaj-wycieczek/?filter[dest]=11:&filter[hotelids]=&filter[cityids]=0&filter[cregids]=&filter[ofrType]=&filter[addObjType]=&filter[whenFrom]=21-09-2026&filter[whenTo]=21-10-2026&filter[duration]=7:10&filter[from]=Warszawa%20-%20Modlin,Warszawa%20-%20Radom,Warszawa&filter[person]=2&filter[child]=1&filter[price]=4000:20000&filter[PriceFrom]=4000&filter[PriceTo]=20000&filter[addCategory]=50&filter[addCatering]=1&filter[addMisc]=0&filter[addTransport]=F&filter[fp]=1&order_by=ofr_price&filter[tourOperator]=0&filter[childAge][1]=20201210","https://fly.pl/cdn/photo/assets/uploads/582/278/2015/11/Future-Dream-Lagoon-ex.-Floriana-Dream-Lagoon-fly-pl.jpg","https://fly.pl/wycieczka/egipt,marsa-alam,c/floriana-dream-lagoon/pDwerU242MJKipwJGV7yvUAAogMdIfqN9MpofWJ_bd_CPQQQAAAAAagwQANoMEAAcAAQAqBFdFWlkw4_7C1QZIrEFQQVjaA2ADaglFbnRlciBBaXJqBDAwNTByQp4BlAEfAAIBHAAWBBcCEu0DFdoFGJ8DE8MBQPFyEd5PTNhGTwBLsS9QAB2Svw8gHBuayjkNw4CJCQESYwEOYwECBQs-HU0/ofertasv/?filter[tourOperator]=WEZY&filter%5Bperson%5D=2&filter%5BchildAge%5D%5B1%5D=20201210&filter%5Bchild%5D=1"
"Rewaya Inn Resort (ex. Hawaii Paradise Aqua Park Resort)","8496.0","13.10.2026 - 20.10.2026","8 dni/7 nocy","","3.4","3.4","441","tripadvisor","Warszawa","2026-09-21T05:23:46.828269+00:00","https://fly.pl/szukaj-wycieczek/?filter[dest]=11:&filter[hotelids]=&filter[cityids]=0&filter[cregids]=&filter[ofrType]=&filter[addObjType]=&filter[whenFrom]=21-09-2026&filter[whenTo]=21-10-2026&filter[duration]=7:10&filter[from]=Warszawa%20-%20Modlin,Warszawa%20-%20Radom,Warszawa&filter[person]=2&filter[child]=1&filter[price]=4000:20000&filter[PriceFrom]=4000&filter[PriceTo]=20000&filter[addCategory]=50&filter[addCatering]=1&filter[addMisc]=0&filter[addTransport]=F&filter[fp]=1&order_by=ofr_price&filter[tourOperator]=0&filter[childAge][1]=20201210","https://fly.pl/cdn/photo/assets/uploads/582/278/2020/09/Hawaii-Paradise-Aqua-Park-Resort.jpg","https://fly.pl/wycieczka/egipt,hurghada,c/hawaii-paradise-aqua-park-resort-14/pdu2cidAjb7vrlws_S5etlAAogUUH-4BoGB7c6_W7xMZOlemqyvADKfxjztHOrlw2TEoUqBEpPSVAw4_7C1QZIsEJQQViKBGACagNDR21yQ5sBFAEVBhcAXANYBVYCQMoGT-IBXQBSr6sBUwBer09L7UNhABHEiwFMoYE5Daj9lwkgAAGzlbSAxYbMoDACDmMBAA0lfzY0/ofertasv/?filter[tourOperator]=JOIP&filter%5Bperson%5D=2&filter%5BchildAge%5D%5B1%5D=20201210&filter%5Bchild%5D=1"
"Sea Star Beau Rivage","8608.0","13.10.2026 - 20.10.2026","8 dni/7 nocy","","4.5","4.5","4318","tripadvisor","Warszawa","2026-09-21T05:23:46.828269+00:00","https://fly.pl/szukaj-wycieczek/?filter[dest]=11:&filter[hotelids]=&filter[cityids]=0&filter[cregids]=&filter[ofrType]=&filter[addObjType]=&filter[whenFrom]=21-09-2026&filter[whenTo]=21-10-2026&filter[duration]=7:10&filter[from]=Warszawa%20-%20Modlin,Warszawa%20-%20Radom,Warszawa&filter[person]=2&filter[child]=1&filter[price]=4000:20000&filter[PriceFrom]=4000&filter[PriceTo]=20000&filter[addCategory]=50&filter[addCatering]=1&filter[addMisc]=0&filter[addTransport]=F&filter[fp]=1&order_by=ofr_price&filter[tourOperator]=0&filter[childAge][1]=20201210","https://fly.pl/cdn/photo/assets/uploads/582/278/2014/07/Sea-Star-Beau-Rivage-fly-pl.jpg","https://fly.pl/wycieczka/egipt,hurghada,c/sea-star-beau-rivage/pHi7piB2n0WrWbAxJdhkY6AAogWzllsSxKLApvPTl2cC_E_WqyvADKfxjztHOrlw2TEoUqBEpPSVAw4_7C1QZIoENQQViKBGACagMwZmRyQpsBFAEVBhcAXANYBVYCQMoGT-IBXQBSr6sBUwARxxpe6DRL7UNhAEzljDoNqP2XCSAAAbbjgPDEhsygMAINYwEADBOIQRY/ofertasv/?filter[tourOperator]=JOIP&filter%5Bperson%5D=2&filter%5BchildAge%5D%5B1%5D=20201210&filter%5Bchild%5D=1"
"Movenpick Waterpark Resort & Spa Soma Bay","8672.0","11.10.2026 - 18.10.2026","8 dni/7 nocy","","4.3","4.3","4102","tripadvisor","Warszawa","2026-09-21T05:23:46.828269+00:00","https://fly.pl/szukaj-wycieczek/?filter[dest]=11:&filter[hotelids]=&filter[cityids]=0&filter[cregids]=&filter[ofrType]=&filter[addObjType]=&filter[whenFrom]=21-09-2026&filter[whenTo]=21-10-2026&filter[duration]=7:10&filter[from]=Warszawa%20-%20Modlin,Warszawa%20-%20Radom,Warszawa&filter[person]=2&filter[child]=1&filter[price]=4000:20000&filter[PriceFrom]=4000&filter[PriceTo]=20000&filter[addCategory]=50&filter[addCatering]=1&filter[addMisc]=0&filter[addTransport]=F&filter[fp]=1&order_by=ofr_price&filter[tourOperator]=0&filter[childAge][1]=20201210","https://fly.pl/cdn/photo/assets/uploads/582/278/2009/02/Movenpick-Soma-Bay2539.jpg","https://fly.pl/wycieczka/egipt,hurghada,c/movenpick-soma-bay/pC7lqEDS4eyCIgxpZESrKvAAog1xC40B2Cc-pKOz-wGL-X5wnbvZbIN9Wmp2d9VFEr-JIqBE9SRVgw4_7C1QZI4ENQQVjaA2ACagdCSzQuMi4xagMwOFlqAzA3WXI0mwGdAY8BFQcXAFwDWAVWAkDKBhESU_-sAVIAXq9PS-1DYQBM5Yw6IKb9lwkNAAISYwECC3MKsLQ/ofertasv/?filter[tourOperator]=OREX&filter%5Bperson%5D=2&filter%5BchildAge%5D%5B1%5D=20201210&filter%5Bchild%5D=1"
"Xperience Kiroseiz Premier","8853.0","10.10.2026 - 17.10.2026","8 dni/7 nocy","","4.5","4.5","999","tripadvisor","Warszawa","2026-09-21T05:23:46.828269+00:00","https://fly.pl/szukaj-wycieczek/?filter[dest]=11:&filter[hotelids]=&filter[cityids]=0&filter[cregids]=&filter[ofrType]=&filter[addObjType]=&filter[whenFrom]=21-09-2026&filter[whenTo]=21-10-2026&filter[duration]=7:10&filter[from]=Warszawa%20-%20Modlin,Warszawa%20-%20Radom,Warszawa&filter[person]=2&filter[child]=1&filter[price]=4000:20000&filter[PriceFrom]=4000&filter[PriceTo]=20000&filter[addCategory]=50&filter[addCatering]=1&filter[addMisc]=0&filter[addTransport]=F&filter[fp]=1&order_by=ofr_price&filter[tourOperator]=0&filter[childAge][1]=20201210","https://fly.pl/cdn/photo/assets/uploads/582/278/2015/11/Xperience-Kiroseiz-Premier-fly-pl-3.jpg","https://fly.pl/wycieczka/egipt,sharm-el-sheikh,c/xperience-kiroseiz-premier/pA-0fOw0P8v1xVkT7euL3CAAogGoT9H0OXI1hh5IOf9xInhAAAAACZhAQAtoQEAAcAEgAqBFdFWlkw4_7C1QZIlUVQQVjCA2ADaglFbnRlciBBaXJqBDA4MDByQp4BlQEfAAIBHAAWBBcCEu0DGIUFE80BFMkEEcpqQMgHTKCiAU8AS8cjUAAbnDEd9ZAPIB0N3MfCCQESYwEMYwECBUobkd4/ofertasv/?filter[tourOperator]=WEZY&filter%5Bperson%5D=2&filter%5BchildAge%5D%5B1%5D=20201210&filter%5Bchild%5D=1"
"Regency Plaza Aqua Park Spa","8857.0","29.09.2026 - 07.10.2026","9 dni/7 nocy","","4.1","4.1","6226","tripadvisor","Warszawa","2026-09-21T05:23:46.828269+00:00","https://fly.pl/szukaj-wycieczek/?filter[dest]=11:&filter[hotelids]=&filter[cityids]=0&filter[cregids]=&filter[ofrType]=&filter[addObjType]=&filter[whenFrom]=21-09-2026&filter[whenTo]=21-10-2026&filter[duration]=7:10&filter[from]=Warszawa%20-%20Modlin,Warszawa%20-%20Radom,Warszawa&filter[person]=2&filter[child]=1&filter[price]=4000:20000&filter[PriceFrom]=4000&filter[PriceTo]=20000&filter[addCategory]=50&filter[addCatering]=1&filter[addMisc]=0&filter[addTransport]=F&filter[fp]=1&order_by=ofr_price&filter[tourOperator]=0&filter[childAge][1]=20201210","https://fly.pl/cdn/photo/assets/uploads/582/278/2014/07/Regency-Plaza-Aqua-Park-Spa-fly-pl.jpg","https://fly.pl/wycieczka/egipt,sharm-el-sheikh,szarm-el-szejk/regency-plaza/pRQ8eFatUEcgw7rcHw7_d_AAog0y1ZOPlCYhahri9f6ANeBfx165SKMu3wZ5pxJ9Xdc08qBFZJVFgw4_7C1QZImUVQQVi6AWACckAaABUHFwBcA1gFQI8DW6eGAV7WeVKmIFMAS8cjYQBMsbU5DYjUmAkgAVGo9Yaz6QFPt_oNXYTO6rwcAg5jAQINnp-Q6Q/ofertasv/?filter[tourOperator]=VITX&filter%5Bperson%5D=2&filter%5BchildAge%5D%5B1%5D=20201210&filter%5Bchild%5D=1"
"Radisson Individuals Marina Port Ghalib (ex. Sunrise Marina Resort)","8890.0","29.09.2026 - 06.10.2026","8 dni/7 nocy","","4.6","4.6","3576","tripadvisor","Warszawa","2026-09-21T05:23:46.828269+00:00","https://fly.pl/szukaj-wycieczek/?filter[dest]=11:&filter[hotelids]=&filter[cityids]=0&filter[cregids]=&filter[ofrType]=&filter[addObjType]=&filter[whenFrom]=21-09-2026&filter[whenTo]=21-10-2026&filter[duration]=7:10&filter[from]=Warszawa%20-%20Modlin,Warszawa%20-%20Radom,Warszawa&filter[person]=2&filter[child]=1&filter[price]=4000:20000&filter[PriceFrom]=4000&filter[PriceTo]=20000&filter[addCategory]=50&filter[addCatering]=1&filter[addMisc]=0&filter[addTransport]=F&filter[fp]=1&order_by=ofr_price&filter[tourOperator]=0&filter[childAge][1]=20201210","https://fly.pl/cdn/photo/assets/uploads/582/278/2015/04/RADISSON-INDIVIDUALS-MARINA.jpg","https://fly.pl/wycieczka/egipt,marsa-alam,port-ghalib/rehana-port-ghalib-resort/pOxxEt60QelQ4C2x2Tc1JKAAogz4KvC2qAwQghqpPDlTjwaOhm0Gqq_jkTT4bGm3434U0qBFJOQlcw4_7C1QZIukVQQVi6AWACagREUTBkag1BTExfSU5DTFVTSVZFahcyOTYsMzgwLDQ3Nyw0ODMsNDg0LDQ4NXI8nwGWAZ4BFQcXAFgICs0BQPsFEdAsGbMoEMgdTOAZU9WDAVIAS7EvYQAP1bxAHTMgscyRCQ0AAg5jAQIF6_i3iw/ofertasv/?filter[tourOperator]=RNBW&filter%5Bperson%5D=2&filter%5BchildAge%5D%5B1%5D=20201210&filter%5Bchild%5D=1"
"AMC Royal Hotel & Spa (ex. AMC Azur Resort)","8939.0","01.10.2026 - 08.10.2026","8 dni/7 nocy","","4.4","4.4","3070","tripadvisor","Warszawa","2026-09-21T05:23:46.828269+00:00","https://fly.pl/szukaj-wycieczek/?filter[dest]=11:&filter[hotelids]=&filter[cityids]=0&filter[cregids]=&filter[ofrType]=&filter[addObjType]=&filter[whenFrom]=21-09-2026&filter[whenTo]=21-10-2026&filter[duration]=7:10&filter[from]=Warszawa%20-%20Modlin,Warszawa%20-%20Radom,Warszawa&filter[person]=2&filter[child]=1&filter[price]=4000:20000&filter[PriceFrom]=4000&filter[PriceTo]=20000&filter[addCategory]=50&filter[addCatering]=1&filter[addMisc]=0&filter[addTransport]=F&filter[fp]=1&order_by=ofr_price&filter[tourOperator]=0&filter[childAge][1]=20201210","https://fly.pl/cdn/photo/assets/uploads/582/278/2014/07/AMC-Royal-Resort.jpg","https://fly.pl/wycieczka/egipt,hurghada,c/amc-royal-ex-amc-azur-resort/pLdwuLJ9Gms5IGyhM6cbhuAAogM9T2hbCWUfXhfwaq3qwgSZqsndZxwS8Zs5GLln_tb9oqBFJOQlcw4_7C1QZI60VQQVjqAWACagRCd2Nkag1BTExfSU5DTFVTSVZFahcyOTYsMzgwLDQ3Nyw0ODMsNDg0LDQ4NWoTNDAyLDQwNiw0NzMsNDk3LDQ5OXI-nwGWAZ4BlAEVBxcAWAgK0AFA-AURswIZulIQwQZM3S9TiiFSAEuckwFhAB3k8j8POSDklpIJDQACDGMBAgULrdAn/ofertasv/?filter[tourOperator]=RNBW&filter%5Bperson%5D=2&filter%5BchildAge%5D%5B1%5D=20201210&filter%5Bchild%5D=1"
"Royal Brayka Beach Resort (ex Zee Brayka)","8957.0","09.10.2026 - 16.10.2026","8 dni/7 nocy","","4.4","4.4","2528","tripadvisor","Warszawa","2026-09-21T05:23:46.828269+00:00","https://fly.pl/szukaj-wycieczek/?filter[dest]=11:&filter[hotelids]=&filter[cityids]=0&filter[cregids]=&filter[ofrType]=&filter[addObjType]=&filter[whenFrom]=21-09-2026&filter[whenTo]=21-10-2026&filter[duration]=7:10&filter[from]=Warszawa%20-%20Modlin,Warszawa%20-%20Radom,Warszawa&filter[person]=2&filter[child]=1&filter[price]=4000:20000&filter[PriceFrom]=4000&filter[PriceTo]=20000&filter[addCategory]=50&filter[addCatering]=1&filter[addMisc]=0&filter[addTransport]=F&filter[fp]=1&order_by=ofr_price&filter[tourOperator]=0&filter[childAge][1]=20201210","https://fly.pl/cdn/photo/assets/uploads/582/278/2014/07/Royal-Brayka-Resort.jpg","https://fly.pl/wycieczka/egipt,marsa-alam,c/royal-brayka-resort/pECqwOozFRZE-DCVmWJ4_tAAogGidg5iOWtKK5BB3zijaneaBkRYL7fM1lb2Oh4oBctUgqBFZJVFgw4_7C1QZI_UVQQViqA2ACckAaABUHFwBcA1gFQI8DW6eGAV7WeVK8FFMAS7EvYQBMsLU5DdnUmAkgAFGBi7_23wFPlJANXZz4r_klAg5jAQINn6105g/ofertasv/?filter[tourOperator]=VITX&filter%5Bperson%5D=2&filter%5BchildAge%5D%5B1%5D=20201210&filter%5Bchild%5D=1"
"Stella Gardens Resort & Spa (ex Stella Di Mare Gardens)","8968.0","13.10.2026 - 20.10.2026","8 dni/7 nocy","","4.5","4.5","2781","tripadvisor","Warszawa","2026-09-21T05:23:46.828269+00:00","https://fly.pl/szukaj-wycieczek/?filter[dest]=11:&filter[hotelids]=&filter[cityids]=0&filter[cregids]=&filter[ofrType]=&filter[addObjType]=&filter[whenFrom]=21-09-2026&filter[whenTo]=21-10-2026&filter[duration]=7:10&filter[from]=Warszawa%20-%20Modlin,Warszawa%20-%20Radom,Warszawa&filter[person]=2&filter[child]=1&filter[price]=4000:20000&filter[PriceFrom]=4000&filter[PriceTo]=20000&filter[addCategory]=50&filter[addCatering]=1&filter[addMisc]=0&filter[addTransport]=F&filter[fp]=1&order_by=ofr_price&filter[tourOperator]=0&filter[childAge][1]=20201210","https://fly.pl/cdn/photo/assets/uploads/582/278/2014/10/Stella-Di-Mare-Gardens-Resort-Spa.jpg","https://fly.pl/wycieczka/egipt,hurghada,makadi-bay/stella-makadi-garden/p8LV1mwllFppz5U_7-ouxKAAog3b7o2x_OmWTihTvjnxAouGqyvADKfxjztHOrlw2TEoUqBEpPSVAw4_7C1QZIiEZQQViKBGACagMwMEZyQpsBFAEVBhcAXANYBVYCQMoGT-IBXQBSr6sBUwARxjBe6R5L7UNhAEzljDoNqP2XCSAAAaCX4ODEhsygMAIOYwEADYPG-y8/ofertasv/?filter[tourOperator]=JOIP&filter%5Bperson%5D=2&filter%5BchildAge%5D%5B1%5D=20201210&filter%5Bchild%5D=1"
"Jaz Neo Naama Bay","9095.0","10.10.2026 - 17.10.2026","8 dni/7 nocy","","4.7","4.7","4830","tripadvisor","Warszawa","2026-09-21T05:23:46.828269+00:00","https://fly.pl/szukaj-wycieczek/?filter[dest]=11:&filter[hotelids]=&filter[cityids]=0&filter[cregids]=&filter[ofrType]=&filter[addObjType]=&filter[whenFrom]=21-09-2026&filter[whenTo]=21-10-2026&filter[duration]=7:10&filter[from]=Warszawa%20-%20Modlin,Warszawa%20-%20Radom,Warszawa&filter[person]=2&filter[child]=1&filter[price]=4000:20000&filter[PriceFrom]=4000&filter[PriceTo]=20000&filter[addCategory]=50&filter[addCatering]=1&filter[addMisc]=0&filter[addTransport]=F&filter[fp]=1&order_by=ofr_price&filter[tourOperator]=0&filter[childAge][1]=20201210","https://fly.pl/cdn/photo/assets/uploads/582/278/2014/10/Sol-Y-Mar-Naama-Bay.jpg","https://fly.pl/wycieczka/egipt,sharm-el-sheikh,c/sol-y-mar-naama-bay/pFyEGjlwGhlA35pMaGyL-QAAogu13rjxn7-_0ajn_ZuyFmJAAAAACZhAQAtoQEAAcAEgAqBFdFWlkw4_7C1QZIh0dQQVjCA2ADaglFbnRlciBBaXJqBDA4MDByQ54BlQEfAAIBHAAWBBcCEu0DGIUFE80BFMkEEbgPQNpiTKCiAU8AS8cjUAAbxYQCHcy9DSAdDdzHwgkBEmMBDWMBAwXKVrSu/ofertasv/?filter[tourOperator]=WEZY&filter%5Bperson%5D=2&filter%5BchildAge%5D%5B1%5D=20201210&filter%5Bchild%5D=1"
"Xperience Kiroseiz Parkland","9095.0","10.10.2026 - 17.10.2026","8 dni/7 nocy","","4.5","4.5","3121","tripadvisor","Warszawa","2026-09-21T05:23:46.828269+00:00","https://fly.pl/szukaj-wycieczek/?filter[dest]=11:&filter[hotelids]=&filter[cityids]=0&filter[cregids]=&filter[ofrType]=&filter[addObjType]=&filter[whenFrom]=21-09-2026&filter[whenTo]=21-10-2026&filter[duration]=7:10&filter[from]=Warszawa%20-%20Modlin,Warszawa%20-%20Radom,Warszawa&filter[person]=2&filter[child]=1&filter[price]=4000:20000&filter[PriceFrom]=4000&filter[PriceTo]=20000&filter[addCategory]=50&filter[addCatering]=1&filter[addMisc]=0&filter[addTransport]=F&filter[fp]=1&order_by=ofr_price&filter[tourOperator]=0&filter[childAge][1]=20201210","https://fly.pl/cdn/photo/assets/uploads/582/278/2014/06/Xperience-Kiroseiz-Parkland-fly-pl.jpg","https://fly.pl/wycieczka/egipt,sharm-el-sheikh,c/xperience-kiroseiz-parkland/pNr6dKjkLjTTwXyfJ4Z5TWAAog5bD_kaJOMDQ0iZsdUgap8QAAAACZhAQAtoQEAAcAEgAqBFdFWlkw4_7C1QZIh0dQQVjCA2ADaglFbnRlciBBaXJqBDA4MDByQp4BlQEfABwBAgAWBBcCEY8BEt4CGIUFE80BFMkEQJJyTKCiAU8AS8cjUAAbnDEd9ZAPIB0N3MfCCQESYwEMYwECBQAwf6g/ofertasv/?filter[tourOperator]=WEZY&filter%5Bperson%5D=2&filter%5BchildAge%5D%5B1%5D=20201210&filter%5Bchild%5D=1"
"Concorde El Salam Sport","9156.0","10.10.2026 - 17.10.2026","8 dni/7 nocy","","4.8","4.8","1494","tripadvisor","Warszawa","2026-09-21T05:23:46.828269+00:00","https://fly.pl/szukaj-wycieczek/?filter[dest]=11:&filter[hotelids]=&filter[cityids]=0&filter[cregids]=&filter[ofrType]=&filter[addObjType]=&filter[whenFrom]=21-09-2026&filter[whenTo]=21-10-2026&filter[duration]=7:10&filter[from]=Warszawa%20-%20Modlin,Warszawa%20-%20Radom,Warszawa&filter[person]=2&filter[child]=1&filter[price]=4000:20000&filter[PriceFrom]=4000&filter[PriceTo]=20000&filter[addCategory]=50&filter[addCatering]=1&filter[addMisc]=0&filter[addTransport]=F&filter[fp]=1&order_by=ofr_price&filter[tourOperator]=0&filter[childAge][1]=20201210","https://fly.pl/cdn/photo/assets/uploads/582/278/2024/07/concorde-el-salam-sport.jpg","https://fly.pl/wycieczka/egipt,sharm-el-sheikh,szarm-el-szejk/concorde-el-salam-sport-15/pxIpWWh9Q95QH8HH47CurkAAog1ZL7qsPZBWDtfXJcSXPNPAAAAACZhAQAtoQEAAcAEgAqBFdFWlkw4_7C1QZIxEdQQVjCA2ADaglFbnRlciBBaXJqBDA4MDByQ54BlQEfAAIBHAAWBBcCEu0DGIUFE80BFMkEEeYQQKxhTKCiAU8AS8cjUAAbtIMCHd2-DSAdDdzHwgkBEmMBDGMBAgUW4eO_/ofertasv/?filter[tourOperator]=WEZY&filter%5Bperson%5D=2&filter%5BchildAge%5D%5B1%5D=20201210&filter%5Bchild%5D=1"
"Dreams Beach Sharm Resort (Sharm El Sheikh)","9163.0","10.10.2026 - 17.10.2026","8 dni/7 nocy","","3.9","3.9","2651","tripadvisor","Warszawa","2026-09-21T05:23:46.828269+00:00","https://fly.pl/szukaj-wycieczek/?filter[dest]=11:&filter[hotelids]=&filter[cityids]=0&filter[cregids]=&filter[ofrType]=&filter[addObjType]=&filter[whenFrom]=21-09-2026&filter[whenTo]=21-10-2026&filter[duration]=7:10&filter[from]=Warszawa%20-%20Modlin,Warszawa%20-%20Radom,Warszawa&filter[person]=2&filter[child]=1&filter[price]=4000:20000&filter[PriceFrom]=4000&filter[PriceTo]=20000&filter[addCategory]=50&filter[addCatering]=1&filter[addMisc]=0&filter[addTransport]=F&filter[fp]=1&order_by=ofr_price&filter[tourOperator]=0&filter[childAge][1]=20201210","https://fly.pl/cdn/photo/assets/uploads/582/278/2014/07/Dreams-Beach-Resort.jpg","https://fly.pl/wycieczka/egipt,sharm-el-sheikh,szarm-el-szejk/dreams-beach-sharm-el-sheikh/pf5tvZQDAyY8AqhwarVzwvAAognPhI-USuosLanEdPhqskiAAAAACZhAQAtoQEAAcAEgAqBFdFWlkw4_7C1QZIy0dQQVjCA2ADaglFbnRlciBBaXJqBDA4MDByQp4BlQEfABwBAgAWBBcCETISuwMYhQUTzQEUyQRAknJMoKIBTwBLxyNQABup9wMd6MoLIB0N3MfCCQESYwENYwECBVGYcng/ofertasv/?filter[tourOperator]=WEZY&filter%5Bperson%5D=2&filter%5BchildAge%5D%5B1%5D=20201210&filter%5Bchild%5D=1"
"Parrotel Beach Resort (ex. Radisson Blu)","9163.0","10.10.2026 - 17.10.2026","8 dni/7 nocy","","4.4","4.4","7007","tripadvisor","Warszawa","2026-09-21T05:23:46.828269+00:00","https://fly.pl/szukaj-wycieczek/?filter[dest]=11:&filter[hotelids]=&filter[cityids]=0&filter[cregids]=&filter[ofrType]=&filter[addObjType]=&filter[whenFrom]=21-09-2026&filter[whenTo]=21-10-2026&filter[duration]=7:10&filter[from]=Warszawa%20-%20Modlin,Warszawa%20-%20Radom,Warszawa&filter[person]=2&filter[child]=1&filter[price]=4000:20000&filter[PriceFrom]=4000&filter[PriceTo]=20000&filter[addCategory]=50&filter[addCatering]=1&filter[addMisc]=0&filter[addTransport]=F&filter[fp]=1&order_by=ofr_price&filter[tourOperator]=0&filter[childAge][1]=20201210","https://fly.pl/cdn/photo/assets/uploads/582/278/2014/07/Parrotel-Beach-Resort.jpg","https://fly.pl/wycieczka/egipt,sharm-el-sheikh,c/radisson-blu-resort-sharm-el-sheikh/pl8hGjcTN1GxJ9M6CQASUwAAogAtR3t_uNaO1_NQF36m_bBwAAAACZhAQAtoQEAAcAEgAqBFdFWlkw4_7C1QZIy0dQQVjCA2ADaglFbnRlciBBaXJqBDA4MDByQp4BlQEfABwBAgAWBBcCEXwS8QIYhQUTzQEUyQRAknJMoKIBTwBLxyNQABvBgQId0MANIB0N3MfCCQESYwEOYwECBv96U_k/ofertasv/?filter[tourOperator]=WEZY&filter%5Bperson%5D=2&filter%5BchildAge%5D%5B1%5D=20201210&filter%5Bchild%5D=1"
"Creek Hotel and Residences","9189.0","01.10.2026 - 08.10.2026","8 dni/7 nocy","","4.8","4.8","219","tripadvisor","Warszawa - Radom","2026-09-21T05:23:46.828269+00:00","https://fly.pl/szukaj-wycieczek/?filter[dest]=11:&filter[hotelids]=&filter[cityids]=0&filter[cregids]=&filter[ofrType]=&filter[addObjType]=&filter[whenFrom]=21-09-2026&filter[whenTo]=21-10-2026&filter[duration]=7:10&filter[from]=Warszawa%20-%20Modlin,Warszawa%20-%20Radom,Warszawa&filter[person]=2&filter[child]=1&filter[price]=4000:20000&filter[PriceFrom]=4000&filter[PriceTo]=20000&filter[addCategory]=50&filter[addCatering]=1&filter[addMisc]=0&filter[addTransport]=F&filter[fp]=1&order_by=ofr_price&filter[tourOperator]=0&filter[childAge][1]=20201210","https://fly.pl/cdn/photo/assets/uploads/582/278/2024/07/creek-hotel-residences.jpg","https://fly.pl/wycieczka/egipt,hurghada,al-dzuna/creek-hotel-residences-9/po9Q5M5byVkszvlejYjp-sAAogQIxuNaKCn6l5hB_Z_qyL-5tDSG7JGG1kLrratyRh_coqBE9SRVgw4_7C1QZI5UdQQVjqAWACagdNMkUuMi4xcjabARUHFwBcA1gFVgJAygZd0w5PbBGCB1PQlgFSAF6vT0uBEmEATNG-OiCc_ZcJDQACEmMBAguTqESg/ofertasv/?filter[tourOperator]=OREX&filter%5Bperson%5D=2&filter%5BchildAge%5D%5B1%5D=20201210&filter%5Bchild%5D=1"
"Sentido Akassia Beach (ex. LTI Akassia Beach)","9288.0","10.10.2026 - 17.10.2026","8 dni/7 nocy","","4.4","4.4","2309","tripadvisor","Warszawa","2026-09-21T05:23:46.828269+00:00","https://fly.pl/szukaj-wycieczek/?filter[dest]=11:&filter[hotelids]=&filter[cityids]=0&filter[cregids]=&filter[ofrType]=&filter[addObjType]=&filter[whenFrom]=21-09-2026&filter[whenTo]=21-10-2026&filter[duration]=7:10&filter[from]=Warszawa%20-%20Modlin,Warszawa%20-%20Radom,Warszawa&filter[person]=2&filter[child]=1&filter[price]=4000:20000&filter[PriceFrom]=4000&filter[PriceTo]=20000&filter[addCategory]=50&filter[addCatering]=1&filter[addMisc]=0&filter[addTransport]=F&filter[fp]=1&order_by=ofr_price&filter[tourOperator]=0&filter[childAge][1]=20201210","https://fly.pl/cdn/photo/assets/uploads/582/278/2014/09/Sentido-Akassia-Beach.jpg","https://fly.pl/wycieczka/egipt,marsa-alam,c/lti-akassia-beach-2/pmmFU7U6TemHp6FWuJgzHtAAogWsj03FuK88D0OuhDCSx3Ny063im2E1E-fA40Cv_wUOwqBE9SRVgw4_7C1QZIyEhQQVjCA2ACagYxUy4yLjFyNZsBFQcXAFwDWAVWAhEmQKQGXYMkTyRemdgBU7wUUgBLsS9hAEzljDogpf2XCQ0AAhJjAQINTVCqtg/ofertasv/?filter[tourOperator]=OREX&filter%5Bperson%5D=2&filter%5BchildAge%5D%5B1%5D=20201210&filter%5Bchild%5D=1"
"Stella Beach Resort & Spa","9300.0","13.10.2026 - 20.10.2026","8 dni/7 nocy","","4.4","4.4","6881","tripadvisor","Warszawa","2026-09-21T05:23:46.828269+00:00","https://fly.pl/szukaj-wycieczek/?filter[dest]=11:&filter[hotelids]=&filter[cityids]=0&filter[cregids]=&filter[ofrType]=&filter[addObjType]=&filter[whenFrom]=21-09-2026&filter[whenTo]=21-10-2026&filter[duration]=7:10&filter[from]=Warszawa%20-%20Modlin,Warszawa%20-%20Radom,Warszawa&filter[person]=2&filter[child]=1&filter[price]=4000:20000&filter[PriceFrom]=4000&filter[PriceTo]=20000&filter[addCategory]=50&filter[addCatering]=1&filter[addMisc]=0&filter[addTransport]=F&filter[fp]=1&order_by=ofr_price&filter[tourOperator]=0&filter[childAge][1]=20201210","https://fly.pl/cdn/photo/assets/uploads/582/278/2014/10/Stella-Di-Mare-Beach-Resort-Spa.jpg","https://fly.pl/wycieczka/egipt,hurghada,makadi-bay/stella-makadi-resort/ps1NuM3Kt2bIohn7mfNLoLAAog0x33N-EtGFJwmDv8pzIhI2qyvADKfxjztHOrlw2TEoUqBEpPSVAw4_7C1QZI1EhQQViKBGACagMwRkhyQpsBFAEVBhcAXANYBVYCQMoGT-IBXQBSr6sBUwBer08RkSxL3BdhAEzljDoNqP2XCSAAAb2P-NDEhsygMAIOYwEADUqC4eg/ofertasv/?filter[tourOperator]=JOIP&filter%5Bperson%5D=2&filter%5BchildAge%5D%5B1%5D=20201210&filter%5Bchild%5D=1"
"Gemma Resort (ex. Labranda Gemma Premium Resort)","9322.0","11.10.2026 - 18.10.2026","8 dni/7 nocy","","4.5","4.5","5582","tripadvisor","Warszawa","2026-09-21T05:23:46.828269+00:00","https://fly.pl/szukaj-wycieczek/?filter[dest]=11:&filter[hotelids]=&filter[cityids]=0&filter[cregids]=&filter[ofrType]=&filter[addObjType]=&filter[whenFrom]=21-09-2026&filter[whenTo]=21-10-2026&filter[duration]=7:10&filter[from]=Warszawa%20-%20Modlin,Warszawa%20-%20Radom,Warszawa&filter[person]=2&filter[child]=1&filter[price]=4000:20000&filter[PriceFrom]=4000&filter[PriceTo]=20000&filter[addCategory]=50&filter[addCatering]=1&filter[addMisc]=0&filter[addTransport]=F&filter[fp]=1&order_by=ofr_price&filter[tourOperator]=0&filter[childAge][1]=20201210","https://fly.pl/cdn/photo/assets/uploads/582/278/2015/06/Gemma-Resort.jpg","https://fly.pl/wycieczka/egipt,marsa-alam,c/gemma-resort/p0dmXpiaASzds1B1ViSG6pAAogaVPXdyVtXuaEQ6I-siYA8wAAAAAagwQANoMEAAcAAQAqBFdFWlkw4_7C1QZI6khQQVjaA2ADaglFbnRlciBBaXJqBDAwNTByQp4BlAEfAAIBHAAWBBcCEu0DFdoFGJ8DE8MBEf5IQPMpTLaWAU8AS7EvUAAb5DEdro0PIBwN3crCCQESYwEOYwECBlDmzuE/ofertasv/?filter[tourOperator]=WEZY&filter%5Bperson%5D=2&filter%5BchildAge%5D%5B1%5D=20201210&filter%5Bchild%5D=1"
"The Cascades Golf Resort Spa & Thalasso (ex Westin Soma Bay)","9332.0","29.09.2026 - 06.10.2026","8 dni/7 nocy","","4.4","4.4","284","tripadvisor","Warszawa","2026-09-21T05:23:46.828269+00:00","https://fly.pl/szukaj-wycieczek/?filter[dest]=11:&filter[hotelids]=&filter[cityids]=0&filter[cregids]=&filter[ofrType]=&filter[addObjType]=&filter[whenFrom]=21-09-2026&filter[whenTo]=21-10-2026&filter[duration]=7:10&filter[from]=Warszawa%20-%20Modlin,Warszawa%20-%20Radom,Warszawa&filter[person]=2&filter[child]=1&filter[price]=4000:20000&filter[PriceFrom]=4000&filter[PriceTo]=20000&filter[addCategory]=50&filter[addCatering]=1&filter[addMisc]=0&filter[addTransport]=F&filter[fp]=1&order_by=ofr_price&filter[tourOperator]=0&filter[childAge][1]=20201210","https://fly.pl/cdn/photo/assets/uploads/582/278/2014/10/The-Cascades-Golf-Resort-Spa-Thalasso.jpg","https://fly.pl/wycieczka/egipt,hurghada,soma-bay/la-residence-des-cascades/pGtvjy0HMH7ys4EUGXON9eAAogZ4DIr8aqmC4xEm2LS5ny2uErWs0tVGkUnula-RMaXKwqBEpPSVAw4_7C1QZI9EhQQVi6AWACckIUARUGFwBcA1gFVgJAygZd4gFPAFu1UlP6WFIAXq9PS-1DYQARrCxMueA5INT8lwkNAAHy4fCP04bMoDACDWMBAAzVUNl0/ofertasv/?filter[tourOperator]=JOIP&filter%5Bperson%5D=2&filter%5BchildAge%5D%5B1%5D=20201210&filter%5Bchild%5D=1"
"Novotel Marsa Alam","9357.0","10.10.2026 - 17.10.2026","8 dni/7 nocy","","4.5","4.5","3682","tripadvisor","Warszawa","2026-09-21T05:23:46.828269+00:00","https://fly.pl/szukaj-wycieczek/?filter[dest]=11:&filter[hotelids]=&filter[cityids]=0&filter[cregids]=&filter[ofrType]=&filter[addObjType]=&filter[whenFrom]=21-09-2026&filter[whenTo]=21-10-2026&filter[duration]=7:10&filter[from]=Warszawa%20-%20Modlin,Warszawa%20-%20Radom,Warszawa&filter[person]=2&filter[child]=1&filter[price]=4000:20000&filter[PriceFrom]=4000&filter[PriceTo]=20000&filter[addCategory]=50&filter[addCatering]=1&filter[addMisc]=0&filter[addTransport]=F&filter[fp]=1&order_by=ofr_price&filter[tourOperator]=0&filter[childAge][1]=20201210","https://fly.pl/cdn/photo/assets/uploads/582/278/2015/09/Novotel-Marsa-Alam.jpg","https://fly.pl/wycieczka/egipt,marsa-alam,c/novotel-marsa-alam/pIUU2CsgB39rs7ktPWCYQpAAogL0VmEuN_Q5rKDy8zwIMNo7sPv7TmHl8IDJKQSmzMsJwqBFZJVFgw4_7C1QZIjUlQQVjCA2ACckAaABUHFwBcA1gFQI8DW4-JAV7udlK8FFMAS7EvYQBMjrU5DfzUmAkgAFGi2LP23wFP8MIYXZz4r_klAg5jAQINOswDkg/ofertasv/?filter[tourOperator]=VITX&filter%5Bperson%5D=2&filter%5BchildAge%5D%5B1%5D=20201210&filter%5Bchild%5D=1"
"Concorde Moreen Beach Resort & Spa","9357.0","10.10.2026 - 17.10.2026","8 dni/7 nocy","","4.5","4.5","5598","tripadvisor","Warszawa","2026-09-21T05:23:46.828269+00:00","https://fly.pl/szukaj-wycieczek/?filter[dest]=11:&filter[hotelids]=&filter[cityids]=0&filter[cregids]=&filter[ofrType]=&filter[addObjType]=&filter[whenFrom]=21-09-2026&filter[whenTo]=21-10-2026&filter[duration]=7:10&filter[from]=Warszawa%20-%20Modlin,Warszawa%20-%20Radom,Warszawa&filter[person]=2&filter[child]=1&filter[price]=4000:20000&filter[PriceFrom]=4000&filter[PriceTo]=20000&filter[addCategory]=50&filter[addCatering]=1&filter[addMisc]=0&filter[addTransport]=F&filter[fp]=1&order_by=ofr_price&filter[tourOperator]=0&filter[childAge][1]=20201210","https://fly.pl/cdn/photo/assets/uploads/582/278/2014/07/Concorde-Moreen-Beach-Resort-Spa-fly-pl.jpg","https://fly.pl/wycieczka/egipt,marsa-alam,c/concorde-moreen-beach-spa-resort/p3XAsj6sMf5F07qZoc8zFRAAogDLWtVQNRi8QNNU_7luho6sAJsR-KvlPQnSDke2jEJ7oqBFZJVFgw4_7C1QZIjUlQQVjCA2ACckAaABUHFwBcA1gFQI8DW5eFAV7melK8FFMAS7EvYQBM77Q5DZvVmAkgAFG2rJT23wFP2-43XZz4r_klAgxjAQILxRTXlA/ofertasv/?filter[tourOperator]=VITX&filter%5Bperson%5D=2&filter%5BchildAge%5D%5B1%5D=20201210&filter%5Bchild%5D=1"
"Gravity Hotel & Aquapark Hurghada (ex. Samra Bay Resort)","9386.0","13.10.2026 - 20.10.2026","8 dni/7 nocy","","","","","","Warszawa","2026-09-21T05:23:46.828269+00:00","https://fly.pl/szukaj-wycieczek/?filter[dest]=11:&filter[hotelids]=&filter[cityids]=0&filter[cregids]=&filter[ofrType]=&filter[addObjType]=&filter[whenFrom]=21-09-2026&filter[whenTo]=21-10-2026&filter[duration]=7:10&filter[from]=Warszawa%20-%20Modlin,Warszawa%20-%20Radom,Warszawa&filter[person]=2&filter[child]=1&filter[price]=4000:20000&filter[PriceFrom]=4000&filter[PriceTo]=20000&filter[addCategory]=50&filter[addCatering]=1&filter[addMisc]=0&filter[addTransport]=F&filter[fp]=1&order_by=ofr_price&filter[tourOperator]=0&filter[childAge][1]=20201210","https://fly.pl/cdn/photo/assets/uploads/582/278/2017/04/Gravity-Hotel-Aquapark-Hurghada.jpg","https://fly.pl/wycieczka/egipt,hurghada,c/samra-bay-resort/p2cBBaZolEHGh0eVXEo7wDAAoguHhLBhDzhdphd211mkSAfmqyvADKfxjztHOrlw2TEoUqBEpPSVAw4_7C1QZIqklQQViKBGACagMwMllyQpsBFAEVBhcAXANYBVYCQMoGT-IBXQBSr6sBUwBer08RuD9LtQRhAEzljDoNqP2XCSAAAbKXiLiEic6gMAIOYwEADd3sWiE/ofertasv/?filter[tourOperator]=JOIP&filter%5Bperson%5D=2&filter%5BchildAge%5D%5B1%5D=20201210&filter%5Bchild%5D=1"
"Sharm Grand Plaza Resort","9398.0","10.10.2026 - 17.10.2026","8 dni/7 nocy","","4.4","4.4","9442","tripadvisor","Warszawa","2026-09-21T05:23:46.828269+00:00","https://fly.pl/szukaj-wycieczek/?filter[dest]=11:&filter[hotelids]=&filter[cityids]=0&filter[cregids]=&filter[ofrType]=&filter[addObjType]=&filter[whenFrom]=21-09-2026&filter[whenTo]=21-10-2026&filter[duration]=7:10&filter[from]=Warszawa%20-%20Modlin,Warszawa%20-%20Radom,Warszawa&filter[person]=2&filter[child]=1&filter[price]=4000:20000&filter[PriceFrom]=4000&filter[PriceTo]=20000&filter[addCategory]=50&filter[addCatering]=1&filter[addMisc]=0&filter[addTransport]=F&filter[fp]=1&order_by=ofr_price&filter[tourOperator]=0&filter[childAge][1]=20201210","https://fly.pl/cdn/photo/assets/uploads/582/278/2014/07/SHARM-GRAND-PLAZA-RESORT-1.jpg","https://fly.pl/wycieczka/egipt,sharm-el-sheikh,c/grand-plaza-resort/prxWKDcSnPneLi9I7WEGoLAAogUPkgU-aGsZ2uZ3l5MUHLnwAAAACZhAQAtoQEAAcAEgAqBFdFWlkw4_7C1QZItklQQVjCA2ADaglFbnRlciBBaXJqBDA4MDByQJ4BlQEfABwBAgAWBBcCETcbURLlAhiFBRPNARTJBECSck-gogFMAEvHI1AAHZHCDyAdDdzHwgkBEmMBDGMBAgU0xCHg/ofertasv/?filter[tourOperator]=WEZY&filter%5Bperson%5D=2&filter%5BchildAge%5D%5B1%5D=20201210&filter%5Bchild%5D=1"
"Xperience Sea Breeze Resort","9398.0","10.10.2026 - 17.10.2026","8 dni/7 nocy","","4.7","4.7","11506","tripadvisor","Warszawa","2026-09-21T05:23:46.828269+00:00","https://fly.pl/szukaj-wycieczek/?filter[dest]=11:&filter[hotelids]=&filter[cityids]=0&filter[cregids]=&filter[ofrType]=&filter[addObjType]=&filter[whenFrom]=21-09-2026&filter[whenTo]=21-10-2026&filter[duration]=7:10&filter[from]=Warszawa%20-%20Modlin,Warszawa%20-%20Radom,Warszawa&filter[person]=2&filter[child]=1&filter[price]=4000:20000&filter[PriceFrom]=4000&filter[PriceTo]=20000&filter[addCategory]=50&filter[addCatering]=1&filter[addMisc]=0&filter[addTransport]=F&filter[fp]=1&order_by=ofr_price&filter[tourOperator]=0&filter[childAge][1]=20201210","https://fly.pl/cdn/photo/assets/uploads/582/278/2014/07/XPERIENCE-SEA-BREEZE-RESORT.jpg","https://fly.pl/wycieczka/egipt,sharm-el-sheikh,c/xperience-sea-breeze/phO-T471-IGXIfd_KcSyfIAAogz_NtT_Rsg9Fry8o3BTNsHQAAAACZhAQAtoQEAAcAEgAqBFdFWlkw5f7C1QZItklQQVjCA2ADaglFbnRlciBBaXJqBDA4MDByQp4BlQEfAAIBHAAWBBcCEu0DGIUFE80BFMkEEfQjQJ5OTKCiAU8AS8cjUAAbnDEd9ZAPIB0N3MfCCQESYwEMYwECBU4rhBY/ofertasv/?filter[tourOperator]=WEZY&filter%5Bperson%5D=2&filter%5BchildAge%5D%5B1%5D=20201210&filter%5Bchild%5D=1"
"Gravity Sahl Hasheesh (Ex. Ocean Breeze)","9406.0","01.10.2026 - 08.10.2026","8 dni/7 nocy","","4.7","4.7","3424","tripadvisor","Warszawa","2026-09-21T05:23:46.828269+00:00","https://fly.pl/szukaj-wycieczek/?filter[dest]=11:&filter[hotelids]=&filter[cityids]=0&filter[cregids]=&filter[ofrType]=&filter[addObjType]=&filter[whenFrom]=21-09-2026&filter[whenTo]=21-10-2026&filter[duration]=7:10&filter[from]=Warszawa%20-%20Modlin,Warszawa%20-%20Radom,Warszawa&filter[person]=2&filter[child]=1&filter[price]=4000:20000&filter[PriceFrom]=4000&filter[PriceTo]=20000&filter[addCategory]=50&filter[addCatering]=1&filter[addMisc]=0&filter[addTransport]=F&filter[fp]=1&order_by=ofr_price&filter[tourOperator]=0&filter[childAge][1]=20201210","https://fly.pl/cdn/photo/assets/uploads/582/278/2018/10/Gravity-Sahl-Hasheesh.jpg","https://fly.pl/wycieczka/egipt,hurghada,c/ocean-breeze/pBy_e9A7nLKS4hgm-obXm2AAogL_RCcqgBIBEGpElJt0lCGqpA2wg3UEYkGsJ-WJiwcd4qBFJOQlcw5f7C1QZIvklQQVjqAWACagRDQWdKag1BTExfSU5DTFVTSVZFahcyOTYsMzgwLDQ3Nyw0ODMsNDg0LDQ4NXI7nwGWAZ4BFQcXAFgIChhAsAcR0RwQ9R4ZpxlMnjZTiiFSAEuckwFhAB3k8j8POSDklpIJDQACDWMBAgZ6hYYO/ofertasv/?filter[tourOperator]=RNBW&filter%5Bperson%5D=2&filter%5BchildAge%5D%5B1%5D=20201210&filter%5Bchild%5D=1"
"Rehana Royal Beach Resort & Spa","9414.0","11.10.2026 - 18.10.2026","8 dni/7 nocy","","4.3","4.3","4686","tripadvisor","Warszawa","2026-09-21T05:23:46.828269+00:00","https://fly.pl/szukaj-wycieczek/?filter[dest]=11:&filter[hotelids]=&filter[cityids]=0&filter[cregids]=&filter[ofrType]=&filter[addObjType]=&filter[whenFrom]=21-09-2026&filter[whenTo]=21-10-2026&filter[duration]=7:10&filter[from]=Warszawa%20-%20Modlin,Warszawa%20-%20Radom,Warszawa&filter[person]=2&filter[child]=1&filter[price]=4000:20000&filter[PriceFrom]=4000&filter[PriceTo]=20000&filter[addCategory]=50&filter[addCatering]=1&filter[addMisc]=0&filter[addTransport]=F&filter[fp]=1&order_by=ofr_price&filter[tourOperator]=0&filter[childAge][1]=20201210","https://fly.pl/cdn/photo/assets/uploads/582/278/2016/11/Rehana-Royal-Beach-Resort-amp-Spa.jpg","https://fly.pl/wycieczka/egipt,sharm-el-sheikh,c/rehana-royal-beach-resort-spa/pm0da-bXy8bpysT4Ou3F_2AAogDH7tKRZnTfyoBCAh7xvifAiPgYhrkVrHHSR3tH9QMnYqBEpPSVAw5f7C1QZIxklQQVjaA2ACagMwMHdyQpsBFAEVBhcAXANYBVYCQMoGT-IBXQAR88gBXusxUqYgUwBLxyNhAEzljDoNpv2XCSAAAaGf1PjEiMygMAINYwEADFTJMe8/ofertasv/?filter[tourOperator]=JOIP&filter%5Bperson%5D=2&filter%5BchildAge%5D%5B1%5D=20201210&filter%5Bchild%5D=1"
"Fantazia Resort","9443.0","26.09.2026 - 03.10.2026","8 dni/7 nocy","","4.4","4.4","5979","tripadvisor","Warszawa","2026-09-21T05:23:46.828269+00:00","https://fly.pl/szukaj-wycieczek/?filter[dest]=11:&filter[hotelids]=&filter[cityids]=0&filter[cregids]=&filter[ofrType]=&filter[addObjType]=&filter[whenFrom]=21-09-2026&filter[whenTo]=21-10-2026&filter[duration]=7:10&filter[from]=Warszawa%20-%20Modlin,Warszawa%20-%20Radom,Warszawa&filter[person]=2&filter[child]=1&filter[price]=4000:20000&filter[PriceFrom]=4000&filter[PriceTo]=20000&filter[addCategory]=50&filter[addCatering]=1&filter[addMisc]=0&filter[addTransport]=F&filter[fp]=1&order_by=ofr_price&filter[tourOperator]=0&filter[childAge][1]=20201210","https://fly.pl/cdn/photo/assets/uploads/582/278/2016/11/Fantazia-Resort.jpg","https://fly.pl/wycieczka/egipt,marsa-alam,c/fantazia-resort/pfiWePFH-bYmHUtTUscVHSAAogeaJibYF8-Iv1RbHrZ5tkuWN5nXJGiD9Rad5ib_UKovUqBFNGUEww5f7C1QZI40lQQVhyYAJyIQsCFQUiBhInXMYCQC4Nls3UCVHplLsMW-jndQISYwECBScDRCY/ofertasv/?filter[tourOperator]=SFPL&filter%5Bperson%5D=2&filter%5BchildAge%5D%5B1%5D=20201210&filter%5Bchild%5D=1"
"Titanic Beach Spa & Aqua Park","9457.0","24.09.2026 - 01.10.2026","8 dni/7 nocy","","4.3","4.3","7455","tripadvisor","Warszawa","2026-09-21T05:23:46.828269+00:00","https://fly.pl/szukaj-wycieczek/?filter[dest]=11:&filter[hotelids]=&filter[cityids]=0&filter[cregids]=&filter[ofrType]=&filter[addObjType]=&filter[whenFrom]=21-09-2026&filter[whenTo]=21-10-2026&filter[duration]=7:10&filter[from]=Warszawa%20-%20Modlin,Warszawa%20-%20Radom,Warszawa&filter[person]=2&filter[child]=1&filter[price]=4000:20000&filter[PriceFrom]=4000&filter[PriceTo]=20000&filter[addCategory]=50&filter[addCatering]=1&filter[addMisc]=0&filter[addTransport]=F&filter[fp]=1&order_by=ofr_price&filter[tourOperator]=0&filter[childAge][1]=20201210","https://fly.pl/cdn/photo/assets/uploads/582/278/2014/07/Titanic-Beach-Spa-Aqua-Park-fly-pl.jpg","https://fly.pl/wycieczka/egipt,hurghada,c/titanic-beach-spa/pMlYyOQJY6ewgc5e_W-MRMAAog35Ofdi8l3oYLM1e-D5nF2QuM1L66OETZDYRELv-baocqBFZJVFgw5f7C1QZI8UlQQVhCYAJyQBoAFQcXAFwDWAVAjwNbv4MBU48tUgBer09L7UNhAEyxtTkNg9SYCSAAUcKQ5fuPAU-j9QddkITz83UCDGMBAgt7own1/ofertasv/?filter[tourOperator]=VITX&filter%5Bperson%5D=2&filter%5BchildAge%5D%5B1%5D=20201210&filter%5Bchild%5D=1"
"Retac Qunay Dahab Resort & Spa","9464.0","11.10.2026 - 18.10.2026","8 dni/7 nocy","","4.3","4.3","1707","tripadvisor","Warszawa","2026-09-21T05:23:46.828269+00:00","https://fly.pl/szukaj-wycieczek/?filter[dest]=11:&filter[hotelids]=&filter[cityids]=0&filter[cregids]=&filter[ofrType]=&filter[addObjType]=&filter[whenFrom]=21-09-2026&filter[whenTo]=21-10-2026&filter[duration]=7:10&filter[from]=Warszawa%20-%20Modlin,Warszawa%20-%20Radom,Warszawa&filter[person]=2&filter[child]=1&filter[price]=4000:20000&filter[PriceFrom]=4000&filter[PriceTo]=20000&filter[addCategory]=50&filter[addCatering]=1&filter[addMisc]=0&filter[addTransport]=F&filter[fp]=1&order_by=ofr_price&filter[tourOperator]=0&filter[childAge][1]=20201210","https://fly.pl/cdn/photo/assets/uploads/582/278/2014/09/Retac-Qunay-Dahab.jpg","https://fly.pl/wycieczka/egipt,dahab,c/le-meridien-dahab-bay/pkiqJ46Ukj5edLi3oY8GAPAAogaYjHUiP2my3qB9g9uPSD4wiPgYhrkVrHHSR3tH9QMnYqBEpPSVAw5f7C1QZI-ElQQVjaA2ACagNDR21yQpsBFAEVBhcAXANYBVYCQMoGT-IBXQARrdEBXrEpUqYgUwBLxyNhAEzljDoNpv2XCSAAAbuT2JDFiMygMAINYwEAC1S6t9s/ofertasv/?filter[tourOperator]=JOIP&filter%5Bperson%5D=2&filter%5BchildAge%5D%5B1%5D=20201210&filter%5Bchild%5D=1"
"Seven Seas Jolie Bay","9476.0","01.10.2026 - 08.10.2026","8 dni/7 nocy","","4.6","4.6","1518","tripadvisor","Warszawa","2026-09-21T05:23:46.828269+00:00","https://fly.pl/szukaj-wycieczek/?filter[dest]=11:&filter[hotelids]=&filter[cityids]=0&filter[cregids]=&filter[ofrType]=&filter[addObjType]=&filter[whenFrom]=21-09-2026&filter[whenTo]=21-10-2026&filter[duration]=7:10&filter[from]=Warszawa%20-%20Modlin,Warszawa%20-%20Radom,Warszawa&filter[person]=2&filter[child]=1&filter[price]=4000:20000&filter[PriceFrom]=4000&filter[PriceTo]=20000&filter[addCategory]=50&filter[addCatering]=1&filter[addMisc]=0&filter[addTransport]=F&filter[fp]=1&order_by=ofr_price&filter[tourOperator]=0&filter[childAge][1]=20201210","https://fly.pl/cdn/photo/assets/uploads/582/278/2022/03/Aqua-Mondo-Abu-Soma-Resort.jpg","https://fly.pl/wycieczka/egipt,hurghada,soma-bay/aqua-mondo-resort-14/p6gAQdprb0yI_EsVo15j-_AAogxc9-KBBUi93hzc4wCxkPpAAAAAAWiAQAMogEAAcAAQAqBFdFWlkw5f7C1QZIhEpQQVjqAWADahNMT1QgUG9saXNoIEFpcmxpbmVzckOeAR8AHAECABYAFwYS7QMTgwQUjQQVXxj3AkDHcUzLMk8AUJyTAUsAEcg_HcaJDyAcG8i1eQ2Pi8kIARJjAQxjAQILwd_WPA/ofertasv/?filter[tourOperator]=WEZY&filter%5Bperson%5D=2&filter%5BchildAge%5D%5B1%5D=20201210&filter%5Bchild%5D=1"
"Akassia Swiss Resort (ex. Calimera Club Akassia Swiss Resort)","9542.0","11.10.2026 - 18.10.2026","8 dni/7 nocy","","4.6","4.6","2607","tripadvisor","Warszawa","2026-09-21T05:23:46.828269+00:00","https://fly.pl/szukaj-wycieczek/?filter[dest]=11:&filter[hotelids]=&filter[cityids]=0&filter[cregids]=&filter[ofrType]=&filter[addObjType]=&filter[whenFrom]=21-09-2026&filter[whenTo]=21-10-2026&filter[duration]=7:10&filter[from]=Warszawa%20-%20Modlin,Warszawa%20-%20Radom,Warszawa&filter[person]=2&filter[child]=1&filter[price]=4000:20000&filter[PriceFrom]=4000&filter[PriceTo]=20000&filter[addCategory]=50&filter[addCatering]=1&filter[addMisc]=0&filter[addTransport]=F&filter[fp]=1&order_by=ofr_price&filter[tourOperator]=0&filter[childAge][1]=20201210","https://fly.pl/cdn/photo/assets/uploads/582/278/2014/09/Akassia-Swiss-Resort.jpg","https://fly.pl/wycieczka/egipt,marsa-alam,c/calimera-club-akassia-swiss-resort/pYpM98SLiH6FQZejcpIRUEAAogu-04yuRoMC_zXSdVXjCTmQAAAAAagwQANoMEAAcAAQAqBFdFWlkw5f7C1QZIxkpQQVjaA2ADaglFbnRlciBBaXJqBDAwNTByQ54BlAEfAAIBHAAWBBcCEu0DFdoFGJ8DE8MBEcQiQK1QTLaWAU8AS7EvUAAb5asCHa2TDSAcDd3KwgkBEmMBDGMBAgXhZetu/ofertasv/?filter[tourOperator]=WEZY&filter%5Bperson%5D=2&filter%5BchildAge%5D%5B1%5D=20201210&filter%5Bchild%5D=1"
"Amarina Jannah Resort Aquapark","9549.0","10.10.2026 - 17.10.2026","8 dni/7 nocy","","4.7","4.7","679","tripadvisor","Warszawa","2026-09-21T05:23:46.828269+00:00","https://fly.pl/szukaj-wycieczek/?filter[dest]=11:&filter[hotelids]=&filter[cityids]=0&filter[cregids]=&filter[ofrType]=&filter[addObjType]=&filter[whenFrom]=21-09-2026&filter[whenTo]=21-10-2026&filter[duration]=7:10&filter[from]=Warszawa%20-%20Modlin,Warszawa%20-%20Radom,Warszawa&filter[person]=2&filter[child]=1&filter[price]=4000:20000&filter[PriceFrom]=4000&filter[PriceTo]=20000&filter[addCategory]=50&filter[addCatering]=1&filter[addMisc]=0&filter[addTransport]=F&filter[fp]=1&order_by=ofr_price&filter[tourOperator]=0&filter[childAge][1]=20201210","https://fly.pl/cdn/photo/assets/uploads/582/278/2023/04/Amarina-Jannah-Resort-Aquapark.jpg","https://fly.pl/wycieczka/egipt,marsa-alam,port-ghalib/amarina-jannah-resort-aquapark-15/p44quTdLlPXM8LVB2CZkB2AAoglI_bfrxNVHG-711XDtZjgy063im2E1E-fA40Cv_wUOwqBE9SRVgw5f7C1QZIzUpQQVjCA2ACagZDNS4yLjFyNpsBFQcXAFwDWAVWAkDKBhH5FF2KD08kXpnYAVO8FFIAS7EvYQBM5Yw6IKX9lwkNAAISYwECDPos7ls/ofertasv/?filter[tourOperator]=OREX&filter%5Bperson%5D=2&filter%5BchildAge%5D%5B1%5D=20201210&filter%5Bchild%5D=1"
"Pickalbatros Villaggio Resort Portofino","9567.0","26.09.2026 - 04.10.2026","9 dni/7 nocy","","4.9","4.9","1605","tripadvisor","Warszawa","2026-09-21T05:23:46.828269+00:00","https://fly.pl/szukaj-wycieczek/?filter[dest]=11:&filter[hotelids]=&filter[cityids]=0&filter[cregids]=&filter[ofrType]=&filter[addObjType]=&filter[whenFrom]=21-09-2026&filter[whenTo]=21-10-2026&filter[duration]=7:10&filter[from]=Warszawa%20-%20Modlin,Warszawa%20-%20Radom,Warszawa&filter[person]=2&filter[child]=1&filter[price]=4000:20000&filter[PriceFrom]=4000&filter[PriceTo]=20000&filter[addCategory]=50&filter[addCatering]=1&filter[addMisc]=0&filter[addTransport]=F&filter[fp]=1&order_by=ofr_price&filter[tourOperator]=0&filter[childAge][1]=20201210","https://fly.pl/cdn/photo/assets/uploads/582/278/2024/07/pickalbatros-villaggio-resort-portofino.jpg","https://fly.pl/wycieczka/egipt,marsa-alam,c/pickalbatros-villaggio-resort-portofino-15/pQkQzUsPs74zZg8YK7Vr3JAAogGEJMftsfXui-AYu4LaN1OfPOVhexA4B-vTIRTOTMdjUqBEVYSU0w5f7C1QZI30pQAVhyYAJqAkFJciEcEaT2BrkEsck9qwQbG5WPRBio6kMB9ZTrlQwCAGMBAgyMXfA_/ofertasv/?filter[tourOperator]=EXIM&filter%5Bperson%5D=2&filter%5BchildAge%5D%5B1%5D=20201210&filter%5Bchild%5D=1"
"Serenity Alma Heights (ex. Serenity Fun City)","9572.0","24.09.2026 - 01.10.2026","8 dni/7 nocy","","4.7","4.7","5523","tripadvisor","Warszawa - Radom","2026-09-21T05:23:46.828269+00:00","https://fly.pl/szukaj-wycieczek/?filter[dest]=11:&filter[hotelids]=&filter[cityids]=0&filter[cregids]=&filter[ofrType]=&filter[addObjType]=&filter[whenFrom]=21-09-2026&filter[whenTo]=21-10-2026&filter[duration]=7:10&filter[from]=Warszawa%20-%20Modlin,Warszawa%20-%20Radom,Warszawa&filter[person]=2&filter[child]=1&filter[price]=4000:20000&filter[PriceFrom]=4000&filter[PriceTo]=20000&filter[addCategory]=50&filter[addCatering]=1&filter[addMisc]=0&filter[addTransport]=F&filter[fp]=1&order_by=ofr_price&filter[tourOperator]=0&filter[childAge][1]=20201210","https://fly.pl/cdn/photo/assets/uploads/582/278/2014/09/Serenity-Alma-Heights.jpg","https://fly.pl/wycieczka/egipt,hurghada,makadi-bay/serenity-fun-city/pPt6lWnCtehL8blQ_kMvFdAAogkv4rQTbswpKD4g-FYe-hI3uHt-JRXqpSz_DOtw-0xygqBE9SRVgw5f7C1QZI5EpQQVhCYAJqBkVDLjIuMXI1mwEVBxcAWAhWAlwIEURA_gVd0w5PbFPSnQFSAF6vT0uBEmEATNG-OiDP_JcJDQACEmMBAgyuyeLY/ofertasv/?filter[tourOperator]=OREX&filter%5Bperson%5D=2&filter%5BchildAge%5D%5B1%5D=20201210&filter%5Bchild%5D=1"
"Amarina Sun Resort & Aqua Park (ex. Raouf Sun International Aqua Park & SPA)","9587.0","11.10.2026 - 18.10.2026","8 dni/7 nocy","","3.8","3.8","329","tripadvisor","Warszawa","2026-09-21T05:23:46.828269+00:00","https://fly.pl/szukaj-wycieczek/?filter[dest]=11:&filter[hotelids]=&filter[cityids]=0&filter[cregids]=&filter[ofrType]=&filter[addObjType]=&filter[whenFrom]=21-09-2026&filter[whenTo]=21-10-2026&filter[duration]=7:10&filter[from]=Warszawa%20-%20Modlin,Warszawa%20-%20Radom,Warszawa&filter[person]=2&filter[child]=1&filter[price]=4000:20000&filter[PriceFrom]=4000&filter[PriceTo]=20000&filter[addCategory]=50&filter[addCatering]=1&filter[addMisc]=0&filter[addTransport]=F&filter[fp]=1&order_by=ofr_price&filter[tourOperator]=0&filter[childAge][1]=20201210","https://fly.pl/cdn/photo/assets/uploads/582/278/2024/07/raouf-sun-international-aqua-park-spa.jpg","https://fly.pl/wycieczka/egipt,sharm-el-sheikh,szarm-el-szejk/raouf-international-aqua-park-spa-14/p62y9uvqwVFEJO36Nkr2bvAAogDMzrR9iJSSW0yhRwXrgWAwiPgYhrkVrHHSR3tH9QMnYqBEpPSVAw5f7C1QZI80pQQVjaA2ACagMxMm9yQ5sBFAEVBhcAXANYBVYCQMoGT-IBXQBe3voBUqYgUwBLxyNhABHPiAFMloQ5Dab9lwkgAAG7zdy4w4jMoDACDWMBAAy9h55j/ofertasv/?filter[tourOperator]=JOIP&filter%5Bperson%5D=2&filter%5BchildAge%5D%5B1%5D=20201210&filter%5Bchild%5D=1"
"Swissotel Resort El Quseir","9621.0","10.10.2026 - 17.10.2026","8 dni/7 nocy","","4.4","4.4","3137","tripadvisor","Warszawa","2026-09-21T05:23:46.828269+00:00","https://fly.pl/szukaj-wycieczek/?filter[dest]=11:&filter[hotelids]=&filter[cityids]=0&filter[cregids]=&filter[ofrType]=&filter[addObjType]=&filter[whenFrom]=21-09-2026&filter[whenTo]=21-10-2026&filter[duration]=7:10&filter[from]=Warszawa%20-%20Modlin,Warszawa%20-%20Radom,Warszawa&filter[person]=2&filter[child]=1&filter[price]=4000:20000&filter[PriceFrom]=4000&filter[PriceTo]=20000&filter[addCategory]=50&filter[addCatering]=1&filter[addMisc]=0&filter[addTransport]=F&filter[fp]=1&order_by=ofr_price&filter[tourOperator]=0&filter[childAge][1]=20201210","https://fly.pl/cdn/photo/assets/uploads/582/278/2015/02/RADISSON-BLU-m.jpg","https://fly.pl/wycieczka/egipt,marsa-alam,al-kusajr/radisson-blu-resort-el-quseir/pWBHGBDiyMAhGcHMIJHzG_AAogFRAFPsT61Vv9g1W_7eKP7y063im2E1E-fA40Cv_wUOwqBE9SRVgw5f7C1QZIlUtQQVjCA2ACagZFSS4yLjFyNpsBFQcXAFwDWAVWAkDKBhHtFV2WDk8kXpnYAVO8FFIAS7EvYQBM5Yw6IKX9lwkNAAISYwECC-b3i_4/ofertasv/?filter[tourOperator]=OREX&filter%5Bperson%5D=2&filter%5BchildAge%5D%5B1%5D=20201210&filter%5Bchild%5D=1"
"Charmillion Club Aqua Park","9641.0","10.10.2026 - 17.10.2026","8 dni/7 nocy","","4.6","4.6","4381","tripadvisor","Warszawa","2026-09-21T05:23:46.828269+00:00","https://fly.pl/szukaj-wycieczek/?filter[dest]=11:&filter[hotelids]=&filter[cityids]=0&filter[cregids]=&filter[ofrType]=&filter[addObjType]=&filter[whenFrom]=21-09-2026&filter[whenTo]=21-10-2026&filter[duration]=7:10&filter[from]=Warszawa%20-%20Modlin,Warszawa%20-%20Radom,Warszawa&filter[person]=2&filter[child]=1&filter[price]=4000:20000&filter[PriceFrom]=4000&filter[PriceTo]=20000&filter[addCategory]=50&filter[addCatering]=1&filter[addMisc]=0&filter[addTransport]=F&filter[fp]=1&order_by=ofr_price&filter[tourOperator]=0&filter[childAge][1]=20201210","https://fly.pl/cdn/photo/assets/uploads/582/278/2014/07/Charmillion-Club-Aqua-Park.jpg","https://fly.pl/wycieczka/egipt,sharm-el-sheikh,szarm-el-szejk/sea-club-aqua-park/pfN0PphTcAcZAYYp0QeMSzAAogMerglbwNGvthjOyjfvpabAAAAACZhAQAtoQEAAcAEgAqBFdFWlkw5f7C1QZIqUtQQVjCA2ADaglFbnRlciBBaXJqBDA4MDByQp4BlQEfAAIBHAAWBBcCEu0DGIUFE80BFMkEEYEsQJFGTKCiAU8AS8cjUAAb8jAdn5EPIB0N3MfCCQESYwENYwECBapVWDM/ofertasv/?filter[tourOperator]=WEZY&filter%5Bperson%5D=2&filter%5BchildAge%5D%5B1%5D=20201210&filter%5Bchild%5D=1"
"Titanic Palace Resort","9656.0","27.09.2026 - 04.10.2026","8 dni/7 nocy","","4.5","4.5","7355","tripadvisor","Warszawa","2026-09-21T05:23:46.828269+00:00","https://fly.pl/szukaj-wycieczek/?filter[dest]=11:&filter[hotelids]=&filter[cityids]=0&filter[cregids]=&filter[ofrType]=&filter[addObjType]=&filter[whenFrom]=21-09-2026&filter[whenTo]=21-10-2026&filter[duration]=7:10&filter[from]=Warszawa%20-%20Modlin,Warszawa%20-%20Radom,Warszawa&filter[person]=2&filter[child]=1&filter[price]=4000:20000&filter[PriceFrom]=4000&filter[PriceTo]=20000&filter[addCategory]=50&filter[addCatering]=1&filter[addMisc]=0&filter[addTransport]=F&filter[fp]=1&order_by=ofr_price&filter[tourOperator]=0&filter[childAge][1]=20201210","https://fly.pl/cdn/photo/assets/uploads/582/278/2014/07/Titanic-Palace-Resort.jpg","https://fly.pl/wycieczka/egipt,hurghada,c/titanic-palace-2/pO7-Fz6nMJ8sbe-6PCC29PAAogO5ff-oZL3YVsQO5XJnEBGwAAAADiggQA_oIEAAcAAQAqBFdFWlkw5f7C1QZIuEtQQViKAWADaglFbnRlciBBaXJqBDAwMTVyQ54BlAEfABwBAgAWABcGEb0BErACFdoFGJUDE7kBQIVzTMsyTwBLnJMBUAAd2r4PIBwb--dkDcbi3QgBEmMBDGMBAgVLd-_5/ofertasv/?filter[tourOperator]=WEZY&filter%5Bperson%5D=2&filter%5BchildAge%5D%5B1%5D=20201210&filter%5Bchild%5D=1"
"Jasmine Palace","9657.0","24.09.2026 - 01.10.2026","8 dni/7 nocy","","4.1","4.1","7799","tripadvisor","Warszawa","2026-09-21T05:23:46.828269+00:00","https://fly.pl/szukaj-wycieczek/?filter[dest]=11:&filter[hotelids]=&filter[cityids]=0&filter[cregids]=&filter[ofrType]=&filter[addObjType]=&filter[whenFrom]=21-09-2026&filter[whenTo]=21-10-2026&filter[duration]=7:10&filter[from]=Warszawa%20-%20Modlin,Warszawa%20-%20Radom,Warszawa&filter[person]=2&filter[child]=1&filter[price]=4000:20000&filter[PriceFrom]=4000&filter[PriceTo]=20000&filter[addCategory]=50&filter[addCatering]=1&filter[addMisc]=0&filter[addTransport]=F&filter[fp]=1&order_by=ofr_price&filter[tourOperator]=0&filter[childAge][1]=20201210","https://fly.pl/cdn/photo/assets/uploads/582/278/2014/07/Jasmine-Palace.jpg","https://fly.pl/wycieczka/egipt,hurghada,c/jasmine-palace/phLJPNiDHWAYZG8ci3OwUqAAogIPkNfTjrwTeQ4MDVdE4mJguM1L66OETZDYRELv-baocqBFZJVFgw5f7C1QZIuUtQQVhCYAJyQBoAFQcXAFwDWAVAjwNbv4MBU48tUgBer09L7UNhAEyxtTkNg9SYCSAAUaqCyPuPAU-7gyVdkITz83UCDWMBAgztLevy/ofertasv/?filter[tourOperator]=VITX&filter%5Bperson%5D=2&filter%5BchildAge%5D%5B1%5D=20201210&filter%5Bchild%5D=1"
"Calimera Blend Paradise Resort","9657.0","24.09.2026 - 01.10.2026","8 dni/7 nocy","","4.2","4.2","2368","tripadvisor","Warszawa","2026-09-21T05:23:46.828269+00:00","https://fly.pl/szukaj-wycieczek/?filter[dest]=11:&filter[hotelids]=&filter[cityids]=0&filter[cregids]=&filter[ofrType]=&filter[addObjType]=&filter[whenFrom]=21-09-2026&filter[whenTo]=21-10-2026&filter[duration]=7:10&filter[from]=Warszawa%20-%20Modlin,Warszawa%20-%20Radom,Warszawa&filter[person]=2&filter[child]=1&filter[price]=4000:20000&filter[PriceFrom]=4000&filter[PriceTo]=20000&filter[addCategory]=50&filter[addCatering]=1&filter[addMisc]=0&filter[addTransport]=F&filter[fp]=1&order_by=ofr_price&filter[tourOperator]=0&filter[childAge][1]=20201210","https://fly.pl/cdn/photo/assets/uploads/582/278/2022/08/Calimera-Blend-Paradise.jpg","https://fly.pl/wycieczka/egipt,hurghada,c/calimera-blend-paradise-12/pYn2gQLQ7vBkUL5KJ3INwZAAog8sAYRzxh3fFAboAhPEEmZQuM1L66OETZDYRELv-baocqBFZJVFgw5f7C1QZIuUtQQVhCYAJyQBoAFQcXAFwDWAVAjwNbj4kBU78nUgBer09L7UNhAEyxtTkNg9SYCSAAUeqItPuPAU_7_DhdkITz83UCDWMBAgx0uCmE/ofertasv/?filter[tourOperator]=VITX&filter%5Bperson%5D=2&filter%5BchildAge%5D%5B1%5D=20201210&filter%5Bchild%5D=1"
"Red Sea Grand Waterworld Makadi (ex. Sunwing Waterworld Makadi)","9664.0","01.10.2026 - 08.10.2026","8 dni/7 nocy","","4.5","4.5","5611","tripadvisor","Warszawa","2026-09-21T05:23:46.828269+00:00","https://fly.pl/szukaj-wycieczek/?filter[dest]=11:&filter[hotelids]=&filter[cityids]=0&filter[cregids]=&filter[ofrType]=&filter[addObjType]=&filter[whenFrom]=21-09-2026&filter[whenTo]=21-10-2026&filter[duration]=7:10&filter[from]=Warszawa%20-%20Modlin,Warszawa%20-%20Radom,Warszawa&filter[person]=2&filter[child]=1&filter[price]=4000:20000&filter[PriceFrom]=4000&filter[PriceTo]=20000&filter[addCategory]=50&filter[addCatering]=1&filter[addMisc]=0&filter[addTransport]=F&filter[fp]=1&order_by=ofr_price&filter[tourOperator]=0&filter[childAge][1]=20201210","https://fly.pl/cdn/photo/assets/uploads/582/278/2017/06/Red-Sea-Grand-Waterworld-Makadi.jpg","https://fly.pl/wycieczka/egipt,hurghada,makadi-bay/sunwing-waterworld-makadi/pf8e3o3VqeUDWsuEjXD2ocAAogoB6Zp15XFpCtyTZTS8jCf4WaGNf_XbXlJtai6PkY9LEqA0VUSTDl_sLVBkjAS1BBWOoBYAJyMRUHFwBcA1gFVgJA-wdbw4UBU50mUgBer09L7UNhACCBitIJDQBRl-C99gMCEmMBAgpW9ws4/ofertasv/?filter[tourOperator]=ETI&filter%5Bperson%5D=2&filter%5BchildAge%5D%5B1%5D=20201210&filter%5Bchild%5D=1"
"Pickalbatros Vita Resort Portofino","9747.0","26.09.2026 - 04.10.2026","9 dni/7 nocy","","4.9","4.9","752","tripadvisor","Warszawa","2026-09-21T05:23:46.828269+00:00","https://fly.pl/szukaj-wycieczek/?filter[dest]=11:&filter[hotelids]=&filter[cityids]=0&filter[cregids]=&filter[ofrType]=&filter[addObjType]=&filter[whenFrom]=21-09-2026&filter[whenTo]=21-10-2026&filter[duration]=7:10&filter[from]=Warszawa%20-%20Modlin,Warszawa%20-%20Radom,Warszawa&filter[person]=2&filter[child]=1&filter[price]=4000:20000&filter[PriceFrom]=4000&filter[PriceTo]=20000&filter[addCategory]=50&filter[addCatering]=1&filter[addMisc]=0&filter[addTransport]=F&filter[fp]=1&order_by=ofr_price&filter[tourOperator]=0&filter[childAge][1]=20201210","https://fly.pl/cdn/photo/assets/uploads/582/278/2024/07/pickalbatros-vita-resort-portofino.jpg","https://fly.pl/wycieczka/egipt,marsa-alam,c/pickalbatros-vita-resort-portofino-11/pXyUlKOt9_qcxOk96XgxeWAAogNxu4VlyvYLefqSygv0x02_POVhexA4B-vTIRTOTMdjUqBEVYSU0w5f7C1QZIk0xQAVhyYAJqAkFJciEcEbChBrkEpZ4-qwQbG_-zLBjl_y4BzZbSjggCAGMBAgyiW5wS/ofertasv/?filter[tourOperator]=EXIM&filter%5Bperson%5D=2&filter%5BchildAge%5D%5B1%5D=20201210&filter%5Bchild%5D=1"
"Sataya Resort (ex. Labranda Sataya Marsa Alam)","9857.0","10.10.2026 - 17.10.2026","8 dni/7 nocy","","4.7","4.7","4201","tripadvisor","Warszawa","2026-09-21T05:23:46.828269+00:00","https://fly.pl/szukaj-wycieczek/?filter[dest]=11:&filter[hotelids]=&filter[cityids]=0&filter[cregids]=&filter[ofrType]=&filter[addObjType]=&filter[whenFrom]=21-09-2026&filter[whenTo]=21-10-2026&filter[duration]=7:10&filter[from]=Warszawa%20-%20Modlin,Warszawa%20-%20Radom,Warszawa&filter[person]=2&filter[child]=1&filter[price]=4000:20000&filter[PriceFrom]=4000&filter[PriceTo]=20000&filter[addCategory]=50&filter[addCatering]=1&filter[addMisc]=0&filter[addTransport]=F&filter[fp]=1&order_by=ofr_price&filter[tourOperator]=0&filter[childAge][1]=20201210","https://fly.pl/cdn/photo/assets/uploads/582/278/2019/09/Sataya-Resort-Marsa-Alam.jpg","https://fly.pl/wycieczka/egipt,marsa-alam,c/labranda-sataya-marsa-alam-9/pSXFKRsRmoMZRstgDXOSlgAAogpRqdAzaxK8R4UdWzA4ZCYX5pT9O79mRM0AJRMEUwU2QqBFZJVFgw5f7C1QZIgU1QQVjCA2ACckAaABUHFwBcA1gFQI8DW5eFAV7melK8FFMAS7EvYQBMsbU5DdnUmAkgAFGs6MD23wFP47ILXZz4r_klAg1jAQIMwHa87A/ofertasv/?filter[tourOperator]=VITX&filter%5Bperson%5D=2&filter%5BchildAge%5D%5B1%5D=20201210&filter%5Bchild%5D=1"
"Naama Bay Promenade Mountain Resort","9883.0","10.10.2026 - 17.10.2026","8 dni/7 nocy","","4.2","4.2","1290","tripadvisor","Warszawa","2026-09-21T05:23:46.828269+00:00","https://fly.pl/szukaj-wycieczek/?filter[dest]=11:&filter[hotelids]=&filter[cityids]=0&filter[cregids]=&filter[ofrType]=&filter[addObjType]=&filter[whenFrom]=21-09-2026&filter[whenTo]=21-10-2026&filter[duration]=7:10&filter[from]=Warszawa%20-%20Modlin,Warszawa%20-%20Radom,Warszawa&filter[person]=2&filter[child]=1&filter[price]=4000:20000&filter[PriceFrom]=4000&filter[PriceTo]=20000&filter[addCategory]=50&filter[addCatering]=1&filter[addMisc]=0&filter[addTransport]=F&filter[fp]=1&order_by=ofr_price&filter[tourOperator]=0&filter[childAge][1]=20201210","https://fly.pl/cdn/photo/assets/uploads/582/278/2024/07/naama-bay-promenade-mountain-resort.jpg","https://fly.pl/wycieczka/egipt,sharm-el-sheikh,szarm-el-szejk/naama-bay-promenade-mountain-resort-12/pXS13BJ6PYNBrZKNImS_SlAAog4oz_VJ6I7wGeyS0lJkMtJgAAAACZhAQAtoQEAAcAEgAqBFdFWlkw5f7C1QZIm01QQVjCA2ADaglFbnRlciBBaXJqBDA4MDByQ54BlQEfAAIBHAAWBBcCEu0DGIUFE80BFMkEEcsPQMdiTKCiAU8AS8cjUAAb5J8JHa2iBiAdDdzHwgkBEmMBDGMBAgWkzn2g/ofertasv/?filter[tourOperator]=WEZY&filter%5Bperson%5D=2&filter%5BchildAge%5D%5B1%5D=20201210&filter%5Bchild%5D=1"
"Amarina Star Resort & Aqua Park (ex. Raouf Star)","9904.0","11.10.2026 - 18.10.2026","8 dni/7 nocy","","4.1","4.1","101","tripadvisor","Warszawa","2026-09-21T05:23:46.828269+00:00","https://fly.pl/szukaj-wycieczek/?filter[dest]=11:&filter[hotelids]=&filter[cityids]=0&filter[cregids]=&filter[ofrType]=&filter[addObjType]=&filter[whenFrom]=21-09-2026&filter[whenTo]=21-10-2026&filter[duration]=7:10&filter[from]=Warszawa%20-%20Modlin,Warszawa%20-%20Radom,Warszawa&filter[person]=2&filter[child]=1&filter[price]=4000:20000&filter[PriceFrom]=4000&filter[PriceTo]=20000&filter[addCategory]=50&filter[addCatering]=1&filter[addMisc]=0&filter[addTransport]=F&filter[fp]=1&order_by=ofr_price&filter[tourOperator]=0&filter[childAge][1]=20201210","https://fly.pl/cdn/photo/assets/uploads/582/278/2023/04/Amarina-Star-Resort-Aqua-Park.jpg","https://fly.pl/wycieczka/egipt,sharm-el-sheikh,szarm-el-szejk/raouf-star-15/pjNAiv1tscDW1os4MykeNDAAogn7JU-pwN9yb_q1ZQWVeu5QiPgYhrkVrHHSR3tH9QMnYqBEpPSVAw5f7C1QZIsE1QQVjaA2ACagMxMm9yQ5sBFAEVBhcAXANYBVYCQMoGT-IBXQBe3voBUqYgUwBLxyNhABH2pwFM7-Q4Dab9lwkgAAG93fCPxIjMoDACDWMBAAypKZcs/ofertasv/?filter[tourOperator]=JOIP&filter%5Bperson%5D=2&filter%5BchildAge%5D%5B1%5D=20201210&filter%5Bchild%5D=1"
"Reef Oasis Suakin Resort","9957.0","09.10.2026 - 16.10.2026","8 dni/7 nocy","","4.8","4.8","1467","tripadvisor","Warszawa","2026-09-21T05:23:46.828269+00:00","https://fly.pl/szukaj-wycieczek/?filter[dest]=11:&filter[hotelids]=&filter[cityids]=0&filter[cregids]=&filter[ofrType]=&filter[addObjType]=&filter[whenFrom]=21-09-2026&filter[whenTo]=21-10-2026&filter[duration]=7:10&filter[from]=Warszawa%20-%20Modlin,Warszawa%20-%20Radom,Warszawa&filter[person]=2&filter[child]=1&filter[price]=4000:20000&filter[PriceFrom]=4000&filter[PriceTo]=20000&filter[addCategory]=50&filter[addCatering]=1&filter[addMisc]=0&filter[addTransport]=F&filter[fp]=1&order_by=ofr_price&filter[tourOperator]=0&filter[childAge][1]=20201210","https://fly.pl/cdn/photo/assets/uploads/582/278/2024/07/reef-oasis-suakin-resort.jpg","https://fly.pl/wycieczka/egipt,marsa-alam,c/reef-oasis-suakin-resort-11/pvG_wYl6DSFK2LOclWLHyIAAog7pTP2NOr3wwA0Re0nryFPaBkRYL7fM1lb2Oh4oBctUgqBFZJVFgw5f7C1QZI5U1QQViqA2ACckAaABUHFwBcA1gFQI8DW6eGAV7WeVK8FFMAS7EvYQBMsLU5DdnUmAkgAFGWoL723wFP__oNXZz4r_klAgxjAQILQxGLFg/ofertasv/?filter[tourOperator]=VITX&filter%5Bperson%5D=2&filter%5BchildAge%5D%5B1%5D=20201210&filter%5Bchild%5D=1"
"Lazuli (Marsa Alam)","9957.0","03.10.2026 - 10.10.2026","8 dni/7 nocy","","4.7","4.7","1090","tripadvisor","Warszawa","2026-09-21T05:23:46.828269+00:00","https://fly.pl/szukaj-wycieczek/?filter[dest]=11:&filter[hotelids]=&filter[cityids]=0&filter[cregids]=&filter[ofrType]=&filter[addObjType]=&filter[whenFrom]=21-09-2026&filter[whenTo]=21-10-2026&filter[duration]=7:10&filter[from]=Warszawa%20-%20Modlin,Warszawa%20-%20Radom,Warszawa&filter[person]=2&filter[child]=1&filter[price]=4000:20000&filter[PriceFrom]=4000&filter[PriceTo]=20000&filter[addCategory]=50&filter[addCatering]=1&filter[addMisc]=0&filter[addTransport]=F&filter[fp]=1&order_by=ofr_price&filter[tourOperator]=0&filter[childAge][1]=20201210","https://fly.pl/cdn/photo/assets/uploads/582/278/2021/06/Lazuli1.jpg","https://fly.pl/wycieczka/egipt,marsa-alam,al-kusajr/lazuli-13/pjAVI_Tx45zJHzVdsmU61dAAogCbt6QSKHd5QRoUyWyfCP4esqiJD7aKEnNuIuKhW_8-kqBFZJVFgw5f7C1QZI5U1QQViaAmACckAaABUHFwBcA1gFQI8DW6eGAV7WeVK8FFMAS7EvYQBMlbU5De7UmAkgAFHf8qz23wFPuqgfXZz4r_klAg1jAQIMfnbODg/ofertasv/?filter[tourOperator]=VITX&filter%5Bperson%5D=2&filter%5BchildAge%5D%5B1%5D=20201210&filter%5Bchild%5D=1"
"Safir Sharm Waterfalls Resort (ex Hilton Waterfalls Resort)","9975.0","11.10.2026 - 18.10.2026","8 dni/7 nocy","","4.4","4.4","1228","tripadvisor","Warszawa","2026-09-21T05:23:46.828269+00:00","https://fly.pl/szukaj-wycieczek/?filter[dest]=11:&filter[hotelids]=&filter[cityids]=0&filter[cregids]=&filter[ofrType]=&filter[addObjType]=&filter[whenFrom]=21-09-2026&filter[whenTo]=21-10-2026&filter[duration]=7:10&filter[from]=Warszawa%20-%20Modlin,Warszawa%20-%20Radom,Warszawa&filter[person]=2&filter[child]=1&filter[price]=4000:20000&filter[PriceFrom]=4000&filter[PriceTo]=20000&filter[addCategory]=50&filter[addCatering]=1&filter[addMisc]=0&filter[addTransport]=F&filter[fp]=1&order_by=ofr_price&filter[tourOperator]=0&filter[childAge][1]=20201210","https://fly.pl/cdn/photo/assets/uploads/582/278/2014/07/Hilton-Sharm-Waterfalls-Resort-fly-pl-4.jpg","https://fly.pl/wycieczka/egipt,sharm-el-sheikh,c/hilton-sharm-waterfalls-resort/pqjzM6_B-Kp-sKjEMG42AxAAogG6pSrfCbl5tZqOB6i-LIvwiPgYhrkVrHHSR3tH9QMnYqBEpPSVAw5f7C1QZI901QQVjaA2ACagNDR21yQpsBFAEVBhcAXANYBVYCQMoGT-IBXQARwsYBXpw0UqYgUwBLxyNhAEzljDoNpv2XCSAAAa-xuJi0iMygMAINYwEAC0ASsHI/ofertasv/?filter[tourOperator]=JOIP&filter%5Bperson%5D=2&filter%5BchildAge%5D%5B1%5D=20201210&filter%5Bchild%5D=1"
"Jaz Palmariva Beach","9990.0","08.10.2026 - 15.10.2026","8 dni/7 nocy","","4.6","4.6","4086","tripadvisor","Warszawa - Radom","2026-09-21T05:23:46.828269+00:00","https://fly.pl/szukaj-wycieczek/?filter[dest]=11:&filter[hotelids]=&filter[cityids]=0&filter[cregids]=&filter[ofrType]=&filter[addObjType]=&filter[whenFrom]=21-09-2026&filter[whenTo]=21-10-2026&filter[duration]=7:10&filter[from]=Warszawa%20-%20Modlin,Warszawa%20-%20Radom,Warszawa&filter[person]=2&filter[child]=1&filter[price]=4000:20000&filter[PriceFrom]=4000&filter[PriceTo]=20000&filter[addCategory]=50&filter[addCatering]=1&filter[addMisc]=0&filter[addTransport]=F&filter[fp]=1&order_by=ofr_price&filter[tourOperator]=0&filter[childAge][1]=20201210","https://fly.pl/cdn/photo/assets/uploads/582/278/2014/07/Labranda-Club-Makadi-ex-Club-Azur-fly-pl.jpg","https://fly.pl/wycieczka/egipt,hurghada,makadi-bay/club-azur/pV44fp4qzNhf6untYbdseCAAogLMgT30PjR8VnW64VZ3kyO7f7-6uk_qDD7j025Yyf3yEqBE9SRVgw5f7C1QZIhk5QQViSA2ACagZaSS4yLjFyNZsBFQcXAFwDWAVWAkDKBl3TDk9sEfUhU917UgBer09LgRJhAEzRvjogo_2XCQ0AAhJjAQIMIbBWWg/ofertasv/?filter[tourOperator]=OREX&filter%5Bperson%5D=2&filter%5BchildAge%5D%5B1%5D=20201210&filter%5Bchild%5D=1"
"Caesar Bay Resort","9997.0","23.09.2026 - 01.10.2026","9 dni/7 nocy","","4.3","4.3","1164","tripadvisor","Warszawa","2026-09-21T05:23:46.828269+00:00","https://fly.pl/szukaj-wycieczek/?filter[dest]=11:&filter[hotelids]=&filter[cityids]=0&filter[cregids]=&filter[ofrType]=&filter[addObjType]=&filter[whenFrom]=21-09-2026&filter[whenTo]=21-10-2026&filter[duration]=7:10&filter[from]=Warszawa%20-%20Modlin,Warszawa%20-%20Radom,Warszawa&filter[person]=2&filter[child]=1&filter[price]=4000:20000&filter[PriceFrom]=4000&filter[PriceTo]=20000&filter[addCategory]=50&filter[addCatering]=1&filter[addMisc]=0&filter[addTransport]=F&filter[fp]=1&order_by=ofr_price&filter[tourOperator]=0&filter[childAge][1]=20201210","https://fly.pl/cdn/photo/assets/uploads/582/278/2024/07/caesar-bay-resort.jpg","https://fly.pl/wycieczka/egipt,aleksandria,c/caesar-bay-resort-13/pGymJVsifL2vY1OJdJCo18AAogypvJqporqqKBNN-vs4Fla9DmiZe5yU4L2voet8jrr1kqBFZJVFgw5f7C1QZIjU5QQVgqYAJyQBoAFQcXAFwDWAVAjwNTyYMBUgBbzgFe5npL7UNhAEyytTkNgdSYCSABUZ7pmfJrT8fSOF3c-ID9mQECDmMBAg3-_Htr/ofertasv/?filter[tourOperator]=VITX&filter%5Bperson%5D=2&filter%5BchildAge%5D%5B1%5D=20201210&filter%5Bchild%5D=1"
"Tropitel Sahl Hasheesh","10001.0","08.10.2026 - 15.10.2026","8 dni/7 nocy","","4.7","4.7","10244","tripadvisor","Warszawa","2026-09-21T05:23:46.828269+00:00","https://fly.pl/szukaj-wycieczek/?filter[dest]=11:&filter[hotelids]=&filter[cityids]=0&filter[cregids]=&filter[ofrType]=&filter[addObjType]=&filter[whenFrom]=21-09-2026&filter[whenTo]=21-10-2026&filter[duration]=7:10&filter[from]=Warszawa%20-%20Modlin,Warszawa%20-%20Radom,Warszawa&filter[person]=2&filter[child]=1&filter[price]=4000:20000&filter[PriceFrom]=4000&filter[PriceTo]=20000&filter[addCategory]=50&filter[addCatering]=1&filter[addMisc]=0&filter[addTransport]=F&filter[fp]=1&order_by=ofr_price&filter[tourOperator]=0&filter[childAge][1]=20201210","https://fly.pl/cdn/photo/assets/uploads/582/278/2014/10/Tropitel-Sahl-Hasheesh.jpg","https://fly.pl/wycieczka/egipt,hurghada,c/tropitel-sahl-hasheesh/pdK4HB2j9zF0h96jqj5SEXAAogd_pXy-1qaBTv2dVYcKaSNT6OE5pR4WYFWyC8KwnwqSUqBFJOQlcw5f7C1QZIkU5QQViSA2ACagRCd2Nkag1BTExfSU5DTFVTSVZFahcyOTYsMzgwLDQ3Nyw0ODMsNDg0LDQ4NXI8nwGWAZ4BFQcXAFgICtABQPgFEcQBGalTEMMLTNsqU4ohUgBLnJMBYQAd5vI_Dzkg6ZaSCQ0AAgxjAQIFqvJBqw/ofertasv/?filter[tourOperator]=RNBW&filter%5Bperson%5D=2&filter%5BchildAge%5D%5B1%5D=20201210&filter%5Bchild%5D=1"
"Renaissance Golden View Beach Resort by Marriott","10047.0","10.10.2026 - 17.10.2026","8 dni/7 nocy","","4.5","4.5","7233","tripadvisor","Warszawa","2026-09-21T05:23:46.828269+00:00","https://fly.pl/szukaj-wycieczek/?filter[dest]=11:&filter[hotelids]=&filter[cityids]=0&filter[cregids]=&filter[ofrType]=&filter[addObjType]=&filter[whenFrom]=21-09-2026&filter[whenTo]=21-10-2026&filter[duration]=7:10&filter[from]=Warszawa%20-%20Modlin,Warszawa%20-%20Radom,Warszawa&filter[person]=2&filter[child]=1&filter[price]=4000:20000&filter[PriceFrom]=4000&filter[PriceTo]=20000&filter[addCategory]=50&filter[addCatering]=1&filter[addMisc]=0&filter[addTransport]=F&filter[fp]=1&order_by=ofr_price&filter[tourOperator]=0&filter[childAge][1]=20201210","https://fly.pl/cdn/photo/assets/uploads/582/278/2014/07/Renaissance-Golden-View-Beach-Resort.jpg","https://fly.pl/wycieczka/egipt,sharm-el-sheikh,c/renaissance-golden-view-beach/pX_918a9sxOy7G6lc-GgzuAAog2_tYWkMXhgRQyl8tRJX1jAAAAACZhAQAtoQEAAcAEgAqBFdFWlkw5f7C1QZIv05QQVjCA2ADaglFbnRlciBBaXJqBDA4MDByQ54BlQEfABwBAgAWBBcCEYABEu0CGIUFE80BFMkEQJJyTKCiAU8AS8cjUAAbj9wJHYLmBSAdDdzHwgkBEmMBDGMBAgWFgc_2/ofertasv/?filter[tourOperator]=WEZY&filter%5Bperson%5D=2&filter%5BchildAge%5D%5B1%5D=20201210&filter%5Bchild%5D=1"
"Jaz Grand Marsa (ex Resta Grand Resort)","10122.0","11.10.2026 - 18.10.2026","8 dni/7 nocy","","4.6","4.6","6436","tripadvisor","Warszawa","2026-09-21T05:23:46.828269+00:00","https://fly.pl/szukaj-wycieczek/?filter[dest]=11:&filter[hotelids]=&filter[cityids]=0&filter[cregids]=&filter[ofrType]=&filter[addObjType]=&filter[whenFrom]=21-09-2026&filter[whenTo]=21-10-2026&filter[duration]=7:10&filter[from]=Warszawa%20-%20Modlin,Warszawa%20-%20Radom,Warszawa&filter[person]=2&filter[child]=1&filter[price]=4000:20000&filter[PriceFrom]=4000&filter[PriceTo]=20000&filter[addCategory]=50&filter[addCatering]=1&filter[addMisc]=0&filter[addTransport]=F&filter[fp]=1&order_by=ofr_price&filter[tourOperator]=0&filter[childAge][1]=20201210","https://fly.pl/cdn/photo/assets/uploads/582/278/2014/09/grand.jpg","https://fly.pl/wycieczka/egipt,marsa-alam,madinat-coraya/resta-grand-resort/pqddVJhw6bceIww5JE-A-FAAogMUFevHuhgNawD3PIgrj1BQAAAAAagwQANoMEAAcAAQAqBFdFWlkw5f7C1QZIik9QQVjaA2ADaglFbnRlciBBaXJqBDAwNTByQ54BlAEfAAIBHAAWBBcCEu0DFdoFGJ8DE8MBEcYiQKtQTLaWAU8AS7EvUAAdkr8PIBwbvoIfDZ_IowkBEmMBDWMBAwXqDLOV/ofertasv/?filter[tourOperator]=WEZY&filter%5Bperson%5D=2&filter%5BchildAge%5D%5B1%5D=20201210&filter%5Bchild%5D=1"
"Concorde El Salam Front Area","10125.0","10.10.2026 - 17.10.2026","8 dni/7 nocy","","4.8","4.8","1494","tripadvisor","Warszawa","2026-09-21T05:23:46.828269+00:00","https://fly.pl/szukaj-wycieczek/?filter[dest]=11:&filter[hotelids]=&filter[cityids]=0&filter[cregids]=&filter[ofrType]=&filter[addObjType]=&filter[whenFrom]=21-09-2026&filter[whenTo]=21-10-2026&filter[duration]=7:10&filter[from]=Warszawa%20-%20Modlin,Warszawa%20-%20Radom,Warszawa&filter[person]=2&filter[child]=1&filter[price]=4000:20000&filter[PriceFrom]=4000&filter[PriceTo]=20000&filter[addCategory]=50&filter[addCatering]=1&filter[addMisc]=0&filter[addTransport]=F&filter[fp]=1&order_by=ofr_price&filter[tourOperator]=0&filter[childAge][1]=20201210","https://fly.pl/cdn/photo/assets/uploads/582/278/2024/07/concorde-el-salam-front.jpg","https://fly.pl/wycieczka/egipt,sharm-el-sheikh,szarm-el-szejk/concorde-el-salam-front-12/pZz1iMm883QOO90LAn0D4mAAogt11xlAQXekhiY73q7DQ2GAAAAACZhAQAtoQEAAcAEgAqBFdFWlkw5v7C1QZIjU9QQVjCA2ADaglFbnRlciBBaXJqBDA4MDByQ54BlQEfAAIBHAAWBBcCEu0DGIUFE80BFMkEEd4-QLQzTKCiAU8AS8cjUAAbsYMCHeC-DSAdDdzHwgkBEmMBDGMBAgUQDCMA/ofertasv/?filter[tourOperator]=WEZY&filter%5Bperson%5D=2&filter%5BchildAge%5D%5B1%5D=20201210&filter%5Bchild%5D=1"
"Sirena Beach Resort & Spa","10157.0","02.10.2026 - 09.10.2026","8 dni/7 nocy","","4.7","4.7","466","tripadvisor","Warszawa","2026-09-21T05:23:46.828269+00:00","https://fly.pl/szukaj-wycieczek/?filter[dest]=11:&filter[hotelids]=&filter[cityids]=0&filter[cregids]=&filter[ofrType]=&filter[addObjType]=&filter[whenFrom]=21-09-2026&filter[whenTo]=21-10-2026&filter[duration]=7:10&filter[from]=Warszawa%20-%20Modlin,Warszawa%20-%20Radom,Warszawa&filter[person]=2&filter[child]=1&filter[price]=4000:20000&filter[PriceFrom]=4000&filter[PriceTo]=20000&filter[addCategory]=50&filter[addCatering]=1&filter[addMisc]=0&filter[addTransport]=F&filter[fp]=1&order_by=ofr_price&filter[tourOperator]=0&filter[childAge][1]=20201210","https://datacfstatic.merlinx.pl/ITAK/IMG/RMFSIRE/2a33aa899780987f59df20ed7ea7d5c43cfc5ceabce89d0fe9ee4ee31a0703f2.webp","https://fly.pl/wycieczka/egipt,marsa-alam,al-kusajr/movenpick-sirena-beach-13/p6wixcga-TH-rwIU8AaUGBAAogEyymHzam6Uxoph2DKuj1CNQZNlOP3nWzbcu4SHM09JMqBFZJVFgw5v7C1QZIrU9QQViCAmACckAaABUHFwBcA1gFQI8DW7-DAV6-fFK8FFMAS7EvYQBMsbU5DdHUmAkgAFHwuMH23wFPrOIKXZz4r_klAg5jAQINvTxwkg/ofertasv/?filter[tourOperator]=VITX&filter%5Bperson%5D=2&filter%5BchildAge%5D%5B1%5D=20201210&filter%5Bchild%5D=1"
"Naama Bay Hotel & Resort","10186.0","10.10.2026 - 17.10.2026","8 dni/7 nocy","","4.4","4.4","4857","tripadvisor","Warszawa","2026-09-21T05:23:46.828269+00:00","https://fly.pl/szukaj-wycieczek/?filter[dest]=11:&filter[hotelids]=&filter[cityids]=0&filter[cregids]=&filter[ofrType]=&filter[addObjType]=&filter[whenFrom]=21-09-2026&filter[whenTo]=21-10-2026&filter[duration]=7:10&filter[from]=Warszawa%20-%20Modlin,Warszawa%20-%20Radom,Warszawa&filter[person]=2&filter[child]=1&filter[price]=4000:20000&filter[PriceFrom]=4000&filter[PriceTo]=20000&filter[addCategory]=50&filter[addCatering]=1&filter[addMisc]=0&filter[addTransport]=F&filter[fp]=1&order_by=ofr_price&filter[tourOperator]=0&filter[childAge][1]=20201210","https://fly.pl/cdn/photo/assets/uploads/582/278/2014/07/Naama-Bay.jpg","https://fly.pl/wycieczka/egipt,sharm-el-sheikh,c/tropitel-naama-bay/paDm5I8zI1xMhPls0Vf78LAAogYbY948rCsBikyerseTHn3QAAAACZhAQAtoQEAAcAEgAqBFdFWlkw5v7C1QZIyk9QQVjCA2ADaglFbnRlciBBaXJqBDA4MDByQ54BlQEfABwBAgAWBBcCEaQBEskCGIUFE80BFMkEQJJyTKCiAU8AS8cjUAAbiKUBHYmdDiAdDdzHwgkBEmMBDGMBAgV2RgUb/ofertasv/?filter[tourOperator]=WEZY&filter%5Bperson%5D=2&filter%5BchildAge%5D%5B1%5D=20201210&filter%5Bchild%5D=1"
"Pickalbatros Golf Beach Resort","10366.0","10.10.2026 - 17.10.2026","8 dni/7 nocy","","4.5","4.5","322","tripadvisor","Warszawa","2026-09-21T05:23:46.828269+00:00","https://fly.pl/szukaj-wycieczek/?filter[dest]=11:&filter[hotelids]=&filter[cityids]=0&filter[cregids]=&filter[ofrType]=&filter[addObjType]=&filter[whenFrom]=21-09-2026&filter[whenTo]=21-10-2026&filter[duration]=7:10&filter[from]=Warszawa%20-%20Modlin,Warszawa%20-%20Radom,Warszawa&filter[person]=2&filter[child]=1&filter[price]=4000:20000&filter[PriceFrom]=4000&filter[PriceTo]=20000&filter[addCategory]=50&filter[addCatering]=1&filter[addMisc]=0&filter[addTransport]=F&filter[fp]=1&order_by=ofr_price&filter[tourOperator]=0&filter[childAge][1]=20201210","https://fly.pl/cdn/photo/assets/uploads/582/278/2014/07/Golf-Beach-Resort-Managed-by-Rixos.jpg","https://fly.pl/wycieczka/egipt,sharm-el-sheikh,c/maritim-jolie-ville-golf/p1JtwPaVJXrWavSvUQf05HAAogCsgdJVQJ22TdNNx7W549AgAAAACZhAQAtoQEAAcAEgAqBFdFWlkw5v7C1QZI_lBQQVjCA2ADaglFbnRlciBBaXJqBDA4MDByRJ4BlQEfAAIBHAAWBBcCEu0DGIUFE80BFMkEQJJyT6CiAUwAS8cjUAARnoICHfO_DSAdG9b9Ng2GyosJARJjAQ1jAQQMCLYxIw/ofertasv/?filter[tourOperator]=WEZY&filter%5Bperson%5D=2&filter%5BchildAge%5D%5B1%5D=20201210&filter%5Bchild%5D=1"
"Pickalbatros Luxury Suites","10366.0","10.10.2026 - 17.10.2026","8 dni/7 nocy","","4.7","4.7","365","tripadvisor","Warszawa","2026-09-21T05:23:46.828269+00:00","https://fly.pl/szukaj-wycieczek/?filter[dest]=11:&filter[hotelids]=&filter[cityids]=0&filter[cregids]=&filter[ofrType]=&filter[addObjType]=&filter[whenFrom]=21-09-2026&filter[whenTo]=21-10-2026&filter[duration]=7:10&filter[from]=Warszawa%20-%20Modlin,Warszawa%20-%20Radom,Warszawa&filter[person]=2&filter[child]=1&filter[price]=4000:20000&filter[PriceFrom]=4000&filter[PriceTo]=20000&filter[addCategory]=50&filter[addCatering]=1&filter[addMisc]=0&filter[addTransport]=F&filter[fp]=1&order_by=ofr_price&filter[tourOperator]=0&filter[childAge][1]=20201210","https://fly.pl/cdn/photo/assets/uploads/582/278/2023/04/Pickalbatros-Luxury-Suites.jpg","https://fly.pl/wycieczka/egipt,sharm-el-sheikh,szarm-el-szejk/golf-villas-sharm-el-sheikh-by-rixos-11/pRgGlg9FkISzvwdF5WVABsAAogvUwJ2iYfAEDJh6BbSI8YawAAAACZhAQAtoQEAAcAEgAqBFdFWlkw5v7C1QZI_lBQQVjCA2ADaglFbnRlciBBaXJqBDA4MDByQp4BlQEfABwBAgAWBBcCG3AS_QIYhQUTzQEUyQRAknJMoKIBTwBLxyNQABGfggId8r8NIB0N3MfCCQESYwENYwEEDAQKHyU/ofertasv/?filter[tourOperator]=WEZY&filter%5Bperson%5D=2&filter%5BchildAge%5D%5B1%5D=20201210&filter%5Bchild%5D=1"
"Marriott Hurghada Beach Resort","10431.0","01.10.2026 - 08.10.2026","8 dni/7 nocy","","4.6","4.6","4866","tripadvisor","Warszawa - Radom","2026-09-21T05:23:46.828269+00:00","https://fly.pl/szukaj-wycieczek/?filter[dest]=11:&filter[hotelids]=&filter[cityids]=0&filter[cregids]=&filter[ofrType]=&filter[addObjType]=&filter[whenFrom]=21-09-2026&filter[whenTo]=21-10-2026&filter[duration]=7:10&filter[from]=Warszawa%20-%20Modlin,Warszawa%20-%20Radom,Warszawa&filter[person]=2&filter[child]=1&filter[price]=4000:20000&filter[PriceFrom]=4000&filter[PriceTo]=20000&filter[addCategory]=50&filter[addCatering]=1&filter[addMisc]=0&filter[addTransport]=F&filter[fp]=1&order_by=ofr_price&filter[tourOperator]=0&filter[childAge][1]=20201210","https://fly.pl/cdn/photo/assets/uploads/582/278/2014/09/Marriott-Hurghada-Beach-Resort.jpg","https://fly.pl/wycieczka/egipt,hurghada,c/marriott-hurghada-beach-resort/pAAmZ7Cxm38yDslwgsq6s5AAog6kywR9Ce7y5qxa-lj4mlJJtDSG7JGG1kLrratyRh_coqBE9SRVgw5v7C1QZIv1FQQVjqAWACagZEUS4yLjFyNZsBFQcXAFwDWAVWAhFZQPEFXdMOT2xT0p0BUgBer09LgRJhAEzRvjognP2XCQ0AAhJjAQILfWeyEQ/ofertasv/?filter[tourOperator]=OREX&filter%5Bperson%5D=2&filter%5BchildAge%5D%5B1%5D=20201210&filter%5Bchild%5D=1"
"V Grand Beach Resort Sahl Hasheesh","10512.0","13.10.2026 - 20.10.2026","8 dni/7 nocy","","4.1","4.1","3582","tripadvisor","Warszawa","2026-09-21T05:23:46.828269+00:00","https://fly.pl/szukaj-wycieczek/?filter[dest]=11:&filter[hotelids]=&filter[cityids]=0&filter[cregids]=&filter[ofrType]=&filter[addObjType]=&filter[whenFrom]=21-09-2026&filter[whenTo]=21-10-2026&filter[duration]=7:10&filter[from]=Warszawa%20-%20Modlin,Warszawa%20-%20Radom,Warszawa&filter[person]=2&filter[child]=1&filter[price]=4000:20000&filter[PriceFrom]=4000&filter[PriceTo]=20000&filter[addCategory]=50&filter[addCatering]=1&filter[addMisc]=0&filter[addTransport]=F&filter[fp]=1&order_by=ofr_price&filter[tourOperator]=0&filter[childAge][1]=20201210","https://fly.pl/cdn/photo/assets/uploads/582/278/2015/04/Pyramisa-Beach-Resort-Sahl-Hasheesh.jpg","https://fly.pl/wycieczka/egipt,hurghada,sahl-hasheesh/dessole-pyramisa-beach-resort-ex-pyramisa-beach-r/p8qwP7C_3C7RWdwqIRwIorAAogou5AwpbQ3jvyy58PZ1Op02qyvADKfxjztHOrlw2TEoUqBEpPSVAw5v7C1QZIkFJQQViKBGACckMUARUGFwBcA1gFVgJAygZP4gFdAFv4AlO3qAFSAF6vTxGVHkvYJWEATOWMOiCo_ZcJDQABs9OIgcWGzKAwAg1jAQALiWRqFw/ofertasv/?filter[tourOperator]=JOIP&filter%5Bperson%5D=2&filter%5BchildAge%5D%5B1%5D=20201210&filter%5Bchild%5D=1"
"Charmillion Garden Aqua Park","10532.0","10.10.2026 - 17.10.2026","8 dni/7 nocy","","4.6","4.6","2259","tripadvisor","Warszawa","2026-09-21T05:23:46.828269+00:00","https://fly.pl/szukaj-wycieczek/?filter[dest]=11:&filter[hotelids]=&filter[cityids]=0&filter[cregids]=&filter[ofrType]=&filter[addObjType]=&filter[whenFrom]=21-09-2026&filter[whenTo]=21-10-2026&filter[duration]=7:10&filter[from]=Warszawa%20-%20Modlin,Warszawa%20-%20Radom,Warszawa&filter[person]=2&filter[child]=1&filter[price]=4000:20000&filter[PriceFrom]=4000&filter[PriceTo]=20000&filter[addCategory]=50&filter[addCatering]=1&filter[addMisc]=0&filter[addTransport]=F&filter[fp]=1&order_by=ofr_price&filter[tourOperator]=0&filter[childAge][1]=20201210","https://fly.pl/cdn/photo/assets/uploads/582/278/2014/07/Charmillion-Gardens-Aqua-Park-ex.-Sea-Garden.jpg","https://fly.pl/wycieczka/egipt,sharm-el-sheikh,nabq-bay/sea-gardens-sharm-el-sheikh/pink_7ZY0iX2JPTX2_YK5QAAogeJFUax5JsV5ZcGGKwJ7ZigAAAACZhAQAtoQEAAcAEgAqBFdFWlkw5v7C1QZIpFJQQVjCA2ADaglFbnRlciBBaXJqBDA4MDByQ54BlQEfAAIBHAAWBBcCEu0DGIUFE80BFMkEEZIOQIBkTKCiAU8AS8cjUAAdkcIPIB0blqp4DcadyggBEmMBDWMBAwUO2DT1/ofertasv/?filter[tourOperator]=WEZY&filter%5Bperson%5D=2&filter%5BchildAge%5D%5B1%5D=20201210&filter%5Bchild%5D=1"
"Concorde Sport","10547.0","11.10.2026 - 18.10.2026","8 dni/7 nocy","","","","","","Warszawa","2026-09-21T05:23:46.828269+00:00","https://fly.pl/szukaj-wycieczek/?filter[dest]=11:&filter[hotelids]=&filter[cityids]=0&filter[cregids]=&filter[ofrType]=&filter[addObjType]=&filter[whenFrom]=21-09-2026&filter[whenTo]=21-10-2026&filter[duration]=7:10&filter[from]=Warszawa%20-%20Modlin,Warszawa%20-%20Radom,Warszawa&filter[person]=2&filter[child]=1&filter[price]=4000:20000&filter[PriceFrom]=4000&filter[PriceTo]=20000&filter[addCategory]=50&filter[addCatering]=1&filter[addMisc]=0&filter[addTransport]=F&filter[fp]=1&order_by=ofr_price&filter[tourOperator]=0&filter[childAge][1]=20201210","https://fly.pl/cdn/photo/assets/uploads/582/278/2017/08/Concorde-Sport-fly-pl-4.jpg","https://fly.pl/wycieczka/egipt,sharm-el-sheikh,szarm-el-szejk/concorde-sport/p5ZMoN_tl1AEf_l5GsfPRWAAogYNf8YLxAxJwCsAh9IFUxBgiPgYhrkVrHHSR3tH9QMnYqBEpPSVAw5v7C1QZIs1JQQVjaA2ACagNDR21yQpsBFAEVBhcAXANYBVYCQMoGT-IBXQBe3voBUqYgUwARmgNLrSBhAEzljDoNpv2XCSAAAcK9zKjDiMygMAINYwEACw684fU/ofertasv/?filter[tourOperator]=JOIP&filter%5Bperson%5D=2&filter%5BchildAge%5D%5B1%5D=20201210&filter%5Bchild%5D=1"
"Monte Carlo Resort Spa","10557.0","06.10.2026 - 14.10.2026","9 dni/7 nocy","","4.4","4.4","2434","tripadvisor","Warszawa","2026-09-21T05:23:46.828269+00:00","https://fly.pl/szukaj-wycieczek/?filter[dest]=11:&filter[hotelids]=&filter[cityids]=0&filter[cregids]=&filter[ofrType]=&filter[addObjType]=&filter[whenFrom]=21-09-2026&filter[whenTo]=21-10-2026&filter[duration]=7:10&filter[from]=Warszawa%20-%20Modlin,Warszawa%20-%20Radom,Warszawa&filter[person]=2&filter[child]=1&filter[price]=4000:20000&filter[PriceFrom]=4000&filter[PriceTo]=20000&filter[addCategory]=50&filter[addCatering]=1&filter[addMisc]=0&filter[addTransport]=F&filter[fp]=1&order_by=ofr_price&filter[tourOperator]=0&filter[childAge][1]=20201210","https://fly.pl/cdn/photo/assets/uploads/582/278/2014/09/Monte-Carlo-Sharm-Resort-Spa.jpg","https://fly.pl/wycieczka/egipt,sharm-el-sheikh,c/monte-carlo-ex-ritz-carlton/pNWUvEU5kVZWfAzSvjGmC_AAog9u4t3c8oWyjZnUg3THdUPEy38mWlwYTLPZmSZL4Obd4qBFZJVFgw5v7C1QZIvVJQQVjiAmACckAaABUHFwBcA1gFQI8DW6eGAV7WeVKmIFMAS8cjYQBM7rQ5DZjVmAkgAVHKvfmy6QFPyLEbXYTO6rwcAg1jAQIMQ30BqA/ofertasv/?filter[tourOperator]=VITX&filter%5Bperson%5D=2&filter%5BchildAge%5D%5B1%5D=20201210&filter%5Bchild%5D=1"
"Pickalbatros Royal Moderna","10657.0","29.09.2026 - 07.10.2026","9 dni/7 nocy","","4.5","4.5","10719","tripadvisor","Warszawa","2026-09-21T05:23:46.828269+00:00","https://fly.pl/szukaj-wycieczek/?filter[dest]=11:&filter[hotelids]=&filter[cityids]=0&filter[cregids]=&filter[ofrType]=&filter[addObjType]=&filter[whenFrom]=21-09-2026&filter[whenTo]=21-10-2026&filter[duration]=7:10&filter[from]=Warszawa%20-%20Modlin,Warszawa%20-%20Radom,Warszawa&filter[person]=2&filter[child]=1&filter[price]=4000:20000&filter[PriceFrom]=4000&filter[PriceTo]=20000&filter[addCategory]=50&filter[addCatering]=1&filter[addMisc]=0&filter[addTransport]=F&filter[fp]=1&order_by=ofr_price&filter[tourOperator]=0&filter[childAge][1]=20201210","https://fly.pl/cdn/photo/assets/uploads/582/278/2009/08/Royal-Albatros-Moderna1708.jpg","https://fly.pl/wycieczka/egipt,sharm-el-sheikh,c/royal-albatros-moderna/p2NArxVVXjpplPSqgkxFuSAAog0d-9oUH_59e_2Eelm1jHuPx165SKMu3wZ5pxJ9Xdc08qBFZJVFgw5v7C1QZIoVNQQVi6AWACckAaABUHFwBcA1gFQI8DW7-DAV6-fFKmIFMAS8cjYQBMsbU5DYjUmAkgAVGu3Iez6QFPsZMNXYTO6rwcAg1jAQIMqBw-Lw/ofertasv/?filter[tourOperator]=VITX&filter%5Bperson%5D=2&filter%5BchildAge%5D%5B1%5D=20201210&filter%5Bchild%5D=1"
"Jaz Aquamarine Resort","10666.0","13.10.2026 - 20.10.2026","8 dni/7 nocy","","4.6","4.6","17179","tripadvisor","Warszawa","2026-09-21T05:23:46.828269+00:00","https://fly.pl/szukaj-wycieczek/?filter[dest]=11:&filter[hotelids]=&filter[cityids]=0&filter[cregids]=&filter[ofrType]=&filter[addObjType]=&filter[whenFrom]=21-09-2026&filter[whenTo]=21-10-2026&filter[duration]=7:10&filter[from]=Warszawa%20-%20Modlin,Warszawa%20-%20Radom,Warszawa&filter[person]=2&filter[child]=1&filter[price]=4000:20000&filter[PriceFrom]=4000&filter[PriceTo]=20000&filter[addCategory]=50&filter[addCatering]=1&filter[addMisc]=0&filter[addTransport]=F&filter[fp]=1&order_by=ofr_price&filter[tourOperator]=0&filter[childAge][1]=20201210","https://fly.pl/cdn/photo/assets/uploads/582/278/2016/11/jaz-aquamarine-ex-iberotel-egipt-hurghada-1b.jpg","https://fly.pl/wycieczka/egipt,hurghada,c/jaz-aquamarine-ex-iberotel-aquamarine/pPAqlw_-VrJRP59akeafm3AAogDy3P-ep-cUYJ1ibbd86ErWqyvADKfxjztHOrlw2TEoUqBEpPSVAw5v7C1QZIqlNQQViKBGACagMwMllyQpsBFAEVBhcAXANYBVYCQMoGT-IBXQBSr6sBUwARxx9e6C9L7UNhAEzljDoNqP2XCSAAAcSV0KikhsygMAINYwEAC-a3SbI/ofertasv/?filter[tourOperator]=JOIP&filter%5Bperson%5D=2&filter%5BchildAge%5D%5B1%5D=20201210&filter%5Bchild%5D=1"
"Titanic Pearl","10717.0","04.10.2026 - 11.10.2026","8 dni/7 nocy","","","","","","Warszawa","2026-09-21T05:23:46.828269+00:00","https://fly.pl/szukaj-wycieczek/?filter[dest]=11:&filter[hotelids]=&filter[cityids]=0&filter[cregids]=&filter[ofrType]=&filter[addObjType]=&filter[whenFrom]=21-09-2026&filter[whenTo]=21-10-2026&filter[duration]=7:10&filter[from]=Warszawa%20-%20Modlin,Warszawa%20-%20Radom,Warszawa&filter[person]=2&filter[child]=1&filter[price]=4000:20000&filter[PriceFrom]=4000&filter[PriceTo]=20000&filter[addCategory]=50&filter[addCatering]=1&filter[addMisc]=0&filter[addTransport]=F&filter[fp]=1&order_by=ofr_price&filter[tourOperator]=0&filter[childAge][1]=20201210","https://datacfstatic.merlinx.pl/EXIM/IMG/121028/8336dd3746571adb753296a9cc4933ccd1e8b933da8a85e94abd52c599c3514e.webp","https://fly.pl/wycieczka/egipt,hurghada,c/titanic-pearl-10/patMRo3SuCGS7kq5r1GlQBAAog1MT2jh80SyTfn37R9CiOB48y6rj6FZ9B-AYEqrWUQdsqBEVYSU0w5v7C1QZI3VNQAViyAmACagNVQUlyIRwRxLEHuQS7jD2rBBwboPhTGMewTgHzjKGrDgIAYwECC_N7f-4/ofertasv/?filter[tourOperator]=EXIM&filter%5Bperson%5D=2&filter%5BchildAge%5D%5B1%5D=20201210&filter%5Bchild%5D=1"
"Pickalbatros Aqua Park Resort (Sharm El Sheikh)","10729.0","10.10.2026 - 17.10.2026","8 dni/7 nocy","","4.8","4.8","3611","tripadvisor","Warszawa","2026-09-21T05:23:46.828269+00:00","https://fly.pl/szukaj-wycieczek/?filter[dest]=11:&filter[hotelids]=&filter[cityids]=0&filter[cregids]=&filter[ofrType]=&filter[addObjType]=&filter[whenFrom]=21-09-2026&filter[whenTo]=21-10-2026&filter[duration]=7:10&filter[from]=Warszawa%20-%20Modlin,Warszawa%20-%20Radom,Warszawa&filter[person]=2&filter[child]=1&filter[price]=4000:20000&filter[PriceFrom]=4000&filter[PriceTo]=20000&filter[addCategory]=50&filter[addCatering]=1&filter[addMisc]=0&filter[addTransport]=F&filter[fp]=1&order_by=ofr_price&filter[tourOperator]=0&filter[childAge][1]=20201210","https://fly.pl/cdn/photo/assets/uploads/582/278/2017/08/Albatros-Aqua-Park-Sharm.jpg","https://fly.pl/wycieczka/egipt,sharm-el-sheikh,szarm-el-szejk/albatros-aqua-park-sharm-el-sheikh/pkaAC7BgPRQKjVXSkJgxM4AAogSDdTwUdv_X0do16otI3PQwAAAACZhAQAtoQEAAcAEgAqBFdFWlkw5v7C1QZI6VNQQVjCA2ADaglFbnRlciBBaXJqBDA4MDByQp4BlQEfAAIBHAAWBBcCEu0DGIUFE80BFMkEQJJyEYoxTJZxTwBLxyNQABvHmgMdyqcMIB0N3MfCCQESYwENYwEEDISmEsI/ofertasv/?filter[tourOperator]=WEZY&filter%5Bperson%5D=2&filter%5BchildAge%5D%5B1%5D=20201210&filter%5Bchild%5D=1"
"Cooee Prima Life Makadi Bay","10757.0","08.10.2026 - 15.10.2026","8 dni/7 nocy","","4.6","4.6","3315","tripadvisor","Warszawa","2026-09-21T05:23:46.828269+00:00","https://fly.pl/szukaj-wycieczek/?filter[dest]=11:&filter[hotelids]=&filter[cityids]=0&filter[cregids]=&filter[ofrType]=&filter[addObjType]=&filter[whenFrom]=21-09-2026&filter[whenTo]=21-10-2026&filter[duration]=7:10&filter[from]=Warszawa%20-%20Modlin,Warszawa%20-%20Radom,Warszawa&filter[person]=2&filter[child]=1&filter[price]=4000:20000&filter[PriceFrom]=4000&filter[PriceTo]=20000&filter[addCategory]=50&filter[addCatering]=1&filter[addMisc]=0&filter[addTransport]=F&filter[fp]=1&order_by=ofr_price&filter[tourOperator]=0&filter[childAge][1]=20201210","https://fly.pl/cdn/photo/assets/uploads/582/278/2014/12/Prima-Life-Makadi-Resort.jpg","https://fly.pl/wycieczka/egipt,hurghada,c/prima-life-makadi-bay/pOEKGgO8n3WHWT1e7IK0P_AAogeiVL41SJg4N20ZrPYLUZ4xi3350dN38XN7Nix4G7h2oqBFZJVFgw5v7C1QZIhVRQQViSA2ACckAaABUHFwBcA1gFQI8DW7-DAVOPLVIAXq9PS-1DYQBMhLQ5DYTWmAkgAFH-tdr7jwFPk88SXZCE8_N1Ag9jAQIOGUtEKw/ofertasv/?filter[tourOperator]=VITX&filter%5Bperson%5D=2&filter%5BchildAge%5D%5B1%5D=20201210&filter%5Bchild%5D=1"
"Pharaoh Azur Resort (ex Sonesta Pharaoh Beach Resort)","10767.0","01.10.2026 - 08.10.2026","8 dni/7 nocy","","4.5","4.5","2756","tripadvisor","Warszawa","2026-09-21T05:23:46.828269+00:00","https://fly.pl/szukaj-wycieczek/?filter[dest]=11:&filter[hotelids]=&filter[cityids]=0&filter[cregids]=&filter[ofrType]=&filter[addObjType]=&filter[whenFrom]=21-09-2026&filter[whenTo]=21-10-2026&filter[duration]=7:10&filter[from]=Warszawa%20-%20Modlin,Warszawa%20-%20Radom,Warszawa&filter[person]=2&filter[child]=1&filter[price]=4000:20000&filter[PriceFrom]=4000&filter[PriceTo]=20000&filter[addCategory]=50&filter[addCatering]=1&filter[addMisc]=0&filter[addTransport]=F&filter[fp]=1&order_by=ofr_price&filter[tourOperator]=0&filter[childAge][1]=20201210","https://fly.pl/cdn/photo/assets/uploads/582/278/2014/07/Pharaoh-Azur-Resort.jpg","https://fly.pl/wycieczka/egipt,hurghada,c/sonesta-pharaoh/puIlOa0641-sXVTLCxBw3zAAogB_C12v91OnHztFeoutMuMHt0IodKpCivQVhkW6iataoqBEJWUFIw5v7C1QZIj1RQAVjqAWACag1BbGwgaW5jbHVzaXZlciAcEa4tG-3DBBjnrgy5BIjqFKsETwHX_5mxAQIAYwECDWsDQlQ/ofertasv/?filter[tourOperator]=BVPR&filter%5Bperson%5D=2&filter%5BchildAge%5D%5B1%5D=20201210&filter%5Bchild%5D=1"
"Jaz Aquaviva","10773.0","01.10.2026 - 08.10.2026","8 dni/7 nocy","","4.7","4.7","10804","tripadvisor","Warszawa - Radom","2026-09-21T05:23:46.828269+00:00","https://fly.pl/szukaj-wycieczek/?filter[dest]=11:&filter[hotelids]=&filter[cityids]=0&filter[cregids]=&filter[ofrType]=&filter[addObjType]=&filter[whenFrom]=21-09-2026&filter[whenTo]=21-10-2026&filter[duration]=7:10&filter[from]=Warszawa%20-%20Modlin,Warszawa%20-%20Radom,Warszawa&filter[person]=2&filter[child]=1&filter[price]=4000:20000&filter[PriceFrom]=4000&filter[PriceTo]=20000&filter[addCategory]=50&filter[addCatering]=1&filter[addMisc]=0&filter[addTransport]=F&filter[fp]=1&order_by=ofr_price&filter[tourOperator]=0&filter[childAge][1]=20201210","https://fly.pl/cdn/photo/assets/uploads/582/278/2015/07/Jaz-Aquaviva.jpg","https://fly.pl/wycieczka/egipt,hurghada,makadi-bay/jaz-makadi-aquaviva/psLCvgmwNZgR1OS4iMnUg4AAogARbqUbZcX-Uh9VlxGOug1ptDSG7JGG1kLrratyRh_coqBE9SRVgw5v7C1QZIlVRQQVjqAWACagdQWEguMi4xcjWbARUHFwBcA1gFVgIRGECyBl3TDk9sU9KdAVIAXq9PS4ESYQBM0b46IJz9lwkNAAISYwECDOVpVmk/ofertasv/?filter[tourOperator]=OREX&filter%5Bperson%5D=2&filter%5BchildAge%5D%5B1%5D=20201210&filter%5Bchild%5D=1"
"Royal Regency Club","10778.0","27.09.2026 - 04.10.2026","8 dni/7 nocy","","4.4","4.4","363","tripadvisor","Warszawa","2026-09-21T05:23:46.828269+00:00","https://fly.pl/szukaj-wycieczek/?filter[dest]=11:&filter[hotelids]=&filter[cityids]=0&filter[cregids]=&filter[ofrType]=&filter[addObjType]=&filter[whenFrom]=21-09-2026&filter[whenTo]=21-10-2026&filter[duration]=7:10&filter[from]=Warszawa%20-%20Modlin,Warszawa%20-%20Radom,Warszawa&filter[person]=2&filter[child]=1&filter[price]=4000:20000&filter[PriceFrom]=4000&filter[PriceTo]=20000&filter[addCategory]=50&filter[addCatering]=1&filter[addMisc]=0&filter[addTransport]=F&filter[fp]=1&order_by=ofr_price&filter[tourOperator]=0&filter[childAge][1]=20201210","https://fly.pl/cdn/photo/assets/uploads/582/278/2024/07/royal-regency-club.jpg","https://fly.pl/wycieczka/egipt,sharm-el-sheikh,szarm-el-szejk/royal-regency-club/p02u98R5yv_dMPBrrST2X1AAog6zBghZ-FtZhuAQ8jWbVh49vhBFpwv_tYWcE8EXXr1-EqBEpPSVAw5v7C1QZImlRQQViKAWACagNGaGNyQpsBFAEVBhcAXANYBVYCQMoGT-IBXQBe3voBUqYgUwBLxyNhABHWakyPojkN0vyXCSAAAYy2zKC0iMygMAIOYwEADcp3yjQ/ofertasv/?filter[tourOperator]=JOIP&filter%5Bperson%5D=2&filter%5BchildAge%5D%5B1%5D=20201210&filter%5Bchild%5D=1"
"Ancient Sands Golf Resort","10832.0","27.09.2026 - 04.10.2026","8 dni/7 nocy","","4.8","4.8","3352","tripadvisor","Warszawa","2026-09-21T05:23:46.828269+00:00","https://fly.pl/szukaj-wycieczek/?filter[dest]=11:&filter[hotelids]=&filter[cityids]=0&filter[cregids]=&filter[ofrType]=&filter[addObjType]=&filter[whenFrom]=21-09-2026&filter[whenTo]=21-10-2026&filter[duration]=7:10&filter[from]=Warszawa%20-%20Modlin,Warszawa%20-%20Radom,Warszawa&filter[person]=2&filter[child]=1&filter[price]=4000:20000&filter[PriceFrom]=4000&filter[PriceTo]=20000&filter[addCategory]=50&filter[addCatering]=1&filter[addMisc]=0&filter[addTransport]=F&filter[fp]=1&order_by=ofr_price&filter[tourOperator]=0&filter[childAge][1]=20201210","https://fly.pl/cdn/photo/assets/uploads/582/278/2019/05/Ancient-Sands-Golf-Resort.jpg","https://fly.pl/wycieczka/egipt,hurghada,al-dzuna/ancient-sands-el-gouna/p9s9VqLlru-g4UHsSLB9duAAogOKRy10QYgWXTirqo4cHeTm2UYiY9GwQLFZusIIuCR8wqBE9SRVgw5v7C1QZI0FRQQViKAWACagVZLjIuMWoDMDhZagMwN1lyNJsBnQGPARUHFwBcA1gFVgIRBUDFBlORrQFSAF6vT0vtQ2EATOWMOiDS_JcJDQACEmMBAgxfJ2iV/ofertasv/?filter[tourOperator]=OREX&filter%5Bperson%5D=2&filter%5BchildAge%5D%5B1%5D=20201210&filter%5Bchild%5D=1"
"Serenity Alma Heights Ross Park Collection","10843.0","11.10.2026 - 18.10.2026","8 dni/7 nocy","","","","","","Warszawa","2026-09-21T05:23:46.828269+00:00","https://fly.pl/szukaj-wycieczek/?filter[dest]=11:&filter[hotelids]=&filter[cityids]=0&filter[cregids]=&filter[ofrType]=&filter[addObjType]=&filter[whenFrom]=21-09-2026&filter[whenTo]=21-10-2026&filter[duration]=7:10&filter[from]=Warszawa%20-%20Modlin,Warszawa%20-%20Radom,Warszawa&filter[person]=2&filter[child]=1&filter[price]=4000:20000&filter[PriceFrom]=4000&filter[PriceTo]=20000&filter[addCategory]=50&filter[addCatering]=1&filter[addMisc]=0&filter[addTransport]=F&filter[fp]=1&order_by=ofr_price&filter[tourOperator]=0&filter[childAge][1]=20201210","https://datacfstatic.merlinx.pl/WEZY/IMG/80006/cbfb74e746eae233c5bd2dcca61af959ab13896516aa3e1f5b00669f16a12ada.webp","https://fly.pl/wycieczka/egipt,hurghada,makadi-bay/serenity-alma-heights-ross-park-collection-9/pviFIkhzd1jsMfBBc9I_8aAAogkqp5jsMiUwUBQMWH4R4vVAAAAADkggQAAIMEAAcAAQAqBFdFWlkw5v7C1QZI21RQQVjaA2ADaglFbnRlciBBaXJqBDAwMTVyRJ4BlAEfAAIBHAAWBhcAEu0DFcsFGJUDE8gBQIVzT8syTABLnJMBUAAR_qkCHd6UDSAcG-v-Yg2ozN8IARJjAQ1jAQIG7U9FVw/ofertasv/?filter[tourOperator]=WEZY&filter%5Bperson%5D=2&filter%5BchildAge%5D%5B1%5D=20201210&filter%5Bchild%5D=1"
"Jaz Belvedere","10857.0","29.09.2026 - 07.10.2026","9 dni/7 nocy","","4.5","4.5","3280","tripadvisor","Warszawa","2026-09-21T05:23:46.828269+00:00","https://fly.pl/szukaj-wycieczek/?filter[dest]=11:&filter[hotelids]=&filter[cityids]=0&filter[cregids]=&filter[ofrType]=&filter[addObjType]=&filter[whenFrom]=21-09-2026&filter[whenTo]=21-10-2026&filter[duration]=7:10&filter[from]=Warszawa%20-%20Modlin,Warszawa%20-%20Radom,Warszawa&filter[person]=2&filter[child]=1&filter[price]=4000:20000&filter[PriceFrom]=4000&filter[PriceTo]=20000&filter[addCategory]=50&filter[addCatering]=1&filter[addMisc]=0&filter[addTransport]=F&filter[fp]=1&order_by=ofr_price&filter[tourOperator]=0&filter[childAge][1]=20201210","https://fly.pl/cdn/photo/assets/uploads/582/278/2014/07/Jaz-Belvedere.jpg","https://fly.pl/wycieczka/egipt,sharm-el-sheikh,c/jaz-belvedere/pDlIroQTtK69lXfC1bMHdhAAogD-v6CuDoi8-QNWT7bryxHvx165SKMu3wZ5pxJ9Xdc08qBFZJVFgw5v7C1QZI6VRQQVi6AWACckAaABUHFwBcA1gFQI8DW5eFAV7melKmIFMAS8cjYQBMsbU5DYjUmAkgAVGV7u-y6QFPyoElXYTO6rwcAgxjAQILkg4J3g/ofertasv/?filter[tourOperator]=VITX&filter%5Bperson%5D=2&filter%5BchildAge%5D%5B1%5D=20201210&filter%5Bchild%5D=1"
"Sentido Naga Bay","10887.0","04.10.2026 - 11.10.2026","8 dni/7 nocy","","","","","","Warszawa","2026-09-21T05:23:46.828269+00:00","https://fly.pl/szukaj-wycieczek/?filter[dest]=11:&filter[hotelids]=&filter[cityids]=0&filter[cregids]=&filter[ofrType]=&filter[addObjType]=&filter[whenFrom]=21-09-2026&filter[whenTo]=21-10-2026&filter[duration]=7:10&filter[from]=Warszawa%20-%20Modlin,Warszawa%20-%20Radom,Warszawa&filter[person]=2&filter[child]=1&filter[price]=4000:20000&filter[PriceFrom]=4000&filter[PriceTo]=20000&filter[addCategory]=50&filter[addCatering]=1&filter[addMisc]=0&filter[addTransport]=F&filter[fp]=1&order_by=ofr_price&filter[tourOperator]=0&filter[childAge][1]=20201210","https://datacfstatic.merlinx.pl/EXIM/IMG/107999/9691dd57e47cec1e96befde9ca4a24ec0aaad7165dd6c455160b011f15ee59d5.webp","https://fly.pl/wycieczka/egipt,hurghada,c/sentido-naga-bay-11/p-Toehx5BnXKTCXb1CiqoiAAog_OZcKqB0lX5VfwYRYpTt5o8y6rj6FZ9B-AYEqrWUQdsqBEVYSU0w5v7C1QZIh1VQAViyAmACagJBSXIhHBHfywa5BKDyPasEHBvv4T0Y0fE-Ac_2p4sLAgBjAQIGIa1c0g/ofertasv/?filter[tourOperator]=EXIM&filter%5Bperson%5D=2&filter%5BchildAge%5D%5B1%5D=20201210&filter%5Bchild%5D=1"
"Hilton Marsa Alam Nubian Resort","10904.0","29.09.2026 - 06.10.2026","8 dni/7 nocy","","4.7","4.7","10212","tripadvisor","Warszawa","2026-09-21T05:23:46.828269+00:00","https://fly.pl/szukaj-wycieczek/?filter[dest]=11:&filter[hotelids]=&filter[cityids]=0&filter[cregids]=&filter[ofrType]=&filter[addObjType]=&filter[whenFrom]=21-09-2026&filter[whenTo]=21-10-2026&filter[duration]=7:10&filter[from]=Warszawa%20-%20Modlin,Warszawa%20-%20Radom,Warszawa&filter[person]=2&filter[child]=1&filter[price]=4000:20000&filter[PriceFrom]=4000&filter[PriceTo]=20000&filter[addCategory]=50&filter[addCatering]=1&filter[addMisc]=0&filter[addTransport]=F&filter[fp]=1&order_by=ofr_price&filter[tourOperator]=0&filter[childAge][1]=20201210","https://fly.pl/cdn/photo/assets/uploads/582/278/2014/08/Tropitel-Dahab-Oasis.jpg","https://fly.pl/wycieczka/egipt,marsa-alam,c/hilton-marsa-alam-nubian-resort/prqMeWvL0tFvLcGjhh9AHjAAogookZHHjpFF8nI2GLevOa4-hm0Gqq_jkTT4bGm3434U0qBFJOQlcw5v7C1QZImFVQQVi6AWACag1BTExfSU5DTFVTSVZFahcyOTYsMzgwLDQ3Nyw0ODMsNDg0LDQ4NXI9lgGeARUHFwBYCApdQOsGEeACENIzGdEeTKg3U9WDAVIAS7EvYQBf7cIkD-j5Gx0zILHMkQkNAAIOYwECBd_0Znk/ofertasv/?filter[tourOperator]=RNBW&filter%5Bperson%5D=2&filter%5BchildAge%5D%5B1%5D=20201210&filter%5Bchild%5D=1"
"Serenity Alpha Beach (ex. Serenity Makadi Beach)","10917.0","11.10.2026 - 18.10.2026","8 dni/7 nocy","","4.6","4.6","6625","tripadvisor","Warszawa","2026-09-21T05:23:46.828269+00:00","https://fly.pl/szukaj-wycieczek/?filter[dest]=11:&filter[hotelids]=&filter[cityids]=0&filter[cregids]=&filter[ofrType]=&filter[addObjType]=&filter[whenFrom]=21-09-2026&filter[whenTo]=21-10-2026&filter[duration]=7:10&filter[from]=Warszawa%20-%20Modlin,Warszawa%20-%20Radom,Warszawa&filter[person]=2&filter[child]=1&filter[price]=4000:20000&filter[PriceFrom]=4000&filter[PriceTo]=20000&filter[addCategory]=50&filter[addCatering]=1&filter[addMisc]=0&filter[addTransport]=F&filter[fp]=1&order_by=ofr_price&filter[tourOperator]=0&filter[childAge][1]=20201210","https://fly.pl/cdn/photo/assets/uploads/582/278/2014/07/Serenity-Alpha-Beach.jpg","https://fly.pl/wycieczka/egipt,hurghada,makadi-bay/serenity-makadi-heights/pjWYV4TlYwNZB8FkingBSDAAogcp_BFHlt8q7lb_VR8aPPgwnbvZbIN9Wmp2d9VFEr-JIqBE9SRVgw5v7C1QZIpVVQQVjaA2ACagZDWC4yLjFqAzA4WWoDMDdZcjSbAZ0BjwEVBxcAWAhWAlwIEfoFQEhTka0BUgBer09L7UNhAEzljDogpv2XCQ0AAhJjAQIMu20ymA/ofertasv/?filter[tourOperator]=OREX&filter%5Bperson%5D=2&filter%5BchildAge%5D%5B1%5D=20201210&filter%5Bchild%5D=1"
"Continental (ex Movenpick Resort)","10917.0","13.10.2026 - 20.10.2026","8 dni/7 nocy","","4.5","4.5","4178","tripadvisor","Warszawa","2026-09-21T05:23:46.828269+00:00","https://fly.pl/szukaj-wycieczek/?filter[dest]=11:&filter[hotelids]=&filter[cityids]=0&filter[cregids]=&filter[ofrType]=&filter[addObjType]=&filter[whenFrom]=21-09-2026&filter[whenTo]=21-10-2026&filter[duration]=7:10&filter[from]=Warszawa%20-%20Modlin,Warszawa%20-%20Radom,Warszawa&filter[person]=2&filter[child]=1&filter[price]=4000:20000&filter[PriceFrom]=4000&filter[PriceTo]=20000&filter[addCategory]=50&filter[addCatering]=1&filter[addMisc]=0&filter[addTransport]=F&filter[fp]=1&order_by=ofr_price&filter[tourOperator]=0&filter[childAge][1]=20201210","https://fly.pl/cdn/photo/assets/uploads/582/278/2014/09/Continental-Resort.jpg","https://fly.pl/wycieczka/egipt,hurghada,c/movenpick-resort-hurghada-ex-continental-resort/psvASFj2yeq62npH_FqFNmAAogeGnDjaI4t6hgdb_2vX8Dw2qyvADKfxjztHOrlw2TEoUqBEpPSVAw5v7C1QZIpVVQQViKBGACagMwQTdyQpsBFAEVBhcAXANYBVYCQMoGT-IBXQBSr6sBUwAR-RletjVL7UNhAEzljDoNqP2XCSAAAZ-3_ICki8ygMAINYwEAC6368fw/ofertasv/?filter[tourOperator]=JOIP&filter%5Bperson%5D=2&filter%5BchildAge%5D%5B1%5D=20201210&filter%5Bchild%5D=1"
"Cleopatra Signature Marsa Alam","10918.0","27.09.2026 - 04.10.2026","8 dni/7 nocy","","","","","","Warszawa","2026-09-21T05:23:46.828269+00:00","https://fly.pl/szukaj-wycieczek/?filter[dest]=11:&filter[hotelids]=&filter[cityids]=0&filter[cregids]=&filter[ofrType]=&filter[addObjType]=&filter[whenFrom]=21-09-2026&filter[whenTo]=21-10-2026&filter[duration]=7:10&filter[from]=Warszawa%20-%20Modlin,Warszawa%20-%20Radom,Warszawa&filter[person]=2&filter[child]=1&filter[price]=4000:20000&filter[PriceFrom]=4000&filter[PriceTo]=20000&filter[addCategory]=50&filter[addCatering]=1&filter[addMisc]=0&filter[addTransport]=F&filter[fp]=1&order_by=ofr_price&filter[tourOperator]=0&filter[childAge][1]=20201210","https://datacfstatic.merlinx.pl/WEZY/IMG/84991/5c5c2742ac2fea23dd6df1d4e68bc2f1477f84012ff9e2ef3a7142be873bf627.webp","https://fly.pl/wycieczka/egipt,marsa-alam,c/cleopatra-signature-marsa-alam-12/pYekBWcUyBh-77Yys8ULmiAAog9Ugs-mIpqlZq0Yjy5WHAvAAAAAAYgwQANIMEAAcABQAqBFdFWlkw5v7C1QZIplVQQViKAWADaglFbnRlciBBaXJqBDAwNTByQ54BlAEfAAIBHAAWBBcCEu0DFdoFGJUDE80BQPFyT7aWAUwAS7EvUAAbpjUR0ZsCHZnuDCAcDYvKwgkBEmMBDWMBAgZ5SBT5/ofertasv/?filter[tourOperator]=WEZY&filter%5Bperson%5D=2&filter%5BchildAge%5D%5B1%5D=20201210&filter%5Bchild%5D=1"
"Utopia Blue Resort","10927.0","13.10.2026 - 20.10.2026","8 dni/7 nocy","","","","","","Warszawa","2026-09-21T05:23:46.828269+00:00","https://fly.pl/szukaj-wycieczek/?filter[dest]=11:&filter[hotelids]=&filter[cityids]=0&filter[cregids]=&filter[ofrType]=&filter[addObjType]=&filter[whenFrom]=21-09-2026&filter[whenTo]=21-10-2026&filter[duration]=7:10&filter[from]=Warszawa%20-%20Modlin,Warszawa%20-%20Radom,Warszawa&filter[person]=2&filter[child]=1&filter[price]=4000:20000&filter[PriceFrom]=4000&filter[PriceTo]=20000&filter[addCategory]=50&filter[addCatering]=1&filter[addMisc]=0&filter[addTransport]=F&filter[fp]=1&order_by=ofr_price&filter[tourOperator]=0&filter[childAge][1]=20201210","https://datacfstatic.merlinx.pl/EXIM/IMG/104804/47170af13502131b7b7d23ecf494e622a96110e1a4bfcf3019d7db4830283601.webp","https://fly.pl/wycieczka/egipt,marsa-alam,c/utopia-blue-resort-13/pqJJ8YpHkjl7QHCiJ49fllAAog2C1X7jIDiZB9P3u2JwfOdRKmO4qxhDmkVrGyFJIXvhQqBEVYSU0w5v7C1QZIr1VQAViKBGACagJBSXIhHBHksga5BIiMPqsEHBvc1y0Yr_ozAZeu2tQIAgBjAQIMAVUyOg/ofertasv/?filter[tourOperator]=EXIM&filter%5Bperson%5D=2&filter%5BchildAge%5D%5B1%5D=20201210&filter%5Bchild%5D=1"
"Albatros Makadi Resort (ex Royal Pharaohs Makadi)","10932.0","27.09.2026 - 04.10.2026","8 dni/7 nocy","","3.3","3.3","844","tripadvisor","Warszawa","2026-09-21T05:23:46.828269+00:00","https://fly.pl/szukaj-wycieczek/?filter[dest]=11:&filter[hotelids]=&filter[cityids]=0&filter[cregids]=&filter[ofrType]=&filter[addObjType]=&filter[whenFrom]=21-09-2026&filter[whenTo]=21-10-2026&filter[duration]=7:10&filter[from]=Warszawa%20-%20Modlin,Warszawa%20-%20Radom,Warszawa&filter[person]=2&filter[child]=1&filter[price]=4000:20000&filter[PriceFrom]=4000&filter[PriceTo]=20000&filter[addCategory]=50&filter[addCatering]=1&filter[addMisc]=0&filter[addTransport]=F&filter[fp]=1&order_by=ofr_price&filter[tourOperator]=0&filter[childAge][1]=20201210","https://fly.pl/cdn/photo/assets/uploads/582/278/2014/07/Harmony-Makadi-Bay-fly-pl.jpg","https://fly.pl/wycieczka/egipt,hurghada,makadi-bay/harmony-makadi-bay/p72uy3hg-46p2Qva9zIiRBAAogD8FONbIGplxjAaVBb0Rz9gAAAADiggQA_oIEAAcAAQAqBFdFWlkw5v7C1QZItFVQQViKAWADaglFbnRlciBBaXJqBDAwMTVyQp4BlAEfABwBAgAWBBcCEUcSpgMV2gUYlQMTuQFAhXNMyzJPAEuckwFQAB3avg8gHBuVr3oNrJvICAESYwENYwECDE_tVM4/ofertasv/?filter[tourOperator]=WEZY&filter%5Bperson%5D=2&filter%5BchildAge%5D%5B1%5D=20201210&filter%5Bchild%5D=1"
"Jaz Mirabel Park","10950.0","11.10.2026 - 18.10.2026","8 dni/7 nocy","","4.4","4.4","4043","tripadvisor","Warszawa","2026-09-21T05:23:46.828269+00:00","https://fly.pl/szukaj-wycieczek/?filter[dest]=11:&filter[hotelids]=&filter[cityids]=0&filter[cregids]=&filter[ofrType]=&filter[addObjType]=&filter[whenFrom]=21-09-2026&filter[whenTo]=21-10-2026&filter[duration]=7:10&filter[from]=Warszawa%20-%20Modlin,Warszawa%20-%20Radom,Warszawa&filter[person]=2&filter[child]=1&filter[price]=4000:20000&filter[PriceFrom]=4000&filter[PriceTo]=20000&filter[addCategory]=50&filter[addCatering]=1&filter[addMisc]=0&filter[addTransport]=F&filter[fp]=1&order_by=ofr_price&filter[tourOperator]=0&filter[childAge][1]=20201210","https://fly.pl/cdn/photo/assets/uploads/582/278/2014/07/Jaz-Mirabel-Park-fly-pl.jpg","https://fly.pl/wycieczka/egipt,sharm-el-sheikh,c/jaz-mirabel-park/piuKjIhuztjUwgJnjEXf8iAAog0u1tr9KxpdRBOmvdv5vIoQiPgYhrkVrHHSR3tH9QMnYqBEpPSVAw5v7C1QZIxlVQQVjaA2ACckMUARUGFwBcA1gFVgJAygZP4gFdAFvyAhGlwwFexzRSpiBTAEvHI2EATOWMOg2m_ZcJIAABxd3sl7WIzKAwAg1jAQAM_79UDg/ofertasv/?filter[tourOperator]=JOIP&filter%5Bperson%5D=2&filter%5BchildAge%5D%5B1%5D=20201210&filter%5Bchild%5D=1"
"Albatros Sea World Resort Marsa Alam","11047.0","26.09.2026 - 04.10.2026","9 dni/7 nocy","","4.7","4.7","4499","tripadvisor","Warszawa","2026-09-21T05:23:46.828269+00:00","https://fly.pl/szukaj-wycieczek/?filter[dest]=11:&filter[hotelids]=&filter[cityids]=0&filter[cregids]=&filter[ofrType]=&filter[addObjType]=&filter[whenFrom]=21-09-2026&filter[whenTo]=21-10-2026&filter[duration]=7:10&filter[from]=Warszawa%20-%20Modlin,Warszawa%20-%20Radom,Warszawa&filter[person]=2&filter[child]=1&filter[price]=4000:20000&filter[PriceFrom]=4000&filter[PriceTo]=20000&filter[addCategory]=50&filter[addCatering]=1&filter[addMisc]=0&filter[addTransport]=F&filter[fp]=1&order_by=ofr_price&filter[tourOperator]=0&filter[childAge][1]=20201210","https://fly.pl/cdn/photo/assets/uploads/582/278/2017/08/ALBATROS-SEA-WORLD.jpg","https://fly.pl/wycieczka/egipt,marsa-alam,al-kusajr/sea-world-resort-marsa-alam/pFPqVKivMk3AkyHg-9e3TgAAogDT5YbRu3Eym7IFjzQKgo5_POVhexA4B-vTIRTOTMdjUqBEVYSU0w5v7C1QZIp1ZQAVhyYAJqAkFJciEcEaehBrkErp4-qwQbG_myLBjo_y4B19jRjggCAGMBAgy8reEq/ofertasv/?filter[tourOperator]=EXIM&filter%5Bperson%5D=2&filter%5BchildAge%5D%5B1%5D=20201210&filter%5Bchild%5D=1"
"Hilton Plaza (Hurghada)","11052.0","01.10.2026 - 08.10.2026","8 dni/7 nocy","","4.6","4.6","4249","tripadvisor","Warszawa - Radom","2026-09-21T05:23:46.828269+00:00","https://fly.pl/szukaj-wycieczek/?filter[dest]=11:&filter[hotelids]=&filter[cityids]=0&filter[cregids]=&filter[ofrType]=&filter[addObjType]=&filter[whenFrom]=21-09-2026&filter[whenTo]=21-10-2026&filter[duration]=7:10&filter[from]=Warszawa%20-%20Modlin,Warszawa%20-%20Radom,Warszawa&filter[person]=2&filter[child]=1&filter[price]=4000:20000&filter[PriceFrom]=4000&filter[PriceTo]=20000&filter[addCategory]=50&filter[addCatering]=1&filter[addMisc]=0&filter[addTransport]=F&filter[fp]=1&order_by=ofr_price&filter[tourOperator]=0&filter[childAge][1]=20201210","https://fly.pl/cdn/photo/assets/uploads/582/278/2014/10/Hilton-Plaza.jpg","https://fly.pl/wycieczka/egipt,hurghada,c/hilton-plaza-hurghada/p4krY9tbGbXyGkKPsTdUjqAAogDxVZQjh5ZFUMT5h7bfSvjJtDSG7JGG1kLrratyRh_coqBE9SRVgw6f7C1QZIrFZQQVjqAWACagVFLjIuMXI1mwEVBxcAXANYBVYCEVpA8AVd0w5PbFPSnQFSAF6vT0uBEmEATNG-OiCc_ZcJDQACEmMBAgsIzYox/ofertasv/?filter[tourOperator]=OREX&filter%5Bperson%5D=2&filter%5BchildAge%5D%5B1%5D=20201210&filter%5Bchild%5D=1"
"Sunrise Alora Aqua Park Resort","11067.0","08.10.2026 - 15.10.2026","8 dni/7 nocy","","3.5","3.5","1838","tripadvisor","Warszawa","2026-09-21T05:23:46.828269+00:00","https://fly.pl/szukaj-wycieczek/?filter[dest]=11:&filter[hotelids]=&filter[cityids]=0&filter[cregids]=&filter[ofrType]=&filter[addObjType]=&filter[whenFrom]=21-09-2026&filter[whenTo]=21-10-2026&filter[duration]=7:10&filter[from]=Warszawa%20-%20Modlin,Warszawa%20-%20Radom,Warszawa&filter[person]=2&filter[child]=1&filter[price]=4000:20000&filter[PriceFrom]=4000&filter[PriceTo]=20000&filter[addCategory]=50&filter[addCatering]=1&filter[addMisc]=0&filter[addTransport]=F&filter[fp]=1&order_by=ofr_price&filter[tourOperator]=0&filter[childAge][1]=20201210","https://fly.pl/cdn/photo/assets/uploads/582/278/2014/11/Hawaii-Caesar-Palace-Aqua-Park-ex-Mirage-Aqua-Park-fly-pl.jpg","https://fly.pl/wycieczka/egipt,hurghada,c/mirage-aqua-park-spa-cesar-palace/pK440F2-lp4YxUbKCi_H5HAAogEgXl69BCBT3IJJ-IW0Osr-_o9xaTpfsfnKGx64UlgLUqBEJWUFIw6f7C1QZIu1ZQAViSA2ACag1BbGwgaW5jbHVzaXZlciAcEdJGG83vBBjr8wy5BIHgE6sETwGh5ODEAQIAYwECC6lOGp8/ofertasv/?filter[tourOperator]=BVPR&filter%5Bperson%5D=2&filter%5BchildAge%5D%5B1%5D=20201210&filter%5Bchild%5D=1"
"Sentido Mamlouk Palace Resort & Spa (ex Sunrise)","11073.0","01.10.2026 - 08.10.2026","8 dni/7 nocy","","4.7","4.7","12045","tripadvisor","Warszawa","2026-09-21T05:23:46.828269+00:00","https://fly.pl/szukaj-wycieczek/?filter[dest]=11:&filter[hotelids]=&filter[cityids]=0&filter[cregids]=&filter[ofrType]=&filter[addObjType]=&filter[whenFrom]=21-09-2026&filter[whenTo]=21-10-2026&filter[duration]=7:10&filter[from]=Warszawa%20-%20Modlin,Warszawa%20-%20Radom,Warszawa&filter[person]=2&filter[child]=1&filter[price]=4000:20000&filter[PriceFrom]=4000&filter[PriceTo]=20000&filter[addCategory]=50&filter[addCatering]=1&filter[addMisc]=0&filter[addTransport]=F&filter[fp]=1&order_by=ofr_price&filter[tourOperator]=0&filter[childAge][1]=20201210","https://fly.pl/cdn/photo/assets/uploads/582/278/2014/10/Sentido-Mamlouk-Palace-Resort-Spa.jpg","https://fly.pl/wycieczka/egipt,hurghada,c/sentido-mamlouk-palace-resort-ex-sunrise/pmdKIaWBW4ujZfNiHc0ebWAAogtYsHrWS5Enx89vuXrIFDTZi_q7xKhskzkRELa_XdvD4qBFNGUEww6f7C1QZIwVZQQVjqAWACciMLAhUFIgYSIVzMAkAuW-fwUQ363IIJUcTF0PuPAQISYwECBV8GNqY/ofertasv/?filter[tourOperator]=SFPL&filter%5Bperson%5D=2&filter%5BchildAge%5D%5B1%5D=20201210&filter%5Bchild%5D=1"
"Pickalbatros Oasis Port Ghalib (ex. Red Sea Port Ghalib Resort)","11083.0","26.09.2026 - 03.10.2026","8 dni/7 nocy","","4.6","4.6","3642","tripadvisor","Warszawa","2026-09-21T05:23:46.828269+00:00","https://fly.pl/szukaj-wycieczek/?filter[dest]=11:&filter[hotelids]=&filter[cityids]=0&filter[cregids]=&filter[ofrType]=&filter[addObjType]=&filter[whenFrom]=21-09-2026&filter[whenTo]=21-10-2026&filter[duration]=7:10&filter[from]=Warszawa%20-%20Modlin,Warszawa%20-%20Radom,Warszawa&filter[person]=2&filter[child]=1&filter[price]=4000:20000&filter[PriceFrom]=4000&filter[PriceTo]=20000&filter[addCategory]=50&filter[addCatering]=1&filter[addMisc]=0&filter[addTransport]=F&filter[fp]=1&order_by=ofr_price&filter[tourOperator]=0&filter[childAge][1]=20201210","https://fly.pl/cdn/photo/assets/uploads/582/278/2014/09/pickalbatros-oasis.jpg","https://fly.pl/wycieczka/egipt,marsa-alam,port-ghalib/crowne-plaza-sahara-oasis-resort/puYzHz4WKIellJE--JGkUEAAogKc28b2Qx6Z-xa_95KtfPiWN5nXJGiD9Rad5ib_UKovUqBFNGUEww6f7C1QZIy1ZQQVhyYAJyIgsCFQUiBRIoXMYCQC5b5_BRDa_cgglRm7vjkgYCEmMBAgWEKwDq/ofertasv/?filter[tourOperator]=SFPL&filter%5Bperson%5D=2&filter%5BchildAge%5D%5B1%5D=20201210&filter%5Bchild%5D=1"
"Jaz Makadi Saraya (ex Iberotel)","11107.0","27.09.2026 - 04.10.2026","8 dni/7 nocy","","4.8","4.8","6819","tripadvisor","Warszawa","2026-09-21T05:23:46.828269+00:00","https://fly.pl/szukaj-wycieczek/?filter[dest]=11:&filter[hotelids]=&filter[cityids]=0&filter[cregids]=&filter[ofrType]=&filter[addObjType]=&filter[whenFrom]=21-09-2026&filter[whenTo]=21-10-2026&filter[duration]=7:10&filter[from]=Warszawa%20-%20Modlin,Warszawa%20-%20Radom,Warszawa&filter[person]=2&filter[child]=1&filter[price]=4000:20000&filter[PriceFrom]=4000&filter[PriceTo]=20000&filter[addCategory]=50&filter[addCatering]=1&filter[addMisc]=0&filter[addTransport]=F&filter[fp]=1&order_by=ofr_price&filter[tourOperator]=0&filter[childAge][1]=20201210","https://fly.pl/cdn/photo/assets/uploads/582/278/2014/07/Jaz-Makadi-Saraya-ex-Iberotel-fly-pl.jpg","https://fly.pl/wycieczka/egipt,hurghada,makadi-bay/iberotel-makadi-saraya/plux4dfEY038iuiXatqnm6AAogZTTWpHKYnoothVRD_znxkwAAAADiggQA_oIEAAcAAQAqBFdFWlkw6f7C1QZI41ZQQViKAWADaglFbnRlciBBaXJqBDAwMTVyQp4BlAEfABwBAgAWBBcCEUkSpAMV2gUYlQMTuQFAhXNMyzJPAEuckwFQABvWlA4dhKoBIBwNwcrCCQESYwENYwECBbKL4DA/ofertasv/?filter[tourOperator]=WEZY&filter%5Bperson%5D=2&filter%5BchildAge%5D%5B1%5D=20201210&filter%5Bchild%5D=1"
"Club Magic Life Kalawy","11171.0","01.10.2026 - 08.10.2026","8 dni/7 nocy","","4.5","4.5","1722","tripadvisor","Warszawa","2026-09-21T05:23:46.828269+00:00","https://fly.pl/szukaj-wycieczek/?filter[dest]=11:&filter[hotelids]=&filter[cityids]=0&filter[cregids]=&filter[ofrType]=&filter[addObjType]=&filter[whenFrom]=21-09-2026&filter[whenTo]=21-10-2026&filter[duration]=7:10&filter[from]=Warszawa%20-%20Modlin,Warszawa%20-%20Radom,Warszawa&filter[person]=2&filter[child]=1&filter[price]=4000:20000&filter[PriceFrom]=4000&filter[PriceTo]=20000&filter[addCategory]=50&filter[addCatering]=1&filter[addMisc]=0&filter[addTransport]=F&filter[fp]=1&order_by=ofr_price&filter[tourOperator]=0&filter[childAge][1]=20201210","https://fly.pl/cdn/photo/assets/uploads/582/278/2015/02/Club-Magic-Life-Kalawy-fly-pl.jpg","https://fly.pl/wycieczka/egipt,hurghada,safaga/club-magic-life-kalawy-imperial/pEMXMXWp_INA0Aos8qtwwcAAogDSq1EBp0iJKDNIvrn_xb-5i_q7xKhskzkRELa_XdvD4qBFNGUEww6f7C1QZIo1dQQVjqAWACciMLAhUFIgQSI0D6AlvjBFyv_AUNz8zOCVHmmb72AwISYwECBcfvvhs/ofertasv/?filter[tourOperator]=SFPL&filter%5Bperson%5D=2&filter%5BchildAge%5D%5B1%5D=20201210&filter%5Bchild%5D=1"
"Coral Sea Water World Resort","11181.0","11.10.2026 - 18.10.2026","8 dni/7 nocy","","4.5","4.5","9378","tripadvisor","Warszawa","2026-09-21T05:23:46.828269+00:00","https://fly.pl/szukaj-wycieczek/?filter[dest]=11:&filter[hotelids]=&filter[cityids]=0&filter[cregids]=&filter[ofrType]=&filter[addObjType]=&filter[whenFrom]=21-09-2026&filter[whenTo]=21-10-2026&filter[duration]=7:10&filter[from]=Warszawa%20-%20Modlin,Warszawa%20-%20Radom,Warszawa&filter[person]=2&filter[child]=1&filter[price]=4000:20000&filter[PriceFrom]=4000&filter[PriceTo]=20000&filter[addCategory]=50&filter[addCatering]=1&filter[addMisc]=0&filter[addTransport]=F&filter[fp]=1&order_by=ofr_price&filter[tourOperator]=0&filter[childAge][1]=20201210","https://fly.pl/cdn/photo/assets/uploads/582/278/2014/07/Coral-Sea-Waterworld.jpg","https://fly.pl/wycieczka/egipt,sharm-el-sheikh,c/coral-sea-water-world/p75D1XDLJn0oV4hIxNf7GqAAogiwVAr_uHQ-nksYc1IaRWSQiPgYhrkVrHHSR3tH9QMnYqBEpPSVAw6f7C1QZIrVdQQVjaA2ACagMxMm9yQpsBFAEVBhcAXANYBVYCQMoGT-IBXQBe3voBEdUTUtEMUwBLxyNhAEzljDoNpv2XCSAAAca3-P_CiMygMAINYwEADMdCdlo/ofertasv/?filter[tourOperator]=JOIP&filter%5Bperson%5D=2&filter%5BchildAge%5D%5B1%5D=20201210&filter%5Bchild%5D=1"
"Coral Sea Holiday Resort","11181.0","11.10.2026 - 18.10.2026","8 dni/7 nocy","","4.5","4.5","10287","tripadvisor","Warszawa","2026-09-21T05:23:46.828269+00:00","https://fly.pl/szukaj-wycieczek/?filter[dest]=11:&filter[hotelids]=&filter[cityids]=0&filter[cregids]=&filter[ofrType]=&filter[addObjType]=&filter[whenFrom]=21-09-2026&filter[whenTo]=21-10-2026&filter[duration]=7:10&filter[from]=Warszawa%20-%20Modlin,Warszawa%20-%20Radom,Warszawa&filter[person]=2&filter[child]=1&filter[price]=4000:20000&filter[PriceFrom]=4000&filter[PriceTo]=20000&filter[addCategory]=50&filter[addCatering]=1&filter[addMisc]=0&filter[addTransport]=F&filter[fp]=1&order_by=ofr_price&filter[tourOperator]=0&filter[childAge][1]=20201210","https://fly.pl/cdn/photo/assets/uploads/582/278/2014/07/Coral-Sea-Holiday-Resort.jpg","https://fly.pl/wycieczka/egipt,sharm-el-sheikh,c/coral-sea-holiday-village/p9n4ws6Eb515HLlmSnuBbFAAogFNwGuo71zQ1MPy9d9_7q_AiPgYhrkVrHHSR3tH9QMnYqBEpPSVAw6f7C1QZIrVdQQVjaA2ACagNDR21yQpsBFAEVBhcAXANYBVYCQMoGT-IBXQBe3voBEdQTUtIMUwBLxyNhAEzljDoNpv2XCSAAAbazyPjCiMygMAINYwEADNXWdc8/ofertasv/?filter[tourOperator]=JOIP&filter%5Bperson%5D=2&filter%5BchildAge%5D%5B1%5D=20201210&filter%5Bchild%5D=1"
"Pickalbatros Laguna Vista Beach","11216.0","10.10.2026 - 17.10.2026","8 dni/7 nocy","","4.0","4.0","3068","tripadvisor","Warszawa","2026-09-21T05:23:46.828269+00:00","https://fly.pl/szukaj-wycieczek/?filter[dest]=11:&filter[hotelids]=&filter[cityids]=0&filter[cregids]=&filter[ofrType]=&filter[addObjType]=&filter[whenFrom]=21-09-2026&filter[whenTo]=21-10-2026&filter[duration]=7:10&filter[from]=Warszawa%20-%20Modlin,Warszawa%20-%20Radom,Warszawa&filter[person]=2&filter[child]=1&filter[price]=4000:20000&filter[PriceFrom]=4000&filter[PriceTo]=20000&filter[addCategory]=50&filter[addCatering]=1&filter[addMisc]=0&filter[addTransport]=F&filter[fp]=1&order_by=ofr_price&filter[tourOperator]=0&filter[childAge][1]=20201210","https://fly.pl/cdn/photo/assets/uploads/582/278/2014/07/laguna.jpg","https://fly.pl/wycieczka/egipt,sharm-el-sheikh,c/laguna-vista-beach/pFzwI4HwNwK2vLjSWo55_7AAogDQdmmT7AeIz4lf8BqhuWOgAAAACZhAQAtoQEAAcAEgAqBFdFWlkw6f7C1QZI0FdQQVjCA2ADaglFbnRlciBBaXJqBDA4MDByQp4BlQEfABwBAgAWBBcCEWsSggMYhQUTzQEUyQRAknJMoKIBTwBLxyNQABvHmgMdyqcMIB0N3MfCCQESYwENYwEEDE4MP-k/ofertasv/?filter[tourOperator]=WEZY&filter%5Bperson%5D=2&filter%5BchildAge%5D%5B1%5D=20201210&filter%5Bchild%5D=1"
"Movenpick Resort & Spa El Gouna","11266.0","27.09.2026 - 04.10.2026","8 dni/7 nocy","","4.5","4.5","6195","tripadvisor","Warszawa","2026-09-21T05:23:46.828269+00:00","https://fly.pl/szukaj-wycieczek/?filter[dest]=11:&filter[hotelids]=&filter[cityids]=0&filter[cregids]=&filter[ofrType]=&filter[addObjType]=&filter[whenFrom]=21-09-2026&filter[whenTo]=21-10-2026&filter[duration]=7:10&filter[from]=Warszawa%20-%20Modlin,Warszawa%20-%20Radom,Warszawa&filter[person]=2&filter[child]=1&filter[price]=4000:20000&filter[PriceFrom]=4000&filter[PriceTo]=20000&filter[addCategory]=50&filter[addCatering]=1&filter[addMisc]=0&filter[addTransport]=F&filter[fp]=1&order_by=ofr_price&filter[tourOperator]=0&filter[childAge][1]=20201210","https://fly.pl/cdn/photo/assets/uploads/582/278/2014/07/Movenpick-Resort-Spa-El-Gouna-fly-pl.jpg","https://fly.pl/wycieczka/egipt,hurghada,el-gouna/moevenpick-resort-spa-el-gouna/plewB6hbYhMl79GMyWRytvAAogVi0i_xQp0t7SWJeQ8r7A1AAAAADiggQA_oIEAAcAAQAqBFdFWlkw6f7C1QZIglhQQViKAWADaglFbnRlciBBaXJqBDAwMTVyQp4BlAEfABwBAgARARYDFwIS7QMV2gUYlQMTuQFAhXNMyzJPAEuckwFQABuBuwId2YMNIBwNwcrCCQESYwEMYwECBfP9Uao/ofertasv/?filter[tourOperator]=WEZY&filter%5Bperson%5D=2&filter%5BchildAge%5D%5B1%5D=20201210&filter%5Bchild%5D=1"
"Pickalbatros Palace Resort","11283.0","13.10.2026 - 20.10.2026","8 dni/7 nocy","","4.5","4.5","935","tripadvisor","Warszawa","2026-09-21T05:23:46.828269+00:00","https://fly.pl/szukaj-wycieczek/?filter[dest]=11:&filter[hotelids]=&filter[cityids]=0&filter[cregids]=&filter[ofrType]=&filter[addObjType]=&filter[whenFrom]=21-09-2026&filter[whenTo]=21-10-2026&filter[duration]=7:10&filter[from]=Warszawa%20-%20Modlin,Warszawa%20-%20Radom,Warszawa&filter[person]=2&filter[child]=1&filter[price]=4000:20000&filter[PriceFrom]=4000&filter[PriceTo]=20000&filter[addCategory]=50&filter[addCatering]=1&filter[addMisc]=0&filter[addTransport]=F&filter[fp]=1&order_by=ofr_price&filter[tourOperator]=0&filter[childAge][1]=20201210","https://fly.pl/cdn/photo/assets/uploads/582/278/2014/09/Albatros-Palace-fly-pl-4.jpg","https://fly.pl/wycieczka/egipt,hurghada,c/albatros-palace/pHQZOUuS0ZaiLO6-wG3zMLAAog1EmPJJekrOArzoZQUagHXWqyvADKfxjztHOrlw2TEoUqBEpPSVAw6f7C1QZIk1hQQViKBGACagNDR21yQpsBFAEVBhcAXANYBVYCQMoGT-IBXQBSr6sBUwARwRle7jVL7UNhAEzljDoNqP2XCSAAAbaP-IjFhsygMAINYwEADCNV5-o/ofertasv/?filter[tourOperator]=JOIP&filter%5Bperson%5D=2&filter%5BchildAge%5D%5B1%5D=20201210&filter%5Bchild%5D=1"
"Cardina Resort by Sunrise","11307.0","06.10.2026 - 13.10.2026","8 dni/7 nocy","","4.2","4.2","3597","tripadvisor","Warszawa","2026-09-21T05:23:46.828269+00:00","https://fly.pl/szukaj-wycieczek/?filter[dest]=11:&filter[hotelids]=&filter[cityids]=0&filter[cregids]=&filter[ofrType]=&filter[addObjType]=&filter[whenFrom]=21-09-2026&filter[whenTo]=21-10-2026&filter[duration]=7:10&filter[from]=Warszawa%20-%20Modlin,Warszawa%20-%20Radom,Warszawa&filter[person]=2&filter[child]=1&filter[price]=4000:20000&filter[PriceFrom]=4000&filter[PriceTo]=20000&filter[addCategory]=50&filter[addCatering]=1&filter[addMisc]=0&filter[addTransport]=F&filter[fp]=1&order_by=ofr_price&filter[tourOperator]=0&filter[childAge][1]=20201210","https://fly.pl/cdn/photo/assets/uploads/582/278/2016/11/Aurora-Oriental-Bay-Marsa-Alam.jpg","https://fly.pl/wycieczka/egipt,marsa-alam,c/aurora-oriental-bay-marsa-alam/pEdxCTxiNhB8r5EcUufDNdAAogvlRjGVUl5r-_M0gO0zDtS4GDUkDRanLk14V_5gABdJoqBEJWUFIw6f7C1QZIq1hQAVjiAmACag1BbGwgaW5jbHVzaXZlciAcEZtQG5XiBBio4wy5BKLwE6sEHAHQxIHCAQIAYwECC1IJsso/ofertasv/?filter[tourOperator]=BVPR&filter%5Bperson%5D=2&filter%5BchildAge%5D%5B1%5D=20201210&filter%5Bchild%5D=1"
"Sunrise Select Garden Beach Resort & Spa","11313.0","01.10.2026 - 08.10.2026","8 dni/7 nocy","","4.7","4.7","9765","tripadvisor","Warszawa","2026-09-21T05:23:46.828269+00:00","https://fly.pl/szukaj-wycieczek/?filter[dest]=11:&filter[hotelids]=&filter[cityids]=0&filter[cregids]=&filter[ofrType]=&filter[addObjType]=&filter[whenFrom]=21-09-2026&filter[whenTo]=21-10-2026&filter[duration]=7:10&filter[from]=Warszawa%20-%20Modlin,Warszawa%20-%20Radom,Warszawa&filter[person]=2&filter[child]=1&filter[price]=4000:20000&filter[PriceFrom]=4000&filter[PriceTo]=20000&filter[addCategory]=50&filter[addCatering]=1&filter[addMisc]=0&filter[addTransport]=F&filter[fp]=1&order_by=ofr_price&filter[tourOperator]=0&filter[childAge][1]=20201210","https://fly.pl/cdn/photo/assets/uploads/582/278/2014/09/Sunrise-Garden-Beach-Resort-Spa.jpg","https://fly.pl/wycieczka/egipt,hurghada,c/sunrise-select-garden-beach-resort-spa/pCbIwz5-H9iVNuw8UIac6DAAog2scAlM31Zn_2iYIvk2FBU5i_q7xKhskzkRELa_XdvD4qBFNGUEww6f7C1QZIsVhQQVjqAWACciILAhUFIgQSI1zMAkAuW-uXJw32ta0JUYLVvvYDAhJjAQQLzTtvHQ/ofertasv/?filter[tourOperator]=SFPL&filter%5Bperson%5D=2&filter%5BchildAge%5D%5B1%5D=20201210&filter%5Bchild%5D=1"
"Sunrise Royal Makadi Aqua Resort","11313.0","01.10.2026 - 08.10.2026","8 dni/7 nocy","","4.7","4.7","13739","tripadvisor","Warszawa","2026-09-21T05:23:46.828269+00:00","https://fly.pl/szukaj-wycieczek/?filter[dest]=11:&filter[hotelids]=&filter[cityids]=0&filter[cregids]=&filter[ofrType]=&filter[addObjType]=&filter[whenFrom]=21-09-2026&filter[whenTo]=21-10-2026&filter[duration]=7:10&filter[from]=Warszawa%20-%20Modlin,Warszawa%20-%20Radom,Warszawa&filter[person]=2&filter[child]=1&filter[price]=4000:20000&filter[PriceFrom]=4000&filter[PriceTo]=20000&filter[addCategory]=50&filter[addCatering]=1&filter[addMisc]=0&filter[addTransport]=F&filter[fp]=1&order_by=ofr_price&filter[tourOperator]=0&filter[childAge][1]=20201210","https://fly.pl/cdn/photo/assets/uploads/582/278/2014/09/Sunrise-Royal-Makadi-Aqua-Resort.jpg","https://fly.pl/wycieczka/egipt,hurghada,makadi-bay/sunrise-select-royal-makadi/puJ4FlsAsUbOixUJ8WVRjjAAogyAvLUZt0-bn_IbCBzByhkZi_q7xKhskzkRELa_XdvD4qBFNGUEww6f7C1QZIsVhQQVjqAWACciMLAhUFIgQSI1zMAkAuW-fwUQ363IIJUdr84vuPAQISYwEEC-rQ7A0/ofertasv/?filter[tourOperator]=SFPL&filter%5Bperson%5D=2&filter%5BchildAge%5D%5B1%5D=20201210&filter%5Bchild%5D=1"
"Rewaya Majestic Resort","11357.0","01.10.2026 - 08.10.2026","8 dni/7 nocy","","","","","","Warszawa","2026-09-21T05:23:46.828269+00:00","https://fly.pl/szukaj-wycieczek/?filter[dest]=11:&filter[hotelids]=&filter[cityids]=0&filter[cregids]=&filter[ofrType]=&filter[addObjType]=&filter[whenFrom]=21-09-2026&filter[whenTo]=21-10-2026&filter[duration]=7:10&filter[from]=Warszawa%20-%20Modlin,Warszawa%20-%20Radom,Warszawa&filter[person]=2&filter[child]=1&filter[price]=4000:20000&filter[PriceFrom]=4000&filter[PriceTo]=20000&filter[addCategory]=50&filter[addCatering]=1&filter[addMisc]=0&filter[addTransport]=F&filter[fp]=1&order_by=ofr_price&filter[tourOperator]=0&filter[childAge][1]=20201210","https://datacfstatic.merlinx.pl/OASI/IMG/24139/e3a15b238b2d30f27199dd0e48d3c85c0bc5e06a1c321d66bdb885dd7a89e111.webp","https://fly.pl/wycieczka/egipt,hurghada,c/rewaya-majestic-resort-10/pPKyP5snigmOqGVa3y7qQGAAoguSFNX8d7v0Hp60GsvfwAWktkr-oXB6pv3Vpnitl03gMqBE9BU0kw6f7C1QZI3VhQAVjqAWACagNVQUlyIRwRy7wBuQShjw-rBBsbuOEMGOiNEQGXsfSFAgIAYwECDZkVRFk/ofertasv/?filter[tourOperator]=OASI&filter%5Bperson%5D=2&filter%5BchildAge%5D%5B1%5D=20201210&filter%5Bchild%5D=1"
"Pickalbatros Sands Port Ghalib (ex. Red Sea Siva Sands)","11383.0","04.10.2026 - 11.10.2026","8 dni/7 nocy","","4.5","4.5","3436","tripadvisor","Warszawa","2026-09-21T05:23:46.828269+00:00","https://fly.pl/szukaj-wycieczek/?filter[dest]=11:&filter[hotelids]=&filter[cityids]=0&filter[cregids]=&filter[ofrType]=&filter[addObjType]=&filter[whenFrom]=21-09-2026&filter[whenTo]=21-10-2026&filter[duration]=7:10&filter[from]=Warszawa%20-%20Modlin,Warszawa%20-%20Radom,Warszawa&filter[person]=2&filter[child]=1&filter[price]=4000:20000&filter[PriceFrom]=4000&filter[PriceTo]=20000&filter[addCategory]=50&filter[addCatering]=1&filter[addMisc]=0&filter[addTransport]=F&filter[fp]=1&order_by=ofr_price&filter[tourOperator]=0&filter[childAge][1]=20201210","https://fly.pl/cdn/photo/assets/uploads/582/278/2014/07/PICKALBATROS-SANDS-PORT-GHALIB.jpg","https://fly.pl/wycieczka/egipt,marsa-alam,port-ghalib/crowne-plaza-sahara-sands-resort/pq3QqAMVxGl4wcgRZE7MTTAAogKIeLJ_NubOkHdLvVgb1EuwAAAAAZgwQANYMEAAcAAQAqBFdFWlkw6f7C1QZI91hQQViyAmADaglFbnRlciBBaXJqBDAwNTByQp4BlAEfABwBAgAWBBcCEQMS6gMV2gUYlQMTzQFA8XJMtpYBTwBLsS9QAB2Rvw8gHBu2qx8NoZ-jCQESYwENYwECDDElsEA/ofertasv/?filter[tourOperator]=WEZY&filter%5Bperson%5D=2&filter%5BchildAge%5D%5B1%5D=20201210&filter%5Bchild%5D=1"
"Naama Bay Promenade Beach Resort","11398.0","10.10.2026 - 17.10.2026","8 dni/7 nocy","","4.2","4.2","1290","tripadvisor","Warszawa","2026-09-21T05:23:46.828269+00:00","https://fly.pl/szukaj-wycieczek/?filter[dest]=11:&filter[hotelids]=&filter[cityids]=0&filter[cregids]=&filter[ofrType]=&filter[addObjType]=&filter[whenFrom]=21-09-2026&filter[whenTo]=21-10-2026&filter[duration]=7:10&filter[from]=Warszawa%20-%20Modlin,Warszawa%20-%20Radom,Warszawa&filter[person]=2&filter[child]=1&filter[price]=4000:20000&filter[PriceFrom]=4000&filter[PriceTo]=20000&filter[addCategory]=50&filter[addCatering]=1&filter[addMisc]=0&filter[addTransport]=F&filter[fp]=1&order_by=ofr_price&filter[tourOperator]=0&filter[childAge][1]=20201210","https://fly.pl/cdn/photo/assets/uploads/582/278/2021/07/Naama-Bay-Promenade-Beach-Resort.jpg","https://fly.pl/wycieczka/egipt,sharm-el-sheikh,szarm-el-szejk/naama-bay-promenade-beach-resort-10/pCcnJ5pTn0VSABqBfBZcXAAAogbGCu8FFnwu9O1T0yjskb1gAAAACZhAQAtoQEAAcAEgAqBFdFWlkw6f7C1QZIhllQQVjCA2ADaglFbnRlciBBaXJqBDA4MDByQ54BlQEfAAIBHAAWBBcCEu0DGIUFE80BFMkEEcoPQMhiTKCiAU8AS8cjUAAbuNQDHdntCyAdDdzHwgkBEmMBDGMBAgWx4605/ofertasv/?filter[tourOperator]=WEZY&filter%5Bperson%5D=2&filter%5BchildAge%5D%5B1%5D=20201210&filter%5Bchild%5D=1"
"Charmillion Club Resort","11398.0","10.10.2026 - 17.10.2026","8 dni/7 nocy","","4.5","4.5","6075","tripadvisor","Warszawa","2026-09-21T05:23:46.828269+00:00","https://fly.pl/szukaj-wycieczek/?filter[dest]=11:&filter[hotelids]=&filter[cityids]=0&filter[cregids]=&filter[ofrType]=&filter[addObjType]=&filter[whenFrom]=21-09-2026&filter[whenTo]=21-10-2026&filter[duration]=7:10&filter[from]=Warszawa%20-%20Modlin,Warszawa%20-%20Radom,Warszawa&filter[person]=2&filter[child]=1&filter[price]=4000:20000&filter[PriceFrom]=4000&filter[PriceTo]=20000&filter[addCategory]=50&filter[addCatering]=1&filter[addMisc]=0&filter[addTransport]=F&filter[fp]=1&order_by=ofr_price&filter[tourOperator]=0&filter[childAge][1]=20201210","https://fly.pl/cdn/photo/assets/uploads/582/278/2014/07/Charmillion-Club-Resort-ex.-Sea-Club-Resort-fly-pl.jpg","https://fly.pl/wycieczka/egipt,sharm-el-sheikh,c/sea-club-sharm-el-sheikh/pz2D3XIcRhPy_a-sHxEbNGAAogdqRPfPsqpMv9KDffLPcrbAAAAACZhAQAtoQEAAcAEgAqBFdFWlkw6f7C1QZIhllQQVjCA2ADaglFbnRlciBBaXJqBDA4MDByQ54BlQEfAAIBHAAWBBcCEu0DGIUFE80BFMkEEZEOQIFkTKCiAU8AS8cjUAAbyYABHcjBDiAdDdzHwgkBEmMBDWMBAgWZ_ncz/ofertasv/?filter[tourOperator]=WEZY&filter%5Bperson%5D=2&filter%5BchildAge%5D%5B1%5D=20201210&filter%5Bchild%5D=1"
"Jaz Sharm Dreams Resort","11413.0","27.09.2026 - 04.10.2026","8 dni/7 nocy","","4.3","4.3","6568","tripadvisor","Warszawa","2026-09-21T05:23:46.828269+00:00","https://fly.pl/szukaj-wycieczek/?filter[dest]=11:&filter[hotelids]=&filter[cityids]=0&filter[cregids]=&filter[ofrType]=&filter[addObjType]=&filter[whenFrom]=21-09-2026&filter[whenTo]=21-10-2026&filter[duration]=7:10&filter[from]=Warszawa%20-%20Modlin,Warszawa%20-%20Radom,Warszawa&filter[person]=2&filter[child]=1&filter[price]=4000:20000&filter[PriceFrom]=4000&filter[PriceTo]=20000&filter[addCategory]=50&filter[addCatering]=1&filter[addMisc]=0&filter[addTransport]=F&filter[fp]=1&order_by=ofr_price&filter[tourOperator]=0&filter[childAge][1]=20201210","https://fly.pl/cdn/photo/assets/uploads/582/278/2014/07/Jaz-Sharm-Dreams.jpg","https://fly.pl/wycieczka/egipt,sharm-el-sheikh,c/hilton-sharm-dreams-resort/p64csNUMqh-gebYkbai7RKAAog0hCiSroOUSv1krMMkon6VtvhBFpwv_tYWcE8EXXr1-EqBEpPSVAw6f7C1QZIlVlQQViKAWACagMwRkhyQpsBFAEVBhcAXANYBVYCQMoGT-IBXQARxMYBXpo0UqYgUwBLxyNhAEzljDoN0vyXCSAAAYjI8L-1iMygMAINYwEADKRNfKQ/ofertasv/?filter[tourOperator]=JOIP&filter%5Bperson%5D=2&filter%5BchildAge%5D%5B1%5D=20201210&filter%5Bchild%5D=1"
"Swiss Inn Resort Hurghada (ex. Hilton Hurghada Resort)","11437.0","04.10.2026 - 11.10.2026","8 dni/7 nocy","","4.5","4.5","1879","tripadvisor","Warszawa","2026-09-21T05:23:46.828269+00:00","https://fly.pl/szukaj-wycieczek/?filter[dest]=11:&filter[hotelids]=&filter[cityids]=0&filter[cregids]=&filter[ofrType]=&filter[addObjType]=&filter[whenFrom]=21-09-2026&filter[whenTo]=21-10-2026&filter[duration]=7:10&filter[from]=Warszawa%20-%20Modlin,Warszawa%20-%20Radom,Warszawa&filter[person]=2&filter[child]=1&filter[price]=4000:20000&filter[PriceFrom]=4000&filter[PriceTo]=20000&filter[addCategory]=50&filter[addCatering]=1&filter[addMisc]=0&filter[addTransport]=F&filter[fp]=1&order_by=ofr_price&filter[tourOperator]=0&filter[childAge][1]=20201210","https://fly.pl/cdn/photo/assets/uploads/582/278/2014/07/Swiss-Inn-Resort-Hurghada.jpg","https://fly.pl/wycieczka/egipt,hurghada,c/hilton-resort/pPnXIss24HaNoJipk_r5EwAAogNxICQ-UhDncKE1AWQ-eR9AAAAADjggQA_4IEAAcAAQAqBFdFWlkw6f7C1QZIrVlQQViyAmADaglFbnRlciBBaXJqBDAwMTVyQZ4BlAEfAAIBHAAWBBcCEu0DFdoFGJUDE7kBQIVzTMsyTwARo0JL-VBQABuIKx3Tkw8gHA2Ny8IJARJjAQxjAQIGUFIWRA/ofertasv/?filter[tourOperator]=WEZY&filter%5Bperson%5D=2&filter%5BchildAge%5D%5B1%5D=20201210&filter%5Bchild%5D=1"
"Titanic Royal","11474.0","27.09.2026 - 04.10.2026","8 dni/7 nocy","","4.8","4.8","4654","tripadvisor","Warszawa","2026-09-21T05:23:46.828269+00:00","https://fly.pl/szukaj-wycieczek/?filter[dest]=11:&filter[hotelids]=&filter[cityids]=0&filter[cregids]=&filter[ofrType]=&filter[addObjType]=&filter[whenFrom]=21-09-2026&filter[whenTo]=21-10-2026&filter[duration]=7:10&filter[from]=Warszawa%20-%20Modlin,Warszawa%20-%20Radom,Warszawa&filter[person]=2&filter[child]=1&filter[price]=4000:20000&filter[PriceFrom]=4000&filter[PriceTo]=20000&filter[addCategory]=50&filter[addCatering]=1&filter[addMisc]=0&filter[addTransport]=F&filter[fp]=1&order_by=ofr_price&filter[tourOperator]=0&filter[childAge][1]=20201210","https://fly.pl/cdn/photo/assets/uploads/582/278/2018/12/Titanic-Royal-fly-pl.jpg","https://fly.pl/wycieczka/egipt,hurghada,c/titanic-royal/pauok_-1loU03nROlq6fHHAAog9vt1UmTBm7tPs75pwzobVgAAAADiggQA_oIEAAcAAQAqBFdFWlkw6f7C1QZI0llQQViKAWADaglFbnRlciBBaXJqBDAwMTVyQp4BlAEfAAIBFgAcABcGEu0DFdoFGJUDE7kBQIVzTMsyTwARtCFL6HFQAB3avg8gHBuE8DUNvdqMCQESYwEMYwECBfJjEkM/ofertasv/?filter[tourOperator]=WEZY&filter%5Bperson%5D=2&filter%5BchildAge%5D%5B1%5D=20201210&filter%5Bchild%5D=1"
"Jaz Lamaya Resort (ex Iberotel)","11487.0","29.09.2026 - 06.10.2026","8 dni/7 nocy","","4.6","4.6","5880","tripadvisor","Warszawa","2026-09-21T05:23:46.828269+00:00","https://fly.pl/szukaj-wycieczek/?filter[dest]=11:&filter[hotelids]=&filter[cityids]=0&filter[cregids]=&filter[ofrType]=&filter[addObjType]=&filter[whenFrom]=21-09-2026&filter[whenTo]=21-10-2026&filter[duration]=7:10&filter[from]=Warszawa%20-%20Modlin,Warszawa%20-%20Radom,Warszawa&filter[person]=2&filter[child]=1&filter[price]=4000:20000&filter[PriceFrom]=4000&filter[PriceTo]=20000&filter[addCategory]=50&filter[addCatering]=1&filter[addMisc]=0&filter[addTransport]=F&filter[fp]=1&order_by=ofr_price&filter[tourOperator]=0&filter[childAge][1]=20201210","https://fly.pl/cdn/photo/assets/uploads/582/278/2014/09/jaz-lamaya.jpg","https://fly.pl/wycieczka/egipt,marsa-alam,madinat-coraya/iberotel-lamaya-resort/p9AW8r34QmNg3Uk0C9FGYaAAoggiffSgGKdlbFUfaTLXbcXU06hx9ocs0uTwVzFzEHmYkqBEVYSU0w6f7C1QZI31lQAVi6AWACagJBSXIhHBHzxwa5BPf2PasEHBv33joYqfU7AfXMsbkKAgBjAQIMwzPRTQ/ofertasv/?filter[tourOperator]=EXIM&filter%5Bperson%5D=2&filter%5BchildAge%5D%5B1%5D=20201210&filter%5Bchild%5D=1"
"Safir Dahab Resort","11494.0","11.10.2026 - 18.10.2026","8 dni/7 nocy","","4.5","4.5","1527","tripadvisor","Warszawa","2026-09-21T05:23:46.828269+00:00","https://fly.pl/szukaj-wycieczek/?filter[dest]=11:&filter[hotelids]=&filter[cityids]=0&filter[cregids]=&filter[ofrType]=&filter[addObjType]=&filter[whenFrom]=21-09-2026&filter[whenTo]=21-10-2026&filter[duration]=7:10&filter[from]=Warszawa%20-%20Modlin,Warszawa%20-%20Radom,Warszawa&filter[person]=2&filter[child]=1&filter[price]=4000:20000&filter[PriceFrom]=4000&filter[PriceTo]=20000&filter[addCategory]=50&filter[addCatering]=1&filter[addMisc]=0&filter[addTransport]=F&filter[fp]=1&order_by=ofr_price&filter[tourOperator]=0&filter[childAge][1]=20201210","https://fly.pl/cdn/photo/assets/uploads/582/278/2015/09/Safir-Dahab-Resort.jpg","https://fly.pl/wycieczka/egipt,dahab,c/dahab-resort/pY0-aGW7DMo_ZrAG0nZqbNAAog2FIJYsgjhfpHcxUHF8XIzgiPgYhrkVrHHSR3tH9QMnYqBEpPSVAw6f7C1QZI5llQQVjaA2ACagMwMHdyQpsBFAEVBhcAXANYBVYCQMoGT-IBXQBe3voBEcQEUuIbUwBLxyNhAEzljDoNpv2XCSAAAbq39Ii0iMygMAINYwEAC9NasAk/ofertasv/?filter[tourOperator]=JOIP&filter%5Bperson%5D=2&filter%5BchildAge%5D%5B1%5D=20201210&filter%5Bchild%5D=1"
"Double Tree by Hilton Mangroovy El Gouna Resort","11633.0","01.10.2026 - 08.10.2026","8 dni/7 nocy","","","","","","Warszawa - Radom","2026-09-21T05:23:46.828269+00:00","https://fly.pl/szukaj-wycieczek/?filter[dest]=11:&filter[hotelids]=&filter[cityids]=0&filter[cregids]=&filter[ofrType]=&filter[addObjType]=&filter[whenFrom]=21-09-2026&filter[whenTo]=21-10-2026&filter[duration]=7:10&filter[from]=Warszawa%20-%20Modlin,Warszawa%20-%20Radom,Warszawa&filter[person]=2&filter[child]=1&filter[price]=4000:20000&filter[PriceFrom]=4000&filter[PriceTo]=20000&filter[addCategory]=50&filter[addCatering]=1&filter[addMisc]=0&filter[addTransport]=F&filter[fp]=1&order_by=ofr_price&filter[tourOperator]=0&filter[childAge][1]=20201210","https://datacfstatic.merlinx.pl/OREX/IMG/6513/61970b72b312ea6d0373821b3cb6271ebffe7a152e252532c893aa503ed99358.webp","https://fly.pl/wycieczka/egipt,hurghada,al-dzuna/double-tree-by-hilton-mangroovy-el-gouna-13/pz0KrJGxAgFkSI_f3NIZddAAog2T315cxqL99FtniBsRw5EJtDSG7JGG1kLrratyRh_coqBE9SRVgw6f7C1QZI8VpQQVjqAWACagVYLjIuMXI2mwEVBxcAXANYBVYCQMoGXdMOT2wR1xxT-4ABUgBer09LgRJhAEzRvjognP2XCQ0AAhJjAQILlCZJzw/ofertasv/?filter[tourOperator]=OREX&filter%5Bperson%5D=2&filter%5BchildAge%5D%5B1%5D=20201210&filter%5Bchild%5D=1"
"Jaz Makadi Oasis Resort","11641.0","01.10.2026 - 08.10.2026","8 dni/7 nocy","","4.7","4.7","5403","tripadvisor","Warszawa","2026-09-21T05:23:46.828269+00:00","https://fly.pl/szukaj-wycieczek/?filter[dest]=11:&filter[hotelids]=&filter[cityids]=0&filter[cregids]=&filter[ofrType]=&filter[addObjType]=&filter[whenFrom]=21-09-2026&filter[whenTo]=21-10-2026&filter[duration]=7:10&filter[from]=Warszawa%20-%20Modlin,Warszawa%20-%20Radom,Warszawa&filter[person]=2&filter[child]=1&filter[price]=4000:20000&filter[PriceFrom]=4000&filter[PriceTo]=20000&filter[addCategory]=50&filter[addCatering]=1&filter[addMisc]=0&filter[addTransport]=F&filter[fp]=1&order_by=ofr_price&filter[tourOperator]=0&filter[childAge][1]=20201210","https://fly.pl/cdn/photo/assets/uploads/582/278/2015/04/Jaz-Makadi-Oasis.jpg","https://fly.pl/wycieczka/egipt,hurghada,makadi-bay/iberotel-makadi-club-oasis/pHWPP74-poTLrPOjmF-kadAAog9BGf6niia4J2JBR8-a6965i_q7xKhskzkRELa_XdvD4qBFNGUEww6f7C1QZI-VpQQVjqAWACciMLAhUFIgUSIlzMAkAuDeHN1Albvp-5DVGZ3ITpAwISYwECBWB-zOE/ofertasv/?filter[tourOperator]=SFPL&filter%5Bperson%5D=2&filter%5BchildAge%5D%5B1%5D=20201210&filter%5Bchild%5D=1"
"Jaz Elite Maraya","11687.0","26.09.2026 - 04.10.2026","9 dni/7 nocy","","4.9","4.9","2733","tripadvisor","Warszawa","2026-09-21T05:23:46.828269+00:00","https://fly.pl/szukaj-wycieczek/?filter[dest]=11:&filter[hotelids]=&filter[cityids]=0&filter[cregids]=&filter[ofrType]=&filter[addObjType]=&filter[whenFrom]=21-09-2026&filter[whenTo]=21-10-2026&filter[duration]=7:10&filter[from]=Warszawa%20-%20Modlin,Warszawa%20-%20Radom,Warszawa&filter[person]=2&filter[child]=1&filter[price]=4000:20000&filter[PriceFrom]=4000&filter[PriceTo]=20000&filter[addCategory]=50&filter[addCatering]=1&filter[addMisc]=0&filter[addTransport]=F&filter[fp]=1&order_by=ofr_price&filter[tourOperator]=0&filter[childAge][1]=20201210","https://fly.pl/cdn/photo/assets/uploads/582/278/2019/08/Jaz-Maraya.jpg","https://fly.pl/wycieczka/egipt,marsa-alam,c/jaz-maraya/p7D2f-g_uaAKJDpkM_i3bQAAoggDRkZ8l5BS-lMUn91c1tcvPOVhexA4B-vTIRTOTMdjUqBEVYSU0w6f7C1QZIp1tQAVhyYAJqAkFJciEcEZXKBrkEwPU9qwQbG7epPBiY9D0B_Prc7goCAGMBAgwOqYBN/ofertasv/?filter[tourOperator]=EXIM&filter%5Bperson%5D=2&filter%5BchildAge%5D%5B1%5D=20201210&filter%5Bchild%5D=1"
"Pickalbatros Palace Port Ghalib (ex. Red Sea The Palace)","11701.0","26.09.2026 - 03.10.2026","8 dni/7 nocy","","4.7","4.7","3738","tripadvisor","Warszawa","2026-09-21T05:23:46.828269+00:00","https://fly.pl/szukaj-wycieczek/?filter[dest]=11:&filter[hotelids]=&filter[cityids]=0&filter[cregids]=&filter[ofrType]=&filter[addObjType]=&filter[whenFrom]=21-09-2026&filter[whenTo]=21-10-2026&filter[duration]=7:10&filter[from]=Warszawa%20-%20Modlin,Warszawa%20-%20Radom,Warszawa&filter[person]=2&filter[child]=1&filter[price]=4000:20000&filter[PriceFrom]=4000&filter[PriceTo]=20000&filter[addCategory]=50&filter[addCatering]=1&filter[addMisc]=0&filter[addTransport]=F&filter[fp]=1&order_by=ofr_price&filter[tourOperator]=0&filter[childAge][1]=20201210","https://fly.pl/cdn/photo/assets/uploads/582/278/2014/09/albatros-palace.jpg","https://fly.pl/wycieczka/egipt,marsa-alam,port-ghalib/intercontinental-the-palace-port-ghalib/p8ene7nZgw2NYiN-zA1uUMAAogzqOsqGsCouDobGUuCDoc6mN5nXJGiD9Rad5ib_UKovUqBFNGUEww6f7C1QZItVtQQVhyYAJyJAsCFQUiBRIoXMYCQC4Nls3UCVuJvLUNUd2i2ejfAQISYwECBVMQkco/ofertasv/?filter[tourOperator]=SFPL&filter%5Bperson%5D=2&filter%5BchildAge%5D%5B1%5D=20201210&filter%5Bchild%5D=1"
"Nubian Island","11775.0","10.10.2026 - 17.10.2026","8 dni/7 nocy","","4.7","4.7","3724","tripadvisor","Warszawa","2026-09-21T05:23:46.828269+00:00","https://fly.pl/szukaj-wycieczek/?filter[dest]=11:&filter[hotelids]=&filter[cityids]=0&filter[cregids]=&filter[ofrType]=&filter[addObjType]=&filter[whenFrom]=21-09-2026&filter[whenTo]=21-10-2026&filter[duration]=7:10&filter[from]=Warszawa%20-%20Modlin,Warszawa%20-%20Radom,Warszawa&filter[person]=2&filter[child]=1&filter[price]=4000:20000&filter[PriceFrom]=4000&filter[PriceTo]=20000&filter[addCategory]=50&filter[addCatering]=1&filter[addMisc]=0&filter[addTransport]=F&filter[fp]=1&order_by=ofr_price&filter[tourOperator]=0&filter[childAge][1]=20201210","https://fly.pl/cdn/photo/assets/uploads/582/278/2014/07/Nubian-Island.jpg","https://fly.pl/wycieczka/egipt,sharm-el-sheikh,c/nubian-island/pVJNEoU-GZd2o1YBxaVTvJAAogEh0oa32mZMMpMsgKgYuyggAAAACZhAQAtoQEAAcAEgAqBFdFWlkw6f7C1QZI_1tQQVjCA2ADaglFbnRlciBBaXJqBDA4MDByQp4BlQEfABwBAgAWBBcCEXcS9gIYhQUTzQEUyQRAknJMoKIBTwBLxyNQABuruwQd5oYLIB0N3MfCCQESYwEOYwECBUohf4c/ofertasv/?filter[tourOperator]=WEZY&filter%5Bperson%5D=2&filter%5BchildAge%5D%5B1%5D=20201210&filter%5Bchild%5D=1"
"Nubian Village","11775.0","10.10.2026 - 17.10.2026","8 dni/7 nocy","","4.5","4.5","4649","tripadvisor","Warszawa","2026-09-21T05:23:46.828269+00:00","https://fly.pl/szukaj-wycieczek/?filter[dest]=11:&filter[hotelids]=&filter[cityids]=0&filter[cregids]=&filter[ofrType]=&filter[addObjType]=&filter[whenFrom]=21-09-2026&filter[whenTo]=21-10-2026&filter[duration]=7:10&filter[from]=Warszawa%20-%20Modlin,Warszawa%20-%20Radom,Warszawa&filter[person]=2&filter[child]=1&filter[price]=4000:20000&filter[PriceFrom]=4000&filter[PriceTo]=20000&filter[addCategory]=50&filter[addCatering]=1&filter[addMisc]=0&filter[addTransport]=F&filter[fp]=1&order_by=ofr_price&filter[tourOperator]=0&filter[childAge][1]=20201210","https://fly.pl/cdn/photo/assets/uploads/582/278/2014/07/Nubian-Village-fly-pl.jpg","https://fly.pl/wycieczka/egipt,sharm-el-sheikh,c/nubian-village/pUK_EWCOgzkWBm9GT0S9u_AAogxIkI1i-xMb6UX5YK9Gr-AgAAAACZhAQAtoQEAAcAEgAqBFdFWlkw6f7C1QZI_1tQQVjCA2ADaglFbnRlciBBaXJqBDA4MDByQp4BlQEfABwBAgAWBBcCEXgS9QIYhQUTzQEUyQRAknJMoKIBTwBLxyNQABuruwQd5oYLIB0N3MfCCQESYwEOYwECBVKLJPc/ofertasv/?filter[tourOperator]=WEZY&filter%5Bperson%5D=2&filter%5BchildAge%5D%5B1%5D=20201210&filter%5Bchild%5D=1"
"Steigenberger Aqua Magic","11789.0","13.10.2026 - 20.10.2026","8 dni/7 nocy","","4.6","4.6","10965","tripadvisor","Warszawa","2026-09-21T05:23:46.828269+00:00","https://fly.pl/szukaj-wycieczek/?filter[dest]=11:&filter[hotelids]=&filter[cityids]=0&filter[cregids]=&filter[ofrType]=&filter[addObjType]=&filter[whenFrom]=21-09-2026&filter[whenTo]=21-10-2026&filter[duration]=7:10&filter[from]=Warszawa%20-%20Modlin,Warszawa%20-%20Radom,Warszawa&filter[person]=2&filter[child]=1&filter[price]=4000:20000&filter[PriceFrom]=4000&filter[PriceTo]=20000&filter[addCategory]=50&filter[addCatering]=1&filter[addMisc]=0&filter[addTransport]=F&filter[fp]=1&order_by=ofr_price&filter[tourOperator]=0&filter[childAge][1]=20201210","https://fly.pl/cdn/photo/assets/uploads/582/278/2014/09/Steigenberger-Aqua-Magic.jpg","https://fly.pl/wycieczka/egipt,hurghada,c/steigenberger-aqua-magic/pIu-eH7YOtF24fs8aD92nmAAogiqnbkJue4xmavpdOe0DSzmqyvADKfxjztHOrlw2TEoUqBEpPSVAw7f7C1QZIjVxQQViKBGACagMwMHdyQpsBFAEVBhcAXANYBVYCQMoGT-IBXQBSr6sBUwARohpejTVL7UNhAEzljDoNqP2XCSAAAbqPtODEhsygMAINYwEACzVSGW0/ofertasv/?filter[tourOperator]=JOIP&filter%5Bperson%5D=2&filter%5BchildAge%5D%5B1%5D=20201210&filter%5Bchild%5D=1"
"Sunrise Anjum Resort","11908.0","27.09.2026 - 04.10.2026","8 dni/7 nocy","","4.9","4.9","1616","tripadvisor","Warszawa","2026-09-21T05:23:46.828269+00:00","https://fly.pl/szukaj-wycieczek/?filter[dest]=11:&filter[hotelids]=&filter[cityids]=0&filter[cregids]=&filter[ofrType]=&filter[addObjType]=&filter[whenFrom]=21-09-2026&filter[whenTo]=21-10-2026&filter[duration]=7:10&filter[from]=Warszawa%20-%20Modlin,Warszawa%20-%20Radom,Warszawa&filter[person]=2&filter[child]=1&filter[price]=4000:20000&filter[PriceFrom]=4000&filter[PriceTo]=20000&filter[addCategory]=50&filter[addCatering]=1&filter[addMisc]=0&filter[addTransport]=F&filter[fp]=1&order_by=ofr_price&filter[tourOperator]=0&filter[childAge][1]=20201210","https://fly.pl/cdn/photo/assets/uploads/582/278/2024/02/Sunrise-Anjum-Resort.jpg","https://fly.pl/wycieczka/egipt,marsa-alam,c/sunrise-anjum-resort-12/p11aDXJbbZ2UKh5y7idqieAAogK4wQILyUznMZbdWp_mXoWgAAAAAYgwQANIMEAAcABQAqBFdFWlkw7f7C1QZIhF1QQViKAWADaglFbnRlciBBaXJqBDAwNTByRJ4BlAEfAAIBHAAWBBcCEu0DFdoFGJUDE80BQPFyT7aWAUwAS7EvUAAR3IIBHbS8DiAcG42KJA3-v54JARJjAQxjAQQLta9xmw/ofertasv/?filter[tourOperator]=WEZY&filter%5Bperson%5D=2&filter%5BchildAge%5D%5B1%5D=20201210&filter%5Bchild%5D=1"
"Steigenberger Golf Resort","11911.0","27.09.2026 - 04.10.2026","8 dni/7 nocy","","4.8","4.8","1672","tripadvisor","Warszawa","2026-09-21T05:23:46.828269+00:00","https://fly.pl/szukaj-wycieczek/?filter[dest]=11:&filter[hotelids]=&filter[cityids]=0&filter[cregids]=&filter[ofrType]=&filter[addObjType]=&filter[whenFrom]=21-09-2026&filter[whenTo]=21-10-2026&filter[duration]=7:10&filter[from]=Warszawa%20-%20Modlin,Warszawa%20-%20Radom,Warszawa&filter[person]=2&filter[child]=1&filter[price]=4000:20000&filter[PriceFrom]=4000&filter[PriceTo]=20000&filter[addCategory]=50&filter[addCatering]=1&filter[addMisc]=0&filter[addTransport]=F&filter[fp]=1&order_by=ofr_price&filter[tourOperator]=0&filter[childAge][1]=20201210","https://fly.pl/cdn/photo/assets/uploads/582/278/2015/01/Steigenberger-Golf.jpg","https://fly.pl/wycieczka/egipt,hurghada,el-gouna/steigenberger-golf/pJBQyuSE5ks7sDH0oOyAtkAAoghmGZ2--IxTq908ULseStzAAAAADiggQA_oIEAAcAAQAqBFdFWlkw7f7C1QZIh11QQViKAWADaglFbnRlciBBaXJqBDAwMTVyQp4BlAEfABwBAgAWBBcCER4SzwMV2gUYlQMTuQFAhXNMyzJPAEuckwFQABuYggQdwrwLIBwNwcrCCQESYwENYwECBRP0z38/ofertasv/?filter[tourOperator]=WEZY&filter%5Bperson%5D=2&filter%5BchildAge%5D%5B1%5D=20201210&filter%5Bchild%5D=1"
"Swissotel Sharm El Sheikh","12077.0","10.10.2026 - 17.10.2026","8 dni/7 nocy","","","","","","Warszawa","2026-09-21T05:23:46.828269+00:00","https://fly.pl/szukaj-wycieczek/?filter[dest]=11:&filter[hotelids]=&filter[cityids]=0&filter[cregids]=&filter[ofrType]=&filter[addObjType]=&filter[whenFrom]=21-09-2026&filter[whenTo]=21-10-2026&filter[duration]=7:10&filter[from]=Warszawa%20-%20Modlin,Warszawa%20-%20Radom,Warszawa&filter[person]=2&filter[child]=1&filter[price]=4000:20000&filter[PriceFrom]=4000&filter[PriceTo]=20000&filter[addCategory]=50&filter[addCatering]=1&filter[addMisc]=0&filter[addTransport]=F&filter[fp]=1&order_by=ofr_price&filter[tourOperator]=0&filter[childAge][1]=20201210","https://fly.pl/cdn/photo/assets/uploads/582/278/2023/12/Swissotel-Sharm-El-Sheikh.jpg","https://fly.pl/wycieczka/egipt,sharm-el-sheikh,szarm-el-szejk/swissotel-sharm-el-sheikh-14/pyWjgS8S5z0sQeq2SIn7VQAAogptmA1W54OQEuMi3LZM_rEgAAAACZhAQAtoQEAAcAEgAqBFdFWlkw7f7C1QZIrV5QQVjCA2ADaglFbnRlciBBaXJqBDA4MDByQ54BlQEfAAIBFgAcABcGEu0DGIUFE80BFMkEQJJyT6CiAUwAS8cjUAAR-GAdmeEOIB0bv8c2DZ2AjAkBEmMBDGMBAws7pNKk/ofertasv/?filter[tourOperator]=WEZY&filter%5Bperson%5D=2&filter%5BchildAge%5D%5B1%5D=20201210&filter%5Bchild%5D=1"
"Pickalbatros Citadel Sahl Hasheesh (ex. Citadel Azur Resort)","12088.0","27.09.2026 - 04.10.2026","8 dni/7 nocy","","4.5","4.5","4866","tripadvisor","Warszawa","2026-09-21T05:23:46.828269+00:00","https://fly.pl/szukaj-wycieczek/?filter[dest]=11:&filter[hotelids]=&filter[cityids]=0&filter[cregids]=&filter[ofrType]=&filter[addObjType]=&filter[whenFrom]=21-09-2026&filter[whenTo]=21-10-2026&filter[duration]=7:10&filter[from]=Warszawa%20-%20Modlin,Warszawa%20-%20Radom,Warszawa&filter[person]=2&filter[child]=1&filter[price]=4000:20000&filter[PriceFrom]=4000&filter[PriceTo]=20000&filter[addCategory]=50&filter[addCatering]=1&filter[addMisc]=0&filter[addTransport]=F&filter[fp]=1&order_by=ofr_price&filter[tourOperator]=0&filter[childAge][1]=20201210","https://fly.pl/cdn/photo/assets/uploads/582/278/2014/07/Albatros-Citadel-Sahl-Hasheesh-ex.-Citadel-Azur-Resort-fly-pl.jpg","https://fly.pl/wycieczka/egipt,hurghada,c/citadel-azur-resort/pM3AOwaXp4W8ZhLjFlk5JWAAoguuLduXO0HA817IYwD_1k7AAAAADiggQA_oIEAAcAAQAqBFdFWlkw7f7C1QZIuF5QQViKAWADaglFbnRlciBBaXJqBDAwMTVyQp4BlAEfABwBAgAWBBcCEVMSmgMV2gUYlQMTuQFAhXNMyzJPAEuckwFQAB3avg8gHBvFgWcN_MjbCAESYwENYwECDDbA-go/ofertasv/?filter[tourOperator]=WEZY&filter%5Bperson%5D=2&filter%5BchildAge%5D%5B1%5D=20201210&filter%5Bchild%5D=1"
"Invidia Coral Beach Tiran","12169.0","10.10.2026 - 17.10.2026","8 dni/7 nocy","","4.8","4.8","337","tripadvisor","Warszawa","2026-09-21T05:23:46.828269+00:00","https://fly.pl/szukaj-wycieczek/?filter[dest]=11:&filter[hotelids]=&filter[cityids]=0&filter[cregids]=&filter[ofrType]=&filter[addObjType]=&filter[whenFrom]=21-09-2026&filter[whenTo]=21-10-2026&filter[duration]=7:10&filter[from]=Warszawa%20-%20Modlin,Warszawa%20-%20Radom,Warszawa&filter[person]=2&filter[child]=1&filter[price]=4000:20000&filter[PriceFrom]=4000&filter[PriceTo]=20000&filter[addCategory]=50&filter[addCatering]=1&filter[addMisc]=0&filter[addTransport]=F&filter[fp]=1&order_by=ofr_price&filter[tourOperator]=0&filter[childAge][1]=20201210","https://fly.pl/cdn/photo/assets/uploads/582/278/2014/07/Coral-Beach-Rotana-Tiran-fly-pl.jpg","https://fly.pl/wycieczka/egipt,sharm-el-sheikh,c/coral-beach-rotana-tiran/prYEtMNnw5xvwtWnFy1vAPAAogaB0HhyhAMfR7j9Z3IwXEWAAAAACZhAQAtoQEAAcAEgAqBFdFWlkw7f7C1QZIiV9QQVjCA2ADaglFbnRlciBBaXJqBDA4MDByQp4BlQEfABwBAgAWABcGESMSygMYhQUTzQEUyQRAknJMoKIBTwBLxyNQAB2Rwg8gHRvXwmQNhYXeCAESYwEMYwECC5jrHRo/ofertasv/?filter[tourOperator]=WEZY&filter%5Bperson%5D=2&filter%5BchildAge%5D%5B1%5D=20201210&filter%5Bchild%5D=1"
"Pickalbatros Dana Beach Resort","12184.0","13.10.2026 - 20.10.2026","8 dni/7 nocy","","4.4","4.4","2871","tripadvisor","Warszawa","2026-09-21T05:23:46.828269+00:00","https://fly.pl/szukaj-wycieczek/?filter[dest]=11:&filter[hotelids]=&filter[cityids]=0&filter[cregids]=&filter[ofrType]=&filter[addObjType]=&filter[whenFrom]=21-09-2026&filter[whenTo]=21-10-2026&filter[duration]=7:10&filter[from]=Warszawa%20-%20Modlin,Warszawa%20-%20Radom,Warszawa&filter[person]=2&filter[child]=1&filter[price]=4000:20000&filter[PriceFrom]=4000&filter[PriceTo]=20000&filter[addCategory]=50&filter[addCatering]=1&filter[addMisc]=0&filter[addTransport]=F&filter[fp]=1&order_by=ofr_price&filter[tourOperator]=0&filter[childAge][1]=20201210","https://fly.pl/cdn/photo/assets/uploads/582/278/2014/10/Dana-Beach-Resort-fly-pl-1.jpg","https://fly.pl/wycieczka/egipt,hurghada,c/dana-beach/pb4PYJxGwcBtjc-NWSEjU9AAogbgfSpKmE0CP_GE0XZYZslmqyvADKfxjztHOrlw2TEoUqBEpPSVAw7f7C1QZImF9QQViKBGACagMxMnFyQpsBFAEVBhcAXANYBVYCQMoGT-IBXQBSr6sBUwARwhle7TVL7UNhAEzljDoNqP2XCSAAAbaTsJDFhsygMAINYwEADC2NuKI/ofertasv/?filter[tourOperator]=JOIP&filter%5Bperson%5D=2&filter%5BchildAge%5D%5B1%5D=20201210&filter%5Bchild%5D=1"
"Cleopatra Luxury Resort (Makadi Bay)","12187.0","08.10.2026 - 15.10.2026","8 dni/7 nocy","","4.6","4.6","3189","tripadvisor","Warszawa","2026-09-21T05:23:46.828269+00:00","https://fly.pl/szukaj-wycieczek/?filter[dest]=11:&filter[hotelids]=&filter[cityids]=0&filter[cregids]=&filter[ofrType]=&filter[addObjType]=&filter[whenFrom]=21-09-2026&filter[whenTo]=21-10-2026&filter[duration]=7:10&filter[from]=Warszawa%20-%20Modlin,Warszawa%20-%20Radom,Warszawa&filter[person]=2&filter[child]=1&filter[price]=4000:20000&filter[PriceFrom]=4000&filter[PriceTo]=20000&filter[addCategory]=50&filter[addCatering]=1&filter[addMisc]=0&filter[addTransport]=F&filter[fp]=1&order_by=ofr_price&filter[tourOperator]=0&filter[childAge][1]=20201210","https://fly.pl/cdn/photo/assets/uploads/582/278/2014/10/Cleopatra-Luxury-Resort-Makadi-Bay.jpg","https://fly.pl/wycieczka/egipt,hurghada,makadi-bay/cleopatra-luxury-resort-makadi-bay/pmvYQbzAkHfPlcoT8YUydNAAogdnaJ-0zvliFZwP3tCX57Vz6OE5pR4WYFWyC8KwnwqSUqBFJOQlcw7f7C1QZIm19QQViSA2ACagRDQWdKag1BTExfSU5DTFVTSVZFahcyOTYsMzgwLDQ3Nyw0ODMsNDg0LDQ4NXI7nwGWAZ4BFQcXAFgIChhAsAcR8QIZ_FEQ-AZMpi9TiiFSAEuckwFhAB3m8j8POSDplpIJDQACDWMBAgYgtTFF/ofertasv/?filter[tourOperator]=RNBW&filter%5Bperson%5D=2&filter%5BchildAge%5D%5B1%5D=20201210&filter%5Bchild%5D=1"
"Laguna Vista Garden","12230.0","11.10.2026 - 18.10.2026","8 dni/7 nocy","","4.3","4.3","6019","tripadvisor","Warszawa","2026-09-21T05:23:46.828269+00:00","https://fly.pl/szukaj-wycieczek/?filter[dest]=11:&filter[hotelids]=&filter[cityids]=0&filter[cregids]=&filter[ofrType]=&filter[addObjType]=&filter[whenFrom]=21-09-2026&filter[whenTo]=21-10-2026&filter[duration]=7:10&filter[from]=Warszawa%20-%20Modlin,Warszawa%20-%20Radom,Warszawa&filter[person]=2&filter[child]=1&filter[price]=4000:20000&filter[PriceFrom]=4000&filter[PriceTo]=20000&filter[addCategory]=50&filter[addCatering]=1&filter[addMisc]=0&filter[addTransport]=F&filter[fp]=1&order_by=ofr_price&filter[tourOperator]=0&filter[childAge][1]=20201210","https://fly.pl/cdn/photo/assets/uploads/582/278/2014/07/Laguna-Vista-Garden.jpg","https://fly.pl/wycieczka/egipt,sharm-el-sheikh,c/laguna-vista-garden/pDaxSbBM13ICvdIiMVLm8OAAogpigNr-OMX6g4syzE-BbCTQiPgYhrkVrHHSR3tH9QMnYqBEpPSVAw7f7C1QZIxl9QQVjaA2ACagNDR21yQpsBFAEVBhcAXANYBVYCQMoGT-IBXQARgcwBXt0uUqYgUwBLxyNhAEzljDoNpv2XCSAAAbzBkPnSiMygMAINYwEADC9r_-8/ofertasv/?filter[tourOperator]=JOIP&filter%5Bperson%5D=2&filter%5BchildAge%5D%5B1%5D=20201210&filter%5Bchild%5D=1"
"Domina Coral Bay Aquamarine","12267.0","27.09.2026 - 04.10.2026","8 dni/7 nocy","","4.2","4.2","12426","tripadvisor","Warszawa","2026-09-21T05:23:46.828269+00:00","https://fly.pl/szukaj-wycieczek/?filter[dest]=11:&filter[hotelids]=&filter[cityids]=0&filter[cregids]=&filter[ofrType]=&filter[addObjType]=&filter[whenFrom]=21-09-2026&filter[whenTo]=21-10-2026&filter[duration]=7:10&filter[from]=Warszawa%20-%20Modlin,Warszawa%20-%20Radom,Warszawa&filter[person]=2&filter[child]=1&filter[price]=4000:20000&filter[PriceFrom]=4000&filter[PriceTo]=20000&filter[addCategory]=50&filter[addCatering]=1&filter[addMisc]=0&filter[addTransport]=F&filter[fp]=1&order_by=ofr_price&filter[tourOperator]=0&filter[childAge][1]=20201210","https://fly.pl/cdn/photo/assets/uploads/582/278/2014/07/Domina-Coral-Bay-Aquamarine.jpg","https://fly.pl/wycieczka/egipt,sharm-el-sheikh,c/domina-coral-bay-aquamarine/pXPDWeh-4kAeGAmV8lNoVBAAogPIS5Ln1NAqrP7o3OlTSPJ9vhBFpwv_tYWcE8EXXr1-EqBEpPSVAw7f7C1QZI619QQViKAWACckMUARUGFwBcA1gFVgJAygZP4gFdAFvpPRH4igFe_TFSpiBTAEvHI2EATOWMOg3S_JcJIAABjLyAqcOIzKAwAg1jAQAMBfwjTA/ofertasv/?filter[tourOperator]=JOIP&filter%5Bperson%5D=2&filter%5BchildAge%5D%5B1%5D=20201210&filter%5Bchild%5D=1"
"Pickalbatros White Beach Resort","12273.0","01.10.2026 - 08.10.2026","8 dni/7 nocy","","4.8","4.8","3785","tripadvisor","Warszawa","2026-09-21T05:23:46.828269+00:00","https://fly.pl/szukaj-wycieczek/?filter[dest]=11:&filter[hotelids]=&filter[cityids]=0&filter[cregids]=&filter[ofrType]=&filter[addObjType]=&filter[whenFrom]=21-09-2026&filter[whenTo]=21-10-2026&filter[duration]=7:10&filter[from]=Warszawa%20-%20Modlin,Warszawa%20-%20Radom,Warszawa&filter[person]=2&filter[child]=1&filter[price]=4000:20000&filter[PriceFrom]=4000&filter[PriceTo]=20000&filter[addCategory]=50&filter[addCatering]=1&filter[addMisc]=0&filter[addTransport]=F&filter[fp]=1&order_by=ofr_price&filter[tourOperator]=0&filter[childAge][1]=20201210","https://fly.pl/cdn/photo/assets/uploads/582/278/2015/09/Albatros-White-Beach-fly-pl.jpg","https://fly.pl/wycieczka/egipt,hurghada,c/albatros-white-beach/pmRkr3whT44ZQ1Fx5BUg_hAAog74sSPmfe7OexdQs79zXjj5i_q7xKhskzkRELa_XdvD4qBFNGUEww7f7C1QZI8V9QQVjqAWACciMLAhUFIgUSIlzMAkAuW-uXJw32ta0JUabSt6vBKAISYwECDAYsYLI/ofertasv/?filter[tourOperator]=SFPL&filter%5Bperson%5D=2&filter%5BchildAge%5D%5B1%5D=20201210&filter%5Bchild%5D=1"
"Coral Sea Sensatori (ex Coral Sea Imperial)","12307.0","10.10.2026 - 17.10.2026","8 dni/7 nocy","","4.6","4.6","10993","tripadvisor","Warszawa","2026-09-21T05:23:46.828269+00:00","https://fly.pl/szukaj-wycieczek/?filter[dest]=11:&filter[hotelids]=&filter[cityids]=0&filter[cregids]=&filter[ofrType]=&filter[addObjType]=&filter[whenFrom]=21-09-2026&filter[whenTo]=21-10-2026&filter[duration]=7:10&filter[from]=Warszawa%20-%20Modlin,Warszawa%20-%20Radom,Warszawa&filter[person]=2&filter[child]=1&filter[price]=4000:20000&filter[PriceFrom]=4000&filter[PriceTo]=20000&filter[addCategory]=50&filter[addCatering]=1&filter[addMisc]=0&filter[addTransport]=F&filter[fp]=1&order_by=ofr_price&filter[tourOperator]=0&filter[childAge][1]=20201210","https://fly.pl/cdn/photo/assets/uploads/582/278/2016/11/Coral-Sea-Sensatori-ex-Coral-Sea-Imperial-fly-pl-2.jpg","https://fly.pl/wycieczka/egipt,sharm-el-sheikh,c/coral-sea-sensatori-ex-coral-sea-imperial/pMynHCN0uXBEagfF93JjHWAAogydI-Hynl7vYL0kIXWrUBEAAAAACZhAQAtoQEAAcAEgAqBFdFWlkw7f7C1QZIk2BQQVjCA2ADaglFbnRlciBBaXJqBDA4MDByQZ4BlQEfABwBAgAWBBcCESgSxQMYhQUTzQEUyQRAknJMoKIBTwBLxyNQABvh4Q4dsGAgHQ3cx8IJARJjAQ1jAQIFbcWeTw/ofertasv/?filter[tourOperator]=WEZY&filter%5Bperson%5D=2&filter%5BchildAge%5D%5B1%5D=20201210&filter%5Bchild%5D=1"
"Amphoras Beach","12309.0","27.09.2026 - 04.10.2026","8 dni/7 nocy","","4.4","4.4","6748","tripadvisor","Warszawa","2026-09-21T05:23:46.828269+00:00","https://fly.pl/szukaj-wycieczek/?filter[dest]=11:&filter[hotelids]=&filter[cityids]=0&filter[cregids]=&filter[ofrType]=&filter[addObjType]=&filter[whenFrom]=21-09-2026&filter[whenTo]=21-10-2026&filter[duration]=7:10&filter[from]=Warszawa%20-%20Modlin,Warszawa%20-%20Radom,Warszawa&filter[person]=2&filter[child]=1&filter[price]=4000:20000&filter[PriceFrom]=4000&filter[PriceTo]=20000&filter[addCategory]=50&filter[addCatering]=1&filter[addMisc]=0&filter[addTransport]=F&filter[fp]=1&order_by=ofr_price&filter[tourOperator]=0&filter[childAge][1]=20201210","https://fly.pl/cdn/photo/assets/uploads/582/278/2016/11/AMPHORAS-BEACH.jpg","https://fly.pl/wycieczka/egipt,sharm-el-sheikh,c/otium-amphoras-ex-shores/pgzzm3kOoPBIdRt3tZr2nvAAogMQHoXQ9NYZVl64yeEtiFP9vhBFpwv_tYWcE8EXXr1-EqBEpPSVAw7f7C1QZIlWBQQViKAWACagMwbkhyQ5sBFAEVBhcAXANYBVYCQMoGT-IBXQBe3voBUqYgUwBLxyNhABHJhgFMnIY5DdL8lwkgAAH04cCAtYjMoDACDWMBAAsoRTR5/ofertasv/?filter[tourOperator]=JOIP&filter%5Bperson%5D=2&filter%5BchildAge%5D%5B1%5D=20201210&filter%5Bchild%5D=1"
"Pickalbatros Water Valley Resort Neverland","12362.0","24.09.2026 - 01.10.2026","8 dni/7 nocy","","4.8","4.8","945","tripadvisor","Warszawa - Radom","2026-09-21T05:23:46.828269+00:00","https://fly.pl/szukaj-wycieczek/?filter[dest]=11:&filter[hotelids]=&filter[cityids]=0&filter[cregids]=&filter[ofrType]=&filter[addObjType]=&filter[whenFrom]=21-09-2026&filter[whenTo]=21-10-2026&filter[duration]=7:10&filter[from]=Warszawa%20-%20Modlin,Warszawa%20-%20Radom,Warszawa&filter[person]=2&filter[child]=1&filter[price]=4000:20000&filter[PriceFrom]=4000&filter[PriceTo]=20000&filter[addCategory]=50&filter[addCatering]=1&filter[addMisc]=0&filter[addTransport]=F&filter[fp]=1&order_by=ofr_price&filter[tourOperator]=0&filter[childAge][1]=20201210","https://fly.pl/cdn/photo/assets/uploads/582/278/2022/08/Pickalbatros-Water-Valley-Resort-Neverland.jpg","https://fly.pl/wycieczka/egipt,hurghada,c/neverland-by-albatros-9/pOSOHtF_0zJHZgF2HxFcDNAAogzVhkThvOgRIQ1To0WEGgTXuHt-JRXqpSz_DOtw-0xygqBE9SRVgw7f7C1QZIymBQQVhCYAJqB1FDNS4yLjFyNZsBFQcXAFwDWAURAFYCQMoGXdMOT2xT0p0BUgBer09LgRJhAEzRvjogz_yXCQ0AAhJjAQIMLJX8-Q/ofertasv/?filter[tourOperator]=OREX&filter%5Bperson%5D=2&filter%5BchildAge%5D%5B1%5D=20201210&filter%5Bchild%5D=1"
"Jaz Royal Palmariva","12407.0","24.09.2026 - 01.10.2026","8 dni/7 nocy","","4.5","4.5","5154","tripadvisor","Warszawa","2026-09-21T05:23:46.828269+00:00","https://fly.pl/szukaj-wycieczek/?filter[dest]=11:&filter[hotelids]=&filter[cityids]=0&filter[cregids]=&filter[ofrType]=&filter[addObjType]=&filter[whenFrom]=21-09-2026&filter[whenTo]=21-10-2026&filter[duration]=7:10&filter[from]=Warszawa%20-%20Modlin,Warszawa%20-%20Radom,Warszawa&filter[person]=2&filter[child]=1&filter[price]=4000:20000&filter[PriceFrom]=4000&filter[PriceTo]=20000&filter[addCategory]=50&filter[addCatering]=1&filter[addMisc]=0&filter[addTransport]=F&filter[fp]=1&order_by=ofr_price&filter[tourOperator]=0&filter[childAge][1]=20201210","https://fly.pl/cdn/photo/assets/uploads/582/278/2014/07/Labranda-Royal-Makadi.jpg","https://fly.pl/wycieczka/egipt,hurghada,makadi-bay/royal-azur-resort/pRwr0AjNjRIXo_8jFcD8KSAAogjszfnLh6kqGzwYb90VZjrm81lTSXqH6Isk6l7nfwV_cqBEJWUFIw7f7C1QZI92BQAVhCYAJqDUFsbCBpbmNsdXNpdmVyIBwR3DAbjZ4EGIe_DLkEmfwUqwRPAcfD3a8BAgBjAQILyf8SRg/ofertasv/?filter[tourOperator]=BVPR&filter%5Bperson%5D=2&filter%5BchildAge%5D%5B1%5D=20201210&filter%5Bchild%5D=1"
"True Beach Resort","12424.0","11.10.2026 - 18.10.2026","8 dni/7 nocy","","4.3","4.3","149","tripadvisor","Warszawa","2026-09-21T05:23:46.828269+00:00","https://fly.pl/szukaj-wycieczek/?filter[dest]=11:&filter[hotelids]=&filter[cityids]=0&filter[cregids]=&filter[ofrType]=&filter[addObjType]=&filter[whenFrom]=21-09-2026&filter[whenTo]=21-10-2026&filter[duration]=7:10&filter[from]=Warszawa%20-%20Modlin,Warszawa%20-%20Radom,Warszawa&filter[person]=2&filter[child]=1&filter[price]=4000:20000&filter[PriceFrom]=4000&filter[PriceTo]=20000&filter[addCategory]=50&filter[addCatering]=1&filter[addMisc]=0&filter[addTransport]=F&filter[fp]=1&order_by=ofr_price&filter[tourOperator]=0&filter[childAge][1]=20201210","https://fly.pl/cdn/photo/assets/uploads/582/278/2014/09/True-Beach-Resort.jpg","https://fly.pl/wycieczka/egipt,marsa-alam,c/laguna-beach-marsa-alam/p8FAyw6DM7Jzedg-lXBb8GAAogsl99Yl2kMHpkZr6BUqVlhwAAAAAagwQANoMEAAcAAQAqBFdFWlkw7f7C1QZIiGFQQVjaA2ADaglFbnRlciBBaXJqBDAwNTByQp4BlAEfAAIBHAAWBBcCEu0DFdoFGJ8DE8MBQPFyEcFrTPUqTwBLsS9QABui2Qwd8OUCIBwN3crCCQESYwEMYwECC2nruLc/ofertasv/?filter[tourOperator]=WEZY&filter%5Bperson%5D=2&filter%5BchildAge%5D%5B1%5D=20201210&filter%5Bchild%5D=1"
"Serenity Sky Arc","12457.0","08.10.2026 - 15.10.2026","8 dni/7 nocy","","","","","","Warszawa","2026-09-21T05:23:46.828269+00:00","https://fly.pl/szukaj-wycieczek/?filter[dest]=11:&filter[hotelids]=&filter[cityids]=0&filter[cregids]=&filter[ofrType]=&filter[addObjType]=&filter[whenFrom]=21-09-2026&filter[whenTo]=21-10-2026&filter[duration]=7:10&filter[from]=Warszawa%20-%20Modlin,Warszawa%20-%20Radom,Warszawa&filter[person]=2&filter[child]=1&filter[price]=4000:20000&filter[PriceFrom]=4000&filter[PriceTo]=20000&filter[addCategory]=50&filter[addCatering]=1&filter[addMisc]=0&filter[addTransport]=F&filter[fp]=1&order_by=ofr_price&filter[tourOperator]=0&filter[childAge][1]=20201210","https://datacfstatic.merlinx.pl/ITAK/IMG/HRGSERR/0bafa29127b024c4dc66b50768a45bfd57f2fed759c265bef1379e8b746426fd.webp","https://fly.pl/wycieczka/egipt,hurghada,sahl-hasheesh/serenity-sky-arc-10/pWxQUGBVUTCldEMtXLxf-zAAogxRVi7cwLCHnE0KTwE12Qrhi3350dN38XN7Nix4G7h2oqBFZJVFgw7f7C1QZIqWFQQViSA2ACckAaABUHFwBcA1gFQI8DU86wAVIAW9UoXtomS-1DYQBMhLQ5DYTWmAkgAFG3-uH7jwFP2ooLXZCE8_N1AgxjAQILuenOpA/ofertasv/?filter[tourOperator]=VITX&filter%5Bperson%5D=2&filter%5BchildAge%5D%5B1%5D=20201210&filter%5Bchild%5D=1"
"Sunrise Aqua Joy","12467.0","24.09.2026 - 01.10.2026","8 dni/7 nocy","","4.7","4.7","3859","tripadvisor","Warszawa","2026-09-21T05:23:46.828269+00:00","https://fly.pl/szukaj-wycieczek/?filter[dest]=11:&filter[hotelids]=&filter[cityids]=0&filter[cregids]=&filter[ofrType]=&filter[addObjType]=&filter[whenFrom]=21-09-2026&filter[whenTo]=21-10-2026&filter[duration]=7:10&filter[from]=Warszawa%20-%20Modlin,Warszawa%20-%20Radom,Warszawa&filter[person]=2&filter[child]=1&filter[price]=4000:20000&filter[PriceFrom]=4000&filter[PriceTo]=20000&filter[addCategory]=50&filter[addCatering]=1&filter[addMisc]=0&filter[addTransport]=F&filter[fp]=1&order_by=ofr_price&filter[tourOperator]=0&filter[childAge][1]=20201210","https://fly.pl/cdn/photo/assets/uploads/582/278/2019/11/Aqua-Joy-Resort-By-Sunrise-Group-fly-pl.jpg","https://fly.pl/wycieczka/egipt,hurghada,c/aqua-joy-resort-by-sunrise-group-9/pcSyKF4PhZtiOSrrgudu4nAAogLmbQMGhdVbOuSkoMrLk1p281lTSXqH6Isk6l7nfwV_cqBEJWUFIw7f7C1QZIs2FQAVhCYAJqDUFsbCBpbmNsdXNpdmVyIBwRtVAb7-UEGO_zDLkE9t8TqwRPAYCp4cQBAgBjAQILlncNsQ/ofertasv/?filter[tourOperator]=BVPR&filter%5Bperson%5D=2&filter%5BchildAge%5D%5B1%5D=20201210&filter%5Bchild%5D=1"
"Grand Rotana Resort & Spa","12487.0","10.10.2026 - 17.10.2026","8 dni/7 nocy","","4.7","4.7","6812","tripadvisor","Warszawa","2026-09-21T05:23:46.828269+00:00","https://fly.pl/szukaj-wycieczek/?filter[dest]=11:&filter[hotelids]=&filter[cityids]=0&filter[cregids]=&filter[ofrType]=&filter[addObjType]=&filter[whenFrom]=21-09-2026&filter[whenTo]=21-10-2026&filter[duration]=7:10&filter[from]=Warszawa%20-%20Modlin,Warszawa%20-%20Radom,Warszawa&filter[person]=2&filter[child]=1&filter[price]=4000:20000&filter[PriceFrom]=4000&filter[PriceTo]=20000&filter[addCategory]=50&filter[addCatering]=1&filter[addMisc]=0&filter[addTransport]=F&filter[fp]=1&order_by=ofr_price&filter[tourOperator]=0&filter[childAge][1]=20201210","https://fly.pl/cdn/photo/assets/uploads/582/278/2014/07/Grand-Rotana-fly-pl.jpg","https://fly.pl/wycieczka/egipt,sharm-el-sheikh,c/grand-rotana/ptRS9KwTQT4eA0Xatg-pWIAAog-MJmTBD8wa98aQYO24cpKwAAAACZhAQAtoQEAAcAEgAqBFdFWlkw7f7C1QZIx2FQQVjCA2ADaglFbnRlciBBaXJqBDA4MDByQp4BlQEfABwBAgAWBBcCEVkSlAMYhQUTzQEUyQRAknJMoKIBTwBLxyNQAB2Rwg8gHRvbgB8NgcejCQESYwEMYwECBlUgBog/ofertasv/?filter[tourOperator]=WEZY&filter%5Bperson%5D=2&filter%5BchildAge%5D%5B1%5D=20201210&filter%5Bchild%5D=1"
"Xanadu Club Makadi Bay","12501.0","27.09.2026 - 04.10.2026","8 dni/7 nocy","","","","","","Warszawa","2026-09-21T05:23:46.828269+00:00","https://fly.pl/szukaj-wycieczek/?filter[dest]=11:&filter[hotelids]=&filter[cityids]=0&filter[cregids]=&filter[ofrType]=&filter[addObjType]=&filter[whenFrom]=21-09-2026&filter[whenTo]=21-10-2026&filter[duration]=7:10&filter[from]=Warszawa%20-%20Modlin,Warszawa%20-%20Radom,Warszawa&filter[person]=2&filter[child]=1&filter[price]=4000:20000&filter[PriceFrom]=4000&filter[PriceTo]=20000&filter[addCategory]=50&filter[addCatering]=1&filter[addMisc]=0&filter[addTransport]=F&filter[fp]=1&order_by=ofr_price&filter[tourOperator]=0&filter[childAge][1]=20201210","https://datacfstatic.merlinx.pl/WEZY/IMG/78607/ff72fb5c931dbc18823efd7f50428a741e9d563aeeb7fa7cfe352b856923b97f.webp","https://fly.pl/wycieczka/egipt,hurghada,makadi-bay/xanadu-club-makadi-bay-11/pV6An3gbxHxV4Lt5KpefiAAAogJ9cm9U9Zf5T3FOVeZNCVSwAAAADiggQA_oIEAAcAAQAqBFdFWlkw7f7C1QZI1WFQQViKAWADaglFbnRlciBBaXJqBDAwMTVyRJ4BlAEfAAIBHAAWBhcAEu0DFdoFGJUDE7kBQIVzT8syTABLnJMBUAARh58CHdOfDSAcG6GbKQ2gr5kJARJjAQxjAQMLsTBlTg/ofertasv/?filter[tourOperator]=WEZY&filter%5Bperson%5D=2&filter%5BchildAge%5D%5B1%5D=20201210&filter%5Bchild%5D=1"
"Baron Resort (Sharm El Sheikh)","12581.0","10.10.2026 - 17.10.2026","8 dni/7 nocy","","4.5","4.5","4976","tripadvisor","Warszawa","2026-09-21T05:23:46.828269+00:00","https://fly.pl/szukaj-wycieczek/?filter[dest]=11:&filter[hotelids]=&filter[cityids]=0&filter[cregids]=&filter[ofrType]=&filter[addObjType]=&filter[whenFrom]=21-09-2026&filter[whenTo]=21-10-2026&filter[duration]=7:10&filter[from]=Warszawa%20-%20Modlin,Warszawa%20-%20Radom,Warszawa&filter[person]=2&filter[child]=1&filter[price]=4000:20000&filter[PriceFrom]=4000&filter[PriceTo]=20000&filter[addCategory]=50&filter[addCatering]=1&filter[addMisc]=0&filter[addTransport]=F&filter[fp]=1&order_by=ofr_price&filter[tourOperator]=0&filter[childAge][1]=20201210","https://fly.pl/cdn/photo/assets/uploads/582/278/2014/07/BARON-RESORT-SHARM-EL-SHEIKH1.jpg","https://fly.pl/wycieczka/egipt,sharm-el-sheikh,c/baron-resort-sharm-el-sheikh/pnB__Niikhe-SxSH49eqahAAogqGonc30ltuIyKqW_eORu3gAAAACZhAQAtoQEAAcAEgAqBFdFWlkw7f7C1QZIpWJQQVjCA2ADaglFbnRlciBBaXJqBDA4MDByQp4BlQEfABwBAgAWBBcCERkS1AMYhQUTzQEUyQRAknJMoKIBTwBLxyNQABv1ggIdnL8NIB0N3MfCCQESYwENYwECBQ0Tmlc/ofertasv/?filter[tourOperator]=WEZY&filter%5Bperson%5D=2&filter%5BchildAge%5D%5B1%5D=20201210&filter%5Bchild%5D=1"
"Palm Royale Soma Bay","12769.0","13.10.2026 - 20.10.2026","8 dni/7 nocy","","4.7","4.7","7191","tripadvisor","Warszawa","2026-09-21T05:23:46.828269+00:00","https://fly.pl/szukaj-wycieczek/?filter[dest]=11:&filter[hotelids]=&filter[cityids]=0&filter[cregids]=&filter[ofrType]=&filter[addObjType]=&filter[whenFrom]=21-09-2026&filter[whenTo]=21-10-2026&filter[duration]=7:10&filter[from]=Warszawa%20-%20Modlin,Warszawa%20-%20Radom,Warszawa&filter[person]=2&filter[child]=1&filter[price]=4000:20000&filter[PriceFrom]=4000&filter[PriceTo]=20000&filter[addCategory]=50&filter[addCatering]=1&filter[addMisc]=0&filter[addTransport]=F&filter[fp]=1&order_by=ofr_price&filter[tourOperator]=0&filter[childAge][1]=20201210","https://fly.pl/cdn/photo/assets/uploads/582/278/2014/09/Palm-Royale-Resort-Soma-Bay.jpg","https://fly.pl/wycieczka/egipt,hurghada,soma-bay/palm-royale-soma-bay/pKV0RGD0n6K_XTjJv-cwqnAAogHGs3rFDnexo692peEOFW5GqyvADKfxjztHOrlw2TEoUqBEpPSVAw7f7C1QZI4WNQQViKBGACckMUARUGFwBcA1gFVgJAygZP4gFdAFv4AlO3qAFSAF6vTxGtPkvABWEATOWMOiCo_ZcJDQABvtOA-NKGzKAwAg5jAQANqi735Q/ofertasv/?filter[tourOperator]=JOIP&filter%5Bperson%5D=2&filter%5BchildAge%5D%5B1%5D=20201210&filter%5Bchild%5D=1"
"Sultan Gardens Resort","12912.0","10.10.2026 - 17.10.2026","8 dni/7 nocy","","4.6","4.6","10712","tripadvisor","Warszawa","2026-09-21T05:23:46.828269+00:00","https://fly.pl/szukaj-wycieczek/?filter[dest]=11:&filter[hotelids]=&filter[cityids]=0&filter[cregids]=&filter[ofrType]=&filter[addObjType]=&filter[whenFrom]=21-09-2026&filter[whenTo]=21-10-2026&filter[duration]=7:10&filter[from]=Warszawa%20-%20Modlin,Warszawa%20-%20Radom,Warszawa&filter[person]=2&filter[child]=1&filter[price]=4000:20000&filter[PriceFrom]=4000&filter[PriceTo]=20000&filter[addCategory]=50&filter[addCatering]=1&filter[addMisc]=0&filter[addTransport]=F&filter[fp]=1&order_by=ofr_price&filter[tourOperator]=0&filter[childAge][1]=20201210","https://fly.pl/cdn/photo/assets/uploads/582/278/2014/07/sultan-gardens.jpg","https://fly.pl/wycieczka/egipt,sharm-el-sheikh,szarm-el-szejk/sultan-gardens-resort/puam4i1KQ5WhmKzdWLdsXeAAog5ruX_SigbbpCPwT_AbXsFwAAAACZhAQAtoQEAAcAEgAqBFdFWlkw7f7C1QZI8GRQQVjCA2ADaglFbnRlciBBaXJqBDA4MDByQ54BlQEfAAIBHAAWBBcCEu0DGIUFE80BFMkEEckPQMliTKCiAU8AS8cjUAAdkcIPIB0bhdgzDdfvjgkBEmMBDGMBAgWQbIuo/ofertasv/?filter[tourOperator]=WEZY&filter%5Bperson%5D=2&filter%5BchildAge%5D%5B1%5D=20201210&filter%5Bchild%5D=1"
"Park Regency Resort (ex. Hyatt)","12997.0","27.09.2026 - 04.10.2026","8 dni/7 nocy","","4.6","4.6","6179","tripadvisor","Warszawa","2026-09-21T05:23:46.828269+00:00","https://fly.pl/szukaj-wycieczek/?filter[dest]=11:&filter[hotelids]=&filter[cityids]=0&filter[cregids]=&filter[ofrType]=&filter[addObjType]=&filter[whenFrom]=21-09-2026&filter[whenTo]=21-10-2026&filter[duration]=7:10&filter[from]=Warszawa%20-%20Modlin,Warszawa%20-%20Radom,Warszawa&filter[person]=2&filter[child]=1&filter[price]=4000:20000&filter[PriceFrom]=4000&filter[PriceTo]=20000&filter[addCategory]=50&filter[addCatering]=1&filter[addMisc]=0&filter[addTransport]=F&filter[fp]=1&order_by=ofr_price&filter[tourOperator]=0&filter[childAge][1]=20201210","https://fly.pl/cdn/photo/assets/uploads/582/278/2014/07/Park-Regency.jpg","https://fly.pl/wycieczka/egipt,sharm-el-sheikh,c/hyatt-regency-sharm/p41lsc6nziB6KEK4XqxgqNAAogyZTrTqNUq5lBALwqdQrEOtvhBFpwv_tYWcE8EXXr1-EqBEpPSVAw7f7C1QZIxWVQQViKAWACagMxMmJyQpsBFAEVBhcAXANYBVYCQMoGT-IBXQARo8YBXrs0UqYgUwBLxyNhAEzljDoN0vyXCSAAAffBiMDFiMygMAINYwEAC1l4T6s/ofertasv/?filter[tourOperator]=JOIP&filter%5Bperson%5D=2&filter%5BchildAge%5D%5B1%5D=20201210&filter%5Bchild%5D=1"
"Novotel Sharm Palm","13038.0","27.09.2026 - 04.10.2026","8 dni/7 nocy","","4.6","4.6","5903","tripadvisor","Warszawa","2026-09-21T05:23:46.828269+00:00","https://fly.pl/szukaj-wycieczek/?filter[dest]=11:&filter[hotelids]=&filter[cityids]=0&filter[cregids]=&filter[ofrType]=&filter[addObjType]=&filter[whenFrom]=21-09-2026&filter[whenTo]=21-10-2026&filter[duration]=7:10&filter[from]=Warszawa%20-%20Modlin,Warszawa%20-%20Radom,Warszawa&filter[person]=2&filter[child]=1&filter[price]=4000:20000&filter[PriceFrom]=4000&filter[PriceTo]=20000&filter[addCategory]=50&filter[addCatering]=1&filter[addMisc]=0&filter[addTransport]=F&filter[fp]=1&order_by=ofr_price&filter[tourOperator]=0&filter[childAge][1]=20201210","https://fly.pl/cdn/photo/assets/uploads/582/278/2014/07/Novotel-Sharm-Palm.jpg","https://fly.pl/wycieczka/egipt,sharm-el-sheikh,c/novotel-sharm-palm/pw1idB3xfKzuiQqoSLrrfSAAogMKKydjTsaNyiDf2zJ3Sv8dvhBFpwv_tYWcE8EXXr1-EqBEpPSVAw7f7C1QZI7mVQQViKAWACagMwME1yQpsBFAEVBhcAXANYBVYCQMoGT-IBXQARuMYBXqY0UqYgUwBLxyNhAEzljDoN0vyXCSAAAZuy0PjSiMygMAINYwEADDr8QBU/ofertasv/?filter[tourOperator]=JOIP&filter%5Bperson%5D=2&filter%5BchildAge%5D%5B1%5D=20201210&filter%5Bchild%5D=1"
"Jaz Almaza Blu","13197.0","30.09.2026 - 08.10.2026","9 dni/7 nocy","","","","","","Warszawa","2026-09-21T05:23:46.828269+00:00","https://fly.pl/szukaj-wycieczek/?filter[dest]=11:&filter[hotelids]=&filter[cityids]=0&filter[cregids]=&filter[ofrType]=&filter[addObjType]=&filter[whenFrom]=21-09-2026&filter[whenTo]=21-10-2026&filter[duration]=7:10&filter[from]=Warszawa%20-%20Modlin,Warszawa%20-%20Radom,Warszawa&filter[person]=2&filter[child]=1&filter[price]=4000:20000&filter[PriceFrom]=4000&filter[PriceTo]=20000&filter[addCategory]=50&filter[addCatering]=1&filter[addMisc]=0&filter[addTransport]=F&filter[fp]=1&order_by=ofr_price&filter[tourOperator]=0&filter[childAge][1]=20201210","https://datacfstatic.merlinx.pl/ITAK/IMG/DBBJAZB/6d2b0aaef3fad164fc83046e3d58423011b3bbab07378933e5469c476895505f.webp","https://fly.pl/wycieczka/egipt,dolny-egipt,marsa-matrouh/jaz-almaza-blue-11/pV_kUudXuAIfWrzQ7da0HBAAog3OHd3kZSPd1uQLNVywQohjPfTTCk9cJVJPZ8eQG0-LMqBFZJVFgw7f7C1QZIjWdQQVjSAWACckAaABUHFwBcA1gFQI8DU8mDAVIAW8YFXu52S-1DYQBM77Q5DcvUmAkgR1HOua3ya0_KgSVd3PiA_ZkBAgxjAQILQP0OvA/ofertasv/?filter[tourOperator]=VITX&filter%5Bperson%5D=2&filter%5BchildAge%5D%5B1%5D=20201210&filter%5Bchild%5D=1"
"Sunrise Montemare Resort","13204.0","10.10.2026 - 17.10.2026","8 dni/7 nocy","","4.7","4.7","5199","tripadvisor","Warszawa","2026-09-21T05:23:46.828269+00:00","https://fly.pl/szukaj-wycieczek/?filter[dest]=11:&filter[hotelids]=&filter[cityids]=0&filter[cregids]=&filter[ofrType]=&filter[addObjType]=&filter[whenFrom]=21-09-2026&filter[whenTo]=21-10-2026&filter[duration]=7:10&filter[from]=Warszawa%20-%20Modlin,Warszawa%20-%20Radom,Warszawa&filter[person]=2&filter[child]=1&filter[price]=4000:20000&filter[PriceFrom]=4000&filter[PriceTo]=20000&filter[addCategory]=50&filter[addCatering]=1&filter[addMisc]=0&filter[addTransport]=F&filter[fp]=1&order_by=ofr_price&filter[tourOperator]=0&filter[childAge][1]=20201210","https://fly.pl/cdn/photo/assets/uploads/582/278/2024/07/sunrise-montemare-resort-grand-select.jpg","https://fly.pl/wycieczka/egipt,sharm-el-sheikh,c/sunrise-select-montemare/p03hfVDTurFjIgh2lsN-yZAAogJKlZEfvw0fd27oZKGL5gBAAAAACZhAQAtoQEAAcAEgAqBFdFWlkw7f7C1QZIlGdQQVjCA2ADaglFbnRlciBBaXJqBDA4MDByQ54BlQEfAAIBHAAWBBcCEu0DGIUFE80BFMkEEc1LQMUmTKCiAU8AS8cjUAAdkcIPIB0bjJZjDdCx3wgBEmMBDGMBBAv9fhVs/ofertasv/?filter[tourOperator]=WEZY&filter%5Bperson%5D=2&filter%5BchildAge%5D%5B1%5D=20201210&filter%5Bchild%5D=1"
"Desert Rose Resort","13226.0","01.10.2026 - 08.10.2026","8 dni/7 nocy","","4.6","4.6","8792","tripadvisor","Warszawa","2026-09-21T05:23:46.828269+00:00","https://fly.pl/szukaj-wycieczek/?filter[dest]=11:&filter[hotelids]=&filter[cityids]=0&filter[cregids]=&filter[ofrType]=&filter[addObjType]=&filter[whenFrom]=21-09-2026&filter[whenTo]=21-10-2026&filter[duration]=7:10&filter[from]=Warszawa%20-%20Modlin,Warszawa%20-%20Radom,Warszawa&filter[person]=2&filter[child]=1&filter[price]=4000:20000&filter[PriceFrom]=4000&filter[PriceTo]=20000&filter[addCategory]=50&filter[addCatering]=1&filter[addMisc]=0&filter[addTransport]=F&filter[fp]=1&order_by=ofr_price&filter[tourOperator]=0&filter[childAge][1]=20201210","https://fly.pl/cdn/photo/assets/uploads/582/278/2014/12/Desert-Rose-Resort-fly-pl.jpg","https://fly.pl/wycieczka/egipt,hurghada,c/desert-rose/pzxk-au9GILXi3QlPM7TAYAAogF8yYR-eErfUaIJ2fWaR_-AAAAAAWiAQAMogEAAcAAQAqBFdFWlkw7f7C1QZIqmdQQVjqAWADahNMT1QgUG9saXNoIEFpcmxpbmVzckKeAR8AHAECABYEFwIRuAEStQITgwQUjQQVXxj3AkDHcU_LMkwAUJyTAUsAG9u8Dx2zDCAcDdfAwgkBEmMBDmMBAgUWBYsd/ofertasv/?filter[tourOperator]=WEZY&filter%5Bperson%5D=2&filter%5BchildAge%5D%5B1%5D=20201210&filter%5Bchild%5D=1"
"Sheraton Miramar Resort (El Gouna)","13415.0","27.09.2026 - 04.10.2026","8 dni/7 nocy","","4.7","4.7","6353","tripadvisor","Warszawa","2026-09-21T05:23:46.828269+00:00","https://fly.pl/szukaj-wycieczek/?filter[dest]=11:&filter[hotelids]=&filter[cityids]=0&filter[cregids]=&filter[ofrType]=&filter[addObjType]=&filter[whenFrom]=21-09-2026&filter[whenTo]=21-10-2026&filter[duration]=7:10&filter[from]=Warszawa%20-%20Modlin,Warszawa%20-%20Radom,Warszawa&filter[person]=2&filter[child]=1&filter[price]=4000:20000&filter[PriceFrom]=4000&filter[PriceTo]=20000&filter[addCategory]=50&filter[addCatering]=1&filter[addMisc]=0&filter[addTransport]=F&filter[fp]=1&order_by=ofr_price&filter[tourOperator]=0&filter[childAge][1]=20201210","https://fly.pl/cdn/photo/assets/uploads/582/278/2014/07/Sheraton-Miramar-El-Gouna-1.jpg","https://fly.pl/wycieczka/egipt,hurghada,el-gouna/sheraton-miramar-el-gouna/pozadFYvDj0vg815xDVGn3AAogOPPdHIMtnfG-9rVQdZoZC22UYiY9GwQLFZusIIuCR8wqBE9SRVgw7f7C1QZI52hQQViKAWACagZDMC4yLjFqAzA4WWoDMDdZcjSbAZ0BjwEVBxcAXANYBVYCETtAjwZTka0BUgBer09L7UNhAEzljDog0vyXCQ0AAhJjAQIMOEA7hw/ofertasv/?filter[tourOperator]=OREX&filter%5Bperson%5D=2&filter%5BchildAge%5D%5B1%5D=20201210&filter%5Bchild%5D=1"
"Rixos Radamis Sharm El Sheikh","13420.0","10.10.2026 - 17.10.2026","8 dni/7 nocy","","4.3","4.3","2106","tripadvisor","Warszawa","2026-09-21T05:23:46.828269+00:00","https://fly.pl/szukaj-wycieczek/?filter[dest]=11:&filter[hotelids]=&filter[cityids]=0&filter[cregids]=&filter[ofrType]=&filter[addObjType]=&filter[whenFrom]=21-09-2026&filter[whenTo]=21-10-2026&filter[duration]=7:10&filter[from]=Warszawa%20-%20Modlin,Warszawa%20-%20Radom,Warszawa&filter[person]=2&filter[child]=1&filter[price]=4000:20000&filter[PriceFrom]=4000&filter[PriceTo]=20000&filter[addCategory]=50&filter[addCatering]=1&filter[addMisc]=0&filter[addTransport]=F&filter[fp]=1&order_by=ofr_price&filter[tourOperator]=0&filter[childAge][1]=20201210","https://datacfstatic.merlinx.pl/WEZY/IMG/64951/2f080c2637f6afe8b5573936c5cfd8cc1e84fa1dcefbb37859fd991753515489.webp","https://fly.pl/wycieczka/egipt,sharm-el-sheikh,szarm-el-szejk/rixos-radamis-sharm-13/pzcxw6do41j1GURMe5HxCYAAogsrNXKC6hyoGX5nPFvOF1UQAAAACZhAQAtoQEAAcAEgAqBFdFWlkw7f7C1QZI7GhQQVjCA2ADaglFbnRlciBBaXJqBDA4MDByRJ4BlQEfAAIBFgAcABcGEu0DGIUFE80BFMkEQJJyT6CiAUwAS8cjUAARr7QBHeKNDiAdG9vkQg2B4_8IARJjAQxjAQMLCyhavw/ofertasv/?filter[tourOperator]=WEZY&filter%5Bperson%5D=2&filter%5BchildAge%5D%5B1%5D=20201210&filter%5Bchild%5D=1"
"Sheraton Soma Bay","13516.0","27.09.2026 - 04.10.2026","8 dni/7 nocy","","4.6","4.6","3170","tripadvisor","Warszawa","2026-09-21T05:23:46.828269+00:00","https://fly.pl/szukaj-wycieczek/?filter[dest]=11:&filter[hotelids]=&filter[cityids]=0&filter[cregids]=&filter[ofrType]=&filter[addObjType]=&filter[whenFrom]=21-09-2026&filter[whenTo]=21-10-2026&filter[duration]=7:10&filter[from]=Warszawa%20-%20Modlin,Warszawa%20-%20Radom,Warszawa&filter[person]=2&filter[child]=1&filter[price]=4000:20000&filter[PriceFrom]=4000&filter[PriceTo]=20000&filter[addCategory]=50&filter[addCatering]=1&filter[addMisc]=0&filter[addTransport]=F&filter[fp]=1&order_by=ofr_price&filter[tourOperator]=0&filter[childAge][1]=20201210","https://fly.pl/cdn/photo/assets/uploads/582/278/2014/07/Sheraton-Soma-Bay.jpg","https://fly.pl/wycieczka/egipt,hurghada,soma-bay/sheraton-soma-bay/pHM6bxjrNHS447tS3qr4fPAAogJg2hWSgjHQq5qxd-VrSwowAAAADiggQA_oIEAAcAAQAqBFdFWlkw8f7C1QZIzGlQQViKAWADaglFbnRlciBBaXJqBDAwMTVyQZ4BlAEfABwBAgAWBBcCEWMSigMV2gUYlQMTuQFAhXNMyzJPAEuckwFQABulbh210A4gHA3BysIJARJjAQ1jAQIFBeQB9w/ofertasv/?filter[tourOperator]=WEZY&filter%5Bperson%5D=2&filter%5BchildAge%5D%5B1%5D=20201210&filter%5Bchild%5D=1"
"Baron Palace Resort (Sahl Hasheesh)","13631.0","11.10.2026 - 18.10.2026","8 dni/7 nocy","","5.0","5.0","1921","tripadvisor","Warszawa","2026-09-21T05:23:46.828269+00:00","https://fly.pl/szukaj-wycieczek/?filter[dest]=11:&filter[hotelids]=&filter[cityids]=0&filter[cregids]=&filter[ofrType]=&filter[addObjType]=&filter[whenFrom]=21-09-2026&filter[whenTo]=21-10-2026&filter[duration]=7:10&filter[from]=Warszawa%20-%20Modlin,Warszawa%20-%20Radom,Warszawa&filter[person]=2&filter[child]=1&filter[price]=4000:20000&filter[PriceFrom]=4000&filter[PriceTo]=20000&filter[addCategory]=50&filter[addCatering]=1&filter[addMisc]=0&filter[addTransport]=F&filter[fp]=1&order_by=ofr_price&filter[tourOperator]=0&filter[childAge][1]=20201210","https://fly.pl/cdn/photo/assets/uploads/582/278/2014/09/Baron-Palace-Resort.jpg","https://fly.pl/wycieczka/egipt,hurghada,sahl-hasheesh/baron-palace-resort-hurghada/pB3ie2CejzPXRBnQbcP-qQAAogGTCtMWdF4ZLIfZ3xLcnGmwnbvZbIN9Wmp2d9VFEr-JIqBE9SRVgw8f7C1QZIv2pQQVjaA2ACagVZLjIuMWoDMDhZagMwN1lyNJsBnQGPARUHFwBYCFYCEQdcAUDCBlORrQFSAF6vT0vtQ2EATOWMOiCm_ZcJDQACEmMBAgxH5JXr/ofertasv/?filter[tourOperator]=OREX&filter%5Bperson%5D=2&filter%5BchildAge%5D%5B1%5D=20201210&filter%5Bchild%5D=1"
"Xanadu Makadi Bay","13784.0","24.09.2026 - 01.10.2026","8 dni/7 nocy","","4.8","4.8","2173","tripadvisor","Warszawa - Radom","2026-09-21T05:23:46.828269+00:00","https://fly.pl/szukaj-wycieczek/?filter[dest]=11:&filter[hotelids]=&filter[cityids]=0&filter[cregids]=&filter[ofrType]=&filter[addObjType]=&filter[whenFrom]=21-09-2026&filter[whenTo]=21-10-2026&filter[duration]=7:10&filter[from]=Warszawa%20-%20Modlin,Warszawa%20-%20Radom,Warszawa&filter[person]=2&filter[child]=1&filter[price]=4000:20000&filter[PriceFrom]=4000&filter[PriceTo]=20000&filter[addCategory]=50&filter[addCatering]=1&filter[addMisc]=0&filter[addTransport]=F&filter[fp]=1&order_by=ofr_price&filter[tourOperator]=0&filter[childAge][1]=20201210","https://fly.pl/cdn/photo/assets/uploads/582/278/2024/07/xanadu-makadi-bay.jpg","https://fly.pl/wycieczka/egipt,hurghada,makadi-bay/xanadu-makadi-bay-12/pZkjCVm3yzOJiDB-OIIfXTAAogXG0byQeN_3R-W_smUGIMhXuHt-JRXqpSz_DOtw-0xygqBE9SRVgw8f7C1QZI2GtQQVhCYAJqB0NGSS4yLjFyNZsBFQcXAFwDWAVWAhGQBkA6XdMOT2xT0p0BUgBer09LgRJhAEzRvjogz_yXCQ0AAhJjAQILP4Dt3g/ofertasv/?filter[tourOperator]=OREX&filter%5Bperson%5D=2&filter%5BchildAge%5D%5B1%5D=20201210&filter%5Bchild%5D=1"
"Maritim Jolie Ville Resort and Casino","13970.0","04.10.2026 - 11.10.2026","8 dni/7 nocy","","4.6","4.6","3183","tripadvisor","Warszawa","2026-09-21T05:23:46.828269+00:00","https://fly.pl/szukaj-wycieczek/?filter[dest]=11:&filter[hotelids]=&filter[cityids]=0&filter[cregids]=&filter[ofrType]=&filter[addObjType]=&filter[whenFrom]=21-09-2026&filter[whenTo]=21-10-2026&filter[duration]=7:10&filter[from]=Warszawa%20-%20Modlin,Warszawa%20-%20Radom,Warszawa&filter[person]=2&filter[child]=1&filter[price]=4000:20000&filter[PriceFrom]=4000&filter[PriceTo]=20000&filter[addCategory]=50&filter[addCatering]=1&filter[addMisc]=0&filter[addTransport]=F&filter[fp]=1&order_by=ofr_price&filter[tourOperator]=0&filter[childAge][1]=20201210","https://fly.pl/cdn/photo/assets/uploads/582/278/2014/10/Maritim-Jolie-Ville-Resort-Casino1.jpg","https://fly.pl/wycieczka/egipt,sharm-el-sheikh,c/maritim-jolie-ville-resort-and-casino/pWbnJCUoixD-1THT7FKX-gAAogec6k3rIZZR9dk9GfHaY29e6LQqlaFmzyIpGKGzBohJAqBEpPSVAw8f7C1QZIkm1QQViyAmACagNQd2dyQpsBFAEVBhcAXANYBVYCQMoGT-IBXQARpMYBXro0UqYgUwBLxyNhAEzljDoNn_2XCSAAAajXyJi1iMygMAINYwEADCteYWI/ofertasv/?filter[tourOperator]=JOIP&filter%5Bperson%5D=2&filter%5BchildAge%5D%5B1%5D=20201210&filter%5Bchild%5D=1"
"Sunrise Diamond Beach Resort Grand Select","13971.0","10.10.2026 - 17.10.2026","8 dni/7 nocy","","4.8","4.8","3478","tripadvisor","Warszawa","2026-09-21T05:23:46.828269+00:00","https://fly.pl/szukaj-wycieczek/?filter[dest]=11:&filter[hotelids]=&filter[cityids]=0&filter[cregids]=&filter[ofrType]=&filter[addObjType]=&filter[whenFrom]=21-09-2026&filter[whenTo]=21-10-2026&filter[duration]=7:10&filter[from]=Warszawa%20-%20Modlin,Warszawa%20-%20Radom,Warszawa&filter[person]=2&filter[child]=1&filter[price]=4000:20000&filter[PriceFrom]=4000&filter[PriceTo]=20000&filter[addCategory]=50&filter[addCatering]=1&filter[addMisc]=0&filter[addTransport]=F&filter[fp]=1&order_by=ofr_price&filter[tourOperator]=0&filter[childAge][1]=20201210","https://fly.pl/cdn/photo/assets/uploads/582/278/2014/07/Sunrise-Diamond-Beach-Sharm.jpg","https://fly.pl/wycieczka/egipt,sharm-el-sheikh,szarm-el-szejk/sunrise-select-diamond-beach-resort/pwnwCMfnjrswqVQvpAvhprAAog4B4uNWSvADFxjECHIUOpDwAAAACZhAQAtoQEAAcAEgAqBFdFWlkw8f7C1QZIk21QQVjCA2ADaglFbnRlciBBaXJqBDA4MDByQp4BlQEfAAIBHAAWBBcCEu0DGIUFE80BFMkEEdsyQLc_TKCiAU8AS8cjUAAbiHgdicoOIB0N3MfCCQESYwEMYwEEC2FEcRw/ofertasv/?filter[tourOperator]=WEZY&filter%5Bperson%5D=2&filter%5BchildAge%5D%5B1%5D=20201210&filter%5Bchild%5D=1"
"Sunrise Remal Beach","14137.0","10.10.2026 - 17.10.2026","8 dni/7 nocy","","4.8","4.8","2381","tripadvisor","Warszawa","2026-09-21T05:23:46.828269+00:00","https://fly.pl/szukaj-wycieczek/?filter[dest]=11:&filter[hotelids]=&filter[cityids]=0&filter[cregids]=&filter[ofrType]=&filter[addObjType]=&filter[whenFrom]=21-09-2026&filter[whenTo]=21-10-2026&filter[duration]=7:10&filter[from]=Warszawa%20-%20Modlin,Warszawa%20-%20Radom,Warszawa&filter[person]=2&filter[child]=1&filter[price]=4000:20000&filter[PriceFrom]=4000&filter[PriceTo]=20000&filter[addCategory]=50&filter[addCatering]=1&filter[addMisc]=0&filter[addTransport]=F&filter[fp]=1&order_by=ofr_price&filter[tourOperator]=0&filter[childAge][1]=20201210","https://fly.pl/cdn/photo/assets/uploads/582/278/2014/07/Sunrise-Remal-Beach-ex.-Melton-Beach-Sharm-fly-pl.jpg","https://fly.pl/wycieczka/egipt,sharm-el-sheikh,szarm-el-szejk/melia-sinai/pHQq3OJmee5Io9qwa1Lky1AAog4k6HVQPIWBruR6X_6FAy2AAAAACZhAQAtoQEAAcAEgAqBFdFWlkw8f7C1QZIuW5QQVjCA2ADaglFbnRlciBBaXJqBDA4MDByQp4BlQEfABwBAgAWBBcCEXMS-gIYhQUTzQEUyQRAknJMoKIBTwBLxyNQAB2Rwg8gHRvkvk8N-IjzCAESYwEMYwEEC3SCkmA/ofertasv/?filter[tourOperator]=WEZY&filter%5Bperson%5D=2&filter%5BchildAge%5D%5B1%5D=20201210&filter%5Bchild%5D=1"
"Aldiana Club Naga Bay","14187.0","04.10.2026 - 11.10.2026","8 dni/7 nocy","","","","","","Warszawa","2026-09-21T05:23:46.828269+00:00","https://fly.pl/szukaj-wycieczek/?filter[dest]=11:&filter[hotelids]=&filter[cityids]=0&filter[cregids]=&filter[ofrType]=&filter[addObjType]=&filter[whenFrom]=21-09-2026&filter[whenTo]=21-10-2026&filter[duration]=7:10&filter[from]=Warszawa%20-%20Modlin,Warszawa%20-%20Radom,Warszawa&filter[person]=2&filter[child]=1&filter[price]=4000:20000&filter[PriceFrom]=4000&filter[PriceTo]=20000&filter[addCategory]=50&filter[addCatering]=1&filter[addMisc]=0&filter[addTransport]=F&filter[fp]=1&order_by=ofr_price&filter[tourOperator]=0&filter[childAge][1]=20201210","https://datacfstatic.merlinx.pl/EXIM/IMG/108012/b1f5d26a903624c4b7c28f67d4a9bbc9a0cf5c691d37d2be60154e132614ef4b.webp","https://fly.pl/wycieczka/egipt,hurghada,c/aldiana-club-naga-bay-9/pdBxK-Ht5fq9qROgMAuoH9AAogwO9UdMzMiwxWSq-jR-bqc48y6rj6FZ9B-AYEqrWUQdsqBEVYSU0w8f7C1QZI625QAViyAmACagJBSXIhHBHsywa5BJPyPasEHBuU5D0Y5PI-AaH_p4sLAgBjAQIFYtlGKA/ofertasv/?filter[tourOperator]=EXIM&filter%5Bperson%5D=2&filter%5BchildAge%5D%5B1%5D=20201210&filter%5Bchild%5D=1"
"Steigenberger Alcazar","14235.0","10.10.2026 - 17.10.2026","8 dni/7 nocy","","5.0","5.0","1325","tripadvisor","Warszawa","2026-09-21T05:23:46.828269+00:00","https://fly.pl/szukaj-wycieczek/?filter[dest]=11:&filter[hotelids]=&filter[cityids]=0&filter[cregids]=&filter[ofrType]=&filter[addObjType]=&filter[whenFrom]=21-09-2026&filter[whenTo]=21-10-2026&filter[duration]=7:10&filter[from]=Warszawa%20-%20Modlin,Warszawa%20-%20Radom,Warszawa&filter[person]=2&filter[child]=1&filter[price]=4000:20000&filter[PriceFrom]=4000&filter[PriceTo]=20000&filter[addCategory]=50&filter[addCatering]=1&filter[addMisc]=0&filter[addTransport]=F&filter[fp]=1&order_by=ofr_price&filter[tourOperator]=0&filter[childAge][1]=20201210","https://fly.pl/cdn/photo/assets/uploads/582/278/2017/09/Steigenberger-Alcazar.jpg","https://fly.pl/wycieczka/egipt,sharm-el-sheikh,szarm-el-szejk/steigenberger-alcazar/p7Kpok87Nd8IwFThO9emtVAAogxfN5y-BoklXKPuFZa9fGnQAAAACZhAQAtoQEAAcAEgAqBFdFWlkw8f7C1QZIm29QQVjCA2ADaglFbnRlciBBaXJqBDA4MDByQp4BlQEfAAIBHAAWBBcCEu0DGIUFE80BFMkEQJJyEfw_TKRiTwBLxyNQABvP2QkdwugFIB0N3MfCCQESYwEMYwEDC3-Ddk8/ofertasv/?filter[tourOperator]=WEZY&filter%5Bperson%5D=2&filter%5BchildAge%5D%5B1%5D=20201210&filter%5Bchild%5D=1"
"Movenpick Resort Sharm el Sheikh","14254.0","04.10.2026 - 11.10.2026","8 dni/7 nocy","","4.6","4.6","5338","tripadvisor","Warszawa","2026-09-21T05:23:46.828269+00:00","https://fly.pl/szukaj-wycieczek/?filter[dest]=11:&filter[hotelids]=&filter[cityids]=0&filter[cregids]=&filter[ofrType]=&filter[addObjType]=&filter[whenFrom]=21-09-2026&filter[whenTo]=21-10-2026&filter[duration]=7:10&filter[from]=Warszawa%20-%20Modlin,Warszawa%20-%20Radom,Warszawa&filter[person]=2&filter[child]=1&filter[price]=4000:20000&filter[PriceFrom]=4000&filter[PriceTo]=20000&filter[addCategory]=50&filter[addCatering]=1&filter[addMisc]=0&filter[addTransport]=F&filter[fp]=1&order_by=ofr_price&filter[tourOperator]=0&filter[childAge][1]=20201210","https://fly.pl/cdn/photo/assets/uploads/582/278/2015/03/Movenpick-Golf-Club-fly-pl.jpg","https://fly.pl/wycieczka/egipt,sharm-el-sheikh,c/moevenpick-golf-club/pBSVQBC0Zj22X9FLdWIYBeAAogaGDU-MJaHJJtrXo4u9r8iO6LQqlaFmzyIpGKGzBohJAqBEpPSVAw8f7C1QZIrm9QQViyAmACagM2YWxyQpsBFAEVBhcAXANYBVYCQMoGT-IBXQBe3voBEbgXUu4IUwBLxyNhAEzljDoNn_2XCSAAAbvJ2Ki1iMygMAINYwEAC3L2Zok/ofertasv/?filter[tourOperator]=JOIP&filter%5Bperson%5D=2&filter%5BchildAge%5D%5B1%5D=20201210&filter%5Bchild%5D=1"
"Jaz Tamerina (ex. Jaz Oriental Club)","14397.0","07.10.2026 - 15.10.2026","9 dni/7 nocy","","4.7","4.7","511","tripadvisor","Warszawa","2026-09-21T05:23:46.828269+00:00","https://fly.pl/szukaj-wycieczek/?filter[dest]=11:&filter[hotelids]=&filter[cityids]=0&filter[cregids]=&filter[ofrType]=&filter[addObjType]=&filter[whenFrom]=21-09-2026&filter[whenTo]=21-10-2026&filter[duration]=7:10&filter[from]=Warszawa%20-%20Modlin,Warszawa%20-%20Radom,Warszawa&filter[person]=2&filter[child]=1&filter[price]=4000:20000&filter[PriceFrom]=4000&filter[PriceTo]=20000&filter[addCategory]=50&filter[addCatering]=1&filter[addMisc]=0&filter[addTransport]=F&filter[fp]=1&order_by=ofr_price&filter[tourOperator]=0&filter[childAge][1]=20201210","https://fly.pl/cdn/photo/assets/uploads/582/278/2024/07/jaz-tamerina-ex-jaz-oriental-club.jpg","https://fly.pl/wycieczka/egipt,dolny-egipt,marsa-matrouh/jaz-tamerina-ex-jaz-oriental-club-10/p6b4b7X8TE4t6_I3sII8y2AAogtx4twtV7fK5GZ_6OM4x4qdOhCK2vlt_nB4E2u4-AsmIqBFZJVFgw8f7C1QZIvXBQQVj6AmACckAaABUHFwBcA1gFQI8DU8mDAVIAW5AYXqRkS-1DYQBMsbU5DdbUmAkgAVH28snya0-byAhd3PiA_ZkBAgxjAQIL09nwyA/ofertasv/?filter[tourOperator]=VITX&filter%5Bperson%5D=2&filter%5BchildAge%5D%5B1%5D=20201210&filter%5Bchild%5D=1"
"Jaz Elite Asteria (Hurghada)","14418.0","01.10.2026 - 08.10.2026","8 dni/7 nocy","","4.9","4.9","805","tripadvisor","Warszawa - Radom","2026-09-21T05:23:46.828269+00:00","https://fly.pl/szukaj-wycieczek/?filter[dest]=11:&filter[hotelids]=&filter[cityids]=0&filter[cregids]=&filter[ofrType]=&filter[addObjType]=&filter[whenFrom]=21-09-2026&filter[whenTo]=21-10-2026&filter[duration]=7:10&filter[from]=Warszawa%20-%20Modlin,Warszawa%20-%20Radom,Warszawa&filter[person]=2&filter[child]=1&filter[price]=4000:20000&filter[PriceFrom]=4000&filter[PriceTo]=20000&filter[addCategory]=50&filter[addCatering]=1&filter[addMisc]=0&filter[addTransport]=F&filter[fp]=1&order_by=ofr_price&filter[tourOperator]=0&filter[childAge][1]=20201210","https://fly.pl/cdn/photo/assets/uploads/582/278/2024/07/jaz-asteria-beach.jpg","https://fly.pl/wycieczka/egipt,hurghada,sahl-hasheesh/jaz-asteria-beach-11/pUXtBmGONJ3x5iI7Z2ouMoAAogxrb8qJOHdv0FgHdv6z1v-JtDSG7JGG1kLrratyRh_coqBE9SRVgw8f7C1QZI0nBQQVjqAWACagdPTUguMi4xcjabARUHFwBcA1gFVgJAygZd0w5PbBHRE1OBigFSAF6vT0uBEmEATNG-OiCc_ZcJDQACEmMBAgzoZ_7o/ofertasv/?filter[tourOperator]=OREX&filter%5Bperson%5D=2&filter%5BchildAge%5D%5B1%5D=20201210&filter%5Bchild%5D=1"
"Reef Oasis Blue Bay Resort","14457.0","29.09.2026 - 07.10.2026","9 dni/7 nocy","","4.6","4.6","9706","tripadvisor","Warszawa","2026-09-21T05:23:46.828269+00:00","https://fly.pl/szukaj-wycieczek/?filter[dest]=11:&filter[hotelids]=&filter[cityids]=0&filter[cregids]=&filter[ofrType]=&filter[addObjType]=&filter[whenFrom]=21-09-2026&filter[whenTo]=21-10-2026&filter[duration]=7:10&filter[from]=Warszawa%20-%20Modlin,Warszawa%20-%20Radom,Warszawa&filter[person]=2&filter[child]=1&filter[price]=4000:20000&filter[PriceFrom]=4000&filter[PriceTo]=20000&filter[addCategory]=50&filter[addCatering]=1&filter[addMisc]=0&filter[addTransport]=F&filter[fp]=1&order_by=ofr_price&filter[tourOperator]=0&filter[childAge][1]=20201210","https://fly.pl/cdn/photo/assets/uploads/582/278/2014/07/Reef-Oasis-Blue-Bay.jpg","https://fly.pl/wycieczka/egipt,sharm-el-sheikh,c/reef-oasis-blue-bay-resort/pg1r7WWfneGcuOEGU8a76BAAogQuxQc2MNKRaQ8MsdMDY-t_x165SKMu3wZ5pxJ9Xdc08qBFZJVFgw8f7C1QZI-XBQQVi6AWACckAaABUHFwBcA1gFQI8DW72XAV7AaFKmIFMAS8cjYQBMsbU5DYjUmAkgAVH1hf6y6QFP6ukWXYTO6rwcAgxjAQILWlFvdQ/ofertasv/?filter[tourOperator]=VITX&filter%5Bperson%5D=2&filter%5BchildAge%5D%5B1%5D=20201210&filter%5Bchild%5D=1"
"Jaz Almaza Beach","14497.0","30.09.2026 - 08.10.2026","9 dni/7 nocy","","4.5","4.5","2932","tripadvisor","Warszawa","2026-09-21T05:23:46.828269+00:00","https://fly.pl/szukaj-wycieczek/?filter[dest]=11:&filter[hotelids]=&filter[cityids]=0&filter[cregids]=&filter[ofrType]=&filter[addObjType]=&filter[whenFrom]=21-09-2026&filter[whenTo]=21-10-2026&filter[duration]=7:10&filter[from]=Warszawa%20-%20Modlin,Warszawa%20-%20Radom,Warszawa&filter[person]=2&filter[child]=1&filter[price]=4000:20000&filter[PriceFrom]=4000&filter[PriceTo]=20000&filter[addCategory]=50&filter[addCatering]=1&filter[addMisc]=0&filter[addTransport]=F&filter[fp]=1&order_by=ofr_price&filter[tourOperator]=0&filter[childAge][1]=20201210","https://fly.pl/cdn/photo/assets/uploads/582/278/2024/07/jaz-almaza-beach.jpg","https://fly.pl/wycieczka/egipt,dolny-egipt,mersa-matruh/jaz-almaza-beach/psI3u_flui19d-xhUizEqFAAogOsRDw5RbRML8i18d2rqCkDPfTTCk9cJVJPZ8eQG0-LMqBFZJVFgw8f7C1QZIoXFQQVjSAWACckAaABUHFwBcA1gFQI8DU8mDAVIAW_wYXrhjS-1DYQBMjbU5Da3UmAkgR1Hp1JTya0-v5j1d3PiA_ZkBAgxjAQILbdjatw/ofertasv/?filter[tourOperator]=VITX&filter%5Bperson%5D=2&filter%5BchildAge%5D%5B1%5D=20201210&filter%5Bchild%5D=1"
"Jaz Makadina","14769.0","13.10.2026 - 20.10.2026","8 dni/7 nocy","","4.8","4.8","4089","tripadvisor","Warszawa","2026-09-21T05:23:46.828269+00:00","https://fly.pl/szukaj-wycieczek/?filter[dest]=11:&filter[hotelids]=&filter[cityids]=0&filter[cregids]=&filter[ofrType]=&filter[addObjType]=&filter[whenFrom]=21-09-2026&filter[whenTo]=21-10-2026&filter[duration]=7:10&filter[from]=Warszawa%20-%20Modlin,Warszawa%20-%20Radom,Warszawa&filter[person]=2&filter[child]=1&filter[price]=4000:20000&filter[PriceFrom]=4000&filter[PriceTo]=20000&filter[addCategory]=50&filter[addCatering]=1&filter[addMisc]=0&filter[addTransport]=F&filter[fp]=1&order_by=ofr_price&filter[tourOperator]=0&filter[childAge][1]=20201210","https://fly.pl/cdn/photo/assets/uploads/582/278/2015/04/Jaz-Makadina.jpg","https://fly.pl/wycieczka/egipt,hurghada,makadi-bay/jaz-makadina/p6ZelOvginCjijhTwvLYshAAogpYHrVSrlPG5MYyclsn-jamqyvADKfxjztHOrlw2TEoUqBEpPSVAw8f7C1QZIsXNQQViKBGACagMwME1yQpsBFAEVBhcAXANYBVYCQMoGT-IBXQBSr6sBUwARoRpejjVL7UNhAEzljDoNqP2XCSAAAZ_J-L-khsygMAINYwEADKC0Fp4/ofertasv/?filter[tourOperator]=JOIP&filter%5Bperson%5D=2&filter%5BchildAge%5D%5B1%5D=20201210&filter%5Bchild%5D=1"
"Rixos Premium Magawish Bay View","14872.0","13.10.2026 - 20.10.2026","8 dni/7 nocy","","","","","","Warszawa","2026-09-21T05:23:46.828269+00:00","https://fly.pl/szukaj-wycieczek/?filter[dest]=11:&filter[hotelids]=&filter[cityids]=0&filter[cregids]=&filter[ofrType]=&filter[addObjType]=&filter[whenFrom]=21-09-2026&filter[whenTo]=21-10-2026&filter[duration]=7:10&filter[from]=Warszawa%20-%20Modlin,Warszawa%20-%20Radom,Warszawa&filter[person]=2&filter[child]=1&filter[price]=4000:20000&filter[PriceFrom]=4000&filter[PriceTo]=20000&filter[addCategory]=50&filter[addCatering]=1&filter[addMisc]=0&filter[addTransport]=F&filter[fp]=1&order_by=ofr_price&filter[tourOperator]=0&filter[childAge][1]=20201210","https://datacfstatic.merlinx.pl/JOIP/IMG/80504/72b9b3cd4567017e4759277a6035f23699e3aef72cf308850ac030076b8a0054.webp","https://fly.pl/wycieczka/egipt,hurghada,c/rixos-premium-magawish-bay-view-11/pXpco7OIf4Jpob_iVSsKoeAAoghTSjgUJEyhj90j8xVjVkdWqyvADKfxjztHOrlw2TEoUqBEpPSVAw8f7C1QZImHRQQViKBGACagMwMllyQ5sBFAEVBhcAXANYBVYCQMoGT-IBXQBSr6sBUwBer09L7UNhABHwrQJM9d43Daj9lwkgAAG_xdyQxYbMoDACDWMBAAsrwZZ9/ofertasv/?filter[tourOperator]=JOIP&filter%5Bperson%5D=2&filter%5BchildAge%5D%5B1%5D=20201210&filter%5Bchild%5D=1"
"Rixos Premium Seagate","15029.0","04.10.2026 - 11.10.2026","8 dni/7 nocy","","4.8","4.8","11512","tripadvisor","Warszawa","2026-09-21T05:23:46.828269+00:00","https://fly.pl/szukaj-wycieczek/?filter[dest]=11:&filter[hotelids]=&filter[cityids]=0&filter[cregids]=&filter[ofrType]=&filter[addObjType]=&filter[whenFrom]=21-09-2026&filter[whenTo]=21-10-2026&filter[duration]=7:10&filter[from]=Warszawa%20-%20Modlin,Warszawa%20-%20Radom,Warszawa&filter[person]=2&filter[child]=1&filter[price]=4000:20000&filter[PriceFrom]=4000&filter[PriceTo]=20000&filter[addCategory]=50&filter[addCatering]=1&filter[addMisc]=0&filter[addTransport]=F&filter[fp]=1&order_by=ofr_price&filter[tourOperator]=0&filter[childAge][1]=20201210","https://fly.pl/cdn/photo/assets/uploads/582/278/2015/04/Rixos-Premium-Seagate-Sharm-El-Sheikh.jpg","https://fly.pl/wycieczka/egipt,sharm-el-sheikh,nabq-bay/rixos-seagate/pmQ1tMqjgtmYeIqjVMKcPZAAoggrKE0hrgJkBs_xiEsnh-Zu6LQqlaFmzyIpGKGzBohJAqBEpPSVAw8f7C1QZItXVQQViyAmACckMUARUGFwBcA1gFVgJAygZP4gFdAFvhpAER6SFelDRSpiBTAEvHI2EATOWMOg2f_ZcJIAABvd38qMWIzKAwAg1jAQALaw5swA/ofertasv/?filter[tourOperator]=JOIP&filter%5Bperson%5D=2&filter%5BchildAge%5D%5B1%5D=20201210&filter%5Bchild%5D=1"
"Rixos Radamis Beach","15267.0","04.10.2026 - 11.10.2026","8 dni/7 nocy","","","","","","Warszawa","2026-09-21T05:23:46.828269+00:00","https://fly.pl/szukaj-wycieczek/?filter[dest]=11:&filter[hotelids]=&filter[cityids]=0&filter[cregids]=&filter[ofrType]=&filter[addObjType]=&filter[whenFrom]=21-09-2026&filter[whenTo]=21-10-2026&filter[duration]=7:10&filter[from]=Warszawa%20-%20Modlin,Warszawa%20-%20Radom,Warszawa&filter[person]=2&filter[child]=1&filter[price]=4000:20000&filter[PriceFrom]=4000&filter[PriceTo]=20000&filter[addCategory]=50&filter[addCatering]=1&filter[addMisc]=0&filter[addTransport]=F&filter[fp]=1&order_by=ofr_price&filter[tourOperator]=0&filter[childAge][1]=20201210","https://datacfstatic.merlinx.pl/JOIP/IMG/63851/97898f089b392972361de777071e04e87d253ed0bfb6a13a12f021ca907858bb.webp","https://fly.pl/wycieczka/egipt,sharm-el-sheikh,szarm-el-szejk/rixos-radamis-beach-side-9/pZNzydTDvBYnuD0x2dagpAAAogYnXoyf-EeyM0_L8sywHeiu6LQqlaFmzyIpGKGzBohJAqBEpPSVAw8f7C1QZIo3dQQViyAmACagNNOHFyQ5sBFAEVBhcAXANYBVYCQMoGT-IBXQBe3voBUqYgUwBLxyNhABHjqwFMguE4DZ_9lwkgAAGq0_SfxYjMoDACDWMBAAveff8I/ofertasv/?filter[tourOperator]=JOIP&filter%5Bperson%5D=2&filter%5BchildAge%5D%5B1%5D=20201210&filter%5Bchild%5D=1"
"Steigenberger Al Dau Beach","15267.0","24.09.2026 - 01.10.2026","8 dni/7 nocy","","4.8","4.8","10121","tripadvisor","Warszawa","2026-09-21T05:23:46.828269+00:00","https://fly.pl/szukaj-wycieczek/?filter[dest]=11:&filter[hotelids]=&filter[cityids]=0&filter[cregids]=&filter[ofrType]=&filter[addObjType]=&filter[whenFrom]=21-09-2026&filter[whenTo]=21-10-2026&filter[duration]=7:10&filter[from]=Warszawa%20-%20Modlin,Warszawa%20-%20Radom,Warszawa&filter[person]=2&filter[child]=1&filter[price]=4000:20000&filter[PriceFrom]=4000&filter[PriceTo]=20000&filter[addCategory]=50&filter[addCatering]=1&filter[addMisc]=0&filter[addTransport]=F&filter[fp]=1&order_by=ofr_price&filter[tourOperator]=0&filter[childAge][1]=20201210","https://fly.pl/cdn/photo/assets/uploads/582/278/2014/07/Steigenberger-Al-Dau-Beach-fly-pl.jpg","https://fly.pl/wycieczka/egipt,hurghada,c/steigenberger-al-dau-beach/pWHxUaVs2boXylfhDLp5s5AAogNGX7tGMohkjWgMSNCtastG81lTSXqH6Isk6l7nfwV_cqBEJWUFIw8f7C1QZIo3dQAVhCYAJqDUFsbCBpbmNsdXNpdmVyIBwRxTMb_J4EGMLBDLkEhvYUqwRPAeyt5K8BAgBjAQIL5dAMQQ/ofertasv/?filter[tourOperator]=BVPR&filter%5Bperson%5D=2&filter%5BchildAge%5D%5B1%5D=20201210&filter%5Bchild%5D=1"
"Iberotel Makadi Beach","15323.0","01.10.2026 - 08.10.2026","8 dni/7 nocy","","4.8","4.8","4167","tripadvisor","Warszawa - Radom","2026-09-21T05:23:46.828269+00:00","https://fly.pl/szukaj-wycieczek/?filter[dest]=11:&filter[hotelids]=&filter[cityids]=0&filter[cregids]=&filter[ofrType]=&filter[addObjType]=&filter[whenFrom]=21-09-2026&filter[whenTo]=21-10-2026&filter[duration]=7:10&filter[from]=Warszawa%20-%20Modlin,Warszawa%20-%20Radom,Warszawa&filter[person]=2&filter[child]=1&filter[price]=4000:20000&filter[PriceFrom]=4000&filter[PriceTo]=20000&filter[addCategory]=50&filter[addCatering]=1&filter[addMisc]=0&filter[addTransport]=F&filter[fp]=1&order_by=ofr_price&filter[tourOperator]=0&filter[childAge][1]=20201210","https://fly.pl/cdn/photo/assets/uploads/582/278/2015/04/Iberotel-Makadi-Beach.jpg","https://fly.pl/wycieczka/egipt,hurghada,makadi-bay/iberotel-makadi-beach/pAi4sPKb7eHAFDVNctCAoSAAogZltzYm6i33xEGIp_cCUaMptDSG7JGG1kLrratyRh_coqBE9SRVgw8f7C1QZI23dQQVjqAWACagZFRi4yLjFyNZsBFQcXAFwDWAVWAhEVQLUGXdMOT2xT0p0BUgBer09LgRJhAEzRvjognP2XCQ0AAhJjAQILs5sxEw/ofertasv/?filter[tourOperator]=OREX&filter%5Bperson%5D=2&filter%5BchildAge%5D%5B1%5D=20201210&filter%5Bchild%5D=1"
"Serry Beach Resort","15350.0","13.10.2026 - 20.10.2026","8 dni/7 nocy","","4.8","4.8","2856","tripadvisor","Warszawa","2026-09-21T05:23:46.828269+00:00","https://fly.pl/szukaj-wycieczek/?filter[dest]=11:&filter[hotelids]=&filter[cityids]=0&filter[cregids]=&filter[ofrType]=&filter[addObjType]=&filter[whenFrom]=21-09-2026&filter[whenTo]=21-10-2026&filter[duration]=7:10&filter[from]=Warszawa%20-%20Modlin,Warszawa%20-%20Radom,Warszawa&filter[person]=2&filter[child]=1&filter[price]=4000:20000&filter[PriceFrom]=4000&filter[PriceTo]=20000&filter[addCategory]=50&filter[addCatering]=1&filter[addMisc]=0&filter[addTransport]=F&filter[fp]=1&order_by=ofr_price&filter[tourOperator]=0&filter[childAge][1]=20201210","https://fly.pl/cdn/photo/assets/uploads/582/278/2014/09/Serry-Beach-Resort.jpg","https://fly.pl/wycieczka/egipt,hurghada,c/sindbad-beach-resort/pR40D97mUGktrQp7NbeYKIAAogOmKtV2xQNqLATbTKSTXQOGqyvADKfxjztHOrlw2TEoUqBEpPSVAw8f7C1QZI9ndQQViKBGACckMUARUGFwBcA1gFVgJAygZd4gFPAFv1ZVO6RVIAXq9PS-1DYQARlpQBTM_4OCCo_ZcJDQABnNXo6ITLzKAwAg1jAQALLTNMEA/ofertasv/?filter[tourOperator]=JOIP&filter%5Bperson%5D=2&filter%5BchildAge%5D%5B1%5D=20201210&filter%5Bchild%5D=1"
"Jaz Elite Casa Del Mar Beach","15497.0","04.10.2026 - 11.10.2026","8 dni/7 nocy","","5.0","5.0","655","tripadvisor","Warszawa","2026-09-21T05:23:46.828269+00:00","https://fly.pl/szukaj-wycieczek/?filter[dest]=11:&filter[hotelids]=&filter[cityids]=0&filter[cregids]=&filter[ofrType]=&filter[addObjType]=&filter[whenFrom]=21-09-2026&filter[whenTo]=21-10-2026&filter[duration]=7:10&filter[from]=Warszawa%20-%20Modlin,Warszawa%20-%20Radom,Warszawa&filter[person]=2&filter[child]=1&filter[price]=4000:20000&filter[PriceFrom]=4000&filter[PriceTo]=20000&filter[addCategory]=50&filter[addCatering]=1&filter[addMisc]=0&filter[addTransport]=F&filter[fp]=1&order_by=ofr_price&filter[tourOperator]=0&filter[childAge][1]=20201210","https://fly.pl/cdn/photo/assets/uploads/582/278/2020/01/Jaz-Casa-Del-Mar-Beach.jpg","https://fly.pl/wycieczka/egipt,hurghada,c/jaz-casa-del-mar-beach-10/pxXIHJXyk8p7uOoi5AKjOCAAog8IZIM37kDT9MIzDl9tE6oo8y6rj6FZ9B-AYEqrWUQdsqBEVYSU0w8f7C1QZIiXlQAViyAmACagNVQUlyIRwR68UGuQSU-D2rBBwbyro6GMnGOwGt9KeuCgIAYwECCxd-b3w/ofertasv/?filter[tourOperator]=EXIM&filter%5Bperson%5D=2&filter%5BchildAge%5D%5B1%5D=20201210&filter%5Bchild%5D=1"
"Rixos Premium Magawish Suites & Villas","15615.0","29.09.2026 - 06.10.2026","8 dni/7 nocy","","4.8","4.8","4336","tripadvisor","Warszawa","2026-09-21T05:23:46.828269+00:00","https://fly.pl/szukaj-wycieczek/?filter[dest]=11:&filter[hotelids]=&filter[cityids]=0&filter[cregids]=&filter[ofrType]=&filter[addObjType]=&filter[whenFrom]=21-09-2026&filter[whenTo]=21-10-2026&filter[duration]=7:10&filter[from]=Warszawa%20-%20Modlin,Warszawa%20-%20Radom,Warszawa&filter[person]=2&filter[child]=1&filter[price]=4000:20000&filter[PriceFrom]=4000&filter[PriceTo]=20000&filter[addCategory]=50&filter[addCatering]=1&filter[addMisc]=0&filter[addTransport]=F&filter[fp]=1&order_by=ofr_price&filter[tourOperator]=0&filter[childAge][1]=20201210","https://fly.pl/cdn/photo/assets/uploads/582/278/2014/07/Magawish-Village-Resort-ex.-Swiss-Inn-fly-pl.jpg","https://fly.pl/wycieczka/egipt,hurghada,c/magawish-swiss-inn/pbN-OZCqee4oErsrjBmldMAAogB-xZdDUX48OSpk1eEDsXbuErWs0tVGkUnula-RMaXKwqBEpPSVAw8f7C1QZI_3lQQVi6AWACagMwRVByQpsBFAEVBhcAXANYBVYCQMoGT-IBXQBSr6sBUwBer09L7UNhABHnbUz-njkN1PyXCSAAAYC8vIDEqtGgMAINYwEAC1g0R_s/ofertasv/?filter[tourOperator]=JOIP&filter%5Bperson%5D=2&filter%5BchildAge%5D%5B1%5D=20201210&filter%5Bchild%5D=1"
"Jaz Elite Riviera","15667.0","26.09.2026 - 04.10.2026","9 dni/7 nocy","","","","","","Warszawa","2026-09-21T05:23:46.828269+00:00","https://fly.pl/szukaj-wycieczek/?filter[dest]=11:&filter[hotelids]=&filter[cityids]=0&filter[cregids]=&filter[ofrType]=&filter[addObjType]=&filter[whenFrom]=21-09-2026&filter[whenTo]=21-10-2026&filter[duration]=7:10&filter[from]=Warszawa%20-%20Modlin,Warszawa%20-%20Radom,Warszawa&filter[person]=2&filter[child]=1&filter[price]=4000:20000&filter[PriceFrom]=4000&filter[PriceTo]=20000&filter[addCategory]=50&filter[addCatering]=1&filter[addMisc]=0&filter[addTransport]=F&filter[fp]=1&order_by=ofr_price&filter[tourOperator]=0&filter[childAge][1]=20201210","https://datacfstatic.merlinx.pl/EXIM/IMG/106777/568b298780cd2ce6eee312f0f43ef758b5c995ecff934bf20f82542d99af1412.webp","https://fly.pl/wycieczka/egipt,marsa-alam,c/jaz-riviera-15/pKgX8wG06MlvPEWaUPrsEeAAogqYYs_w8eKfx-o-E9W_drHvPOVhexA4B-vTIRTOTMdjUqBEVYSU0w8f7C1QZIs3pQAVhyYAJqAkFJciEcEZnCBrkEvP09qwQbG_-fORjMxDoBr_DjiwoCAGMBAgvGvzSQ/ofertasv/?filter[tourOperator]=EXIM&filter%5Bperson%5D=2&filter%5BchildAge%5D%5B1%5D=20201210&filter%5Bchild%5D=1"
"Sunrise White Hills Resort","15792.0","10.10.2026 - 17.10.2026","8 dni/7 nocy","","4.8","4.8","2127","tripadvisor","Warszawa","2026-09-21T05:23:46.828269+00:00","https://fly.pl/szukaj-wycieczek/?filter[dest]=11:&filter[hotelids]=&filter[cityids]=0&filter[cregids]=&filter[ofrType]=&filter[addObjType]=&filter[whenFrom]=21-09-2026&filter[whenTo]=21-10-2026&filter[duration]=7:10&filter[from]=Warszawa%20-%20Modlin,Warszawa%20-%20Radom,Warszawa&filter[person]=2&filter[child]=1&filter[price]=4000:20000&filter[PriceFrom]=4000&filter[PriceTo]=20000&filter[addCategory]=50&filter[addCatering]=1&filter[addMisc]=0&filter[addTransport]=F&filter[fp]=1&order_by=ofr_price&filter[tourOperator]=0&filter[childAge][1]=20201210","https://fly.pl/cdn/photo/assets/uploads/582/278/2022/12/Sunrise-White-Hills.jpg","https://fly.pl/wycieczka/egipt,sharm-el-sheikh,szarm-el-szejk/white-hills-by-sunrise-14/pw1TIuqhGLPDA07H7mcxZ2AAogJdsN7KW9Az49nrmBpm4BmQAAAACZhAQAtoQEAAcAEgAqBFdFWlkw8f7C1QZIsHtQQVjCA2ADaglFbnRlciBBaXJqBDA4MDByQ54BlQEfAAIBHAAWBBcCEu0DGIUFE80BFMkEQJJyT6CiAUwAS8cjUAARvEcd1foOIB0bn4MfDb3EowkBEmMBDGMBBAuExKiK/ofertasv/?filter[tourOperator]=WEZY&filter%5Bperson%5D=2&filter%5BchildAge%5D%5B1%5D=20201210&filter%5Bchild%5D=1"
"Sunrise Arabian Beach Resort","15819.0","11.10.2026 - 18.10.2026","8 dni/7 nocy","","4.5","4.5","4480","tripadvisor","Warszawa","2026-09-21T05:23:46.828269+00:00","https://fly.pl/szukaj-wycieczek/?filter[dest]=11:&filter[hotelids]=&filter[cityids]=0&filter[cregids]=&filter[ofrType]=&filter[addObjType]=&filter[whenFrom]=21-09-2026&filter[whenTo]=21-10-2026&filter[duration]=7:10&filter[from]=Warszawa%20-%20Modlin,Warszawa%20-%20Radom,Warszawa&filter[person]=2&filter[child]=1&filter[price]=4000:20000&filter[PriceFrom]=4000&filter[PriceTo]=20000&filter[addCategory]=50&filter[addCatering]=1&filter[addMisc]=0&filter[addTransport]=F&filter[fp]=1&order_by=ofr_price&filter[tourOperator]=0&filter[childAge][1]=20201210","https://fly.pl/cdn/photo/assets/uploads/582/278/2014/07/Sunrise-Grand-Select-Arabian-Beach.jpg","https://fly.pl/wycieczka/egipt,sharm-el-sheikh,c/sunrise-grand-select-arabian-beach/p7Rd_4XkAOz6PEgI64S_sLAAogzGHb9l2_cytpRYsltwcv0giPgYhrkVrHHSR3tH9QMnYqBEpPSVAw8f7C1QZIy3tQQVjaA2ACagMxejhyQ5sBFAEVBhcAXANYBVYCQMoGT-IBXQBe3voBUqYgUwBLxyNhABGpwQFMvMs4Dab9lwkgAAG-mYzBw4jMoDACDWMBBAu4xEq5/ofertasv/?filter[tourOperator]=JOIP&filter%5Bperson%5D=2&filter%5BchildAge%5D%5B1%5D=20201210&filter%5Bchild%5D=1"
"Savoy (Sharm El Sheikh)","15933.0","27.09.2026 - 04.10.2026","8 dni/7 nocy","","4.9","4.9","4274","tripadvisor","Warszawa","2026-09-21T05:23:46.828269+00:00","https://fly.pl/szukaj-wycieczek/?filter[dest]=11:&filter[hotelids]=&filter[cityids]=0&filter[cregids]=&filter[ofrType]=&filter[addObjType]=&filter[whenFrom]=21-09-2026&filter[whenTo]=21-10-2026&filter[duration]=7:10&filter[from]=Warszawa%20-%20Modlin,Warszawa%20-%20Radom,Warszawa&filter[person]=2&filter[child]=1&filter[price]=4000:20000&filter[PriceFrom]=4000&filter[PriceTo]=20000&filter[addCategory]=50&filter[addCatering]=1&filter[addMisc]=0&filter[addTransport]=F&filter[fp]=1&order_by=ofr_price&filter[tourOperator]=0&filter[childAge][1]=20201210","https://fly.pl/cdn/photo/assets/uploads/582/278/2014/07/Savoy-Sharm-El-Sheikh.jpg","https://fly.pl/wycieczka/egipt,sharm-el-sheikh,c/savoy-sharm-el-sheikh/pZTXPnUHv0k5lBgoxPPZv8AAog6AwriBO1j4W4g6p3_ajkvtvhBFpwv_tYWcE8EXXr1-EqBEpPSVAw8f7C1QZIvXxQQViKAWACagMwME1yQpsBFAEVBhcAXANYBVYCQMoGT-IBXQARo8cBXrszUqYgUwBLxyNhAEzljDoN0vyXCSAAAZLU7Ji0iMygMAINYwEAC0y-_ck/ofertasv/?filter[tourOperator]=JOIP&filter%5Bperson%5D=2&filter%5BchildAge%5D%5B1%5D=20201210&filter%5Bchild%5D=1"
"Sunrise Crystal Bay Resort","16094.0","13.10.2026 - 20.10.2026","8 dni/7 nocy","","4.7","4.7","9678","tripadvisor","Warszawa","2026-09-21T05:23:46.828269+00:00","https://fly.pl/szukaj-wycieczek/?filter[dest]=11:&filter[hotelids]=&filter[cityids]=0&filter[cregids]=&filter[ofrType]=&filter[addObjType]=&filter[whenFrom]=21-09-2026&filter[whenTo]=21-10-2026&filter[duration]=7:10&filter[from]=Warszawa%20-%20Modlin,Warszawa%20-%20Radom,Warszawa&filter[person]=2&filter[child]=1&filter[price]=4000:20000&filter[PriceFrom]=4000&filter[PriceTo]=20000&filter[addCategory]=50&filter[addCatering]=1&filter[addMisc]=0&filter[addTransport]=F&filter[fp]=1&order_by=ofr_price&filter[tourOperator]=0&filter[childAge][1]=20201210","https://fly.pl/cdn/photo/assets/uploads/582/278/2014/07/Sunrise-Cristal-Bay-ex.-Coral-Sea.jpg","https://fly.pl/wycieczka/egipt,hurghada,c/sunrise-cristal-bay-ex-coral-sea/pg96yP3KA4IbObnTUTVuHeAAogIBIjpYmAMIMfy8xb-JqwhmqyvADKfxjztHOrlw2TEoUqBEpPSVAw8f7C1QZI3n1QQViKBGACagMwUm1yQ5sBFAEVBhcAXANYBVYCQMoGT-IBXQBSr6sBUwBer09L7UNhABGT1wFM0rU4Daj9lwkgAAG10YygxYbMoDACDWMBBAvOT68R/ofertasv/?filter[tourOperator]=JOIP&filter%5Bperson%5D=2&filter%5BchildAge%5D%5B1%5D=20201210&filter%5Bchild%5D=1"
"Sunrise Holidays Resort","16197.0","08.10.2026 - 15.10.2026","8 dni/7 nocy","","4.5","4.5","10571","tripadvisor","Warszawa","2026-09-21T05:23:46.828269+00:00","https://fly.pl/szukaj-wycieczek/?filter[dest]=11:&filter[hotelids]=&filter[cityids]=0&filter[cregids]=&filter[ofrType]=&filter[addObjType]=&filter[whenFrom]=21-09-2026&filter[whenTo]=21-10-2026&filter[duration]=7:10&filter[from]=Warszawa%20-%20Modlin,Warszawa%20-%20Radom,Warszawa&filter[person]=2&filter[child]=1&filter[price]=4000:20000&filter[PriceFrom]=4000&filter[PriceTo]=20000&filter[addCategory]=50&filter[addCatering]=1&filter[addMisc]=0&filter[addTransport]=F&filter[fp]=1&order_by=ofr_price&filter[tourOperator]=0&filter[childAge][1]=20201210","https://fly.pl/cdn/photo/assets/uploads/582/278/2014/07/Sunrise-Holidays-fly-pl.jpg","https://fly.pl/wycieczka/egipt,hurghada,c/sunrise-holidays/pdALckVz5XbzH5t9fSBUAHAAogUxcAsigsnhm3uIXSviWJue_o9xaTpfsfnKGx64UlgLUqBEJWUFIw8f7C1QZIxX5QAViSA2ABag1BbGwgaW5jbHVzaXZlch0cEcBQG4HnBBid9Ay5BK3eE6sETwHwzu_EAQMAY9mNClM/ofertasv/?filter[tourOperator]=BVPR&filter%5Bperson%5D=2&filter%5BchildAge%5D%5B1%5D=20201210&filter%5Bchild%5D=1"
"Movenpick Resort El Quseir","17533.0","11.10.2026 - 18.10.2026","8 dni/7 nocy","","4.7","4.7","2870","tripadvisor","Warszawa","2026-09-21T05:23:46.828269+00:00","https://fly.pl/szukaj-wycieczek/?filter[dest]=11:&filter[hotelids]=&filter[cityids]=0&filter[cregids]=&filter[ofrType]=&filter[addObjType]=&filter[whenFrom]=21-09-2026&filter[whenTo]=21-10-2026&filter[duration]=7:10&filter[from]=Warszawa%20-%20Modlin,Warszawa%20-%20Radom,Warszawa&filter[person]=2&filter[child]=1&filter[price]=4000:20000&filter[PriceFrom]=4000&filter[PriceTo]=20000&filter[addCategory]=50&filter[addCatering]=1&filter[addMisc]=0&filter[addTransport]=F&filter[fp]=1&order_by=ofr_price&filter[tourOperator]=0&filter[childAge][1]=20201210","https://fly.pl/cdn/photo/assets/uploads/582/278/2014/09/Movenpick.jpg","https://fly.pl/wycieczka/egipt,marsa-alam,c/moevenpick-el-quseir/p51ODMxi0p5On6et4BPxgCAAogjW9GDc18N_2Lv1nmzLIJrAAAAAAagwQANoMEAAcAAQAqBFdFWlkw8f7C1QZI_YgBUEFY2gNgA2oJRW50ZXIgQWlyagQwMDUwckKeAZQBHwACARwAFgQXAhLtAxXaBRifAxPDARHFIkCsUEy2lgFPAEuxL1AAG_IwHaCODyAcDd3KwgkBEmMBDGMBAgv9fnlh/ofertasv/?filter[tourOperator]=WEZY&filter%5Bperson%5D=2&filter%5BchildAge%5D%5B1%5D=20201210&filter%5Bchild%5D=1"
"Sunrise Tucana Resort","18247.0","13.10.2026 - 20.10.2026","8 dni/7 nocy","","4.8","4.8","1128","tripadvisor","Warszawa","2026-09-21T05:23:46.828269+00:00","https://fly.pl/szukaj-wycieczek/?filter[dest]=11:&filter[hotelids]=&filter[cityids]=0&filter[cregids]=&filter[ofrType]=&filter[addObjType]=&filter[whenFrom]=21-09-2026&filter[whenTo]=21-10-2026&filter[duration]=7:10&filter[from]=Warszawa%20-%20Modlin,Warszawa%20-%20Radom,Warszawa&filter[person]=2&filter[child]=1&filter[price]=4000:20000&filter[PriceFrom]=4000&filter[PriceTo]=20000&filter[addCategory]=50&filter[addCatering]=1&filter[addMisc]=0&filter[addTransport]=F&filter[fp]=1&order_by=ofr_price&filter[tourOperator]=0&filter[childAge][1]=20201210","https://fly.pl/cdn/photo/assets/uploads/582/278/2024/07/sunrise-grand-select-tucana-resort.jpg","https://fly.pl/wycieczka/egipt,hurghada,makadi-bay/sunrise-grand-select-tucana-resort-13/p4lsvObf1_m40ld3Ki6SiWAAogXaE_naxpgSMcpXUibn9MdmqyvADKfxjztHOrlw2TEoUqBEpPSVAw8f7C1QZIx44BUEFYigRgAnJEFAEVBhcAXANYBVYCQMoGXeIBTwBb4AFTz6kBUgBer09L7UNhABGkwQFMwcs4IKj9lwkNAAGd44yx04bMoDACDWMBBAsaEuHl/ofertasv/?filter[tourOperator]=JOIP&filter%5Bperson%5D=2&filter%5BchildAge%5D%5B1%5D=20201210&filter%5Bchild%5D=1"
"The V Luxury Resort","18617.0","24.09.2026 - 01.10.2026","8 dni/7 nocy","","4.4","4.4","1035","tripadvisor","Warszawa","2026-09-21T05:23:46.828269+00:00","https://fly.pl/szukaj-wycieczek/?filter[dest]=11:&filter[hotelids]=&filter[cityids]=0&filter[cregids]=&filter[ofrType]=&filter[addObjType]=&filter[whenFrom]=21-09-2026&filter[whenTo]=21-10-2026&filter[duration]=7:10&filter[from]=Warszawa%20-%20Modlin,Warszawa%20-%20Radom,Warszawa&filter[person]=2&filter[child]=1&filter[price]=4000:20000&filter[PriceFrom]=4000&filter[PriceTo]=20000&filter[addCategory]=50&filter[addCatering]=1&filter[addMisc]=0&filter[addTransport]=F&filter[fp]=1&order_by=ofr_price&filter[tourOperator]=0&filter[childAge][1]=20201210","https://datacfstatic.merlinx.pl/ECCX/IMG/8509/a34ffb14cb4f969296cdff1cb2d407304f33a05d874a772a70abb23b1923ac12.webp","https://fly.pl/wycieczka/egipt,hurghada,sahl-hasheesh/the-v-luxury-resort-13/pdlUs7SWuUdPvadDIKWVErAAogdMLZi1JM48kCg-mnB5MU1qZ2wddXfcahw7B2Bd23unoqBEVDQ1gw9v7C1QZIuZEBUAFYQmACagNBSVVyIBwRvUK5BJnvFasEGxju_isbqMhBAaGLtOwBAgBjAQIFd6ZSdg/ofertasv/?filter[tourOperator]=ECCX&filter%5Bperson%5D=2&filter%5BchildAge%5D%5B1%5D=20201210&filter%5Bchild%5D=1"
"Pickalbatros Blu Spa Resort Hurghada","19287.0","04.10.2026 - 11.10.2026","8 dni/7 nocy","","4.9","4.9","2814","tripadvisor","Warszawa","2026-09-21T05:23:46.828269+00:00","https://fly.pl/szukaj-wycieczek/?filter[dest]=11:&filter[hotelids]=&filter[cityids]=0&filter[cregids]=&filter[ofrType]=&filter[addObjType]=&filter[whenFrom]=21-09-2026&filter[whenTo]=21-10-2026&filter[duration]=7:10&filter[from]=Warszawa%20-%20Modlin,Warszawa%20-%20Radom,Warszawa&filter[person]=2&filter[child]=1&filter[price]=4000:20000&filter[PriceFrom]=4000&filter[PriceTo]=20000&filter[addCategory]=50&filter[addCatering]=1&filter[addMisc]=0&filter[addTransport]=F&filter[fp]=1&order_by=ofr_price&filter[tourOperator]=0&filter[childAge][1]=20201210","https://fly.pl/cdn/photo/assets/uploads/582/278/2022/05/Albatros-Blu-Spa-Resort-Hurghada.jpg","https://fly.pl/wycieczka/egipt,hurghada,c/albatros-blue-spa-resort-hurghada-10/pUcx4likKBd2mgHHbV6ecGAAoglz9pXJ4eON5NGTIZq8VcQI8y6rj6FZ9B-AYEqrWUQdsqBEVYSU0w9v7C1QZI15YBUAFYsgJgAWoDVUFJch4cEYShBrkE-5w-qwQcG8a2LBjLgC8B1PGCjwgDAGNaljrs/ofertasv/?filter[tourOperator]=EXIM&filter%5Bperson%5D=2&filter%5BchildAge%5D%5B1%5D=20201210&filter%5Bchild%5D=1"
"Steigenberger Coraya Beach","19587.0","26.09.2026 - 04.10.2026","9 dni/7 nocy","","4.8","4.8","8402","tripadvisor","Warszawa","2026-09-21T05:23:46.828269+00:00","https://fly.pl/szukaj-wycieczek/?filter[dest]=11:&filter[hotelids]=&filter[cityids]=0&filter[cregids]=&filter[ofrType]=&filter[addObjType]=&filter[whenFrom]=21-09-2026&filter[whenTo]=21-10-2026&filter[duration]=7:10&filter[from]=Warszawa%20-%20Modlin,Warszawa%20-%20Radom,Warszawa&filter[person]=2&filter[child]=1&filter[price]=4000:20000&filter[PriceFrom]=4000&filter[PriceTo]=20000&filter[addCategory]=50&filter[addCatering]=1&filter[addMisc]=0&filter[addTransport]=F&filter[fp]=1&order_by=ofr_price&filter[tourOperator]=0&filter[childAge][1]=20201210","https://fly.pl/cdn/photo/assets/uploads/582/278/2014/09/Steigenberger-Coraya-Beach-ex-Iberotel-fly-pl.jpg","https://fly.pl/wycieczka/egipt,marsa-alam,madinat-coraya/iberotel-coraya-beach/ppePQIun9qvgAkJIMidxe0AAogoC7YFVdp32ms3YWHQ43eNfPOVhexA4B-vTIRTOTMdjUqBEVYSU0w9v7C1QZIg5kBUAFYcmABagJBSXIeHBGRyga5BMT1PasEGxuBqTwYsvQ9AdyG3e4KAwBjNP0TvQ/ofertasv/?filter[tourOperator]=EXIM&filter%5Bperson%5D=2&filter%5BchildAge%5D%5B1%5D=20201210&filter%5Bchild%5D=1"
"V Hotel Sharm","19697.0","10.10.2026 - 17.10.2026","8 dni/7 nocy","","4.2","4.2","2116","tripadvisor","Warszawa","2026-09-21T05:23:46.828269+00:00","https://fly.pl/szukaj-wycieczek/?filter[dest]=11:&filter[hotelids]=&filter[cityids]=0&filter[cregids]=&filter[ofrType]=&filter[addObjType]=&filter[whenFrom]=21-09-2026&filter[whenTo]=21-10-2026&filter[duration]=7:10&filter[from]=Warszawa%20-%20Modlin,Warszawa%20-%20Radom,Warszawa&filter[person]=2&filter[child]=1&filter[price]=4000:20000&filter[PriceFrom]=4000&filter[PriceTo]=20000&filter[addCategory]=50&filter[addCatering]=1&filter[addMisc]=0&filter[addTransport]=F&filter[fp]=1&order_by=ofr_price&filter[tourOperator]=0&filter[childAge][1]=20201210","https://fly.pl/cdn/photo/assets/uploads/582/278/2017/08/Pyramisa-Beach-Resort.jpg","https://fly.pl/wycieczka/egipt,sharm-el-sheikh,szarm-el-szejk/dessole-pyramisa-egipt-sharm-el-sheikh-egipt/pkcsgKhgrWQ1Hu_RISzNl8AAog6eORHzjjLRGWxZjzV6h2igAAAACZhAQAtoQEAAcAEgAqBFdFWlkw9v7C1QZI8ZkBUEFYwgNgA2oJRW50ZXIgQWlyagQwODAwckKeAZUBHwACARwAFgQXAhLtAxiFBRPNARTJBBH0KkCeR0ygogFPAEvHI1AAG8YwHcuRDyAdDdzHwgkBEmMBDWMBAgaJsCLk/ofertasv/?filter[tourOperator]=WEZY&filter%5Bperson%5D=2&filter%5BchildAge%5D%5B1%5D=20201210&filter%5Bchild%5D=1"
"Jaz Elite Amara","19967.0","13.10.2026 - 20.10.2026","8 dni/7 nocy","","4.9","4.9","1712","tripadvisor","Warszawa","2026-09-21T05:23:46.828269+00:00","https://fly.pl/szukaj-wycieczek/?filter[dest]=11:&filter[hotelids]=&filter[cityids]=0&filter[cregids]=&filter[ofrType]=&filter[addObjType]=&filter[whenFrom]=21-09-2026&filter[whenTo]=21-10-2026&filter[duration]=7:10&filter[from]=Warszawa%20-%20Modlin,Warszawa%20-%20Radom,Warszawa&filter[person]=2&filter[child]=1&filter[price]=4000:20000&filter[PriceFrom]=4000&filter[PriceTo]=20000&filter[addCategory]=50&filter[addCatering]=1&filter[addMisc]=0&filter[addTransport]=F&filter[fp]=1&order_by=ofr_price&filter[tourOperator]=0&filter[childAge][1]=20201210","https://fly.pl/cdn/photo/assets/uploads/582/278/2024/07/jaz-amara.jpg","https://fly.pl/wycieczka/egipt,marsa-alam,port-ghalib/jaz-amara-10/pUUwo3IdYyRBRR7KR5c-dtAAogL0Wi-IRgNHFU7ZfL7dSUwXNSPIWPmwjtQIcdawO3kIgqBE9BU0kw9v7C1QZI_5sBUAFYigRgA2oDQUlsciQcEe-tAbkEyZ0PqwQbG8O_EBjE9BMBp6adrAIBDGMBAGMBAgsZ112f/ofertasv/?filter[tourOperator]=OASI&filter%5Bperson%5D=2&filter%5BchildAge%5D%5B1%5D=20201210&filter%5Bchild%5D=1"
"Ecotel Dahab Bay View Resort","7712.0","10.10.2026 - 17.10.2026","8 dni/7 nocy","","4.4","4.4","1234","tripadvisor","Warszawa","2026-09-21T06:33:07.933955+00:00","https://fly.pl/szukaj-wycieczek/?filter[dest]=11:&filter[hotelids]=&filter[cityids]=0&filter[cregids]=&filter[ofrType]=&filter[addObjType]=&filter[whenFrom]=21-09-2026&filter[whenTo]=21-10-2026&filter[duration]=7:10&filter[from]=Warszawa%20-%20Modlin,Warszawa%20-%20Radom,Warszawa&filter[person]=2&filter[child]=1&filter[price]=4000:20000&filter[PriceFrom]=4000&filter[PriceTo]=20000&filter[addCategory]=50&filter[addCatering]=1&filter[addMisc]=0&filter[addTransport]=F&filter[fp]=1&order_by=ofr_price&filter[tourOperator]=0&filter[childAge][1]=20201210","https://fly.pl/cdn/photo/assets/uploads/582/278/2014/09/Ecotel-Dahab-Resort.jpg","https://fly.pl/wycieczka/egipt,dahab,c/mercure-dahab-bay-view/pjhsmAFs_rHXbIH6lZBtW8AAogDte7oCU9PhRJZzBhNtOfRwAAAACZhAQAtoQEAAcAEgAqBFdFWlkwpJ_D1QZIoDxQQVjBA2ADaglFbnRlciBBaXJqBDA4MDByQ54BlQEfAAIBHAAWBBcCEu0DGIUFE80BFMkEEbwdQNZUTKCiAU8AS8cjUAAbu8gMHdb5AiAdDdzHwgkBEmMBDGMBAgUYXYPo/ofertasv/?filter[tourOperator]=WEZY&filter%5Bperson%5D=2&filter%5BchildAge%5D%5B1%5D=20201210&filter%5Bchild%5D=1"
"Parrotel Lagoon Resort","8057.0","29.09.2026 - 07.10.2026","9 dni/7 nocy","","4.1","4.1","1859","tripadvisor","Warszawa","2026-09-21T06:33:07.933955+00:00","https://fly.pl/szukaj-wycieczek/?filter[dest]=11:&filter[hotelids]=&filter[cityids]=0&filter[cregids]=&filter[ofrType]=&filter[addObjType]=&filter[whenFrom]=21-09-2026&filter[whenTo]=21-10-2026&filter[duration]=7:10&filter[from]=Warszawa%20-%20Modlin,Warszawa%20-%20Radom,Warszawa&filter[person]=2&filter[child]=1&filter[price]=4000:20000&filter[PriceFrom]=4000&filter[PriceTo]=20000&filter[addCategory]=50&filter[addCatering]=1&filter[addMisc]=0&filter[addTransport]=F&filter[fp]=1&order_by=ofr_price&filter[tourOperator]=0&filter[childAge][1]=20201210","https://fly.pl/cdn/photo/assets/uploads/582/278/2020/10/Parrotel-Lagoon-Resort.jpg","https://fly.pl/wycieczka/egipt,sharm-el-sheikh,szarm-el-szejk/parrotel-lagoon-resort-14/puiRvDtnr3l_AN0qVRWtADAAogfUircq7mfpVHcfM9HXDFNvx165SKMu3wZ5pxJ9Xdc08qBFZJVFgwpJ_D1QZI-T5QQVi5AWACckAaABUHFwBcA1gFQI8DW6eGAV7WeVKmIFMAS8cjYQBMsbU5DYjUmAkgAVGc9YCz6QFPw_oTXYTO6rwcAg5jAQINMGiJ_w/ofertasv/?filter[tourOperator]=VITX&filter%5Bperson%5D=2&filter%5BchildAge%5D%5B1%5D=20201210&filter%5Bchild%5D=1"
"Casa Mare Resort (ex. Royal Tulip Beach Resort)","8057.0","25.09.2026 - 02.10.2026","8 dni/7 nocy","","4.7","4.7","4700","tripadvisor","Warszawa","2026-09-21T06:33:07.933955+00:00","https://fly.pl/szukaj-wycieczek/?filter[dest]=11:&filter[hotelids]=&filter[cityids]=0&filter[cregids]=&filter[ofrType]=&filter[addObjType]=&filter[whenFrom]=21-09-2026&filter[whenTo]=21-10-2026&filter[duration]=7:10&filter[from]=Warszawa%20-%20Modlin,Warszawa%20-%20Radom,Warszawa&filter[person]=2&filter[child]=1&filter[price]=4000:20000&filter[PriceFrom]=4000&filter[PriceTo]=20000&filter[addCategory]=50&filter[addCatering]=1&filter[addMisc]=0&filter[addTransport]=F&filter[fp]=1&order_by=ofr_price&filter[tourOperator]=0&filter[childAge][1]=20201210","https://fly.pl/cdn/photo/assets/uploads/582/278/2015/12/Casa-Mare-Resort.jpg","https://fly.pl/wycieczka/egipt,marsa-alam,c/royal-tulip-beach-resort/pOT1jGa3A2H4RINAW8qf1JAAogt3jMfQ5Q4HiVqOBe1-f9ZGyGZ14NCGkVsR96Jj6NS-cqBFZJVFgwpJ_D1QZI-T5QQVhZYAJyQBoAFQcXAFwDWAVAjwNbl4UBXuZ6UrwUUwBLsS9hAEyxtTkNhNSYCSAAUfKdxfbfAU_3_QZdnPiv-SUCDmMBAg2FmNRP/ofertasv/?filter[tourOperator]=VITX&filter%5Bperson%5D=2&filter%5BchildAge%5D%5B1%5D=20201210&filter%5Bchild%5D=1"
"IL Mercato Splash Aqua Park","8065.0","10.10.2026 - 17.10.2026","8 dni/7 nocy","","4.4","4.4","2269","tripadvisor","Warszawa","2026-09-21T06:33:07.933955+00:00","https://fly.pl/szukaj-wycieczek/?filter[dest]=11:&filter[hotelids]=&filter[cityids]=0&filter[cregids]=&filter[ofrType]=&filter[addObjType]=&filter[whenFrom]=21-09-2026&filter[whenTo]=21-10-2026&filter[duration]=7:10&filter[from]=Warszawa%20-%20Modlin,Warszawa%20-%20Radom,Warszawa&filter[person]=2&filter[child]=1&filter[price]=4000:20000&filter[PriceFrom]=4000&filter[PriceTo]=20000&filter[addCategory]=50&filter[addCatering]=1&filter[addMisc]=0&filter[addTransport]=F&filter[fp]=1&order_by=ofr_price&filter[tourOperator]=0&filter[childAge][1]=20201210","https://fly.pl/cdn/photo/assets/uploads/582/278/2014/07/Il-Mercato-Hotel-Spa-Sharm-El-Sheikh.jpg","https://fly.pl/wycieczka/egipt,sharm-el-sheikh,c/iberotel-il-mercato/p8LVrn7x5AKSfbdJP878juAAogodlmymwqAIFg5uXGFqZaLwAAAACZhAQAtoQEAAcAEgAqBFdFWlkwpJ_D1QZIgT9QQVjBA2ADaglFbnRlciBBaXJqBDA4MDByQp4BlQEfAAIBHAAWBBcCEu0DGIUFE80BFMkEEecQQKthTKCiAU8AS8cjUAAbnDEd9ZAPIB0N3MfCCQESYwEMYwECBTE-qj4/ofertasv/?filter[tourOperator]=WEZY&filter%5Bperson%5D=2&filter%5BchildAge%5D%5B1%5D=20201210&filter%5Bchild%5D=1"
"Amarina Queen Resort","8086.0","29.09.2026 - 06.10.2026","8 dni/7 nocy","","4.7","4.7","1194","tripadvisor","Warszawa","2026-09-21T06:33:07.933955+00:00","https://fly.pl/szukaj-wycieczek/?filter[dest]=11:&filter[hotelids]=&filter[cityids]=0&filter[cregids]=&filter[ofrType]=&filter[addObjType]=&filter[whenFrom]=21-09-2026&filter[whenTo]=21-10-2026&filter[duration]=7:10&filter[from]=Warszawa%20-%20Modlin,Warszawa%20-%20Radom,Warszawa&filter[person]=2&filter[child]=1&filter[price]=4000:20000&filter[PriceFrom]=4000&filter[PriceTo]=20000&filter[addCategory]=50&filter[addCatering]=1&filter[addMisc]=0&filter[addTransport]=F&filter[fp]=1&order_by=ofr_price&filter[tourOperator]=0&filter[childAge][1]=20201210","https://fly.pl/cdn/photo/assets/uploads/582/278/2024/07/amarina-queen-resort.jpg","https://fly.pl/wycieczka/egipt,marsa-alam,c/amarina-queen-resort-12/pf4scnolOqvU-DejgvIp_QAAognBq1l7nrqz8p1ULM-ul0wuhm0Gqq_jkTT4bGm3434U0qBFJOQlcwpJ_D1QZIlj9QQVi5AWACag1BTExfSU5DTFVTSVZFahcyOTYsMzgwLDQ3Nyw0ODMsNDg0LDQ4NXI8lgGeARUHFwBYCApdQOsGEcYyGb0iTKg3ENQOU4F1UgBLsS9hAF_twiQP6PkbHTMgscyRCQ0AAg5jAQIF2mMxSA/ofertasv/?filter[tourOperator]=RNBW&filter%5Bperson%5D=2&filter%5BchildAge%5D%5B1%5D=20201210&filter%5Bchild%5D=1"
"Rewaya Luxury Resort","8267.0","01.10.2026 - 08.10.2026","8 dni/7 nocy","","","","","","Warszawa - Radom","2026-09-21T06:33:07.933955+00:00","https://fly.pl/szukaj-wycieczek/?filter[dest]=11:&filter[hotelids]=&filter[cityids]=0&filter[cregids]=&filter[ofrType]=&filter[addObjType]=&filter[whenFrom]=21-09-2026&filter[whenTo]=21-10-2026&filter[duration]=7:10&filter[from]=Warszawa%20-%20Modlin,Warszawa%20-%20Radom,Warszawa&filter[person]=2&filter[child]=1&filter[price]=4000:20000&filter[PriceFrom]=4000&filter[PriceTo]=20000&filter[addCategory]=50&filter[addCatering]=1&filter[addMisc]=0&filter[addTransport]=F&filter[fp]=1&order_by=ofr_price&filter[tourOperator]=0&filter[childAge][1]=20201210","https://datacfstatic.merlinx.pl/OREX/IMG/7196/98632a66aafed855a3e14a56bb184588a24fd60292558013accfa38c141d9a9b.webp","https://fly.pl/wycieczka/egipt,hurghada,c/rewaya-luxury-resort-9/pM2vMN6kVhfKlYHATDAefyAAognRhp1ifD7n5hYXkS3uPQGptDSG7JGG1kLrratyRh_coqBE9SRVgwpJ_D1QZIy0BQQVjpAWACagVFLjIuMXI1mwEVBxcAWAhWAlwIQMIGXdMOT2wRgiJT0HtSAF6vT0uBEmEATNG-OiCc_ZcJDQACEmMBAg10eKjO/ofertasv/?filter[tourOperator]=OREX&filter%5Bperson%5D=2&filter%5BchildAge%5D%5B1%5D=20201210&filter%5Bchild%5D=1"
"Dream Lagoon & Aqua Park Resort (ex. Floriana Dream Lagoon)","8364.0","11.10.2026 - 18.10.2026","8 dni/7 nocy","","4.3","4.3","5734","tripadvisor","Warszawa","2026-09-21T06:33:07.933955+00:00","https://fly.pl/szukaj-wycieczek/?filter[dest]=11:&filter[hotelids]=&filter[cityids]=0&filter[cregids]=&filter[ofrType]=&filter[addObjType]=&filter[whenFrom]=21-09-2026&filter[whenTo]=21-10-2026&filter[duration]=7:10&filter[from]=Warszawa%20-%20Modlin,Warszawa%20-%20Radom,Warszawa&filter[person]=2&filter[child]=1&filter[price]=4000:20000&filter[PriceFrom]=4000&filter[PriceTo]=20000&filter[addCategory]=50&filter[addCatering]=1&filter[addMisc]=0&filter[addTransport]=F&filter[fp]=1&order_by=ofr_price&filter[tourOperator]=0&filter[childAge][1]=20201210","https://fly.pl/cdn/photo/assets/uploads/582/278/2015/11/Future-Dream-Lagoon-ex.-Floriana-Dream-Lagoon-fly-pl.jpg","https://fly.pl/wycieczka/egipt,marsa-alam,c/floriana-dream-lagoon/pDwerU242MJKipwJGV7yvUAAogMdIfqN9MpofWJ_bd_CPQQQAAAAAagwQANoMEAAcAAQAqBFdFWlkwpJ_D1QZIrEFQQVjZA2ADaglFbnRlciBBaXJqBDAwNTByQp4BlAEfAAIBHAAWBBcCEu0DFdoFGJ8DE8MBQPFyEd5PTNhGTwBLsS9QAB2Svw8gHBuayjkNw4CJCQESYwEOYwECBYHaYyc/ofertasv/?filter[tourOperator]=WEZY&filter%5Bperson%5D=2&filter%5BchildAge%5D%5B1%5D=20201210&filter%5Bchild%5D=1"
"Rewaya Inn Resort (ex. Hawaii Paradise Aqua Park Resort)","8496.0","13.10.2026 - 20.10.2026","8 dni/7 nocy","","3.4","3.4","441","tripadvisor","Warszawa","2026-09-21T06:33:07.933955+00:00","https://fly.pl/szukaj-wycieczek/?filter[dest]=11:&filter[hotelids]=&filter[cityids]=0&filter[cregids]=&filter[ofrType]=&filter[addObjType]=&filter[whenFrom]=21-09-2026&filter[whenTo]=21-10-2026&filter[duration]=7:10&filter[from]=Warszawa%20-%20Modlin,Warszawa%20-%20Radom,Warszawa&filter[person]=2&filter[child]=1&filter[price]=4000:20000&filter[PriceFrom]=4000&filter[PriceTo]=20000&filter[addCategory]=50&filter[addCatering]=1&filter[addMisc]=0&filter[addTransport]=F&filter[fp]=1&order_by=ofr_price&filter[tourOperator]=0&filter[childAge][1]=20201210","https://fly.pl/cdn/photo/assets/uploads/582/278/2020/09/Hawaii-Paradise-Aqua-Park-Resort.jpg","https://fly.pl/wycieczka/egipt,hurghada,c/hawaii-paradise-aqua-park-resort-14/pdu2cidAjb7vrlws_S5etlAAogUUH-4BoGB7c6_W7xMZOlemqyvADKfxjztHOrlw2TEoUqBEpPSVAwpJ_D1QZIsEJQQViJBGACagNDR21yQ5sBFAEVBhcAXANYBVYCQMoGT-IBXQBSr6sBUwBer09L7UNhABHEiwFMoYE5Daj9lwkgAAGzlbSAxYbMoDACDmMBAA0sD-I5/ofertasv/?filter[tourOperator]=JOIP&filter%5Bperson%5D=2&filter%5BchildAge%5D%5B1%5D=20201210&filter%5Bchild%5D=1"
"Sea Star Beau Rivage","8608.0","13.10.2026 - 20.10.2026","8 dni/7 nocy","","4.5","4.5","4318","tripadvisor","Warszawa","2026-09-21T06:33:07.933955+00:00","https://fly.pl/szukaj-wycieczek/?filter[dest]=11:&filter[hotelids]=&filter[cityids]=0&filter[cregids]=&filter[ofrType]=&filter[addObjType]=&filter[whenFrom]=21-09-2026&filter[whenTo]=21-10-2026&filter[duration]=7:10&filter[from]=Warszawa%20-%20Modlin,Warszawa%20-%20Radom,Warszawa&filter[person]=2&filter[child]=1&filter[price]=4000:20000&filter[PriceFrom]=4000&filter[PriceTo]=20000&filter[addCategory]=50&filter[addCatering]=1&filter[addMisc]=0&filter[addTransport]=F&filter[fp]=1&order_by=ofr_price&filter[tourOperator]=0&filter[childAge][1]=20201210","https://fly.pl/cdn/photo/assets/uploads/582/278/2014/07/Sea-Star-Beau-Rivage-fly-pl.jpg","https://fly.pl/wycieczka/egipt,hurghada,c/sea-star-beau-rivage/pHi7piB2n0WrWbAxJdhkY6AAogWzllsSxKLApvPTl2cC_E_WqyvADKfxjztHOrlw2TEoUqBEpPSVAwpJ_D1QZIoENQQViJBGACagMwZmRyQpsBFAEVBhcAXANYBVYCQMoGT-IBXQBSr6sBUwARxxpe6DRL7UNhAEzljDoNqP2XCSAAAbbjgPDEhsygMAINYwEADGCMndU/ofertasv/?filter[tourOperator]=JOIP&filter%5Bperson%5D=2&filter%5BchildAge%5D%5B1%5D=20201210&filter%5Bchild%5D=1"
"Movenpick Waterpark Resort & Spa Soma Bay","8672.0","11.10.2026 - 18.10.2026","8 dni/7 nocy","","4.3","4.3","4102","tripadvisor","Warszawa","2026-09-21T06:33:07.933955+00:00","https://fly.pl/szukaj-wycieczek/?filter[dest]=11:&filter[hotelids]=&filter[cityids]=0&filter[cregids]=&filter[ofrType]=&filter[addObjType]=&filter[whenFrom]=21-09-2026&filter[whenTo]=21-10-2026&filter[duration]=7:10&filter[from]=Warszawa%20-%20Modlin,Warszawa%20-%20Radom,Warszawa&filter[person]=2&filter[child]=1&filter[price]=4000:20000&filter[PriceFrom]=4000&filter[PriceTo]=20000&filter[addCategory]=50&filter[addCatering]=1&filter[addMisc]=0&filter[addTransport]=F&filter[fp]=1&order_by=ofr_price&filter[tourOperator]=0&filter[childAge][1]=20201210","https://fly.pl/cdn/photo/assets/uploads/582/278/2009/02/Movenpick-Soma-Bay2539.jpg","https://fly.pl/wycieczka/egipt,hurghada,c/movenpick-soma-bay/pC7lqEDS4eyCIgxpZESrKvAAog1xC40B2Cc-pKOz-wGL-X5wnbvZbIN9Wmp2d9VFEr-JIqBE9SRVgwpJ_D1QZI4ENQQVjZA2ACagdCSzQuMi4xagMwOFlqAzA3WXI0mwGdAY8BFQcXAFwDWAVWAkDKBhESU_-sAVIAXq9PS-1DYQBM5Yw6IKb9lwkNAAISYwECC2BrkdQ/ofertasv/?filter[tourOperator]=OREX&filter%5Bperson%5D=2&filter%5BchildAge%5D%5B1%5D=20201210&filter%5Bchild%5D=1"
"Xperience Kiroseiz Premier","8853.0","10.10.2026 - 17.10.2026","8 dni/7 nocy","","4.5","4.5","999","tripadvisor","Warszawa","2026-09-21T06:33:07.933955+00:00","https://fly.pl/szukaj-wycieczek/?filter[dest]=11:&filter[hotelids]=&filter[cityids]=0&filter[cregids]=&filter[ofrType]=&filter[addObjType]=&filter[whenFrom]=21-09-2026&filter[whenTo]=21-10-2026&filter[duration]=7:10&filter[from]=Warszawa%20-%20Modlin,Warszawa%20-%20Radom,Warszawa&filter[person]=2&filter[child]=1&filter[price]=4000:20000&filter[PriceFrom]=4000&filter[PriceTo]=20000&filter[addCategory]=50&filter[addCatering]=1&filter[addMisc]=0&filter[addTransport]=F&filter[fp]=1&order_by=ofr_price&filter[tourOperator]=0&filter[childAge][1]=20201210","https://fly.pl/cdn/photo/assets/uploads/582/278/2015/11/Xperience-Kiroseiz-Premier-fly-pl-3.jpg","https://fly.pl/wycieczka/egipt,sharm-el-sheikh,c/xperience-kiroseiz-premier/pA-0fOw0P8v1xVkT7euL3CAAogGoT9H0OXI1hh5IOf9xInhAAAAACZhAQAtoQEAAcAEgAqBFdFWlkwpJ_D1QZIlUVQQVjBA2ADaglFbnRlciBBaXJqBDA4MDByQp4BlQEfAAIBHAAWBBcCEu0DGIUFE80BFMkEEcpqQMgHTKCiAU8AS8cjUAAbnDEd9ZAPIB0N3MfCCQESYwEMYwECBUwz54E/ofertasv/?filter[tourOperator]=WEZY&filter%5Bperson%5D=2&filter%5BchildAge%5D%5B1%5D=20201210&filter%5Bchild%5D=1"
"Regency Plaza Aqua Park Spa","8857.0","29.09.2026 - 07.10.2026","9 dni/7 nocy","","4.1","4.1","6226","tripadvisor","Warszawa","2026-09-21T06:33:07.933955+00:00","https://fly.pl/szukaj-wycieczek/?filter[dest]=11:&filter[hotelids]=&filter[cityids]=0&filter[cregids]=&filter[ofrType]=&filter[addObjType]=&filter[whenFrom]=21-09-2026&filter[whenTo]=21-10-2026&filter[duration]=7:10&filter[from]=Warszawa%20-%20Modlin,Warszawa%20-%20Radom,Warszawa&filter[person]=2&filter[child]=1&filter[price]=4000:20000&filter[PriceFrom]=4000&filter[PriceTo]=20000&filter[addCategory]=50&filter[addCatering]=1&filter[addMisc]=0&filter[addTransport]=F&filter[fp]=1&order_by=ofr_price&filter[tourOperator]=0&filter[childAge][1]=20201210","https://fly.pl/cdn/photo/assets/uploads/582/278/2014/07/Regency-Plaza-Aqua-Park-Spa-fly-pl.jpg","https://fly.pl/wycieczka/egipt,sharm-el-sheikh,szarm-el-szejk/regency-plaza/pRQ8eFatUEcgw7rcHw7_d_AAog0y1ZOPlCYhahri9f6ANeBfx165SKMu3wZ5pxJ9Xdc08qBFZJVFgwpJ_D1QZImUVQQVi5AWACckAaABUHFwBcA1gFQI8DW6eGAV7WeVKmIFMAS8cjYQBMsbU5DYjUmAkgAVGo9Yaz6QFPt_oNXYTO6rwcAg5jAQIN6k4NpA/ofertasv/?filter[tourOperator]=VITX&filter%5Bperson%5D=2&filter%5BchildAge%5D%5B1%5D=20201210&filter%5Bchild%5D=1"
"Radisson Individuals Marina Port Ghalib (ex. Sunrise Marina Resort)","8890.0","29.09.2026 - 06.10.2026","8 dni/7 nocy","","4.6","4.6","3576","tripadvisor","Warszawa","2026-09-21T06:33:07.933955+00:00","https://fly.pl/szukaj-wycieczek/?filter[dest]=11:&filter[hotelids]=&filter[cityids]=0&filter[cregids]=&filter[ofrType]=&filter[addObjType]=&filter[whenFrom]=21-09-2026&filter[whenTo]=21-10-2026&filter[duration]=7:10&filter[from]=Warszawa%20-%20Modlin,Warszawa%20-%20Radom,Warszawa&filter[person]=2&filter[child]=1&filter[price]=4000:20000&filter[PriceFrom]=4000&filter[PriceTo]=20000&filter[addCategory]=50&filter[addCatering]=1&filter[addMisc]=0&filter[addTransport]=F&filter[fp]=1&order_by=ofr_price&filter[tourOperator]=0&filter[childAge][1]=20201210","https://fly.pl/cdn/photo/assets/uploads/582/278/2015/04/RADISSON-INDIVIDUALS-MARINA.jpg","https://fly.pl/wycieczka/egipt,marsa-alam,port-ghalib/rehana-port-ghalib-resort/pOxxEt60QelQ4C2x2Tc1JKAAogz4KvC2qAwQghqpPDlTjwaOhm0Gqq_jkTT4bGm3434U0qBFJOQlcwpJ_D1QZIukVQQVi5AWACagREUTBkag1BTExfSU5DTFVTSVZFahcyOTYsMzgwLDQ3Nyw0ODMsNDg0LDQ4NXI8nwGWAZ4BFQcXAFgICs0BQPsFEdAsGbMoEMgdTOAZU9WDAVIAS7EvYQAP1bxAHTMgscyRCQ0AAg5jAQIFwHCigw/ofertasv/?filter[tourOperator]=RNBW&filter%5Bperson%5D=2&filter%5BchildAge%5D%5B1%5D=20201210&filter%5Bchild%5D=1"
"AMC Royal Hotel & Spa (ex. AMC Azur Resort)","8939.0","01.10.2026 - 08.10.2026","8 dni/7 nocy","","4.4","4.4","3070","tripadvisor","Warszawa","2026-09-21T06:33:07.933955+00:00","https://fly.pl/szukaj-wycieczek/?filter[dest]=11:&filter[hotelids]=&filter[cityids]=0&filter[cregids]=&filter[ofrType]=&filter[addObjType]=&filter[whenFrom]=21-09-2026&filter[whenTo]=21-10-2026&filter[duration]=7:10&filter[from]=Warszawa%20-%20Modlin,Warszawa%20-%20Radom,Warszawa&filter[person]=2&filter[child]=1&filter[price]=4000:20000&filter[PriceFrom]=4000&filter[PriceTo]=20000&filter[addCategory]=50&filter[addCatering]=1&filter[addMisc]=0&filter[addTransport]=F&filter[fp]=1&order_by=ofr_price&filter[tourOperator]=0&filter[childAge][1]=20201210","https://fly.pl/cdn/photo/assets/uploads/582/278/2014/07/AMC-Royal-Resort.jpg","https://fly.pl/wycieczka/egipt,hurghada,c/amc-royal-ex-amc-azur-resort/pLdwuLJ9Gms5IGyhM6cbhuAAogM9T2hbCWUfXhfwaq3qwgSZqsndZxwS8Zs5GLln_tb9oqBFJOQlcwpJ_D1QZI60VQQVjpAWACagRCd2Nkag1BTExfSU5DTFVTSVZFahcyOTYsMzgwLDQ3Nyw0ODMsNDg0LDQ4NWoTNDAyLDQwNiw0NzMsNDk3LDQ5OXI-nwGWAZ4BlAEVBxcAWAgK0AFA-AURswIZulIQwQZM3S9TiiFSAEuckwFhAB3k8j8POSDklpIJDQACDGMBAgUZzWPD/ofertasv/?filter[tourOperator]=RNBW&filter%5Bperson%5D=2&filter%5BchildAge%5D%5B1%5D=20201210&filter%5Bchild%5D=1"
"Royal Brayka Beach Resort (ex Zee Brayka)","8957.0","09.10.2026 - 16.10.2026","8 dni/7 nocy","","4.4","4.4","2528","tripadvisor","Warszawa","2026-09-21T06:33:07.933955+00:00","https://fly.pl/szukaj-wycieczek/?filter[dest]=11:&filter[hotelids]=&filter[cityids]=0&filter[cregids]=&filter[ofrType]=&filter[addObjType]=&filter[whenFrom]=21-09-2026&filter[whenTo]=21-10-2026&filter[duration]=7:10&filter[from]=Warszawa%20-%20Modlin,Warszawa%20-%20Radom,Warszawa&filter[person]=2&filter[child]=1&filter[price]=4000:20000&filter[PriceFrom]=4000&filter[PriceTo]=20000&filter[addCategory]=50&filter[addCatering]=1&filter[addMisc]=0&filter[addTransport]=F&filter[fp]=1&order_by=ofr_price&filter[tourOperator]=0&filter[childAge][1]=20201210","https://fly.pl/cdn/photo/assets/uploads/582/278/2014/07/Royal-Brayka-Resort.jpg","https://fly.pl/wycieczka/egipt,marsa-alam,c/royal-brayka-resort/pECqwOozFRZE-DCVmWJ4_tAAogGidg5iOWtKK5BB3zijaneaBkRYL7fM1lb2Oh4oBctUgqBFZJVFgwpJ_D1QZI_UVQQVipA2ACckAaABUHFwBcA1gFQI8DW6eGAV7WeVK8FFMAS7EvYQBMsLU5DdnUmAkgAFGBi7_23wFPlJANXZz4r_klAg5jAQINacHUIw/ofertasv/?filter[tourOperator]=VITX&filter%5Bperson%5D=2&filter%5BchildAge%5D%5B1%5D=20201210&filter%5Bchild%5D=1"
"Stella Gardens Resort & Spa (ex Stella Di Mare Gardens)","8968.0","13.10.2026 - 20.10.2026","8 dni/7 nocy","","4.5","4.5","2781","tripadvisor","Warszawa","2026-09-21T06:33:07.933955+00:00","https://fly.pl/szukaj-wycieczek/?filter[dest]=11:&filter[hotelids]=&filter[cityids]=0&filter[cregids]=&filter[ofrType]=&filter[addObjType]=&filter[whenFrom]=21-09-2026&filter[whenTo]=21-10-2026&filter[duration]=7:10&filter[from]=Warszawa%20-%20Modlin,Warszawa%20-%20Radom,Warszawa&filter[person]=2&filter[child]=1&filter[price]=4000:20000&filter[PriceFrom]=4000&filter[PriceTo]=20000&filter[addCategory]=50&filter[addCatering]=1&filter[addMisc]=0&filter[addTransport]=F&filter[fp]=1&order_by=ofr_price&filter[tourOperator]=0&filter[childAge][1]=20201210","https://fly.pl/cdn/photo/assets/uploads/582/278/2014/10/Stella-Di-Mare-Gardens-Resort-Spa.jpg","https://fly.pl/wycieczka/egipt,hurghada,makadi-bay/stella-makadi-garden/p8LV1mwllFppz5U_7-ouxKAAog3b7o2x_OmWTihTvjnxAouGqyvADKfxjztHOrlw2TEoUqBEpPSVAwpJ_D1QZIiEZQQViJBGACagMwMEZyQpsBFAEVBhcAXANYBVYCQMoGT-IBXQBSr6sBUwARxjBe6R5L7UNhAEzljDoNqP2XCSAAAaCX4ODEhsygMAIOYwEADb8H45Y/ofertasv/?filter[tourOperator]=JOIP&filter%5Bperson%5D=2&filter%5BchildAge%5D%5B1%5D=20201210&filter%5Bchild%5D=1"
"Jaz Neo Naama Bay","9095.0","10.10.2026 - 17.10.2026","8 dni/7 nocy","","4.7","4.7","4830","tripadvisor","Warszawa","2026-09-21T06:33:07.933955+00:00","https://fly.pl/szukaj-wycieczek/?filter[dest]=11:&filter[hotelids]=&filter[cityids]=0&filter[cregids]=&filter[ofrType]=&filter[addObjType]=&filter[whenFrom]=21-09-2026&filter[whenTo]=21-10-2026&filter[duration]=7:10&filter[from]=Warszawa%20-%20Modlin,Warszawa%20-%20Radom,Warszawa&filter[person]=2&filter[child]=1&filter[price]=4000:20000&filter[PriceFrom]=4000&filter[PriceTo]=20000&filter[addCategory]=50&filter[addCatering]=1&filter[addMisc]=0&filter[addTransport]=F&filter[fp]=1&order_by=ofr_price&filter[tourOperator]=0&filter[childAge][1]=20201210","https://fly.pl/cdn/photo/assets/uploads/582/278/2014/10/Sol-Y-Mar-Naama-Bay.jpg","https://fly.pl/wycieczka/egipt,sharm-el-sheikh,c/sol-y-mar-naama-bay/pFyEGjlwGhlA35pMaGyL-QAAogu13rjxn7-_0ajn_ZuyFmJAAAAACZhAQAtoQEAAcAEgAqBFdFWlkwpJ_D1QZIh0dQQVjBA2ADaglFbnRlciBBaXJqBDA4MDByQ54BlQEfAAIBHAAWBBcCEu0DGIUFE80BFMkEEbgPQNpiTKCiAU8AS8cjUAAbxYQCHcy9DSAdDdzHwgkBEmMBDWMBAwV_TZpJ/ofertasv/?filter[tourOperator]=WEZY&filter%5Bperson%5D=2&filter%5BchildAge%5D%5B1%5D=20201210&filter%5Bchild%5D=1"
"Xperience Kiroseiz Parkland","9095.0","10.10.2026 - 17.10.2026","8 dni/7 nocy","","4.5","4.5","3121","tripadvisor","Warszawa","2026-09-21T06:33:07.933955+00:00","https://fly.pl/szukaj-wycieczek/?filter[dest]=11:&filter[hotelids]=&filter[cityids]=0&filter[cregids]=&filter[ofrType]=&filter[addObjType]=&filter[whenFrom]=21-09-2026&filter[whenTo]=21-10-2026&filter[duration]=7:10&filter[from]=Warszawa%20-%20Modlin,Warszawa%20-%20Radom,Warszawa&filter[person]=2&filter[child]=1&filter[price]=4000:20000&filter[PriceFrom]=4000&filter[PriceTo]=20000&filter[addCategory]=50&filter[addCatering]=1&filter[addMisc]=0&filter[addTransport]=F&filter[fp]=1&order_by=ofr_price&filter[tourOperator]=0&filter[childAge][1]=20201210","https://fly.pl/cdn/photo/assets/uploads/582/278/2014/06/Xperience-Kiroseiz-Parkland-fly-pl.jpg","https://fly.pl/wycieczka/egipt,sharm-el-sheikh,c/xperience-kiroseiz-parkland/pNr6dKjkLjTTwXyfJ4Z5TWAAog5bD_kaJOMDQ0iZsdUgap8QAAAACZhAQAtoQEAAcAEgAqBFdFWlkwpJ_D1QZIh0dQQVjBA2ADaglFbnRlciBBaXJqBDA4MDByQp4BlQEfABwBAgAWBBcCEY8BEt4CGIUFE80BFMkEQJJyTKCiAU8AS8cjUAAbnDEd9ZAPIB0N3MfCCQESYwEMYwECBTxTyvI/ofertasv/?filter[tourOperator]=WEZY&filter%5Bperson%5D=2&filter%5BchildAge%5D%5B1%5D=20201210&filter%5Bchild%5D=1"
"Concorde El Salam Sport","9156.0","10.10.2026 - 17.10.2026","8 dni/7 nocy","","4.8","4.8","1494","tripadvisor","Warszawa","2026-09-21T06:33:07.933955+00:00","https://fly.pl/szukaj-wycieczek/?filter[dest]=11:&filter[hotelids]=&filter[cityids]=0&filter[cregids]=&filter[ofrType]=&filter[addObjType]=&filter[whenFrom]=21-09-2026&filter[whenTo]=21-10-2026&filter[duration]=7:10&filter[from]=Warszawa%20-%20Modlin,Warszawa%20-%20Radom,Warszawa&filter[person]=2&filter[child]=1&filter[price]=4000:20000&filter[PriceFrom]=4000&filter[PriceTo]=20000&filter[addCategory]=50&filter[addCatering]=1&filter[addMisc]=0&filter[addTransport]=F&filter[fp]=1&order_by=ofr_price&filter[tourOperator]=0&filter[childAge][1]=20201210","https://fly.pl/cdn/photo/assets/uploads/582/278/2024/07/concorde-el-salam-sport.jpg","https://fly.pl/wycieczka/egipt,sharm-el-sheikh,szarm-el-szejk/concorde-el-salam-sport-15/pxIpWWh9Q95QH8HH47CurkAAog1ZL7qsPZBWDtfXJcSXPNPAAAAACZhAQAtoQEAAcAEgAqBFdFWlkwpJ_D1QZIxEdQQVjBA2ADaglFbnRlciBBaXJqBDA4MDByQ54BlQEfAAIBHAAWBBcCEu0DGIUFE80BFMkEEeYQQKxhTKCiAU8AS8cjUAAbtIMCHd2-DSAdDdzHwgkBEmMBDGMBAgX6nkDb/ofertasv/?filter[tourOperator]=WEZY&filter%5Bperson%5D=2&filter%5BchildAge%5D%5B1%5D=20201210&filter%5Bchild%5D=1"
"Dreams Beach Sharm Resort (Sharm El Sheikh)","9163.0","10.10.2026 - 17.10.2026","8 dni/7 nocy","","3.9","3.9","2651","tripadvisor","Warszawa","2026-09-21T06:33:07.933955+00:00","https://fly.pl/szukaj-wycieczek/?filter[dest]=11:&filter[hotelids]=&filter[cityids]=0&filter[cregids]=&filter[ofrType]=&filter[addObjType]=&filter[whenFrom]=21-09-2026&filter[whenTo]=21-10-2026&filter[duration]=7:10&filter[from]=Warszawa%20-%20Modlin,Warszawa%20-%20Radom,Warszawa&filter[person]=2&filter[child]=1&filter[price]=4000:20000&filter[PriceFrom]=4000&filter[PriceTo]=20000&filter[addCategory]=50&filter[addCatering]=1&filter[addMisc]=0&filter[addTransport]=F&filter[fp]=1&order_by=ofr_price&filter[tourOperator]=0&filter[childAge][1]=20201210","https://fly.pl/cdn/photo/assets/uploads/582/278/2014/07/Dreams-Beach-Resort.jpg","https://fly.pl/wycieczka/egipt,sharm-el-sheikh,szarm-el-szejk/dreams-beach-sharm-el-sheikh/pf5tvZQDAyY8AqhwarVzwvAAognPhI-USuosLanEdPhqskiAAAAACZhAQAtoQEAAcAEgAqBFdFWlkwpJ_D1QZIy0dQQVjBA2ADaglFbnRlciBBaXJqBDA4MDByQp4BlQEfABwBAgAWBBcCETISuwMYhQUTzQEUyQRAknJMoKIBTwBLxyNQABup9wMd6MoLIB0N3MfCCQESYwENYwECBfqpKZo/ofertasv/?filter[tourOperator]=WEZY&filter%5Bperson%5D=2&filter%5BchildAge%5D%5B1%5D=20201210&filter%5Bchild%5D=1"
"Parrotel Beach Resort (ex. Radisson Blu)","9163.0","10.10.2026 - 17.10.2026","8 dni/7 nocy","","4.4","4.4","7007","tripadvisor","Warszawa","2026-09-21T06:33:07.933955+00:00","https://fly.pl/szukaj-wycieczek/?filter[dest]=11:&filter[hotelids]=&filter[cityids]=0&filter[cregids]=&filter[ofrType]=&filter[addObjType]=&filter[whenFrom]=21-09-2026&filter[whenTo]=21-10-2026&filter[duration]=7:10&filter[from]=Warszawa%20-%20Modlin,Warszawa%20-%20Radom,Warszawa&filter[person]=2&filter[child]=1&filter[price]=4000:20000&filter[PriceFrom]=4000&filter[PriceTo]=20000&filter[addCategory]=50&filter[addCatering]=1&filter[addMisc]=0&filter[addTransport]=F&filter[fp]=1&order_by=ofr_price&filter[tourOperator]=0&filter[childAge][1]=20201210","https://fly.pl/cdn/photo/assets/uploads/582/278/2014/07/Parrotel-Beach-Resort.jpg","https://fly.pl/wycieczka/egipt,sharm-el-sheikh,c/radisson-blu-resort-sharm-el-sheikh/pl8hGjcTN1GxJ9M6CQASUwAAogAtR3t_uNaO1_NQF36m_bBwAAAACZhAQAtoQEAAcAEgAqBFdFWlkwpJ_D1QZIy0dQQVjBA2ADaglFbnRlciBBaXJqBDA4MDByQp4BlQEfABwBAgAWBBcCEXwS8QIYhQUTzQEUyQRAknJMoKIBTwBLxyNQABvBgQId0MANIB0N3MfCCQESYwEOYwECBvYhrz0/ofertasv/?filter[tourOperator]=WEZY&filter%5Bperson%5D=2&filter%5BchildAge%5D%5B1%5D=20201210&filter%5Bchild%5D=1"
"Creek Hotel and Residences","9189.0","01.10.2026 - 08.10.2026","8 dni/7 nocy","","4.8","4.8","219","tripadvisor","Warszawa - Radom","2026-09-21T06:33:07.933955+00:00","https://fly.pl/szukaj-wycieczek/?filter[dest]=11:&filter[hotelids]=&filter[cityids]=0&filter[cregids]=&filter[ofrType]=&filter[addObjType]=&filter[whenFrom]=21-09-2026&filter[whenTo]=21-10-2026&filter[duration]=7:10&filter[from]=Warszawa%20-%20Modlin,Warszawa%20-%20Radom,Warszawa&filter[person]=2&filter[child]=1&filter[price]=4000:20000&filter[PriceFrom]=4000&filter[PriceTo]=20000&filter[addCategory]=50&filter[addCatering]=1&filter[addMisc]=0&filter[addTransport]=F&filter[fp]=1&order_by=ofr_price&filter[tourOperator]=0&filter[childAge][1]=20201210","https://fly.pl/cdn/photo/assets/uploads/582/278/2024/07/creek-hotel-residences.jpg","https://fly.pl/wycieczka/egipt,hurghada,al-dzuna/creek-hotel-residences-9/po9Q5M5byVkszvlejYjp-sAAogQIxuNaKCn6l5hB_Z_qyL-5tDSG7JGG1kLrratyRh_coqBE9SRVgwpJ_D1QZI5UdQQVjpAWACagdNMkUuMi4xcjabARUHFwBcA1gFVgJAygZd0w5PbBGCB1PQlgFSAF6vT0uBEmEATNG-OiCc_ZcJDQACEmMBAguhgqz9/ofertasv/?filter[tourOperator]=OREX&filter%5Bperson%5D=2&filter%5BchildAge%5D%5B1%5D=20201210&filter%5Bchild%5D=1"
"Sentido Akassia Beach (ex. LTI Akassia Beach)","9288.0","10.10.2026 - 17.10.2026","8 dni/7 nocy","","4.4","4.4","2309","tripadvisor","Warszawa","2026-09-21T06:33:07.933955+00:00","https://fly.pl/szukaj-wycieczek/?filter[dest]=11:&filter[hotelids]=&filter[cityids]=0&filter[cregids]=&filter[ofrType]=&filter[addObjType]=&filter[whenFrom]=21-09-2026&filter[whenTo]=21-10-2026&filter[duration]=7:10&filter[from]=Warszawa%20-%20Modlin,Warszawa%20-%20Radom,Warszawa&filter[person]=2&filter[child]=1&filter[price]=4000:20000&filter[PriceFrom]=4000&filter[PriceTo]=20000&filter[addCategory]=50&filter[addCatering]=1&filter[addMisc]=0&filter[addTransport]=F&filter[fp]=1&order_by=ofr_price&filter[tourOperator]=0&filter[childAge][1]=20201210","https://fly.pl/cdn/photo/assets/uploads/582/278/2014/09/Sentido-Akassia-Beach.jpg","https://fly.pl/wycieczka/egipt,marsa-alam,c/lti-akassia-beach-2/pmmFU7U6TemHp6FWuJgzHtAAogWsj03FuK88D0OuhDCSx3Ny063im2E1E-fA40Cv_wUOwqBE9SRVgwpJ_D1QZIyEhQQVjBA2ACagYxUy4yLjFyNZsBFQcXAFwDWAVWAhEmQKQGXYMkTyRemdgBU7wUUgBLsS9hAEzljDogpf2XCQ0AAhJjAQINaYgsHg/ofertasv/?filter[tourOperator]=OREX&filter%5Bperson%5D=2&filter%5BchildAge%5D%5B1%5D=20201210&filter%5Bchild%5D=1"
"Stella Beach Resort & Spa","9300.0","13.10.2026 - 20.10.2026","8 dni/7 nocy","","4.4","4.4","6881","tripadvisor","Warszawa","2026-09-21T06:33:07.933955+00:00","https://fly.pl/szukaj-wycieczek/?filter[dest]=11:&filter[hotelids]=&filter[cityids]=0&filter[cregids]=&filter[ofrType]=&filter[addObjType]=&filter[whenFrom]=21-09-2026&filter[whenTo]=21-10-2026&filter[duration]=7:10&filter[from]=Warszawa%20-%20Modlin,Warszawa%20-%20Radom,Warszawa&filter[person]=2&filter[child]=1&filter[price]=4000:20000&filter[PriceFrom]=4000&filter[PriceTo]=20000&filter[addCategory]=50&filter[addCatering]=1&filter[addMisc]=0&filter[addTransport]=F&filter[fp]=1&order_by=ofr_price&filter[tourOperator]=0&filter[childAge][1]=20201210","https://fly.pl/cdn/photo/assets/uploads/582/278/2014/10/Stella-Di-Mare-Beach-Resort-Spa.jpg","https://fly.pl/wycieczka/egipt,hurghada,makadi-bay/stella-makadi-resort/ps1NuM3Kt2bIohn7mfNLoLAAog0x33N-EtGFJwmDv8pzIhI2qyvADKfxjztHOrlw2TEoUqBEpPSVAwpJ_D1QZI1EhQQViJBGACagMwRkhyQpsBFAEVBhcAXANYBVYCQMoGT-IBXQBSr6sBUwBer08RkSxL3BdhAEzljDoNqP2XCSAAAb2P-NDEhsygMAIOYwEADbNhNJU/ofertasv/?filter[tourOperator]=JOIP&filter%5Bperson%5D=2&filter%5BchildAge%5D%5B1%5D=20201210&filter%5Bchild%5D=1"
"Gemma Resort (ex. Labranda Gemma Premium Resort)","9322.0","11.10.2026 - 18.10.2026","8 dni/7 nocy","","4.5","4.5","5582","tripadvisor","Warszawa","2026-09-21T06:33:07.933955+00:00","https://fly.pl/szukaj-wycieczek/?filter[dest]=11:&filter[hotelids]=&filter[cityids]=0&filter[cregids]=&filter[ofrType]=&filter[addObjType]=&filter[whenFrom]=21-09-2026&filter[whenTo]=21-10-2026&filter[duration]=7:10&filter[from]=Warszawa%20-%20Modlin,Warszawa%20-%20Radom,Warszawa&filter[person]=2&filter[child]=1&filter[price]=4000:20000&filter[PriceFrom]=4000&filter[PriceTo]=20000&filter[addCategory]=50&filter[addCatering]=1&filter[addMisc]=0&filter[addTransport]=F&filter[fp]=1&order_by=ofr_price&filter[tourOperator]=0&filter[childAge][1]=20201210","https://fly.pl/cdn/photo/assets/uploads/582/278/2015/06/Gemma-Resort.jpg","https://fly.pl/wycieczka/egipt,marsa-alam,c/gemma-resort/p0dmXpiaASzds1B1ViSG6pAAogaVPXdyVtXuaEQ6I-siYA8wAAAAAagwQANoMEAAcAAQAqBFdFWlkwpJ_D1QZI6khQQVjZA2ADaglFbnRlciBBaXJqBDAwNTByQp4BlAEfAAIBHAAWBBcCEu0DFdoFGJ8DE8MBEf5IQPMpTLaWAU8AS7EvUAAb5DEdro0PIBwN3crCCQESYwEOYwECBh_WGuY/ofertasv/?filter[tourOperator]=WEZY&filter%5Bperson%5D=2&filter%5BchildAge%5D%5B1%5D=20201210&filter%5Bchild%5D=1"
"The Cascades Golf Resort Spa & Thalasso (ex Westin Soma Bay)","9332.0","29.09.2026 - 06.10.2026","8 dni/7 nocy","","4.4","4.4","284","tripadvisor","Warszawa","2026-09-21T06:33:07.933955+00:00","https://fly.pl/szukaj-wycieczek/?filter[dest]=11:&filter[hotelids]=&filter[cityids]=0&filter[cregids]=&filter[ofrType]=&filter[addObjType]=&filter[whenFrom]=21-09-2026&filter[whenTo]=21-10-2026&filter[duration]=7:10&filter[from]=Warszawa%20-%20Modlin,Warszawa%20-%20Radom,Warszawa&filter[person]=2&filter[child]=1&filter[price]=4000:20000&filter[PriceFrom]=4000&filter[PriceTo]=20000&filter[addCategory]=50&filter[addCatering]=1&filter[addMisc]=0&filter[addTransport]=F&filter[fp]=1&order_by=ofr_price&filter[tourOperator]=0&filter[childAge][1]=20201210","https://fly.pl/cdn/photo/assets/uploads/582/278/2014/10/The-Cascades-Golf-Resort-Spa-Thalasso.jpg","https://fly.pl/wycieczka/egipt,hurghada,soma-bay/la-residence-des-cascades/pGtvjy0HMH7ys4EUGXON9eAAogZ4DIr8aqmC4xEm2LS5ny2uErWs0tVGkUnula-RMaXKwqBEpPSVAwpJ_D1QZI9EhQQVi5AWACckIUARUGFwBcA1gFVgJAygZd4gFPAFu1UlP6WFIAXq9PS-1DYQARrCxMueA5INT8lwkNAAHy4fCP04bMoDACDWMBAAxKBm32/ofertasv/?filter[tourOperator]=JOIP&filter%5Bperson%5D=2&filter%5BchildAge%5D%5B1%5D=20201210&filter%5Bchild%5D=1"
"Novotel Marsa Alam","9357.0","10.10.2026 - 17.10.2026","8 dni/7 nocy","","4.5","4.5","3682","tripadvisor","Warszawa","2026-09-21T06:33:07.933955+00:00","https://fly.pl/szukaj-wycieczek/?filter[dest]=11:&filter[hotelids]=&filter[cityids]=0&filter[cregids]=&filter[ofrType]=&filter[addObjType]=&filter[whenFrom]=21-09-2026&filter[whenTo]=21-10-2026&filter[duration]=7:10&filter[from]=Warszawa%20-%20Modlin,Warszawa%20-%20Radom,Warszawa&filter[person]=2&filter[child]=1&filter[price]=4000:20000&filter[PriceFrom]=4000&filter[PriceTo]=20000&filter[addCategory]=50&filter[addCatering]=1&filter[addMisc]=0&filter[addTransport]=F&filter[fp]=1&order_by=ofr_price&filter[tourOperator]=0&filter[childAge][1]=20201210","https://fly.pl/cdn/photo/assets/uploads/582/278/2015/09/Novotel-Marsa-Alam.jpg","https://fly.pl/wycieczka/egipt,marsa-alam,c/novotel-marsa-alam/pf9GZURJOPyGruzKvJNRdQAAogL0VmEuN_Q5rKDy8zwIMNo35pT9O79mRM0AJRMEUwU2QqBFZJVFgwpJ_D1QZIjUlQQVjBA2ACckAaABUHFwBcA1gFQI8DW4-JAV7udlK8FFMAS7EvYQBMjrU5DfzUmAkgAFGi2LP23wFP7cIYXZz4r_klAg5jAQINM5CfPg/ofertasv/?filter[tourOperator]=VITX&filter%5Bperson%5D=2&filter%5BchildAge%5D%5B1%5D=20201210&filter%5Bchild%5D=1"
"Concorde Moreen Beach Resort & Spa","9357.0","10.10.2026 - 17.10.2026","8 dni/7 nocy","","4.5","4.5","5598","tripadvisor","Warszawa","2026-09-21T06:33:07.933955+00:00","https://fly.pl/szukaj-wycieczek/?filter[dest]=11:&filter[hotelids]=&filter[cityids]=0&filter[cregids]=&filter[ofrType]=&filter[addObjType]=&filter[whenFrom]=21-09-2026&filter[whenTo]=21-10-2026&filter[duration]=7:10&filter[from]=Warszawa%20-%20Modlin,Warszawa%20-%20Radom,Warszawa&filter[person]=2&filter[child]=1&filter[price]=4000:20000&filter[PriceFrom]=4000&filter[PriceTo]=20000&filter[addCategory]=50&filter[addCatering]=1&filter[addMisc]=0&filter[addTransport]=F&filter[fp]=1&order_by=ofr_price&filter[tourOperator]=0&filter[childAge][1]=20201210","https://fly.pl/cdn/photo/assets/uploads/582/278/2014/07/Concorde-Moreen-Beach-Resort-Spa-fly-pl.jpg","https://fly.pl/wycieczka/egipt,marsa-alam,c/concorde-moreen-beach-spa-resort/ppr-KYSE5nHk9rioWoh-kqAAogDLWtVQNRi8QNNU_7luho6n5pT9O79mRM0AJRMEUwU2QqBFZJVFgwpJ_D1QZIjUlQQVjBA2ACckAaABUHFwBcA1gFQI8DW5eFAV7melK8FFMAS7EvYQBM77Q5DZvVmAkgAFG2rJT23wFP2e43XZz4r_klAgxjAQILJXG2VA/ofertasv/?filter[tourOperator]=VITX&filter%5Bperson%5D=2&filter%5BchildAge%5D%5B1%5D=20201210&filter%5Bchild%5D=1"
"Gravity Hotel & Aquapark Hurghada (ex. Samra Bay Resort)","9386.0","13.10.2026 - 20.10.2026","8 dni/7 nocy","","","","","","Warszawa","2026-09-21T06:33:07.933955+00:00","https://fly.pl/szukaj-wycieczek/?filter[dest]=11:&filter[hotelids]=&filter[cityids]=0&filter[cregids]=&filter[ofrType]=&filter[addObjType]=&filter[whenFrom]=21-09-2026&filter[whenTo]=21-10-2026&filter[duration]=7:10&filter[from]=Warszawa%20-%20Modlin,Warszawa%20-%20Radom,Warszawa&filter[person]=2&filter[child]=1&filter[price]=4000:20000&filter[PriceFrom]=4000&filter[PriceTo]=20000&filter[addCategory]=50&filter[addCatering]=1&filter[addMisc]=0&filter[addTransport]=F&filter[fp]=1&order_by=ofr_price&filter[tourOperator]=0&filter[childAge][1]=20201210","https://fly.pl/cdn/photo/assets/uploads/582/278/2017/04/Gravity-Hotel-Aquapark-Hurghada.jpg","https://fly.pl/wycieczka/egipt,hurghada,c/samra-bay-resort/p2cBBaZolEHGh0eVXEo7wDAAoguHhLBhDzhdphd211mkSAfmqyvADKfxjztHOrlw2TEoUqBEpPSVAwpJ_D1QZIqklQQViJBGACagMwMllyQpsBFAEVBhcAXANYBVYCQMoGT-IBXQBSr6sBUwBer08RuD9LtQRhAEzljDoNqP2XCSAAAbKXiLiEic6gMAIOYwEADStyjT0/ofertasv/?filter[tourOperator]=JOIP&filter%5Bperson%5D=2&filter%5BchildAge%5D%5B1%5D=20201210&filter%5Bchild%5D=1"
"Sharm Grand Plaza Resort","9398.0","10.10.2026 - 17.10.2026","8 dni/7 nocy","","4.4","4.4","9442","tripadvisor","Warszawa","2026-09-21T06:33:07.933955+00:00","https://fly.pl/szukaj-wycieczek/?filter[dest]=11:&filter[hotelids]=&filter[cityids]=0&filter[cregids]=&filter[ofrType]=&filter[addObjType]=&filter[whenFrom]=21-09-2026&filter[whenTo]=21-10-2026&filter[duration]=7:10&filter[from]=Warszawa%20-%20Modlin,Warszawa%20-%20Radom,Warszawa&filter[person]=2&filter[child]=1&filter[price]=4000:20000&filter[PriceFrom]=4000&filter[PriceTo]=20000&filter[addCategory]=50&filter[addCatering]=1&filter[addMisc]=0&filter[addTransport]=F&filter[fp]=1&order_by=ofr_price&filter[tourOperator]=0&filter[childAge][1]=20201210","https://fly.pl/cdn/photo/assets/uploads/582/278/2014/07/SHARM-GRAND-PLAZA-RESORT-1.jpg","https://fly.pl/wycieczka/egipt,sharm-el-sheikh,c/grand-plaza-resort/prxWKDcSnPneLi9I7WEGoLAAogUPkgU-aGsZ2uZ3l5MUHLnwAAAACZhAQAtoQEAAcAEgAqBFdFWlkwpJ_D1QZItklQQVjBA2ADaglFbnRlciBBaXJqBDA4MDByQJ4BlQEfABwBAgAWBBcCETcbURLlAhiFBRPNARTJBECSck-gogFMAEvHI1AAHZHCDyAdDdzHwgkBEmMBDGMBAgVdJ8yG/ofertasv/?filter[tourOperator]=WEZY&filter%5Bperson%5D=2&filter%5BchildAge%5D%5B1%5D=20201210&filter%5Bchild%5D=1"
"Gravity Sahl Hasheesh (Ex. Ocean Breeze)","9406.0","01.10.2026 - 08.10.2026","8 dni/7 nocy","","4.7","4.7","3424","tripadvisor","Warszawa","2026-09-21T06:33:07.933955+00:00","https://fly.pl/szukaj-wycieczek/?filter[dest]=11:&filter[hotelids]=&filter[cityids]=0&filter[cregids]=&filter[ofrType]=&filter[addObjType]=&filter[whenFrom]=21-09-2026&filter[whenTo]=21-10-2026&filter[duration]=7:10&filter[from]=Warszawa%20-%20Modlin,Warszawa%20-%20Radom,Warszawa&filter[person]=2&filter[child]=1&filter[price]=4000:20000&filter[PriceFrom]=4000&filter[PriceTo]=20000&filter[addCategory]=50&filter[addCatering]=1&filter[addMisc]=0&filter[addTransport]=F&filter[fp]=1&order_by=ofr_price&filter[tourOperator]=0&filter[childAge][1]=20201210","https://fly.pl/cdn/photo/assets/uploads/582/278/2018/10/Gravity-Sahl-Hasheesh.jpg","https://fly.pl/wycieczka/egipt,hurghada,c/ocean-breeze/pBy_e9A7nLKS4hgm-obXm2AAogL_RCcqgBIBEGpElJt0lCGqpA2wg3UEYkGsJ-WJiwcd4qBFJOQlcwpp_D1QZIvklQQVjpAWACagRDQWdKag1BTExfSU5DTFVTSVZFahcyOTYsMzgwLDQ3Nyw0ODMsNDg0LDQ4NXI7nwGWAZ4BFQcXAFgIChhAsAcR0RwQ9R4ZpxlMnjZTiiFSAEuckwFhAB3k8j8POSDklpIJDQACDWMBAgadZ97A/ofertasv/?filter[tourOperator]=RNBW&filter%5Bperson%5D=2&filter%5BchildAge%5D%5B1%5D=20201210&filter%5Bchild%5D=1"
"Rehana Royal Beach Resort & Spa","9414.0","11.10.2026 - 18.10.2026","8 dni/7 nocy","","4.3","4.3","4686","tripadvisor","Warszawa","2026-09-21T06:33:07.933955+00:00","https://fly.pl/szukaj-wycieczek/?filter[dest]=11:&filter[hotelids]=&filter[cityids]=0&filter[cregids]=&filter[ofrType]=&filter[addObjType]=&filter[whenFrom]=21-09-2026&filter[whenTo]=21-10-2026&filter[duration]=7:10&filter[from]=Warszawa%20-%20Modlin,Warszawa%20-%20Radom,Warszawa&filter[person]=2&filter[child]=1&filter[price]=4000:20000&filter[PriceFrom]=4000&filter[PriceTo]=20000&filter[addCategory]=50&filter[addCatering]=1&filter[addMisc]=0&filter[addTransport]=F&filter[fp]=1&order_by=ofr_price&filter[tourOperator]=0&filter[childAge][1]=20201210","https://fly.pl/cdn/photo/assets/uploads/582/278/2016/11/Rehana-Royal-Beach-Resort-amp-Spa.jpg","https://fly.pl/wycieczka/egipt,sharm-el-sheikh,c/rehana-royal-beach-resort-spa/pm0da-bXy8bpysT4Ou3F_2AAogDH7tKRZnTfyoBCAh7xvifAiPgYhrkVrHHSR3tH9QMnYqBEpPSVAwpp_D1QZIxklQQVjZA2ACagMwMHdyQpsBFAEVBhcAXANYBVYCQMoGT-IBXQAR88gBXusxUqYgUwBLxyNhAEzljDoNpv2XCSAAAaGf1PjEiMygMAINYwEADPvf6Vc/ofertasv/?filter[tourOperator]=JOIP&filter%5Bperson%5D=2&filter%5BchildAge%5D%5B1%5D=20201210&filter%5Bchild%5D=1"
"Fantazia Resort","9443.0","26.09.2026 - 03.10.2026","8 dni/7 nocy","","4.4","4.4","5979","tripadvisor","Warszawa","2026-09-21T06:33:07.933955+00:00","https://fly.pl/szukaj-wycieczek/?filter[dest]=11:&filter[hotelids]=&filter[cityids]=0&filter[cregids]=&filter[ofrType]=&filter[addObjType]=&filter[whenFrom]=21-09-2026&filter[whenTo]=21-10-2026&filter[duration]=7:10&filter[from]=Warszawa%20-%20Modlin,Warszawa%20-%20Radom,Warszawa&filter[person]=2&filter[child]=1&filter[price]=4000:20000&filter[PriceFrom]=4000&filter[PriceTo]=20000&filter[addCategory]=50&filter[addCatering]=1&filter[addMisc]=0&filter[addTransport]=F&filter[fp]=1&order_by=ofr_price&filter[tourOperator]=0&filter[childAge][1]=20201210","https://fly.pl/cdn/photo/assets/uploads/582/278/2016/11/Fantazia-Resort.jpg","https://fly.pl/wycieczka/egipt,marsa-alam,c/fantazia-resort/pfiWePFH-bYmHUtTUscVHSAAogeaJibYF8-Iv1RbHrZ5tkuWN5nXJGiD9Rad5ib_UKovUqBFNGUEwwpp_D1QZI40lQQVhxYAJyIQsCFQUiBhInXMYCQC4Nls3UCVHplLsMW-jndQISYwECBS6kdHM/ofertasv/?filter[tourOperator]=SFPL&filter%5Bperson%5D=2&filter%5BchildAge%5D%5B1%5D=20201210&filter%5Bchild%5D=1"
"Titanic Beach Spa & Aqua Park","9457.0","24.09.2026 - 01.10.2026","8 dni/7 nocy","","4.3","4.3","7455","tripadvisor","Warszawa","2026-09-21T06:33:07.933955+00:00","https://fly.pl/szukaj-wycieczek/?filter[dest]=11:&filter[hotelids]=&filter[cityids]=0&filter[cregids]=&filter[ofrType]=&filter[addObjType]=&filter[whenFrom]=21-09-2026&filter[whenTo]=21-10-2026&filter[duration]=7:10&filter[from]=Warszawa%20-%20Modlin,Warszawa%20-%20Radom,Warszawa&filter[person]=2&filter[child]=1&filter[price]=4000:20000&filter[PriceFrom]=4000&filter[PriceTo]=20000&filter[addCategory]=50&filter[addCatering]=1&filter[addMisc]=0&filter[addTransport]=F&filter[fp]=1&order_by=ofr_price&filter[tourOperator]=0&filter[childAge][1]=20201210","https://fly.pl/cdn/photo/assets/uploads/582/278/2014/07/Titanic-Beach-Spa-Aqua-Park-fly-pl.jpg","https://fly.pl/wycieczka/egipt,hurghada,c/titanic-beach-spa/pMlYyOQJY6ewgc5e_W-MRMAAog35Ofdi8l3oYLM1e-D5nF2QuM1L66OETZDYRELv-baocqBFZJVFgwpp_D1QZI8UlQQVhBYAJyQBoAFQcXAFwDWAVAjwNbv4MBU48tUgBer09L7UNhAEyxtTkNg9SYCSAAUcKQ5fuPAU-j9QddkITz83UCDGMBAgsXIHW6/ofertasv/?filter[tourOperator]=VITX&filter%5Bperson%5D=2&filter%5BchildAge%5D%5B1%5D=20201210&filter%5Bchild%5D=1"
"Retac Qunay Dahab Resort & Spa","9464.0","11.10.2026 - 18.10.2026","8 dni/7 nocy","","4.3","4.3","1707","tripadvisor","Warszawa","2026-09-21T06:33:07.933955+00:00","https://fly.pl/szukaj-wycieczek/?filter[dest]=11:&filter[hotelids]=&filter[cityids]=0&filter[cregids]=&filter[ofrType]=&filter[addObjType]=&filter[whenFrom]=21-09-2026&filter[whenTo]=21-10-2026&filter[duration]=7:10&filter[from]=Warszawa%20-%20Modlin,Warszawa%20-%20Radom,Warszawa&filter[person]=2&filter[child]=1&filter[price]=4000:20000&filter[PriceFrom]=4000&filter[PriceTo]=20000&filter[addCategory]=50&filter[addCatering]=1&filter[addMisc]=0&filter[addTransport]=F&filter[fp]=1&order_by=ofr_price&filter[tourOperator]=0&filter[childAge][1]=20201210","https://fly.pl/cdn/photo/assets/uploads/582/278/2014/09/Retac-Qunay-Dahab.jpg","https://fly.pl/wycieczka/egipt,dahab,c/le-meridien-dahab-bay/pkiqJ46Ukj5edLi3oY8GAPAAogaYjHUiP2my3qB9g9uPSD4wiPgYhrkVrHHSR3tH9QMnYqBEpPSVAwpp_D1QZI-ElQQVjZA2ACagNDR21yQpsBFAEVBhcAXANYBVYCQMoGT-IBXQARrdEBXrEpUqYgUwBLxyNhAEzljDoNpv2XCSAAAbuT2JDFiMygMAINYwEAC00Ss5U/ofertasv/?filter[tourOperator]=JOIP&filter%5Bperson%5D=2&filter%5BchildAge%5D%5B1%5D=20201210&filter%5Bchild%5D=1"
"Seven Seas Jolie Bay","9476.0","01.10.2026 - 08.10.2026","8 dni/7 nocy","","4.6","4.6","1518","tripadvisor","Warszawa","2026-09-21T06:33:07.933955+00:00","https://fly.pl/szukaj-wycieczek/?filter[dest]=11:&filter[hotelids]=&filter[cityids]=0&filter[cregids]=&filter[ofrType]=&filter[addObjType]=&filter[whenFrom]=21-09-2026&filter[whenTo]=21-10-2026&filter[duration]=7:10&filter[from]=Warszawa%20-%20Modlin,Warszawa%20-%20Radom,Warszawa&filter[person]=2&filter[child]=1&filter[price]=4000:20000&filter[PriceFrom]=4000&filter[PriceTo]=20000&filter[addCategory]=50&filter[addCatering]=1&filter[addMisc]=0&filter[addTransport]=F&filter[fp]=1&order_by=ofr_price&filter[tourOperator]=0&filter[childAge][1]=20201210","https://fly.pl/cdn/photo/assets/uploads/582/278/2022/03/Aqua-Mondo-Abu-Soma-Resort.jpg","https://fly.pl/wycieczka/egipt,hurghada,soma-bay/aqua-mondo-resort-14/p6gAQdprb0yI_EsVo15j-_AAogxc9-KBBUi93hzc4wCxkPpAAAAAAWiAQAMogEAAcAAQAqBFdFWlkwpp_D1QZIhEpQQVjpAWADahNMT1QgUG9saXNoIEFpcmxpbmVzckOeAR8AHAECABYAFwYS7QMTgwQUjQQVXxj3AkDHcUzLMk8AUJyTAUsAEcg_HcaJDyAcG8i1eQ2Pi8kIARJjAQxjAQIL8MJJ5g/ofertasv/?filter[tourOperator]=WEZY&filter%5Bperson%5D=2&filter%5BchildAge%5D%5B1%5D=20201210&filter%5Bchild%5D=1"
"Akassia Swiss Resort (ex. Calimera Club Akassia Swiss Resort)","9542.0","11.10.2026 - 18.10.2026","8 dni/7 nocy","","4.6","4.6","2607","tripadvisor","Warszawa","2026-09-21T06:33:07.933955+00:00","https://fly.pl/szukaj-wycieczek/?filter[dest]=11:&filter[hotelids]=&filter[cityids]=0&filter[cregids]=&filter[ofrType]=&filter[addObjType]=&filter[whenFrom]=21-09-2026&filter[whenTo]=21-10-2026&filter[duration]=7:10&filter[from]=Warszawa%20-%20Modlin,Warszawa%20-%20Radom,Warszawa&filter[person]=2&filter[child]=1&filter[price]=4000:20000&filter[PriceFrom]=4000&filter[PriceTo]=20000&filter[addCategory]=50&filter[addCatering]=1&filter[addMisc]=0&filter[addTransport]=F&filter[fp]=1&order_by=ofr_price&filter[tourOperator]=0&filter[childAge][1]=20201210","https://fly.pl/cdn/photo/assets/uploads/582/278/2014/09/Akassia-Swiss-Resort.jpg","https://fly.pl/wycieczka/egipt,marsa-alam,c/calimera-club-akassia-swiss-resort/pYpM98SLiH6FQZejcpIRUEAAogu-04yuRoMC_zXSdVXjCTmQAAAAAagwQANoMEAAcAAQAqBFdFWlkwpp_D1QZIxkpQQVjZA2ADaglFbnRlciBBaXJqBDAwNTByQ54BlAEfAAIBHAAWBBcCEu0DFdoFGJ8DE8MBEcQiQK1QTLaWAU8AS7EvUAAb5asCHa2TDSAcDd3KwgkBEmMBDGMBAgWRm-cj/ofertasv/?filter[tourOperator]=WEZY&filter%5Bperson%5D=2&filter%5BchildAge%5D%5B1%5D=20201210&filter%5Bchild%5D=1"
"Amarina Jannah Resort Aquapark","9549.0","10.10.2026 - 17.10.2026","8 dni/7 nocy","","4.7","4.7","679","tripadvisor","Warszawa","2026-09-21T06:33:07.933955+00:00","https://fly.pl/szukaj-wycieczek/?filter[dest]=11:&filter[hotelids]=&filter[cityids]=0&filter[cregids]=&filter[ofrType]=&filter[addObjType]=&filter[whenFrom]=21-09-2026&filter[whenTo]=21-10-2026&filter[duration]=7:10&filter[from]=Warszawa%20-%20Modlin,Warszawa%20-%20Radom,Warszawa&filter[person]=2&filter[child]=1&filter[price]=4000:20000&filter[PriceFrom]=4000&filter[PriceTo]=20000&filter[addCategory]=50&filter[addCatering]=1&filter[addMisc]=0&filter[addTransport]=F&filter[fp]=1&order_by=ofr_price&filter[tourOperator]=0&filter[childAge][1]=20201210","https://fly.pl/cdn/photo/assets/uploads/582/278/2023/04/Amarina-Jannah-Resort-Aquapark.jpg","https://fly.pl/wycieczka/egipt,marsa-alam,port-ghalib/amarina-jannah-resort-aquapark-15/p44quTdLlPXM8LVB2CZkB2AAoglI_bfrxNVHG-711XDtZjgy063im2E1E-fA40Cv_wUOwqBE9SRVgwpp_D1QZIzUpQQVjBA2ACagZDNS4yLjFyNpsBFQcXAFwDWAVWAkDKBhH5FF2KD08kXpnYAVO8FFIAS7EvYQBM5Yw6IKX9lwkNAAISYwECDPpuo0g/ofertasv/?filter[tourOperator]=OREX&filter%5Bperson%5D=2&filter%5BchildAge%5D%5B1%5D=20201210&filter%5Bchild%5D=1"
"Pickalbatros Villaggio Resort Portofino","9567.0","26.09.2026 - 04.10.2026","9 dni/7 nocy","","4.9","4.9","1605","tripadvisor","Warszawa","2026-09-21T06:33:07.933955+00:00","https://fly.pl/szukaj-wycieczek/?filter[dest]=11:&filter[hotelids]=&filter[cityids]=0&filter[cregids]=&filter[ofrType]=&filter[addObjType]=&filter[whenFrom]=21-09-2026&filter[whenTo]=21-10-2026&filter[duration]=7:10&filter[from]=Warszawa%20-%20Modlin,Warszawa%20-%20Radom,Warszawa&filter[person]=2&filter[child]=1&filter[price]=4000:20000&filter[PriceFrom]=4000&filter[PriceTo]=20000&filter[addCategory]=50&filter[addCatering]=1&filter[addMisc]=0&filter[addTransport]=F&filter[fp]=1&order_by=ofr_price&filter[tourOperator]=0&filter[childAge][1]=20201210","https://fly.pl/cdn/photo/assets/uploads/582/278/2024/07/pickalbatros-villaggio-resort-portofino.jpg","https://fly.pl/wycieczka/egipt,marsa-alam,c/pickalbatros-villaggio-resort-portofino-15/pQkQzUsPs74zZg8YK7Vr3JAAogGEJMftsfXui-AYu4LaN1OfPOVhexA4B-vTIRTOTMdjUqBEVYSU0wpp_D1QZI30pQAVhxYAJqAkFJciEcEaT2BrkEsck9qwQbG5WPRBio6kMB9ZTrlQwCAGMBAgw3OKFg/ofertasv/?filter[tourOperator]=EXIM&filter%5Bperson%5D=2&filter%5BchildAge%5D%5B1%5D=20201210&filter%5Bchild%5D=1"
"Serenity Alma Heights (ex. Serenity Fun City)","9572.0","24.09.2026 - 01.10.2026","8 dni/7 nocy","","4.7","4.7","5523","tripadvisor","Warszawa - Radom","2026-09-21T06:33:07.933955+00:00","https://fly.pl/szukaj-wycieczek/?filter[dest]=11:&filter[hotelids]=&filter[cityids]=0&filter[cregids]=&filter[ofrType]=&filter[addObjType]=&filter[whenFrom]=21-09-2026&filter[whenTo]=21-10-2026&filter[duration]=7:10&filter[from]=Warszawa%20-%20Modlin,Warszawa%20-%20Radom,Warszawa&filter[person]=2&filter[child]=1&filter[price]=4000:20000&filter[PriceFrom]=4000&filter[PriceTo]=20000&filter[addCategory]=50&filter[addCatering]=1&filter[addMisc]=0&filter[addTransport]=F&filter[fp]=1&order_by=ofr_price&filter[tourOperator]=0&filter[childAge][1]=20201210","https://fly.pl/cdn/photo/assets/uploads/582/278/2014/09/Serenity-Alma-Heights.jpg","https://fly.pl/wycieczka/egipt,hurghada,makadi-bay/serenity-fun-city/pPt6lWnCtehL8blQ_kMvFdAAogkv4rQTbswpKD4g-FYe-hI3uHt-JRXqpSz_DOtw-0xygqBE9SRVgwpp_D1QZI5EpQQVhBYAJqBkVDLjIuMXI1mwEVBxcAWAhWAlwIEURA_gVd0w5PbFPSnQFSAF6vT0uBEmEATNG-OiDP_JcJDQACEmMBAgxSOcHN/ofertasv/?filter[tourOperator]=OREX&filter%5Bperson%5D=2&filter%5BchildAge%5D%5B1%5D=20201210&filter%5Bchild%5D=1"
"Amarina Sun Resort & Aqua Park (ex. Raouf Sun International Aqua Park & SPA)","9587.0","11.10.2026 - 18.10.2026","8 dni/7 nocy","","3.8","3.8","329","tripadvisor","Warszawa","2026-09-21T06:33:07.933955+00:00","https://fly.pl/szukaj-wycieczek/?filter[dest]=11:&filter[hotelids]=&filter[cityids]=0&filter[cregids]=&filter[ofrType]=&filter[addObjType]=&filter[whenFrom]=21-09-2026&filter[whenTo]=21-10-2026&filter[duration]=7:10&filter[from]=Warszawa%20-%20Modlin,Warszawa%20-%20Radom,Warszawa&filter[person]=2&filter[child]=1&filter[price]=4000:20000&filter[PriceFrom]=4000&filter[PriceTo]=20000&filter[addCategory]=50&filter[addCatering]=1&filter[addMisc]=0&filter[addTransport]=F&filter[fp]=1&order_by=ofr_price&filter[tourOperator]=0&filter[childAge][1]=20201210","https://fly.pl/cdn/photo/assets/uploads/582/278/2024/07/raouf-sun-international-aqua-park-spa.jpg","https://fly.pl/wycieczka/egipt,sharm-el-sheikh,szarm-el-szejk/raouf-international-aqua-park-spa-14/p62y9uvqwVFEJO36Nkr2bvAAogDMzrR9iJSSW0yhRwXrgWAwiPgYhrkVrHHSR3tH9QMnYqBEpPSVAwpp_D1QZI80pQQVjZA2ACagMxMm9yQ5sBFAEVBhcAXANYBVYCQMoGT-IBXQBe3voBUqYgUwBLxyNhABHPiAFMloQ5Dab9lwkgAAG7zdy4w4jMoDACDWMBAAyJCVgW/ofertasv/?filter[tourOperator]=JOIP&filter%5Bperson%5D=2&filter%5BchildAge%5D%5B1%5D=20201210&filter%5Bchild%5D=1"
"Swissotel Resort El Quseir","9621.0","10.10.2026 - 17.10.2026","8 dni/7 nocy","","4.4","4.4","3137","tripadvisor","Warszawa","2026-09-21T06:33:07.933955+00:00","https://fly.pl/szukaj-wycieczek/?filter[dest]=11:&filter[hotelids]=&filter[cityids]=0&filter[cregids]=&filter[ofrType]=&filter[addObjType]=&filter[whenFrom]=21-09-2026&filter[whenTo]=21-10-2026&filter[duration]=7:10&filter[from]=Warszawa%20-%20Modlin,Warszawa%20-%20Radom,Warszawa&filter[person]=2&filter[child]=1&filter[price]=4000:20000&filter[PriceFrom]=4000&filter[PriceTo]=20000&filter[addCategory]=50&filter[addCatering]=1&filter[addMisc]=0&filter[addTransport]=F&filter[fp]=1&order_by=ofr_price&filter[tourOperator]=0&filter[childAge][1]=20201210","https://fly.pl/cdn/photo/assets/uploads/582/278/2015/02/RADISSON-BLU-m.jpg","https://fly.pl/wycieczka/egipt,marsa-alam,al-kusajr/radisson-blu-resort-el-quseir/pWBHGBDiyMAhGcHMIJHzG_AAogFRAFPsT61Vv9g1W_7eKP7y063im2E1E-fA40Cv_wUOwqBE9SRVgwpp_D1QZIlUtQQVjBA2ACagZFSS4yLjFyNpsBFQcXAFwDWAVWAkDKBhHtFV2WDk8kXpnYAVO8FFIAS7EvYQBM5Yw6IKX9lwkNAAISYwECC5_qnok/ofertasv/?filter[tourOperator]=OREX&filter%5Bperson%5D=2&filter%5BchildAge%5D%5B1%5D=20201210&filter%5Bchild%5D=1"
"Charmillion Club Aqua Park","9641.0","10.10.2026 - 17.10.2026","8 dni/7 nocy","","4.6","4.6","4381","tripadvisor","Warszawa","2026-09-21T06:33:07.933955+00:00","https://fly.pl/szukaj-wycieczek/?filter[dest]=11:&filter[hotelids]=&filter[cityids]=0&filter[cregids]=&filter[ofrType]=&filter[addObjType]=&filter[whenFrom]=21-09-2026&filter[whenTo]=21-10-2026&filter[duration]=7:10&filter[from]=Warszawa%20-%20Modlin,Warszawa%20-%20Radom,Warszawa&filter[person]=2&filter[child]=1&filter[price]=4000:20000&filter[PriceFrom]=4000&filter[PriceTo]=20000&filter[addCategory]=50&filter[addCatering]=1&filter[addMisc]=0&filter[addTransport]=F&filter[fp]=1&order_by=ofr_price&filter[tourOperator]=0&filter[childAge][1]=20201210","https://fly.pl/cdn/photo/assets/uploads/582/278/2014/07/Charmillion-Club-Aqua-Park.jpg","https://fly.pl/wycieczka/egipt,sharm-el-sheikh,szarm-el-szejk/sea-club-aqua-park/pfN0PphTcAcZAYYp0QeMSzAAogMerglbwNGvthjOyjfvpabAAAAACZhAQAtoQEAAcAEgAqBFdFWlkwpp_D1QZIqUtQQVjBA2ADaglFbnRlciBBaXJqBDA4MDByQp4BlQEfAAIBHAAWBBcCEu0DGIUFE80BFMkEEYEsQJFGTKCiAU8AS8cjUAAb8jAdn5EPIB0N3MfCCQESYwENYwECBTHfMC4/ofertasv/?filter[tourOperator]=WEZY&filter%5Bperson%5D=2&filter%5BchildAge%5D%5B1%5D=20201210&filter%5Bchild%5D=1"
"Titanic Palace Resort","9656.0","27.09.2026 - 04.10.2026","8 dni/7 nocy","","4.5","4.5","7355","tripadvisor","Warszawa","2026-09-21T06:33:07.933955+00:00","https://fly.pl/szukaj-wycieczek/?filter[dest]=11:&filter[hotelids]=&filter[cityids]=0&filter[cregids]=&filter[ofrType]=&filter[addObjType]=&filter[whenFrom]=21-09-2026&filter[whenTo]=21-10-2026&filter[duration]=7:10&filter[from]=Warszawa%20-%20Modlin,Warszawa%20-%20Radom,Warszawa&filter[person]=2&filter[child]=1&filter[price]=4000:20000&filter[PriceFrom]=4000&filter[PriceTo]=20000&filter[addCategory]=50&filter[addCatering]=1&filter[addMisc]=0&filter[addTransport]=F&filter[fp]=1&order_by=ofr_price&filter[tourOperator]=0&filter[childAge][1]=20201210","https://fly.pl/cdn/photo/assets/uploads/582/278/2014/07/Titanic-Palace-Resort.jpg","https://fly.pl/wycieczka/egipt,hurghada,c/titanic-palace-2/pO7-Fz6nMJ8sbe-6PCC29PAAogO5ff-oZL3YVsQO5XJnEBGwAAAADiggQA_oIEAAcAAQAqBFdFWlkwpp_D1QZIuEtQQViJAWADaglFbnRlciBBaXJqBDAwMTVyQ54BlAEfABwBAgAWABcGEb0BErACFdoFGJUDE7kBQIVzTMsyTwBLnJMBUAAd2r4PIBwb--dkDcbi3QgBEmMBDGMBAgXI-Of0/ofertasv/?filter[tourOperator]=WEZY&filter%5Bperson%5D=2&filter%5BchildAge%5D%5B1%5D=20201210&filter%5Bchild%5D=1"
"Calimera Blend Paradise Resort","9657.0","24.09.2026 - 01.10.2026","8 dni/7 nocy","","4.2","4.2","2368","tripadvisor","Warszawa","2026-09-21T06:33:07.933955+00:00","https://fly.pl/szukaj-wycieczek/?filter[dest]=11:&filter[hotelids]=&filter[cityids]=0&filter[cregids]=&filter[ofrType]=&filter[addObjType]=&filter[whenFrom]=21-09-2026&filter[whenTo]=21-10-2026&filter[duration]=7:10&filter[from]=Warszawa%20-%20Modlin,Warszawa%20-%20Radom,Warszawa&filter[person]=2&filter[child]=1&filter[price]=4000:20000&filter[PriceFrom]=4000&filter[PriceTo]=20000&filter[addCategory]=50&filter[addCatering]=1&filter[addMisc]=0&filter[addTransport]=F&filter[fp]=1&order_by=ofr_price&filter[tourOperator]=0&filter[childAge][1]=20201210","https://fly.pl/cdn/photo/assets/uploads/582/278/2022/08/Calimera-Blend-Paradise.jpg","https://fly.pl/wycieczka/egipt,hurghada,c/calimera-blend-paradise-12/pYn2gQLQ7vBkUL5KJ3INwZAAog8sAYRzxh3fFAboAhPEEmZQuM1L66OETZDYRELv-baocqBFZJVFgwpp_D1QZIuUtQQVhBYAJyQBoAFQcXAFwDWAVAjwNbj4kBU78nUgBer09L7UNhAEyxtTkNg9SYCSAAUeqItPuPAU_7_DhdkITz83UCDWMBAgzvxC45/ofertasv/?filter[tourOperator]=VITX&filter%5Bperson%5D=2&filter%5BchildAge%5D%5B1%5D=20201210&filter%5Bchild%5D=1"
"Jasmine Palace","9657.0","24.09.2026 - 01.10.2026","8 dni/7 nocy","","4.1","4.1","7799","tripadvisor","Warszawa","2026-09-21T06:33:07.933955+00:00","https://fly.pl/szukaj-wycieczek/?filter[dest]=11:&filter[hotelids]=&filter[cityids]=0&filter[cregids]=&filter[ofrType]=&filter[addObjType]=&filter[whenFrom]=21-09-2026&filter[whenTo]=21-10-2026&filter[duration]=7:10&filter[from]=Warszawa%20-%20Modlin,Warszawa%20-%20Radom,Warszawa&filter[person]=2&filter[child]=1&filter[price]=4000:20000&filter[PriceFrom]=4000&filter[PriceTo]=20000&filter[addCategory]=50&filter[addCatering]=1&filter[addMisc]=0&filter[addTransport]=F&filter[fp]=1&order_by=ofr_price&filter[tourOperator]=0&filter[childAge][1]=20201210","https://fly.pl/cdn/photo/assets/uploads/582/278/2014/07/Jasmine-Palace.jpg","https://fly.pl/wycieczka/egipt,hurghada,c/jasmine-palace/phLJPNiDHWAYZG8ci3OwUqAAogIPkNfTjrwTeQ4MDVdE4mJguM1L66OETZDYRELv-baocqBFZJVFgwpp_D1QZIuUtQQVhBYAJyQBoAFQcXAFwDWAVAjwNbv4MBU48tUgBer09L7UNhAEyxtTkNg9SYCSAAUaqCyPuPAU-7gyVdkITz83UCDWMBAgz_Zay9/ofertasv/?filter[tourOperator]=VITX&filter%5Bperson%5D=2&filter%5BchildAge%5D%5B1%5D=20201210&filter%5Bchild%5D=1"
"Red Sea Grand Waterworld Makadi (ex. Sunwing Waterworld Makadi)","9664.0","01.10.2026 - 08.10.2026","8 dni/7 nocy","","4.5","4.5","5611","tripadvisor","Warszawa","2026-09-21T06:33:07.933955+00:00","https://fly.pl/szukaj-wycieczek/?filter[dest]=11:&filter[hotelids]=&filter[cityids]=0&filter[cregids]=&filter[ofrType]=&filter[addObjType]=&filter[whenFrom]=21-09-2026&filter[whenTo]=21-10-2026&filter[duration]=7:10&filter[from]=Warszawa%20-%20Modlin,Warszawa%20-%20Radom,Warszawa&filter[person]=2&filter[child]=1&filter[price]=4000:20000&filter[PriceFrom]=4000&filter[PriceTo]=20000&filter[addCategory]=50&filter[addCatering]=1&filter[addMisc]=0&filter[addTransport]=F&filter[fp]=1&order_by=ofr_price&filter[tourOperator]=0&filter[childAge][1]=20201210","https://fly.pl/cdn/photo/assets/uploads/582/278/2017/06/Red-Sea-Grand-Waterworld-Makadi.jpg","https://fly.pl/wycieczka/egipt,hurghada,makadi-bay/sunwing-waterworld-makadi/pf8e3o3VqeUDWsuEjXD2ocAAogoB6Zp15XFpCtyTZTS8jCf4WaGNf_XbXlJtai6PkY9LEqA0VUSTCmn8PVBkjAS1BBWOkBYAJyMRUHFwBcA1gFVgJA-wdbw4UBU50mUgBer09L7UNhACCBitIJDQBRl-C99gMCEmMBAgqDmHbJ/ofertasv/?filter[tourOperator]=ETI&filter%5Bperson%5D=2&filter%5BchildAge%5D%5B1%5D=20201210&filter%5Bchild%5D=1"
"Pickalbatros Vita Resort Portofino","9747.0","26.09.2026 - 04.10.2026","9 dni/7 nocy","","4.9","4.9","752","tripadvisor","Warszawa","2026-09-21T06:33:07.933955+00:00","https://fly.pl/szukaj-wycieczek/?filter[dest]=11:&filter[hotelids]=&filter[cityids]=0&filter[cregids]=&filter[ofrType]=&filter[addObjType]=&filter[whenFrom]=21-09-2026&filter[whenTo]=21-10-2026&filter[duration]=7:10&filter[from]=Warszawa%20-%20Modlin,Warszawa%20-%20Radom,Warszawa&filter[person]=2&filter[child]=1&filter[price]=4000:20000&filter[PriceFrom]=4000&filter[PriceTo]=20000&filter[addCategory]=50&filter[addCatering]=1&filter[addMisc]=0&filter[addTransport]=F&filter[fp]=1&order_by=ofr_price&filter[tourOperator]=0&filter[childAge][1]=20201210","https://fly.pl/cdn/photo/assets/uploads/582/278/2024/07/pickalbatros-vita-resort-portofino.jpg","https://fly.pl/wycieczka/egipt,marsa-alam,c/pickalbatros-vita-resort-portofino-11/pXyUlKOt9_qcxOk96XgxeWAAogNxu4VlyvYLefqSygv0x02_POVhexA4B-vTIRTOTMdjUqBEVYSU0wpp_D1QZIk0xQAVhxYAJqAkFJciEcEbChBrkEpZ4-qwQbG_-zLBjl_y4BzZbSjggCAGMBAgzAjCTf/ofertasv/?filter[tourOperator]=EXIM&filter%5Bperson%5D=2&filter%5BchildAge%5D%5B1%5D=20201210&filter%5Bchild%5D=1"
"Sataya Resort (ex. Labranda Sataya Marsa Alam)","9857.0","10.10.2026 - 17.10.2026","8 dni/7 nocy","","4.7","4.7","4201","tripadvisor","Warszawa","2026-09-21T06:33:07.933955+00:00","https://fly.pl/szukaj-wycieczek/?filter[dest]=11:&filter[hotelids]=&filter[cityids]=0&filter[cregids]=&filter[ofrType]=&filter[addObjType]=&filter[whenFrom]=21-09-2026&filter[whenTo]=21-10-2026&filter[duration]=7:10&filter[from]=Warszawa%20-%20Modlin,Warszawa%20-%20Radom,Warszawa&filter[person]=2&filter[child]=1&filter[price]=4000:20000&filter[PriceFrom]=4000&filter[PriceTo]=20000&filter[addCategory]=50&filter[addCatering]=1&filter[addMisc]=0&filter[addTransport]=F&filter[fp]=1&order_by=ofr_price&filter[tourOperator]=0&filter[childAge][1]=20201210","https://fly.pl/cdn/photo/assets/uploads/582/278/2019/09/Sataya-Resort-Marsa-Alam.jpg","https://fly.pl/wycieczka/egipt,marsa-alam,c/labranda-sataya-marsa-alam-9/pSXFKRsRmoMZRstgDXOSlgAAogpRqdAzaxK8R4UdWzA4ZCYX5pT9O79mRM0AJRMEUwU2QqBFZJVFgwpp_D1QZIgU1QQVjBA2ACckAaABUHFwBcA1gFQI8DW5eFAV7melK8FFMAS7EvYQBMsbU5DdnUmAkgAFGs6MD23wFP47ILXZz4r_klAg1jAQIMTn2HRA/ofertasv/?filter[tourOperator]=VITX&filter%5Bperson%5D=2&filter%5BchildAge%5D%5B1%5D=20201210&filter%5Bchild%5D=1"
"Naama Bay Promenade Mountain Resort","9883.0","10.10.2026 - 17.10.2026","8 dni/7 nocy","","4.2","4.2","1290","tripadvisor","Warszawa","2026-09-21T06:33:07.933955+00:00","https://fly.pl/szukaj-wycieczek/?filter[dest]=11:&filter[hotelids]=&filter[cityids]=0&filter[cregids]=&filter[ofrType]=&filter[addObjType]=&filter[whenFrom]=21-09-2026&filter[whenTo]=21-10-2026&filter[duration]=7:10&filter[from]=Warszawa%20-%20Modlin,Warszawa%20-%20Radom,Warszawa&filter[person]=2&filter[child]=1&filter[price]=4000:20000&filter[PriceFrom]=4000&filter[PriceTo]=20000&filter[addCategory]=50&filter[addCatering]=1&filter[addMisc]=0&filter[addTransport]=F&filter[fp]=1&order_by=ofr_price&filter[tourOperator]=0&filter[childAge][1]=20201210","https://fly.pl/cdn/photo/assets/uploads/582/278/2024/07/naama-bay-promenade-mountain-resort.jpg","https://fly.pl/wycieczka/egipt,sharm-el-sheikh,szarm-el-szejk/naama-bay-promenade-mountain-resort-12/pXS13BJ6PYNBrZKNImS_SlAAog4oz_VJ6I7wGeyS0lJkMtJgAAAACZhAQAtoQEAAcAEgAqBFdFWlkwpp_D1QZIm01QQVjBA2ADaglFbnRlciBBaXJqBDA4MDByQ54BlQEfAAIBHAAWBBcCEu0DGIUFE80BFMkEEcsPQMdiTKCiAU8AS8cjUAAb5J8JHa2iBiAdDdzHwgkBEmMBDGMBAgUDB9c_/ofertasv/?filter[tourOperator]=WEZY&filter%5Bperson%5D=2&filter%5BchildAge%5D%5B1%5D=20201210&filter%5Bchild%5D=1"
"Amarina Star Resort & Aqua Park (ex. Raouf Star)","9904.0","11.10.2026 - 18.10.2026","8 dni/7 nocy","","4.1","4.1","101","tripadvisor","Warszawa","2026-09-21T06:33:07.933955+00:00","https://fly.pl/szukaj-wycieczek/?filter[dest]=11:&filter[hotelids]=&filter[cityids]=0&filter[cregids]=&filter[ofrType]=&filter[addObjType]=&filter[whenFrom]=21-09-2026&filter[whenTo]=21-10-2026&filter[duration]=7:10&filter[from]=Warszawa%20-%20Modlin,Warszawa%20-%20Radom,Warszawa&filter[person]=2&filter[child]=1&filter[price]=4000:20000&filter[PriceFrom]=4000&filter[PriceTo]=20000&filter[addCategory]=50&filter[addCatering]=1&filter[addMisc]=0&filter[addTransport]=F&filter[fp]=1&order_by=ofr_price&filter[tourOperator]=0&filter[childAge][1]=20201210","https://fly.pl/cdn/photo/assets/uploads/582/278/2023/04/Amarina-Star-Resort-Aqua-Park.jpg","https://fly.pl/wycieczka/egipt,sharm-el-sheikh,szarm-el-szejk/raouf-star-15/pjNAiv1tscDW1os4MykeNDAAogn7JU-pwN9yb_q1ZQWVeu5QiPgYhrkVrHHSR3tH9QMnYqBEpPSVAwpp_D1QZIsE1QQVjZA2ACagMxMm9yQ5sBFAEVBhcAXANYBVYCQMoGT-IBXQBe3voBUqYgUwBLxyNhABH2pwFM7-Q4Dab9lwkgAAG93fCPxIjMoDACDWMBAAyh6S81/ofertasv/?filter[tourOperator]=JOIP&filter%5Bperson%5D=2&filter%5BchildAge%5D%5B1%5D=20201210&filter%5Bchild%5D=1"
"Reef Oasis Suakin Resort","9957.0","09.10.2026 - 16.10.2026","8 dni/7 nocy","","4.8","4.8","1467","tripadvisor","Warszawa","2026-09-21T06:33:07.933955+00:00","https://fly.pl/szukaj-wycieczek/?filter[dest]=11:&filter[hotelids]=&filter[cityids]=0&filter[cregids]=&filter[ofrType]=&filter[addObjType]=&filter[whenFrom]=21-09-2026&filter[whenTo]=21-10-2026&filter[duration]=7:10&filter[from]=Warszawa%20-%20Modlin,Warszawa%20-%20Radom,Warszawa&filter[person]=2&filter[child]=1&filter[price]=4000:20000&filter[PriceFrom]=4000&filter[PriceTo]=20000&filter[addCategory]=50&filter[addCatering]=1&filter[addMisc]=0&filter[addTransport]=F&filter[fp]=1&order_by=ofr_price&filter[tourOperator]=0&filter[childAge][1]=20201210","https://fly.pl/cdn/photo/assets/uploads/582/278/2024/07/reef-oasis-suakin-resort.jpg","https://fly.pl/wycieczka/egipt,marsa-alam,c/reef-oasis-suakin-resort-11/pvG_wYl6DSFK2LOclWLHyIAAog7pTP2NOr3wwA0Re0nryFPaBkRYL7fM1lb2Oh4oBctUgqBFZJVFgwpp_D1QZI5U1QQVipA2ACckAaABUHFwBcA1gFQI8DW6eGAV7WeVK8FFMAS7EvYQBMsLU5DdnUmAkgAFGWoL723wFP__oNXZz4r_klAgxjAQIL3rBAzQ/ofertasv/?filter[tourOperator]=VITX&filter%5Bperson%5D=2&filter%5BchildAge%5D%5B1%5D=20201210&filter%5Bchild%5D=1"
"Lazuli (Marsa Alam)","9957.0","03.10.2026 - 10.10.2026","8 dni/7 nocy","","4.7","4.7","1090","tripadvisor","Warszawa","2026-09-21T06:33:07.933955+00:00","https://fly.pl/szukaj-wycieczek/?filter[dest]=11:&filter[hotelids]=&filter[cityids]=0&filter[cregids]=&filter[ofrType]=&filter[addObjType]=&filter[whenFrom]=21-09-2026&filter[whenTo]=21-10-2026&filter[duration]=7:10&filter[from]=Warszawa%20-%20Modlin,Warszawa%20-%20Radom,Warszawa&filter[person]=2&filter[child]=1&filter[price]=4000:20000&filter[PriceFrom]=4000&filter[PriceTo]=20000&filter[addCategory]=50&filter[addCatering]=1&filter[addMisc]=0&filter[addTransport]=F&filter[fp]=1&order_by=ofr_price&filter[tourOperator]=0&filter[childAge][1]=20201210","https://fly.pl/cdn/photo/assets/uploads/582/278/2021/06/Lazuli1.jpg","https://fly.pl/wycieczka/egipt,marsa-alam,al-kusajr/lazuli-13/pjAVI_Tx45zJHzVdsmU61dAAogCbt6QSKHd5QRoUyWyfCP4esqiJD7aKEnNuIuKhW_8-kqBFZJVFgwpp_D1QZI5U1QQViZAmACckAaABUHFwBcA1gFQI8DW6eGAV7WeVK8FFMAS7EvYQBMlbU5De7UmAkgAFHf8qz23wFPuqgfXZz4r_klAg1jAQIM_hd7sg/ofertasv/?filter[tourOperator]=VITX&filter%5Bperson%5D=2&filter%5BchildAge%5D%5B1%5D=20201210&filter%5Bchild%5D=1"
"Safir Sharm Waterfalls Resort (ex Hilton Waterfalls Resort)","9975.0","11.10.2026 - 18.10.2026","8 dni/7 nocy","","4.4","4.4","1228","tripadvisor","Warszawa","2026-09-21T06:33:07.933955+00:00","https://fly.pl/szukaj-wycieczek/?filter[dest]=11:&filter[hotelids]=&filter[cityids]=0&filter[cregids]=&filter[ofrType]=&filter[addObjType]=&filter[whenFrom]=21-09-2026&filter[whenTo]=21-10-2026&filter[duration]=7:10&filter[from]=Warszawa%20-%20Modlin,Warszawa%20-%20Radom,Warszawa&filter[person]=2&filter[child]=1&filter[price]=4000:20000&filter[PriceFrom]=4000&filter[PriceTo]=20000&filter[addCategory]=50&filter[addCatering]=1&filter[addMisc]=0&filter[addTransport]=F&filter[fp]=1&order_by=ofr_price&filter[tourOperator]=0&filter[childAge][1]=20201210","https://fly.pl/cdn/photo/assets/uploads/582/278/2014/07/Hilton-Sharm-Waterfalls-Resort-fly-pl-4.jpg","https://fly.pl/wycieczka/egipt,sharm-el-sheikh,c/hilton-sharm-waterfalls-resort/pqjzM6_B-Kp-sKjEMG42AxAAogG6pSrfCbl5tZqOB6i-LIvwiPgYhrkVrHHSR3tH9QMnYqBEpPSVAwpp_D1QZI901QQVjZA2ACagNDR21yQpsBFAEVBhcAXANYBVYCQMoGT-IBXQARwsYBXpw0UqYgUwBLxyNhAEzljDoNpv2XCSAAAa-xuJi0iMygMAINYwEAC6kigFU/ofertasv/?filter[tourOperator]=JOIP&filter%5Bperson%5D=2&filter%5BchildAge%5D%5B1%5D=20201210&filter%5Bchild%5D=1"
"Jaz Palmariva Beach","9990.0","08.10.2026 - 15.10.2026","8 dni/7 nocy","","4.6","4.6","4086","tripadvisor","Warszawa - Radom","2026-09-21T06:33:07.933955+00:00","https://fly.pl/szukaj-wycieczek/?filter[dest]=11:&filter[hotelids]=&filter[cityids]=0&filter[cregids]=&filter[ofrType]=&filter[addObjType]=&filter[whenFrom]=21-09-2026&filter[whenTo]=21-10-2026&filter[duration]=7:10&filter[from]=Warszawa%20-%20Modlin,Warszawa%20-%20Radom,Warszawa&filter[person]=2&filter[child]=1&filter[price]=4000:20000&filter[PriceFrom]=4000&filter[PriceTo]=20000&filter[addCategory]=50&filter[addCatering]=1&filter[addMisc]=0&filter[addTransport]=F&filter[fp]=1&order_by=ofr_price&filter[tourOperator]=0&filter[childAge][1]=20201210","https://fly.pl/cdn/photo/assets/uploads/582/278/2014/07/Labranda-Club-Makadi-ex-Club-Azur-fly-pl.jpg","https://fly.pl/wycieczka/egipt,hurghada,makadi-bay/club-azur/pV44fp4qzNhf6untYbdseCAAogLMgT30PjR8VnW64VZ3kyO7f7-6uk_qDD7j025Yyf3yEqBE9SRVgwpp_D1QZIhk5QQViRA2ACagZaSS4yLjFyNZsBFQcXAFwDWAVWAkDKBl3TDk9sEfUhU917UgBer09LgRJhAEzRvjogo_2XCQ0AAhJjAQIMwOuwQg/ofertasv/?filter[tourOperator]=OREX&filter%5Bperson%5D=2&filter%5BchildAge%5D%5B1%5D=20201210&filter%5Bchild%5D=1"
"Caesar Bay Resort","9997.0","23.09.2026 - 01.10.2026","9 dni/7 nocy","","4.3","4.3","1164","tripadvisor","Warszawa","2026-09-21T06:33:07.933955+00:00","https://fly.pl/szukaj-wycieczek/?filter[dest]=11:&filter[hotelids]=&filter[cityids]=0&filter[cregids]=&filter[ofrType]=&filter[addObjType]=&filter[whenFrom]=21-09-2026&filter[whenTo]=21-10-2026&filter[duration]=7:10&filter[from]=Warszawa%20-%20Modlin,Warszawa%20-%20Radom,Warszawa&filter[person]=2&filter[child]=1&filter[price]=4000:20000&filter[PriceFrom]=4000&filter[PriceTo]=20000&filter[addCategory]=50&filter[addCatering]=1&filter[addMisc]=0&filter[addTransport]=F&filter[fp]=1&order_by=ofr_price&filter[tourOperator]=0&filter[childAge][1]=20201210","https://fly.pl/cdn/photo/assets/uploads/582/278/2024/07/caesar-bay-resort.jpg","https://fly.pl/wycieczka/egipt,aleksandria,c/caesar-bay-resort-13/pGymJVsifL2vY1OJdJCo18AAogypvJqporqqKBNN-vs4Fla9DmiZe5yU4L2voet8jrr1kqBFZJVFgwpp_D1QZIjU5QQVgpYAJyQBoAFQcXAFwDWAVAjwNTyYMBUgBbzgFe5npL7UNhAEyytTkNgdSYCSABUZ7pmfJrT8fSOF3c-ID9mQECDmMBAg0GNpKc/ofertasv/?filter[tourOperator]=VITX&filter%5Bperson%5D=2&filter%5BchildAge%5D%5B1%5D=20201210&filter%5Bchild%5D=1"
"Tropitel Sahl Hasheesh","10001.0","08.10.2026 - 15.10.2026","8 dni/7 nocy","","4.7","4.7","10244","tripadvisor","Warszawa","2026-09-21T06:33:07.933955+00:00","https://fly.pl/szukaj-wycieczek/?filter[dest]=11:&filter[hotelids]=&filter[cityids]=0&filter[cregids]=&filter[ofrType]=&filter[addObjType]=&filter[whenFrom]=21-09-2026&filter[whenTo]=21-10-2026&filter[duration]=7:10&filter[from]=Warszawa%20-%20Modlin,Warszawa%20-%20Radom,Warszawa&filter[person]=2&filter[child]=1&filter[price]=4000:20000&filter[PriceFrom]=4000&filter[PriceTo]=20000&filter[addCategory]=50&filter[addCatering]=1&filter[addMisc]=0&filter[addTransport]=F&filter[fp]=1&order_by=ofr_price&filter[tourOperator]=0&filter[childAge][1]=20201210","https://fly.pl/cdn/photo/assets/uploads/582/278/2014/10/Tropitel-Sahl-Hasheesh.jpg","https://fly.pl/wycieczka/egipt,hurghada,c/tropitel-sahl-hasheesh/pdK4HB2j9zF0h96jqj5SEXAAogd_pXy-1qaBTv2dVYcKaSNT6OE5pR4WYFWyC8KwnwqSUqBFJOQlcwpp_D1QZIkU5QQViRA2ACagRCd2Nkag1BTExfSU5DTFVTSVZFahcyOTYsMzgwLDQ3Nyw0ODMsNDg0LDQ4NXI8nwGWAZ4BFQcXAFgICtABQPgFEcQBGalTEMMLTNsqU4ohUgBLnJMBYQAd5vI_Dzkg6ZaSCQ0AAgxjAQIFkPKtCA/ofertasv/?filter[tourOperator]=RNBW&filter%5Bperson%5D=2&filter%5BchildAge%5D%5B1%5D=20201210&filter%5Bchild%5D=1"
"Renaissance Golden View Beach Resort by Marriott","10047.0","10.10.2026 - 17.10.2026","8 dni/7 nocy","","4.5","4.5","7233","tripadvisor","Warszawa","2026-09-21T06:33:07.933955+00:00","https://fly.pl/szukaj-wycieczek/?filter[dest]=11:&filter[hotelids]=&filter[cityids]=0&filter[cregids]=&filter[ofrType]=&filter[addObjType]=&filter[whenFrom]=21-09-2026&filter[whenTo]=21-10-2026&filter[duration]=7:10&filter[from]=Warszawa%20-%20Modlin,Warszawa%20-%20Radom,Warszawa&filter[person]=2&filter[child]=1&filter[price]=4000:20000&filter[PriceFrom]=4000&filter[PriceTo]=20000&filter[addCategory]=50&filter[addCatering]=1&filter[addMisc]=0&filter[addTransport]=F&filter[fp]=1&order_by=ofr_price&filter[tourOperator]=0&filter[childAge][1]=20201210","https://fly.pl/cdn/photo/assets/uploads/582/278/2014/07/Renaissance-Golden-View-Beach-Resort.jpg","https://fly.pl/wycieczka/egipt,sharm-el-sheikh,c/renaissance-golden-view-beach/pX_918a9sxOy7G6lc-GgzuAAog2_tYWkMXhgRQyl8tRJX1jAAAAACZhAQAtoQEAAcAEgAqBFdFWlkwpp_D1QZIv05QQVjBA2ADaglFbnRlciBBaXJqBDA4MDByQ54BlQEfABwBAgAWBBcCEYABEu0CGIUFE80BFMkEQJJyTKCiAU8AS8cjUAAbj9wJHYLmBSAdDdzHwgkBEmMBDGMBAgX1qpOX/ofertasv/?filter[tourOperator]=WEZY&filter%5Bperson%5D=2&filter%5BchildAge%5D%5B1%5D=20201210&filter%5Bchild%5D=1"
"Jaz Grand Marsa (ex Resta Grand Resort)","10122.0","11.10.2026 - 18.10.2026","8 dni/7 nocy","","4.6","4.6","6436","tripadvisor","Warszawa","2026-09-21T06:33:07.933955+00:00","https://fly.pl/szukaj-wycieczek/?filter[dest]=11:&filter[hotelids]=&filter[cityids]=0&filter[cregids]=&filter[ofrType]=&filter[addObjType]=&filter[whenFrom]=21-09-2026&filter[whenTo]=21-10-2026&filter[duration]=7:10&filter[from]=Warszawa%20-%20Modlin,Warszawa%20-%20Radom,Warszawa&filter[person]=2&filter[child]=1&filter[price]=4000:20000&filter[PriceFrom]=4000&filter[PriceTo]=20000&filter[addCategory]=50&filter[addCatering]=1&filter[addMisc]=0&filter[addTransport]=F&filter[fp]=1&order_by=ofr_price&filter[tourOperator]=0&filter[childAge][1]=20201210","https://fly.pl/cdn/photo/assets/uploads/582/278/2014/09/grand.jpg","https://fly.pl/wycieczka/egipt,marsa-alam,madinat-coraya/resta-grand-resort/pqddVJhw6bceIww5JE-A-FAAogMUFevHuhgNawD3PIgrj1BQAAAAAagwQANoMEAAcAAQAqBFdFWlkwpp_D1QZIik9QQVjZA2ADaglFbnRlciBBaXJqBDAwNTByQ54BlAEfAAIBHAAWBBcCEu0DFdoFGJ8DE8MBEcYiQKtQTLaWAU8AS7EvUAAdkr8PIBwbvoIfDZ_IowkBEmMBDWMBAwX3NYHL/ofertasv/?filter[tourOperator]=WEZY&filter%5Bperson%5D=2&filter%5BchildAge%5D%5B1%5D=20201210&filter%5Bchild%5D=1"
"Concorde El Salam Front Area","10125.0","10.10.2026 - 17.10.2026","8 dni/7 nocy","","4.8","4.8","1494","tripadvisor","Warszawa","2026-09-21T06:33:07.933955+00:00","https://fly.pl/szukaj-wycieczek/?filter[dest]=11:&filter[hotelids]=&filter[cityids]=0&filter[cregids]=&filter[ofrType]=&filter[addObjType]=&filter[whenFrom]=21-09-2026&filter[whenTo]=21-10-2026&filter[duration]=7:10&filter[from]=Warszawa%20-%20Modlin,Warszawa%20-%20Radom,Warszawa&filter[person]=2&filter[child]=1&filter[price]=4000:20000&filter[PriceFrom]=4000&filter[PriceTo]=20000&filter[addCategory]=50&filter[addCatering]=1&filter[addMisc]=0&filter[addTransport]=F&filter[fp]=1&order_by=ofr_price&filter[tourOperator]=0&filter[childAge][1]=20201210","https://fly.pl/cdn/photo/assets/uploads/582/278/2024/07/concorde-el-salam-front.jpg","https://fly.pl/wycieczka/egipt,sharm-el-sheikh,szarm-el-szejk/concorde-el-salam-front-12/pZz1iMm883QOO90LAn0D4mAAogt11xlAQXekhiY73q7DQ2GAAAAACZhAQAtoQEAAcAEgAqBFdFWlkwqJ_D1QZIjU9QQVjBA2ADaglFbnRlciBBaXJqBDA4MDByQ54BlQEfAAIBHAAWBBcCEu0DGIUFE80BFMkEEd4-QLQzTKCiAU8AS8cjUAAbsYMCHeC-DSAdDdzHwgkBEmMBDGMBAgWUu_FD/ofertasv/?filter[tourOperator]=WEZY&filter%5Bperson%5D=2&filter%5BchildAge%5D%5B1%5D=20201210&filter%5Bchild%5D=1"
"Sirena Beach Resort & Spa","10157.0","03.10.2026 - 10.10.2026","8 dni/7 nocy","","4.7","4.7","466","tripadvisor","Warszawa","2026-09-21T06:33:07.933955+00:00","https://fly.pl/szukaj-wycieczek/?filter[dest]=11:&filter[hotelids]=&filter[cityids]=0&filter[cregids]=&filter[ofrType]=&filter[addObjType]=&filter[whenFrom]=21-09-2026&filter[whenTo]=21-10-2026&filter[duration]=7:10&filter[from]=Warszawa%20-%20Modlin,Warszawa%20-%20Radom,Warszawa&filter[person]=2&filter[child]=1&filter[price]=4000:20000&filter[PriceFrom]=4000&filter[PriceTo]=20000&filter[addCategory]=50&filter[addCatering]=1&filter[addMisc]=0&filter[addTransport]=F&filter[fp]=1&order_by=ofr_price&filter[tourOperator]=0&filter[childAge][1]=20201210","https://datacfstatic.merlinx.pl/ITAK/IMG/RMFSIRE/2a33aa899780987f59df20ed7ea7d5c43cfc5ceabce89d0fe9ee4ee31a0703f2.webp","https://fly.pl/wycieczka/egipt,marsa-alam,al-kusajr/movenpick-sirena-beach-13/pOvAiy5roYYrKHDVUqZatBAAogEyymHzam6Uxoph2DKuj1COsqiJD7aKEnNuIuKhW_8-kqBFZJVFgwqJ_D1QZIrU9QQViZAmACckAaABUHFwBcA1gFQI8DW7-DAV6-fFK8FFMAS7EvYQBMsbU5DdLUmAkgAFHvuMH23wFPquIKXZz4r_klAg5jAQINH6pbzQ/ofertasv/?filter[tourOperator]=VITX&filter%5Bperson%5D=2&filter%5BchildAge%5D%5B1%5D=20201210&filter%5Bchild%5D=1"
"Naama Bay Hotel & Resort","10186.0","10.10.2026 - 17.10.2026","8 dni/7 nocy","","4.4","4.4","4857","tripadvisor","Warszawa","2026-09-21T06:33:07.933955+00:00","https://fly.pl/szukaj-wycieczek/?filter[dest]=11:&filter[hotelids]=&filter[cityids]=0&filter[cregids]=&filter[ofrType]=&filter[addObjType]=&filter[whenFrom]=21-09-2026&filter[whenTo]=21-10-2026&filter[duration]=7:10&filter[from]=Warszawa%20-%20Modlin,Warszawa%20-%20Radom,Warszawa&filter[person]=2&filter[child]=1&filter[price]=4000:20000&filter[PriceFrom]=4000&filter[PriceTo]=20000&filter[addCategory]=50&filter[addCatering]=1&filter[addMisc]=0&filter[addTransport]=F&filter[fp]=1&order_by=ofr_price&filter[tourOperator]=0&filter[childAge][1]=20201210","https://fly.pl/cdn/photo/assets/uploads/582/278/2014/07/Naama-Bay.jpg","https://fly.pl/wycieczka/egipt,sharm-el-sheikh,c/tropitel-naama-bay/paDm5I8zI1xMhPls0Vf78LAAogYbY948rCsBikyerseTHn3QAAAACZhAQAtoQEAAcAEgAqBFdFWlkwqJ_D1QZIyk9QQVjBA2ADaglFbnRlciBBaXJqBDA4MDByQ54BlQEfABwBAgAWBBcCEaQBEskCGIUFE80BFMkEQJJyTKCiAU8AS8cjUAAbiKUBHYmdDiAdDdzHwgkBEmMBDGMBAgUn6kK-/ofertasv/?filter[tourOperator]=WEZY&filter%5Bperson%5D=2&filter%5BchildAge%5D%5B1%5D=20201210&filter%5Bchild%5D=1"
"Pickalbatros Golf Beach Resort","10366.0","10.10.2026 - 17.10.2026","8 dni/7 nocy","","4.5","4.5","322","tripadvisor","Warszawa","2026-09-21T06:33:07.933955+00:00","https://fly.pl/szukaj-wycieczek/?filter[dest]=11:&filter[hotelids]=&filter[cityids]=0&filter[cregids]=&filter[ofrType]=&filter[addObjType]=&filter[whenFrom]=21-09-2026&filter[whenTo]=21-10-2026&filter[duration]=7:10&filter[from]=Warszawa%20-%20Modlin,Warszawa%20-%20Radom,Warszawa&filter[person]=2&filter[child]=1&filter[price]=4000:20000&filter[PriceFrom]=4000&filter[PriceTo]=20000&filter[addCategory]=50&filter[addCatering]=1&filter[addMisc]=0&filter[addTransport]=F&filter[fp]=1&order_by=ofr_price&filter[tourOperator]=0&filter[childAge][1]=20201210","https://fly.pl/cdn/photo/assets/uploads/582/278/2014/07/Golf-Beach-Resort-Managed-by-Rixos.jpg","https://fly.pl/wycieczka/egipt,sharm-el-sheikh,c/maritim-jolie-ville-golf/p1JtwPaVJXrWavSvUQf05HAAogCsgdJVQJ22TdNNx7W549AgAAAACZhAQAtoQEAAcAEgAqBFdFWlkwqJ_D1QZI_lBQQVjBA2ADaglFbnRlciBBaXJqBDA4MDByRJ4BlQEfAAIBHAAWBBcCEu0DGIUFE80BFMkEQJJyT6CiAUwAS8cjUAARnoICHfO_DSAdG9b9Ng2GyosJARJjAQ1jAQQMMvcPiQ/ofertasv/?filter[tourOperator]=WEZY&filter%5Bperson%5D=2&filter%5BchildAge%5D%5B1%5D=20201210&filter%5Bchild%5D=1"
"Pickalbatros Luxury Suites","10366.0","10.10.2026 - 17.10.2026","8 dni/7 nocy","","4.7","4.7","365","tripadvisor","Warszawa","2026-09-21T06:33:07.933955+00:00","https://fly.pl/szukaj-wycieczek/?filter[dest]=11:&filter[hotelids]=&filter[cityids]=0&filter[cregids]=&filter[ofrType]=&filter[addObjType]=&filter[whenFrom]=21-09-2026&filter[whenTo]=21-10-2026&filter[duration]=7:10&filter[from]=Warszawa%20-%20Modlin,Warszawa%20-%20Radom,Warszawa&filter[person]=2&filter[child]=1&filter[price]=4000:20000&filter[PriceFrom]=4000&filter[PriceTo]=20000&filter[addCategory]=50&filter[addCatering]=1&filter[addMisc]=0&filter[addTransport]=F&filter[fp]=1&order_by=ofr_price&filter[tourOperator]=0&filter[childAge][1]=20201210","https://fly.pl/cdn/photo/assets/uploads/582/278/2023/04/Pickalbatros-Luxury-Suites.jpg","https://fly.pl/wycieczka/egipt,sharm-el-sheikh,szarm-el-szejk/golf-villas-sharm-el-sheikh-by-rixos-11/pRgGlg9FkISzvwdF5WVABsAAogvUwJ2iYfAEDJh6BbSI8YawAAAACZhAQAtoQEAAcAEgAqBFdFWlkwqJ_D1QZI_lBQQVjBA2ADaglFbnRlciBBaXJqBDA4MDByQp4BlQEfABwBAgAWBBcCG3AS_QIYhQUTzQEUyQRAknJMoKIBTwBLxyNQABGfggId8r8NIB0N3MfCCQESYwENYwEEDOHhY8M/ofertasv/?filter[tourOperator]=WEZY&filter%5Bperson%5D=2&filter%5BchildAge%5D%5B1%5D=20201210&filter%5Bchild%5D=1"
"Marriott Hurghada Beach Resort","10431.0","01.10.2026 - 08.10.2026","8 dni/7 nocy","","4.6","4.6","4866","tripadvisor","Warszawa - Radom","2026-09-21T06:33:07.933955+00:00","https://fly.pl/szukaj-wycieczek/?filter[dest]=11:&filter[hotelids]=&filter[cityids]=0&filter[cregids]=&filter[ofrType]=&filter[addObjType]=&filter[whenFrom]=21-09-2026&filter[whenTo]=21-10-2026&filter[duration]=7:10&filter[from]=Warszawa%20-%20Modlin,Warszawa%20-%20Radom,Warszawa&filter[person]=2&filter[child]=1&filter[price]=4000:20000&filter[PriceFrom]=4000&filter[PriceTo]=20000&filter[addCategory]=50&filter[addCatering]=1&filter[addMisc]=0&filter[addTransport]=F&filter[fp]=1&order_by=ofr_price&filter[tourOperator]=0&filter[childAge][1]=20201210","https://fly.pl/cdn/photo/assets/uploads/582/278/2014/09/Marriott-Hurghada-Beach-Resort.jpg","https://fly.pl/wycieczka/egipt,hurghada,c/marriott-hurghada-beach-resort/pAAmZ7Cxm38yDslwgsq6s5AAog6kywR9Ce7y5qxa-lj4mlJJtDSG7JGG1kLrratyRh_coqBE9SRVgwqJ_D1QZIv1FQQVjpAWACagZEUS4yLjFyNZsBFQcXAFwDWAVWAhFZQPEFXdMOT2xT0p0BUgBer09LgRJhAEzRvjognP2XCQ0AAhJjAQILuDQ65w/ofertasv/?filter[tourOperator]=OREX&filter%5Bperson%5D=2&filter%5BchildAge%5D%5B1%5D=20201210&filter%5Bchild%5D=1"
"V Grand Beach Resort Sahl Hasheesh","10512.0","13.10.2026 - 20.10.2026","8 dni/7 nocy","","4.1","4.1","3582","tripadvisor","Warszawa","2026-09-21T06:33:07.933955+00:00","https://fly.pl/szukaj-wycieczek/?filter[dest]=11:&filter[hotelids]=&filter[cityids]=0&filter[cregids]=&filter[ofrType]=&filter[addObjType]=&filter[whenFrom]=21-09-2026&filter[whenTo]=21-10-2026&filter[duration]=7:10&filter[from]=Warszawa%20-%20Modlin,Warszawa%20-%20Radom,Warszawa&filter[person]=2&filter[child]=1&filter[price]=4000:20000&filter[PriceFrom]=4000&filter[PriceTo]=20000&filter[addCategory]=50&filter[addCatering]=1&filter[addMisc]=0&filter[addTransport]=F&filter[fp]=1&order_by=ofr_price&filter[tourOperator]=0&filter[childAge][1]=20201210","https://fly.pl/cdn/photo/assets/uploads/582/278/2015/04/Pyramisa-Beach-Resort-Sahl-Hasheesh.jpg","https://fly.pl/wycieczka/egipt,hurghada,sahl-hasheesh/dessole-pyramisa-beach-resort-ex-pyramisa-beach-r/p8qwP7C_3C7RWdwqIRwIorAAogou5AwpbQ3jvyy58PZ1Op02qyvADKfxjztHOrlw2TEoUqBEpPSVAwqJ_D1QZIkFJQQViJBGACckMUARUGFwBcA1gFVgJAygZP4gFdAFv4AlO3qAFSAF6vTxGVHkvYJWEATOWMOiCo_ZcJDQABs9OIgcWGzKAwAg1jAQALoedmkg/ofertasv/?filter[tourOperator]=JOIP&filter%5Bperson%5D=2&filter%5BchildAge%5D%5B1%5D=20201210&filter%5Bchild%5D=1"
"Charmillion Garden Aqua Park","10532.0","10.10.2026 - 17.10.2026","8 dni/7 nocy","","4.6","4.6","2259","tripadvisor","Warszawa","2026-09-21T06:33:07.933955+00:00","https://fly.pl/szukaj-wycieczek/?filter[dest]=11:&filter[hotelids]=&filter[cityids]=0&filter[cregids]=&filter[ofrType]=&filter[addObjType]=&filter[whenFrom]=21-09-2026&filter[whenTo]=21-10-2026&filter[duration]=7:10&filter[from]=Warszawa%20-%20Modlin,Warszawa%20-%20Radom,Warszawa&filter[person]=2&filter[child]=1&filter[price]=4000:20000&filter[PriceFrom]=4000&filter[PriceTo]=20000&filter[addCategory]=50&filter[addCatering]=1&filter[addMisc]=0&filter[addTransport]=F&filter[fp]=1&order_by=ofr_price&filter[tourOperator]=0&filter[childAge][1]=20201210","https://fly.pl/cdn/photo/assets/uploads/582/278/2014/07/Charmillion-Gardens-Aqua-Park-ex.-Sea-Garden.jpg","https://fly.pl/wycieczka/egipt,sharm-el-sheikh,nabq-bay/sea-gardens-sharm-el-sheikh/pink_7ZY0iX2JPTX2_YK5QAAogeJFUax5JsV5ZcGGKwJ7ZigAAAACZhAQAtoQEAAcAEgAqBFdFWlkwqJ_D1QZIpFJQQVjBA2ADaglFbnRlciBBaXJqBDA4MDByQ54BlQEfAAIBHAAWBBcCEu0DGIUFE80BFMkEEZIOQIBkTKCiAU8AS8cjUAAdkcIPIB0blqp4DcadyggBEmMBDWMBAwWcDcrN/ofertasv/?filter[tourOperator]=WEZY&filter%5Bperson%5D=2&filter%5BchildAge%5D%5B1%5D=20201210&filter%5Bchild%5D=1"
"Concorde Sport","10547.0","11.10.2026 - 18.10.2026","8 dni/7 nocy","","","","","","Warszawa","2026-09-21T06:33:07.933955+00:00","https://fly.pl/szukaj-wycieczek/?filter[dest]=11:&filter[hotelids]=&filter[cityids]=0&filter[cregids]=&filter[ofrType]=&filter[addObjType]=&filter[whenFrom]=21-09-2026&filter[whenTo]=21-10-2026&filter[duration]=7:10&filter[from]=Warszawa%20-%20Modlin,Warszawa%20-%20Radom,Warszawa&filter[person]=2&filter[child]=1&filter[price]=4000:20000&filter[PriceFrom]=4000&filter[PriceTo]=20000&filter[addCategory]=50&filter[addCatering]=1&filter[addMisc]=0&filter[addTransport]=F&filter[fp]=1&order_by=ofr_price&filter[tourOperator]=0&filter[childAge][1]=20201210","https://fly.pl/cdn/photo/assets/uploads/582/278/2017/08/Concorde-Sport-fly-pl-4.jpg","https://fly.pl/wycieczka/egipt,sharm-el-sheikh,szarm-el-szejk/concorde-sport/p5ZMoN_tl1AEf_l5GsfPRWAAogYNf8YLxAxJwCsAh9IFUxBgiPgYhrkVrHHSR3tH9QMnYqBEpPSVAwqJ_D1QZIs1JQQVjZA2ACagNDR21yQpsBFAEVBhcAXANYBVYCQMoGT-IBXQBe3voBUqYgUwARmgNLrSBhAEzljDoNpv2XCSAAAcK9zKjDiMygMAINYwEACz54kNc/ofertasv/?filter[tourOperator]=JOIP&filter%5Bperson%5D=2&filter%5BchildAge%5D%5B1%5D=20201210&filter%5Bchild%5D=1"
"Monte Carlo Resort Spa","10557.0","06.10.2026 - 14.10.2026","9 dni/7 nocy","","4.4","4.4","2434","tripadvisor","Warszawa","2026-09-21T06:33:07.933955+00:00","https://fly.pl/szukaj-wycieczek/?filter[dest]=11:&filter[hotelids]=&filter[cityids]=0&filter[cregids]=&filter[ofrType]=&filter[addObjType]=&filter[whenFrom]=21-09-2026&filter[whenTo]=21-10-2026&filter[duration]=7:10&filter[from]=Warszawa%20-%20Modlin,Warszawa%20-%20Radom,Warszawa&filter[person]=2&filter[child]=1&filter[price]=4000:20000&filter[PriceFrom]=4000&filter[PriceTo]=20000&filter[addCategory]=50&filter[addCatering]=1&filter[addMisc]=0&filter[addTransport]=F&filter[fp]=1&order_by=ofr_price&filter[tourOperator]=0&filter[childAge][1]=20201210","https://fly.pl/cdn/photo/assets/uploads/582/278/2014/09/Monte-Carlo-Sharm-Resort-Spa.jpg","https://fly.pl/wycieczka/egipt,sharm-el-sheikh,c/monte-carlo-ex-ritz-carlton/pNWUvEU5kVZWfAzSvjGmC_AAog9u4t3c8oWyjZnUg3THdUPEy38mWlwYTLPZmSZL4Obd4qBFZJVFgwqJ_D1QZIvVJQQVjhAmACckAaABUHFwBcA1gFQI8DW6eGAV7WeVKmIFMAS8cjYQBM7rQ5DZjVmAkgAVHKvfmy6QFPyLEbXYTO6rwcAg1jAQIM1YoHsw/ofertasv/?filter[tourOperator]=VITX&filter%5Bperson%5D=2&filter%5BchildAge%5D%5B1%5D=20201210&filter%5Bchild%5D=1"
"Pickalbatros Royal Moderna","10657.0","29.09.2026 - 07.10.2026","9 dni/7 nocy","","4.5","4.5","10719","tripadvisor","Warszawa","2026-09-21T06:33:07.933955+00:00","https://fly.pl/szukaj-wycieczek/?filter[dest]=11:&filter[hotelids]=&filter[cityids]=0&filter[cregids]=&filter[ofrType]=&filter[addObjType]=&filter[whenFrom]=21-09-2026&filter[whenTo]=21-10-2026&filter[duration]=7:10&filter[from]=Warszawa%20-%20Modlin,Warszawa%20-%20Radom,Warszawa&filter[person]=2&filter[child]=1&filter[price]=4000:20000&filter[PriceFrom]=4000&filter[PriceTo]=20000&filter[addCategory]=50&filter[addCatering]=1&filter[addMisc]=0&filter[addTransport]=F&filter[fp]=1&order_by=ofr_price&filter[tourOperator]=0&filter[childAge][1]=20201210","https://fly.pl/cdn/photo/assets/uploads/582/278/2009/08/Royal-Albatros-Moderna1708.jpg","https://fly.pl/wycieczka/egipt,sharm-el-sheikh,c/royal-albatros-moderna/p2NArxVVXjpplPSqgkxFuSAAog0d-9oUH_59e_2Eelm1jHuPx165SKMu3wZ5pxJ9Xdc08qBFZJVFgwqJ_D1QZIoVNQQVi5AWACckAaABUHFwBcA1gFQI8DW7-DAV6-fFKmIFMAS8cjYQBMsbU5DYjUmAkgAVGu3Iez6QFPsZMNXYTO6rwcAg1jAQIMAyslHg/ofertasv/?filter[tourOperator]=VITX&filter%5Bperson%5D=2&filter%5BchildAge%5D%5B1%5D=20201210&filter%5Bchild%5D=1"
"Jaz Aquamarine Resort","10666.0","13.10.2026 - 20.10.2026","8 dni/7 nocy","","4.6","4.6","17179","tripadvisor","Warszawa","2026-09-21T06:33:07.933955+00:00","https://fly.pl/szukaj-wycieczek/?filter[dest]=11:&filter[hotelids]=&filter[cityids]=0&filter[cregids]=&filter[ofrType]=&filter[addObjType]=&filter[whenFrom]=21-09-2026&filter[whenTo]=21-10-2026&filter[duration]=7:10&filter[from]=Warszawa%20-%20Modlin,Warszawa%20-%20Radom,Warszawa&filter[person]=2&filter[child]=1&filter[price]=4000:20000&filter[PriceFrom]=4000&filter[PriceTo]=20000&filter[addCategory]=50&filter[addCatering]=1&filter[addMisc]=0&filter[addTransport]=F&filter[fp]=1&order_by=ofr_price&filter[tourOperator]=0&filter[childAge][1]=20201210","https://fly.pl/cdn/photo/assets/uploads/582/278/2016/11/jaz-aquamarine-ex-iberotel-egipt-hurghada-1b.jpg","https://fly.pl/wycieczka/egipt,hurghada,c/jaz-aquamarine-ex-iberotel-aquamarine/pPAqlw_-VrJRP59akeafm3AAogDy3P-ep-cUYJ1ibbd86ErWqyvADKfxjztHOrlw2TEoUqBEpPSVAwqJ_D1QZIqlNQQViJBGACagMwMllyQpsBFAEVBhcAXANYBVYCQMoGT-IBXQBSr6sBUwARxx9e6C9L7UNhAEzljDoNqP2XCSAAAcSV0KikhsygMAINYwEACx9sd2k/ofertasv/?filter[tourOperator]=JOIP&filter%5Bperson%5D=2&filter%5BchildAge%5D%5B1%5D=20201210&filter%5Bchild%5D=1"
"Titanic Pearl","10717.0","04.10.2026 - 11.10.2026","8 dni/7 nocy","","","","","","Warszawa","2026-09-21T06:33:07.933955+00:00","https://fly.pl/szukaj-wycieczek/?filter[dest]=11:&filter[hotelids]=&filter[cityids]=0&filter[cregids]=&filter[ofrType]=&filter[addObjType]=&filter[whenFrom]=21-09-2026&filter[whenTo]=21-10-2026&filter[duration]=7:10&filter[from]=Warszawa%20-%20Modlin,Warszawa%20-%20Radom,Warszawa&filter[person]=2&filter[child]=1&filter[price]=4000:20000&filter[PriceFrom]=4000&filter[PriceTo]=20000&filter[addCategory]=50&filter[addCatering]=1&filter[addMisc]=0&filter[addTransport]=F&filter[fp]=1&order_by=ofr_price&filter[tourOperator]=0&filter[childAge][1]=20201210","https://datacfstatic.merlinx.pl/EXIM/IMG/121028/8336dd3746571adb753296a9cc4933ccd1e8b933da8a85e94abd52c599c3514e.webp","https://fly.pl/wycieczka/egipt,hurghada,c/titanic-pearl-10/patMRo3SuCGS7kq5r1GlQBAAog1MT2jh80SyTfn37R9CiOB48y6rj6FZ9B-AYEqrWUQdsqBEVYSU0wqJ_D1QZI3VNQAVixAmACagNVQUlyIRwRxLEHuQS7jD2rBBwboPhTGMewTgHzjKGrDgIAYwECC4YbRio/ofertasv/?filter[tourOperator]=EXIM&filter%5Bperson%5D=2&filter%5BchildAge%5D%5B1%5D=20201210&filter%5Bchild%5D=1"
"Pickalbatros Aqua Park Resort (Sharm El Sheikh)","10729.0","10.10.2026 - 17.10.2026","8 dni/7 nocy","","4.8","4.8","3611","tripadvisor","Warszawa","2026-09-21T06:33:07.933955+00:00","https://fly.pl/szukaj-wycieczek/?filter[dest]=11:&filter[hotelids]=&filter[cityids]=0&filter[cregids]=&filter[ofrType]=&filter[addObjType]=&filter[whenFrom]=21-09-2026&filter[whenTo]=21-10-2026&filter[duration]=7:10&filter[from]=Warszawa%20-%20Modlin,Warszawa%20-%20Radom,Warszawa&filter[person]=2&filter[child]=1&filter[price]=4000:20000&filter[PriceFrom]=4000&filter[PriceTo]=20000&filter[addCategory]=50&filter[addCatering]=1&filter[addMisc]=0&filter[addTransport]=F&filter[fp]=1&order_by=ofr_price&filter[tourOperator]=0&filter[childAge][1]=20201210","https://fly.pl/cdn/photo/assets/uploads/582/278/2017/08/Albatros-Aqua-Park-Sharm.jpg","https://fly.pl/wycieczka/egipt,sharm-el-sheikh,szarm-el-szejk/albatros-aqua-park-sharm-el-sheikh/pkaAC7BgPRQKjVXSkJgxM4AAogSDdTwUdv_X0do16otI3PQwAAAACZhAQAtoQEAAcAEgAqBFdFWlkwqJ_D1QZI6VNQQVjBA2ADaglFbnRlciBBaXJqBDA4MDByQp4BlQEfAAIBHAAWBBcCEu0DGIUFE80BFMkEQJJyEYoxTJZxTwBLxyNQABvHmgMdyqcMIB0N3MfCCQESYwENYwEEDKOhJyA/ofertasv/?filter[tourOperator]=WEZY&filter%5Bperson%5D=2&filter%5BchildAge%5D%5B1%5D=20201210&filter%5Bchild%5D=1"
"Cooee Prima Life Makadi Bay","10757.0","08.10.2026 - 15.10.2026","8 dni/7 nocy","","4.6","4.6","3315","tripadvisor","Warszawa","2026-09-21T06:33:07.933955+00:00","https://fly.pl/szukaj-wycieczek/?filter[dest]=11:&filter[hotelids]=&filter[cityids]=0&filter[cregids]=&filter[ofrType]=&filter[addObjType]=&filter[whenFrom]=21-09-2026&filter[whenTo]=21-10-2026&filter[duration]=7:10&filter[from]=Warszawa%20-%20Modlin,Warszawa%20-%20Radom,Warszawa&filter[person]=2&filter[child]=1&filter[price]=4000:20000&filter[PriceFrom]=4000&filter[PriceTo]=20000&filter[addCategory]=50&filter[addCatering]=1&filter[addMisc]=0&filter[addTransport]=F&filter[fp]=1&order_by=ofr_price&filter[tourOperator]=0&filter[childAge][1]=20201210","https://fly.pl/cdn/photo/assets/uploads/582/278/2014/12/Prima-Life-Makadi-Resort.jpg","https://fly.pl/wycieczka/egipt,hurghada,c/prima-life-makadi-bay/pOEKGgO8n3WHWT1e7IK0P_AAogeiVL41SJg4N20ZrPYLUZ4xi3350dN38XN7Nix4G7h2oqBFZJVFgwqJ_D1QZIhVRQQViRA2ACckAaABUHFwBcA1gFQI8DW7-DAVOPLVIAXq9PS-1DYQBMhLQ5DYTWmAkgAFH-tdr7jwFPk88SXZCE8_N1Ag9jAQIOt3Y9mw/ofertasv/?filter[tourOperator]=VITX&filter%5Bperson%5D=2&filter%5BchildAge%5D%5B1%5D=20201210&filter%5Bchild%5D=1"
"Pharaoh Azur Resort (ex Sonesta Pharaoh Beach Resort)","10767.0","01.10.2026 - 08.10.2026","8 dni/7 nocy","","4.5","4.5","2756","tripadvisor","Warszawa","2026-09-21T06:33:07.933955+00:00","https://fly.pl/szukaj-wycieczek/?filter[dest]=11:&filter[hotelids]=&filter[cityids]=0&filter[cregids]=&filter[ofrType]=&filter[addObjType]=&filter[whenFrom]=21-09-2026&filter[whenTo]=21-10-2026&filter[duration]=7:10&filter[from]=Warszawa%20-%20Modlin,Warszawa%20-%20Radom,Warszawa&filter[person]=2&filter[child]=1&filter[price]=4000:20000&filter[PriceFrom]=4000&filter[PriceTo]=20000&filter[addCategory]=50&filter[addCatering]=1&filter[addMisc]=0&filter[addTransport]=F&filter[fp]=1&order_by=ofr_price&filter[tourOperator]=0&filter[childAge][1]=20201210","https://fly.pl/cdn/photo/assets/uploads/582/278/2014/07/Pharaoh-Azur-Resort.jpg","https://fly.pl/wycieczka/egipt,hurghada,c/sonesta-pharaoh/puIlOa0641-sXVTLCxBw3zAAogB_C12v91OnHztFeoutMuMHt0IodKpCivQVhkW6iataoqBEJWUFIwqJ_D1QZIj1RQAVjpAWACag1BbGwgaW5jbHVzaXZlciAcEa4tG-3DBBjnrgy5BIjqFKsETwHX_5mxAQIAYwECDdnah3A/ofertasv/?filter[tourOperator]=BVPR&filter%5Bperson%5D=2&filter%5BchildAge%5D%5B1%5D=20201210&filter%5Bchild%5D=1"
"Jaz Aquaviva","10773.0","01.10.2026 - 08.10.2026","8 dni/7 nocy","","4.7","4.7","10804","tripadvisor","Warszawa - Radom","2026-09-21T06:33:07.933955+00:00","https://fly.pl/szukaj-wycieczek/?filter[dest]=11:&filter[hotelids]=&filter[cityids]=0&filter[cregids]=&filter[ofrType]=&filter[addObjType]=&filter[whenFrom]=21-09-2026&filter[whenTo]=21-10-2026&filter[duration]=7:10&filter[from]=Warszawa%20-%20Modlin,Warszawa%20-%20Radom,Warszawa&filter[person]=2&filter[child]=1&filter[price]=4000:20000&filter[PriceFrom]=4000&filter[PriceTo]=20000&filter[addCategory]=50&filter[addCatering]=1&filter[addMisc]=0&filter[addTransport]=F&filter[fp]=1&order_by=ofr_price&filter[tourOperator]=0&filter[childAge][1]=20201210","https://fly.pl/cdn/photo/assets/uploads/582/278/2015/07/Jaz-Aquaviva.jpg","https://fly.pl/wycieczka/egipt,hurghada,makadi-bay/jaz-makadi-aquaviva/psLCvgmwNZgR1OS4iMnUg4AAogARbqUbZcX-Uh9VlxGOug1ptDSG7JGG1kLrratyRh_coqBE9SRVgwqJ_D1QZIlVRQQVjpAWACagdQWEguMi4xcjWbARUHFwBcA1gFVgIRGECyBl3TDk9sU9KdAVIAXq9PS4ESYQBM0b46IJz9lwkNAAISYwECDN7aylc/ofertasv/?filter[tourOperator]=OREX&filter%5Bperson%5D=2&filter%5BchildAge%5D%5B1%5D=20201210&filter%5Bchild%5D=1"
"Royal Regency Club","10778.0","27.09.2026 - 04.10.2026","8 dni/7 nocy","","4.4","4.4","363","tripadvisor","Warszawa","2026-09-21T06:33:07.933955+00:00","https://fly.pl/szukaj-wycieczek/?filter[dest]=11:&filter[hotelids]=&filter[cityids]=0&filter[cregids]=&filter[ofrType]=&filter[addObjType]=&filter[whenFrom]=21-09-2026&filter[whenTo]=21-10-2026&filter[duration]=7:10&filter[from]=Warszawa%20-%20Modlin,Warszawa%20-%20Radom,Warszawa&filter[person]=2&filter[child]=1&filter[price]=4000:20000&filter[PriceFrom]=4000&filter[PriceTo]=20000&filter[addCategory]=50&filter[addCatering]=1&filter[addMisc]=0&filter[addTransport]=F&filter[fp]=1&order_by=ofr_price&filter[tourOperator]=0&filter[childAge][1]=20201210","https://fly.pl/cdn/photo/assets/uploads/582/278/2024/07/royal-regency-club.jpg","https://fly.pl/wycieczka/egipt,sharm-el-sheikh,szarm-el-szejk/royal-regency-club/p02u98R5yv_dMPBrrST2X1AAog6zBghZ-FtZhuAQ8jWbVh49vhBFpwv_tYWcE8EXXr1-EqBEpPSVAwqJ_D1QZImlRQQViJAWACagNGaGNyQpsBFAEVBhcAXANYBVYCQMoGT-IBXQBe3voBUqYgUwBLxyNhABHWakyPojkN0vyXCSAAAYy2zKC0iMygMAIOYwEADSIpODo/ofertasv/?filter[tourOperator]=JOIP&filter%5Bperson%5D=2&filter%5BchildAge%5D%5B1%5D=20201210&filter%5Bchild%5D=1"
"Ancient Sands Golf Resort","10832.0","27.09.2026 - 04.10.2026","8 dni/7 nocy","","4.8","4.8","3352","tripadvisor","Warszawa","2026-09-21T06:33:07.933955+00:00","https://fly.pl/szukaj-wycieczek/?filter[dest]=11:&filter[hotelids]=&filter[cityids]=0&filter[cregids]=&filter[ofrType]=&filter[addObjType]=&filter[whenFrom]=21-09-2026&filter[whenTo]=21-10-2026&filter[duration]=7:10&filter[from]=Warszawa%20-%20Modlin,Warszawa%20-%20Radom,Warszawa&filter[person]=2&filter[child]=1&filter[price]=4000:20000&filter[PriceFrom]=4000&filter[PriceTo]=20000&filter[addCategory]=50&filter[addCatering]=1&filter[addMisc]=0&filter[addTransport]=F&filter[fp]=1&order_by=ofr_price&filter[tourOperator]=0&filter[childAge][1]=20201210","https://fly.pl/cdn/photo/assets/uploads/582/278/2019/05/Ancient-Sands-Golf-Resort.jpg","https://fly.pl/wycieczka/egipt,hurghada,al-dzuna/ancient-sands-el-gouna/p9s9VqLlru-g4UHsSLB9duAAogOKRy10QYgWXTirqo4cHeTm2UYiY9GwQLFZusIIuCR8wqBE9SRVgwqJ_D1QZI0FRQQViJAWACagVZLjIuMWoDMDhZagMwN1lyNJsBnQGPARUHFwBcA1gFVgIRBUDFBlORrQFSAF6vT0vtQ2EATOWMOiDS_JcJDQACEmMBAgxAgdYL/ofertasv/?filter[tourOperator]=OREX&filter%5Bperson%5D=2&filter%5BchildAge%5D%5B1%5D=20201210&filter%5Bchild%5D=1"
"Serenity Alma Heights Ross Park Collection","10843.0","11.10.2026 - 18.10.2026","8 dni/7 nocy","","","","","","Warszawa","2026-09-21T06:33:07.933955+00:00","https://fly.pl/szukaj-wycieczek/?filter[dest]=11:&filter[hotelids]=&filter[cityids]=0&filter[cregids]=&filter[ofrType]=&filter[addObjType]=&filter[whenFrom]=21-09-2026&filter[whenTo]=21-10-2026&filter[duration]=7:10&filter[from]=Warszawa%20-%20Modlin,Warszawa%20-%20Radom,Warszawa&filter[person]=2&filter[child]=1&filter[price]=4000:20000&filter[PriceFrom]=4000&filter[PriceTo]=20000&filter[addCategory]=50&filter[addCatering]=1&filter[addMisc]=0&filter[addTransport]=F&filter[fp]=1&order_by=ofr_price&filter[tourOperator]=0&filter[childAge][1]=20201210","https://datacfstatic.merlinx.pl/WEZY/IMG/80006/cbfb74e746eae233c5bd2dcca61af959ab13896516aa3e1f5b00669f16a12ada.webp","https://fly.pl/wycieczka/egipt,hurghada,makadi-bay/serenity-alma-heights-ross-park-collection-9/pviFIkhzd1jsMfBBc9I_8aAAogkqp5jsMiUwUBQMWH4R4vVAAAAADkggQAAIMEAAcAAQAqBFdFWlkwqJ_D1QZI21RQQVjZA2ADaglFbnRlciBBaXJqBDAwMTVyRJ4BlAEfAAIBHAAWBhcAEu0DFcsFGJUDE8gBQIVzT8syTABLnJMBUAAR_qkCHd6UDSAcG-v-Yg2ozN8IARJjAQ1jAQIGFYph9Q/ofertasv/?filter[tourOperator]=WEZY&filter%5Bperson%5D=2&filter%5BchildAge%5D%5B1%5D=20201210&filter%5Bchild%5D=1"
"Jaz Belvedere","10857.0","29.09.2026 - 07.10.2026","9 dni/7 nocy","","4.5","4.5","3280","tripadvisor","Warszawa","2026-09-21T06:33:07.933955+00:00","https://fly.pl/szukaj-wycieczek/?filter[dest]=11:&filter[hotelids]=&filter[cityids]=0&filter[cregids]=&filter[ofrType]=&filter[addObjType]=&filter[whenFrom]=21-09-2026&filter[whenTo]=21-10-2026&filter[duration]=7:10&filter[from]=Warszawa%20-%20Modlin,Warszawa%20-%20Radom,Warszawa&filter[person]=2&filter[child]=1&filter[price]=4000:20000&filter[PriceFrom]=4000&filter[PriceTo]=20000&filter[addCategory]=50&filter[addCatering]=1&filter[addMisc]=0&filter[addTransport]=F&filter[fp]=1&order_by=ofr_price&filter[tourOperator]=0&filter[childAge][1]=20201210","https://fly.pl/cdn/photo/assets/uploads/582/278/2014/07/Jaz-Belvedere.jpg","https://fly.pl/wycieczka/egipt,sharm-el-sheikh,c/jaz-belvedere/pDlIroQTtK69lXfC1bMHdhAAogD-v6CuDoi8-QNWT7bryxHvx165SKMu3wZ5pxJ9Xdc08qBFZJVFgwqJ_D1QZI6VRQQVi5AWACckAaABUHFwBcA1gFQI8DW5eFAV7melKmIFMAS8cjYQBMsbU5DYjUmAkgAVGV7u-y6QFPyoElXYTO6rwcAgxjAQILJlCTaQ/ofertasv/?filter[tourOperator]=VITX&filter%5Bperson%5D=2&filter%5BchildAge%5D%5B1%5D=20201210&filter%5Bchild%5D=1"
"Sentido Naga Bay","10887.0","04.10.2026 - 11.10.2026","8 dni/7 nocy","","","","","","Warszawa","2026-09-21T06:33:07.933955+00:00","https://fly.pl/szukaj-wycieczek/?filter[dest]=11:&filter[hotelids]=&filter[cityids]=0&filter[cregids]=&filter[ofrType]=&filter[addObjType]=&filter[whenFrom]=21-09-2026&filter[whenTo]=21-10-2026&filter[duration]=7:10&filter[from]=Warszawa%20-%20Modlin,Warszawa%20-%20Radom,Warszawa&filter[person]=2&filter[child]=1&filter[price]=4000:20000&filter[PriceFrom]=4000&filter[PriceTo]=20000&filter[addCategory]=50&filter[addCatering]=1&filter[addMisc]=0&filter[addTransport]=F&filter[fp]=1&order_by=ofr_price&filter[tourOperator]=0&filter[childAge][1]=20201210","https://datacfstatic.merlinx.pl/EXIM/IMG/107999/9691dd57e47cec1e96befde9ca4a24ec0aaad7165dd6c455160b011f15ee59d5.webp","https://fly.pl/wycieczka/egipt,hurghada,c/sentido-naga-bay-11/p-Toehx5BnXKTCXb1CiqoiAAog_OZcKqB0lX5VfwYRYpTt5o8y6rj6FZ9B-AYEqrWUQdsqBEVYSU0wqJ_D1QZIh1VQAVixAmACagJBSXIhHBHfywa5BKDyPasEHBvv4T0Y0fE-Ac_2p4sLAgBjAQIGiPmTHw/ofertasv/?filter[tourOperator]=EXIM&filter%5Bperson%5D=2&filter%5BchildAge%5D%5B1%5D=20201210&filter%5Bchild%5D=1"
"Hilton Marsa Alam Nubian Resort","10904.0","29.09.2026 - 06.10.2026","8 dni/7 nocy","","4.7","4.7","10212","tripadvisor","Warszawa","2026-09-21T06:33:07.933955+00:00","https://fly.pl/szukaj-wycieczek/?filter[dest]=11:&filter[hotelids]=&filter[cityids]=0&filter[cregids]=&filter[ofrType]=&filter[addObjType]=&filter[whenFrom]=21-09-2026&filter[whenTo]=21-10-2026&filter[duration]=7:10&filter[from]=Warszawa%20-%20Modlin,Warszawa%20-%20Radom,Warszawa&filter[person]=2&filter[child]=1&filter[price]=4000:20000&filter[PriceFrom]=4000&filter[PriceTo]=20000&filter[addCategory]=50&filter[addCatering]=1&filter[addMisc]=0&filter[addTransport]=F&filter[fp]=1&order_by=ofr_price&filter[tourOperator]=0&filter[childAge][1]=20201210","https://fly.pl/cdn/photo/assets/uploads/582/278/2014/08/Tropitel-Dahab-Oasis.jpg","https://fly.pl/wycieczka/egipt,marsa-alam,c/hilton-marsa-alam-nubian-resort/prqMeWvL0tFvLcGjhh9AHjAAogookZHHjpFF8nI2GLevOa4-hm0Gqq_jkTT4bGm3434U0qBFJOQlcwqJ_D1QZImFVQQVi5AWACag1BTExfSU5DTFVTSVZFahcyOTYsMzgwLDQ3Nyw0ODMsNDg0LDQ4NXI9lgGeARUHFwBYCApdQOsGEeACENIzGdEeTKg3U9WDAVIAS7EvYQBf7cIkD-j5Gx0zILHMkQkNAAIOYwECBb0h9Tk/ofertasv/?filter[tourOperator]=RNBW&filter%5Bperson%5D=2&filter%5BchildAge%5D%5B1%5D=20201210&filter%5Bchild%5D=1"
"Serenity Alpha Beach (ex. Serenity Makadi Beach)","10917.0","11.10.2026 - 18.10.2026","8 dni/7 nocy","","4.6","4.6","6625","tripadvisor","Warszawa","2026-09-21T06:33:07.933955+00:00","https://fly.pl/szukaj-wycieczek/?filter[dest]=11:&filter[hotelids]=&filter[cityids]=0&filter[cregids]=&filter[ofrType]=&filter[addObjType]=&filter[whenFrom]=21-09-2026&filter[whenTo]=21-10-2026&filter[duration]=7:10&filter[from]=Warszawa%20-%20Modlin,Warszawa%20-%20Radom,Warszawa&filter[person]=2&filter[child]=1&filter[price]=4000:20000&filter[PriceFrom]=4000&filter[PriceTo]=20000&filter[addCategory]=50&filter[addCatering]=1&filter[addMisc]=0&filter[addTransport]=F&filter[fp]=1&order_by=ofr_price&filter[tourOperator]=0&filter[childAge][1]=20201210","https://fly.pl/cdn/photo/assets/uploads/582/278/2014/07/Serenity-Alpha-Beach.jpg","https://fly.pl/wycieczka/egipt,hurghada,makadi-bay/serenity-makadi-heights/pjWYV4TlYwNZB8FkingBSDAAogcp_BFHlt8q7lb_VR8aPPgwnbvZbIN9Wmp2d9VFEr-JIqBE9SRVgwqJ_D1QZIpVVQQVjZA2ACagZDWC4yLjFqAzA4WWoDMDdZcjSbAZ0BjwEVBxcAWAhWAlwIEfoFQEhTka0BUgBer09L7UNhAEzljDogpv2XCQ0AAhJjAQIMZZdoSw/ofertasv/?filter[tourOperator]=OREX&filter%5Bperson%5D=2&filter%5BchildAge%5D%5B1%5D=20201210&filter%5Bchild%5D=1"
"Continental (ex Movenpick Resort)","10917.0","13.10.2026 - 20.10.2026","8 dni/7 nocy","","4.5","4.5","4178","tripadvisor","Warszawa","2026-09-21T06:33:07.933955+00:00","https://fly.pl/szukaj-wycieczek/?filter[dest]=11:&filter[hotelids]=&filter[cityids]=0&filter[cregids]=&filter[ofrType]=&filter[addObjType]=&filter[whenFrom]=21-09-2026&filter[whenTo]=21-10-2026&filter[duration]=7:10&filter[from]=Warszawa%20-%20Modlin,Warszawa%20-%20Radom,Warszawa&filter[person]=2&filter[child]=1&filter[price]=4000:20000&filter[PriceFrom]=4000&filter[PriceTo]=20000&filter[addCategory]=50&filter[addCatering]=1&filter[addMisc]=0&filter[addTransport]=F&filter[fp]=1&order_by=ofr_price&filter[tourOperator]=0&filter[childAge][1]=20201210","https://fly.pl/cdn/photo/assets/uploads/582/278/2014/09/Continental-Resort.jpg","https://fly.pl/wycieczka/egipt,hurghada,c/movenpick-resort-hurghada-ex-continental-resort/psvASFj2yeq62npH_FqFNmAAogeGnDjaI4t6hgdb_2vX8Dw2qyvADKfxjztHOrlw2TEoUqBEpPSVAwqJ_D1QZIpVVQQViJBGACagMwQTdyQpsBFAEVBhcAXANYBVYCQMoGT-IBXQBSr6sBUwAR-RletjVL7UNhAEzljDoNqP2XCSAAAZ-3_ICki8ygMAINYwEAC1-IWvo/ofertasv/?filter[tourOperator]=JOIP&filter%5Bperson%5D=2&filter%5BchildAge%5D%5B1%5D=20201210&filter%5Bchild%5D=1"
"Cleopatra Signature Marsa Alam","10918.0","27.09.2026 - 04.10.2026","8 dni/7 nocy","","","","","","Warszawa","2026-09-21T06:33:07.933955+00:00","https://fly.pl/szukaj-wycieczek/?filter[dest]=11:&filter[hotelids]=&filter[cityids]=0&filter[cregids]=&filter[ofrType]=&filter[addObjType]=&filter[whenFrom]=21-09-2026&filter[whenTo]=21-10-2026&filter[duration]=7:10&filter[from]=Warszawa%20-%20Modlin,Warszawa%20-%20Radom,Warszawa&filter[person]=2&filter[child]=1&filter[price]=4000:20000&filter[PriceFrom]=4000&filter[PriceTo]=20000&filter[addCategory]=50&filter[addCatering]=1&filter[addMisc]=0&filter[addTransport]=F&filter[fp]=1&order_by=ofr_price&filter[tourOperator]=0&filter[childAge][1]=20201210","https://datacfstatic.merlinx.pl/WEZY/IMG/84991/5c5c2742ac2fea23dd6df1d4e68bc2f1477f84012ff9e2ef3a7142be873bf627.webp","https://fly.pl/wycieczka/egipt,marsa-alam,c/cleopatra-signature-marsa-alam-12/pYekBWcUyBh-77Yys8ULmiAAog9Ugs-mIpqlZq0Yjy5WHAvAAAAAAYgwQANIMEAAcABQAqBFdFWlkwqJ_D1QZIplVQQViJAWADaglFbnRlciBBaXJqBDAwNTByQ54BlAEfAAIBHAAWBBcCEu0DFdoFGJUDE80BQPFyT7aWAUwAS7EvUAAbpjUR0ZsCHZnuDCAcDYvKwgkBEmMBDWMBAgaajdQI/ofertasv/?filter[tourOperator]=WEZY&filter%5Bperson%5D=2&filter%5BchildAge%5D%5B1%5D=20201210&filter%5Bchild%5D=1"
"Utopia Blue Resort","10927.0","13.10.2026 - 20.10.2026","8 dni/7 nocy","","","","","","Warszawa","2026-09-21T06:33:07.933955+00:00","https://fly.pl/szukaj-wycieczek/?filter[dest]=11:&filter[hotelids]=&filter[cityids]=0&filter[cregids]=&filter[ofrType]=&filter[addObjType]=&filter[whenFrom]=21-09-2026&filter[whenTo]=21-10-2026&filter[duration]=7:10&filter[from]=Warszawa%20-%20Modlin,Warszawa%20-%20Radom,Warszawa&filter[person]=2&filter[child]=1&filter[price]=4000:20000&filter[PriceFrom]=4000&filter[PriceTo]=20000&filter[addCategory]=50&filter[addCatering]=1&filter[addMisc]=0&filter[addTransport]=F&filter[fp]=1&order_by=ofr_price&filter[tourOperator]=0&filter[childAge][1]=20201210","https://datacfstatic.merlinx.pl/EXIM/IMG/104804/47170af13502131b7b7d23ecf494e622a96110e1a4bfcf3019d7db4830283601.webp","https://fly.pl/wycieczka/egipt,marsa-alam,c/utopia-blue-resort-13/pqJJ8YpHkjl7QHCiJ49fllAAog2C1X7jIDiZB9P3u2JwfOdRKmO4qxhDmkVrGyFJIXvhQqBEVYSU0wqJ_D1QZIr1VQAViJBGACagJBSXIhHBHksga5BIiMPqsEHBvc1y0Yr_ozAZeu2tQIAgBjAQIMC-mSXQ/ofertasv/?filter[tourOperator]=EXIM&filter%5Bperson%5D=2&filter%5BchildAge%5D%5B1%5D=20201210&filter%5Bchild%5D=1"
"Albatros Makadi Resort (ex Royal Pharaohs Makadi)","10932.0","27.09.2026 - 04.10.2026","8 dni/7 nocy","","3.3","3.3","844","tripadvisor","Warszawa","2026-09-21T06:33:07.933955+00:00","https://fly.pl/szukaj-wycieczek/?filter[dest]=11:&filter[hotelids]=&filter[cityids]=0&filter[cregids]=&filter[ofrType]=&filter[addObjType]=&filter[whenFrom]=21-09-2026&filter[whenTo]=21-10-2026&filter[duration]=7:10&filter[from]=Warszawa%20-%20Modlin,Warszawa%20-%20Radom,Warszawa&filter[person]=2&filter[child]=1&filter[price]=4000:20000&filter[PriceFrom]=4000&filter[PriceTo]=20000&filter[addCategory]=50&filter[addCatering]=1&filter[addMisc]=0&filter[addTransport]=F&filter[fp]=1&order_by=ofr_price&filter[tourOperator]=0&filter[childAge][1]=20201210","https://fly.pl/cdn/photo/assets/uploads/582/278/2014/07/Harmony-Makadi-Bay-fly-pl.jpg","https://fly.pl/wycieczka/egipt,hurghada,makadi-bay/harmony-makadi-bay/p72uy3hg-46p2Qva9zIiRBAAogD8FONbIGplxjAaVBb0Rz9gAAAADiggQA_oIEAAcAAQAqBFdFWlkwqJ_D1QZItFVQQViJAWADaglFbnRlciBBaXJqBDAwMTVyQp4BlAEfABwBAgAWBBcCEUcSpgMV2gUYlQMTuQFAhXNMyzJPAEuckwFQAB3avg8gHBuVr3oNrJvICAESYwENYwECDHIV6Pk/ofertasv/?filter[tourOperator]=WEZY&filter%5Bperson%5D=2&filter%5BchildAge%5D%5B1%5D=20201210&filter%5Bchild%5D=1"
"Jaz Mirabel Park","10950.0","11.10.2026 - 18.10.2026","8 dni/7 nocy","","4.4","4.4","4043","tripadvisor","Warszawa","2026-09-21T06:33:07.933955+00:00","https://fly.pl/szukaj-wycieczek/?filter[dest]=11:&filter[hotelids]=&filter[cityids]=0&filter[cregids]=&filter[ofrType]=&filter[addObjType]=&filter[whenFrom]=21-09-2026&filter[whenTo]=21-10-2026&filter[duration]=7:10&filter[from]=Warszawa%20-%20Modlin,Warszawa%20-%20Radom,Warszawa&filter[person]=2&filter[child]=1&filter[price]=4000:20000&filter[PriceFrom]=4000&filter[PriceTo]=20000&filter[addCategory]=50&filter[addCatering]=1&filter[addMisc]=0&filter[addTransport]=F&filter[fp]=1&order_by=ofr_price&filter[tourOperator]=0&filter[childAge][1]=20201210","https://fly.pl/cdn/photo/assets/uploads/582/278/2014/07/Jaz-Mirabel-Park-fly-pl.jpg","https://fly.pl/wycieczka/egipt,sharm-el-sheikh,c/jaz-mirabel-park/piuKjIhuztjUwgJnjEXf8iAAog0u1tr9KxpdRBOmvdv5vIoQiPgYhrkVrHHSR3tH9QMnYqBEpPSVAwqJ_D1QZIxlVQQVjZA2ACckMUARUGFwBcA1gFVgJAygZP4gFdAFvyAhGlwwFexzRSpiBTAEvHI2EATOWMOg2m_ZcJIAABxd3sl7WIzKAwAg1jAQAMJRCSWw/ofertasv/?filter[tourOperator]=JOIP&filter%5Bperson%5D=2&filter%5BchildAge%5D%5B1%5D=20201210&filter%5Bchild%5D=1"
"Albatros Sea World Resort Marsa Alam","11047.0","26.09.2026 - 04.10.2026","9 dni/7 nocy","","4.7","4.7","4499","tripadvisor","Warszawa","2026-09-21T06:33:07.933955+00:00","https://fly.pl/szukaj-wycieczek/?filter[dest]=11:&filter[hotelids]=&filter[cityids]=0&filter[cregids]=&filter[ofrType]=&filter[addObjType]=&filter[whenFrom]=21-09-2026&filter[whenTo]=21-10-2026&filter[duration]=7:10&filter[from]=Warszawa%20-%20Modlin,Warszawa%20-%20Radom,Warszawa&filter[person]=2&filter[child]=1&filter[price]=4000:20000&filter[PriceFrom]=4000&filter[PriceTo]=20000&filter[addCategory]=50&filter[addCatering]=1&filter[addMisc]=0&filter[addTransport]=F&filter[fp]=1&order_by=ofr_price&filter[tourOperator]=0&filter[childAge][1]=20201210","https://fly.pl/cdn/photo/assets/uploads/582/278/2017/08/ALBATROS-SEA-WORLD.jpg","https://fly.pl/wycieczka/egipt,marsa-alam,al-kusajr/sea-world-resort-marsa-alam/pFPqVKivMk3AkyHg-9e3TgAAogDT5YbRu3Eym7IFjzQKgo5_POVhexA4B-vTIRTOTMdjUqBEVYSU0wqJ_D1QZIp1ZQAVhxYAJqAkFJciEcEaehBrkErp4-qwQbG_myLBjo_y4B19jRjggCAGMBAgytDtD6/ofertasv/?filter[tourOperator]=EXIM&filter%5Bperson%5D=2&filter%5BchildAge%5D%5B1%5D=20201210&filter%5Bchild%5D=1"
"Hilton Plaza (Hurghada)","11052.0","01.10.2026 - 08.10.2026","8 dni/7 nocy","","4.6","4.6","4249","tripadvisor","Warszawa - Radom","2026-09-21T06:33:07.933955+00:00","https://fly.pl/szukaj-wycieczek/?filter[dest]=11:&filter[hotelids]=&filter[cityids]=0&filter[cregids]=&filter[ofrType]=&filter[addObjType]=&filter[whenFrom]=21-09-2026&filter[whenTo]=21-10-2026&filter[duration]=7:10&filter[from]=Warszawa%20-%20Modlin,Warszawa%20-%20Radom,Warszawa&filter[person]=2&filter[child]=1&filter[price]=4000:20000&filter[PriceFrom]=4000&filter[PriceTo]=20000&filter[addCategory]=50&filter[addCatering]=1&filter[addMisc]=0&filter[addTransport]=F&filter[fp]=1&order_by=ofr_price&filter[tourOperator]=0&filter[childAge][1]=20201210","https://fly.pl/cdn/photo/assets/uploads/582/278/2014/10/Hilton-Plaza.jpg","https://fly.pl/wycieczka/egipt,hurghada,c/hilton-plaza-hurghada/p4krY9tbGbXyGkKPsTdUjqAAogDxVZQjh5ZFUMT5h7bfSvjJtDSG7JGG1kLrratyRh_coqBE9SRVgwrZ_D1QZIrFZQQVjpAWACagVFLjIuMXI1mwEVBxcAXANYBVYCEVpA8AVd0w5PbFPSnQFSAF6vT0uBEmEATNG-OiCc_ZcJDQACEmMBAgs6jGJ8/ofertasv/?filter[tourOperator]=OREX&filter%5Bperson%5D=2&filter%5BchildAge%5D%5B1%5D=20201210&filter%5Bchild%5D=1"
"Sunrise Alora Aqua Park Resort","11067.0","08.10.2026 - 15.10.2026","8 dni/7 nocy","","3.5","3.5","1838","tripadvisor","Warszawa","2026-09-21T06:33:07.933955+00:00","https://fly.pl/szukaj-wycieczek/?filter[dest]=11:&filter[hotelids]=&filter[cityids]=0&filter[cregids]=&filter[ofrType]=&filter[addObjType]=&filter[whenFrom]=21-09-2026&filter[whenTo]=21-10-2026&filter[duration]=7:10&filter[from]=Warszawa%20-%20Modlin,Warszawa%20-%20Radom,Warszawa&filter[person]=2&filter[child]=1&filter[price]=4000:20000&filter[PriceFrom]=4000&filter[PriceTo]=20000&filter[addCategory]=50&filter[addCatering]=1&filter[addMisc]=0&filter[addTransport]=F&filter[fp]=1&order_by=ofr_price&filter[tourOperator]=0&filter[childAge][1]=20201210","https://fly.pl/cdn/photo/assets/uploads/582/278/2014/11/Hawaii-Caesar-Palace-Aqua-Park-ex-Mirage-Aqua-Park-fly-pl.jpg","https://fly.pl/wycieczka/egipt,hurghada,c/mirage-aqua-park-spa-cesar-palace/pK440F2-lp4YxUbKCi_H5HAAogEgXl69BCBT3IJJ-IW0Osr-_o9xaTpfsfnKGx64UlgLUqBEJWUFIwrZ_D1QZIu1ZQAViRA2ACag1BbGwgaW5jbHVzaXZlciAcEdJGG83vBBjr8wy5BIHgE6sETwGh5ODEAQIAYwECC2beKE0/ofertasv/?filter[tourOperator]=BVPR&filter%5Bperson%5D=2&filter%5BchildAge%5D%5B1%5D=20201210&filter%5Bchild%5D=1"
"Sentido Mamlouk Palace Resort & Spa (ex Sunrise)","11073.0","01.10.2026 - 08.10.2026","8 dni/7 nocy","","4.7","4.7","12045","tripadvisor","Warszawa","2026-09-21T06:33:07.933955+00:00","https://fly.pl/szukaj-wycieczek/?filter[dest]=11:&filter[hotelids]=&filter[cityids]=0&filter[cregids]=&filter[ofrType]=&filter[addObjType]=&filter[whenFrom]=21-09-2026&filter[whenTo]=21-10-2026&filter[duration]=7:10&filter[from]=Warszawa%20-%20Modlin,Warszawa%20-%20Radom,Warszawa&filter[person]=2&filter[child]=1&filter[price]=4000:20000&filter[PriceFrom]=4000&filter[PriceTo]=20000&filter[addCategory]=50&filter[addCatering]=1&filter[addMisc]=0&filter[addTransport]=F&filter[fp]=1&order_by=ofr_price&filter[tourOperator]=0&filter[childAge][1]=20201210","https://fly.pl/cdn/photo/assets/uploads/582/278/2014/10/Sentido-Mamlouk-Palace-Resort-Spa.jpg","https://fly.pl/wycieczka/egipt,hurghada,c/sentido-mamlouk-palace-resort-ex-sunrise/pmdKIaWBW4ujZfNiHc0ebWAAogtYsHrWS5Enx89vuXrIFDTZi_q7xKhskzkRELa_XdvD4qBFNGUEwwrZ_D1QZIwVZQQVjpAWACciMLAhUFIgYSIVzMAkAuW-fwUQ363IIJUcTF0PuPAQISYwECBTKYw6I/ofertasv/?filter[tourOperator]=SFPL&filter%5Bperson%5D=2&filter%5BchildAge%5D%5B1%5D=20201210&filter%5Bchild%5D=1"
"Pickalbatros Oasis Port Ghalib (ex. Red Sea Port Ghalib Resort)","11083.0","26.09.2026 - 03.10.2026","8 dni/7 nocy","","4.6","4.6","3642","tripadvisor","Warszawa","2026-09-21T06:33:07.933955+00:00","https://fly.pl/szukaj-wycieczek/?filter[dest]=11:&filter[hotelids]=&filter[cityids]=0&filter[cregids]=&filter[ofrType]=&filter[addObjType]=&filter[whenFrom]=21-09-2026&filter[whenTo]=21-10-2026&filter[duration]=7:10&filter[from]=Warszawa%20-%20Modlin,Warszawa%20-%20Radom,Warszawa&filter[person]=2&filter[child]=1&filter[price]=4000:20000&filter[PriceFrom]=4000&filter[PriceTo]=20000&filter[addCategory]=50&filter[addCatering]=1&filter[addMisc]=0&filter[addTransport]=F&filter[fp]=1&order_by=ofr_price&filter[tourOperator]=0&filter[childAge][1]=20201210","https://fly.pl/cdn/photo/assets/uploads/582/278/2014/09/pickalbatros-oasis.jpg","https://fly.pl/wycieczka/egipt,marsa-alam,port-ghalib/crowne-plaza-sahara-oasis-resort/puYzHz4WKIellJE--JGkUEAAogKc28b2Qx6Z-xa_95KtfPiWN5nXJGiD9Rad5ib_UKovUqBFNGUEwwrZ_D1QZIy1ZQQVhxYAJyIgsCFQUiBRIoXMYCQC5b5_BRDa_cgglRm7vjkgYCEmMBAgWvxzGT/ofertasv/?filter[tourOperator]=SFPL&filter%5Bperson%5D=2&filter%5BchildAge%5D%5B1%5D=20201210&filter%5Bchild%5D=1"
"Jaz Makadi Saraya (ex Iberotel)","11107.0","27.09.2026 - 04.10.2026","8 dni/7 nocy","","4.8","4.8","6819","tripadvisor","Warszawa","2026-09-21T06:33:07.933955+00:00","https://fly.pl/szukaj-wycieczek/?filter[dest]=11:&filter[hotelids]=&filter[cityids]=0&filter[cregids]=&filter[ofrType]=&filter[addObjType]=&filter[whenFrom]=21-09-2026&filter[whenTo]=21-10-2026&filter[duration]=7:10&filter[from]=Warszawa%20-%20Modlin,Warszawa%20-%20Radom,Warszawa&filter[person]=2&filter[child]=1&filter[price]=4000:20000&filter[PriceFrom]=4000&filter[PriceTo]=20000&filter[addCategory]=50&filter[addCatering]=1&filter[addMisc]=0&filter[addTransport]=F&filter[fp]=1&order_by=ofr_price&filter[tourOperator]=0&filter[childAge][1]=20201210","https://fly.pl/cdn/photo/assets/uploads/582/278/2014/07/Jaz-Makadi-Saraya-ex-Iberotel-fly-pl.jpg","https://fly.pl/wycieczka/egipt,hurghada,makadi-bay/iberotel-makadi-saraya/plux4dfEY038iuiXatqnm6AAogZTTWpHKYnoothVRD_znxkwAAAADiggQA_oIEAAcAAQAqBFdFWlkwrZ_D1QZI41ZQQViJAWADaglFbnRlciBBaXJqBDAwMTVyQp4BlAEfABwBAgAWBBcCEUkSpAMV2gUYlQMTuQFAhXNMyzJPAEuckwFQABvWlA4dhKoBIBwNwcrCCQESYwENYwECBYdV1C8/ofertasv/?filter[tourOperator]=WEZY&filter%5Bperson%5D=2&filter%5BchildAge%5D%5B1%5D=20201210&filter%5Bchild%5D=1"
"Club Magic Life Kalawy","11171.0","01.10.2026 - 08.10.2026","8 dni/7 nocy","","4.5","4.5","1722","tripadvisor","Warszawa","2026-09-21T06:33:07.933955+00:00","https://fly.pl/szukaj-wycieczek/?filter[dest]=11:&filter[hotelids]=&filter[cityids]=0&filter[cregids]=&filter[ofrType]=&filter[addObjType]=&filter[whenFrom]=21-09-2026&filter[whenTo]=21-10-2026&filter[duration]=7:10&filter[from]=Warszawa%20-%20Modlin,Warszawa%20-%20Radom,Warszawa&filter[person]=2&filter[child]=1&filter[price]=4000:20000&filter[PriceFrom]=4000&filter[PriceTo]=20000&filter[addCategory]=50&filter[addCatering]=1&filter[addMisc]=0&filter[addTransport]=F&filter[fp]=1&order_by=ofr_price&filter[tourOperator]=0&filter[childAge][1]=20201210","https://fly.pl/cdn/photo/assets/uploads/582/278/2015/02/Club-Magic-Life-Kalawy-fly-pl.jpg","https://fly.pl/wycieczka/egipt,hurghada,safaga/club-magic-life-kalawy-imperial/pEMXMXWp_INA0Aos8qtwwcAAogDSq1EBp0iJKDNIvrn_xb-5i_q7xKhskzkRELa_XdvD4qBFNGUEwwrZ_D1QZIo1dQQVjpAWACciMLAhUFIgQSI0D6AlvjBFyv_AUNz8zOCVHmmb72AwISYwECBfoUYpw/ofertasv/?filter[tourOperator]=SFPL&filter%5Bperson%5D=2&filter%5BchildAge%5D%5B1%5D=20201210&filter%5Bchild%5D=1"
"Coral Sea Water World Resort","11181.0","11.10.2026 - 18.10.2026","8 dni/7 nocy","","4.5","4.5","9378","tripadvisor","Warszawa","2026-09-21T06:33:07.933955+00:00","https://fly.pl/szukaj-wycieczek/?filter[dest]=11:&filter[hotelids]=&filter[cityids]=0&filter[cregids]=&filter[ofrType]=&filter[addObjType]=&filter[whenFrom]=21-09-2026&filter[whenTo]=21-10-2026&filter[duration]=7:10&filter[from]=Warszawa%20-%20Modlin,Warszawa%20-%20Radom,Warszawa&filter[person]=2&filter[child]=1&filter[price]=4000:20000&filter[PriceFrom]=4000&filter[PriceTo]=20000&filter[addCategory]=50&filter[addCatering]=1&filter[addMisc]=0&filter[addTransport]=F&filter[fp]=1&order_by=ofr_price&filter[tourOperator]=0&filter[childAge][1]=20201210","https://fly.pl/cdn/photo/assets/uploads/582/278/2014/07/Coral-Sea-Waterworld.jpg","https://fly.pl/wycieczka/egipt,sharm-el-sheikh,c/coral-sea-water-world/p75D1XDLJn0oV4hIxNf7GqAAogiwVAr_uHQ-nksYc1IaRWSQiPgYhrkVrHHSR3tH9QMnYqBEpPSVAwrZ_D1QZIrVdQQVjZA2ACagMxMm9yQpsBFAEVBhcAXANYBVYCQMoGT-IBXQBe3voBEdUTUtEMUwBLxyNhAEzljDoNpv2XCSAAAca3-P_CiMygMAINYwEADM2mbEg/ofertasv/?filter[tourOperator]=JOIP&filter%5Bperson%5D=2&filter%5BchildAge%5D%5B1%5D=20201210&filter%5Bchild%5D=1"
"Coral Sea Holiday Resort","11181.0","11.10.2026 - 18.10.2026","8 dni/7 nocy","","4.5","4.5","10287","tripadvisor","Warszawa","2026-09-21T06:33:07.933955+00:00","https://fly.pl/szukaj-wycieczek/?filter[dest]=11:&filter[hotelids]=&filter[cityids]=0&filter[cregids]=&filter[ofrType]=&filter[addObjType]=&filter[whenFrom]=21-09-2026&filter[whenTo]=21-10-2026&filter[duration]=7:10&filter[from]=Warszawa%20-%20Modlin,Warszawa%20-%20Radom,Warszawa&filter[person]=2&filter[child]=1&filter[price]=4000:20000&filter[PriceFrom]=4000&filter[PriceTo]=20000&filter[addCategory]=50&filter[addCatering]=1&filter[addMisc]=0&filter[addTransport]=F&filter[fp]=1&order_by=ofr_price&filter[tourOperator]=0&filter[childAge][1]=20201210","https://fly.pl/cdn/photo/assets/uploads/582/278/2014/07/Coral-Sea-Holiday-Resort.jpg","https://fly.pl/wycieczka/egipt,sharm-el-sheikh,c/coral-sea-holiday-village/p9n4ws6Eb515HLlmSnuBbFAAogFNwGuo71zQ1MPy9d9_7q_AiPgYhrkVrHHSR3tH9QMnYqBEpPSVAwrZ_D1QZIrVdQQVjZA2ACagNDR21yQpsBFAEVBhcAXANYBVYCQMoGT-IBXQBe3voBEdQTUtIMUwBLxyNhAEzljDoNpv2XCSAAAbazyPjCiMygMAINYwEADOZ7ZNE/ofertasv/?filter[tourOperator]=JOIP&filter%5Bperson%5D=2&filter%5BchildAge%5D%5B1%5D=20201210&filter%5Bchild%5D=1"
"Pickalbatros Laguna Vista Beach","11216.0","10.10.2026 - 17.10.2026","8 dni/7 nocy","","4.0","4.0","3068","tripadvisor","Warszawa","2026-09-21T06:33:07.933955+00:00","https://fly.pl/szukaj-wycieczek/?filter[dest]=11:&filter[hotelids]=&filter[cityids]=0&filter[cregids]=&filter[ofrType]=&filter[addObjType]=&filter[whenFrom]=21-09-2026&filter[whenTo]=21-10-2026&filter[duration]=7:10&filter[from]=Warszawa%20-%20Modlin,Warszawa%20-%20Radom,Warszawa&filter[person]=2&filter[child]=1&filter[price]=4000:20000&filter[PriceFrom]=4000&filter[PriceTo]=20000&filter[addCategory]=50&filter[addCatering]=1&filter[addMisc]=0&filter[addTransport]=F&filter[fp]=1&order_by=ofr_price&filter[tourOperator]=0&filter[childAge][1]=20201210","https://fly.pl/cdn/photo/assets/uploads/582/278/2014/07/laguna.jpg","https://fly.pl/wycieczka/egipt,sharm-el-sheikh,c/laguna-vista-beach/pFzwI4HwNwK2vLjSWo55_7AAogDQdmmT7AeIz4lf8BqhuWOgAAAACZhAQAtoQEAAcAEgAqBFdFWlkwrZ_D1QZI0FdQQVjBA2ADaglFbnRlciBBaXJqBDA4MDByQp4BlQEfABwBAgAWBBcCEWsSggMYhQUTzQEUyQRAknJMoKIBTwBLxyNQABvHmgMdyqcMIB0N3MfCCQESYwENYwEEDL8d0Vc/ofertasv/?filter[tourOperator]=WEZY&filter%5Bperson%5D=2&filter%5BchildAge%5D%5B1%5D=20201210&filter%5Bchild%5D=1"
"Movenpick Resort & Spa El Gouna","11266.0","27.09.2026 - 04.10.2026","8 dni/7 nocy","","4.5","4.5","6195","tripadvisor","Warszawa","2026-09-21T06:33:07.933955+00:00","https://fly.pl/szukaj-wycieczek/?filter[dest]=11:&filter[hotelids]=&filter[cityids]=0&filter[cregids]=&filter[ofrType]=&filter[addObjType]=&filter[whenFrom]=21-09-2026&filter[whenTo]=21-10-2026&filter[duration]=7:10&filter[from]=Warszawa%20-%20Modlin,Warszawa%20-%20Radom,Warszawa&filter[person]=2&filter[child]=1&filter[price]=4000:20000&filter[PriceFrom]=4000&filter[PriceTo]=20000&filter[addCategory]=50&filter[addCatering]=1&filter[addMisc]=0&filter[addTransport]=F&filter[fp]=1&order_by=ofr_price&filter[tourOperator]=0&filter[childAge][1]=20201210","https://fly.pl/cdn/photo/assets/uploads/582/278/2014/07/Movenpick-Resort-Spa-El-Gouna-fly-pl.jpg","https://fly.pl/wycieczka/egipt,hurghada,el-gouna/moevenpick-resort-spa-el-gouna/plewB6hbYhMl79GMyWRytvAAogVi0i_xQp0t7SWJeQ8r7A1AAAAADiggQA_oIEAAcAAQAqBFdFWlkwrZ_D1QZIglhQQViJAWADaglFbnRlciBBaXJqBDAwMTVyQp4BlAEfABwBAgARARYDFwIS7QMV2gUYlQMTuQFAhXNMyzJPAEuckwFQABuBuwId2YMNIBwNwcrCCQESYwEMYwECBYAbX3Y/ofertasv/?filter[tourOperator]=WEZY&filter%5Bperson%5D=2&filter%5BchildAge%5D%5B1%5D=20201210&filter%5Bchild%5D=1"
"Pickalbatros Palace Resort","11283.0","13.10.2026 - 20.10.2026","8 dni/7 nocy","","4.5","4.5","935","tripadvisor","Warszawa","2026-09-21T06:33:07.933955+00:00","https://fly.pl/szukaj-wycieczek/?filter[dest]=11:&filter[hotelids]=&filter[cityids]=0&filter[cregids]=&filter[ofrType]=&filter[addObjType]=&filter[whenFrom]=21-09-2026&filter[whenTo]=21-10-2026&filter[duration]=7:10&filter[from]=Warszawa%20-%20Modlin,Warszawa%20-%20Radom,Warszawa&filter[person]=2&filter[child]=1&filter[price]=4000:20000&filter[PriceFrom]=4000&filter[PriceTo]=20000&filter[addCategory]=50&filter[addCatering]=1&filter[addMisc]=0&filter[addTransport]=F&filter[fp]=1&order_by=ofr_price&filter[tourOperator]=0&filter[childAge][1]=20201210","https://fly.pl/cdn/photo/assets/uploads/582/278/2014/09/Albatros-Palace-fly-pl-4.jpg","https://fly.pl/wycieczka/egipt,hurghada,c/albatros-palace/pHQZOUuS0ZaiLO6-wG3zMLAAog1EmPJJekrOArzoZQUagHXWqyvADKfxjztHOrlw2TEoUqBEpPSVAwrZ_D1QZIk1hQQViJBGACagNDR21yQpsBFAEVBhcAXANYBVYCQMoGT-IBXQBSr6sBUwARwRle7jVL7UNhAEzljDoNqP2XCSAAAbaP-IjFhsygMAINYwEADLptIr0/ofertasv/?filter[tourOperator]=JOIP&filter%5Bperson%5D=2&filter%5BchildAge%5D%5B1%5D=20201210&filter%5Bchild%5D=1"
"Cardina Resort by Sunrise","11307.0","06.10.2026 - 13.10.2026","8 dni/7 nocy","","4.2","4.2","3597","tripadvisor","Warszawa","2026-09-21T06:33:07.933955+00:00","https://fly.pl/szukaj-wycieczek/?filter[dest]=11:&filter[hotelids]=&filter[cityids]=0&filter[cregids]=&filter[ofrType]=&filter[addObjType]=&filter[whenFrom]=21-09-2026&filter[whenTo]=21-10-2026&filter[duration]=7:10&filter[from]=Warszawa%20-%20Modlin,Warszawa%20-%20Radom,Warszawa&filter[person]=2&filter[child]=1&filter[price]=4000:20000&filter[PriceFrom]=4000&filter[PriceTo]=20000&filter[addCategory]=50&filter[addCatering]=1&filter[addMisc]=0&filter[addTransport]=F&filter[fp]=1&order_by=ofr_price&filter[tourOperator]=0&filter[childAge][1]=20201210","https://fly.pl/cdn/photo/assets/uploads/582/278/2016/11/Aurora-Oriental-Bay-Marsa-Alam.jpg","https://fly.pl/wycieczka/egipt,marsa-alam,c/aurora-oriental-bay-marsa-alam/pEdxCTxiNhB8r5EcUufDNdAAogvlRjGVUl5r-_M0gO0zDtS4GDUkDRanLk14V_5gABdJoqBEJWUFIwrZ_D1QZIq1hQAVjhAmACag1BbGwgaW5jbHVzaXZlciAcEZtQG5XiBBio4wy5BKLwE6sEHAHQxIHCAQIAYwECC02uurw/ofertasv/?filter[tourOperator]=BVPR&filter%5Bperson%5D=2&filter%5BchildAge%5D%5B1%5D=20201210&filter%5Bchild%5D=1"
"Sunrise Royal Makadi Aqua Resort","11313.0","01.10.2026 - 08.10.2026","8 dni/7 nocy","","4.7","4.7","13739","tripadvisor","Warszawa","2026-09-21T06:33:07.933955+00:00","https://fly.pl/szukaj-wycieczek/?filter[dest]=11:&filter[hotelids]=&filter[cityids]=0&filter[cregids]=&filter[ofrType]=&filter[addObjType]=&filter[whenFrom]=21-09-2026&filter[whenTo]=21-10-2026&filter[duration]=7:10&filter[from]=Warszawa%20-%20Modlin,Warszawa%20-%20Radom,Warszawa&filter[person]=2&filter[child]=1&filter[price]=4000:20000&filter[PriceFrom]=4000&filter[PriceTo]=20000&filter[addCategory]=50&filter[addCatering]=1&filter[addMisc]=0&filter[addTransport]=F&filter[fp]=1&order_by=ofr_price&filter[tourOperator]=0&filter[childAge][1]=20201210","https://fly.pl/cdn/photo/assets/uploads/582/278/2014/09/Sunrise-Royal-Makadi-Aqua-Resort.jpg","https://fly.pl/wycieczka/egipt,hurghada,makadi-bay/sunrise-select-royal-makadi/puJ4FlsAsUbOixUJ8WVRjjAAogyAvLUZt0-bn_IbCBzByhkZi_q7xKhskzkRELa_XdvD4qBFNGUEwwrZ_D1QZIsVhQQVjpAWACciMLAhUFIgQSI1zMAkAuW-fwUQ363IIJUdr84vuPAQISYwEEC4oh25s/ofertasv/?filter[tourOperator]=SFPL&filter%5Bperson%5D=2&filter%5BchildAge%5D%5B1%5D=20201210&filter%5Bchild%5D=1"
"Sunrise Select Garden Beach Resort & Spa","11313.0","01.10.2026 - 08.10.2026","8 dni/7 nocy","","4.7","4.7","9765","tripadvisor","Warszawa","2026-09-21T06:33:07.933955+00:00","https://fly.pl/szukaj-wycieczek/?filter[dest]=11:&filter[hotelids]=&filter[cityids]=0&filter[cregids]=&filter[ofrType]=&filter[addObjType]=&filter[whenFrom]=21-09-2026&filter[whenTo]=21-10-2026&filter[duration]=7:10&filter[from]=Warszawa%20-%20Modlin,Warszawa%20-%20Radom,Warszawa&filter[person]=2&filter[child]=1&filter[price]=4000:20000&filter[PriceFrom]=4000&filter[PriceTo]=20000&filter[addCategory]=50&filter[addCatering]=1&filter[addMisc]=0&filter[addTransport]=F&filter[fp]=1&order_by=ofr_price&filter[tourOperator]=0&filter[childAge][1]=20201210","https://fly.pl/cdn/photo/assets/uploads/582/278/2014/09/Sunrise-Garden-Beach-Resort-Spa.jpg","https://fly.pl/wycieczka/egipt,hurghada,c/sunrise-select-garden-beach-resort-spa/pCbIwz5-H9iVNuw8UIac6DAAog2scAlM31Zn_2iYIvk2FBU5i_q7xKhskzkRELa_XdvD4qBFNGUEwwrZ_D1QZIsVhQQVjpAWACciILAhUFIgQSI1zMAkAuW-uXJw32ta0JUYLVvvYDAhJjAQQLH3zQAg/ofertasv/?filter[tourOperator]=SFPL&filter%5Bperson%5D=2&filter%5BchildAge%5D%5B1%5D=20201210&filter%5Bchild%5D=1"
"Rewaya Majestic Resort","11357.0","01.10.2026 - 08.10.2026","8 dni/7 nocy","","","","","","Warszawa","2026-09-21T06:33:07.933955+00:00","https://fly.pl/szukaj-wycieczek/?filter[dest]=11:&filter[hotelids]=&filter[cityids]=0&filter[cregids]=&filter[ofrType]=&filter[addObjType]=&filter[whenFrom]=21-09-2026&filter[whenTo]=21-10-2026&filter[duration]=7:10&filter[from]=Warszawa%20-%20Modlin,Warszawa%20-%20Radom,Warszawa&filter[person]=2&filter[child]=1&filter[price]=4000:20000&filter[PriceFrom]=4000&filter[PriceTo]=20000&filter[addCategory]=50&filter[addCatering]=1&filter[addMisc]=0&filter[addTransport]=F&filter[fp]=1&order_by=ofr_price&filter[tourOperator]=0&filter[childAge][1]=20201210","https://datacfstatic.merlinx.pl/OASI/IMG/24139/e3a15b238b2d30f27199dd0e48d3c85c0bc5e06a1c321d66bdb885dd7a89e111.webp","https://fly.pl/wycieczka/egipt,hurghada,c/rewaya-majestic-resort-10/pPKyP5snigmOqGVa3y7qQGAAoguSFNX8d7v0Hp60GsvfwAWktkr-oXB6pv3Vpnitl03gMqBE9BU0kwrZ_D1QZI3VhQAVjpAWACagNVQUlyIRwRy7wBuQShjw-rBBsbuOEMGOiNEQGXsfSFAgIAYwECDeAhMeo/ofertasv/?filter[tourOperator]=OASI&filter%5Bperson%5D=2&filter%5BchildAge%5D%5B1%5D=20201210&filter%5Bchild%5D=1"
"Pickalbatros Sands Port Ghalib (ex. Red Sea Siva Sands)","11383.0","04.10.2026 - 11.10.2026","8 dni/7 nocy","","4.5","4.5","3436","tripadvisor","Warszawa","2026-09-21T06:33:07.933955+00:00","https://fly.pl/szukaj-wycieczek/?filter[dest]=11:&filter[hotelids]=&filter[cityids]=0&filter[cregids]=&filter[ofrType]=&filter[addObjType]=&filter[whenFrom]=21-09-2026&filter[whenTo]=21-10-2026&filter[duration]=7:10&filter[from]=Warszawa%20-%20Modlin,Warszawa%20-%20Radom,Warszawa&filter[person]=2&filter[child]=1&filter[price]=4000:20000&filter[PriceFrom]=4000&filter[PriceTo]=20000&filter[addCategory]=50&filter[addCatering]=1&filter[addMisc]=0&filter[addTransport]=F&filter[fp]=1&order_by=ofr_price&filter[tourOperator]=0&filter[childAge][1]=20201210","https://fly.pl/cdn/photo/assets/uploads/582/278/2014/07/PICKALBATROS-SANDS-PORT-GHALIB.jpg","https://fly.pl/wycieczka/egipt,marsa-alam,port-ghalib/crowne-plaza-sahara-sands-resort/pq3QqAMVxGl4wcgRZE7MTTAAogKIeLJ_NubOkHdLvVgb1EuwAAAAAZgwQANYMEAAcAAQAqBFdFWlkwrZ_D1QZI91hQQVixAmADaglFbnRlciBBaXJqBDAwNTByQp4BlAEfABwBAgAWBBcCEQMS6gMV2gUYlQMTzQFA8XJMtpYBTwBLsS9QAB2Rvw8gHBu2qx8NoZ-jCQESYwENYwECDM7DiNE/ofertasv/?filter[tourOperator]=WEZY&filter%5Bperson%5D=2&filter%5BchildAge%5D%5B1%5D=20201210&filter%5Bchild%5D=1"
"Charmillion Club Resort","11398.0","10.10.2026 - 17.10.2026","8 dni/7 nocy","","4.5","4.5","6075","tripadvisor","Warszawa","2026-09-21T06:33:07.933955+00:00","https://fly.pl/szukaj-wycieczek/?filter[dest]=11:&filter[hotelids]=&filter[cityids]=0&filter[cregids]=&filter[ofrType]=&filter[addObjType]=&filter[whenFrom]=21-09-2026&filter[whenTo]=21-10-2026&filter[duration]=7:10&filter[from]=Warszawa%20-%20Modlin,Warszawa%20-%20Radom,Warszawa&filter[person]=2&filter[child]=1&filter[price]=4000:20000&filter[PriceFrom]=4000&filter[PriceTo]=20000&filter[addCategory]=50&filter[addCatering]=1&filter[addMisc]=0&filter[addTransport]=F&filter[fp]=1&order_by=ofr_price&filter[tourOperator]=0&filter[childAge][1]=20201210","https://fly.pl/cdn/photo/assets/uploads/582/278/2014/07/Charmillion-Club-Resort-ex.-Sea-Club-Resort-fly-pl.jpg","https://fly.pl/wycieczka/egipt,sharm-el-sheikh,c/sea-club-sharm-el-sheikh/pz2D3XIcRhPy_a-sHxEbNGAAogdqRPfPsqpMv9KDffLPcrbAAAAACZhAQAtoQEAAcAEgAqBFdFWlkwrZ_D1QZIhllQQVjBA2ADaglFbnRlciBBaXJqBDA4MDByQ54BlQEfAAIBHAAWBBcCEu0DGIUFE80BFMkEEZEOQIFkTKCiAU8AS8cjUAAbyYABHcjBDiAdDdzHwgkBEmMBDWMBAgXjijMC/ofertasv/?filter[tourOperator]=WEZY&filter%5Bperson%5D=2&filter%5BchildAge%5D%5B1%5D=20201210&filter%5Bchild%5D=1"
"Naama Bay Promenade Beach Resort","11398.0","10.10.2026 - 17.10.2026","8 dni/7 nocy","","4.2","4.2","1290","tripadvisor","Warszawa","2026-09-21T06:33:07.933955+00:00","https://fly.pl/szukaj-wycieczek/?filter[dest]=11:&filter[hotelids]=&filter[cityids]=0&filter[cregids]=&filter[ofrType]=&filter[addObjType]=&filter[whenFrom]=21-09-2026&filter[whenTo]=21-10-2026&filter[duration]=7:10&filter[from]=Warszawa%20-%20Modlin,Warszawa%20-%20Radom,Warszawa&filter[person]=2&filter[child]=1&filter[price]=4000:20000&filter[PriceFrom]=4000&filter[PriceTo]=20000&filter[addCategory]=50&filter[addCatering]=1&filter[addMisc]=0&filter[addTransport]=F&filter[fp]=1&order_by=ofr_price&filter[tourOperator]=0&filter[childAge][1]=20201210","https://fly.pl/cdn/photo/assets/uploads/582/278/2021/07/Naama-Bay-Promenade-Beach-Resort.jpg","https://fly.pl/wycieczka/egipt,sharm-el-sheikh,szarm-el-szejk/naama-bay-promenade-beach-resort-10/pCcnJ5pTn0VSABqBfBZcXAAAogbGCu8FFnwu9O1T0yjskb1gAAAACZhAQAtoQEAAcAEgAqBFdFWlkwrZ_D1QZIhllQQVjBA2ADaglFbnRlciBBaXJqBDA4MDByQ54BlQEfAAIBHAAWBBcCEu0DGIUFE80BFMkEEcoPQMhiTKCiAU8AS8cjUAAbuNQDHdntCyAdDdzHwgkBEmMBDGMBAgViyQHq/ofertasv/?filter[tourOperator]=WEZY&filter%5Bperson%5D=2&filter%5BchildAge%5D%5B1%5D=20201210&filter%5Bchild%5D=1"
"Jaz Sharm Dreams Resort","11413.0","27.09.2026 - 04.10.2026","8 dni/7 nocy","","4.3","4.3","6568","tripadvisor","Warszawa","2026-09-21T06:33:07.933955+00:00","https://fly.pl/szukaj-wycieczek/?filter[dest]=11:&filter[hotelids]=&filter[cityids]=0&filter[cregids]=&filter[ofrType]=&filter[addObjType]=&filter[whenFrom]=21-09-2026&filter[whenTo]=21-10-2026&filter[duration]=7:10&filter[from]=Warszawa%20-%20Modlin,Warszawa%20-%20Radom,Warszawa&filter[person]=2&filter[child]=1&filter[price]=4000:20000&filter[PriceFrom]=4000&filter[PriceTo]=20000&filter[addCategory]=50&filter[addCatering]=1&filter[addMisc]=0&filter[addTransport]=F&filter[fp]=1&order_by=ofr_price&filter[tourOperator]=0&filter[childAge][1]=20201210","https://fly.pl/cdn/photo/assets/uploads/582/278/2014/07/Jaz-Sharm-Dreams.jpg","https://fly.pl/wycieczka/egipt,sharm-el-sheikh,c/hilton-sharm-dreams-resort/p64csNUMqh-gebYkbai7RKAAog0hCiSroOUSv1krMMkon6VtvhBFpwv_tYWcE8EXXr1-EqBEpPSVAwrZ_D1QZIlVlQQViJAWACagMwRkhyQpsBFAEVBhcAXANYBVYCQMoGT-IBXQARxMYBXpo0UqYgUwBLxyNhAEzljDoN0vyXCSAAAYjI8L-1iMygMAINYwEADIo4MpY/ofertasv/?filter[tourOperator]=JOIP&filter%5Bperson%5D=2&filter%5BchildAge%5D%5B1%5D=20201210&filter%5Bchild%5D=1"
"Swiss Inn Resort Hurghada (ex. Hilton Hurghada Resort)","11437.0","04.10.2026 - 11.10.2026","8 dni/7 nocy","","4.5","4.5","1879","tripadvisor","Warszawa","2026-09-21T06:33:07.933955+00:00","https://fly.pl/szukaj-wycieczek/?filter[dest]=11:&filter[hotelids]=&filter[cityids]=0&filter[cregids]=&filter[ofrType]=&filter[addObjType]=&filter[whenFrom]=21-09-2026&filter[whenTo]=21-10-2026&filter[duration]=7:10&filter[from]=Warszawa%20-%20Modlin,Warszawa%20-%20Radom,Warszawa&filter[person]=2&filter[child]=1&filter[price]=4000:20000&filter[PriceFrom]=4000&filter[PriceTo]=20000&filter[addCategory]=50&filter[addCatering]=1&filter[addMisc]=0&filter[addTransport]=F&filter[fp]=1&order_by=ofr_price&filter[tourOperator]=0&filter[childAge][1]=20201210","https://fly.pl/cdn/photo/assets/uploads/582/278/2014/07/Swiss-Inn-Resort-Hurghada.jpg","https://fly.pl/wycieczka/egipt,hurghada,c/hilton-resort/pPnXIss24HaNoJipk_r5EwAAogNxICQ-UhDncKE1AWQ-eR9AAAAADjggQA_4IEAAcAAQAqBFdFWlkwrZ_D1QZIrVlQQVixAmADaglFbnRlciBBaXJqBDAwMTVyQZ4BlAEfAAIBHAAWBBcCEu0DFdoFGJUDE7kBQIVzTMsyTwARo0JL-VBQABuIKx3Tkw8gHA2Ny8IJARJjAQxjAQIG-xwmOg/ofertasv/?filter[tourOperator]=WEZY&filter%5Bperson%5D=2&filter%5BchildAge%5D%5B1%5D=20201210&filter%5Bchild%5D=1"
"Titanic Royal","11474.0","27.09.2026 - 04.10.2026","8 dni/7 nocy","","4.8","4.8","4654","tripadvisor","Warszawa","2026-09-21T06:33:07.933955+00:00","https://fly.pl/szukaj-wycieczek/?filter[dest]=11:&filter[hotelids]=&filter[cityids]=0&filter[cregids]=&filter[ofrType]=&filter[addObjType]=&filter[whenFrom]=21-09-2026&filter[whenTo]=21-10-2026&filter[duration]=7:10&filter[from]=Warszawa%20-%20Modlin,Warszawa%20-%20Radom,Warszawa&filter[person]=2&filter[child]=1&filter[price]=4000:20000&filter[PriceFrom]=4000&filter[PriceTo]=20000&filter[addCategory]=50&filter[addCatering]=1&filter[addMisc]=0&filter[addTransport]=F&filter[fp]=1&order_by=ofr_price&filter[tourOperator]=0&filter[childAge][1]=20201210","https://fly.pl/cdn/photo/assets/uploads/582/278/2018/12/Titanic-Royal-fly-pl.jpg","https://fly.pl/wycieczka/egipt,hurghada,c/titanic-royal/pauok_-1loU03nROlq6fHHAAog9vt1UmTBm7tPs75pwzobVgAAAADiggQA_oIEAAcAAQAqBFdFWlkwrZ_D1QZI0llQQViJAWADaglFbnRlciBBaXJqBDAwMTVyQp4BlAEfAAIBFgAcABcGEu0DFdoFGJUDE7kBQIVzTMsyTwARtCFL6HFQAB3avg8gHBuE8DUNvdqMCQESYwEMYwECBUR4uv4/ofertasv/?filter[tourOperator]=WEZY&filter%5Bperson%5D=2&filter%5BchildAge%5D%5B1%5D=20201210&filter%5Bchild%5D=1"
"Jaz Lamaya Resort (ex Iberotel)","11487.0","29.09.2026 - 06.10.2026","8 dni/7 nocy","","4.6","4.6","5880","tripadvisor","Warszawa","2026-09-21T06:33:07.933955+00:00","https://fly.pl/szukaj-wycieczek/?filter[dest]=11:&filter[hotelids]=&filter[cityids]=0&filter[cregids]=&filter[ofrType]=&filter[addObjType]=&filter[whenFrom]=21-09-2026&filter[whenTo]=21-10-2026&filter[duration]=7:10&filter[from]=Warszawa%20-%20Modlin,Warszawa%20-%20Radom,Warszawa&filter[person]=2&filter[child]=1&filter[price]=4000:20000&filter[PriceFrom]=4000&filter[PriceTo]=20000&filter[addCategory]=50&filter[addCatering]=1&filter[addMisc]=0&filter[addTransport]=F&filter[fp]=1&order_by=ofr_price&filter[tourOperator]=0&filter[childAge][1]=20201210","https://fly.pl/cdn/photo/assets/uploads/582/278/2014/09/jaz-lamaya.jpg","https://fly.pl/wycieczka/egipt,marsa-alam,madinat-coraya/iberotel-lamaya-resort/p9AW8r34QmNg3Uk0C9FGYaAAoggiffSgGKdlbFUfaTLXbcXU06hx9ocs0uTwVzFzEHmYkqBEVYSU0wrZ_D1QZI31lQAVi5AWACagJBSXIhHBHzxwa5BPf2PasEHBv33joYqfU7AfXMsbkKAgBjAQIM1XeCMQ/ofertasv/?filter[tourOperator]=EXIM&filter%5Bperson%5D=2&filter%5BchildAge%5D%5B1%5D=20201210&filter%5Bchild%5D=1"
"Safir Dahab Resort","11494.0","11.10.2026 - 18.10.2026","8 dni/7 nocy","","4.5","4.5","1527","tripadvisor","Warszawa","2026-09-21T06:33:07.933955+00:00","https://fly.pl/szukaj-wycieczek/?filter[dest]=11:&filter[hotelids]=&filter[cityids]=0&filter[cregids]=&filter[ofrType]=&filter[addObjType]=&filter[whenFrom]=21-09-2026&filter[whenTo]=21-10-2026&filter[duration]=7:10&filter[from]=Warszawa%20-%20Modlin,Warszawa%20-%20Radom,Warszawa&filter[person]=2&filter[child]=1&filter[price]=4000:20000&filter[PriceFrom]=4000&filter[PriceTo]=20000&filter[addCategory]=50&filter[addCatering]=1&filter[addMisc]=0&filter[addTransport]=F&filter[fp]=1&order_by=ofr_price&filter[tourOperator]=0&filter[childAge][1]=20201210","https://fly.pl/cdn/photo/assets/uploads/582/278/2015/09/Safir-Dahab-Resort.jpg","https://fly.pl/wycieczka/egipt,dahab,c/dahab-resort/pY0-aGW7DMo_ZrAG0nZqbNAAog2FIJYsgjhfpHcxUHF8XIzgiPgYhrkVrHHSR3tH9QMnYqBEpPSVAwrZ_D1QZI5llQQVjZA2ACagMwMHdyQpsBFAEVBhcAXANYBVYCQMoGT-IBXQBe3voBEcQEUuIbUwBLxyNhAEzljDoNpv2XCSAAAbq39Ii0iMygMAINYwEAC63MhS4/ofertasv/?filter[tourOperator]=JOIP&filter%5Bperson%5D=2&filter%5BchildAge%5D%5B1%5D=20201210&filter%5Bchild%5D=1"
"Double Tree by Hilton Mangroovy El Gouna Resort","11633.0","01.10.2026 - 08.10.2026","8 dni/7 nocy","","","","","","Warszawa - Radom","2026-09-21T06:33:07.933955+00:00","https://fly.pl/szukaj-wycieczek/?filter[dest]=11:&filter[hotelids]=&filter[cityids]=0&filter[cregids]=&filter[ofrType]=&filter[addObjType]=&filter[whenFrom]=21-09-2026&filter[whenTo]=21-10-2026&filter[duration]=7:10&filter[from]=Warszawa%20-%20Modlin,Warszawa%20-%20Radom,Warszawa&filter[person]=2&filter[child]=1&filter[price]=4000:20000&filter[PriceFrom]=4000&filter[PriceTo]=20000&filter[addCategory]=50&filter[addCatering]=1&filter[addMisc]=0&filter[addTransport]=F&filter[fp]=1&order_by=ofr_price&filter[tourOperator]=0&filter[childAge][1]=20201210","https://datacfstatic.merlinx.pl/OREX/IMG/6513/61970b72b312ea6d0373821b3cb6271ebffe7a152e252532c893aa503ed99358.webp","https://fly.pl/wycieczka/egipt,hurghada,al-dzuna/double-tree-by-hilton-mangroovy-el-gouna-13/pz0KrJGxAgFkSI_f3NIZddAAog2T315cxqL99FtniBsRw5EJtDSG7JGG1kLrratyRh_coqBE9SRVgwrZ_D1QZI8VpQQVjpAWACagVYLjIuMXI2mwEVBxcAXANYBVYCQMoGXdMOT2wR1xxT-4ABUgBer09LgRJhAEzRvjognP2XCQ0AAhJjAQIL4j37nw/ofertasv/?filter[tourOperator]=OREX&filter%5Bperson%5D=2&filter%5BchildAge%5D%5B1%5D=20201210&filter%5Bchild%5D=1"
"Jaz Makadi Oasis Resort","11641.0","01.10.2026 - 08.10.2026","8 dni/7 nocy","","4.7","4.7","5403","tripadvisor","Warszawa","2026-09-21T06:33:07.933955+00:00","https://fly.pl/szukaj-wycieczek/?filter[dest]=11:&filter[hotelids]=&filter[cityids]=0&filter[cregids]=&filter[ofrType]=&filter[addObjType]=&filter[whenFrom]=21-09-2026&filter[whenTo]=21-10-2026&filter[duration]=7:10&filter[from]=Warszawa%20-%20Modlin,Warszawa%20-%20Radom,Warszawa&filter[person]=2&filter[child]=1&filter[price]=4000:20000&filter[PriceFrom]=4000&filter[PriceTo]=20000&filter[addCategory]=50&filter[addCatering]=1&filter[addMisc]=0&filter[addTransport]=F&filter[fp]=1&order_by=ofr_price&filter[tourOperator]=0&filter[childAge][1]=20201210","https://fly.pl/cdn/photo/assets/uploads/582/278/2015/04/Jaz-Makadi-Oasis.jpg","https://fly.pl/wycieczka/egipt,hurghada,makadi-bay/iberotel-makadi-club-oasis/pHWPP74-poTLrPOjmF-kadAAog9BGf6niia4J2JBR8-a6965i_q7xKhskzkRELa_XdvD4qBFNGUEwwrZ_D1QZI-VpQQVjpAWACciMLAhUFIgUSIlzMAkAuDeHN1Albvp-5DVGZ3ITpAwISYwECBXnkhvU/ofertasv/?filter[tourOperator]=SFPL&filter%5Bperson%5D=2&filter%5BchildAge%5D%5B1%5D=20201210&filter%5Bchild%5D=1"
"Jaz Elite Maraya","11687.0","26.09.2026 - 04.10.2026","9 dni/7 nocy","","4.9","4.9","2733","tripadvisor","Warszawa","2026-09-21T06:33:07.933955+00:00","https://fly.pl/szukaj-wycieczek/?filter[dest]=11:&filter[hotelids]=&filter[cityids]=0&filter[cregids]=&filter[ofrType]=&filter[addObjType]=&filter[whenFrom]=21-09-2026&filter[whenTo]=21-10-2026&filter[duration]=7:10&filter[from]=Warszawa%20-%20Modlin,Warszawa%20-%20Radom,Warszawa&filter[person]=2&filter[child]=1&filter[price]=4000:20000&filter[PriceFrom]=4000&filter[PriceTo]=20000&filter[addCategory]=50&filter[addCatering]=1&filter[addMisc]=0&filter[addTransport]=F&filter[fp]=1&order_by=ofr_price&filter[tourOperator]=0&filter[childAge][1]=20201210","https://fly.pl/cdn/photo/assets/uploads/582/278/2019/08/Jaz-Maraya.jpg","https://fly.pl/wycieczka/egipt,marsa-alam,c/jaz-maraya/p7D2f-g_uaAKJDpkM_i3bQAAoggDRkZ8l5BS-lMUn91c1tcvPOVhexA4B-vTIRTOTMdjUqBEVYSU0wrZ_D1QZIp1tQAVhxYAJqAkFJciEcEZXKBrkEwPU9qwQbG7epPBiY9D0B_Prc7goCAGMBAgyd1UhF/ofertasv/?filter[tourOperator]=EXIM&filter%5Bperson%5D=2&filter%5BchildAge%5D%5B1%5D=20201210&filter%5Bchild%5D=1"
"Pickalbatros Palace Port Ghalib (ex. Red Sea The Palace)","11701.0","26.09.2026 - 03.10.2026","8 dni/7 nocy","","4.7","4.7","3738","tripadvisor","Warszawa","2026-09-21T06:33:07.933955+00:00","https://fly.pl/szukaj-wycieczek/?filter[dest]=11:&filter[hotelids]=&filter[cityids]=0&filter[cregids]=&filter[ofrType]=&filter[addObjType]=&filter[whenFrom]=21-09-2026&filter[whenTo]=21-10-2026&filter[duration]=7:10&filter[from]=Warszawa%20-%20Modlin,Warszawa%20-%20Radom,Warszawa&filter[person]=2&filter[child]=1&filter[price]=4000:20000&filter[PriceFrom]=4000&filter[PriceTo]=20000&filter[addCategory]=50&filter[addCatering]=1&filter[addMisc]=0&filter[addTransport]=F&filter[fp]=1&order_by=ofr_price&filter[tourOperator]=0&filter[childAge][1]=20201210","https://fly.pl/cdn/photo/assets/uploads/582/278/2014/09/albatros-palace.jpg","https://fly.pl/wycieczka/egipt,marsa-alam,port-ghalib/intercontinental-the-palace-port-ghalib/p8ene7nZgw2NYiN-zA1uUMAAogzqOsqGsCouDobGUuCDoc6mN5nXJGiD9Rad5ib_UKovUqBFNGUEwwrZ_D1QZItVtQQVhxYAJyJAsCFQUiBRIoXMYCQC4Nls3UCVuJvLUNUd2i2ejfAQISYwECBXBS7y4/ofertasv/?filter[tourOperator]=SFPL&filter%5Bperson%5D=2&filter%5BchildAge%5D%5B1%5D=20201210&filter%5Bchild%5D=1"
"Nubian Island","11775.0","10.10.2026 - 17.10.2026","8 dni/7 nocy","","4.7","4.7","3724","tripadvisor","Warszawa","2026-09-21T06:33:07.933955+00:00","https://fly.pl/szukaj-wycieczek/?filter[dest]=11:&filter[hotelids]=&filter[cityids]=0&filter[cregids]=&filter[ofrType]=&filter[addObjType]=&filter[whenFrom]=21-09-2026&filter[whenTo]=21-10-2026&filter[duration]=7:10&filter[from]=Warszawa%20-%20Modlin,Warszawa%20-%20Radom,Warszawa&filter[person]=2&filter[child]=1&filter[price]=4000:20000&filter[PriceFrom]=4000&filter[PriceTo]=20000&filter[addCategory]=50&filter[addCatering]=1&filter[addMisc]=0&filter[addTransport]=F&filter[fp]=1&order_by=ofr_price&filter[tourOperator]=0&filter[childAge][1]=20201210","https://fly.pl/cdn/photo/assets/uploads/582/278/2014/07/Nubian-Island.jpg","https://fly.pl/wycieczka/egipt,sharm-el-sheikh,c/nubian-island/pVJNEoU-GZd2o1YBxaVTvJAAogEh0oa32mZMMpMsgKgYuyggAAAACZhAQAtoQEAAcAEgAqBFdFWlkwrZ_D1QZI_1tQQVjBA2ADaglFbnRlciBBaXJqBDA4MDByQp4BlQEfABwBAgAWBBcCEXcS9gIYhQUTzQEUyQRAknJMoKIBTwBLxyNQABuruwQd5oYLIB0N3MfCCQESYwEOYwECBe4TGms/ofertasv/?filter[tourOperator]=WEZY&filter%5Bperson%5D=2&filter%5BchildAge%5D%5B1%5D=20201210&filter%5Bchild%5D=1"
"Nubian Village","11775.0","10.10.2026 - 17.10.2026","8 dni/7 nocy","","4.5","4.5","4649","tripadvisor","Warszawa","2026-09-21T06:33:07.933955+00:00","https://fly.pl/szukaj-wycieczek/?filter[dest]=11:&filter[hotelids]=&filter[cityids]=0&filter[cregids]=&filter[ofrType]=&filter[addObjType]=&filter[whenFrom]=21-09-2026&filter[whenTo]=21-10-2026&filter[duration]=7:10&filter[from]=Warszawa%20-%20Modlin,Warszawa%20-%20Radom,Warszawa&filter[person]=2&filter[child]=1&filter[price]=4000:20000&filter[PriceFrom]=4000&filter[PriceTo]=20000&filter[addCategory]=50&filter[addCatering]=1&filter[addMisc]=0&filter[addTransport]=F&filter[fp]=1&order_by=ofr_price&filter[tourOperator]=0&filter[childAge][1]=20201210","https://fly.pl/cdn/photo/assets/uploads/582/278/2014/07/Nubian-Village-fly-pl.jpg","https://fly.pl/wycieczka/egipt,sharm-el-sheikh,c/nubian-village/pUK_EWCOgzkWBm9GT0S9u_AAogxIkI1i-xMb6UX5YK9Gr-AgAAAACZhAQAtoQEAAcAEgAqBFdFWlkwrZ_D1QZI_1tQQVjBA2ADaglFbnRlciBBaXJqBDA4MDByQp4BlQEfABwBAgAWBBcCEXgS9QIYhQUTzQEUyQRAknJMoKIBTwBLxyNQABuruwQd5oYLIB0N3MfCCQESYwEOYwECBfCV2qg/ofertasv/?filter[tourOperator]=WEZY&filter%5Bperson%5D=2&filter%5BchildAge%5D%5B1%5D=20201210&filter%5Bchild%5D=1"
"Steigenberger Aqua Magic","11789.0","13.10.2026 - 20.10.2026","8 dni/7 nocy","","4.6","4.6","10965","tripadvisor","Warszawa","2026-09-21T06:33:07.933955+00:00","https://fly.pl/szukaj-wycieczek/?filter[dest]=11:&filter[hotelids]=&filter[cityids]=0&filter[cregids]=&filter[ofrType]=&filter[addObjType]=&filter[whenFrom]=21-09-2026&filter[whenTo]=21-10-2026&filter[duration]=7:10&filter[from]=Warszawa%20-%20Modlin,Warszawa%20-%20Radom,Warszawa&filter[person]=2&filter[child]=1&filter[price]=4000:20000&filter[PriceFrom]=4000&filter[PriceTo]=20000&filter[addCategory]=50&filter[addCatering]=1&filter[addMisc]=0&filter[addTransport]=F&filter[fp]=1&order_by=ofr_price&filter[tourOperator]=0&filter[childAge][1]=20201210","https://fly.pl/cdn/photo/assets/uploads/582/278/2014/09/Steigenberger-Aqua-Magic.jpg","https://fly.pl/wycieczka/egipt,hurghada,c/steigenberger-aqua-magic/pIu-eH7YOtF24fs8aD92nmAAogiqnbkJue4xmavpdOe0DSzmqyvADKfxjztHOrlw2TEoUqBEpPSVAwsZ_D1QZIjVxQQViJBGACagMwMHdyQpsBFAEVBhcAXANYBVYCQMoGT-IBXQBSr6sBUwARohpejTVL7UNhAEzljDoNqP2XCSAAAbqPtODEhsygMAINYwEAC_mrHr0/ofertasv/?filter[tourOperator]=JOIP&filter%5Bperson%5D=2&filter%5BchildAge%5D%5B1%5D=20201210&filter%5Bchild%5D=1"
"Sunrise Anjum Resort","11908.0","27.09.2026 - 04.10.2026","8 dni/7 nocy","","4.9","4.9","1616","tripadvisor","Warszawa","2026-09-21T06:33:07.933955+00:00","https://fly.pl/szukaj-wycieczek/?filter[dest]=11:&filter[hotelids]=&filter[cityids]=0&filter[cregids]=&filter[ofrType]=&filter[addObjType]=&filter[whenFrom]=21-09-2026&filter[whenTo]=21-10-2026&filter[duration]=7:10&filter[from]=Warszawa%20-%20Modlin,Warszawa%20-%20Radom,Warszawa&filter[person]=2&filter[child]=1&filter[price]=4000:20000&filter[PriceFrom]=4000&filter[PriceTo]=20000&filter[addCategory]=50&filter[addCatering]=1&filter[addMisc]=0&filter[addTransport]=F&filter[fp]=1&order_by=ofr_price&filter[tourOperator]=0&filter[childAge][1]=20201210","https://fly.pl/cdn/photo/assets/uploads/582/278/2024/02/Sunrise-Anjum-Resort.jpg","https://fly.pl/wycieczka/egipt,marsa-alam,c/sunrise-anjum-resort-12/p11aDXJbbZ2UKh5y7idqieAAogK4wQILyUznMZbdWp_mXoWgAAAAAYgwQANIMEAAcABQAqBFdFWlkwsZ_D1QZIhF1QQViJAWADaglFbnRlciBBaXJqBDAwNTByRJ4BlAEfAAIBHAAWBBcCEu0DFdoFGJUDE80BQPFyT7aWAUwAS7EvUAAR3IIBHbS8DiAcG42KJA3-v54JARJjAQxjAQQLMch7Xg/ofertasv/?filter[tourOperator]=WEZY&filter%5Bperson%5D=2&filter%5BchildAge%5D%5B1%5D=20201210&filter%5Bchild%5D=1"
"Steigenberger Golf Resort","11911.0","27.09.2026 - 04.10.2026","8 dni/7 nocy","","4.8","4.8","1672","tripadvisor","Warszawa","2026-09-21T06:33:07.933955+00:00","https://fly.pl/szukaj-wycieczek/?filter[dest]=11:&filter[hotelids]=&filter[cityids]=0&filter[cregids]=&filter[ofrType]=&filter[addObjType]=&filter[whenFrom]=21-09-2026&filter[whenTo]=21-10-2026&filter[duration]=7:10&filter[from]=Warszawa%20-%20Modlin,Warszawa%20-%20Radom,Warszawa&filter[person]=2&filter[child]=1&filter[price]=4000:20000&filter[PriceFrom]=4000&filter[PriceTo]=20000&filter[addCategory]=50&filter[addCatering]=1&filter[addMisc]=0&filter[addTransport]=F&filter[fp]=1&order_by=ofr_price&filter[tourOperator]=0&filter[childAge][1]=20201210","https://fly.pl/cdn/photo/assets/uploads/582/278/2015/01/Steigenberger-Golf.jpg","https://fly.pl/wycieczka/egipt,hurghada,el-gouna/steigenberger-golf/pJBQyuSE5ks7sDH0oOyAtkAAoghmGZ2--IxTq908ULseStzAAAAADiggQA_oIEAAcAAQAqBFdFWlkwsZ_D1QZIh11QQViJAWADaglFbnRlciBBaXJqBDAwMTVyQp4BlAEfABwBAgAWBBcCER4SzwMV2gUYlQMTuQFAhXNMyzJPAEuckwFQABuYggQdwrwLIBwNwcrCCQESYwENYwECBQ4eNaE/ofertasv/?filter[tourOperator]=WEZY&filter%5Bperson%5D=2&filter%5BchildAge%5D%5B1%5D=20201210&filter%5Bchild%5D=1"
"Swissotel Sharm El Sheikh","12077.0","10.10.2026 - 17.10.2026","8 dni/7 nocy","","","","","","Warszawa","2026-09-21T06:33:07.933955+00:00","https://fly.pl/szukaj-wycieczek/?filter[dest]=11:&filter[hotelids]=&filter[cityids]=0&filter[cregids]=&filter[ofrType]=&filter[addObjType]=&filter[whenFrom]=21-09-2026&filter[whenTo]=21-10-2026&filter[duration]=7:10&filter[from]=Warszawa%20-%20Modlin,Warszawa%20-%20Radom,Warszawa&filter[person]=2&filter[child]=1&filter[price]=4000:20000&filter[PriceFrom]=4000&filter[PriceTo]=20000&filter[addCategory]=50&filter[addCatering]=1&filter[addMisc]=0&filter[addTransport]=F&filter[fp]=1&order_by=ofr_price&filter[tourOperator]=0&filter[childAge][1]=20201210","https://fly.pl/cdn/photo/assets/uploads/582/278/2023/12/Swissotel-Sharm-El-Sheikh.jpg","https://fly.pl/wycieczka/egipt,sharm-el-sheikh,szarm-el-szejk/swissotel-sharm-el-sheikh-14/pyWjgS8S5z0sQeq2SIn7VQAAogptmA1W54OQEuMi3LZM_rEgAAAACZhAQAtoQEAAcAEgAqBFdFWlkwsZ_D1QZIrV5QQVjBA2ADaglFbnRlciBBaXJqBDA4MDByQ54BlQEfAAIBFgAcABcGEu0DGIUFE80BFMkEQJJyT6CiAUwAS8cjUAAR-GAdmeEOIB0bv8c2DZ2AjAkBEmMBDGMBAws4clCo/ofertasv/?filter[tourOperator]=WEZY&filter%5Bperson%5D=2&filter%5BchildAge%5D%5B1%5D=20201210&filter%5Bchild%5D=1"
"Pickalbatros Citadel Sahl Hasheesh (ex. Citadel Azur Resort)","12088.0","27.09.2026 - 04.10.2026","8 dni/7 nocy","","4.5","4.5","4866","tripadvisor","Warszawa","2026-09-21T06:33:07.933955+00:00","https://fly.pl/szukaj-wycieczek/?filter[dest]=11:&filter[hotelids]=&filter[cityids]=0&filter[cregids]=&filter[ofrType]=&filter[addObjType]=&filter[whenFrom]=21-09-2026&filter[whenTo]=21-10-2026&filter[duration]=7:10&filter[from]=Warszawa%20-%20Modlin,Warszawa%20-%20Radom,Warszawa&filter[person]=2&filter[child]=1&filter[price]=4000:20000&filter[PriceFrom]=4000&filter[PriceTo]=20000&filter[addCategory]=50&filter[addCatering]=1&filter[addMisc]=0&filter[addTransport]=F&filter[fp]=1&order_by=ofr_price&filter[tourOperator]=0&filter[childAge][1]=20201210","https://fly.pl/cdn/photo/assets/uploads/582/278/2014/07/Albatros-Citadel-Sahl-Hasheesh-ex.-Citadel-Azur-Resort-fly-pl.jpg","https://fly.pl/wycieczka/egipt,hurghada,c/citadel-azur-resort/pM3AOwaXp4W8ZhLjFlk5JWAAoguuLduXO0HA817IYwD_1k7AAAAADiggQA_oIEAAcAAQAqBFdFWlkwsZ_D1QZIuF5QQViJAWADaglFbnRlciBBaXJqBDAwMTVyQp4BlAEfABwBAgAWBBcCEVMSmgMV2gUYlQMTuQFAhXNMyzJPAEuckwFQAB3avg8gHBvFgWcN_MjbCAESYwENYwECDHGd01U/ofertasv/?filter[tourOperator]=WEZY&filter%5Bperson%5D=2&filter%5BchildAge%5D%5B1%5D=20201210&filter%5Bchild%5D=1"
"Pickalbatros Dana Beach Resort","12123.0","27.09.2026 - 04.10.2026","8 dni/7 nocy","","4.4","4.4","2871","tripadvisor","Warszawa","2026-09-21T06:33:07.933955+00:00","https://fly.pl/szukaj-wycieczek/?filter[dest]=11:&filter[hotelids]=&filter[cityids]=0&filter[cregids]=&filter[ofrType]=&filter[addObjType]=&filter[whenFrom]=21-09-2026&filter[whenTo]=21-10-2026&filter[duration]=7:10&filter[from]=Warszawa%20-%20Modlin,Warszawa%20-%20Radom,Warszawa&filter[person]=2&filter[child]=1&filter[price]=4000:20000&filter[PriceFrom]=4000&filter[PriceTo]=20000&filter[addCategory]=50&filter[addCatering]=1&filter[addMisc]=0&filter[addTransport]=F&filter[fp]=1&order_by=ofr_price&filter[tourOperator]=0&filter[childAge][1]=20201210","https://fly.pl/cdn/photo/assets/uploads/582/278/2014/10/Dana-Beach-Resort-fly-pl-1.jpg","https://fly.pl/wycieczka/egipt,hurghada,c/dana-beach/pu6dfu25CZ-hMT-L9Vx7NeAAogQreoXPoHSbzG_mK_0EqzXwAAAADiggQA_oIEAAcAAQAqBFdFWlkwsZ_D1QZI215QQViJAWADaglFbnRlciBBaXJqBDAwMTVyQ54BlAEfAAIBHAAWBBcCEu0DFdoFGJUDE7kBQIVzEb4aTI0YTwBLnJMBUAAd2r4PIBwbopoFDZ-wvQkBEmMBDWMBAgz36vj8/ofertasv/?filter[tourOperator]=WEZY&filter%5Bperson%5D=2&filter%5BchildAge%5D%5B1%5D=20201210&filter%5Bchild%5D=1"
"Invidia Coral Beach Tiran","12169.0","10.10.2026 - 17.10.2026","8 dni/7 nocy","","4.8","4.8","337","tripadvisor","Warszawa","2026-09-21T06:33:07.933955+00:00","https://fly.pl/szukaj-wycieczek/?filter[dest]=11:&filter[hotelids]=&filter[cityids]=0&filter[cregids]=&filter[ofrType]=&filter[addObjType]=&filter[whenFrom]=21-09-2026&filter[whenTo]=21-10-2026&filter[duration]=7:10&filter[from]=Warszawa%20-%20Modlin,Warszawa%20-%20Radom,Warszawa&filter[person]=2&filter[child]=1&filter[price]=4000:20000&filter[PriceFrom]=4000&filter[PriceTo]=20000&filter[addCategory]=50&filter[addCatering]=1&filter[addMisc]=0&filter[addTransport]=F&filter[fp]=1&order_by=ofr_price&filter[tourOperator]=0&filter[childAge][1]=20201210","https://fly.pl/cdn/photo/assets/uploads/582/278/2014/07/Coral-Beach-Rotana-Tiran-fly-pl.jpg","https://fly.pl/wycieczka/egipt,sharm-el-sheikh,c/coral-beach-rotana-tiran/prYEtMNnw5xvwtWnFy1vAPAAogaB0HhyhAMfR7j9Z3IwXEWAAAAACZhAQAtoQEAAcAEgAqBFdFWlkwsZ_D1QZIiV9QQVjBA2ADaglFbnRlciBBaXJqBDA4MDByQp4BlQEfABwBAgAWABcGESMSygMYhQUTzQEUyQRAknJMoKIBTwBLxyNQAB2Rwg8gHRvXwmQNhYXeCAESYwEMYwECCzM2QdY/ofertasv/?filter[tourOperator]=WEZY&filter%5Bperson%5D=2&filter%5BchildAge%5D%5B1%5D=20201210&filter%5Bchild%5D=1"
"Cleopatra Luxury Resort (Makadi Bay)","12187.0","08.10.2026 - 15.10.2026","8 dni/7 nocy","","4.6","4.6","3189","tripadvisor","Warszawa","2026-09-21T06:33:07.933955+00:00","https://fly.pl/szukaj-wycieczek/?filter[dest]=11:&filter[hotelids]=&filter[cityids]=0&filter[cregids]=&filter[ofrType]=&filter[addObjType]=&filter[whenFrom]=21-09-2026&filter[whenTo]=21-10-2026&filter[duration]=7:10&filter[from]=Warszawa%20-%20Modlin,Warszawa%20-%20Radom,Warszawa&filter[person]=2&filter[child]=1&filter[price]=4000:20000&filter[PriceFrom]=4000&filter[PriceTo]=20000&filter[addCategory]=50&filter[addCatering]=1&filter[addMisc]=0&filter[addTransport]=F&filter[fp]=1&order_by=ofr_price&filter[tourOperator]=0&filter[childAge][1]=20201210","https://fly.pl/cdn/photo/assets/uploads/582/278/2014/10/Cleopatra-Luxury-Resort-Makadi-Bay.jpg","https://fly.pl/wycieczka/egipt,hurghada,makadi-bay/cleopatra-luxury-resort-makadi-bay/pmvYQbzAkHfPlcoT8YUydNAAogdnaJ-0zvliFZwP3tCX57Vz6OE5pR4WYFWyC8KwnwqSUqBFJOQlcwsZ_D1QZIm19QQViRA2ACagRDQWdKag1BTExfSU5DTFVTSVZFahcyOTYsMzgwLDQ3Nyw0ODMsNDg0LDQ4NXI7nwGWAZ4BFQcXAFgIChhAsAcR8QIZ_FEQ-AZMpi9TiiFSAEuckwFhAB3m8j8POSDplpIJDQACDWMBAgaAJ6IC/ofertasv/?filter[tourOperator]=RNBW&filter%5Bperson%5D=2&filter%5BchildAge%5D%5B1%5D=20201210&filter%5Bchild%5D=1"
"Laguna Vista Garden","12230.0","11.10.2026 - 18.10.2026","8 dni/7 nocy","","4.3","4.3","6019","tripadvisor","Warszawa","2026-09-21T06:33:07.933955+00:00","https://fly.pl/szukaj-wycieczek/?filter[dest]=11:&filter[hotelids]=&filter[cityids]=0&filter[cregids]=&filter[ofrType]=&filter[addObjType]=&filter[whenFrom]=21-09-2026&filter[whenTo]=21-10-2026&filter[duration]=7:10&filter[from]=Warszawa%20-%20Modlin,Warszawa%20-%20Radom,Warszawa&filter[person]=2&filter[child]=1&filter[price]=4000:20000&filter[PriceFrom]=4000&filter[PriceTo]=20000&filter[addCategory]=50&filter[addCatering]=1&filter[addMisc]=0&filter[addTransport]=F&filter[fp]=1&order_by=ofr_price&filter[tourOperator]=0&filter[childAge][1]=20201210","https://fly.pl/cdn/photo/assets/uploads/582/278/2014/07/Laguna-Vista-Garden.jpg","https://fly.pl/wycieczka/egipt,sharm-el-sheikh,c/laguna-vista-garden/pDaxSbBM13ICvdIiMVLm8OAAogpigNr-OMX6g4syzE-BbCTQiPgYhrkVrHHSR3tH9QMnYqBEpPSVAwsZ_D1QZIxl9QQVjZA2ACagNDR21yQpsBFAEVBhcAXANYBVYCQMoGT-IBXQARgcwBXt0uUqYgUwBLxyNhAEzljDoNpv2XCSAAAbzBkPnSiMygMAINYwEADHoTlgw/ofertasv/?filter[tourOperator]=JOIP&filter%5Bperson%5D=2&filter%5BchildAge%5D%5B1%5D=20201210&filter%5Bchild%5D=1"
"Domina Coral Bay Aquamarine","12267.0","27.09.2026 - 04.10.2026","8 dni/7 nocy","","4.2","4.2","12426","tripadvisor","Warszawa","2026-09-21T06:33:07.933955+00:00","https://fly.pl/szukaj-wycieczek/?filter[dest]=11:&filter[hotelids]=&filter[cityids]=0&filter[cregids]=&filter[ofrType]=&filter[addObjType]=&filter[whenFrom]=21-09-2026&filter[whenTo]=21-10-2026&filter[duration]=7:10&filter[from]=Warszawa%20-%20Modlin,Warszawa%20-%20Radom,Warszawa&filter[person]=2&filter[child]=1&filter[price]=4000:20000&filter[PriceFrom]=4000&filter[PriceTo]=20000&filter[addCategory]=50&filter[addCatering]=1&filter[addMisc]=0&filter[addTransport]=F&filter[fp]=1&order_by=ofr_price&filter[tourOperator]=0&filter[childAge][1]=20201210","https://fly.pl/cdn/photo/assets/uploads/582/278/2014/07/Domina-Coral-Bay-Aquamarine.jpg","https://fly.pl/wycieczka/egipt,sharm-el-sheikh,c/domina-coral-bay-aquamarine/pXPDWeh-4kAeGAmV8lNoVBAAogPIS5Ln1NAqrP7o3OlTSPJ9vhBFpwv_tYWcE8EXXr1-EqBEpPSVAwsZ_D1QZI619QQViJAWACckMUARUGFwBcA1gFVgJAygZP4gFdAFvpPRH4igFe_TFSpiBTAEvHI2EATOWMOg3S_JcJIAABjLyAqcOIzKAwAg1jAQAMxfNhpA/ofertasv/?filter[tourOperator]=JOIP&filter%5Bperson%5D=2&filter%5BchildAge%5D%5B1%5D=20201210&filter%5Bchild%5D=1"
"Pickalbatros White Beach Resort","12273.0","01.10.2026 - 08.10.2026","8 dni/7 nocy","","4.8","4.8","3785","tripadvisor","Warszawa","2026-09-21T06:33:07.933955+00:00","https://fly.pl/szukaj-wycieczek/?filter[dest]=11:&filter[hotelids]=&filter[cityids]=0&filter[cregids]=&filter[ofrType]=&filter[addObjType]=&filter[whenFrom]=21-09-2026&filter[whenTo]=21-10-2026&filter[duration]=7:10&filter[from]=Warszawa%20-%20Modlin,Warszawa%20-%20Radom,Warszawa&filter[person]=2&filter[child]=1&filter[price]=4000:20000&filter[PriceFrom]=4000&filter[PriceTo]=20000&filter[addCategory]=50&filter[addCatering]=1&filter[addMisc]=0&filter[addTransport]=F&filter[fp]=1&order_by=ofr_price&filter[tourOperator]=0&filter[childAge][1]=20201210","https://fly.pl/cdn/photo/assets/uploads/582/278/2015/09/Albatros-White-Beach-fly-pl.jpg","https://fly.pl/wycieczka/egipt,hurghada,c/albatros-white-beach/pmRkr3whT44ZQ1Fx5BUg_hAAog74sSPmfe7OexdQs79zXjj5i_q7xKhskzkRELa_XdvD4qBFNGUEwwsZ_D1QZI8V9QQVjpAWACciMLAhUFIgUSIlzMAkAuW-uXJw32ta0JUabSt6vBKAISYwECDDEt4Ow/ofertasv/?filter[tourOperator]=SFPL&filter%5Bperson%5D=2&filter%5BchildAge%5D%5B1%5D=20201210&filter%5Bchild%5D=1"
"Coral Sea Sensatori (ex Coral Sea Imperial)","12307.0","10.10.2026 - 17.10.2026","8 dni/7 nocy","","4.6","4.6","10993","tripadvisor","Warszawa","2026-09-21T06:33:07.933955+00:00","https://fly.pl/szukaj-wycieczek/?filter[dest]=11:&filter[hotelids]=&filter[cityids]=0&filter[cregids]=&filter[ofrType]=&filter[addObjType]=&filter[whenFrom]=21-09-2026&filter[whenTo]=21-10-2026&filter[duration]=7:10&filter[from]=Warszawa%20-%20Modlin,Warszawa%20-%20Radom,Warszawa&filter[person]=2&filter[child]=1&filter[price]=4000:20000&filter[PriceFrom]=4000&filter[PriceTo]=20000&filter[addCategory]=50&filter[addCatering]=1&filter[addMisc]=0&filter[addTransport]=F&filter[fp]=1&order_by=ofr_price&filter[tourOperator]=0&filter[childAge][1]=20201210","https://fly.pl/cdn/photo/assets/uploads/582/278/2016/11/Coral-Sea-Sensatori-ex-Coral-Sea-Imperial-fly-pl-2.jpg","https://fly.pl/wycieczka/egipt,sharm-el-sheikh,c/coral-sea-sensatori-ex-coral-sea-imperial/pMynHCN0uXBEagfF93JjHWAAogydI-Hynl7vYL0kIXWrUBEAAAAACZhAQAtoQEAAcAEgAqBFdFWlkwsZ_D1QZIk2BQQVjBA2ADaglFbnRlciBBaXJqBDA4MDByQZ4BlQEfABwBAgAWBBcCESgSxQMYhQUTzQEUyQRAknJMoKIBTwBLxyNQABvh4Q4dsGAgHQ3cx8IJARJjAQ1jAQIFyXYT1Q/ofertasv/?filter[tourOperator]=WEZY&filter%5Bperson%5D=2&filter%5BchildAge%5D%5B1%5D=20201210&filter%5Bchild%5D=1"
"Amphoras Beach","12309.0","27.09.2026 - 04.10.2026","8 dni/7 nocy","","4.4","4.4","6748","tripadvisor","Warszawa","2026-09-21T06:33:07.933955+00:00","https://fly.pl/szukaj-wycieczek/?filter[dest]=11:&filter[hotelids]=&filter[cityids]=0&filter[cregids]=&filter[ofrType]=&filter[addObjType]=&filter[whenFrom]=21-09-2026&filter[whenTo]=21-10-2026&filter[duration]=7:10&filter[from]=Warszawa%20-%20Modlin,Warszawa%20-%20Radom,Warszawa&filter[person]=2&filter[child]=1&filter[price]=4000:20000&filter[PriceFrom]=4000&filter[PriceTo]=20000&filter[addCategory]=50&filter[addCatering]=1&filter[addMisc]=0&filter[addTransport]=F&filter[fp]=1&order_by=ofr_price&filter[tourOperator]=0&filter[childAge][1]=20201210","https://fly.pl/cdn/photo/assets/uploads/582/278/2016/11/AMPHORAS-BEACH.jpg","https://fly.pl/wycieczka/egipt,sharm-el-sheikh,c/otium-amphoras-ex-shores/pgzzm3kOoPBIdRt3tZr2nvAAogMQHoXQ9NYZVl64yeEtiFP9vhBFpwv_tYWcE8EXXr1-EqBEpPSVAwsZ_D1QZIlWBQQViJAWACagMwbkhyQ5sBFAEVBhcAXANYBVYCQMoGT-IBXQBe3voBUqYgUwBLxyNhABHJhgFMnIY5DdL8lwkgAAH04cCAtYjMoDACDWMBAAvPCU6G/ofertasv/?filter[tourOperator]=JOIP&filter%5Bperson%5D=2&filter%5BchildAge%5D%5B1%5D=20201210&filter%5Bchild%5D=1"
"Pickalbatros Water Valley Resort Neverland","12362.0","24.09.2026 - 01.10.2026","8 dni/7 nocy","","4.8","4.8","945","tripadvisor","Warszawa - Radom","2026-09-21T06:33:07.933955+00:00","https://fly.pl/szukaj-wycieczek/?filter[dest]=11:&filter[hotelids]=&filter[cityids]=0&filter[cregids]=&filter[ofrType]=&filter[addObjType]=&filter[whenFrom]=21-09-2026&filter[whenTo]=21-10-2026&filter[duration]=7:10&filter[from]=Warszawa%20-%20Modlin,Warszawa%20-%20Radom,Warszawa&filter[person]=2&filter[child]=1&filter[price]=4000:20000&filter[PriceFrom]=4000&filter[PriceTo]=20000&filter[addCategory]=50&filter[addCatering]=1&filter[addMisc]=0&filter[addTransport]=F&filter[fp]=1&order_by=ofr_price&filter[tourOperator]=0&filter[childAge][1]=20201210","https://fly.pl/cdn/photo/assets/uploads/582/278/2022/08/Pickalbatros-Water-Valley-Resort-Neverland.jpg","https://fly.pl/wycieczka/egipt,hurghada,c/neverland-by-albatros-9/pOSOHtF_0zJHZgF2HxFcDNAAogzVhkThvOgRIQ1To0WEGgTXuHt-JRXqpSz_DOtw-0xygqBE9SRVgwsZ_D1QZIymBQQVhBYAJqB1FDNS4yLjFyNZsBFQcXAFwDWAURAFYCQMoGXdMOT2xT0p0BUgBer09LgRJhAEzRvjogz_yXCQ0AAhJjAQIMW0ajCQ/ofertasv/?filter[tourOperator]=OREX&filter%5Bperson%5D=2&filter%5BchildAge%5D%5B1%5D=20201210&filter%5Bchild%5D=1"
"Jaz Royal Palmariva","12407.0","24.09.2026 - 01.10.2026","8 dni/7 nocy","","4.5","4.5","5154","tripadvisor","Warszawa","2026-09-21T06:33:07.933955+00:00","https://fly.pl/szukaj-wycieczek/?filter[dest]=11:&filter[hotelids]=&filter[cityids]=0&filter[cregids]=&filter[ofrType]=&filter[addObjType]=&filter[whenFrom]=21-09-2026&filter[whenTo]=21-10-2026&filter[duration]=7:10&filter[from]=Warszawa%20-%20Modlin,Warszawa%20-%20Radom,Warszawa&filter[person]=2&filter[child]=1&filter[price]=4000:20000&filter[PriceFrom]=4000&filter[PriceTo]=20000&filter[addCategory]=50&filter[addCatering]=1&filter[addMisc]=0&filter[addTransport]=F&filter[fp]=1&order_by=ofr_price&filter[tourOperator]=0&filter[childAge][1]=20201210","https://fly.pl/cdn/photo/assets/uploads/582/278/2014/07/Labranda-Royal-Makadi.jpg","https://fly.pl/wycieczka/egipt,hurghada,makadi-bay/royal-azur-resort/pRwr0AjNjRIXo_8jFcD8KSAAogjszfnLh6kqGzwYb90VZjrm81lTSXqH6Isk6l7nfwV_cqBEJWUFIwsZ_D1QZI92BQAVhBYAJqDUFsbCBpbmNsdXNpdmVyIBwR3DAbjZ4EGIe_DLkEmfwUqwRPAcfD3a8BAgBjAQILLLM9yA/ofertasv/?filter[tourOperator]=BVPR&filter%5Bperson%5D=2&filter%5BchildAge%5D%5B1%5D=20201210&filter%5Bchild%5D=1"
"True Beach Resort","12424.0","11.10.2026 - 18.10.2026","8 dni/7 nocy","","4.3","4.3","149","tripadvisor","Warszawa","2026-09-21T06:33:07.933955+00:00","https://fly.pl/szukaj-wycieczek/?filter[dest]=11:&filter[hotelids]=&filter[cityids]=0&filter[cregids]=&filter[ofrType]=&filter[addObjType]=&filter[whenFrom]=21-09-2026&filter[whenTo]=21-10-2026&filter[duration]=7:10&filter[from]=Warszawa%20-%20Modlin,Warszawa%20-%20Radom,Warszawa&filter[person]=2&filter[child]=1&filter[price]=4000:20000&filter[PriceFrom]=4000&filter[PriceTo]=20000&filter[addCategory]=50&filter[addCatering]=1&filter[addMisc]=0&filter[addTransport]=F&filter[fp]=1&order_by=ofr_price&filter[tourOperator]=0&filter[childAge][1]=20201210","https://fly.pl/cdn/photo/assets/uploads/582/278/2014/09/True-Beach-Resort.jpg","https://fly.pl/wycieczka/egipt,marsa-alam,c/laguna-beach-marsa-alam/p8FAyw6DM7Jzedg-lXBb8GAAogsl99Yl2kMHpkZr6BUqVlhwAAAAAagwQANoMEAAcAAQAqBFdFWlkwsZ_D1QZIiGFQQVjZA2ADaglFbnRlciBBaXJqBDAwNTByQp4BlAEfAAIBHAAWBBcCEu0DFdoFGJ8DE8MBQPFyEcFrTPUqTwBLsS9QABui2Qwd8OUCIBwN3crCCQESYwEMYwECC1DBWKQ/ofertasv/?filter[tourOperator]=WEZY&filter%5Bperson%5D=2&filter%5BchildAge%5D%5B1%5D=20201210&filter%5Bchild%5D=1"
"Serenity Sky Arc","12457.0","08.10.2026 - 15.10.2026","8 dni/7 nocy","","","","","","Warszawa","2026-09-21T06:33:07.933955+00:00","https://fly.pl/szukaj-wycieczek/?filter[dest]=11:&filter[hotelids]=&filter[cityids]=0&filter[cregids]=&filter[ofrType]=&filter[addObjType]=&filter[whenFrom]=21-09-2026&filter[whenTo]=21-10-2026&filter[duration]=7:10&filter[from]=Warszawa%20-%20Modlin,Warszawa%20-%20Radom,Warszawa&filter[person]=2&filter[child]=1&filter[price]=4000:20000&filter[PriceFrom]=4000&filter[PriceTo]=20000&filter[addCategory]=50&filter[addCatering]=1&filter[addMisc]=0&filter[addTransport]=F&filter[fp]=1&order_by=ofr_price&filter[tourOperator]=0&filter[childAge][1]=20201210","https://datacfstatic.merlinx.pl/ITAK/IMG/HRGSERR/0bafa29127b024c4dc66b50768a45bfd57f2fed759c265bef1379e8b746426fd.webp","https://fly.pl/wycieczka/egipt,hurghada,sahl-hasheesh/serenity-sky-arc-10/pWxQUGBVUTCldEMtXLxf-zAAogxRVi7cwLCHnE0KTwE12Qrhi3350dN38XN7Nix4G7h2oqBFZJVFgwsZ_D1QZIqWFQQViRA2ACckAaABUHFwBcA1gFQI8DU86wAVIAW9UoXtomS-1DYQBMhLQ5DYTWmAkgAFG3-uH7jwFP2ooLXZCE8_N1AgxjAQIL_rbv6w/ofertasv/?filter[tourOperator]=VITX&filter%5Bperson%5D=2&filter%5BchildAge%5D%5B1%5D=20201210&filter%5Bchild%5D=1"
"Sunrise Aqua Joy","12467.0","24.09.2026 - 01.10.2026","8 dni/7 nocy","","4.7","4.7","3859","tripadvisor","Warszawa","2026-09-21T06:33:07.933955+00:00","https://fly.pl/szukaj-wycieczek/?filter[dest]=11:&filter[hotelids]=&filter[cityids]=0&filter[cregids]=&filter[ofrType]=&filter[addObjType]=&filter[whenFrom]=21-09-2026&filter[whenTo]=21-10-2026&filter[duration]=7:10&filter[from]=Warszawa%20-%20Modlin,Warszawa%20-%20Radom,Warszawa&filter[person]=2&filter[child]=1&filter[price]=4000:20000&filter[PriceFrom]=4000&filter[PriceTo]=20000&filter[addCategory]=50&filter[addCatering]=1&filter[addMisc]=0&filter[addTransport]=F&filter[fp]=1&order_by=ofr_price&filter[tourOperator]=0&filter[childAge][1]=20201210","https://fly.pl/cdn/photo/assets/uploads/582/278/2019/11/Aqua-Joy-Resort-By-Sunrise-Group-fly-pl.jpg","https://fly.pl/wycieczka/egipt,hurghada,c/aqua-joy-resort-by-sunrise-group-9/pcSyKF4PhZtiOSrrgudu4nAAogLmbQMGhdVbOuSkoMrLk1p281lTSXqH6Isk6l7nfwV_cqBEJWUFIwsZ_D1QZIs2FQAVhBYAJqDUFsbCBpbmNsdXNpdmVyIBwRtVAb7-UEGO_zDLkE9t8TqwRPAYCp4cQBAgBjAQILurXJfw/ofertasv/?filter[tourOperator]=BVPR&filter%5Bperson%5D=2&filter%5BchildAge%5D%5B1%5D=20201210&filter%5Bchild%5D=1"
"Grand Rotana Resort & Spa","12487.0","10.10.2026 - 17.10.2026","8 dni/7 nocy","","4.7","4.7","6812","tripadvisor","Warszawa","2026-09-21T06:33:07.933955+00:00","https://fly.pl/szukaj-wycieczek/?filter[dest]=11:&filter[hotelids]=&filter[cityids]=0&filter[cregids]=&filter[ofrType]=&filter[addObjType]=&filter[whenFrom]=21-09-2026&filter[whenTo]=21-10-2026&filter[duration]=7:10&filter[from]=Warszawa%20-%20Modlin,Warszawa%20-%20Radom,Warszawa&filter[person]=2&filter[child]=1&filter[price]=4000:20000&filter[PriceFrom]=4000&filter[PriceTo]=20000&filter[addCategory]=50&filter[addCatering]=1&filter[addMisc]=0&filter[addTransport]=F&filter[fp]=1&order_by=ofr_price&filter[tourOperator]=0&filter[childAge][1]=20201210","https://fly.pl/cdn/photo/assets/uploads/582/278/2014/07/Grand-Rotana-fly-pl.jpg","https://fly.pl/wycieczka/egipt,sharm-el-sheikh,c/grand-rotana/ptRS9KwTQT4eA0Xatg-pWIAAog-MJmTBD8wa98aQYO24cpKwAAAACZhAQAtoQEAAcAEgAqBFdFWlkwsZ_D1QZIx2FQQVjBA2ADaglFbnRlciBBaXJqBDA4MDByQp4BlQEfABwBAgAWBBcCEVkSlAMYhQUTzQEUyQRAknJMoKIBTwBLxyNQAB2Rwg8gHRvbgB8NgcejCQESYwEMYwECBgEYvg8/ofertasv/?filter[tourOperator]=WEZY&filter%5Bperson%5D=2&filter%5BchildAge%5D%5B1%5D=20201210&filter%5Bchild%5D=1"
"Xanadu Club Makadi Bay","12501.0","27.09.2026 - 04.10.2026","8 dni/7 nocy","","","","","","Warszawa","2026-09-21T06:33:07.933955+00:00","https://fly.pl/szukaj-wycieczek/?filter[dest]=11:&filter[hotelids]=&filter[cityids]=0&filter[cregids]=&filter[ofrType]=&filter[addObjType]=&filter[whenFrom]=21-09-2026&filter[whenTo]=21-10-2026&filter[duration]=7:10&filter[from]=Warszawa%20-%20Modlin,Warszawa%20-%20Radom,Warszawa&filter[person]=2&filter[child]=1&filter[price]=4000:20000&filter[PriceFrom]=4000&filter[PriceTo]=20000&filter[addCategory]=50&filter[addCatering]=1&filter[addMisc]=0&filter[addTransport]=F&filter[fp]=1&order_by=ofr_price&filter[tourOperator]=0&filter[childAge][1]=20201210","https://datacfstatic.merlinx.pl/WEZY/IMG/78607/ff72fb5c931dbc18823efd7f50428a741e9d563aeeb7fa7cfe352b856923b97f.webp","https://fly.pl/wycieczka/egipt,hurghada,makadi-bay/xanadu-club-makadi-bay-11/pV6An3gbxHxV4Lt5KpefiAAAogJ9cm9U9Zf5T3FOVeZNCVSwAAAADiggQA_oIEAAcAAQAqBFdFWlkwsZ_D1QZI1WFQQViJAWADaglFbnRlciBBaXJqBDAwMTVyRJ4BlAEfAAIBHAAWBhcAEu0DFdoFGJUDE7kBQIVzT8syTABLnJMBUAARh58CHdOfDSAcG6GbKQ2gr5kJARJjAQxjAQMLXPFM3g/ofertasv/?filter[tourOperator]=WEZY&filter%5Bperson%5D=2&filter%5BchildAge%5D%5B1%5D=20201210&filter%5Bchild%5D=1"
"Baron Resort (Sharm El Sheikh)","12581.0","10.10.2026 - 17.10.2026","8 dni/7 nocy","","4.5","4.5","4976","tripadvisor","Warszawa","2026-09-21T06:33:07.933955+00:00","https://fly.pl/szukaj-wycieczek/?filter[dest]=11:&filter[hotelids]=&filter[cityids]=0&filter[cregids]=&filter[ofrType]=&filter[addObjType]=&filter[whenFrom]=21-09-2026&filter[whenTo]=21-10-2026&filter[duration]=7:10&filter[from]=Warszawa%20-%20Modlin,Warszawa%20-%20Radom,Warszawa&filter[person]=2&filter[child]=1&filter[price]=4000:20000&filter[PriceFrom]=4000&filter[PriceTo]=20000&filter[addCategory]=50&filter[addCatering]=1&filter[addMisc]=0&filter[addTransport]=F&filter[fp]=1&order_by=ofr_price&filter[tourOperator]=0&filter[childAge][1]=20201210","https://fly.pl/cdn/photo/assets/uploads/582/278/2014/07/BARON-RESORT-SHARM-EL-SHEIKH1.jpg","https://fly.pl/wycieczka/egipt,sharm-el-sheikh,c/baron-resort-sharm-el-sheikh/pnB__Niikhe-SxSH49eqahAAogqGonc30ltuIyKqW_eORu3gAAAACZhAQAtoQEAAcAEgAqBFdFWlkwsZ_D1QZIpWJQQVjBA2ADaglFbnRlciBBaXJqBDA4MDByQp4BlQEfABwBAgAWBBcCERkS1AMYhQUTzQEUyQRAknJMoKIBTwBLxyNQABv1ggIdnL8NIB0N3MfCCQESYwENYwECBY2xwXs/ofertasv/?filter[tourOperator]=WEZY&filter%5Bperson%5D=2&filter%5BchildAge%5D%5B1%5D=20201210&filter%5Bchild%5D=1"
"Palm Royale Soma Bay","12769.0","13.10.2026 - 20.10.2026","8 dni/7 nocy","","4.7","4.7","7191","tripadvisor","Warszawa","2026-09-21T06:33:07.933955+00:00","https://fly.pl/szukaj-wycieczek/?filter[dest]=11:&filter[hotelids]=&filter[cityids]=0&filter[cregids]=&filter[ofrType]=&filter[addObjType]=&filter[whenFrom]=21-09-2026&filter[whenTo]=21-10-2026&filter[duration]=7:10&filter[from]=Warszawa%20-%20Modlin,Warszawa%20-%20Radom,Warszawa&filter[person]=2&filter[child]=1&filter[price]=4000:20000&filter[PriceFrom]=4000&filter[PriceTo]=20000&filter[addCategory]=50&filter[addCatering]=1&filter[addMisc]=0&filter[addTransport]=F&filter[fp]=1&order_by=ofr_price&filter[tourOperator]=0&filter[childAge][1]=20201210","https://fly.pl/cdn/photo/assets/uploads/582/278/2014/09/Palm-Royale-Resort-Soma-Bay.jpg","https://fly.pl/wycieczka/egipt,hurghada,soma-bay/palm-royale-soma-bay/pKV0RGD0n6K_XTjJv-cwqnAAogHGs3rFDnexo692peEOFW5GqyvADKfxjztHOrlw2TEoUqBEpPSVAwsZ_D1QZI4WNQQViJBGACckMUARUGFwBcA1gFVgJAygZP4gFdAFv4AlO3qAFSAF6vTxGtPkvABWEATOWMOiCo_ZcJDQABvtOA-NKGzKAwAg5jAQANfe2Wkg/ofertasv/?filter[tourOperator]=JOIP&filter%5Bperson%5D=2&filter%5BchildAge%5D%5B1%5D=20201210&filter%5Bchild%5D=1"
"Sultan Gardens Resort","12912.0","10.10.2026 - 17.10.2026","8 dni/7 nocy","","4.6","4.6","10712","tripadvisor","Warszawa","2026-09-21T06:33:07.933955+00:00","https://fly.pl/szukaj-wycieczek/?filter[dest]=11:&filter[hotelids]=&filter[cityids]=0&filter[cregids]=&filter[ofrType]=&filter[addObjType]=&filter[whenFrom]=21-09-2026&filter[whenTo]=21-10-2026&filter[duration]=7:10&filter[from]=Warszawa%20-%20Modlin,Warszawa%20-%20Radom,Warszawa&filter[person]=2&filter[child]=1&filter[price]=4000:20000&filter[PriceFrom]=4000&filter[PriceTo]=20000&filter[addCategory]=50&filter[addCatering]=1&filter[addMisc]=0&filter[addTransport]=F&filter[fp]=1&order_by=ofr_price&filter[tourOperator]=0&filter[childAge][1]=20201210","https://fly.pl/cdn/photo/assets/uploads/582/278/2014/07/sultan-gardens.jpg","https://fly.pl/wycieczka/egipt,sharm-el-sheikh,szarm-el-szejk/sultan-gardens-resort/puam4i1KQ5WhmKzdWLdsXeAAog5ruX_SigbbpCPwT_AbXsFwAAAACZhAQAtoQEAAcAEgAqBFdFWlkwsZ_D1QZI8GRQQVjBA2ADaglFbnRlciBBaXJqBDA4MDByQ54BlQEfAAIBHAAWBBcCEu0DGIUFE80BFMkEEckPQMliTKCiAU8AS8cjUAAdkcIPIB0bhdgzDdfvjgkBEmMBDGMBAgWdjREf/ofertasv/?filter[tourOperator]=WEZY&filter%5Bperson%5D=2&filter%5BchildAge%5D%5B1%5D=20201210&filter%5Bchild%5D=1"
"Park Regency Resort (ex. Hyatt)","12997.0","27.09.2026 - 04.10.2026","8 dni/7 nocy","","4.6","4.6","6179","tripadvisor","Warszawa","2026-09-21T06:33:07.933955+00:00","https://fly.pl/szukaj-wycieczek/?filter[dest]=11:&filter[hotelids]=&filter[cityids]=0&filter[cregids]=&filter[ofrType]=&filter[addObjType]=&filter[whenFrom]=21-09-2026&filter[whenTo]=21-10-2026&filter[duration]=7:10&filter[from]=Warszawa%20-%20Modlin,Warszawa%20-%20Radom,Warszawa&filter[person]=2&filter[child]=1&filter[price]=4000:20000&filter[PriceFrom]=4000&filter[PriceTo]=20000&filter[addCategory]=50&filter[addCatering]=1&filter[addMisc]=0&filter[addTransport]=F&filter[fp]=1&order_by=ofr_price&filter[tourOperator]=0&filter[childAge][1]=20201210","https://fly.pl/cdn/photo/assets/uploads/582/278/2014/07/Park-Regency.jpg","https://fly.pl/wycieczka/egipt,sharm-el-sheikh,c/hyatt-regency-sharm/p41lsc6nziB6KEK4XqxgqNAAogyZTrTqNUq5lBALwqdQrEOtvhBFpwv_tYWcE8EXXr1-EqBEpPSVAwsZ_D1QZIxWVQQViJAWACagMxMmJyQpsBFAEVBhcAXANYBVYCQMoGT-IBXQARo8YBXrs0UqYgUwBLxyNhAEzljDoN0vyXCSAAAffBiMDFiMygMAINYwEAC2MSgmU/ofertasv/?filter[tourOperator]=JOIP&filter%5Bperson%5D=2&filter%5BchildAge%5D%5B1%5D=20201210&filter%5Bchild%5D=1"
"Novotel Sharm Palm","13038.0","27.09.2026 - 04.10.2026","8 dni/7 nocy","","4.6","4.6","5903","tripadvisor","Warszawa","2026-09-21T06:33:07.933955+00:00","https://fly.pl/szukaj-wycieczek/?filter[dest]=11:&filter[hotelids]=&filter[cityids]=0&filter[cregids]=&filter[ofrType]=&filter[addObjType]=&filter[whenFrom]=21-09-2026&filter[whenTo]=21-10-2026&filter[duration]=7:10&filter[from]=Warszawa%20-%20Modlin,Warszawa%20-%20Radom,Warszawa&filter[person]=2&filter[child]=1&filter[price]=4000:20000&filter[PriceFrom]=4000&filter[PriceTo]=20000&filter[addCategory]=50&filter[addCatering]=1&filter[addMisc]=0&filter[addTransport]=F&filter[fp]=1&order_by=ofr_price&filter[tourOperator]=0&filter[childAge][1]=20201210","https://fly.pl/cdn/photo/assets/uploads/582/278/2014/07/Novotel-Sharm-Palm.jpg","https://fly.pl/wycieczka/egipt,sharm-el-sheikh,c/novotel-sharm-palm/pw1idB3xfKzuiQqoSLrrfSAAogMKKydjTsaNyiDf2zJ3Sv8dvhBFpwv_tYWcE8EXXr1-EqBEpPSVAwsZ_D1QZI7mVQQViJAWACagMwME1yQpsBFAEVBhcAXANYBVYCQMoGT-IBXQARuMYBXqY0UqYgUwBLxyNhAEzljDoN0vyXCSAAAZuy0PjSiMygMAINYwEADBjiE88/ofertasv/?filter[tourOperator]=JOIP&filter%5Bperson%5D=2&filter%5BchildAge%5D%5B1%5D=20201210&filter%5Bchild%5D=1"
"Jaz Almaza Blu","13197.0","30.09.2026 - 08.10.2026","9 dni/7 nocy","","","","","","Warszawa","2026-09-21T06:33:07.933955+00:00","https://fly.pl/szukaj-wycieczek/?filter[dest]=11:&filter[hotelids]=&filter[cityids]=0&filter[cregids]=&filter[ofrType]=&filter[addObjType]=&filter[whenFrom]=21-09-2026&filter[whenTo]=21-10-2026&filter[duration]=7:10&filter[from]=Warszawa%20-%20Modlin,Warszawa%20-%20Radom,Warszawa&filter[person]=2&filter[child]=1&filter[price]=4000:20000&filter[PriceFrom]=4000&filter[PriceTo]=20000&filter[addCategory]=50&filter[addCatering]=1&filter[addMisc]=0&filter[addTransport]=F&filter[fp]=1&order_by=ofr_price&filter[tourOperator]=0&filter[childAge][1]=20201210","https://datacfstatic.merlinx.pl/ITAK/IMG/DBBJAZB/6d2b0aaef3fad164fc83046e3d58423011b3bbab07378933e5469c476895505f.webp","https://fly.pl/wycieczka/egipt,dolny-egipt,marsa-matrouh/jaz-almaza-blue-11/pV_kUudXuAIfWrzQ7da0HBAAog3OHd3kZSPd1uQLNVywQohjPfTTCk9cJVJPZ8eQG0-LMqBFZJVFgwsZ_D1QZIjWdQQVjRAWACckAaABUHFwBcA1gFQI8DU8mDAVIAW8YFXu52S-1DYQBM77Q5DcvUmAkgR1HOua3ya0_KgSVd3PiA_ZkBAgxjAQILjrCgYw/ofertasv/?filter[tourOperator]=VITX&filter%5Bperson%5D=2&filter%5BchildAge%5D%5B1%5D=20201210&filter%5Bchild%5D=1"
"Sunrise Montemare Resort","13204.0","10.10.2026 - 17.10.2026","8 dni/7 nocy","","4.7","4.7","5199","tripadvisor","Warszawa","2026-09-21T06:33:07.933955+00:00","https://fly.pl/szukaj-wycieczek/?filter[dest]=11:&filter[hotelids]=&filter[cityids]=0&filter[cregids]=&filter[ofrType]=&filter[addObjType]=&filter[whenFrom]=21-09-2026&filter[whenTo]=21-10-2026&filter[duration]=7:10&filter[from]=Warszawa%20-%20Modlin,Warszawa%20-%20Radom,Warszawa&filter[person]=2&filter[child]=1&filter[price]=4000:20000&filter[PriceFrom]=4000&filter[PriceTo]=20000&filter[addCategory]=50&filter[addCatering]=1&filter[addMisc]=0&filter[addTransport]=F&filter[fp]=1&order_by=ofr_price&filter[tourOperator]=0&filter[childAge][1]=20201210","https://fly.pl/cdn/photo/assets/uploads/582/278/2024/07/sunrise-montemare-resort-grand-select.jpg","https://fly.pl/wycieczka/egipt,sharm-el-sheikh,c/sunrise-select-montemare/p03hfVDTurFjIgh2lsN-yZAAogJKlZEfvw0fd27oZKGL5gBAAAAACZhAQAtoQEAAcAEgAqBFdFWlkwsZ_D1QZIlGdQQVjBA2ADaglFbnRlciBBaXJqBDA4MDByQ54BlQEfAAIBHAAWBBcCEu0DGIUFE80BFMkEEc1LQMUmTKCiAU8AS8cjUAAdkcIPIB0bjJZjDdCx3wgBEmMBDGMBBAsr5yw1/ofertasv/?filter[tourOperator]=WEZY&filter%5Bperson%5D=2&filter%5BchildAge%5D%5B1%5D=20201210&filter%5Bchild%5D=1"
"Desert Rose Resort","13226.0","01.10.2026 - 08.10.2026","8 dni/7 nocy","","4.6","4.6","8792","tripadvisor","Warszawa","2026-09-21T06:33:07.933955+00:00","https://fly.pl/szukaj-wycieczek/?filter[dest]=11:&filter[hotelids]=&filter[cityids]=0&filter[cregids]=&filter[ofrType]=&filter[addObjType]=&filter[whenFrom]=21-09-2026&filter[whenTo]=21-10-2026&filter[duration]=7:10&filter[from]=Warszawa%20-%20Modlin,Warszawa%20-%20Radom,Warszawa&filter[person]=2&filter[child]=1&filter[price]=4000:20000&filter[PriceFrom]=4000&filter[PriceTo]=20000&filter[addCategory]=50&filter[addCatering]=1&filter[addMisc]=0&filter[addTransport]=F&filter[fp]=1&order_by=ofr_price&filter[tourOperator]=0&filter[childAge][1]=20201210","https://fly.pl/cdn/photo/assets/uploads/582/278/2014/12/Desert-Rose-Resort-fly-pl.jpg","https://fly.pl/wycieczka/egipt,hurghada,c/desert-rose/pzxk-au9GILXi3QlPM7TAYAAogF8yYR-eErfUaIJ2fWaR_-AAAAAAWiAQAMogEAAcAAQAqBFdFWlkwsZ_D1QZIqmdQQVjpAWADahNMT1QgUG9saXNoIEFpcmxpbmVzckKeAR8AHAECABYEFwIRuAEStQITgwQUjQQVXxj3AkDHcU_LMkwAUJyTAUsAG9u8Dx2zDCAcDdfAwgkBEmMBDmMBAgVu1kof/ofertasv/?filter[tourOperator]=WEZY&filter%5Bperson%5D=2&filter%5BchildAge%5D%5B1%5D=20201210&filter%5Bchild%5D=1"
"Sheraton Miramar Resort (El Gouna)","13415.0","27.09.2026 - 04.10.2026","8 dni/7 nocy","","4.7","4.7","6353","tripadvisor","Warszawa","2026-09-21T06:33:07.933955+00:00","https://fly.pl/szukaj-wycieczek/?filter[dest]=11:&filter[hotelids]=&filter[cityids]=0&filter[cregids]=&filter[ofrType]=&filter[addObjType]=&filter[whenFrom]=21-09-2026&filter[whenTo]=21-10-2026&filter[duration]=7:10&filter[from]=Warszawa%20-%20Modlin,Warszawa%20-%20Radom,Warszawa&filter[person]=2&filter[child]=1&filter[price]=4000:20000&filter[PriceFrom]=4000&filter[PriceTo]=20000&filter[addCategory]=50&filter[addCatering]=1&filter[addMisc]=0&filter[addTransport]=F&filter[fp]=1&order_by=ofr_price&filter[tourOperator]=0&filter[childAge][1]=20201210","https://fly.pl/cdn/photo/assets/uploads/582/278/2014/07/Sheraton-Miramar-El-Gouna-1.jpg","https://fly.pl/wycieczka/egipt,hurghada,el-gouna/sheraton-miramar-el-gouna/pozadFYvDj0vg815xDVGn3AAogOPPdHIMtnfG-9rVQdZoZC22UYiY9GwQLFZusIIuCR8wqBE9SRVgwsZ_D1QZI52hQQViJAWACagZDMC4yLjFqAzA4WWoDMDdZcjSbAZ0BjwEVBxcAXANYBVYCETtAjwZTka0BUgBer09L7UNhAEzljDog0vyXCQ0AAhJjAQIMLAQ9lQ/ofertasv/?filter[tourOperator]=OREX&filter%5Bperson%5D=2&filter%5BchildAge%5D%5B1%5D=20201210&filter%5Bchild%5D=1"
"Rixos Radamis Sharm El Sheikh","13420.0","10.10.2026 - 17.10.2026","8 dni/7 nocy","","4.3","4.3","2106","tripadvisor","Warszawa","2026-09-21T06:33:07.933955+00:00","https://fly.pl/szukaj-wycieczek/?filter[dest]=11:&filter[hotelids]=&filter[cityids]=0&filter[cregids]=&filter[ofrType]=&filter[addObjType]=&filter[whenFrom]=21-09-2026&filter[whenTo]=21-10-2026&filter[duration]=7:10&filter[from]=Warszawa%20-%20Modlin,Warszawa%20-%20Radom,Warszawa&filter[person]=2&filter[child]=1&filter[price]=4000:20000&filter[PriceFrom]=4000&filter[PriceTo]=20000&filter[addCategory]=50&filter[addCatering]=1&filter[addMisc]=0&filter[addTransport]=F&filter[fp]=1&order_by=ofr_price&filter[tourOperator]=0&filter[childAge][1]=20201210","https://datacfstatic.merlinx.pl/WEZY/IMG/64951/2f080c2637f6afe8b5573936c5cfd8cc1e84fa1dcefbb37859fd991753515489.webp","https://fly.pl/wycieczka/egipt,sharm-el-sheikh,szarm-el-szejk/rixos-radamis-sharm-13/pzcxw6do41j1GURMe5HxCYAAogsrNXKC6hyoGX5nPFvOF1UQAAAACZhAQAtoQEAAcAEgAqBFdFWlkwsZ_D1QZI7GhQQVjBA2ADaglFbnRlciBBaXJqBDA4MDByRJ4BlQEfAAIBFgAcABcGEu0DGIUFE80BFMkEQJJyT6CiAUwAS8cjUAARr7QBHeKNDiAdG9vkQg2B4_8IARJjAQxjAQML_Dy3bw/ofertasv/?filter[tourOperator]=WEZY&filter%5Bperson%5D=2&filter%5BchildAge%5D%5B1%5D=20201210&filter%5Bchild%5D=1"
"Sheraton Soma Bay","13516.0","27.09.2026 - 04.10.2026","8 dni/7 nocy","","4.6","4.6","3170","tripadvisor","Warszawa","2026-09-21T06:33:07.933955+00:00","https://fly.pl/szukaj-wycieczek/?filter[dest]=11:&filter[hotelids]=&filter[cityids]=0&filter[cregids]=&filter[ofrType]=&filter[addObjType]=&filter[whenFrom]=21-09-2026&filter[whenTo]=21-10-2026&filter[duration]=7:10&filter[from]=Warszawa%20-%20Modlin,Warszawa%20-%20Radom,Warszawa&filter[person]=2&filter[child]=1&filter[price]=4000:20000&filter[PriceFrom]=4000&filter[PriceTo]=20000&filter[addCategory]=50&filter[addCatering]=1&filter[addMisc]=0&filter[addTransport]=F&filter[fp]=1&order_by=ofr_price&filter[tourOperator]=0&filter[childAge][1]=20201210","https://fly.pl/cdn/photo/assets/uploads/582/278/2014/07/Sheraton-Soma-Bay.jpg","https://fly.pl/wycieczka/egipt,hurghada,soma-bay/sheraton-soma-bay/pHM6bxjrNHS447tS3qr4fPAAogJg2hWSgjHQq5qxd-VrSwowAAAADiggQA_oIEAAcAAQAqBFdFWlkwuJ_D1QZIzGlQQViJAWADaglFbnRlciBBaXJqBDAwMTVyQZ4BlAEfABwBAgAWBBcCEWMSigMV2gUYlQMTuQFAhXNMyzJPAEuckwFQABulbh210A4gHA3BysIJARJjAQ1jAQIFgaOaFA/ofertasv/?filter[tourOperator]=WEZY&filter%5Bperson%5D=2&filter%5BchildAge%5D%5B1%5D=20201210&filter%5Bchild%5D=1"
"Baron Palace Resort (Sahl Hasheesh)","13631.0","11.10.2026 - 18.10.2026","8 dni/7 nocy","","5.0","5.0","1921","tripadvisor","Warszawa","2026-09-21T06:33:07.933955+00:00","https://fly.pl/szukaj-wycieczek/?filter[dest]=11:&filter[hotelids]=&filter[cityids]=0&filter[cregids]=&filter[ofrType]=&filter[addObjType]=&filter[whenFrom]=21-09-2026&filter[whenTo]=21-10-2026&filter[duration]=7:10&filter[from]=Warszawa%20-%20Modlin,Warszawa%20-%20Radom,Warszawa&filter[person]=2&filter[child]=1&filter[price]=4000:20000&filter[PriceFrom]=4000&filter[PriceTo]=20000&filter[addCategory]=50&filter[addCatering]=1&filter[addMisc]=0&filter[addTransport]=F&filter[fp]=1&order_by=ofr_price&filter[tourOperator]=0&filter[childAge][1]=20201210","https://fly.pl/cdn/photo/assets/uploads/582/278/2014/09/Baron-Palace-Resort.jpg","https://fly.pl/wycieczka/egipt,hurghada,sahl-hasheesh/baron-palace-resort-hurghada/pB3ie2CejzPXRBnQbcP-qQAAogGTCtMWdF4ZLIfZ3xLcnGmwnbvZbIN9Wmp2d9VFEr-JIqBE9SRVgwuJ_D1QZIv2pQQVjZA2ACagVZLjIuMWoDMDhZagMwN1lyNJsBnQGPARUHFwBYCFYCEQdcAUDCBlORrQFSAF6vT0vtQ2EATOWMOiCm_ZcJDQACEmMBAgxeWgQz/ofertasv/?filter[tourOperator]=OREX&filter%5Bperson%5D=2&filter%5BchildAge%5D%5B1%5D=20201210&filter%5Bchild%5D=1"
"Xanadu Makadi Bay","13784.0","24.09.2026 - 01.10.2026","8 dni/7 nocy","","4.8","4.8","2173","tripadvisor","Warszawa - Radom","2026-09-21T06:33:07.933955+00:00","https://fly.pl/szukaj-wycieczek/?filter[dest]=11:&filter[hotelids]=&filter[cityids]=0&filter[cregids]=&filter[ofrType]=&filter[addObjType]=&filter[whenFrom]=21-09-2026&filter[whenTo]=21-10-2026&filter[duration]=7:10&filter[from]=Warszawa%20-%20Modlin,Warszawa%20-%20Radom,Warszawa&filter[person]=2&filter[child]=1&filter[price]=4000:20000&filter[PriceFrom]=4000&filter[PriceTo]=20000&filter[addCategory]=50&filter[addCatering]=1&filter[addMisc]=0&filter[addTransport]=F&filter[fp]=1&order_by=ofr_price&filter[tourOperator]=0&filter[childAge][1]=20201210","https://fly.pl/cdn/photo/assets/uploads/582/278/2024/07/xanadu-makadi-bay.jpg","https://fly.pl/wycieczka/egipt,hurghada,makadi-bay/xanadu-makadi-bay-12/pZkjCVm3yzOJiDB-OIIfXTAAogXG0byQeN_3R-W_smUGIMhXuHt-JRXqpSz_DOtw-0xygqBE9SRVgwuJ_D1QZI2GtQQVhBYAJqB0NGSS4yLjFyNZsBFQcXAFwDWAVWAhGQBkA6XdMOT2xT0p0BUgBer09LgRJhAEzRvjogz_yXCQ0AAhJjAQILl4kQWg/ofertasv/?filter[tourOperator]=OREX&filter%5Bperson%5D=2&filter%5BchildAge%5D%5B1%5D=20201210&filter%5Bchild%5D=1"
"Maritim Jolie Ville Resort and Casino","13970.0","04.10.2026 - 11.10.2026","8 dni/7 nocy","","4.6","4.6","3183","tripadvisor","Warszawa","2026-09-21T06:33:07.933955+00:00","https://fly.pl/szukaj-wycieczek/?filter[dest]=11:&filter[hotelids]=&filter[cityids]=0&filter[cregids]=&filter[ofrType]=&filter[addObjType]=&filter[whenFrom]=21-09-2026&filter[whenTo]=21-10-2026&filter[duration]=7:10&filter[from]=Warszawa%20-%20Modlin,Warszawa%20-%20Radom,Warszawa&filter[person]=2&filter[child]=1&filter[price]=4000:20000&filter[PriceFrom]=4000&filter[PriceTo]=20000&filter[addCategory]=50&filter[addCatering]=1&filter[addMisc]=0&filter[addTransport]=F&filter[fp]=1&order_by=ofr_price&filter[tourOperator]=0&filter[childAge][1]=20201210","https://fly.pl/cdn/photo/assets/uploads/582/278/2014/10/Maritim-Jolie-Ville-Resort-Casino1.jpg","https://fly.pl/wycieczka/egipt,sharm-el-sheikh,c/maritim-jolie-ville-resort-and-casino/pWbnJCUoixD-1THT7FKX-gAAogec6k3rIZZR9dk9GfHaY29e6LQqlaFmzyIpGKGzBohJAqBEpPSVAwuJ_D1QZIkm1QQVixAmACagNQd2dyQpsBFAEVBhcAXANYBVYCQMoGT-IBXQARpMYBXro0UqYgUwBLxyNhAEzljDoNn_2XCSAAAajXyJi1iMygMAINYwEADAe48Kg/ofertasv/?filter[tourOperator]=JOIP&filter%5Bperson%5D=2&filter%5BchildAge%5D%5B1%5D=20201210&filter%5Bchild%5D=1"
"Sunrise Diamond Beach Resort Grand Select","13971.0","10.10.2026 - 17.10.2026","8 dni/7 nocy","","4.8","4.8","3478","tripadvisor","Warszawa","2026-09-21T06:33:07.933955+00:00","https://fly.pl/szukaj-wycieczek/?filter[dest]=11:&filter[hotelids]=&filter[cityids]=0&filter[cregids]=&filter[ofrType]=&filter[addObjType]=&filter[whenFrom]=21-09-2026&filter[whenTo]=21-10-2026&filter[duration]=7:10&filter[from]=Warszawa%20-%20Modlin,Warszawa%20-%20Radom,Warszawa&filter[person]=2&filter[child]=1&filter[price]=4000:20000&filter[PriceFrom]=4000&filter[PriceTo]=20000&filter[addCategory]=50&filter[addCatering]=1&filter[addMisc]=0&filter[addTransport]=F&filter[fp]=1&order_by=ofr_price&filter[tourOperator]=0&filter[childAge][1]=20201210","https://fly.pl/cdn/photo/assets/uploads/582/278/2014/07/Sunrise-Diamond-Beach-Sharm.jpg","https://fly.pl/wycieczka/egipt,sharm-el-sheikh,szarm-el-szejk/sunrise-select-diamond-beach-resort/pwnwCMfnjrswqVQvpAvhprAAog4B4uNWSvADFxjECHIUOpDwAAAACZhAQAtoQEAAcAEgAqBFdFWlkwuJ_D1QZIk21QQVjBA2ADaglFbnRlciBBaXJqBDA4MDByQp4BlQEfAAIBHAAWBBcCEu0DGIUFE80BFMkEEdsyQLc_TKCiAU8AS8cjUAAbiHgdicoOIB0N3MfCCQESYwEMYwEEC0K39GI/ofertasv/?filter[tourOperator]=WEZY&filter%5Bperson%5D=2&filter%5BchildAge%5D%5B1%5D=20201210&filter%5Bchild%5D=1"
"Sunrise Remal Beach","14137.0","10.10.2026 - 17.10.2026","8 dni/7 nocy","","4.8","4.8","2381","tripadvisor","Warszawa","2026-09-21T06:33:07.933955+00:00","https://fly.pl/szukaj-wycieczek/?filter[dest]=11:&filter[hotelids]=&filter[cityids]=0&filter[cregids]=&filter[ofrType]=&filter[addObjType]=&filter[whenFrom]=21-09-2026&filter[whenTo]=21-10-2026&filter[duration]=7:10&filter[from]=Warszawa%20-%20Modlin,Warszawa%20-%20Radom,Warszawa&filter[person]=2&filter[child]=1&filter[price]=4000:20000&filter[PriceFrom]=4000&filter[PriceTo]=20000&filter[addCategory]=50&filter[addCatering]=1&filter[addMisc]=0&filter[addTransport]=F&filter[fp]=1&order_by=ofr_price&filter[tourOperator]=0&filter[childAge][1]=20201210","https://fly.pl/cdn/photo/assets/uploads/582/278/2014/07/Sunrise-Remal-Beach-ex.-Melton-Beach-Sharm-fly-pl.jpg","https://fly.pl/wycieczka/egipt,sharm-el-sheikh,szarm-el-szejk/melia-sinai/pHQq3OJmee5Io9qwa1Lky1AAog4k6HVQPIWBruR6X_6FAy2AAAAACZhAQAtoQEAAcAEgAqBFdFWlkwuJ_D1QZIuW5QQVjBA2ADaglFbnRlciBBaXJqBDA4MDByQp4BlQEfABwBAgAWBBcCEXMS-gIYhQUTzQEUyQRAknJMoKIBTwBLxyNQAB2Rwg8gHRvkvk8N-IjzCAESYwEMYwEECx1co-U/ofertasv/?filter[tourOperator]=WEZY&filter%5Bperson%5D=2&filter%5BchildAge%5D%5B1%5D=20201210&filter%5Bchild%5D=1"
"Aldiana Club Naga Bay","14187.0","04.10.2026 - 11.10.2026","8 dni/7 nocy","","","","","","Warszawa","2026-09-21T06:33:07.933955+00:00","https://fly.pl/szukaj-wycieczek/?filter[dest]=11:&filter[hotelids]=&filter[cityids]=0&filter[cregids]=&filter[ofrType]=&filter[addObjType]=&filter[whenFrom]=21-09-2026&filter[whenTo]=21-10-2026&filter[duration]=7:10&filter[from]=Warszawa%20-%20Modlin,Warszawa%20-%20Radom,Warszawa&filter[person]=2&filter[child]=1&filter[price]=4000:20000&filter[PriceFrom]=4000&filter[PriceTo]=20000&filter[addCategory]=50&filter[addCatering]=1&filter[addMisc]=0&filter[addTransport]=F&filter[fp]=1&order_by=ofr_price&filter[tourOperator]=0&filter[childAge][1]=20201210","https://datacfstatic.merlinx.pl/EXIM/IMG/108012/b1f5d26a903624c4b7c28f67d4a9bbc9a0cf5c691d37d2be60154e132614ef4b.webp","https://fly.pl/wycieczka/egipt,hurghada,c/aldiana-club-naga-bay-9/pdBxK-Ht5fq9qROgMAuoH9AAogwO9UdMzMiwxWSq-jR-bqc48y6rj6FZ9B-AYEqrWUQdsqBEVYSU0wuJ_D1QZI625QAVixAmACagJBSXIhHBHsywa5BJPyPasEHBuU5D0Y5PI-AaH_p4sLAgBjAQIFyoGvrw/ofertasv/?filter[tourOperator]=EXIM&filter%5Bperson%5D=2&filter%5BchildAge%5D%5B1%5D=20201210&filter%5Bchild%5D=1"
"Steigenberger Alcazar","14235.0","10.10.2026 - 17.10.2026","8 dni/7 nocy","","5.0","5.0","1325","tripadvisor","Warszawa","2026-09-21T06:33:07.933955+00:00","https://fly.pl/szukaj-wycieczek/?filter[dest]=11:&filter[hotelids]=&filter[cityids]=0&filter[cregids]=&filter[ofrType]=&filter[addObjType]=&filter[whenFrom]=21-09-2026&filter[whenTo]=21-10-2026&filter[duration]=7:10&filter[from]=Warszawa%20-%20Modlin,Warszawa%20-%20Radom,Warszawa&filter[person]=2&filter[child]=1&filter[price]=4000:20000&filter[PriceFrom]=4000&filter[PriceTo]=20000&filter[addCategory]=50&filter[addCatering]=1&filter[addMisc]=0&filter[addTransport]=F&filter[fp]=1&order_by=ofr_price&filter[tourOperator]=0&filter[childAge][1]=20201210","https://fly.pl/cdn/photo/assets/uploads/582/278/2017/09/Steigenberger-Alcazar.jpg","https://fly.pl/wycieczka/egipt,sharm-el-sheikh,szarm-el-szejk/steigenberger-alcazar/p7Kpok87Nd8IwFThO9emtVAAogxfN5y-BoklXKPuFZa9fGnQAAAACZhAQAtoQEAAcAEgAqBFdFWlkwuJ_D1QZIm29QQVjBA2ADaglFbnRlciBBaXJqBDA4MDByQp4BlQEfAAIBHAAWBBcCEu0DGIUFE80BFMkEQJJyEfw_TKRiTwBLxyNQABvP2QkdwugFIB0N3MfCCQESYwEMYwEDC7B032U/ofertasv/?filter[tourOperator]=WEZY&filter%5Bperson%5D=2&filter%5BchildAge%5D%5B1%5D=20201210&filter%5Bchild%5D=1"
"Movenpick Resort Sharm el Sheikh","14254.0","04.10.2026 - 11.10.2026","8 dni/7 nocy","","4.6","4.6","5338","tripadvisor","Warszawa","2026-09-21T06:33:07.933955+00:00","https://fly.pl/szukaj-wycieczek/?filter[dest]=11:&filter[hotelids]=&filter[cityids]=0&filter[cregids]=&filter[ofrType]=&filter[addObjType]=&filter[whenFrom]=21-09-2026&filter[whenTo]=21-10-2026&filter[duration]=7:10&filter[from]=Warszawa%20-%20Modlin,Warszawa%20-%20Radom,Warszawa&filter[person]=2&filter[child]=1&filter[price]=4000:20000&filter[PriceFrom]=4000&filter[PriceTo]=20000&filter[addCategory]=50&filter[addCatering]=1&filter[addMisc]=0&filter[addTransport]=F&filter[fp]=1&order_by=ofr_price&filter[tourOperator]=0&filter[childAge][1]=20201210","https://fly.pl/cdn/photo/assets/uploads/582/278/2015/03/Movenpick-Golf-Club-fly-pl.jpg","https://fly.pl/wycieczka/egipt,sharm-el-sheikh,c/moevenpick-golf-club/pBSVQBC0Zj22X9FLdWIYBeAAogaGDU-MJaHJJtrXo4u9r8iO6LQqlaFmzyIpGKGzBohJAqBEpPSVAwuJ_D1QZIrm9QQVixAmACagM2YWxyQpsBFAEVBhcAXANYBVYCQMoGT-IBXQBe3voBEbgXUu4IUwBLxyNhAEzljDoNn_2XCSAAAbvJ2Ki1iMygMAINYwEAC4HVUKI/ofertasv/?filter[tourOperator]=JOIP&filter%5Bperson%5D=2&filter%5BchildAge%5D%5B1%5D=20201210&filter%5Bchild%5D=1"
"Jaz Tamerina (ex. Jaz Oriental Club)","14397.0","07.10.2026 - 15.10.2026","9 dni/7 nocy","","4.7","4.7","511","tripadvisor","Warszawa","2026-09-21T06:33:07.933955+00:00","https://fly.pl/szukaj-wycieczek/?filter[dest]=11:&filter[hotelids]=&filter[cityids]=0&filter[cregids]=&filter[ofrType]=&filter[addObjType]=&filter[whenFrom]=21-09-2026&filter[whenTo]=21-10-2026&filter[duration]=7:10&filter[from]=Warszawa%20-%20Modlin,Warszawa%20-%20Radom,Warszawa&filter[person]=2&filter[child]=1&filter[price]=4000:20000&filter[PriceFrom]=4000&filter[PriceTo]=20000&filter[addCategory]=50&filter[addCatering]=1&filter[addMisc]=0&filter[addTransport]=F&filter[fp]=1&order_by=ofr_price&filter[tourOperator]=0&filter[childAge][1]=20201210","https://fly.pl/cdn/photo/assets/uploads/582/278/2024/07/jaz-tamerina-ex-jaz-oriental-club.jpg","https://fly.pl/wycieczka/egipt,dolny-egipt,marsa-matrouh/jaz-tamerina-ex-jaz-oriental-club-10/p6b4b7X8TE4t6_I3sII8y2AAogtx4twtV7fK5GZ_6OM4x4qdOhCK2vlt_nB4E2u4-AsmIqBFZJVFgwuJ_D1QZIvXBQQVj5AmACckAaABUHFwBcA1gFQI8DU8mDAVIAW5AYXqRkS-1DYQBMsbU5DdbUmAkgAVH28snya0-byAhd3PiA_ZkBAgxjAQILXuGZpQ/ofertasv/?filter[tourOperator]=VITX&filter%5Bperson%5D=2&filter%5BchildAge%5D%5B1%5D=20201210&filter%5Bchild%5D=1"
"Jaz Elite Asteria (Hurghada)","14418.0","01.10.2026 - 08.10.2026","8 dni/7 nocy","","4.9","4.9","805","tripadvisor","Warszawa - Radom","2026-09-21T06:33:07.933955+00:00","https://fly.pl/szukaj-wycieczek/?filter[dest]=11:&filter[hotelids]=&filter[cityids]=0&filter[cregids]=&filter[ofrType]=&filter[addObjType]=&filter[whenFrom]=21-09-2026&filter[whenTo]=21-10-2026&filter[duration]=7:10&filter[from]=Warszawa%20-%20Modlin,Warszawa%20-%20Radom,Warszawa&filter[person]=2&filter[child]=1&filter[price]=4000:20000&filter[PriceFrom]=4000&filter[PriceTo]=20000&filter[addCategory]=50&filter[addCatering]=1&filter[addMisc]=0&filter[addTransport]=F&filter[fp]=1&order_by=ofr_price&filter[tourOperator]=0&filter[childAge][1]=20201210","https://fly.pl/cdn/photo/assets/uploads/582/278/2024/07/jaz-asteria-beach.jpg","https://fly.pl/wycieczka/egipt,hurghada,sahl-hasheesh/jaz-asteria-beach-11/pUXtBmGONJ3x5iI7Z2ouMoAAogxrb8qJOHdv0FgHdv6z1v-JtDSG7JGG1kLrratyRh_coqBE9SRVgwuJ_D1QZI0nBQQVjpAWACagdPTUguMi4xcjabARUHFwBcA1gFVgJAygZd0w5PbBHRE1OBigFSAF6vT0uBEmEATNG-OiCc_ZcJDQACEmMBAgzIZquB/ofertasv/?filter[tourOperator]=OREX&filter%5Bperson%5D=2&filter%5BchildAge%5D%5B1%5D=20201210&filter%5Bchild%5D=1"
"Reef Oasis Blue Bay Resort","14457.0","29.09.2026 - 07.10.2026","9 dni/7 nocy","","4.6","4.6","9706","tripadvisor","Warszawa","2026-09-21T06:33:07.933955+00:00","https://fly.pl/szukaj-wycieczek/?filter[dest]=11:&filter[hotelids]=&filter[cityids]=0&filter[cregids]=&filter[ofrType]=&filter[addObjType]=&filter[whenFrom]=21-09-2026&filter[whenTo]=21-10-2026&filter[duration]=7:10&filter[from]=Warszawa%20-%20Modlin,Warszawa%20-%20Radom,Warszawa&filter[person]=2&filter[child]=1&filter[price]=4000:20000&filter[PriceFrom]=4000&filter[PriceTo]=20000&filter[addCategory]=50&filter[addCatering]=1&filter[addMisc]=0&filter[addTransport]=F&filter[fp]=1&order_by=ofr_price&filter[tourOperator]=0&filter[childAge][1]=20201210","https://fly.pl/cdn/photo/assets/uploads/582/278/2014/07/Reef-Oasis-Blue-Bay.jpg","https://fly.pl/wycieczka/egipt,sharm-el-sheikh,c/reef-oasis-blue-bay-resort/pg1r7WWfneGcuOEGU8a76BAAogQuxQc2MNKRaQ8MsdMDY-t_x165SKMu3wZ5pxJ9Xdc08qBFZJVFgwuJ_D1QZI-XBQQVi5AWACckAaABUHFwBcA1gFQI8DW72XAV7AaFKmIFMAS8cjYQBMsbU5DYjUmAkgAVH1hf6y6QFP6ukWXYTO6rwcAgxjAQILY28TjQ/ofertasv/?filter[tourOperator]=VITX&filter%5Bperson%5D=2&filter%5BchildAge%5D%5B1%5D=20201210&filter%5Bchild%5D=1"
"Jaz Almaza Beach","14497.0","30.09.2026 - 08.10.2026","9 dni/7 nocy","","4.5","4.5","2932","tripadvisor","Warszawa","2026-09-21T06:33:07.933955+00:00","https://fly.pl/szukaj-wycieczek/?filter[dest]=11:&filter[hotelids]=&filter[cityids]=0&filter[cregids]=&filter[ofrType]=&filter[addObjType]=&filter[whenFrom]=21-09-2026&filter[whenTo]=21-10-2026&filter[duration]=7:10&filter[from]=Warszawa%20-%20Modlin,Warszawa%20-%20Radom,Warszawa&filter[person]=2&filter[child]=1&filter[price]=4000:20000&filter[PriceFrom]=4000&filter[PriceTo]=20000&filter[addCategory]=50&filter[addCatering]=1&filter[addMisc]=0&filter[addTransport]=F&filter[fp]=1&order_by=ofr_price&filter[tourOperator]=0&filter[childAge][1]=20201210","https://fly.pl/cdn/photo/assets/uploads/582/278/2024/07/jaz-almaza-beach.jpg","https://fly.pl/wycieczka/egipt,dolny-egipt,mersa-matruh/jaz-almaza-beach/psI3u_flui19d-xhUizEqFAAogOsRDw5RbRML8i18d2rqCkDPfTTCk9cJVJPZ8eQG0-LMqBFZJVFgwuJ_D1QZIoXFQQVjRAWACckAaABUHFwBcA1gFQI8DU8mDAVIAW_wYXrhjS-1DYQBMjbU5Da3UmAkgR1Hp1JTya0-v5j1d3PiA_ZkBAgxjAQILbVgzWA/ofertasv/?filter[tourOperator]=VITX&filter%5Bperson%5D=2&filter%5BchildAge%5D%5B1%5D=20201210&filter%5Bchild%5D=1"
"Jaz Makadina","14769.0","13.10.2026 - 20.10.2026","8 dni/7 nocy","","4.8","4.8","4089","tripadvisor","Warszawa","2026-09-21T06:33:07.933955+00:00","https://fly.pl/szukaj-wycieczek/?filter[dest]=11:&filter[hotelids]=&filter[cityids]=0&filter[cregids]=&filter[ofrType]=&filter[addObjType]=&filter[whenFrom]=21-09-2026&filter[whenTo]=21-10-2026&filter[duration]=7:10&filter[from]=Warszawa%20-%20Modlin,Warszawa%20-%20Radom,Warszawa&filter[person]=2&filter[child]=1&filter[price]=4000:20000&filter[PriceFrom]=4000&filter[PriceTo]=20000&filter[addCategory]=50&filter[addCatering]=1&filter[addMisc]=0&filter[addTransport]=F&filter[fp]=1&order_by=ofr_price&filter[tourOperator]=0&filter[childAge][1]=20201210","https://fly.pl/cdn/photo/assets/uploads/582/278/2015/04/Jaz-Makadina.jpg","https://fly.pl/wycieczka/egipt,hurghada,makadi-bay/jaz-makadina/p6ZelOvginCjijhTwvLYshAAogpYHrVSrlPG5MYyclsn-jamqyvADKfxjztHOrlw2TEoUqBEpPSVAwuJ_D1QZIsXNQQViJBGACagMwME1yQpsBFAEVBhcAXANYBVYCQMoGT-IBXQBSr6sBUwARoRpejjVL7UNhAEzljDoNqP2XCSAAAZ_J-L-khsygMAINYwEADOhRass/ofertasv/?filter[tourOperator]=JOIP&filter%5Bperson%5D=2&filter%5BchildAge%5D%5B1%5D=20201210&filter%5Bchild%5D=1"
"Rixos Premium Magawish Bay View","14872.0","13.10.2026 - 20.10.2026","8 dni/7 nocy","","","","","","Warszawa","2026-09-21T06:33:07.933955+00:00","https://fly.pl/szukaj-wycieczek/?filter[dest]=11:&filter[hotelids]=&filter[cityids]=0&filter[cregids]=&filter[ofrType]=&filter[addObjType]=&filter[whenFrom]=21-09-2026&filter[whenTo]=21-10-2026&filter[duration]=7:10&filter[from]=Warszawa%20-%20Modlin,Warszawa%20-%20Radom,Warszawa&filter[person]=2&filter[child]=1&filter[price]=4000:20000&filter[PriceFrom]=4000&filter[PriceTo]=20000&filter[addCategory]=50&filter[addCatering]=1&filter[addMisc]=0&filter[addTransport]=F&filter[fp]=1&order_by=ofr_price&filter[tourOperator]=0&filter[childAge][1]=20201210","https://datacfstatic.merlinx.pl/JOIP/IMG/80504/72b9b3cd4567017e4759277a6035f23699e3aef72cf308850ac030076b8a0054.webp","https://fly.pl/wycieczka/egipt,hurghada,c/rixos-premium-magawish-bay-view-11/pXpco7OIf4Jpob_iVSsKoeAAoghTSjgUJEyhj90j8xVjVkdWqyvADKfxjztHOrlw2TEoUqBEpPSVAwuJ_D1QZImHRQQViJBGACagMwMllyQ5sBFAEVBhcAXANYBVYCQMoGT-IBXQBSr6sBUwBer09L7UNhABHwrQJM9d43Daj9lwkgAAG_xdyQxYbMoDACDWMBAAuJPJw3/ofertasv/?filter[tourOperator]=JOIP&filter%5Bperson%5D=2&filter%5BchildAge%5D%5B1%5D=20201210&filter%5Bchild%5D=1"
"Rixos Premium Seagate","15029.0","04.10.2026 - 11.10.2026","8 dni/7 nocy","","4.8","4.8","11512","tripadvisor","Warszawa","2026-09-21T06:33:07.933955+00:00","https://fly.pl/szukaj-wycieczek/?filter[dest]=11:&filter[hotelids]=&filter[cityids]=0&filter[cregids]=&filter[ofrType]=&filter[addObjType]=&filter[whenFrom]=21-09-2026&filter[whenTo]=21-10-2026&filter[duration]=7:10&filter[from]=Warszawa%20-%20Modlin,Warszawa%20-%20Radom,Warszawa&filter[person]=2&filter[child]=1&filter[price]=4000:20000&filter[PriceFrom]=4000&filter[PriceTo]=20000&filter[addCategory]=50&filter[addCatering]=1&filter[addMisc]=0&filter[addTransport]=F&filter[fp]=1&order_by=ofr_price&filter[tourOperator]=0&filter[childAge][1]=20201210","https://fly.pl/cdn/photo/assets/uploads/582/278/2015/04/Rixos-Premium-Seagate-Sharm-El-Sheikh.jpg","https://fly.pl/wycieczka/egipt,sharm-el-sheikh,nabq-bay/rixos-seagate/pmQ1tMqjgtmYeIqjVMKcPZAAoggrKE0hrgJkBs_xiEsnh-Zu6LQqlaFmzyIpGKGzBohJAqBEpPSVAwuJ_D1QZItXVQQVixAmACckMUARUGFwBcA1gFVgJAygZP4gFdAFvhpAER6SFelDRSpiBTAEvHI2EATOWMOg2f_ZcJIAABvd38qMWIzKAwAg1jAQAL1yvpUw/ofertasv/?filter[tourOperator]=JOIP&filter%5Bperson%5D=2&filter%5BchildAge%5D%5B1%5D=20201210&filter%5Bchild%5D=1"
"Rixos Radamis Beach","15267.0","04.10.2026 - 11.10.2026","8 dni/7 nocy","","","","","","Warszawa","2026-09-21T06:33:07.933955+00:00","https://fly.pl/szukaj-wycieczek/?filter[dest]=11:&filter[hotelids]=&filter[cityids]=0&filter[cregids]=&filter[ofrType]=&filter[addObjType]=&filter[whenFrom]=21-09-2026&filter[whenTo]=21-10-2026&filter[duration]=7:10&filter[from]=Warszawa%20-%20Modlin,Warszawa%20-%20Radom,Warszawa&filter[person]=2&filter[child]=1&filter[price]=4000:20000&filter[PriceFrom]=4000&filter[PriceTo]=20000&filter[addCategory]=50&filter[addCatering]=1&filter[addMisc]=0&filter[addTransport]=F&filter[fp]=1&order_by=ofr_price&filter[tourOperator]=0&filter[childAge][1]=20201210","https://datacfstatic.merlinx.pl/JOIP/IMG/63851/97898f089b392972361de777071e04e87d253ed0bfb6a13a12f021ca907858bb.webp","https://fly.pl/wycieczka/egipt,sharm-el-sheikh,szarm-el-szejk/rixos-radamis-beach-side-9/pZNzydTDvBYnuD0x2dagpAAAogYnXoyf-EeyM0_L8sywHeiu6LQqlaFmzyIpGKGzBohJAqBEpPSVAwuJ_D1QZIo3dQQVixAmACagNNOHFyQ5sBFAEVBhcAXANYBVYCQMoGT-IBXQBe3voBUqYgUwBLxyNhABHjqwFMguE4DZ_9lwkgAAGq0_SfxYjMoDACDWMBAAvPoaB8/ofertasv/?filter[tourOperator]=JOIP&filter%5Bperson%5D=2&filter%5BchildAge%5D%5B1%5D=20201210&filter%5Bchild%5D=1"
"Steigenberger Al Dau Beach","15267.0","24.09.2026 - 01.10.2026","8 dni/7 nocy","","4.8","4.8","10121","tripadvisor","Warszawa","2026-09-21T06:33:07.933955+00:00","https://fly.pl/szukaj-wycieczek/?filter[dest]=11:&filter[hotelids]=&filter[cityids]=0&filter[cregids]=&filter[ofrType]=&filter[addObjType]=&filter[whenFrom]=21-09-2026&filter[whenTo]=21-10-2026&filter[duration]=7:10&filter[from]=Warszawa%20-%20Modlin,Warszawa%20-%20Radom,Warszawa&filter[person]=2&filter[child]=1&filter[price]=4000:20000&filter[PriceFrom]=4000&filter[PriceTo]=20000&filter[addCategory]=50&filter[addCatering]=1&filter[addMisc]=0&filter[addTransport]=F&filter[fp]=1&order_by=ofr_price&filter[tourOperator]=0&filter[childAge][1]=20201210","https://fly.pl/cdn/photo/assets/uploads/582/278/2014/07/Steigenberger-Al-Dau-Beach-fly-pl.jpg","https://fly.pl/wycieczka/egipt,hurghada,c/steigenberger-al-dau-beach/pWHxUaVs2boXylfhDLp5s5AAogNGX7tGMohkjWgMSNCtastG81lTSXqH6Isk6l7nfwV_cqBEJWUFIwuJ_D1QZIo3dQAVhBYAJqDUFsbCBpbmNsdXNpdmVyIBwRxTMb_J4EGMLBDLkEhvYUqwRPAeyt5K8BAgBjAQIL5ojQWg/ofertasv/?filter[tourOperator]=BVPR&filter%5Bperson%5D=2&filter%5BchildAge%5D%5B1%5D=20201210&filter%5Bchild%5D=1"
"Iberotel Makadi Beach","15323.0","01.10.2026 - 08.10.2026","8 dni/7 nocy","","4.8","4.8","4167","tripadvisor","Warszawa - Radom","2026-09-21T06:33:07.933955+00:00","https://fly.pl/szukaj-wycieczek/?filter[dest]=11:&filter[hotelids]=&filter[cityids]=0&filter[cregids]=&filter[ofrType]=&filter[addObjType]=&filter[whenFrom]=21-09-2026&filter[whenTo]=21-10-2026&filter[duration]=7:10&filter[from]=Warszawa%20-%20Modlin,Warszawa%20-%20Radom,Warszawa&filter[person]=2&filter[child]=1&filter[price]=4000:20000&filter[PriceFrom]=4000&filter[PriceTo]=20000&filter[addCategory]=50&filter[addCatering]=1&filter[addMisc]=0&filter[addTransport]=F&filter[fp]=1&order_by=ofr_price&filter[tourOperator]=0&filter[childAge][1]=20201210","https://fly.pl/cdn/photo/assets/uploads/582/278/2015/04/Iberotel-Makadi-Beach.jpg","https://fly.pl/wycieczka/egipt,hurghada,makadi-bay/iberotel-makadi-beach/pAi4sPKb7eHAFDVNctCAoSAAogZltzYm6i33xEGIp_cCUaMptDSG7JGG1kLrratyRh_coqBE9SRVgwuJ_D1QZI23dQQVjpAWACagZFRi4yLjFyNZsBFQcXAFwDWAVWAhEVQLUGXdMOT2xT0p0BUgBer09LgRJhAEzRvjognP2XCQ0AAhJjAQILXuR8UQ/ofertasv/?filter[tourOperator]=OREX&filter%5Bperson%5D=2&filter%5BchildAge%5D%5B1%5D=20201210&filter%5Bchild%5D=1"
"Serry Beach Resort","15350.0","13.10.2026 - 20.10.2026","8 dni/7 nocy","","4.8","4.8","2856","tripadvisor","Warszawa","2026-09-21T06:33:07.933955+00:00","https://fly.pl/szukaj-wycieczek/?filter[dest]=11:&filter[hotelids]=&filter[cityids]=0&filter[cregids]=&filter[ofrType]=&filter[addObjType]=&filter[whenFrom]=21-09-2026&filter[whenTo]=21-10-2026&filter[duration]=7:10&filter[from]=Warszawa%20-%20Modlin,Warszawa%20-%20Radom,Warszawa&filter[person]=2&filter[child]=1&filter[price]=4000:20000&filter[PriceFrom]=4000&filter[PriceTo]=20000&filter[addCategory]=50&filter[addCatering]=1&filter[addMisc]=0&filter[addTransport]=F&filter[fp]=1&order_by=ofr_price&filter[tourOperator]=0&filter[childAge][1]=20201210","https://fly.pl/cdn/photo/assets/uploads/582/278/2014/09/Serry-Beach-Resort.jpg","https://fly.pl/wycieczka/egipt,hurghada,c/sindbad-beach-resort/pR40D97mUGktrQp7NbeYKIAAogOmKtV2xQNqLATbTKSTXQOGqyvADKfxjztHOrlw2TEoUqBEpPSVAwuJ_D1QZI9ndQQViJBGACckMUARUGFwBcA1gFVgJAygZd4gFPAFv1ZVO6RVIAXq9PS-1DYQARlpQBTM_4OCCo_ZcJDQABnNXo6ITLzKAwAg1jAQALtZo5zQ/ofertasv/?filter[tourOperator]=JOIP&filter%5Bperson%5D=2&filter%5BchildAge%5D%5B1%5D=20201210&filter%5Bchild%5D=1"
"Jaz Elite Casa Del Mar Beach","15497.0","04.10.2026 - 11.10.2026","8 dni/7 nocy","","5.0","5.0","655","tripadvisor","Warszawa","2026-09-21T06:33:07.933955+00:00","https://fly.pl/szukaj-wycieczek/?filter[dest]=11:&filter[hotelids]=&filter[cityids]=0&filter[cregids]=&filter[ofrType]=&filter[addObjType]=&filter[whenFrom]=21-09-2026&filter[whenTo]=21-10-2026&filter[duration]=7:10&filter[from]=Warszawa%20-%20Modlin,Warszawa%20-%20Radom,Warszawa&filter[person]=2&filter[child]=1&filter[price]=4000:20000&filter[PriceFrom]=4000&filter[PriceTo]=20000&filter[addCategory]=50&filter[addCatering]=1&filter[addMisc]=0&filter[addTransport]=F&filter[fp]=1&order_by=ofr_price&filter[tourOperator]=0&filter[childAge][1]=20201210","https://fly.pl/cdn/photo/assets/uploads/582/278/2020/01/Jaz-Casa-Del-Mar-Beach.jpg","https://fly.pl/wycieczka/egipt,hurghada,c/jaz-casa-del-mar-beach-10/pxXIHJXyk8p7uOoi5AKjOCAAog8IZIM37kDT9MIzDl9tE6oo8y6rj6FZ9B-AYEqrWUQdsqBEVYSU0wuJ_D1QZIiXlQAVixAmACagNVQUlyIRwR68UGuQSU-D2rBBwbyro6GMnGOwGt9KeuCgIAYwECC1-dvys/ofertasv/?filter[tourOperator]=EXIM&filter%5Bperson%5D=2&filter%5BchildAge%5D%5B1%5D=20201210&filter%5Bchild%5D=1"
"Rixos Premium Magawish Suites & Villas","15615.0","29.09.2026 - 06.10.2026","8 dni/7 nocy","","4.8","4.8","4336","tripadvisor","Warszawa","2026-09-21T06:33:07.933955+00:00","https://fly.pl/szukaj-wycieczek/?filter[dest]=11:&filter[hotelids]=&filter[cityids]=0&filter[cregids]=&filter[ofrType]=&filter[addObjType]=&filter[whenFrom]=21-09-2026&filter[whenTo]=21-10-2026&filter[duration]=7:10&filter[from]=Warszawa%20-%20Modlin,Warszawa%20-%20Radom,Warszawa&filter[person]=2&filter[child]=1&filter[price]=4000:20000&filter[PriceFrom]=4000&filter[PriceTo]=20000&filter[addCategory]=50&filter[addCatering]=1&filter[addMisc]=0&filter[addTransport]=F&filter[fp]=1&order_by=ofr_price&filter[tourOperator]=0&filter[childAge][1]=20201210","https://fly.pl/cdn/photo/assets/uploads/582/278/2014/07/Magawish-Village-Resort-ex.-Swiss-Inn-fly-pl.jpg","https://fly.pl/wycieczka/egipt,hurghada,c/magawish-swiss-inn/pbN-OZCqee4oErsrjBmldMAAogB-xZdDUX48OSpk1eEDsXbuErWs0tVGkUnula-RMaXKwqBEpPSVAwuJ_D1QZI_3lQQVi5AWACagMwRVByQpsBFAEVBhcAXANYBVYCQMoGT-IBXQBSr6sBUwBer09L7UNhABHnbUz-njkN1PyXCSAAAYC8vIDEqtGgMAINYwEAC6zjEMQ/ofertasv/?filter[tourOperator]=JOIP&filter%5Bperson%5D=2&filter%5BchildAge%5D%5B1%5D=20201210&filter%5Bchild%5D=1"
"Jaz Elite Riviera","15667.0","26.09.2026 - 04.10.2026","9 dni/7 nocy","","","","","","Warszawa","2026-09-21T06:33:07.933955+00:00","https://fly.pl/szukaj-wycieczek/?filter[dest]=11:&filter[hotelids]=&filter[cityids]=0&filter[cregids]=&filter[ofrType]=&filter[addObjType]=&filter[whenFrom]=21-09-2026&filter[whenTo]=21-10-2026&filter[duration]=7:10&filter[from]=Warszawa%20-%20Modlin,Warszawa%20-%20Radom,Warszawa&filter[person]=2&filter[child]=1&filter[price]=4000:20000&filter[PriceFrom]=4000&filter[PriceTo]=20000&filter[addCategory]=50&filter[addCatering]=1&filter[addMisc]=0&filter[addTransport]=F&filter[fp]=1&order_by=ofr_price&filter[tourOperator]=0&filter[childAge][1]=20201210","https://datacfstatic.merlinx.pl/EXIM/IMG/106777/568b298780cd2ce6eee312f0f43ef758b5c995ecff934bf20f82542d99af1412.webp","https://fly.pl/wycieczka/egipt,marsa-alam,c/jaz-riviera-15/pKgX8wG06MlvPEWaUPrsEeAAogqYYs_w8eKfx-o-E9W_drHvPOVhexA4B-vTIRTOTMdjUqBEVYSU0wuJ_D1QZIs3pQAVhxYAJqAkFJciEcEZnCBrkEvP09qwQbG_-fORjMxDoBr_DjiwoCAGMBAgsyVPb-/ofertasv/?filter[tourOperator]=EXIM&filter%5Bperson%5D=2&filter%5BchildAge%5D%5B1%5D=20201210&filter%5Bchild%5D=1"
"Sunrise White Hills Resort","15792.0","10.10.2026 - 17.10.2026","8 dni/7 nocy","","4.8","4.8","2127","tripadvisor","Warszawa","2026-09-21T06:33:07.933955+00:00","https://fly.pl/szukaj-wycieczek/?filter[dest]=11:&filter[hotelids]=&filter[cityids]=0&filter[cregids]=&filter[ofrType]=&filter[addObjType]=&filter[whenFrom]=21-09-2026&filter[whenTo]=21-10-2026&filter[duration]=7:10&filter[from]=Warszawa%20-%20Modlin,Warszawa%20-%20Radom,Warszawa&filter[person]=2&filter[child]=1&filter[price]=4000:20000&filter[PriceFrom]=4000&filter[PriceTo]=20000&filter[addCategory]=50&filter[addCatering]=1&filter[addMisc]=0&filter[addTransport]=F&filter[fp]=1&order_by=ofr_price&filter[tourOperator]=0&filter[childAge][1]=20201210","https://fly.pl/cdn/photo/assets/uploads/582/278/2022/12/Sunrise-White-Hills.jpg","https://fly.pl/wycieczka/egipt,sharm-el-sheikh,szarm-el-szejk/white-hills-by-sunrise-14/pw1TIuqhGLPDA07H7mcxZ2AAogJdsN7KW9Az49nrmBpm4BmQAAAACZhAQAtoQEAAcAEgAqBFdFWlkwuJ_D1QZIsHtQQVjBA2ADaglFbnRlciBBaXJqBDA4MDByQ54BlQEfAAIBHAAWBBcCEu0DGIUFE80BFMkEQJJyT6CiAUwAS8cjUAARvEcd1foOIB0bn4MfDb3EowkBEmMBDGMBBAuKrz8T/ofertasv/?filter[tourOperator]=WEZY&filter%5Bperson%5D=2&filter%5BchildAge%5D%5B1%5D=20201210&filter%5Bchild%5D=1"
"Sunrise Arabian Beach Resort","15819.0","11.10.2026 - 18.10.2026","8 dni/7 nocy","","4.5","4.5","4480","tripadvisor","Warszawa","2026-09-21T06:33:07.933955+00:00","https://fly.pl/szukaj-wycieczek/?filter[dest]=11:&filter[hotelids]=&filter[cityids]=0&filter[cregids]=&filter[ofrType]=&filter[addObjType]=&filter[whenFrom]=21-09-2026&filter[whenTo]=21-10-2026&filter[duration]=7:10&filter[from]=Warszawa%20-%20Modlin,Warszawa%20-%20Radom,Warszawa&filter[person]=2&filter[child]=1&filter[price]=4000:20000&filter[PriceFrom]=4000&filter[PriceTo]=20000&filter[addCategory]=50&filter[addCatering]=1&filter[addMisc]=0&filter[addTransport]=F&filter[fp]=1&order_by=ofr_price&filter[tourOperator]=0&filter[childAge][1]=20201210","https://fly.pl/cdn/photo/assets/uploads/582/278/2014/07/Sunrise-Grand-Select-Arabian-Beach.jpg","https://fly.pl/wycieczka/egipt,sharm-el-sheikh,c/sunrise-grand-select-arabian-beach/p7Rd_4XkAOz6PEgI64S_sLAAogzGHb9l2_cytpRYsltwcv0giPgYhrkVrHHSR3tH9QMnYqBEpPSVAwuJ_D1QZIy3tQQVjZA2ACagMxejhyQ5sBFAEVBhcAXANYBVYCQMoGT-IBXQBe3voBUqYgUwBLxyNhABGpwQFMvMs4Dab9lwkgAAG-mYzBw4jMoDACDWMBBAv2kBU6/ofertasv/?filter[tourOperator]=JOIP&filter%5Bperson%5D=2&filter%5BchildAge%5D%5B1%5D=20201210&filter%5Bchild%5D=1"
"Savoy (Sharm El Sheikh)","15933.0","27.09.2026 - 04.10.2026","8 dni/7 nocy","","4.9","4.9","4274","tripadvisor","Warszawa","2026-09-21T06:33:07.933955+00:00","https://fly.pl/szukaj-wycieczek/?filter[dest]=11:&filter[hotelids]=&filter[cityids]=0&filter[cregids]=&filter[ofrType]=&filter[addObjType]=&filter[whenFrom]=21-09-2026&filter[whenTo]=21-10-2026&filter[duration]=7:10&filter[from]=Warszawa%20-%20Modlin,Warszawa%20-%20Radom,Warszawa&filter[person]=2&filter[child]=1&filter[price]=4000:20000&filter[PriceFrom]=4000&filter[PriceTo]=20000&filter[addCategory]=50&filter[addCatering]=1&filter[addMisc]=0&filter[addTransport]=F&filter[fp]=1&order_by=ofr_price&filter[tourOperator]=0&filter[childAge][1]=20201210","https://fly.pl/cdn/photo/assets/uploads/582/278/2014/07/Savoy-Sharm-El-Sheikh.jpg","https://fly.pl/wycieczka/egipt,sharm-el-sheikh,c/savoy-sharm-el-sheikh/pZTXPnUHv0k5lBgoxPPZv8AAog6AwriBO1j4W4g6p3_ajkvtvhBFpwv_tYWcE8EXXr1-EqBEpPSVAwuJ_D1QZIvXxQQViJAWACagMwME1yQpsBFAEVBhcAXANYBVYCQMoGT-IBXQARo8cBXrszUqYgUwBLxyNhAEzljDoN0vyXCSAAAZLU7Ji0iMygMAINYwEACwtV2EM/ofertasv/?filter[tourOperator]=JOIP&filter%5Bperson%5D=2&filter%5BchildAge%5D%5B1%5D=20201210&filter%5Bchild%5D=1"
"Sunrise Crystal Bay Resort","16094.0","13.10.2026 - 20.10.2026","8 dni/7 nocy","","4.7","4.7","9678","tripadvisor","Warszawa","2026-09-21T06:33:07.933955+00:00","https://fly.pl/szukaj-wycieczek/?filter[dest]=11:&filter[hotelids]=&filter[cityids]=0&filter[cregids]=&filter[ofrType]=&filter[addObjType]=&filter[whenFrom]=21-09-2026&filter[whenTo]=21-10-2026&filter[duration]=7:10&filter[from]=Warszawa%20-%20Modlin,Warszawa%20-%20Radom,Warszawa&filter[person]=2&filter[child]=1&filter[price]=4000:20000&filter[PriceFrom]=4000&filter[PriceTo]=20000&filter[addCategory]=50&filter[addCatering]=1&filter[addMisc]=0&filter[addTransport]=F&filter[fp]=1&order_by=ofr_price&filter[tourOperator]=0&filter[childAge][1]=20201210","https://fly.pl/cdn/photo/assets/uploads/582/278/2014/07/Sunrise-Cristal-Bay-ex.-Coral-Sea.jpg","https://fly.pl/wycieczka/egipt,hurghada,c/sunrise-cristal-bay-ex-coral-sea/pg96yP3KA4IbObnTUTVuHeAAogIBIjpYmAMIMfy8xb-JqwhmqyvADKfxjztHOrlw2TEoUqBEpPSVAwuJ_D1QZI3n1QQViJBGACagMwUm1yQ5sBFAEVBhcAXANYBVYCQMoGT-IBXQBSr6sBUwBer09L7UNhABGT1wFM0rU4Daj9lwkgAAG10YygxYbMoDACDWMBBAv7PKag/ofertasv/?filter[tourOperator]=JOIP&filter%5Bperson%5D=2&filter%5BchildAge%5D%5B1%5D=20201210&filter%5Bchild%5D=1"
"Sunrise Holidays Resort","16197.0","08.10.2026 - 15.10.2026","8 dni/7 nocy","","4.5","4.5","10571","tripadvisor","Warszawa","2026-09-21T06:33:07.933955+00:00","https://fly.pl/szukaj-wycieczek/?filter[dest]=11:&filter[hotelids]=&filter[cityids]=0&filter[cregids]=&filter[ofrType]=&filter[addObjType]=&filter[whenFrom]=21-09-2026&filter[whenTo]=21-10-2026&filter[duration]=7:10&filter[from]=Warszawa%20-%20Modlin,Warszawa%20-%20Radom,Warszawa&filter[person]=2&filter[child]=1&filter[price]=4000:20000&filter[PriceFrom]=4000&filter[PriceTo]=20000&filter[addCategory]=50&filter[addCatering]=1&filter[addMisc]=0&filter[addTransport]=F&filter[fp]=1&order_by=ofr_price&filter[tourOperator]=0&filter[childAge][1]=20201210","https://fly.pl/cdn/photo/assets/uploads/582/278/2014/07/Sunrise-Holidays-fly-pl.jpg","https://fly.pl/wycieczka/egipt,hurghada,c/sunrise-holidays/pdALckVz5XbzH5t9fSBUAHAAogUxcAsigsnhm3uIXSviWJue_o9xaTpfsfnKGx64UlgLUqBEJWUFIwuJ_D1QZIxX5QAViRA2ABag1BbGwgaW5jbHVzaXZlch0cEcBQG4HnBBid9Ay5BK3eE6sETwHwzu_EAQMAY0b8Owc/ofertasv/?filter[tourOperator]=BVPR&filter%5Bperson%5D=2&filter%5BchildAge%5D%5B1%5D=20201210&filter%5Bchild%5D=1"
"Movenpick Resort El Quseir","17533.0","11.10.2026 - 18.10.2026","8 dni/7 nocy","","4.7","4.7","2870","tripadvisor","Warszawa","2026-09-21T06:33:07.933955+00:00","https://fly.pl/szukaj-wycieczek/?filter[dest]=11:&filter[hotelids]=&filter[cityids]=0&filter[cregids]=&filter[ofrType]=&filter[addObjType]=&filter[whenFrom]=21-09-2026&filter[whenTo]=21-10-2026&filter[duration]=7:10&filter[from]=Warszawa%20-%20Modlin,Warszawa%20-%20Radom,Warszawa&filter[person]=2&filter[child]=1&filter[price]=4000:20000&filter[PriceFrom]=4000&filter[PriceTo]=20000&filter[addCategory]=50&filter[addCatering]=1&filter[addMisc]=0&filter[addTransport]=F&filter[fp]=1&order_by=ofr_price&filter[tourOperator]=0&filter[childAge][1]=20201210","https://fly.pl/cdn/photo/assets/uploads/582/278/2014/09/Movenpick.jpg","https://fly.pl/wycieczka/egipt,marsa-alam,c/moevenpick-el-quseir/p51ODMxi0p5On6et4BPxgCAAogjW9GDc18N_2Lv1nmzLIJrAAAAAAagwQANoMEAAcAAQAqBFdFWlkwuJ_D1QZI_YgBUEFY2QNgA2oJRW50ZXIgQWlyagQwMDUwckKeAZQBHwACARwAFgQXAhLtAxXaBRifAxPDARHFIkCsUEy2lgFPAEuxL1AAG_IwHaCODyAcDd3KwgkBEmMBDGMBAgvlEK6k/ofertasv/?filter[tourOperator]=WEZY&filter%5Bperson%5D=2&filter%5BchildAge%5D%5B1%5D=20201210&filter%5Bchild%5D=1"
"Sunrise Tucana Resort","18247.0","13.10.2026 - 20.10.2026","8 dni/7 nocy","","4.8","4.8","1128","tripadvisor","Warszawa","2026-09-21T06:33:07.933955+00:00","https://fly.pl/szukaj-wycieczek/?filter[dest]=11:&filter[hotelids]=&filter[cityids]=0&filter[cregids]=&filter[ofrType]=&filter[addObjType]=&filter[whenFrom]=21-09-2026&filter[whenTo]=21-10-2026&filter[duration]=7:10&filter[from]=Warszawa%20-%20Modlin,Warszawa%20-%20Radom,Warszawa&filter[person]=2&filter[child]=1&filter[price]=4000:20000&filter[PriceFrom]=4000&filter[PriceTo]=20000&filter[addCategory]=50&filter[addCatering]=1&filter[addMisc]=0&filter[addTransport]=F&filter[fp]=1&order_by=ofr_price&filter[tourOperator]=0&filter[childAge][1]=20201210","https://fly.pl/cdn/photo/assets/uploads/582/278/2024/07/sunrise-grand-select-tucana-resort.jpg","https://fly.pl/wycieczka/egipt,hurghada,makadi-bay/sunrise-grand-select-tucana-resort-13/p4lsvObf1_m40ld3Ki6SiWAAogXaE_naxpgSMcpXUibn9MdmqyvADKfxjztHOrlw2TEoUqBEpPSVAwuJ_D1QZIx44BUEFYiQRgAnJEFAEVBhcAXANYBVYCQMoGXeIBTwBb4AFTz6kBUgBer09L7UNhABGkwQFMwcs4IKj9lwkNAAGd44yx04bMoDACDWMBBAvjSKpJ/ofertasv/?filter[tourOperator]=JOIP&filter%5Bperson%5D=2&filter%5BchildAge%5D%5B1%5D=20201210&filter%5Bchild%5D=1"
"The V Luxury Resort","18617.0","24.09.2026 - 01.10.2026","8 dni/7 nocy","","4.4","4.4","1035","tripadvisor","Warszawa","2026-09-21T06:33:07.933955+00:00","https://fly.pl/szukaj-wycieczek/?filter[dest]=11:&filter[hotelids]=&filter[cityids]=0&filter[cregids]=&filter[ofrType]=&filter[addObjType]=&filter[whenFrom]=21-09-2026&filter[whenTo]=21-10-2026&filter[duration]=7:10&filter[from]=Warszawa%20-%20Modlin,Warszawa%20-%20Radom,Warszawa&filter[person]=2&filter[child]=1&filter[price]=4000:20000&filter[PriceFrom]=4000&filter[PriceTo]=20000&filter[addCategory]=50&filter[addCatering]=1&filter[addMisc]=0&filter[addTransport]=F&filter[fp]=1&order_by=ofr_price&filter[tourOperator]=0&filter[childAge][1]=20201210","https://datacfstatic.merlinx.pl/ECCX/IMG/8509/a34ffb14cb4f969296cdff1cb2d407304f33a05d874a772a70abb23b1923ac12.webp","https://fly.pl/wycieczka/egipt,hurghada,sahl-hasheesh/the-v-luxury-resort-13/pdlUs7SWuUdPvadDIKWVErAAogdMLZi1JM48kCg-mnB5MU1qZ2wddXfcahw7B2Bd23unoqBEVDQ1gwvp_D1QZIuZEBUAFYQWACagNBSVVyIBwRvUK5BJnvFasEGxju_isbqMhBAaGLtOwBAgBjAQIFAtXKiA/ofertasv/?filter[tourOperator]=ECCX&filter%5Bperson%5D=2&filter%5BchildAge%5D%5B1%5D=20201210&filter%5Bchild%5D=1"
"Pickalbatros Blu Spa Resort Hurghada","19287.0","04.10.2026 - 11.10.2026","8 dni/7 nocy","","4.9","4.9","2814","tripadvisor","Warszawa","2026-09-21T06:33:07.933955+00:00","https://fly.pl/szukaj-wycieczek/?filter[dest]=11:&filter[hotelids]=&filter[cityids]=0&filter[cregids]=&filter[ofrType]=&filter[addObjType]=&filter[whenFrom]=21-09-2026&filter[whenTo]=21-10-2026&filter[duration]=7:10&filter[from]=Warszawa%20-%20Modlin,Warszawa%20-%20Radom,Warszawa&filter[person]=2&filter[child]=1&filter[price]=4000:20000&filter[PriceFrom]=4000&filter[PriceTo]=20000&filter[addCategory]=50&filter[addCatering]=1&filter[addMisc]=0&filter[addTransport]=F&filter[fp]=1&order_by=ofr_price&filter[tourOperator]=0&filter[childAge][1]=20201210","https://fly.pl/cdn/photo/assets/uploads/582/278/2022/05/Albatros-Blu-Spa-Resort-Hurghada.jpg","https://fly.pl/wycieczka/egipt,hurghada,c/albatros-blue-spa-resort-hurghada-10/pUcx4likKBd2mgHHbV6ecGAAoglz9pXJ4eON5NGTIZq8VcQI8y6rj6FZ9B-AYEqrWUQdsqBEVYSU0wvp_D1QZI15YBUAFYsQJgAWoDVUFJch4cEYShBrkE-5w-qwQcG8a2LBjLgC8B1PGCjwgDAGPIQWX3/ofertasv/?filter[tourOperator]=EXIM&filter%5Bperson%5D=2&filter%5BchildAge%5D%5B1%5D=20201210&filter%5Bchild%5D=1"
"Steigenberger Coraya Beach","19587.0","26.09.2026 - 04.10.2026","9 dni/7 nocy","","4.8","4.8","8402","tripadvisor","Warszawa","2026-09-21T06:33:07.933955+00:00","https://fly.pl/szukaj-wycieczek/?filter[dest]=11:&filter[hotelids]=&filter[cityids]=0&filter[cregids]=&filter[ofrType]=&filter[addObjType]=&filter[whenFrom]=21-09-2026&filter[whenTo]=21-10-2026&filter[duration]=7:10&filter[from]=Warszawa%20-%20Modlin,Warszawa%20-%20Radom,Warszawa&filter[person]=2&filter[child]=1&filter[price]=4000:20000&filter[PriceFrom]=4000&filter[PriceTo]=20000&filter[addCategory]=50&filter[addCatering]=1&filter[addMisc]=0&filter[addTransport]=F&filter[fp]=1&order_by=ofr_price&filter[tourOperator]=0&filter[childAge][1]=20201210","https://fly.pl/cdn/photo/assets/uploads/582/278/2014/09/Steigenberger-Coraya-Beach-ex-Iberotel-fly-pl.jpg","https://fly.pl/wycieczka/egipt,marsa-alam,madinat-coraya/iberotel-coraya-beach/ppePQIun9qvgAkJIMidxe0AAogoC7YFVdp32ms3YWHQ43eNfPOVhexA4B-vTIRTOTMdjUqBEVYSU0wvp_D1QZIg5kBUAFYcWABagJBSXIeHBGRyga5BMT1PasEGxuBqTwYsvQ9AdyG3e4KAwBjSWGzUQ/ofertasv/?filter[tourOperator]=EXIM&filter%5Bperson%5D=2&filter%5BchildAge%5D%5B1%5D=20201210&filter%5Bchild%5D=1"
"V Hotel Sharm","19697.0","10.10.2026 - 17.10.2026","8 dni/7 nocy","","4.2","4.2","2116","tripadvisor","Warszawa","2026-09-21T06:33:07.933955+00:00","https://fly.pl/szukaj-wycieczek/?filter[dest]=11:&filter[hotelids]=&filter[cityids]=0&filter[cregids]=&filter[ofrType]=&filter[addObjType]=&filter[whenFrom]=21-09-2026&filter[whenTo]=21-10-2026&filter[duration]=7:10&filter[from]=Warszawa%20-%20Modlin,Warszawa%20-%20Radom,Warszawa&filter[person]=2&filter[child]=1&filter[price]=4000:20000&filter[PriceFrom]=4000&filter[PriceTo]=20000&filter[addCategory]=50&filter[addCatering]=1&filter[addMisc]=0&filter[addTransport]=F&filter[fp]=1&order_by=ofr_price&filter[tourOperator]=0&filter[childAge][1]=20201210","https://fly.pl/cdn/photo/assets/uploads/582/278/2017/08/Pyramisa-Beach-Resort.jpg","https://fly.pl/wycieczka/egipt,sharm-el-sheikh,szarm-el-szejk/dessole-pyramisa-egipt-sharm-el-sheikh-egipt/pkcsgKhgrWQ1Hu_RISzNl8AAog6eORHzjjLRGWxZjzV6h2igAAAACZhAQAtoQEAAcAEgAqBFdFWlkwvp_D1QZI8ZkBUEFYwQNgA2oJRW50ZXIgQWlyagQwODAwckKeAZUBHwACARwAFgQXAhLtAxiFBRPNARTJBBH0KkCeR0ygogFPAEvHI1AAG8YwHcuRDyAdDdzHwgkBEmMBDWMBAgZ73hB6/ofertasv/?filter[tourOperator]=WEZY&filter%5Bperson%5D=2&filter%5BchildAge%5D%5B1%5D=20201210&filter%5Bchild%5D=1"
"Jaz Elite Amara","19967.0","13.10.2026 - 20.10.2026","8 dni/7 nocy","","4.9","4.9","1712","tripadvisor","Warszawa","2026-09-21T06:33:07.933955+00:00","https://fly.pl/szukaj-wycieczek/?filter[dest]=11:&filter[hotelids]=&filter[cityids]=0&filter[cregids]=&filter[ofrType]=&filter[addObjType]=&filter[whenFrom]=21-09-2026&filter[whenTo]=21-10-2026&filter[duration]=7:10&filter[from]=Warszawa%20-%20Modlin,Warszawa%20-%20Radom,Warszawa&filter[person]=2&filter[child]=1&filter[price]=4000:20000&filter[PriceFrom]=4000&filter[PriceTo]=20000&filter[addCategory]=50&filter[addCatering]=1&filter[addMisc]=0&filter[addTransport]=F&filter[fp]=1&order_by=ofr_price&filter[tourOperator]=0&filter[childAge][1]=20201210","https://fly.pl/cdn/photo/assets/uploads/582/278/2024/07/jaz-amara.jpg","https://fly.pl/wycieczka/egipt,marsa-alam,port-ghalib/jaz-amara-10/pUUwo3IdYyRBRR7KR5c-dtAAogL0Wi-IRgNHFU7ZfL7dSUwXNSPIWPmwjtQIcdawO3kIgqBE9BU0kwvp_D1QZI_5sBUAFYiQRgA2oDQUlsciQcEe-tAbkEyZ0PqwQbG8O_EBjE9BMBp6adrAIBDGMBAGMBAgvEQuGv/ofertasv/?filter[tourOperator]=OASI&filter%5Bperson%5D=2&filter%5BchildAge%5D%5B1%5D=20201210&filter%5Bchild%5D=1"
