"hotel_name","price","dates","duration","duration_bucket","rating","ta_rating","ta_review_count","ta_source","departure_airport","scraped_at","url","image_url","offer_url"
"<<<<<<< Updated upstream","","","","","","","","","","","","",""
"<<<<<<< Updated upstream","","","","","","","","","","","","",""
"<<<<<<< Updated upstream","","","","","","","","","","","","",""
"=======","","","","","","","","","","","","",""
"=======","","","","","","","","","","","","",""
"=======","","","","","","","","","","","","",""
">>>>>>> Stashed changes","","","","","","","","","","","","",""
"<<<<<<< Updated upstream","","","","","","","","","","","","",""
">>>>>>> Stashed changes","","","","","","","","","","","","",""
"=======","","","","","","","","","","","","",""
">>>>>>> Stashed changes","","","","","","","","","","","","",""
"=======","","","","","","","","","","","","",""
">>>>>>> Stashed changes","","","","","","","","","","","","",""
">>>>>>> Stashed changes","","","","","","","","","","","","",""
"<<<<<<< Updated upstream","","","","","","","","","","","","",""
"<<<<<<< Updated upstream","","","","","","","","","","","","",""
"<<<<<<< Updated upstream","","","","","","","","","","","","",""
"=======","","","","","","","","","","","","",""
"=======","","","","","","","","","","","","",""
"=======","","","","","","","","","","","","",""
">>>>>>> Stashed changes","","","","","","","","","","","","",""
"<<<<<<< Updated upstream","","","","","","","","","","","","",""
">>>>>>> Stashed changes","","","","","","","","","","","","",""
"=======","","","","","","","","","","","","",""
">>>>>>> Stashed changes","","","","","","","","","","","","",""
"=======","","","","","","","","","","","","",""
">>>>>>> Stashed changes","","","","","","","","","","","","",""
">>>>>>> Stashed changes","","","","","","","","","","","","",""
"<<<<<<< Updated upstream","","","","","","","","","","","","",""
"<<<<<<< Updated upstream","","","","","","","","","","","","",""
"<<<<<<< Updated upstream","","","","","","","","","","","","",""
"=======","","","","","","","","","","","","",""
"=======","","","","","","","","","","","","",""
"=======","","","","","","","","","","","","",""
">>>>>>> Stashed changes","","","","","","","","","","","","",""
"<<<<<<< Updated upstream","","","","","","","","","","","","",""
">>>>>>> Stashed changes","","","","","","","","","","","","",""
"=======","","","","","","","","","","","","",""
">>>>>>> Stashed changes","","","","","","","","","","","","",""
"=======","","","","","","","","","","","","",""
">>>>>>> Stashed changes","","","","","","","","","","","","",""
">>>>>>> Stashed changes","","","","","","","","","","","","",""
"<<<<<<< Updated upstream","","","","","","","","","","","","",""
"<<<<<<< Updated upstream","","","","","","","","","","","","",""
"=======","","","","","","","","","","","","",""
">>>>>>> Stashed changes","","","","","","","","","","","","",""
"=======","","","","","","","","","","","","",""
">>>>>>> Stashed changes","","","","","","","","","","","","",""
"<<<<<<< Updated upstream","","","","","","","","","","","","",""
"=======","","","","","","","","","","","","",""
">>>>>>> Stashed changes","","","","","","","","","","","","",""
"<<<<<<< Updated upstream","","","","","","","","","","","","",""
"=======","","","","","","","","","","","","",""
">>>>>>> Stashed changes","","","","","","","","","","","","",""
"<<<<<<< Updated upstream","","","","","","","","","","","","",""
"=======","","","","","","","","","","","","",""
">>>>>>> Stashed changes","","","","","","","","","","","","",""
"<<<<<<< Updated upstream","","","","","","","","","","","","",""
"=======","","","","","","","","","","","","",""
">>>>>>> Stashed changes","","","","","","","","","","","","",""
"<<<<<<< Updated upstream","","","","","","","","","","","","",""
"=======","","","","","","","","","","","","",""
">>>>>>> Stashed changes","","","","","","","","","","","","",""
"<<<<<<< Updated upstream","","","","","","","","","","","","",""
"=======","","","","","","","","","","","","",""
">>>>>>> Stashed changes","","","","","","","","","","","","",""
"<<<<<<< Updated upstream","","","","","","","","","","","","",""
"=======","","","","","","","","","","","","",""
">>>>>>> Stashed changes","","","","","","","","","","","","",""
"Parrotel Lagoon Resort Egipt, Sharm El Sheikh, Szarm el-Szejk","5344.0","29.10.2026 - 05.11.2026","8 dni/7 nocy","","4.1","4.1","1835","tripadvisor","Warszawa - Modlin","2026-09-07T00:04:05.667640+00:00","https://fly.pl/oferta/egipt-wczasy/?filter[dest]=11:&filter[hotelids]=&filter[cityids]=&filter[cregids]=&filter[ofrType]=&filter[addObjType]=&filter[whenFrom]=10-10-2026&filter[whenTo]=05-11-2026&filter[duration]=7:10&filter[from]=&filter[person]=2&filter[child]=1&filter[price]=0:11000&filter[PriceFrom]=0&filter[PriceTo]=11000&filter[addCategory]=50&filter[addCatering]=1&filter[addMisc]=0&filter[addTransport]=F&filter[fp]=1&order_by=ofr_price&filter[tourOperator]=0&filter[childAge][1]=20201210","https://fly.pl/cdn/photo/assets/uploads/582/278/2020/10/Parrotel-Lagoon-Resort.jpg","https://fly.pl/wycieczka/egipt,sharm-el-sheikh,szarm-el-szejk/parrotel-lagoon-resort-14/pUZZ8OD5jEa93M2lKIQJGiAAogq5N1pXU19fhUXdDX8quW5RstrgoMttrZgZAvN8rfQ44qBEtPTVQw9v731AZI4ClQAVjfCWACagJBSXIfHBH8GrkE7OIBqwQDGK-vBBu59iMBoJ3zHgIAYwECBkxNQAQ/ofertasv/?filter[tourOperator]=KOMT&filter%5Bperson%5D=2&filter%5BchildAge%5D%5B1%5D=20201210&filter%5Bchild%5D=1"
"Amarina Queen Resort Egipt, Marsa Alam","5752.0","29.10.2026 - 05.11.2026","8 dni/7 nocy","","4.7","4.7","1194","tripadvisor","Gdańsk","2026-09-07T00:04:05.667640+00:00","https://fly.pl/oferta/egipt-wczasy/?filter[dest]=11:&filter[hotelids]=&filter[cityids]=&filter[cregids]=&filter[ofrType]=&filter[addObjType]=&filter[whenFrom]=10-10-2026&filter[whenTo]=05-11-2026&filter[duration]=7:10&filter[from]=&filter[person]=2&filter[child]=1&filter[price]=0:11000&filter[PriceFrom]=0&filter[PriceTo]=11000&filter[addCategory]=50&filter[addCatering]=1&filter[addMisc]=0&filter[addTransport]=F&filter[fp]=1&order_by=ofr_price&filter[tourOperator]=0&filter[childAge][1]=20201210","https://fly.pl/cdn/photo/assets/uploads/582/278/2024/07/amarina-queen-resort.jpg","https://fly.pl/wycieczka/egipt,marsa-alam,c/amarina-queen-resort-12/pCKm4i85f4mi--0E3Uu3NZAAogue4Cx0daWn-6h-vByQ-zpwDrvrLMF5DSU3_WGB_7L2cqBE9BU0kw9v731AZI-CxQAVjfCWACagNBSWxyIRwRgqQBuQS9_Q-rBB4brskPGKOMEwHt3eWqAgIAYwECDEZFuIQ/ofertasv/?filter[tourOperator]=OASI&filter%5Bperson%5D=2&filter%5BchildAge%5D%5B1%5D=20201210&filter%5Bchild%5D=1"
"Regency Plaza Aqua Park Spa Egipt, Sharm El Sheikh, Szarm el-Szejk","5997.0","28.10.2026 - 04.11.2026","9 dni/7 nocy","","4.1","4.1","6180","tripadvisor","Gdańsk","2026-09-07T00:04:05.667640+00:00","https://fly.pl/oferta/egipt-wczasy/?filter[dest]=11:&filter[hotelids]=&filter[cityids]=&filter[cregids]=&filter[ofrType]=&filter[addObjType]=&filter[whenFrom]=10-10-2026&filter[whenTo]=05-11-2026&filter[duration]=7:10&filter[from]=&filter[person]=2&filter[child]=1&filter[price]=0:11000&filter[PriceFrom]=0&filter[PriceTo]=11000&filter[addCategory]=50&filter[addCatering]=1&filter[addMisc]=0&filter[addTransport]=F&filter[fp]=1&order_by=ofr_price&filter[tourOperator]=0&filter[childAge][1]=20201210","https://fly.pl/cdn/photo/assets/uploads/582/278/2014/07/Regency-Plaza-Aqua-Park-Spa-fly-pl.jpg","https://fly.pl/wycieczka/egipt,sharm-el-sheikh,szarm-el-szejk/regency-plaza/pIOpfZQ8W0LjyHevKmZzG2AAog8VvHl7gw0dlFgVWb3MsZoHIhrbyPomD2uW-Fwn8rcgYqBE9BU0kw9v731AZI7S5QAVjHCWACagNBSWxyIRwRxq8BuQStqxCrBBIby8YOGIrJEQHLqpipAgIAYwECDdiBuIk/ofertasv/?filter[tourOperator]=OASI&filter%5Bperson%5D=2&filter%5BchildAge%5D%5B1%5D=20201210&filter%5Bchild%5D=1"
"Novotel Marsa Alam Egipt, Marsa Alam","6037.0","29.10.2026 - 05.11.2026","8 dni/7 nocy","","4.5","4.5","3674","tripadvisor","Gdańsk","2026-09-07T00:04:05.667640+00:00","https://fly.pl/oferta/egipt-wczasy/?filter[dest]=11:&filter[hotelids]=&filter[cityids]=&filter[cregids]=&filter[ofrType]=&filter[addObjType]=&filter[whenFrom]=10-10-2026&filter[whenTo]=05-11-2026&filter[duration]=7:10&filter[from]=&filter[person]=2&filter[child]=1&filter[price]=0:11000&filter[PriceFrom]=0&filter[PriceTo]=11000&filter[addCategory]=50&filter[addCatering]=1&filter[addMisc]=0&filter[addTransport]=F&filter[fp]=1&order_by=ofr_price&filter[tourOperator]=0&filter[childAge][1]=20201210","https://fly.pl/cdn/photo/assets/uploads/582/278/2015/09/Novotel-Marsa-Alam.jpg","https://fly.pl/wycieczka/egipt,marsa-alam,c/novotel-marsa-alam/pBk4Gx1oI5llkJwHzmQhJNAAogEGYcKOwfxN1HHT9GvcGWYzKdxs8NDMjTRuzG1nHTIV4qBEVYSU0w9v731AZIlS9QAVjfCWACagJBSXIhHBHO_wa5BO2rS6sEaxum-UQYvfdGAeOaqM4NAhJjAQIFjcohuQ/ofertasv/?filter[tourOperator]=EXIM&filter%5Bperson%5D=2&filter%5BchildAge%5D%5B1%5D=20201210&filter%5Bchild%5D=1"
"Amarina Jannah Resort Aquapark Egipt, Marsa Alam, Port Ghalib","6050.0","27.10.2026 - 03.11.2026","8 dni/7 nocy","","4.7","4.7","667","tripadvisor","Gdańsk","2026-09-07T00:04:05.667640+00:00","https://fly.pl/oferta/egipt-wczasy/?filter[dest]=11:&filter[hotelids]=&filter[cityids]=&filter[cregids]=&filter[ofrType]=&filter[addObjType]=&filter[whenFrom]=10-10-2026&filter[whenTo]=05-11-2026&filter[duration]=7:10&filter[from]=&filter[person]=2&filter[child]=1&filter[price]=0:11000&filter[PriceFrom]=0&filter[PriceTo]=11000&filter[addCategory]=50&filter[addCatering]=1&filter[addMisc]=0&filter[addTransport]=F&filter[fp]=1&order_by=ofr_price&filter[tourOperator]=0&filter[childAge][1]=20201210","https://fly.pl/cdn/photo/assets/uploads/582/278/2023/04/Amarina-Jannah-Resort-Aquapark.jpg","https://fly.pl/wycieczka/egipt,marsa-alam,port-ghalib/amarina-jannah-resort-aquapark-15/p64JS4hio0FyZBzJjfYtS2AAogrC9PAcm0e6PC5BIKGtxXIbEeAQVSJ5EhohXMAaWMnAYqBE9BU0kw9v731AZIoi9QAVivCWACagNBSWxyIRwRgKQBuQSYthCrBAgbvJAPGKOMEwGTyeOqAgIAYwECDDqPNgU/ofertasv/?filter[tourOperator]=OASI&filter%5Bperson%5D=2&filter%5BchildAge%5D%5B1%5D=20201210&filter%5Bchild%5D=1"
"Jaz Grand Marsa (ex Resta Grand Resort) Egipt, Marsa Alam, Madinat Coraya","6067.0","28.10.2026 - 04.11.2026","8 dni/7 nocy","","4.6","4.6","6426","tripadvisor","Warszawa - Modlin","2026-09-07T00:04:05.667640+00:00","https://fly.pl/oferta/egipt-wczasy/?filter[dest]=11:&filter[hotelids]=&filter[cityids]=&filter[cregids]=&filter[ofrType]=&filter[addObjType]=&filter[whenFrom]=10-10-2026&filter[whenTo]=05-11-2026&filter[duration]=7:10&filter[from]=&filter[person]=2&filter[child]=1&filter[price]=0:11000&filter[PriceFrom]=0&filter[PriceTo]=11000&filter[addCategory]=50&filter[addCatering]=1&filter[addMisc]=0&filter[addTransport]=F&filter[fp]=1&order_by=ofr_price&filter[tourOperator]=0&filter[childAge][1]=20201210","https://fly.pl/cdn/photo/assets/uploads/582/278/2014/09/grand.jpg","https://fly.pl/wycieczka/egipt,marsa-alam,madinat-coraya/resta-grand-resort/pJbgCoI74q4HF8okHYvyM7AAogceoKAHZGlPkAacQZJ28NXxMX033-gYOoV0TNZ_GKOrIqBEVYSU0w9v731AZIsy9QAVjHCWACagJBSXIhHBG-2Qa5BKLTS6sEPhur5DUY0e9VAf3G5csNAgBjAQIMLPPJpw/ofertasv/?filter[tourOperator]=EXIM&filter%5Bperson%5D=2&filter%5BchildAge%5D%5B1%5D=20201210&filter%5Bchild%5D=1"
"Xperience Kiroseiz Premier Egipt, Sharm El Sheikh","6119.0","28.10.2026 - 04.11.2026","9 dni/7 nocy","","4.5","4.5","990","tripadvisor","Gdańsk","2026-09-07T00:04:05.667640+00:00","https://fly.pl/oferta/egipt-wczasy/?filter[dest]=11:&filter[hotelids]=&filter[cityids]=&filter[cregids]=&filter[ofrType]=&filter[addObjType]=&filter[whenFrom]=10-10-2026&filter[whenTo]=05-11-2026&filter[duration]=7:10&filter[from]=&filter[person]=2&filter[child]=1&filter[price]=0:11000&filter[PriceFrom]=0&filter[PriceTo]=11000&filter[addCategory]=50&filter[addCatering]=1&filter[addMisc]=0&filter[addTransport]=F&filter[fp]=1&order_by=ofr_price&filter[tourOperator]=0&filter[childAge][1]=20201210","https://fly.pl/cdn/photo/assets/uploads/582/278/2015/11/Xperience-Kiroseiz-Premier-fly-pl-3.jpg","https://fly.pl/wycieczka/egipt,sharm-el-sheikh,c/xperience-kiroseiz-premier/pJO4FOkx3ugP2441A_kU3kAAogcodN3Ly34wL6l42kRilrG3IhrbyPomD2uW-Fwn8rcgYqBE9BU0kw9v731AZI5y9QAVjHCWACagNBSWxyIRwR-a8BuQT6qhCrBBIbr5QMGJ2AFAHnmJ2pAgIAYwECC8cjs_E/ofertasv/?filter[tourOperator]=OASI&filter%5Bperson%5D=2&filter%5BchildAge%5D%5B1%5D=20201210&filter%5Bchild%5D=1"
"Rewaya Luxury Resort Egipt, Hurghada","6147.0","29.10.2026 - 05.11.2026","9 dni/7 nocy","","","","","","Wrocław","2026-09-07T00:04:05.667640+00:00","https://fly.pl/oferta/egipt-wczasy/?filter[dest]=11:&filter[hotelids]=&filter[cityids]=&filter[cregids]=&filter[ofrType]=&filter[addObjType]=&filter[whenFrom]=10-10-2026&filter[whenTo]=05-11-2026&filter[duration]=7:10&filter[from]=&filter[person]=2&filter[child]=1&filter[price]=0:11000&filter[PriceFrom]=0&filter[PriceTo]=11000&filter[addCategory]=50&filter[addCatering]=1&filter[addMisc]=0&filter[addTransport]=F&filter[fp]=1&order_by=ofr_price&filter[tourOperator]=0&filter[childAge][1]=20201210","https://datacfstatic.merlinx.pl/EXIM/IMG/114587/d4eb92cfe350c7a33d54f02107ec3a32db9ef7ad1d4e95c8b7b4944e33e5d7b4.webp","https://fly.pl/wycieczka/egipt,hurghada,c/rewaya-luxury-resort-9/ppjPMEHYerKzZlH2VWwoW6AAog2K-Noss6pAGqOLH8oTH98MLTmCcaLBzG7MsO9giG0TQqBEVYSU0w9v731AZIgzBQAVjfCWACagNVQUlyIRwRm_8GuQSCqEurBF0b9p9AGO_mRwGOkt2rDQISYwECDYslEcc/ofertasv/?filter[tourOperator]=EXIM&filter%5Bperson%5D=2&filter%5BchildAge%5D%5B1%5D=20201210&filter%5Bchild%5D=1"
"Amwaj Oyoun Resort & Spa (ex AA Amwaj Resort) Egipt, Sharm El Sheikh","6174.0","29.10.2026 - 05.11.2026","8 dni/7 nocy","","4.0","4.0","5324","tripadvisor","Warszawa - Modlin","2026-09-07T00:04:05.667640+00:00","https://fly.pl/oferta/egipt-wczasy/?filter[dest]=11:&filter[hotelids]=&filter[cityids]=&filter[cregids]=&filter[ofrType]=&filter[addObjType]=&filter[whenFrom]=10-10-2026&filter[whenTo]=05-11-2026&filter[duration]=7:10&filter[from]=&filter[person]=2&filter[child]=1&filter[price]=0:11000&filter[PriceFrom]=0&filter[PriceTo]=11000&filter[addCategory]=50&filter[addCatering]=1&filter[addMisc]=0&filter[addTransport]=F&filter[fp]=1&order_by=ofr_price&filter[tourOperator]=0&filter[childAge][1]=20201210","https://fly.pl/cdn/photo/assets/uploads/582/278/2014/07/Amwaj-Oyoun-Resort-Spa-ex-AA-Amwaj-Resort-fly-pl.jpg","https://fly.pl/wycieczka/egipt,sharm-el-sheikh,c/amwaj-oyoun-resort-ex-aa-amwaj-resort/pW9AjK8m1sqjSXLqgJf8GrAAogS4P4SC0jZ9OJOXwJVJcmeRstrgoMttrZgZAvN8rfQ44qBEtPTVQw9v731AZInjBQAVjfCWACagJBSXIfHBG0G7kEtOIBqwQDGI2lBBufqyQB-rrWHgIAYwECBUEgsR4/ofertasv/?filter[tourOperator]=KOMT&filter%5Bperson%5D=2&filter%5BchildAge%5D%5B1%5D=20201210&filter%5Bchild%5D=1"
"Rewaya Majestic Resort Egipt, Hurghada","6187.0","27.10.2026 - 03.11.2026","9 dni/7 nocy","","","","","","Warszawa - Modlin","2026-09-07T00:04:05.667640+00:00","https://fly.pl/oferta/egipt-wczasy/?filter[dest]=11:&filter[hotelids]=&filter[cityids]=&filter[cregids]=&filter[ofrType]=&filter[addObjType]=&filter[whenFrom]=10-10-2026&filter[whenTo]=05-11-2026&filter[duration]=7:10&filter[from]=&filter[person]=2&filter[child]=1&filter[price]=0:11000&filter[PriceFrom]=0&filter[PriceTo]=11000&filter[addCategory]=50&filter[addCatering]=1&filter[addMisc]=0&filter[addTransport]=F&filter[fp]=1&order_by=ofr_price&filter[tourOperator]=0&filter[childAge][1]=20201210","https://datacfstatic.merlinx.pl/EXIM/IMG/114588/e3a15b238b2d30f27199dd0e48d3c85c0bc5e06a1c321d66bdb885dd7a89e111.webp","https://fly.pl/wycieczka/egipt,hurghada,c/rewaya-majestic-resort-10/paBLKWaRXP9et5y_wPkpCNAAogr62pPgv1QM-SW7VDsmj5Q5eMXePUQkpobZ-BQI6-nbQqBEVYSU0w9v731AZIqzBQAVivCWACagNVQUlyIRwRnP8GqwSlqUu5BEUb6p9AGP7lRwH0-_GrDQISYwECDW_njVc/ofertasv/?filter[tourOperator]=EXIM&filter%5Bperson%5D=2&filter%5BchildAge%5D%5B1%5D=20201210&filter%5Bchild%5D=1"
"AMC Royal Hotel & Spa (ex. AMC Azur Resort) Egipt, Hurghada","6314.0","29.10.2026 - 05.11.2026","8 dni/7 nocy","","4.4","4.4","3064","tripadvisor","Warszawa","2026-09-07T00:04:05.667640+00:00","https://fly.pl/oferta/egipt-wczasy/?filter[dest]=11:&filter[hotelids]=&filter[cityids]=&filter[cregids]=&filter[ofrType]=&filter[addObjType]=&filter[whenFrom]=10-10-2026&filter[whenTo]=05-11-2026&filter[duration]=7:10&filter[from]=&filter[person]=2&filter[child]=1&filter[price]=0:11000&filter[PriceFrom]=0&filter[PriceTo]=11000&filter[addCategory]=50&filter[addCatering]=1&filter[addMisc]=0&filter[addTransport]=F&filter[fp]=1&order_by=ofr_price&filter[tourOperator]=0&filter[childAge][1]=20201210","https://fly.pl/cdn/photo/assets/uploads/582/278/2014/07/AMC-Royal-Resort.jpg","https://fly.pl/wycieczka/egipt,hurghada,c/amc-royal-ex-amc-azur-resort/pu8lxfiubRFdEBWGeqp_uJAAog3jdejIJWZzHvwlmC-0ASkhLqCxxQb8S86Hh0k4aD-ioqBE9SRVgw9v731AZIqjFQQVjfCWACagZDWC4yLjFyNZsBFQcXAFwDWAVWAhEEQMYGXZsPTyRT0p0BUgBer09L7UNhAEzljDoguP2XCQ0AAhJjAQIMXIm5Bg/ofertasv/?filter[tourOperator]=OREX&filter%5Bperson%5D=2&filter%5BchildAge%5D%5B1%5D=20201210&filter%5Bchild%5D=1"
"Gemma Resort (ex. Labranda Gemma Premium Resort) Egipt, Marsa Alam","6318.0","27.10.2026 - 03.11.2026","8 dni/7 nocy","","4.5","4.5","5575","tripadvisor","Gdańsk","2026-09-07T00:04:05.667640+00:00","https://fly.pl/oferta/egipt-wczasy/?filter[dest]=11:&filter[hotelids]=&filter[cityids]=&filter[cregids]=&filter[ofrType]=&filter[addObjType]=&filter[whenFrom]=10-10-2026&filter[whenTo]=05-11-2026&filter[duration]=7:10&filter[from]=&filter[person]=2&filter[child]=1&filter[price]=0:11000&filter[PriceFrom]=0&filter[PriceTo]=11000&filter[addCategory]=50&filter[addCatering]=1&filter[addMisc]=0&filter[addTransport]=F&filter[fp]=1&order_by=ofr_price&filter[tourOperator]=0&filter[childAge][1]=20201210","https://fly.pl/cdn/photo/assets/uploads/582/278/2015/06/Gemma-Resort.jpg","https://fly.pl/wycieczka/egipt,marsa-alam,c/gemma-resort/pWeFiigb9eOrX1srEftK54AAog-5eStDvUeZy_Hn1AssU4FbEeAQVSJ5EhohXMAaWMnAYqBE9BU0kw9v731AZIrjFQAVivCWACagNBSWxyIRwRlKQBuQSEthCrBAgbusoMGMW5EwHJ4eeZAgIAYwECDT1Rgls/ofertasv/?filter[tourOperator]=OASI&filter%5Bperson%5D=2&filter%5BchildAge%5D%5B1%5D=20201210&filter%5Bchild%5D=1"
"Xperience Kiroseiz Parkland Egipt, Sharm El Sheikh","6345.0","28.10.2026 - 04.11.2026","9 dni/7 nocy","","4.5","4.5","3121","tripadvisor","Gdańsk","2026-09-07T00:04:05.667640+00:00","https://fly.pl/oferta/egipt-wczasy/?filter[dest]=11:&filter[hotelids]=&filter[cityids]=&filter[cregids]=&filter[ofrType]=&filter[addObjType]=&filter[whenFrom]=10-10-2026&filter[whenTo]=05-11-2026&filter[duration]=7:10&filter[from]=&filter[person]=2&filter[child]=1&filter[price]=0:11000&filter[PriceFrom]=0&filter[PriceTo]=11000&filter[addCategory]=50&filter[addCatering]=1&filter[addMisc]=0&filter[addTransport]=F&filter[fp]=1&order_by=ofr_price&filter[tourOperator]=0&filter[childAge][1]=20201210","https://fly.pl/cdn/photo/assets/uploads/582/278/2014/06/Xperience-Kiroseiz-Parkland-fly-pl.jpg","https://fly.pl/wycieczka/egipt,sharm-el-sheikh,c/xperience-kiroseiz-parkland/p7Y07PUNj8M1eMk1_gQUcuAAogeBvCMuMAyuD3nqaBS7gayHIhrbyPomD2uW-Fwn8rcgYqBE9BU0kw9v731AZIyTFQAVjHCWACagNBSWxyIRwR9a8BuQT-qhCrBBIb75MMGNCAFAHo0Z2pAgIAYwECCxmJfyE/ofertasv/?filter[tourOperator]=OASI&filter%5Bperson%5D=2&filter%5BchildAge%5D%5B1%5D=20201210&filter%5Bchild%5D=1"
"Xperience Sea Breeze Egipt, Sharm El Sheikh","6589.0","28.10.2026 - 04.11.2026","9 dni/7 nocy","","4.7","4.7","11506","tripadvisor","Gdańsk","2026-09-07T00:04:05.667640+00:00","https://fly.pl/oferta/egipt-wczasy/?filter[dest]=11:&filter[hotelids]=&filter[cityids]=&filter[cregids]=&filter[ofrType]=&filter[addObjType]=&filter[whenFrom]=10-10-2026&filter[whenTo]=05-11-2026&filter[duration]=7:10&filter[from]=&filter[person]=2&filter[child]=1&filter[price]=0:11000&filter[PriceFrom]=0&filter[PriceTo]=11000&filter[addCategory]=50&filter[addCatering]=1&filter[addMisc]=0&filter[addTransport]=F&filter[fp]=1&order_by=ofr_price&filter[tourOperator]=0&filter[childAge][1]=20201210","https://fly.pl/cdn/photo/assets/uploads/582/278/2014/07/XPERIENCE-SEA-BREEZE-RESORT.jpg","https://fly.pl/wycieczka/egipt,sharm-el-sheikh,c/xperience-sea-breeze/pIeib_Y4aDgNW89bxgc619AAogS8gEpnOhJE5lbgc2xxeKUHIhrbyPomD2uW-Fwn8rcgYqBE9BU0kw9v731AZIvTNQAVjHCWACagNBSWxyIRwRgrABuQTxqhCrBBIbzpMMGJSBFAHyl6CpAgIAYwECC-bDCII/ofertasv/?filter[tourOperator]=OASI&filter%5Bperson%5D=2&filter%5BchildAge%5D%5B1%5D=20201210&filter%5Bchild%5D=1"
"Royal Regency Club Egipt, Sharm El Sheikh, Szarm el-Szejk","6801.0","28.10.2026 - 04.11.2026","9 dni/7 nocy","","4.4","4.4","357","tripadvisor","Gdańsk","2026-09-07T00:04:05.667640+00:00","https://fly.pl/oferta/egipt-wczasy/?filter[dest]=11:&filter[hotelids]=&filter[cityids]=&filter[cregids]=&filter[ofrType]=&filter[addObjType]=&filter[whenFrom]=10-10-2026&filter[whenTo]=05-11-2026&filter[duration]=7:10&filter[from]=&filter[person]=2&filter[child]=1&filter[price]=0:11000&filter[PriceFrom]=0&filter[PriceTo]=11000&filter[addCategory]=50&filter[addCatering]=1&filter[addMisc]=0&filter[addTransport]=F&filter[fp]=1&order_by=ofr_price&filter[tourOperator]=0&filter[childAge][1]=20201210","https://fly.pl/cdn/photo/assets/uploads/582/278/2024/07/royal-regency-club.jpg","https://fly.pl/wycieczka/egipt,sharm-el-sheikh,szarm-el-szejk/royal-regency-club/phHSp8najcW-ht1QJ3WfKMAAogWkmGJieDjZtLIGFb7li8X3IhrbyPomD2uW-Fwn8rcgYqBE9BU0kw9v731AZIkTVQAVjHCWACagNBSStyIRwR3a8BuQSWqxCrBBIbyYYPGLiFEwHSgtmqAgIAYwECDZs5hTA/ofertasv/?filter[tourOperator]=OASI&filter%5Bperson%5D=2&filter%5BchildAge%5D%5B1%5D=20201210&filter%5Bchild%5D=1"
"Pickalbatros Villaggio Resort Portofino Egipt, Marsa Alam","6837.0","26.10.2026 - 02.11.2026","8 dni/7 nocy","","4.9","4.9","1592","tripadvisor","Warszawa - Modlin","2026-09-07T00:04:05.667640+00:00","https://fly.pl/oferta/egipt-wczasy/?filter[dest]=11:&filter[hotelids]=&filter[cityids]=&filter[cregids]=&filter[ofrType]=&filter[addObjType]=&filter[whenFrom]=10-10-2026&filter[whenTo]=05-11-2026&filter[duration]=7:10&filter[from]=&filter[person]=2&filter[child]=1&filter[price]=0:11000&filter[PriceFrom]=0&filter[PriceTo]=11000&filter[addCategory]=50&filter[addCatering]=1&filter[addMisc]=0&filter[addTransport]=F&filter[fp]=1&order_by=ofr_price&filter[tourOperator]=0&filter[childAge][1]=20201210","https://fly.pl/cdn/photo/assets/uploads/582/278/2024/07/pickalbatros-villaggio-resort-portofino.jpg","https://fly.pl/wycieczka/egipt,marsa-alam,c/pickalbatros-villaggio-resort-portofino-15/pJK3VqeFLL1nt-4o7fbi0nAAogPqp0oEIiHDWiouDWm2Y46pQB3BBoU8HI00KB_W6Iw_MqBEVYSU0w9v731AZItTVQAViXCWACagJBSXIhHBHP_ga5BKiuS6sEPxvCgzwYmJlPAZqL_8YNAgBjAQIMrJNUwA/ofertasv/?filter[tourOperator]=EXIM&filter%5Bperson%5D=2&filter%5BchildAge%5D%5B1%5D=20201210&filter%5Bchild%5D=1"
"Dream Lagoon & Aqua Park Resort (ex. Floriana Dream Lagoon) Egipt, Marsa Alam","6908.0","29.10.2026 - 05.11.2026","8 dni/7 nocy","","4.3","4.3","5717","tripadvisor","Katowice","2026-09-07T00:04:05.667640+00:00","https://fly.pl/oferta/egipt-wczasy/?filter[dest]=11:&filter[hotelids]=&filter[cityids]=&filter[cregids]=&filter[ofrType]=&filter[addObjType]=&filter[whenFrom]=10-10-2026&filter[whenTo]=05-11-2026&filter[duration]=7:10&filter[from]=&filter[person]=2&filter[child]=1&filter[price]=0:11000&filter[PriceFrom]=0&filter[PriceTo]=11000&filter[addCategory]=50&filter[addCatering]=1&filter[addMisc]=0&filter[addTransport]=F&filter[fp]=1&order_by=ofr_price&filter[tourOperator]=0&filter[childAge][1]=20201210","https://fly.pl/cdn/photo/assets/uploads/582/278/2015/11/Future-Dream-Lagoon-ex.-Floriana-Dream-Lagoon-fly-pl.jpg","https://fly.pl/wycieczka/egipt,marsa-alam,c/floriana-dream-lagoon/ptSa4nKR9d5DkoSYbQQ0ypAAogCBBrYiyNM3YbPxv6UmQ9NMf7aOogEcfP-IyfG5F-ZlYqBE9SRVgw9v731AZI_DVQQVjfCWACagYwWi4yLjFyNpsBFQcXAFwDWAVWAkDKBhHfDl3UM08kS8KJAWEAXqcwUrwUUwBMlrw6Dbj9lwkgAAISYwECDeCOuiU/ofertasv/?filter[tourOperator]=OREX&filter%5Bperson%5D=2&filter%5BchildAge%5D%5B1%5D=20201210&filter%5Bchild%5D=1"
"Albatros Sea World Resort Marsa Alam Egipt, Marsa Alam, Al-Kusajr","6917.0","29.10.2026 - 05.11.2026","8 dni/7 nocy","","4.7","4.7","4491","tripadvisor","Gdańsk","2026-09-07T00:04:05.667640+00:00","https://fly.pl/oferta/egipt-wczasy/?filter[dest]=11:&filter[hotelids]=&filter[cityids]=&filter[cregids]=&filter[ofrType]=&filter[addObjType]=&filter[whenFrom]=10-10-2026&filter[whenTo]=05-11-2026&filter[duration]=7:10&filter[from]=&filter[person]=2&filter[child]=1&filter[price]=0:11000&filter[PriceFrom]=0&filter[PriceTo]=11000&filter[addCategory]=50&filter[addCatering]=1&filter[addMisc]=0&filter[addTransport]=F&filter[fp]=1&order_by=ofr_price&filter[tourOperator]=0&filter[childAge][1]=20201210","https://fly.pl/cdn/photo/assets/uploads/582/278/2017/08/ALBATROS-SEA-WORLD.jpg","https://fly.pl/wycieczka/egipt,marsa-alam,al-kusajr/sea-world-resort-marsa-alam/ppTjQq0yf7Bs9layudtDhDAAogLf8Hy1Opz0fVwkEmWjtgEjKdxs8NDMjTRuzG1nHTIV4qBEVYSU0w9v731AZIhTZQAVjfCWACagJBSXIhHBHL9Aa5BPC2S6sEaxuc4zUYuLpVAaml_sYNAgBjAQIMgLObzw/ofertasv/?filter[tourOperator]=EXIM&filter%5Bperson%5D=2&filter%5BchildAge%5D%5B1%5D=20201210&filter%5Bchild%5D=1"
"Albatros Oasis Port Ghalib (ex. Red Sea Port Ghalib Resort) Egipt, Marsa Alam, Port Ghalib","7047.0","28.10.2026 - 04.11.2026","8 dni/7 nocy","","4.6","4.6","3640","tripadvisor","Warszawa - Modlin","2026-09-07T00:04:05.667640+00:00","https://fly.pl/oferta/egipt-wczasy/?filter[dest]=11:&filter[hotelids]=&filter[cityids]=&filter[cregids]=&filter[ofrType]=&filter[addObjType]=&filter[whenFrom]=10-10-2026&filter[whenTo]=05-11-2026&filter[duration]=7:10&filter[from]=&filter[person]=2&filter[child]=1&filter[price]=0:11000&filter[PriceFrom]=0&filter[PriceTo]=11000&filter[addCategory]=50&filter[addCatering]=1&filter[addMisc]=0&filter[addTransport]=F&filter[fp]=1&order_by=ofr_price&filter[tourOperator]=0&filter[childAge][1]=20201210","https://fly.pl/cdn/photo/assets/uploads/582/278/2014/09/pickalbatros-oasis.jpg","https://fly.pl/wycieczka/egipt,marsa-alam,port-ghalib/crowne-plaza-sahara-oasis-resort/pEgU6VYBJf0kIGTCPyQ6k4AAogHI8rC0nSAcwXpdq4OQIVQxMX033-gYOoV0TNZ_GKOrIqBEVYSU0w9v731AZIhzdQAVjHCWACagJBSXIhHBHS2Qa5BI7TS6sEPhvF4TUY-7pVAaLdtM4NAgBjAQIMzqe1-g/ofertasv/?filter[tourOperator]=EXIM&filter%5Bperson%5D=2&filter%5BchildAge%5D%5B1%5D=20201210&filter%5Bchild%5D=1"
"Hawaii Paradise Aqua Park Resort Egipt, Hurghada","7078.0","14.10.2026 - 21.10.2026","8 dni/7 nocy","","3.4","3.4","441","tripadvisor","Katowice","2026-09-07T00:04:05.667640+00:00","https://fly.pl/oferta/egipt-wczasy/?filter[dest]=11:&filter[hotelids]=&filter[cityids]=&filter[cregids]=&filter[ofrType]=&filter[addObjType]=&filter[whenFrom]=10-10-2026&filter[whenTo]=05-11-2026&filter[duration]=7:10&filter[from]=&filter[person]=2&filter[child]=1&filter[price]=0:11000&filter[PriceFrom]=0&filter[PriceTo]=11000&filter[addCategory]=50&filter[addCatering]=1&filter[addMisc]=0&filter[addTransport]=F&filter[fp]=1&order_by=ofr_price&filter[tourOperator]=0&filter[childAge][1]=20201210","https://fly.pl/cdn/photo/assets/uploads/582/278/2020/09/Hawaii-Paradise-Aqua-Park-Resort.jpg","https://fly.pl/wycieczka/egipt,hurghada,c/hawaii-paradise-aqua-park-resort-14/pApMhh20FvOHBGbV1YujqLAAogUUH-4BoGB7c6_W7xMZOletQ85krozDkw2BfFht7tPUIqBEpPSVAw9v731AZIpjdQQVj3BmACagNDR21yQ5sBFAEVBhcAXANYBVYCQMoGT-IBXQBSr6sBUwBLiB9hAF6nMBGxzwFMoYE5Dan9lwkgAAG1n-Sw44bMoDACDmMBAA2Ywo4r/ofertasv/?filter[tourOperator]=JOIP&filter%5Bperson%5D=2&filter%5BchildAge%5D%5B1%5D=20201210&filter%5Bchild%5D=1"
"Albatros Palace Port Ghalib (ex. Red Sea The Palace) Egipt, Marsa Alam, Port Ghalib","7117.0","29.10.2026 - 05.11.2026","8 dni/7 nocy","","4.7","4.7","3737","tripadvisor","Gdańsk","2026-09-07T00:04:05.667640+00:00","https://fly.pl/oferta/egipt-wczasy/?filter[dest]=11:&filter[hotelids]=&filter[cityids]=&filter[cregids]=&filter[ofrType]=&filter[addObjType]=&filter[whenFrom]=10-10-2026&filter[whenTo]=05-11-2026&filter[duration]=7:10&filter[from]=&filter[person]=2&filter[child]=1&filter[price]=0:11000&filter[PriceFrom]=0&filter[PriceTo]=11000&filter[addCategory]=50&filter[addCatering]=1&filter[addMisc]=0&filter[addTransport]=F&filter[fp]=1&order_by=ofr_price&filter[tourOperator]=0&filter[childAge][1]=20201210","https://fly.pl/cdn/photo/assets/uploads/582/278/2014/09/albatros-palace.jpg","https://fly.pl/wycieczka/egipt,marsa-alam,port-ghalib/intercontinental-the-palace-port-ghalib/pWMjnKWl3Q2VJ4FKOFBb-cAAogIdh8uLrkSkSwe-rEEo6neDKdxs8NDMjTRuzG1nHTIV4qBEVYSU0w9v731AZIzTdQAVjfCWACagJBSXIhHBHN9Aa5BO62S6sEaxva4jUY6rpVAcm4_cYNAgBjAQIMrOX2aw/ofertasv/?filter[tourOperator]=EXIM&filter%5Bperson%5D=2&filter%5BchildAge%5D%5B1%5D=20201210&filter%5Bchild%5D=1"
"Movenpick Resort Soma Bay Egipt, Hurghada","7164.0","29.10.2026 - 05.11.2026","8 dni/7 nocy","","4.3","4.3","4058","tripadvisor","Warszawa","2026-09-07T00:04:05.667640+00:00","https://fly.pl/oferta/egipt-wczasy/?filter[dest]=11:&filter[hotelids]=&filter[cityids]=&filter[cregids]=&filter[ofrType]=&filter[addObjType]=&filter[whenFrom]=10-10-2026&filter[whenTo]=05-11-2026&filter[duration]=7:10&filter[from]=&filter[person]=2&filter[child]=1&filter[price]=0:11000&filter[PriceFrom]=0&filter[PriceTo]=11000&filter[addCategory]=50&filter[addCatering]=1&filter[addMisc]=0&filter[addTransport]=F&filter[fp]=1&order_by=ofr_price&filter[tourOperator]=0&filter[childAge][1]=20201210","https://fly.pl/cdn/photo/assets/uploads/582/278/2009/02/Movenpick-Soma-Bay2539.jpg","https://fly.pl/wycieczka/egipt,hurghada,c/movenpick-soma-bay/p8MAcoChvRw-TV6kIoKC79AAog5IVuk_3WHfuAXvCCZLg8FRLqCxxQb8S86Hh0k4aD-ioqBE9SRVgw9v731AZI_DdQQVjfCWACagdCSzYuMi4xcjWbARUHFwBcA1gFVgJAygYREl2JD08kU9KdAVIAXq9PS-1DYQBM5Yw6ILj9lwkNAAISYwECC4jYfZ4/ofertasv/?filter[tourOperator]=OREX&filter%5Bperson%5D=2&filter%5BchildAge%5D%5B1%5D=20201210&filter%5Bchild%5D=1"
"Pickalbatros Vita Resort Portofino Egipt, Marsa Alam","7177.0","26.10.2026 - 02.11.2026","8 dni/7 nocy","","4.9","4.9","752","tripadvisor","Warszawa - Modlin","2026-09-07T00:04:05.667640+00:00","https://fly.pl/oferta/egipt-wczasy/?filter[dest]=11:&filter[hotelids]=&filter[cityids]=&filter[cregids]=&filter[ofrType]=&filter[addObjType]=&filter[whenFrom]=10-10-2026&filter[whenTo]=05-11-2026&filter[duration]=7:10&filter[from]=&filter[person]=2&filter[child]=1&filter[price]=0:11000&filter[PriceFrom]=0&filter[PriceTo]=11000&filter[addCategory]=50&filter[addCatering]=1&filter[addMisc]=0&filter[addTransport]=F&filter[fp]=1&order_by=ofr_price&filter[tourOperator]=0&filter[childAge][1]=20201210","https://fly.pl/cdn/photo/assets/uploads/582/278/2024/07/pickalbatros-vita-resort-portofino.jpg","https://fly.pl/wycieczka/egipt,marsa-alam,c/pickalbatros-vita-resort-portofino-11/pn6m9VkShMc7UqLUkcGtlFAAogyV37Gb46wdQl11ZDJlhnLJQB3BBoU8HI00KB_W6Iw_MqBEVYSU0w9v731AZIiThQAViXCWACagJBSXIhHBHU2Qa5BKPTS6sEPxus5DUYxLhVAabq_8YNAgBjAQIM_Ex5cA/ofertasv/?filter[tourOperator]=EXIM&filter%5Bperson%5D=2&filter%5BchildAge%5D%5B1%5D=20201210&filter%5Bchild%5D=1"
"Naama Bay Promenade Mountain Resort Egipt, Sharm El Sheikh, Szarm el-Szejk","7357.0","28.10.2026 - 04.11.2026","9 dni/7 nocy","","4.2","4.2","1287","tripadvisor","Gdańsk","2026-09-07T00:04:05.667640+00:00","https://fly.pl/oferta/egipt-wczasy/?filter[dest]=11:&filter[hotelids]=&filter[cityids]=&filter[cregids]=&filter[ofrType]=&filter[addObjType]=&filter[whenFrom]=10-10-2026&filter[whenTo]=05-11-2026&filter[duration]=7:10&filter[from]=&filter[person]=2&filter[child]=1&filter[price]=0:11000&filter[PriceFrom]=0&filter[PriceTo]=11000&filter[addCategory]=50&filter[addCatering]=1&filter[addMisc]=0&filter[addTransport]=F&filter[fp]=1&order_by=ofr_price&filter[tourOperator]=0&filter[childAge][1]=20201210","https://fly.pl/cdn/photo/assets/uploads/582/278/2024/07/naama-bay-promenade-mountain-resort.jpg","https://fly.pl/wycieczka/egipt,sharm-el-sheikh,szarm-el-szejk/naama-bay-promenade-mountain-resort-12/pK20yVsq8uP9-GJbs026TSAAogJANCjqU01Kd4mkPBsTRdfnIhrbyPomD2uW-Fwn8rcgYqBE9BU0kw9v731AZIvTlQAVjHCWACagNBSWxyIRwRra8BuQTGqxCrBBIbyqANGLTtEgGHypOpAgIAYwECC-N-ubo/ofertasv/?filter[tourOperator]=OASI&filter%5Bperson%5D=2&filter%5BchildAge%5D%5B1%5D=20201210&filter%5Bchild%5D=1"
"Safir Sharm Waterfalls Resort (ex Hilton Waterfalls Resort) Egipt, Sharm El Sheikh","7399.0","21.10.2026 - 29.10.2026","9 dni/8 nocy","","4.4","4.4","1219","tripadvisor","Rzeszów","2026-09-07T00:04:05.667640+00:00","https://fly.pl/oferta/egipt-wczasy/?filter[dest]=11:&filter[hotelids]=&filter[cityids]=&filter[cregids]=&filter[ofrType]=&filter[addObjType]=&filter[whenFrom]=10-10-2026&filter[whenTo]=05-11-2026&filter[duration]=7:10&filter[from]=&filter[person]=2&filter[child]=1&filter[price]=0:11000&filter[PriceFrom]=0&filter[PriceTo]=11000&filter[addCategory]=50&filter[addCatering]=1&filter[addMisc]=0&filter[addTransport]=F&filter[fp]=1&order_by=ofr_price&filter[tourOperator]=0&filter[childAge][1]=20201210","https://fly.pl/cdn/photo/assets/uploads/582/278/2014/07/Hilton-Sharm-Waterfalls-Resort-fly-pl-4.jpg","https://fly.pl/wycieczka/egipt,sharm-el-sheikh,c/hilton-sharm-waterfalls-resort/ptUzeyrjAZJ8QvPFv4xF_8AAogG6pSrfCbl5tZqOB6i-LIv76_cQWKQGVxV2FI9A_CKAkqBEpPSVAw9v731AZI5zlQQVifCGACagNDR21yQpsBFAEVBhcBXAJYBVYCQMoGT-IBXQARwsYBXpw0S48YYQBSlwhTAEyssDoNsP2XCSABAZrV_LCViMygMAINYwEACz-qYV4/ofertasv/?filter[tourOperator]=JOIP&filter%5Bperson%5D=2&filter%5BchildAge%5D%5B1%5D=20201210&filter%5Bchild%5D=1"
"The Cleopatra Luxury Resort Collection Egipt, Sharm El Sheikh, Nabq Bay","7537.0","28.10.2026 - 04.11.2026","9 dni/7 nocy","","4.5","4.5","7611","tripadvisor","Gdańsk","2026-09-07T00:04:05.667640+00:00","https://fly.pl/oferta/egipt-wczasy/?filter[dest]=11:&filter[hotelids]=&filter[cityids]=&filter[cregids]=&filter[ofrType]=&filter[addObjType]=&filter[whenFrom]=10-10-2026&filter[whenTo]=05-11-2026&filter[duration]=7:10&filter[from]=&filter[person]=2&filter[child]=1&filter[price]=0:11000&filter[PriceFrom]=0&filter[PriceTo]=11000&filter[addCategory]=50&filter[addCatering]=1&filter[addMisc]=0&filter[addTransport]=F&filter[fp]=1&order_by=ofr_price&filter[tourOperator]=0&filter[childAge][1]=20201210","https://fly.pl/cdn/photo/assets/uploads/582/278/2014/07/58ae3c6b287eb1e74191c52d1e07af6ad3ddd609476a5d59c69f95f8f8409586.jpg","https://fly.pl/wycieczka/egipt,sharm-el-sheikh,nabq-bay/the-cleopatra-luxury-resort-collection/pV6CE9i1n0ZVVMexV3ybCLAAogtSOOR81m3CC5nRcCNJHSx3IhrbyPomD2uW-Fwn8rcgYqBE9BU0kw9v731AZI8TpQAVjHCWACagNBSWxyIRwR868BuQSAqxCrBBIbkIMMGLeFFAHoq4mpAgIAYwECCx_WJGw/ofertasv/?filter[tourOperator]=OASI&filter%5Bperson%5D=2&filter%5BchildAge%5D%5B1%5D=20201210&filter%5Bchild%5D=1"
"Sea Star Beau Rivage Egipt, Hurghada","7578.0","29.10.2026 - 05.11.2026","8 dni/7 nocy","","4.5","4.5","4278","tripadvisor","Warszawa","2026-09-07T00:04:05.667640+00:00","https://fly.pl/oferta/egipt-wczasy/?filter[dest]=11:&filter[hotelids]=&filter[cityids]=&filter[cregids]=&filter[ofrType]=&filter[addObjType]=&filter[whenFrom]=10-10-2026&filter[whenTo]=05-11-2026&filter[duration]=7:10&filter[from]=&filter[person]=2&filter[child]=1&filter[price]=0:11000&filter[PriceFrom]=0&filter[PriceTo]=11000&filter[addCategory]=50&filter[addCatering]=1&filter[addMisc]=0&filter[addTransport]=F&filter[fp]=1&order_by=ofr_price&filter[tourOperator]=0&filter[childAge][1]=20201210","https://fly.pl/cdn/photo/assets/uploads/582/278/2014/07/Sea-Star-Beau-Rivage-fly-pl.jpg","https://fly.pl/wycieczka/egipt,hurghada,c/sea-star-beau-rivage/pCw0ERjnLPQeCq4_tQhKg_AAog4SIbuMpJxTiLAp233F5RVRLqCxxQb8S86Hh0k4aD-ioqBE9SRVgw9v731AZImjtQQVjfCWACagdCTEYuMi4xcjWbARUHFwBcA1gFVgIR_wVAS12bD08kU9KdAVIAXq9PS-1DYQBM5Yw6ILj9lwkNAAISYwECC40ZMw4/ofertasv/?filter[tourOperator]=OREX&filter%5Bperson%5D=2&filter%5BchildAge%5D%5B1%5D=20201210&filter%5Bchild%5D=1"
"Charmillion Club Resort (ex. Sea Club Resort) Egipt, Sharm El Sheikh","7656.0","29.10.2026 - 05.11.2026","8 dni/7 nocy","","4.5","4.5","6040","tripadvisor","Warszawa - Modlin","2026-09-07T00:04:05.667640+00:00","https://fly.pl/oferta/egipt-wczasy/?filter[dest]=11:&filter[hotelids]=&filter[cityids]=&filter[cregids]=&filter[ofrType]=&filter[addObjType]=&filter[whenFrom]=10-10-2026&filter[whenTo]=05-11-2026&filter[duration]=7:10&filter[from]=&filter[person]=2&filter[child]=1&filter[price]=0:11000&filter[PriceFrom]=0&filter[PriceTo]=11000&filter[addCategory]=50&filter[addCatering]=1&filter[addMisc]=0&filter[addTransport]=F&filter[fp]=1&order_by=ofr_price&filter[tourOperator]=0&filter[childAge][1]=20201210","https://fly.pl/cdn/photo/assets/uploads/582/278/2014/07/Charmillion-Club-Resort-ex.-Sea-Club-Resort-fly-pl.jpg","https://fly.pl/wycieczka/egipt,sharm-el-sheikh,c/sea-club-sharm-el-sheikh/pT2OUGwbYn4NtW3C4_8M6UAAogPFVnwuE01P-UUfnZ0vnHbxstrgoMttrZgZAvN8rfQ44qBEtPTVQw9v731AZI6DtQAVjfCWACagJBSXIfHBHOGrkEmuMBqwQDGOifBBvogCQB_NvQHgIAYwECBa8x8eo/ofertasv/?filter[tourOperator]=KOMT&filter%5Bperson%5D=2&filter%5BchildAge%5D%5B1%5D=20201210&filter%5Bchild%5D=1"
"Royal Lagoons Aqua (ex. Premium Blue) Egipt, Hurghada","7672.0","29.10.2026 - 05.11.2026","8 dni/7 nocy","","4.2","4.2","4340","tripadvisor","Warszawa","2026-09-07T00:04:05.667640+00:00","https://fly.pl/oferta/egipt-wczasy/?filter[dest]=11:&filter[hotelids]=&filter[cityids]=&filter[cregids]=&filter[ofrType]=&filter[addObjType]=&filter[whenFrom]=10-10-2026&filter[whenTo]=05-11-2026&filter[duration]=7:10&filter[from]=&filter[person]=2&filter[child]=1&filter[price]=0:11000&filter[PriceFrom]=0&filter[PriceTo]=11000&filter[addCategory]=50&filter[addCatering]=1&filter[addMisc]=0&filter[addTransport]=F&filter[fp]=1&order_by=ofr_price&filter[tourOperator]=0&filter[childAge][1]=20201210","https://fly.pl/cdn/photo/assets/uploads/582/278/2014/10/Royal-Lagoons-Aqua.jpg","https://fly.pl/wycieczka/egipt,hurghada,c/premium-blue-lagoon-ex-pyramisa-blue-lagoon/pRuo0EQ2__1B7QCVdmXkhlAAogXQm6dIn9pJCZEMZsa_oEpaMK9izCb2-usTxQwRvTPmsqBEpPSVAw9v731AZI-DtQQVjfCWACckMUARUGFwBcA1gFVgJAygZdqwFPN1vyAlO9qAFSAF6vTxGHMkvmEWEATOWMOiC4_ZcJDQABtbHYmMWGzKAwAg5jAQAN8fSleg/ofertasv/?filter[tourOperator]=JOIP&filter%5Bperson%5D=2&filter%5BchildAge%5D%5B1%5D=20201210&filter%5Bchild%5D=1"
"Old Palace Resort Egipt, Hurghada","7795.0","27.10.2026 - 03.11.2026","9 dni/7 nocy","","4.6","4.6","3535","tripadvisor","Warszawa - Modlin","2026-09-07T00:04:05.667640+00:00","https://fly.pl/oferta/egipt-wczasy/?filter[dest]=11:&filter[hotelids]=&filter[cityids]=&filter[cregids]=&filter[ofrType]=&filter[addObjType]=&filter[whenFrom]=10-10-2026&filter[whenTo]=05-11-2026&filter[duration]=7:10&filter[from]=&filter[person]=2&filter[child]=1&filter[price]=0:11000&filter[PriceFrom]=0&filter[PriceTo]=11000&filter[addCategory]=50&filter[addCatering]=1&filter[addMisc]=0&filter[addTransport]=F&filter[fp]=1&order_by=ofr_price&filter[tourOperator]=0&filter[childAge][1]=20201210","https://fly.pl/cdn/photo/assets/uploads/582/278/2015/03/Old-Palace-Resort-Sahl-Hasheesh.jpg","https://fly.pl/wycieczka/egipt,hurghada,c/old-palace-resort/p0nFTo59WCaPBR_ftBwxUGAAogpMJj9ZTvMWiFIcs_hJgcJH-RivCO5fCdWQwfiBpU-nUqBE9BU0kw9v731AZI8zxQAVivCWACagNBSWxyIRwRka8BqwTb7w-5BEAbucMPGO-FEwGa_8-mAgIAYwECC5KICJE/ofertasv/?filter[tourOperator]=OASI&filter%5Bperson%5D=2&filter%5BchildAge%5D%5B1%5D=20201210&filter%5Bchild%5D=1"
"Jaz Aquamarine Resort","7827.0","27.10.2026 - 03.11.2026","9 dni/7 nocy","","4.6","4.6","17141","tripadvisor","Warszawa - Modlin","2026-09-07T00:04:05.667640+00:00","https://fly.pl/oferta/egipt-wczasy/?filter[dest]=11:&filter[hotelids]=&filter[cityids]=&filter[cregids]=&filter[ofrType]=&filter[addObjType]=&filter[whenFrom]=10-10-2026&filter[whenTo]=05-11-2026&filter[duration]=7:10&filter[from]=&filter[person]=2&filter[child]=1&filter[price]=0:11000&filter[PriceFrom]=0&filter[PriceTo]=11000&filter[addCategory]=50&filter[addCatering]=1&filter[addMisc]=0&filter[addTransport]=F&filter[fp]=1&order_by=ofr_price&filter[tourOperator]=0&filter[childAge][1]=20201210","https://fly.pl/cdn/photo/assets/uploads/582/278/2016/11/jaz-aquamarine-ex-iberotel-egipt-hurghada-1b.jpg","https://fly.pl/wycieczka/egipt,hurghada,c/jaz-aquamarine-ex-iberotel-aquamarine/p2328rIFg2MZdIirBNcXbiAAogjyuguBp5WFRpPfIAKMmn35eMXePUQkpobZ-BQI6-nbQqBEVYSU0w-P731AZIkz1QAVivCWACagJBSXIhHBHK2QarBPfOS7kERRut7jUY069WAZDXmNINAgBjAQILcq7QMg/ofertasv/?filter[tourOperator]=EXIM&filter%5Bperson%5D=2&filter%5BchildAge%5D%5B1%5D=20201210&filter%5Bchild%5D=1"
"Marriott Hurghada Beach Resort","7827.0","27.10.2026 - 03.11.2026","9 dni/7 nocy","","4.6","4.6","4867","tripadvisor","Warszawa - Modlin","2026-09-07T00:04:05.667640+00:00","https://fly.pl/oferta/egipt-wczasy/?filter[dest]=11:&filter[hotelids]=&filter[cityids]=&filter[cregids]=&filter[ofrType]=&filter[addObjType]=&filter[whenFrom]=10-10-2026&filter[whenTo]=05-11-2026&filter[duration]=7:10&filter[from]=&filter[person]=2&filter[child]=1&filter[price]=0:11000&filter[PriceFrom]=0&filter[PriceTo]=11000&filter[addCategory]=50&filter[addCatering]=1&filter[addMisc]=0&filter[addTransport]=F&filter[fp]=1&order_by=ofr_price&filter[tourOperator]=0&filter[childAge][1]=20201210","https://fly.pl/cdn/photo/assets/uploads/582/278/2014/09/Marriott-Hurghada-Beach-Resort.jpg","https://fly.pl/wycieczka/egipt,hurghada,c/marriott-hurghada-beach-resort/pNG3Luworj6G1SXHmUxdCoAAogk2W2pwH7XGP36JXY8Q_MX5eMXePUQkpobZ-BQI6-nbQqBEVYSU0w-P731AZIkz1QAVivCWACagJBSXIhHBGp_warBJipS7kERRvioUAYxuJHAaWw7qsNAhJjAQIHU8pmvw/ofertasv/?filter[tourOperator]=EXIM&filter%5Bperson%5D=2&filter%5BchildAge%5D%5B1%5D=20201210&filter%5Bchild%5D=1"
"Domina Coral Bay Oasis","7956.0","25.10.2026 - 01.11.2026","8 dni/7 nocy","","4.2","4.2","12412","tripadvisor","Katowice","2026-09-07T00:04:05.667640+00:00","https://fly.pl/oferta/egipt-wczasy/?filter[dest]=11:&filter[hotelids]=&filter[cityids]=&filter[cregids]=&filter[ofrType]=&filter[addObjType]=&filter[whenFrom]=10-10-2026&filter[whenTo]=05-11-2026&filter[duration]=7:10&filter[from]=&filter[person]=2&filter[child]=1&filter[price]=0:11000&filter[PriceFrom]=0&filter[PriceTo]=11000&filter[addCategory]=50&filter[addCatering]=1&filter[addMisc]=0&filter[addTransport]=F&filter[fp]=1&order_by=ofr_price&filter[tourOperator]=0&filter[childAge][1]=20201210","https://fly.pl/cdn/photo/assets/uploads/582/278/2014/07/Domina-Coral-Bay-Oasis.jpg","https://fly.pl/wycieczka/egipt,sharm-el-sheikh,c/domina-coral-bay-oasis/pSwJTc5qrsPb7uGYz0FATzAAogpYmRykcXZxGQeICFcWeu_v-8lKSM_XY3X6eU8q1GIdEqBE9BU0kw-P731AZIlD5QAVj_CGACagNBSWxyIRwRu68BqwTcqxC5BCsb6PIMGK-WEwGopIqpAgIAYwECDJgUvXQ/ofertasv/?filter[tourOperator]=OASI&filter%5Bperson%5D=2&filter%5BchildAge%5D%5B1%5D=20201210&filter%5Bchild%5D=1"
"Domina Coral Bay Harem","7956.0","25.10.2026 - 01.11.2026","8 dni/7 nocy","","4.2","4.2","12412","tripadvisor","Katowice","2026-09-07T00:04:05.667640+00:00","https://fly.pl/oferta/egipt-wczasy/?filter[dest]=11:&filter[hotelids]=&filter[cityids]=&filter[cregids]=&filter[ofrType]=&filter[addObjType]=&filter[whenFrom]=10-10-2026&filter[whenTo]=05-11-2026&filter[duration]=7:10&filter[from]=&filter[person]=2&filter[child]=1&filter[price]=0:11000&filter[PriceFrom]=0&filter[PriceTo]=11000&filter[addCategory]=50&filter[addCatering]=1&filter[addMisc]=0&filter[addTransport]=F&filter[fp]=1&order_by=ofr_price&filter[tourOperator]=0&filter[childAge][1]=20201210","https://fly.pl/cdn/photo/assets/uploads/582/278/2014/07/Domina-Coral-Bay-Harem.jpg","https://fly.pl/wycieczka/egipt,sharm-el-sheikh,c/domina-coral-bay-harem/pCVfUebgj4SzKGlUIEyClKAAogMJNulRpMRGo9UU2Q-oJOSf-8lKSM_XY3X6eU8q1GIdEqBE9BU0kw-P731AZIlD5QAVj_CGACagNBSWxyIRwRsa8BqwTmqxC5BCsbzdsNGL6tEgG3_Y6pAgIAYwECDDb5p14/ofertasv/?filter[tourOperator]=OASI&filter%5Bperson%5D=2&filter%5BchildAge%5D%5B1%5D=20201210&filter%5Bchild%5D=1"
"Hilton Marsa Alam Nubian Resort","7967.0","28.10.2026 - 04.11.2026","8 dni/7 nocy","","4.7","4.7","10186","tripadvisor","Warszawa - Modlin","2026-09-07T00:04:05.667640+00:00","https://fly.pl/oferta/egipt-wczasy/?filter[dest]=11:&filter[hotelids]=&filter[cityids]=&filter[cregids]=&filter[ofrType]=&filter[addObjType]=&filter[whenFrom]=10-10-2026&filter[whenTo]=05-11-2026&filter[duration]=7:10&filter[from]=&filter[person]=2&filter[child]=1&filter[price]=0:11000&filter[PriceFrom]=0&filter[PriceTo]=11000&filter[addCategory]=50&filter[addCatering]=1&filter[addMisc]=0&filter[addTransport]=F&filter[fp]=1&order_by=ofr_price&filter[tourOperator]=0&filter[childAge][1]=20201210","https://fly.pl/cdn/photo/assets/uploads/582/278/2014/08/Tropitel-Dahab-Oasis.jpg","https://fly.pl/wycieczka/egipt,marsa-alam,c/hilton-marsa-alam-nubian-resort/pyk-XLlxMQJK1F95s7zlhFAAogW5gUZNJHYM_Yt9SF1kmgTBMX033-gYOoV0TNZ_GKOrIqBEVYSU0w-P731AZInz5QAVjHCWACagJBSXIhHBHR_wa5BI-tS6sEPhuzrkAYqO9HAea93awNAhJjAQINu3wSQQ/ofertasv/?filter[tourOperator]=EXIM&filter%5Bperson%5D=2&filter%5BchildAge%5D%5B1%5D=20201210&filter%5Bchild%5D=1"
"Jaz Palmariva Beach","7979.0","29.10.2026 - 05.11.2026","8 dni/7 nocy","","4.6","4.6","4068","tripadvisor","Warszawa","2026-09-07T00:04:05.667640+00:00","https://fly.pl/oferta/egipt-wczasy/?filter[dest]=11:&filter[hotelids]=&filter[cityids]=&filter[cregids]=&filter[ofrType]=&filter[addObjType]=&filter[whenFrom]=10-10-2026&filter[whenTo]=05-11-2026&filter[duration]=7:10&filter[from]=&filter[person]=2&filter[child]=1&filter[price]=0:11000&filter[PriceFrom]=0&filter[PriceTo]=11000&filter[addCategory]=50&filter[addCatering]=1&filter[addMisc]=0&filter[addTransport]=F&filter[fp]=1&order_by=ofr_price&filter[tourOperator]=0&filter[childAge][1]=20201210","https://fly.pl/cdn/photo/assets/uploads/582/278/2014/07/Labranda-Club-Makadi-ex-Club-Azur-fly-pl.jpg","https://fly.pl/wycieczka/egipt,hurghada,makadi-bay/club-azur/psTRqnq7UTEBfHFb9zORIGAAogvW0J86dKSKELb9Iz7jgLIRLqCxxQb8S86Hh0k4aD-ioqBE9SRVgw-P731AZIqz5QQVjfCWACagZFQS4yLjFyNZsBFQcXAFwDWAVWAkDKBl2bD08kEfUhU917UgBer09L7UNhAEzljDoguP2XCQ0AAhJjAQIMHUYBfQ/ofertasv/?filter[tourOperator]=OREX&filter%5Bperson%5D=2&filter%5BchildAge%5D%5B1%5D=20201210&filter%5Bchild%5D=1"
"Stella Beach Resort & Spa","8069.0","29.10.2026 - 05.11.2026","8 dni/7 nocy","","4.4","4.4","6853","tripadvisor","Warszawa","2026-09-07T00:04:05.667640+00:00","https://fly.pl/oferta/egipt-wczasy/?filter[dest]=11:&filter[hotelids]=&filter[cityids]=&filter[cregids]=&filter[ofrType]=&filter[addObjType]=&filter[whenFrom]=10-10-2026&filter[whenTo]=05-11-2026&filter[duration]=7:10&filter[from]=&filter[person]=2&filter[child]=1&filter[price]=0:11000&filter[PriceFrom]=0&filter[PriceTo]=11000&filter[addCategory]=50&filter[addCatering]=1&filter[addMisc]=0&filter[addTransport]=F&filter[fp]=1&order_by=ofr_price&filter[tourOperator]=0&filter[childAge][1]=20201210","https://fly.pl/cdn/photo/assets/uploads/582/278/2014/10/Stella-Di-Mare-Beach-Resort-Spa.jpg","https://fly.pl/wycieczka/egipt,hurghada,makadi-bay/stella-makadi-resort/p3TJEAoSxTzw1NbasctBiJAAogiORAwUxMp_24PUnbbgjiCBLqCxxQb8S86Hh0k4aD-ioqBE9SRVgw-P731AZIhT9QQVjfCWACagVYLjIuMXI2mwEVBxcAWAhWAlwIQMIGEZsOXYABTyRT0p0BUgBer09L7UNhAEzljDoguP2XCQ0AAhJjAQIN1bvuvQ/ofertasv/?filter[tourOperator]=OREX&filter%5Bperson%5D=2&filter%5BchildAge%5D%5B1%5D=20201210&filter%5Bchild%5D=1"
"Albatros Makadi Resort (ex Royal Pharaohs Makadi)","8077.0","27.10.2026 - 03.11.2026","9 dni/7 nocy","","3.3","3.3","844","tripadvisor","Warszawa - Modlin","2026-09-07T00:04:05.667640+00:00","https://fly.pl/oferta/egipt-wczasy/?filter[dest]=11:&filter[hotelids]=&filter[cityids]=&filter[cregids]=&filter[ofrType]=&filter[addObjType]=&filter[whenFrom]=10-10-2026&filter[whenTo]=05-11-2026&filter[duration]=7:10&filter[from]=&filter[person]=2&filter[child]=1&filter[price]=0:11000&filter[PriceFrom]=0&filter[PriceTo]=11000&filter[addCategory]=50&filter[addCatering]=1&filter[addMisc]=0&filter[addTransport]=F&filter[fp]=1&order_by=ofr_price&filter[tourOperator]=0&filter[childAge][1]=20201210","https://fly.pl/cdn/photo/assets/uploads/582/278/2014/07/Harmony-Makadi-Bay-fly-pl.jpg","https://fly.pl/wycieczka/egipt,hurghada,makadi-bay/harmony-makadi-bay/p2pe9zWZN5ccfWnnslQeRFAAogS8YQyfoaaU-lce5aBtGNrZeMXePUQkpobZ-BQI6-nbQqBEVYSU0w-P731AZIjT9QAVivCWACagJBSXIhHBGb-AarBKawS7kERRub_TcYgKBTAc_J98YNAgBjAQIMXOfZsA/ofertasv/?filter[tourOperator]=EXIM&filter%5Bperson%5D=2&filter%5BchildAge%5D%5B1%5D=20201210&filter%5Bchild%5D=1"
"Sentido Akassia Beach (ex. LTI Akassia Beach)","8087.0","29.10.2026 - 05.11.2026","8 dni/7 nocy","","4.4","4.4","2307","tripadvisor","Katowice","2026-09-07T00:04:05.667640+00:00","https://fly.pl/oferta/egipt-wczasy/?filter[dest]=11:&filter[hotelids]=&filter[cityids]=&filter[cregids]=&filter[ofrType]=&filter[addObjType]=&filter[whenFrom]=10-10-2026&filter[whenTo]=05-11-2026&filter[duration]=7:10&filter[from]=&filter[person]=2&filter[child]=1&filter[price]=0:11000&filter[PriceFrom]=0&filter[PriceTo]=11000&filter[addCategory]=50&filter[addCatering]=1&filter[addMisc]=0&filter[addTransport]=F&filter[fp]=1&order_by=ofr_price&filter[tourOperator]=0&filter[childAge][1]=20201210","https://fly.pl/cdn/photo/assets/uploads/582/278/2014/09/Sentido-Akassia-Beach.jpg","https://fly.pl/wycieczka/egipt,marsa-alam,c/lti-akassia-beach-2/p_hnnbI_S8pObZYKjKRUNnAAogWsj03FuK88D0OuhDCSx3N8f7aOogEcfP-IyfG5F-ZlYqBE9SRVgw-P731AZIlz9QQVjfCWACagYxUy4yLjFyNZsBFQcXAFwDWAVWAhEmQKQGXbNCTyRLwokBYQBepzBSvBRTAEyWvDoNuP2XCSAAAhJjAQINNjIMPQ/ofertasv/?filter[tourOperator]=OREX&filter%5Bperson%5D=2&filter%5BchildAge%5D%5B1%5D=20201210&filter%5Bchild%5D=1"
"Serenity Alpha Beach (ex. Serenity Makadi Beach)","8091.0","29.10.2026 - 05.11.2026","8 dni/7 nocy","","4.6","4.6","6613","tripadvisor","Warszawa","2026-09-07T00:04:05.667640+00:00","https://fly.pl/oferta/egipt-wczasy/?filter[dest]=11:&filter[hotelids]=&filter[cityids]=&filter[cregids]=&filter[ofrType]=&filter[addObjType]=&filter[whenFrom]=10-10-2026&filter[whenTo]=05-11-2026&filter[duration]=7:10&filter[from]=&filter[person]=2&filter[child]=1&filter[price]=0:11000&filter[PriceFrom]=0&filter[PriceTo]=11000&filter[addCategory]=50&filter[addCatering]=1&filter[addMisc]=0&filter[addTransport]=F&filter[fp]=1&order_by=ofr_price&filter[tourOperator]=0&filter[childAge][1]=20201210","https://fly.pl/cdn/photo/assets/uploads/582/278/2014/07/Serenity-Alpha-Beach.jpg","https://fly.pl/wycieczka/egipt,hurghada,makadi-bay/serenity-makadi-heights/pybQ9KWjtTaabDd0ZGixnUAAogDeqrGP0kBI6_KgkfHhokIxLqCxxQb8S86Hh0k4aD-ioqBE9SRVgw-P731AZImz9QQVjfCWACagZENi4yLjFyNZsBFQcXAFgIVgJcCBH6BUBIXZsPTyRT0p0BUgBer09L7UNhAEzljDoguP2XCQ0AAhJjAQIMyT5gdw/ofertasv/?filter[tourOperator]=OREX&filter%5Bperson%5D=2&filter%5BchildAge%5D%5B1%5D=20201210&filter%5Bchild%5D=1"
"Stella Di Mare Beach & Spa","8091.0","28.10.2026 - 04.11.2026","9 dni/7 nocy","","4.8","4.8","7448","tripadvisor","Gdańsk","2026-09-07T00:04:05.667640+00:00","https://fly.pl/oferta/egipt-wczasy/?filter[dest]=11:&filter[hotelids]=&filter[cityids]=&filter[cregids]=&filter[ofrType]=&filter[addObjType]=&filter[whenFrom]=10-10-2026&filter[whenTo]=05-11-2026&filter[duration]=7:10&filter[from]=&filter[person]=2&filter[child]=1&filter[price]=0:11000&filter[PriceFrom]=0&filter[PriceTo]=11000&filter[addCategory]=50&filter[addCatering]=1&filter[addMisc]=0&filter[addTransport]=F&filter[fp]=1&order_by=ofr_price&filter[tourOperator]=0&filter[childAge][1]=20201210","https://fly.pl/cdn/photo/assets/uploads/582/278/2014/07/Stella-Di-Mare-Beach-sharm.jpg","https://fly.pl/wycieczka/egipt,sharm-el-sheikh,szarm-el-szejk/stella-di-mare-beach-spa/pLWVYTtUs_FGDUrEy8Bd9gAAogbD8yzahyDUTcIGER5cmtxHIhrbyPomD2uW-Fwn8rcgYqBE9BU0kw-P731AZImz9QAVjHCWACagNBSStyIRwRrq8BuQTFqxCrBBIb4qEMGLvwEwH6q56pAgIAYwECDMqOeQs/ofertasv/?filter[tourOperator]=OASI&filter%5Bperson%5D=2&filter%5BchildAge%5D%5B1%5D=20201210&filter%5Bchild%5D=1"
"Royal Brayka Beach Resort (ex Zee Brayka)","8097.0","16.10.2026 - 23.10.2026","8 dni/7 nocy","","4.4","4.4","2462","tripadvisor","Katowice","2026-09-07T00:04:05.667640+00:00","https://fly.pl/oferta/egipt-wczasy/?filter[dest]=11:&filter[hotelids]=&filter[cityids]=&filter[cregids]=&filter[ofrType]=&filter[addObjType]=&filter[whenFrom]=10-10-2026&filter[whenTo]=05-11-2026&filter[duration]=7:10&filter[from]=&filter[person]=2&filter[child]=1&filter[price]=0:11000&filter[PriceFrom]=0&filter[PriceTo]=11000&filter[addCategory]=50&filter[addCatering]=1&filter[addMisc]=0&filter[addTransport]=F&filter[fp]=1&order_by=ofr_price&filter[tourOperator]=0&filter[childAge][1]=20201210","https://fly.pl/cdn/photo/assets/uploads/582/278/2014/07/Royal-Brayka-Resort.jpg","https://fly.pl/wycieczka/egipt,marsa-alam,c/royal-brayka-resort/pfPQPaLrWwPSdcEQe0dPo7AAogH3cAvD8HjlAXU_BFpm7Ot55wm2n9IphK4znXWaCeyzAqBFZJVFgw-P731AZIoT9QQVinB2ACckAaABUHFwBcA1gFQI8DW7-DAWGXTEsAXqcwUrwUUwBMoOQ5DaHVmAkgAF2r65HsqAFPlNqZijdRu8UTAg5jAQINwbW6_A/ofertasv/?filter[tourOperator]=VITX&filter%5Bperson%5D=2&filter%5BchildAge%5D%5B1%5D=20201210&filter%5Bchild%5D=1"
"IL Mercato Splash Aqua Park","8136.0","13.10.2026 - 20.10.2026","8 dni/7 nocy","","4.4","4.4","2256","tripadvisor","Katowice","2026-09-07T00:04:05.667640+00:00","https://fly.pl/oferta/egipt-wczasy/?filter[dest]=11:&filter[hotelids]=&filter[cityids]=&filter[cregids]=&filter[ofrType]=&filter[addObjType]=&filter[whenFrom]=10-10-2026&filter[whenTo]=05-11-2026&filter[duration]=7:10&filter[from]=&filter[person]=2&filter[child]=1&filter[price]=0:11000&filter[PriceFrom]=0&filter[PriceTo]=11000&filter[addCategory]=50&filter[addCatering]=1&filter[addMisc]=0&filter[addTransport]=F&filter[fp]=1&order_by=ofr_price&filter[tourOperator]=0&filter[childAge][1]=20201210","https://fly.pl/cdn/photo/assets/uploads/582/278/2014/07/Il-Mercato-Hotel-Spa-Sharm-El-Sheikh.jpg","https://fly.pl/wycieczka/egipt,sharm-el-sheikh,c/iberotel-il-mercato/pdtTAVXe_QjHUoNWvIiC4dAAogyK3R0wXF1UE9KC9A_lH8gVATkd0Et3pHZ-B5Uah2j-0qBEpPSVAw-P731AZIyD9QQVjfBmACagNDR21yQpsBFAEVBhcAXANYBVYCQMoGT-IBXQBLt8oBYQBepzARyxdS2whTAEyssDoNqP2XCSAAAaTB7JiTicygMAINYwEAC5Yz8i8/ofertasv/?filter[tourOperator]=JOIP&filter%5Bperson%5D=2&filter%5BchildAge%5D%5B1%5D=20201210&filter%5Bchild%5D=1"
"Nubian Island","8149.0","29.10.2026 - 05.11.2026","8 dni/7 nocy","","4.7","4.7","3724","tripadvisor","Warszawa - Modlin","2026-09-07T00:04:05.667640+00:00","https://fly.pl/oferta/egipt-wczasy/?filter[dest]=11:&filter[hotelids]=&filter[cityids]=&filter[cregids]=&filter[ofrType]=&filter[addObjType]=&filter[whenFrom]=10-10-2026&filter[whenTo]=05-11-2026&filter[duration]=7:10&filter[from]=&filter[person]=2&filter[child]=1&filter[price]=0:11000&filter[PriceFrom]=0&filter[PriceTo]=11000&filter[addCategory]=50&filter[addCatering]=1&filter[addMisc]=0&filter[addTransport]=F&filter[fp]=1&order_by=ofr_price&filter[tourOperator]=0&filter[childAge][1]=20201210","https://fly.pl/cdn/photo/assets/uploads/582/278/2014/07/Nubian-Island.jpg","https://fly.pl/wycieczka/egipt,sharm-el-sheikh,c/nubian-island/pKadw6_O-BV3SQQOAghlPOAAogmXkZ8r-ifZrqcOJlSRuASxstrgoMttrZgZAvN8rfQ44qBEtPTVQw-P731AZI1T9QAVjfCWACagJBSXIfHBH1GrkE8-IBqwQDGJicBBuwiCQBgoTMHgIAYwECBonIUas/ofertasv/?filter[tourOperator]=KOMT&filter%5Bperson%5D=2&filter%5BchildAge%5D%5B1%5D=20201210&filter%5Bchild%5D=1"
"Sharm Grand Plaza Resort","8167.0","13.10.2026 - 20.10.2026","8 dni/7 nocy","","4.4","4.4","9439","tripadvisor","Katowice","2026-09-07T00:04:05.667640+00:00","https://fly.pl/oferta/egipt-wczasy/?filter[dest]=11:&filter[hotelids]=&filter[cityids]=&filter[cregids]=&filter[ofrType]=&filter[addObjType]=&filter[whenFrom]=10-10-2026&filter[whenTo]=05-11-2026&filter[duration]=7:10&filter[from]=&filter[person]=2&filter[child]=1&filter[price]=0:11000&filter[PriceFrom]=0&filter[PriceTo]=11000&filter[addCategory]=50&filter[addCatering]=1&filter[addMisc]=0&filter[addTransport]=F&filter[fp]=1&order_by=ofr_price&filter[tourOperator]=0&filter[childAge][1]=20201210","https://fly.pl/cdn/photo/assets/uploads/582/278/2014/07/SHARM-GRAND-PLAZA-RESORT-1.jpg","https://fly.pl/wycieczka/egipt,sharm-el-sheikh,c/grand-plaza-resort/pel859sxresZDJlEwROlG4AAogBB5dmdx4JpA8W-_ITFB8KDZPnluiPTRbLKmNIwYEcH4qBEVYSU0w-P731AZI5z9QAVjfBmACagJBSXIhHBGKyga5BOr2PasEGxvnpjwY1_M9AZjj2u4KAgBjAQILNTuLvA/ofertasv/?filter[tourOperator]=EXIM&filter%5Bperson%5D=2&filter%5BchildAge%5D%5B1%5D=20201210&filter%5Bchild%5D=1"
"Ecotel Dahab Bay View Resort","8247.0","24.10.2026 - 31.10.2026","8 dni/7 nocy","","4.4","4.4","1231","tripadvisor","Warszawa","2026-09-07T00:04:05.667640+00:00","https://fly.pl/oferta/egipt-wczasy/?filter[dest]=11:&filter[hotelids]=&filter[cityids]=&filter[cregids]=&filter[ofrType]=&filter[addObjType]=&filter[whenFrom]=10-10-2026&filter[whenTo]=05-11-2026&filter[duration]=7:10&filter[from]=&filter[person]=2&filter[child]=1&filter[price]=0:11000&filter[PriceFrom]=0&filter[PriceTo]=11000&filter[addCategory]=50&filter[addCatering]=1&filter[addMisc]=0&filter[addTransport]=F&filter[fp]=1&order_by=ofr_price&filter[tourOperator]=0&filter[childAge][1]=20201210","https://fly.pl/cdn/photo/assets/uploads/582/278/2014/09/Ecotel-Dahab-Resort.jpg","https://fly.pl/wycieczka/egipt,dahab,c/mercure-dahab-bay-view/pdYh_B16d0zIutgi9S-cJ-AAogDte7oCU9PhRJZzBhNtOfRwAAAACbhAQAuIQEAAcAEgAqBFdFWlkw-P731AZIt0BQQVjnCGADaglFbnRlciBBaXJqBDA4MDByQ54BlQEfAAIBHAAWBBcCEu0DGKEEE7ECFMkEEbwdQNZUTKCiAU8AS8cjUAAbu8gMHdj5AiAdDejHwgkBEmMBDGMBAgV_UtVg/ofertasv/?filter[tourOperator]=WEZY&filter%5Bperson%5D=2&filter%5BchildAge%5D%5B1%5D=20201210&filter%5Bchild%5D=1"
"Jaz Belvedere","8259.0","28.10.2026 - 04.11.2026","9 dni/7 nocy","","4.5","4.5","3280","tripadvisor","Gdańsk","2026-09-07T00:04:05.667640+00:00","https://fly.pl/oferta/egipt-wczasy/?filter[dest]=11:&filter[hotelids]=&filter[cityids]=&filter[cregids]=&filter[ofrType]=&filter[addObjType]=&filter[whenFrom]=10-10-2026&filter[whenTo]=05-11-2026&filter[duration]=7:10&filter[from]=&filter[person]=2&filter[child]=1&filter[price]=0:11000&filter[PriceFrom]=0&filter[PriceTo]=11000&filter[addCategory]=50&filter[addCatering]=1&filter[addMisc]=0&filter[addTransport]=F&filter[fp]=1&order_by=ofr_price&filter[tourOperator]=0&filter[childAge][1]=20201210","https://fly.pl/cdn/photo/assets/uploads/582/278/2014/07/Jaz-Belvedere.jpg","https://fly.pl/wycieczka/egipt,sharm-el-sheikh,c/jaz-belvedere/p_eEKq6xZYSr_zeNH2Md3YAAogpDRXhWjgnXq8iFr8Re3Nv3IhrbyPomD2uW-Fwn8rcgYqBE9BU0kw-P731AZIw0BQAVjHCWACagNBSWxyIRwRhbABuQTuqhCrBBIb8vsOGLLyEgHb7NGqAgIAYwECDLuFzIc/ofertasv/?filter[tourOperator]=OASI&filter%5Bperson%5D=2&filter%5BchildAge%5D%5B1%5D=20201210&filter%5Bchild%5D=1"
"Pyramisa Beach Resort Sahl Hasheesh","8267.0","29.10.2026 - 05.11.2026","8 dni/7 nocy","","4.1","4.1","3567","tripadvisor","Warszawa","2026-09-07T00:04:05.667640+00:00","https://fly.pl/oferta/egipt-wczasy/?filter[dest]=11:&filter[hotelids]=&filter[cityids]=&filter[cregids]=&filter[ofrType]=&filter[addObjType]=&filter[whenFrom]=10-10-2026&filter[whenTo]=05-11-2026&filter[duration]=7:10&filter[from]=&filter[person]=2&filter[child]=1&filter[price]=0:11000&filter[PriceFrom]=0&filter[PriceTo]=11000&filter[addCategory]=50&filter[addCatering]=1&filter[addMisc]=0&filter[addTransport]=F&filter[fp]=1&order_by=ofr_price&filter[tourOperator]=0&filter[childAge][1]=20201210","https://fly.pl/cdn/photo/assets/uploads/582/278/2015/04/Pyramisa-Beach-Resort-Sahl-Hasheesh.jpg","https://fly.pl/wycieczka/egipt,hurghada,sahl-hasheesh/dessole-pyramisa-beach-resort-ex-pyramisa-beach-r/psS2soV9L7l9GhGHZmQGEJAAogpMtDExQSI_k7P3_xIf9CbxLqCxxQb8S86Hh0k4aD-ioqBE9SRVgw-P731AZIy0BQQVjfCWACagZFSC4yLjFyNZsBFQcXAFwDWAVWAhE1QJUGXZsPTyRT0p0BUgBer09L7UNhAEzljDoguP2XCQ0AAhJjAQILIdN9Cw/ofertasv/?filter[tourOperator]=OREX&filter%5Bperson%5D=2&filter%5BchildAge%5D%5B1%5D=20201210&filter%5Bchild%5D=1"
"Pickalbatros Golf Beach Resort","8277.0","28.10.2026 - 04.11.2026","9 dni/7 nocy","","4.5","4.5","317","tripadvisor","Gdańsk","2026-09-07T00:04:05.667640+00:00","https://fly.pl/oferta/egipt-wczasy/?filter[dest]=11:&filter[hotelids]=&filter[cityids]=&filter[cregids]=&filter[ofrType]=&filter[addObjType]=&filter[whenFrom]=10-10-2026&filter[whenTo]=05-11-2026&filter[duration]=7:10&filter[from]=&filter[person]=2&filter[child]=1&filter[price]=0:11000&filter[PriceFrom]=0&filter[PriceTo]=11000&filter[addCategory]=50&filter[addCatering]=1&filter[addMisc]=0&filter[addTransport]=F&filter[fp]=1&order_by=ofr_price&filter[tourOperator]=0&filter[childAge][1]=20201210","https://fly.pl/cdn/photo/assets/uploads/582/278/2014/07/Golf-Beach-Resort-Managed-by-Rixos.jpg","https://fly.pl/wycieczka/egipt,sharm-el-sheikh,c/maritim-jolie-ville-golf/pkGB_mli5FX8ibxPaAFbWiAAoghYYPjE1bw85S0IY3eOwrXXIhrbyPomD2uW-Fwn8rcgYqBE9BU0kw-P731AZI1UBQAVjHCWACagNBSWxyIRwR6q8BuQSJqxCrBBIbiYAPGN-AEwHekNOqAgIAYwECDOxVEyI/ofertasv/?filter[tourOperator]=OASI&filter%5Bperson%5D=2&filter%5BchildAge%5D%5B1%5D=20201210&filter%5Bchild%5D=1"
"Aurora Oriental Resort","8286.0","28.10.2026 - 05.11.2026","9 dni/8 nocy","","4.4","4.4","7190","tripadvisor","Katowice","2026-09-07T00:04:05.667640+00:00","https://fly.pl/oferta/egipt-wczasy/?filter[dest]=11:&filter[hotelids]=&filter[cityids]=&filter[cregids]=&filter[ofrType]=&filter[addObjType]=&filter[whenFrom]=10-10-2026&filter[whenTo]=05-11-2026&filter[duration]=7:10&filter[from]=&filter[person]=2&filter[child]=1&filter[price]=0:11000&filter[PriceFrom]=0&filter[PriceTo]=11000&filter[addCategory]=50&filter[addCatering]=1&filter[addMisc]=0&filter[addTransport]=F&filter[fp]=1&order_by=ofr_price&filter[tourOperator]=0&filter[childAge][1]=20201210","https://fly.pl/cdn/photo/assets/uploads/582/278/2014/07/Aurora-Oriental-Resort.jpg","https://fly.pl/wycieczka/egipt,sharm-el-sheikh,szarm-el-szejk/oriental-resort/pHcCuojvdhnPn1AcDYZn8oAAogenBcIr9jiZcReoKfzr7sZTZryUzwBl2_SNj0C1jABO4qBEpPSVAw-P731AZI3kBQQVjHCWACagMxMnFyQpsBFAEVBhcBXAJYBVYCQMoGT-IBXQAR4cYBS9YDYQBepzBSpiBTAEyssDoNt_2XCSABAavf3Ki1yMygMAINYwEADLcQi6A/ofertasv/?filter[tourOperator]=JOIP&filter%5Bperson%5D=2&filter%5BchildAge%5D%5B1%5D=20201210&filter%5Bchild%5D=1"
"Dreams Vacation Sharm Resort","8287.0","13.10.2026 - 20.10.2026","8 dni/7 nocy","","3.8","3.8","1165","tripadvisor","Katowice","2026-09-07T00:04:05.667640+00:00","https://fly.pl/oferta/egipt-wczasy/?filter[dest]=11:&filter[hotelids]=&filter[cityids]=&filter[cregids]=&filter[ofrType]=&filter[addObjType]=&filter[whenFrom]=10-10-2026&filter[whenTo]=05-11-2026&filter[duration]=7:10&filter[from]=&filter[person]=2&filter[child]=1&filter[price]=0:11000&filter[PriceFrom]=0&filter[PriceTo]=11000&filter[addCategory]=50&filter[addCatering]=1&filter[addMisc]=0&filter[addTransport]=F&filter[fp]=1&order_by=ofr_price&filter[tourOperator]=0&filter[childAge][1]=20201210","https://fly.pl/cdn/photo/assets/uploads/582/278/2014/07/Dreams-Vacation-fly-pl.jpg","https://fly.pl/wycieczka/egipt,sharm-el-sheikh,szarm-el-szejk/dreams-vacation/pIhAy9ANObJLBkF1tFuiEHAAogF5_sMG2MTXoXa6YjBlH1PTZPnluiPTRbLKmNIwYEcH4qBEVYSU0w-P731AZI30BQAVjfBmACagJBSXIhHBGcuwa5BNiFPqsEGxv2iTAY6_c2AezC75QJAgBjAQILxNTh9A/ofertasv/?filter[tourOperator]=EXIM&filter%5Bperson%5D=2&filter%5BchildAge%5D%5B1%5D=20201210&filter%5Bchild%5D=1"
"Siva Golden Bay Makadi","8297.0","18.10.2026 - 25.10.2026","8 dni/7 nocy","","4.6","4.6","854","tripadvisor","Katowice","2026-09-07T00:04:05.667640+00:00","https://fly.pl/oferta/egipt-wczasy/?filter[dest]=11:&filter[hotelids]=&filter[cityids]=&filter[cregids]=&filter[ofrType]=&filter[addObjType]=&filter[whenFrom]=10-10-2026&filter[whenTo]=05-11-2026&filter[duration]=7:10&filter[from]=&filter[person]=2&filter[child]=1&filter[price]=0:11000&filter[PriceFrom]=0&filter[PriceTo]=11000&filter[addCategory]=50&filter[addCatering]=1&filter[addMisc]=0&filter[addTransport]=F&filter[fp]=1&order_by=ofr_price&filter[tourOperator]=0&filter[childAge][1]=20201210","https://fly.pl/cdn/photo/assets/uploads/582/278/2024/07/siva-golden-bay-makadi.jpg","https://fly.pl/wycieczka/egipt,hurghada,makadi-bay/siva-golden-bay-makadi-10/pn_x-phTcw6IQXB3Djz1rnAAogFoGYsZndrVkT9VyNNUGAMdxyXMZrTxlhX5xZupZbN-sqBEVYSU0w-P731AZI6UBQAVjXB2ACagJBSXIhHBHGuwa5BPGCPqsEHBvC4i8Yptk2AayStYsJAgBjAQIHYKhHBw/ofertasv/?filter[tourOperator]=EXIM&filter%5Bperson%5D=2&filter%5BchildAge%5D%5B1%5D=20201210&filter%5Bchild%5D=1"
"Swiss Inn Resort Hurghada (ex. Hilton Hurghada Resort)","8309.0","27.10.2026 - 03.11.2026","9 dni/7 nocy","","4.5","4.5","1875","tripadvisor","Warszawa - Modlin","2026-09-07T00:04:05.667640+00:00","https://fly.pl/oferta/egipt-wczasy/?filter[dest]=11:&filter[hotelids]=&filter[cityids]=&filter[cregids]=&filter[ofrType]=&filter[addObjType]=&filter[whenFrom]=10-10-2026&filter[whenTo]=05-11-2026&filter[duration]=7:10&filter[from]=&filter[person]=2&filter[child]=1&filter[price]=0:11000&filter[PriceFrom]=0&filter[PriceTo]=11000&filter[addCategory]=50&filter[addCatering]=1&filter[addMisc]=0&filter[addTransport]=F&filter[fp]=1&order_by=ofr_price&filter[tourOperator]=0&filter[childAge][1]=20201210","https://fly.pl/cdn/photo/assets/uploads/582/278/2014/07/Swiss-Inn-Resort-Hurghada.jpg","https://fly.pl/wycieczka/egipt,hurghada,c/hilton-resort/pO5Fd9nxYGFNthg2lRB7RYAAogH_aOMNR5UxSWQO-UvMdh4X-RivCO5fCdWQwfiBpU-nUqBE9BU0kw-P731AZI9UBQAVivCWACagNBSWxyIBwRvHarBLCoELkEQBunzQ0YoewSAZGwtJkCAgBjAQIGPVmQvg/ofertasv/?filter[tourOperator]=OASI&filter%5Bperson%5D=2&filter%5BchildAge%5D%5B1%5D=20201210&filter%5Bchild%5D=1"
"Calimera Blend Paradise Resort","8339.0","29.10.2026 - 05.11.2026","8 dni/7 nocy","","4.2","4.2","2324","tripadvisor","Warszawa","2026-09-07T00:04:05.667640+00:00","https://fly.pl/oferta/egipt-wczasy/?filter[dest]=11:&filter[hotelids]=&filter[cityids]=&filter[cregids]=&filter[ofrType]=&filter[addObjType]=&filter[whenFrom]=10-10-2026&filter[whenTo]=05-11-2026&filter[duration]=7:10&filter[from]=&filter[person]=2&filter[child]=1&filter[price]=0:11000&filter[PriceFrom]=0&filter[PriceTo]=11000&filter[addCategory]=50&filter[addCatering]=1&filter[addMisc]=0&filter[addTransport]=F&filter[fp]=1&order_by=ofr_price&filter[tourOperator]=0&filter[childAge][1]=20201210","https://fly.pl/cdn/photo/assets/uploads/582/278/2022/08/Calimera-Blend-Paradise.jpg","https://fly.pl/wycieczka/egipt,hurghada,c/calimera-blend-paradise-12/p7kUiY8ZgYlGx1DhggF_h2AAogK7r8cK-0x3HM01EJDq6GGxLqCxxQb8S86Hh0k4aD-ioqBE9SRVgw-P731AZIk0FQQVjfCWACagZENi4yLjFyNpsBFQcXAFwDWAVWAkDKBl2bD08kEbwKU5aTAVIAXq9PS-1DYQBM5Yw6ILj9lwkNAAISYwECDGvTv70/ofertasv/?filter[tourOperator]=OREX&filter%5Bperson%5D=2&filter%5BchildAge%5D%5B1%5D=20201210&filter%5Bchild%5D=1"
"Rehana Royal Beach Resort & Spa","8344.0","13.10.2026 - 20.10.2026","8 dni/7 nocy","","4.3","4.3","4670","tripadvisor","Katowice","2026-09-07T00:04:05.667640+00:00","https://fly.pl/oferta/egipt-wczasy/?filter[dest]=11:&filter[hotelids]=&filter[cityids]=&filter[cregids]=&filter[ofrType]=&filter[addObjType]=&filter[whenFrom]=10-10-2026&filter[whenTo]=05-11-2026&filter[duration]=7:10&filter[from]=&filter[person]=2&filter[child]=1&filter[price]=0:11000&filter[PriceFrom]=0&filter[PriceTo]=11000&filter[addCategory]=50&filter[addCatering]=1&filter[addMisc]=0&filter[addTransport]=F&filter[fp]=1&order_by=ofr_price&filter[tourOperator]=0&filter[childAge][1]=20201210","https://fly.pl/cdn/photo/assets/uploads/582/278/2016/11/Rehana-Royal-Beach-Resort-amp-Spa.jpg","https://fly.pl/wycieczka/egipt,sharm-el-sheikh,c/rehana-royal-beach-resort-spa/pSJCND73cHp48S-kiwOzlMAAogDH7tKRZnTfyoBCAh7xvifFATkd0Et3pHZ-B5Uah2j-0qBEpPSVAw-P731AZImEFQQVjfBmACagMwMHdyQpsBFAEVBhcAXANYBVYCQMoGT-IBXQAR88gBS8QBYQBepzBSpiBTAEyssDoNqP2XCSAAAbjN8JDDicygMAINYwEADEafEFg/ofertasv/?filter[tourOperator]=JOIP&filter%5Bperson%5D=2&filter%5BchildAge%5D%5B1%5D=20201210&filter%5Bchild%5D=1"
"Radisson Individuals Marina Port Ghalib (ex. Sunrise Marina Resort)","8396.0","25.10.2026 - 01.11.2026","8 dni/7 nocy","","4.6","4.6","3563","tripadvisor","Zielona Góra","2026-09-07T00:04:05.667640+00:00","https://fly.pl/oferta/egipt-wczasy/?filter[dest]=11:&filter[hotelids]=&filter[cityids]=&filter[cregids]=&filter[ofrType]=&filter[addObjType]=&filter[whenFrom]=10-10-2026&filter[whenTo]=05-11-2026&filter[duration]=7:10&filter[from]=&filter[person]=2&filter[child]=1&filter[price]=0:11000&filter[PriceFrom]=0&filter[PriceTo]=11000&filter[addCategory]=50&filter[addCatering]=1&filter[addMisc]=0&filter[addTransport]=F&filter[fp]=1&order_by=ofr_price&filter[tourOperator]=0&filter[childAge][1]=20201210","https://fly.pl/cdn/photo/assets/uploads/582/278/2015/04/RADISSON-INDIVIDUALS-MARINA.jpg","https://fly.pl/wycieczka/egipt,marsa-alam,port-ghalib/rehana-port-ghalib-resort/p_IfTsNcys-dsBziFQExZlAAog5ldB4OmrV98bqey45GqvJgAAAABkgwQAtrkEAAcAAQAqBFdFWlkw-P731AZIzEFQQVj_CGADaglFbnRlciBBaXJqBDA4NTVyQp4BlQEfAAIBHAAWBBcCE9YJGFoU5wQShjkRhh5A9xpLhzlQAEyvXU8AHY3vDyDSbBv2rAQN9bC9CQESYwEOYwECBkcihNQ/ofertasv/?filter[tourOperator]=WEZY&filter%5Bperson%5D=2&filter%5BchildAge%5D%5B1%5D=20201210&filter%5Bchild%5D=1"
"Naama Bay Hotel & Resort","8414.0","13.10.2026 - 20.10.2026","8 dni/7 nocy","","4.4","4.4","4857","tripadvisor","Katowice","2026-09-07T00:04:05.667640+00:00","https://fly.pl/oferta/egipt-wczasy/?filter[dest]=11:&filter[hotelids]=&filter[cityids]=&filter[cregids]=&filter[ofrType]=&filter[addObjType]=&filter[whenFrom]=10-10-2026&filter[whenTo]=05-11-2026&filter[duration]=7:10&filter[from]=&filter[person]=2&filter[child]=1&filter[price]=0:11000&filter[PriceFrom]=0&filter[PriceTo]=11000&filter[addCategory]=50&filter[addCatering]=1&filter[addMisc]=0&filter[addTransport]=F&filter[fp]=1&order_by=ofr_price&filter[tourOperator]=0&filter[childAge][1]=20201210","https://fly.pl/cdn/photo/assets/uploads/582/278/2014/07/Naama-Bay.jpg","https://fly.pl/wycieczka/egipt,sharm-el-sheikh,c/tropitel-naama-bay/pI26WJJ2IypORqk8Ccz5aAAAogYAzhFM3NUdoDhjgtG8x4aFATkd0Et3pHZ-B5Uah2j-0qBEpPSVAw-P731AZI3kFQQVjfBmACagNDR21yQpsBFAEVBhcAXANYBVYCQMoGT-IBXQARrcYBS4oEYQBepzBSpiBTAEyssDoNqP2XCSAAAaHh9L-DicygMAINYwEACwJGobk/ofertasv/?filter[tourOperator]=JOIP&filter%5Bperson%5D=2&filter%5BchildAge%5D%5B1%5D=20201210&filter%5Bchild%5D=1"
"Concorde El Salam Sport","8417.0","28.10.2026 - 04.11.2026","9 dni/7 nocy","","4.8","4.8","1477","tripadvisor","Gdańsk","2026-09-07T00:04:05.667640+00:00","https://fly.pl/oferta/egipt-wczasy/?filter[dest]=11:&filter[hotelids]=&filter[cityids]=&filter[cregids]=&filter[ofrType]=&filter[addObjType]=&filter[whenFrom]=10-10-2026&filter[whenTo]=05-11-2026&filter[duration]=7:10&filter[from]=&filter[person]=2&filter[child]=1&filter[price]=0:11000&filter[PriceFrom]=0&filter[PriceTo]=11000&filter[addCategory]=50&filter[addCatering]=1&filter[addMisc]=0&filter[addTransport]=F&filter[fp]=1&order_by=ofr_price&filter[tourOperator]=0&filter[childAge][1]=20201210","https://fly.pl/cdn/photo/assets/uploads/582/278/2024/07/concorde-el-salam-sport.jpg","https://fly.pl/wycieczka/egipt,sharm-el-sheikh,szarm-el-szejk/concorde-el-salam-sport-15/pKM1MgvDZEXlpGfDLtB7guAAog-xjyYLmQUxwR7ojpSi-zgnIhrbyPomD2uW-Fwn8rcgYqBE9BU0kw-P731AZI4UFQAVjHCWACagNBSWxyIRwR-q8BuQT5qhCrBBIb79sOGPKcEgH5n4WqAgICYwECC2mEaQg/ofertasv/?filter[tourOperator]=OASI&filter%5Bperson%5D=2&filter%5BchildAge%5D%5B1%5D=20201210&filter%5Bchild%5D=1"
"Retac Qunay Dahab Resort & Spa","8439.0","13.10.2026 - 20.10.2026","8 dni/7 nocy","","4.3","4.3","1707","tripadvisor","Katowice","2026-09-07T00:04:05.667640+00:00","https://fly.pl/oferta/egipt-wczasy/?filter[dest]=11:&filter[hotelids]=&filter[cityids]=&filter[cregids]=&filter[ofrType]=&filter[addObjType]=&filter[whenFrom]=10-10-2026&filter[whenTo]=05-11-2026&filter[duration]=7:10&filter[from]=&filter[person]=2&filter[child]=1&filter[price]=0:11000&filter[PriceFrom]=0&filter[PriceTo]=11000&filter[addCategory]=50&filter[addCatering]=1&filter[addMisc]=0&filter[addTransport]=F&filter[fp]=1&order_by=ofr_price&filter[tourOperator]=0&filter[childAge][1]=20201210","https://fly.pl/cdn/photo/assets/uploads/582/278/2014/09/Retac-Qunay-Dahab.jpg","https://fly.pl/wycieczka/egipt,dahab,c/le-meridien-dahab-bay/pALfc1E_60bmmX6r8sILsJAAogaYjHUiP2my3qB9g9uPSD41ATkd0Et3pHZ-B5Uah2j-0qBEpPSVAw-P731AZI90FQQVjfBmACagNDR21yQpsBFAEVBhcAXANYBVYCQMoGT-IBXQBLt8oBYQAR9gZesSlSpiBTAEyssDoNqP2XCSAAAcGTsKDEicygMAINYwEAC7no0tA/ofertasv/?filter[tourOperator]=JOIP&filter%5Bperson%5D=2&filter%5BchildAge%5D%5B1%5D=20201210&filter%5Bchild%5D=1"
"Pickalbatros Laguna Club Resort","8469.0","28.10.2026 - 04.11.2026","9 dni/7 nocy","","4.9","4.9","672","tripadvisor","Gdańsk","2026-09-07T00:04:05.667640+00:00","https://fly.pl/oferta/egipt-wczasy/?filter[dest]=11:&filter[hotelids]=&filter[cityids]=&filter[cregids]=&filter[ofrType]=&filter[addObjType]=&filter[whenFrom]=10-10-2026&filter[whenTo]=05-11-2026&filter[duration]=7:10&filter[from]=&filter[person]=2&filter[child]=1&filter[price]=0:11000&filter[PriceFrom]=0&filter[PriceTo]=11000&filter[addCategory]=50&filter[addCatering]=1&filter[addMisc]=0&filter[addTransport]=F&filter[fp]=1&order_by=ofr_price&filter[tourOperator]=0&filter[childAge][1]=20201210","https://fly.pl/cdn/photo/assets/uploads/582/278/2023/09/Albatros-Laguna-Club-Resor.jpg","https://fly.pl/wycieczka/egipt,sharm-el-sheikh,szarm-el-szejk/albatros-laguna-club-resort-14/pRNx0QW4cR9bTjme1SrsjvAAogsZtIz5QT8hN8McaPbBNqkKu3NSZzm0PuyXGyBe07ojIqBEJWUFIw-P731AZIlUJQAVjHCWACag1BbGwgaW5jbHVzaXZlciAcEfw7G7jcBhjsnA-5BJ3zFasEKwGv4_H5AQIAYwEEDDBN4I0/ofertasv/?filter[tourOperator]=BVPR&filter%5Bperson%5D=2&filter%5BchildAge%5D%5B1%5D=20201210&filter%5Bchild%5D=1"
"Stella Gardens Resort & Spa (ex Stella Di Mare Gardens)","8473.0","14.10.2026 - 21.10.2026","8 dni/7 nocy","","4.5","4.5","2755","tripadvisor","Katowice","2026-09-07T00:04:05.667640+00:00","https://fly.pl/oferta/egipt-wczasy/?filter[dest]=11:&filter[hotelids]=&filter[cityids]=&filter[cregids]=&filter[ofrType]=&filter[addObjType]=&filter[whenFrom]=10-10-2026&filter[whenTo]=05-11-2026&filter[duration]=7:10&filter[from]=&filter[person]=2&filter[child]=1&filter[price]=0:11000&filter[PriceFrom]=0&filter[PriceTo]=11000&filter[addCategory]=50&filter[addCatering]=1&filter[addMisc]=0&filter[addTransport]=F&filter[fp]=1&order_by=ofr_price&filter[tourOperator]=0&filter[childAge][1]=20201210","https://fly.pl/cdn/photo/assets/uploads/582/278/2014/10/Stella-Di-Mare-Gardens-Resort-Spa.jpg","https://fly.pl/wycieczka/egipt,hurghada,makadi-bay/stella-makadi-garden/pEUdUPb1hWGP7KuXWjDK02AAog3b7o2x_OmWTihTvjnxAouNQ85krozDkw2BfFht7tPUIqBEpPSVAw-f731AZImUJQQVj3BmACagMwMEZyQpsBFAEVBhcAXANYBVYCQMoGT-IBXQBSr6sBUwBLiB9hABG-EV7pHkzS0DoNqf2XCSAAAbi7-LCzhsygMAIOYwEADdpRs88/ofertasv/?filter[tourOperator]=JOIP&filter%5Bperson%5D=2&filter%5BchildAge%5D%5B1%5D=20201210&filter%5Bchild%5D=1"
"Concorde Moreen Beach Resort & Spa","8483.0","29.10.2026 - 05.11.2026","8 dni/7 nocy","","4.5","4.5","5598","tripadvisor","Katowice","2026-09-07T00:04:05.667640+00:00","https://fly.pl/oferta/egipt-wczasy/?filter[dest]=11:&filter[hotelids]=&filter[cityids]=&filter[cregids]=&filter[ofrType]=&filter[addObjType]=&filter[whenFrom]=10-10-2026&filter[whenTo]=05-11-2026&filter[duration]=7:10&filter[from]=&filter[person]=2&filter[child]=1&filter[price]=0:11000&filter[PriceFrom]=0&filter[PriceTo]=11000&filter[addCategory]=50&filter[addCatering]=1&filter[addMisc]=0&filter[addTransport]=F&filter[fp]=1&order_by=ofr_price&filter[tourOperator]=0&filter[childAge][1]=20201210","https://fly.pl/cdn/photo/assets/uploads/582/278/2014/07/Concorde-Moreen-Beach-Resort-Spa-fly-pl.jpg","https://fly.pl/wycieczka/egipt,marsa-alam,c/concorde-moreen-beach-spa-resort/pxGRpo6BElGJc_KqtfQrC4AAogRv_RICAUWApNhZrT6PeqL8f7aOogEcfP-IyfG5F-ZlYqBE9SRVgw-f731AZIo0JQQVjfCWACagZESS4yLjFyNpsBFQcXAFwDWAVWAkDKBhHuDV3FNE8kS8KJAWEAXqcwUrwUUwBMlrw6Dbj9lwkgAAISYwECC7IWZA4/ofertasv/?filter[tourOperator]=OREX&filter%5Bperson%5D=2&filter%5BchildAge%5D%5B1%5D=20201210&filter%5Bchild%5D=1"
"Creek Hotel and Residences","8492.0","22.10.2026 - 29.10.2026","8 dni/7 nocy","","4.8","4.8","219","tripadvisor","Warszawa - Radom","2026-09-07T00:04:05.667640+00:00","https://fly.pl/oferta/egipt-wczasy/?filter[dest]=11:&filter[hotelids]=&filter[cityids]=&filter[cregids]=&filter[ofrType]=&filter[addObjType]=&filter[whenFrom]=10-10-2026&filter[whenTo]=05-11-2026&filter[duration]=7:10&filter[from]=&filter[person]=2&filter[child]=1&filter[price]=0:11000&filter[PriceFrom]=0&filter[PriceTo]=11000&filter[addCategory]=50&filter[addCatering]=1&filter[addMisc]=0&filter[addTransport]=F&filter[fp]=1&order_by=ofr_price&filter[tourOperator]=0&filter[childAge][1]=20201210","https://fly.pl/cdn/photo/assets/uploads/582/278/2024/07/creek-hotel-residences.jpg","https://fly.pl/wycieczka/egipt,hurghada,al-dzuna/creek-hotel-residences-9/pvb3vhLAH8oI7Ije7nGn0YAAogQIxuNaKCn6l5hB_Z_qyL-yWlkVtJMYzcX-uCortsPpUqBE9SRVgw-f731AZIrEJQQVi3CGACagdNMkUuMi4xcjabARUHFwBcA1gFVgJAygZd0w5PbBGCB1PQlgFSAF6vT0uBEmEATNG-OiCx_ZcJDQACEmMBAgsKU_9N/ofertasv/?filter[tourOperator]=OREX&filter%5Bperson%5D=2&filter%5BchildAge%5D%5B1%5D=20201210&filter%5Bchild%5D=1"
"Casa Mare Resort (ex. Royal Tulip Beach Resort)","8497.0","13.10.2026 - 20.10.2026","8 dni/7 nocy","","4.7","4.7","4700","tripadvisor","Katowice","2026-09-07T00:04:05.667640+00:00","https://fly.pl/oferta/egipt-wczasy/?filter[dest]=11:&filter[hotelids]=&filter[cityids]=&filter[cregids]=&filter[ofrType]=&filter[addObjType]=&filter[whenFrom]=10-10-2026&filter[whenTo]=05-11-2026&filter[duration]=7:10&filter[from]=&filter[person]=2&filter[child]=1&filter[price]=0:11000&filter[PriceFrom]=0&filter[PriceTo]=11000&filter[addCategory]=50&filter[addCatering]=1&filter[addMisc]=0&filter[addTransport]=F&filter[fp]=1&order_by=ofr_price&filter[tourOperator]=0&filter[childAge][1]=20201210","https://fly.pl/cdn/photo/assets/uploads/582/278/2015/12/Casa-Mare-Resort.jpg","https://fly.pl/wycieczka/egipt,marsa-alam,c/royal-tulip-beach-resort/ps4MKQiNn412Gv8ZFIymxfAAogqLMKkhlpYrsElTDzcFdAVKoR_jwTffqZUh0jxOIAIa8qBFZJVFgw-f731AZIsUJQQVjfBmACckAaABUHFwBcA1gFQI8DW5eFAWG_SksAXqcwUrwUUwBMoOQ5DZ7VmAkgAF2p65HsqAFPlNqZijdR3dcZAg5jAQIN4XFPvg/ofertasv/?filter[tourOperator]=VITX&filter%5Bperson%5D=2&filter%5BchildAge%5D%5B1%5D=20201210&filter%5Bchild%5D=1"
"Jaz Neo Naama Bay","8540.0","24.10.2026 - 31.10.2026","8 dni/7 nocy","","4.7","4.7","4826","tripadvisor","Warszawa","2026-09-07T00:04:05.667640+00:00","https://fly.pl/oferta/egipt-wczasy/?filter[dest]=11:&filter[hotelids]=&filter[cityids]=&filter[cregids]=&filter[ofrType]=&filter[addObjType]=&filter[whenFrom]=10-10-2026&filter[whenTo]=05-11-2026&filter[duration]=7:10&filter[from]=&filter[person]=2&filter[child]=1&filter[price]=0:11000&filter[PriceFrom]=0&filter[PriceTo]=11000&filter[addCategory]=50&filter[addCatering]=1&filter[addMisc]=0&filter[addTransport]=F&filter[fp]=1&order_by=ofr_price&filter[tourOperator]=0&filter[childAge][1]=20201210","https://fly.pl/cdn/photo/assets/uploads/582/278/2014/10/Sol-Y-Mar-Naama-Bay.jpg","https://fly.pl/wycieczka/egipt,sharm-el-sheikh,c/sol-y-mar-naama-bay/ppehNEiF5APc40nILwmborAAoggym6YnPjYGJ5zhspmCUMOgAAAACbhAQAuIQEAAcAEgAqBFdFWlkw-f731AZI3EJQQVjnCGADaglFbnRlciBBaXJqBDA4MDByQ54BlQEfAAIBHAAWBBcCEu0DGKEEE7ECFMkEEbgPQNpiTKCiAU8AS8cjUAAb3_QJHbTNBSAdDejHwgkBEmMBDWMBAwXFrAs9/ofertasv/?filter[tourOperator]=WEZY&filter%5Bperson%5D=2&filter%5BchildAge%5D%5B1%5D=20201210&filter%5Bchild%5D=1"
"Parrotel Beach Resort (ex. Radisson Blu)","8550.0","13.10.2026 - 20.10.2026","8 dni/7 nocy","","4.4","4.4","6991","tripadvisor","Katowice","2026-09-07T00:04:05.667640+00:00","https://fly.pl/oferta/egipt-wczasy/?filter[dest]=11:&filter[hotelids]=&filter[cityids]=&filter[cregids]=&filter[ofrType]=&filter[addObjType]=&filter[whenFrom]=10-10-2026&filter[whenTo]=05-11-2026&filter[duration]=7:10&filter[from]=&filter[person]=2&filter[child]=1&filter[price]=0:11000&filter[PriceFrom]=0&filter[PriceTo]=11000&filter[addCategory]=50&filter[addCatering]=1&filter[addMisc]=0&filter[addTransport]=F&filter[fp]=1&order_by=ofr_price&filter[tourOperator]=0&filter[childAge][1]=20201210","https://fly.pl/cdn/photo/assets/uploads/582/278/2014/07/Parrotel-Beach-Resort.jpg","https://fly.pl/wycieczka/egipt,sharm-el-sheikh,c/radisson-blu-resort-sharm-el-sheikh/pVA_4tkkgeGHV4IemJbufoAAogSBPBQ7vP2oTb-cWJBFOPCVATkd0Et3pHZ-B5Uah2j-0qBEpPSVAw-f731AZI5kJQQVjfBmACagNDR21yQpsBFAEVBhcAXANYBVYCQMoGT-IBXQARoccBS5YDYQBepzBSpiBTAEyssDoNqP2XCSAAAbrX-K-jicygMAIOYwEADSXzg1E/ofertasv/?filter[tourOperator]=JOIP&filter%5Bperson%5D=2&filter%5BchildAge%5D%5B1%5D=20201210&filter%5Bchild%5D=1"
"Amarina Sun Resort & Aqua Park (ex. Raouf Sun International Aqua Park & SPA)","8568.0","13.10.2026 - 20.10.2026","8 dni/7 nocy","","3.8","3.8","325","tripadvisor","Katowice","2026-09-07T00:04:05.667640+00:00","https://fly.pl/oferta/egipt-wczasy/?filter[dest]=11:&filter[hotelids]=&filter[cityids]=&filter[cregids]=&filter[ofrType]=&filter[addObjType]=&filter[whenFrom]=10-10-2026&filter[whenTo]=05-11-2026&filter[duration]=7:10&filter[from]=&filter[person]=2&filter[child]=1&filter[price]=0:11000&filter[PriceFrom]=0&filter[PriceTo]=11000&filter[addCategory]=50&filter[addCatering]=1&filter[addMisc]=0&filter[addTransport]=F&filter[fp]=1&order_by=ofr_price&filter[tourOperator]=0&filter[childAge][1]=20201210","https://fly.pl/cdn/photo/assets/uploads/582/278/2024/07/raouf-sun-international-aqua-park-spa.jpg","https://fly.pl/wycieczka/egipt,sharm-el-sheikh,szarm-el-szejk/raouf-international-aqua-park-spa-14/pLYzi50v5OLegbEjcsLFv8AAogDMzrR9iJSSW0yhRwXrgWA1ATkd0Et3pHZ-B5Uah2j-0qBEpPSVAw-f731AZI-EJQQVjfBmACagMxMm9yQ5sBFAEVBhcAXANYBVYCQMoGT-IBXQBLt8oBYQBepzBSpiBTABGWrAFMloQ5Daj9lwkgAAG8ybywtInMoDACDWMBAAz4NzDr/ofertasv/?filter[tourOperator]=JOIP&filter%5Bperson%5D=2&filter%5BchildAge%5D%5B1%5D=20201210&filter%5Bchild%5D=1"
"Golf Villas And Suites Sharm","8573.0","28.10.2026 - 04.11.2026","9 dni/7 nocy","","4.8","4.8","356","tripadvisor","Gdańsk","2026-09-07T00:04:05.667640+00:00","https://fly.pl/oferta/egipt-wczasy/?filter[dest]=11:&filter[hotelids]=&filter[cityids]=&filter[cregids]=&filter[ofrType]=&filter[addObjType]=&filter[whenFrom]=10-10-2026&filter[whenTo]=05-11-2026&filter[duration]=7:10&filter[from]=&filter[person]=2&filter[child]=1&filter[price]=0:11000&filter[PriceFrom]=0&filter[PriceTo]=11000&filter[addCategory]=50&filter[addCatering]=1&filter[addMisc]=0&filter[addTransport]=F&filter[fp]=1&order_by=ofr_price&filter[tourOperator]=0&filter[childAge][1]=20201210","https://fly.pl/cdn/photo/assets/uploads/582/278/2014/07/Maritim-Jolie-Ville-Royal-Peninsula-fly-pl.jpg","https://fly.pl/wycieczka/egipt,sharm-el-sheikh,c/maritim-jolie-ville-royal-peninsula/pMz8JkpMNbFfN5KddiRH7wAAogpzidkRvKJtB-R2CTz6b2XXIhrbyPomD2uW-Fwn8rcgYqBE9BU0kw-f731AZI_UJQAVjHCWACagNBSWxyIRwR7q8BuQSFqxCrBBIb1v8OGJOAEwHmpdKqAgIAYwECDLauSxs/ofertasv/?filter[tourOperator]=OASI&filter%5Bperson%5D=2&filter%5BchildAge%5D%5B1%5D=20201210&filter%5Bchild%5D=1"
"Jasmine Palace","8577.0","17.10.2026 - 25.10.2026","9 dni/7 nocy","","4.1","4.1","7704","tripadvisor","Katowice","2026-09-07T00:04:05.667640+00:00","https://fly.pl/oferta/egipt-wczasy/?filter[dest]=11:&filter[hotelids]=&filter[cityids]=&filter[cregids]=&filter[ofrType]=&filter[addObjType]=&filter[whenFrom]=10-10-2026&filter[whenTo]=05-11-2026&filter[duration]=7:10&filter[from]=&filter[person]=2&filter[child]=1&filter[price]=0:11000&filter[PriceFrom]=0&filter[PriceTo]=11000&filter[addCategory]=50&filter[addCatering]=1&filter[addMisc]=0&filter[addTransport]=F&filter[fp]=1&order_by=ofr_price&filter[tourOperator]=0&filter[childAge][1]=20201210","https://fly.pl/cdn/photo/assets/uploads/582/278/2014/07/Jasmine-Palace.jpg","https://fly.pl/wycieczka/egipt,hurghada,c/jasmine-palace/p8xqNQTibCPFPCzq3sXxBWAAogQrCXpif4vW2BBNZkzNsHaMzJNrLF3lciJ3YfzM4E2MIqBEVDQ1gw-f731AZIgUNQAVi_B2ACagJBSXIgHBG5UbkEmokWqwQbGOfbLRvEqEIBktqL-gECAGMBAgvRW2PI/ofertasv/?filter[tourOperator]=ECCX&filter%5Bperson%5D=2&filter%5BchildAge%5D%5B1%5D=20201210&filter%5Bchild%5D=1"
"Domina Coral Bay Aquamarine","8588.0","25.10.2026 - 01.11.2026","8 dni/7 nocy","","4.2","4.2","12412","tripadvisor","Katowice","2026-09-07T00:04:05.667640+00:00","https://fly.pl/oferta/egipt-wczasy/?filter[dest]=11:&filter[hotelids]=&filter[cityids]=&filter[cregids]=&filter[ofrType]=&filter[addObjType]=&filter[whenFrom]=10-10-2026&filter[whenTo]=05-11-2026&filter[duration]=7:10&filter[from]=&filter[person]=2&filter[child]=1&filter[price]=0:11000&filter[PriceFrom]=0&filter[PriceTo]=11000&filter[addCategory]=50&filter[addCatering]=1&filter[addMisc]=0&filter[addTransport]=F&filter[fp]=1&order_by=ofr_price&filter[tourOperator]=0&filter[childAge][1]=20201210","https://fly.pl/cdn/photo/assets/uploads/582/278/2014/07/Domina-Coral-Bay-Aquamarine.jpg","https://fly.pl/wycieczka/egipt,sharm-el-sheikh,c/domina-coral-bay-aquamarine/pzY40_X4lLO8Pl8Nk-u-8lAAogvNP_iNpI5solrOOYWeIt__-8lKSM_XY3X6eU8q1GIdEqBE9BU0kw-f731AZIjENQAVj_CGACagNBSWxyIRwRoq8BqwT1qxC5BCsbzK4NGK_aEgGf64qpAgIAYwECDNSPE0s/ofertasv/?filter[tourOperator]=OASI&filter%5Bperson%5D=2&filter%5BchildAge%5D%5B1%5D=20201210&filter%5Bchild%5D=1"
"Bellagio Beach Resort & Spa (ex. Panorama Bungalows Hurghada)","8603.0","27.10.2026 - 03.11.2026","9 dni/7 nocy","","4.3","4.3","4466","tripadvisor","Warszawa - Modlin","2026-09-07T00:04:05.667640+00:00","https://fly.pl/oferta/egipt-wczasy/?filter[dest]=11:&filter[hotelids]=&filter[cityids]=&filter[cregids]=&filter[ofrType]=&filter[addObjType]=&filter[whenFrom]=10-10-2026&filter[whenTo]=05-11-2026&filter[duration]=7:10&filter[from]=&filter[person]=2&filter[child]=1&filter[price]=0:11000&filter[PriceFrom]=0&filter[PriceTo]=11000&filter[addCategory]=50&filter[addCatering]=1&filter[addMisc]=0&filter[addTransport]=F&filter[fp]=1&order_by=ofr_price&filter[tourOperator]=0&filter[childAge][1]=20201210","https://fly.pl/cdn/photo/assets/uploads/582/278/2014/07/Bellagio-Beach-Resort-Spa.jpg","https://fly.pl/wycieczka/egipt,hurghada,c/panorama-bungalow-resort/pF9LUvdR-OJbZKvjdmTPJqAAogoK4a5Uw56w1MYlVlKRL723-RivCO5fCdWQwfiBpU-nUqBE9BU0kw-f731AZIm0NQAVivCWACagNBSWxyIBwR7narBP6nELkEQBuMqg4Yy4ASAfHznZkCAgBjAQIN0wJ5DA/ofertasv/?filter[tourOperator]=OASI&filter%5Bperson%5D=2&filter%5BchildAge%5D%5B1%5D=20201210&filter%5Bchild%5D=1"
"Monte Carlo Resort Spa","8623.0","28.10.2026 - 04.11.2026","9 dni/7 nocy","","4.4","4.4","2434","tripadvisor","Gdańsk","2026-09-07T00:04:05.667640+00:00","https://fly.pl/oferta/egipt-wczasy/?filter[dest]=11:&filter[hotelids]=&filter[cityids]=&filter[cregids]=&filter[ofrType]=&filter[addObjType]=&filter[whenFrom]=10-10-2026&filter[whenTo]=05-11-2026&filter[duration]=7:10&filter[from]=&filter[person]=2&filter[child]=1&filter[price]=0:11000&filter[PriceFrom]=0&filter[PriceTo]=11000&filter[addCategory]=50&filter[addCatering]=1&filter[addMisc]=0&filter[addTransport]=F&filter[fp]=1&order_by=ofr_price&filter[tourOperator]=0&filter[childAge][1]=20201210","https://fly.pl/cdn/photo/assets/uploads/582/278/2014/09/Monte-Carlo-Sharm-Resort-Spa.jpg","https://fly.pl/wycieczka/egipt,sharm-el-sheikh,c/monte-carlo-ex-ritz-carlton/p_R-u3roYPnFjF6pOba_jlAAog9CaDAQaZges2lSyAmBgsZHIhrbyPomD2uW-Fwn8rcgYqBE9BU0kw-f731AZIr0NQAVjHCWACagNBSStyIRwRpa8BuQTOqxCrBBIbi60NGKbgEgHT1ZGpAgIAYwECC1_uivM/ofertasv/?filter[tourOperator]=OASI&filter%5Bperson%5D=2&filter%5BchildAge%5D%5B1%5D=20201210&filter%5Bchild%5D=1"
"Serenity Alma Heights (ex. Serenity Fun City)","8631.0","22.10.2026 - 29.10.2026","8 dni/7 nocy","","4.7","4.7","5509","tripadvisor","Warszawa - Radom","2026-09-07T00:04:05.667640+00:00","https://fly.pl/oferta/egipt-wczasy/?filter[dest]=11:&filter[hotelids]=&filter[cityids]=&filter[cregids]=&filter[ofrType]=&filter[addObjType]=&filter[whenFrom]=10-10-2026&filter[whenTo]=05-11-2026&filter[duration]=7:10&filter[from]=&filter[person]=2&filter[child]=1&filter[price]=0:11000&filter[PriceFrom]=0&filter[PriceTo]=11000&filter[addCategory]=50&filter[addCatering]=1&filter[addMisc]=0&filter[addTransport]=F&filter[fp]=1&order_by=ofr_price&filter[tourOperator]=0&filter[childAge][1]=20201210","https://fly.pl/cdn/photo/assets/uploads/582/278/2014/09/Serenity-Alma-Heights.jpg","https://fly.pl/wycieczka/egipt,hurghada,makadi-bay/serenity-fun-city/pMcNUWhClNf1XStQOlHV45AAogkv4rQTbswpKD4g-FYe-hIyWlkVtJMYzcX-uCortsPpUqBE9SRVgw-f731AZIt0NQQVi3CGACagZFQy4yLjFyNZsBFQcXAFgIVgJcCBFEQP4FXdMOT2xT0p0BUgBer09LgRJhAEzRvjogsf2XCQ0AAhJjAQIMS63V9g/ofertasv/?filter[tourOperator]=OREX&filter%5Bperson%5D=2&filter%5BchildAge%5D%5B1%5D=20201210&filter%5Bchild%5D=1"
"Swissotel Resort El Quseir","8636.0","21.10.2026 - 28.10.2026","8 dni/7 nocy","","4.4","4.4","3131","tripadvisor","Katowice","2026-09-07T00:04:05.667640+00:00","https://fly.pl/oferta/egipt-wczasy/?filter[dest]=11:&filter[hotelids]=&filter[cityids]=&filter[cregids]=&filter[ofrType]=&filter[addObjType]=&filter[whenFrom]=10-10-2026&filter[whenTo]=05-11-2026&filter[duration]=7:10&filter[from]=&filter[person]=2&filter[child]=1&filter[price]=0:11000&filter[PriceFrom]=0&filter[PriceTo]=11000&filter[addCategory]=50&filter[addCatering]=1&filter[addMisc]=0&filter[addTransport]=F&filter[fp]=1&order_by=ofr_price&filter[tourOperator]=0&filter[childAge][1]=20201210","https://fly.pl/cdn/photo/assets/uploads/582/278/2015/02/RADISSON-BLU-m.jpg","https://fly.pl/wycieczka/egipt,marsa-alam,al-kusajr/radisson-blu-resort-el-quseir/p1O4gDO47UQPyodKNxa1GUAAogUznc4aYMLrrNJL1bvwg8nKHYx8dHtHpw8fXuNNDPihYqBE9SRVgw-f731AZIvENQQVifCGACagZESS4yLjFyNpsBFQcXAFwDWAVWAkDKBhHtFV2WDk8kS_KnAWEAXqcwUrwUUwBMlrw6DbD9lwkgAAISYwECC-zzUxg/ofertasv/?filter[tourOperator]=OREX&filter%5Bperson%5D=2&filter%5BchildAge%5D%5B1%5D=20201210&filter%5Bchild%5D=1"
"Pickalbatros Sands Port Ghalib (ex. Red Sea Siva Sands)","8710.0","28.10.2026 - 04.11.2026","8 dni/7 nocy","","4.5","4.5","3436","tripadvisor","Warszawa - Modlin","2026-09-07T00:04:05.667640+00:00","https://fly.pl/oferta/egipt-wczasy/?filter[dest]=11:&filter[hotelids]=&filter[cityids]=&filter[cregids]=&filter[ofrType]=&filter[addObjType]=&filter[whenFrom]=10-10-2026&filter[whenTo]=05-11-2026&filter[duration]=7:10&filter[from]=&filter[person]=2&filter[child]=1&filter[price]=0:11000&filter[PriceFrom]=0&filter[PriceTo]=11000&filter[addCategory]=50&filter[addCatering]=1&filter[addMisc]=0&filter[addTransport]=F&filter[fp]=1&order_by=ofr_price&filter[tourOperator]=0&filter[childAge][1]=20201210","https://fly.pl/cdn/photo/assets/uploads/582/278/2014/07/PICKALBATROS-SANDS-PORT-GHALIB.jpg","https://fly.pl/wycieczka/egipt,marsa-alam,port-ghalib/crowne-plaza-sahara-sands-resort/pTgDvtNjSFt-uvIrn180dsAAogsR4ydqJ5NOev-6nOR_tMtE91RqsWD-Zqi5PHU8FUFQkqBEJWUFIw-f731AZIhkRQAVjHCWACag1BbGwgaW5jbHVzaXZlciAcEc83G9fQBhjVkg-rBMnNFbkEAQHOltX3AQIAYwECBb7IF1M/ofertasv/?filter[tourOperator]=BVPR&filter%5Bperson%5D=2&filter%5BchildAge%5D%5B1%5D=20201210&filter%5Bchild%5D=1"
"Jaz Aquaviva","8717.0","29.10.2026 - 05.11.2026","9 dni/7 nocy","","4.7","4.7","10804","tripadvisor","Wrocław","2026-09-07T00:04:05.667640+00:00","https://fly.pl/oferta/egipt-wczasy/?filter[dest]=11:&filter[hotelids]=&filter[cityids]=&filter[cregids]=&filter[ofrType]=&filter[addObjType]=&filter[whenFrom]=10-10-2026&filter[whenTo]=05-11-2026&filter[duration]=7:10&filter[from]=&filter[person]=2&filter[child]=1&filter[price]=0:11000&filter[PriceFrom]=0&filter[PriceTo]=11000&filter[addCategory]=50&filter[addCatering]=1&filter[addMisc]=0&filter[addTransport]=F&filter[fp]=1&order_by=ofr_price&filter[tourOperator]=0&filter[childAge][1]=20201210","https://fly.pl/cdn/photo/assets/uploads/582/278/2015/07/Jaz-Aquaviva.jpg","https://fly.pl/wycieczka/egipt,hurghada,makadi-bay/jaz-makadi-aquaviva/p4jXCzQ4_381zlZ-Juk2NgAAogHX4vXBqtHAc1JKEXu12uhMLTmCcaLBzG7MsO9giG0TQqBEVYSU0w-f731AZIjURQAVjfCWADagJBSXIkHBG7_wa5BOKnS6sEXRv7p0AY4dpHAdjagqwNARJjAQxjAQIL1DouSg/ofertasv/?filter[tourOperator]=EXIM&filter%5Bperson%5D=2&filter%5BchildAge%5D%5B1%5D=20201210&filter%5Bchild%5D=1"
"Dreams Beach Sharm Resort (Sharm El Sheikh)","8719.0","13.10.2026 - 20.10.2026","8 dni/7 nocy","","3.9","3.9","2645","tripadvisor","Katowice","2026-09-07T00:04:05.667640+00:00","https://fly.pl/oferta/egipt-wczasy/?filter[dest]=11:&filter[hotelids]=&filter[cityids]=&filter[cregids]=&filter[ofrType]=&filter[addObjType]=&filter[whenFrom]=10-10-2026&filter[whenTo]=05-11-2026&filter[duration]=7:10&filter[from]=&filter[person]=2&filter[child]=1&filter[price]=0:11000&filter[PriceFrom]=0&filter[PriceTo]=11000&filter[addCategory]=50&filter[addCatering]=1&filter[addMisc]=0&filter[addTransport]=F&filter[fp]=1&order_by=ofr_price&filter[tourOperator]=0&filter[childAge][1]=20201210","https://fly.pl/cdn/photo/assets/uploads/582/278/2014/07/Dreams-Beach-Resort.jpg","https://fly.pl/wycieczka/egipt,sharm-el-sheikh,szarm-el-szejk/dreams-beach-sharm-el-sheikh/pF_Krde8a8ICz2ZqG_Xb0hAAogmWsNTubVUHJiFrHADfnAJ1ATkd0Et3pHZ-B5Uah2j-0qBEpPSVAw-f731AZIj0RQQVjfBmACagNDR21yQpsBFAEVBhcAXANYBVYCQMoGT-IBXQAR5MYBS9MDYQBepzBSpiBTAEyssDoNqP2XCSAAAbqxxIilicygMAINYwEAC_W36IM/ofertasv/?filter[tourOperator]=JOIP&filter%5Bperson%5D=2&filter%5BchildAge%5D%5B1%5D=20201210&filter%5Bchild%5D=1"
"Cleopatra Luxury Resort (Makadi Bay)","8753.0","29.10.2026 - 05.11.2026","8 dni/7 nocy","","4.6","4.6","3181","tripadvisor","Warszawa","2026-09-07T00:04:05.667640+00:00","https://fly.pl/oferta/egipt-wczasy/?filter[dest]=11:&filter[hotelids]=&filter[cityids]=&filter[cregids]=&filter[ofrType]=&filter[addObjType]=&filter[whenFrom]=10-10-2026&filter[whenTo]=05-11-2026&filter[duration]=7:10&filter[from]=&filter[person]=2&filter[child]=1&filter[price]=0:11000&filter[PriceFrom]=0&filter[PriceTo]=11000&filter[addCategory]=50&filter[addCatering]=1&filter[addMisc]=0&filter[addTransport]=F&filter[fp]=1&order_by=ofr_price&filter[tourOperator]=0&filter[childAge][1]=20201210","https://fly.pl/cdn/photo/assets/uploads/582/278/2014/10/Cleopatra-Luxury-Resort-Makadi-Bay.jpg","https://fly.pl/wycieczka/egipt,hurghada,makadi-bay/cleopatra-luxury-resort-makadi-bay/pUm_gQr8zNG1oZolaoF93XAAogpTYjIM9fgYQa3z0NipQRBxLqCxxQb8S86Hh0k4aD-ioqBE9SRVgw-f731AZIsURQQVjfCWACagdQNE8uMi4xcjWbARUHFwBcA1gFVgIRDUC9Bl2bD08kU9KdAVIAXq9PS-1DYQBM5Yw6ILj9lwkNAAISYwECDPB0YiQ/ofertasv/?filter[tourOperator]=OREX&filter%5Bperson%5D=2&filter%5BchildAge%5D%5B1%5D=20201210&filter%5Bchild%5D=1"
"Gravity Sahl Hasheesh (Ex. Ocean Breeze)","8768.0","29.10.2026 - 05.11.2026","8 dni/7 nocy","","4.7","4.7","3399","tripadvisor","Katowice","2026-09-07T00:04:05.667640+00:00","https://fly.pl/oferta/egipt-wczasy/?filter[dest]=11:&filter[hotelids]=&filter[cityids]=&filter[cregids]=&filter[ofrType]=&filter[addObjType]=&filter[whenFrom]=10-10-2026&filter[whenTo]=05-11-2026&filter[duration]=7:10&filter[from]=&filter[person]=2&filter[child]=1&filter[price]=0:11000&filter[PriceFrom]=0&filter[PriceTo]=11000&filter[addCategory]=50&filter[addCatering]=1&filter[addMisc]=0&filter[addTransport]=F&filter[fp]=1&order_by=ofr_price&filter[tourOperator]=0&filter[childAge][1]=20201210","https://fly.pl/cdn/photo/assets/uploads/582/278/2018/10/Gravity-Sahl-Hasheesh.jpg","https://fly.pl/wycieczka/egipt,hurghada,c/ocean-breeze/py5rxcLHT1Tcsuvt0-M5F5AAogPenBKNx6lpC-0TCtBTy1pj6X2l5diRdIrf_KEmAYZzwqBFJOQlcw-f731AZIwERQQVjfCWACagRDQWhlag1BTExfSU5DTFVTSVZFaiYxNiwyMzQsMjgzLDI5NiwzODAsMzg4LDQ3Nyw0ODMsNDg0LDQ4NXI6nwGWAZ4BFQcXAFgIQMgHCigRqRwQ8x4ZqRlMnjZTiiFSAEuIH2EAHYzpQA85IOyUkgkNAAINYwECBubmu30/ofertasv/?filter[tourOperator]=RNBW&filter%5Bperson%5D=2&filter%5BchildAge%5D%5B1%5D=20201210&filter%5Bchild%5D=1"
"Gravity Hotel & Aquapark Hurghada (ex. Samra Bay Resort)","8806.0","14.10.2026 - 21.10.2026","8 dni/7 nocy","","","","","","Katowice","2026-09-07T00:04:05.667640+00:00","https://fly.pl/oferta/egipt-wczasy/?filter[dest]=11:&filter[hotelids]=&filter[cityids]=&filter[cregids]=&filter[ofrType]=&filter[addObjType]=&filter[whenFrom]=10-10-2026&filter[whenTo]=05-11-2026&filter[duration]=7:10&filter[from]=&filter[person]=2&filter[child]=1&filter[price]=0:11000&filter[PriceFrom]=0&filter[PriceTo]=11000&filter[addCategory]=50&filter[addCatering]=1&filter[addMisc]=0&filter[addTransport]=F&filter[fp]=1&order_by=ofr_price&filter[tourOperator]=0&filter[childAge][1]=20201210","https://fly.pl/cdn/photo/assets/uploads/582/278/2017/04/Gravity-Hotel-Aquapark-Hurghada.jpg","https://fly.pl/wycieczka/egipt,hurghada,c/samra-bay-resort/ppWiEcKXadaoK99tXJLQBeAAoguHhLBhDzhdphd211mkSAftQ85krozDkw2BfFht7tPUIqBEpPSVAw-f731AZI5kRQQVj3BmACagMwMllyQpsBFAEVBhcAXANYBVYCQMoGT-IBXQBSr6sBUwBLiB9hAF6nMBG4P0yakToNqf2XCSAAAb-f-L-Eic6gMAIOYwEADdUDhLw/ofertasv/?filter[tourOperator]=JOIP&filter%5Bperson%5D=2&filter%5BchildAge%5D%5B1%5D=20201210&filter%5Bchild%5D=1"
"Pharaoh Azur Resort (ex Sonesta Pharaoh Beach Resort)","8827.0","29.10.2026 - 05.11.2026","8 dni/7 nocy","","4.5","4.5","2757","tripadvisor","Katowice","2026-09-07T00:04:05.667640+00:00","https://fly.pl/oferta/egipt-wczasy/?filter[dest]=11:&filter[hotelids]=&filter[cityids]=&filter[cregids]=&filter[ofrType]=&filter[addObjType]=&filter[whenFrom]=10-10-2026&filter[whenTo]=05-11-2026&filter[duration]=7:10&filter[from]=&filter[person]=2&filter[child]=1&filter[price]=0:11000&filter[PriceFrom]=0&filter[PriceTo]=11000&filter[addCategory]=50&filter[addCatering]=1&filter[addMisc]=0&filter[addTransport]=F&filter[fp]=1&order_by=ofr_price&filter[tourOperator]=0&filter[childAge][1]=20201210","https://fly.pl/cdn/photo/assets/uploads/582/278/2014/07/Pharaoh-Azur-Resort.jpg","https://fly.pl/wycieczka/egipt,hurghada,c/sonesta-pharaoh/pq8gyN9LRNMQWTGHb7C4RwAAogWnl8UuPpVz6Uug6yKiU47wAAAACBhwQAHroEAAcAAAAqBFdFWlkw-f731AZI-0RQQVjfCWADaglFbnRlciBBaXJqBDAwMTVqBDAwMDBqBDAwMDByQZ4BlAGVAZgBHwAcAQIAFgQXAhGxARKlAxPvCEDVc0zLMk8AS4gfUAAbyr0BHcP-DiCdZQ2H3cEJARJjAQ5jAQIFnHZgVw/ofertasv/?filter[tourOperator]=WEZY&filter%5Bperson%5D=2&filter%5BchildAge%5D%5B1%5D=20201210&filter%5Bchild%5D=1"
"Red Sea Grand Waterworld Makadi (ex. Sunwing Waterworld Makadi)","8840.0","15.10.2026 - 22.10.2026","8 dni/6 nocy","","4.5","4.5","5549","tripadvisor","Katowice","2026-09-07T00:04:05.667640+00:00","https://fly.pl/oferta/egipt-wczasy/?filter[dest]=11:&filter[hotelids]=&filter[cityids]=&filter[cregids]=&filter[ofrType]=&filter[addObjType]=&filter[whenFrom]=10-10-2026&filter[whenTo]=05-11-2026&filter[duration]=7:10&filter[from]=&filter[person]=2&filter[child]=1&filter[price]=0:11000&filter[PriceFrom]=0&filter[PriceTo]=11000&filter[addCategory]=50&filter[addCatering]=1&filter[addMisc]=0&filter[addTransport]=F&filter[fp]=1&order_by=ofr_price&filter[tourOperator]=0&filter[childAge][1]=20201210","https://fly.pl/cdn/photo/assets/uploads/582/278/2017/06/Red-Sea-Grand-Waterworld-Makadi.jpg","https://fly.pl/wycieczka/egipt,hurghada,makadi-bay/sunwing-waterworld-makadi/pBxun7bHYr8HQjm3t82idZAAogoB6Zp15XFpCtyTZTS8jCf4byV7bYFyIfHmV32_hhb9wqA0VUSTD5_vfUBkiIRVBBWI8HYAJyMRUGFwFcA1gFVgJA-wdbw4UBU50mUgBLiB9hAF6nMA38zdIJIAFRiOC99gMCEmMBAgrKqbYH/ofertasv/?filter[tourOperator]=ETI&filter%5Bperson%5D=2&filter%5BchildAge%5D%5B1%5D=20201210&filter%5Bchild%5D=1"
"Jaz Mirabel Beach Resort","8847.0","28.10.2026 - 04.11.2026","9 dni/7 nocy","","4.5","4.5","7330","tripadvisor","Gdańsk","2026-09-07T00:04:05.667640+00:00","https://fly.pl/oferta/egipt-wczasy/?filter[dest]=11:&filter[hotelids]=&filter[cityids]=&filter[cregids]=&filter[ofrType]=&filter[addObjType]=&filter[whenFrom]=10-10-2026&filter[whenTo]=05-11-2026&filter[duration]=7:10&filter[from]=&filter[person]=2&filter[child]=1&filter[price]=0:11000&filter[PriceFrom]=0&filter[PriceTo]=11000&filter[addCategory]=50&filter[addCatering]=1&filter[addMisc]=0&filter[addTransport]=F&filter[fp]=1&order_by=ofr_price&filter[tourOperator]=0&filter[childAge][1]=20201210","https://fly.pl/cdn/photo/assets/uploads/582/278/2014/07/Jaz-Mirabel-Beach-Resort-fly-pl.jpg","https://fly.pl/wycieczka/egipt,sharm-el-sheikh,c/jaz-mirabel-beach-resort/ptdRopC-SUn6gkSaOqrbcdAAog9VEfDS_725sTMqIekHFkF3IhrbyPomD2uW-Fwn8rcgYqBE9BU0kw-f731AZIj0VQAVjHCWADagNBSWxyJBwRiLABuQTrqhCrBBIbgI4OGMH-EQHG742pAgEMYwEAYwECC1kNY1w/ofertasv/?filter[tourOperator]=OASI&filter%5Bperson%5D=2&filter%5BchildAge%5D%5B1%5D=20201210&filter%5Bchild%5D=1"
"Jaz Mirabel Park","8869.0","13.10.2026 - 20.10.2026","8 dni/7 nocy","","4.4","4.4","4043","tripadvisor","Katowice","2026-09-07T00:04:05.667640+00:00","https://fly.pl/oferta/egipt-wczasy/?filter[dest]=11:&filter[hotelids]=&filter[cityids]=&filter[cregids]=&filter[ofrType]=&filter[addObjType]=&filter[whenFrom]=10-10-2026&filter[whenTo]=05-11-2026&filter[duration]=7:10&filter[from]=&filter[person]=2&filter[child]=1&filter[price]=0:11000&filter[PriceFrom]=0&filter[PriceTo]=11000&filter[addCategory]=50&filter[addCatering]=1&filter[addMisc]=0&filter[addTransport]=F&filter[fp]=1&order_by=ofr_price&filter[tourOperator]=0&filter[childAge][1]=20201210","https://fly.pl/cdn/photo/assets/uploads/582/278/2014/07/Jaz-Mirabel-Park-fly-pl.jpg","https://fly.pl/wycieczka/egipt,sharm-el-sheikh,c/jaz-mirabel-park/pJWsfmCVm83_eo9-fe9Py1AAog0u1tr9KxpdRBOmvdv5vIoVATkd0Et3pHZ-B5Uah2j-0qBEpPSVAw-f731AZIpUVQQVjfBmACckMUARUGFwBcA1gFVgJAygZP4gFdAFvyAhGlwwFLoARhAF6nMFKmIFMATKywOg2o_ZcJIAABvru4kIOJzKAwAg1jAQAMj8S8KA/ofertasv/?filter[tourOperator]=JOIP&filter%5Bperson%5D=2&filter%5BchildAge%5D%5B1%5D=20201210&filter%5Bchild%5D=1"
"Amarina Star Resort & Aqua Park (ex. Raouf Star)","8881.0","13.10.2026 - 20.10.2026","8 dni/7 nocy","","4.1","4.1","101","tripadvisor","Katowice","2026-09-07T00:04:05.667640+00:00","https://fly.pl/oferta/egipt-wczasy/?filter[dest]=11:&filter[hotelids]=&filter[cityids]=&filter[cregids]=&filter[ofrType]=&filter[addObjType]=&filter[whenFrom]=10-10-2026&filter[whenTo]=05-11-2026&filter[duration]=7:10&filter[from]=&filter[person]=2&filter[child]=1&filter[price]=0:11000&filter[PriceFrom]=0&filter[PriceTo]=11000&filter[addCategory]=50&filter[addCatering]=1&filter[addMisc]=0&filter[addTransport]=F&filter[fp]=1&order_by=ofr_price&filter[tourOperator]=0&filter[childAge][1]=20201210","https://fly.pl/cdn/photo/assets/uploads/582/278/2023/04/Amarina-Star-Resort-Aqua-Park.jpg","https://fly.pl/wycieczka/egipt,sharm-el-sheikh,szarm-el-szejk/raouf-star-15/p13Go5kdibeI-p-Q20uQQcAAogn7JU-pwN9yb_q1ZQWVeu5VATkd0Et3pHZ-B5Uah2j-0qBEpPSVAw-f731AZIsUVQQVjfBmACagMxMm9yQ5sBFAEVBhcAXANYBVYCQMoGT-IBXQBLt8oBYQBepzBSpiBTABG9ywFM7-Q4Daj9lwkgAAGkz9yAtYnMoDACDWMBAAzgp--W/ofertasv/?filter[tourOperator]=JOIP&filter%5Bperson%5D=2&filter%5BchildAge%5D%5B1%5D=20201210&filter%5Bchild%5D=1"
"Seven Seas Jolie Bay","8894.0","29.10.2026 - 05.11.2026","8 dni/7 nocy","","4.6","4.6","1516","tripadvisor","Katowice","2026-09-07T00:04:05.667640+00:00","https://fly.pl/oferta/egipt-wczasy/?filter[dest]=11:&filter[hotelids]=&filter[cityids]=&filter[cregids]=&filter[ofrType]=&filter[addObjType]=&filter[whenFrom]=10-10-2026&filter[whenTo]=05-11-2026&filter[duration]=7:10&filter[from]=&filter[person]=2&filter[child]=1&filter[price]=0:11000&filter[PriceFrom]=0&filter[PriceTo]=11000&filter[addCategory]=50&filter[addCatering]=1&filter[addMisc]=0&filter[addTransport]=F&filter[fp]=1&order_by=ofr_price&filter[tourOperator]=0&filter[childAge][1]=20201210","https://fly.pl/cdn/photo/assets/uploads/582/278/2022/03/Aqua-Mondo-Abu-Soma-Resort.jpg","https://fly.pl/wycieczka/egipt,hurghada,soma-bay/aqua-mondo-resort-14/pWgtDexT_aqvIUf5di6wMgAAoguRz_osIhMSOgy4z2Ag5HLgAAAACBhwQAHroEAAcAAAAqBFdFWlkw-f731AZIvkVQQVjfCWADaglFbnRlciBBaXJqBDAwMTVqBDAwMDBqBDAwMDByQp4BlAGVAZgBHwACARYAHAAXBhLWBBPvCEDVc0_LMkwAS4gfUAAR3LMBHbGIDyCdZRv86TQNi_OMCQESYwEMYwECC6acHA4/ofertasv/?filter[tourOperator]=WEZY&filter%5Bperson%5D=2&filter%5BchildAge%5D%5B1%5D=20201210&filter%5Bchild%5D=1"
"Nubian Village","8899.0","29.10.2026 - 05.11.2026","8 dni/7 nocy","","4.5","4.5","4649","tripadvisor","Warszawa - Modlin","2026-09-07T00:04:05.667640+00:00","https://fly.pl/oferta/egipt-wczasy/?filter[dest]=11:&filter[hotelids]=&filter[cityids]=&filter[cregids]=&filter[ofrType]=&filter[addObjType]=&filter[whenFrom]=10-10-2026&filter[whenTo]=05-11-2026&filter[duration]=7:10&filter[from]=&filter[person]=2&filter[child]=1&filter[price]=0:11000&filter[PriceFrom]=0&filter[PriceTo]=11000&filter[addCategory]=50&filter[addCatering]=1&filter[addMisc]=0&filter[addTransport]=F&filter[fp]=1&order_by=ofr_price&filter[tourOperator]=0&filter[childAge][1]=20201210","https://fly.pl/cdn/photo/assets/uploads/582/278/2014/07/Nubian-Village-fly-pl.jpg","https://fly.pl/wycieczka/egipt,sharm-el-sheikh,c/nubian-village/pGHyGT06Rp8QK6lRSaVR4JAAogmLzknP5v3RsyvXPLGLWMARstrgoMttrZgZAvN8rfQ44qBEtPTVQw-f731AZIw0VQAVjfCWACagJBSXIfHBH2GrkE8uIBqwQDGMCbBBu0iSQBwpXLHgIAYwECBgul14U/ofertasv/?filter[tourOperator]=KOMT&filter%5Bperson%5D=2&filter%5BchildAge%5D%5B1%5D=20201210&filter%5Bchild%5D=1"
"Naama Bay Promenade Beach Resort","8939.0","28.10.2026 - 04.11.2026","9 dni/7 nocy","","4.2","4.2","1287","tripadvisor","Gdańsk","2026-09-07T00:04:05.667640+00:00","https://fly.pl/oferta/egipt-wczasy/?filter[dest]=11:&filter[hotelids]=&filter[cityids]=&filter[cregids]=&filter[ofrType]=&filter[addObjType]=&filter[whenFrom]=10-10-2026&filter[whenTo]=05-11-2026&filter[duration]=7:10&filter[from]=&filter[person]=2&filter[child]=1&filter[price]=0:11000&filter[PriceFrom]=0&filter[PriceTo]=11000&filter[addCategory]=50&filter[addCatering]=1&filter[addMisc]=0&filter[addTransport]=F&filter[fp]=1&order_by=ofr_price&filter[tourOperator]=0&filter[childAge][1]=20201210","https://fly.pl/cdn/photo/assets/uploads/582/278/2021/07/Naama-Bay-Promenade-Beach-Resort.jpg","https://fly.pl/wycieczka/egipt,sharm-el-sheikh,szarm-el-szejk/naama-bay-promenade-beach-resort-10/piO-r1OdC51IbYj5pOx8gPAAogLyj-vfZI7Mo0Qxg8dPkICHIhrbyPomD2uW-Fwn8rcgYqBE9BU0kw-f731AZI60VQAVjHCWACagNBSWxyIRwRqq8BuQTJqxCrBBIbm7IMGNjbEwGP3ZKpAgIAYwECCxq9t1I/ofertasv/?filter[tourOperator]=OASI&filter%5Bperson%5D=2&filter%5BchildAge%5D%5B1%5D=20201210&filter%5Bchild%5D=1"
"Red Sea Grand Makadi (Makadi Bay)","8966.0","15.10.2026 - 22.10.2026","8 dni/6 nocy","","4.4","4.4","3309","tripadvisor","Katowice","2026-09-07T00:04:05.667640+00:00","https://fly.pl/oferta/egipt-wczasy/?filter[dest]=11:&filter[hotelids]=&filter[cityids]=&filter[cregids]=&filter[ofrType]=&filter[addObjType]=&filter[whenFrom]=10-10-2026&filter[whenTo]=05-11-2026&filter[duration]=7:10&filter[from]=&filter[person]=2&filter[child]=1&filter[price]=0:11000&filter[PriceFrom]=0&filter[PriceTo]=11000&filter[addCategory]=50&filter[addCatering]=1&filter[addMisc]=0&filter[addTransport]=F&filter[fp]=1&order_by=ofr_price&filter[tourOperator]=0&filter[childAge][1]=20201210","https://fly.pl/cdn/photo/assets/uploads/582/278/2017/08/Grand-Makadi-Makadi-Bay-fly-pl-2.jpg","https://fly.pl/wycieczka/egipt,hurghada,makadi-bay/grand-makadi-makadi-bay/p7EAsxqasK_Kt3RoGyo70LAAoggKRBt6njz1joHAcejfvuMIbyV7bYFyIfHmV32_hhb9wqA0VUSTD5_vfUBkiGRlBBWI8HYAJyMRUGFwFcA1gFVgJA-wdbw4UBU50mUgBLiB9hAF6nMA38zdIJIAFRyt699gMCEmMBAgr5ttiJ/ofertasv/?filter[tourOperator]=ETI&filter%5Bperson%5D=2&filter%5BchildAge%5D%5B1%5D=20201210&filter%5Bchild%5D=1"
"True Beach Resort","8973.0","17.10.2026 - 24.10.2026","8 dni/7 nocy","","4.3","4.3","149","tripadvisor","Katowice","2026-09-07T00:04:05.667640+00:00","https://fly.pl/oferta/egipt-wczasy/?filter[dest]=11:&filter[hotelids]=&filter[cityids]=&filter[cregids]=&filter[ofrType]=&filter[addObjType]=&filter[whenFrom]=10-10-2026&filter[whenTo]=05-11-2026&filter[duration]=7:10&filter[from]=&filter[person]=2&filter[child]=1&filter[price]=0:11000&filter[PriceFrom]=0&filter[PriceTo]=11000&filter[addCategory]=50&filter[addCatering]=1&filter[addMisc]=0&filter[addTransport]=F&filter[fp]=1&order_by=ofr_price&filter[tourOperator]=0&filter[childAge][1]=20201210","https://fly.pl/cdn/photo/assets/uploads/582/278/2014/09/True-Beach-Resort.jpg","https://fly.pl/wycieczka/egipt,marsa-alam,c/laguna-beach-marsa-alam/pi-gCAImQfioliP-CYC4mGAAogJJU9OfTw6aO_XPL_KvITigAAAACFrQQAaK0EAAcAAQAqBFdFWlkw-f731AZIjUZQQVi_B2ADaghXaXp6IEFpcmoEMDYwMHJBngGTAR8AAgEcABYEFwIS1gQUgwQVUBjPAkCidUvTUVAAEe4ZTPUqTwAgkcMQHR0by9xjDcmZ3ggBEmMBDGMBAgXe67aP/ofertasv/?filter[tourOperator]=WEZY&filter%5Bperson%5D=2&filter%5BchildAge%5D%5B1%5D=20201210&filter%5Bchild%5D=1"
"Charmillion Club Aqua Park","8987.0","27.10.2026 - 03.11.2026","8 dni/7 nocy","","4.6","4.6","4381","tripadvisor","Katowice","2026-09-07T00:04:05.667640+00:00","https://fly.pl/oferta/egipt-wczasy/?filter[dest]=11:&filter[hotelids]=&filter[cityids]=&filter[cregids]=&filter[ofrType]=&filter[addObjType]=&filter[whenFrom]=10-10-2026&filter[whenTo]=05-11-2026&filter[duration]=7:10&filter[from]=&filter[person]=2&filter[child]=1&filter[price]=0:11000&filter[PriceFrom]=0&filter[PriceTo]=11000&filter[addCategory]=50&filter[addCatering]=1&filter[addMisc]=0&filter[addTransport]=F&filter[fp]=1&order_by=ofr_price&filter[tourOperator]=0&filter[childAge][1]=20201210","https://fly.pl/cdn/photo/assets/uploads/582/278/2014/07/Charmillion-Club-Aqua-Park.jpg","https://fly.pl/wycieczka/egipt,sharm-el-sheikh,szarm-el-szejk/sea-club-aqua-park/pqQOhA24qzB4vo61DKxVhEAAogv47aQFzKleo4BmQRilBzBHb6-M-63DqmxRqPbNTEi2wqBE9SRVgw-_731AZIm0ZQQVivCWACagVFLjIuMXI2mwEVBxcAXANYBVYCQMoGEaINXcELTyRLkrMBYQBepzBSpiBTAEyssDoNtv2XCSAAAhJjAQIMrhuA0A/ofertasv/?filter[tourOperator]=OREX&filter%5Bperson%5D=2&filter%5BchildAge%5D%5B1%5D=20201210&filter%5Bchild%5D=1"
"Jaz Makadi Oasis Resort","9097.0","29.10.2026 - 05.11.2026","9 dni/7 nocy","","4.7","4.7","5349","tripadvisor","Wrocław","2026-09-07T00:04:05.667640+00:00","https://fly.pl/oferta/egipt-wczasy/?filter[dest]=11:&filter[hotelids]=&filter[cityids]=&filter[cregids]=&filter[ofrType]=&filter[addObjType]=&filter[whenFrom]=10-10-2026&filter[whenTo]=05-11-2026&filter[duration]=7:10&filter[from]=&filter[person]=2&filter[child]=1&filter[price]=0:11000&filter[PriceFrom]=0&filter[PriceTo]=11000&filter[addCategory]=50&filter[addCatering]=1&filter[addMisc]=0&filter[addTransport]=F&filter[fp]=1&order_by=ofr_price&filter[tourOperator]=0&filter[childAge][1]=20201210","https://fly.pl/cdn/photo/assets/uploads/582/278/2015/04/Jaz-Makadi-Oasis.jpg","https://fly.pl/wycieczka/egipt,hurghada,makadi-bay/iberotel-makadi-club-oasis/pj95bvjUE6-LDXx-LZvz7FAAogpiHj9S9Aapc7qf8ZntQZC8LTmCcaLBzG7MsO9giG0TQqBEVYSU0w-_731AZIiUdQAVjfCWADagJBSXIkHBG__wa5BN6nS6sEXRvNqUAY0NpHAa2RiKwNARJjAQxjAQILY4IuBg/ofertasv/?filter[tourOperator]=EXIM&filter%5Bperson%5D=2&filter%5BchildAge%5D%5B1%5D=20201210&filter%5Bchild%5D=1"
"Domina Coral Bay Bella Vista","9123.0","13.10.2026 - 20.10.2026","8 dni/7 nocy","","4.2","4.2","12412","tripadvisor","Katowice","2026-09-07T00:04:05.667640+00:00","https://fly.pl/oferta/egipt-wczasy/?filter[dest]=11:&filter[hotelids]=&filter[cityids]=&filter[cregids]=&filter[ofrType]=&filter[addObjType]=&filter[whenFrom]=10-10-2026&filter[whenTo]=05-11-2026&filter[duration]=7:10&filter[from]=&filter[person]=2&filter[child]=1&filter[price]=0:11000&filter[PriceFrom]=0&filter[PriceTo]=11000&filter[addCategory]=50&filter[addCatering]=1&filter[addMisc]=0&filter[addTransport]=F&filter[fp]=1&order_by=ofr_price&filter[tourOperator]=0&filter[childAge][1]=20201210","https://fly.pl/cdn/photo/assets/uploads/582/278/2024/07/domina-coral-bay-bellavista.jpg","https://fly.pl/wycieczka/egipt,sharm-el-sheikh,szarm-el-szejk/domina-coral-bay-bellavista-12/paVaMvi7z5Lj1pHRhIeWwNAAogLU3oae3uK0lMMsUQWUBaeVATkd0Et3pHZ-B5Uah2j-0qBEpPSVAw-_731AZIo0dQQVjfBmACagMxMnFyQ5sBFAEVBhcAXANYBVYCQMoGT-IBXQBLt8oBYQBepzBSpiBTABH0pgFMuIk5Daj9lwkgAAGesezIpYnMoDACDWMBAAyG8uw4/ofertasv/?filter[tourOperator]=JOIP&filter%5Bperson%5D=2&filter%5BchildAge%5D%5B1%5D=20201210&filter%5Bchild%5D=1"
"Continental (ex Movenpick Resort)","9124.0","25.10.2026 - 01.11.2026","8 dni/7 nocy","","4.5","4.5","4163","tripadvisor","Wrocław","2026-09-07T00:04:05.667640+00:00","https://fly.pl/oferta/egipt-wczasy/?filter[dest]=11:&filter[hotelids]=&filter[cityids]=&filter[cregids]=&filter[ofrType]=&filter[addObjType]=&filter[whenFrom]=10-10-2026&filter[whenTo]=05-11-2026&filter[duration]=7:10&filter[from]=&filter[person]=2&filter[child]=1&filter[price]=0:11000&filter[PriceFrom]=0&filter[PriceTo]=11000&filter[addCategory]=50&filter[addCatering]=1&filter[addMisc]=0&filter[addTransport]=F&filter[fp]=1&order_by=ofr_price&filter[tourOperator]=0&filter[childAge][1]=20201210","https://fly.pl/cdn/photo/assets/uploads/582/278/2014/09/Continental-Resort.jpg","https://fly.pl/wycieczka/egipt,hurghada,c/movenpick-resort-hurghada-ex-continental-resort/pwSPUmUoIktPhiMRsnCltMAAogiLkqGXi5_5f9DkNbllmv1JIDGsIF8IwQR8cbEu5XohYqBE9BU0kw-_731AZIpEdQAVj_CGACagNBSWxyIBwRxnarBOyoELkEGxuh1w8YyZoTAZmkjqsCAgBjAQQLe0GyDw/ofertasv/?filter[tourOperator]=OASI&filter%5Bperson%5D=2&filter%5BchildAge%5D%5B1%5D=20201210&filter%5Bchild%5D=1"
"Charmillion Garden Aqua Park","9165.0","13.10.2026 - 20.10.2026","8 dni/7 nocy","","4.6","4.6","2256","tripadvisor","Katowice","2026-09-07T00:04:05.667640+00:00","https://fly.pl/oferta/egipt-wczasy/?filter[dest]=11:&filter[hotelids]=&filter[cityids]=&filter[cregids]=&filter[ofrType]=&filter[addObjType]=&filter[whenFrom]=10-10-2026&filter[whenTo]=05-11-2026&filter[duration]=7:10&filter[from]=&filter[person]=2&filter[child]=1&filter[price]=0:11000&filter[PriceFrom]=0&filter[PriceTo]=11000&filter[addCategory]=50&filter[addCatering]=1&filter[addMisc]=0&filter[addTransport]=F&filter[fp]=1&order_by=ofr_price&filter[tourOperator]=0&filter[childAge][1]=20201210","https://fly.pl/cdn/photo/assets/uploads/582/278/2014/07/Charmillion-Gardens-Aqua-Park-ex.-Sea-Garden.jpg","https://fly.pl/wycieczka/egipt,sharm-el-sheikh,nabq-bay/sea-gardens-sharm-el-sheikh/pLVaymP7u9FMbZpvy4X7J5AAogA7hRjPp8HmZ0WMqAFBf05lATkd0Et3pHZ-B5Uah2j-0qBEpPSVAw-_731AZIzUdQQVjfBmACagMwbkhyQpsBFAEVBhcAXANYBVYCQMoGT-IBXQARoMYBS5cEYQBepzBSpiBTAEyssDoNqP2XCSAAAcC_iND0iMygMAINYwEADP04Fhs/ofertasv/?filter[tourOperator]=JOIP&filter%5Bperson%5D=2&filter%5BchildAge%5D%5B1%5D=20201210&filter%5Bchild%5D=1"
"Concorde Sport","9175.0","13.10.2026 - 20.10.2026","8 dni/7 nocy","","","","","","Katowice","2026-09-07T00:04:05.667640+00:00","https://fly.pl/oferta/egipt-wczasy/?filter[dest]=11:&filter[hotelids]=&filter[cityids]=&filter[cregids]=&filter[ofrType]=&filter[addObjType]=&filter[whenFrom]=10-10-2026&filter[whenTo]=05-11-2026&filter[duration]=7:10&filter[from]=&filter[person]=2&filter[child]=1&filter[price]=0:11000&filter[PriceFrom]=0&filter[PriceTo]=11000&filter[addCategory]=50&filter[addCatering]=1&filter[addMisc]=0&filter[addTransport]=F&filter[fp]=1&order_by=ofr_price&filter[tourOperator]=0&filter[childAge][1]=20201210","https://fly.pl/cdn/photo/assets/uploads/582/278/2017/08/Concorde-Sport-fly-pl-4.jpg","https://fly.pl/wycieczka/egipt,sharm-el-sheikh,szarm-el-szejk/concorde-sport/pVPhN3W_jgJ-3jImhSUGB1AAogYNf8YLxAxJwCsAh9IFUxBlATkd0Et3pHZ-B5Uah2j-0qBEpPSVAw-_731AZI10dQQVjfBmACagNDR21yQpsBFAEVBhcAXANYBVYCQMoGT-IBXQBLt8oBYQBepzBSpiBTABGaA0ySrToNqP2XCSAAAcHBxIC0icygMAINYwEAC8nSsAY/ofertasv/?filter[tourOperator]=JOIP&filter%5Bperson%5D=2&filter%5BchildAge%5D%5B1%5D=20201210&filter%5Bchild%5D=1"
"Pickalbatros Royal Moderna","9179.0","28.10.2026 - 04.11.2026","9 dni/7 nocy","","4.5","4.5","10698","tripadvisor","Gdańsk","2026-09-07T00:04:05.667640+00:00","https://fly.pl/oferta/egipt-wczasy/?filter[dest]=11:&filter[hotelids]=&filter[cityids]=&filter[cregids]=&filter[ofrType]=&filter[addObjType]=&filter[whenFrom]=10-10-2026&filter[whenTo]=05-11-2026&filter[duration]=7:10&filter[from]=&filter[person]=2&filter[child]=1&filter[price]=0:11000&filter[PriceFrom]=0&filter[PriceTo]=11000&filter[addCategory]=50&filter[addCatering]=1&filter[addMisc]=0&filter[addTransport]=F&filter[fp]=1&order_by=ofr_price&filter[tourOperator]=0&filter[childAge][1]=20201210","https://fly.pl/cdn/photo/assets/uploads/582/278/2009/08/Royal-Albatros-Moderna1708.jpg","https://fly.pl/wycieczka/egipt,sharm-el-sheikh,c/royal-albatros-moderna/pC5BpASoZ7e1Yg6jeysx98AAogyboKoNYUg5VL_GpUSOMgWnIhrbyPomD2uW-Fwn8rcgYqBE9BU0kw-_731AZI20dQAVjHCWACagNBSWxyIRwR168BuQScqxCrBBIb5P8OGNuAEwGi8NKqAgIAYwECDIz5rak/ofertasv/?filter[tourOperator]=OASI&filter%5Bperson%5D=2&filter%5BchildAge%5D%5B1%5D=20201210&filter%5Bchild%5D=1"
"V Hotel Sharm","9220.0","25.10.2026 - 01.11.2026","8 dni/7 nocy","","4.2","4.2","2108","tripadvisor","Katowice","2026-09-07T00:04:05.667640+00:00","https://fly.pl/oferta/egipt-wczasy/?filter[dest]=11:&filter[hotelids]=&filter[cityids]=&filter[cregids]=&filter[ofrType]=&filter[addObjType]=&filter[whenFrom]=10-10-2026&filter[whenTo]=05-11-2026&filter[duration]=7:10&filter[from]=&filter[person]=2&filter[child]=1&filter[price]=0:11000&filter[PriceFrom]=0&filter[PriceTo]=11000&filter[addCategory]=50&filter[addCatering]=1&filter[addMisc]=0&filter[addTransport]=F&filter[fp]=1&order_by=ofr_price&filter[tourOperator]=0&filter[childAge][1]=20201210","https://fly.pl/cdn/photo/assets/uploads/582/278/2017/08/Pyramisa-Beach-Resort.jpg","https://fly.pl/wycieczka/egipt,sharm-el-sheikh,szarm-el-szejk/dessole-pyramisa-egipt-sharm-el-sheikh-egipt/pcNNjE4gy-JHB4Fn0ePLsIAAogmI1RKUwJn9V8nWNmA3gVlv-8lKSM_XY3X6eU8q1GIdEqBE9BU0kw-_731AZIhEhQAVj_CGACagNBSWxyIRwR7a8BqwSqqxC5BCsb7IIMGOaQFAHVz5upAgIAYwECC1Q4XYw/ofertasv/?filter[tourOperator]=OASI&filter%5Bperson%5D=2&filter%5BchildAge%5D%5B1%5D=20201210&filter%5Bchild%5D=1"
"Ancient Sands Golf Resort","9252.0","29.10.2026 - 05.11.2026","8 dni/7 nocy","","4.8","4.8","3352","tripadvisor","Warszawa","2026-09-07T00:04:05.667640+00:00","https://fly.pl/oferta/egipt-wczasy/?filter[dest]=11:&filter[hotelids]=&filter[cityids]=&filter[cregids]=&filter[ofrType]=&filter[addObjType]=&filter[whenFrom]=10-10-2026&filter[whenTo]=05-11-2026&filter[duration]=7:10&filter[from]=&filter[person]=2&filter[child]=1&filter[price]=0:11000&filter[PriceFrom]=0&filter[PriceTo]=11000&filter[addCategory]=50&filter[addCatering]=1&filter[addMisc]=0&filter[addTransport]=F&filter[fp]=1&order_by=ofr_price&filter[tourOperator]=0&filter[childAge][1]=20201210","https://fly.pl/cdn/photo/assets/uploads/582/278/2019/05/Ancient-Sands-Golf-Resort.jpg","https://fly.pl/wycieczka/egipt,hurghada,al-dzuna/ancient-sands-el-gouna/pD3hEk8TRqMmLmilCcJwH-AAogOKRy10QYgWXTirqo4cHeThLqCxxQb8S86Hh0k4aD-ioqBE9SRVgw-_731AZIpEhQQVjfCWACagVZLjIuMXI1mwEVBxcAXANYBVYCEQVAxQZdmw9PJFPSnQFSAF6vT0vtQ2EATOWMOiC4_ZcJDQACEmMBAgyc4vVe/ofertasv/?filter[tourOperator]=OREX&filter%5Bperson%5D=2&filter%5BchildAge%5D%5B1%5D=20201210&filter%5Bchild%5D=1"
"Fantazia Resort","9261.0","21.10.2026 - 28.10.2026","8 dni/7 nocy","","4.4","4.4","5979","tripadvisor","Katowice","2026-09-07T00:04:05.667640+00:00","https://fly.pl/oferta/egipt-wczasy/?filter[dest]=11:&filter[hotelids]=&filter[cityids]=&filter[cregids]=&filter[ofrType]=&filter[addObjType]=&filter[whenFrom]=10-10-2026&filter[whenTo]=05-11-2026&filter[duration]=7:10&filter[from]=&filter[person]=2&filter[child]=1&filter[price]=0:11000&filter[PriceFrom]=0&filter[PriceTo]=11000&filter[addCategory]=50&filter[addCatering]=1&filter[addMisc]=0&filter[addTransport]=F&filter[fp]=1&order_by=ofr_price&filter[tourOperator]=0&filter[childAge][1]=20201210","https://fly.pl/cdn/photo/assets/uploads/582/278/2016/11/Fantazia-Resort.jpg","https://fly.pl/wycieczka/egipt,marsa-alam,c/fantazia-resort/p3yRADzDTbCupUWJgQNQ1OAAogcVbi6MAzN4F2O-ADYf2Th6HYx8dHtHpw8fXuNNDPihYqBE9SRVgw-_731AZIrUhQQVifCGACagZEUS4yLjFyNpsBFQcXAFwDWAVWAkDKBhG0C13PGE8kS_KnAWEAXqcwUrwUUwBMlrw6DbD9lwkgAAISYwECDXH7Vro/ofertasv/?filter[tourOperator]=OREX&filter%5Bperson%5D=2&filter%5BchildAge%5D%5B1%5D=20201210&filter%5Bchild%5D=1"
"Akassia Swiss Resort (ex. Calimera Club Akassia Swiss Resort)","9265.0","27.10.2026 - 03.11.2026","8 dni/7 nocy","","4.6","4.6","2597","tripadvisor","Łódź","2026-09-07T00:04:05.667640+00:00","https://fly.pl/oferta/egipt-wczasy/?filter[dest]=11:&filter[hotelids]=&filter[cityids]=&filter[cregids]=&filter[ofrType]=&filter[addObjType]=&filter[whenFrom]=10-10-2026&filter[whenTo]=05-11-2026&filter[duration]=7:10&filter[from]=&filter[person]=2&filter[child]=1&filter[price]=0:11000&filter[PriceFrom]=0&filter[PriceTo]=11000&filter[addCategory]=50&filter[addCatering]=1&filter[addMisc]=0&filter[addTransport]=F&filter[fp]=1&order_by=ofr_price&filter[tourOperator]=0&filter[childAge][1]=20201210","https://fly.pl/cdn/photo/assets/uploads/582/278/2014/09/Akassia-Swiss-Resort.jpg","https://fly.pl/wycieczka/egipt,marsa-alam,c/calimera-club-akassia-swiss-resort/plMSXJ_1w7BPLRrHiB3ZOsAAogFfIFvKqaXuHVUM7GtcXPeQAAAABxqAQAK7cEAAcAAQAqBFdFWlkw-_731AZIsUhQQVivCWADaglFbnRlciBBaXJqBDAwMDBqBDAwMDByQp4BlQGYAR8AAgEcABYEFwIS6wIT_ggUvAURyB9ArVBL8lZQAEzEP08AHZq5ECC6HRuBsgQN97C9CQESYwEMYwECBarqj8g/ofertasv/?filter[tourOperator]=WEZY&filter%5Bperson%5D=2&filter%5BchildAge%5D%5B1%5D=20201210&filter%5Bchild%5D=1"
"Pickalbatros Palace Resort","9287.0","27.10.2026 - 03.11.2026","9 dni/7 nocy","","4.5","4.5","935","tripadvisor","Warszawa - Modlin","2026-09-07T00:04:05.667640+00:00","https://fly.pl/oferta/egipt-wczasy/?filter[dest]=11:&filter[hotelids]=&filter[cityids]=&filter[cregids]=&filter[ofrType]=&filter[addObjType]=&filter[whenFrom]=10-10-2026&filter[whenTo]=05-11-2026&filter[duration]=7:10&filter[from]=&filter[person]=2&filter[child]=1&filter[price]=0:11000&filter[PriceFrom]=0&filter[PriceTo]=11000&filter[addCategory]=50&filter[addCatering]=1&filter[addMisc]=0&filter[addTransport]=F&filter[fp]=1&order_by=ofr_price&filter[tourOperator]=0&filter[childAge][1]=20201210","https://fly.pl/cdn/photo/assets/uploads/582/278/2014/09/Albatros-Palace-fly-pl-4.jpg","https://fly.pl/wycieczka/egipt,hurghada,c/albatros-palace/pFky8kruevscnZ1E1MT_pOAAogRdaG-wzKfm9Vgz9BqB-GZJeMXePUQkpobZ-BQI6-nbQqBEVYSU0w-_731AZIx0hQAVivCWACagJBSXIhHBGk-AarBJ2wS7kERRuw-zcYgKJTAZ7_-MYNAgBjAQIMEuYKuA/ofertasv/?filter[tourOperator]=EXIM&filter%5Bperson%5D=2&filter%5BchildAge%5D%5B1%5D=20201210&filter%5Bchild%5D=1"
"Sataya Resort (ex. Labranda Sataya Marsa Alam)","9297.0","13.10.2026 - 20.10.2026","8 dni/7 nocy","","4.7","4.7","4175","tripadvisor","Katowice","2026-09-07T00:04:05.667640+00:00","https://fly.pl/oferta/egipt-wczasy/?filter[dest]=11:&filter[hotelids]=&filter[cityids]=&filter[cregids]=&filter[ofrType]=&filter[addObjType]=&filter[whenFrom]=10-10-2026&filter[whenTo]=05-11-2026&filter[duration]=7:10&filter[from]=&filter[person]=2&filter[child]=1&filter[price]=0:11000&filter[PriceFrom]=0&filter[PriceTo]=11000&filter[addCategory]=50&filter[addCatering]=1&filter[addMisc]=0&filter[addTransport]=F&filter[fp]=1&order_by=ofr_price&filter[tourOperator]=0&filter[childAge][1]=20201210","https://fly.pl/cdn/photo/assets/uploads/582/278/2019/09/Sataya-Resort-Marsa-Alam.jpg","https://fly.pl/wycieczka/egipt,marsa-alam,c/labranda-sataya-marsa-alam-9/pkLZfavoD4UirxnBFvMT8oAAogw7M5bPSVcY1ogP4r2mq74XaNli1dgy83QmwR76cjihEqBFZJVFgw-_731AZI0UhQQVjfBmACckAaABUHFwBcA1gFQI8DW6eGAWGvSUsAXqcwUrwUUwBMoOQ5DZ7VmAkgAF2r65HsqAFPlNqZijdR6qIVAg1jAQIMCwHFSw/ofertasv/?filter[tourOperator]=VITX&filter%5Bperson%5D=2&filter%5BchildAge%5D%5B1%5D=20201210&filter%5Bchild%5D=1"
"Pickalbatros Citadel Sahl Hasheesh (ex. Citadel Azur Resort)","9307.0","27.10.2026 - 03.11.2026","9 dni/7 nocy","","4.5","4.5","4859","tripadvisor","Warszawa - Modlin","2026-09-07T00:04:05.667640+00:00","https://fly.pl/oferta/egipt-wczasy/?filter[dest]=11:&filter[hotelids]=&filter[cityids]=&filter[cregids]=&filter[ofrType]=&filter[addObjType]=&filter[whenFrom]=10-10-2026&filter[whenTo]=05-11-2026&filter[duration]=7:10&filter[from]=&filter[person]=2&filter[child]=1&filter[price]=0:11000&filter[PriceFrom]=0&filter[PriceTo]=11000&filter[addCategory]=50&filter[addCatering]=1&filter[addMisc]=0&filter[addTransport]=F&filter[fp]=1&order_by=ofr_price&filter[tourOperator]=0&filter[childAge][1]=20201210","https://fly.pl/cdn/photo/assets/uploads/582/278/2014/07/Albatros-Citadel-Sahl-Hasheesh-ex.-Citadel-Azur-Resort-fly-pl.jpg","https://fly.pl/wycieczka/egipt,hurghada,c/citadel-azur-resort/py22Eg7ZZGTmzenKxK0qQCAAogzbLC0laPuFAL-WtZgzTNlZeMXePUQkpobZ-BQI6-nbQqBEVYSU0w-_731AZI20hQAVivCWACagJBSXIhHBGh-AarBKCwS7kERRuM-zcYjKNTAdO7_MYNAgBjAQIMT2rlYA/ofertasv/?filter[tourOperator]=EXIM&filter%5Bperson%5D=2&filter%5BchildAge%5D%5B1%5D=20201210&filter%5Bchild%5D=1"
"The V Luxury Resort","9365.0","29.10.2026 - 05.11.2026","8 dni/7 nocy","","4.4","4.4","1029","tripadvisor","Warszawa","2026-09-07T00:04:05.667640+00:00","https://fly.pl/oferta/egipt-wczasy/?filter[dest]=11:&filter[hotelids]=&filter[cityids]=&filter[cregids]=&filter[ofrType]=&filter[addObjType]=&filter[whenFrom]=10-10-2026&filter[whenTo]=05-11-2026&filter[duration]=7:10&filter[from]=&filter[person]=2&filter[child]=1&filter[price]=0:11000&filter[PriceFrom]=0&filter[PriceTo]=11000&filter[addCategory]=50&filter[addCatering]=1&filter[addMisc]=0&filter[addTransport]=F&filter[fp]=1&order_by=ofr_price&filter[tourOperator]=0&filter[childAge][1]=20201210","https://datacfstatic.merlinx.pl/OREX/IMG/3068/81c0ea0627efd6ab9706558c934de376be3a32d51491e8172766c62f9015303c.webp","https://fly.pl/wycieczka/egipt,hurghada,sahl-hasheesh/the-v-luxury-resort-13/pPVEp29PBDFf8DdA1qyjfQAAogSp__cdTc51eLLYRAOk91IRLqCxxQb8S86Hh0k4aD-ioqBE9SRVgw-_731AZIlUlQQVjfCWACagZaSS4yLjFyNpsBFQcXAFgIVgJcCEDCBl2bD08kEeIBU_CbAVIAXq9PS-1DYQBM5Yw6ILj9lwkNAAISYwECC8Wvmss/ofertasv/?filter[tourOperator]=OREX&filter%5Bperson%5D=2&filter%5BchildAge%5D%5B1%5D=20201210&filter%5Bchild%5D=1"
"Titanic Palace Resort","9383.0","29.10.2026 - 05.11.2026","8 dni/7 nocy","","4.5","4.5","7349","tripadvisor","Katowice","2026-09-07T00:04:05.667640+00:00","https://fly.pl/oferta/egipt-wczasy/?filter[dest]=11:&filter[hotelids]=&filter[cityids]=&filter[cregids]=&filter[ofrType]=&filter[addObjType]=&filter[whenFrom]=10-10-2026&filter[whenTo]=05-11-2026&filter[duration]=7:10&filter[from]=&filter[person]=2&filter[child]=1&filter[price]=0:11000&filter[PriceFrom]=0&filter[PriceTo]=11000&filter[addCategory]=50&filter[addCatering]=1&filter[addMisc]=0&filter[addTransport]=F&filter[fp]=1&order_by=ofr_price&filter[tourOperator]=0&filter[childAge][1]=20201210","https://fly.pl/cdn/photo/assets/uploads/582/278/2014/07/Titanic-Palace-Resort.jpg","https://fly.pl/wycieczka/egipt,hurghada,c/titanic-palace-2/pA0_G1Xb8yv8ZmYDsCdoj3AAogO5ff-oZL3YVsQO5XJnEBGwAAAACBhwQAHroEAAcAAAAqBFdFWlkw-_731AZIp0lQQVjfCWADaglFbnRlciBBaXJqBDAwMTVqBDAwMDBqBDAwMDByQZ4BlAGVAZgBHwAcAQIAFgAXBhG9ARKZAxPvCEDVc0zLMk8AS4gfUAAdjbwQIJ1lG9v5Yw2s490IARJjAQxjAQIFLPif8g/ofertasv/?filter[tourOperator]=WEZY&filter%5Bperson%5D=2&filter%5BchildAge%5D%5B1%5D=20201210&filter%5Bchild%5D=1"
"Tropitel Sahl Hasheesh","9410.0","29.10.2026 - 05.11.2026","8 dni/7 nocy","","4.7","4.7","10222","tripadvisor","Katowice","2026-09-07T00:04:05.667640+00:00","https://fly.pl/oferta/egipt-wczasy/?filter[dest]=11:&filter[hotelids]=&filter[cityids]=&filter[cregids]=&filter[ofrType]=&filter[addObjType]=&filter[whenFrom]=10-10-2026&filter[whenTo]=05-11-2026&filter[duration]=7:10&filter[from]=&filter[person]=2&filter[child]=1&filter[price]=0:11000&filter[PriceFrom]=0&filter[PriceTo]=11000&filter[addCategory]=50&filter[addCatering]=1&filter[addMisc]=0&filter[addTransport]=F&filter[fp]=1&order_by=ofr_price&filter[tourOperator]=0&filter[childAge][1]=20201210","https://fly.pl/cdn/photo/assets/uploads/582/278/2014/10/Tropitel-Sahl-Hasheesh.jpg","https://fly.pl/wycieczka/egipt,hurghada,c/tropitel-sahl-hasheesh/poiGtw9oreaDPgkLzt4gCYAAogd_pXy-1qaBTv2dVYcKaSNT6X2l5diRdIrf_KEmAYZzwqBFJOQlcw-_731AZIwklQQVjfCWACagRCd2Nkag1BTExfSU5DTFVTSVZFaiYxNiwyMzQsMjgzLDI5NiwzODAsMzg4LDQ3Nyw0ODMsNDg0LDQ4NXI7nwGWAZ4BFQcXAFgICtABQPgFEcQBGalTEMMLTNsqU4ohUgBLiB9hAB2M6UAPOSDslJIJDQACDGMBAgWyYCdS/ofertasv/?filter[tourOperator]=RNBW&filter%5Bperson%5D=2&filter%5BchildAge%5D%5B1%5D=20201210&filter%5Bchild%5D=1"
"Steigenberger Aqua Magic","9467.0","27.10.2026 - 03.11.2026","9 dni/7 nocy","","4.6","4.6","10361","tripadvisor","Warszawa - Modlin","2026-09-07T00:04:05.667640+00:00","https://fly.pl/oferta/egipt-wczasy/?filter[dest]=11:&filter[hotelids]=&filter[cityids]=&filter[cregids]=&filter[ofrType]=&filter[addObjType]=&filter[whenFrom]=10-10-2026&filter[whenTo]=05-11-2026&filter[duration]=7:10&filter[from]=&filter[person]=2&filter[child]=1&filter[price]=0:11000&filter[PriceFrom]=0&filter[PriceTo]=11000&filter[addCategory]=50&filter[addCatering]=1&filter[addMisc]=0&filter[addTransport]=F&filter[fp]=1&order_by=ofr_price&filter[tourOperator]=0&filter[childAge][1]=20201210","https://fly.pl/cdn/photo/assets/uploads/582/278/2014/09/Steigenberger-Aqua-Magic.jpg","https://fly.pl/wycieczka/egipt,hurghada,c/steigenberger-aqua-magic/ptF8IYPAnikj1wSC3QpxnPAAog5WwAnsMZGKppjUCWmQXP-peMXePUQkpobZ-BQI6-nbQqBEVYSU0w-_731AZI-0lQAVivCWACagJBSXIhHBGagAerBKeoS7kERRuT2UAYqshIAfuvobMNAhJjAQILRQzqGA/ofertasv/?filter[tourOperator]=EXIM&filter%5Bperson%5D=2&filter%5BchildAge%5D%5B1%5D=20201210&filter%5Bchild%5D=1"
"Sirena Beach Resort & Spa","9518.0","21.10.2026 - 28.10.2026","8 dni/7 nocy","","4.7","4.7","466","tripadvisor","Katowice","2026-09-07T00:04:05.667640+00:00","https://fly.pl/oferta/egipt-wczasy/?filter[dest]=11:&filter[hotelids]=&filter[cityids]=&filter[cregids]=&filter[ofrType]=&filter[addObjType]=&filter[whenFrom]=10-10-2026&filter[whenTo]=05-11-2026&filter[duration]=7:10&filter[from]=&filter[person]=2&filter[child]=1&filter[price]=0:11000&filter[PriceFrom]=0&filter[PriceTo]=11000&filter[addCategory]=50&filter[addCatering]=1&filter[addMisc]=0&filter[addTransport]=F&filter[fp]=1&order_by=ofr_price&filter[tourOperator]=0&filter[childAge][1]=20201210","https://datacfstatic.merlinx.pl/OREX/IMG/3216/86c44a9a8004959be2f4ed092ee91d3286d5e121550a04aac54449146091b82b.webp","https://fly.pl/wycieczka/egipt,marsa-alam,al-kusajr/movenpick-sirena-beach-13/pfkG72n924s6fEDXQjpPIKAAogVG-i4pDTkxNhoT4l2VHVn6HYx8dHtHpw8fXuNNDPihYqBE9SRVgw-_731AZIrkpQQVifCGACagdHS1guMi4xcjabARUHFwBcA1gFVgJAygYRtRJdzhFPJEvypwFhAF6nMFK8FFMATJa8Og2w_ZcJIAACEmMBAg2lvy3X/ofertasv/?filter[tourOperator]=OREX&filter%5Bperson%5D=2&filter%5BchildAge%5D%5B1%5D=20201210&filter%5Bchild%5D=1"
"Palm Royale Soma Bay","9527.0","29.10.2026 - 05.11.2026","8 dni/7 nocy","","4.7","4.7","7180","tripadvisor","Warszawa","2026-09-07T00:04:05.667640+00:00","https://fly.pl/oferta/egipt-wczasy/?filter[dest]=11:&filter[hotelids]=&filter[cityids]=&filter[cregids]=&filter[ofrType]=&filter[addObjType]=&filter[whenFrom]=10-10-2026&filter[whenTo]=05-11-2026&filter[duration]=7:10&filter[from]=&filter[person]=2&filter[child]=1&filter[price]=0:11000&filter[PriceFrom]=0&filter[PriceTo]=11000&filter[addCategory]=50&filter[addCatering]=1&filter[addMisc]=0&filter[addTransport]=F&filter[fp]=1&order_by=ofr_price&filter[tourOperator]=0&filter[childAge][1]=20201210","https://fly.pl/cdn/photo/assets/uploads/582/278/2014/09/Palm-Royale-Resort-Soma-Bay.jpg","https://fly.pl/wycieczka/egipt,hurghada,soma-bay/palm-royale-soma-bay/pjzHYFHoht4VlZ2tIIXqCGAAogFpUJElT_it3OF5WnnrZ1MxLqCxxQb8S86Hh0k4aD-ioqBE9SRVgw-_731AZIt0pQQVjfCWACagZFQy4yLjFyNZsBFQcXAFwDWAVWAhEwQJoGXZsPTyRT0p0BUgBer09L7UNhAEzljDoguP2XCQ0AAhJjAQINex-EiQ/ofertasv/?filter[tourOperator]=OREX&filter%5Bperson%5D=2&filter%5BchildAge%5D%5B1%5D=20201210&filter%5Bchild%5D=1"
"Renaissance Golden View Beach Resort by Marriott","9527.0","13.10.2026 - 20.10.2026","8 dni/7 nocy","","4.5","4.5","7216","tripadvisor","Katowice","2026-09-07T00:04:05.667640+00:00","https://fly.pl/oferta/egipt-wczasy/?filter[dest]=11:&filter[hotelids]=&filter[cityids]=&filter[cregids]=&filter[ofrType]=&filter[addObjType]=&filter[whenFrom]=10-10-2026&filter[whenTo]=05-11-2026&filter[duration]=7:10&filter[from]=&filter[person]=2&filter[child]=1&filter[price]=0:11000&filter[PriceFrom]=0&filter[PriceTo]=11000&filter[addCategory]=50&filter[addCatering]=1&filter[addMisc]=0&filter[addTransport]=F&filter[fp]=1&order_by=ofr_price&filter[tourOperator]=0&filter[childAge][1]=20201210","https://fly.pl/cdn/photo/assets/uploads/582/278/2014/07/Renaissance-Golden-View-Beach-Resort.jpg","https://fly.pl/wycieczka/egipt,sharm-el-sheikh,c/renaissance-golden-view-beach/pQMgsKI0I-3RGXKGuzBxnyAAognASfKIY_xRgA6nDyBpKvkTZPnluiPTRbLKmNIwYEcH4qBEVYSU0w-_731AZIt0pQAVjfBmACagJBSXIhHBGOyga5BOb2PasEGxvcpjwY3IU-Ac7F6-8KAgBjAQILrcQbgQ/ofertasv/?filter[tourOperator]=EXIM&filter%5Bperson%5D=2&filter%5BchildAge%5D%5B1%5D=20201210&filter%5Bchild%5D=1"
"Double Tree by Hilton Mangroovy El Gouna Resort","9540.0","29.10.2026 - 05.11.2026","8 dni/7 nocy","","","","","","Warszawa","2026-09-07T00:04:05.667640+00:00","https://fly.pl/oferta/egipt-wczasy/?filter[dest]=11:&filter[hotelids]=&filter[cityids]=&filter[cregids]=&filter[ofrType]=&filter[addObjType]=&filter[whenFrom]=10-10-2026&filter[whenTo]=05-11-2026&filter[duration]=7:10&filter[from]=&filter[person]=2&filter[child]=1&filter[price]=0:11000&filter[PriceFrom]=0&filter[PriceTo]=11000&filter[addCategory]=50&filter[addCatering]=1&filter[addMisc]=0&filter[addTransport]=F&filter[fp]=1&order_by=ofr_price&filter[tourOperator]=0&filter[childAge][1]=20201210","https://datacfstatic.merlinx.pl/OREX/IMG/6513/61970b72b312ea6d0373821b3cb6271ebffe7a152e252532c893aa503ed99358.webp","https://fly.pl/wycieczka/egipt,hurghada,al-dzuna/double-tree-by-hilton-mangroovy-el-gouna-13/pgoZfPbxSilEJCht-PeFFmAAogQQrWZQtdXDhTokCugBpBfRLqCxxQb8S86Hh0k4aD-ioqBE9SRVgw-_731AZIxEpQQVjfCWACagdOVjYuMi4xcjabARUHFwBcA1gFVgJAygZdmw9PJBHXHFP7gAFSAF6vT0vtQ2EATOWMOiC4_ZcJDQACEmMBAgsrQ9zN/ofertasv/?filter[tourOperator]=OREX&filter%5Bperson%5D=2&filter%5BchildAge%5D%5B1%5D=20201210&filter%5Bchild%5D=1"
"Sunrise Select Garden Beach Resort & Spa","9565.0","27.10.2026 - 03.11.2026","9 dni/7 nocy","","4.7","4.7","9739","tripadvisor","Warszawa - Modlin","2026-09-07T00:04:05.667640+00:00","https://fly.pl/oferta/egipt-wczasy/?filter[dest]=11:&filter[hotelids]=&filter[cityids]=&filter[cregids]=&filter[ofrType]=&filter[addObjType]=&filter[whenFrom]=10-10-2026&filter[whenTo]=05-11-2026&filter[duration]=7:10&filter[from]=&filter[person]=2&filter[child]=1&filter[price]=0:11000&filter[PriceFrom]=0&filter[PriceTo]=11000&filter[addCategory]=50&filter[addCatering]=1&filter[addMisc]=0&filter[addTransport]=F&filter[fp]=1&order_by=ofr_price&filter[tourOperator]=0&filter[childAge][1]=20201210","https://fly.pl/cdn/photo/assets/uploads/582/278/2014/09/Sunrise-Garden-Beach-Resort-Spa.jpg","https://fly.pl/wycieczka/egipt,hurghada,c/sunrise-select-garden-beach-resort-spa/pp2CnNqqnQvr5uW2FB2hMqAAog5ej7uMe1JNBPlCQ7ez-h63-RivCO5fCdWQwfiBpU-nUqBE9BU0kw-_731AZI3UpQAVivCWACagNBSWxyIRwRr8ABqwS93g-5BEAbtMEPGMeEEwGi4remAgIAYwECC5fE8pA/ofertasv/?filter[tourOperator]=OASI&filter%5Bperson%5D=2&filter%5BchildAge%5D%5B1%5D=20201210&filter%5Bchild%5D=1"
"El Malikia Resort Abu Dabbab (ex.Sol Y Mar)","9633.0","22.10.2026 - 29.10.2026","8 dni/7 nocy","","4.5","4.5","6764","tripadvisor","Katowice","2026-09-07T00:04:05.667640+00:00","https://fly.pl/oferta/egipt-wczasy/?filter[dest]=11:&filter[hotelids]=&filter[cityids]=&filter[cregids]=&filter[ofrType]=&filter[addObjType]=&filter[whenFrom]=10-10-2026&filter[whenTo]=05-11-2026&filter[duration]=7:10&filter[from]=&filter[person]=2&filter[child]=1&filter[price]=0:11000&filter[PriceFrom]=0&filter[PriceTo]=11000&filter[addCategory]=50&filter[addCatering]=1&filter[addMisc]=0&filter[addTransport]=F&filter[fp]=1&order_by=ofr_price&filter[tourOperator]=0&filter[childAge][1]=20201210","https://fly.pl/cdn/photo/assets/uploads/582/278/2016/11/El-Malikia-Resort-Abu-Dabbab-ex.Sol-Y-Mar-fly-pl.jpg","https://fly.pl/wycieczka/egipt,marsa-alam,c/el-malikia-resort-abu-dabbab-ex-sol-y-mar/pcW38tuoqgKWAhE_PIt76LAAogo0q9YG6bVxhicxi1gl8NqYaHhndt-fCFnIyuOdpN4Z8qBFNGUEww-_731AZIoUtQQVi3CGACciELAxUEIgYSJ1zGAkAuW_cDDf_J1AlR96_kkgYCEmMBAgYFJtKf/ofertasv/?filter[tourOperator]=SFPL&filter%5Bperson%5D=2&filter%5BchildAge%5D%5B1%5D=20201210&filter%5Bchild%5D=1"
"Hilton Plaza (Hurghada)","9644.0","29.10.2026 - 05.11.2026","8 dni/7 nocy","","4.6","4.6","4238","tripadvisor","Warszawa","2026-09-07T00:04:05.667640+00:00","https://fly.pl/oferta/egipt-wczasy/?filter[dest]=11:&filter[hotelids]=&filter[cityids]=&filter[cregids]=&filter[ofrType]=&filter[addObjType]=&filter[whenFrom]=10-10-2026&filter[whenTo]=05-11-2026&filter[duration]=7:10&filter[from]=&filter[person]=2&filter[child]=1&filter[price]=0:11000&filter[PriceFrom]=0&filter[PriceTo]=11000&filter[addCategory]=50&filter[addCatering]=1&filter[addMisc]=0&filter[addTransport]=F&filter[fp]=1&order_by=ofr_price&filter[tourOperator]=0&filter[childAge][1]=20201210","https://fly.pl/cdn/photo/assets/uploads/582/278/2014/10/Hilton-Plaza.jpg","https://fly.pl/wycieczka/egipt,hurghada,c/hilton-plaza-hurghada/pdD_PFIQFppjZlA-OOUG0jAAogDxVZQjh5ZFUMT5h7bfSvjBLqCxxQb8S86Hh0k4aD-ioqBE9SRVgw-_731AZIrEtQQVjfCWACagVFLjIuMXI1mwEVBxcAXANYBVYCEVpA8AVdmw9PJFPSnQFSAF6vT0vtQ2EATOWMOiC4_ZcJDQACEmMBAguZ4law/ofertasv/?filter[tourOperator]=OREX&filter%5Bperson%5D=2&filter%5BchildAge%5D%5B1%5D=20201210&filter%5Bchild%5D=1"
"Pickalbatros Laguna Vista Beach","9655.0","28.10.2026 - 04.11.2026","9 dni/7 nocy","","4.0","4.0","3068","tripadvisor","Gdańsk","2026-09-07T00:04:05.667640+00:00","https://fly.pl/oferta/egipt-wczasy/?filter[dest]=11:&filter[hotelids]=&filter[cityids]=&filter[cregids]=&filter[ofrType]=&filter[addObjType]=&filter[whenFrom]=10-10-2026&filter[whenTo]=05-11-2026&filter[duration]=7:10&filter[from]=&filter[person]=2&filter[child]=1&filter[price]=0:11000&filter[PriceFrom]=0&filter[PriceTo]=11000&filter[addCategory]=50&filter[addCatering]=1&filter[addMisc]=0&filter[addTransport]=F&filter[fp]=1&order_by=ofr_price&filter[tourOperator]=0&filter[childAge][1]=20201210","https://fly.pl/cdn/photo/assets/uploads/582/278/2014/07/laguna.jpg","https://fly.pl/wycieczka/egipt,sharm-el-sheikh,c/laguna-vista-beach/pFvxYqUySTK9n0voatWHGhAAogXpXj3GP2dbKL_hXINV-b-nIhrbyPomD2uW-Fwn8rcgYqBE9BU0kw-_731AZIt0tQAVjHCWACagNBSWxyIRwRpq8BuQTNqxCrBBIbu4gOGNz9EQG4voWpAgIAYwECDHYmihM/ofertasv/?filter[tourOperator]=OASI&filter%5Bperson%5D=2&filter%5BchildAge%5D%5B1%5D=20201210&filter%5Bchild%5D=1"
"Serenity Sky Arc","9677.0","15.10.2026 - 22.10.2026","8 dni/7 nocy","","","","","","Wrocław","2026-09-07T00:04:05.667640+00:00","https://fly.pl/oferta/egipt-wczasy/?filter[dest]=11:&filter[hotelids]=&filter[cityids]=&filter[cregids]=&filter[ofrType]=&filter[addObjType]=&filter[whenFrom]=10-10-2026&filter[whenTo]=05-11-2026&filter[duration]=7:10&filter[from]=&filter[person]=2&filter[child]=1&filter[price]=0:11000&filter[PriceFrom]=0&filter[PriceTo]=11000&filter[addCategory]=50&filter[addCatering]=1&filter[addMisc]=0&filter[addTransport]=F&filter[fp]=1&order_by=ofr_price&filter[tourOperator]=0&filter[childAge][1]=20201210","https://datacfstatic.merlinx.pl/EXIM/IMG/105925/cf3c14898a23b0b49569de311369928ab20dff35cd198358119db51d531b20bd.webp","https://fly.pl/wycieczka/egipt,hurghada,sahl-hasheesh/serenity-sky-arc-10/pFVdrc_2KcWbi8Jg_VNdvOAAogoRQq1I1Q1j0U2cxUXIUBBOJkFGC95BV6NPIm-ieal6cqBEVYSU0w-_731AZIzUtQAViPB2ACagJBSXIhHBHFuwa5BKuBPqsEHBvm4C8YkNo2AYL9tIsJAgBjAQIGJM9rVQ/ofertasv/?filter[tourOperator]=EXIM&filter%5Bperson%5D=2&filter%5BchildAge%5D%5B1%5D=20201210&filter%5Bchild%5D=1"
"Lazuli (Marsa Alam)","9697.0","10.10.2026 - 18.10.2026","9 dni/7 nocy","","4.7","4.7","1084","tripadvisor","Katowice","2026-09-07T00:04:05.667640+00:00","https://fly.pl/oferta/egipt-wczasy/?filter[dest]=11:&filter[hotelids]=&filter[cityids]=&filter[cregids]=&filter[ofrType]=&filter[addObjType]=&filter[whenFrom]=10-10-2026&filter[whenTo]=05-11-2026&filter[duration]=7:10&filter[from]=&filter[person]=2&filter[child]=1&filter[price]=0:11000&filter[PriceFrom]=0&filter[PriceTo]=11000&filter[addCategory]=50&filter[addCatering]=1&filter[addMisc]=0&filter[addTransport]=F&filter[fp]=1&order_by=ofr_price&filter[tourOperator]=0&filter[childAge][1]=20201210","https://fly.pl/cdn/photo/assets/uploads/582/278/2021/06/Lazuli1.jpg","https://fly.pl/wycieczka/egipt,marsa-alam,al-kusajr/lazuli-13/pN0KCxiz-Xr0KMGbcK4ugfAAogoxvHCaKyz5Wm-dM75hIKFs2OMtZNx-LUHcFji65TG9AqBFZJVFgw-_731AZI4UtQQViXBmACckAaABUHFwBcA1gFQI8DW7-DAWGXTEsAXqcwUrwUUwBMneQ5DZ7VmAkgAV2s65HsqAFPlNqZijdRl60BAg1jAQIM1WwEFg/ofertasv/?filter[tourOperator]=VITX&filter%5Bperson%5D=2&filter%5BchildAge%5D%5B1%5D=20201210&filter%5Bchild%5D=1"
"Gorgonia Beach","9783.0","20.10.2026 - 27.10.2026","8 dni/7 nocy","","4.5","4.5","3761","tripadvisor","Warszawa","2026-09-07T00:04:05.667640+00:00","https://fly.pl/oferta/egipt-wczasy/?filter[dest]=11:&filter[hotelids]=&filter[cityids]=&filter[cregids]=&filter[ofrType]=&filter[addObjType]=&filter[whenFrom]=10-10-2026&filter[whenTo]=05-11-2026&filter[duration]=7:10&filter[from]=&filter[person]=2&filter[child]=1&filter[price]=0:11000&filter[PriceFrom]=0&filter[PriceTo]=11000&filter[addCategory]=50&filter[addCatering]=1&filter[addMisc]=0&filter[addTransport]=F&filter[fp]=1&order_by=ofr_price&filter[tourOperator]=0&filter[childAge][1]=20201210","https://fly.pl/cdn/photo/assets/uploads/582/278/2016/12/Gorgonia-Beach-Resort.jpg","https://fly.pl/wycieczka/egipt,marsa-alam,c/gorgonia-beach/pQ6DxzLkl2HGeWpUicgX_zAAog9neub51qzm8qFv04mqPBk9ExpNyR8PdMYb0hQMEv2X0qBFNGUEww-_731AZIt0xQQViHCGACciMLAhUFIgYSJ1zGAkAuDfTN1AlRy_PjkgZbifjAHwISYwECBikZPVg/ofertasv/?filter[tourOperator]=SFPL&filter%5Bperson%5D=2&filter%5BchildAge%5D%5B1%5D=20201210&filter%5Bchild%5D=1"
"Safir Dahab Resort","9822.0","13.10.2026 - 20.10.2026","8 dni/7 nocy","","4.5","4.5","1512","tripadvisor","Katowice","2026-09-07T00:04:05.667640+00:00","https://fly.pl/oferta/egipt-wczasy/?filter[dest]=11:&filter[hotelids]=&filter[cityids]=&filter[cregids]=&filter[ofrType]=&filter[addObjType]=&filter[whenFrom]=10-10-2026&filter[whenTo]=05-11-2026&filter[duration]=7:10&filter[from]=&filter[person]=2&filter[child]=1&filter[price]=0:11000&filter[PriceFrom]=0&filter[PriceTo]=11000&filter[addCategory]=50&filter[addCatering]=1&filter[addMisc]=0&filter[addTransport]=F&filter[fp]=1&order_by=ofr_price&filter[tourOperator]=0&filter[childAge][1]=20201210","https://fly.pl/cdn/photo/assets/uploads/582/278/2015/09/Safir-Dahab-Resort.jpg","https://fly.pl/wycieczka/egipt,dahab,c/dahab-resort/p6zEOIZ0riXtlHl9VGcS1oAAog2FIJYsgjhfpHcxUHF8XIzlATkd0Et3pHZ-B5Uah2j-0qBEpPSVAw_P731AZI3kxQQVjfBmACagMwMHdyQpsBFAEVBhcAXANYBVYCQMoGT-IBXQBLt8oBYQBepzARxARS4htTAEyssDoNqP2XCSAAAaPh_PDkiMygMAINYwEAC5GT7M8/ofertasv/?filter[tourOperator]=JOIP&filter%5Bperson%5D=2&filter%5BchildAge%5D%5B1%5D=20201210&filter%5Bchild%5D=1"
"Domina Coral Bay Resort","9840.0","24.10.2026 - 31.10.2026","8 dni/7 nocy","","4.2","4.2","12412","tripadvisor","Warszawa","2026-09-07T00:04:05.667640+00:00","https://fly.pl/oferta/egipt-wczasy/?filter[dest]=11:&filter[hotelids]=&filter[cityids]=&filter[cregids]=&filter[ofrType]=&filter[addObjType]=&filter[whenFrom]=10-10-2026&filter[whenTo]=05-11-2026&filter[duration]=7:10&filter[from]=&filter[person]=2&filter[child]=1&filter[price]=0:11000&filter[PriceFrom]=0&filter[PriceTo]=11000&filter[addCategory]=50&filter[addCatering]=1&filter[addMisc]=0&filter[addTransport]=F&filter[fp]=1&order_by=ofr_price&filter[tourOperator]=0&filter[childAge][1]=20201210","https://fly.pl/cdn/photo/assets/uploads/582/278/2014/07/DOMINA.jpg","https://fly.pl/wycieczka/egipt,sharm-el-sheikh,c/domina-coral-bay-resort-sharm-el-sheikh/pAa9wTwaPzfPy7-fxqF2aiAAogNUm0aogpLaPbXoUBKazRwAAAAACbhAQAuIQEAAcAEgAqBFdFWlkw_P731AZI8ExQQVjnCGADaglFbnRlciBBaXJqBDA4MDByQ54BlQEfAAIBHAAWBBcCEu0DGKEEE7ECFMkEQJJyT6CiAUwAS8cjUAAR50UdrPwOIB0btO0EDbTavQkBEmMBDWMBAwXvG6cm/ofertasv/?filter[tourOperator]=WEZY&filter%5Bperson%5D=2&filter%5BchildAge%5D%5B1%5D=20201210&filter%5Bchild%5D=1"
"Pickalbatros Dana Beach Resort","9847.0","27.10.2026 - 03.11.2026","9 dni/7 nocy","","4.4","4.4","2858","tripadvisor","Warszawa - Modlin","2026-09-07T00:04:05.667640+00:00","https://fly.pl/oferta/egipt-wczasy/?filter[dest]=11:&filter[hotelids]=&filter[cityids]=&filter[cregids]=&filter[ofrType]=&filter[addObjType]=&filter[whenFrom]=10-10-2026&filter[whenTo]=05-11-2026&filter[duration]=7:10&filter[from]=&filter[person]=2&filter[child]=1&filter[price]=0:11000&filter[PriceFrom]=0&filter[PriceTo]=11000&filter[addCategory]=50&filter[addCatering]=1&filter[addMisc]=0&filter[addTransport]=F&filter[fp]=1&order_by=ofr_price&filter[tourOperator]=0&filter[childAge][1]=20201210","https://fly.pl/cdn/photo/assets/uploads/582/278/2014/10/Dana-Beach-Resort-fly-pl-1.jpg","https://fly.pl/wycieczka/egipt,hurghada,c/dana-beach/pcXrWWMM-jgVcgvX5PUcIQAAogGhUe-7e9uaIQqCaDkkKgrpeMXePUQkpobZ-BQI6-nbQqBEVYSU0w_P731AZI90xQAVivCWACagJBSXIhHBGi-AarBJ-wS7kERRuf-zcY5KFTAYOU9sYNAgBjAQIMJFLVfA/ofertasv/?filter[tourOperator]=EXIM&filter%5Bperson%5D=2&filter%5BchildAge%5D%5B1%5D=20201210&filter%5Bchild%5D=1"
"Coral Sea Holiday Resort","9862.0","13.10.2026 - 20.10.2026","8 dni/7 nocy","","4.5","4.5","10280","tripadvisor","Katowice","2026-09-07T00:04:05.667640+00:00","https://fly.pl/oferta/egipt-wczasy/?filter[dest]=11:&filter[hotelids]=&filter[cityids]=&filter[cregids]=&filter[ofrType]=&filter[addObjType]=&filter[whenFrom]=10-10-2026&filter[whenTo]=05-11-2026&filter[duration]=7:10&filter[from]=&filter[person]=2&filter[child]=1&filter[price]=0:11000&filter[PriceFrom]=0&filter[PriceTo]=11000&filter[addCategory]=50&filter[addCatering]=1&filter[addMisc]=0&filter[addTransport]=F&filter[fp]=1&order_by=ofr_price&filter[tourOperator]=0&filter[childAge][1]=20201210","https://fly.pl/cdn/photo/assets/uploads/582/278/2014/07/Coral-Sea-Holiday-Resort.jpg","https://fly.pl/wycieczka/egipt,sharm-el-sheikh,c/coral-sea-holiday-village/pfZtZPzf_6tb2_h8GkQ1VpAAogFNwGuo71zQ1MPy9d9_7q_FATkd0Et3pHZ-B5Uah2j-0qBEpPSVAw_P731AZIhk1QQVjfBmACagNDR21yQpsBFAEVBhcAXANYBVYCQMoGT-IBXQBLt8oBYQBepzAR1BNS0gxTAEyssDoNqP2XCSAAAcHJuIClicygMAINYwEADJmZ-G4/ofertasv/?filter[tourOperator]=JOIP&filter%5Bperson%5D=2&filter%5BchildAge%5D%5B1%5D=20201210&filter%5Bchild%5D=1"
"Coral Sea Water World Resort","9871.0","13.10.2026 - 20.10.2026","8 dni/7 nocy","","4.5","4.5","9373","tripadvisor","Katowice","2026-09-07T00:04:05.667640+00:00","https://fly.pl/oferta/egipt-wczasy/?filter[dest]=11:&filter[hotelids]=&filter[cityids]=&filter[cregids]=&filter[ofrType]=&filter[addObjType]=&filter[whenFrom]=10-10-2026&filter[whenTo]=05-11-2026&filter[duration]=7:10&filter[from]=&filter[person]=2&filter[child]=1&filter[price]=0:11000&filter[PriceFrom]=0&filter[PriceTo]=11000&filter[addCategory]=50&filter[addCatering]=1&filter[addMisc]=0&filter[addTransport]=F&filter[fp]=1&order_by=ofr_price&filter[tourOperator]=0&filter[childAge][1]=20201210","https://fly.pl/cdn/photo/assets/uploads/582/278/2014/07/Coral-Sea-Waterworld.jpg","https://fly.pl/wycieczka/egipt,sharm-el-sheikh,c/coral-sea-water-world/p74Z35qyBWZfx_v_3309EFAAogiwVAr_uHQ-nksYc1IaRWSVATkd0Et3pHZ-B5Uah2j-0qBEpPSVAw_P731AZIj01QQVjfBmACagMxMm9yQpsBFAEVBhcAXANYBVYCQMoGT-IBXQBLt8oBYQBepzAR1RNS0QxTAEyssDoNqP2XCSAAAcXd1JClicygMAINYwEADD39XEw/ofertasv/?filter[tourOperator]=JOIP&filter%5Bperson%5D=2&filter%5BchildAge%5D%5B1%5D=20201210&filter%5Bchild%5D=1"
"Reef Oasis Suakin Resort","9897.0","17.10.2026 - 25.10.2026","9 dni/7 nocy","","4.8","4.8","1420","tripadvisor","Katowice","2026-09-07T00:04:05.667640+00:00","https://fly.pl/oferta/egipt-wczasy/?filter[dest]=11:&filter[hotelids]=&filter[cityids]=&filter[cregids]=&filter[ofrType]=&filter[addObjType]=&filter[whenFrom]=10-10-2026&filter[whenTo]=05-11-2026&filter[duration]=7:10&filter[from]=&filter[person]=2&filter[child]=1&filter[price]=0:11000&filter[PriceFrom]=0&filter[PriceTo]=11000&filter[addCategory]=50&filter[addCatering]=1&filter[addMisc]=0&filter[addTransport]=F&filter[fp]=1&order_by=ofr_price&filter[tourOperator]=0&filter[childAge][1]=20201210","https://fly.pl/cdn/photo/assets/uploads/582/278/2024/07/reef-oasis-suakin-resort.jpg","https://fly.pl/wycieczka/egipt,marsa-alam,c/reef-oasis-suakin-resort-11/p_Mvtn3sspnly4p67zQAc5AAogtBcnyDKlttK5eINGm0j2H0AjZndl-XRS1STVnHmHuVYqBFZJVFgw_P731AZIqU1QQVi_B2ACckAaABUHFwBcA1gFQI8DW6eGAWGvSUsAXqcwUrwUUwBMoOQ5DaLVmAkgAV2j65HsqAFPlNqZijdR1toSAgxjAQIL07y-Fw/ofertasv/?filter[tourOperator]=VITX&filter%5Bperson%5D=2&filter%5BchildAge%5D%5B1%5D=20201210&filter%5Bchild%5D=1"
"Sentido Mamlouk Palace Resort & Spa (ex Sunrise)","9973.0","29.10.2026 - 05.11.2026","8 dni/7 nocy","","4.7","4.7","12040","tripadvisor","Katowice","2026-09-07T00:04:05.667640+00:00","https://fly.pl/oferta/egipt-wczasy/?filter[dest]=11:&filter[hotelids]=&filter[cityids]=&filter[cregids]=&filter[ofrType]=&filter[addObjType]=&filter[whenFrom]=10-10-2026&filter[whenTo]=05-11-2026&filter[duration]=7:10&filter[from]=&filter[person]=2&filter[child]=1&filter[price]=0:11000&filter[PriceFrom]=0&filter[PriceTo]=11000&filter[addCategory]=50&filter[addCatering]=1&filter[addMisc]=0&filter[addTransport]=F&filter[fp]=1&order_by=ofr_price&filter[tourOperator]=0&filter[childAge][1]=20201210","https://fly.pl/cdn/photo/assets/uploads/582/278/2014/10/Sentido-Mamlouk-Palace-Resort-Spa.jpg","https://fly.pl/wycieczka/egipt,hurghada,c/sentido-mamlouk-palace-resort-ex-sunrise/pSh7WXWeza4Qy4CrzZ5fgIAAogtYsHrWS5Enx89vuXrIFDTU06z87_Cgpl9JIak3ep62gqBFNGUEww_P731AZI9U1QQVjfCWACciMLAxUEIgYSIVzMAkAuW-fwUQ2W3YIJUajF0PuPAQISYwECBQyVx4w/ofertasv/?filter[tourOperator]=SFPL&filter%5Bperson%5D=2&filter%5BchildAge%5D%5B1%5D=20201210&filter%5Bchild%5D=1"
"Jaz Elite Asteria (Hurghada)","10017.0","27.10.2026 - 03.11.2026","9 dni/7 nocy","","4.9","4.9","620","tripadvisor","Warszawa - Modlin","2026-09-07T00:04:05.667640+00:00","https://fly.pl/oferta/egipt-wczasy/?filter[dest]=11:&filter[hotelids]=&filter[cityids]=&filter[cregids]=&filter[ofrType]=&filter[addObjType]=&filter[whenFrom]=10-10-2026&filter[whenTo]=05-11-2026&filter[duration]=7:10&filter[from]=&filter[person]=2&filter[child]=1&filter[price]=0:11000&filter[PriceFrom]=0&filter[PriceTo]=11000&filter[addCategory]=50&filter[addCatering]=1&filter[addMisc]=0&filter[addTransport]=F&filter[fp]=1&order_by=ofr_price&filter[tourOperator]=0&filter[childAge][1]=20201210","https://fly.pl/cdn/photo/assets/uploads/582/278/2024/07/jaz-asteria-beach.jpg","https://fly.pl/wycieczka/egipt,hurghada,sahl-hasheesh/jaz-asteria-beach-11/pRpr_Yj3jrQENHwt_QuRwEAAog6haa7-qW7wRfloMD_pyTKZeMXePUQkpobZ-BQI6-nbQqBEVYSU0w_P731AZIoU5QAVivCWACagJBSXIhHBGz_warBI6pS7kERRvko0AYsN5HAZK0nawNAhJjAQIMoRTUUw/ofertasv/?filter[tourOperator]=EXIM&filter%5Bperson%5D=2&filter%5BchildAge%5D%5B1%5D=20201210&filter%5Bchild%5D=1"
"Jaz Sharm Dreams Resort","10024.0","24.10.2026 - 31.10.2026","8 dni/7 nocy","","4.3","4.3","6511","tripadvisor","Warszawa","2026-09-07T00:04:05.667640+00:00","https://fly.pl/oferta/egipt-wczasy/?filter[dest]=11:&filter[hotelids]=&filter[cityids]=&filter[cregids]=&filter[ofrType]=&filter[addObjType]=&filter[whenFrom]=10-10-2026&filter[whenTo]=05-11-2026&filter[duration]=7:10&filter[from]=&filter[person]=2&filter[child]=1&filter[price]=0:11000&filter[PriceFrom]=0&filter[PriceTo]=11000&filter[addCategory]=50&filter[addCatering]=1&filter[addMisc]=0&filter[addTransport]=F&filter[fp]=1&order_by=ofr_price&filter[tourOperator]=0&filter[childAge][1]=20201210","https://fly.pl/cdn/photo/assets/uploads/582/278/2014/07/Jaz-Sharm-Dreams.jpg","https://fly.pl/wycieczka/egipt,sharm-el-sheikh,c/hilton-sharm-dreams-resort/pBZ7iIEkxEaeYaWa2F3NtLAAog6D9alq0QaV_MxGrjyiuqcQAAAACbhAQAuIQEAAcAEgAqBFdFWlkw_P731AZIqE5QQVjnCGADaglFbnRlciBBaXJqBDA4MDByQp4BlQEfABwBAgAWBBcCEVsSkgMYoQQTsQIUyQRAknJMoKIBTwBLxyNQABu51AMd2u0LIB0N6MfCCQESYwENYwEDBeT853Q/ofertasv/?filter[tourOperator]=WEZY&filter%5Bperson%5D=2&filter%5BchildAge%5D%5B1%5D=20201210&filter%5Bchild%5D=1"
"The Cascades Golf Resort Spa & Thalasso (ex Westin Soma Bay)","10033.0","27.10.2026 - 03.11.2026","9 dni/7 nocy","","4.4","4.4","277","tripadvisor","Warszawa - Modlin","2026-09-07T00:04:05.667640+00:00","https://fly.pl/oferta/egipt-wczasy/?filter[dest]=11:&filter[hotelids]=&filter[cityids]=&filter[cregids]=&filter[ofrType]=&filter[addObjType]=&filter[whenFrom]=10-10-2026&filter[whenTo]=05-11-2026&filter[duration]=7:10&filter[from]=&filter[person]=2&filter[child]=1&filter[price]=0:11000&filter[PriceFrom]=0&filter[PriceTo]=11000&filter[addCategory]=50&filter[addCatering]=1&filter[addMisc]=0&filter[addTransport]=F&filter[fp]=1&order_by=ofr_price&filter[tourOperator]=0&filter[childAge][1]=20201210","https://fly.pl/cdn/photo/assets/uploads/582/278/2014/10/The-Cascades-Golf-Resort-Spa-Thalasso.jpg","https://fly.pl/wycieczka/egipt,hurghada,soma-bay/la-residence-des-cascades/pGM0nx2j88lyYdwr1YwA1aAAogcvOipXiiQ7Rqz4w3oSEOQ3-RivCO5fCdWQwfiBpU-nUqBE9BU0kw_P731AZIsU5QAVivCWACagNBSWxyIRwRtMABqwS43g-5BEAbhMMPGNiFEwGh28imAgIAYwECDIGNZJU/ofertasv/?filter[tourOperator]=OASI&filter%5Bperson%5D=2&filter%5BchildAge%5D%5B1%5D=20201210&filter%5Bchild%5D=1"
"Amphoras Beach","10067.0","13.10.2026 - 20.10.2026","8 dni/7 nocy","","4.4","4.4","6746","tripadvisor","Katowice","2026-09-07T00:04:05.667640+00:00","https://fly.pl/oferta/egipt-wczasy/?filter[dest]=11:&filter[hotelids]=&filter[cityids]=&filter[cregids]=&filter[ofrType]=&filter[addObjType]=&filter[whenFrom]=10-10-2026&filter[whenTo]=05-11-2026&filter[duration]=7:10&filter[from]=&filter[person]=2&filter[child]=1&filter[price]=0:11000&filter[PriceFrom]=0&filter[PriceTo]=11000&filter[addCategory]=50&filter[addCatering]=1&filter[addMisc]=0&filter[addTransport]=F&filter[fp]=1&order_by=ofr_price&filter[tourOperator]=0&filter[childAge][1]=20201210","https://fly.pl/cdn/photo/assets/uploads/582/278/2016/11/AMPHORAS-BEACH.jpg","https://fly.pl/wycieczka/egipt,sharm-el-sheikh,c/otium-amphoras-ex-shores/p7Q2nJ1LFwCMPxQygeFb1tAAogLhA_rSayQEArscB73TQH9DZPnluiPTRbLKmNIwYEcH4qBEVYSU0w_P731AZI005QAVjfBmACagNVQUlyIRwRlLsGuQTghT6rBBsb3fA4GOWhQgGvrIn6CgIAYwECC4Y0gTw/ofertasv/?filter[tourOperator]=EXIM&filter%5Bperson%5D=2&filter%5BchildAge%5D%5B1%5D=20201210&filter%5Bchild%5D=1"
"Grand Rotana Resort & Spa","10086.0","25.10.2026 - 01.11.2026","8 dni/7 nocy","","4.6","4.6","6780","tripadvisor","Katowice","2026-09-07T00:04:05.667640+00:00","https://fly.pl/oferta/egipt-wczasy/?filter[dest]=11:&filter[hotelids]=&filter[cityids]=&filter[cregids]=&filter[ofrType]=&filter[addObjType]=&filter[whenFrom]=10-10-2026&filter[whenTo]=05-11-2026&filter[duration]=7:10&filter[from]=&filter[person]=2&filter[child]=1&filter[price]=0:11000&filter[PriceFrom]=0&filter[PriceTo]=11000&filter[addCategory]=50&filter[addCatering]=1&filter[addMisc]=0&filter[addTransport]=F&filter[fp]=1&order_by=ofr_price&filter[tourOperator]=0&filter[childAge][1]=20201210","https://fly.pl/cdn/photo/assets/uploads/582/278/2014/07/Grand-Rotana-fly-pl.jpg","https://fly.pl/wycieczka/egipt,sharm-el-sheikh,c/grand-rotana/pr_wuLfmzK6A4LNeyehV9KAAog2rzHvghMWBLlvaDlEkGSHf-8lKSM_XY3X6eU8q1GIdEqBE9BU0kw_P731AZI5k5QAVj_CGACagNBSWxyIRwR9K8BqwSjqxC5BCsbp7sOGNuPFAH8rZynAgIAYwECBpk_lh0/ofertasv/?filter[tourOperator]=OASI&filter%5Bperson%5D=2&filter%5BchildAge%5D%5B1%5D=20201210&filter%5Bchild%5D=1"
"Titanic Beach Spa & Aqua Park","10097.0","15.10.2026 - 22.10.2026","9 dni/7 nocy","","4.3","4.3","7443","tripadvisor","Katowice","2026-09-07T00:04:05.667640+00:00","https://fly.pl/oferta/egipt-wczasy/?filter[dest]=11:&filter[hotelids]=&filter[cityids]=&filter[cregids]=&filter[ofrType]=&filter[addObjType]=&filter[whenFrom]=10-10-2026&filter[whenTo]=05-11-2026&filter[duration]=7:10&filter[from]=&filter[person]=2&filter[child]=1&filter[price]=0:11000&filter[PriceFrom]=0&filter[PriceTo]=11000&filter[addCategory]=50&filter[addCatering]=1&filter[addMisc]=0&filter[addTransport]=F&filter[fp]=1&order_by=ofr_price&filter[tourOperator]=0&filter[childAge][1]=20201210","https://fly.pl/cdn/photo/assets/uploads/582/278/2014/07/Titanic-Beach-Spa-Aqua-Park-fly-pl.jpg","https://fly.pl/wycieczka/egipt,hurghada,c/titanic-beach-spa/p8hUqSxrr4fHxAxbOqH1HQAAogviv7GZtQBFSdGah-T5A744zmZ5wmVJJxRg_w-70dZ_4qBFZJVFgw_P731AZI8U5QQViPB2ACckAaABUHFwBcA1gFQI8DW7-DAVOPLVIAYYgfSwBepzBM2_g5DaHVmAkgAE-6r8z7jwFRreAYXbPRkPAYAgxjAQILSMingQ/ofertasv/?filter[tourOperator]=VITX&filter%5Bperson%5D=2&filter%5BchildAge%5D%5B1%5D=20201210&filter%5Bchild%5D=1"
"Cooee Prima Life Makadi Bay","10097.0","15.10.2026 - 22.10.2026","8 dni/7 nocy","","4.6","4.6","3304","tripadvisor","Poznań","2026-09-07T00:04:05.667640+00:00","https://fly.pl/oferta/egipt-wczasy/?filter[dest]=11:&filter[hotelids]=&filter[cityids]=&filter[cregids]=&filter[ofrType]=&filter[addObjType]=&filter[whenFrom]=10-10-2026&filter[whenTo]=05-11-2026&filter[duration]=7:10&filter[from]=&filter[person]=2&filter[child]=1&filter[price]=0:11000&filter[PriceFrom]=0&filter[PriceTo]=11000&filter[addCategory]=50&filter[addCatering]=1&filter[addMisc]=0&filter[addTransport]=F&filter[fp]=1&order_by=ofr_price&filter[tourOperator]=0&filter[childAge][1]=20201210","https://fly.pl/cdn/photo/assets/uploads/582/278/2014/12/Prima-Life-Makadi-Resort.jpg","https://fly.pl/wycieczka/egipt,hurghada,c/prima-life-makadi-bay/pUF0rWaex4lgApEQiYOtNrAAogu-QFWhSLdl-6QPOnQtd6uU2nDT3HSII3dh3aEJQz7w8qBEVYSU0w_P731AZI8U5QAViPB2ACagJBSXIhHBHGuAa5BPSDPqsEHBuoiS8Y_pc3AYK98IkJAgBjAQIFCEsVGQ/ofertasv/?filter[tourOperator]=EXIM&filter%5Bperson%5D=2&filter%5BchildAge%5D%5B1%5D=20201210&filter%5Bchild%5D=1"
"Pickalbatros Aqua Park Resort (Sharm El Sheikh)","10134.0","28.10.2026 - 04.11.2026","9 dni/7 nocy","","4.8","4.8","3568","tripadvisor","Gdańsk","2026-09-07T00:04:05.667640+00:00","https://fly.pl/oferta/egipt-wczasy/?filter[dest]=11:&filter[hotelids]=&filter[cityids]=&filter[cregids]=&filter[ofrType]=&filter[addObjType]=&filter[whenFrom]=10-10-2026&filter[whenTo]=05-11-2026&filter[duration]=7:10&filter[from]=&filter[person]=2&filter[child]=1&filter[price]=0:11000&filter[PriceFrom]=0&filter[PriceTo]=11000&filter[addCategory]=50&filter[addCatering]=1&filter[addMisc]=0&filter[addTransport]=F&filter[fp]=1&order_by=ofr_price&filter[tourOperator]=0&filter[childAge][1]=20201210","https://fly.pl/cdn/photo/assets/uploads/582/278/2017/08/Albatros-Aqua-Park-Sharm.jpg","https://fly.pl/wycieczka/egipt,sharm-el-sheikh,szarm-el-szejk/albatros-aqua-park-sharm-el-sheikh/p75dYjRboUcj8muwPa537tAAog0NvYaIKbe0DUeHxGxaUjZXIhrbyPomD2uW-Fwn8rcgYqBE9BU0kw_P731AZIlk9QAVjHCWACagNBSWxyIRwRoa8BuQTSqxCrBBIbzYAPGNeAEwHa-9OqAgIAYwECDLr-Y9s/ofertasv/?filter[tourOperator]=OASI&filter%5Bperson%5D=2&filter%5BchildAge%5D%5B1%5D=20201210&filter%5Bchild%5D=1"
"Concorde El Salam Front Area","10134.0","27.10.2026 - 03.11.2026","8 dni/7 nocy","","4.8","4.8","1477","tripadvisor","Katowice","2026-09-07T00:04:05.667640+00:00","https://fly.pl/oferta/egipt-wczasy/?filter[dest]=11:&filter[hotelids]=&filter[cityids]=&filter[cregids]=&filter[ofrType]=&filter[addObjType]=&filter[whenFrom]=10-10-2026&filter[whenTo]=05-11-2026&filter[duration]=7:10&filter[from]=&filter[person]=2&filter[child]=1&filter[price]=0:11000&filter[PriceFrom]=0&filter[PriceTo]=11000&filter[addCategory]=50&filter[addCatering]=1&filter[addMisc]=0&filter[addTransport]=F&filter[fp]=1&order_by=ofr_price&filter[tourOperator]=0&filter[childAge][1]=20201210","https://fly.pl/cdn/photo/assets/uploads/582/278/2024/07/concorde-el-salam-front.jpg","https://fly.pl/wycieczka/egipt,sharm-el-sheikh,szarm-el-szejk/concorde-el-salam-front-12/plMdhJgQ_bViTsStCNNpiyAAogEZTc3G2QQHNcEb91Dxxu_Xb6-M-63DqmxRqPbNTEi2wqBE9SRVgw_P731AZIlk9QQVivCWACagVFLjIuMXI2mwEVBxcAXANYBVYCQMoGEeMLXYANTyRLkrMBYQBepzBSpiBTAEyssDoNtv2XCSAAAhJjAQILHjIjYw/ofertasv/?filter[tourOperator]=OREX&filter%5Bperson%5D=2&filter%5BchildAge%5D%5B1%5D=20201210&filter%5Bchild%5D=1"
"Invidia Coral Beach Tiran","10187.0","24.10.2026 - 31.10.2026","8 dni/7 nocy","","4.8","4.8","316","tripadvisor","Warszawa","2026-09-07T00:04:05.667640+00:00","https://fly.pl/oferta/egipt-wczasy/?filter[dest]=11:&filter[hotelids]=&filter[cityids]=&filter[cregids]=&filter[ofrType]=&filter[addObjType]=&filter[whenFrom]=10-10-2026&filter[whenTo]=05-11-2026&filter[duration]=7:10&filter[from]=&filter[person]=2&filter[child]=1&filter[price]=0:11000&filter[PriceFrom]=0&filter[PriceTo]=11000&filter[addCategory]=50&filter[addCatering]=1&filter[addMisc]=0&filter[addTransport]=F&filter[fp]=1&order_by=ofr_price&filter[tourOperator]=0&filter[childAge][1]=20201210","https://fly.pl/cdn/photo/assets/uploads/582/278/2014/07/Coral-Beach-Rotana-Tiran-fly-pl.jpg","https://fly.pl/wycieczka/egipt,sharm-el-sheikh,c/coral-beach-rotana-tiran/pXwNVKprJXheFQK4JMfclVAAoggxN9qaE2m6WyJpRw0deucAAAAACbhAQAuIQEAAcAEgAqBFdFWlkw_P731AZIy09QQVjnCGADaglFbnRlciBBaXJqBDA4MDByQp4BlQEfABwBAgAWABcGESMSygMYoQQTsQIUyQRAknJMoKIBTwBLxyNQAB2Twg8gHRvXwmQNkYXeCAESYwEMYwECC1xnAGc/ofertasv/?filter[tourOperator]=WEZY&filter%5Bperson%5D=2&filter%5BchildAge%5D%5B1%5D=20201210&filter%5Bchild%5D=1"
"Pickalbatros White Beach Resort","10207.0","27.10.2026 - 03.11.2026","9 dni/7 nocy","","4.8","4.8","3758","tripadvisor","Warszawa - Modlin","2026-09-07T00:04:05.667640+00:00","https://fly.pl/oferta/egipt-wczasy/?filter[dest]=11:&filter[hotelids]=&filter[cityids]=&filter[cregids]=&filter[ofrType]=&filter[addObjType]=&filter[whenFrom]=10-10-2026&filter[whenTo]=05-11-2026&filter[duration]=7:10&filter[from]=&filter[person]=2&filter[child]=1&filter[price]=0:11000&filter[PriceFrom]=0&filter[PriceTo]=11000&filter[addCategory]=50&filter[addCatering]=1&filter[addMisc]=0&filter[addTransport]=F&filter[fp]=1&order_by=ofr_price&filter[tourOperator]=0&filter[childAge][1]=20201210","https://fly.pl/cdn/photo/assets/uploads/582/278/2015/09/Albatros-White-Beach-fly-pl.jpg","https://fly.pl/wycieczka/egipt,hurghada,c/albatros-white-beach/pNhD6-bev9LwaHFTYVfomLAAog_B0ErR8oWnBRk4ztaEy6X5eMXePUQkpobZ-BQI6-nbQqBEVYSU0w_P731AZI309QAVivCWACagJBSXIhHBGm-AarBJuwS7kERRuW_DcY4qFTAdjx-sYNAgBjAQIMfphcEw/ofertasv/?filter[tourOperator]=EXIM&filter%5Bperson%5D=2&filter%5BchildAge%5D%5B1%5D=20201210&filter%5Bchild%5D=1"
"Jaz Makadi Saraya (ex Iberotel)","10220.0","29.10.2026 - 05.11.2026","8 dni/7 nocy","","4.8","4.8","6792","tripadvisor","Warszawa","2026-09-07T00:04:05.667640+00:00","https://fly.pl/oferta/egipt-wczasy/?filter[dest]=11:&filter[hotelids]=&filter[cityids]=&filter[cregids]=&filter[ofrType]=&filter[addObjType]=&filter[whenFrom]=10-10-2026&filter[whenTo]=05-11-2026&filter[duration]=7:10&filter[from]=&filter[person]=2&filter[child]=1&filter[price]=0:11000&filter[PriceFrom]=0&filter[PriceTo]=11000&filter[addCategory]=50&filter[addCatering]=1&filter[addMisc]=0&filter[addTransport]=F&filter[fp]=1&order_by=ofr_price&filter[tourOperator]=0&filter[childAge][1]=20201210","https://fly.pl/cdn/photo/assets/uploads/582/278/2014/07/Jaz-Makadi-Saraya-ex-Iberotel-fly-pl.jpg","https://fly.pl/wycieczka/egipt,hurghada,makadi-bay/iberotel-makadi-saraya/paOyC8DFp_oQPI1FyQP9FtAAogafUsHWovFd7NbcECux7qixLqCxxQb8S86Hh0k4aD-ioqBE9SRVgw_P731AZI7E9QQVjfCWACagZCSS4yLjFyNZsBFQcXAFwDWAVWAhEaQLAGXZsPTyRT0p0BUgBer09L7UNhAEzljDoguP2XCQ0AAhJjAQIMUr9-yA/ofertasv/?filter[tourOperator]=OREX&filter%5Bperson%5D=2&filter%5BchildAge%5D%5B1%5D=20201210&filter%5Bchild%5D=1"
"Three Corners Fayrouz Plaza Beach Resort","10233.0","15.10.2026 - 22.10.2026","8 dni/7 nocy","","4.7","4.7","13148","tripadvisor","Katowice","2026-09-07T00:04:05.667640+00:00","https://fly.pl/oferta/egipt-wczasy/?filter[dest]=11:&filter[hotelids]=&filter[cityids]=&filter[cregids]=&filter[ofrType]=&filter[addObjType]=&filter[whenFrom]=10-10-2026&filter[whenTo]=05-11-2026&filter[duration]=7:10&filter[from]=&filter[person]=2&filter[child]=1&filter[price]=0:11000&filter[PriceFrom]=0&filter[PriceTo]=11000&filter[addCategory]=50&filter[addCatering]=1&filter[addMisc]=0&filter[addTransport]=F&filter[fp]=1&order_by=ofr_price&filter[tourOperator]=0&filter[childAge][1]=20201210","https://fly.pl/cdn/photo/assets/uploads/582/278/2014/10/The-Three-Corners-Fayrouz-Plaza.jpg","https://fly.pl/wycieczka/egipt,marsa-alam,c/three-corners-fayrouz-plaza-beach-resort/pei4JJ4FqgNgMjlKKyycnsAAogul2qAt-RGGgq6eAGCfJ17ldS3KAk5hP5gO6ynJTHoUYqBE9SRVgw_P731AZI-U9QQViPB2ACagZDMC4yLjFyNZsBFQcXAFwDWAVWAhGKBkBAXbNCTyRLwokBYQBepzBSvBRTAEyWvDoNqv2XCSAAAhJjAQINiIW6lQ/ofertasv/?filter[tourOperator]=OREX&filter%5Bperson%5D=2&filter%5BchildAge%5D%5B1%5D=20201210&filter%5Bchild%5D=1"
"Utopia Blue Resort","10247.0","13.10.2026 - 20.10.2026","8 dni/7 nocy","","","","","","Warszawa","2026-09-07T00:04:05.667640+00:00","https://fly.pl/oferta/egipt-wczasy/?filter[dest]=11:&filter[hotelids]=&filter[cityids]=&filter[cregids]=&filter[ofrType]=&filter[addObjType]=&filter[whenFrom]=10-10-2026&filter[whenTo]=05-11-2026&filter[duration]=7:10&filter[from]=&filter[person]=2&filter[child]=1&filter[price]=0:11000&filter[PriceFrom]=0&filter[PriceTo]=11000&filter[addCategory]=50&filter[addCatering]=1&filter[addMisc]=0&filter[addTransport]=F&filter[fp]=1&order_by=ofr_price&filter[tourOperator]=0&filter[childAge][1]=20201210","https://datacfstatic.merlinx.pl/EXIM/IMG/104804/47170af13502131b7b7d23ecf494e622a96110e1a4bfcf3019d7db4830283601.webp","https://fly.pl/wycieczka/egipt,marsa-alam,c/utopia-blue-resort-13/prk2cQY-N_SvrMaoHaOTFmAAog7LoBMf_sRZgkiXEkbKVWHxKmO4qxhDmkVrGyFJIXvhQqBEVYSU0w_P731AZIh1BQAVjfBmACagJBSXIhHBHksga5BIiMPqsEHBvc1y0Yr_ozAZeu2tQIAgBjAQIM711AjQ/ofertasv/?filter[tourOperator]=EXIM&filter%5Bperson%5D=2&filter%5BchildAge%5D%5B1%5D=20201210&filter%5Bchild%5D=1"
"Sunrise Alora Aqua Park Resort","10247.0","18.10.2026 - 25.10.2026","8 dni/7 nocy","","3.5","3.5","1838","tripadvisor","Katowice","2026-09-07T00:04:05.667640+00:00","https://fly.pl/oferta/egipt-wczasy/?filter[dest]=11:&filter[hotelids]=&filter[cityids]=&filter[cregids]=&filter[ofrType]=&filter[addObjType]=&filter[whenFrom]=10-10-2026&filter[whenTo]=05-11-2026&filter[duration]=7:10&filter[from]=&filter[person]=2&filter[child]=1&filter[price]=0:11000&filter[PriceFrom]=0&filter[PriceTo]=11000&filter[addCategory]=50&filter[addCatering]=1&filter[addMisc]=0&filter[addTransport]=F&filter[fp]=1&order_by=ofr_price&filter[tourOperator]=0&filter[childAge][1]=20201210","https://fly.pl/cdn/photo/assets/uploads/582/278/2014/11/Hawaii-Caesar-Palace-Aqua-Park-ex-Mirage-Aqua-Park-fly-pl.jpg","https://fly.pl/wycieczka/egipt,hurghada,c/mirage-aqua-park-spa-cesar-palace/pZe-VpMOJG71uR68ViFubhAAogSrppr4Bunj7TTWiUkSmnzcrSKzVN8i6pNpvTBNpDlukqBEJWUFIw_P731AZIh1BQAVjXB2ACag1BbGwgaW5jbHVzaXZlciAcEdJGG83vBBjr8wy5BJvhE6sENQGm4-DEAQIAYwECCzVvjZY/ofertasv/?filter[tourOperator]=BVPR&filter%5Bperson%5D=2&filter%5BchildAge%5D%5B1%5D=20201210&filter%5Bchild%5D=1"
"Domina Coral Bay Sultan","10284.0","13.10.2026 - 20.10.2026","8 dni/7 nocy","","4.2","4.2","12412","tripadvisor","Katowice","2026-09-07T00:04:05.667640+00:00","https://fly.pl/oferta/egipt-wczasy/?filter[dest]=11:&filter[hotelids]=&filter[cityids]=&filter[cregids]=&filter[ofrType]=&filter[addObjType]=&filter[whenFrom]=10-10-2026&filter[whenTo]=05-11-2026&filter[duration]=7:10&filter[from]=&filter[person]=2&filter[child]=1&filter[price]=0:11000&filter[PriceFrom]=0&filter[PriceTo]=11000&filter[addCategory]=50&filter[addCatering]=1&filter[addMisc]=0&filter[addTransport]=F&filter[fp]=1&order_by=ofr_price&filter[tourOperator]=0&filter[childAge][1]=20201210","https://fly.pl/cdn/photo/assets/uploads/582/278/2014/07/Domina-Coral-Bay-Sultan.jpg","https://fly.pl/wycieczka/egipt,sharm-el-sheikh,c/domina-coral-bay-sultan/pqn_8YCsIRG0VabgusdzeHAAogqRHyLXLOaXygHFM-xpbs6lATkd0Et3pHZ-B5Uah2j-0qBEpPSVAw_P731AZIrFBQQVjfBmACagM5b0dyQpsBFAEVBhcAXANYBVYCQMoGT-IBXQAR4sgBS9UBYQBepzBSpiBTAEyssDoNqP2XCSAAAbTHtJC0icygMAINYwEADGjnu44/ofertasv/?filter[tourOperator]=JOIP&filter%5Bperson%5D=2&filter%5BchildAge%5D%5B1%5D=20201210&filter%5Bchild%5D=1"
"Sheraton Miramar Resort (El Gouna)","10409.0","29.10.2026 - 05.11.2026","8 dni/7 nocy","","4.7","4.7","6333","tripadvisor","Warszawa","2026-09-07T00:04:05.667640+00:00","https://fly.pl/oferta/egipt-wczasy/?filter[dest]=11:&filter[hotelids]=&filter[cityids]=&filter[cregids]=&filter[ofrType]=&filter[addObjType]=&filter[whenFrom]=10-10-2026&filter[whenTo]=05-11-2026&filter[duration]=7:10&filter[from]=&filter[person]=2&filter[child]=1&filter[price]=0:11000&filter[PriceFrom]=0&filter[PriceTo]=11000&filter[addCategory]=50&filter[addCatering]=1&filter[addMisc]=0&filter[addTransport]=F&filter[fp]=1&order_by=ofr_price&filter[tourOperator]=0&filter[childAge][1]=20201210","https://fly.pl/cdn/photo/assets/uploads/582/278/2014/07/Sheraton-Miramar-El-Gouna-1.jpg","https://fly.pl/wycieczka/egipt,hurghada,el-gouna/sheraton-miramar-el-gouna/pG_a57oRRN9ta6K3gWIynFAAog0p9F1dC1Fs6tjuRQEl_jExLqCxxQb8S86Hh0k4aD-ioqBE9SRVgw_P731AZIqVFQQVjfCWACagZFQy4yLjFyNZsBFQcXAFwDWAVWAhE7QI8GXZsPTyRT0p0BUgBer09L7UNhAEzljDoguP2XCQ0AAhJjAQIMy3yhCA/ofertasv/?filter[tourOperator]=OREX&filter%5Bperson%5D=2&filter%5BchildAge%5D%5B1%5D=20201210&filter%5Bchild%5D=1"
"Pickalbatros Luxury Suites","10507.0","24.10.2026 - 31.10.2026","8 dni/7 nocy","","4.8","4.8","356","tripadvisor","Warszawa","2026-09-07T00:04:05.667640+00:00","https://fly.pl/oferta/egipt-wczasy/?filter[dest]=11:&filter[hotelids]=&filter[cityids]=&filter[cregids]=&filter[ofrType]=&filter[addObjType]=&filter[whenFrom]=10-10-2026&filter[whenTo]=05-11-2026&filter[duration]=7:10&filter[from]=&filter[person]=2&filter[child]=1&filter[price]=0:11000&filter[PriceFrom]=0&filter[PriceTo]=11000&filter[addCategory]=50&filter[addCatering]=1&filter[addMisc]=0&filter[addTransport]=F&filter[fp]=1&order_by=ofr_price&filter[tourOperator]=0&filter[childAge][1]=20201210","https://fly.pl/cdn/photo/assets/uploads/582/278/2023/04/Pickalbatros-Luxury-Suites.jpg","https://fly.pl/wycieczka/egipt,sharm-el-sheikh,szarm-el-szejk/golf-villas-sharm-el-sheikh-by-rixos-11/pfe0jgn6UWIHxnoeUrZQfdAAogvUwJ2iYfAEDJh6BbSI8YawAAAACbhAQAuIQEAAcAEgAqBFdFWlkw_P731AZIi1JQQVjnCGADaglFbnRlciBBaXJqBDA4MDByQp4BlQEfABwBAgAWBBcCG3AS_QIYoQQTsQIUyQRAknJMoKIBTwBLxyNQABGfggId9L8NIB0N6MfCCQESYwENYwEEDMhXE8I/ofertasv/?filter[tourOperator]=WEZY&filter%5Bperson%5D=2&filter%5BchildAge%5D%5B1%5D=20201210&filter%5Bchild%5D=1"
"Sunrise Royal Makadi Aqua Resort","10607.0","29.10.2026 - 05.11.2026","8 dni/7 nocy","","4.7","4.7","13699","tripadvisor","Warszawa","2026-09-07T00:04:05.667640+00:00","https://fly.pl/oferta/egipt-wczasy/?filter[dest]=11:&filter[hotelids]=&filter[cityids]=&filter[cregids]=&filter[ofrType]=&filter[addObjType]=&filter[whenFrom]=10-10-2026&filter[whenTo]=05-11-2026&filter[duration]=7:10&filter[from]=&filter[person]=2&filter[child]=1&filter[price]=0:11000&filter[PriceFrom]=0&filter[PriceTo]=11000&filter[addCategory]=50&filter[addCatering]=1&filter[addMisc]=0&filter[addTransport]=F&filter[fp]=1&order_by=ofr_price&filter[tourOperator]=0&filter[childAge][1]=20201210","https://fly.pl/cdn/photo/assets/uploads/582/278/2014/09/Sunrise-Royal-Makadi-Aqua-Resort.jpg","https://fly.pl/wycieczka/egipt,hurghada,makadi-bay/sunrise-select-royal-makadi/pnBQi9HHNjx2855x54pWruAAogtwwmzNsUN1yQdf1R0AQYFRLqCxxQb8S86Hh0k4aD-ioqBE9SRVgw_P731AZI71JQQVjfCWACagZVMy4yLjFyNpsBFQcXAFwDWAVWAkDKBl2bD08kEawDU6aaAVIAXq9PS-1DYQBM5Yw6ILj9lwkNAAISYwECC53NLaE/ofertasv/?filter[tourOperator]=OREX&filter%5Bperson%5D=2&filter%5BchildAge%5D%5B1%5D=20201210&filter%5Bchild%5D=1"
"Park Regency Resort (ex. Hyatt)","10642.0","29.10.2026 - 05.11.2026","8 dni/7 nocy","","4.6","4.6","6179","tripadvisor","Katowice","2026-09-07T00:04:05.667640+00:00","https://fly.pl/oferta/egipt-wczasy/?filter[dest]=11:&filter[hotelids]=&filter[cityids]=&filter[cregids]=&filter[ofrType]=&filter[addObjType]=&filter[whenFrom]=10-10-2026&filter[whenTo]=05-11-2026&filter[duration]=7:10&filter[from]=&filter[person]=2&filter[child]=1&filter[price]=0:11000&filter[PriceFrom]=0&filter[PriceTo]=11000&filter[addCategory]=50&filter[addCatering]=1&filter[addMisc]=0&filter[addTransport]=F&filter[fp]=1&order_by=ofr_price&filter[tourOperator]=0&filter[childAge][1]=20201210","https://fly.pl/cdn/photo/assets/uploads/582/278/2014/07/Park-Regency.jpg","https://fly.pl/wycieczka/egipt,sharm-el-sheikh,c/hyatt-regency-sharm/p1xCEEEtaH8Sq-nBNwCovvAAoghtKjEU_vCNx_1bBgiq_3R8Hlitufj65mgxvg5qfV3MAqBE9BU0kw_P731AZIklNQAVjfCWACagNBSWxyIRwRuq8BuQTcqxCrBC8bwYcPGPKFEwHS0NyqAgIAYwECBZ5w6xc/ofertasv/?filter[tourOperator]=OASI&filter%5Bperson%5D=2&filter%5BchildAge%5D%5B1%5D=20201210&filter%5Bchild%5D=1"
"Club Magic Life Kalawy","10653.0","15.10.2026 - 22.10.2026","8 dni/7 nocy","","4.5","4.5","1718","tripadvisor","Poznań","2026-09-07T00:04:05.667640+00:00","https://fly.pl/oferta/egipt-wczasy/?filter[dest]=11:&filter[hotelids]=&filter[cityids]=&filter[cregids]=&filter[ofrType]=&filter[addObjType]=&filter[whenFrom]=10-10-2026&filter[whenTo]=05-11-2026&filter[duration]=7:10&filter[from]=&filter[person]=2&filter[child]=1&filter[price]=0:11000&filter[PriceFrom]=0&filter[PriceTo]=11000&filter[addCategory]=50&filter[addCatering]=1&filter[addMisc]=0&filter[addTransport]=F&filter[fp]=1&order_by=ofr_price&filter[tourOperator]=0&filter[childAge][1]=20201210","https://fly.pl/cdn/photo/assets/uploads/582/278/2015/02/Club-Magic-Life-Kalawy-fly-pl.jpg","https://fly.pl/wycieczka/egipt,hurghada,safaga/club-magic-life-kalawy-imperial/plJWlwEL9J3IimgBfqqPl-AAogDSq1EBp0iJKDNIvrn_xb-_MbGxUrd4BrDqm8qae-CrIqBFNGUEww_P731AZInVNQQViPB2ACciMVBwsAIgQSI0D6AlvjBFyv_AUN3czOCVHYmb72AwISYwECBcaKYW0/ofertasv/?filter[tourOperator]=SFPL&filter%5Bperson%5D=2&filter%5BchildAge%5D%5B1%5D=20201210&filter%5Bchild%5D=1"
"Serenity Alma Heights Ross Park Collection","10711.0","20.10.2026 - 27.10.2026","8 dni/7 nocy","","","","","","Katowice","2026-09-07T00:04:05.667640+00:00","https://fly.pl/oferta/egipt-wczasy/?filter[dest]=11:&filter[hotelids]=&filter[cityids]=&filter[cregids]=&filter[ofrType]=&filter[addObjType]=&filter[whenFrom]=10-10-2026&filter[whenTo]=05-11-2026&filter[duration]=7:10&filter[from]=&filter[person]=2&filter[child]=1&filter[price]=0:11000&filter[PriceFrom]=0&filter[PriceTo]=11000&filter[addCategory]=50&filter[addCatering]=1&filter[addMisc]=0&filter[addTransport]=F&filter[fp]=1&order_by=ofr_price&filter[tourOperator]=0&filter[childAge][1]=20201210","https://datacfstatic.merlinx.pl/WEZY/IMG/80006/cbfb74e746eae233c5bd2dcca61af959ab13896516aa3e1f5b00669f16a12ada.webp","https://fly.pl/wycieczka/egipt,hurghada,makadi-bay/serenity-alma-heights-ross-park-collection-9/p3TqAmTu4a3otpB_HrwFAVAAogkqp5jsMiUwUBQMWH4R4vVAAAAACAiQQAnIkEAAcAAAAqBFdFWlkw_P731AZI11NQQViHCGADaglFbnRlciBBaXJqBDAzMTBqBDA4NDVqBDA5MTVyQZ4BkwGUAZUBHwACARwAFwYWABLWBBjdBEDnd0_LMkwAS4gfUAARkp4DHfqhDSAcG8_xYg2xzN8IARJjAQ1jAQIG7NYSqg/ofertasv/?filter[tourOperator]=WEZY&filter%5Bperson%5D=2&filter%5BchildAge%5D%5B1%5D=20201210&filter%5Bchild%5D=1"
"Sentido Naga Bay","10737.0","15.10.2026 - 22.10.2026","8 dni/7 nocy","","","","","","Katowice","2026-09-07T00:04:05.667640+00:00","https://fly.pl/oferta/egipt-wczasy/?filter[dest]=11:&filter[hotelids]=&filter[cityids]=&filter[cregids]=&filter[ofrType]=&filter[addObjType]=&filter[whenFrom]=10-10-2026&filter[whenTo]=05-11-2026&filter[duration]=7:10&filter[from]=&filter[person]=2&filter[child]=1&filter[price]=0:11000&filter[PriceFrom]=0&filter[PriceTo]=11000&filter[addCategory]=50&filter[addCatering]=1&filter[addMisc]=0&filter[addTransport]=F&filter[fp]=1&order_by=ofr_price&filter[tourOperator]=0&filter[childAge][1]=20201210","https://datacfstatic.merlinx.pl/EXIM/IMG/107999/9691dd57e47cec1e96befde9ca4a24ec0aaad7165dd6c455160b011f15ee59d5.webp","https://fly.pl/wycieczka/egipt,hurghada,c/sentido-naga-bay-11/pCxQts_6nQj5fDW7RcMTisAAogbOlqVFKAVY7KKBjBNz-6dfvQ1Wl57y08J_0PeUHiXOgqBEVYSU0w_P731AZI8VNQAViPB2ACagJBSXIhHBHfywa5BP_vPasEHBuQ5D0Y0fE-AdD2p4sLAgBjAQIGa-yeOA/ofertasv/?filter[tourOperator]=EXIM&filter%5Bperson%5D=2&filter%5BchildAge%5D%5B1%5D=20201210&filter%5Bchild%5D=1"
"Strand Taba Heights Resort (ex. InterContinental)","10751.0","13.10.2026 - 20.10.2026","8 dni/7 nocy","","4.5","4.5","5233","tripadvisor","Katowice","2026-09-07T00:04:05.667640+00:00","https://fly.pl/oferta/egipt-wczasy/?filter[dest]=11:&filter[hotelids]=&filter[cityids]=&filter[cregids]=&filter[ofrType]=&filter[addObjType]=&filter[whenFrom]=10-10-2026&filter[whenTo]=05-11-2026&filter[duration]=7:10&filter[from]=&filter[person]=2&filter[child]=1&filter[price]=0:11000&filter[PriceFrom]=0&filter[PriceTo]=11000&filter[addCategory]=50&filter[addCatering]=1&filter[addMisc]=0&filter[addTransport]=F&filter[fp]=1&order_by=ofr_price&filter[tourOperator]=0&filter[childAge][1]=20201210","https://fly.pl/cdn/photo/assets/uploads/582/278/2014/06/International-Height.jpg","https://fly.pl/wycieczka/egipt,taba,c/international-height/pvQQN336wk6BTYLH9tT2HpAAogusqWCqhVRKVTYZFNrxPQ1lATkd0Et3pHZ-B5Uah2j-0qBEpPSVAw_v731AZI_1NQQVjfBmACagNDR21yQ5sBFAEVBhcAXANYBVYCQMoGT-IBXQBLt8oBYQBepzBSpiBTABHQ3wFM3NA4Daj9lwkgAAGg05SxtInMoDACDWMBAAyO7Z7e/ofertasv/?filter[tourOperator]=JOIP&filter%5Bperson%5D=2&filter%5BchildAge%5D%5B1%5D=20201210&filter%5Bchild%5D=1"
"Baron Resort (Sharm El Sheikh)","10887.0","28.10.2026 - 04.11.2026","9 dni/7 nocy","","4.5","4.5","4976","tripadvisor","Gdańsk","2026-09-07T00:04:05.667640+00:00","https://fly.pl/oferta/egipt-wczasy/?filter[dest]=11:&filter[hotelids]=&filter[cityids]=&filter[cregids]=&filter[ofrType]=&filter[addObjType]=&filter[whenFrom]=10-10-2026&filter[whenTo]=05-11-2026&filter[duration]=7:10&filter[from]=&filter[person]=2&filter[child]=1&filter[price]=0:11000&filter[PriceFrom]=0&filter[PriceTo]=11000&filter[addCategory]=50&filter[addCatering]=1&filter[addMisc]=0&filter[addTransport]=F&filter[fp]=1&order_by=ofr_price&filter[tourOperator]=0&filter[childAge][1]=20201210","https://fly.pl/cdn/photo/assets/uploads/582/278/2014/07/BARON-RESORT-SHARM-EL-SHEIKH1.jpg","https://fly.pl/wycieczka/egipt,sharm-el-sheikh,c/baron-resort-sharm-el-sheikh/pQKdibAszLRwtXujIPEPogAAogNFCtqMRhthKLzEy19_bYcXIhrbyPomD2uW-Fwn8rcgYqBE9BU0kw_v731AZIh1VQAVjHCWACagNBSStyIRwR2a8BuQSaqxCrBBIbzooOGIj9EQGLgYapAgIAYwECDJOIwDk/ofertasv/?filter[tourOperator]=OASI&filter%5Bperson%5D=2&filter%5BchildAge%5D%5B1%5D=20201210&filter%5Bchild%5D=1"
"Titanic Royal","10947.0","29.10.2026 - 05.11.2026","8 dni/7 nocy","","4.8","4.8","4628","tripadvisor","Katowice","2026-09-07T00:04:05.667640+00:00","https://fly.pl/oferta/egipt-wczasy/?filter[dest]=11:&filter[hotelids]=&filter[cityids]=&filter[cregids]=&filter[ofrType]=&filter[addObjType]=&filter[whenFrom]=10-10-2026&filter[whenTo]=05-11-2026&filter[duration]=7:10&filter[from]=&filter[person]=2&filter[child]=1&filter[price]=0:11000&filter[PriceFrom]=0&filter[PriceTo]=11000&filter[addCategory]=50&filter[addCatering]=1&filter[addMisc]=0&filter[addTransport]=F&filter[fp]=1&order_by=ofr_price&filter[tourOperator]=0&filter[childAge][1]=20201210","https://fly.pl/cdn/photo/assets/uploads/582/278/2018/12/Titanic-Royal-fly-pl.jpg","https://fly.pl/wycieczka/egipt,hurghada,c/titanic-royal/pHXSp0_9zjAHJGfgVATRBQAAogxNkU8zA0dTXrxLUluVO32bdIKsajkLlQ5dO66ZbpewEqBEVYSU0w_v731AZIw1VQAVjfCWACagNVQUlyIxwRkrsGuQTOgD6rBLyKChvw5EQYt-RIAeizjbgNAgBjAQILRz4cAA/ofertasv/?filter[tourOperator]=EXIM&filter%5Bperson%5D=2&filter%5BchildAge%5D%5B1%5D=20201210&filter%5Bchild%5D=1"
"Movenpick Resort Sharm el Sheikh","10949.0","28.10.2026 - 04.11.2026","9 dni/7 nocy","","4.6","4.6","5338","tripadvisor","Gdańsk","2026-09-07T00:04:05.667640+00:00","https://fly.pl/oferta/egipt-wczasy/?filter[dest]=11:&filter[hotelids]=&filter[cityids]=&filter[cregids]=&filter[ofrType]=&filter[addObjType]=&filter[whenFrom]=10-10-2026&filter[whenTo]=05-11-2026&filter[duration]=7:10&filter[from]=&filter[person]=2&filter[child]=1&filter[price]=0:11000&filter[PriceFrom]=0&filter[PriceTo]=11000&filter[addCategory]=50&filter[addCatering]=1&filter[addMisc]=0&filter[addTransport]=F&filter[fp]=1&order_by=ofr_price&filter[tourOperator]=0&filter[childAge][1]=20201210","https://fly.pl/cdn/photo/assets/uploads/582/278/2015/03/Movenpick-Golf-Club-fly-pl.jpg","https://fly.pl/wycieczka/egipt,sharm-el-sheikh,c/moevenpick-golf-club/pbMJPao5PyrwFTzeyDRbg6AAoggYxFANjNUEwY8wCPYSQ_YHIhrbyPomD2uW-Fwn8rcgYqBE9BU0kw_v731AZIxVVQAVjHCWACagNBSWxyIRwRqa8BuQTKqxCrBBIbl4gPGIeGEwHHnt6qAgIAYwECC4tLMCU/ofertasv/?filter[tourOperator]=OASI&filter%5Bperson%5D=2&filter%5BchildAge%5D%5B1%5D=20201210&filter%5Bchild%5D=1"
"Swissotel Sharm El Sheikh","10969.0","28.10.2026 - 04.11.2026","9 dni/7 nocy","","","","","","Gdańsk","2026-09-07T00:04:05.667640+00:00","https://fly.pl/oferta/egipt-wczasy/?filter[dest]=11:&filter[hotelids]=&filter[cityids]=&filter[cregids]=&filter[ofrType]=&filter[addObjType]=&filter[whenFrom]=10-10-2026&filter[whenTo]=05-11-2026&filter[duration]=7:10&filter[from]=&filter[person]=2&filter[child]=1&filter[price]=0:11000&filter[PriceFrom]=0&filter[PriceTo]=11000&filter[addCategory]=50&filter[addCatering]=1&filter[addMisc]=0&filter[addTransport]=F&filter[fp]=1&order_by=ofr_price&filter[tourOperator]=0&filter[childAge][1]=20201210","https://fly.pl/cdn/photo/assets/uploads/582/278/2023/12/Swissotel-Sharm-El-Sheikh.jpg","https://fly.pl/wycieczka/egipt,sharm-el-sheikh,szarm-el-szejk/swissotel-sharm-el-sheikh-14/p6i-T1fMsCQfs-leCR49lcAAog3n_JxTfDiAowLEzrN16r_3IhrbyPomD2uW-Fwn8rcgYqBE9BU0kw_v731AZI2VVQAVjHCWACagNVQUlyIRwR2K8BuQSbqxCrBBIb__kOGMj0EgHiw9GqAgIAYwECC2DGC8Q/ofertasv/?filter[tourOperator]=OASI&filter%5Bperson%5D=2&filter%5BchildAge%5D%5B1%5D=20201210&filter%5Bchild%5D=1"
"Desert Rose Resort","10984.0","29.10.2026 - 05.11.2026","8 dni/7 nocy","","4.6","4.6","8792","tripadvisor","Katowice","2026-09-07T00:04:05.667640+00:00","https://fly.pl/oferta/egipt-wczasy/?filter[dest]=11:&filter[hotelids]=&filter[cityids]=&filter[cregids]=&filter[ofrType]=&filter[addObjType]=&filter[whenFrom]=10-10-2026&filter[whenTo]=05-11-2026&filter[duration]=7:10&filter[from]=&filter[person]=2&filter[child]=1&filter[price]=0:11000&filter[PriceFrom]=0&filter[PriceTo]=11000&filter[addCategory]=50&filter[addCatering]=1&filter[addMisc]=0&filter[addTransport]=F&filter[fp]=1&order_by=ofr_price&filter[tourOperator]=0&filter[childAge][1]=20201210","https://fly.pl/cdn/photo/assets/uploads/582/278/2014/12/Desert-Rose-Resort-fly-pl.jpg","https://fly.pl/wycieczka/egipt,hurghada,c/desert-rose/p1UOJH6Q4RsmxHJwOaWkPLAAogZHDNy5n_rkJVjOd3vq4SaQAAAACBhwQAHroEAAcAAAAqBFdFWlkw_v731AZI6FVQQVjfCWADaglFbnRlciBBaXJqBDAwMTVqBDAwMDBqBDAwMDByQZ4BlAGVAZgBHwAcAQIAFgQXAhG4ARKeAxPvCEDVc0zLMk8AS4gfUAAbys4KHcPtBSCdZQ2H3cEJARJjAQ5jAQIFGWie9Q/ofertasv/?filter[tourOperator]=WEZY&filter%5Bperson%5D=2&filter%5BchildAge%5D%5B1%5D=20201210&filter%5Bchild%5D=1"
"Parrotel Lagoon Resort Egipt, Sharm El Sheikh, Szarm el-Szejk","5344.0","29.10.2026 - 05.11.2026","8 dni/7 nocy","","4.1","4.1","1835","tripadvisor","Warszawa - Modlin","2026-09-07T04:56:19.401466+00:00","https://fly.pl/oferta/egipt-wczasy/?filter[dest]=11:&filter[hotelids]=&filter[cityids]=&filter[cregids]=&filter[ofrType]=&filter[addObjType]=&filter[whenFrom]=10-10-2026&filter[whenTo]=05-11-2026&filter[duration]=7:10&filter[from]=&filter[person]=2&filter[child]=1&filter[price]=0:11000&filter[PriceFrom]=0&filter[PriceTo]=11000&filter[addCategory]=50&filter[addCatering]=1&filter[addMisc]=0&filter[addTransport]=F&filter[fp]=1&order_by=ofr_price&filter[tourOperator]=0&filter[childAge][1]=20201210","https://fly.pl/cdn/photo/assets/uploads/582/278/2020/10/Parrotel-Lagoon-Resort.jpg","https://fly.pl/wycieczka/egipt,sharm-el-sheikh,szarm-el-szejk/parrotel-lagoon-resort-14/pUZZ8OD5jEa93M2lKIQJGiAAogq5N1pXU19fhUXdDX8quW5RstrgoMttrZgZAvN8rfQ44qBEtPTVQw9If51AZI4ClQAVjbCWACagJBSXIfHBH8GrkE7OIBqwQDGK-vBBu59iMBoJ3zHgIAYwECBq5PWrw/ofertasv/?filter[tourOperator]=KOMT&filter%5Bperson%5D=2&filter%5BchildAge%5D%5B1%5D=20201210&filter%5Bchild%5D=1"
"Amarina Queen Resort Egipt, Marsa Alam","5752.0","29.10.2026 - 05.11.2026","8 dni/7 nocy","","4.7","4.7","1194","tripadvisor","Gdańsk","2026-09-07T04:56:19.401466+00:00","https://fly.pl/oferta/egipt-wczasy/?filter[dest]=11:&filter[hotelids]=&filter[cityids]=&filter[cregids]=&filter[ofrType]=&filter[addObjType]=&filter[whenFrom]=10-10-2026&filter[whenTo]=05-11-2026&filter[duration]=7:10&filter[from]=&filter[person]=2&filter[child]=1&filter[price]=0:11000&filter[PriceFrom]=0&filter[PriceTo]=11000&filter[addCategory]=50&filter[addCatering]=1&filter[addMisc]=0&filter[addTransport]=F&filter[fp]=1&order_by=ofr_price&filter[tourOperator]=0&filter[childAge][1]=20201210","https://fly.pl/cdn/photo/assets/uploads/582/278/2024/07/amarina-queen-resort.jpg","https://fly.pl/wycieczka/egipt,marsa-alam,c/amarina-queen-resort-12/pCKm4i85f4mi--0E3Uu3NZAAogue4Cx0daWn-6h-vByQ-zpwDrvrLMF5DSU3_WGB_7L2cqBE9BU0kw9If51AZI-CxQAVjbCWACagNBSWxyIRwRgqQBuQS9_Q-rBB4brskPGKOMEwHt3eWqAgIAYwECDHkitGw/ofertasv/?filter[tourOperator]=OASI&filter%5Bperson%5D=2&filter%5BchildAge%5D%5B1%5D=20201210&filter%5Bchild%5D=1"
"Regency Plaza Aqua Park Spa Egipt, Sharm El Sheikh, Szarm el-Szejk","5997.0","28.10.2026 - 04.11.2026","9 dni/7 nocy","","4.1","4.1","6180","tripadvisor","Gdańsk","2026-09-07T04:56:19.401466+00:00","https://fly.pl/oferta/egipt-wczasy/?filter[dest]=11:&filter[hotelids]=&filter[cityids]=&filter[cregids]=&filter[ofrType]=&filter[addObjType]=&filter[whenFrom]=10-10-2026&filter[whenTo]=05-11-2026&filter[duration]=7:10&filter[from]=&filter[person]=2&filter[child]=1&filter[price]=0:11000&filter[PriceFrom]=0&filter[PriceTo]=11000&filter[addCategory]=50&filter[addCatering]=1&filter[addMisc]=0&filter[addTransport]=F&filter[fp]=1&order_by=ofr_price&filter[tourOperator]=0&filter[childAge][1]=20201210","https://fly.pl/cdn/photo/assets/uploads/582/278/2014/07/Regency-Plaza-Aqua-Park-Spa-fly-pl.jpg","https://fly.pl/wycieczka/egipt,sharm-el-sheikh,szarm-el-szejk/regency-plaza/pIOpfZQ8W0LjyHevKmZzG2AAog8VvHl7gw0dlFgVWb3MsZoHIhrbyPomD2uW-Fwn8rcgYqBE9BU0kw9If51AZI7S5QAVjDCWACagNBSWxyIRwRxq8BuQStqxCrBBIby8YOGIrJEQHLqpipAgIAYwECDdjiWxE/ofertasv/?filter[tourOperator]=OASI&filter%5Bperson%5D=2&filter%5BchildAge%5D%5B1%5D=20201210&filter%5Bchild%5D=1"
"Novotel Marsa Alam Egipt, Marsa Alam","6037.0","29.10.2026 - 05.11.2026","8 dni/7 nocy","","4.5","4.5","3674","tripadvisor","Gdańsk","2026-09-07T04:56:19.401466+00:00","https://fly.pl/oferta/egipt-wczasy/?filter[dest]=11:&filter[hotelids]=&filter[cityids]=&filter[cregids]=&filter[ofrType]=&filter[addObjType]=&filter[whenFrom]=10-10-2026&filter[whenTo]=05-11-2026&filter[duration]=7:10&filter[from]=&filter[person]=2&filter[child]=1&filter[price]=0:11000&filter[PriceFrom]=0&filter[PriceTo]=11000&filter[addCategory]=50&filter[addCatering]=1&filter[addMisc]=0&filter[addTransport]=F&filter[fp]=1&order_by=ofr_price&filter[tourOperator]=0&filter[childAge][1]=20201210","https://fly.pl/cdn/photo/assets/uploads/582/278/2015/09/Novotel-Marsa-Alam.jpg","https://fly.pl/wycieczka/egipt,marsa-alam,c/novotel-marsa-alam/pBk4Gx1oI5llkJwHzmQhJNAAogEGYcKOwfxN1HHT9GvcGWYzKdxs8NDMjTRuzG1nHTIV4qBEVYSU0w9If51AZIlS9QAVjbCWACagJBSXIhHBHO_wa5BO2rS6sEaxum-UQYvfdGAeOaqM4NAhJjAQIFebr0kQ/ofertasv/?filter[tourOperator]=EXIM&filter%5Bperson%5D=2&filter%5BchildAge%5D%5B1%5D=20201210&filter%5Bchild%5D=1"
"Amarina Jannah Resort Aquapark Egipt, Marsa Alam, Port Ghalib","6050.0","27.10.2026 - 03.11.2026","8 dni/7 nocy","","4.7","4.7","667","tripadvisor","Gdańsk","2026-09-07T04:56:19.401466+00:00","https://fly.pl/oferta/egipt-wczasy/?filter[dest]=11:&filter[hotelids]=&filter[cityids]=&filter[cregids]=&filter[ofrType]=&filter[addObjType]=&filter[whenFrom]=10-10-2026&filter[whenTo]=05-11-2026&filter[duration]=7:10&filter[from]=&filter[person]=2&filter[child]=1&filter[price]=0:11000&filter[PriceFrom]=0&filter[PriceTo]=11000&filter[addCategory]=50&filter[addCatering]=1&filter[addMisc]=0&filter[addTransport]=F&filter[fp]=1&order_by=ofr_price&filter[tourOperator]=0&filter[childAge][1]=20201210","https://fly.pl/cdn/photo/assets/uploads/582/278/2023/04/Amarina-Jannah-Resort-Aquapark.jpg","https://fly.pl/wycieczka/egipt,marsa-alam,port-ghalib/amarina-jannah-resort-aquapark-15/p64JS4hio0FyZBzJjfYtS2AAogrC9PAcm0e6PC5BIKGtxXIbEeAQVSJ5EhohXMAaWMnAYqBE9BU0kw9If51AZIoi9QAVirCWACagNBSWxyIRwRgKQBuQSYthCrBAgbvJAPGKOMEwGTyeOqAgIAYwECDFo03W4/ofertasv/?filter[tourOperator]=OASI&filter%5Bperson%5D=2&filter%5BchildAge%5D%5B1%5D=20201210&filter%5Bchild%5D=1"
"Jaz Grand Marsa (ex Resta Grand Resort) Egipt, Marsa Alam, Madinat Coraya","6067.0","28.10.2026 - 04.11.2026","8 dni/7 nocy","","4.6","4.6","6426","tripadvisor","Warszawa - Modlin","2026-09-07T04:56:19.401466+00:00","https://fly.pl/oferta/egipt-wczasy/?filter[dest]=11:&filter[hotelids]=&filter[cityids]=&filter[cregids]=&filter[ofrType]=&filter[addObjType]=&filter[whenFrom]=10-10-2026&filter[whenTo]=05-11-2026&filter[duration]=7:10&filter[from]=&filter[person]=2&filter[child]=1&filter[price]=0:11000&filter[PriceFrom]=0&filter[PriceTo]=11000&filter[addCategory]=50&filter[addCatering]=1&filter[addMisc]=0&filter[addTransport]=F&filter[fp]=1&order_by=ofr_price&filter[tourOperator]=0&filter[childAge][1]=20201210","https://fly.pl/cdn/photo/assets/uploads/582/278/2014/09/grand.jpg","https://fly.pl/wycieczka/egipt,marsa-alam,madinat-coraya/resta-grand-resort/pJbgCoI74q4HF8okHYvyM7AAogceoKAHZGlPkAacQZJ28NXxMX033-gYOoV0TNZ_GKOrIqBEVYSU0w9If51AZIsy9QAVjDCWACagJBSXIhHBG-2Qa5BKLTS6sEPhur5DUY0e9VAf3G5csNAgBjAQIMoxmnhw/ofertasv/?filter[tourOperator]=EXIM&filter%5Bperson%5D=2&filter%5BchildAge%5D%5B1%5D=20201210&filter%5Bchild%5D=1"
"Xperience Kiroseiz Premier Egipt, Sharm El Sheikh","6119.0","28.10.2026 - 04.11.2026","9 dni/7 nocy","","4.5","4.5","990","tripadvisor","Gdańsk","2026-09-07T04:56:19.401466+00:00","https://fly.pl/oferta/egipt-wczasy/?filter[dest]=11:&filter[hotelids]=&filter[cityids]=&filter[cregids]=&filter[ofrType]=&filter[addObjType]=&filter[whenFrom]=10-10-2026&filter[whenTo]=05-11-2026&filter[duration]=7:10&filter[from]=&filter[person]=2&filter[child]=1&filter[price]=0:11000&filter[PriceFrom]=0&filter[PriceTo]=11000&filter[addCategory]=50&filter[addCatering]=1&filter[addMisc]=0&filter[addTransport]=F&filter[fp]=1&order_by=ofr_price&filter[tourOperator]=0&filter[childAge][1]=20201210","https://fly.pl/cdn/photo/assets/uploads/582/278/2015/11/Xperience-Kiroseiz-Premier-fly-pl-3.jpg","https://fly.pl/wycieczka/egipt,sharm-el-sheikh,c/xperience-kiroseiz-premier/pJO4FOkx3ugP2441A_kU3kAAogcodN3Ly34wL6l42kRilrG3IhrbyPomD2uW-Fwn8rcgYqBE9BU0kw9If51AZI5y9QAVjDCWACagNBSWxyIRwR-a8BuQT6qhCrBBIbr5QMGJ2AFAHnmJ2pAgIAYwECC1k-Xkc/ofertasv/?filter[tourOperator]=OASI&filter%5Bperson%5D=2&filter%5BchildAge%5D%5B1%5D=20201210&filter%5Bchild%5D=1"
"Rewaya Luxury Resort Egipt, Hurghada","6147.0","29.10.2026 - 05.11.2026","9 dni/7 nocy","","","","","","Wrocław","2026-09-07T04:56:19.401466+00:00","https://fly.pl/oferta/egipt-wczasy/?filter[dest]=11:&filter[hotelids]=&filter[cityids]=&filter[cregids]=&filter[ofrType]=&filter[addObjType]=&filter[whenFrom]=10-10-2026&filter[whenTo]=05-11-2026&filter[duration]=7:10&filter[from]=&filter[person]=2&filter[child]=1&filter[price]=0:11000&filter[PriceFrom]=0&filter[PriceTo]=11000&filter[addCategory]=50&filter[addCatering]=1&filter[addMisc]=0&filter[addTransport]=F&filter[fp]=1&order_by=ofr_price&filter[tourOperator]=0&filter[childAge][1]=20201210","https://datacfstatic.merlinx.pl/EXIM/IMG/114587/d4eb92cfe350c7a33d54f02107ec3a32db9ef7ad1d4e95c8b7b4944e33e5d7b4.webp","https://fly.pl/wycieczka/egipt,hurghada,c/rewaya-luxury-resort-9/ppjPMEHYerKzZlH2VWwoW6AAog2K-Noss6pAGqOLH8oTH98MLTmCcaLBzG7MsO9giG0TQqBEVYSU0w9If51AZIgzBQAVjbCWACagNVQUlyIRwRm_8GuQSCqEurBF0b9p9AGO_mRwGOkt2rDQISYwECDWLJld0/ofertasv/?filter[tourOperator]=EXIM&filter%5Bperson%5D=2&filter%5BchildAge%5D%5B1%5D=20201210&filter%5Bchild%5D=1"
"Amwaj Oyoun Resort & Spa (ex AA Amwaj Resort) Egipt, Sharm El Sheikh","6174.0","29.10.2026 - 05.11.2026","8 dni/7 nocy","","4.0","4.0","5324","tripadvisor","Warszawa - Modlin","2026-09-07T04:56:19.401466+00:00","https://fly.pl/oferta/egipt-wczasy/?filter[dest]=11:&filter[hotelids]=&filter[cityids]=&filter[cregids]=&filter[ofrType]=&filter[addObjType]=&filter[whenFrom]=10-10-2026&filter[whenTo]=05-11-2026&filter[duration]=7:10&filter[from]=&filter[person]=2&filter[child]=1&filter[price]=0:11000&filter[PriceFrom]=0&filter[PriceTo]=11000&filter[addCategory]=50&filter[addCatering]=1&filter[addMisc]=0&filter[addTransport]=F&filter[fp]=1&order_by=ofr_price&filter[tourOperator]=0&filter[childAge][1]=20201210","https://fly.pl/cdn/photo/assets/uploads/582/278/2014/07/Amwaj-Oyoun-Resort-Spa-ex-AA-Amwaj-Resort-fly-pl.jpg","https://fly.pl/wycieczka/egipt,sharm-el-sheikh,c/amwaj-oyoun-resort-ex-aa-amwaj-resort/pW9AjK8m1sqjSXLqgJf8GrAAogS4P4SC0jZ9OJOXwJVJcmeRstrgoMttrZgZAvN8rfQ44qBEtPTVQw9If51AZInjBQAVjbCWACagJBSXIfHBG0G7kEtOIBqwQDGI2lBBufqyQB-rrWHgIAYwECBfqL-VU/ofertasv/?filter[tourOperator]=KOMT&filter%5Bperson%5D=2&filter%5BchildAge%5D%5B1%5D=20201210&filter%5Bchild%5D=1"
"Rewaya Majestic Resort Egipt, Hurghada","6187.0","27.10.2026 - 03.11.2026","9 dni/7 nocy","","","","","","Warszawa - Modlin","2026-09-07T04:56:19.401466+00:00","https://fly.pl/oferta/egipt-wczasy/?filter[dest]=11:&filter[hotelids]=&filter[cityids]=&filter[cregids]=&filter[ofrType]=&filter[addObjType]=&filter[whenFrom]=10-10-2026&filter[whenTo]=05-11-2026&filter[duration]=7:10&filter[from]=&filter[person]=2&filter[child]=1&filter[price]=0:11000&filter[PriceFrom]=0&filter[PriceTo]=11000&filter[addCategory]=50&filter[addCatering]=1&filter[addMisc]=0&filter[addTransport]=F&filter[fp]=1&order_by=ofr_price&filter[tourOperator]=0&filter[childAge][1]=20201210","https://datacfstatic.merlinx.pl/EXIM/IMG/114588/e3a15b238b2d30f27199dd0e48d3c85c0bc5e06a1c321d66bdb885dd7a89e111.webp","https://fly.pl/wycieczka/egipt,hurghada,c/rewaya-majestic-resort-10/paBLKWaRXP9et5y_wPkpCNAAogr62pPgv1QM-SW7VDsmj5Q5eMXePUQkpobZ-BQI6-nbQqBEVYSU0w9If51AZIqzBQAVirCWACagNVQUlyIRwRnP8GqwSlqUu5BEUb6p9AGP7lRwH0-_GrDQISYwECDcMP2Kg/ofertasv/?filter[tourOperator]=EXIM&filter%5Bperson%5D=2&filter%5BchildAge%5D%5B1%5D=20201210&filter%5Bchild%5D=1"
"AMC Royal Hotel & Spa (ex. AMC Azur Resort) Egipt, Hurghada","6314.0","29.10.2026 - 05.11.2026","8 dni/7 nocy","","4.4","4.4","3064","tripadvisor","Warszawa","2026-09-07T04:56:19.401466+00:00","https://fly.pl/oferta/egipt-wczasy/?filter[dest]=11:&filter[hotelids]=&filter[cityids]=&filter[cregids]=&filter[ofrType]=&filter[addObjType]=&filter[whenFrom]=10-10-2026&filter[whenTo]=05-11-2026&filter[duration]=7:10&filter[from]=&filter[person]=2&filter[child]=1&filter[price]=0:11000&filter[PriceFrom]=0&filter[PriceTo]=11000&filter[addCategory]=50&filter[addCatering]=1&filter[addMisc]=0&filter[addTransport]=F&filter[fp]=1&order_by=ofr_price&filter[tourOperator]=0&filter[childAge][1]=20201210","https://fly.pl/cdn/photo/assets/uploads/582/278/2014/07/AMC-Royal-Resort.jpg","https://fly.pl/wycieczka/egipt,hurghada,c/amc-royal-ex-amc-azur-resort/pu8lxfiubRFdEBWGeqp_uJAAog3jdejIJWZzHvwlmC-0ASkhLqCxxQb8S86Hh0k4aD-ioqBE9SRVgw9If51AZIqjFQQVjbCWACagZDWC4yLjFyNZsBFQcXAFwDWAVWAhEEQMYGXZsPTyRT0p0BUgBer09L7UNhAEzljDoguP2XCQ0AAhJjAQIMGCfSiQ/ofertasv/?filter[tourOperator]=OREX&filter%5Bperson%5D=2&filter%5BchildAge%5D%5B1%5D=20201210&filter%5Bchild%5D=1"
"Gemma Resort (ex. Labranda Gemma Premium Resort) Egipt, Marsa Alam","6318.0","27.10.2026 - 03.11.2026","8 dni/7 nocy","","4.5","4.5","5575","tripadvisor","Gdańsk","2026-09-07T04:56:19.401466+00:00","https://fly.pl/oferta/egipt-wczasy/?filter[dest]=11:&filter[hotelids]=&filter[cityids]=&filter[cregids]=&filter[ofrType]=&filter[addObjType]=&filter[whenFrom]=10-10-2026&filter[whenTo]=05-11-2026&filter[duration]=7:10&filter[from]=&filter[person]=2&filter[child]=1&filter[price]=0:11000&filter[PriceFrom]=0&filter[PriceTo]=11000&filter[addCategory]=50&filter[addCatering]=1&filter[addMisc]=0&filter[addTransport]=F&filter[fp]=1&order_by=ofr_price&filter[tourOperator]=0&filter[childAge][1]=20201210","https://fly.pl/cdn/photo/assets/uploads/582/278/2015/06/Gemma-Resort.jpg","https://fly.pl/wycieczka/egipt,marsa-alam,c/gemma-resort/pWeFiigb9eOrX1srEftK54AAog-5eStDvUeZy_Hn1AssU4FbEeAQVSJ5EhohXMAaWMnAYqBE9BU0kw9If51AZIrjFQAVirCWACagNBSWxyIRwRlKQBuQSEthCrBAgbusoMGMW5EwHJ4eeZAgIAYwECDRVitnY/ofertasv/?filter[tourOperator]=OASI&filter%5Bperson%5D=2&filter%5BchildAge%5D%5B1%5D=20201210&filter%5Bchild%5D=1"
"Xperience Kiroseiz Parkland Egipt, Sharm El Sheikh","6345.0","28.10.2026 - 04.11.2026","9 dni/7 nocy","","4.5","4.5","3121","tripadvisor","Gdańsk","2026-09-07T04:56:19.401466+00:00","https://fly.pl/oferta/egipt-wczasy/?filter[dest]=11:&filter[hotelids]=&filter[cityids]=&filter[cregids]=&filter[ofrType]=&filter[addObjType]=&filter[whenFrom]=10-10-2026&filter[whenTo]=05-11-2026&filter[duration]=7:10&filter[from]=&filter[person]=2&filter[child]=1&filter[price]=0:11000&filter[PriceFrom]=0&filter[PriceTo]=11000&filter[addCategory]=50&filter[addCatering]=1&filter[addMisc]=0&filter[addTransport]=F&filter[fp]=1&order_by=ofr_price&filter[tourOperator]=0&filter[childAge][1]=20201210","https://fly.pl/cdn/photo/assets/uploads/582/278/2014/06/Xperience-Kiroseiz-Parkland-fly-pl.jpg","https://fly.pl/wycieczka/egipt,sharm-el-sheikh,c/xperience-kiroseiz-parkland/p7Y07PUNj8M1eMk1_gQUcuAAogeBvCMuMAyuD3nqaBS7gayHIhrbyPomD2uW-Fwn8rcgYqBE9BU0kw9If51AZIyTFQAVjDCWACagNBSWxyIRwR9a8BuQT-qhCrBBIb75MMGNCAFAHo0Z2pAgIAYwECC2Lf3hU/ofertasv/?filter[tourOperator]=OASI&filter%5Bperson%5D=2&filter%5BchildAge%5D%5B1%5D=20201210&filter%5Bchild%5D=1"
"Xperience Sea Breeze Egipt, Sharm El Sheikh","6589.0","28.10.2026 - 04.11.2026","9 dni/7 nocy","","4.7","4.7","11506","tripadvisor","Gdańsk","2026-09-07T04:56:19.401466+00:00","https://fly.pl/oferta/egipt-wczasy/?filter[dest]=11:&filter[hotelids]=&filter[cityids]=&filter[cregids]=&filter[ofrType]=&filter[addObjType]=&filter[whenFrom]=10-10-2026&filter[whenTo]=05-11-2026&filter[duration]=7:10&filter[from]=&filter[person]=2&filter[child]=1&filter[price]=0:11000&filter[PriceFrom]=0&filter[PriceTo]=11000&filter[addCategory]=50&filter[addCatering]=1&filter[addMisc]=0&filter[addTransport]=F&filter[fp]=1&order_by=ofr_price&filter[tourOperator]=0&filter[childAge][1]=20201210","https://fly.pl/cdn/photo/assets/uploads/582/278/2014/07/XPERIENCE-SEA-BREEZE-RESORT.jpg","https://fly.pl/wycieczka/egipt,sharm-el-sheikh,c/xperience-sea-breeze/pIeib_Y4aDgNW89bxgc619AAogS8gEpnOhJE5lbgc2xxeKUHIhrbyPomD2uW-Fwn8rcgYqBE9BU0kw9If51AZIvTNQAVjDCWACagNBSWxyIRwRgrABuQTxqhCrBBIbzpMMGJSBFAHyl6CpAgIAYwECCx9pYaQ/ofertasv/?filter[tourOperator]=OASI&filter%5Bperson%5D=2&filter%5BchildAge%5D%5B1%5D=20201210&filter%5Bchild%5D=1"
"Royal Regency Club Egipt, Sharm El Sheikh, Szarm el-Szejk","6801.0","28.10.2026 - 04.11.2026","9 dni/7 nocy","","4.4","4.4","357","tripadvisor","Gdańsk","2026-09-07T04:56:19.401466+00:00","https://fly.pl/oferta/egipt-wczasy/?filter[dest]=11:&filter[hotelids]=&filter[cityids]=&filter[cregids]=&filter[ofrType]=&filter[addObjType]=&filter[whenFrom]=10-10-2026&filter[whenTo]=05-11-2026&filter[duration]=7:10&filter[from]=&filter[person]=2&filter[child]=1&filter[price]=0:11000&filter[PriceFrom]=0&filter[PriceTo]=11000&filter[addCategory]=50&filter[addCatering]=1&filter[addMisc]=0&filter[addTransport]=F&filter[fp]=1&order_by=ofr_price&filter[tourOperator]=0&filter[childAge][1]=20201210","https://fly.pl/cdn/photo/assets/uploads/582/278/2024/07/royal-regency-club.jpg","https://fly.pl/wycieczka/egipt,sharm-el-sheikh,szarm-el-szejk/royal-regency-club/phHSp8najcW-ht1QJ3WfKMAAogWkmGJieDjZtLIGFb7li8X3IhrbyPomD2uW-Fwn8rcgYqBE9BU0kw9If51AZIkTVQAVjDCWACagNBSStyIRwR3a8BuQSWqxCrBBIbyYYPGLiFEwHSgtmqAgIAYwECDbENRQ4/ofertasv/?filter[tourOperator]=OASI&filter%5Bperson%5D=2&filter%5BchildAge%5D%5B1%5D=20201210&filter%5Bchild%5D=1"
"Pickalbatros Villaggio Resort Portofino Egipt, Marsa Alam","6837.0","26.10.2026 - 02.11.2026","8 dni/7 nocy","","4.9","4.9","1592","tripadvisor","Warszawa - Modlin","2026-09-07T04:56:19.401466+00:00","https://fly.pl/oferta/egipt-wczasy/?filter[dest]=11:&filter[hotelids]=&filter[cityids]=&filter[cregids]=&filter[ofrType]=&filter[addObjType]=&filter[whenFrom]=10-10-2026&filter[whenTo]=05-11-2026&filter[duration]=7:10&filter[from]=&filter[person]=2&filter[child]=1&filter[price]=0:11000&filter[PriceFrom]=0&filter[PriceTo]=11000&filter[addCategory]=50&filter[addCatering]=1&filter[addMisc]=0&filter[addTransport]=F&filter[fp]=1&order_by=ofr_price&filter[tourOperator]=0&filter[childAge][1]=20201210","https://fly.pl/cdn/photo/assets/uploads/582/278/2024/07/pickalbatros-villaggio-resort-portofino.jpg","https://fly.pl/wycieczka/egipt,marsa-alam,c/pickalbatros-villaggio-resort-portofino-15/pJK3VqeFLL1nt-4o7fbi0nAAogPqp0oEIiHDWiouDWm2Y46pQB3BBoU8HI00KB_W6Iw_MqBEVYSU0w9If51AZItTVQAViTCWACagJBSXIhHBHP_ga5BKiuS6sEPxvCgzwYmJlPAZqL_8YNAgBjAQIMkvJ38Q/ofertasv/?filter[tourOperator]=EXIM&filter%5Bperson%5D=2&filter%5BchildAge%5D%5B1%5D=20201210&filter%5Bchild%5D=1"
"Dream Lagoon & Aqua Park Resort (ex. Floriana Dream Lagoon) Egipt, Marsa Alam","6908.0","29.10.2026 - 05.11.2026","8 dni/7 nocy","","4.3","4.3","5717","tripadvisor","Katowice","2026-09-07T04:56:19.401466+00:00","https://fly.pl/oferta/egipt-wczasy/?filter[dest]=11:&filter[hotelids]=&filter[cityids]=&filter[cregids]=&filter[ofrType]=&filter[addObjType]=&filter[whenFrom]=10-10-2026&filter[whenTo]=05-11-2026&filter[duration]=7:10&filter[from]=&filter[person]=2&filter[child]=1&filter[price]=0:11000&filter[PriceFrom]=0&filter[PriceTo]=11000&filter[addCategory]=50&filter[addCatering]=1&filter[addMisc]=0&filter[addTransport]=F&filter[fp]=1&order_by=ofr_price&filter[tourOperator]=0&filter[childAge][1]=20201210","https://fly.pl/cdn/photo/assets/uploads/582/278/2015/11/Future-Dream-Lagoon-ex.-Floriana-Dream-Lagoon-fly-pl.jpg","https://fly.pl/wycieczka/egipt,marsa-alam,c/floriana-dream-lagoon/ptSa4nKR9d5DkoSYbQQ0ypAAogCBBrYiyNM3YbPxv6UmQ9NMf7aOogEcfP-IyfG5F-ZlYqBE9SRVgw9If51AZI_DVQQVjbCWACagYwWi4yLjFyNpsBFQcXAFwDWAVWAkDKBhHfDl3UM08kS8KJAWEAXqcwUrwUUwBMlrw6Dbj9lwkgAAISYwECDSI6dI0/ofertasv/?filter[tourOperator]=OREX&filter%5Bperson%5D=2&filter%5BchildAge%5D%5B1%5D=20201210&filter%5Bchild%5D=1"
"Albatros Sea World Resort Marsa Alam Egipt, Marsa Alam, Al-Kusajr","6917.0","29.10.2026 - 05.11.2026","8 dni/7 nocy","","4.7","4.7","4491","tripadvisor","Gdańsk","2026-09-07T04:56:19.401466+00:00","https://fly.pl/oferta/egipt-wczasy/?filter[dest]=11:&filter[hotelids]=&filter[cityids]=&filter[cregids]=&filter[ofrType]=&filter[addObjType]=&filter[whenFrom]=10-10-2026&filter[whenTo]=05-11-2026&filter[duration]=7:10&filter[from]=&filter[person]=2&filter[child]=1&filter[price]=0:11000&filter[PriceFrom]=0&filter[PriceTo]=11000&filter[addCategory]=50&filter[addCatering]=1&filter[addMisc]=0&filter[addTransport]=F&filter[fp]=1&order_by=ofr_price&filter[tourOperator]=0&filter[childAge][1]=20201210","https://fly.pl/cdn/photo/assets/uploads/582/278/2017/08/ALBATROS-SEA-WORLD.jpg","https://fly.pl/wycieczka/egipt,marsa-alam,al-kusajr/sea-world-resort-marsa-alam/ppTjQq0yf7Bs9layudtDhDAAogLf8Hy1Opz0fVwkEmWjtgEjKdxs8NDMjTRuzG1nHTIV4qBEVYSU0w9If51AZIhTZQAVjbCWACagJBSXIhHBHL9Aa5BPC2S6sEaxuc4zUYuLpVAaml_sYNAgBjAQIMlGu8AA/ofertasv/?filter[tourOperator]=EXIM&filter%5Bperson%5D=2&filter%5BchildAge%5D%5B1%5D=20201210&filter%5Bchild%5D=1"
"Albatros Oasis Port Ghalib (ex. Red Sea Port Ghalib Resort) Egipt, Marsa Alam, Port Ghalib","7047.0","28.10.2026 - 04.11.2026","8 dni/7 nocy","","4.6","4.6","3640","tripadvisor","Warszawa - Modlin","2026-09-07T04:56:19.401466+00:00","https://fly.pl/oferta/egipt-wczasy/?filter[dest]=11:&filter[hotelids]=&filter[cityids]=&filter[cregids]=&filter[ofrType]=&filter[addObjType]=&filter[whenFrom]=10-10-2026&filter[whenTo]=05-11-2026&filter[duration]=7:10&filter[from]=&filter[person]=2&filter[child]=1&filter[price]=0:11000&filter[PriceFrom]=0&filter[PriceTo]=11000&filter[addCategory]=50&filter[addCatering]=1&filter[addMisc]=0&filter[addTransport]=F&filter[fp]=1&order_by=ofr_price&filter[tourOperator]=0&filter[childAge][1]=20201210","https://fly.pl/cdn/photo/assets/uploads/582/278/2014/09/pickalbatros-oasis.jpg","https://fly.pl/wycieczka/egipt,marsa-alam,port-ghalib/crowne-plaza-sahara-oasis-resort/pEgU6VYBJf0kIGTCPyQ6k4AAogHI8rC0nSAcwXpdq4OQIVQxMX033-gYOoV0TNZ_GKOrIqBEVYSU0w9If51AZIhzdQAVjDCWACagJBSXIhHBHS2Qa5BI7TS6sEPhvF4TUY-7pVAaLdtM4NAgBjAQIMUw4hOA/ofertasv/?filter[tourOperator]=EXIM&filter%5Bperson%5D=2&filter%5BchildAge%5D%5B1%5D=20201210&filter%5Bchild%5D=1"
"Hawaii Paradise Aqua Park Resort Egipt, Hurghada","7078.0","16.10.2026 - 23.10.2026","8 dni/7 nocy","","3.4","3.4","441","tripadvisor","Katowice","2026-09-07T04:56:19.401466+00:00","https://fly.pl/oferta/egipt-wczasy/?filter[dest]=11:&filter[hotelids]=&filter[cityids]=&filter[cregids]=&filter[ofrType]=&filter[addObjType]=&filter[whenFrom]=10-10-2026&filter[whenTo]=05-11-2026&filter[duration]=7:10&filter[from]=&filter[person]=2&filter[child]=1&filter[price]=0:11000&filter[PriceFrom]=0&filter[PriceTo]=11000&filter[addCategory]=50&filter[addCatering]=1&filter[addMisc]=0&filter[addTransport]=F&filter[fp]=1&order_by=ofr_price&filter[tourOperator]=0&filter[childAge][1]=20201210","https://fly.pl/cdn/photo/assets/uploads/582/278/2020/09/Hawaii-Paradise-Aqua-Park-Resort.jpg","https://fly.pl/wycieczka/egipt,hurghada,c/hawaii-paradise-aqua-park-resort-14/pxjOilj0yLJ-fB_zPNUs_bAAogUUH-4BoGB7c6_W7xMZOleofhIHvhn7w5Xr2Fc_302p0qBEpPSVAw9If51AZIpjdQQVijB2ACagNDR21yQ5sBFAEVBhcAXANYBVYCQMoGT-IBXQBSr6sBUwBLiB9hAF6nMBGxzwFMoYE5Dav9lwkgAAGZseSw44bMoDACDmMBAA28sikM/ofertasv/?filter[tourOperator]=JOIP&filter%5Bperson%5D=2&filter%5BchildAge%5D%5B1%5D=20201210&filter%5Bchild%5D=1"
"Albatros Palace Port Ghalib (ex. Red Sea The Palace) Egipt, Marsa Alam, Port Ghalib","7117.0","29.10.2026 - 05.11.2026","8 dni/7 nocy","","4.7","4.7","3737","tripadvisor","Gdańsk","2026-09-07T04:56:19.401466+00:00","https://fly.pl/oferta/egipt-wczasy/?filter[dest]=11:&filter[hotelids]=&filter[cityids]=&filter[cregids]=&filter[ofrType]=&filter[addObjType]=&filter[whenFrom]=10-10-2026&filter[whenTo]=05-11-2026&filter[duration]=7:10&filter[from]=&filter[person]=2&filter[child]=1&filter[price]=0:11000&filter[PriceFrom]=0&filter[PriceTo]=11000&filter[addCategory]=50&filter[addCatering]=1&filter[addMisc]=0&filter[addTransport]=F&filter[fp]=1&order_by=ofr_price&filter[tourOperator]=0&filter[childAge][1]=20201210","https://fly.pl/cdn/photo/assets/uploads/582/278/2014/09/albatros-palace.jpg","https://fly.pl/wycieczka/egipt,marsa-alam,port-ghalib/intercontinental-the-palace-port-ghalib/pWMjnKWl3Q2VJ4FKOFBb-cAAogIdh8uLrkSkSwe-rEEo6neDKdxs8NDMjTRuzG1nHTIV4qBEVYSU0w9If51AZIzTdQAVjbCWACagJBSXIhHBHN9Aa5BO62S6sEaxva4jUY6rpVAcm4_cYNAgBjAQIMHK1Deg/ofertasv/?filter[tourOperator]=EXIM&filter%5Bperson%5D=2&filter%5BchildAge%5D%5B1%5D=20201210&filter%5Bchild%5D=1"
"Movenpick Resort Soma Bay Egipt, Hurghada","7164.0","29.10.2026 - 05.11.2026","8 dni/7 nocy","","4.3","4.3","4058","tripadvisor","Warszawa","2026-09-07T04:56:19.401466+00:00","https://fly.pl/oferta/egipt-wczasy/?filter[dest]=11:&filter[hotelids]=&filter[cityids]=&filter[cregids]=&filter[ofrType]=&filter[addObjType]=&filter[whenFrom]=10-10-2026&filter[whenTo]=05-11-2026&filter[duration]=7:10&filter[from]=&filter[person]=2&filter[child]=1&filter[price]=0:11000&filter[PriceFrom]=0&filter[PriceTo]=11000&filter[addCategory]=50&filter[addCatering]=1&filter[addMisc]=0&filter[addTransport]=F&filter[fp]=1&order_by=ofr_price&filter[tourOperator]=0&filter[childAge][1]=20201210","https://fly.pl/cdn/photo/assets/uploads/582/278/2009/02/Movenpick-Soma-Bay2539.jpg","https://fly.pl/wycieczka/egipt,hurghada,c/movenpick-soma-bay/p8MAcoChvRw-TV6kIoKC79AAog5IVuk_3WHfuAXvCCZLg8FRLqCxxQb8S86Hh0k4aD-ioqBE9SRVgw9If51AZI_DdQQVjbCWACagdCSzYuMi4xcjWbARUHFwBcA1gFVgJAygYREl2JD08kU9KdAVIAXq9PS-1DYQBM5Yw6ILj9lwkNAAISYwECC3v3YrE/ofertasv/?filter[tourOperator]=OREX&filter%5Bperson%5D=2&filter%5BchildAge%5D%5B1%5D=20201210&filter%5Bchild%5D=1"
"Pickalbatros Vita Resort Portofino Egipt, Marsa Alam","7177.0","26.10.2026 - 02.11.2026","8 dni/7 nocy","","4.9","4.9","752","tripadvisor","Warszawa - Modlin","2026-09-07T04:56:19.401466+00:00","https://fly.pl/oferta/egipt-wczasy/?filter[dest]=11:&filter[hotelids]=&filter[cityids]=&filter[cregids]=&filter[ofrType]=&filter[addObjType]=&filter[whenFrom]=10-10-2026&filter[whenTo]=05-11-2026&filter[duration]=7:10&filter[from]=&filter[person]=2&filter[child]=1&filter[price]=0:11000&filter[PriceFrom]=0&filter[PriceTo]=11000&filter[addCategory]=50&filter[addCatering]=1&filter[addMisc]=0&filter[addTransport]=F&filter[fp]=1&order_by=ofr_price&filter[tourOperator]=0&filter[childAge][1]=20201210","https://fly.pl/cdn/photo/assets/uploads/582/278/2024/07/pickalbatros-vita-resort-portofino.jpg","https://fly.pl/wycieczka/egipt,marsa-alam,c/pickalbatros-vita-resort-portofino-11/pn6m9VkShMc7UqLUkcGtlFAAogyV37Gb46wdQl11ZDJlhnLJQB3BBoU8HI00KB_W6Iw_MqBEVYSU0w9If51AZIiThQAViTCWACagJBSXIhHBHU2Qa5BKPTS6sEPxus5DUYxLhVAabq_8YNAgBjAQIMAF6Lng/ofertasv/?filter[tourOperator]=EXIM&filter%5Bperson%5D=2&filter%5BchildAge%5D%5B1%5D=20201210&filter%5Bchild%5D=1"
"Royal Lagoons Aqua (ex. Premium Blue) Egipt, Hurghada","7220.0","15.10.2026 - 22.10.2026","8 dni/7 nocy","","4.2","4.2","4340","tripadvisor","Katowice","2026-09-07T04:56:19.401466+00:00","https://fly.pl/oferta/egipt-wczasy/?filter[dest]=11:&filter[hotelids]=&filter[cityids]=&filter[cregids]=&filter[ofrType]=&filter[addObjType]=&filter[whenFrom]=10-10-2026&filter[whenTo]=05-11-2026&filter[duration]=7:10&filter[from]=&filter[person]=2&filter[child]=1&filter[price]=0:11000&filter[PriceFrom]=0&filter[PriceTo]=11000&filter[addCategory]=50&filter[addCatering]=1&filter[addMisc]=0&filter[addTransport]=F&filter[fp]=1&order_by=ofr_price&filter[tourOperator]=0&filter[childAge][1]=20201210","https://fly.pl/cdn/photo/assets/uploads/582/278/2014/10/Royal-Lagoons-Aqua.jpg","https://fly.pl/wycieczka/egipt,hurghada,c/premium-blue-lagoon-ex-pyramisa-blue-lagoon/pWX4gjZLJlsCKjur6A4kdXAAogpe-HhmiACix2IKh33cgMb2KL7iYQ76AoqzDp0f7NVtEqBEpPSVAw9If51AZItDhQQViLB2ACagNDR21yQpsBFAEVBRcBXANYBVYCQMoGT6sBXQBS5qsBUwBLiB9hAF6nMBGHMkzLnjoNqv2XCSABAbGbwPCkicygMAIOYwEADcbI69Y/ofertasv/?filter[tourOperator]=JOIP&filter%5Bperson%5D=2&filter%5BchildAge%5D%5B1%5D=20201210&filter%5Bchild%5D=1"
"Naama Bay Promenade Mountain Resort Egipt, Sharm El Sheikh, Szarm el-Szejk","7357.0","28.10.2026 - 04.11.2026","9 dni/7 nocy","","4.2","4.2","1287","tripadvisor","Gdańsk","2026-09-07T04:56:19.401466+00:00","https://fly.pl/oferta/egipt-wczasy/?filter[dest]=11:&filter[hotelids]=&filter[cityids]=&filter[cregids]=&filter[ofrType]=&filter[addObjType]=&filter[whenFrom]=10-10-2026&filter[whenTo]=05-11-2026&filter[duration]=7:10&filter[from]=&filter[person]=2&filter[child]=1&filter[price]=0:11000&filter[PriceFrom]=0&filter[PriceTo]=11000&filter[addCategory]=50&filter[addCatering]=1&filter[addMisc]=0&filter[addTransport]=F&filter[fp]=1&order_by=ofr_price&filter[tourOperator]=0&filter[childAge][1]=20201210","https://fly.pl/cdn/photo/assets/uploads/582/278/2024/07/naama-bay-promenade-mountain-resort.jpg","https://fly.pl/wycieczka/egipt,sharm-el-sheikh,szarm-el-szejk/naama-bay-promenade-mountain-resort-12/pK20yVsq8uP9-GJbs026TSAAogJANCjqU01Kd4mkPBsTRdfnIhrbyPomD2uW-Fwn8rcgYqBE9BU0kw9If51AZIvTlQAVjDCWACagNBSWxyIRwRra8BuQTGqxCrBBIbyqANGLTtEgGHypOpAgIAYwECCw8MNXE/ofertasv/?filter[tourOperator]=OASI&filter%5Bperson%5D=2&filter%5BchildAge%5D%5B1%5D=20201210&filter%5Bchild%5D=1"
"Safir Sharm Waterfalls Resort (ex Hilton Waterfalls Resort) Egipt, Sharm El Sheikh","7399.0","21.10.2026 - 29.10.2026","9 dni/8 nocy","","4.4","4.4","1219","tripadvisor","Rzeszów","2026-09-07T04:56:19.401466+00:00","https://fly.pl/oferta/egipt-wczasy/?filter[dest]=11:&filter[hotelids]=&filter[cityids]=&filter[cregids]=&filter[ofrType]=&filter[addObjType]=&filter[whenFrom]=10-10-2026&filter[whenTo]=05-11-2026&filter[duration]=7:10&filter[from]=&filter[person]=2&filter[child]=1&filter[price]=0:11000&filter[PriceFrom]=0&filter[PriceTo]=11000&filter[addCategory]=50&filter[addCatering]=1&filter[addMisc]=0&filter[addTransport]=F&filter[fp]=1&order_by=ofr_price&filter[tourOperator]=0&filter[childAge][1]=20201210","https://fly.pl/cdn/photo/assets/uploads/582/278/2014/07/Hilton-Sharm-Waterfalls-Resort-fly-pl-4.jpg","https://fly.pl/wycieczka/egipt,sharm-el-sheikh,c/hilton-sharm-waterfalls-resort/ptUzeyrjAZJ8QvPFv4xF_8AAogG6pSrfCbl5tZqOB6i-LIv76_cQWKQGVxV2FI9A_CKAkqBEpPSVAw9If51AZI5zlQQVibCGACagNDR21yQpsBFAEVBhcBXAJYBVYCQMoGT-IBXQARwsYBXpw0S48YYQBSlwhTAEyssDoNsP2XCSABAZrV_LCViMygMAINYwEAC-l6aRM/ofertasv/?filter[tourOperator]=JOIP&filter%5Bperson%5D=2&filter%5BchildAge%5D%5B1%5D=20201210&filter%5Bchild%5D=1"
"The Cleopatra Luxury Resort Collection Egipt, Sharm El Sheikh, Nabq Bay","7537.0","28.10.2026 - 04.11.2026","9 dni/7 nocy","","4.5","4.5","7611","tripadvisor","Gdańsk","2026-09-07T04:56:19.401466+00:00","https://fly.pl/oferta/egipt-wczasy/?filter[dest]=11:&filter[hotelids]=&filter[cityids]=&filter[cregids]=&filter[ofrType]=&filter[addObjType]=&filter[whenFrom]=10-10-2026&filter[whenTo]=05-11-2026&filter[duration]=7:10&filter[from]=&filter[person]=2&filter[child]=1&filter[price]=0:11000&filter[PriceFrom]=0&filter[PriceTo]=11000&filter[addCategory]=50&filter[addCatering]=1&filter[addMisc]=0&filter[addTransport]=F&filter[fp]=1&order_by=ofr_price&filter[tourOperator]=0&filter[childAge][1]=20201210","https://fly.pl/cdn/photo/assets/uploads/582/278/2014/07/58ae3c6b287eb1e74191c52d1e07af6ad3ddd609476a5d59c69f95f8f8409586.jpg","https://fly.pl/wycieczka/egipt,sharm-el-sheikh,nabq-bay/the-cleopatra-luxury-resort-collection/pV6CE9i1n0ZVVMexV3ybCLAAogtSOOR81m3CC5nRcCNJHSx3IhrbyPomD2uW-Fwn8rcgYqBE9BU0kw9If51AZI8TpQAVjDCWACagNBSWxyIRwR868BuQSAqxCrBBIbkIMMGLeFFAHoq4mpAgIAYwECC99J9SI/ofertasv/?filter[tourOperator]=OASI&filter%5Bperson%5D=2&filter%5BchildAge%5D%5B1%5D=20201210&filter%5Bchild%5D=1"
"Sea Star Beau Rivage Egipt, Hurghada","7578.0","29.10.2026 - 05.11.2026","8 dni/7 nocy","","4.5","4.5","4278","tripadvisor","Warszawa","2026-09-07T04:56:19.401466+00:00","https://fly.pl/oferta/egipt-wczasy/?filter[dest]=11:&filter[hotelids]=&filter[cityids]=&filter[cregids]=&filter[ofrType]=&filter[addObjType]=&filter[whenFrom]=10-10-2026&filter[whenTo]=05-11-2026&filter[duration]=7:10&filter[from]=&filter[person]=2&filter[child]=1&filter[price]=0:11000&filter[PriceFrom]=0&filter[PriceTo]=11000&filter[addCategory]=50&filter[addCatering]=1&filter[addMisc]=0&filter[addTransport]=F&filter[fp]=1&order_by=ofr_price&filter[tourOperator]=0&filter[childAge][1]=20201210","https://fly.pl/cdn/photo/assets/uploads/582/278/2014/07/Sea-Star-Beau-Rivage-fly-pl.jpg","https://fly.pl/wycieczka/egipt,hurghada,c/sea-star-beau-rivage/pCw0ERjnLPQeCq4_tQhKg_AAog4SIbuMpJxTiLAp233F5RVRLqCxxQb8S86Hh0k4aD-ioqBE9SRVgw9If51AZImjtQQVjbCWACagdCTEYuMi4xcjWbARUHFwBcA1gFVgIR_wVAS12bD08kU9KdAVIAXq9PS-1DYQBM5Yw6ILj9lwkNAAISYwECC5EZEWc/ofertasv/?filter[tourOperator]=OREX&filter%5Bperson%5D=2&filter%5BchildAge%5D%5B1%5D=20201210&filter%5Bchild%5D=1"
"Charmillion Club Resort (ex. Sea Club Resort) Egipt, Sharm El Sheikh","7656.0","29.10.2026 - 05.11.2026","8 dni/7 nocy","","4.5","4.5","6040","tripadvisor","Warszawa - Modlin","2026-09-07T04:56:19.401466+00:00","https://fly.pl/oferta/egipt-wczasy/?filter[dest]=11:&filter[hotelids]=&filter[cityids]=&filter[cregids]=&filter[ofrType]=&filter[addObjType]=&filter[whenFrom]=10-10-2026&filter[whenTo]=05-11-2026&filter[duration]=7:10&filter[from]=&filter[person]=2&filter[child]=1&filter[price]=0:11000&filter[PriceFrom]=0&filter[PriceTo]=11000&filter[addCategory]=50&filter[addCatering]=1&filter[addMisc]=0&filter[addTransport]=F&filter[fp]=1&order_by=ofr_price&filter[tourOperator]=0&filter[childAge][1]=20201210","https://fly.pl/cdn/photo/assets/uploads/582/278/2014/07/Charmillion-Club-Resort-ex.-Sea-Club-Resort-fly-pl.jpg","https://fly.pl/wycieczka/egipt,sharm-el-sheikh,c/sea-club-sharm-el-sheikh/pT2OUGwbYn4NtW3C4_8M6UAAogPFVnwuE01P-UUfnZ0vnHbxstrgoMttrZgZAvN8rfQ44qBEtPTVQw9If51AZI6DtQAVjbCWACagJBSXIfHBHOGrkEmuMBqwQDGOifBBvogCQB_NvQHgIAYwECBZT2TAk/ofertasv/?filter[tourOperator]=KOMT&filter%5Bperson%5D=2&filter%5BchildAge%5D%5B1%5D=20201210&filter%5Bchild%5D=1"
"Old Palace Resort Egipt, Hurghada","7795.0","27.10.2026 - 03.11.2026","9 dni/7 nocy","","4.6","4.6","3535","tripadvisor","Warszawa - Modlin","2026-09-07T04:56:19.401466+00:00","https://fly.pl/oferta/egipt-wczasy/?filter[dest]=11:&filter[hotelids]=&filter[cityids]=&filter[cregids]=&filter[ofrType]=&filter[addObjType]=&filter[whenFrom]=10-10-2026&filter[whenTo]=05-11-2026&filter[duration]=7:10&filter[from]=&filter[person]=2&filter[child]=1&filter[price]=0:11000&filter[PriceFrom]=0&filter[PriceTo]=11000&filter[addCategory]=50&filter[addCatering]=1&filter[addMisc]=0&filter[addTransport]=F&filter[fp]=1&order_by=ofr_price&filter[tourOperator]=0&filter[childAge][1]=20201210","https://fly.pl/cdn/photo/assets/uploads/582/278/2015/03/Old-Palace-Resort-Sahl-Hasheesh.jpg","https://fly.pl/wycieczka/egipt,hurghada,c/old-palace-resort/p0nFTo59WCaPBR_ftBwxUGAAogpMJj9ZTvMWiFIcs_hJgcJH-RivCO5fCdWQwfiBpU-nUqBE9BU0kw9If51AZI8zxQAVirCWACagNBSWxyIRwRka8BqwTb7w-5BEAbucMPGO-FEwGa_8-mAgIAYwECC3dQ3ik/ofertasv/?filter[tourOperator]=OASI&filter%5Bperson%5D=2&filter%5BchildAge%5D%5B1%5D=20201210&filter%5Bchild%5D=1"
"Jaz Aquamarine Resort","7827.0","27.10.2026 - 03.11.2026","9 dni/7 nocy","","4.6","4.6","17141","tripadvisor","Warszawa - Modlin","2026-09-07T04:56:19.401466+00:00","https://fly.pl/oferta/egipt-wczasy/?filter[dest]=11:&filter[hotelids]=&filter[cityids]=&filter[cregids]=&filter[ofrType]=&filter[addObjType]=&filter[whenFrom]=10-10-2026&filter[whenTo]=05-11-2026&filter[duration]=7:10&filter[from]=&filter[person]=2&filter[child]=1&filter[price]=0:11000&filter[PriceFrom]=0&filter[PriceTo]=11000&filter[addCategory]=50&filter[addCatering]=1&filter[addMisc]=0&filter[addTransport]=F&filter[fp]=1&order_by=ofr_price&filter[tourOperator]=0&filter[childAge][1]=20201210","https://fly.pl/cdn/photo/assets/uploads/582/278/2016/11/jaz-aquamarine-ex-iberotel-egipt-hurghada-1b.jpg","https://fly.pl/wycieczka/egipt,hurghada,c/jaz-aquamarine-ex-iberotel-aquamarine/p2328rIFg2MZdIirBNcXbiAAogjyuguBp5WFRpPfIAKMmn35eMXePUQkpobZ-BQI6-nbQqBEVYSU0w9Yf51AZIkz1QAVirCWACagJBSXIhHBHK2QarBPfOS7kERRut7jUY069WAZDXmNINAgBjAQILIjnJ8g/ofertasv/?filter[tourOperator]=EXIM&filter%5Bperson%5D=2&filter%5BchildAge%5D%5B1%5D=20201210&filter%5Bchild%5D=1"
"Marriott Hurghada Beach Resort","7827.0","27.10.2026 - 03.11.2026","9 dni/7 nocy","","4.6","4.6","4867","tripadvisor","Warszawa - Modlin","2026-09-07T04:56:19.401466+00:00","https://fly.pl/oferta/egipt-wczasy/?filter[dest]=11:&filter[hotelids]=&filter[cityids]=&filter[cregids]=&filter[ofrType]=&filter[addObjType]=&filter[whenFrom]=10-10-2026&filter[whenTo]=05-11-2026&filter[duration]=7:10&filter[from]=&filter[person]=2&filter[child]=1&filter[price]=0:11000&filter[PriceFrom]=0&filter[PriceTo]=11000&filter[addCategory]=50&filter[addCatering]=1&filter[addMisc]=0&filter[addTransport]=F&filter[fp]=1&order_by=ofr_price&filter[tourOperator]=0&filter[childAge][1]=20201210","https://fly.pl/cdn/photo/assets/uploads/582/278/2014/09/Marriott-Hurghada-Beach-Resort.jpg","https://fly.pl/wycieczka/egipt,hurghada,c/marriott-hurghada-beach-resort/pNG3Luworj6G1SXHmUxdCoAAogk2W2pwH7XGP36JXY8Q_MX5eMXePUQkpobZ-BQI6-nbQqBEVYSU0w9Yf51AZIkz1QAVirCWACagJBSXIhHBGp_warBJipS7kERRvioUAYxuJHAaWw7qsNAhJjAQIHvjieyQ/ofertasv/?filter[tourOperator]=EXIM&filter%5Bperson%5D=2&filter%5BchildAge%5D%5B1%5D=20201210&filter%5Bchild%5D=1"
"Domina Coral Bay Oasis","7956.0","25.10.2026 - 01.11.2026","8 dni/7 nocy","","4.2","4.2","12412","tripadvisor","Katowice","2026-09-07T04:56:19.401466+00:00","https://fly.pl/oferta/egipt-wczasy/?filter[dest]=11:&filter[hotelids]=&filter[cityids]=&filter[cregids]=&filter[ofrType]=&filter[addObjType]=&filter[whenFrom]=10-10-2026&filter[whenTo]=05-11-2026&filter[duration]=7:10&filter[from]=&filter[person]=2&filter[child]=1&filter[price]=0:11000&filter[PriceFrom]=0&filter[PriceTo]=11000&filter[addCategory]=50&filter[addCatering]=1&filter[addMisc]=0&filter[addTransport]=F&filter[fp]=1&order_by=ofr_price&filter[tourOperator]=0&filter[childAge][1]=20201210","https://fly.pl/cdn/photo/assets/uploads/582/278/2014/07/Domina-Coral-Bay-Oasis.jpg","https://fly.pl/wycieczka/egipt,sharm-el-sheikh,c/domina-coral-bay-oasis/pSwJTc5qrsPb7uGYz0FATzAAogpYmRykcXZxGQeICFcWeu_v-8lKSM_XY3X6eU8q1GIdEqBE9BU0kw9Yf51AZIlD5QAVj7CGACagNBSWxyIRwRu68BqwTcqxC5BCsb6PIMGK-WEwGopIqpAgIAYwECDMDYQTk/ofertasv/?filter[tourOperator]=OASI&filter%5Bperson%5D=2&filter%5BchildAge%5D%5B1%5D=20201210&filter%5Bchild%5D=1"
"Domina Coral Bay Harem","7956.0","25.10.2026 - 01.11.2026","8 dni/7 nocy","","4.2","4.2","12412","tripadvisor","Katowice","2026-09-07T04:56:19.401466+00:00","https://fly.pl/oferta/egipt-wczasy/?filter[dest]=11:&filter[hotelids]=&filter[cityids]=&filter[cregids]=&filter[ofrType]=&filter[addObjType]=&filter[whenFrom]=10-10-2026&filter[whenTo]=05-11-2026&filter[duration]=7:10&filter[from]=&filter[person]=2&filter[child]=1&filter[price]=0:11000&filter[PriceFrom]=0&filter[PriceTo]=11000&filter[addCategory]=50&filter[addCatering]=1&filter[addMisc]=0&filter[addTransport]=F&filter[fp]=1&order_by=ofr_price&filter[tourOperator]=0&filter[childAge][1]=20201210","https://fly.pl/cdn/photo/assets/uploads/582/278/2014/07/Domina-Coral-Bay-Harem.jpg","https://fly.pl/wycieczka/egipt,sharm-el-sheikh,c/domina-coral-bay-harem/pCVfUebgj4SzKGlUIEyClKAAogMJNulRpMRGo9UU2Q-oJOSf-8lKSM_XY3X6eU8q1GIdEqBE9BU0kw9Yf51AZIlD5QAVj7CGACagNBSWxyIRwRsa8BqwTmqxC5BCsbzdsNGL6tEgG3_Y6pAgIAYwECDPdwOko/ofertasv/?filter[tourOperator]=OASI&filter%5Bperson%5D=2&filter%5BchildAge%5D%5B1%5D=20201210&filter%5Bchild%5D=1"
"Hilton Marsa Alam Nubian Resort","7967.0","28.10.2026 - 04.11.2026","8 dni/7 nocy","","4.7","4.7","10186","tripadvisor","Warszawa - Modlin","2026-09-07T04:56:19.401466+00:00","https://fly.pl/oferta/egipt-wczasy/?filter[dest]=11:&filter[hotelids]=&filter[cityids]=&filter[cregids]=&filter[ofrType]=&filter[addObjType]=&filter[whenFrom]=10-10-2026&filter[whenTo]=05-11-2026&filter[duration]=7:10&filter[from]=&filter[person]=2&filter[child]=1&filter[price]=0:11000&filter[PriceFrom]=0&filter[PriceTo]=11000&filter[addCategory]=50&filter[addCatering]=1&filter[addMisc]=0&filter[addTransport]=F&filter[fp]=1&order_by=ofr_price&filter[tourOperator]=0&filter[childAge][1]=20201210","https://fly.pl/cdn/photo/assets/uploads/582/278/2014/08/Tropitel-Dahab-Oasis.jpg","https://fly.pl/wycieczka/egipt,marsa-alam,c/hilton-marsa-alam-nubian-resort/pyk-XLlxMQJK1F95s7zlhFAAogW5gUZNJHYM_Yt9SF1kmgTBMX033-gYOoV0TNZ_GKOrIqBEVYSU0w9Yf51AZInz5QAVjDCWACagJBSXIhHBHR_wa5BI-tS6sEPhuzrkAYqO9HAea93awNAhJjAQINAl2APw/ofertasv/?filter[tourOperator]=EXIM&filter%5Bperson%5D=2&filter%5BchildAge%5D%5B1%5D=20201210&filter%5Bchild%5D=1"
"Jaz Palmariva Beach","7979.0","29.10.2026 - 05.11.2026","8 dni/7 nocy","","4.6","4.6","4068","tripadvisor","Warszawa","2026-09-07T04:56:19.401466+00:00","https://fly.pl/oferta/egipt-wczasy/?filter[dest]=11:&filter[hotelids]=&filter[cityids]=&filter[cregids]=&filter[ofrType]=&filter[addObjType]=&filter[whenFrom]=10-10-2026&filter[whenTo]=05-11-2026&filter[duration]=7:10&filter[from]=&filter[person]=2&filter[child]=1&filter[price]=0:11000&filter[PriceFrom]=0&filter[PriceTo]=11000&filter[addCategory]=50&filter[addCatering]=1&filter[addMisc]=0&filter[addTransport]=F&filter[fp]=1&order_by=ofr_price&filter[tourOperator]=0&filter[childAge][1]=20201210","https://fly.pl/cdn/photo/assets/uploads/582/278/2014/07/Labranda-Club-Makadi-ex-Club-Azur-fly-pl.jpg","https://fly.pl/wycieczka/egipt,hurghada,makadi-bay/club-azur/pYs3U3HmDwU1gMK2TZQ1GCAAogIGvyZdHPAbnMCEL_JfUE7hLqCxxQb8S86Hh0k4aD-ioqBE9SRVgw9Yf51AZIqz5QQVjbCWACagZCSC4yLjFyNZsBFQcXAFwDWAVWAkDKBl2bD08kEfUhU917UgBer09L7UNhAEzljDoguP2XCQ0AAhJjAQIMhX4KOw/ofertasv/?filter[tourOperator]=OREX&filter%5Bperson%5D=2&filter%5BchildAge%5D%5B1%5D=20201210&filter%5Bchild%5D=1"
"Stella Beach Resort & Spa","8069.0","29.10.2026 - 05.11.2026","8 dni/7 nocy","","4.4","4.4","6853","tripadvisor","Warszawa","2026-09-07T04:56:19.401466+00:00","https://fly.pl/oferta/egipt-wczasy/?filter[dest]=11:&filter[hotelids]=&filter[cityids]=&filter[cregids]=&filter[ofrType]=&filter[addObjType]=&filter[whenFrom]=10-10-2026&filter[whenTo]=05-11-2026&filter[duration]=7:10&filter[from]=&filter[person]=2&filter[child]=1&filter[price]=0:11000&filter[PriceFrom]=0&filter[PriceTo]=11000&filter[addCategory]=50&filter[addCatering]=1&filter[addMisc]=0&filter[addTransport]=F&filter[fp]=1&order_by=ofr_price&filter[tourOperator]=0&filter[childAge][1]=20201210","https://fly.pl/cdn/photo/assets/uploads/582/278/2014/10/Stella-Di-Mare-Beach-Resort-Spa.jpg","https://fly.pl/wycieczka/egipt,hurghada,makadi-bay/stella-makadi-resort/p3TJEAoSxTzw1NbasctBiJAAogiORAwUxMp_24PUnbbgjiCBLqCxxQb8S86Hh0k4aD-ioqBE9SRVgw9Yf51AZIhT9QQVjbCWACagVYLjIuMXI2mwEVBxcAWAhWAlwIQMIGEZsOXYABTyRT0p0BUgBer09L7UNhAEzljDoguP2XCQ0AAhJjAQINJtWjyg/ofertasv/?filter[tourOperator]=OREX&filter%5Bperson%5D=2&filter%5BchildAge%5D%5B1%5D=20201210&filter%5Bchild%5D=1"
"Albatros Makadi Resort (ex Royal Pharaohs Makadi)","8077.0","27.10.2026 - 03.11.2026","9 dni/7 nocy","","3.3","3.3","844","tripadvisor","Warszawa - Modlin","2026-09-07T04:56:19.401466+00:00","https://fly.pl/oferta/egipt-wczasy/?filter[dest]=11:&filter[hotelids]=&filter[cityids]=&filter[cregids]=&filter[ofrType]=&filter[addObjType]=&filter[whenFrom]=10-10-2026&filter[whenTo]=05-11-2026&filter[duration]=7:10&filter[from]=&filter[person]=2&filter[child]=1&filter[price]=0:11000&filter[PriceFrom]=0&filter[PriceTo]=11000&filter[addCategory]=50&filter[addCatering]=1&filter[addMisc]=0&filter[addTransport]=F&filter[fp]=1&order_by=ofr_price&filter[tourOperator]=0&filter[childAge][1]=20201210","https://fly.pl/cdn/photo/assets/uploads/582/278/2014/07/Harmony-Makadi-Bay-fly-pl.jpg","https://fly.pl/wycieczka/egipt,hurghada,makadi-bay/harmony-makadi-bay/p2pe9zWZN5ccfWnnslQeRFAAogS8YQyfoaaU-lce5aBtGNrZeMXePUQkpobZ-BQI6-nbQqBEVYSU0w9Yf51AZIjT9QAVirCWACagJBSXIhHBGb-AarBKawS7kERRub_TcYgKBTAc_J98YNAgBjAQIMZn1cMw/ofertasv/?filter[tourOperator]=EXIM&filter%5Bperson%5D=2&filter%5BchildAge%5D%5B1%5D=20201210&filter%5Bchild%5D=1"
"Sentido Akassia Beach (ex. LTI Akassia Beach)","8087.0","29.10.2026 - 05.11.2026","8 dni/7 nocy","","4.4","4.4","2307","tripadvisor","Katowice","2026-09-07T04:56:19.401466+00:00","https://fly.pl/oferta/egipt-wczasy/?filter[dest]=11:&filter[hotelids]=&filter[cityids]=&filter[cregids]=&filter[ofrType]=&filter[addObjType]=&filter[whenFrom]=10-10-2026&filter[whenTo]=05-11-2026&filter[duration]=7:10&filter[from]=&filter[person]=2&filter[child]=1&filter[price]=0:11000&filter[PriceFrom]=0&filter[PriceTo]=11000&filter[addCategory]=50&filter[addCatering]=1&filter[addMisc]=0&filter[addTransport]=F&filter[fp]=1&order_by=ofr_price&filter[tourOperator]=0&filter[childAge][1]=20201210","https://fly.pl/cdn/photo/assets/uploads/582/278/2014/09/Sentido-Akassia-Beach.jpg","https://fly.pl/wycieczka/egipt,marsa-alam,c/lti-akassia-beach-2/p_hnnbI_S8pObZYKjKRUNnAAogWsj03FuK88D0OuhDCSx3N8f7aOogEcfP-IyfG5F-ZlYqBE9SRVgw9Yf51AZIlz9QQVjbCWACagYxUy4yLjFyNZsBFQcXAFwDWAVWAhEmQKQGXbNCTyRLwokBYQBepzBSvBRTAEyWvDoNuP2XCSAAAhJjAQINS9ENAg/ofertasv/?filter[tourOperator]=OREX&filter%5Bperson%5D=2&filter%5BchildAge%5D%5B1%5D=20201210&filter%5Bchild%5D=1"
"Serenity Alpha Beach (ex. Serenity Makadi Beach)","8091.0","29.10.2026 - 05.11.2026","8 dni/7 nocy","","4.6","4.6","6613","tripadvisor","Warszawa","2026-09-07T04:56:19.401466+00:00","https://fly.pl/oferta/egipt-wczasy/?filter[dest]=11:&filter[hotelids]=&filter[cityids]=&filter[cregids]=&filter[ofrType]=&filter[addObjType]=&filter[whenFrom]=10-10-2026&filter[whenTo]=05-11-2026&filter[duration]=7:10&filter[from]=&filter[person]=2&filter[child]=1&filter[price]=0:11000&filter[PriceFrom]=0&filter[PriceTo]=11000&filter[addCategory]=50&filter[addCatering]=1&filter[addMisc]=0&filter[addTransport]=F&filter[fp]=1&order_by=ofr_price&filter[tourOperator]=0&filter[childAge][1]=20201210","https://fly.pl/cdn/photo/assets/uploads/582/278/2014/07/Serenity-Alpha-Beach.jpg","https://fly.pl/wycieczka/egipt,hurghada,makadi-bay/serenity-makadi-heights/pybQ9KWjtTaabDd0ZGixnUAAogDeqrGP0kBI6_KgkfHhokIxLqCxxQb8S86Hh0k4aD-ioqBE9SRVgw9Yf51AZImz9QQVjbCWACagZENi4yLjFyNZsBFQcXAFgIVgJcCBH6BUBIXZsPTyRT0p0BUgBer09L7UNhAEzljDoguP2XCQ0AAhJjAQIMYTg6rA/ofertasv/?filter[tourOperator]=OREX&filter%5Bperson%5D=2&filter%5BchildAge%5D%5B1%5D=20201210&filter%5Bchild%5D=1"
"Stella Di Mare Beach & Spa","8091.0","28.10.2026 - 04.11.2026","9 dni/7 nocy","","4.8","4.8","7448","tripadvisor","Gdańsk","2026-09-07T04:56:19.401466+00:00","https://fly.pl/oferta/egipt-wczasy/?filter[dest]=11:&filter[hotelids]=&filter[cityids]=&filter[cregids]=&filter[ofrType]=&filter[addObjType]=&filter[whenFrom]=10-10-2026&filter[whenTo]=05-11-2026&filter[duration]=7:10&filter[from]=&filter[person]=2&filter[child]=1&filter[price]=0:11000&filter[PriceFrom]=0&filter[PriceTo]=11000&filter[addCategory]=50&filter[addCatering]=1&filter[addMisc]=0&filter[addTransport]=F&filter[fp]=1&order_by=ofr_price&filter[tourOperator]=0&filter[childAge][1]=20201210","https://fly.pl/cdn/photo/assets/uploads/582/278/2014/07/Stella-Di-Mare-Beach-sharm.jpg","https://fly.pl/wycieczka/egipt,sharm-el-sheikh,szarm-el-szejk/stella-di-mare-beach-spa/pLWVYTtUs_FGDUrEy8Bd9gAAogbD8yzahyDUTcIGER5cmtxHIhrbyPomD2uW-Fwn8rcgYqBE9BU0kw9Yf51AZImz9QAVjDCWACagNBSStyIRwRrq8BuQTFqxCrBBIb4qEMGLvwEwH6q56pAgIAYwECDPH3nJg/ofertasv/?filter[tourOperator]=OASI&filter%5Bperson%5D=2&filter%5BchildAge%5D%5B1%5D=20201210&filter%5Bchild%5D=1"
"Royal Brayka Beach Resort (ex Zee Brayka)","8097.0","13.10.2026 - 20.10.2026","8 dni/7 nocy","","4.4","4.4","2462","tripadvisor","Katowice","2026-09-07T04:56:19.401466+00:00","https://fly.pl/oferta/egipt-wczasy/?filter[dest]=11:&filter[hotelids]=&filter[cityids]=&filter[cregids]=&filter[ofrType]=&filter[addObjType]=&filter[whenFrom]=10-10-2026&filter[whenTo]=05-11-2026&filter[duration]=7:10&filter[from]=&filter[person]=2&filter[child]=1&filter[price]=0:11000&filter[PriceFrom]=0&filter[PriceTo]=11000&filter[addCategory]=50&filter[addCatering]=1&filter[addMisc]=0&filter[addTransport]=F&filter[fp]=1&order_by=ofr_price&filter[tourOperator]=0&filter[childAge][1]=20201210","https://fly.pl/cdn/photo/assets/uploads/582/278/2014/07/Royal-Brayka-Resort.jpg","https://fly.pl/wycieczka/egipt,marsa-alam,c/royal-brayka-resort/pZGDQaayCg8N47xBF1-3_xAAogH3cAvD8HjlAXU_BFpm7Ot3aNli1dgy83QmwR76cjihEqBFZJVFgw9Yf51AZIoT9QQVjbBmACckAaABUHFwBcA1gFQI8DW7-DAWGXTEsAXqcwUrwUUwBMoOQ5DZ7VmAkgAF2r65HsqAFPlNqZijdRvsUTAg5jAQINcpQ59g/ofertasv/?filter[tourOperator]=VITX&filter%5Bperson%5D=2&filter%5BchildAge%5D%5B1%5D=20201210&filter%5Bchild%5D=1"
"IL Mercato Splash Aqua Park","8136.0","13.10.2026 - 20.10.2026","8 dni/7 nocy","","4.4","4.4","2256","tripadvisor","Katowice","2026-09-07T04:56:19.401466+00:00","https://fly.pl/oferta/egipt-wczasy/?filter[dest]=11:&filter[hotelids]=&filter[cityids]=&filter[cregids]=&filter[ofrType]=&filter[addObjType]=&filter[whenFrom]=10-10-2026&filter[whenTo]=05-11-2026&filter[duration]=7:10&filter[from]=&filter[person]=2&filter[child]=1&filter[price]=0:11000&filter[PriceFrom]=0&filter[PriceTo]=11000&filter[addCategory]=50&filter[addCatering]=1&filter[addMisc]=0&filter[addTransport]=F&filter[fp]=1&order_by=ofr_price&filter[tourOperator]=0&filter[childAge][1]=20201210","https://fly.pl/cdn/photo/assets/uploads/582/278/2014/07/Il-Mercato-Hotel-Spa-Sharm-El-Sheikh.jpg","https://fly.pl/wycieczka/egipt,sharm-el-sheikh,c/iberotel-il-mercato/pdtTAVXe_QjHUoNWvIiC4dAAogyK3R0wXF1UE9KC9A_lH8gVATkd0Et3pHZ-B5Uah2j-0qBEpPSVAw9Yf51AZIyD9QQVjbBmACagNDR21yQpsBFAEVBhcAXANYBVYCQMoGT-IBXQBLt8oBYQBepzARyxdS2whTAEyssDoNqP2XCSAAAaTB7JiTicygMAINYwEAC8nar08/ofertasv/?filter[tourOperator]=JOIP&filter%5Bperson%5D=2&filter%5BchildAge%5D%5B1%5D=20201210&filter%5Bchild%5D=1"
"Sharm Grand Plaza Resort","8167.0","13.10.2026 - 20.10.2026","8 dni/7 nocy","","4.4","4.4","9439","tripadvisor","Katowice","2026-09-07T04:56:19.401466+00:00","https://fly.pl/oferta/egipt-wczasy/?filter[dest]=11:&filter[hotelids]=&filter[cityids]=&filter[cregids]=&filter[ofrType]=&filter[addObjType]=&filter[whenFrom]=10-10-2026&filter[whenTo]=05-11-2026&filter[duration]=7:10&filter[from]=&filter[person]=2&filter[child]=1&filter[price]=0:11000&filter[PriceFrom]=0&filter[PriceTo]=11000&filter[addCategory]=50&filter[addCatering]=1&filter[addMisc]=0&filter[addTransport]=F&filter[fp]=1&order_by=ofr_price&filter[tourOperator]=0&filter[childAge][1]=20201210","https://fly.pl/cdn/photo/assets/uploads/582/278/2014/07/SHARM-GRAND-PLAZA-RESORT-1.jpg","https://fly.pl/wycieczka/egipt,sharm-el-sheikh,c/grand-plaza-resort/pel859sxresZDJlEwROlG4AAogBB5dmdx4JpA8W-_ITFB8KDZPnluiPTRbLKmNIwYEcH4qBEVYSU0w9Yf51AZI5z9QAVjbBmACagJBSXIhHBGKyga5BOr2PasEGxvnpjwY1_M9AZjj2u4KAgBjAQILHaGz0w/ofertasv/?filter[tourOperator]=EXIM&filter%5Bperson%5D=2&filter%5BchildAge%5D%5B1%5D=20201210&filter%5Bchild%5D=1"
"Ecotel Dahab Bay View Resort","8247.0","24.10.2026 - 31.10.2026","8 dni/7 nocy","","4.4","4.4","1231","tripadvisor","Warszawa","2026-09-07T04:56:19.401466+00:00","https://fly.pl/oferta/egipt-wczasy/?filter[dest]=11:&filter[hotelids]=&filter[cityids]=&filter[cregids]=&filter[ofrType]=&filter[addObjType]=&filter[whenFrom]=10-10-2026&filter[whenTo]=05-11-2026&filter[duration]=7:10&filter[from]=&filter[person]=2&filter[child]=1&filter[price]=0:11000&filter[PriceFrom]=0&filter[PriceTo]=11000&filter[addCategory]=50&filter[addCatering]=1&filter[addMisc]=0&filter[addTransport]=F&filter[fp]=1&order_by=ofr_price&filter[tourOperator]=0&filter[childAge][1]=20201210","https://fly.pl/cdn/photo/assets/uploads/582/278/2014/09/Ecotel-Dahab-Resort.jpg","https://fly.pl/wycieczka/egipt,dahab,c/mercure-dahab-bay-view/pdYh_B16d0zIutgi9S-cJ-AAogDte7oCU9PhRJZzBhNtOfRwAAAACbhAQAuIQEAAcAEgAqBFdFWlkw9Yf51AZIt0BQQVjjCGADaglFbnRlciBBaXJqBDA4MDByQ54BlQEfAAIBHAAWBBcCEu0DGKEEE7ECFMkEEbwdQNZUTKCiAU8AS8cjUAAbu8gMHdj5AiAdDejHwgkBEmMBDGMBAgUEjIxf/ofertasv/?filter[tourOperator]=WEZY&filter%5Bperson%5D=2&filter%5BchildAge%5D%5B1%5D=20201210&filter%5Bchild%5D=1"
"Jaz Belvedere","8259.0","28.10.2026 - 04.11.2026","9 dni/7 nocy","","4.5","4.5","3280","tripadvisor","Gdańsk","2026-09-07T04:56:19.401466+00:00","https://fly.pl/oferta/egipt-wczasy/?filter[dest]=11:&filter[hotelids]=&filter[cityids]=&filter[cregids]=&filter[ofrType]=&filter[addObjType]=&filter[whenFrom]=10-10-2026&filter[whenTo]=05-11-2026&filter[duration]=7:10&filter[from]=&filter[person]=2&filter[child]=1&filter[price]=0:11000&filter[PriceFrom]=0&filter[PriceTo]=11000&filter[addCategory]=50&filter[addCatering]=1&filter[addMisc]=0&filter[addTransport]=F&filter[fp]=1&order_by=ofr_price&filter[tourOperator]=0&filter[childAge][1]=20201210","https://fly.pl/cdn/photo/assets/uploads/582/278/2014/07/Jaz-Belvedere.jpg","https://fly.pl/wycieczka/egipt,sharm-el-sheikh,c/jaz-belvedere/p_eEKq6xZYSr_zeNH2Md3YAAogpDRXhWjgnXq8iFr8Re3Nv3IhrbyPomD2uW-Fwn8rcgYqBE9BU0kw9Yf51AZIw0BQAVjDCWACagNBSWxyIRwRhbABuQTuqhCrBBIb8vsOGLLyEgHb7NGqAgIAYwECDB_fiko/ofertasv/?filter[tourOperator]=OASI&filter%5Bperson%5D=2&filter%5BchildAge%5D%5B1%5D=20201210&filter%5Bchild%5D=1"
"Pyramisa Beach Resort Sahl Hasheesh","8267.0","29.10.2026 - 05.11.2026","8 dni/7 nocy","","4.1","4.1","3567","tripadvisor","Warszawa","2026-09-07T04:56:19.401466+00:00","https://fly.pl/oferta/egipt-wczasy/?filter[dest]=11:&filter[hotelids]=&filter[cityids]=&filter[cregids]=&filter[ofrType]=&filter[addObjType]=&filter[whenFrom]=10-10-2026&filter[whenTo]=05-11-2026&filter[duration]=7:10&filter[from]=&filter[person]=2&filter[child]=1&filter[price]=0:11000&filter[PriceFrom]=0&filter[PriceTo]=11000&filter[addCategory]=50&filter[addCatering]=1&filter[addMisc]=0&filter[addTransport]=F&filter[fp]=1&order_by=ofr_price&filter[tourOperator]=0&filter[childAge][1]=20201210","https://fly.pl/cdn/photo/assets/uploads/582/278/2015/04/Pyramisa-Beach-Resort-Sahl-Hasheesh.jpg","https://fly.pl/wycieczka/egipt,hurghada,sahl-hasheesh/dessole-pyramisa-beach-resort-ex-pyramisa-beach-r/psS2soV9L7l9GhGHZmQGEJAAogpMtDExQSI_k7P3_xIf9CbxLqCxxQb8S86Hh0k4aD-ioqBE9SRVgw9Yf51AZIy0BQQVjbCWACagZFSC4yLjFyNZsBFQcXAFwDWAVWAhE1QJUGXZsPTyRT0p0BUgBer09L7UNhAEzljDoguP2XCQ0AAhJjAQILxvXwuw/ofertasv/?filter[tourOperator]=OREX&filter%5Bperson%5D=2&filter%5BchildAge%5D%5B1%5D=20201210&filter%5Bchild%5D=1"
"Pickalbatros Golf Beach Resort","8277.0","28.10.2026 - 04.11.2026","9 dni/7 nocy","","4.5","4.5","317","tripadvisor","Gdańsk","2026-09-07T04:56:19.401466+00:00","https://fly.pl/oferta/egipt-wczasy/?filter[dest]=11:&filter[hotelids]=&filter[cityids]=&filter[cregids]=&filter[ofrType]=&filter[addObjType]=&filter[whenFrom]=10-10-2026&filter[whenTo]=05-11-2026&filter[duration]=7:10&filter[from]=&filter[person]=2&filter[child]=1&filter[price]=0:11000&filter[PriceFrom]=0&filter[PriceTo]=11000&filter[addCategory]=50&filter[addCatering]=1&filter[addMisc]=0&filter[addTransport]=F&filter[fp]=1&order_by=ofr_price&filter[tourOperator]=0&filter[childAge][1]=20201210","https://fly.pl/cdn/photo/assets/uploads/582/278/2014/07/Golf-Beach-Resort-Managed-by-Rixos.jpg","https://fly.pl/wycieczka/egipt,sharm-el-sheikh,c/maritim-jolie-ville-golf/pkGB_mli5FX8ibxPaAFbWiAAoghYYPjE1bw85S0IY3eOwrXXIhrbyPomD2uW-Fwn8rcgYqBE9BU0kw9Yf51AZI1UBQAVjDCWACagNBSWxyIRwR6q8BuQSJqxCrBBIbiYAPGN-AEwHekNOqAgIAYwECDEGMrYw/ofertasv/?filter[tourOperator]=OASI&filter%5Bperson%5D=2&filter%5BchildAge%5D%5B1%5D=20201210&filter%5Bchild%5D=1"
"Aurora Oriental Resort","8286.0","28.10.2026 - 05.11.2026","9 dni/8 nocy","","4.4","4.4","7190","tripadvisor","Katowice","2026-09-07T04:56:19.401466+00:00","https://fly.pl/oferta/egipt-wczasy/?filter[dest]=11:&filter[hotelids]=&filter[cityids]=&filter[cregids]=&filter[ofrType]=&filter[addObjType]=&filter[whenFrom]=10-10-2026&filter[whenTo]=05-11-2026&filter[duration]=7:10&filter[from]=&filter[person]=2&filter[child]=1&filter[price]=0:11000&filter[PriceFrom]=0&filter[PriceTo]=11000&filter[addCategory]=50&filter[addCatering]=1&filter[addMisc]=0&filter[addTransport]=F&filter[fp]=1&order_by=ofr_price&filter[tourOperator]=0&filter[childAge][1]=20201210","https://fly.pl/cdn/photo/assets/uploads/582/278/2014/07/Aurora-Oriental-Resort.jpg","https://fly.pl/wycieczka/egipt,sharm-el-sheikh,szarm-el-szejk/oriental-resort/pHcCuojvdhnPn1AcDYZn8oAAogenBcIr9jiZcReoKfzr7sZTZryUzwBl2_SNj0C1jABO4qBEpPSVAw9Yf51AZI3kBQQVjDCWACagMxMnFyQpsBFAEVBhcBXAJYBVYCQMoGT-IBXQAR4cYBS9YDYQBepzBSpiBTAEyssDoNt_2XCSABAavf3Ki1yMygMAINYwEADBxCBn0/ofertasv/?filter[tourOperator]=JOIP&filter%5Bperson%5D=2&filter%5BchildAge%5D%5B1%5D=20201210&filter%5Bchild%5D=1"
"Dreams Vacation Sharm Resort","8287.0","13.10.2026 - 20.10.2026","8 dni/7 nocy","","3.8","3.8","1165","tripadvisor","Katowice","2026-09-07T04:56:19.401466+00:00","https://fly.pl/oferta/egipt-wczasy/?filter[dest]=11:&filter[hotelids]=&filter[cityids]=&filter[cregids]=&filter[ofrType]=&filter[addObjType]=&filter[whenFrom]=10-10-2026&filter[whenTo]=05-11-2026&filter[duration]=7:10&filter[from]=&filter[person]=2&filter[child]=1&filter[price]=0:11000&filter[PriceFrom]=0&filter[PriceTo]=11000&filter[addCategory]=50&filter[addCatering]=1&filter[addMisc]=0&filter[addTransport]=F&filter[fp]=1&order_by=ofr_price&filter[tourOperator]=0&filter[childAge][1]=20201210","https://fly.pl/cdn/photo/assets/uploads/582/278/2014/07/Dreams-Vacation-fly-pl.jpg","https://fly.pl/wycieczka/egipt,sharm-el-sheikh,szarm-el-szejk/dreams-vacation/pIhAy9ANObJLBkF1tFuiEHAAogF5_sMG2MTXoXa6YjBlH1PTZPnluiPTRbLKmNIwYEcH4qBEVYSU0w9Yf51AZI30BQAVjbBmACagJBSXIhHBGcuwa5BNiFPqsEGxv2iTAY6_c2AezC75QJAgBjAQILV5Z-mw/ofertasv/?filter[tourOperator]=EXIM&filter%5Bperson%5D=2&filter%5BchildAge%5D%5B1%5D=20201210&filter%5Bchild%5D=1"
"Siva Golden Bay Makadi","8297.0","18.10.2026 - 25.10.2026","8 dni/7 nocy","","4.6","4.6","854","tripadvisor","Katowice","2026-09-07T04:56:19.401466+00:00","https://fly.pl/oferta/egipt-wczasy/?filter[dest]=11:&filter[hotelids]=&filter[cityids]=&filter[cregids]=&filter[ofrType]=&filter[addObjType]=&filter[whenFrom]=10-10-2026&filter[whenTo]=05-11-2026&filter[duration]=7:10&filter[from]=&filter[person]=2&filter[child]=1&filter[price]=0:11000&filter[PriceFrom]=0&filter[PriceTo]=11000&filter[addCategory]=50&filter[addCatering]=1&filter[addMisc]=0&filter[addTransport]=F&filter[fp]=1&order_by=ofr_price&filter[tourOperator]=0&filter[childAge][1]=20201210","https://fly.pl/cdn/photo/assets/uploads/582/278/2024/07/siva-golden-bay-makadi.jpg","https://fly.pl/wycieczka/egipt,hurghada,makadi-bay/siva-golden-bay-makadi-10/pn_x-phTcw6IQXB3Djz1rnAAogFoGYsZndrVkT9VyNNUGAMdxyXMZrTxlhX5xZupZbN-sqBEVYSU0w9Yf51AZI6UBQAVjTB2ACagJBSXIhHBHGuwa5BPGCPqsEHBvC4i8Yptk2AayStYsJAgBjAQIHXtD29g/ofertasv/?filter[tourOperator]=EXIM&filter%5Bperson%5D=2&filter%5BchildAge%5D%5B1%5D=20201210&filter%5Bchild%5D=1"
"Swiss Inn Resort Hurghada (ex. Hilton Hurghada Resort)","8309.0","27.10.2026 - 03.11.2026","9 dni/7 nocy","","4.5","4.5","1875","tripadvisor","Warszawa - Modlin","2026-09-07T04:56:19.401466+00:00","https://fly.pl/oferta/egipt-wczasy/?filter[dest]=11:&filter[hotelids]=&filter[cityids]=&filter[cregids]=&filter[ofrType]=&filter[addObjType]=&filter[whenFrom]=10-10-2026&filter[whenTo]=05-11-2026&filter[duration]=7:10&filter[from]=&filter[person]=2&filter[child]=1&filter[price]=0:11000&filter[PriceFrom]=0&filter[PriceTo]=11000&filter[addCategory]=50&filter[addCatering]=1&filter[addMisc]=0&filter[addTransport]=F&filter[fp]=1&order_by=ofr_price&filter[tourOperator]=0&filter[childAge][1]=20201210","https://fly.pl/cdn/photo/assets/uploads/582/278/2014/07/Swiss-Inn-Resort-Hurghada.jpg","https://fly.pl/wycieczka/egipt,hurghada,c/hilton-resort/pO5Fd9nxYGFNthg2lRB7RYAAogH_aOMNR5UxSWQO-UvMdh4X-RivCO5fCdWQwfiBpU-nUqBE9BU0kw9Yf51AZI9UBQAVirCWACagNBSWxyIBwRvHarBLCoELkEQBunzQ0YoewSAZGwtJkCAgBjAQIG0mtHPw/ofertasv/?filter[tourOperator]=OASI&filter%5Bperson%5D=2&filter%5BchildAge%5D%5B1%5D=20201210&filter%5Bchild%5D=1"
"Calimera Blend Paradise Resort","8339.0","29.10.2026 - 05.11.2026","8 dni/7 nocy","","4.2","4.2","2324","tripadvisor","Warszawa","2026-09-07T04:56:19.401466+00:00","https://fly.pl/oferta/egipt-wczasy/?filter[dest]=11:&filter[hotelids]=&filter[cityids]=&filter[cregids]=&filter[ofrType]=&filter[addObjType]=&filter[whenFrom]=10-10-2026&filter[whenTo]=05-11-2026&filter[duration]=7:10&filter[from]=&filter[person]=2&filter[child]=1&filter[price]=0:11000&filter[PriceFrom]=0&filter[PriceTo]=11000&filter[addCategory]=50&filter[addCatering]=1&filter[addMisc]=0&filter[addTransport]=F&filter[fp]=1&order_by=ofr_price&filter[tourOperator]=0&filter[childAge][1]=20201210","https://fly.pl/cdn/photo/assets/uploads/582/278/2022/08/Calimera-Blend-Paradise.jpg","https://fly.pl/wycieczka/egipt,hurghada,c/calimera-blend-paradise-12/p7kUiY8ZgYlGx1DhggF_h2AAogK7r8cK-0x3HM01EJDq6GGxLqCxxQb8S86Hh0k4aD-ioqBE9SRVgw9Yf51AZIk0FQQVjbCWACagZENi4yLjFyNpsBFQcXAFwDWAVWAkDKBl2bD08kEbwKU5aTAVIAXq9PS-1DYQBM5Yw6ILj9lwkNAAISYwECDIgrP-8/ofertasv/?filter[tourOperator]=OREX&filter%5Bperson%5D=2&filter%5BchildAge%5D%5B1%5D=20201210&filter%5Bchild%5D=1"
"Rehana Royal Beach Resort & Spa","8344.0","13.10.2026 - 20.10.2026","8 dni/7 nocy","","4.3","4.3","4670","tripadvisor","Katowice","2026-09-07T04:56:19.401466+00:00","https://fly.pl/oferta/egipt-wczasy/?filter[dest]=11:&filter[hotelids]=&filter[cityids]=&filter[cregids]=&filter[ofrType]=&filter[addObjType]=&filter[whenFrom]=10-10-2026&filter[whenTo]=05-11-2026&filter[duration]=7:10&filter[from]=&filter[person]=2&filter[child]=1&filter[price]=0:11000&filter[PriceFrom]=0&filter[PriceTo]=11000&filter[addCategory]=50&filter[addCatering]=1&filter[addMisc]=0&filter[addTransport]=F&filter[fp]=1&order_by=ofr_price&filter[tourOperator]=0&filter[childAge][1]=20201210","https://fly.pl/cdn/photo/assets/uploads/582/278/2016/11/Rehana-Royal-Beach-Resort-amp-Spa.jpg","https://fly.pl/wycieczka/egipt,sharm-el-sheikh,c/rehana-royal-beach-resort-spa/pSJCND73cHp48S-kiwOzlMAAogDH7tKRZnTfyoBCAh7xvifFATkd0Et3pHZ-B5Uah2j-0qBEpPSVAw9Yf51AZImEFQQVjbBmACagMwMHdyQpsBFAEVBhcAXANYBVYCQMoGT-IBXQAR88gBS8QBYQBepzBSpiBTAEyssDoNqP2XCSAAAbjN8JDDicygMAINYwEADCQmo_c/ofertasv/?filter[tourOperator]=JOIP&filter%5Bperson%5D=2&filter%5BchildAge%5D%5B1%5D=20201210&filter%5Bchild%5D=1"
"Radisson Individuals Marina Port Ghalib (ex. Sunrise Marina Resort)","8396.0","25.10.2026 - 01.11.2026","8 dni/7 nocy","","4.6","4.6","3563","tripadvisor","Zielona Góra","2026-09-07T04:56:19.401466+00:00","https://fly.pl/oferta/egipt-wczasy/?filter[dest]=11:&filter[hotelids]=&filter[cityids]=&filter[cregids]=&filter[ofrType]=&filter[addObjType]=&filter[whenFrom]=10-10-2026&filter[whenTo]=05-11-2026&filter[duration]=7:10&filter[from]=&filter[person]=2&filter[child]=1&filter[price]=0:11000&filter[PriceFrom]=0&filter[PriceTo]=11000&filter[addCategory]=50&filter[addCatering]=1&filter[addMisc]=0&filter[addTransport]=F&filter[fp]=1&order_by=ofr_price&filter[tourOperator]=0&filter[childAge][1]=20201210","https://fly.pl/cdn/photo/assets/uploads/582/278/2015/04/RADISSON-INDIVIDUALS-MARINA.jpg","https://fly.pl/wycieczka/egipt,marsa-alam,port-ghalib/rehana-port-ghalib-resort/p_IfTsNcys-dsBziFQExZlAAog5ldB4OmrV98bqey45GqvJgAAAABkgwQAtrkEAAcAAQAqBFdFWlkw9Yf51AZIzEFQQVj7CGADaglFbnRlciBBaXJqBDA4NTVyQp4BlQEfAAIBHAAWBBcCE9YJGFoU5wQShjkRhh5A9xpLhzlQAEyvXU8AHY3vDyDSbBv2rAQN9bC9CQESYwEOYwECBj5vCEM/ofertasv/?filter[tourOperator]=WEZY&filter%5Bperson%5D=2&filter%5BchildAge%5D%5B1%5D=20201210&filter%5Bchild%5D=1"
"Naama Bay Hotel & Resort","8414.0","13.10.2026 - 20.10.2026","8 dni/7 nocy","","4.4","4.4","4857","tripadvisor","Katowice","2026-09-07T04:56:19.401466+00:00","https://fly.pl/oferta/egipt-wczasy/?filter[dest]=11:&filter[hotelids]=&filter[cityids]=&filter[cregids]=&filter[ofrType]=&filter[addObjType]=&filter[whenFrom]=10-10-2026&filter[whenTo]=05-11-2026&filter[duration]=7:10&filter[from]=&filter[person]=2&filter[child]=1&filter[price]=0:11000&filter[PriceFrom]=0&filter[PriceTo]=11000&filter[addCategory]=50&filter[addCatering]=1&filter[addMisc]=0&filter[addTransport]=F&filter[fp]=1&order_by=ofr_price&filter[tourOperator]=0&filter[childAge][1]=20201210","https://fly.pl/cdn/photo/assets/uploads/582/278/2014/07/Naama-Bay.jpg","https://fly.pl/wycieczka/egipt,sharm-el-sheikh,c/tropitel-naama-bay/pI26WJJ2IypORqk8Ccz5aAAAogYAzhFM3NUdoDhjgtG8x4aFATkd0Et3pHZ-B5Uah2j-0qBEpPSVAw9Yf51AZI3kFQQVjbBmACagNDR21yQpsBFAEVBhcAXANYBVYCQMoGT-IBXQARrcYBS4oEYQBepzBSpiBTAEyssDoNqP2XCSAAAaHh9L-DicygMAINYwEACxvpiMo/ofertasv/?filter[tourOperator]=JOIP&filter%5Bperson%5D=2&filter%5BchildAge%5D%5B1%5D=20201210&filter%5Bchild%5D=1"
"Concorde El Salam Sport","8417.0","28.10.2026 - 04.11.2026","9 dni/7 nocy","","4.8","4.8","1477","tripadvisor","Gdańsk","2026-09-07T04:56:19.401466+00:00","https://fly.pl/oferta/egipt-wczasy/?filter[dest]=11:&filter[hotelids]=&filter[cityids]=&filter[cregids]=&filter[ofrType]=&filter[addObjType]=&filter[whenFrom]=10-10-2026&filter[whenTo]=05-11-2026&filter[duration]=7:10&filter[from]=&filter[person]=2&filter[child]=1&filter[price]=0:11000&filter[PriceFrom]=0&filter[PriceTo]=11000&filter[addCategory]=50&filter[addCatering]=1&filter[addMisc]=0&filter[addTransport]=F&filter[fp]=1&order_by=ofr_price&filter[tourOperator]=0&filter[childAge][1]=20201210","https://fly.pl/cdn/photo/assets/uploads/582/278/2024/07/concorde-el-salam-sport.jpg","https://fly.pl/wycieczka/egipt,sharm-el-sheikh,szarm-el-szejk/concorde-el-salam-sport-15/pKM1MgvDZEXlpGfDLtB7guAAog-xjyYLmQUxwR7ojpSi-zgnIhrbyPomD2uW-Fwn8rcgYqBE9BU0kw9Yf51AZI4UFQAVjDCWACagNBSWxyIRwR-q8BuQT5qhCrBBIb79sOGPKcEgH5n4WqAgICYwECC6uDPuA/ofertasv/?filter[tourOperator]=OASI&filter%5Bperson%5D=2&filter%5BchildAge%5D%5B1%5D=20201210&filter%5Bchild%5D=1"
"Retac Qunay Dahab Resort & Spa","8439.0","13.10.2026 - 20.10.2026","8 dni/7 nocy","","4.3","4.3","1707","tripadvisor","Katowice","2026-09-07T04:56:19.401466+00:00","https://fly.pl/oferta/egipt-wczasy/?filter[dest]=11:&filter[hotelids]=&filter[cityids]=&filter[cregids]=&filter[ofrType]=&filter[addObjType]=&filter[whenFrom]=10-10-2026&filter[whenTo]=05-11-2026&filter[duration]=7:10&filter[from]=&filter[person]=2&filter[child]=1&filter[price]=0:11000&filter[PriceFrom]=0&filter[PriceTo]=11000&filter[addCategory]=50&filter[addCatering]=1&filter[addMisc]=0&filter[addTransport]=F&filter[fp]=1&order_by=ofr_price&filter[tourOperator]=0&filter[childAge][1]=20201210","https://fly.pl/cdn/photo/assets/uploads/582/278/2014/09/Retac-Qunay-Dahab.jpg","https://fly.pl/wycieczka/egipt,dahab,c/le-meridien-dahab-bay/pALfc1E_60bmmX6r8sILsJAAogaYjHUiP2my3qB9g9uPSD41ATkd0Et3pHZ-B5Uah2j-0qBEpPSVAw9Yf51AZI90FQQVjbBmACagNDR21yQpsBFAEVBhcAXANYBVYCQMoGT-IBXQBLt8oBYQAR9gZesSlSpiBTAEyssDoNqP2XCSAAAcGTsKDEicygMAINYwEAC3Bt22w/ofertasv/?filter[tourOperator]=JOIP&filter%5Bperson%5D=2&filter%5BchildAge%5D%5B1%5D=20201210&filter%5Bchild%5D=1"
"Pickalbatros Laguna Club Resort","8469.0","28.10.2026 - 04.11.2026","9 dni/7 nocy","","4.9","4.9","672","tripadvisor","Gdańsk","2026-09-07T04:56:19.401466+00:00","https://fly.pl/oferta/egipt-wczasy/?filter[dest]=11:&filter[hotelids]=&filter[cityids]=&filter[cregids]=&filter[ofrType]=&filter[addObjType]=&filter[whenFrom]=10-10-2026&filter[whenTo]=05-11-2026&filter[duration]=7:10&filter[from]=&filter[person]=2&filter[child]=1&filter[price]=0:11000&filter[PriceFrom]=0&filter[PriceTo]=11000&filter[addCategory]=50&filter[addCatering]=1&filter[addMisc]=0&filter[addTransport]=F&filter[fp]=1&order_by=ofr_price&filter[tourOperator]=0&filter[childAge][1]=20201210","https://fly.pl/cdn/photo/assets/uploads/582/278/2023/09/Albatros-Laguna-Club-Resor.jpg","https://fly.pl/wycieczka/egipt,sharm-el-sheikh,szarm-el-szejk/albatros-laguna-club-resort-14/pRNx0QW4cR9bTjme1SrsjvAAogsZtIz5QT8hN8McaPbBNqkKu3NSZzm0PuyXGyBe07ojIqBEJWUFIw9Yf51AZIlUJQAVjDCWACag1BbGwgaW5jbHVzaXZlciAcEfw7G7jcBhjsnA-5BJ3zFasEKwGv4_H5AQIAYwEEDL8DovQ/ofertasv/?filter[tourOperator]=BVPR&filter%5Bperson%5D=2&filter%5BchildAge%5D%5B1%5D=20201210&filter%5Bchild%5D=1"
"Stella Gardens Resort & Spa (ex Stella Di Mare Gardens)","8473.0","14.10.2026 - 21.10.2026","8 dni/7 nocy","","4.5","4.5","2755","tripadvisor","Katowice","2026-09-07T04:56:19.401466+00:00","https://fly.pl/oferta/egipt-wczasy/?filter[dest]=11:&filter[hotelids]=&filter[cityids]=&filter[cregids]=&filter[ofrType]=&filter[addObjType]=&filter[whenFrom]=10-10-2026&filter[whenTo]=05-11-2026&filter[duration]=7:10&filter[from]=&filter[person]=2&filter[child]=1&filter[price]=0:11000&filter[PriceFrom]=0&filter[PriceTo]=11000&filter[addCategory]=50&filter[addCatering]=1&filter[addMisc]=0&filter[addTransport]=F&filter[fp]=1&order_by=ofr_price&filter[tourOperator]=0&filter[childAge][1]=20201210","https://fly.pl/cdn/photo/assets/uploads/582/278/2014/10/Stella-Di-Mare-Gardens-Resort-Spa.jpg","https://fly.pl/wycieczka/egipt,hurghada,makadi-bay/stella-makadi-garden/pEUdUPb1hWGP7KuXWjDK02AAog3b7o2x_OmWTihTvjnxAouNQ85krozDkw2BfFht7tPUIqBEpPSVAw9Yf51AZImUJQQVjzBmACagMwMEZyQpsBFAEVBhcAXANYBVYCQMoGT-IBXQBSr6sBUwBLiB9hABG-EV7pHkzS0DoNqf2XCSAAAbi7-LCzhsygMAIOYwEADUH7Y-Y/ofertasv/?filter[tourOperator]=JOIP&filter%5Bperson%5D=2&filter%5BchildAge%5D%5B1%5D=20201210&filter%5Bchild%5D=1"
"Concorde Moreen Beach Resort & Spa","8483.0","29.10.2026 - 05.11.2026","8 dni/7 nocy","","4.5","4.5","5598","tripadvisor","Katowice","2026-09-07T04:56:19.401466+00:00","https://fly.pl/oferta/egipt-wczasy/?filter[dest]=11:&filter[hotelids]=&filter[cityids]=&filter[cregids]=&filter[ofrType]=&filter[addObjType]=&filter[whenFrom]=10-10-2026&filter[whenTo]=05-11-2026&filter[duration]=7:10&filter[from]=&filter[person]=2&filter[child]=1&filter[price]=0:11000&filter[PriceFrom]=0&filter[PriceTo]=11000&filter[addCategory]=50&filter[addCatering]=1&filter[addMisc]=0&filter[addTransport]=F&filter[fp]=1&order_by=ofr_price&filter[tourOperator]=0&filter[childAge][1]=20201210","https://fly.pl/cdn/photo/assets/uploads/582/278/2014/07/Concorde-Moreen-Beach-Resort-Spa-fly-pl.jpg","https://fly.pl/wycieczka/egipt,marsa-alam,c/concorde-moreen-beach-spa-resort/pxGRpo6BElGJc_KqtfQrC4AAogRv_RICAUWApNhZrT6PeqL8f7aOogEcfP-IyfG5F-ZlYqBE9SRVgw94f51AZIo0JQQVjbCWACagZESS4yLjFyNpsBFQcXAFwDWAVWAkDKBhHuDV3FNE8kS8KJAWEAXqcwUrwUUwBMlrw6Dbj9lwkgAAISYwECC7duH70/ofertasv/?filter[tourOperator]=OREX&filter%5Bperson%5D=2&filter%5BchildAge%5D%5B1%5D=20201210&filter%5Bchild%5D=1"
"Creek Hotel and Residences","8492.0","22.10.2026 - 29.10.2026","8 dni/7 nocy","","4.8","4.8","219","tripadvisor","Warszawa - Radom","2026-09-07T04:56:19.401466+00:00","https://fly.pl/oferta/egipt-wczasy/?filter[dest]=11:&filter[hotelids]=&filter[cityids]=&filter[cregids]=&filter[ofrType]=&filter[addObjType]=&filter[whenFrom]=10-10-2026&filter[whenTo]=05-11-2026&filter[duration]=7:10&filter[from]=&filter[person]=2&filter[child]=1&filter[price]=0:11000&filter[PriceFrom]=0&filter[PriceTo]=11000&filter[addCategory]=50&filter[addCatering]=1&filter[addMisc]=0&filter[addTransport]=F&filter[fp]=1&order_by=ofr_price&filter[tourOperator]=0&filter[childAge][1]=20201210","https://fly.pl/cdn/photo/assets/uploads/582/278/2024/07/creek-hotel-residences.jpg","https://fly.pl/wycieczka/egipt,hurghada,al-dzuna/creek-hotel-residences-9/pvb3vhLAH8oI7Ije7nGn0YAAogQIxuNaKCn6l5hB_Z_qyL-yWlkVtJMYzcX-uCortsPpUqBE9SRVgw94f51AZIrEJQQVizCGACagdNMkUuMi4xcjabARUHFwBcA1gFVgJAygZd0w5PbBGCB1PQlgFSAF6vT0uBEmEATNG-OiCx_ZcJDQACEmMBAgsoGvQa/ofertasv/?filter[tourOperator]=OREX&filter%5Bperson%5D=2&filter%5BchildAge%5D%5B1%5D=20201210&filter%5Bchild%5D=1"
"Jaz Aquaviva","8495.0","29.10.2026 - 05.11.2026","9 dni/7 nocy","","4.7","4.7","10804","tripadvisor","Wrocław","2026-09-07T04:56:19.401466+00:00","https://fly.pl/oferta/egipt-wczasy/?filter[dest]=11:&filter[hotelids]=&filter[cityids]=&filter[cregids]=&filter[ofrType]=&filter[addObjType]=&filter[whenFrom]=10-10-2026&filter[whenTo]=05-11-2026&filter[duration]=7:10&filter[from]=&filter[person]=2&filter[child]=1&filter[price]=0:11000&filter[PriceFrom]=0&filter[PriceTo]=11000&filter[addCategory]=50&filter[addCatering]=1&filter[addMisc]=0&filter[addTransport]=F&filter[fp]=1&order_by=ofr_price&filter[tourOperator]=0&filter[childAge][1]=20201210","https://fly.pl/cdn/photo/assets/uploads/582/278/2015/07/Jaz-Aquaviva.jpg","https://fly.pl/wycieczka/egipt,hurghada,makadi-bay/jaz-makadi-aquaviva/pzYKS6vSpPMmEAMTlxBlOSAAogJVGr4QXLJlaY8bq2tFt-KMsk5DxZeIDMHmTkQrutbCQqBEJWUFIw94f51AZIr0JQAVjbCWACag1BbGwgaW5jbHVzaXZlciEcEYRZG4y9Bhj-mw-5BOGzFasElAQBvKTO-QECAGMBAwvQ2q88/ofertasv/?filter[tourOperator]=BVPR&filter%5Bperson%5D=2&filter%5BchildAge%5D%5B1%5D=20201210&filter%5Bchild%5D=1"
"Casa Mare Resort (ex. Royal Tulip Beach Resort)","8497.0","17.10.2026 - 25.10.2026","9 dni/7 nocy","","4.7","4.7","4700","tripadvisor","Katowice","2026-09-07T04:56:19.401466+00:00","https://fly.pl/oferta/egipt-wczasy/?filter[dest]=11:&filter[hotelids]=&filter[cityids]=&filter[cregids]=&filter[ofrType]=&filter[addObjType]=&filter[whenFrom]=10-10-2026&filter[whenTo]=05-11-2026&filter[duration]=7:10&filter[from]=&filter[person]=2&filter[child]=1&filter[price]=0:11000&filter[PriceFrom]=0&filter[PriceTo]=11000&filter[addCategory]=50&filter[addCatering]=1&filter[addMisc]=0&filter[addTransport]=F&filter[fp]=1&order_by=ofr_price&filter[tourOperator]=0&filter[childAge][1]=20201210","https://fly.pl/cdn/photo/assets/uploads/582/278/2015/12/Casa-Mare-Resort.jpg","https://fly.pl/wycieczka/egipt,marsa-alam,c/royal-tulip-beach-resort/p2Sjt1XQqUrs0aqD5f2oUTAAogqLMKkhlpYrsElTDzcFdAVEAjZndl-XRS1STVnHmHuVYqBFZJVFgw94f51AZIsUJQQVi7B2ACckAaABUHFwBcA1gFQI8DW5eFAWG_SksAXqcwUrwUUwBMoOQ5DaLVmAkgAV2j65HsqAFPlNqZijdR3tcZAg5jAQINhWM7gQ/ofertasv/?filter[tourOperator]=VITX&filter%5Bperson%5D=2&filter%5BchildAge%5D%5B1%5D=20201210&filter%5Bchild%5D=1"
"Jaz Neo Naama Bay","8540.0","24.10.2026 - 31.10.2026","8 dni/7 nocy","","4.7","4.7","4826","tripadvisor","Warszawa","2026-09-07T04:56:19.401466+00:00","https://fly.pl/oferta/egipt-wczasy/?filter[dest]=11:&filter[hotelids]=&filter[cityids]=&filter[cregids]=&filter[ofrType]=&filter[addObjType]=&filter[whenFrom]=10-10-2026&filter[whenTo]=05-11-2026&filter[duration]=7:10&filter[from]=&filter[person]=2&filter[child]=1&filter[price]=0:11000&filter[PriceFrom]=0&filter[PriceTo]=11000&filter[addCategory]=50&filter[addCatering]=1&filter[addMisc]=0&filter[addTransport]=F&filter[fp]=1&order_by=ofr_price&filter[tourOperator]=0&filter[childAge][1]=20201210","https://fly.pl/cdn/photo/assets/uploads/582/278/2014/10/Sol-Y-Mar-Naama-Bay.jpg","https://fly.pl/wycieczka/egipt,sharm-el-sheikh,c/sol-y-mar-naama-bay/ppehNEiF5APc40nILwmborAAoggym6YnPjYGJ5zhspmCUMOgAAAACbhAQAuIQEAAcAEgAqBFdFWlkw94f51AZI3EJQQVjjCGADaglFbnRlciBBaXJqBDA4MDByQ54BlQEfAAIBHAAWBBcCEu0DGKEEE7ECFMkEEbgPQNpiTKCiAU8AS8cjUAAb3_QJHbTNBSAdDejHwgkBEmMBDWMBAwXNWx8B/ofertasv/?filter[tourOperator]=WEZY&filter%5Bperson%5D=2&filter%5BchildAge%5D%5B1%5D=20201210&filter%5Bchild%5D=1"
"Parrotel Beach Resort (ex. Radisson Blu)","8550.0","15.10.2026 - 22.10.2026","8 dni/7 nocy","","4.4","4.4","6991","tripadvisor","Katowice","2026-09-07T04:56:19.401466+00:00","https://fly.pl/oferta/egipt-wczasy/?filter[dest]=11:&filter[hotelids]=&filter[cityids]=&filter[cregids]=&filter[ofrType]=&filter[addObjType]=&filter[whenFrom]=10-10-2026&filter[whenTo]=05-11-2026&filter[duration]=7:10&filter[from]=&filter[person]=2&filter[child]=1&filter[price]=0:11000&filter[PriceFrom]=0&filter[PriceTo]=11000&filter[addCategory]=50&filter[addCatering]=1&filter[addMisc]=0&filter[addTransport]=F&filter[fp]=1&order_by=ofr_price&filter[tourOperator]=0&filter[childAge][1]=20201210","https://fly.pl/cdn/photo/assets/uploads/582/278/2014/07/Parrotel-Beach-Resort.jpg","https://fly.pl/wycieczka/egipt,sharm-el-sheikh,c/radisson-blu-resort-sharm-el-sheikh/pH7BFBoUA3sRGLNHeDKR0KAAogSBPBQ7vP2oTb-cWJBFOPCS-LLSocgwQAYNaXOGgbCtIqBEpPSVAw94f51AZI5kJQQViLB2ACagNDR21yQpsBFAEVBhcAXANYBVYCQMoGT-IBXQARoccBS5YDYQBepzBSpiBTAEyssDoNqv2XCSAAAaHb-K-jicygMAIOYwEADXXHWyk/ofertasv/?filter[tourOperator]=JOIP&filter%5Bperson%5D=2&filter%5BchildAge%5D%5B1%5D=20201210&filter%5Bchild%5D=1"
"Amarina Sun Resort & Aqua Park (ex. Raouf Sun International Aqua Park & SPA)","8568.0","13.10.2026 - 20.10.2026","8 dni/7 nocy","","3.8","3.8","325","tripadvisor","Katowice","2026-09-07T04:56:19.401466+00:00","https://fly.pl/oferta/egipt-wczasy/?filter[dest]=11:&filter[hotelids]=&filter[cityids]=&filter[cregids]=&filter[ofrType]=&filter[addObjType]=&filter[whenFrom]=10-10-2026&filter[whenTo]=05-11-2026&filter[duration]=7:10&filter[from]=&filter[person]=2&filter[child]=1&filter[price]=0:11000&filter[PriceFrom]=0&filter[PriceTo]=11000&filter[addCategory]=50&filter[addCatering]=1&filter[addMisc]=0&filter[addTransport]=F&filter[fp]=1&order_by=ofr_price&filter[tourOperator]=0&filter[childAge][1]=20201210","https://fly.pl/cdn/photo/assets/uploads/582/278/2024/07/raouf-sun-international-aqua-park-spa.jpg","https://fly.pl/wycieczka/egipt,sharm-el-sheikh,szarm-el-szejk/raouf-international-aqua-park-spa-14/pLYzi50v5OLegbEjcsLFv8AAogDMzrR9iJSSW0yhRwXrgWA1ATkd0Et3pHZ-B5Uah2j-0qBEpPSVAw94f51AZI-EJQQVjbBmACagMxMm9yQ5sBFAEVBhcAXANYBVYCQMoGT-IBXQBLt8oBYQBepzBSpiBTABGWrAFMloQ5Daj9lwkgAAG8ybywtInMoDACDWMBAAzFEOtY/ofertasv/?filter[tourOperator]=JOIP&filter%5Bperson%5D=2&filter%5BchildAge%5D%5B1%5D=20201210&filter%5Bchild%5D=1"
"Golf Villas And Suites Sharm","8573.0","28.10.2026 - 04.11.2026","9 dni/7 nocy","","4.8","4.8","356","tripadvisor","Gdańsk","2026-09-07T04:56:19.401466+00:00","https://fly.pl/oferta/egipt-wczasy/?filter[dest]=11:&filter[hotelids]=&filter[cityids]=&filter[cregids]=&filter[ofrType]=&filter[addObjType]=&filter[whenFrom]=10-10-2026&filter[whenTo]=05-11-2026&filter[duration]=7:10&filter[from]=&filter[person]=2&filter[child]=1&filter[price]=0:11000&filter[PriceFrom]=0&filter[PriceTo]=11000&filter[addCategory]=50&filter[addCatering]=1&filter[addMisc]=0&filter[addTransport]=F&filter[fp]=1&order_by=ofr_price&filter[tourOperator]=0&filter[childAge][1]=20201210","https://fly.pl/cdn/photo/assets/uploads/582/278/2014/07/Maritim-Jolie-Ville-Royal-Peninsula-fly-pl.jpg","https://fly.pl/wycieczka/egipt,sharm-el-sheikh,c/maritim-jolie-ville-royal-peninsula/pMz8JkpMNbFfN5KddiRH7wAAogpzidkRvKJtB-R2CTz6b2XXIhrbyPomD2uW-Fwn8rcgYqBE9BU0kw94f51AZI_UJQAVjDCWACagNBSWxyIRwR7q8BuQSFqxCrBBIb1v8OGJOAEwHmpdKqAgIAYwECDJqXBYc/ofertasv/?filter[tourOperator]=OASI&filter%5Bperson%5D=2&filter%5BchildAge%5D%5B1%5D=20201210&filter%5Bchild%5D=1"
"Jasmine Palace","8577.0","17.10.2026 - 25.10.2026","9 dni/7 nocy","","4.1","4.1","7704","tripadvisor","Katowice","2026-09-07T04:56:19.401466+00:00","https://fly.pl/oferta/egipt-wczasy/?filter[dest]=11:&filter[hotelids]=&filter[cityids]=&filter[cregids]=&filter[ofrType]=&filter[addObjType]=&filter[whenFrom]=10-10-2026&filter[whenTo]=05-11-2026&filter[duration]=7:10&filter[from]=&filter[person]=2&filter[child]=1&filter[price]=0:11000&filter[PriceFrom]=0&filter[PriceTo]=11000&filter[addCategory]=50&filter[addCatering]=1&filter[addMisc]=0&filter[addTransport]=F&filter[fp]=1&order_by=ofr_price&filter[tourOperator]=0&filter[childAge][1]=20201210","https://fly.pl/cdn/photo/assets/uploads/582/278/2014/07/Jasmine-Palace.jpg","https://fly.pl/wycieczka/egipt,hurghada,c/jasmine-palace/p8xqNQTibCPFPCzq3sXxBWAAogQrCXpif4vW2BBNZkzNsHaMzJNrLF3lciJ3YfzM4E2MIqBEVDQ1gw94f51AZIgUNQAVi7B2ACagJBSXIgHBG5UbkEmokWqwQbGOfbLRvEqEIBktqL-gECAGMBAgtssmvM/ofertasv/?filter[tourOperator]=ECCX&filter%5Bperson%5D=2&filter%5BchildAge%5D%5B1%5D=20201210&filter%5Bchild%5D=1"
"Domina Coral Bay Aquamarine","8588.0","25.10.2026 - 01.11.2026","8 dni/7 nocy","","4.2","4.2","12412","tripadvisor","Katowice","2026-09-07T04:56:19.401466+00:00","https://fly.pl/oferta/egipt-wczasy/?filter[dest]=11:&filter[hotelids]=&filter[cityids]=&filter[cregids]=&filter[ofrType]=&filter[addObjType]=&filter[whenFrom]=10-10-2026&filter[whenTo]=05-11-2026&filter[duration]=7:10&filter[from]=&filter[person]=2&filter[child]=1&filter[price]=0:11000&filter[PriceFrom]=0&filter[PriceTo]=11000&filter[addCategory]=50&filter[addCatering]=1&filter[addMisc]=0&filter[addTransport]=F&filter[fp]=1&order_by=ofr_price&filter[tourOperator]=0&filter[childAge][1]=20201210","https://fly.pl/cdn/photo/assets/uploads/582/278/2014/07/Domina-Coral-Bay-Aquamarine.jpg","https://fly.pl/wycieczka/egipt,sharm-el-sheikh,c/domina-coral-bay-aquamarine/pzY40_X4lLO8Pl8Nk-u-8lAAogvNP_iNpI5solrOOYWeIt__-8lKSM_XY3X6eU8q1GIdEqBE9BU0kw94f51AZIjENQAVj7CGACagNBSWxyIRwRoq8BqwT1qxC5BCsbzK4NGK_aEgGf64qpAgIAYwECDPqv5FI/ofertasv/?filter[tourOperator]=OASI&filter%5Bperson%5D=2&filter%5BchildAge%5D%5B1%5D=20201210&filter%5Bchild%5D=1"
"Bellagio Beach Resort & Spa (ex. Panorama Bungalows Hurghada)","8603.0","27.10.2026 - 03.11.2026","9 dni/7 nocy","","4.3","4.3","4466","tripadvisor","Warszawa - Modlin","2026-09-07T04:56:19.401466+00:00","https://fly.pl/oferta/egipt-wczasy/?filter[dest]=11:&filter[hotelids]=&filter[cityids]=&filter[cregids]=&filter[ofrType]=&filter[addObjType]=&filter[whenFrom]=10-10-2026&filter[whenTo]=05-11-2026&filter[duration]=7:10&filter[from]=&filter[person]=2&filter[child]=1&filter[price]=0:11000&filter[PriceFrom]=0&filter[PriceTo]=11000&filter[addCategory]=50&filter[addCatering]=1&filter[addMisc]=0&filter[addTransport]=F&filter[fp]=1&order_by=ofr_price&filter[tourOperator]=0&filter[childAge][1]=20201210","https://fly.pl/cdn/photo/assets/uploads/582/278/2014/07/Bellagio-Beach-Resort-Spa.jpg","https://fly.pl/wycieczka/egipt,hurghada,c/panorama-bungalow-resort/pF9LUvdR-OJbZKvjdmTPJqAAogoK4a5Uw56w1MYlVlKRL723-RivCO5fCdWQwfiBpU-nUqBE9BU0kw94f51AZIm0NQAVirCWACagNBSWxyIBwR7narBP6nELkEQBuMqg4Yy4ASAfHznZkCAgBjAQINrDjN0w/ofertasv/?filter[tourOperator]=OASI&filter%5Bperson%5D=2&filter%5BchildAge%5D%5B1%5D=20201210&filter%5Bchild%5D=1"
"Monte Carlo Resort Spa","8623.0","28.10.2026 - 04.11.2026","9 dni/7 nocy","","4.4","4.4","2434","tripadvisor","Gdańsk","2026-09-07T04:56:19.401466+00:00","https://fly.pl/oferta/egipt-wczasy/?filter[dest]=11:&filter[hotelids]=&filter[cityids]=&filter[cregids]=&filter[ofrType]=&filter[addObjType]=&filter[whenFrom]=10-10-2026&filter[whenTo]=05-11-2026&filter[duration]=7:10&filter[from]=&filter[person]=2&filter[child]=1&filter[price]=0:11000&filter[PriceFrom]=0&filter[PriceTo]=11000&filter[addCategory]=50&filter[addCatering]=1&filter[addMisc]=0&filter[addTransport]=F&filter[fp]=1&order_by=ofr_price&filter[tourOperator]=0&filter[childAge][1]=20201210","https://fly.pl/cdn/photo/assets/uploads/582/278/2014/09/Monte-Carlo-Sharm-Resort-Spa.jpg","https://fly.pl/wycieczka/egipt,sharm-el-sheikh,c/monte-carlo-ex-ritz-carlton/p_R-u3roYPnFjF6pOba_jlAAog9CaDAQaZges2lSyAmBgsZHIhrbyPomD2uW-Fwn8rcgYqBE9BU0kw94f51AZIr0NQAVjDCWACagNBSStyIRwRpa8BuQTOqxCrBBIbi60NGKbgEgHT1ZGpAgIAYwECCwbA2Qw/ofertasv/?filter[tourOperator]=OASI&filter%5Bperson%5D=2&filter%5BchildAge%5D%5B1%5D=20201210&filter%5Bchild%5D=1"
"Serenity Alma Heights (ex. Serenity Fun City)","8631.0","22.10.2026 - 29.10.2026","8 dni/7 nocy","","4.7","4.7","5509","tripadvisor","Warszawa - Radom","2026-09-07T04:56:19.401466+00:00","https://fly.pl/oferta/egipt-wczasy/?filter[dest]=11:&filter[hotelids]=&filter[cityids]=&filter[cregids]=&filter[ofrType]=&filter[addObjType]=&filter[whenFrom]=10-10-2026&filter[whenTo]=05-11-2026&filter[duration]=7:10&filter[from]=&filter[person]=2&filter[child]=1&filter[price]=0:11000&filter[PriceFrom]=0&filter[PriceTo]=11000&filter[addCategory]=50&filter[addCatering]=1&filter[addMisc]=0&filter[addTransport]=F&filter[fp]=1&order_by=ofr_price&filter[tourOperator]=0&filter[childAge][1]=20201210","https://fly.pl/cdn/photo/assets/uploads/582/278/2014/09/Serenity-Alma-Heights.jpg","https://fly.pl/wycieczka/egipt,hurghada,makadi-bay/serenity-fun-city/pMcNUWhClNf1XStQOlHV45AAogkv4rQTbswpKD4g-FYe-hIyWlkVtJMYzcX-uCortsPpUqBE9SRVgw94f51AZIt0NQQVizCGACagZFQy4yLjFyNZsBFQcXAFgIVgJcCBFEQP4FXdMOT2xT0p0BUgBer09LgRJhAEzRvjogsf2XCQ0AAhJjAQIM4SxU4A/ofertasv/?filter[tourOperator]=OREX&filter%5Bperson%5D=2&filter%5BchildAge%5D%5B1%5D=20201210&filter%5Bchild%5D=1"
"Swissotel Resort El Quseir","8636.0","21.10.2026 - 28.10.2026","8 dni/7 nocy","","4.4","4.4","3131","tripadvisor","Katowice","2026-09-07T04:56:19.401466+00:00","https://fly.pl/oferta/egipt-wczasy/?filter[dest]=11:&filter[hotelids]=&filter[cityids]=&filter[cregids]=&filter[ofrType]=&filter[addObjType]=&filter[whenFrom]=10-10-2026&filter[whenTo]=05-11-2026&filter[duration]=7:10&filter[from]=&filter[person]=2&filter[child]=1&filter[price]=0:11000&filter[PriceFrom]=0&filter[PriceTo]=11000&filter[addCategory]=50&filter[addCatering]=1&filter[addMisc]=0&filter[addTransport]=F&filter[fp]=1&order_by=ofr_price&filter[tourOperator]=0&filter[childAge][1]=20201210","https://fly.pl/cdn/photo/assets/uploads/582/278/2015/02/RADISSON-BLU-m.jpg","https://fly.pl/wycieczka/egipt,marsa-alam,al-kusajr/radisson-blu-resort-el-quseir/p1O4gDO47UQPyodKNxa1GUAAogUznc4aYMLrrNJL1bvwg8nKHYx8dHtHpw8fXuNNDPihYqBE9SRVgw94f51AZIvENQQVibCGACagZESS4yLjFyNpsBFQcXAFwDWAVWAkDKBhHtFV2WDk8kS_KnAWEAXqcwUrwUUwBMlrw6DbD9lwkgAAISYwECC72My3g/ofertasv/?filter[tourOperator]=OREX&filter%5Bperson%5D=2&filter%5BchildAge%5D%5B1%5D=20201210&filter%5Bchild%5D=1"
"Pickalbatros Sands Port Ghalib (ex. Red Sea Siva Sands)","8710.0","28.10.2026 - 04.11.2026","8 dni/7 nocy","","4.5","4.5","3436","tripadvisor","Warszawa - Modlin","2026-09-07T04:56:19.401466+00:00","https://fly.pl/oferta/egipt-wczasy/?filter[dest]=11:&filter[hotelids]=&filter[cityids]=&filter[cregids]=&filter[ofrType]=&filter[addObjType]=&filter[whenFrom]=10-10-2026&filter[whenTo]=05-11-2026&filter[duration]=7:10&filter[from]=&filter[person]=2&filter[child]=1&filter[price]=0:11000&filter[PriceFrom]=0&filter[PriceTo]=11000&filter[addCategory]=50&filter[addCatering]=1&filter[addMisc]=0&filter[addTransport]=F&filter[fp]=1&order_by=ofr_price&filter[tourOperator]=0&filter[childAge][1]=20201210","https://fly.pl/cdn/photo/assets/uploads/582/278/2014/07/PICKALBATROS-SANDS-PORT-GHALIB.jpg","https://fly.pl/wycieczka/egipt,marsa-alam,port-ghalib/crowne-plaza-sahara-sands-resort/pTgDvtNjSFt-uvIrn180dsAAogsR4ydqJ5NOev-6nOR_tMtE91RqsWD-Zqi5PHU8FUFQkqBEJWUFIw94f51AZIhkRQAVjDCWACag1BbGwgaW5jbHVzaXZlciAcEc83G9fQBhjVkg-rBMnNFbkEAQHOltX3AQIAYwECBTqPrWQ/ofertasv/?filter[tourOperator]=BVPR&filter%5Bperson%5D=2&filter%5BchildAge%5D%5B1%5D=20201210&filter%5Bchild%5D=1"
"Dreams Beach Sharm Resort (Sharm El Sheikh)","8719.0","15.10.2026 - 22.10.2026","8 dni/7 nocy","","3.9","3.9","2645","tripadvisor","Katowice","2026-09-07T04:56:19.401466+00:00","https://fly.pl/oferta/egipt-wczasy/?filter[dest]=11:&filter[hotelids]=&filter[cityids]=&filter[cregids]=&filter[ofrType]=&filter[addObjType]=&filter[whenFrom]=10-10-2026&filter[whenTo]=05-11-2026&filter[duration]=7:10&filter[from]=&filter[person]=2&filter[child]=1&filter[price]=0:11000&filter[PriceFrom]=0&filter[PriceTo]=11000&filter[addCategory]=50&filter[addCatering]=1&filter[addMisc]=0&filter[addTransport]=F&filter[fp]=1&order_by=ofr_price&filter[tourOperator]=0&filter[childAge][1]=20201210","https://fly.pl/cdn/photo/assets/uploads/582/278/2014/07/Dreams-Beach-Resort.jpg","https://fly.pl/wycieczka/egipt,sharm-el-sheikh,szarm-el-szejk/dreams-beach-sharm-el-sheikh/pDt0w5_VKpuKySNPLn1dPoAAogmWsNTubVUHJiFrHADfnAJy-LLSocgwQAYNaXOGgbCtIqBEpPSVAw94f51AZIj0RQQViLB2ACagNDR21yQpsBFAEVBhcAXANYBVYCQMoGT-IBXQAR5MYBS9MDYQBepzBSpiBTAEyssDoNqv2XCSAAAbmzxIilicygMAINYwEAC8UGXo4/ofertasv/?filter[tourOperator]=JOIP&filter%5Bperson%5D=2&filter%5BchildAge%5D%5B1%5D=20201210&filter%5Bchild%5D=1"
"Cleopatra Luxury Resort (Makadi Bay)","8753.0","29.10.2026 - 05.11.2026","8 dni/7 nocy","","4.6","4.6","3181","tripadvisor","Warszawa","2026-09-07T04:56:19.401466+00:00","https://fly.pl/oferta/egipt-wczasy/?filter[dest]=11:&filter[hotelids]=&filter[cityids]=&filter[cregids]=&filter[ofrType]=&filter[addObjType]=&filter[whenFrom]=10-10-2026&filter[whenTo]=05-11-2026&filter[duration]=7:10&filter[from]=&filter[person]=2&filter[child]=1&filter[price]=0:11000&filter[PriceFrom]=0&filter[PriceTo]=11000&filter[addCategory]=50&filter[addCatering]=1&filter[addMisc]=0&filter[addTransport]=F&filter[fp]=1&order_by=ofr_price&filter[tourOperator]=0&filter[childAge][1]=20201210","https://fly.pl/cdn/photo/assets/uploads/582/278/2014/10/Cleopatra-Luxury-Resort-Makadi-Bay.jpg","https://fly.pl/wycieczka/egipt,hurghada,makadi-bay/cleopatra-luxury-resort-makadi-bay/pUm_gQr8zNG1oZolaoF93XAAogpTYjIM9fgYQa3z0NipQRBxLqCxxQb8S86Hh0k4aD-ioqBE9SRVgw94f51AZIsURQQVjbCWACagdQNE8uMi4xcjWbARUHFwBcA1gFVgIRDUC9Bl2bD08kU9KdAVIAXq9PS-1DYQBM5Yw6ILj9lwkNAAISYwECDPnhAOA/ofertasv/?filter[tourOperator]=OREX&filter%5Bperson%5D=2&filter%5BchildAge%5D%5B1%5D=20201210&filter%5Bchild%5D=1"
"Gravity Sahl Hasheesh (Ex. Ocean Breeze)","8768.0","29.10.2026 - 05.11.2026","8 dni/7 nocy","","4.7","4.7","3399","tripadvisor","Katowice","2026-09-07T04:56:19.401466+00:00","https://fly.pl/oferta/egipt-wczasy/?filter[dest]=11:&filter[hotelids]=&filter[cityids]=&filter[cregids]=&filter[ofrType]=&filter[addObjType]=&filter[whenFrom]=10-10-2026&filter[whenTo]=05-11-2026&filter[duration]=7:10&filter[from]=&filter[person]=2&filter[child]=1&filter[price]=0:11000&filter[PriceFrom]=0&filter[PriceTo]=11000&filter[addCategory]=50&filter[addCatering]=1&filter[addMisc]=0&filter[addTransport]=F&filter[fp]=1&order_by=ofr_price&filter[tourOperator]=0&filter[childAge][1]=20201210","https://fly.pl/cdn/photo/assets/uploads/582/278/2018/10/Gravity-Sahl-Hasheesh.jpg","https://fly.pl/wycieczka/egipt,hurghada,c/ocean-breeze/py5rxcLHT1Tcsuvt0-M5F5AAogPenBKNx6lpC-0TCtBTy1pj6X2l5diRdIrf_KEmAYZzwqBFJOQlcw94f51AZIwERQQVjbCWACagRDQWhlag1BTExfSU5DTFVTSVZFaiYxNiwyMzQsMjgzLDI5NiwzODAsMzg4LDQ3Nyw0ODMsNDg0LDQ4NXI6nwGWAZ4BFQcXAFgIQMgHCigRqRwQ8x4ZqRlMnjZTiiFSAEuIH2EAHYzpQA85IOyUkgkNAAINYwECBohV6f8/ofertasv/?filter[tourOperator]=RNBW&filter%5Bperson%5D=2&filter%5BchildAge%5D%5B1%5D=20201210&filter%5Bchild%5D=1"
"Gravity Hotel & Aquapark Hurghada (ex. Samra Bay Resort)","8806.0","14.10.2026 - 21.10.2026","8 dni/7 nocy","","","","","","Katowice","2026-09-07T04:56:19.401466+00:00","https://fly.pl/oferta/egipt-wczasy/?filter[dest]=11:&filter[hotelids]=&filter[cityids]=&filter[cregids]=&filter[ofrType]=&filter[addObjType]=&filter[whenFrom]=10-10-2026&filter[whenTo]=05-11-2026&filter[duration]=7:10&filter[from]=&filter[person]=2&filter[child]=1&filter[price]=0:11000&filter[PriceFrom]=0&filter[PriceTo]=11000&filter[addCategory]=50&filter[addCatering]=1&filter[addMisc]=0&filter[addTransport]=F&filter[fp]=1&order_by=ofr_price&filter[tourOperator]=0&filter[childAge][1]=20201210","https://fly.pl/cdn/photo/assets/uploads/582/278/2017/04/Gravity-Hotel-Aquapark-Hurghada.jpg","https://fly.pl/wycieczka/egipt,hurghada,c/samra-bay-resort/ppWiEcKXadaoK99tXJLQBeAAoguHhLBhDzhdphd211mkSAftQ85krozDkw2BfFht7tPUIqBEpPSVAw94f51AZI5kRQQVjzBmACagMwMllyQpsBFAEVBhcAXANYBVYCQMoGT-IBXQBSr6sBUwBLiB9hAF6nMBG4P0yakToNqf2XCSAAAb-f-L-Eic6gMAIOYwEADYGOeTg/ofertasv/?filter[tourOperator]=JOIP&filter%5Bperson%5D=2&filter%5BchildAge%5D%5B1%5D=20201210&filter%5Bchild%5D=1"
"Pharaoh Azur Resort (ex Sonesta Pharaoh Beach Resort)","8827.0","29.10.2026 - 05.11.2026","8 dni/7 nocy","","4.5","4.5","2757","tripadvisor","Katowice","2026-09-07T04:56:19.401466+00:00","https://fly.pl/oferta/egipt-wczasy/?filter[dest]=11:&filter[hotelids]=&filter[cityids]=&filter[cregids]=&filter[ofrType]=&filter[addObjType]=&filter[whenFrom]=10-10-2026&filter[whenTo]=05-11-2026&filter[duration]=7:10&filter[from]=&filter[person]=2&filter[child]=1&filter[price]=0:11000&filter[PriceFrom]=0&filter[PriceTo]=11000&filter[addCategory]=50&filter[addCatering]=1&filter[addMisc]=0&filter[addTransport]=F&filter[fp]=1&order_by=ofr_price&filter[tourOperator]=0&filter[childAge][1]=20201210","https://fly.pl/cdn/photo/assets/uploads/582/278/2014/07/Pharaoh-Azur-Resort.jpg","https://fly.pl/wycieczka/egipt,hurghada,c/sonesta-pharaoh/pq8gyN9LRNMQWTGHb7C4RwAAogWnl8UuPpVz6Uug6yKiU47wAAAACBhwQAHroEAAcAAAAqBFdFWlkw94f51AZI-0RQQVjbCWADaglFbnRlciBBaXJqBDAwMTVqBDAwMDBqBDAwMDByQZ4BlAGVAZgBHwAcAQIAFgQXAhGxARKlAxPvCEDVc0zLMk8AS4gfUAAbyr0BHcP-DiCdZQ2H3cEJARJjAQ5jAQIFP9uvSA/ofertasv/?filter[tourOperator]=WEZY&filter%5Bperson%5D=2&filter%5BchildAge%5D%5B1%5D=20201210&filter%5Bchild%5D=1"
"Red Sea Grand Waterworld Makadi (ex. Sunwing Waterworld Makadi)","8840.0","15.10.2026 - 22.10.2026","8 dni/6 nocy","","4.5","4.5","5549","tripadvisor","Katowice","2026-09-07T04:56:19.401466+00:00","https://fly.pl/oferta/egipt-wczasy/?filter[dest]=11:&filter[hotelids]=&filter[cityids]=&filter[cregids]=&filter[ofrType]=&filter[addObjType]=&filter[whenFrom]=10-10-2026&filter[whenTo]=05-11-2026&filter[duration]=7:10&filter[from]=&filter[person]=2&filter[child]=1&filter[price]=0:11000&filter[PriceFrom]=0&filter[PriceTo]=11000&filter[addCategory]=50&filter[addCatering]=1&filter[addMisc]=0&filter[addTransport]=F&filter[fp]=1&order_by=ofr_price&filter[tourOperator]=0&filter[childAge][1]=20201210","https://fly.pl/cdn/photo/assets/uploads/582/278/2017/06/Red-Sea-Grand-Waterworld-Makadi.jpg","https://fly.pl/wycieczka/egipt,hurghada,makadi-bay/sunwing-waterworld-makadi/pBxun7bHYr8HQjm3t82idZAAogoB6Zp15XFpCtyTZTS8jCf4byV7bYFyIfHmV32_hhb9wqA0VUSTD3h_nUBkiIRVBBWIsHYAJyMRUGFwFcA1gFVgJA-wdbw4UBU50mUgBLiB9hAF6nMA38zdIJIAFRiOC99gMCEmMBAgqmCUlI/ofertasv/?filter[tourOperator]=ETI&filter%5Bperson%5D=2&filter%5BchildAge%5D%5B1%5D=20201210&filter%5Bchild%5D=1"
"Jaz Mirabel Beach Resort","8847.0","28.10.2026 - 04.11.2026","9 dni/7 nocy","","4.5","4.5","7330","tripadvisor","Gdańsk","2026-09-07T04:56:19.401466+00:00","https://fly.pl/oferta/egipt-wczasy/?filter[dest]=11:&filter[hotelids]=&filter[cityids]=&filter[cregids]=&filter[ofrType]=&filter[addObjType]=&filter[whenFrom]=10-10-2026&filter[whenTo]=05-11-2026&filter[duration]=7:10&filter[from]=&filter[person]=2&filter[child]=1&filter[price]=0:11000&filter[PriceFrom]=0&filter[PriceTo]=11000&filter[addCategory]=50&filter[addCatering]=1&filter[addMisc]=0&filter[addTransport]=F&filter[fp]=1&order_by=ofr_price&filter[tourOperator]=0&filter[childAge][1]=20201210","https://fly.pl/cdn/photo/assets/uploads/582/278/2014/07/Jaz-Mirabel-Beach-Resort-fly-pl.jpg","https://fly.pl/wycieczka/egipt,sharm-el-sheikh,c/jaz-mirabel-beach-resort/ptdRopC-SUn6gkSaOqrbcdAAog9VEfDS_725sTMqIekHFkF3IhrbyPomD2uW-Fwn8rcgYqBE9BU0kw94f51AZIj0VQAVjDCWADagNBSWxyJBwRiLABuQTrqhCrBBIbgI4OGMH-EQHG742pAgEMYwEAYwECC72JVtA/ofertasv/?filter[tourOperator]=OASI&filter%5Bperson%5D=2&filter%5BchildAge%5D%5B1%5D=20201210&filter%5Bchild%5D=1"
"Jaz Mirabel Park","8869.0","15.10.2026 - 22.10.2026","8 dni/7 nocy","","4.4","4.4","4043","tripadvisor","Katowice","2026-09-07T04:56:19.401466+00:00","https://fly.pl/oferta/egipt-wczasy/?filter[dest]=11:&filter[hotelids]=&filter[cityids]=&filter[cregids]=&filter[ofrType]=&filter[addObjType]=&filter[whenFrom]=10-10-2026&filter[whenTo]=05-11-2026&filter[duration]=7:10&filter[from]=&filter[person]=2&filter[child]=1&filter[price]=0:11000&filter[PriceFrom]=0&filter[PriceTo]=11000&filter[addCategory]=50&filter[addCatering]=1&filter[addMisc]=0&filter[addTransport]=F&filter[fp]=1&order_by=ofr_price&filter[tourOperator]=0&filter[childAge][1]=20201210","https://fly.pl/cdn/photo/assets/uploads/582/278/2014/07/Jaz-Mirabel-Park-fly-pl.jpg","https://fly.pl/wycieczka/egipt,sharm-el-sheikh,c/jaz-mirabel-park/prlon7-KwB4rS7jojZ_YuxAAog0u1tr9KxpdRBOmvdv5vIoS-LLSocgwQAYNaXOGgbCtIqBEpPSVAw94f51AZIpUVQQViLB2ACckMUARUGFwBcA1gFVgJAygZP4gFdAFvyAhGlwwFLoARhAF6nMFKmIFMATKywOg2q_ZcJIAABs724kIOJzKAwAg1jAQAMmvPtpw/ofertasv/?filter[tourOperator]=JOIP&filter%5Bperson%5D=2&filter%5BchildAge%5D%5B1%5D=20201210&filter%5Bchild%5D=1"
"Amarina Star Resort & Aqua Park (ex. Raouf Star)","8881.0","15.10.2026 - 22.10.2026","8 dni/7 nocy","","4.1","4.1","101","tripadvisor","Katowice","2026-09-07T04:56:19.401466+00:00","https://fly.pl/oferta/egipt-wczasy/?filter[dest]=11:&filter[hotelids]=&filter[cityids]=&filter[cregids]=&filter[ofrType]=&filter[addObjType]=&filter[whenFrom]=10-10-2026&filter[whenTo]=05-11-2026&filter[duration]=7:10&filter[from]=&filter[person]=2&filter[child]=1&filter[price]=0:11000&filter[PriceFrom]=0&filter[PriceTo]=11000&filter[addCategory]=50&filter[addCatering]=1&filter[addMisc]=0&filter[addTransport]=F&filter[fp]=1&order_by=ofr_price&filter[tourOperator]=0&filter[childAge][1]=20201210","https://fly.pl/cdn/photo/assets/uploads/582/278/2023/04/Amarina-Star-Resort-Aqua-Park.jpg","https://fly.pl/wycieczka/egipt,sharm-el-sheikh,szarm-el-szejk/raouf-star-15/pzVDLPID0-VlN8Wsg4QuJYAAogn7JU-pwN9yb_q1ZQWVeu5S-LLSocgwQAYNaXOGgbCtIqBEpPSVAw94f51AZIsUVQQViLB2ACagMxMm9yQ5sBFAEVBhcAXANYBVYCQMoGT-IBXQBLt8oBYQBepzBSpiBTABG9ywFM7-Q4Dar9lwkgAAGc0dyAtYnMoDACDWMBAAwfew5a/ofertasv/?filter[tourOperator]=JOIP&filter%5Bperson%5D=2&filter%5BchildAge%5D%5B1%5D=20201210&filter%5Bchild%5D=1"
"Seven Seas Jolie Bay","8894.0","29.10.2026 - 05.11.2026","8 dni/7 nocy","","4.6","4.6","1516","tripadvisor","Katowice","2026-09-07T04:56:19.401466+00:00","https://fly.pl/oferta/egipt-wczasy/?filter[dest]=11:&filter[hotelids]=&filter[cityids]=&filter[cregids]=&filter[ofrType]=&filter[addObjType]=&filter[whenFrom]=10-10-2026&filter[whenTo]=05-11-2026&filter[duration]=7:10&filter[from]=&filter[person]=2&filter[child]=1&filter[price]=0:11000&filter[PriceFrom]=0&filter[PriceTo]=11000&filter[addCategory]=50&filter[addCatering]=1&filter[addMisc]=0&filter[addTransport]=F&filter[fp]=1&order_by=ofr_price&filter[tourOperator]=0&filter[childAge][1]=20201210","https://fly.pl/cdn/photo/assets/uploads/582/278/2022/03/Aqua-Mondo-Abu-Soma-Resort.jpg","https://fly.pl/wycieczka/egipt,hurghada,soma-bay/aqua-mondo-resort-14/pWgtDexT_aqvIUf5di6wMgAAoguRz_osIhMSOgy4z2Ag5HLgAAAACBhwQAHroEAAcAAAAqBFdFWlkw94f51AZIvkVQQVjbCWADaglFbnRlciBBaXJqBDAwMTVqBDAwMDBqBDAwMDByQp4BlAGVAZgBHwACARYAHAAXBhLWBBPvCEDVc0_LMkwAS4gfUAAR3LMBHbGIDyCdZRv86TQNi_OMCQESYwEMYwECC0oSWT8/ofertasv/?filter[tourOperator]=WEZY&filter%5Bperson%5D=2&filter%5BchildAge%5D%5B1%5D=20201210&filter%5Bchild%5D=1"
"Nubian Village","8899.0","29.10.2026 - 05.11.2026","8 dni/7 nocy","","4.5","4.5","4649","tripadvisor","Warszawa - Modlin","2026-09-07T04:56:19.401466+00:00","https://fly.pl/oferta/egipt-wczasy/?filter[dest]=11:&filter[hotelids]=&filter[cityids]=&filter[cregids]=&filter[ofrType]=&filter[addObjType]=&filter[whenFrom]=10-10-2026&filter[whenTo]=05-11-2026&filter[duration]=7:10&filter[from]=&filter[person]=2&filter[child]=1&filter[price]=0:11000&filter[PriceFrom]=0&filter[PriceTo]=11000&filter[addCategory]=50&filter[addCatering]=1&filter[addMisc]=0&filter[addTransport]=F&filter[fp]=1&order_by=ofr_price&filter[tourOperator]=0&filter[childAge][1]=20201210","https://fly.pl/cdn/photo/assets/uploads/582/278/2014/07/Nubian-Village-fly-pl.jpg","https://fly.pl/wycieczka/egipt,sharm-el-sheikh,c/nubian-village/pGHyGT06Rp8QK6lRSaVR4JAAogmLzknP5v3RsyvXPLGLWMARstrgoMttrZgZAvN8rfQ44qBEtPTVQw94f51AZIw0VQAVjbCWACagJBSXIfHBH2GrkE8uIBqwQDGMCbBBu0iSQBwpXLHgIAYwECBp8RrfA/ofertasv/?filter[tourOperator]=KOMT&filter%5Bperson%5D=2&filter%5BchildAge%5D%5B1%5D=20201210&filter%5Bchild%5D=1"
"Nubian Island","8899.0","29.10.2026 - 05.11.2026","8 dni/7 nocy","","4.7","4.7","3724","tripadvisor","Warszawa - Modlin","2026-09-07T04:56:19.401466+00:00","https://fly.pl/oferta/egipt-wczasy/?filter[dest]=11:&filter[hotelids]=&filter[cityids]=&filter[cregids]=&filter[ofrType]=&filter[addObjType]=&filter[whenFrom]=10-10-2026&filter[whenTo]=05-11-2026&filter[duration]=7:10&filter[from]=&filter[person]=2&filter[child]=1&filter[price]=0:11000&filter[PriceFrom]=0&filter[PriceTo]=11000&filter[addCategory]=50&filter[addCatering]=1&filter[addMisc]=0&filter[addTransport]=F&filter[fp]=1&order_by=ofr_price&filter[tourOperator]=0&filter[childAge][1]=20201210","https://fly.pl/cdn/photo/assets/uploads/582/278/2014/07/Nubian-Island.jpg","https://fly.pl/wycieczka/egipt,sharm-el-sheikh,c/nubian-island/pKadw6_O-BV3SQQOAghlPOAAogmXkZ8r-ifZrqcOJlSRuASxstrgoMttrZgZAvN8rfQ44qBEtPTVQw94f51AZIw0VQAVjbCWACagJBSXIfHBH1GrkE8-IBqwQDGJicBBuwiCQBgoTMHgIAYwECBtQBrbY/ofertasv/?filter[tourOperator]=KOMT&filter%5Bperson%5D=2&filter%5BchildAge%5D%5B1%5D=20201210&filter%5Bchild%5D=1"
"Naama Bay Promenade Beach Resort","8939.0","28.10.2026 - 04.11.2026","9 dni/7 nocy","","4.2","4.2","1287","tripadvisor","Gdańsk","2026-09-07T04:56:19.401466+00:00","https://fly.pl/oferta/egipt-wczasy/?filter[dest]=11:&filter[hotelids]=&filter[cityids]=&filter[cregids]=&filter[ofrType]=&filter[addObjType]=&filter[whenFrom]=10-10-2026&filter[whenTo]=05-11-2026&filter[duration]=7:10&filter[from]=&filter[person]=2&filter[child]=1&filter[price]=0:11000&filter[PriceFrom]=0&filter[PriceTo]=11000&filter[addCategory]=50&filter[addCatering]=1&filter[addMisc]=0&filter[addTransport]=F&filter[fp]=1&order_by=ofr_price&filter[tourOperator]=0&filter[childAge][1]=20201210","https://fly.pl/cdn/photo/assets/uploads/582/278/2021/07/Naama-Bay-Promenade-Beach-Resort.jpg","https://fly.pl/wycieczka/egipt,sharm-el-sheikh,szarm-el-szejk/naama-bay-promenade-beach-resort-10/piO-r1OdC51IbYj5pOx8gPAAogLyj-vfZI7Mo0Qxg8dPkICHIhrbyPomD2uW-Fwn8rcgYqBE9BU0kw94f51AZI60VQAVjDCWACagNBSWxyIRwRqq8BuQTJqxCrBBIbm7IMGNjbEwGP3ZKpAgIAYwECC8Q3ZnQ/ofertasv/?filter[tourOperator]=OASI&filter%5Bperson%5D=2&filter%5BchildAge%5D%5B1%5D=20201210&filter%5Bchild%5D=1"
"Red Sea Grand Makadi (Makadi Bay)","8966.0","15.10.2026 - 22.10.2026","8 dni/6 nocy","","4.4","4.4","3309","tripadvisor","Katowice","2026-09-07T04:56:19.401466+00:00","https://fly.pl/oferta/egipt-wczasy/?filter[dest]=11:&filter[hotelids]=&filter[cityids]=&filter[cregids]=&filter[ofrType]=&filter[addObjType]=&filter[whenFrom]=10-10-2026&filter[whenTo]=05-11-2026&filter[duration]=7:10&filter[from]=&filter[person]=2&filter[child]=1&filter[price]=0:11000&filter[PriceFrom]=0&filter[PriceTo]=11000&filter[addCategory]=50&filter[addCatering]=1&filter[addMisc]=0&filter[addTransport]=F&filter[fp]=1&order_by=ofr_price&filter[tourOperator]=0&filter[childAge][1]=20201210","https://fly.pl/cdn/photo/assets/uploads/582/278/2017/08/Grand-Makadi-Makadi-Bay-fly-pl-2.jpg","https://fly.pl/wycieczka/egipt,hurghada,makadi-bay/grand-makadi-makadi-bay/p7EAsxqasK_Kt3RoGyo70LAAoggKRBt6njz1joHAcejfvuMIbyV7bYFyIfHmV32_hhb9wqA0VUSTD3h_nUBkiGRlBBWIsHYAJyMRUGFwFcA1gFVgJA-wdbw4UBU50mUgBLiB9hAF6nMA38zdIJIAFRyt699gMCEmMBAgqSWnkg/ofertasv/?filter[tourOperator]=ETI&filter%5Bperson%5D=2&filter%5BchildAge%5D%5B1%5D=20201210&filter%5Bchild%5D=1"
"True Beach Resort","8973.0","17.10.2026 - 24.10.2026","8 dni/7 nocy","","4.3","4.3","149","tripadvisor","Katowice","2026-09-07T04:56:19.401466+00:00","https://fly.pl/oferta/egipt-wczasy/?filter[dest]=11:&filter[hotelids]=&filter[cityids]=&filter[cregids]=&filter[ofrType]=&filter[addObjType]=&filter[whenFrom]=10-10-2026&filter[whenTo]=05-11-2026&filter[duration]=7:10&filter[from]=&filter[person]=2&filter[child]=1&filter[price]=0:11000&filter[PriceFrom]=0&filter[PriceTo]=11000&filter[addCategory]=50&filter[addCatering]=1&filter[addMisc]=0&filter[addTransport]=F&filter[fp]=1&order_by=ofr_price&filter[tourOperator]=0&filter[childAge][1]=20201210","https://fly.pl/cdn/photo/assets/uploads/582/278/2014/09/True-Beach-Resort.jpg","https://fly.pl/wycieczka/egipt,marsa-alam,c/laguna-beach-marsa-alam/pi-gCAImQfioliP-CYC4mGAAogJJU9OfTw6aO_XPL_KvITigAAAACFrQQAaK0EAAcAAQAqBFdFWlkw94f51AZIjUZQQVi7B2ADaghXaXp6IEFpcmoEMDYwMHJBngGTAR8AAgEcABYEFwIS1gQUgwQVUBjPAkCidUvTUVAAEe4ZTPUqTwAgkcMQHR0by9xjDcmZ3ggBEmMBDGMBAgXCgJ2M/ofertasv/?filter[tourOperator]=WEZY&filter%5Bperson%5D=2&filter%5BchildAge%5D%5B1%5D=20201210&filter%5Bchild%5D=1"
"Charmillion Club Aqua Park","8987.0","27.10.2026 - 03.11.2026","8 dni/7 nocy","","4.6","4.6","4381","tripadvisor","Katowice","2026-09-07T04:56:19.401466+00:00","https://fly.pl/oferta/egipt-wczasy/?filter[dest]=11:&filter[hotelids]=&filter[cityids]=&filter[cregids]=&filter[ofrType]=&filter[addObjType]=&filter[whenFrom]=10-10-2026&filter[whenTo]=05-11-2026&filter[duration]=7:10&filter[from]=&filter[person]=2&filter[child]=1&filter[price]=0:11000&filter[PriceFrom]=0&filter[PriceTo]=11000&filter[addCategory]=50&filter[addCatering]=1&filter[addMisc]=0&filter[addTransport]=F&filter[fp]=1&order_by=ofr_price&filter[tourOperator]=0&filter[childAge][1]=20201210","https://fly.pl/cdn/photo/assets/uploads/582/278/2014/07/Charmillion-Club-Aqua-Park.jpg","https://fly.pl/wycieczka/egipt,sharm-el-sheikh,szarm-el-szejk/sea-club-aqua-park/pqQOhA24qzB4vo61DKxVhEAAogv47aQFzKleo4BmQRilBzBHb6-M-63DqmxRqPbNTEi2wqBE9SRVgw-Yf51AZIm0ZQQVirCWACagVFLjIuMXI2mwEVBxcAXANYBVYCQMoGEaINXcELTyRLkrMBYQBepzBSpiBTAEyssDoNtv2XCSAAAhJjAQIMGorD3w/ofertasv/?filter[tourOperator]=OREX&filter%5Bperson%5D=2&filter%5BchildAge%5D%5B1%5D=20201210&filter%5Bchild%5D=1"
"Jaz Makadi Oasis Resort","9097.0","29.10.2026 - 05.11.2026","9 dni/7 nocy","","4.7","4.7","5349","tripadvisor","Wrocław","2026-09-07T04:56:19.401466+00:00","https://fly.pl/oferta/egipt-wczasy/?filter[dest]=11:&filter[hotelids]=&filter[cityids]=&filter[cregids]=&filter[ofrType]=&filter[addObjType]=&filter[whenFrom]=10-10-2026&filter[whenTo]=05-11-2026&filter[duration]=7:10&filter[from]=&filter[person]=2&filter[child]=1&filter[price]=0:11000&filter[PriceFrom]=0&filter[PriceTo]=11000&filter[addCategory]=50&filter[addCatering]=1&filter[addMisc]=0&filter[addTransport]=F&filter[fp]=1&order_by=ofr_price&filter[tourOperator]=0&filter[childAge][1]=20201210","https://fly.pl/cdn/photo/assets/uploads/582/278/2015/04/Jaz-Makadi-Oasis.jpg","https://fly.pl/wycieczka/egipt,hurghada,makadi-bay/iberotel-makadi-club-oasis/pj95bvjUE6-LDXx-LZvz7FAAogpiHj9S9Aapc7qf8ZntQZC8LTmCcaLBzG7MsO9giG0TQqBEVYSU0w-Yf51AZIiUdQAVjbCWADagJBSXIkHBG__wa5BN6nS6sEXRvNqUAY0NpHAa2RiKwNARJjAQxjAQILWrifQA/ofertasv/?filter[tourOperator]=EXIM&filter%5Bperson%5D=2&filter%5BchildAge%5D%5B1%5D=20201210&filter%5Bchild%5D=1"
"Domina Coral Bay Bella Vista","9123.0","13.10.2026 - 20.10.2026","8 dni/7 nocy","","4.2","4.2","12412","tripadvisor","Katowice","2026-09-07T04:56:19.401466+00:00","https://fly.pl/oferta/egipt-wczasy/?filter[dest]=11:&filter[hotelids]=&filter[cityids]=&filter[cregids]=&filter[ofrType]=&filter[addObjType]=&filter[whenFrom]=10-10-2026&filter[whenTo]=05-11-2026&filter[duration]=7:10&filter[from]=&filter[person]=2&filter[child]=1&filter[price]=0:11000&filter[PriceFrom]=0&filter[PriceTo]=11000&filter[addCategory]=50&filter[addCatering]=1&filter[addMisc]=0&filter[addTransport]=F&filter[fp]=1&order_by=ofr_price&filter[tourOperator]=0&filter[childAge][1]=20201210","https://fly.pl/cdn/photo/assets/uploads/582/278/2024/07/domina-coral-bay-bellavista.jpg","https://fly.pl/wycieczka/egipt,sharm-el-sheikh,szarm-el-szejk/domina-coral-bay-bellavista-12/paVaMvi7z5Lj1pHRhIeWwNAAogLU3oae3uK0lMMsUQWUBaeVATkd0Et3pHZ-B5Uah2j-0qBEpPSVAw-Yf51AZIo0dQQVjbBmACagMxMnFyQ5sBFAEVBhcAXANYBVYCQMoGT-IBXQBLt8oBYQBepzBSpiBTABH0pgFMuIk5Daj9lwkgAAGesezIpYnMoDACDWMBAAylHXue/ofertasv/?filter[tourOperator]=JOIP&filter%5Bperson%5D=2&filter%5BchildAge%5D%5B1%5D=20201210&filter%5Bchild%5D=1"
"Continental (ex Movenpick Resort)","9124.0","25.10.2026 - 01.11.2026","8 dni/7 nocy","","4.5","4.5","4163","tripadvisor","Wrocław","2026-09-07T04:56:19.401466+00:00","https://fly.pl/oferta/egipt-wczasy/?filter[dest]=11:&filter[hotelids]=&filter[cityids]=&filter[cregids]=&filter[ofrType]=&filter[addObjType]=&filter[whenFrom]=10-10-2026&filter[whenTo]=05-11-2026&filter[duration]=7:10&filter[from]=&filter[person]=2&filter[child]=1&filter[price]=0:11000&filter[PriceFrom]=0&filter[PriceTo]=11000&filter[addCategory]=50&filter[addCatering]=1&filter[addMisc]=0&filter[addTransport]=F&filter[fp]=1&order_by=ofr_price&filter[tourOperator]=0&filter[childAge][1]=20201210","https://fly.pl/cdn/photo/assets/uploads/582/278/2014/09/Continental-Resort.jpg","https://fly.pl/wycieczka/egipt,hurghada,c/movenpick-resort-hurghada-ex-continental-resort/pwSPUmUoIktPhiMRsnCltMAAogiLkqGXi5_5f9DkNbllmv1JIDGsIF8IwQR8cbEu5XohYqBE9BU0kw-Yf51AZIpEdQAVj7CGACagNBSWxyIBwRxnarBOyoELkEGxuh1w8YyZoTAZmkjqsCAgBjAQQLt4hS0A/ofertasv/?filter[tourOperator]=OASI&filter%5Bperson%5D=2&filter%5BchildAge%5D%5B1%5D=20201210&filter%5Bchild%5D=1"
"Charmillion Garden Aqua Park","9165.0","13.10.2026 - 20.10.2026","8 dni/7 nocy","","4.6","4.6","2256","tripadvisor","Katowice","2026-09-07T04:56:19.401466+00:00","https://fly.pl/oferta/egipt-wczasy/?filter[dest]=11:&filter[hotelids]=&filter[cityids]=&filter[cregids]=&filter[ofrType]=&filter[addObjType]=&filter[whenFrom]=10-10-2026&filter[whenTo]=05-11-2026&filter[duration]=7:10&filter[from]=&filter[person]=2&filter[child]=1&filter[price]=0:11000&filter[PriceFrom]=0&filter[PriceTo]=11000&filter[addCategory]=50&filter[addCatering]=1&filter[addMisc]=0&filter[addTransport]=F&filter[fp]=1&order_by=ofr_price&filter[tourOperator]=0&filter[childAge][1]=20201210","https://fly.pl/cdn/photo/assets/uploads/582/278/2014/07/Charmillion-Gardens-Aqua-Park-ex.-Sea-Garden.jpg","https://fly.pl/wycieczka/egipt,sharm-el-sheikh,nabq-bay/sea-gardens-sharm-el-sheikh/pLVaymP7u9FMbZpvy4X7J5AAogA7hRjPp8HmZ0WMqAFBf05lATkd0Et3pHZ-B5Uah2j-0qBEpPSVAw-Yf51AZIzUdQQVjbBmACagMwbkhyQpsBFAEVBhcAXANYBVYCQMoGT-IBXQARoMYBS5cEYQBepzBSpiBTAEyssDoNqP2XCSAAAcC_iND0iMygMAINYwEADBaPozY/ofertasv/?filter[tourOperator]=JOIP&filter%5Bperson%5D=2&filter%5BchildAge%5D%5B1%5D=20201210&filter%5Bchild%5D=1"
"Concorde Sport","9175.0","13.10.2026 - 20.10.2026","8 dni/7 nocy","","","","","","Katowice","2026-09-07T04:56:19.401466+00:00","https://fly.pl/oferta/egipt-wczasy/?filter[dest]=11:&filter[hotelids]=&filter[cityids]=&filter[cregids]=&filter[ofrType]=&filter[addObjType]=&filter[whenFrom]=10-10-2026&filter[whenTo]=05-11-2026&filter[duration]=7:10&filter[from]=&filter[person]=2&filter[child]=1&filter[price]=0:11000&filter[PriceFrom]=0&filter[PriceTo]=11000&filter[addCategory]=50&filter[addCatering]=1&filter[addMisc]=0&filter[addTransport]=F&filter[fp]=1&order_by=ofr_price&filter[tourOperator]=0&filter[childAge][1]=20201210","https://fly.pl/cdn/photo/assets/uploads/582/278/2017/08/Concorde-Sport-fly-pl-4.jpg","https://fly.pl/wycieczka/egipt,sharm-el-sheikh,szarm-el-szejk/concorde-sport/pVPhN3W_jgJ-3jImhSUGB1AAogYNf8YLxAxJwCsAh9IFUxBlATkd0Et3pHZ-B5Uah2j-0qBEpPSVAw-Yf51AZI10dQQVjbBmACagNDR21yQpsBFAEVBhcAXANYBVYCQMoGT-IBXQBLt8oBYQBepzBSpiBTABGaA0ySrToNqP2XCSAAAcHBxIC0icygMAINYwEACwHbj6s/ofertasv/?filter[tourOperator]=JOIP&filter%5Bperson%5D=2&filter%5BchildAge%5D%5B1%5D=20201210&filter%5Bchild%5D=1"
"Pickalbatros Royal Moderna","9179.0","28.10.2026 - 04.11.2026","9 dni/7 nocy","","4.5","4.5","10698","tripadvisor","Gdańsk","2026-09-07T04:56:19.401466+00:00","https://fly.pl/oferta/egipt-wczasy/?filter[dest]=11:&filter[hotelids]=&filter[cityids]=&filter[cregids]=&filter[ofrType]=&filter[addObjType]=&filter[whenFrom]=10-10-2026&filter[whenTo]=05-11-2026&filter[duration]=7:10&filter[from]=&filter[person]=2&filter[child]=1&filter[price]=0:11000&filter[PriceFrom]=0&filter[PriceTo]=11000&filter[addCategory]=50&filter[addCatering]=1&filter[addMisc]=0&filter[addTransport]=F&filter[fp]=1&order_by=ofr_price&filter[tourOperator]=0&filter[childAge][1]=20201210","https://fly.pl/cdn/photo/assets/uploads/582/278/2009/08/Royal-Albatros-Moderna1708.jpg","https://fly.pl/wycieczka/egipt,sharm-el-sheikh,c/royal-albatros-moderna/pC5BpASoZ7e1Yg6jeysx98AAogyboKoNYUg5VL_GpUSOMgWnIhrbyPomD2uW-Fwn8rcgYqBE9BU0kw-Yf51AZI20dQAVjDCWACagNBSWxyIRwR168BuQScqxCrBBIb5P8OGNuAEwGi8NKqAgIAYwECDC-LyX0/ofertasv/?filter[tourOperator]=OASI&filter%5Bperson%5D=2&filter%5BchildAge%5D%5B1%5D=20201210&filter%5Bchild%5D=1"
"V Hotel Sharm","9220.0","25.10.2026 - 01.11.2026","8 dni/7 nocy","","4.2","4.2","2108","tripadvisor","Katowice","2026-09-07T04:56:19.401466+00:00","https://fly.pl/oferta/egipt-wczasy/?filter[dest]=11:&filter[hotelids]=&filter[cityids]=&filter[cregids]=&filter[ofrType]=&filter[addObjType]=&filter[whenFrom]=10-10-2026&filter[whenTo]=05-11-2026&filter[duration]=7:10&filter[from]=&filter[person]=2&filter[child]=1&filter[price]=0:11000&filter[PriceFrom]=0&filter[PriceTo]=11000&filter[addCategory]=50&filter[addCatering]=1&filter[addMisc]=0&filter[addTransport]=F&filter[fp]=1&order_by=ofr_price&filter[tourOperator]=0&filter[childAge][1]=20201210","https://fly.pl/cdn/photo/assets/uploads/582/278/2017/08/Pyramisa-Beach-Resort.jpg","https://fly.pl/wycieczka/egipt,sharm-el-sheikh,szarm-el-szejk/dessole-pyramisa-egipt-sharm-el-sheikh-egipt/pcNNjE4gy-JHB4Fn0ePLsIAAogmI1RKUwJn9V8nWNmA3gVlv-8lKSM_XY3X6eU8q1GIdEqBE9BU0kw-Yf51AZIhEhQAVj7CGACagNBSWxyIRwR7a8BqwSqqxC5BCsb7IIMGOaQFAHVz5upAgIAYwECCwfQ3I4/ofertasv/?filter[tourOperator]=OASI&filter%5Bperson%5D=2&filter%5BchildAge%5D%5B1%5D=20201210&filter%5Bchild%5D=1"
"Ancient Sands Golf Resort","9252.0","29.10.2026 - 05.11.2026","8 dni/7 nocy","","4.8","4.8","3352","tripadvisor","Warszawa","2026-09-07T04:56:19.401466+00:00","https://fly.pl/oferta/egipt-wczasy/?filter[dest]=11:&filter[hotelids]=&filter[cityids]=&filter[cregids]=&filter[ofrType]=&filter[addObjType]=&filter[whenFrom]=10-10-2026&filter[whenTo]=05-11-2026&filter[duration]=7:10&filter[from]=&filter[person]=2&filter[child]=1&filter[price]=0:11000&filter[PriceFrom]=0&filter[PriceTo]=11000&filter[addCategory]=50&filter[addCatering]=1&filter[addMisc]=0&filter[addTransport]=F&filter[fp]=1&order_by=ofr_price&filter[tourOperator]=0&filter[childAge][1]=20201210","https://fly.pl/cdn/photo/assets/uploads/582/278/2019/05/Ancient-Sands-Golf-Resort.jpg","https://fly.pl/wycieczka/egipt,hurghada,al-dzuna/ancient-sands-el-gouna/pD3hEk8TRqMmLmilCcJwH-AAogOKRy10QYgWXTirqo4cHeThLqCxxQb8S86Hh0k4aD-ioqBE9SRVgw-Yf51AZIpEhQQVjbCWACagVZLjIuMXI1mwEVBxcAXANYBVYCEQVAxQZdmw9PJFPSnQFSAF6vT0vtQ2EATOWMOiC4_ZcJDQACEmMBAgwF9CT3/ofertasv/?filter[tourOperator]=OREX&filter%5Bperson%5D=2&filter%5BchildAge%5D%5B1%5D=20201210&filter%5Bchild%5D=1"
"Fantazia Resort","9261.0","21.10.2026 - 28.10.2026","8 dni/7 nocy","","4.4","4.4","5979","tripadvisor","Katowice","2026-09-07T04:56:19.401466+00:00","https://fly.pl/oferta/egipt-wczasy/?filter[dest]=11:&filter[hotelids]=&filter[cityids]=&filter[cregids]=&filter[ofrType]=&filter[addObjType]=&filter[whenFrom]=10-10-2026&filter[whenTo]=05-11-2026&filter[duration]=7:10&filter[from]=&filter[person]=2&filter[child]=1&filter[price]=0:11000&filter[PriceFrom]=0&filter[PriceTo]=11000&filter[addCategory]=50&filter[addCatering]=1&filter[addMisc]=0&filter[addTransport]=F&filter[fp]=1&order_by=ofr_price&filter[tourOperator]=0&filter[childAge][1]=20201210","https://fly.pl/cdn/photo/assets/uploads/582/278/2016/11/Fantazia-Resort.jpg","https://fly.pl/wycieczka/egipt,marsa-alam,c/fantazia-resort/p3yRADzDTbCupUWJgQNQ1OAAogcVbi6MAzN4F2O-ADYf2Th6HYx8dHtHpw8fXuNNDPihYqBE9SRVgw-Yf51AZIrUhQQVibCGACagZEUS4yLjFyNpsBFQcXAFwDWAVWAkDKBhG0C13PGE8kS_KnAWEAXqcwUrwUUwBMlrw6DbD9lwkgAAISYwECDRUcS-Q/ofertasv/?filter[tourOperator]=OREX&filter%5Bperson%5D=2&filter%5BchildAge%5D%5B1%5D=20201210&filter%5Bchild%5D=1"
"Akassia Swiss Resort (ex. Calimera Club Akassia Swiss Resort)","9265.0","27.10.2026 - 03.11.2026","8 dni/7 nocy","","4.6","4.6","2597","tripadvisor","Łódź","2026-09-07T04:56:19.401466+00:00","https://fly.pl/oferta/egipt-wczasy/?filter[dest]=11:&filter[hotelids]=&filter[cityids]=&filter[cregids]=&filter[ofrType]=&filter[addObjType]=&filter[whenFrom]=10-10-2026&filter[whenTo]=05-11-2026&filter[duration]=7:10&filter[from]=&filter[person]=2&filter[child]=1&filter[price]=0:11000&filter[PriceFrom]=0&filter[PriceTo]=11000&filter[addCategory]=50&filter[addCatering]=1&filter[addMisc]=0&filter[addTransport]=F&filter[fp]=1&order_by=ofr_price&filter[tourOperator]=0&filter[childAge][1]=20201210","https://fly.pl/cdn/photo/assets/uploads/582/278/2014/09/Akassia-Swiss-Resort.jpg","https://fly.pl/wycieczka/egipt,marsa-alam,c/calimera-club-akassia-swiss-resort/plMSXJ_1w7BPLRrHiB3ZOsAAogFfIFvKqaXuHVUM7GtcXPeQAAAABxqAQAK7cEAAcAAQAqBFdFWlkw-Yf51AZIsUhQQVirCWADaglFbnRlciBBaXJqBDAwMDBqBDAwMDByQp4BlQGYAR8AAgEcABYEFwIS6wIT_ggUvAURyB9ArVBL8lZQAEzEP08AHZq5ECC6HRuBsgQN97C9CQESYwEMYwECBfFNxIQ/ofertasv/?filter[tourOperator]=WEZY&filter%5Bperson%5D=2&filter%5BchildAge%5D%5B1%5D=20201210&filter%5Bchild%5D=1"
"Pickalbatros Palace Resort","9287.0","27.10.2026 - 03.11.2026","9 dni/7 nocy","","4.5","4.5","935","tripadvisor","Warszawa - Modlin","2026-09-07T04:56:19.401466+00:00","https://fly.pl/oferta/egipt-wczasy/?filter[dest]=11:&filter[hotelids]=&filter[cityids]=&filter[cregids]=&filter[ofrType]=&filter[addObjType]=&filter[whenFrom]=10-10-2026&filter[whenTo]=05-11-2026&filter[duration]=7:10&filter[from]=&filter[person]=2&filter[child]=1&filter[price]=0:11000&filter[PriceFrom]=0&filter[PriceTo]=11000&filter[addCategory]=50&filter[addCatering]=1&filter[addMisc]=0&filter[addTransport]=F&filter[fp]=1&order_by=ofr_price&filter[tourOperator]=0&filter[childAge][1]=20201210","https://fly.pl/cdn/photo/assets/uploads/582/278/2014/09/Albatros-Palace-fly-pl-4.jpg","https://fly.pl/wycieczka/egipt,hurghada,c/albatros-palace/pFky8kruevscnZ1E1MT_pOAAogRdaG-wzKfm9Vgz9BqB-GZJeMXePUQkpobZ-BQI6-nbQqBEVYSU0w-Yf51AZIx0hQAVirCWACagJBSXIhHBGk-AarBJ2wS7kERRuw-zcYgKJTAZ7_-MYNAgBjAQIMvNBtaA/ofertasv/?filter[tourOperator]=EXIM&filter%5Bperson%5D=2&filter%5BchildAge%5D%5B1%5D=20201210&filter%5Bchild%5D=1"
"Sataya Resort (ex. Labranda Sataya Marsa Alam)","9297.0","17.10.2026 - 25.10.2026","9 dni/7 nocy","","4.7","4.7","4175","tripadvisor","Katowice","2026-09-07T04:56:19.401466+00:00","https://fly.pl/oferta/egipt-wczasy/?filter[dest]=11:&filter[hotelids]=&filter[cityids]=&filter[cregids]=&filter[ofrType]=&filter[addObjType]=&filter[whenFrom]=10-10-2026&filter[whenTo]=05-11-2026&filter[duration]=7:10&filter[from]=&filter[person]=2&filter[child]=1&filter[price]=0:11000&filter[PriceFrom]=0&filter[PriceTo]=11000&filter[addCategory]=50&filter[addCatering]=1&filter[addMisc]=0&filter[addTransport]=F&filter[fp]=1&order_by=ofr_price&filter[tourOperator]=0&filter[childAge][1]=20201210","https://fly.pl/cdn/photo/assets/uploads/582/278/2019/09/Sataya-Resort-Marsa-Alam.jpg","https://fly.pl/wycieczka/egipt,marsa-alam,c/labranda-sataya-marsa-alam-9/pGvrbSpYfS-Baa9lWqSMaMAAogw7M5bPSVcY1ogP4r2mq74XIC6Xp2rWkPkKSRrZeiijUqBFZJVFgw-Yf51AZI0UhQQVi7B2ACckAaABUHFwBcA1gFQI8DW6eGAWGvSUsAXqcwUrwUUwBMoOQ5DaLVmAkgAV2l65HsqAFPlNqZijdR66IVAg1jAQIMnHbrew/ofertasv/?filter[tourOperator]=VITX&filter%5Bperson%5D=2&filter%5BchildAge%5D%5B1%5D=20201210&filter%5Bchild%5D=1"
"Pickalbatros Citadel Sahl Hasheesh (ex. Citadel Azur Resort)","9307.0","27.10.2026 - 03.11.2026","9 dni/7 nocy","","4.5","4.5","4859","tripadvisor","Warszawa - Modlin","2026-09-07T04:56:19.401466+00:00","https://fly.pl/oferta/egipt-wczasy/?filter[dest]=11:&filter[hotelids]=&filter[cityids]=&filter[cregids]=&filter[ofrType]=&filter[addObjType]=&filter[whenFrom]=10-10-2026&filter[whenTo]=05-11-2026&filter[duration]=7:10&filter[from]=&filter[person]=2&filter[child]=1&filter[price]=0:11000&filter[PriceFrom]=0&filter[PriceTo]=11000&filter[addCategory]=50&filter[addCatering]=1&filter[addMisc]=0&filter[addTransport]=F&filter[fp]=1&order_by=ofr_price&filter[tourOperator]=0&filter[childAge][1]=20201210","https://fly.pl/cdn/photo/assets/uploads/582/278/2014/07/Albatros-Citadel-Sahl-Hasheesh-ex.-Citadel-Azur-Resort-fly-pl.jpg","https://fly.pl/wycieczka/egipt,hurghada,c/citadel-azur-resort/py22Eg7ZZGTmzenKxK0qQCAAogzbLC0laPuFAL-WtZgzTNlZeMXePUQkpobZ-BQI6-nbQqBEVYSU0w-Yf51AZI20hQAVirCWACagJBSXIhHBGh-AarBKCwS7kERRuM-zcYjKNTAdO7_MYNAgBjAQIMuD3-Mg/ofertasv/?filter[tourOperator]=EXIM&filter%5Bperson%5D=2&filter%5BchildAge%5D%5B1%5D=20201210&filter%5Bchild%5D=1"
"The V Luxury Resort","9365.0","29.10.2026 - 05.11.2026","8 dni/7 nocy","","4.4","4.4","1029","tripadvisor","Warszawa","2026-09-07T04:56:19.401466+00:00","https://fly.pl/oferta/egipt-wczasy/?filter[dest]=11:&filter[hotelids]=&filter[cityids]=&filter[cregids]=&filter[ofrType]=&filter[addObjType]=&filter[whenFrom]=10-10-2026&filter[whenTo]=05-11-2026&filter[duration]=7:10&filter[from]=&filter[person]=2&filter[child]=1&filter[price]=0:11000&filter[PriceFrom]=0&filter[PriceTo]=11000&filter[addCategory]=50&filter[addCatering]=1&filter[addMisc]=0&filter[addTransport]=F&filter[fp]=1&order_by=ofr_price&filter[tourOperator]=0&filter[childAge][1]=20201210","https://datacfstatic.merlinx.pl/OREX/IMG/3068/81c0ea0627efd6ab9706558c934de376be3a32d51491e8172766c62f9015303c.webp","https://fly.pl/wycieczka/egipt,hurghada,sahl-hasheesh/the-v-luxury-resort-13/pPVEp29PBDFf8DdA1qyjfQAAogSp__cdTc51eLLYRAOk91IRLqCxxQb8S86Hh0k4aD-ioqBE9SRVgw-Yf51AZIlUlQQVjbCWACagZaSS4yLjFyNpsBFQcXAFgIVgJcCEDCBl2bD08kEeIBU_CbAVIAXq9PS-1DYQBM5Yw6ILj9lwkNAAISYwECC027NPw/ofertasv/?filter[tourOperator]=OREX&filter%5Bperson%5D=2&filter%5BchildAge%5D%5B1%5D=20201210&filter%5Bchild%5D=1"
"Titanic Palace Resort","9383.0","29.10.2026 - 05.11.2026","8 dni/7 nocy","","4.5","4.5","7349","tripadvisor","Katowice","2026-09-07T04:56:19.401466+00:00","https://fly.pl/oferta/egipt-wczasy/?filter[dest]=11:&filter[hotelids]=&filter[cityids]=&filter[cregids]=&filter[ofrType]=&filter[addObjType]=&filter[whenFrom]=10-10-2026&filter[whenTo]=05-11-2026&filter[duration]=7:10&filter[from]=&filter[person]=2&filter[child]=1&filter[price]=0:11000&filter[PriceFrom]=0&filter[PriceTo]=11000&filter[addCategory]=50&filter[addCatering]=1&filter[addMisc]=0&filter[addTransport]=F&filter[fp]=1&order_by=ofr_price&filter[tourOperator]=0&filter[childAge][1]=20201210","https://fly.pl/cdn/photo/assets/uploads/582/278/2014/07/Titanic-Palace-Resort.jpg","https://fly.pl/wycieczka/egipt,hurghada,c/titanic-palace-2/pA0_G1Xb8yv8ZmYDsCdoj3AAogO5ff-oZL3YVsQO5XJnEBGwAAAACBhwQAHroEAAcAAAAqBFdFWlkw-Yf51AZIp0lQQVjbCWADaglFbnRlciBBaXJqBDAwMTVqBDAwMDBqBDAwMDByQZ4BlAGVAZgBHwAcAQIAFgAXBhG9ARKZAxPvCEDVc0zLMk8AS4gfUAAdjbwQIJ1lG9v5Yw2s490IARJjAQxjAQIFobBZow/ofertasv/?filter[tourOperator]=WEZY&filter%5Bperson%5D=2&filter%5BchildAge%5D%5B1%5D=20201210&filter%5Bchild%5D=1"
"Tropitel Sahl Hasheesh","9410.0","29.10.2026 - 05.11.2026","8 dni/7 nocy","","4.7","4.7","10222","tripadvisor","Katowice","2026-09-07T04:56:19.401466+00:00","https://fly.pl/oferta/egipt-wczasy/?filter[dest]=11:&filter[hotelids]=&filter[cityids]=&filter[cregids]=&filter[ofrType]=&filter[addObjType]=&filter[whenFrom]=10-10-2026&filter[whenTo]=05-11-2026&filter[duration]=7:10&filter[from]=&filter[person]=2&filter[child]=1&filter[price]=0:11000&filter[PriceFrom]=0&filter[PriceTo]=11000&filter[addCategory]=50&filter[addCatering]=1&filter[addMisc]=0&filter[addTransport]=F&filter[fp]=1&order_by=ofr_price&filter[tourOperator]=0&filter[childAge][1]=20201210","https://fly.pl/cdn/photo/assets/uploads/582/278/2014/10/Tropitel-Sahl-Hasheesh.jpg","https://fly.pl/wycieczka/egipt,hurghada,c/tropitel-sahl-hasheesh/poiGtw9oreaDPgkLzt4gCYAAogd_pXy-1qaBTv2dVYcKaSNT6X2l5diRdIrf_KEmAYZzwqBFJOQlcw-Yf51AZIwklQQVjbCWACagRCd2Nkag1BTExfSU5DTFVTSVZFaiYxNiwyMzQsMjgzLDI5NiwzODAsMzg4LDQ3Nyw0ODMsNDg0LDQ4NXI7nwGWAZ4BFQcXAFgICtABQPgFEcQBGalTEMMLTNsqU4ohUgBLiB9hAB2M6UAPOSDslJIJDQACDGMBAgUUeDJT/ofertasv/?filter[tourOperator]=RNBW&filter%5Bperson%5D=2&filter%5BchildAge%5D%5B1%5D=20201210&filter%5Bchild%5D=1"
"Steigenberger Aqua Magic","9467.0","27.10.2026 - 03.11.2026","9 dni/7 nocy","","4.6","4.6","10361","tripadvisor","Warszawa - Modlin","2026-09-07T04:56:19.401466+00:00","https://fly.pl/oferta/egipt-wczasy/?filter[dest]=11:&filter[hotelids]=&filter[cityids]=&filter[cregids]=&filter[ofrType]=&filter[addObjType]=&filter[whenFrom]=10-10-2026&filter[whenTo]=05-11-2026&filter[duration]=7:10&filter[from]=&filter[person]=2&filter[child]=1&filter[price]=0:11000&filter[PriceFrom]=0&filter[PriceTo]=11000&filter[addCategory]=50&filter[addCatering]=1&filter[addMisc]=0&filter[addTransport]=F&filter[fp]=1&order_by=ofr_price&filter[tourOperator]=0&filter[childAge][1]=20201210","https://fly.pl/cdn/photo/assets/uploads/582/278/2014/09/Steigenberger-Aqua-Magic.jpg","https://fly.pl/wycieczka/egipt,hurghada,c/steigenberger-aqua-magic/ptF8IYPAnikj1wSC3QpxnPAAog5WwAnsMZGKppjUCWmQXP-peMXePUQkpobZ-BQI6-nbQqBEVYSU0w-Yf51AZI-0lQAVirCWACagJBSXIhHBGagAerBKeoS7kERRuT2UAYqshIAfuvobMNAhJjAQIL4WvNRg/ofertasv/?filter[tourOperator]=EXIM&filter%5Bperson%5D=2&filter%5BchildAge%5D%5B1%5D=20201210&filter%5Bchild%5D=1"
"Sirena Beach Resort & Spa","9518.0","21.10.2026 - 28.10.2026","8 dni/7 nocy","","4.7","4.7","466","tripadvisor","Katowice","2026-09-07T04:56:19.401466+00:00","https://fly.pl/oferta/egipt-wczasy/?filter[dest]=11:&filter[hotelids]=&filter[cityids]=&filter[cregids]=&filter[ofrType]=&filter[addObjType]=&filter[whenFrom]=10-10-2026&filter[whenTo]=05-11-2026&filter[duration]=7:10&filter[from]=&filter[person]=2&filter[child]=1&filter[price]=0:11000&filter[PriceFrom]=0&filter[PriceTo]=11000&filter[addCategory]=50&filter[addCatering]=1&filter[addMisc]=0&filter[addTransport]=F&filter[fp]=1&order_by=ofr_price&filter[tourOperator]=0&filter[childAge][1]=20201210","https://datacfstatic.merlinx.pl/OREX/IMG/3216/86c44a9a8004959be2f4ed092ee91d3286d5e121550a04aac54449146091b82b.webp","https://fly.pl/wycieczka/egipt,marsa-alam,al-kusajr/movenpick-sirena-beach-13/pfkG72n924s6fEDXQjpPIKAAogVG-i4pDTkxNhoT4l2VHVn6HYx8dHtHpw8fXuNNDPihYqBE9SRVgw-Yf51AZIrkpQQVibCGACagdHS1guMi4xcjabARUHFwBcA1gFVgJAygYRtRJdzhFPJEvypwFhAF6nMFK8FFMATJa8Og2w_ZcJIAACEmMBAg1m08FQ/ofertasv/?filter[tourOperator]=OREX&filter%5Bperson%5D=2&filter%5BchildAge%5D%5B1%5D=20201210&filter%5Bchild%5D=1"
"Renaissance Golden View Beach Resort by Marriott","9527.0","13.10.2026 - 20.10.2026","8 dni/7 nocy","","4.5","4.5","7216","tripadvisor","Katowice","2026-09-07T04:56:19.401466+00:00","https://fly.pl/oferta/egipt-wczasy/?filter[dest]=11:&filter[hotelids]=&filter[cityids]=&filter[cregids]=&filter[ofrType]=&filter[addObjType]=&filter[whenFrom]=10-10-2026&filter[whenTo]=05-11-2026&filter[duration]=7:10&filter[from]=&filter[person]=2&filter[child]=1&filter[price]=0:11000&filter[PriceFrom]=0&filter[PriceTo]=11000&filter[addCategory]=50&filter[addCatering]=1&filter[addMisc]=0&filter[addTransport]=F&filter[fp]=1&order_by=ofr_price&filter[tourOperator]=0&filter[childAge][1]=20201210","https://fly.pl/cdn/photo/assets/uploads/582/278/2014/07/Renaissance-Golden-View-Beach-Resort.jpg","https://fly.pl/wycieczka/egipt,sharm-el-sheikh,c/renaissance-golden-view-beach/pQMgsKI0I-3RGXKGuzBxnyAAognASfKIY_xRgA6nDyBpKvkTZPnluiPTRbLKmNIwYEcH4qBEVYSU0w-Yf51AZIt0pQAVjbBmACagJBSXIhHBGOyga5BOb2PasEGxvcpjwY3IU-Ac7F6-8KAgBjAQILza_DMw/ofertasv/?filter[tourOperator]=EXIM&filter%5Bperson%5D=2&filter%5BchildAge%5D%5B1%5D=20201210&filter%5Bchild%5D=1"
"Palm Royale Soma Bay","9527.0","29.10.2026 - 05.11.2026","8 dni/7 nocy","","4.7","4.7","7180","tripadvisor","Warszawa","2026-09-07T04:56:19.401466+00:00","https://fly.pl/oferta/egipt-wczasy/?filter[dest]=11:&filter[hotelids]=&filter[cityids]=&filter[cregids]=&filter[ofrType]=&filter[addObjType]=&filter[whenFrom]=10-10-2026&filter[whenTo]=05-11-2026&filter[duration]=7:10&filter[from]=&filter[person]=2&filter[child]=1&filter[price]=0:11000&filter[PriceFrom]=0&filter[PriceTo]=11000&filter[addCategory]=50&filter[addCatering]=1&filter[addMisc]=0&filter[addTransport]=F&filter[fp]=1&order_by=ofr_price&filter[tourOperator]=0&filter[childAge][1]=20201210","https://fly.pl/cdn/photo/assets/uploads/582/278/2014/09/Palm-Royale-Resort-Soma-Bay.jpg","https://fly.pl/wycieczka/egipt,hurghada,soma-bay/palm-royale-soma-bay/pjzHYFHoht4VlZ2tIIXqCGAAogFpUJElT_it3OF5WnnrZ1MxLqCxxQb8S86Hh0k4aD-ioqBE9SRVgw-Yf51AZIt0pQQVjbCWACagZFQy4yLjFyNZsBFQcXAFwDWAVWAhEwQJoGXZsPTyRT0p0BUgBer09L7UNhAEzljDoguP2XCQ0AAhJjAQINwSaSjw/ofertasv/?filter[tourOperator]=OREX&filter%5Bperson%5D=2&filter%5BchildAge%5D%5B1%5D=20201210&filter%5Bchild%5D=1"
"Double Tree by Hilton Mangroovy El Gouna Resort","9540.0","29.10.2026 - 05.11.2026","8 dni/7 nocy","","","","","","Warszawa","2026-09-07T04:56:19.401466+00:00","https://fly.pl/oferta/egipt-wczasy/?filter[dest]=11:&filter[hotelids]=&filter[cityids]=&filter[cregids]=&filter[ofrType]=&filter[addObjType]=&filter[whenFrom]=10-10-2026&filter[whenTo]=05-11-2026&filter[duration]=7:10&filter[from]=&filter[person]=2&filter[child]=1&filter[price]=0:11000&filter[PriceFrom]=0&filter[PriceTo]=11000&filter[addCategory]=50&filter[addCatering]=1&filter[addMisc]=0&filter[addTransport]=F&filter[fp]=1&order_by=ofr_price&filter[tourOperator]=0&filter[childAge][1]=20201210","https://datacfstatic.merlinx.pl/OREX/IMG/6513/61970b72b312ea6d0373821b3cb6271ebffe7a152e252532c893aa503ed99358.webp","https://fly.pl/wycieczka/egipt,hurghada,al-dzuna/double-tree-by-hilton-mangroovy-el-gouna-13/pdZ4Rspewj60XHJIOQV2VAAAog2T315cxqL99FtniBsRw5EBLqCxxQb8S86Hh0k4aD-ioqBE9SRVgw-Yf51AZIxEpQQVjbCWACagVYLjIuMXI2mwEVBxcAXANYBVYCQMoGXZsPTyQR1xxT-4ABUgBer09L7UNhAEzljDoguP2XCQ0AAhJjAQIL5vSnEg/ofertasv/?filter[tourOperator]=OREX&filter%5Bperson%5D=2&filter%5BchildAge%5D%5B1%5D=20201210&filter%5Bchild%5D=1"
"Sunrise Select Garden Beach Resort & Spa","9565.0","27.10.2026 - 03.11.2026","9 dni/7 nocy","","4.7","4.7","9739","tripadvisor","Warszawa - Modlin","2026-09-07T04:56:19.401466+00:00","https://fly.pl/oferta/egipt-wczasy/?filter[dest]=11:&filter[hotelids]=&filter[cityids]=&filter[cregids]=&filter[ofrType]=&filter[addObjType]=&filter[whenFrom]=10-10-2026&filter[whenTo]=05-11-2026&filter[duration]=7:10&filter[from]=&filter[person]=2&filter[child]=1&filter[price]=0:11000&filter[PriceFrom]=0&filter[PriceTo]=11000&filter[addCategory]=50&filter[addCatering]=1&filter[addMisc]=0&filter[addTransport]=F&filter[fp]=1&order_by=ofr_price&filter[tourOperator]=0&filter[childAge][1]=20201210","https://fly.pl/cdn/photo/assets/uploads/582/278/2014/09/Sunrise-Garden-Beach-Resort-Spa.jpg","https://fly.pl/wycieczka/egipt,hurghada,c/sunrise-select-garden-beach-resort-spa/pp2CnNqqnQvr5uW2FB2hMqAAog5ej7uMe1JNBPlCQ7ez-h63-RivCO5fCdWQwfiBpU-nUqBE9BU0kw-Yf51AZI3UpQAVirCWACagNBSWxyIRwRr8ABqwS93g-5BEAbtMEPGMeEEwGi4remAgIAYwECC9MW2D0/ofertasv/?filter[tourOperator]=OASI&filter%5Bperson%5D=2&filter%5BchildAge%5D%5B1%5D=20201210&filter%5Bchild%5D=1"
"El Malikia Resort Abu Dabbab (ex.Sol Y Mar)","9633.0","22.10.2026 - 29.10.2026","8 dni/7 nocy","","4.5","4.5","6764","tripadvisor","Katowice","2026-09-07T04:56:19.401466+00:00","https://fly.pl/oferta/egipt-wczasy/?filter[dest]=11:&filter[hotelids]=&filter[cityids]=&filter[cregids]=&filter[ofrType]=&filter[addObjType]=&filter[whenFrom]=10-10-2026&filter[whenTo]=05-11-2026&filter[duration]=7:10&filter[from]=&filter[person]=2&filter[child]=1&filter[price]=0:11000&filter[PriceFrom]=0&filter[PriceTo]=11000&filter[addCategory]=50&filter[addCatering]=1&filter[addMisc]=0&filter[addTransport]=F&filter[fp]=1&order_by=ofr_price&filter[tourOperator]=0&filter[childAge][1]=20201210","https://fly.pl/cdn/photo/assets/uploads/582/278/2016/11/El-Malikia-Resort-Abu-Dabbab-ex.Sol-Y-Mar-fly-pl.jpg","https://fly.pl/wycieczka/egipt,marsa-alam,c/el-malikia-resort-abu-dabbab-ex-sol-y-mar/pcW38tuoqgKWAhE_PIt76LAAogo0q9YG6bVxhicxi1gl8NqYaHhndt-fCFnIyuOdpN4Z8qBFNGUEww-Yf51AZIoUtQQVizCGACciELAxUEIgYSJ1zGAkAuW_cDDf_J1AlR96_kkgYCEmMBAgbzrgG2/ofertasv/?filter[tourOperator]=SFPL&filter%5Bperson%5D=2&filter%5BchildAge%5D%5B1%5D=20201210&filter%5Bchild%5D=1"
"Hilton Plaza (Hurghada)","9644.0","29.10.2026 - 05.11.2026","8 dni/7 nocy","","4.6","4.6","4238","tripadvisor","Warszawa","2026-09-07T04:56:19.401466+00:00","https://fly.pl/oferta/egipt-wczasy/?filter[dest]=11:&filter[hotelids]=&filter[cityids]=&filter[cregids]=&filter[ofrType]=&filter[addObjType]=&filter[whenFrom]=10-10-2026&filter[whenTo]=05-11-2026&filter[duration]=7:10&filter[from]=&filter[person]=2&filter[child]=1&filter[price]=0:11000&filter[PriceFrom]=0&filter[PriceTo]=11000&filter[addCategory]=50&filter[addCatering]=1&filter[addMisc]=0&filter[addTransport]=F&filter[fp]=1&order_by=ofr_price&filter[tourOperator]=0&filter[childAge][1]=20201210","https://fly.pl/cdn/photo/assets/uploads/582/278/2014/10/Hilton-Plaza.jpg","https://fly.pl/wycieczka/egipt,hurghada,c/hilton-plaza-hurghada/pdD_PFIQFppjZlA-OOUG0jAAogDxVZQjh5ZFUMT5h7bfSvjBLqCxxQb8S86Hh0k4aD-ioqBE9SRVgw-Yf51AZIrEtQQVjbCWACagVFLjIuMXI1mwEVBxcAXANYBVYCEVpA8AVdmw9PJFPSnQFSAF6vT0vtQ2EATOWMOiC4_ZcJDQACEmMBAgt0hUEJ/ofertasv/?filter[tourOperator]=OREX&filter%5Bperson%5D=2&filter%5BchildAge%5D%5B1%5D=20201210&filter%5Bchild%5D=1"
"Pickalbatros Laguna Vista Beach","9655.0","28.10.2026 - 04.11.2026","9 dni/7 nocy","","4.0","4.0","3068","tripadvisor","Gdańsk","2026-09-07T04:56:19.401466+00:00","https://fly.pl/oferta/egipt-wczasy/?filter[dest]=11:&filter[hotelids]=&filter[cityids]=&filter[cregids]=&filter[ofrType]=&filter[addObjType]=&filter[whenFrom]=10-10-2026&filter[whenTo]=05-11-2026&filter[duration]=7:10&filter[from]=&filter[person]=2&filter[child]=1&filter[price]=0:11000&filter[PriceFrom]=0&filter[PriceTo]=11000&filter[addCategory]=50&filter[addCatering]=1&filter[addMisc]=0&filter[addTransport]=F&filter[fp]=1&order_by=ofr_price&filter[tourOperator]=0&filter[childAge][1]=20201210","https://fly.pl/cdn/photo/assets/uploads/582/278/2014/07/laguna.jpg","https://fly.pl/wycieczka/egipt,sharm-el-sheikh,c/laguna-vista-beach/pFvxYqUySTK9n0voatWHGhAAogXpXj3GP2dbKL_hXINV-b-nIhrbyPomD2uW-Fwn8rcgYqBE9BU0kw-Yf51AZIt0tQAVjDCWACagNBSWxyIRwRpq8BuQTNqxCrBBIbu4gOGNz9EQG4voWpAgIAYwECDDSfIkY/ofertasv/?filter[tourOperator]=OASI&filter%5Bperson%5D=2&filter%5BchildAge%5D%5B1%5D=20201210&filter%5Bchild%5D=1"
"Serenity Sky Arc","9677.0","15.10.2026 - 22.10.2026","8 dni/7 nocy","","","","","","Wrocław","2026-09-07T04:56:19.401466+00:00","https://fly.pl/oferta/egipt-wczasy/?filter[dest]=11:&filter[hotelids]=&filter[cityids]=&filter[cregids]=&filter[ofrType]=&filter[addObjType]=&filter[whenFrom]=10-10-2026&filter[whenTo]=05-11-2026&filter[duration]=7:10&filter[from]=&filter[person]=2&filter[child]=1&filter[price]=0:11000&filter[PriceFrom]=0&filter[PriceTo]=11000&filter[addCategory]=50&filter[addCatering]=1&filter[addMisc]=0&filter[addTransport]=F&filter[fp]=1&order_by=ofr_price&filter[tourOperator]=0&filter[childAge][1]=20201210","https://datacfstatic.merlinx.pl/EXIM/IMG/105925/cf3c14898a23b0b49569de311369928ab20dff35cd198358119db51d531b20bd.webp","https://fly.pl/wycieczka/egipt,hurghada,sahl-hasheesh/serenity-sky-arc-10/pFVdrc_2KcWbi8Jg_VNdvOAAogoRQq1I1Q1j0U2cxUXIUBBOJkFGC95BV6NPIm-ieal6cqBEVYSU0w-Yf51AZIzUtQAViLB2ACagJBSXIhHBHFuwa5BKuBPqsEHBvm4C8YkNo2AYL9tIsJAgBjAQIG3SRU5g/ofertasv/?filter[tourOperator]=EXIM&filter%5Bperson%5D=2&filter%5BchildAge%5D%5B1%5D=20201210&filter%5Bchild%5D=1"
"Lazuli (Marsa Alam)","9697.0","24.10.2026 - 01.11.2026","9 dni/7 nocy","","4.7","4.7","1084","tripadvisor","Katowice","2026-09-07T04:56:19.401466+00:00","https://fly.pl/oferta/egipt-wczasy/?filter[dest]=11:&filter[hotelids]=&filter[cityids]=&filter[cregids]=&filter[ofrType]=&filter[addObjType]=&filter[whenFrom]=10-10-2026&filter[whenTo]=05-11-2026&filter[duration]=7:10&filter[from]=&filter[person]=2&filter[child]=1&filter[price]=0:11000&filter[PriceFrom]=0&filter[PriceTo]=11000&filter[addCategory]=50&filter[addCatering]=1&filter[addMisc]=0&filter[addTransport]=F&filter[fp]=1&order_by=ofr_price&filter[tourOperator]=0&filter[childAge][1]=20201210","https://fly.pl/cdn/photo/assets/uploads/582/278/2021/06/Lazuli1.jpg","https://fly.pl/wycieczka/egipt,marsa-alam,al-kusajr/lazuli-13/pI89OON6t45D5AXgmEGdiPAAogoxvHCaKyz5Wm-dM75hIKFnCGRH8duBCtonW6q8LaExQqBFZJVFgw-Yf51AZI4UtQQVjjCGACckAaABUHFwBcA1gFQI8DW7-DAWGXTEsAXqcwUrwUUwBMneQ5DazVmAkgAV2e65HsqAFPlNqZijdRl60BAg1jAQIM6mhyDw/ofertasv/?filter[tourOperator]=VITX&filter%5Bperson%5D=2&filter%5BchildAge%5D%5B1%5D=20201210&filter%5Bchild%5D=1"
"Gorgonia Beach","9783.0","20.10.2026 - 27.10.2026","8 dni/7 nocy","","4.5","4.5","3761","tripadvisor","Warszawa","2026-09-07T04:56:19.401466+00:00","https://fly.pl/oferta/egipt-wczasy/?filter[dest]=11:&filter[hotelids]=&filter[cityids]=&filter[cregids]=&filter[ofrType]=&filter[addObjType]=&filter[whenFrom]=10-10-2026&filter[whenTo]=05-11-2026&filter[duration]=7:10&filter[from]=&filter[person]=2&filter[child]=1&filter[price]=0:11000&filter[PriceFrom]=0&filter[PriceTo]=11000&filter[addCategory]=50&filter[addCatering]=1&filter[addMisc]=0&filter[addTransport]=F&filter[fp]=1&order_by=ofr_price&filter[tourOperator]=0&filter[childAge][1]=20201210","https://fly.pl/cdn/photo/assets/uploads/582/278/2016/12/Gorgonia-Beach-Resort.jpg","https://fly.pl/wycieczka/egipt,marsa-alam,c/gorgonia-beach/pQ6DxzLkl2HGeWpUicgX_zAAog9neub51qzm8qFv04mqPBk9ExpNyR8PdMYb0hQMEv2X0qBFNGUEww-Yf51AZIt0xQQViDCGACciMLAhUFIgYSJ1zGAkAuDfTN1AlRy_PjkgZbifjAHwISYwECBrUP2RE/ofertasv/?filter[tourOperator]=SFPL&filter%5Bperson%5D=2&filter%5BchildAge%5D%5B1%5D=20201210&filter%5Bchild%5D=1"
"Safir Dahab Resort","9822.0","15.10.2026 - 22.10.2026","8 dni/7 nocy","","4.5","4.5","1512","tripadvisor","Katowice","2026-09-07T04:56:19.401466+00:00","https://fly.pl/oferta/egipt-wczasy/?filter[dest]=11:&filter[hotelids]=&filter[cityids]=&filter[cregids]=&filter[ofrType]=&filter[addObjType]=&filter[whenFrom]=10-10-2026&filter[whenTo]=05-11-2026&filter[duration]=7:10&filter[from]=&filter[person]=2&filter[child]=1&filter[price]=0:11000&filter[PriceFrom]=0&filter[PriceTo]=11000&filter[addCategory]=50&filter[addCatering]=1&filter[addMisc]=0&filter[addTransport]=F&filter[fp]=1&order_by=ofr_price&filter[tourOperator]=0&filter[childAge][1]=20201210","https://fly.pl/cdn/photo/assets/uploads/582/278/2015/09/Safir-Dahab-Resort.jpg","https://fly.pl/wycieczka/egipt,dahab,c/dahab-resort/pvl7hc2KyQa_V-7P6-pgVNAAog2FIJYsgjhfpHcxUHF8XIzi-LLSocgwQAYNaXOGgbCtIqBEpPSVAw-4f51AZI3kxQQViLB2ACagMwMHdyQpsBFAEVBhcAXANYBVYCQMoGT-IBXQBLt8oBYQBepzARxARS4htTAEyssDoNqv2XCSAAAaKPgPHkiMygMAINYwEACxXLCpM/ofertasv/?filter[tourOperator]=JOIP&filter%5Bperson%5D=2&filter%5BchildAge%5D%5B1%5D=20201210&filter%5Bchild%5D=1"
"Domina Coral Bay Resort","9840.0","24.10.2026 - 31.10.2026","8 dni/7 nocy","","4.2","4.2","12412","tripadvisor","Warszawa","2026-09-07T04:56:19.401466+00:00","https://fly.pl/oferta/egipt-wczasy/?filter[dest]=11:&filter[hotelids]=&filter[cityids]=&filter[cregids]=&filter[ofrType]=&filter[addObjType]=&filter[whenFrom]=10-10-2026&filter[whenTo]=05-11-2026&filter[duration]=7:10&filter[from]=&filter[person]=2&filter[child]=1&filter[price]=0:11000&filter[PriceFrom]=0&filter[PriceTo]=11000&filter[addCategory]=50&filter[addCatering]=1&filter[addMisc]=0&filter[addTransport]=F&filter[fp]=1&order_by=ofr_price&filter[tourOperator]=0&filter[childAge][1]=20201210","https://fly.pl/cdn/photo/assets/uploads/582/278/2014/07/DOMINA.jpg","https://fly.pl/wycieczka/egipt,sharm-el-sheikh,c/domina-coral-bay-resort-sharm-el-sheikh/pAa9wTwaPzfPy7-fxqF2aiAAogNUm0aogpLaPbXoUBKazRwAAAAACbhAQAuIQEAAcAEgAqBFdFWlkw-4f51AZI8ExQQVjjCGADaglFbnRlciBBaXJqBDA4MDByQ54BlQEfAAIBHAAWBBcCEu0DGKEEE7ECFMkEQJJyT6CiAUwAS8cjUAAR50UdrPwOIB0btO0EDbTavQkBEmMBDWMBAwUSCPcP/ofertasv/?filter[tourOperator]=WEZY&filter%5Bperson%5D=2&filter%5BchildAge%5D%5B1%5D=20201210&filter%5Bchild%5D=1"
"Pickalbatros Dana Beach Resort","9847.0","27.10.2026 - 03.11.2026","9 dni/7 nocy","","4.4","4.4","2858","tripadvisor","Warszawa - Modlin","2026-09-07T04:56:19.401466+00:00","https://fly.pl/oferta/egipt-wczasy/?filter[dest]=11:&filter[hotelids]=&filter[cityids]=&filter[cregids]=&filter[ofrType]=&filter[addObjType]=&filter[whenFrom]=10-10-2026&filter[whenTo]=05-11-2026&filter[duration]=7:10&filter[from]=&filter[person]=2&filter[child]=1&filter[price]=0:11000&filter[PriceFrom]=0&filter[PriceTo]=11000&filter[addCategory]=50&filter[addCatering]=1&filter[addMisc]=0&filter[addTransport]=F&filter[fp]=1&order_by=ofr_price&filter[tourOperator]=0&filter[childAge][1]=20201210","https://fly.pl/cdn/photo/assets/uploads/582/278/2014/10/Dana-Beach-Resort-fly-pl-1.jpg","https://fly.pl/wycieczka/egipt,hurghada,c/dana-beach/pcXrWWMM-jgVcgvX5PUcIQAAogGhUe-7e9uaIQqCaDkkKgrpeMXePUQkpobZ-BQI6-nbQqBEVYSU0w-4f51AZI90xQAVirCWACagJBSXIhHBGi-AarBJ-wS7kERRuf-zcY5KFTAYOU9sYNAgBjAQIMY8k2ng/ofertasv/?filter[tourOperator]=EXIM&filter%5Bperson%5D=2&filter%5BchildAge%5D%5B1%5D=20201210&filter%5Bchild%5D=1"
"Coral Sea Holiday Resort","9862.0","15.10.2026 - 22.10.2026","8 dni/7 nocy","","4.5","4.5","10280","tripadvisor","Katowice","2026-09-07T04:56:19.401466+00:00","https://fly.pl/oferta/egipt-wczasy/?filter[dest]=11:&filter[hotelids]=&filter[cityids]=&filter[cregids]=&filter[ofrType]=&filter[addObjType]=&filter[whenFrom]=10-10-2026&filter[whenTo]=05-11-2026&filter[duration]=7:10&filter[from]=&filter[person]=2&filter[child]=1&filter[price]=0:11000&filter[PriceFrom]=0&filter[PriceTo]=11000&filter[addCategory]=50&filter[addCatering]=1&filter[addMisc]=0&filter[addTransport]=F&filter[fp]=1&order_by=ofr_price&filter[tourOperator]=0&filter[childAge][1]=20201210","https://fly.pl/cdn/photo/assets/uploads/582/278/2014/07/Coral-Sea-Holiday-Resort.jpg","https://fly.pl/wycieczka/egipt,sharm-el-sheikh,c/coral-sea-holiday-village/pQ3zkfxh5iumcQzmmZ8035AAogFNwGuo71zQ1MPy9d9_7q_C-LLSocgwQAYNaXOGgbCtIqBEpPSVAw-4f51AZIhk1QQViLB2ACagNDR21yQpsBFAEVBhcAXANYBVYCQMoGT-IBXQBLt8oBYQBepzAR1BNS0gxTAEyssDoNqv2XCSAAAZnNuIClicygMAINYwEADBPA0Fk/ofertasv/?filter[tourOperator]=JOIP&filter%5Bperson%5D=2&filter%5BchildAge%5D%5B1%5D=20201210&filter%5Bchild%5D=1"
"Coral Sea Water World Resort","9871.0","15.10.2026 - 22.10.2026","8 dni/7 nocy","","4.5","4.5","9373","tripadvisor","Katowice","2026-09-07T04:56:19.401466+00:00","https://fly.pl/oferta/egipt-wczasy/?filter[dest]=11:&filter[hotelids]=&filter[cityids]=&filter[cregids]=&filter[ofrType]=&filter[addObjType]=&filter[whenFrom]=10-10-2026&filter[whenTo]=05-11-2026&filter[duration]=7:10&filter[from]=&filter[person]=2&filter[child]=1&filter[price]=0:11000&filter[PriceFrom]=0&filter[PriceTo]=11000&filter[addCategory]=50&filter[addCatering]=1&filter[addMisc]=0&filter[addTransport]=F&filter[fp]=1&order_by=ofr_price&filter[tourOperator]=0&filter[childAge][1]=20201210","https://fly.pl/cdn/photo/assets/uploads/582/278/2014/07/Coral-Sea-Waterworld.jpg","https://fly.pl/wycieczka/egipt,sharm-el-sheikh,c/coral-sea-water-world/pBpf1gEjWZwvAqCb_oskIvAAogiwVAr_uHQ-nksYc1IaRWSS-LLSocgwQAYNaXOGgbCtIqBEpPSVAw-4f51AZIj01QQViLB2ACagMxMm9yQpsBFAEVBhcAXANYBVYCQMoGT-IBXQBLt8oBYQBepzAR1RNS0QxTAEyssDoNqv2XCSAAAbjf1JClicygMAINYwEADD8ohXk/ofertasv/?filter[tourOperator]=JOIP&filter%5Bperson%5D=2&filter%5BchildAge%5D%5B1%5D=20201210&filter%5Bchild%5D=1"
"Reef Oasis Suakin Resort","9897.0","13.10.2026 - 20.10.2026","8 dni/7 nocy","","4.8","4.8","1420","tripadvisor","Katowice","2026-09-07T04:56:19.401466+00:00","https://fly.pl/oferta/egipt-wczasy/?filter[dest]=11:&filter[hotelids]=&filter[cityids]=&filter[cregids]=&filter[ofrType]=&filter[addObjType]=&filter[whenFrom]=10-10-2026&filter[whenTo]=05-11-2026&filter[duration]=7:10&filter[from]=&filter[person]=2&filter[child]=1&filter[price]=0:11000&filter[PriceFrom]=0&filter[PriceTo]=11000&filter[addCategory]=50&filter[addCatering]=1&filter[addMisc]=0&filter[addTransport]=F&filter[fp]=1&order_by=ofr_price&filter[tourOperator]=0&filter[childAge][1]=20201210","https://fly.pl/cdn/photo/assets/uploads/582/278/2024/07/reef-oasis-suakin-resort.jpg","https://fly.pl/wycieczka/egipt,marsa-alam,c/reef-oasis-suakin-resort-11/pwF5xRGXU-ipLURtX9RiGdAAogtBcnyDKlttK5eINGm0j2H3aNli1dgy83QmwR76cjihEqBFZJVFgw-4f51AZIqU1QQVjbBmACckAaABUHFwBcA1gFQI8DW6eGAWGvSUsAXqcwUrwUUwBMoOQ5DZ7VmAkgAF2r65HsqAFPlNqZijdR09oSAgxjAQILPoc_yg/ofertasv/?filter[tourOperator]=VITX&filter%5Bperson%5D=2&filter%5BchildAge%5D%5B1%5D=20201210&filter%5Bchild%5D=1"
"Sentido Mamlouk Palace Resort & Spa (ex Sunrise)","9973.0","29.10.2026 - 05.11.2026","8 dni/7 nocy","","4.7","4.7","12040","tripadvisor","Katowice","2026-09-07T04:56:19.401466+00:00","https://fly.pl/oferta/egipt-wczasy/?filter[dest]=11:&filter[hotelids]=&filter[cityids]=&filter[cregids]=&filter[ofrType]=&filter[addObjType]=&filter[whenFrom]=10-10-2026&filter[whenTo]=05-11-2026&filter[duration]=7:10&filter[from]=&filter[person]=2&filter[child]=1&filter[price]=0:11000&filter[PriceFrom]=0&filter[PriceTo]=11000&filter[addCategory]=50&filter[addCatering]=1&filter[addMisc]=0&filter[addTransport]=F&filter[fp]=1&order_by=ofr_price&filter[tourOperator]=0&filter[childAge][1]=20201210","https://fly.pl/cdn/photo/assets/uploads/582/278/2014/10/Sentido-Mamlouk-Palace-Resort-Spa.jpg","https://fly.pl/wycieczka/egipt,hurghada,c/sentido-mamlouk-palace-resort-ex-sunrise/pSh7WXWeza4Qy4CrzZ5fgIAAogtYsHrWS5Enx89vuXrIFDTU06z87_Cgpl9JIak3ep62gqBFNGUEww-4f51AZI9U1QQVjbCWACciMLAxUEIgYSIVzMAkAuW-fwUQ2W3YIJUajF0PuPAQISYwECBbCR2Cs/ofertasv/?filter[tourOperator]=SFPL&filter%5Bperson%5D=2&filter%5BchildAge%5D%5B1%5D=20201210&filter%5Bchild%5D=1"
"Jaz Elite Asteria (Hurghada)","10017.0","27.10.2026 - 03.11.2026","9 dni/7 nocy","","4.9","4.9","620","tripadvisor","Warszawa - Modlin","2026-09-07T04:56:19.401466+00:00","https://fly.pl/oferta/egipt-wczasy/?filter[dest]=11:&filter[hotelids]=&filter[cityids]=&filter[cregids]=&filter[ofrType]=&filter[addObjType]=&filter[whenFrom]=10-10-2026&filter[whenTo]=05-11-2026&filter[duration]=7:10&filter[from]=&filter[person]=2&filter[child]=1&filter[price]=0:11000&filter[PriceFrom]=0&filter[PriceTo]=11000&filter[addCategory]=50&filter[addCatering]=1&filter[addMisc]=0&filter[addTransport]=F&filter[fp]=1&order_by=ofr_price&filter[tourOperator]=0&filter[childAge][1]=20201210","https://fly.pl/cdn/photo/assets/uploads/582/278/2024/07/jaz-asteria-beach.jpg","https://fly.pl/wycieczka/egipt,hurghada,sahl-hasheesh/jaz-asteria-beach-11/pRpr_Yj3jrQENHwt_QuRwEAAog6haa7-qW7wRfloMD_pyTKZeMXePUQkpobZ-BQI6-nbQqBEVYSU0w-4f51AZIoU5QAVirCWACagJBSXIhHBGz_warBI6pS7kERRvko0AYsN5HAZK0nawNAhJjAQIM6XG-yQ/ofertasv/?filter[tourOperator]=EXIM&filter%5Bperson%5D=2&filter%5BchildAge%5D%5B1%5D=20201210&filter%5Bchild%5D=1"
"Jaz Sharm Dreams Resort","10024.0","24.10.2026 - 31.10.2026","8 dni/7 nocy","","4.3","4.3","6511","tripadvisor","Warszawa","2026-09-07T04:56:19.401466+00:00","https://fly.pl/oferta/egipt-wczasy/?filter[dest]=11:&filter[hotelids]=&filter[cityids]=&filter[cregids]=&filter[ofrType]=&filter[addObjType]=&filter[whenFrom]=10-10-2026&filter[whenTo]=05-11-2026&filter[duration]=7:10&filter[from]=&filter[person]=2&filter[child]=1&filter[price]=0:11000&filter[PriceFrom]=0&filter[PriceTo]=11000&filter[addCategory]=50&filter[addCatering]=1&filter[addMisc]=0&filter[addTransport]=F&filter[fp]=1&order_by=ofr_price&filter[tourOperator]=0&filter[childAge][1]=20201210","https://fly.pl/cdn/photo/assets/uploads/582/278/2014/07/Jaz-Sharm-Dreams.jpg","https://fly.pl/wycieczka/egipt,sharm-el-sheikh,c/hilton-sharm-dreams-resort/pBZ7iIEkxEaeYaWa2F3NtLAAog6D9alq0QaV_MxGrjyiuqcQAAAACbhAQAuIQEAAcAEgAqBFdFWlkw-4f51AZIqE5QQVjjCGADaglFbnRlciBBaXJqBDA4MDByQp4BlQEfABwBAgAWBBcCEVsSkgMYoQQTsQIUyQRAknJMoKIBTwBLxyNQABu51AMd2u0LIB0N6MfCCQESYwENYwEDBUjFPag/ofertasv/?filter[tourOperator]=WEZY&filter%5Bperson%5D=2&filter%5BchildAge%5D%5B1%5D=20201210&filter%5Bchild%5D=1"
"The Cascades Golf Resort Spa & Thalasso (ex Westin Soma Bay)","10033.0","27.10.2026 - 03.11.2026","9 dni/7 nocy","","4.4","4.4","277","tripadvisor","Warszawa - Modlin","2026-09-07T04:56:19.401466+00:00","https://fly.pl/oferta/egipt-wczasy/?filter[dest]=11:&filter[hotelids]=&filter[cityids]=&filter[cregids]=&filter[ofrType]=&filter[addObjType]=&filter[whenFrom]=10-10-2026&filter[whenTo]=05-11-2026&filter[duration]=7:10&filter[from]=&filter[person]=2&filter[child]=1&filter[price]=0:11000&filter[PriceFrom]=0&filter[PriceTo]=11000&filter[addCategory]=50&filter[addCatering]=1&filter[addMisc]=0&filter[addTransport]=F&filter[fp]=1&order_by=ofr_price&filter[tourOperator]=0&filter[childAge][1]=20201210","https://fly.pl/cdn/photo/assets/uploads/582/278/2014/10/The-Cascades-Golf-Resort-Spa-Thalasso.jpg","https://fly.pl/wycieczka/egipt,hurghada,soma-bay/la-residence-des-cascades/pGM0nx2j88lyYdwr1YwA1aAAogcvOipXiiQ7Rqz4w3oSEOQ3-RivCO5fCdWQwfiBpU-nUqBE9BU0kw-4f51AZIsU5QAVirCWACagNBSWxyIRwRtMABqwS43g-5BEAbhMMPGNiFEwGh28imAgIAYwECDOJiIG0/ofertasv/?filter[tourOperator]=OASI&filter%5Bperson%5D=2&filter%5BchildAge%5D%5B1%5D=20201210&filter%5Bchild%5D=1"
"Amphoras Beach","10067.0","13.10.2026 - 20.10.2026","8 dni/7 nocy","","4.4","4.4","6746","tripadvisor","Katowice","2026-09-07T04:56:19.401466+00:00","https://fly.pl/oferta/egipt-wczasy/?filter[dest]=11:&filter[hotelids]=&filter[cityids]=&filter[cregids]=&filter[ofrType]=&filter[addObjType]=&filter[whenFrom]=10-10-2026&filter[whenTo]=05-11-2026&filter[duration]=7:10&filter[from]=&filter[person]=2&filter[child]=1&filter[price]=0:11000&filter[PriceFrom]=0&filter[PriceTo]=11000&filter[addCategory]=50&filter[addCatering]=1&filter[addMisc]=0&filter[addTransport]=F&filter[fp]=1&order_by=ofr_price&filter[tourOperator]=0&filter[childAge][1]=20201210","https://fly.pl/cdn/photo/assets/uploads/582/278/2016/11/AMPHORAS-BEACH.jpg","https://fly.pl/wycieczka/egipt,sharm-el-sheikh,c/otium-amphoras-ex-shores/p7Q2nJ1LFwCMPxQygeFb1tAAogLhA_rSayQEArscB73TQH9DZPnluiPTRbLKmNIwYEcH4qBEVYSU0w-4f51AZI005QAVjbBmACagNVQUlyIRwRlLsGuQTghT6rBBsb3fA4GOWhQgGvrIn6CgIAYwECC5OXGSc/ofertasv/?filter[tourOperator]=EXIM&filter%5Bperson%5D=2&filter%5BchildAge%5D%5B1%5D=20201210&filter%5Bchild%5D=1"
"Grand Rotana Resort & Spa","10086.0","25.10.2026 - 01.11.2026","8 dni/7 nocy","","4.6","4.6","6780","tripadvisor","Katowice","2026-09-07T04:56:19.401466+00:00","https://fly.pl/oferta/egipt-wczasy/?filter[dest]=11:&filter[hotelids]=&filter[cityids]=&filter[cregids]=&filter[ofrType]=&filter[addObjType]=&filter[whenFrom]=10-10-2026&filter[whenTo]=05-11-2026&filter[duration]=7:10&filter[from]=&filter[person]=2&filter[child]=1&filter[price]=0:11000&filter[PriceFrom]=0&filter[PriceTo]=11000&filter[addCategory]=50&filter[addCatering]=1&filter[addMisc]=0&filter[addTransport]=F&filter[fp]=1&order_by=ofr_price&filter[tourOperator]=0&filter[childAge][1]=20201210","https://fly.pl/cdn/photo/assets/uploads/582/278/2014/07/Grand-Rotana-fly-pl.jpg","https://fly.pl/wycieczka/egipt,sharm-el-sheikh,c/grand-rotana/pr_wuLfmzK6A4LNeyehV9KAAog2rzHvghMWBLlvaDlEkGSHf-8lKSM_XY3X6eU8q1GIdEqBE9BU0kw-4f51AZI5k5QAVj7CGACagNBSWxyIRwR9K8BqwSjqxC5BCsbp7sOGNuPFAH8rZynAgIAYwECBhheZCM/ofertasv/?filter[tourOperator]=OASI&filter%5Bperson%5D=2&filter%5BchildAge%5D%5B1%5D=20201210&filter%5Bchild%5D=1"
"Titanic Beach Spa & Aqua Park","10097.0","18.10.2026 - 26.10.2026","9 dni/7 nocy","","4.3","4.3","7443","tripadvisor","Katowice","2026-09-07T04:56:19.401466+00:00","https://fly.pl/oferta/egipt-wczasy/?filter[dest]=11:&filter[hotelids]=&filter[cityids]=&filter[cregids]=&filter[ofrType]=&filter[addObjType]=&filter[whenFrom]=10-10-2026&filter[whenTo]=05-11-2026&filter[duration]=7:10&filter[from]=&filter[person]=2&filter[child]=1&filter[price]=0:11000&filter[PriceFrom]=0&filter[PriceTo]=11000&filter[addCategory]=50&filter[addCatering]=1&filter[addMisc]=0&filter[addTransport]=F&filter[fp]=1&order_by=ofr_price&filter[tourOperator]=0&filter[childAge][1]=20201210","https://fly.pl/cdn/photo/assets/uploads/582/278/2014/07/Titanic-Beach-Spa-Aqua-Park-fly-pl.jpg","https://fly.pl/wycieczka/egipt,hurghada,c/titanic-beach-spa/pWaJFvvUuijC62-z0Z2liwAAogviv7GZtQBFSdGah-T5A74y-OS8dnmdJb0QfBllxbO_oqBFZJVFgw-4f51AZI8U5QQVjTB2ACckAaABUHFwBcA1gFQI8DW7-DAVOPLVIAYYgfSwBepzBM2_g5DaTVmAkgAU-3r8z7jwFRrOAYXbTRkPAYAgxjAQILz6TaBQ/ofertasv/?filter[tourOperator]=VITX&filter%5Bperson%5D=2&filter%5BchildAge%5D%5B1%5D=20201210&filter%5Bchild%5D=1"
"Cooee Prima Life Makadi Bay","10097.0","15.10.2026 - 22.10.2026","8 dni/7 nocy","","4.6","4.6","3304","tripadvisor","Poznań","2026-09-07T04:56:19.401466+00:00","https://fly.pl/oferta/egipt-wczasy/?filter[dest]=11:&filter[hotelids]=&filter[cityids]=&filter[cregids]=&filter[ofrType]=&filter[addObjType]=&filter[whenFrom]=10-10-2026&filter[whenTo]=05-11-2026&filter[duration]=7:10&filter[from]=&filter[person]=2&filter[child]=1&filter[price]=0:11000&filter[PriceFrom]=0&filter[PriceTo]=11000&filter[addCategory]=50&filter[addCatering]=1&filter[addMisc]=0&filter[addTransport]=F&filter[fp]=1&order_by=ofr_price&filter[tourOperator]=0&filter[childAge][1]=20201210","https://fly.pl/cdn/photo/assets/uploads/582/278/2014/12/Prima-Life-Makadi-Resort.jpg","https://fly.pl/wycieczka/egipt,hurghada,c/prima-life-makadi-bay/pUF0rWaex4lgApEQiYOtNrAAogu-QFWhSLdl-6QPOnQtd6uU2nDT3HSII3dh3aEJQz7w8qBEVYSU0w-4f51AZI8U5QAViLB2ACagJBSXIhHBHGuAa5BPSDPqsEHBuoiS8Y_pc3AYK98IkJAgBjAQIFixk2hg/ofertasv/?filter[tourOperator]=EXIM&filter%5Bperson%5D=2&filter%5BchildAge%5D%5B1%5D=20201210&filter%5Bchild%5D=1"
"Concorde El Salam Front Area","10134.0","27.10.2026 - 03.11.2026","8 dni/7 nocy","","4.8","4.8","1477","tripadvisor","Katowice","2026-09-07T04:56:19.401466+00:00","https://fly.pl/oferta/egipt-wczasy/?filter[dest]=11:&filter[hotelids]=&filter[cityids]=&filter[cregids]=&filter[ofrType]=&filter[addObjType]=&filter[whenFrom]=10-10-2026&filter[whenTo]=05-11-2026&filter[duration]=7:10&filter[from]=&filter[person]=2&filter[child]=1&filter[price]=0:11000&filter[PriceFrom]=0&filter[PriceTo]=11000&filter[addCategory]=50&filter[addCatering]=1&filter[addMisc]=0&filter[addTransport]=F&filter[fp]=1&order_by=ofr_price&filter[tourOperator]=0&filter[childAge][1]=20201210","https://fly.pl/cdn/photo/assets/uploads/582/278/2024/07/concorde-el-salam-front.jpg","https://fly.pl/wycieczka/egipt,sharm-el-sheikh,szarm-el-szejk/concorde-el-salam-front-12/plMdhJgQ_bViTsStCNNpiyAAogEZTc3G2QQHNcEb91Dxxu_Xb6-M-63DqmxRqPbNTEi2wqBE9SRVgw-4f51AZIlk9QQVirCWACagVFLjIuMXI2mwEVBxcAXANYBVYCQMoGEeMLXYANTyRLkrMBYQBepzBSpiBTAEyssDoNtv2XCSAAAhJjAQILPYYIdw/ofertasv/?filter[tourOperator]=OREX&filter%5Bperson%5D=2&filter%5BchildAge%5D%5B1%5D=20201210&filter%5Bchild%5D=1"
"Pickalbatros Aqua Park Resort (Sharm El Sheikh)","10134.0","28.10.2026 - 04.11.2026","9 dni/7 nocy","","4.8","4.8","3568","tripadvisor","Gdańsk","2026-09-07T04:56:19.401466+00:00","https://fly.pl/oferta/egipt-wczasy/?filter[dest]=11:&filter[hotelids]=&filter[cityids]=&filter[cregids]=&filter[ofrType]=&filter[addObjType]=&filter[whenFrom]=10-10-2026&filter[whenTo]=05-11-2026&filter[duration]=7:10&filter[from]=&filter[person]=2&filter[child]=1&filter[price]=0:11000&filter[PriceFrom]=0&filter[PriceTo]=11000&filter[addCategory]=50&filter[addCatering]=1&filter[addMisc]=0&filter[addTransport]=F&filter[fp]=1&order_by=ofr_price&filter[tourOperator]=0&filter[childAge][1]=20201210","https://fly.pl/cdn/photo/assets/uploads/582/278/2017/08/Albatros-Aqua-Park-Sharm.jpg","https://fly.pl/wycieczka/egipt,sharm-el-sheikh,szarm-el-szejk/albatros-aqua-park-sharm-el-sheikh/p75dYjRboUcj8muwPa537tAAog0NvYaIKbe0DUeHxGxaUjZXIhrbyPomD2uW-Fwn8rcgYqBE9BU0kw-4f51AZIlk9QAVjDCWACagNBSWxyIRwRoa8BuQTSqxCrBBIbzYAPGNeAEwHa-9OqAgIAYwECDAmjbWw/ofertasv/?filter[tourOperator]=OASI&filter%5Bperson%5D=2&filter%5BchildAge%5D%5B1%5D=20201210&filter%5Bchild%5D=1"
"Invidia Coral Beach Tiran","10187.0","24.10.2026 - 31.10.2026","8 dni/7 nocy","","4.8","4.8","316","tripadvisor","Warszawa","2026-09-07T04:56:19.401466+00:00","https://fly.pl/oferta/egipt-wczasy/?filter[dest]=11:&filter[hotelids]=&filter[cityids]=&filter[cregids]=&filter[ofrType]=&filter[addObjType]=&filter[whenFrom]=10-10-2026&filter[whenTo]=05-11-2026&filter[duration]=7:10&filter[from]=&filter[person]=2&filter[child]=1&filter[price]=0:11000&filter[PriceFrom]=0&filter[PriceTo]=11000&filter[addCategory]=50&filter[addCatering]=1&filter[addMisc]=0&filter[addTransport]=F&filter[fp]=1&order_by=ofr_price&filter[tourOperator]=0&filter[childAge][1]=20201210","https://fly.pl/cdn/photo/assets/uploads/582/278/2014/07/Coral-Beach-Rotana-Tiran-fly-pl.jpg","https://fly.pl/wycieczka/egipt,sharm-el-sheikh,c/coral-beach-rotana-tiran/pXwNVKprJXheFQK4JMfclVAAoggxN9qaE2m6WyJpRw0deucAAAAACbhAQAuIQEAAcAEgAqBFdFWlkw-4f51AZIy09QQVjjCGADaglFbnRlciBBaXJqBDA4MDByQp4BlQEfABwBAgAWABcGESMSygMYoQQTsQIUyQRAknJMoKIBTwBLxyNQAB2Twg8gHRvXwmQNkYXeCAESYwEMYwECC62pghI/ofertasv/?filter[tourOperator]=WEZY&filter%5Bperson%5D=2&filter%5BchildAge%5D%5B1%5D=20201210&filter%5Bchild%5D=1"
"Pickalbatros White Beach Resort","10207.0","27.10.2026 - 03.11.2026","9 dni/7 nocy","","4.8","4.8","3758","tripadvisor","Warszawa - Modlin","2026-09-07T04:56:19.401466+00:00","https://fly.pl/oferta/egipt-wczasy/?filter[dest]=11:&filter[hotelids]=&filter[cityids]=&filter[cregids]=&filter[ofrType]=&filter[addObjType]=&filter[whenFrom]=10-10-2026&filter[whenTo]=05-11-2026&filter[duration]=7:10&filter[from]=&filter[person]=2&filter[child]=1&filter[price]=0:11000&filter[PriceFrom]=0&filter[PriceTo]=11000&filter[addCategory]=50&filter[addCatering]=1&filter[addMisc]=0&filter[addTransport]=F&filter[fp]=1&order_by=ofr_price&filter[tourOperator]=0&filter[childAge][1]=20201210","https://fly.pl/cdn/photo/assets/uploads/582/278/2015/09/Albatros-White-Beach-fly-pl.jpg","https://fly.pl/wycieczka/egipt,hurghada,c/albatros-white-beach/pNhD6-bev9LwaHFTYVfomLAAog_B0ErR8oWnBRk4ztaEy6X5eMXePUQkpobZ-BQI6-nbQqBEVYSU0w-4f51AZI309QAVirCWACagJBSXIhHBGm-AarBJuwS7kERRuW_DcY4qFTAdjx-sYNAgBjAQIMQBmcOQ/ofertasv/?filter[tourOperator]=EXIM&filter%5Bperson%5D=2&filter%5BchildAge%5D%5B1%5D=20201210&filter%5Bchild%5D=1"
"Jaz Makadi Saraya (ex Iberotel)","10220.0","29.10.2026 - 05.11.2026","8 dni/7 nocy","","4.8","4.8","6792","tripadvisor","Warszawa","2026-09-07T04:56:19.401466+00:00","https://fly.pl/oferta/egipt-wczasy/?filter[dest]=11:&filter[hotelids]=&filter[cityids]=&filter[cregids]=&filter[ofrType]=&filter[addObjType]=&filter[whenFrom]=10-10-2026&filter[whenTo]=05-11-2026&filter[duration]=7:10&filter[from]=&filter[person]=2&filter[child]=1&filter[price]=0:11000&filter[PriceFrom]=0&filter[PriceTo]=11000&filter[addCategory]=50&filter[addCatering]=1&filter[addMisc]=0&filter[addTransport]=F&filter[fp]=1&order_by=ofr_price&filter[tourOperator]=0&filter[childAge][1]=20201210","https://fly.pl/cdn/photo/assets/uploads/582/278/2014/07/Jaz-Makadi-Saraya-ex-Iberotel-fly-pl.jpg","https://fly.pl/wycieczka/egipt,hurghada,makadi-bay/iberotel-makadi-saraya/paOyC8DFp_oQPI1FyQP9FtAAogafUsHWovFd7NbcECux7qixLqCxxQb8S86Hh0k4aD-ioqBE9SRVgw-4f51AZI7E9QQVjbCWACagZCSS4yLjFyNZsBFQcXAFwDWAVWAhEaQLAGXZsPTyRT0p0BUgBer09L7UNhAEzljDoguP2XCQ0AAhJjAQIMmD5aXA/ofertasv/?filter[tourOperator]=OREX&filter%5Bperson%5D=2&filter%5BchildAge%5D%5B1%5D=20201210&filter%5Bchild%5D=1"
"Three Corners Fayrouz Plaza Beach Resort","10233.0","15.10.2026 - 22.10.2026","8 dni/7 nocy","","4.7","4.7","13148","tripadvisor","Katowice","2026-09-07T04:56:19.401466+00:00","https://fly.pl/oferta/egipt-wczasy/?filter[dest]=11:&filter[hotelids]=&filter[cityids]=&filter[cregids]=&filter[ofrType]=&filter[addObjType]=&filter[whenFrom]=10-10-2026&filter[whenTo]=05-11-2026&filter[duration]=7:10&filter[from]=&filter[person]=2&filter[child]=1&filter[price]=0:11000&filter[PriceFrom]=0&filter[PriceTo]=11000&filter[addCategory]=50&filter[addCatering]=1&filter[addMisc]=0&filter[addTransport]=F&filter[fp]=1&order_by=ofr_price&filter[tourOperator]=0&filter[childAge][1]=20201210","https://fly.pl/cdn/photo/assets/uploads/582/278/2014/10/The-Three-Corners-Fayrouz-Plaza.jpg","https://fly.pl/wycieczka/egipt,marsa-alam,c/three-corners-fayrouz-plaza-beach-resort/pei4JJ4FqgNgMjlKKyycnsAAogul2qAt-RGGgq6eAGCfJ17ldS3KAk5hP5gO6ynJTHoUYqBE9SRVgw-4f51AZI-U9QQViLB2ACagZDMC4yLjFyNZsBFQcXAFwDWAVWAhGKBkBAXbNCTyRLwokBYQBepzBSvBRTAEyWvDoNqv2XCSAAAhJjAQINOOnFPA/ofertasv/?filter[tourOperator]=OREX&filter%5Bperson%5D=2&filter%5BchildAge%5D%5B1%5D=20201210&filter%5Bchild%5D=1"
"Sunrise Alora Aqua Park Resort","10247.0","18.10.2026 - 25.10.2026","8 dni/7 nocy","","3.5","3.5","1838","tripadvisor","Katowice","2026-09-07T04:56:19.401466+00:00","https://fly.pl/oferta/egipt-wczasy/?filter[dest]=11:&filter[hotelids]=&filter[cityids]=&filter[cregids]=&filter[ofrType]=&filter[addObjType]=&filter[whenFrom]=10-10-2026&filter[whenTo]=05-11-2026&filter[duration]=7:10&filter[from]=&filter[person]=2&filter[child]=1&filter[price]=0:11000&filter[PriceFrom]=0&filter[PriceTo]=11000&filter[addCategory]=50&filter[addCatering]=1&filter[addMisc]=0&filter[addTransport]=F&filter[fp]=1&order_by=ofr_price&filter[tourOperator]=0&filter[childAge][1]=20201210","https://fly.pl/cdn/photo/assets/uploads/582/278/2014/11/Hawaii-Caesar-Palace-Aqua-Park-ex-Mirage-Aqua-Park-fly-pl.jpg","https://fly.pl/wycieczka/egipt,hurghada,c/mirage-aqua-park-spa-cesar-palace/pZe-VpMOJG71uR68ViFubhAAogSrppr4Bunj7TTWiUkSmnzcrSKzVN8i6pNpvTBNpDlukqBEJWUFIw-4f51AZIh1BQAVjTB2ACag1BbGwgaW5jbHVzaXZlciAcEdJGG83vBBjr8wy5BJvhE6sENQGm4-DEAQIAYwECCyqGR1s/ofertasv/?filter[tourOperator]=BVPR&filter%5Bperson%5D=2&filter%5BchildAge%5D%5B1%5D=20201210&filter%5Bchild%5D=1"
"Utopia Blue Resort","10247.0","13.10.2026 - 20.10.2026","8 dni/7 nocy","","","","","","Warszawa","2026-09-07T04:56:19.401466+00:00","https://fly.pl/oferta/egipt-wczasy/?filter[dest]=11:&filter[hotelids]=&filter[cityids]=&filter[cregids]=&filter[ofrType]=&filter[addObjType]=&filter[whenFrom]=10-10-2026&filter[whenTo]=05-11-2026&filter[duration]=7:10&filter[from]=&filter[person]=2&filter[child]=1&filter[price]=0:11000&filter[PriceFrom]=0&filter[PriceTo]=11000&filter[addCategory]=50&filter[addCatering]=1&filter[addMisc]=0&filter[addTransport]=F&filter[fp]=1&order_by=ofr_price&filter[tourOperator]=0&filter[childAge][1]=20201210","https://datacfstatic.merlinx.pl/EXIM/IMG/104804/47170af13502131b7b7d23ecf494e622a96110e1a4bfcf3019d7db4830283601.webp","https://fly.pl/wycieczka/egipt,marsa-alam,c/utopia-blue-resort-13/prk2cQY-N_SvrMaoHaOTFmAAog7LoBMf_sRZgkiXEkbKVWHxKmO4qxhDmkVrGyFJIXvhQqBEVYSU0w-4f51AZIh1BQAVjbBmACagJBSXIhHBHksga5BIiMPqsEHBvc1y0Yr_ozAZeu2tQIAgBjAQIMurgxSg/ofertasv/?filter[tourOperator]=EXIM&filter%5Bperson%5D=2&filter%5BchildAge%5D%5B1%5D=20201210&filter%5Bchild%5D=1"
"Domina Coral Bay Sultan","10284.0","15.10.2026 - 22.10.2026","8 dni/7 nocy","","4.2","4.2","12412","tripadvisor","Katowice","2026-09-07T04:56:19.401466+00:00","https://fly.pl/oferta/egipt-wczasy/?filter[dest]=11:&filter[hotelids]=&filter[cityids]=&filter[cregids]=&filter[ofrType]=&filter[addObjType]=&filter[whenFrom]=10-10-2026&filter[whenTo]=05-11-2026&filter[duration]=7:10&filter[from]=&filter[person]=2&filter[child]=1&filter[price]=0:11000&filter[PriceFrom]=0&filter[PriceTo]=11000&filter[addCategory]=50&filter[addCatering]=1&filter[addMisc]=0&filter[addTransport]=F&filter[fp]=1&order_by=ofr_price&filter[tourOperator]=0&filter[childAge][1]=20201210","https://fly.pl/cdn/photo/assets/uploads/582/278/2014/07/Domina-Coral-Bay-Sultan.jpg","https://fly.pl/wycieczka/egipt,sharm-el-sheikh,c/domina-coral-bay-sultan/pu1ujPEvKjNszUo5Zrvil_AAogqRHyLXLOaXygHFM-xpbs6i-LLSocgwQAYNaXOGgbCtIqBEpPSVAw-4f51AZIrFBQQViLB2ACagM5b0dyQpsBFAEVBhcAXANYBVYCQMoGT-IBXQAR4sgBS9UBYQBepzBSpiBTAEyssDoNqv2XCSAAAbDJtJC0icygMAINYwEADHtw8iU/ofertasv/?filter[tourOperator]=JOIP&filter%5Bperson%5D=2&filter%5BchildAge%5D%5B1%5D=20201210&filter%5Bchild%5D=1"
"Sheraton Miramar Resort (El Gouna)","10409.0","29.10.2026 - 05.11.2026","8 dni/7 nocy","","4.7","4.7","6333","tripadvisor","Warszawa","2026-09-07T04:56:19.401466+00:00","https://fly.pl/oferta/egipt-wczasy/?filter[dest]=11:&filter[hotelids]=&filter[cityids]=&filter[cregids]=&filter[ofrType]=&filter[addObjType]=&filter[whenFrom]=10-10-2026&filter[whenTo]=05-11-2026&filter[duration]=7:10&filter[from]=&filter[person]=2&filter[child]=1&filter[price]=0:11000&filter[PriceFrom]=0&filter[PriceTo]=11000&filter[addCategory]=50&filter[addCatering]=1&filter[addMisc]=0&filter[addTransport]=F&filter[fp]=1&order_by=ofr_price&filter[tourOperator]=0&filter[childAge][1]=20201210","https://fly.pl/cdn/photo/assets/uploads/582/278/2014/07/Sheraton-Miramar-El-Gouna-1.jpg","https://fly.pl/wycieczka/egipt,hurghada,el-gouna/sheraton-miramar-el-gouna/pG_a57oRRN9ta6K3gWIynFAAog0p9F1dC1Fs6tjuRQEl_jExLqCxxQb8S86Hh0k4aD-ioqBE9SRVgw-4f51AZIqVFQQVjbCWACagZFQy4yLjFyNZsBFQcXAFwDWAVWAhE7QI8GXZsPTyRT0p0BUgBer09L7UNhAEzljDoguP2XCQ0AAhJjAQIMHP391Q/ofertasv/?filter[tourOperator]=OREX&filter%5Bperson%5D=2&filter%5BchildAge%5D%5B1%5D=20201210&filter%5Bchild%5D=1"
"Pickalbatros Luxury Suites","10507.0","24.10.2026 - 31.10.2026","8 dni/7 nocy","","4.8","4.8","356","tripadvisor","Warszawa","2026-09-07T04:56:19.401466+00:00","https://fly.pl/oferta/egipt-wczasy/?filter[dest]=11:&filter[hotelids]=&filter[cityids]=&filter[cregids]=&filter[ofrType]=&filter[addObjType]=&filter[whenFrom]=10-10-2026&filter[whenTo]=05-11-2026&filter[duration]=7:10&filter[from]=&filter[person]=2&filter[child]=1&filter[price]=0:11000&filter[PriceFrom]=0&filter[PriceTo]=11000&filter[addCategory]=50&filter[addCatering]=1&filter[addMisc]=0&filter[addTransport]=F&filter[fp]=1&order_by=ofr_price&filter[tourOperator]=0&filter[childAge][1]=20201210","https://fly.pl/cdn/photo/assets/uploads/582/278/2023/04/Pickalbatros-Luxury-Suites.jpg","https://fly.pl/wycieczka/egipt,sharm-el-sheikh,szarm-el-szejk/golf-villas-sharm-el-sheikh-by-rixos-11/pfe0jgn6UWIHxnoeUrZQfdAAogvUwJ2iYfAEDJh6BbSI8YawAAAACbhAQAuIQEAAcAEgAqBFdFWlkw-4f51AZIi1JQQVjjCGADaglFbnRlciBBaXJqBDA4MDByQp4BlQEfABwBAgAWBBcCG3AS_QIYoQQTsQIUyQRAknJMoKIBTwBLxyNQABGfggId9L8NIB0N6MfCCQESYwENYwEEDJxi1U4/ofertasv/?filter[tourOperator]=WEZY&filter%5Bperson%5D=2&filter%5BchildAge%5D%5B1%5D=20201210&filter%5Bchild%5D=1"
"Sunrise Royal Makadi Aqua Resort","10607.0","29.10.2026 - 05.11.2026","8 dni/7 nocy","","4.7","4.7","13699","tripadvisor","Warszawa","2026-09-07T04:56:19.401466+00:00","https://fly.pl/oferta/egipt-wczasy/?filter[dest]=11:&filter[hotelids]=&filter[cityids]=&filter[cregids]=&filter[ofrType]=&filter[addObjType]=&filter[whenFrom]=10-10-2026&filter[whenTo]=05-11-2026&filter[duration]=7:10&filter[from]=&filter[person]=2&filter[child]=1&filter[price]=0:11000&filter[PriceFrom]=0&filter[PriceTo]=11000&filter[addCategory]=50&filter[addCatering]=1&filter[addMisc]=0&filter[addTransport]=F&filter[fp]=1&order_by=ofr_price&filter[tourOperator]=0&filter[childAge][1]=20201210","https://fly.pl/cdn/photo/assets/uploads/582/278/2014/09/Sunrise-Royal-Makadi-Aqua-Resort.jpg","https://fly.pl/wycieczka/egipt,hurghada,makadi-bay/sunrise-select-royal-makadi/pnBQi9HHNjx2855x54pWruAAogtwwmzNsUN1yQdf1R0AQYFRLqCxxQb8S86Hh0k4aD-ioqBE9SRVgw-4f51AZI71JQQVjbCWACagZVMy4yLjFyNpsBFQcXAFwDWAVWAkDKBl2bD08kEawDU6aaAVIAXq9PS-1DYQBM5Yw6ILj9lwkNAAISYwECC5hq39g/ofertasv/?filter[tourOperator]=OREX&filter%5Bperson%5D=2&filter%5BchildAge%5D%5B1%5D=20201210&filter%5Bchild%5D=1"
"Park Regency Resort (ex. Hyatt)","10642.0","29.10.2026 - 05.11.2026","8 dni/7 nocy","","4.6","4.6","6179","tripadvisor","Katowice","2026-09-07T04:56:19.401466+00:00","https://fly.pl/oferta/egipt-wczasy/?filter[dest]=11:&filter[hotelids]=&filter[cityids]=&filter[cregids]=&filter[ofrType]=&filter[addObjType]=&filter[whenFrom]=10-10-2026&filter[whenTo]=05-11-2026&filter[duration]=7:10&filter[from]=&filter[person]=2&filter[child]=1&filter[price]=0:11000&filter[PriceFrom]=0&filter[PriceTo]=11000&filter[addCategory]=50&filter[addCatering]=1&filter[addMisc]=0&filter[addTransport]=F&filter[fp]=1&order_by=ofr_price&filter[tourOperator]=0&filter[childAge][1]=20201210","https://fly.pl/cdn/photo/assets/uploads/582/278/2014/07/Park-Regency.jpg","https://fly.pl/wycieczka/egipt,sharm-el-sheikh,c/hyatt-regency-sharm/p1xCEEEtaH8Sq-nBNwCovvAAoghtKjEU_vCNx_1bBgiq_3R8Hlitufj65mgxvg5qfV3MAqBE9BU0kw-4f51AZIklNQAVjbCWACagNBSWxyIRwRuq8BuQTcqxCrBC8bwYcPGPKFEwHS0NyqAgIAYwECBewC9Zg/ofertasv/?filter[tourOperator]=OASI&filter%5Bperson%5D=2&filter%5BchildAge%5D%5B1%5D=20201210&filter%5Bchild%5D=1"
"Club Magic Life Kalawy","10653.0","15.10.2026 - 22.10.2026","8 dni/7 nocy","","4.5","4.5","1718","tripadvisor","Poznań","2026-09-07T04:56:19.401466+00:00","https://fly.pl/oferta/egipt-wczasy/?filter[dest]=11:&filter[hotelids]=&filter[cityids]=&filter[cregids]=&filter[ofrType]=&filter[addObjType]=&filter[whenFrom]=10-10-2026&filter[whenTo]=05-11-2026&filter[duration]=7:10&filter[from]=&filter[person]=2&filter[child]=1&filter[price]=0:11000&filter[PriceFrom]=0&filter[PriceTo]=11000&filter[addCategory]=50&filter[addCatering]=1&filter[addMisc]=0&filter[addTransport]=F&filter[fp]=1&order_by=ofr_price&filter[tourOperator]=0&filter[childAge][1]=20201210","https://fly.pl/cdn/photo/assets/uploads/582/278/2015/02/Club-Magic-Life-Kalawy-fly-pl.jpg","https://fly.pl/wycieczka/egipt,hurghada,safaga/club-magic-life-kalawy-imperial/plJWlwEL9J3IimgBfqqPl-AAogDSq1EBp0iJKDNIvrn_xb-_MbGxUrd4BrDqm8qae-CrIqBFNGUEww-4f51AZInVNQQViLB2ACciMVBwsAIgQSI0D6AlvjBFyv_AUN3czOCVHYmb72AwISYwECBYhJS8U/ofertasv/?filter[tourOperator]=SFPL&filter%5Bperson%5D=2&filter%5BchildAge%5D%5B1%5D=20201210&filter%5Bchild%5D=1"
"Serenity Alma Heights Ross Park Collection","10711.0","20.10.2026 - 27.10.2026","8 dni/7 nocy","","","","","","Katowice","2026-09-07T04:56:19.401466+00:00","https://fly.pl/oferta/egipt-wczasy/?filter[dest]=11:&filter[hotelids]=&filter[cityids]=&filter[cregids]=&filter[ofrType]=&filter[addObjType]=&filter[whenFrom]=10-10-2026&filter[whenTo]=05-11-2026&filter[duration]=7:10&filter[from]=&filter[person]=2&filter[child]=1&filter[price]=0:11000&filter[PriceFrom]=0&filter[PriceTo]=11000&filter[addCategory]=50&filter[addCatering]=1&filter[addMisc]=0&filter[addTransport]=F&filter[fp]=1&order_by=ofr_price&filter[tourOperator]=0&filter[childAge][1]=20201210","https://datacfstatic.merlinx.pl/WEZY/IMG/80006/cbfb74e746eae233c5bd2dcca61af959ab13896516aa3e1f5b00669f16a12ada.webp","https://fly.pl/wycieczka/egipt,hurghada,makadi-bay/serenity-alma-heights-ross-park-collection-9/p3TqAmTu4a3otpB_HrwFAVAAogkqp5jsMiUwUBQMWH4R4vVAAAAACAiQQAnIkEAAcAAAAqBFdFWlkw-4f51AZI11NQQViDCGADaglFbnRlciBBaXJqBDAzMTBqBDA4NDVqBDA5MTVyQZ4BkwGUAZUBHwACARwAFwYWABLWBBjdBEDnd0_LMkwAS4gfUAARkp4DHfqhDSAcG8_xYg2xzN8IARJjAQ1jAQIG4q3EsQ/ofertasv/?filter[tourOperator]=WEZY&filter%5Bperson%5D=2&filter%5BchildAge%5D%5B1%5D=20201210&filter%5Bchild%5D=1"
"Sentido Naga Bay","10737.0","15.10.2026 - 22.10.2026","8 dni/7 nocy","","","","","","Katowice","2026-09-07T04:56:19.401466+00:00","https://fly.pl/oferta/egipt-wczasy/?filter[dest]=11:&filter[hotelids]=&filter[cityids]=&filter[cregids]=&filter[ofrType]=&filter[addObjType]=&filter[whenFrom]=10-10-2026&filter[whenTo]=05-11-2026&filter[duration]=7:10&filter[from]=&filter[person]=2&filter[child]=1&filter[price]=0:11000&filter[PriceFrom]=0&filter[PriceTo]=11000&filter[addCategory]=50&filter[addCatering]=1&filter[addMisc]=0&filter[addTransport]=F&filter[fp]=1&order_by=ofr_price&filter[tourOperator]=0&filter[childAge][1]=20201210","https://datacfstatic.merlinx.pl/EXIM/IMG/107999/9691dd57e47cec1e96befde9ca4a24ec0aaad7165dd6c455160b011f15ee59d5.webp","https://fly.pl/wycieczka/egipt,hurghada,c/sentido-naga-bay-11/pCxQts_6nQj5fDW7RcMTisAAogbOlqVFKAVY7KKBjBNz-6dfvQ1Wl57y08J_0PeUHiXOgqBEVYSU0w-4f51AZI8VNQAViLB2ACagJBSXIhHBHfywa5BP_vPasEHBuQ5D0Y0fE-AdD2p4sLAgBjAQIG4TCV7g/ofertasv/?filter[tourOperator]=EXIM&filter%5Bperson%5D=2&filter%5BchildAge%5D%5B1%5D=20201210&filter%5Bchild%5D=1"
"Strand Taba Heights Resort (ex. InterContinental)","10751.0","15.10.2026 - 22.10.2026","8 dni/7 nocy","","4.5","4.5","5233","tripadvisor","Katowice","2026-09-07T04:56:19.401466+00:00","https://fly.pl/oferta/egipt-wczasy/?filter[dest]=11:&filter[hotelids]=&filter[cityids]=&filter[cregids]=&filter[ofrType]=&filter[addObjType]=&filter[whenFrom]=10-10-2026&filter[whenTo]=05-11-2026&filter[duration]=7:10&filter[from]=&filter[person]=2&filter[child]=1&filter[price]=0:11000&filter[PriceFrom]=0&filter[PriceTo]=11000&filter[addCategory]=50&filter[addCatering]=1&filter[addMisc]=0&filter[addTransport]=F&filter[fp]=1&order_by=ofr_price&filter[tourOperator]=0&filter[childAge][1]=20201210","https://fly.pl/cdn/photo/assets/uploads/582/278/2014/06/International-Height.jpg","https://fly.pl/wycieczka/egipt,taba,c/international-height/pSJkrVkKx_Gbx7DmykTgEwAAogusqWCqhVRKVTYZFNrxPQ1i-LLSocgwQAYNaXOGgbCtIqBEpPSVAw_If51AZI_1NQQViLB2ACagNDR21yQ5sBFAEVBhcAXANYBVYCQMoGT-IBXQBLt8oBYQBepzBSpiBTABHQ3wFM3NA4Dar9lwkgAAGa1ZSxtInMoDACDWMBAAzjtR67/ofertasv/?filter[tourOperator]=JOIP&filter%5Bperson%5D=2&filter%5BchildAge%5D%5B1%5D=20201210&filter%5Bchild%5D=1"
"Baron Resort (Sharm El Sheikh)","10887.0","28.10.2026 - 04.11.2026","9 dni/7 nocy","","4.5","4.5","4976","tripadvisor","Gdańsk","2026-09-07T04:56:19.401466+00:00","https://fly.pl/oferta/egipt-wczasy/?filter[dest]=11:&filter[hotelids]=&filter[cityids]=&filter[cregids]=&filter[ofrType]=&filter[addObjType]=&filter[whenFrom]=10-10-2026&filter[whenTo]=05-11-2026&filter[duration]=7:10&filter[from]=&filter[person]=2&filter[child]=1&filter[price]=0:11000&filter[PriceFrom]=0&filter[PriceTo]=11000&filter[addCategory]=50&filter[addCatering]=1&filter[addMisc]=0&filter[addTransport]=F&filter[fp]=1&order_by=ofr_price&filter[tourOperator]=0&filter[childAge][1]=20201210","https://fly.pl/cdn/photo/assets/uploads/582/278/2014/07/BARON-RESORT-SHARM-EL-SHEIKH1.jpg","https://fly.pl/wycieczka/egipt,sharm-el-sheikh,c/baron-resort-sharm-el-sheikh/pQKdibAszLRwtXujIPEPogAAogNFCtqMRhthKLzEy19_bYcXIhrbyPomD2uW-Fwn8rcgYqBE9BU0kw_If51AZIh1VQAVjDCWACagNBSStyIRwR2a8BuQSaqxCrBBIbzooOGIj9EQGLgYapAgIAYwECDNCTB9M/ofertasv/?filter[tourOperator]=OASI&filter%5Bperson%5D=2&filter%5BchildAge%5D%5B1%5D=20201210&filter%5Bchild%5D=1"
"Titanic Royal","10947.0","29.10.2026 - 05.11.2026","8 dni/7 nocy","","4.8","4.8","4628","tripadvisor","Katowice","2026-09-07T04:56:19.401466+00:00","https://fly.pl/oferta/egipt-wczasy/?filter[dest]=11:&filter[hotelids]=&filter[cityids]=&filter[cregids]=&filter[ofrType]=&filter[addObjType]=&filter[whenFrom]=10-10-2026&filter[whenTo]=05-11-2026&filter[duration]=7:10&filter[from]=&filter[person]=2&filter[child]=1&filter[price]=0:11000&filter[PriceFrom]=0&filter[PriceTo]=11000&filter[addCategory]=50&filter[addCatering]=1&filter[addMisc]=0&filter[addTransport]=F&filter[fp]=1&order_by=ofr_price&filter[tourOperator]=0&filter[childAge][1]=20201210","https://fly.pl/cdn/photo/assets/uploads/582/278/2018/12/Titanic-Royal-fly-pl.jpg","https://fly.pl/wycieczka/egipt,hurghada,c/titanic-royal/pHXSp0_9zjAHJGfgVATRBQAAogxNkU8zA0dTXrxLUluVO32bdIKsajkLlQ5dO66ZbpewEqBEVYSU0w_If51AZIw1VQAVjbCWACagNVQUlyIxwRkrsGuQTOgD6rBLyKChvw5EQYt-RIAeizjbgNAgBjAQIL0aYKnA/ofertasv/?filter[tourOperator]=EXIM&filter%5Bperson%5D=2&filter%5BchildAge%5D%5B1%5D=20201210&filter%5Bchild%5D=1"
"Movenpick Resort Sharm el Sheikh","10949.0","28.10.2026 - 04.11.2026","9 dni/7 nocy","","4.6","4.6","5338","tripadvisor","Gdańsk","2026-09-07T04:56:19.401466+00:00","https://fly.pl/oferta/egipt-wczasy/?filter[dest]=11:&filter[hotelids]=&filter[cityids]=&filter[cregids]=&filter[ofrType]=&filter[addObjType]=&filter[whenFrom]=10-10-2026&filter[whenTo]=05-11-2026&filter[duration]=7:10&filter[from]=&filter[person]=2&filter[child]=1&filter[price]=0:11000&filter[PriceFrom]=0&filter[PriceTo]=11000&filter[addCategory]=50&filter[addCatering]=1&filter[addMisc]=0&filter[addTransport]=F&filter[fp]=1&order_by=ofr_price&filter[tourOperator]=0&filter[childAge][1]=20201210","https://fly.pl/cdn/photo/assets/uploads/582/278/2015/03/Movenpick-Golf-Club-fly-pl.jpg","https://fly.pl/wycieczka/egipt,sharm-el-sheikh,c/moevenpick-golf-club/pbMJPao5PyrwFTzeyDRbg6AAoggYxFANjNUEwY8wCPYSQ_YHIhrbyPomD2uW-Fwn8rcgYqBE9BU0kw_If51AZIxVVQAVjDCWACagNBSWxyIRwRqa8BuQTKqxCrBBIbl4gPGIeGEwHHnt6qAgIAYwECC2DuoVM/ofertasv/?filter[tourOperator]=OASI&filter%5Bperson%5D=2&filter%5BchildAge%5D%5B1%5D=20201210&filter%5Bchild%5D=1"
"Swissotel Sharm El Sheikh","10969.0","28.10.2026 - 04.11.2026","9 dni/7 nocy","","","","","","Gdańsk","2026-09-07T04:56:19.401466+00:00","https://fly.pl/oferta/egipt-wczasy/?filter[dest]=11:&filter[hotelids]=&filter[cityids]=&filter[cregids]=&filter[ofrType]=&filter[addObjType]=&filter[whenFrom]=10-10-2026&filter[whenTo]=05-11-2026&filter[duration]=7:10&filter[from]=&filter[person]=2&filter[child]=1&filter[price]=0:11000&filter[PriceFrom]=0&filter[PriceTo]=11000&filter[addCategory]=50&filter[addCatering]=1&filter[addMisc]=0&filter[addTransport]=F&filter[fp]=1&order_by=ofr_price&filter[tourOperator]=0&filter[childAge][1]=20201210","https://fly.pl/cdn/photo/assets/uploads/582/278/2023/12/Swissotel-Sharm-El-Sheikh.jpg","https://fly.pl/wycieczka/egipt,sharm-el-sheikh,szarm-el-szejk/swissotel-sharm-el-sheikh-14/p6i-T1fMsCQfs-leCR49lcAAog3n_JxTfDiAowLEzrN16r_3IhrbyPomD2uW-Fwn8rcgYqBE9BU0kw_If51AZI2VVQAVjDCWACagNVQUlyIRwR2K8BuQSbqxCrBBIb__kOGMj0EgHiw9GqAgIAYwECC-XqaLE/ofertasv/?filter[tourOperator]=OASI&filter%5Bperson%5D=2&filter%5BchildAge%5D%5B1%5D=20201210&filter%5Bchild%5D=1"
"Desert Rose Resort","10984.0","29.10.2026 - 05.11.2026","8 dni/7 nocy","","4.6","4.6","8792","tripadvisor","Katowice","2026-09-07T04:56:19.401466+00:00","https://fly.pl/oferta/egipt-wczasy/?filter[dest]=11:&filter[hotelids]=&filter[cityids]=&filter[cregids]=&filter[ofrType]=&filter[addObjType]=&filter[whenFrom]=10-10-2026&filter[whenTo]=05-11-2026&filter[duration]=7:10&filter[from]=&filter[person]=2&filter[child]=1&filter[price]=0:11000&filter[PriceFrom]=0&filter[PriceTo]=11000&filter[addCategory]=50&filter[addCatering]=1&filter[addMisc]=0&filter[addTransport]=F&filter[fp]=1&order_by=ofr_price&filter[tourOperator]=0&filter[childAge][1]=20201210","https://fly.pl/cdn/photo/assets/uploads/582/278/2014/12/Desert-Rose-Resort-fly-pl.jpg","https://fly.pl/wycieczka/egipt,hurghada,c/desert-rose/p1UOJH6Q4RsmxHJwOaWkPLAAogZHDNy5n_rkJVjOd3vq4SaQAAAACBhwQAHroEAAcAAAAqBFdFWlkw_If51AZI6FVQQVjbCWADaglFbnRlciBBaXJqBDAwMTVqBDAwMDBqBDAwMDByQZ4BlAGVAZgBHwAcAQIAFgQXAhG4ARKeAxPvCEDVc0zLMk8AS4gfUAAbys4KHcPtBSCdZQ2H3cEJARJjAQ5jAQIFy3nlEw/ofertasv/?filter[tourOperator]=WEZY&filter%5Bperson%5D=2&filter%5BchildAge%5D%5B1%5D=20201210&filter%5Bchild%5D=1"
"Parrotel Lagoon Resort Egipt, Sharm El Sheikh, Szarm el-Szejk","5344.0","29.10.2026 - 05.11.2026","8 dni/7 nocy","","4.1","4.1","1835","tripadvisor","Warszawa - Modlin","2026-09-07T06:29:46.441024+00:00","https://fly.pl/oferta/egipt-wczasy/?filter[dest]=11:&filter[hotelids]=&filter[cityids]=&filter[cregids]=&filter[ofrType]=&filter[addObjType]=&filter[whenFrom]=10-10-2026&filter[whenTo]=05-11-2026&filter[duration]=7:10&filter[from]=&filter[person]=2&filter[child]=1&filter[price]=0:11000&filter[PriceFrom]=0&filter[PriceTo]=11000&filter[addCategory]=50&filter[addCatering]=1&filter[addMisc]=0&filter[addTransport]=F&filter[fp]=1&order_by=ofr_price&filter[tourOperator]=0&filter[childAge][1]=20201210","https://fly.pl/cdn/photo/assets/uploads/582/278/2020/10/Parrotel-Lagoon-Resort.jpg","https://fly.pl/wycieczka/egipt,sharm-el-sheikh,szarm-el-szejk/parrotel-lagoon-resort-14/pUZZ8OD5jEa93M2lKIQJGiAAogq5N1pXU19fhUXdDX8quW5RstrgoMttrZgZAvN8rfQ44qBEtPTVQw27P51AZI4ClQAVjZCWACagJBSXIfHBH8GrkE7OIBqwQDGK-vBBu59iMBoJ3zHgIAYwECBolFqYk/ofertasv/?filter[tourOperator]=KOMT&filter%5Bperson%5D=2&filter%5BchildAge%5D%5B1%5D=20201210&filter%5Bchild%5D=1"
"Amarina Queen Resort Egipt, Marsa Alam","5752.0","29.10.2026 - 05.11.2026","8 dni/7 nocy","","4.7","4.7","1194","tripadvisor","Gdańsk","2026-09-07T06:29:46.441024+00:00","https://fly.pl/oferta/egipt-wczasy/?filter[dest]=11:&filter[hotelids]=&filter[cityids]=&filter[cregids]=&filter[ofrType]=&filter[addObjType]=&filter[whenFrom]=10-10-2026&filter[whenTo]=05-11-2026&filter[duration]=7:10&filter[from]=&filter[person]=2&filter[child]=1&filter[price]=0:11000&filter[PriceFrom]=0&filter[PriceTo]=11000&filter[addCategory]=50&filter[addCatering]=1&filter[addMisc]=0&filter[addTransport]=F&filter[fp]=1&order_by=ofr_price&filter[tourOperator]=0&filter[childAge][1]=20201210","https://fly.pl/cdn/photo/assets/uploads/582/278/2024/07/amarina-queen-resort.jpg","https://fly.pl/wycieczka/egipt,marsa-alam,c/amarina-queen-resort-12/pCKm4i85f4mi--0E3Uu3NZAAogue4Cx0daWn-6h-vByQ-zpwDrvrLMF5DSU3_WGB_7L2cqBE9BU0kw27P51AZI-CxQAVjZCWACagNBSWxyIRwRgqQBuQS9_Q-rBB4brskPGKOMEwHt3eWqAgIAYwECDGSNot0/ofertasv/?filter[tourOperator]=OASI&filter%5Bperson%5D=2&filter%5BchildAge%5D%5B1%5D=20201210&filter%5Bchild%5D=1"
"Regency Plaza Aqua Park Spa Egipt, Sharm El Sheikh, Szarm el-Szejk","5997.0","28.10.2026 - 04.11.2026","9 dni/7 nocy","","4.1","4.1","6180","tripadvisor","Gdańsk","2026-09-07T06:29:46.441024+00:00","https://fly.pl/oferta/egipt-wczasy/?filter[dest]=11:&filter[hotelids]=&filter[cityids]=&filter[cregids]=&filter[ofrType]=&filter[addObjType]=&filter[whenFrom]=10-10-2026&filter[whenTo]=05-11-2026&filter[duration]=7:10&filter[from]=&filter[person]=2&filter[child]=1&filter[price]=0:11000&filter[PriceFrom]=0&filter[PriceTo]=11000&filter[addCategory]=50&filter[addCatering]=1&filter[addMisc]=0&filter[addTransport]=F&filter[fp]=1&order_by=ofr_price&filter[tourOperator]=0&filter[childAge][1]=20201210","https://fly.pl/cdn/photo/assets/uploads/582/278/2014/07/Regency-Plaza-Aqua-Park-Spa-fly-pl.jpg","https://fly.pl/wycieczka/egipt,sharm-el-sheikh,szarm-el-szejk/regency-plaza/pIOpfZQ8W0LjyHevKmZzG2AAog8VvHl7gw0dlFgVWb3MsZoHIhrbyPomD2uW-Fwn8rcgYqBE9BU0kw27P51AZI7S5QAVjBCWACagNBSWxyIRwRxq8BuQStqxCrBBIby8YOGIrJEQHLqpipAgIAYwECDSam4_E/ofertasv/?filter[tourOperator]=OASI&filter%5Bperson%5D=2&filter%5BchildAge%5D%5B1%5D=20201210&filter%5Bchild%5D=1"
"Novotel Marsa Alam Egipt, Marsa Alam","6037.0","29.10.2026 - 05.11.2026","8 dni/7 nocy","","4.5","4.5","3674","tripadvisor","Gdańsk","2026-09-07T06:29:46.441024+00:00","https://fly.pl/oferta/egipt-wczasy/?filter[dest]=11:&filter[hotelids]=&filter[cityids]=&filter[cregids]=&filter[ofrType]=&filter[addObjType]=&filter[whenFrom]=10-10-2026&filter[whenTo]=05-11-2026&filter[duration]=7:10&filter[from]=&filter[person]=2&filter[child]=1&filter[price]=0:11000&filter[PriceFrom]=0&filter[PriceTo]=11000&filter[addCategory]=50&filter[addCatering]=1&filter[addMisc]=0&filter[addTransport]=F&filter[fp]=1&order_by=ofr_price&filter[tourOperator]=0&filter[childAge][1]=20201210","https://fly.pl/cdn/photo/assets/uploads/582/278/2015/09/Novotel-Marsa-Alam.jpg","https://fly.pl/wycieczka/egipt,marsa-alam,c/novotel-marsa-alam/pBk4Gx1oI5llkJwHzmQhJNAAogEGYcKOwfxN1HHT9GvcGWYzKdxs8NDMjTRuzG1nHTIV4qBEVYSU0w27P51AZIlS9QAVjZCWACagJBSXIhHBHO_wa5BO2rS6sEaxum-UQYvfdGAeOaqM4NAhJjAQIF2-Blow/ofertasv/?filter[tourOperator]=EXIM&filter%5Bperson%5D=2&filter%5BchildAge%5D%5B1%5D=20201210&filter%5Bchild%5D=1"
"Amarina Jannah Resort Aquapark Egipt, Marsa Alam, Port Ghalib","6050.0","27.10.2026 - 03.11.2026","8 dni/7 nocy","","4.7","4.7","667","tripadvisor","Gdańsk","2026-09-07T06:29:46.441024+00:00","https://fly.pl/oferta/egipt-wczasy/?filter[dest]=11:&filter[hotelids]=&filter[cityids]=&filter[cregids]=&filter[ofrType]=&filter[addObjType]=&filter[whenFrom]=10-10-2026&filter[whenTo]=05-11-2026&filter[duration]=7:10&filter[from]=&filter[person]=2&filter[child]=1&filter[price]=0:11000&filter[PriceFrom]=0&filter[PriceTo]=11000&filter[addCategory]=50&filter[addCatering]=1&filter[addMisc]=0&filter[addTransport]=F&filter[fp]=1&order_by=ofr_price&filter[tourOperator]=0&filter[childAge][1]=20201210","https://fly.pl/cdn/photo/assets/uploads/582/278/2023/04/Amarina-Jannah-Resort-Aquapark.jpg","https://fly.pl/wycieczka/egipt,marsa-alam,port-ghalib/amarina-jannah-resort-aquapark-15/p64JS4hio0FyZBzJjfYtS2AAogrC9PAcm0e6PC5BIKGtxXIbEeAQVSJ5EhohXMAaWMnAYqBE9BU0kw27P51AZIoi9QAVipCWACagNBSWxyIRwRgKQBuQSYthCrBAgbvJAPGKOMEwGTyeOqAgIAYwECDEwHB_0/ofertasv/?filter[tourOperator]=OASI&filter%5Bperson%5D=2&filter%5BchildAge%5D%5B1%5D=20201210&filter%5Bchild%5D=1"
"Jaz Grand Marsa (ex Resta Grand Resort) Egipt, Marsa Alam, Madinat Coraya","6067.0","28.10.2026 - 04.11.2026","8 dni/7 nocy","","4.6","4.6","6426","tripadvisor","Warszawa - Modlin","2026-09-07T06:29:46.441024+00:00","https://fly.pl/oferta/egipt-wczasy/?filter[dest]=11:&filter[hotelids]=&filter[cityids]=&filter[cregids]=&filter[ofrType]=&filter[addObjType]=&filter[whenFrom]=10-10-2026&filter[whenTo]=05-11-2026&filter[duration]=7:10&filter[from]=&filter[person]=2&filter[child]=1&filter[price]=0:11000&filter[PriceFrom]=0&filter[PriceTo]=11000&filter[addCategory]=50&filter[addCatering]=1&filter[addMisc]=0&filter[addTransport]=F&filter[fp]=1&order_by=ofr_price&filter[tourOperator]=0&filter[childAge][1]=20201210","https://fly.pl/cdn/photo/assets/uploads/582/278/2014/09/grand.jpg","https://fly.pl/wycieczka/egipt,marsa-alam,madinat-coraya/resta-grand-resort/pJbgCoI74q4HF8okHYvyM7AAogceoKAHZGlPkAacQZJ28NXxMX033-gYOoV0TNZ_GKOrIqBEVYSU0w27P51AZIsy9QAVjBCWACagJBSXIhHBG-2Qa5BKLTS6sEPhur5DUY0e9VAf3G5csNAgBjAQIM-pOzHg/ofertasv/?filter[tourOperator]=EXIM&filter%5Bperson%5D=2&filter%5BchildAge%5D%5B1%5D=20201210&filter%5Bchild%5D=1"
"Xperience Kiroseiz Premier Egipt, Sharm El Sheikh","6119.0","28.10.2026 - 04.11.2026","9 dni/7 nocy","","4.5","4.5","990","tripadvisor","Gdańsk","2026-09-07T06:29:46.441024+00:00","https://fly.pl/oferta/egipt-wczasy/?filter[dest]=11:&filter[hotelids]=&filter[cityids]=&filter[cregids]=&filter[ofrType]=&filter[addObjType]=&filter[whenFrom]=10-10-2026&filter[whenTo]=05-11-2026&filter[duration]=7:10&filter[from]=&filter[person]=2&filter[child]=1&filter[price]=0:11000&filter[PriceFrom]=0&filter[PriceTo]=11000&filter[addCategory]=50&filter[addCatering]=1&filter[addMisc]=0&filter[addTransport]=F&filter[fp]=1&order_by=ofr_price&filter[tourOperator]=0&filter[childAge][1]=20201210","https://fly.pl/cdn/photo/assets/uploads/582/278/2015/11/Xperience-Kiroseiz-Premier-fly-pl-3.jpg","https://fly.pl/wycieczka/egipt,sharm-el-sheikh,c/xperience-kiroseiz-premier/pJO4FOkx3ugP2441A_kU3kAAogcodN3Ly34wL6l42kRilrG3IhrbyPomD2uW-Fwn8rcgYqBE9BU0kw27P51AZI5y9QAVjBCWACagNBSWxyIRwR-a8BuQT6qhCrBBIbr5QMGJ2AFAHnmJ2pAgIAYwECC8Mqamc/ofertasv/?filter[tourOperator]=OASI&filter%5Bperson%5D=2&filter%5BchildAge%5D%5B1%5D=20201210&filter%5Bchild%5D=1"
"Amwaj Oyoun Resort & Spa (ex AA Amwaj Resort) Egipt, Sharm El Sheikh","6174.0","29.10.2026 - 05.11.2026","8 dni/7 nocy","","4.0","4.0","5324","tripadvisor","Warszawa - Modlin","2026-09-07T06:29:46.441024+00:00","https://fly.pl/oferta/egipt-wczasy/?filter[dest]=11:&filter[hotelids]=&filter[cityids]=&filter[cregids]=&filter[ofrType]=&filter[addObjType]=&filter[whenFrom]=10-10-2026&filter[whenTo]=05-11-2026&filter[duration]=7:10&filter[from]=&filter[person]=2&filter[child]=1&filter[price]=0:11000&filter[PriceFrom]=0&filter[PriceTo]=11000&filter[addCategory]=50&filter[addCatering]=1&filter[addMisc]=0&filter[addTransport]=F&filter[fp]=1&order_by=ofr_price&filter[tourOperator]=0&filter[childAge][1]=20201210","https://fly.pl/cdn/photo/assets/uploads/582/278/2014/07/Amwaj-Oyoun-Resort-Spa-ex-AA-Amwaj-Resort-fly-pl.jpg","https://fly.pl/wycieczka/egipt,sharm-el-sheikh,c/amwaj-oyoun-resort-ex-aa-amwaj-resort/pW9AjK8m1sqjSXLqgJf8GrAAogS4P4SC0jZ9OJOXwJVJcmeRstrgoMttrZgZAvN8rfQ44qBEtPTVQw27P51AZInjBQAVjZCWACagJBSXIfHBG0G7kEtOIBqwQDGI2lBBufqyQB-rrWHgIAYwECBQR5_C4/ofertasv/?filter[tourOperator]=KOMT&filter%5Bperson%5D=2&filter%5BchildAge%5D%5B1%5D=20201210&filter%5Bchild%5D=1"
"Rewaya Majestic Resort Egipt, Hurghada","6187.0","27.10.2026 - 03.11.2026","9 dni/7 nocy","","","","","","Warszawa - Modlin","2026-09-07T06:29:46.441024+00:00","https://fly.pl/oferta/egipt-wczasy/?filter[dest]=11:&filter[hotelids]=&filter[cityids]=&filter[cregids]=&filter[ofrType]=&filter[addObjType]=&filter[whenFrom]=10-10-2026&filter[whenTo]=05-11-2026&filter[duration]=7:10&filter[from]=&filter[person]=2&filter[child]=1&filter[price]=0:11000&filter[PriceFrom]=0&filter[PriceTo]=11000&filter[addCategory]=50&filter[addCatering]=1&filter[addMisc]=0&filter[addTransport]=F&filter[fp]=1&order_by=ofr_price&filter[tourOperator]=0&filter[childAge][1]=20201210","https://datacfstatic.merlinx.pl/EXIM/IMG/114588/e3a15b238b2d30f27199dd0e48d3c85c0bc5e06a1c321d66bdb885dd7a89e111.webp","https://fly.pl/wycieczka/egipt,hurghada,c/rewaya-majestic-resort-10/paBLKWaRXP9et5y_wPkpCNAAogr62pPgv1QM-SW7VDsmj5Q5eMXePUQkpobZ-BQI6-nbQqBEVYSU0w27P51AZIqzBQAVipCWACagNVQUlyIRwRnP8GqwSlqUu5BEUb6p9AGP7lRwH0-_GrDQISYwECDQd-W-s/ofertasv/?filter[tourOperator]=EXIM&filter%5Bperson%5D=2&filter%5BchildAge%5D%5B1%5D=20201210&filter%5Bchild%5D=1"
"Rewaya Luxury Resort Egipt, Hurghada","6257.0","26.10.2026 - 02.11.2026","8 dni/7 nocy","","","","","","Wrocław","2026-09-07T06:29:46.441024+00:00","https://fly.pl/oferta/egipt-wczasy/?filter[dest]=11:&filter[hotelids]=&filter[cityids]=&filter[cregids]=&filter[ofrType]=&filter[addObjType]=&filter[whenFrom]=10-10-2026&filter[whenTo]=05-11-2026&filter[duration]=7:10&filter[from]=&filter[person]=2&filter[child]=1&filter[price]=0:11000&filter[PriceFrom]=0&filter[PriceTo]=11000&filter[addCategory]=50&filter[addCatering]=1&filter[addMisc]=0&filter[addTransport]=F&filter[fp]=1&order_by=ofr_price&filter[tourOperator]=0&filter[childAge][1]=20201210","https://datacfstatic.merlinx.pl/EXIM/IMG/114587/d4eb92cfe350c7a33d54f02107ec3a32db9ef7ad1d4e95c8b7b4944e33e5d7b4.webp","https://fly.pl/wycieczka/egipt,hurghada,c/rewaya-luxury-resort-9/pV0qmTD2k9Gk5XJZ8JXujnAAog2K-Noss6pAGqOLH8oTH98EC1s_91XUcwnSM3DHzSwvgqBEVYSU0w27P51AZI8TBQAViRCWACagNVQUlyIRwRm_8GuQSvqEurBF8bx59AGO_mRwG0kd2rDQISYwECDU93A9I/ofertasv/?filter[tourOperator]=EXIM&filter%5Bperson%5D=2&filter%5BchildAge%5D%5B1%5D=20201210&filter%5Bchild%5D=1"
"AMC Royal Hotel & Spa (ex. AMC Azur Resort) Egipt, Hurghada","6314.0","29.10.2026 - 05.11.2026","8 dni/7 nocy","","4.4","4.4","3064","tripadvisor","Warszawa","2026-09-07T06:29:46.441024+00:00","https://fly.pl/oferta/egipt-wczasy/?filter[dest]=11:&filter[hotelids]=&filter[cityids]=&filter[cregids]=&filter[ofrType]=&filter[addObjType]=&filter[whenFrom]=10-10-2026&filter[whenTo]=05-11-2026&filter[duration]=7:10&filter[from]=&filter[person]=2&filter[child]=1&filter[price]=0:11000&filter[PriceFrom]=0&filter[PriceTo]=11000&filter[addCategory]=50&filter[addCatering]=1&filter[addMisc]=0&filter[addTransport]=F&filter[fp]=1&order_by=ofr_price&filter[tourOperator]=0&filter[childAge][1]=20201210","https://fly.pl/cdn/photo/assets/uploads/582/278/2014/07/AMC-Royal-Resort.jpg","https://fly.pl/wycieczka/egipt,hurghada,c/amc-royal-ex-amc-azur-resort/pu8lxfiubRFdEBWGeqp_uJAAog3jdejIJWZzHvwlmC-0ASkhLqCxxQb8S86Hh0k4aD-ioqBE9SRVgw27P51AZIqjFQQVjZCWACagZDWC4yLjFyNZsBFQcXAFwDWAVWAhEEQMYGXZsPTyRT0p0BUgBer09L7UNhAEzljDoguP2XCQ0AAhJjAQIMzDLkdw/ofertasv/?filter[tourOperator]=OREX&filter%5Bperson%5D=2&filter%5BchildAge%5D%5B1%5D=20201210&filter%5Bchild%5D=1"
"Gemma Resort (ex. Labranda Gemma Premium Resort) Egipt, Marsa Alam","6318.0","27.10.2026 - 03.11.2026","8 dni/7 nocy","","4.5","4.5","5575","tripadvisor","Gdańsk","2026-09-07T06:29:46.441024+00:00","https://fly.pl/oferta/egipt-wczasy/?filter[dest]=11:&filter[hotelids]=&filter[cityids]=&filter[cregids]=&filter[ofrType]=&filter[addObjType]=&filter[whenFrom]=10-10-2026&filter[whenTo]=05-11-2026&filter[duration]=7:10&filter[from]=&filter[person]=2&filter[child]=1&filter[price]=0:11000&filter[PriceFrom]=0&filter[PriceTo]=11000&filter[addCategory]=50&filter[addCatering]=1&filter[addMisc]=0&filter[addTransport]=F&filter[fp]=1&order_by=ofr_price&filter[tourOperator]=0&filter[childAge][1]=20201210","https://fly.pl/cdn/photo/assets/uploads/582/278/2015/06/Gemma-Resort.jpg","https://fly.pl/wycieczka/egipt,marsa-alam,c/gemma-resort/pWeFiigb9eOrX1srEftK54AAog-5eStDvUeZy_Hn1AssU4FbEeAQVSJ5EhohXMAaWMnAYqBE9BU0kw27P51AZIrjFQAVipCWACagNBSWxyIRwRlKQBuQSEthCrBAgbusoMGMW5EwHJ4eeZAgIAYwECDZh-uRk/ofertasv/?filter[tourOperator]=OASI&filter%5Bperson%5D=2&filter%5BchildAge%5D%5B1%5D=20201210&filter%5Bchild%5D=1"
"Xperience Kiroseiz Parkland Egipt, Sharm El Sheikh","6345.0","28.10.2026 - 04.11.2026","9 dni/7 nocy","","4.5","4.5","3121","tripadvisor","Gdańsk","2026-09-07T06:29:46.441024+00:00","https://fly.pl/oferta/egipt-wczasy/?filter[dest]=11:&filter[hotelids]=&filter[cityids]=&filter[cregids]=&filter[ofrType]=&filter[addObjType]=&filter[whenFrom]=10-10-2026&filter[whenTo]=05-11-2026&filter[duration]=7:10&filter[from]=&filter[person]=2&filter[child]=1&filter[price]=0:11000&filter[PriceFrom]=0&filter[PriceTo]=11000&filter[addCategory]=50&filter[addCatering]=1&filter[addMisc]=0&filter[addTransport]=F&filter[fp]=1&order_by=ofr_price&filter[tourOperator]=0&filter[childAge][1]=20201210","https://fly.pl/cdn/photo/assets/uploads/582/278/2014/06/Xperience-Kiroseiz-Parkland-fly-pl.jpg","https://fly.pl/wycieczka/egipt,sharm-el-sheikh,c/xperience-kiroseiz-parkland/p7Y07PUNj8M1eMk1_gQUcuAAogeBvCMuMAyuD3nqaBS7gayHIhrbyPomD2uW-Fwn8rcgYqBE9BU0kw27P51AZIyTFQAVjBCWACagNBSWxyIRwR9a8BuQT-qhCrBBIb75MMGNCAFAHo0Z2pAgIAYwECC3OYHa8/ofertasv/?filter[tourOperator]=OASI&filter%5Bperson%5D=2&filter%5BchildAge%5D%5B1%5D=20201210&filter%5Bchild%5D=1"
"Xperience Sea Breeze Egipt, Sharm El Sheikh","6589.0","28.10.2026 - 04.11.2026","9 dni/7 nocy","","4.7","4.7","11506","tripadvisor","Gdańsk","2026-09-07T06:29:46.441024+00:00","https://fly.pl/oferta/egipt-wczasy/?filter[dest]=11:&filter[hotelids]=&filter[cityids]=&filter[cregids]=&filter[ofrType]=&filter[addObjType]=&filter[whenFrom]=10-10-2026&filter[whenTo]=05-11-2026&filter[duration]=7:10&filter[from]=&filter[person]=2&filter[child]=1&filter[price]=0:11000&filter[PriceFrom]=0&filter[PriceTo]=11000&filter[addCategory]=50&filter[addCatering]=1&filter[addMisc]=0&filter[addTransport]=F&filter[fp]=1&order_by=ofr_price&filter[tourOperator]=0&filter[childAge][1]=20201210","https://fly.pl/cdn/photo/assets/uploads/582/278/2014/07/XPERIENCE-SEA-BREEZE-RESORT.jpg","https://fly.pl/wycieczka/egipt,sharm-el-sheikh,c/xperience-sea-breeze/pIeib_Y4aDgNW89bxgc619AAogS8gEpnOhJE5lbgc2xxeKUHIhrbyPomD2uW-Fwn8rcgYqBE9BU0kw27P51AZIvTNQAVjBCWACagNBSWxyIRwRgrABuQTxqhCrBBIbzpMMGJSBFAHyl6CpAgIAYwECCyFzkuQ/ofertasv/?filter[tourOperator]=OASI&filter%5Bperson%5D=2&filter%5BchildAge%5D%5B1%5D=20201210&filter%5Bchild%5D=1"
"Royal Regency Club Egipt, Sharm El Sheikh, Szarm el-Szejk","6801.0","28.10.2026 - 04.11.2026","9 dni/7 nocy","","4.4","4.4","357","tripadvisor","Gdańsk","2026-09-07T06:29:46.441024+00:00","https://fly.pl/oferta/egipt-wczasy/?filter[dest]=11:&filter[hotelids]=&filter[cityids]=&filter[cregids]=&filter[ofrType]=&filter[addObjType]=&filter[whenFrom]=10-10-2026&filter[whenTo]=05-11-2026&filter[duration]=7:10&filter[from]=&filter[person]=2&filter[child]=1&filter[price]=0:11000&filter[PriceFrom]=0&filter[PriceTo]=11000&filter[addCategory]=50&filter[addCatering]=1&filter[addMisc]=0&filter[addTransport]=F&filter[fp]=1&order_by=ofr_price&filter[tourOperator]=0&filter[childAge][1]=20201210","https://fly.pl/cdn/photo/assets/uploads/582/278/2024/07/royal-regency-club.jpg","https://fly.pl/wycieczka/egipt,sharm-el-sheikh,szarm-el-szejk/royal-regency-club/phHSp8najcW-ht1QJ3WfKMAAogWkmGJieDjZtLIGFb7li8X3IhrbyPomD2uW-Fwn8rcgYqBE9BU0kw27P51AZIkTVQAVjBCWACagNBSStyIRwR3a8BuQSWqxCrBBIbyYYPGLiFEwHSgtmqAgIAYwECDS3QG_k/ofertasv/?filter[tourOperator]=OASI&filter%5Bperson%5D=2&filter%5BchildAge%5D%5B1%5D=20201210&filter%5Bchild%5D=1"
"Pickalbatros Villaggio Resort Portofino Egipt, Marsa Alam","6837.0","26.10.2026 - 02.11.2026","8 dni/7 nocy","","4.9","4.9","1592","tripadvisor","Warszawa - Modlin","2026-09-07T06:29:46.441024+00:00","https://fly.pl/oferta/egipt-wczasy/?filter[dest]=11:&filter[hotelids]=&filter[cityids]=&filter[cregids]=&filter[ofrType]=&filter[addObjType]=&filter[whenFrom]=10-10-2026&filter[whenTo]=05-11-2026&filter[duration]=7:10&filter[from]=&filter[person]=2&filter[child]=1&filter[price]=0:11000&filter[PriceFrom]=0&filter[PriceTo]=11000&filter[addCategory]=50&filter[addCatering]=1&filter[addMisc]=0&filter[addTransport]=F&filter[fp]=1&order_by=ofr_price&filter[tourOperator]=0&filter[childAge][1]=20201210","https://fly.pl/cdn/photo/assets/uploads/582/278/2024/07/pickalbatros-villaggio-resort-portofino.jpg","https://fly.pl/wycieczka/egipt,marsa-alam,c/pickalbatros-villaggio-resort-portofino-15/pJK3VqeFLL1nt-4o7fbi0nAAogPqp0oEIiHDWiouDWm2Y46pQB3BBoU8HI00KB_W6Iw_MqBEVYSU0w27P51AZItTVQAViRCWACagJBSXIhHBHP_ga5BKiuS6sEPxvCgzwYmJlPAZqL_8YNAgBjAQIMFyBgwQ/ofertasv/?filter[tourOperator]=EXIM&filter%5Bperson%5D=2&filter%5BchildAge%5D%5B1%5D=20201210&filter%5Bchild%5D=1"
"Dream Lagoon & Aqua Park Resort (ex. Floriana Dream Lagoon) Egipt, Marsa Alam","6908.0","29.10.2026 - 05.11.2026","8 dni/7 nocy","","4.3","4.3","5717","tripadvisor","Katowice","2026-09-07T06:29:46.441024+00:00","https://fly.pl/oferta/egipt-wczasy/?filter[dest]=11:&filter[hotelids]=&filter[cityids]=&filter[cregids]=&filter[ofrType]=&filter[addObjType]=&filter[whenFrom]=10-10-2026&filter[whenTo]=05-11-2026&filter[duration]=7:10&filter[from]=&filter[person]=2&filter[child]=1&filter[price]=0:11000&filter[PriceFrom]=0&filter[PriceTo]=11000&filter[addCategory]=50&filter[addCatering]=1&filter[addMisc]=0&filter[addTransport]=F&filter[fp]=1&order_by=ofr_price&filter[tourOperator]=0&filter[childAge][1]=20201210","https://fly.pl/cdn/photo/assets/uploads/582/278/2015/11/Future-Dream-Lagoon-ex.-Floriana-Dream-Lagoon-fly-pl.jpg","https://fly.pl/wycieczka/egipt,marsa-alam,c/floriana-dream-lagoon/ptSa4nKR9d5DkoSYbQQ0ypAAogCBBrYiyNM3YbPxv6UmQ9NMf7aOogEcfP-IyfG5F-ZlYqBE9SRVgw27P51AZI_DVQQVjZCWACagYwWi4yLjFyNpsBFQcXAFwDWAVWAkDKBhHfDl3UM08kS8KJAWEAXqcwUrwUUwBMlrw6Dbj9lwkgAAISYwECDRgmAlg/ofertasv/?filter[tourOperator]=OREX&filter%5Bperson%5D=2&filter%5BchildAge%5D%5B1%5D=20201210&filter%5Bchild%5D=1"
"Albatros Sea World Resort Marsa Alam Egipt, Marsa Alam, Al-Kusajr","6917.0","29.10.2026 - 05.11.2026","8 dni/7 nocy","","4.7","4.7","4491","tripadvisor","Gdańsk","2026-09-07T06:29:46.441024+00:00","https://fly.pl/oferta/egipt-wczasy/?filter[dest]=11:&filter[hotelids]=&filter[cityids]=&filter[cregids]=&filter[ofrType]=&filter[addObjType]=&filter[whenFrom]=10-10-2026&filter[whenTo]=05-11-2026&filter[duration]=7:10&filter[from]=&filter[person]=2&filter[child]=1&filter[price]=0:11000&filter[PriceFrom]=0&filter[PriceTo]=11000&filter[addCategory]=50&filter[addCatering]=1&filter[addMisc]=0&filter[addTransport]=F&filter[fp]=1&order_by=ofr_price&filter[tourOperator]=0&filter[childAge][1]=20201210","https://fly.pl/cdn/photo/assets/uploads/582/278/2017/08/ALBATROS-SEA-WORLD.jpg","https://fly.pl/wycieczka/egipt,marsa-alam,al-kusajr/sea-world-resort-marsa-alam/ppTjQq0yf7Bs9layudtDhDAAogLf8Hy1Opz0fVwkEmWjtgEjKdxs8NDMjTRuzG1nHTIV4qBEVYSU0w27P51AZIhTZQAVjZCWACagJBSXIhHBHL9Aa5BPC2S6sEaxuc4zUYuLpVAaml_sYNAgBjAQIMBok3XQ/ofertasv/?filter[tourOperator]=EXIM&filter%5Bperson%5D=2&filter%5BchildAge%5D%5B1%5D=20201210&filter%5Bchild%5D=1"
"Albatros Oasis Port Ghalib (ex. Red Sea Port Ghalib Resort) Egipt, Marsa Alam, Port Ghalib","7047.0","28.10.2026 - 04.11.2026","8 dni/7 nocy","","4.6","4.6","3640","tripadvisor","Warszawa - Modlin","2026-09-07T06:29:46.441024+00:00","https://fly.pl/oferta/egipt-wczasy/?filter[dest]=11:&filter[hotelids]=&filter[cityids]=&filter[cregids]=&filter[ofrType]=&filter[addObjType]=&filter[whenFrom]=10-10-2026&filter[whenTo]=05-11-2026&filter[duration]=7:10&filter[from]=&filter[person]=2&filter[child]=1&filter[price]=0:11000&filter[PriceFrom]=0&filter[PriceTo]=11000&filter[addCategory]=50&filter[addCatering]=1&filter[addMisc]=0&filter[addTransport]=F&filter[fp]=1&order_by=ofr_price&filter[tourOperator]=0&filter[childAge][1]=20201210","https://fly.pl/cdn/photo/assets/uploads/582/278/2014/09/pickalbatros-oasis.jpg","https://fly.pl/wycieczka/egipt,marsa-alam,port-ghalib/crowne-plaza-sahara-oasis-resort/pEgU6VYBJf0kIGTCPyQ6k4AAogHI8rC0nSAcwXpdq4OQIVQxMX033-gYOoV0TNZ_GKOrIqBEVYSU0w27P51AZIhzdQAVjBCWACagJBSXIhHBHS2Qa5BI7TS6sEPhvF4TUY-7pVAaLdtM4NAgBjAQIMjkrbng/ofertasv/?filter[tourOperator]=EXIM&filter%5Bperson%5D=2&filter%5BchildAge%5D%5B1%5D=20201210&filter%5Bchild%5D=1"
"Hawaii Paradise Aqua Park Resort Egipt, Hurghada","7078.0","14.10.2026 - 21.10.2026","8 dni/7 nocy","","3.4","3.4","441","tripadvisor","Katowice","2026-09-07T06:29:46.441024+00:00","https://fly.pl/oferta/egipt-wczasy/?filter[dest]=11:&filter[hotelids]=&filter[cityids]=&filter[cregids]=&filter[ofrType]=&filter[addObjType]=&filter[whenFrom]=10-10-2026&filter[whenTo]=05-11-2026&filter[duration]=7:10&filter[from]=&filter[person]=2&filter[child]=1&filter[price]=0:11000&filter[PriceFrom]=0&filter[PriceTo]=11000&filter[addCategory]=50&filter[addCatering]=1&filter[addMisc]=0&filter[addTransport]=F&filter[fp]=1&order_by=ofr_price&filter[tourOperator]=0&filter[childAge][1]=20201210","https://fly.pl/cdn/photo/assets/uploads/582/278/2020/09/Hawaii-Paradise-Aqua-Park-Resort.jpg","https://fly.pl/wycieczka/egipt,hurghada,c/hawaii-paradise-aqua-park-resort-14/pApMhh20FvOHBGbV1YujqLAAogUUH-4BoGB7c6_W7xMZOletQ85krozDkw2BfFht7tPUIqBEpPSVAw27P51AZIpjdQQVjxBmACagNDR21yQ5sBFAEVBhcAXANYBVYCQMoGT-IBXQBSr6sBUwBLiB9hAF6nMBGxzwFMoYE5Dan9lwkgAAG1n-Sw44bMoDACDmMBAA3sMJEl/ofertasv/?filter[tourOperator]=JOIP&filter%5Bperson%5D=2&filter%5BchildAge%5D%5B1%5D=20201210&filter%5Bchild%5D=1"
"Albatros Palace Port Ghalib (ex. Red Sea The Palace) Egipt, Marsa Alam, Port Ghalib","7117.0","29.10.2026 - 05.11.2026","8 dni/7 nocy","","4.7","4.7","3737","tripadvisor","Gdańsk","2026-09-07T06:29:46.441024+00:00","https://fly.pl/oferta/egipt-wczasy/?filter[dest]=11:&filter[hotelids]=&filter[cityids]=&filter[cregids]=&filter[ofrType]=&filter[addObjType]=&filter[whenFrom]=10-10-2026&filter[whenTo]=05-11-2026&filter[duration]=7:10&filter[from]=&filter[person]=2&filter[child]=1&filter[price]=0:11000&filter[PriceFrom]=0&filter[PriceTo]=11000&filter[addCategory]=50&filter[addCatering]=1&filter[addMisc]=0&filter[addTransport]=F&filter[fp]=1&order_by=ofr_price&filter[tourOperator]=0&filter[childAge][1]=20201210","https://fly.pl/cdn/photo/assets/uploads/582/278/2014/09/albatros-palace.jpg","https://fly.pl/wycieczka/egipt,marsa-alam,port-ghalib/intercontinental-the-palace-port-ghalib/pWMjnKWl3Q2VJ4FKOFBb-cAAogIdh8uLrkSkSwe-rEEo6neDKdxs8NDMjTRuzG1nHTIV4qBEVYSU0w27P51AZIzTdQAVjZCWACagJBSXIhHBHN9Aa5BO62S6sEaxva4jUY6rpVAcm4_cYNAgBjAQIMG7dLUg/ofertasv/?filter[tourOperator]=EXIM&filter%5Bperson%5D=2&filter%5BchildAge%5D%5B1%5D=20201210&filter%5Bchild%5D=1"
"Movenpick Resort Soma Bay Egipt, Hurghada","7164.0","29.10.2026 - 05.11.2026","8 dni/7 nocy","","4.3","4.3","4058","tripadvisor","Warszawa","2026-09-07T06:29:46.441024+00:00","https://fly.pl/oferta/egipt-wczasy/?filter[dest]=11:&filter[hotelids]=&filter[cityids]=&filter[cregids]=&filter[ofrType]=&filter[addObjType]=&filter[whenFrom]=10-10-2026&filter[whenTo]=05-11-2026&filter[duration]=7:10&filter[from]=&filter[person]=2&filter[child]=1&filter[price]=0:11000&filter[PriceFrom]=0&filter[PriceTo]=11000&filter[addCategory]=50&filter[addCatering]=1&filter[addMisc]=0&filter[addTransport]=F&filter[fp]=1&order_by=ofr_price&filter[tourOperator]=0&filter[childAge][1]=20201210","https://fly.pl/cdn/photo/assets/uploads/582/278/2009/02/Movenpick-Soma-Bay2539.jpg","https://fly.pl/wycieczka/egipt,hurghada,c/movenpick-soma-bay/p8MAcoChvRw-TV6kIoKC79AAog5IVuk_3WHfuAXvCCZLg8FRLqCxxQb8S86Hh0k4aD-ioqBE9SRVgw27P51AZI_DdQQVjZCWACagdCSzYuMi4xcjWbARUHFwBcA1gFVgJAygYREl2JD08kU9KdAVIAXq9PS-1DYQBM5Yw6ILj9lwkNAAISYwECC2s_5Cw/ofertasv/?filter[tourOperator]=OREX&filter%5Bperson%5D=2&filter%5BchildAge%5D%5B1%5D=20201210&filter%5Bchild%5D=1"
"Pickalbatros Vita Resort Portofino Egipt, Marsa Alam","7177.0","26.10.2026 - 02.11.2026","8 dni/7 nocy","","4.9","4.9","752","tripadvisor","Warszawa - Modlin","2026-09-07T06:29:46.441024+00:00","https://fly.pl/oferta/egipt-wczasy/?filter[dest]=11:&filter[hotelids]=&filter[cityids]=&filter[cregids]=&filter[ofrType]=&filter[addObjType]=&filter[whenFrom]=10-10-2026&filter[whenTo]=05-11-2026&filter[duration]=7:10&filter[from]=&filter[person]=2&filter[child]=1&filter[price]=0:11000&filter[PriceFrom]=0&filter[PriceTo]=11000&filter[addCategory]=50&filter[addCatering]=1&filter[addMisc]=0&filter[addTransport]=F&filter[fp]=1&order_by=ofr_price&filter[tourOperator]=0&filter[childAge][1]=20201210","https://fly.pl/cdn/photo/assets/uploads/582/278/2024/07/pickalbatros-vita-resort-portofino.jpg","https://fly.pl/wycieczka/egipt,marsa-alam,c/pickalbatros-vita-resort-portofino-11/pn6m9VkShMc7UqLUkcGtlFAAogyV37Gb46wdQl11ZDJlhnLJQB3BBoU8HI00KB_W6Iw_MqBEVYSU0w27P51AZIiThQAViRCWACagJBSXIhHBHU2Qa5BKPTS6sEPxus5DUYxLhVAabq_8YNAgBjAQIMQsEg9g/ofertasv/?filter[tourOperator]=EXIM&filter%5Bperson%5D=2&filter%5BchildAge%5D%5B1%5D=20201210&filter%5Bchild%5D=1"
"Royal Lagoons Aqua (ex. Premium Blue) Egipt, Hurghada","7220.0","15.10.2026 - 22.10.2026","8 dni/7 nocy","","4.2","4.2","4340","tripadvisor","Katowice","2026-09-07T06:29:46.441024+00:00","https://fly.pl/oferta/egipt-wczasy/?filter[dest]=11:&filter[hotelids]=&filter[cityids]=&filter[cregids]=&filter[ofrType]=&filter[addObjType]=&filter[whenFrom]=10-10-2026&filter[whenTo]=05-11-2026&filter[duration]=7:10&filter[from]=&filter[person]=2&filter[child]=1&filter[price]=0:11000&filter[PriceFrom]=0&filter[PriceTo]=11000&filter[addCategory]=50&filter[addCatering]=1&filter[addMisc]=0&filter[addTransport]=F&filter[fp]=1&order_by=ofr_price&filter[tourOperator]=0&filter[childAge][1]=20201210","https://fly.pl/cdn/photo/assets/uploads/582/278/2014/10/Royal-Lagoons-Aqua.jpg","https://fly.pl/wycieczka/egipt,hurghada,c/premium-blue-lagoon-ex-pyramisa-blue-lagoon/pWX4gjZLJlsCKjur6A4kdXAAogpe-HhmiACix2IKh33cgMb2KL7iYQ76AoqzDp0f7NVtEqBEpPSVAw27P51AZItDhQQViJB2ACagNDR21yQpsBFAEVBRcBXANYBVYCQMoGT6sBXQBS5qsBUwBLiB9hAF6nMBGHMkzLnjoNqv2XCSABAbGbwPCkicygMAIOYwEADZzmrvU/ofertasv/?filter[tourOperator]=JOIP&filter%5Bperson%5D=2&filter%5BchildAge%5D%5B1%5D=20201210&filter%5Bchild%5D=1"
"Naama Bay Promenade Mountain Resort Egipt, Sharm El Sheikh, Szarm el-Szejk","7357.0","28.10.2026 - 04.11.2026","9 dni/7 nocy","","4.2","4.2","1287","tripadvisor","Gdańsk","2026-09-07T06:29:46.441024+00:00","https://fly.pl/oferta/egipt-wczasy/?filter[dest]=11:&filter[hotelids]=&filter[cityids]=&filter[cregids]=&filter[ofrType]=&filter[addObjType]=&filter[whenFrom]=10-10-2026&filter[whenTo]=05-11-2026&filter[duration]=7:10&filter[from]=&filter[person]=2&filter[child]=1&filter[price]=0:11000&filter[PriceFrom]=0&filter[PriceTo]=11000&filter[addCategory]=50&filter[addCatering]=1&filter[addMisc]=0&filter[addTransport]=F&filter[fp]=1&order_by=ofr_price&filter[tourOperator]=0&filter[childAge][1]=20201210","https://fly.pl/cdn/photo/assets/uploads/582/278/2024/07/naama-bay-promenade-mountain-resort.jpg","https://fly.pl/wycieczka/egipt,sharm-el-sheikh,szarm-el-szejk/naama-bay-promenade-mountain-resort-12/pK20yVsq8uP9-GJbs026TSAAogJANCjqU01Kd4mkPBsTRdfnIhrbyPomD2uW-Fwn8rcgYqBE9BU0kw27P51AZIvTlQAVjBCWACagNBSWxyIRwRra8BuQTGqxCrBBIbyqANGLTtEgGHypOpAgIAYwECC15r0MQ/ofertasv/?filter[tourOperator]=OASI&filter%5Bperson%5D=2&filter%5BchildAge%5D%5B1%5D=20201210&filter%5Bchild%5D=1"
"Safir Sharm Waterfalls Resort (ex Hilton Waterfalls Resort) Egipt, Sharm El Sheikh","7399.0","21.10.2026 - 29.10.2026","9 dni/8 nocy","","4.4","4.4","1219","tripadvisor","Rzeszów","2026-09-07T06:29:46.441024+00:00","https://fly.pl/oferta/egipt-wczasy/?filter[dest]=11:&filter[hotelids]=&filter[cityids]=&filter[cregids]=&filter[ofrType]=&filter[addObjType]=&filter[whenFrom]=10-10-2026&filter[whenTo]=05-11-2026&filter[duration]=7:10&filter[from]=&filter[person]=2&filter[child]=1&filter[price]=0:11000&filter[PriceFrom]=0&filter[PriceTo]=11000&filter[addCategory]=50&filter[addCatering]=1&filter[addMisc]=0&filter[addTransport]=F&filter[fp]=1&order_by=ofr_price&filter[tourOperator]=0&filter[childAge][1]=20201210","https://fly.pl/cdn/photo/assets/uploads/582/278/2014/07/Hilton-Sharm-Waterfalls-Resort-fly-pl-4.jpg","https://fly.pl/wycieczka/egipt,sharm-el-sheikh,c/hilton-sharm-waterfalls-resort/ptUzeyrjAZJ8QvPFv4xF_8AAogG6pSrfCbl5tZqOB6i-LIv76_cQWKQGVxV2FI9A_CKAkqBEpPSVAw27P51AZI5zlQQViZCGACagNDR21yQpsBFAEVBhcBXAJYBVYCQMoGT-IBXQARwsYBXpw0S48YYQBSlwhTAEyssDoNsP2XCSABAZrV_LCViMygMAINYwEAC6SPBk4/ofertasv/?filter[tourOperator]=JOIP&filter%5Bperson%5D=2&filter%5BchildAge%5D%5B1%5D=20201210&filter%5Bchild%5D=1"
"The Cleopatra Luxury Resort Collection Egipt, Sharm El Sheikh, Nabq Bay","7537.0","28.10.2026 - 04.11.2026","9 dni/7 nocy","","4.5","4.5","7611","tripadvisor","Gdańsk","2026-09-07T06:29:46.441024+00:00","https://fly.pl/oferta/egipt-wczasy/?filter[dest]=11:&filter[hotelids]=&filter[cityids]=&filter[cregids]=&filter[ofrType]=&filter[addObjType]=&filter[whenFrom]=10-10-2026&filter[whenTo]=05-11-2026&filter[duration]=7:10&filter[from]=&filter[person]=2&filter[child]=1&filter[price]=0:11000&filter[PriceFrom]=0&filter[PriceTo]=11000&filter[addCategory]=50&filter[addCatering]=1&filter[addMisc]=0&filter[addTransport]=F&filter[fp]=1&order_by=ofr_price&filter[tourOperator]=0&filter[childAge][1]=20201210","https://fly.pl/cdn/photo/assets/uploads/582/278/2014/07/58ae3c6b287eb1e74191c52d1e07af6ad3ddd609476a5d59c69f95f8f8409586.jpg","https://fly.pl/wycieczka/egipt,sharm-el-sheikh,nabq-bay/the-cleopatra-luxury-resort-collection/pV6CE9i1n0ZVVMexV3ybCLAAogtSOOR81m3CC5nRcCNJHSx3IhrbyPomD2uW-Fwn8rcgYqBE9BU0kw27P51AZI8TpQAVjBCWACagNBSWxyIRwR868BuQSAqxCrBBIbkIMMGLeFFAHoq4mpAgIAYwECC4zhNBI/ofertasv/?filter[tourOperator]=OASI&filter%5Bperson%5D=2&filter%5BchildAge%5D%5B1%5D=20201210&filter%5Bchild%5D=1"
"Sea Star Beau Rivage Egipt, Hurghada","7578.0","29.10.2026 - 05.11.2026","8 dni/7 nocy","","4.5","4.5","4278","tripadvisor","Warszawa","2026-09-07T06:29:46.441024+00:00","https://fly.pl/oferta/egipt-wczasy/?filter[dest]=11:&filter[hotelids]=&filter[cityids]=&filter[cregids]=&filter[ofrType]=&filter[addObjType]=&filter[whenFrom]=10-10-2026&filter[whenTo]=05-11-2026&filter[duration]=7:10&filter[from]=&filter[person]=2&filter[child]=1&filter[price]=0:11000&filter[PriceFrom]=0&filter[PriceTo]=11000&filter[addCategory]=50&filter[addCatering]=1&filter[addMisc]=0&filter[addTransport]=F&filter[fp]=1&order_by=ofr_price&filter[tourOperator]=0&filter[childAge][1]=20201210","https://fly.pl/cdn/photo/assets/uploads/582/278/2014/07/Sea-Star-Beau-Rivage-fly-pl.jpg","https://fly.pl/wycieczka/egipt,hurghada,c/sea-star-beau-rivage/pCw0ERjnLPQeCq4_tQhKg_AAog4SIbuMpJxTiLAp233F5RVRLqCxxQb8S86Hh0k4aD-ioqBE9SRVgw27P51AZImjtQQVjZCWACagdCTEYuMi4xcjWbARUHFwBcA1gFVgIR_wVAS12bD08kU9KdAVIAXq9PS-1DYQBM5Yw6ILj9lwkNAAISYwECC4juP44/ofertasv/?filter[tourOperator]=OREX&filter%5Bperson%5D=2&filter%5BchildAge%5D%5B1%5D=20201210&filter%5Bchild%5D=1"
"Charmillion Club Resort (ex. Sea Club Resort) Egipt, Sharm El Sheikh","7656.0","29.10.2026 - 05.11.2026","8 dni/7 nocy","","4.5","4.5","6040","tripadvisor","Warszawa - Modlin","2026-09-07T06:29:46.441024+00:00","https://fly.pl/oferta/egipt-wczasy/?filter[dest]=11:&filter[hotelids]=&filter[cityids]=&filter[cregids]=&filter[ofrType]=&filter[addObjType]=&filter[whenFrom]=10-10-2026&filter[whenTo]=05-11-2026&filter[duration]=7:10&filter[from]=&filter[person]=2&filter[child]=1&filter[price]=0:11000&filter[PriceFrom]=0&filter[PriceTo]=11000&filter[addCategory]=50&filter[addCatering]=1&filter[addMisc]=0&filter[addTransport]=F&filter[fp]=1&order_by=ofr_price&filter[tourOperator]=0&filter[childAge][1]=20201210","https://fly.pl/cdn/photo/assets/uploads/582/278/2014/07/Charmillion-Club-Resort-ex.-Sea-Club-Resort-fly-pl.jpg","https://fly.pl/wycieczka/egipt,sharm-el-sheikh,c/sea-club-sharm-el-sheikh/pT2OUGwbYn4NtW3C4_8M6UAAogPFVnwuE01P-UUfnZ0vnHbxstrgoMttrZgZAvN8rfQ44qBEtPTVQw27P51AZI6DtQAVjZCWACagJBSXIfHBHOGrkEmuMBqwQDGOifBBvogCQB_NvQHgIAYwECBeRZJHU/ofertasv/?filter[tourOperator]=KOMT&filter%5Bperson%5D=2&filter%5BchildAge%5D%5B1%5D=20201210&filter%5Bchild%5D=1"
"Old Palace Resort Egipt, Hurghada","7795.0","27.10.2026 - 03.11.2026","9 dni/7 nocy","","4.6","4.6","3535","tripadvisor","Warszawa - Modlin","2026-09-07T06:29:46.441024+00:00","https://fly.pl/oferta/egipt-wczasy/?filter[dest]=11:&filter[hotelids]=&filter[cityids]=&filter[cregids]=&filter[ofrType]=&filter[addObjType]=&filter[whenFrom]=10-10-2026&filter[whenTo]=05-11-2026&filter[duration]=7:10&filter[from]=&filter[person]=2&filter[child]=1&filter[price]=0:11000&filter[PriceFrom]=0&filter[PriceTo]=11000&filter[addCategory]=50&filter[addCatering]=1&filter[addMisc]=0&filter[addTransport]=F&filter[fp]=1&order_by=ofr_price&filter[tourOperator]=0&filter[childAge][1]=20201210","https://fly.pl/cdn/photo/assets/uploads/582/278/2015/03/Old-Palace-Resort-Sahl-Hasheesh.jpg","https://fly.pl/wycieczka/egipt,hurghada,c/old-palace-resort/p0nFTo59WCaPBR_ftBwxUGAAogpMJj9ZTvMWiFIcs_hJgcJH-RivCO5fCdWQwfiBpU-nUqBE9BU0kw27P51AZI8zxQAVipCWACagNBSWxyIRwRka8BqwTb7w-5BEAbucMPGO-FEwGa_8-mAgIAYwECC2T6DT0/ofertasv/?filter[tourOperator]=OASI&filter%5Bperson%5D=2&filter%5BchildAge%5D%5B1%5D=20201210&filter%5Bchild%5D=1"
"Marriott Hurghada Beach Resort","7827.0","27.10.2026 - 03.11.2026","9 dni/7 nocy","","4.6","4.6","4867","tripadvisor","Warszawa - Modlin","2026-09-07T06:29:46.441024+00:00","https://fly.pl/oferta/egipt-wczasy/?filter[dest]=11:&filter[hotelids]=&filter[cityids]=&filter[cregids]=&filter[ofrType]=&filter[addObjType]=&filter[whenFrom]=10-10-2026&filter[whenTo]=05-11-2026&filter[duration]=7:10&filter[from]=&filter[person]=2&filter[child]=1&filter[price]=0:11000&filter[PriceFrom]=0&filter[PriceTo]=11000&filter[addCategory]=50&filter[addCatering]=1&filter[addMisc]=0&filter[addTransport]=F&filter[fp]=1&order_by=ofr_price&filter[tourOperator]=0&filter[childAge][1]=20201210","https://fly.pl/cdn/photo/assets/uploads/582/278/2014/09/Marriott-Hurghada-Beach-Resort.jpg","https://fly.pl/wycieczka/egipt,hurghada,c/marriott-hurghada-beach-resort/pNG3Luworj6G1SXHmUxdCoAAogk2W2pwH7XGP36JXY8Q_MX5eMXePUQkpobZ-BQI6-nbQqBEVYSU0w3bP51AZIkz1QAVipCWACagJBSXIhHBGp_warBJipS7kERRvioUAYxuJHAaWw7qsNAhJjAQIH-LD5mw/ofertasv/?filter[tourOperator]=EXIM&filter%5Bperson%5D=2&filter%5BchildAge%5D%5B1%5D=20201210&filter%5Bchild%5D=1"
"Jaz Aquamarine Resort","7827.0","27.10.2026 - 03.11.2026","9 dni/7 nocy","","4.6","4.6","17141","tripadvisor","Warszawa - Modlin","2026-09-07T06:29:46.441024+00:00","https://fly.pl/oferta/egipt-wczasy/?filter[dest]=11:&filter[hotelids]=&filter[cityids]=&filter[cregids]=&filter[ofrType]=&filter[addObjType]=&filter[whenFrom]=10-10-2026&filter[whenTo]=05-11-2026&filter[duration]=7:10&filter[from]=&filter[person]=2&filter[child]=1&filter[price]=0:11000&filter[PriceFrom]=0&filter[PriceTo]=11000&filter[addCategory]=50&filter[addCatering]=1&filter[addMisc]=0&filter[addTransport]=F&filter[fp]=1&order_by=ofr_price&filter[tourOperator]=0&filter[childAge][1]=20201210","https://fly.pl/cdn/photo/assets/uploads/582/278/2016/11/jaz-aquamarine-ex-iberotel-egipt-hurghada-1b.jpg","https://fly.pl/wycieczka/egipt,hurghada,c/jaz-aquamarine-ex-iberotel-aquamarine/p2328rIFg2MZdIirBNcXbiAAogjyuguBp5WFRpPfIAKMmn35eMXePUQkpobZ-BQI6-nbQqBEVYSU0w3bP51AZIkz1QAVipCWACagJBSXIhHBHK2QarBPfOS7kERRut7jUY069WAZDXmNINAgBjAQIL1uSKMg/ofertasv/?filter[tourOperator]=EXIM&filter%5Bperson%5D=2&filter%5BchildAge%5D%5B1%5D=20201210&filter%5Bchild%5D=1"
"Domina Coral Bay Oasis","7956.0","25.10.2026 - 01.11.2026","8 dni/7 nocy","","4.2","4.2","12412","tripadvisor","Katowice","2026-09-07T06:29:46.441024+00:00","https://fly.pl/oferta/egipt-wczasy/?filter[dest]=11:&filter[hotelids]=&filter[cityids]=&filter[cregids]=&filter[ofrType]=&filter[addObjType]=&filter[whenFrom]=10-10-2026&filter[whenTo]=05-11-2026&filter[duration]=7:10&filter[from]=&filter[person]=2&filter[child]=1&filter[price]=0:11000&filter[PriceFrom]=0&filter[PriceTo]=11000&filter[addCategory]=50&filter[addCatering]=1&filter[addMisc]=0&filter[addTransport]=F&filter[fp]=1&order_by=ofr_price&filter[tourOperator]=0&filter[childAge][1]=20201210","https://fly.pl/cdn/photo/assets/uploads/582/278/2014/07/Domina-Coral-Bay-Oasis.jpg","https://fly.pl/wycieczka/egipt,sharm-el-sheikh,c/domina-coral-bay-oasis/pSwJTc5qrsPb7uGYz0FATzAAogpYmRykcXZxGQeICFcWeu_v-8lKSM_XY3X6eU8q1GIdEqBE9BU0kw3bP51AZIlD5QAVj5CGACagNBSWxyIRwRu68BqwTcqxC5BCsb6PIMGK-WEwGopIqpAgIAYwECDIQru_M/ofertasv/?filter[tourOperator]=OASI&filter%5Bperson%5D=2&filter%5BchildAge%5D%5B1%5D=20201210&filter%5Bchild%5D=1"
"Domina Coral Bay Harem","7956.0","25.10.2026 - 01.11.2026","8 dni/7 nocy","","4.2","4.2","12412","tripadvisor","Katowice","2026-09-07T06:29:46.441024+00:00","https://fly.pl/oferta/egipt-wczasy/?filter[dest]=11:&filter[hotelids]=&filter[cityids]=&filter[cregids]=&filter[ofrType]=&filter[addObjType]=&filter[whenFrom]=10-10-2026&filter[whenTo]=05-11-2026&filter[duration]=7:10&filter[from]=&filter[person]=2&filter[child]=1&filter[price]=0:11000&filter[PriceFrom]=0&filter[PriceTo]=11000&filter[addCategory]=50&filter[addCatering]=1&filter[addMisc]=0&filter[addTransport]=F&filter[fp]=1&order_by=ofr_price&filter[tourOperator]=0&filter[childAge][1]=20201210","https://fly.pl/cdn/photo/assets/uploads/582/278/2014/07/Domina-Coral-Bay-Harem.jpg","https://fly.pl/wycieczka/egipt,sharm-el-sheikh,c/domina-coral-bay-harem/pCVfUebgj4SzKGlUIEyClKAAogMJNulRpMRGo9UU2Q-oJOSf-8lKSM_XY3X6eU8q1GIdEqBE9BU0kw3bP51AZIlD5QAVj5CGACagNBSWxyIRwRsa8BqwTmqxC5BCsbzdsNGL6tEgG3_Y6pAgIAYwECDPXHsKI/ofertasv/?filter[tourOperator]=OASI&filter%5Bperson%5D=2&filter%5BchildAge%5D%5B1%5D=20201210&filter%5Bchild%5D=1"
"Hilton Marsa Alam Nubian Resort","7967.0","28.10.2026 - 04.11.2026","8 dni/7 nocy","","4.7","4.7","10186","tripadvisor","Warszawa - Modlin","2026-09-07T06:29:46.441024+00:00","https://fly.pl/oferta/egipt-wczasy/?filter[dest]=11:&filter[hotelids]=&filter[cityids]=&filter[cregids]=&filter[ofrType]=&filter[addObjType]=&filter[whenFrom]=10-10-2026&filter[whenTo]=05-11-2026&filter[duration]=7:10&filter[from]=&filter[person]=2&filter[child]=1&filter[price]=0:11000&filter[PriceFrom]=0&filter[PriceTo]=11000&filter[addCategory]=50&filter[addCatering]=1&filter[addMisc]=0&filter[addTransport]=F&filter[fp]=1&order_by=ofr_price&filter[tourOperator]=0&filter[childAge][1]=20201210","https://fly.pl/cdn/photo/assets/uploads/582/278/2014/08/Tropitel-Dahab-Oasis.jpg","https://fly.pl/wycieczka/egipt,marsa-alam,c/hilton-marsa-alam-nubian-resort/pyk-XLlxMQJK1F95s7zlhFAAogW5gUZNJHYM_Yt9SF1kmgTBMX033-gYOoV0TNZ_GKOrIqBEVYSU0w3bP51AZInz5QAVjBCWACagJBSXIhHBHR_wa5BI-tS6sEPhuzrkAYqO9HAea93awNAhJjAQIN9uq6Xg/ofertasv/?filter[tourOperator]=EXIM&filter%5Bperson%5D=2&filter%5BchildAge%5D%5B1%5D=20201210&filter%5Bchild%5D=1"
"Jaz Palmariva Beach","7979.0","29.10.2026 - 05.11.2026","8 dni/7 nocy","","4.6","4.6","4068","tripadvisor","Warszawa","2026-09-07T06:29:46.441024+00:00","https://fly.pl/oferta/egipt-wczasy/?filter[dest]=11:&filter[hotelids]=&filter[cityids]=&filter[cregids]=&filter[ofrType]=&filter[addObjType]=&filter[whenFrom]=10-10-2026&filter[whenTo]=05-11-2026&filter[duration]=7:10&filter[from]=&filter[person]=2&filter[child]=1&filter[price]=0:11000&filter[PriceFrom]=0&filter[PriceTo]=11000&filter[addCategory]=50&filter[addCatering]=1&filter[addMisc]=0&filter[addTransport]=F&filter[fp]=1&order_by=ofr_price&filter[tourOperator]=0&filter[childAge][1]=20201210","https://fly.pl/cdn/photo/assets/uploads/582/278/2014/07/Labranda-Club-Makadi-ex-Club-Azur-fly-pl.jpg","https://fly.pl/wycieczka/egipt,hurghada,makadi-bay/club-azur/pYs3U3HmDwU1gMK2TZQ1GCAAogIGvyZdHPAbnMCEL_JfUE7hLqCxxQb8S86Hh0k4aD-ioqBE9SRVgw3bP51AZIqz5QQVjZCWACagZCSC4yLjFyNZsBFQcXAFwDWAVWAkDKBl2bD08kEfUhU917UgBer09L7UNhAEzljDoguP2XCQ0AAhJjAQIMJdcUDg/ofertasv/?filter[tourOperator]=OREX&filter%5Bperson%5D=2&filter%5BchildAge%5D%5B1%5D=20201210&filter%5Bchild%5D=1"
"Stella Beach Resort & Spa","8069.0","29.10.2026 - 05.11.2026","8 dni/7 nocy","","4.4","4.4","6853","tripadvisor","Warszawa","2026-09-07T06:29:46.441024+00:00","https://fly.pl/oferta/egipt-wczasy/?filter[dest]=11:&filter[hotelids]=&filter[cityids]=&filter[cregids]=&filter[ofrType]=&filter[addObjType]=&filter[whenFrom]=10-10-2026&filter[whenTo]=05-11-2026&filter[duration]=7:10&filter[from]=&filter[person]=2&filter[child]=1&filter[price]=0:11000&filter[PriceFrom]=0&filter[PriceTo]=11000&filter[addCategory]=50&filter[addCatering]=1&filter[addMisc]=0&filter[addTransport]=F&filter[fp]=1&order_by=ofr_price&filter[tourOperator]=0&filter[childAge][1]=20201210","https://fly.pl/cdn/photo/assets/uploads/582/278/2014/10/Stella-Di-Mare-Beach-Resort-Spa.jpg","https://fly.pl/wycieczka/egipt,hurghada,makadi-bay/stella-makadi-resort/p3TJEAoSxTzw1NbasctBiJAAogiORAwUxMp_24PUnbbgjiCBLqCxxQb8S86Hh0k4aD-ioqBE9SRVgw3bP51AZIhT9QQVjZCWACagVYLjIuMXI2mwEVBxcAWAhWAlwIQMIGEZsOXYABTyRT0p0BUgBer09L7UNhAEzljDoguP2XCQ0AAhJjAQINLck4og/ofertasv/?filter[tourOperator]=OREX&filter%5Bperson%5D=2&filter%5BchildAge%5D%5B1%5D=20201210&filter%5Bchild%5D=1"
"Albatros Makadi Resort (ex Royal Pharaohs Makadi)","8077.0","27.10.2026 - 03.11.2026","9 dni/7 nocy","","3.3","3.3","844","tripadvisor","Warszawa - Modlin","2026-09-07T06:29:46.441024+00:00","https://fly.pl/oferta/egipt-wczasy/?filter[dest]=11:&filter[hotelids]=&filter[cityids]=&filter[cregids]=&filter[ofrType]=&filter[addObjType]=&filter[whenFrom]=10-10-2026&filter[whenTo]=05-11-2026&filter[duration]=7:10&filter[from]=&filter[person]=2&filter[child]=1&filter[price]=0:11000&filter[PriceFrom]=0&filter[PriceTo]=11000&filter[addCategory]=50&filter[addCatering]=1&filter[addMisc]=0&filter[addTransport]=F&filter[fp]=1&order_by=ofr_price&filter[tourOperator]=0&filter[childAge][1]=20201210","https://fly.pl/cdn/photo/assets/uploads/582/278/2014/07/Harmony-Makadi-Bay-fly-pl.jpg","https://fly.pl/wycieczka/egipt,hurghada,makadi-bay/harmony-makadi-bay/p2pe9zWZN5ccfWnnslQeRFAAogS8YQyfoaaU-lce5aBtGNrZeMXePUQkpobZ-BQI6-nbQqBEVYSU0w3bP51AZIjT9QAVipCWACagJBSXIhHBGb-AarBKawS7kERRub_TcYgKBTAc_J98YNAgBjAQIMLAJPgw/ofertasv/?filter[tourOperator]=EXIM&filter%5Bperson%5D=2&filter%5BchildAge%5D%5B1%5D=20201210&filter%5Bchild%5D=1"
"Sentido Akassia Beach (ex. LTI Akassia Beach)","8087.0","29.10.2026 - 05.11.2026","8 dni/7 nocy","","4.4","4.4","2307","tripadvisor","Katowice","2026-09-07T06:29:46.441024+00:00","https://fly.pl/oferta/egipt-wczasy/?filter[dest]=11:&filter[hotelids]=&filter[cityids]=&filter[cregids]=&filter[ofrType]=&filter[addObjType]=&filter[whenFrom]=10-10-2026&filter[whenTo]=05-11-2026&filter[duration]=7:10&filter[from]=&filter[person]=2&filter[child]=1&filter[price]=0:11000&filter[PriceFrom]=0&filter[PriceTo]=11000&filter[addCategory]=50&filter[addCatering]=1&filter[addMisc]=0&filter[addTransport]=F&filter[fp]=1&order_by=ofr_price&filter[tourOperator]=0&filter[childAge][1]=20201210","https://fly.pl/cdn/photo/assets/uploads/582/278/2014/09/Sentido-Akassia-Beach.jpg","https://fly.pl/wycieczka/egipt,marsa-alam,c/lti-akassia-beach-2/p_hnnbI_S8pObZYKjKRUNnAAogWsj03FuK88D0OuhDCSx3N8f7aOogEcfP-IyfG5F-ZlYqBE9SRVgw3bP51AZIlz9QQVjZCWACagYxUy4yLjFyNZsBFQcXAFwDWAVWAhEmQKQGXbNCTyRLwokBYQBepzBSvBRTAEyWvDoNuP2XCSAAAhJjAQINrHyZ8w/ofertasv/?filter[tourOperator]=OREX&filter%5Bperson%5D=2&filter%5BchildAge%5D%5B1%5D=20201210&filter%5Bchild%5D=1"
"Serenity Alpha Beach (ex. Serenity Makadi Beach)","8091.0","29.10.2026 - 05.11.2026","8 dni/7 nocy","","4.6","4.6","6613","tripadvisor","Warszawa","2026-09-07T06:29:46.441024+00:00","https://fly.pl/oferta/egipt-wczasy/?filter[dest]=11:&filter[hotelids]=&filter[cityids]=&filter[cregids]=&filter[ofrType]=&filter[addObjType]=&filter[whenFrom]=10-10-2026&filter[whenTo]=05-11-2026&filter[duration]=7:10&filter[from]=&filter[person]=2&filter[child]=1&filter[price]=0:11000&filter[PriceFrom]=0&filter[PriceTo]=11000&filter[addCategory]=50&filter[addCatering]=1&filter[addMisc]=0&filter[addTransport]=F&filter[fp]=1&order_by=ofr_price&filter[tourOperator]=0&filter[childAge][1]=20201210","https://fly.pl/cdn/photo/assets/uploads/582/278/2014/07/Serenity-Alpha-Beach.jpg","https://fly.pl/wycieczka/egipt,hurghada,makadi-bay/serenity-makadi-heights/pybQ9KWjtTaabDd0ZGixnUAAogDeqrGP0kBI6_KgkfHhokIxLqCxxQb8S86Hh0k4aD-ioqBE9SRVgw3bP51AZImz9QQVjZCWACagZENi4yLjFyNZsBFQcXAFgIVgJcCBH6BUBIXZsPTyRT0p0BUgBer09L7UNhAEzljDoguP2XCQ0AAhJjAQIM56nbQA/ofertasv/?filter[tourOperator]=OREX&filter%5Bperson%5D=2&filter%5BchildAge%5D%5B1%5D=20201210&filter%5Bchild%5D=1"
"Stella Di Mare Beach & Spa","8091.0","28.10.2026 - 04.11.2026","9 dni/7 nocy","","4.8","4.8","7448","tripadvisor","Gdańsk","2026-09-07T06:29:46.441024+00:00","https://fly.pl/oferta/egipt-wczasy/?filter[dest]=11:&filter[hotelids]=&filter[cityids]=&filter[cregids]=&filter[ofrType]=&filter[addObjType]=&filter[whenFrom]=10-10-2026&filter[whenTo]=05-11-2026&filter[duration]=7:10&filter[from]=&filter[person]=2&filter[child]=1&filter[price]=0:11000&filter[PriceFrom]=0&filter[PriceTo]=11000&filter[addCategory]=50&filter[addCatering]=1&filter[addMisc]=0&filter[addTransport]=F&filter[fp]=1&order_by=ofr_price&filter[tourOperator]=0&filter[childAge][1]=20201210","https://fly.pl/cdn/photo/assets/uploads/582/278/2014/07/Stella-Di-Mare-Beach-sharm.jpg","https://fly.pl/wycieczka/egipt,sharm-el-sheikh,szarm-el-szejk/stella-di-mare-beach-spa/pLWVYTtUs_FGDUrEy8Bd9gAAogbD8yzahyDUTcIGER5cmtxHIhrbyPomD2uW-Fwn8rcgYqBE9BU0kw3bP51AZImz9QAVjBCWACagNBSStyIRwRrq8BuQTFqxCrBBIb4qEMGLvwEwH6q56pAgIAYwECDCTwiXg/ofertasv/?filter[tourOperator]=OASI&filter%5Bperson%5D=2&filter%5BchildAge%5D%5B1%5D=20201210&filter%5Bchild%5D=1"
"Royal Brayka Beach Resort (ex Zee Brayka)","8097.0","13.10.2026 - 20.10.2026","8 dni/7 nocy","","4.4","4.4","2462","tripadvisor","Katowice","2026-09-07T06:29:46.441024+00:00","https://fly.pl/oferta/egipt-wczasy/?filter[dest]=11:&filter[hotelids]=&filter[cityids]=&filter[cregids]=&filter[ofrType]=&filter[addObjType]=&filter[whenFrom]=10-10-2026&filter[whenTo]=05-11-2026&filter[duration]=7:10&filter[from]=&filter[person]=2&filter[child]=1&filter[price]=0:11000&filter[PriceFrom]=0&filter[PriceTo]=11000&filter[addCategory]=50&filter[addCatering]=1&filter[addMisc]=0&filter[addTransport]=F&filter[fp]=1&order_by=ofr_price&filter[tourOperator]=0&filter[childAge][1]=20201210","https://fly.pl/cdn/photo/assets/uploads/582/278/2014/07/Royal-Brayka-Resort.jpg","https://fly.pl/wycieczka/egipt,marsa-alam,c/royal-brayka-resort/pZGDQaayCg8N47xBF1-3_xAAogH3cAvD8HjlAXU_BFpm7Ot3aNli1dgy83QmwR76cjihEqBFZJVFgw3bP51AZIoT9QQVjZBmACckAaABUHFwBcA1gFQI8DW7-DAWGXTEsAXqcwUrwUUwBMoOQ5DZ7VmAkgAF2r65HsqAFPlNqZijdRvsUTAg5jAQINquCZZQ/ofertasv/?filter[tourOperator]=VITX&filter%5Bperson%5D=2&filter%5BchildAge%5D%5B1%5D=20201210&filter%5Bchild%5D=1"
"IL Mercato Splash Aqua Park","8136.0","13.10.2026 - 20.10.2026","8 dni/7 nocy","","4.4","4.4","2256","tripadvisor","Katowice","2026-09-07T06:29:46.441024+00:00","https://fly.pl/oferta/egipt-wczasy/?filter[dest]=11:&filter[hotelids]=&filter[cityids]=&filter[cregids]=&filter[ofrType]=&filter[addObjType]=&filter[whenFrom]=10-10-2026&filter[whenTo]=05-11-2026&filter[duration]=7:10&filter[from]=&filter[person]=2&filter[child]=1&filter[price]=0:11000&filter[PriceFrom]=0&filter[PriceTo]=11000&filter[addCategory]=50&filter[addCatering]=1&filter[addMisc]=0&filter[addTransport]=F&filter[fp]=1&order_by=ofr_price&filter[tourOperator]=0&filter[childAge][1]=20201210","https://fly.pl/cdn/photo/assets/uploads/582/278/2014/07/Il-Mercato-Hotel-Spa-Sharm-El-Sheikh.jpg","https://fly.pl/wycieczka/egipt,sharm-el-sheikh,c/iberotel-il-mercato/pdtTAVXe_QjHUoNWvIiC4dAAogyK3R0wXF1UE9KC9A_lH8gVATkd0Et3pHZ-B5Uah2j-0qBEpPSVAw3bP51AZIyD9QQVjZBmACagNDR21yQpsBFAEVBhcAXANYBVYCQMoGT-IBXQBLt8oBYQBepzARyxdS2whTAEyssDoNqP2XCSAAAaTB7JiTicygMAINYwEAC7QJ6gM/ofertasv/?filter[tourOperator]=JOIP&filter%5Bperson%5D=2&filter%5BchildAge%5D%5B1%5D=20201210&filter%5Bchild%5D=1"
"Sharm Grand Plaza Resort","8167.0","13.10.2026 - 20.10.2026","8 dni/7 nocy","","4.4","4.4","9439","tripadvisor","Katowice","2026-09-07T06:29:46.441024+00:00","https://fly.pl/oferta/egipt-wczasy/?filter[dest]=11:&filter[hotelids]=&filter[cityids]=&filter[cregids]=&filter[ofrType]=&filter[addObjType]=&filter[whenFrom]=10-10-2026&filter[whenTo]=05-11-2026&filter[duration]=7:10&filter[from]=&filter[person]=2&filter[child]=1&filter[price]=0:11000&filter[PriceFrom]=0&filter[PriceTo]=11000&filter[addCategory]=50&filter[addCatering]=1&filter[addMisc]=0&filter[addTransport]=F&filter[fp]=1&order_by=ofr_price&filter[tourOperator]=0&filter[childAge][1]=20201210","https://fly.pl/cdn/photo/assets/uploads/582/278/2014/07/SHARM-GRAND-PLAZA-RESORT-1.jpg","https://fly.pl/wycieczka/egipt,sharm-el-sheikh,c/grand-plaza-resort/pel859sxresZDJlEwROlG4AAogBB5dmdx4JpA8W-_ITFB8KDZPnluiPTRbLKmNIwYEcH4qBEVYSU0w3bP51AZI5z9QAVjZBmACagJBSXIhHBGKyga5BOr2PasEGxvnpjwY1_M9AZjj2u4KAgBjAQILGd96kg/ofertasv/?filter[tourOperator]=EXIM&filter%5Bperson%5D=2&filter%5BchildAge%5D%5B1%5D=20201210&filter%5Bchild%5D=1"
"Ecotel Dahab Bay View Resort","8247.0","24.10.2026 - 31.10.2026","8 dni/7 nocy","","4.4","4.4","1231","tripadvisor","Warszawa","2026-09-07T06:29:46.441024+00:00","https://fly.pl/oferta/egipt-wczasy/?filter[dest]=11:&filter[hotelids]=&filter[cityids]=&filter[cregids]=&filter[ofrType]=&filter[addObjType]=&filter[whenFrom]=10-10-2026&filter[whenTo]=05-11-2026&filter[duration]=7:10&filter[from]=&filter[person]=2&filter[child]=1&filter[price]=0:11000&filter[PriceFrom]=0&filter[PriceTo]=11000&filter[addCategory]=50&filter[addCatering]=1&filter[addMisc]=0&filter[addTransport]=F&filter[fp]=1&order_by=ofr_price&filter[tourOperator]=0&filter[childAge][1]=20201210","https://fly.pl/cdn/photo/assets/uploads/582/278/2014/09/Ecotel-Dahab-Resort.jpg","https://fly.pl/wycieczka/egipt,dahab,c/mercure-dahab-bay-view/pdYh_B16d0zIutgi9S-cJ-AAogDte7oCU9PhRJZzBhNtOfRwAAAACbhAQAuIQEAAcAEgAqBFdFWlkw3bP51AZIt0BQQVjhCGADaglFbnRlciBBaXJqBDA4MDByQ54BlQEfAAIBHAAWBBcCEu0DGKEEE7ECFMkEEbwdQNZUTKCiAU8AS8cjUAAbu8gMHdj5AiAdDejHwgkBEmMBDGMBAgUPOHyi/ofertasv/?filter[tourOperator]=WEZY&filter%5Bperson%5D=2&filter%5BchildAge%5D%5B1%5D=20201210&filter%5Bchild%5D=1"
"Jaz Belvedere","8259.0","28.10.2026 - 04.11.2026","9 dni/7 nocy","","4.5","4.5","3280","tripadvisor","Gdańsk","2026-09-07T06:29:46.441024+00:00","https://fly.pl/oferta/egipt-wczasy/?filter[dest]=11:&filter[hotelids]=&filter[cityids]=&filter[cregids]=&filter[ofrType]=&filter[addObjType]=&filter[whenFrom]=10-10-2026&filter[whenTo]=05-11-2026&filter[duration]=7:10&filter[from]=&filter[person]=2&filter[child]=1&filter[price]=0:11000&filter[PriceFrom]=0&filter[PriceTo]=11000&filter[addCategory]=50&filter[addCatering]=1&filter[addMisc]=0&filter[addTransport]=F&filter[fp]=1&order_by=ofr_price&filter[tourOperator]=0&filter[childAge][1]=20201210","https://fly.pl/cdn/photo/assets/uploads/582/278/2014/07/Jaz-Belvedere.jpg","https://fly.pl/wycieczka/egipt,sharm-el-sheikh,c/jaz-belvedere/p_eEKq6xZYSr_zeNH2Md3YAAogpDRXhWjgnXq8iFr8Re3Nv3IhrbyPomD2uW-Fwn8rcgYqBE9BU0kw3bP51AZIw0BQAVjBCWACagNBSWxyIRwRhbABuQTuqhCrBBIb8vsOGLLyEgHb7NGqAgIAYwECDD7Xn68/ofertasv/?filter[tourOperator]=OASI&filter%5Bperson%5D=2&filter%5BchildAge%5D%5B1%5D=20201210&filter%5Bchild%5D=1"
"Pyramisa Beach Resort Sahl Hasheesh","8267.0","29.10.2026 - 05.11.2026","8 dni/7 nocy","","4.1","4.1","3567","tripadvisor","Warszawa","2026-09-07T06:29:46.441024+00:00","https://fly.pl/oferta/egipt-wczasy/?filter[dest]=11:&filter[hotelids]=&filter[cityids]=&filter[cregids]=&filter[ofrType]=&filter[addObjType]=&filter[whenFrom]=10-10-2026&filter[whenTo]=05-11-2026&filter[duration]=7:10&filter[from]=&filter[person]=2&filter[child]=1&filter[price]=0:11000&filter[PriceFrom]=0&filter[PriceTo]=11000&filter[addCategory]=50&filter[addCatering]=1&filter[addMisc]=0&filter[addTransport]=F&filter[fp]=1&order_by=ofr_price&filter[tourOperator]=0&filter[childAge][1]=20201210","https://fly.pl/cdn/photo/assets/uploads/582/278/2015/04/Pyramisa-Beach-Resort-Sahl-Hasheesh.jpg","https://fly.pl/wycieczka/egipt,hurghada,sahl-hasheesh/dessole-pyramisa-beach-resort-ex-pyramisa-beach-r/psS2soV9L7l9GhGHZmQGEJAAogpMtDExQSI_k7P3_xIf9CbxLqCxxQb8S86Hh0k4aD-ioqBE9SRVgw3bP51AZIy0BQQVjZCWACagZFSC4yLjFyNZsBFQcXAFwDWAVWAhE1QJUGXZsPTyRT0p0BUgBer09L7UNhAEzljDoguP2XCQ0AAhJjAQILtUbWtw/ofertasv/?filter[tourOperator]=OREX&filter%5Bperson%5D=2&filter%5BchildAge%5D%5B1%5D=20201210&filter%5Bchild%5D=1"
"Pickalbatros Golf Beach Resort","8277.0","28.10.2026 - 04.11.2026","9 dni/7 nocy","","4.5","4.5","317","tripadvisor","Gdańsk","2026-09-07T06:29:46.441024+00:00","https://fly.pl/oferta/egipt-wczasy/?filter[dest]=11:&filter[hotelids]=&filter[cityids]=&filter[cregids]=&filter[ofrType]=&filter[addObjType]=&filter[whenFrom]=10-10-2026&filter[whenTo]=05-11-2026&filter[duration]=7:10&filter[from]=&filter[person]=2&filter[child]=1&filter[price]=0:11000&filter[PriceFrom]=0&filter[PriceTo]=11000&filter[addCategory]=50&filter[addCatering]=1&filter[addMisc]=0&filter[addTransport]=F&filter[fp]=1&order_by=ofr_price&filter[tourOperator]=0&filter[childAge][1]=20201210","https://fly.pl/cdn/photo/assets/uploads/582/278/2014/07/Golf-Beach-Resort-Managed-by-Rixos.jpg","https://fly.pl/wycieczka/egipt,sharm-el-sheikh,c/maritim-jolie-ville-golf/pkGB_mli5FX8ibxPaAFbWiAAoghYYPjE1bw85S0IY3eOwrXXIhrbyPomD2uW-Fwn8rcgYqBE9BU0kw3bP51AZI1UBQAVjBCWACagNBSWxyIRwR6q8BuQSJqxCrBBIbiYAPGN-AEwHekNOqAgIAYwECDJGDsBc/ofertasv/?filter[tourOperator]=OASI&filter%5Bperson%5D=2&filter%5BchildAge%5D%5B1%5D=20201210&filter%5Bchild%5D=1"
"Aurora Oriental Resort","8286.0","28.10.2026 - 05.11.2026","9 dni/8 nocy","","4.4","4.4","7190","tripadvisor","Katowice","2026-09-07T06:29:46.441024+00:00","https://fly.pl/oferta/egipt-wczasy/?filter[dest]=11:&filter[hotelids]=&filter[cityids]=&filter[cregids]=&filter[ofrType]=&filter[addObjType]=&filter[whenFrom]=10-10-2026&filter[whenTo]=05-11-2026&filter[duration]=7:10&filter[from]=&filter[person]=2&filter[child]=1&filter[price]=0:11000&filter[PriceFrom]=0&filter[PriceTo]=11000&filter[addCategory]=50&filter[addCatering]=1&filter[addMisc]=0&filter[addTransport]=F&filter[fp]=1&order_by=ofr_price&filter[tourOperator]=0&filter[childAge][1]=20201210","https://fly.pl/cdn/photo/assets/uploads/582/278/2014/07/Aurora-Oriental-Resort.jpg","https://fly.pl/wycieczka/egipt,sharm-el-sheikh,szarm-el-szejk/oriental-resort/pHcCuojvdhnPn1AcDYZn8oAAogenBcIr9jiZcReoKfzr7sZTZryUzwBl2_SNj0C1jABO4qBEpPSVAw3bP51AZI3kBQQVjBCWACagMxMnFyQpsBFAEVBhcBXAJYBVYCQMoGT-IBXQAR4cYBS9YDYQBepzBSpiBTAEyssDoNt_2XCSABAavf3Ki1yMygMAINYwEADFxCBsA/ofertasv/?filter[tourOperator]=JOIP&filter%5Bperson%5D=2&filter%5BchildAge%5D%5B1%5D=20201210&filter%5Bchild%5D=1"
"Dreams Vacation Sharm Resort","8287.0","13.10.2026 - 20.10.2026","8 dni/7 nocy","","3.8","3.8","1165","tripadvisor","Katowice","2026-09-07T06:29:46.441024+00:00","https://fly.pl/oferta/egipt-wczasy/?filter[dest]=11:&filter[hotelids]=&filter[cityids]=&filter[cregids]=&filter[ofrType]=&filter[addObjType]=&filter[whenFrom]=10-10-2026&filter[whenTo]=05-11-2026&filter[duration]=7:10&filter[from]=&filter[person]=2&filter[child]=1&filter[price]=0:11000&filter[PriceFrom]=0&filter[PriceTo]=11000&filter[addCategory]=50&filter[addCatering]=1&filter[addMisc]=0&filter[addTransport]=F&filter[fp]=1&order_by=ofr_price&filter[tourOperator]=0&filter[childAge][1]=20201210","https://fly.pl/cdn/photo/assets/uploads/582/278/2014/07/Dreams-Vacation-fly-pl.jpg","https://fly.pl/wycieczka/egipt,sharm-el-sheikh,szarm-el-szejk/dreams-vacation/pIhAy9ANObJLBkF1tFuiEHAAogF5_sMG2MTXoXa6YjBlH1PTZPnluiPTRbLKmNIwYEcH4qBEVYSU0w3bP51AZI30BQAVjZBmACagJBSXIhHBGcuwa5BNiFPqsEGxv2iTAY6_c2AezC75QJAgBjAQILUswqjQ/ofertasv/?filter[tourOperator]=EXIM&filter%5Bperson%5D=2&filter%5BchildAge%5D%5B1%5D=20201210&filter%5Bchild%5D=1"
"Siva Golden Bay Makadi","8297.0","18.10.2026 - 25.10.2026","8 dni/7 nocy","","4.6","4.6","854","tripadvisor","Katowice","2026-09-07T06:29:46.441024+00:00","https://fly.pl/oferta/egipt-wczasy/?filter[dest]=11:&filter[hotelids]=&filter[cityids]=&filter[cregids]=&filter[ofrType]=&filter[addObjType]=&filter[whenFrom]=10-10-2026&filter[whenTo]=05-11-2026&filter[duration]=7:10&filter[from]=&filter[person]=2&filter[child]=1&filter[price]=0:11000&filter[PriceFrom]=0&filter[PriceTo]=11000&filter[addCategory]=50&filter[addCatering]=1&filter[addMisc]=0&filter[addTransport]=F&filter[fp]=1&order_by=ofr_price&filter[tourOperator]=0&filter[childAge][1]=20201210","https://fly.pl/cdn/photo/assets/uploads/582/278/2024/07/siva-golden-bay-makadi.jpg","https://fly.pl/wycieczka/egipt,hurghada,makadi-bay/siva-golden-bay-makadi-10/pn_x-phTcw6IQXB3Djz1rnAAogFoGYsZndrVkT9VyNNUGAMdxyXMZrTxlhX5xZupZbN-sqBEVYSU0w3bP51AZI6UBQAVjRB2ACagJBSXIhHBHGuwa5BPGCPqsEHBvC4i8Yptk2AayStYsJAgBjAQIHs5NByQ/ofertasv/?filter[tourOperator]=EXIM&filter%5Bperson%5D=2&filter%5BchildAge%5D%5B1%5D=20201210&filter%5Bchild%5D=1"
"Swiss Inn Resort Hurghada (ex. Hilton Hurghada Resort)","8309.0","27.10.2026 - 03.11.2026","9 dni/7 nocy","","4.5","4.5","1875","tripadvisor","Warszawa - Modlin","2026-09-07T06:29:46.441024+00:00","https://fly.pl/oferta/egipt-wczasy/?filter[dest]=11:&filter[hotelids]=&filter[cityids]=&filter[cregids]=&filter[ofrType]=&filter[addObjType]=&filter[whenFrom]=10-10-2026&filter[whenTo]=05-11-2026&filter[duration]=7:10&filter[from]=&filter[person]=2&filter[child]=1&filter[price]=0:11000&filter[PriceFrom]=0&filter[PriceTo]=11000&filter[addCategory]=50&filter[addCatering]=1&filter[addMisc]=0&filter[addTransport]=F&filter[fp]=1&order_by=ofr_price&filter[tourOperator]=0&filter[childAge][1]=20201210","https://fly.pl/cdn/photo/assets/uploads/582/278/2014/07/Swiss-Inn-Resort-Hurghada.jpg","https://fly.pl/wycieczka/egipt,hurghada,c/hilton-resort/pO5Fd9nxYGFNthg2lRB7RYAAogH_aOMNR5UxSWQO-UvMdh4X-RivCO5fCdWQwfiBpU-nUqBE9BU0kw3bP51AZI9UBQAVipCWACagNBSWxyIBwRvHarBLCoELkEQBunzQ0YoewSAZGwtJkCAgBjAQIGiaGpIQ/ofertasv/?filter[tourOperator]=OASI&filter%5Bperson%5D=2&filter%5BchildAge%5D%5B1%5D=20201210&filter%5Bchild%5D=1"
"Calimera Blend Paradise Resort","8339.0","29.10.2026 - 05.11.2026","8 dni/7 nocy","","4.2","4.2","2324","tripadvisor","Warszawa","2026-09-07T06:29:46.441024+00:00","https://fly.pl/oferta/egipt-wczasy/?filter[dest]=11:&filter[hotelids]=&filter[cityids]=&filter[cregids]=&filter[ofrType]=&filter[addObjType]=&filter[whenFrom]=10-10-2026&filter[whenTo]=05-11-2026&filter[duration]=7:10&filter[from]=&filter[person]=2&filter[child]=1&filter[price]=0:11000&filter[PriceFrom]=0&filter[PriceTo]=11000&filter[addCategory]=50&filter[addCatering]=1&filter[addMisc]=0&filter[addTransport]=F&filter[fp]=1&order_by=ofr_price&filter[tourOperator]=0&filter[childAge][1]=20201210","https://fly.pl/cdn/photo/assets/uploads/582/278/2022/08/Calimera-Blend-Paradise.jpg","https://fly.pl/wycieczka/egipt,hurghada,c/calimera-blend-paradise-12/p7kUiY8ZgYlGx1DhggF_h2AAogK7r8cK-0x3HM01EJDq6GGxLqCxxQb8S86Hh0k4aD-ioqBE9SRVgw3bP51AZIk0FQQVjZCWACagZENi4yLjFyNpsBFQcXAFwDWAVWAkDKBl2bD08kEbwKU5aTAVIAXq9PS-1DYQBM5Yw6ILj9lwkNAAISYwECDFF1jSI/ofertasv/?filter[tourOperator]=OREX&filter%5Bperson%5D=2&filter%5BchildAge%5D%5B1%5D=20201210&filter%5Bchild%5D=1"
"Rehana Royal Beach Resort & Spa","8344.0","13.10.2026 - 20.10.2026","8 dni/7 nocy","","4.3","4.3","4670","tripadvisor","Katowice","2026-09-07T06:29:46.441024+00:00","https://fly.pl/oferta/egipt-wczasy/?filter[dest]=11:&filter[hotelids]=&filter[cityids]=&filter[cregids]=&filter[ofrType]=&filter[addObjType]=&filter[whenFrom]=10-10-2026&filter[whenTo]=05-11-2026&filter[duration]=7:10&filter[from]=&filter[person]=2&filter[child]=1&filter[price]=0:11000&filter[PriceFrom]=0&filter[PriceTo]=11000&filter[addCategory]=50&filter[addCatering]=1&filter[addMisc]=0&filter[addTransport]=F&filter[fp]=1&order_by=ofr_price&filter[tourOperator]=0&filter[childAge][1]=20201210","https://fly.pl/cdn/photo/assets/uploads/582/278/2016/11/Rehana-Royal-Beach-Resort-amp-Spa.jpg","https://fly.pl/wycieczka/egipt,sharm-el-sheikh,c/rehana-royal-beach-resort-spa/pSJCND73cHp48S-kiwOzlMAAogDH7tKRZnTfyoBCAh7xvifFATkd0Et3pHZ-B5Uah2j-0qBEpPSVAw3bP51AZImEFQQVjZBmACagMwMHdyQpsBFAEVBhcAXANYBVYCQMoGT-IBXQAR88gBS8QBYQBepzBSpiBTAEyssDoNqP2XCSAAAbjN8JDDicygMAINYwEADBNKKmU/ofertasv/?filter[tourOperator]=JOIP&filter%5Bperson%5D=2&filter%5BchildAge%5D%5B1%5D=20201210&filter%5Bchild%5D=1"
"Radisson Individuals Marina Port Ghalib (ex. Sunrise Marina Resort)","8396.0","25.10.2026 - 01.11.2026","8 dni/7 nocy","","4.6","4.6","3563","tripadvisor","Zielona Góra","2026-09-07T06:29:46.441024+00:00","https://fly.pl/oferta/egipt-wczasy/?filter[dest]=11:&filter[hotelids]=&filter[cityids]=&filter[cregids]=&filter[ofrType]=&filter[addObjType]=&filter[whenFrom]=10-10-2026&filter[whenTo]=05-11-2026&filter[duration]=7:10&filter[from]=&filter[person]=2&filter[child]=1&filter[price]=0:11000&filter[PriceFrom]=0&filter[PriceTo]=11000&filter[addCategory]=50&filter[addCatering]=1&filter[addMisc]=0&filter[addTransport]=F&filter[fp]=1&order_by=ofr_price&filter[tourOperator]=0&filter[childAge][1]=20201210","https://fly.pl/cdn/photo/assets/uploads/582/278/2015/04/RADISSON-INDIVIDUALS-MARINA.jpg","https://fly.pl/wycieczka/egipt,marsa-alam,port-ghalib/rehana-port-ghalib-resort/p_IfTsNcys-dsBziFQExZlAAog5ldB4OmrV98bqey45GqvJgAAAABkgwQAtrkEAAcAAQAqBFdFWlkw3bP51AZIzEFQQVj5CGADaglFbnRlciBBaXJqBDA4NTVyQp4BlQEfAAIBHAAWBBcCE9YJGFoU5wQShjkRhh5A9xpLhzlQAEyvXU8AHY3vDyDSbBv2rAQN9bC9CQESYwEOYwECBmdUSk8/ofertasv/?filter[tourOperator]=WEZY&filter%5Bperson%5D=2&filter%5BchildAge%5D%5B1%5D=20201210&filter%5Bchild%5D=1"
"Naama Bay Hotel & Resort","8414.0","13.10.2026 - 20.10.2026","8 dni/7 nocy","","4.4","4.4","4857","tripadvisor","Katowice","2026-09-07T06:29:46.441024+00:00","https://fly.pl/oferta/egipt-wczasy/?filter[dest]=11:&filter[hotelids]=&filter[cityids]=&filter[cregids]=&filter[ofrType]=&filter[addObjType]=&filter[whenFrom]=10-10-2026&filter[whenTo]=05-11-2026&filter[duration]=7:10&filter[from]=&filter[person]=2&filter[child]=1&filter[price]=0:11000&filter[PriceFrom]=0&filter[PriceTo]=11000&filter[addCategory]=50&filter[addCatering]=1&filter[addMisc]=0&filter[addTransport]=F&filter[fp]=1&order_by=ofr_price&filter[tourOperator]=0&filter[childAge][1]=20201210","https://fly.pl/cdn/photo/assets/uploads/582/278/2014/07/Naama-Bay.jpg","https://fly.pl/wycieczka/egipt,sharm-el-sheikh,c/tropitel-naama-bay/pI26WJJ2IypORqk8Ccz5aAAAogYAzhFM3NUdoDhjgtG8x4aFATkd0Et3pHZ-B5Uah2j-0qBEpPSVAw3bP51AZI3kFQQVjZBmACagNDR21yQpsBFAEVBhcAXANYBVYCQMoGT-IBXQARrcYBS4oEYQBepzBSpiBTAEyssDoNqP2XCSAAAaHh9L-DicygMAINYwEAC8MIVpM/ofertasv/?filter[tourOperator]=JOIP&filter%5Bperson%5D=2&filter%5BchildAge%5D%5B1%5D=20201210&filter%5Bchild%5D=1"
"Concorde El Salam Sport","8417.0","28.10.2026 - 04.11.2026","9 dni/7 nocy","","4.8","4.8","1477","tripadvisor","Gdańsk","2026-09-07T06:29:46.441024+00:00","https://fly.pl/oferta/egipt-wczasy/?filter[dest]=11:&filter[hotelids]=&filter[cityids]=&filter[cregids]=&filter[ofrType]=&filter[addObjType]=&filter[whenFrom]=10-10-2026&filter[whenTo]=05-11-2026&filter[duration]=7:10&filter[from]=&filter[person]=2&filter[child]=1&filter[price]=0:11000&filter[PriceFrom]=0&filter[PriceTo]=11000&filter[addCategory]=50&filter[addCatering]=1&filter[addMisc]=0&filter[addTransport]=F&filter[fp]=1&order_by=ofr_price&filter[tourOperator]=0&filter[childAge][1]=20201210","https://fly.pl/cdn/photo/assets/uploads/582/278/2024/07/concorde-el-salam-sport.jpg","https://fly.pl/wycieczka/egipt,sharm-el-sheikh,szarm-el-szejk/concorde-el-salam-sport-15/pKM1MgvDZEXlpGfDLtB7guAAog-xjyYLmQUxwR7ojpSi-zgnIhrbyPomD2uW-Fwn8rcgYqBE9BU0kw3bP51AZI4UFQAVjBCWACagNBSWxyIRwR-q8BuQT5qhCrBBIb79sOGPKcEgH5n4WqAgICYwECCxPcoto/ofertasv/?filter[tourOperator]=OASI&filter%5Bperson%5D=2&filter%5BchildAge%5D%5B1%5D=20201210&filter%5Bchild%5D=1"
"Retac Qunay Dahab Resort & Spa","8439.0","13.10.2026 - 20.10.2026","8 dni/7 nocy","","4.3","4.3","1707","tripadvisor","Katowice","2026-09-07T06:29:46.441024+00:00","https://fly.pl/oferta/egipt-wczasy/?filter[dest]=11:&filter[hotelids]=&filter[cityids]=&filter[cregids]=&filter[ofrType]=&filter[addObjType]=&filter[whenFrom]=10-10-2026&filter[whenTo]=05-11-2026&filter[duration]=7:10&filter[from]=&filter[person]=2&filter[child]=1&filter[price]=0:11000&filter[PriceFrom]=0&filter[PriceTo]=11000&filter[addCategory]=50&filter[addCatering]=1&filter[addMisc]=0&filter[addTransport]=F&filter[fp]=1&order_by=ofr_price&filter[tourOperator]=0&filter[childAge][1]=20201210","https://fly.pl/cdn/photo/assets/uploads/582/278/2014/09/Retac-Qunay-Dahab.jpg","https://fly.pl/wycieczka/egipt,dahab,c/le-meridien-dahab-bay/pALfc1E_60bmmX6r8sILsJAAogaYjHUiP2my3qB9g9uPSD41ATkd0Et3pHZ-B5Uah2j-0qBEpPSVAw3bP51AZI90FQQVjZBmACagNDR21yQpsBFAEVBhcAXANYBVYCQMoGT-IBXQBLt8oBYQAR9gZesSlSpiBTAEyssDoNqP2XCSAAAcGTsKDEicygMAINYwEACwDqi_M/ofertasv/?filter[tourOperator]=JOIP&filter%5Bperson%5D=2&filter%5BchildAge%5D%5B1%5D=20201210&filter%5Bchild%5D=1"
"Pickalbatros Laguna Club Resort","8469.0","28.10.2026 - 04.11.2026","9 dni/7 nocy","","4.9","4.9","672","tripadvisor","Gdańsk","2026-09-07T06:29:46.441024+00:00","https://fly.pl/oferta/egipt-wczasy/?filter[dest]=11:&filter[hotelids]=&filter[cityids]=&filter[cregids]=&filter[ofrType]=&filter[addObjType]=&filter[whenFrom]=10-10-2026&filter[whenTo]=05-11-2026&filter[duration]=7:10&filter[from]=&filter[person]=2&filter[child]=1&filter[price]=0:11000&filter[PriceFrom]=0&filter[PriceTo]=11000&filter[addCategory]=50&filter[addCatering]=1&filter[addMisc]=0&filter[addTransport]=F&filter[fp]=1&order_by=ofr_price&filter[tourOperator]=0&filter[childAge][1]=20201210","https://fly.pl/cdn/photo/assets/uploads/582/278/2023/09/Albatros-Laguna-Club-Resor.jpg","https://fly.pl/wycieczka/egipt,sharm-el-sheikh,szarm-el-szejk/albatros-laguna-club-resort-14/pRNx0QW4cR9bTjme1SrsjvAAogsZtIz5QT8hN8McaPbBNqkKu3NSZzm0PuyXGyBe07ojIqBEJWUFIw3bP51AZIlUJQAVjBCWACag1BbGwgaW5jbHVzaXZlciAcEfw7G7jcBhjsnA-5BJ3zFasEKwGv4_H5AQIAYwEEDMzNjYY/ofertasv/?filter[tourOperator]=BVPR&filter%5Bperson%5D=2&filter%5BchildAge%5D%5B1%5D=20201210&filter%5Bchild%5D=1"
"Stella Gardens Resort & Spa (ex Stella Di Mare Gardens)","8473.0","14.10.2026 - 21.10.2026","8 dni/7 nocy","","4.5","4.5","2755","tripadvisor","Katowice","2026-09-07T06:29:46.441024+00:00","https://fly.pl/oferta/egipt-wczasy/?filter[dest]=11:&filter[hotelids]=&filter[cityids]=&filter[cregids]=&filter[ofrType]=&filter[addObjType]=&filter[whenFrom]=10-10-2026&filter[whenTo]=05-11-2026&filter[duration]=7:10&filter[from]=&filter[person]=2&filter[child]=1&filter[price]=0:11000&filter[PriceFrom]=0&filter[PriceTo]=11000&filter[addCategory]=50&filter[addCatering]=1&filter[addMisc]=0&filter[addTransport]=F&filter[fp]=1&order_by=ofr_price&filter[tourOperator]=0&filter[childAge][1]=20201210","https://fly.pl/cdn/photo/assets/uploads/582/278/2014/10/Stella-Di-Mare-Gardens-Resort-Spa.jpg","https://fly.pl/wycieczka/egipt,hurghada,makadi-bay/stella-makadi-garden/pEUdUPb1hWGP7KuXWjDK02AAog3b7o2x_OmWTihTvjnxAouNQ85krozDkw2BfFht7tPUIqBEpPSVAw3bP51AZImUJQQVjxBmACagMwMEZyQpsBFAEVBhcAXANYBVYCQMoGT-IBXQBSr6sBUwBLiB9hABG-EV7pHkzS0DoNqf2XCSAAAbi7-LCzhsygMAIOYwEADRjn4H8/ofertasv/?filter[tourOperator]=JOIP&filter%5Bperson%5D=2&filter%5BchildAge%5D%5B1%5D=20201210&filter%5Bchild%5D=1"
"Concorde Moreen Beach Resort & Spa","8483.0","29.10.2026 - 05.11.2026","8 dni/7 nocy","","4.5","4.5","5598","tripadvisor","Katowice","2026-09-07T06:29:46.441024+00:00","https://fly.pl/oferta/egipt-wczasy/?filter[dest]=11:&filter[hotelids]=&filter[cityids]=&filter[cregids]=&filter[ofrType]=&filter[addObjType]=&filter[whenFrom]=10-10-2026&filter[whenTo]=05-11-2026&filter[duration]=7:10&filter[from]=&filter[person]=2&filter[child]=1&filter[price]=0:11000&filter[PriceFrom]=0&filter[PriceTo]=11000&filter[addCategory]=50&filter[addCatering]=1&filter[addMisc]=0&filter[addTransport]=F&filter[fp]=1&order_by=ofr_price&filter[tourOperator]=0&filter[childAge][1]=20201210","https://fly.pl/cdn/photo/assets/uploads/582/278/2014/07/Concorde-Moreen-Beach-Resort-Spa-fly-pl.jpg","https://fly.pl/wycieczka/egipt,marsa-alam,c/concorde-moreen-beach-spa-resort/pxGRpo6BElGJc_KqtfQrC4AAogRv_RICAUWApNhZrT6PeqL8f7aOogEcfP-IyfG5F-ZlYqBE9SRVgw3rP51AZIo0JQQVjZCWACagZESS4yLjFyNpsBFQcXAFwDWAVWAkDKBhHuDV3FNE8kS8KJAWEAXqcwUrwUUwBMlrw6Dbj9lwkgAAISYwECC-2yeh0/ofertasv/?filter[tourOperator]=OREX&filter%5Bperson%5D=2&filter%5BchildAge%5D%5B1%5D=20201210&filter%5Bchild%5D=1"
"Creek Hotel and Residences","8492.0","22.10.2026 - 29.10.2026","8 dni/7 nocy","","4.8","4.8","219","tripadvisor","Warszawa - Radom","2026-09-07T06:29:46.441024+00:00","https://fly.pl/oferta/egipt-wczasy/?filter[dest]=11:&filter[hotelids]=&filter[cityids]=&filter[cregids]=&filter[ofrType]=&filter[addObjType]=&filter[whenFrom]=10-10-2026&filter[whenTo]=05-11-2026&filter[duration]=7:10&filter[from]=&filter[person]=2&filter[child]=1&filter[price]=0:11000&filter[PriceFrom]=0&filter[PriceTo]=11000&filter[addCategory]=50&filter[addCatering]=1&filter[addMisc]=0&filter[addTransport]=F&filter[fp]=1&order_by=ofr_price&filter[tourOperator]=0&filter[childAge][1]=20201210","https://fly.pl/cdn/photo/assets/uploads/582/278/2024/07/creek-hotel-residences.jpg","https://fly.pl/wycieczka/egipt,hurghada,al-dzuna/creek-hotel-residences-9/pvb3vhLAH8oI7Ije7nGn0YAAogQIxuNaKCn6l5hB_Z_qyL-yWlkVtJMYzcX-uCortsPpUqBE9SRVgw3rP51AZIrEJQQVixCGACagdNMkUuMi4xcjabARUHFwBcA1gFVgJAygZd0w5PbBGCB1PQlgFSAF6vT0uBEmEATNG-OiCx_ZcJDQACEmMBAgvtnBoV/ofertasv/?filter[tourOperator]=OREX&filter%5Bperson%5D=2&filter%5BchildAge%5D%5B1%5D=20201210&filter%5Bchild%5D=1"
"Casa Mare Resort (ex. Royal Tulip Beach Resort)","8497.0","17.10.2026 - 25.10.2026","9 dni/7 nocy","","4.7","4.7","4700","tripadvisor","Katowice","2026-09-07T06:29:46.441024+00:00","https://fly.pl/oferta/egipt-wczasy/?filter[dest]=11:&filter[hotelids]=&filter[cityids]=&filter[cregids]=&filter[ofrType]=&filter[addObjType]=&filter[whenFrom]=10-10-2026&filter[whenTo]=05-11-2026&filter[duration]=7:10&filter[from]=&filter[person]=2&filter[child]=1&filter[price]=0:11000&filter[PriceFrom]=0&filter[PriceTo]=11000&filter[addCategory]=50&filter[addCatering]=1&filter[addMisc]=0&filter[addTransport]=F&filter[fp]=1&order_by=ofr_price&filter[tourOperator]=0&filter[childAge][1]=20201210","https://fly.pl/cdn/photo/assets/uploads/582/278/2015/12/Casa-Mare-Resort.jpg","https://fly.pl/wycieczka/egipt,marsa-alam,c/royal-tulip-beach-resort/p2Sjt1XQqUrs0aqD5f2oUTAAogqLMKkhlpYrsElTDzcFdAVEAjZndl-XRS1STVnHmHuVYqBFZJVFgw3rP51AZIsUJQQVi5B2ACckAaABUHFwBcA1gFQI8DW5eFAWG_SksAXqcwUrwUUwBMoOQ5DaLVmAkgAV2j65HsqAFPlNqZijdR3tcZAg5jAQINasfPbg/ofertasv/?filter[tourOperator]=VITX&filter%5Bperson%5D=2&filter%5BchildAge%5D%5B1%5D=20201210&filter%5Bchild%5D=1"
"Jaz Neo Naama Bay","8540.0","24.10.2026 - 31.10.2026","8 dni/7 nocy","","4.7","4.7","4826","tripadvisor","Warszawa","2026-09-07T06:29:46.441024+00:00","https://fly.pl/oferta/egipt-wczasy/?filter[dest]=11:&filter[hotelids]=&filter[cityids]=&filter[cregids]=&filter[ofrType]=&filter[addObjType]=&filter[whenFrom]=10-10-2026&filter[whenTo]=05-11-2026&filter[duration]=7:10&filter[from]=&filter[person]=2&filter[child]=1&filter[price]=0:11000&filter[PriceFrom]=0&filter[PriceTo]=11000&filter[addCategory]=50&filter[addCatering]=1&filter[addMisc]=0&filter[addTransport]=F&filter[fp]=1&order_by=ofr_price&filter[tourOperator]=0&filter[childAge][1]=20201210","https://fly.pl/cdn/photo/assets/uploads/582/278/2014/10/Sol-Y-Mar-Naama-Bay.jpg","https://fly.pl/wycieczka/egipt,sharm-el-sheikh,c/sol-y-mar-naama-bay/ppehNEiF5APc40nILwmborAAoggym6YnPjYGJ5zhspmCUMOgAAAACbhAQAuIQEAAcAEgAqBFdFWlkw3rP51AZI3EJQQVjhCGADaglFbnRlciBBaXJqBDA4MDByQ54BlQEfAAIBHAAWBBcCEu0DGKEEE7ECFMkEEbgPQNpiTKCiAU8AS8cjUAAb3_QJHbTNBSAdDejHwgkBEmMBDWMBAwXtEVXF/ofertasv/?filter[tourOperator]=WEZY&filter%5Bperson%5D=2&filter%5BchildAge%5D%5B1%5D=20201210&filter%5Bchild%5D=1"
"Parrotel Beach Resort (ex. Radisson Blu)","8550.0","13.10.2026 - 20.10.2026","8 dni/7 nocy","","4.4","4.4","6991","tripadvisor","Katowice","2026-09-07T06:29:46.441024+00:00","https://fly.pl/oferta/egipt-wczasy/?filter[dest]=11:&filter[hotelids]=&filter[cityids]=&filter[cregids]=&filter[ofrType]=&filter[addObjType]=&filter[whenFrom]=10-10-2026&filter[whenTo]=05-11-2026&filter[duration]=7:10&filter[from]=&filter[person]=2&filter[child]=1&filter[price]=0:11000&filter[PriceFrom]=0&filter[PriceTo]=11000&filter[addCategory]=50&filter[addCatering]=1&filter[addMisc]=0&filter[addTransport]=F&filter[fp]=1&order_by=ofr_price&filter[tourOperator]=0&filter[childAge][1]=20201210","https://fly.pl/cdn/photo/assets/uploads/582/278/2014/07/Parrotel-Beach-Resort.jpg","https://fly.pl/wycieczka/egipt,sharm-el-sheikh,c/radisson-blu-resort-sharm-el-sheikh/pVA_4tkkgeGHV4IemJbufoAAogSBPBQ7vP2oTb-cWJBFOPCVATkd0Et3pHZ-B5Uah2j-0qBEpPSVAw3rP51AZI5kJQQVjZBmACagNDR21yQpsBFAEVBhcAXANYBVYCQMoGT-IBXQARoccBS5YDYQBepzBSpiBTAEyssDoNqP2XCSAAAbrX-K-jicygMAIOYwEADRQg8d8/ofertasv/?filter[tourOperator]=JOIP&filter%5Bperson%5D=2&filter%5BchildAge%5D%5B1%5D=20201210&filter%5Bchild%5D=1"
"Amarina Sun Resort & Aqua Park (ex. Raouf Sun International Aqua Park & SPA)","8568.0","13.10.2026 - 20.10.2026","8 dni/7 nocy","","3.8","3.8","325","tripadvisor","Katowice","2026-09-07T06:29:46.441024+00:00","https://fly.pl/oferta/egipt-wczasy/?filter[dest]=11:&filter[hotelids]=&filter[cityids]=&filter[cregids]=&filter[ofrType]=&filter[addObjType]=&filter[whenFrom]=10-10-2026&filter[whenTo]=05-11-2026&filter[duration]=7:10&filter[from]=&filter[person]=2&filter[child]=1&filter[price]=0:11000&filter[PriceFrom]=0&filter[PriceTo]=11000&filter[addCategory]=50&filter[addCatering]=1&filter[addMisc]=0&filter[addTransport]=F&filter[fp]=1&order_by=ofr_price&filter[tourOperator]=0&filter[childAge][1]=20201210","https://fly.pl/cdn/photo/assets/uploads/582/278/2024/07/raouf-sun-international-aqua-park-spa.jpg","https://fly.pl/wycieczka/egipt,sharm-el-sheikh,szarm-el-szejk/raouf-international-aqua-park-spa-14/pLYzi50v5OLegbEjcsLFv8AAogDMzrR9iJSSW0yhRwXrgWA1ATkd0Et3pHZ-B5Uah2j-0qBEpPSVAw3rP51AZI-EJQQVjZBmACagMxMm9yQ5sBFAEVBhcAXANYBVYCQMoGT-IBXQBLt8oBYQBepzBSpiBTABGWrAFMloQ5Daj9lwkgAAG8ybywtInMoDACDWMBAAwDstmh/ofertasv/?filter[tourOperator]=JOIP&filter%5Bperson%5D=2&filter%5BchildAge%5D%5B1%5D=20201210&filter%5Bchild%5D=1"
"Golf Villas And Suites Sharm","8573.0","28.10.2026 - 04.11.2026","9 dni/7 nocy","","4.8","4.8","356","tripadvisor","Gdańsk","2026-09-07T06:29:46.441024+00:00","https://fly.pl/oferta/egipt-wczasy/?filter[dest]=11:&filter[hotelids]=&filter[cityids]=&filter[cregids]=&filter[ofrType]=&filter[addObjType]=&filter[whenFrom]=10-10-2026&filter[whenTo]=05-11-2026&filter[duration]=7:10&filter[from]=&filter[person]=2&filter[child]=1&filter[price]=0:11000&filter[PriceFrom]=0&filter[PriceTo]=11000&filter[addCategory]=50&filter[addCatering]=1&filter[addMisc]=0&filter[addTransport]=F&filter[fp]=1&order_by=ofr_price&filter[tourOperator]=0&filter[childAge][1]=20201210","https://fly.pl/cdn/photo/assets/uploads/582/278/2014/07/Maritim-Jolie-Ville-Royal-Peninsula-fly-pl.jpg","https://fly.pl/wycieczka/egipt,sharm-el-sheikh,c/maritim-jolie-ville-royal-peninsula/pMz8JkpMNbFfN5KddiRH7wAAogpzidkRvKJtB-R2CTz6b2XXIhrbyPomD2uW-Fwn8rcgYqBE9BU0kw37P51AZI_UJQAVjBCWACagNBSWxyIRwR7q8BuQSFqxCrBBIb1v8OGJOAEwHmpdKqAgIAYwECDDfaGe4/ofertasv/?filter[tourOperator]=OASI&filter%5Bperson%5D=2&filter%5BchildAge%5D%5B1%5D=20201210&filter%5Bchild%5D=1"
"Jasmine Palace","8577.0","17.10.2026 - 25.10.2026","9 dni/7 nocy","","4.1","4.1","7704","tripadvisor","Katowice","2026-09-07T06:29:46.441024+00:00","https://fly.pl/oferta/egipt-wczasy/?filter[dest]=11:&filter[hotelids]=&filter[cityids]=&filter[cregids]=&filter[ofrType]=&filter[addObjType]=&filter[whenFrom]=10-10-2026&filter[whenTo]=05-11-2026&filter[duration]=7:10&filter[from]=&filter[person]=2&filter[child]=1&filter[price]=0:11000&filter[PriceFrom]=0&filter[PriceTo]=11000&filter[addCategory]=50&filter[addCatering]=1&filter[addMisc]=0&filter[addTransport]=F&filter[fp]=1&order_by=ofr_price&filter[tourOperator]=0&filter[childAge][1]=20201210","https://fly.pl/cdn/photo/assets/uploads/582/278/2014/07/Jasmine-Palace.jpg","https://fly.pl/wycieczka/egipt,hurghada,c/jasmine-palace/p8xqNQTibCPFPCzq3sXxBWAAogQrCXpif4vW2BBNZkzNsHaMzJNrLF3lciJ3YfzM4E2MIqBEVDQ1gw37P51AZIgUNQAVi5B2ACagJBSXIgHBG5UbkEmokWqwQbGOfbLRvEqEIBktqL-gECAGMBAgsRoULu/ofertasv/?filter[tourOperator]=ECCX&filter%5Bperson%5D=2&filter%5BchildAge%5D%5B1%5D=20201210&filter%5Bchild%5D=1"
"Domina Coral Bay Aquamarine","8588.0","25.10.2026 - 01.11.2026","8 dni/7 nocy","","4.2","4.2","12412","tripadvisor","Katowice","2026-09-07T06:29:46.441024+00:00","https://fly.pl/oferta/egipt-wczasy/?filter[dest]=11:&filter[hotelids]=&filter[cityids]=&filter[cregids]=&filter[ofrType]=&filter[addObjType]=&filter[whenFrom]=10-10-2026&filter[whenTo]=05-11-2026&filter[duration]=7:10&filter[from]=&filter[person]=2&filter[child]=1&filter[price]=0:11000&filter[PriceFrom]=0&filter[PriceTo]=11000&filter[addCategory]=50&filter[addCatering]=1&filter[addMisc]=0&filter[addTransport]=F&filter[fp]=1&order_by=ofr_price&filter[tourOperator]=0&filter[childAge][1]=20201210","https://fly.pl/cdn/photo/assets/uploads/582/278/2014/07/Domina-Coral-Bay-Aquamarine.jpg","https://fly.pl/wycieczka/egipt,sharm-el-sheikh,c/domina-coral-bay-aquamarine/pzY40_X4lLO8Pl8Nk-u-8lAAogvNP_iNpI5solrOOYWeIt__-8lKSM_XY3X6eU8q1GIdEqBE9BU0kw37P51AZIjENQAVj5CGACagNBSWxyIRwRoq8BqwT1qxC5BCsbzK4NGK_aEgGf64qpAgIAYwECDDCZZrk/ofertasv/?filter[tourOperator]=OASI&filter%5Bperson%5D=2&filter%5BchildAge%5D%5B1%5D=20201210&filter%5Bchild%5D=1"
"Bellagio Beach Resort & Spa (ex. Panorama Bungalows Hurghada)","8603.0","27.10.2026 - 03.11.2026","9 dni/7 nocy","","4.3","4.3","4466","tripadvisor","Warszawa - Modlin","2026-09-07T06:29:46.441024+00:00","https://fly.pl/oferta/egipt-wczasy/?filter[dest]=11:&filter[hotelids]=&filter[cityids]=&filter[cregids]=&filter[ofrType]=&filter[addObjType]=&filter[whenFrom]=10-10-2026&filter[whenTo]=05-11-2026&filter[duration]=7:10&filter[from]=&filter[person]=2&filter[child]=1&filter[price]=0:11000&filter[PriceFrom]=0&filter[PriceTo]=11000&filter[addCategory]=50&filter[addCatering]=1&filter[addMisc]=0&filter[addTransport]=F&filter[fp]=1&order_by=ofr_price&filter[tourOperator]=0&filter[childAge][1]=20201210","https://fly.pl/cdn/photo/assets/uploads/582/278/2014/07/Bellagio-Beach-Resort-Spa.jpg","https://fly.pl/wycieczka/egipt,hurghada,c/panorama-bungalow-resort/pF9LUvdR-OJbZKvjdmTPJqAAogoK4a5Uw56w1MYlVlKRL723-RivCO5fCdWQwfiBpU-nUqBE9BU0kw37P51AZIm0NQAVipCWACagNBSWxyIBwR7narBP6nELkEQBuMqg4Yy4ASAfHznZkCAgBjAQINAlb48A/ofertasv/?filter[tourOperator]=OASI&filter%5Bperson%5D=2&filter%5BchildAge%5D%5B1%5D=20201210&filter%5Bchild%5D=1"
"Monte Carlo Resort Spa","8623.0","28.10.2026 - 04.11.2026","9 dni/7 nocy","","4.4","4.4","2434","tripadvisor","Gdańsk","2026-09-07T06:29:46.441024+00:00","https://fly.pl/oferta/egipt-wczasy/?filter[dest]=11:&filter[hotelids]=&filter[cityids]=&filter[cregids]=&filter[ofrType]=&filter[addObjType]=&filter[whenFrom]=10-10-2026&filter[whenTo]=05-11-2026&filter[duration]=7:10&filter[from]=&filter[person]=2&filter[child]=1&filter[price]=0:11000&filter[PriceFrom]=0&filter[PriceTo]=11000&filter[addCategory]=50&filter[addCatering]=1&filter[addMisc]=0&filter[addTransport]=F&filter[fp]=1&order_by=ofr_price&filter[tourOperator]=0&filter[childAge][1]=20201210","https://fly.pl/cdn/photo/assets/uploads/582/278/2014/09/Monte-Carlo-Sharm-Resort-Spa.jpg","https://fly.pl/wycieczka/egipt,sharm-el-sheikh,c/monte-carlo-ex-ritz-carlton/p_R-u3roYPnFjF6pOba_jlAAog9CaDAQaZges2lSyAmBgsZHIhrbyPomD2uW-Fwn8rcgYqBE9BU0kw37P51AZIr0NQAVjBCWACagNBSStyIRwRpa8BuQTOqxCrBBIbi60NGKbgEgHT1ZGpAgIAYwECCxMhnrE/ofertasv/?filter[tourOperator]=OASI&filter%5Bperson%5D=2&filter%5BchildAge%5D%5B1%5D=20201210&filter%5Bchild%5D=1"
"Serenity Alma Heights (ex. Serenity Fun City)","8631.0","22.10.2026 - 29.10.2026","8 dni/7 nocy","","4.7","4.7","5509","tripadvisor","Warszawa - Radom","2026-09-07T06:29:46.441024+00:00","https://fly.pl/oferta/egipt-wczasy/?filter[dest]=11:&filter[hotelids]=&filter[cityids]=&filter[cregids]=&filter[ofrType]=&filter[addObjType]=&filter[whenFrom]=10-10-2026&filter[whenTo]=05-11-2026&filter[duration]=7:10&filter[from]=&filter[person]=2&filter[child]=1&filter[price]=0:11000&filter[PriceFrom]=0&filter[PriceTo]=11000&filter[addCategory]=50&filter[addCatering]=1&filter[addMisc]=0&filter[addTransport]=F&filter[fp]=1&order_by=ofr_price&filter[tourOperator]=0&filter[childAge][1]=20201210","https://fly.pl/cdn/photo/assets/uploads/582/278/2014/09/Serenity-Alma-Heights.jpg","https://fly.pl/wycieczka/egipt,hurghada,makadi-bay/serenity-fun-city/pMcNUWhClNf1XStQOlHV45AAogkv4rQTbswpKD4g-FYe-hIyWlkVtJMYzcX-uCortsPpUqBE9SRVgw37P51AZIt0NQQVixCGACagZFQy4yLjFyNZsBFQcXAFgIVgJcCBFEQP4FXdMOT2xT0p0BUgBer09LgRJhAEzRvjogsf2XCQ0AAhJjAQIMx1HRCg/ofertasv/?filter[tourOperator]=OREX&filter%5Bperson%5D=2&filter%5BchildAge%5D%5B1%5D=20201210&filter%5Bchild%5D=1"
"Swissotel Resort El Quseir","8636.0","21.10.2026 - 28.10.2026","8 dni/7 nocy","","4.4","4.4","3131","tripadvisor","Katowice","2026-09-07T06:29:46.441024+00:00","https://fly.pl/oferta/egipt-wczasy/?filter[dest]=11:&filter[hotelids]=&filter[cityids]=&filter[cregids]=&filter[ofrType]=&filter[addObjType]=&filter[whenFrom]=10-10-2026&filter[whenTo]=05-11-2026&filter[duration]=7:10&filter[from]=&filter[person]=2&filter[child]=1&filter[price]=0:11000&filter[PriceFrom]=0&filter[PriceTo]=11000&filter[addCategory]=50&filter[addCatering]=1&filter[addMisc]=0&filter[addTransport]=F&filter[fp]=1&order_by=ofr_price&filter[tourOperator]=0&filter[childAge][1]=20201210","https://fly.pl/cdn/photo/assets/uploads/582/278/2015/02/RADISSON-BLU-m.jpg","https://fly.pl/wycieczka/egipt,marsa-alam,al-kusajr/radisson-blu-resort-el-quseir/p1O4gDO47UQPyodKNxa1GUAAogUznc4aYMLrrNJL1bvwg8nKHYx8dHtHpw8fXuNNDPihYqBE9SRVgw37P51AZIvENQQViZCGACagZESS4yLjFyNpsBFQcXAFwDWAVWAkDKBhHtFV2WDk8kS_KnAWEAXqcwUrwUUwBMlrw6DbD9lwkgAAISYwECCxGjcfs/ofertasv/?filter[tourOperator]=OREX&filter%5Bperson%5D=2&filter%5BchildAge%5D%5B1%5D=20201210&filter%5Bchild%5D=1"
"Pickalbatros Sands Port Ghalib (ex. Red Sea Siva Sands)","8710.0","28.10.2026 - 04.11.2026","8 dni/7 nocy","","4.5","4.5","3436","tripadvisor","Warszawa - Modlin","2026-09-07T06:29:46.441024+00:00","https://fly.pl/oferta/egipt-wczasy/?filter[dest]=11:&filter[hotelids]=&filter[cityids]=&filter[cregids]=&filter[ofrType]=&filter[addObjType]=&filter[whenFrom]=10-10-2026&filter[whenTo]=05-11-2026&filter[duration]=7:10&filter[from]=&filter[person]=2&filter[child]=1&filter[price]=0:11000&filter[PriceFrom]=0&filter[PriceTo]=11000&filter[addCategory]=50&filter[addCatering]=1&filter[addMisc]=0&filter[addTransport]=F&filter[fp]=1&order_by=ofr_price&filter[tourOperator]=0&filter[childAge][1]=20201210","https://fly.pl/cdn/photo/assets/uploads/582/278/2014/07/PICKALBATROS-SANDS-PORT-GHALIB.jpg","https://fly.pl/wycieczka/egipt,marsa-alam,port-ghalib/crowne-plaza-sahara-sands-resort/pTgDvtNjSFt-uvIrn180dsAAogsR4ydqJ5NOev-6nOR_tMtE91RqsWD-Zqi5PHU8FUFQkqBEJWUFIw37P51AZIhkRQAVjBCWACag1BbGwgaW5jbHVzaXZlciAcEc83G9fQBhjVkg-rBMnNFbkEAQHOltX3AQIAYwECBdd3MOo/ofertasv/?filter[tourOperator]=BVPR&filter%5Bperson%5D=2&filter%5BchildAge%5D%5B1%5D=20201210&filter%5Bchild%5D=1"
"Jaz Aquaviva","8717.0","29.10.2026 - 05.11.2026","9 dni/7 nocy","","4.7","4.7","10804","tripadvisor","Wrocław","2026-09-07T06:29:46.441024+00:00","https://fly.pl/oferta/egipt-wczasy/?filter[dest]=11:&filter[hotelids]=&filter[cityids]=&filter[cregids]=&filter[ofrType]=&filter[addObjType]=&filter[whenFrom]=10-10-2026&filter[whenTo]=05-11-2026&filter[duration]=7:10&filter[from]=&filter[person]=2&filter[child]=1&filter[price]=0:11000&filter[PriceFrom]=0&filter[PriceTo]=11000&filter[addCategory]=50&filter[addCatering]=1&filter[addMisc]=0&filter[addTransport]=F&filter[fp]=1&order_by=ofr_price&filter[tourOperator]=0&filter[childAge][1]=20201210","https://fly.pl/cdn/photo/assets/uploads/582/278/2015/07/Jaz-Aquaviva.jpg","https://fly.pl/wycieczka/egipt,hurghada,makadi-bay/jaz-makadi-aquaviva/p4jXCzQ4_381zlZ-Juk2NgAAogHX4vXBqtHAc1JKEXu12uhMLTmCcaLBzG7MsO9giG0TQqBEVYSU0w37P51AZIjURQAVjZCWADagJBSXIkHBG7_wa5BOKnS6sEXRv7p0AY4dpHAdjagqwNARJjAQxjAQIL92K9Vg/ofertasv/?filter[tourOperator]=EXIM&filter%5Bperson%5D=2&filter%5BchildAge%5D%5B1%5D=20201210&filter%5Bchild%5D=1"
"Dreams Beach Sharm Resort (Sharm El Sheikh)","8719.0","13.10.2026 - 20.10.2026","8 dni/7 nocy","","3.9","3.9","2645","tripadvisor","Katowice","2026-09-07T06:29:46.441024+00:00","https://fly.pl/oferta/egipt-wczasy/?filter[dest]=11:&filter[hotelids]=&filter[cityids]=&filter[cregids]=&filter[ofrType]=&filter[addObjType]=&filter[whenFrom]=10-10-2026&filter[whenTo]=05-11-2026&filter[duration]=7:10&filter[from]=&filter[person]=2&filter[child]=1&filter[price]=0:11000&filter[PriceFrom]=0&filter[PriceTo]=11000&filter[addCategory]=50&filter[addCatering]=1&filter[addMisc]=0&filter[addTransport]=F&filter[fp]=1&order_by=ofr_price&filter[tourOperator]=0&filter[childAge][1]=20201210","https://fly.pl/cdn/photo/assets/uploads/582/278/2014/07/Dreams-Beach-Resort.jpg","https://fly.pl/wycieczka/egipt,sharm-el-sheikh,szarm-el-szejk/dreams-beach-sharm-el-sheikh/pF_Krde8a8ICz2ZqG_Xb0hAAogmWsNTubVUHJiFrHADfnAJ1ATkd0Et3pHZ-B5Uah2j-0qBEpPSVAw37P51AZIj0RQQVjZBmACagNDR21yQpsBFAEVBhcAXANYBVYCQMoGT-IBXQAR5MYBS9MDYQBepzBSpiBTAEyssDoNqP2XCSAAAbqxxIilicygMAINYwEACxayU40/ofertasv/?filter[tourOperator]=JOIP&filter%5Bperson%5D=2&filter%5BchildAge%5D%5B1%5D=20201210&filter%5Bchild%5D=1"
"Cleopatra Luxury Resort (Makadi Bay)","8753.0","29.10.2026 - 05.11.2026","8 dni/7 nocy","","4.6","4.6","3181","tripadvisor","Warszawa","2026-09-07T06:29:46.441024+00:00","https://fly.pl/oferta/egipt-wczasy/?filter[dest]=11:&filter[hotelids]=&filter[cityids]=&filter[cregids]=&filter[ofrType]=&filter[addObjType]=&filter[whenFrom]=10-10-2026&filter[whenTo]=05-11-2026&filter[duration]=7:10&filter[from]=&filter[person]=2&filter[child]=1&filter[price]=0:11000&filter[PriceFrom]=0&filter[PriceTo]=11000&filter[addCategory]=50&filter[addCatering]=1&filter[addMisc]=0&filter[addTransport]=F&filter[fp]=1&order_by=ofr_price&filter[tourOperator]=0&filter[childAge][1]=20201210","https://fly.pl/cdn/photo/assets/uploads/582/278/2014/10/Cleopatra-Luxury-Resort-Makadi-Bay.jpg","https://fly.pl/wycieczka/egipt,hurghada,makadi-bay/cleopatra-luxury-resort-makadi-bay/pUm_gQr8zNG1oZolaoF93XAAogpTYjIM9fgYQa3z0NipQRBxLqCxxQb8S86Hh0k4aD-ioqBE9SRVgw37P51AZIsURQQVjZCWACagdQNE8uMi4xcjWbARUHFwBcA1gFVgIRDUC9Bl2bD08kU9KdAVIAXq9PS-1DYQBM5Yw6ILj9lwkNAAISYwECDPhCiBw/ofertasv/?filter[tourOperator]=OREX&filter%5Bperson%5D=2&filter%5BchildAge%5D%5B1%5D=20201210&filter%5Bchild%5D=1"
"Gravity Sahl Hasheesh (Ex. Ocean Breeze)","8768.0","29.10.2026 - 05.11.2026","8 dni/7 nocy","","4.7","4.7","3399","tripadvisor","Katowice","2026-09-07T06:29:46.441024+00:00","https://fly.pl/oferta/egipt-wczasy/?filter[dest]=11:&filter[hotelids]=&filter[cityids]=&filter[cregids]=&filter[ofrType]=&filter[addObjType]=&filter[whenFrom]=10-10-2026&filter[whenTo]=05-11-2026&filter[duration]=7:10&filter[from]=&filter[person]=2&filter[child]=1&filter[price]=0:11000&filter[PriceFrom]=0&filter[PriceTo]=11000&filter[addCategory]=50&filter[addCatering]=1&filter[addMisc]=0&filter[addTransport]=F&filter[fp]=1&order_by=ofr_price&filter[tourOperator]=0&filter[childAge][1]=20201210","https://fly.pl/cdn/photo/assets/uploads/582/278/2018/10/Gravity-Sahl-Hasheesh.jpg","https://fly.pl/wycieczka/egipt,hurghada,c/ocean-breeze/py5rxcLHT1Tcsuvt0-M5F5AAogPenBKNx6lpC-0TCtBTy1pj6X2l5diRdIrf_KEmAYZzwqBFJOQlcw37P51AZIwERQQVjZCWACagRDQWhlag1BTExfSU5DTFVTSVZFaiYxNiwyMzQsMjgzLDI5NiwzODAsMzg4LDQ3Nyw0ODMsNDg0LDQ4NXI6nwGWAZ4BFQcXAFgIQMgHCigRqRwQ8x4ZqRlMnjZTiiFSAEuIH2EAHYzpQA85IOyUkgkNAAINYwECBijxAe4/ofertasv/?filter[tourOperator]=RNBW&filter%5Bperson%5D=2&filter%5BchildAge%5D%5B1%5D=20201210&filter%5Bchild%5D=1"
"Gravity Hotel & Aquapark Hurghada (ex. Samra Bay Resort)","8806.0","14.10.2026 - 21.10.2026","8 dni/7 nocy","","","","","","Katowice","2026-09-07T06:29:46.441024+00:00","https://fly.pl/oferta/egipt-wczasy/?filter[dest]=11:&filter[hotelids]=&filter[cityids]=&filter[cregids]=&filter[ofrType]=&filter[addObjType]=&filter[whenFrom]=10-10-2026&filter[whenTo]=05-11-2026&filter[duration]=7:10&filter[from]=&filter[person]=2&filter[child]=1&filter[price]=0:11000&filter[PriceFrom]=0&filter[PriceTo]=11000&filter[addCategory]=50&filter[addCatering]=1&filter[addMisc]=0&filter[addTransport]=F&filter[fp]=1&order_by=ofr_price&filter[tourOperator]=0&filter[childAge][1]=20201210","https://fly.pl/cdn/photo/assets/uploads/582/278/2017/04/Gravity-Hotel-Aquapark-Hurghada.jpg","https://fly.pl/wycieczka/egipt,hurghada,c/samra-bay-resort/ppWiEcKXadaoK99tXJLQBeAAoguHhLBhDzhdphd211mkSAftQ85krozDkw2BfFht7tPUIqBEpPSVAw37P51AZI5kRQQVjxBmACagMwMllyQpsBFAEVBhcAXANYBVYCQMoGT-IBXQBSr6sBUwBLiB9hAF6nMBG4P0yakToNqf2XCSAAAb-f-L-Eic6gMAIOYwEADYi-bt8/ofertasv/?filter[tourOperator]=JOIP&filter%5Bperson%5D=2&filter%5BchildAge%5D%5B1%5D=20201210&filter%5Bchild%5D=1"
"Pharaoh Azur Resort (ex Sonesta Pharaoh Beach Resort)","8827.0","29.10.2026 - 05.11.2026","8 dni/7 nocy","","4.5","4.5","2757","tripadvisor","Katowice","2026-09-07T06:29:46.441024+00:00","https://fly.pl/oferta/egipt-wczasy/?filter[dest]=11:&filter[hotelids]=&filter[cityids]=&filter[cregids]=&filter[ofrType]=&filter[addObjType]=&filter[whenFrom]=10-10-2026&filter[whenTo]=05-11-2026&filter[duration]=7:10&filter[from]=&filter[person]=2&filter[child]=1&filter[price]=0:11000&filter[PriceFrom]=0&filter[PriceTo]=11000&filter[addCategory]=50&filter[addCatering]=1&filter[addMisc]=0&filter[addTransport]=F&filter[fp]=1&order_by=ofr_price&filter[tourOperator]=0&filter[childAge][1]=20201210","https://fly.pl/cdn/photo/assets/uploads/582/278/2014/07/Pharaoh-Azur-Resort.jpg","https://fly.pl/wycieczka/egipt,hurghada,c/sonesta-pharaoh/pq8gyN9LRNMQWTGHb7C4RwAAogWnl8UuPpVz6Uug6yKiU47wAAAACBhwQAHroEAAcAAAAqBFdFWlkw37P51AZI-0RQQVjZCWADaglFbnRlciBBaXJqBDAwMTVqBDAwMDBqBDAwMDByQZ4BlAGVAZgBHwAcAQIAFgQXAhGxARKlAxPvCEDVc0zLMk8AS4gfUAAbyr0BHcP-DiCdZQ2H3cEJARJjAQ5jAQIF1x4Dlw/ofertasv/?filter[tourOperator]=WEZY&filter%5Bperson%5D=2&filter%5BchildAge%5D%5B1%5D=20201210&filter%5Bchild%5D=1"
"Red Sea Grand Waterworld Makadi (ex. Sunwing Waterworld Makadi)","8840.0","15.10.2026 - 22.10.2026","8 dni/6 nocy","","4.5","4.5","5549","tripadvisor","Katowice","2026-09-07T06:29:46.441024+00:00","https://fly.pl/oferta/egipt-wczasy/?filter[dest]=11:&filter[hotelids]=&filter[cityids]=&filter[cregids]=&filter[ofrType]=&filter[addObjType]=&filter[whenFrom]=10-10-2026&filter[whenTo]=05-11-2026&filter[duration]=7:10&filter[from]=&filter[person]=2&filter[child]=1&filter[price]=0:11000&filter[PriceFrom]=0&filter[PriceTo]=11000&filter[addCategory]=50&filter[addCatering]=1&filter[addMisc]=0&filter[addTransport]=F&filter[fp]=1&order_by=ofr_price&filter[tourOperator]=0&filter[childAge][1]=20201210","https://fly.pl/cdn/photo/assets/uploads/582/278/2017/06/Red-Sea-Grand-Waterworld-Makadi.jpg","https://fly.pl/wycieczka/egipt,hurghada,makadi-bay/sunwing-waterworld-makadi/pBxun7bHYr8HQjm3t82idZAAogoB6Zp15XFpCtyTZTS8jCf4byV7bYFyIfHmV32_hhb9wqA0VUSTDfs_nUBkiIRVBBWIkHYAJyMRUGFwFcA1gFVgJA-wdbw4UBU50mUgBLiB9hAF6nMA38zdIJIAFRiOC99gMCEmMBAgptuWfz/ofertasv/?filter[tourOperator]=ETI&filter%5Bperson%5D=2&filter%5BchildAge%5D%5B1%5D=20201210&filter%5Bchild%5D=1"
"Jaz Mirabel Beach Resort","8847.0","28.10.2026 - 04.11.2026","9 dni/7 nocy","","4.5","4.5","7330","tripadvisor","Gdańsk","2026-09-07T06:29:46.441024+00:00","https://fly.pl/oferta/egipt-wczasy/?filter[dest]=11:&filter[hotelids]=&filter[cityids]=&filter[cregids]=&filter[ofrType]=&filter[addObjType]=&filter[whenFrom]=10-10-2026&filter[whenTo]=05-11-2026&filter[duration]=7:10&filter[from]=&filter[person]=2&filter[child]=1&filter[price]=0:11000&filter[PriceFrom]=0&filter[PriceTo]=11000&filter[addCategory]=50&filter[addCatering]=1&filter[addMisc]=0&filter[addTransport]=F&filter[fp]=1&order_by=ofr_price&filter[tourOperator]=0&filter[childAge][1]=20201210","https://fly.pl/cdn/photo/assets/uploads/582/278/2014/07/Jaz-Mirabel-Beach-Resort-fly-pl.jpg","https://fly.pl/wycieczka/egipt,sharm-el-sheikh,c/jaz-mirabel-beach-resort/ptdRopC-SUn6gkSaOqrbcdAAog9VEfDS_725sTMqIekHFkF3IhrbyPomD2uW-Fwn8rcgYqBE9BU0kw37P51AZIj0VQAVjBCWADagNBSWxyJBwRiLABuQTrqhCrBBIbgI4OGMH-EQHG742pAgEMYwEAYwECC1ViUMM/ofertasv/?filter[tourOperator]=OASI&filter%5Bperson%5D=2&filter%5BchildAge%5D%5B1%5D=20201210&filter%5Bchild%5D=1"
"Jaz Mirabel Park","8869.0","13.10.2026 - 20.10.2026","8 dni/7 nocy","","4.4","4.4","4043","tripadvisor","Katowice","2026-09-07T06:29:46.441024+00:00","https://fly.pl/oferta/egipt-wczasy/?filter[dest]=11:&filter[hotelids]=&filter[cityids]=&filter[cregids]=&filter[ofrType]=&filter[addObjType]=&filter[whenFrom]=10-10-2026&filter[whenTo]=05-11-2026&filter[duration]=7:10&filter[from]=&filter[person]=2&filter[child]=1&filter[price]=0:11000&filter[PriceFrom]=0&filter[PriceTo]=11000&filter[addCategory]=50&filter[addCatering]=1&filter[addMisc]=0&filter[addTransport]=F&filter[fp]=1&order_by=ofr_price&filter[tourOperator]=0&filter[childAge][1]=20201210","https://fly.pl/cdn/photo/assets/uploads/582/278/2014/07/Jaz-Mirabel-Park-fly-pl.jpg","https://fly.pl/wycieczka/egipt,sharm-el-sheikh,c/jaz-mirabel-park/pJWsfmCVm83_eo9-fe9Py1AAog0u1tr9KxpdRBOmvdv5vIoVATkd0Et3pHZ-B5Uah2j-0qBEpPSVAw37P51AZIpUVQQVjZBmACckMUARUGFwBcA1gFVgJAygZP4gFdAFvyAhGlwwFLoARhAF6nMFKmIFMATKywOg2o_ZcJIAABvru4kIOJzKAwAg1jAQAMVqeL8Q/ofertasv/?filter[tourOperator]=JOIP&filter%5Bperson%5D=2&filter%5BchildAge%5D%5B1%5D=20201210&filter%5Bchild%5D=1"
"Amarina Star Resort & Aqua Park (ex. Raouf Star)","8881.0","13.10.2026 - 20.10.2026","8 dni/7 nocy","","4.1","4.1","101","tripadvisor","Katowice","2026-09-07T06:29:46.441024+00:00","https://fly.pl/oferta/egipt-wczasy/?filter[dest]=11:&filter[hotelids]=&filter[cityids]=&filter[cregids]=&filter[ofrType]=&filter[addObjType]=&filter[whenFrom]=10-10-2026&filter[whenTo]=05-11-2026&filter[duration]=7:10&filter[from]=&filter[person]=2&filter[child]=1&filter[price]=0:11000&filter[PriceFrom]=0&filter[PriceTo]=11000&filter[addCategory]=50&filter[addCatering]=1&filter[addMisc]=0&filter[addTransport]=F&filter[fp]=1&order_by=ofr_price&filter[tourOperator]=0&filter[childAge][1]=20201210","https://fly.pl/cdn/photo/assets/uploads/582/278/2023/04/Amarina-Star-Resort-Aqua-Park.jpg","https://fly.pl/wycieczka/egipt,sharm-el-sheikh,szarm-el-szejk/raouf-star-15/p13Go5kdibeI-p-Q20uQQcAAogn7JU-pwN9yb_q1ZQWVeu5VATkd0Et3pHZ-B5Uah2j-0qBEpPSVAw37P51AZIsUVQQVjZBmACagMxMm9yQ5sBFAEVBhcAXANYBVYCQMoGT-IBXQBLt8oBYQBepzBSpiBTABG9ywFM7-Q4Daj9lwkgAAGkz9yAtYnMoDACDWMBAAw-Deeb/ofertasv/?filter[tourOperator]=JOIP&filter%5Bperson%5D=2&filter%5BchildAge%5D%5B1%5D=20201210&filter%5Bchild%5D=1"
"Seven Seas Jolie Bay","8894.0","29.10.2026 - 05.11.2026","8 dni/7 nocy","","4.6","4.6","1516","tripadvisor","Katowice","2026-09-07T06:29:46.441024+00:00","https://fly.pl/oferta/egipt-wczasy/?filter[dest]=11:&filter[hotelids]=&filter[cityids]=&filter[cregids]=&filter[ofrType]=&filter[addObjType]=&filter[whenFrom]=10-10-2026&filter[whenTo]=05-11-2026&filter[duration]=7:10&filter[from]=&filter[person]=2&filter[child]=1&filter[price]=0:11000&filter[PriceFrom]=0&filter[PriceTo]=11000&filter[addCategory]=50&filter[addCatering]=1&filter[addMisc]=0&filter[addTransport]=F&filter[fp]=1&order_by=ofr_price&filter[tourOperator]=0&filter[childAge][1]=20201210","https://fly.pl/cdn/photo/assets/uploads/582/278/2022/03/Aqua-Mondo-Abu-Soma-Resort.jpg","https://fly.pl/wycieczka/egipt,hurghada,soma-bay/aqua-mondo-resort-14/pWgtDexT_aqvIUf5di6wMgAAoguRz_osIhMSOgy4z2Ag5HLgAAAACBhwQAHroEAAcAAAAqBFdFWlkw37P51AZIvkVQQVjZCWADaglFbnRlciBBaXJqBDAwMTVqBDAwMDBqBDAwMDByQp4BlAGVAZgBHwACARYAHAAXBhLWBBPvCEDVc0_LMkwAS4gfUAAR3LMBHbGIDyCdZRv86TQNi_OMCQESYwEMYwECC9T8p44/ofertasv/?filter[tourOperator]=WEZY&filter%5Bperson%5D=2&filter%5BchildAge%5D%5B1%5D=20201210&filter%5Bchild%5D=1"
"Nubian Village","8899.0","29.10.2026 - 05.11.2026","8 dni/7 nocy","","4.5","4.5","4649","tripadvisor","Warszawa - Modlin","2026-09-07T06:29:46.441024+00:00","https://fly.pl/oferta/egipt-wczasy/?filter[dest]=11:&filter[hotelids]=&filter[cityids]=&filter[cregids]=&filter[ofrType]=&filter[addObjType]=&filter[whenFrom]=10-10-2026&filter[whenTo]=05-11-2026&filter[duration]=7:10&filter[from]=&filter[person]=2&filter[child]=1&filter[price]=0:11000&filter[PriceFrom]=0&filter[PriceTo]=11000&filter[addCategory]=50&filter[addCatering]=1&filter[addMisc]=0&filter[addTransport]=F&filter[fp]=1&order_by=ofr_price&filter[tourOperator]=0&filter[childAge][1]=20201210","https://fly.pl/cdn/photo/assets/uploads/582/278/2014/07/Nubian-Village-fly-pl.jpg","https://fly.pl/wycieczka/egipt,sharm-el-sheikh,c/nubian-village/pGHyGT06Rp8QK6lRSaVR4JAAogmLzknP5v3RsyvXPLGLWMARstrgoMttrZgZAvN8rfQ44qBEtPTVQw37P51AZIw0VQAVjZCWACagJBSXIfHBH2GrkE8uIBqwQDGMCbBBu0iSQBwpXLHgIAYwECBh_ket4/ofertasv/?filter[tourOperator]=KOMT&filter%5Bperson%5D=2&filter%5BchildAge%5D%5B1%5D=20201210&filter%5Bchild%5D=1"
"Nubian Island","8899.0","29.10.2026 - 05.11.2026","8 dni/7 nocy","","4.7","4.7","3724","tripadvisor","Warszawa - Modlin","2026-09-07T06:29:46.441024+00:00","https://fly.pl/oferta/egipt-wczasy/?filter[dest]=11:&filter[hotelids]=&filter[cityids]=&filter[cregids]=&filter[ofrType]=&filter[addObjType]=&filter[whenFrom]=10-10-2026&filter[whenTo]=05-11-2026&filter[duration]=7:10&filter[from]=&filter[person]=2&filter[child]=1&filter[price]=0:11000&filter[PriceFrom]=0&filter[PriceTo]=11000&filter[addCategory]=50&filter[addCatering]=1&filter[addMisc]=0&filter[addTransport]=F&filter[fp]=1&order_by=ofr_price&filter[tourOperator]=0&filter[childAge][1]=20201210","https://fly.pl/cdn/photo/assets/uploads/582/278/2014/07/Nubian-Island.jpg","https://fly.pl/wycieczka/egipt,sharm-el-sheikh,c/nubian-island/pKadw6_O-BV3SQQOAghlPOAAogmXkZ8r-ifZrqcOJlSRuASxstrgoMttrZgZAvN8rfQ44qBEtPTVQw37P51AZIw0VQAVjZCWACagJBSXIfHBH1GrkE8-IBqwQDGJicBBuwiCQBgoTMHgIAYwECBhBfkHc/ofertasv/?filter[tourOperator]=KOMT&filter%5Bperson%5D=2&filter%5BchildAge%5D%5B1%5D=20201210&filter%5Bchild%5D=1"
"Naama Bay Promenade Beach Resort","8939.0","28.10.2026 - 04.11.2026","9 dni/7 nocy","","4.2","4.2","1287","tripadvisor","Gdańsk","2026-09-07T06:29:46.441024+00:00","https://fly.pl/oferta/egipt-wczasy/?filter[dest]=11:&filter[hotelids]=&filter[cityids]=&filter[cregids]=&filter[ofrType]=&filter[addObjType]=&filter[whenFrom]=10-10-2026&filter[whenTo]=05-11-2026&filter[duration]=7:10&filter[from]=&filter[person]=2&filter[child]=1&filter[price]=0:11000&filter[PriceFrom]=0&filter[PriceTo]=11000&filter[addCategory]=50&filter[addCatering]=1&filter[addMisc]=0&filter[addTransport]=F&filter[fp]=1&order_by=ofr_price&filter[tourOperator]=0&filter[childAge][1]=20201210","https://fly.pl/cdn/photo/assets/uploads/582/278/2021/07/Naama-Bay-Promenade-Beach-Resort.jpg","https://fly.pl/wycieczka/egipt,sharm-el-sheikh,szarm-el-szejk/naama-bay-promenade-beach-resort-10/piO-r1OdC51IbYj5pOx8gPAAogLyj-vfZI7Mo0Qxg8dPkICHIhrbyPomD2uW-Fwn8rcgYqBE9BU0kw37P51AZI60VQAVjBCWACagNBSWxyIRwRqq8BuQTJqxCrBBIbm7IMGNjbEwGP3ZKpAgIAYwECC_PrshY/ofertasv/?filter[tourOperator]=OASI&filter%5Bperson%5D=2&filter%5BchildAge%5D%5B1%5D=20201210&filter%5Bchild%5D=1"
"Red Sea Grand Makadi (Makadi Bay)","8966.0","15.10.2026 - 22.10.2026","8 dni/6 nocy","","4.4","4.4","3309","tripadvisor","Katowice","2026-09-07T06:29:46.441024+00:00","https://fly.pl/oferta/egipt-wczasy/?filter[dest]=11:&filter[hotelids]=&filter[cityids]=&filter[cregids]=&filter[ofrType]=&filter[addObjType]=&filter[whenFrom]=10-10-2026&filter[whenTo]=05-11-2026&filter[duration]=7:10&filter[from]=&filter[person]=2&filter[child]=1&filter[price]=0:11000&filter[PriceFrom]=0&filter[PriceTo]=11000&filter[addCategory]=50&filter[addCatering]=1&filter[addMisc]=0&filter[addTransport]=F&filter[fp]=1&order_by=ofr_price&filter[tourOperator]=0&filter[childAge][1]=20201210","https://fly.pl/cdn/photo/assets/uploads/582/278/2017/08/Grand-Makadi-Makadi-Bay-fly-pl-2.jpg","https://fly.pl/wycieczka/egipt,hurghada,makadi-bay/grand-makadi-makadi-bay/p7EAsxqasK_Kt3RoGyo70LAAoggKRBt6njz1joHAcejfvuMIbyV7bYFyIfHmV32_hhb9wqA0VUSTDfs_nUBkiGRlBBWIkHYAJyMRUGFwFcA1gFVgJA-wdbw4UBU50mUgBLiB9hAF6nMA38zdIJIAFRyt699gMCEmMBAgo5oRFE/ofertasv/?filter[tourOperator]=ETI&filter%5Bperson%5D=2&filter%5BchildAge%5D%5B1%5D=20201210&filter%5Bchild%5D=1"
"True Beach Resort","8973.0","17.10.2026 - 24.10.2026","8 dni/7 nocy","","4.3","4.3","149","tripadvisor","Katowice","2026-09-07T06:29:46.441024+00:00","https://fly.pl/oferta/egipt-wczasy/?filter[dest]=11:&filter[hotelids]=&filter[cityids]=&filter[cregids]=&filter[ofrType]=&filter[addObjType]=&filter[whenFrom]=10-10-2026&filter[whenTo]=05-11-2026&filter[duration]=7:10&filter[from]=&filter[person]=2&filter[child]=1&filter[price]=0:11000&filter[PriceFrom]=0&filter[PriceTo]=11000&filter[addCategory]=50&filter[addCatering]=1&filter[addMisc]=0&filter[addTransport]=F&filter[fp]=1&order_by=ofr_price&filter[tourOperator]=0&filter[childAge][1]=20201210","https://fly.pl/cdn/photo/assets/uploads/582/278/2014/09/True-Beach-Resort.jpg","https://fly.pl/wycieczka/egipt,marsa-alam,c/laguna-beach-marsa-alam/pi-gCAImQfioliP-CYC4mGAAogJJU9OfTw6aO_XPL_KvITigAAAACFrQQAaK0EAAcAAQAqBFdFWlkw37P51AZIjUZQQVi5B2ADaghXaXp6IEFpcmoEMDYwMHJBngGTAR8AAgEcABYEFwIS1gQUgwQVUBjPAkCidUvTUVAAEe4ZTPUqTwAgkcMQHR0by9xjDcmZ3ggBEmMBDGMBAgXv7QdH/ofertasv/?filter[tourOperator]=WEZY&filter%5Bperson%5D=2&filter%5BchildAge%5D%5B1%5D=20201210&filter%5Bchild%5D=1"
"Charmillion Club Aqua Park","8987.0","27.10.2026 - 03.11.2026","8 dni/7 nocy","","4.6","4.6","4381","tripadvisor","Katowice","2026-09-07T06:29:46.441024+00:00","https://fly.pl/oferta/egipt-wczasy/?filter[dest]=11:&filter[hotelids]=&filter[cityids]=&filter[cregids]=&filter[ofrType]=&filter[addObjType]=&filter[whenFrom]=10-10-2026&filter[whenTo]=05-11-2026&filter[duration]=7:10&filter[from]=&filter[person]=2&filter[child]=1&filter[price]=0:11000&filter[PriceFrom]=0&filter[PriceTo]=11000&filter[addCategory]=50&filter[addCatering]=1&filter[addMisc]=0&filter[addTransport]=F&filter[fp]=1&order_by=ofr_price&filter[tourOperator]=0&filter[childAge][1]=20201210","https://fly.pl/cdn/photo/assets/uploads/582/278/2014/07/Charmillion-Club-Aqua-Park.jpg","https://fly.pl/wycieczka/egipt,sharm-el-sheikh,szarm-el-szejk/sea-club-aqua-park/pqQOhA24qzB4vo61DKxVhEAAogv47aQFzKleo4BmQRilBzBHb6-M-63DqmxRqPbNTEi2wqBE9SRVgw4LP51AZIm0ZQQVipCWACagVFLjIuMXI2mwEVBxcAXANYBVYCQMoGEaINXcELTyRLkrMBYQBepzBSpiBTAEyssDoNtv2XCSAAAhJjAQIMBQkk-g/ofertasv/?filter[tourOperator]=OREX&filter%5Bperson%5D=2&filter%5BchildAge%5D%5B1%5D=20201210&filter%5Bchild%5D=1"
"Jaz Makadi Oasis Resort","9097.0","29.10.2026 - 05.11.2026","9 dni/7 nocy","","4.7","4.7","5349","tripadvisor","Wrocław","2026-09-07T06:29:46.441024+00:00","https://fly.pl/oferta/egipt-wczasy/?filter[dest]=11:&filter[hotelids]=&filter[cityids]=&filter[cregids]=&filter[ofrType]=&filter[addObjType]=&filter[whenFrom]=10-10-2026&filter[whenTo]=05-11-2026&filter[duration]=7:10&filter[from]=&filter[person]=2&filter[child]=1&filter[price]=0:11000&filter[PriceFrom]=0&filter[PriceTo]=11000&filter[addCategory]=50&filter[addCatering]=1&filter[addMisc]=0&filter[addTransport]=F&filter[fp]=1&order_by=ofr_price&filter[tourOperator]=0&filter[childAge][1]=20201210","https://fly.pl/cdn/photo/assets/uploads/582/278/2015/04/Jaz-Makadi-Oasis.jpg","https://fly.pl/wycieczka/egipt,hurghada,makadi-bay/iberotel-makadi-club-oasis/pj95bvjUE6-LDXx-LZvz7FAAogpiHj9S9Aapc7qf8ZntQZC8LTmCcaLBzG7MsO9giG0TQqBEVYSU0w4LP51AZIiUdQAVjZCWADagJBSXIkHBG__wa5BN6nS6sEXRvNqUAY0NpHAa2RiKwNARJjAQxjAQILxtRI_Q/ofertasv/?filter[tourOperator]=EXIM&filter%5Bperson%5D=2&filter%5BchildAge%5D%5B1%5D=20201210&filter%5Bchild%5D=1"
"Domina Coral Bay Bella Vista","9123.0","13.10.2026 - 20.10.2026","8 dni/7 nocy","","4.2","4.2","12412","tripadvisor","Katowice","2026-09-07T06:29:46.441024+00:00","https://fly.pl/oferta/egipt-wczasy/?filter[dest]=11:&filter[hotelids]=&filter[cityids]=&filter[cregids]=&filter[ofrType]=&filter[addObjType]=&filter[whenFrom]=10-10-2026&filter[whenTo]=05-11-2026&filter[duration]=7:10&filter[from]=&filter[person]=2&filter[child]=1&filter[price]=0:11000&filter[PriceFrom]=0&filter[PriceTo]=11000&filter[addCategory]=50&filter[addCatering]=1&filter[addMisc]=0&filter[addTransport]=F&filter[fp]=1&order_by=ofr_price&filter[tourOperator]=0&filter[childAge][1]=20201210","https://fly.pl/cdn/photo/assets/uploads/582/278/2024/07/domina-coral-bay-bellavista.jpg","https://fly.pl/wycieczka/egipt,sharm-el-sheikh,szarm-el-szejk/domina-coral-bay-bellavista-12/paVaMvi7z5Lj1pHRhIeWwNAAogLU3oae3uK0lMMsUQWUBaeVATkd0Et3pHZ-B5Uah2j-0qBEpPSVAw4LP51AZIo0dQQVjZBmACagMxMnFyQ5sBFAEVBhcAXANYBVYCQMoGT-IBXQBLt8oBYQBepzBSpiBTABH0pgFMuIk5Daj9lwkgAAGesezIpYnMoDACDWMBAAxZIb1h/ofertasv/?filter[tourOperator]=JOIP&filter%5Bperson%5D=2&filter%5BchildAge%5D%5B1%5D=20201210&filter%5Bchild%5D=1"
"Continental (ex Movenpick Resort)","9124.0","25.10.2026 - 01.11.2026","8 dni/7 nocy","","4.5","4.5","4163","tripadvisor","Wrocław","2026-09-07T06:29:46.441024+00:00","https://fly.pl/oferta/egipt-wczasy/?filter[dest]=11:&filter[hotelids]=&filter[cityids]=&filter[cregids]=&filter[ofrType]=&filter[addObjType]=&filter[whenFrom]=10-10-2026&filter[whenTo]=05-11-2026&filter[duration]=7:10&filter[from]=&filter[person]=2&filter[child]=1&filter[price]=0:11000&filter[PriceFrom]=0&filter[PriceTo]=11000&filter[addCategory]=50&filter[addCatering]=1&filter[addMisc]=0&filter[addTransport]=F&filter[fp]=1&order_by=ofr_price&filter[tourOperator]=0&filter[childAge][1]=20201210","https://fly.pl/cdn/photo/assets/uploads/582/278/2014/09/Continental-Resort.jpg","https://fly.pl/wycieczka/egipt,hurghada,c/movenpick-resort-hurghada-ex-continental-resort/pwSPUmUoIktPhiMRsnCltMAAogiLkqGXi5_5f9DkNbllmv1JIDGsIF8IwQR8cbEu5XohYqBE9BU0kw4LP51AZIpEdQAVj5CGACagNBSWxyIBwRxnarBOyoELkEGxuh1w8YyZoTAZmkjqsCAgBjAQQLNzkUtA/ofertasv/?filter[tourOperator]=OASI&filter%5Bperson%5D=2&filter%5BchildAge%5D%5B1%5D=20201210&filter%5Bchild%5D=1"
"Charmillion Garden Aqua Park","9165.0","13.10.2026 - 20.10.2026","8 dni/7 nocy","","4.6","4.6","2256","tripadvisor","Katowice","2026-09-07T06:29:46.441024+00:00","https://fly.pl/oferta/egipt-wczasy/?filter[dest]=11:&filter[hotelids]=&filter[cityids]=&filter[cregids]=&filter[ofrType]=&filter[addObjType]=&filter[whenFrom]=10-10-2026&filter[whenTo]=05-11-2026&filter[duration]=7:10&filter[from]=&filter[person]=2&filter[child]=1&filter[price]=0:11000&filter[PriceFrom]=0&filter[PriceTo]=11000&filter[addCategory]=50&filter[addCatering]=1&filter[addMisc]=0&filter[addTransport]=F&filter[fp]=1&order_by=ofr_price&filter[tourOperator]=0&filter[childAge][1]=20201210","https://fly.pl/cdn/photo/assets/uploads/582/278/2014/07/Charmillion-Gardens-Aqua-Park-ex.-Sea-Garden.jpg","https://fly.pl/wycieczka/egipt,sharm-el-sheikh,nabq-bay/sea-gardens-sharm-el-sheikh/pLVaymP7u9FMbZpvy4X7J5AAogA7hRjPp8HmZ0WMqAFBf05lATkd0Et3pHZ-B5Uah2j-0qBEpPSVAw4LP51AZIzUdQQVjZBmACagMwbkhyQpsBFAEVBhcAXANYBVYCQMoGT-IBXQARoMYBS5cEYQBepzBSpiBTAEyssDoNqP2XCSAAAcC_iND0iMygMAINYwEADOhEfaM/ofertasv/?filter[tourOperator]=JOIP&filter%5Bperson%5D=2&filter%5BchildAge%5D%5B1%5D=20201210&filter%5Bchild%5D=1"
"Concorde Sport","9175.0","13.10.2026 - 20.10.2026","8 dni/7 nocy","","","","","","Katowice","2026-09-07T06:29:46.441024+00:00","https://fly.pl/oferta/egipt-wczasy/?filter[dest]=11:&filter[hotelids]=&filter[cityids]=&filter[cregids]=&filter[ofrType]=&filter[addObjType]=&filter[whenFrom]=10-10-2026&filter[whenTo]=05-11-2026&filter[duration]=7:10&filter[from]=&filter[person]=2&filter[child]=1&filter[price]=0:11000&filter[PriceFrom]=0&filter[PriceTo]=11000&filter[addCategory]=50&filter[addCatering]=1&filter[addMisc]=0&filter[addTransport]=F&filter[fp]=1&order_by=ofr_price&filter[tourOperator]=0&filter[childAge][1]=20201210","https://fly.pl/cdn/photo/assets/uploads/582/278/2017/08/Concorde-Sport-fly-pl-4.jpg","https://fly.pl/wycieczka/egipt,sharm-el-sheikh,szarm-el-szejk/concorde-sport/pVPhN3W_jgJ-3jImhSUGB1AAogYNf8YLxAxJwCsAh9IFUxBlATkd0Et3pHZ-B5Uah2j-0qBEpPSVAw4LP51AZI10dQQVjZBmACagNDR21yQpsBFAEVBhcAXANYBVYCQMoGT-IBXQBLt8oBYQBepzBSpiBTABGaA0ySrToNqP2XCSAAAcHBxIC0icygMAINYwEAC9VKSB0/ofertasv/?filter[tourOperator]=JOIP&filter%5Bperson%5D=2&filter%5BchildAge%5D%5B1%5D=20201210&filter%5Bchild%5D=1"
"Pickalbatros Royal Moderna","9179.0","28.10.2026 - 04.11.2026","9 dni/7 nocy","","4.5","4.5","10698","tripadvisor","Gdańsk","2026-09-07T06:29:46.441024+00:00","https://fly.pl/oferta/egipt-wczasy/?filter[dest]=11:&filter[hotelids]=&filter[cityids]=&filter[cregids]=&filter[ofrType]=&filter[addObjType]=&filter[whenFrom]=10-10-2026&filter[whenTo]=05-11-2026&filter[duration]=7:10&filter[from]=&filter[person]=2&filter[child]=1&filter[price]=0:11000&filter[PriceFrom]=0&filter[PriceTo]=11000&filter[addCategory]=50&filter[addCatering]=1&filter[addMisc]=0&filter[addTransport]=F&filter[fp]=1&order_by=ofr_price&filter[tourOperator]=0&filter[childAge][1]=20201210","https://fly.pl/cdn/photo/assets/uploads/582/278/2009/08/Royal-Albatros-Moderna1708.jpg","https://fly.pl/wycieczka/egipt,sharm-el-sheikh,c/royal-albatros-moderna/pC5BpASoZ7e1Yg6jeysx98AAogyboKoNYUg5VL_GpUSOMgWnIhrbyPomD2uW-Fwn8rcgYqBE9BU0kw4LP51AZI20dQAVjBCWACagNBSWxyIRwR168BuQScqxCrBBIb5P8OGNuAEwGi8NKqAgIAYwECDPS_BRM/ofertasv/?filter[tourOperator]=OASI&filter%5Bperson%5D=2&filter%5BchildAge%5D%5B1%5D=20201210&filter%5Bchild%5D=1"
"V Hotel Sharm","9220.0","25.10.2026 - 01.11.2026","8 dni/7 nocy","","4.2","4.2","2108","tripadvisor","Katowice","2026-09-07T06:29:46.441024+00:00","https://fly.pl/oferta/egipt-wczasy/?filter[dest]=11:&filter[hotelids]=&filter[cityids]=&filter[cregids]=&filter[ofrType]=&filter[addObjType]=&filter[whenFrom]=10-10-2026&filter[whenTo]=05-11-2026&filter[duration]=7:10&filter[from]=&filter[person]=2&filter[child]=1&filter[price]=0:11000&filter[PriceFrom]=0&filter[PriceTo]=11000&filter[addCategory]=50&filter[addCatering]=1&filter[addMisc]=0&filter[addTransport]=F&filter[fp]=1&order_by=ofr_price&filter[tourOperator]=0&filter[childAge][1]=20201210","https://fly.pl/cdn/photo/assets/uploads/582/278/2017/08/Pyramisa-Beach-Resort.jpg","https://fly.pl/wycieczka/egipt,sharm-el-sheikh,szarm-el-szejk/dessole-pyramisa-egipt-sharm-el-sheikh-egipt/pcNNjE4gy-JHB4Fn0ePLsIAAogmI1RKUwJn9V8nWNmA3gVlv-8lKSM_XY3X6eU8q1GIdEqBE9BU0kw4LP51AZIhEhQAVj5CGACagNBSWxyIRwR7a8BqwSqqxC5BCsb7IIMGOaQFAHVz5upAgIAYwECC8Ri5fk/ofertasv/?filter[tourOperator]=OASI&filter%5Bperson%5D=2&filter%5BchildAge%5D%5B1%5D=20201210&filter%5Bchild%5D=1"
"Ancient Sands Golf Resort","9252.0","29.10.2026 - 05.11.2026","8 dni/7 nocy","","4.8","4.8","3352","tripadvisor","Warszawa","2026-09-07T06:29:46.441024+00:00","https://fly.pl/oferta/egipt-wczasy/?filter[dest]=11:&filter[hotelids]=&filter[cityids]=&filter[cregids]=&filter[ofrType]=&filter[addObjType]=&filter[whenFrom]=10-10-2026&filter[whenTo]=05-11-2026&filter[duration]=7:10&filter[from]=&filter[person]=2&filter[child]=1&filter[price]=0:11000&filter[PriceFrom]=0&filter[PriceTo]=11000&filter[addCategory]=50&filter[addCatering]=1&filter[addMisc]=0&filter[addTransport]=F&filter[fp]=1&order_by=ofr_price&filter[tourOperator]=0&filter[childAge][1]=20201210","https://fly.pl/cdn/photo/assets/uploads/582/278/2019/05/Ancient-Sands-Golf-Resort.jpg","https://fly.pl/wycieczka/egipt,hurghada,al-dzuna/ancient-sands-el-gouna/pD3hEk8TRqMmLmilCcJwH-AAogOKRy10QYgWXTirqo4cHeThLqCxxQb8S86Hh0k4aD-ioqBE9SRVgw4LP51AZIpEhQQVjZCWACagVZLjIuMXI1mwEVBxcAXANYBVYCEQVAxQZdmw9PJFPSnQFSAF6vT0vtQ2EATOWMOiC4_ZcJDQACEmMBAgyISXs3/ofertasv/?filter[tourOperator]=OREX&filter%5Bperson%5D=2&filter%5BchildAge%5D%5B1%5D=20201210&filter%5Bchild%5D=1"
"Fantazia Resort","9261.0","21.10.2026 - 28.10.2026","8 dni/7 nocy","","4.4","4.4","5979","tripadvisor","Katowice","2026-09-07T06:29:46.441024+00:00","https://fly.pl/oferta/egipt-wczasy/?filter[dest]=11:&filter[hotelids]=&filter[cityids]=&filter[cregids]=&filter[ofrType]=&filter[addObjType]=&filter[whenFrom]=10-10-2026&filter[whenTo]=05-11-2026&filter[duration]=7:10&filter[from]=&filter[person]=2&filter[child]=1&filter[price]=0:11000&filter[PriceFrom]=0&filter[PriceTo]=11000&filter[addCategory]=50&filter[addCatering]=1&filter[addMisc]=0&filter[addTransport]=F&filter[fp]=1&order_by=ofr_price&filter[tourOperator]=0&filter[childAge][1]=20201210","https://fly.pl/cdn/photo/assets/uploads/582/278/2016/11/Fantazia-Resort.jpg","https://fly.pl/wycieczka/egipt,marsa-alam,c/fantazia-resort/p3yRADzDTbCupUWJgQNQ1OAAogcVbi6MAzN4F2O-ADYf2Th6HYx8dHtHpw8fXuNNDPihYqBE9SRVgw4LP51AZIrUhQQViZCGACagZEUS4yLjFyNpsBFQcXAFwDWAVWAkDKBhG0C13PGE8kS_KnAWEAXqcwUrwUUwBMlrw6DbD9lwkgAAISYwECDayU1q4/ofertasv/?filter[tourOperator]=OREX&filter%5Bperson%5D=2&filter%5BchildAge%5D%5B1%5D=20201210&filter%5Bchild%5D=1"
"Akassia Swiss Resort (ex. Calimera Club Akassia Swiss Resort)","9265.0","27.10.2026 - 03.11.2026","8 dni/7 nocy","","4.6","4.6","2597","tripadvisor","Łódź","2026-09-07T06:29:46.441024+00:00","https://fly.pl/oferta/egipt-wczasy/?filter[dest]=11:&filter[hotelids]=&filter[cityids]=&filter[cregids]=&filter[ofrType]=&filter[addObjType]=&filter[whenFrom]=10-10-2026&filter[whenTo]=05-11-2026&filter[duration]=7:10&filter[from]=&filter[person]=2&filter[child]=1&filter[price]=0:11000&filter[PriceFrom]=0&filter[PriceTo]=11000&filter[addCategory]=50&filter[addCatering]=1&filter[addMisc]=0&filter[addTransport]=F&filter[fp]=1&order_by=ofr_price&filter[tourOperator]=0&filter[childAge][1]=20201210","https://fly.pl/cdn/photo/assets/uploads/582/278/2014/09/Akassia-Swiss-Resort.jpg","https://fly.pl/wycieczka/egipt,marsa-alam,c/calimera-club-akassia-swiss-resort/plMSXJ_1w7BPLRrHiB3ZOsAAogFfIFvKqaXuHVUM7GtcXPeQAAAABxqAQAK7cEAAcAAQAqBFdFWlkw4LP51AZIsUhQQVipCWADaglFbnRlciBBaXJqBDAwMDBqBDAwMDByQp4BlQGYAR8AAgEcABYEFwIS6wIT_ggUvAURyB9ArVBL8lZQAEzEP08AHZq5ECC6HRuBsgQN97C9CQESYwEMYwECBYc1J_0/ofertasv/?filter[tourOperator]=WEZY&filter%5Bperson%5D=2&filter%5BchildAge%5D%5B1%5D=20201210&filter%5Bchild%5D=1"
"Pickalbatros Palace Resort","9287.0","27.10.2026 - 03.11.2026","9 dni/7 nocy","","4.5","4.5","935","tripadvisor","Warszawa - Modlin","2026-09-07T06:29:46.441024+00:00","https://fly.pl/oferta/egipt-wczasy/?filter[dest]=11:&filter[hotelids]=&filter[cityids]=&filter[cregids]=&filter[ofrType]=&filter[addObjType]=&filter[whenFrom]=10-10-2026&filter[whenTo]=05-11-2026&filter[duration]=7:10&filter[from]=&filter[person]=2&filter[child]=1&filter[price]=0:11000&filter[PriceFrom]=0&filter[PriceTo]=11000&filter[addCategory]=50&filter[addCatering]=1&filter[addMisc]=0&filter[addTransport]=F&filter[fp]=1&order_by=ofr_price&filter[tourOperator]=0&filter[childAge][1]=20201210","https://fly.pl/cdn/photo/assets/uploads/582/278/2014/09/Albatros-Palace-fly-pl-4.jpg","https://fly.pl/wycieczka/egipt,hurghada,c/albatros-palace/pFky8kruevscnZ1E1MT_pOAAogRdaG-wzKfm9Vgz9BqB-GZJeMXePUQkpobZ-BQI6-nbQqBEVYSU0w4LP51AZIx0hQAVipCWACagJBSXIhHBGk-AarBJ2wS7kERRuw-zcYgKJTAZ7_-MYNAgBjAQIM6f2Pow/ofertasv/?filter[tourOperator]=EXIM&filter%5Bperson%5D=2&filter%5BchildAge%5D%5B1%5D=20201210&filter%5Bchild%5D=1"
"Sataya Resort (ex. Labranda Sataya Marsa Alam)","9297.0","17.10.2026 - 25.10.2026","9 dni/7 nocy","","4.7","4.7","4175","tripadvisor","Katowice","2026-09-07T06:29:46.441024+00:00","https://fly.pl/oferta/egipt-wczasy/?filter[dest]=11:&filter[hotelids]=&filter[cityids]=&filter[cregids]=&filter[ofrType]=&filter[addObjType]=&filter[whenFrom]=10-10-2026&filter[whenTo]=05-11-2026&filter[duration]=7:10&filter[from]=&filter[person]=2&filter[child]=1&filter[price]=0:11000&filter[PriceFrom]=0&filter[PriceTo]=11000&filter[addCategory]=50&filter[addCatering]=1&filter[addMisc]=0&filter[addTransport]=F&filter[fp]=1&order_by=ofr_price&filter[tourOperator]=0&filter[childAge][1]=20201210","https://fly.pl/cdn/photo/assets/uploads/582/278/2019/09/Sataya-Resort-Marsa-Alam.jpg","https://fly.pl/wycieczka/egipt,marsa-alam,c/labranda-sataya-marsa-alam-9/pGvrbSpYfS-Baa9lWqSMaMAAogw7M5bPSVcY1ogP4r2mq74XIC6Xp2rWkPkKSRrZeiijUqBFZJVFgw4LP51AZI0UhQQVi5B2ACckAaABUHFwBcA1gFQI8DW6eGAWGvSUsAXqcwUrwUUwBMoOQ5DaLVmAkgAV2l65HsqAFPlNqZijdR66IVAg1jAQIM0XDusg/ofertasv/?filter[tourOperator]=VITX&filter%5Bperson%5D=2&filter%5BchildAge%5D%5B1%5D=20201210&filter%5Bchild%5D=1"
"Pickalbatros Citadel Sahl Hasheesh (ex. Citadel Azur Resort)","9307.0","27.10.2026 - 03.11.2026","9 dni/7 nocy","","4.5","4.5","4859","tripadvisor","Warszawa - Modlin","2026-09-07T06:29:46.441024+00:00","https://fly.pl/oferta/egipt-wczasy/?filter[dest]=11:&filter[hotelids]=&filter[cityids]=&filter[cregids]=&filter[ofrType]=&filter[addObjType]=&filter[whenFrom]=10-10-2026&filter[whenTo]=05-11-2026&filter[duration]=7:10&filter[from]=&filter[person]=2&filter[child]=1&filter[price]=0:11000&filter[PriceFrom]=0&filter[PriceTo]=11000&filter[addCategory]=50&filter[addCatering]=1&filter[addMisc]=0&filter[addTransport]=F&filter[fp]=1&order_by=ofr_price&filter[tourOperator]=0&filter[childAge][1]=20201210","https://fly.pl/cdn/photo/assets/uploads/582/278/2014/07/Albatros-Citadel-Sahl-Hasheesh-ex.-Citadel-Azur-Resort-fly-pl.jpg","https://fly.pl/wycieczka/egipt,hurghada,c/citadel-azur-resort/py22Eg7ZZGTmzenKxK0qQCAAogzbLC0laPuFAL-WtZgzTNlZeMXePUQkpobZ-BQI6-nbQqBEVYSU0w4LP51AZI20hQAVipCWACagJBSXIhHBGh-AarBKCwS7kERRuM-zcYjKNTAdO7_MYNAgBjAQIMJ4MPRA/ofertasv/?filter[tourOperator]=EXIM&filter%5Bperson%5D=2&filter%5BchildAge%5D%5B1%5D=20201210&filter%5Bchild%5D=1"
"The V Luxury Resort","9365.0","29.10.2026 - 05.11.2026","8 dni/7 nocy","","4.4","4.4","1029","tripadvisor","Warszawa","2026-09-07T06:29:46.441024+00:00","https://fly.pl/oferta/egipt-wczasy/?filter[dest]=11:&filter[hotelids]=&filter[cityids]=&filter[cregids]=&filter[ofrType]=&filter[addObjType]=&filter[whenFrom]=10-10-2026&filter[whenTo]=05-11-2026&filter[duration]=7:10&filter[from]=&filter[person]=2&filter[child]=1&filter[price]=0:11000&filter[PriceFrom]=0&filter[PriceTo]=11000&filter[addCategory]=50&filter[addCatering]=1&filter[addMisc]=0&filter[addTransport]=F&filter[fp]=1&order_by=ofr_price&filter[tourOperator]=0&filter[childAge][1]=20201210","https://datacfstatic.merlinx.pl/OREX/IMG/3068/81c0ea0627efd6ab9706558c934de376be3a32d51491e8172766c62f9015303c.webp","https://fly.pl/wycieczka/egipt,hurghada,sahl-hasheesh/the-v-luxury-resort-13/pPVEp29PBDFf8DdA1qyjfQAAogSp__cdTc51eLLYRAOk91IRLqCxxQb8S86Hh0k4aD-ioqBE9SRVgw4LP51AZIlUlQQVjZCWACagZaSS4yLjFyNpsBFQcXAFgIVgJcCEDCBl2bD08kEeIBU_CbAVIAXq9PS-1DYQBM5Yw6ILj9lwkNAAISYwECC-vhd40/ofertasv/?filter[tourOperator]=OREX&filter%5Bperson%5D=2&filter%5BchildAge%5D%5B1%5D=20201210&filter%5Bchild%5D=1"
"Titanic Palace Resort","9383.0","29.10.2026 - 05.11.2026","8 dni/7 nocy","","4.5","4.5","7349","tripadvisor","Katowice","2026-09-07T06:29:46.441024+00:00","https://fly.pl/oferta/egipt-wczasy/?filter[dest]=11:&filter[hotelids]=&filter[cityids]=&filter[cregids]=&filter[ofrType]=&filter[addObjType]=&filter[whenFrom]=10-10-2026&filter[whenTo]=05-11-2026&filter[duration]=7:10&filter[from]=&filter[person]=2&filter[child]=1&filter[price]=0:11000&filter[PriceFrom]=0&filter[PriceTo]=11000&filter[addCategory]=50&filter[addCatering]=1&filter[addMisc]=0&filter[addTransport]=F&filter[fp]=1&order_by=ofr_price&filter[tourOperator]=0&filter[childAge][1]=20201210","https://fly.pl/cdn/photo/assets/uploads/582/278/2014/07/Titanic-Palace-Resort.jpg","https://fly.pl/wycieczka/egipt,hurghada,c/titanic-palace-2/pA0_G1Xb8yv8ZmYDsCdoj3AAogO5ff-oZL3YVsQO5XJnEBGwAAAACBhwQAHroEAAcAAAAqBFdFWlkw4LP51AZIp0lQQVjZCWADaglFbnRlciBBaXJqBDAwMTVqBDAwMDBqBDAwMDByQZ4BlAGVAZgBHwAcAQIAFgAXBhG9ARKZAxPvCEDVc0zLMk8AS4gfUAAdjbwQIJ1lG9v5Yw2s490IARJjAQxjAQIFtIaNhw/ofertasv/?filter[tourOperator]=WEZY&filter%5Bperson%5D=2&filter%5BchildAge%5D%5B1%5D=20201210&filter%5Bchild%5D=1"
"Tropitel Sahl Hasheesh","9410.0","29.10.2026 - 05.11.2026","8 dni/7 nocy","","4.7","4.7","10222","tripadvisor","Katowice","2026-09-07T06:29:46.441024+00:00","https://fly.pl/oferta/egipt-wczasy/?filter[dest]=11:&filter[hotelids]=&filter[cityids]=&filter[cregids]=&filter[ofrType]=&filter[addObjType]=&filter[whenFrom]=10-10-2026&filter[whenTo]=05-11-2026&filter[duration]=7:10&filter[from]=&filter[person]=2&filter[child]=1&filter[price]=0:11000&filter[PriceFrom]=0&filter[PriceTo]=11000&filter[addCategory]=50&filter[addCatering]=1&filter[addMisc]=0&filter[addTransport]=F&filter[fp]=1&order_by=ofr_price&filter[tourOperator]=0&filter[childAge][1]=20201210","https://fly.pl/cdn/photo/assets/uploads/582/278/2014/10/Tropitel-Sahl-Hasheesh.jpg","https://fly.pl/wycieczka/egipt,hurghada,c/tropitel-sahl-hasheesh/poiGtw9oreaDPgkLzt4gCYAAogd_pXy-1qaBTv2dVYcKaSNT6X2l5diRdIrf_KEmAYZzwqBFJOQlcw4LP51AZIwklQQVjZCWACagRCd2Nkag1BTExfSU5DTFVTSVZFaiYxNiwyMzQsMjgzLDI5NiwzODAsMzg4LDQ3Nyw0ODMsNDg0LDQ4NXI7nwGWAZ4BFQcXAFgICtABQPgFEcQBGalTEMMLTNsqU4ohUgBLiB9hAB2M6UAPOSDslJIJDQACDGMBAgVMHMBs/ofertasv/?filter[tourOperator]=RNBW&filter%5Bperson%5D=2&filter%5BchildAge%5D%5B1%5D=20201210&filter%5Bchild%5D=1"
"Steigenberger Aqua Magic","9467.0","27.10.2026 - 03.11.2026","9 dni/7 nocy","","4.6","4.6","10361","tripadvisor","Warszawa - Modlin","2026-09-07T06:29:46.441024+00:00","https://fly.pl/oferta/egipt-wczasy/?filter[dest]=11:&filter[hotelids]=&filter[cityids]=&filter[cregids]=&filter[ofrType]=&filter[addObjType]=&filter[whenFrom]=10-10-2026&filter[whenTo]=05-11-2026&filter[duration]=7:10&filter[from]=&filter[person]=2&filter[child]=1&filter[price]=0:11000&filter[PriceFrom]=0&filter[PriceTo]=11000&filter[addCategory]=50&filter[addCatering]=1&filter[addMisc]=0&filter[addTransport]=F&filter[fp]=1&order_by=ofr_price&filter[tourOperator]=0&filter[childAge][1]=20201210","https://fly.pl/cdn/photo/assets/uploads/582/278/2014/09/Steigenberger-Aqua-Magic.jpg","https://fly.pl/wycieczka/egipt,hurghada,c/steigenberger-aqua-magic/ptF8IYPAnikj1wSC3QpxnPAAog5WwAnsMZGKppjUCWmQXP-peMXePUQkpobZ-BQI6-nbQqBEVYSU0w4LP51AZI-0lQAVipCWACagJBSXIhHBGagAerBKeoS7kERRuT2UAYqshIAfuvobMNAhJjAQILCNDPZQ/ofertasv/?filter[tourOperator]=EXIM&filter%5Bperson%5D=2&filter%5BchildAge%5D%5B1%5D=20201210&filter%5Bchild%5D=1"
"Sirena Beach Resort & Spa","9518.0","21.10.2026 - 28.10.2026","8 dni/7 nocy","","4.7","4.7","466","tripadvisor","Katowice","2026-09-07T06:29:46.441024+00:00","https://fly.pl/oferta/egipt-wczasy/?filter[dest]=11:&filter[hotelids]=&filter[cityids]=&filter[cregids]=&filter[ofrType]=&filter[addObjType]=&filter[whenFrom]=10-10-2026&filter[whenTo]=05-11-2026&filter[duration]=7:10&filter[from]=&filter[person]=2&filter[child]=1&filter[price]=0:11000&filter[PriceFrom]=0&filter[PriceTo]=11000&filter[addCategory]=50&filter[addCatering]=1&filter[addMisc]=0&filter[addTransport]=F&filter[fp]=1&order_by=ofr_price&filter[tourOperator]=0&filter[childAge][1]=20201210","https://datacfstatic.merlinx.pl/OREX/IMG/3216/86c44a9a8004959be2f4ed092ee91d3286d5e121550a04aac54449146091b82b.webp","https://fly.pl/wycieczka/egipt,marsa-alam,al-kusajr/movenpick-sirena-beach-13/pfkG72n924s6fEDXQjpPIKAAogVG-i4pDTkxNhoT4l2VHVn6HYx8dHtHpw8fXuNNDPihYqBE9SRVgw4LP51AZIrkpQQViZCGACagdHS1guMi4xcjabARUHFwBcA1gFVgJAygYRtRJdzhFPJEvypwFhAF6nMFK8FFMATJa8Og2w_ZcJIAACEmMBAg1AnEzj/ofertasv/?filter[tourOperator]=OREX&filter%5Bperson%5D=2&filter%5BchildAge%5D%5B1%5D=20201210&filter%5Bchild%5D=1"
"Renaissance Golden View Beach Resort by Marriott","9527.0","13.10.2026 - 20.10.2026","8 dni/7 nocy","","4.5","4.5","7216","tripadvisor","Katowice","2026-09-07T06:29:46.441024+00:00","https://fly.pl/oferta/egipt-wczasy/?filter[dest]=11:&filter[hotelids]=&filter[cityids]=&filter[cregids]=&filter[ofrType]=&filter[addObjType]=&filter[whenFrom]=10-10-2026&filter[whenTo]=05-11-2026&filter[duration]=7:10&filter[from]=&filter[person]=2&filter[child]=1&filter[price]=0:11000&filter[PriceFrom]=0&filter[PriceTo]=11000&filter[addCategory]=50&filter[addCatering]=1&filter[addMisc]=0&filter[addTransport]=F&filter[fp]=1&order_by=ofr_price&filter[tourOperator]=0&filter[childAge][1]=20201210","https://fly.pl/cdn/photo/assets/uploads/582/278/2014/07/Renaissance-Golden-View-Beach-Resort.jpg","https://fly.pl/wycieczka/egipt,sharm-el-sheikh,c/renaissance-golden-view-beach/pQMgsKI0I-3RGXKGuzBxnyAAognASfKIY_xRgA6nDyBpKvkTZPnluiPTRbLKmNIwYEcH4qBEVYSU0w4LP51AZIt0pQAVjZBmACagJBSXIhHBGOyga5BOb2PasEGxvcpjwY3IU-Ac7F6-8KAgBjAQILyaSn1g/ofertasv/?filter[tourOperator]=EXIM&filter%5Bperson%5D=2&filter%5BchildAge%5D%5B1%5D=20201210&filter%5Bchild%5D=1"
"Palm Royale Soma Bay","9527.0","29.10.2026 - 05.11.2026","8 dni/7 nocy","","4.7","4.7","7180","tripadvisor","Warszawa","2026-09-07T06:29:46.441024+00:00","https://fly.pl/oferta/egipt-wczasy/?filter[dest]=11:&filter[hotelids]=&filter[cityids]=&filter[cregids]=&filter[ofrType]=&filter[addObjType]=&filter[whenFrom]=10-10-2026&filter[whenTo]=05-11-2026&filter[duration]=7:10&filter[from]=&filter[person]=2&filter[child]=1&filter[price]=0:11000&filter[PriceFrom]=0&filter[PriceTo]=11000&filter[addCategory]=50&filter[addCatering]=1&filter[addMisc]=0&filter[addTransport]=F&filter[fp]=1&order_by=ofr_price&filter[tourOperator]=0&filter[childAge][1]=20201210","https://fly.pl/cdn/photo/assets/uploads/582/278/2014/09/Palm-Royale-Resort-Soma-Bay.jpg","https://fly.pl/wycieczka/egipt,hurghada,soma-bay/palm-royale-soma-bay/pjzHYFHoht4VlZ2tIIXqCGAAogFpUJElT_it3OF5WnnrZ1MxLqCxxQb8S86Hh0k4aD-ioqBE9SRVgw4LP51AZIt0pQQVjZCWACagZFQy4yLjFyNZsBFQcXAFwDWAVWAhEwQJoGXZsPTyRT0p0BUgBer09L7UNhAEzljDoguP2XCQ0AAhJjAQINJAUivQ/ofertasv/?filter[tourOperator]=OREX&filter%5Bperson%5D=2&filter%5BchildAge%5D%5B1%5D=20201210&filter%5Bchild%5D=1"
"Double Tree by Hilton Mangroovy El Gouna Resort","9540.0","29.10.2026 - 05.11.2026","8 dni/7 nocy","","","","","","Warszawa","2026-09-07T06:29:46.441024+00:00","https://fly.pl/oferta/egipt-wczasy/?filter[dest]=11:&filter[hotelids]=&filter[cityids]=&filter[cregids]=&filter[ofrType]=&filter[addObjType]=&filter[whenFrom]=10-10-2026&filter[whenTo]=05-11-2026&filter[duration]=7:10&filter[from]=&filter[person]=2&filter[child]=1&filter[price]=0:11000&filter[PriceFrom]=0&filter[PriceTo]=11000&filter[addCategory]=50&filter[addCatering]=1&filter[addMisc]=0&filter[addTransport]=F&filter[fp]=1&order_by=ofr_price&filter[tourOperator]=0&filter[childAge][1]=20201210","https://datacfstatic.merlinx.pl/OREX/IMG/6513/61970b72b312ea6d0373821b3cb6271ebffe7a152e252532c893aa503ed99358.webp","https://fly.pl/wycieczka/egipt,hurghada,al-dzuna/double-tree-by-hilton-mangroovy-el-gouna-13/pdZ4Rspewj60XHJIOQV2VAAAog2T315cxqL99FtniBsRw5EBLqCxxQb8S86Hh0k4aD-ioqBE9SRVgw4LP51AZIxEpQQVjZCWACagVYLjIuMXI2mwEVBxcAXANYBVYCQMoGXZsPTyQR1xxT-4ABUgBer09L7UNhAEzljDoguP2XCQ0AAhJjAQILsav-5A/ofertasv/?filter[tourOperator]=OREX&filter%5Bperson%5D=2&filter%5BchildAge%5D%5B1%5D=20201210&filter%5Bchild%5D=1"
"Sunrise Select Garden Beach Resort & Spa","9565.0","27.10.2026 - 03.11.2026","9 dni/7 nocy","","4.7","4.7","9739","tripadvisor","Warszawa - Modlin","2026-09-07T06:29:46.441024+00:00","https://fly.pl/oferta/egipt-wczasy/?filter[dest]=11:&filter[hotelids]=&filter[cityids]=&filter[cregids]=&filter[ofrType]=&filter[addObjType]=&filter[whenFrom]=10-10-2026&filter[whenTo]=05-11-2026&filter[duration]=7:10&filter[from]=&filter[person]=2&filter[child]=1&filter[price]=0:11000&filter[PriceFrom]=0&filter[PriceTo]=11000&filter[addCategory]=50&filter[addCatering]=1&filter[addMisc]=0&filter[addTransport]=F&filter[fp]=1&order_by=ofr_price&filter[tourOperator]=0&filter[childAge][1]=20201210","https://fly.pl/cdn/photo/assets/uploads/582/278/2014/09/Sunrise-Garden-Beach-Resort-Spa.jpg","https://fly.pl/wycieczka/egipt,hurghada,c/sunrise-select-garden-beach-resort-spa/pp2CnNqqnQvr5uW2FB2hMqAAog5ej7uMe1JNBPlCQ7ez-h63-RivCO5fCdWQwfiBpU-nUqBE9BU0kw4LP51AZI3UpQAVipCWACagNBSWxyIRwRr8ABqwS93g-5BEAbtMEPGMeEEwGi4remAgIAYwECC3GJI_0/ofertasv/?filter[tourOperator]=OASI&filter%5Bperson%5D=2&filter%5BchildAge%5D%5B1%5D=20201210&filter%5Bchild%5D=1"
"El Malikia Resort Abu Dabbab (ex.Sol Y Mar)","9633.0","22.10.2026 - 29.10.2026","8 dni/7 nocy","","4.5","4.5","6764","tripadvisor","Katowice","2026-09-07T06:29:46.441024+00:00","https://fly.pl/oferta/egipt-wczasy/?filter[dest]=11:&filter[hotelids]=&filter[cityids]=&filter[cregids]=&filter[ofrType]=&filter[addObjType]=&filter[whenFrom]=10-10-2026&filter[whenTo]=05-11-2026&filter[duration]=7:10&filter[from]=&filter[person]=2&filter[child]=1&filter[price]=0:11000&filter[PriceFrom]=0&filter[PriceTo]=11000&filter[addCategory]=50&filter[addCatering]=1&filter[addMisc]=0&filter[addTransport]=F&filter[fp]=1&order_by=ofr_price&filter[tourOperator]=0&filter[childAge][1]=20201210","https://fly.pl/cdn/photo/assets/uploads/582/278/2016/11/El-Malikia-Resort-Abu-Dabbab-ex.Sol-Y-Mar-fly-pl.jpg","https://fly.pl/wycieczka/egipt,marsa-alam,c/el-malikia-resort-abu-dabbab-ex-sol-y-mar/pcW38tuoqgKWAhE_PIt76LAAogo0q9YG6bVxhicxi1gl8NqYaHhndt-fCFnIyuOdpN4Z8qBFNGUEww4LP51AZIoUtQQVixCGACciELAxUEIgYSJ1zGAkAuW_cDDf_J1AlR96_kkgYCEmMBAgZ0ziVY/ofertasv/?filter[tourOperator]=SFPL&filter%5Bperson%5D=2&filter%5BchildAge%5D%5B1%5D=20201210&filter%5Bchild%5D=1"
"Hilton Plaza (Hurghada)","9644.0","29.10.2026 - 05.11.2026","8 dni/7 nocy","","4.6","4.6","4238","tripadvisor","Warszawa","2026-09-07T06:29:46.441024+00:00","https://fly.pl/oferta/egipt-wczasy/?filter[dest]=11:&filter[hotelids]=&filter[cityids]=&filter[cregids]=&filter[ofrType]=&filter[addObjType]=&filter[whenFrom]=10-10-2026&filter[whenTo]=05-11-2026&filter[duration]=7:10&filter[from]=&filter[person]=2&filter[child]=1&filter[price]=0:11000&filter[PriceFrom]=0&filter[PriceTo]=11000&filter[addCategory]=50&filter[addCatering]=1&filter[addMisc]=0&filter[addTransport]=F&filter[fp]=1&order_by=ofr_price&filter[tourOperator]=0&filter[childAge][1]=20201210","https://fly.pl/cdn/photo/assets/uploads/582/278/2014/10/Hilton-Plaza.jpg","https://fly.pl/wycieczka/egipt,hurghada,c/hilton-plaza-hurghada/pdD_PFIQFppjZlA-OOUG0jAAogDxVZQjh5ZFUMT5h7bfSvjBLqCxxQb8S86Hh0k4aD-ioqBE9SRVgw4LP51AZIrEtQQVjZCWACagVFLjIuMXI1mwEVBxcAXANYBVYCEVpA8AVdmw9PJFPSnQFSAF6vT0vtQ2EATOWMOiC4_ZcJDQACEmMBAgsBZ6ox/ofertasv/?filter[tourOperator]=OREX&filter%5Bperson%5D=2&filter%5BchildAge%5D%5B1%5D=20201210&filter%5Bchild%5D=1"
"Pickalbatros Laguna Vista Beach","9655.0","28.10.2026 - 04.11.2026","9 dni/7 nocy","","4.0","4.0","3068","tripadvisor","Gdańsk","2026-09-07T06:29:46.441024+00:00","https://fly.pl/oferta/egipt-wczasy/?filter[dest]=11:&filter[hotelids]=&filter[cityids]=&filter[cregids]=&filter[ofrType]=&filter[addObjType]=&filter[whenFrom]=10-10-2026&filter[whenTo]=05-11-2026&filter[duration]=7:10&filter[from]=&filter[person]=2&filter[child]=1&filter[price]=0:11000&filter[PriceFrom]=0&filter[PriceTo]=11000&filter[addCategory]=50&filter[addCatering]=1&filter[addMisc]=0&filter[addTransport]=F&filter[fp]=1&order_by=ofr_price&filter[tourOperator]=0&filter[childAge][1]=20201210","https://fly.pl/cdn/photo/assets/uploads/582/278/2014/07/laguna.jpg","https://fly.pl/wycieczka/egipt,sharm-el-sheikh,c/laguna-vista-beach/pFvxYqUySTK9n0voatWHGhAAogXpXj3GP2dbKL_hXINV-b-nIhrbyPomD2uW-Fwn8rcgYqBE9BU0kw4LP51AZIt0tQAVjBCWACagNBSWxyIRwRpq8BuQTNqxCrBBIbu4gOGNz9EQG4voWpAgIAYwECDG8My8g/ofertasv/?filter[tourOperator]=OASI&filter%5Bperson%5D=2&filter%5BchildAge%5D%5B1%5D=20201210&filter%5Bchild%5D=1"
"Serenity Sky Arc","9677.0","15.10.2026 - 22.10.2026","8 dni/7 nocy","","","","","","Wrocław","2026-09-07T06:29:46.441024+00:00","https://fly.pl/oferta/egipt-wczasy/?filter[dest]=11:&filter[hotelids]=&filter[cityids]=&filter[cregids]=&filter[ofrType]=&filter[addObjType]=&filter[whenFrom]=10-10-2026&filter[whenTo]=05-11-2026&filter[duration]=7:10&filter[from]=&filter[person]=2&filter[child]=1&filter[price]=0:11000&filter[PriceFrom]=0&filter[PriceTo]=11000&filter[addCategory]=50&filter[addCatering]=1&filter[addMisc]=0&filter[addTransport]=F&filter[fp]=1&order_by=ofr_price&filter[tourOperator]=0&filter[childAge][1]=20201210","https://datacfstatic.merlinx.pl/EXIM/IMG/105925/cf3c14898a23b0b49569de311369928ab20dff35cd198358119db51d531b20bd.webp","https://fly.pl/wycieczka/egipt,hurghada,sahl-hasheesh/serenity-sky-arc-10/pFVdrc_2KcWbi8Jg_VNdvOAAogoRQq1I1Q1j0U2cxUXIUBBOJkFGC95BV6NPIm-ieal6cqBEVYSU0w4LP51AZIzUtQAViJB2ACagJBSXIhHBHFuwa5BKuBPqsEHBvm4C8YkNo2AYL9tIsJAgBjAQIG-EMZ1g/ofertasv/?filter[tourOperator]=EXIM&filter%5Bperson%5D=2&filter%5BchildAge%5D%5B1%5D=20201210&filter%5Bchild%5D=1"
"Lazuli (Marsa Alam)","9697.0","24.10.2026 - 01.11.2026","9 dni/7 nocy","","4.7","4.7","1084","tripadvisor","Katowice","2026-09-07T06:29:46.441024+00:00","https://fly.pl/oferta/egipt-wczasy/?filter[dest]=11:&filter[hotelids]=&filter[cityids]=&filter[cregids]=&filter[ofrType]=&filter[addObjType]=&filter[whenFrom]=10-10-2026&filter[whenTo]=05-11-2026&filter[duration]=7:10&filter[from]=&filter[person]=2&filter[child]=1&filter[price]=0:11000&filter[PriceFrom]=0&filter[PriceTo]=11000&filter[addCategory]=50&filter[addCatering]=1&filter[addMisc]=0&filter[addTransport]=F&filter[fp]=1&order_by=ofr_price&filter[tourOperator]=0&filter[childAge][1]=20201210","https://fly.pl/cdn/photo/assets/uploads/582/278/2021/06/Lazuli1.jpg","https://fly.pl/wycieczka/egipt,marsa-alam,al-kusajr/lazuli-13/pI89OON6t45D5AXgmEGdiPAAogoxvHCaKyz5Wm-dM75hIKFnCGRH8duBCtonW6q8LaExQqBFZJVFgw4LP51AZI4UtQQVjhCGACckAaABUHFwBcA1gFQI8DW7-DAWGXTEsAXqcwUrwUUwBMneQ5DazVmAkgAV2e65HsqAFPlNqZijdRl60BAg1jAQIMy5KX3g/ofertasv/?filter[tourOperator]=VITX&filter%5Bperson%5D=2&filter%5BchildAge%5D%5B1%5D=20201210&filter%5Bchild%5D=1"
"Gorgonia Beach","9783.0","20.10.2026 - 27.10.2026","8 dni/7 nocy","","4.5","4.5","3761","tripadvisor","Warszawa","2026-09-07T06:29:46.441024+00:00","https://fly.pl/oferta/egipt-wczasy/?filter[dest]=11:&filter[hotelids]=&filter[cityids]=&filter[cregids]=&filter[ofrType]=&filter[addObjType]=&filter[whenFrom]=10-10-2026&filter[whenTo]=05-11-2026&filter[duration]=7:10&filter[from]=&filter[person]=2&filter[child]=1&filter[price]=0:11000&filter[PriceFrom]=0&filter[PriceTo]=11000&filter[addCategory]=50&filter[addCatering]=1&filter[addMisc]=0&filter[addTransport]=F&filter[fp]=1&order_by=ofr_price&filter[tourOperator]=0&filter[childAge][1]=20201210","https://fly.pl/cdn/photo/assets/uploads/582/278/2016/12/Gorgonia-Beach-Resort.jpg","https://fly.pl/wycieczka/egipt,marsa-alam,c/gorgonia-beach/pQ6DxzLkl2HGeWpUicgX_zAAog9neub51qzm8qFv04mqPBk9ExpNyR8PdMYb0hQMEv2X0qBFNGUEww4LP51AZIt0xQQViBCGACciMLAhUFIgYSJ1zGAkAuDfTN1AlRy_PjkgZbifjAHwISYwECBgcGg_M/ofertasv/?filter[tourOperator]=SFPL&filter%5Bperson%5D=2&filter%5BchildAge%5D%5B1%5D=20201210&filter%5Bchild%5D=1"
"Safir Dahab Resort","9822.0","13.10.2026 - 20.10.2026","8 dni/7 nocy","","4.5","4.5","1512","tripadvisor","Katowice","2026-09-07T06:29:46.441024+00:00","https://fly.pl/oferta/egipt-wczasy/?filter[dest]=11:&filter[hotelids]=&filter[cityids]=&filter[cregids]=&filter[ofrType]=&filter[addObjType]=&filter[whenFrom]=10-10-2026&filter[whenTo]=05-11-2026&filter[duration]=7:10&filter[from]=&filter[person]=2&filter[child]=1&filter[price]=0:11000&filter[PriceFrom]=0&filter[PriceTo]=11000&filter[addCategory]=50&filter[addCatering]=1&filter[addMisc]=0&filter[addTransport]=F&filter[fp]=1&order_by=ofr_price&filter[tourOperator]=0&filter[childAge][1]=20201210","https://fly.pl/cdn/photo/assets/uploads/582/278/2015/09/Safir-Dahab-Resort.jpg","https://fly.pl/wycieczka/egipt,dahab,c/dahab-resort/p6zEOIZ0riXtlHl9VGcS1oAAog2FIJYsgjhfpHcxUHF8XIzlATkd0Et3pHZ-B5Uah2j-0qBEpPSVAw4rP51AZI3kxQQVjZBmACagMwMHdyQpsBFAEVBhcAXANYBVYCQMoGT-IBXQBLt8oBYQBepzARxARS4htTAEyssDoNqP2XCSAAAaPh_PDkiMygMAINYwEACzWjeA4/ofertasv/?filter[tourOperator]=JOIP&filter%5Bperson%5D=2&filter%5BchildAge%5D%5B1%5D=20201210&filter%5Bchild%5D=1"
"Domina Coral Bay Resort","9840.0","24.10.2026 - 31.10.2026","8 dni/7 nocy","","4.2","4.2","12412","tripadvisor","Warszawa","2026-09-07T06:29:46.441024+00:00","https://fly.pl/oferta/egipt-wczasy/?filter[dest]=11:&filter[hotelids]=&filter[cityids]=&filter[cregids]=&filter[ofrType]=&filter[addObjType]=&filter[whenFrom]=10-10-2026&filter[whenTo]=05-11-2026&filter[duration]=7:10&filter[from]=&filter[person]=2&filter[child]=1&filter[price]=0:11000&filter[PriceFrom]=0&filter[PriceTo]=11000&filter[addCategory]=50&filter[addCatering]=1&filter[addMisc]=0&filter[addTransport]=F&filter[fp]=1&order_by=ofr_price&filter[tourOperator]=0&filter[childAge][1]=20201210","https://fly.pl/cdn/photo/assets/uploads/582/278/2014/07/DOMINA.jpg","https://fly.pl/wycieczka/egipt,sharm-el-sheikh,c/domina-coral-bay-resort-sharm-el-sheikh/pAa9wTwaPzfPy7-fxqF2aiAAogNUm0aogpLaPbXoUBKazRwAAAAACbhAQAuIQEAAcAEgAqBFdFWlkw4rP51AZI8ExQQVjhCGADaglFbnRlciBBaXJqBDA4MDByQ54BlQEfAAIBHAAWBBcCEu0DGKEEE7ECFMkEQJJyT6CiAUwAS8cjUAAR50UdrPwOIB0btO0EDbTavQkBEmMBDWMBAwWd1zQp/ofertasv/?filter[tourOperator]=WEZY&filter%5Bperson%5D=2&filter%5BchildAge%5D%5B1%5D=20201210&filter%5Bchild%5D=1"
"Pickalbatros Dana Beach Resort","9847.0","27.10.2026 - 03.11.2026","9 dni/7 nocy","","4.4","4.4","2858","tripadvisor","Warszawa - Modlin","2026-09-07T06:29:46.441024+00:00","https://fly.pl/oferta/egipt-wczasy/?filter[dest]=11:&filter[hotelids]=&filter[cityids]=&filter[cregids]=&filter[ofrType]=&filter[addObjType]=&filter[whenFrom]=10-10-2026&filter[whenTo]=05-11-2026&filter[duration]=7:10&filter[from]=&filter[person]=2&filter[child]=1&filter[price]=0:11000&filter[PriceFrom]=0&filter[PriceTo]=11000&filter[addCategory]=50&filter[addCatering]=1&filter[addMisc]=0&filter[addTransport]=F&filter[fp]=1&order_by=ofr_price&filter[tourOperator]=0&filter[childAge][1]=20201210","https://fly.pl/cdn/photo/assets/uploads/582/278/2014/10/Dana-Beach-Resort-fly-pl-1.jpg","https://fly.pl/wycieczka/egipt,hurghada,c/dana-beach/pcXrWWMM-jgVcgvX5PUcIQAAogGhUe-7e9uaIQqCaDkkKgrpeMXePUQkpobZ-BQI6-nbQqBEVYSU0w4rP51AZI90xQAVipCWACagJBSXIhHBGi-AarBJ-wS7kERRuf-zcY5KFTAYOU9sYNAgBjAQIMZI3y7A/ofertasv/?filter[tourOperator]=EXIM&filter%5Bperson%5D=2&filter%5BchildAge%5D%5B1%5D=20201210&filter%5Bchild%5D=1"
"Coral Sea Holiday Resort","9862.0","13.10.2026 - 20.10.2026","8 dni/7 nocy","","4.5","4.5","10280","tripadvisor","Katowice","2026-09-07T06:29:46.441024+00:00","https://fly.pl/oferta/egipt-wczasy/?filter[dest]=11:&filter[hotelids]=&filter[cityids]=&filter[cregids]=&filter[ofrType]=&filter[addObjType]=&filter[whenFrom]=10-10-2026&filter[whenTo]=05-11-2026&filter[duration]=7:10&filter[from]=&filter[person]=2&filter[child]=1&filter[price]=0:11000&filter[PriceFrom]=0&filter[PriceTo]=11000&filter[addCategory]=50&filter[addCatering]=1&filter[addMisc]=0&filter[addTransport]=F&filter[fp]=1&order_by=ofr_price&filter[tourOperator]=0&filter[childAge][1]=20201210","https://fly.pl/cdn/photo/assets/uploads/582/278/2014/07/Coral-Sea-Holiday-Resort.jpg","https://fly.pl/wycieczka/egipt,sharm-el-sheikh,c/coral-sea-holiday-village/pfZtZPzf_6tb2_h8GkQ1VpAAogFNwGuo71zQ1MPy9d9_7q_FATkd0Et3pHZ-B5Uah2j-0qBEpPSVAw4rP51AZIhk1QQVjZBmACagNDR21yQpsBFAEVBhcAXANYBVYCQMoGT-IBXQBLt8oBYQBepzAR1BNS0gxTAEyssDoNqP2XCSAAAcHJuIClicygMAINYwEADIG4LnE/ofertasv/?filter[tourOperator]=JOIP&filter%5Bperson%5D=2&filter%5BchildAge%5D%5B1%5D=20201210&filter%5Bchild%5D=1"
"Coral Sea Water World Resort","9871.0","13.10.2026 - 20.10.2026","8 dni/7 nocy","","4.5","4.5","9373","tripadvisor","Katowice","2026-09-07T06:29:46.441024+00:00","https://fly.pl/oferta/egipt-wczasy/?filter[dest]=11:&filter[hotelids]=&filter[cityids]=&filter[cregids]=&filter[ofrType]=&filter[addObjType]=&filter[whenFrom]=10-10-2026&filter[whenTo]=05-11-2026&filter[duration]=7:10&filter[from]=&filter[person]=2&filter[child]=1&filter[price]=0:11000&filter[PriceFrom]=0&filter[PriceTo]=11000&filter[addCategory]=50&filter[addCatering]=1&filter[addMisc]=0&filter[addTransport]=F&filter[fp]=1&order_by=ofr_price&filter[tourOperator]=0&filter[childAge][1]=20201210","https://fly.pl/cdn/photo/assets/uploads/582/278/2014/07/Coral-Sea-Waterworld.jpg","https://fly.pl/wycieczka/egipt,sharm-el-sheikh,c/coral-sea-water-world/p74Z35qyBWZfx_v_3309EFAAogiwVAr_uHQ-nksYc1IaRWSVATkd0Et3pHZ-B5Uah2j-0qBEpPSVAw4rP51AZIj01QQVjZBmACagMxMm9yQpsBFAEVBhcAXANYBVYCQMoGT-IBXQBLt8oBYQBepzAR1RNS0QxTAEyssDoNqP2XCSAAAcXd1JClicygMAINYwEADFXNS1Q/ofertasv/?filter[tourOperator]=JOIP&filter%5Bperson%5D=2&filter%5BchildAge%5D%5B1%5D=20201210&filter%5Bchild%5D=1"
"Reef Oasis Suakin Resort","9897.0","13.10.2026 - 20.10.2026","8 dni/7 nocy","","4.8","4.8","1420","tripadvisor","Katowice","2026-09-07T06:29:46.441024+00:00","https://fly.pl/oferta/egipt-wczasy/?filter[dest]=11:&filter[hotelids]=&filter[cityids]=&filter[cregids]=&filter[ofrType]=&filter[addObjType]=&filter[whenFrom]=10-10-2026&filter[whenTo]=05-11-2026&filter[duration]=7:10&filter[from]=&filter[person]=2&filter[child]=1&filter[price]=0:11000&filter[PriceFrom]=0&filter[PriceTo]=11000&filter[addCategory]=50&filter[addCatering]=1&filter[addMisc]=0&filter[addTransport]=F&filter[fp]=1&order_by=ofr_price&filter[tourOperator]=0&filter[childAge][1]=20201210","https://fly.pl/cdn/photo/assets/uploads/582/278/2024/07/reef-oasis-suakin-resort.jpg","https://fly.pl/wycieczka/egipt,marsa-alam,c/reef-oasis-suakin-resort-11/pwF5xRGXU-ipLURtX9RiGdAAogtBcnyDKlttK5eINGm0j2H3aNli1dgy83QmwR76cjihEqBFZJVFgw4rP51AZIqU1QQVjZBmACckAaABUHFwBcA1gFQI8DW6eGAWGvSUsAXqcwUrwUUwBMoOQ5DZ7VmAkgAF2r65HsqAFPlNqZijdR09oSAgxjAQILdQGSfw/ofertasv/?filter[tourOperator]=VITX&filter%5Bperson%5D=2&filter%5BchildAge%5D%5B1%5D=20201210&filter%5Bchild%5D=1"
"Sentido Mamlouk Palace Resort & Spa (ex Sunrise)","9973.0","29.10.2026 - 05.11.2026","8 dni/7 nocy","","4.7","4.7","12040","tripadvisor","Katowice","2026-09-07T06:29:46.441024+00:00","https://fly.pl/oferta/egipt-wczasy/?filter[dest]=11:&filter[hotelids]=&filter[cityids]=&filter[cregids]=&filter[ofrType]=&filter[addObjType]=&filter[whenFrom]=10-10-2026&filter[whenTo]=05-11-2026&filter[duration]=7:10&filter[from]=&filter[person]=2&filter[child]=1&filter[price]=0:11000&filter[PriceFrom]=0&filter[PriceTo]=11000&filter[addCategory]=50&filter[addCatering]=1&filter[addMisc]=0&filter[addTransport]=F&filter[fp]=1&order_by=ofr_price&filter[tourOperator]=0&filter[childAge][1]=20201210","https://fly.pl/cdn/photo/assets/uploads/582/278/2014/10/Sentido-Mamlouk-Palace-Resort-Spa.jpg","https://fly.pl/wycieczka/egipt,hurghada,c/sentido-mamlouk-palace-resort-ex-sunrise/pSh7WXWeza4Qy4CrzZ5fgIAAogtYsHrWS5Enx89vuXrIFDTU06z87_Cgpl9JIak3ep62gqBFNGUEww4rP51AZI9U1QQVjZCWACciMLAxUEIgYSIVzMAkAuW-fwUQ2W3YIJUajF0PuPAQISYwECBV4VRPo/ofertasv/?filter[tourOperator]=SFPL&filter%5Bperson%5D=2&filter%5BchildAge%5D%5B1%5D=20201210&filter%5Bchild%5D=1"
"Jaz Elite Asteria (Hurghada)","10017.0","27.10.2026 - 03.11.2026","9 dni/7 nocy","","4.9","4.9","620","tripadvisor","Warszawa - Modlin","2026-09-07T06:29:46.441024+00:00","https://fly.pl/oferta/egipt-wczasy/?filter[dest]=11:&filter[hotelids]=&filter[cityids]=&filter[cregids]=&filter[ofrType]=&filter[addObjType]=&filter[whenFrom]=10-10-2026&filter[whenTo]=05-11-2026&filter[duration]=7:10&filter[from]=&filter[person]=2&filter[child]=1&filter[price]=0:11000&filter[PriceFrom]=0&filter[PriceTo]=11000&filter[addCategory]=50&filter[addCatering]=1&filter[addMisc]=0&filter[addTransport]=F&filter[fp]=1&order_by=ofr_price&filter[tourOperator]=0&filter[childAge][1]=20201210","https://fly.pl/cdn/photo/assets/uploads/582/278/2024/07/jaz-asteria-beach.jpg","https://fly.pl/wycieczka/egipt,hurghada,sahl-hasheesh/jaz-asteria-beach-11/pRpr_Yj3jrQENHwt_QuRwEAAog6haa7-qW7wRfloMD_pyTKZeMXePUQkpobZ-BQI6-nbQqBEVYSU0w4rP51AZIoU5QAVipCWACagJBSXIhHBGz_warBI6pS7kERRvko0AYsN5HAZK0nawNAhJjAQIMpJ-Zdg/ofertasv/?filter[tourOperator]=EXIM&filter%5Bperson%5D=2&filter%5BchildAge%5D%5B1%5D=20201210&filter%5Bchild%5D=1"
"Jaz Sharm Dreams Resort","10024.0","24.10.2026 - 31.10.2026","8 dni/7 nocy","","4.3","4.3","6511","tripadvisor","Warszawa","2026-09-07T06:29:46.441024+00:00","https://fly.pl/oferta/egipt-wczasy/?filter[dest]=11:&filter[hotelids]=&filter[cityids]=&filter[cregids]=&filter[ofrType]=&filter[addObjType]=&filter[whenFrom]=10-10-2026&filter[whenTo]=05-11-2026&filter[duration]=7:10&filter[from]=&filter[person]=2&filter[child]=1&filter[price]=0:11000&filter[PriceFrom]=0&filter[PriceTo]=11000&filter[addCategory]=50&filter[addCatering]=1&filter[addMisc]=0&filter[addTransport]=F&filter[fp]=1&order_by=ofr_price&filter[tourOperator]=0&filter[childAge][1]=20201210","https://fly.pl/cdn/photo/assets/uploads/582/278/2014/07/Jaz-Sharm-Dreams.jpg","https://fly.pl/wycieczka/egipt,sharm-el-sheikh,c/hilton-sharm-dreams-resort/pBZ7iIEkxEaeYaWa2F3NtLAAog6D9alq0QaV_MxGrjyiuqcQAAAACbhAQAuIQEAAcAEgAqBFdFWlkw4rP51AZIqE5QQVjhCGADaglFbnRlciBBaXJqBDA4MDByQp4BlQEfABwBAgAWBBcCEVsSkgMYoQQTsQIUyQRAknJMoKIBTwBLxyNQABu51AMd2u0LIB0N6MfCCQESYwENYwEDBV9gsNM/ofertasv/?filter[tourOperator]=WEZY&filter%5Bperson%5D=2&filter%5BchildAge%5D%5B1%5D=20201210&filter%5Bchild%5D=1"
"The Cascades Golf Resort Spa & Thalasso (ex Westin Soma Bay)","10033.0","27.10.2026 - 03.11.2026","9 dni/7 nocy","","4.4","4.4","277","tripadvisor","Warszawa - Modlin","2026-09-07T06:29:46.441024+00:00","https://fly.pl/oferta/egipt-wczasy/?filter[dest]=11:&filter[hotelids]=&filter[cityids]=&filter[cregids]=&filter[ofrType]=&filter[addObjType]=&filter[whenFrom]=10-10-2026&filter[whenTo]=05-11-2026&filter[duration]=7:10&filter[from]=&filter[person]=2&filter[child]=1&filter[price]=0:11000&filter[PriceFrom]=0&filter[PriceTo]=11000&filter[addCategory]=50&filter[addCatering]=1&filter[addMisc]=0&filter[addTransport]=F&filter[fp]=1&order_by=ofr_price&filter[tourOperator]=0&filter[childAge][1]=20201210","https://fly.pl/cdn/photo/assets/uploads/582/278/2014/10/The-Cascades-Golf-Resort-Spa-Thalasso.jpg","https://fly.pl/wycieczka/egipt,hurghada,soma-bay/la-residence-des-cascades/pGM0nx2j88lyYdwr1YwA1aAAogcvOipXiiQ7Rqz4w3oSEOQ3-RivCO5fCdWQwfiBpU-nUqBE9BU0kw4rP51AZIsU5QAVipCWACagNBSWxyIRwRtMABqwS43g-5BEAbhMMPGNiFEwGh28imAgIAYwECDMjtwX8/ofertasv/?filter[tourOperator]=OASI&filter%5Bperson%5D=2&filter%5BchildAge%5D%5B1%5D=20201210&filter%5Bchild%5D=1"
"Amphoras Beach","10067.0","13.10.2026 - 20.10.2026","8 dni/7 nocy","","4.4","4.4","6746","tripadvisor","Katowice","2026-09-07T06:29:46.441024+00:00","https://fly.pl/oferta/egipt-wczasy/?filter[dest]=11:&filter[hotelids]=&filter[cityids]=&filter[cregids]=&filter[ofrType]=&filter[addObjType]=&filter[whenFrom]=10-10-2026&filter[whenTo]=05-11-2026&filter[duration]=7:10&filter[from]=&filter[person]=2&filter[child]=1&filter[price]=0:11000&filter[PriceFrom]=0&filter[PriceTo]=11000&filter[addCategory]=50&filter[addCatering]=1&filter[addMisc]=0&filter[addTransport]=F&filter[fp]=1&order_by=ofr_price&filter[tourOperator]=0&filter[childAge][1]=20201210","https://fly.pl/cdn/photo/assets/uploads/582/278/2016/11/AMPHORAS-BEACH.jpg","https://fly.pl/wycieczka/egipt,sharm-el-sheikh,c/otium-amphoras-ex-shores/p7Q2nJ1LFwCMPxQygeFb1tAAogLhA_rSayQEArscB73TQH9DZPnluiPTRbLKmNIwYEcH4qBEVYSU0w4rP51AZI005QAVjZBmACagNVQUlyIRwRlLsGuQTghT6rBBsb3fA4GOWhQgGvrIn6CgIAYwECC9JvU6I/ofertasv/?filter[tourOperator]=EXIM&filter%5Bperson%5D=2&filter%5BchildAge%5D%5B1%5D=20201210&filter%5Bchild%5D=1"
"Grand Rotana Resort & Spa","10086.0","25.10.2026 - 01.11.2026","8 dni/7 nocy","","4.6","4.6","6780","tripadvisor","Katowice","2026-09-07T06:29:46.441024+00:00","https://fly.pl/oferta/egipt-wczasy/?filter[dest]=11:&filter[hotelids]=&filter[cityids]=&filter[cregids]=&filter[ofrType]=&filter[addObjType]=&filter[whenFrom]=10-10-2026&filter[whenTo]=05-11-2026&filter[duration]=7:10&filter[from]=&filter[person]=2&filter[child]=1&filter[price]=0:11000&filter[PriceFrom]=0&filter[PriceTo]=11000&filter[addCategory]=50&filter[addCatering]=1&filter[addMisc]=0&filter[addTransport]=F&filter[fp]=1&order_by=ofr_price&filter[tourOperator]=0&filter[childAge][1]=20201210","https://fly.pl/cdn/photo/assets/uploads/582/278/2014/07/Grand-Rotana-fly-pl.jpg","https://fly.pl/wycieczka/egipt,sharm-el-sheikh,c/grand-rotana/pr_wuLfmzK6A4LNeyehV9KAAog2rzHvghMWBLlvaDlEkGSHf-8lKSM_XY3X6eU8q1GIdEqBE9BU0kw4rP51AZI5k5QAVj5CGACagNBSWxyIRwR9K8BqwSjqxC5BCsbp7sOGNuPFAH8rZynAgIAYwECBnzf5N0/ofertasv/?filter[tourOperator]=OASI&filter%5Bperson%5D=2&filter%5BchildAge%5D%5B1%5D=20201210&filter%5Bchild%5D=1"
"Cooee Prima Life Makadi Bay","10097.0","15.10.2026 - 22.10.2026","8 dni/7 nocy","","4.6","4.6","3304","tripadvisor","Poznań","2026-09-07T06:29:46.441024+00:00","https://fly.pl/oferta/egipt-wczasy/?filter[dest]=11:&filter[hotelids]=&filter[cityids]=&filter[cregids]=&filter[ofrType]=&filter[addObjType]=&filter[whenFrom]=10-10-2026&filter[whenTo]=05-11-2026&filter[duration]=7:10&filter[from]=&filter[person]=2&filter[child]=1&filter[price]=0:11000&filter[PriceFrom]=0&filter[PriceTo]=11000&filter[addCategory]=50&filter[addCatering]=1&filter[addMisc]=0&filter[addTransport]=F&filter[fp]=1&order_by=ofr_price&filter[tourOperator]=0&filter[childAge][1]=20201210","https://fly.pl/cdn/photo/assets/uploads/582/278/2014/12/Prima-Life-Makadi-Resort.jpg","https://fly.pl/wycieczka/egipt,hurghada,c/prima-life-makadi-bay/pUF0rWaex4lgApEQiYOtNrAAogu-QFWhSLdl-6QPOnQtd6uU2nDT3HSII3dh3aEJQz7w8qBEVYSU0w4rP51AZI8U5QAViJB2ACagJBSXIhHBHGuAa5BPSDPqsEHBuoiS8Y_pc3AYK98IkJAgBjAQIF_c3e2g/ofertasv/?filter[tourOperator]=EXIM&filter%5Bperson%5D=2&filter%5BchildAge%5D%5B1%5D=20201210&filter%5Bchild%5D=1"
"Titanic Beach Spa & Aqua Park","10097.0","18.10.2026 - 26.10.2026","9 dni/7 nocy","","4.3","4.3","7443","tripadvisor","Katowice","2026-09-07T06:29:46.441024+00:00","https://fly.pl/oferta/egipt-wczasy/?filter[dest]=11:&filter[hotelids]=&filter[cityids]=&filter[cregids]=&filter[ofrType]=&filter[addObjType]=&filter[whenFrom]=10-10-2026&filter[whenTo]=05-11-2026&filter[duration]=7:10&filter[from]=&filter[person]=2&filter[child]=1&filter[price]=0:11000&filter[PriceFrom]=0&filter[PriceTo]=11000&filter[addCategory]=50&filter[addCatering]=1&filter[addMisc]=0&filter[addTransport]=F&filter[fp]=1&order_by=ofr_price&filter[tourOperator]=0&filter[childAge][1]=20201210","https://fly.pl/cdn/photo/assets/uploads/582/278/2014/07/Titanic-Beach-Spa-Aqua-Park-fly-pl.jpg","https://fly.pl/wycieczka/egipt,hurghada,c/titanic-beach-spa/pWaJFvvUuijC62-z0Z2liwAAogviv7GZtQBFSdGah-T5A74y-OS8dnmdJb0QfBllxbO_oqBFZJVFgw4rP51AZI8U5QQVjRB2ACckAaABUHFwBcA1gFQI8DW7-DAVOPLVIAYYgfSwBepzBM2_g5DaTVmAkgAU-3r8z7jwFRrOAYXbTRkPAYAgxjAQILIWOZug/ofertasv/?filter[tourOperator]=VITX&filter%5Bperson%5D=2&filter%5BchildAge%5D%5B1%5D=20201210&filter%5Bchild%5D=1"
"Pickalbatros Aqua Park Resort (Sharm El Sheikh)","10134.0","28.10.2026 - 04.11.2026","9 dni/7 nocy","","4.8","4.8","3568","tripadvisor","Gdańsk","2026-09-07T06:29:46.441024+00:00","https://fly.pl/oferta/egipt-wczasy/?filter[dest]=11:&filter[hotelids]=&filter[cityids]=&filter[cregids]=&filter[ofrType]=&filter[addObjType]=&filter[whenFrom]=10-10-2026&filter[whenTo]=05-11-2026&filter[duration]=7:10&filter[from]=&filter[person]=2&filter[child]=1&filter[price]=0:11000&filter[PriceFrom]=0&filter[PriceTo]=11000&filter[addCategory]=50&filter[addCatering]=1&filter[addMisc]=0&filter[addTransport]=F&filter[fp]=1&order_by=ofr_price&filter[tourOperator]=0&filter[childAge][1]=20201210","https://fly.pl/cdn/photo/assets/uploads/582/278/2017/08/Albatros-Aqua-Park-Sharm.jpg","https://fly.pl/wycieczka/egipt,sharm-el-sheikh,szarm-el-szejk/albatros-aqua-park-sharm-el-sheikh/p75dYjRboUcj8muwPa537tAAog0NvYaIKbe0DUeHxGxaUjZXIhrbyPomD2uW-Fwn8rcgYqBE9BU0kw4rP51AZIlk9QAVjBCWACagNBSWxyIRwRoa8BuQTSqxCrBBIbzYAPGNeAEwHa-9OqAgIAYwECDPWRPU8/ofertasv/?filter[tourOperator]=OASI&filter%5Bperson%5D=2&filter%5BchildAge%5D%5B1%5D=20201210&filter%5Bchild%5D=1"
"Concorde El Salam Front Area","10134.0","27.10.2026 - 03.11.2026","8 dni/7 nocy","","4.8","4.8","1477","tripadvisor","Katowice","2026-09-07T06:29:46.441024+00:00","https://fly.pl/oferta/egipt-wczasy/?filter[dest]=11:&filter[hotelids]=&filter[cityids]=&filter[cregids]=&filter[ofrType]=&filter[addObjType]=&filter[whenFrom]=10-10-2026&filter[whenTo]=05-11-2026&filter[duration]=7:10&filter[from]=&filter[person]=2&filter[child]=1&filter[price]=0:11000&filter[PriceFrom]=0&filter[PriceTo]=11000&filter[addCategory]=50&filter[addCatering]=1&filter[addMisc]=0&filter[addTransport]=F&filter[fp]=1&order_by=ofr_price&filter[tourOperator]=0&filter[childAge][1]=20201210","https://fly.pl/cdn/photo/assets/uploads/582/278/2024/07/concorde-el-salam-front.jpg","https://fly.pl/wycieczka/egipt,sharm-el-sheikh,szarm-el-szejk/concorde-el-salam-front-12/plMdhJgQ_bViTsStCNNpiyAAogEZTc3G2QQHNcEb91Dxxu_Xb6-M-63DqmxRqPbNTEi2wqBE9SRVgw4rP51AZIlk9QQVipCWACagVFLjIuMXI2mwEVBxcAXANYBVYCQMoGEeMLXYANTyRLkrMBYQBepzBSpiBTAEyssDoNtv2XCSAAAhJjAQILpPonUw/ofertasv/?filter[tourOperator]=OREX&filter%5Bperson%5D=2&filter%5BchildAge%5D%5B1%5D=20201210&filter%5Bchild%5D=1"
"Invidia Coral Beach Tiran","10187.0","24.10.2026 - 31.10.2026","8 dni/7 nocy","","4.8","4.8","316","tripadvisor","Warszawa","2026-09-07T06:29:46.441024+00:00","https://fly.pl/oferta/egipt-wczasy/?filter[dest]=11:&filter[hotelids]=&filter[cityids]=&filter[cregids]=&filter[ofrType]=&filter[addObjType]=&filter[whenFrom]=10-10-2026&filter[whenTo]=05-11-2026&filter[duration]=7:10&filter[from]=&filter[person]=2&filter[child]=1&filter[price]=0:11000&filter[PriceFrom]=0&filter[PriceTo]=11000&filter[addCategory]=50&filter[addCatering]=1&filter[addMisc]=0&filter[addTransport]=F&filter[fp]=1&order_by=ofr_price&filter[tourOperator]=0&filter[childAge][1]=20201210","https://fly.pl/cdn/photo/assets/uploads/582/278/2014/07/Coral-Beach-Rotana-Tiran-fly-pl.jpg","https://fly.pl/wycieczka/egipt,sharm-el-sheikh,c/coral-beach-rotana-tiran/pXwNVKprJXheFQK4JMfclVAAoggxN9qaE2m6WyJpRw0deucAAAAACbhAQAuIQEAAcAEgAqBFdFWlkw4rP51AZIy09QQVjhCGADaglFbnRlciBBaXJqBDA4MDByQp4BlQEfABwBAgAWABcGESMSygMYoQQTsQIUyQRAknJMoKIBTwBLxyNQAB2Twg8gHRvXwmQNkYXeCAESYwEMYwECC_EA2KA/ofertasv/?filter[tourOperator]=WEZY&filter%5Bperson%5D=2&filter%5BchildAge%5D%5B1%5D=20201210&filter%5Bchild%5D=1"
"Pickalbatros White Beach Resort","10207.0","27.10.2026 - 03.11.2026","9 dni/7 nocy","","4.8","4.8","3758","tripadvisor","Warszawa - Modlin","2026-09-07T06:29:46.441024+00:00","https://fly.pl/oferta/egipt-wczasy/?filter[dest]=11:&filter[hotelids]=&filter[cityids]=&filter[cregids]=&filter[ofrType]=&filter[addObjType]=&filter[whenFrom]=10-10-2026&filter[whenTo]=05-11-2026&filter[duration]=7:10&filter[from]=&filter[person]=2&filter[child]=1&filter[price]=0:11000&filter[PriceFrom]=0&filter[PriceTo]=11000&filter[addCategory]=50&filter[addCatering]=1&filter[addMisc]=0&filter[addTransport]=F&filter[fp]=1&order_by=ofr_price&filter[tourOperator]=0&filter[childAge][1]=20201210","https://fly.pl/cdn/photo/assets/uploads/582/278/2015/09/Albatros-White-Beach-fly-pl.jpg","https://fly.pl/wycieczka/egipt,hurghada,c/albatros-white-beach/pNhD6-bev9LwaHFTYVfomLAAog_B0ErR8oWnBRk4ztaEy6X5eMXePUQkpobZ-BQI6-nbQqBEVYSU0w4rP51AZI309QAVipCWACagJBSXIhHBGm-AarBJuwS7kERRuW_DcY4qFTAdjx-sYNAgBjAQIMBRoIbA/ofertasv/?filter[tourOperator]=EXIM&filter%5Bperson%5D=2&filter%5BchildAge%5D%5B1%5D=20201210&filter%5Bchild%5D=1"
"Jaz Makadi Saraya (ex Iberotel)","10220.0","29.10.2026 - 05.11.2026","8 dni/7 nocy","","4.8","4.8","6792","tripadvisor","Warszawa","2026-09-07T06:29:46.441024+00:00","https://fly.pl/oferta/egipt-wczasy/?filter[dest]=11:&filter[hotelids]=&filter[cityids]=&filter[cregids]=&filter[ofrType]=&filter[addObjType]=&filter[whenFrom]=10-10-2026&filter[whenTo]=05-11-2026&filter[duration]=7:10&filter[from]=&filter[person]=2&filter[child]=1&filter[price]=0:11000&filter[PriceFrom]=0&filter[PriceTo]=11000&filter[addCategory]=50&filter[addCatering]=1&filter[addMisc]=0&filter[addTransport]=F&filter[fp]=1&order_by=ofr_price&filter[tourOperator]=0&filter[childAge][1]=20201210","https://fly.pl/cdn/photo/assets/uploads/582/278/2014/07/Jaz-Makadi-Saraya-ex-Iberotel-fly-pl.jpg","https://fly.pl/wycieczka/egipt,hurghada,makadi-bay/iberotel-makadi-saraya/paOyC8DFp_oQPI1FyQP9FtAAogafUsHWovFd7NbcECux7qixLqCxxQb8S86Hh0k4aD-ioqBE9SRVgw4rP51AZI7E9QQVjZCWACagZCSS4yLjFyNZsBFQcXAFwDWAVWAhEaQLAGXZsPTyRT0p0BUgBer09L7UNhAEzljDoguP2XCQ0AAhJjAQIMTZyY8w/ofertasv/?filter[tourOperator]=OREX&filter%5Bperson%5D=2&filter%5BchildAge%5D%5B1%5D=20201210&filter%5Bchild%5D=1"
"Three Corners Fayrouz Plaza Beach Resort","10233.0","15.10.2026 - 22.10.2026","8 dni/7 nocy","","4.7","4.7","13148","tripadvisor","Katowice","2026-09-07T06:29:46.441024+00:00","https://fly.pl/oferta/egipt-wczasy/?filter[dest]=11:&filter[hotelids]=&filter[cityids]=&filter[cregids]=&filter[ofrType]=&filter[addObjType]=&filter[whenFrom]=10-10-2026&filter[whenTo]=05-11-2026&filter[duration]=7:10&filter[from]=&filter[person]=2&filter[child]=1&filter[price]=0:11000&filter[PriceFrom]=0&filter[PriceTo]=11000&filter[addCategory]=50&filter[addCatering]=1&filter[addMisc]=0&filter[addTransport]=F&filter[fp]=1&order_by=ofr_price&filter[tourOperator]=0&filter[childAge][1]=20201210","https://fly.pl/cdn/photo/assets/uploads/582/278/2014/10/The-Three-Corners-Fayrouz-Plaza.jpg","https://fly.pl/wycieczka/egipt,marsa-alam,c/three-corners-fayrouz-plaza-beach-resort/pei4JJ4FqgNgMjlKKyycnsAAogul2qAt-RGGgq6eAGCfJ17ldS3KAk5hP5gO6ynJTHoUYqBE9SRVgw4rP51AZI-U9QQViJB2ACagZDMC4yLjFyNZsBFQcXAFwDWAVWAhGKBkBAXbNCTyRLwokBYQBepzBSvBRTAEyWvDoNqv2XCSAAAhJjAQINRAyKmw/ofertasv/?filter[tourOperator]=OREX&filter%5Bperson%5D=2&filter%5BchildAge%5D%5B1%5D=20201210&filter%5Bchild%5D=1"
"Sunrise Alora Aqua Park Resort","10247.0","18.10.2026 - 25.10.2026","8 dni/7 nocy","","3.5","3.5","1838","tripadvisor","Katowice","2026-09-07T06:29:46.441024+00:00","https://fly.pl/oferta/egipt-wczasy/?filter[dest]=11:&filter[hotelids]=&filter[cityids]=&filter[cregids]=&filter[ofrType]=&filter[addObjType]=&filter[whenFrom]=10-10-2026&filter[whenTo]=05-11-2026&filter[duration]=7:10&filter[from]=&filter[person]=2&filter[child]=1&filter[price]=0:11000&filter[PriceFrom]=0&filter[PriceTo]=11000&filter[addCategory]=50&filter[addCatering]=1&filter[addMisc]=0&filter[addTransport]=F&filter[fp]=1&order_by=ofr_price&filter[tourOperator]=0&filter[childAge][1]=20201210","https://fly.pl/cdn/photo/assets/uploads/582/278/2014/11/Hawaii-Caesar-Palace-Aqua-Park-ex-Mirage-Aqua-Park-fly-pl.jpg","https://fly.pl/wycieczka/egipt,hurghada,c/mirage-aqua-park-spa-cesar-palace/pZe-VpMOJG71uR68ViFubhAAogSrppr4Bunj7TTWiUkSmnzcrSKzVN8i6pNpvTBNpDlukqBEJWUFIw4rP51AZIh1BQAVjRB2ACag1BbGwgaW5jbHVzaXZlciAcEdJGG83vBBjr8wy5BJvhE6sENQGm4-DEAQIAYwECC94nGjM/ofertasv/?filter[tourOperator]=BVPR&filter%5Bperson%5D=2&filter%5BchildAge%5D%5B1%5D=20201210&filter%5Bchild%5D=1"
"Utopia Blue Resort","10247.0","13.10.2026 - 20.10.2026","8 dni/7 nocy","","","","","","Warszawa","2026-09-07T06:29:46.441024+00:00","https://fly.pl/oferta/egipt-wczasy/?filter[dest]=11:&filter[hotelids]=&filter[cityids]=&filter[cregids]=&filter[ofrType]=&filter[addObjType]=&filter[whenFrom]=10-10-2026&filter[whenTo]=05-11-2026&filter[duration]=7:10&filter[from]=&filter[person]=2&filter[child]=1&filter[price]=0:11000&filter[PriceFrom]=0&filter[PriceTo]=11000&filter[addCategory]=50&filter[addCatering]=1&filter[addMisc]=0&filter[addTransport]=F&filter[fp]=1&order_by=ofr_price&filter[tourOperator]=0&filter[childAge][1]=20201210","https://datacfstatic.merlinx.pl/EXIM/IMG/104804/47170af13502131b7b7d23ecf494e622a96110e1a4bfcf3019d7db4830283601.webp","https://fly.pl/wycieczka/egipt,marsa-alam,c/utopia-blue-resort-13/prk2cQY-N_SvrMaoHaOTFmAAog7LoBMf_sRZgkiXEkbKVWHxKmO4qxhDmkVrGyFJIXvhQqBEVYSU0w4rP51AZIh1BQAVjZBmACagJBSXIhHBHksga5BIiMPqsEHBvc1y0Yr_ozAZeu2tQIAgBjAQIMY0mSfw/ofertasv/?filter[tourOperator]=EXIM&filter%5Bperson%5D=2&filter%5BchildAge%5D%5B1%5D=20201210&filter%5Bchild%5D=1"
"Domina Coral Bay Sultan","10284.0","13.10.2026 - 20.10.2026","8 dni/7 nocy","","4.2","4.2","12412","tripadvisor","Katowice","2026-09-07T06:29:46.441024+00:00","https://fly.pl/oferta/egipt-wczasy/?filter[dest]=11:&filter[hotelids]=&filter[cityids]=&filter[cregids]=&filter[ofrType]=&filter[addObjType]=&filter[whenFrom]=10-10-2026&filter[whenTo]=05-11-2026&filter[duration]=7:10&filter[from]=&filter[person]=2&filter[child]=1&filter[price]=0:11000&filter[PriceFrom]=0&filter[PriceTo]=11000&filter[addCategory]=50&filter[addCatering]=1&filter[addMisc]=0&filter[addTransport]=F&filter[fp]=1&order_by=ofr_price&filter[tourOperator]=0&filter[childAge][1]=20201210","https://fly.pl/cdn/photo/assets/uploads/582/278/2014/07/Domina-Coral-Bay-Sultan.jpg","https://fly.pl/wycieczka/egipt,sharm-el-sheikh,c/domina-coral-bay-sultan/pqn_8YCsIRG0VabgusdzeHAAogqRHyLXLOaXygHFM-xpbs6lATkd0Et3pHZ-B5Uah2j-0qBEpPSVAw4rP51AZIrFBQQVjZBmACagM5b0dyQpsBFAEVBhcAXANYBVYCQMoGT-IBXQAR4sgBS9UBYQBepzBSpiBTAEyssDoNqP2XCSAAAbTHtJC0icygMAINYwEADByakyg/ofertasv/?filter[tourOperator]=JOIP&filter%5Bperson%5D=2&filter%5BchildAge%5D%5B1%5D=20201210&filter%5Bchild%5D=1"
"Sheraton Miramar Resort (El Gouna)","10409.0","29.10.2026 - 05.11.2026","8 dni/7 nocy","","4.7","4.7","6333","tripadvisor","Warszawa","2026-09-07T06:29:46.441024+00:00","https://fly.pl/oferta/egipt-wczasy/?filter[dest]=11:&filter[hotelids]=&filter[cityids]=&filter[cregids]=&filter[ofrType]=&filter[addObjType]=&filter[whenFrom]=10-10-2026&filter[whenTo]=05-11-2026&filter[duration]=7:10&filter[from]=&filter[person]=2&filter[child]=1&filter[price]=0:11000&filter[PriceFrom]=0&filter[PriceTo]=11000&filter[addCategory]=50&filter[addCatering]=1&filter[addMisc]=0&filter[addTransport]=F&filter[fp]=1&order_by=ofr_price&filter[tourOperator]=0&filter[childAge][1]=20201210","https://fly.pl/cdn/photo/assets/uploads/582/278/2014/07/Sheraton-Miramar-El-Gouna-1.jpg","https://fly.pl/wycieczka/egipt,hurghada,el-gouna/sheraton-miramar-el-gouna/pG_a57oRRN9ta6K3gWIynFAAog0p9F1dC1Fs6tjuRQEl_jExLqCxxQb8S86Hh0k4aD-ioqBE9SRVgw4rP51AZIqVFQQVjZCWACagZFQy4yLjFyNZsBFQcXAFwDWAVWAhE7QI8GXZsPTyRT0p0BUgBer09L7UNhAEzljDoguP2XCQ0AAhJjAQIMmo4vmQ/ofertasv/?filter[tourOperator]=OREX&filter%5Bperson%5D=2&filter%5BchildAge%5D%5B1%5D=20201210&filter%5Bchild%5D=1"
"Pickalbatros Luxury Suites","10507.0","24.10.2026 - 31.10.2026","8 dni/7 nocy","","4.8","4.8","356","tripadvisor","Warszawa","2026-09-07T06:29:46.441024+00:00","https://fly.pl/oferta/egipt-wczasy/?filter[dest]=11:&filter[hotelids]=&filter[cityids]=&filter[cregids]=&filter[ofrType]=&filter[addObjType]=&filter[whenFrom]=10-10-2026&filter[whenTo]=05-11-2026&filter[duration]=7:10&filter[from]=&filter[person]=2&filter[child]=1&filter[price]=0:11000&filter[PriceFrom]=0&filter[PriceTo]=11000&filter[addCategory]=50&filter[addCatering]=1&filter[addMisc]=0&filter[addTransport]=F&filter[fp]=1&order_by=ofr_price&filter[tourOperator]=0&filter[childAge][1]=20201210","https://fly.pl/cdn/photo/assets/uploads/582/278/2023/04/Pickalbatros-Luxury-Suites.jpg","https://fly.pl/wycieczka/egipt,sharm-el-sheikh,szarm-el-szejk/golf-villas-sharm-el-sheikh-by-rixos-11/pfe0jgn6UWIHxnoeUrZQfdAAogvUwJ2iYfAEDJh6BbSI8YawAAAACbhAQAuIQEAAcAEgAqBFdFWlkw4rP51AZIi1JQQVjhCGADaglFbnRlciBBaXJqBDA4MDByQp4BlQEfABwBAgAWBBcCG3AS_QIYoQQTsQIUyQRAknJMoKIBTwBLxyNQABGfggId9L8NIB0N6MfCCQESYwENYwEEDIUsLqc/ofertasv/?filter[tourOperator]=WEZY&filter%5Bperson%5D=2&filter%5BchildAge%5D%5B1%5D=20201210&filter%5Bchild%5D=1"
"Sunrise Royal Makadi Aqua Resort","10607.0","29.10.2026 - 05.11.2026","8 dni/7 nocy","","4.7","4.7","13699","tripadvisor","Warszawa","2026-09-07T06:29:46.441024+00:00","https://fly.pl/oferta/egipt-wczasy/?filter[dest]=11:&filter[hotelids]=&filter[cityids]=&filter[cregids]=&filter[ofrType]=&filter[addObjType]=&filter[whenFrom]=10-10-2026&filter[whenTo]=05-11-2026&filter[duration]=7:10&filter[from]=&filter[person]=2&filter[child]=1&filter[price]=0:11000&filter[PriceFrom]=0&filter[PriceTo]=11000&filter[addCategory]=50&filter[addCatering]=1&filter[addMisc]=0&filter[addTransport]=F&filter[fp]=1&order_by=ofr_price&filter[tourOperator]=0&filter[childAge][1]=20201210","https://fly.pl/cdn/photo/assets/uploads/582/278/2014/09/Sunrise-Royal-Makadi-Aqua-Resort.jpg","https://fly.pl/wycieczka/egipt,hurghada,makadi-bay/sunrise-select-royal-makadi/pnBQi9HHNjx2855x54pWruAAogtwwmzNsUN1yQdf1R0AQYFRLqCxxQb8S86Hh0k4aD-ioqBE9SRVgw4rP51AZI71JQQVjZCWACagZVMy4yLjFyNpsBFQcXAFwDWAVWAkDKBl2bD08kEawDU6aaAVIAXq9PS-1DYQBM5Yw6ILj9lwkNAAISYwECCyVI-Zc/ofertasv/?filter[tourOperator]=OREX&filter%5Bperson%5D=2&filter%5BchildAge%5D%5B1%5D=20201210&filter%5Bchild%5D=1"
"Park Regency Resort (ex. Hyatt)","10642.0","29.10.2026 - 05.11.2026","8 dni/7 nocy","","4.6","4.6","6179","tripadvisor","Katowice","2026-09-07T06:29:46.441024+00:00","https://fly.pl/oferta/egipt-wczasy/?filter[dest]=11:&filter[hotelids]=&filter[cityids]=&filter[cregids]=&filter[ofrType]=&filter[addObjType]=&filter[whenFrom]=10-10-2026&filter[whenTo]=05-11-2026&filter[duration]=7:10&filter[from]=&filter[person]=2&filter[child]=1&filter[price]=0:11000&filter[PriceFrom]=0&filter[PriceTo]=11000&filter[addCategory]=50&filter[addCatering]=1&filter[addMisc]=0&filter[addTransport]=F&filter[fp]=1&order_by=ofr_price&filter[tourOperator]=0&filter[childAge][1]=20201210","https://fly.pl/cdn/photo/assets/uploads/582/278/2014/07/Park-Regency.jpg","https://fly.pl/wycieczka/egipt,sharm-el-sheikh,c/hyatt-regency-sharm/p1xCEEEtaH8Sq-nBNwCovvAAoghtKjEU_vCNx_1bBgiq_3R8Hlitufj65mgxvg5qfV3MAqBE9BU0kw4rP51AZIklNQAVjZCWACagNBSWxyIRwRuq8BuQTcqxCrBC8bwYcPGPKFEwHS0NyqAgIAYwECBdVfoys/ofertasv/?filter[tourOperator]=OASI&filter%5Bperson%5D=2&filter%5BchildAge%5D%5B1%5D=20201210&filter%5Bchild%5D=1"
"Club Magic Life Kalawy","10653.0","15.10.2026 - 22.10.2026","8 dni/7 nocy","","4.5","4.5","1718","tripadvisor","Poznań","2026-09-07T06:29:46.441024+00:00","https://fly.pl/oferta/egipt-wczasy/?filter[dest]=11:&filter[hotelids]=&filter[cityids]=&filter[cregids]=&filter[ofrType]=&filter[addObjType]=&filter[whenFrom]=10-10-2026&filter[whenTo]=05-11-2026&filter[duration]=7:10&filter[from]=&filter[person]=2&filter[child]=1&filter[price]=0:11000&filter[PriceFrom]=0&filter[PriceTo]=11000&filter[addCategory]=50&filter[addCatering]=1&filter[addMisc]=0&filter[addTransport]=F&filter[fp]=1&order_by=ofr_price&filter[tourOperator]=0&filter[childAge][1]=20201210","https://fly.pl/cdn/photo/assets/uploads/582/278/2015/02/Club-Magic-Life-Kalawy-fly-pl.jpg","https://fly.pl/wycieczka/egipt,hurghada,safaga/club-magic-life-kalawy-imperial/plJWlwEL9J3IimgBfqqPl-AAogDSq1EBp0iJKDNIvrn_xb-_MbGxUrd4BrDqm8qae-CrIqBFNGUEww4rP51AZInVNQQViJB2ACciMVBwsAIgQSI0D6AlvjBFyv_AUN3czOCVHYmb72AwISYwECBTsnL7E/ofertasv/?filter[tourOperator]=SFPL&filter%5Bperson%5D=2&filter%5BchildAge%5D%5B1%5D=20201210&filter%5Bchild%5D=1"
"Serenity Alma Heights Ross Park Collection","10711.0","20.10.2026 - 27.10.2026","8 dni/7 nocy","","","","","","Katowice","2026-09-07T06:29:46.441024+00:00","https://fly.pl/oferta/egipt-wczasy/?filter[dest]=11:&filter[hotelids]=&filter[cityids]=&filter[cregids]=&filter[ofrType]=&filter[addObjType]=&filter[whenFrom]=10-10-2026&filter[whenTo]=05-11-2026&filter[duration]=7:10&filter[from]=&filter[person]=2&filter[child]=1&filter[price]=0:11000&filter[PriceFrom]=0&filter[PriceTo]=11000&filter[addCategory]=50&filter[addCatering]=1&filter[addMisc]=0&filter[addTransport]=F&filter[fp]=1&order_by=ofr_price&filter[tourOperator]=0&filter[childAge][1]=20201210","https://datacfstatic.merlinx.pl/WEZY/IMG/80006/cbfb74e746eae233c5bd2dcca61af959ab13896516aa3e1f5b00669f16a12ada.webp","https://fly.pl/wycieczka/egipt,hurghada,makadi-bay/serenity-alma-heights-ross-park-collection-9/p3TqAmTu4a3otpB_HrwFAVAAogkqp5jsMiUwUBQMWH4R4vVAAAAACAiQQAnIkEAAcAAAAqBFdFWlkw4rP51AZI11NQQViBCGADaglFbnRlciBBaXJqBDAzMTBqBDA4NDVqBDA5MTVyQZ4BkwGUAZUBHwACARwAFwYWABLWBBjdBEDnd0_LMkwAS4gfUAARkp4DHfqhDSAcG8_xYg2xzN8IARJjAQ1jAQIGu2rNCQ/ofertasv/?filter[tourOperator]=WEZY&filter%5Bperson%5D=2&filter%5BchildAge%5D%5B1%5D=20201210&filter%5Bchild%5D=1"
"Sentido Naga Bay","10737.0","15.10.2026 - 22.10.2026","8 dni/7 nocy","","","","","","Katowice","2026-09-07T06:29:46.441024+00:00","https://fly.pl/oferta/egipt-wczasy/?filter[dest]=11:&filter[hotelids]=&filter[cityids]=&filter[cregids]=&filter[ofrType]=&filter[addObjType]=&filter[whenFrom]=10-10-2026&filter[whenTo]=05-11-2026&filter[duration]=7:10&filter[from]=&filter[person]=2&filter[child]=1&filter[price]=0:11000&filter[PriceFrom]=0&filter[PriceTo]=11000&filter[addCategory]=50&filter[addCatering]=1&filter[addMisc]=0&filter[addTransport]=F&filter[fp]=1&order_by=ofr_price&filter[tourOperator]=0&filter[childAge][1]=20201210","https://datacfstatic.merlinx.pl/EXIM/IMG/107999/9691dd57e47cec1e96befde9ca4a24ec0aaad7165dd6c455160b011f15ee59d5.webp","https://fly.pl/wycieczka/egipt,hurghada,c/sentido-naga-bay-11/pCxQts_6nQj5fDW7RcMTisAAogbOlqVFKAVY7KKBjBNz-6dfvQ1Wl57y08J_0PeUHiXOgqBEVYSU0w4rP51AZI8VNQAViJB2ACagJBSXIhHBHfywa5BP_vPasEHBuQ5D0Y0fE-AdD2p4sLAgBjAQIG3ECABg/ofertasv/?filter[tourOperator]=EXIM&filter%5Bperson%5D=2&filter%5BchildAge%5D%5B1%5D=20201210&filter%5Bchild%5D=1"
"Strand Taba Heights Resort (ex. InterContinental)","10751.0","13.10.2026 - 20.10.2026","8 dni/7 nocy","","4.5","4.5","5233","tripadvisor","Katowice","2026-09-07T06:29:46.441024+00:00","https://fly.pl/oferta/egipt-wczasy/?filter[dest]=11:&filter[hotelids]=&filter[cityids]=&filter[cregids]=&filter[ofrType]=&filter[addObjType]=&filter[whenFrom]=10-10-2026&filter[whenTo]=05-11-2026&filter[duration]=7:10&filter[from]=&filter[person]=2&filter[child]=1&filter[price]=0:11000&filter[PriceFrom]=0&filter[PriceTo]=11000&filter[addCategory]=50&filter[addCatering]=1&filter[addMisc]=0&filter[addTransport]=F&filter[fp]=1&order_by=ofr_price&filter[tourOperator]=0&filter[childAge][1]=20201210","https://fly.pl/cdn/photo/assets/uploads/582/278/2014/06/International-Height.jpg","https://fly.pl/wycieczka/egipt,taba,c/international-height/pvQQN336wk6BTYLH9tT2HpAAogusqWCqhVRKVTYZFNrxPQ1lATkd0Et3pHZ-B5Uah2j-0qBEpPSVAw5LP51AZI_1NQQVjZBmACagNDR21yQ5sBFAEVBhcAXANYBVYCQMoGT-IBXQBLt8oBYQBepzBSpiBTABHQ3wFM3NA4Daj9lwkgAAGg05SxtInMoDACDWMBAAxA_4mZ/ofertasv/?filter[tourOperator]=JOIP&filter%5Bperson%5D=2&filter%5BchildAge%5D%5B1%5D=20201210&filter%5Bchild%5D=1"
"Baron Resort (Sharm El Sheikh)","10887.0","28.10.2026 - 04.11.2026","9 dni/7 nocy","","4.5","4.5","4976","tripadvisor","Gdańsk","2026-09-07T06:29:46.441024+00:00","https://fly.pl/oferta/egipt-wczasy/?filter[dest]=11:&filter[hotelids]=&filter[cityids]=&filter[cregids]=&filter[ofrType]=&filter[addObjType]=&filter[whenFrom]=10-10-2026&filter[whenTo]=05-11-2026&filter[duration]=7:10&filter[from]=&filter[person]=2&filter[child]=1&filter[price]=0:11000&filter[PriceFrom]=0&filter[PriceTo]=11000&filter[addCategory]=50&filter[addCatering]=1&filter[addMisc]=0&filter[addTransport]=F&filter[fp]=1&order_by=ofr_price&filter[tourOperator]=0&filter[childAge][1]=20201210","https://fly.pl/cdn/photo/assets/uploads/582/278/2014/07/BARON-RESORT-SHARM-EL-SHEIKH1.jpg","https://fly.pl/wycieczka/egipt,sharm-el-sheikh,c/baron-resort-sharm-el-sheikh/pQKdibAszLRwtXujIPEPogAAogNFCtqMRhthKLzEy19_bYcXIhrbyPomD2uW-Fwn8rcgYqBE9BU0kw5LP51AZIh1VQAVjBCWACagNBSStyIRwR2a8BuQSaqxCrBBIbzooOGIj9EQGLgYapAgIAYwECDLrFq9A/ofertasv/?filter[tourOperator]=OASI&filter%5Bperson%5D=2&filter%5BchildAge%5D%5B1%5D=20201210&filter%5Bchild%5D=1"
"Titanic Royal","10947.0","29.10.2026 - 05.11.2026","8 dni/7 nocy","","4.8","4.8","4628","tripadvisor","Katowice","2026-09-07T06:29:46.441024+00:00","https://fly.pl/oferta/egipt-wczasy/?filter[dest]=11:&filter[hotelids]=&filter[cityids]=&filter[cregids]=&filter[ofrType]=&filter[addObjType]=&filter[whenFrom]=10-10-2026&filter[whenTo]=05-11-2026&filter[duration]=7:10&filter[from]=&filter[person]=2&filter[child]=1&filter[price]=0:11000&filter[PriceFrom]=0&filter[PriceTo]=11000&filter[addCategory]=50&filter[addCatering]=1&filter[addMisc]=0&filter[addTransport]=F&filter[fp]=1&order_by=ofr_price&filter[tourOperator]=0&filter[childAge][1]=20201210","https://fly.pl/cdn/photo/assets/uploads/582/278/2018/12/Titanic-Royal-fly-pl.jpg","https://fly.pl/wycieczka/egipt,hurghada,c/titanic-royal/pHXSp0_9zjAHJGfgVATRBQAAogxNkU8zA0dTXrxLUluVO32bdIKsajkLlQ5dO66ZbpewEqBEVYSU0w5LP51AZIw1VQAVjZCWACagNVQUlyIxwRkrsGuQTOgD6rBLyKChvw5EQYt-RIAeizjbgNAgBjAQILnQmJkA/ofertasv/?filter[tourOperator]=EXIM&filter%5Bperson%5D=2&filter%5BchildAge%5D%5B1%5D=20201210&filter%5Bchild%5D=1"
"Movenpick Resort Sharm el Sheikh","10949.0","28.10.2026 - 04.11.2026","9 dni/7 nocy","","4.6","4.6","5338","tripadvisor","Gdańsk","2026-09-07T06:29:46.441024+00:00","https://fly.pl/oferta/egipt-wczasy/?filter[dest]=11:&filter[hotelids]=&filter[cityids]=&filter[cregids]=&filter[ofrType]=&filter[addObjType]=&filter[whenFrom]=10-10-2026&filter[whenTo]=05-11-2026&filter[duration]=7:10&filter[from]=&filter[person]=2&filter[child]=1&filter[price]=0:11000&filter[PriceFrom]=0&filter[PriceTo]=11000&filter[addCategory]=50&filter[addCatering]=1&filter[addMisc]=0&filter[addTransport]=F&filter[fp]=1&order_by=ofr_price&filter[tourOperator]=0&filter[childAge][1]=20201210","https://fly.pl/cdn/photo/assets/uploads/582/278/2015/03/Movenpick-Golf-Club-fly-pl.jpg","https://fly.pl/wycieczka/egipt,sharm-el-sheikh,c/moevenpick-golf-club/pbMJPao5PyrwFTzeyDRbg6AAoggYxFANjNUEwY8wCPYSQ_YHIhrbyPomD2uW-Fwn8rcgYqBE9BU0kw5LP51AZIxVVQAVjBCWACagNBSWxyIRwRqa8BuQTKqxCrBBIbl4gPGIeGEwHHnt6qAgIAYwECC1ih3Lk/ofertasv/?filter[tourOperator]=OASI&filter%5Bperson%5D=2&filter%5BchildAge%5D%5B1%5D=20201210&filter%5Bchild%5D=1"
"Swissotel Sharm El Sheikh","10969.0","28.10.2026 - 04.11.2026","9 dni/7 nocy","","","","","","Gdańsk","2026-09-07T06:29:46.441024+00:00","https://fly.pl/oferta/egipt-wczasy/?filter[dest]=11:&filter[hotelids]=&filter[cityids]=&filter[cregids]=&filter[ofrType]=&filter[addObjType]=&filter[whenFrom]=10-10-2026&filter[whenTo]=05-11-2026&filter[duration]=7:10&filter[from]=&filter[person]=2&filter[child]=1&filter[price]=0:11000&filter[PriceFrom]=0&filter[PriceTo]=11000&filter[addCategory]=50&filter[addCatering]=1&filter[addMisc]=0&filter[addTransport]=F&filter[fp]=1&order_by=ofr_price&filter[tourOperator]=0&filter[childAge][1]=20201210","https://fly.pl/cdn/photo/assets/uploads/582/278/2023/12/Swissotel-Sharm-El-Sheikh.jpg","https://fly.pl/wycieczka/egipt,sharm-el-sheikh,szarm-el-szejk/swissotel-sharm-el-sheikh-14/p6i-T1fMsCQfs-leCR49lcAAog3n_JxTfDiAowLEzrN16r_3IhrbyPomD2uW-Fwn8rcgYqBE9BU0kw5LP51AZI2VVQAVjBCWACagNVQUlyIRwR2K8BuQSbqxCrBBIb__kOGMj0EgHiw9GqAgIAYwECC4o_sD4/ofertasv/?filter[tourOperator]=OASI&filter%5Bperson%5D=2&filter%5BchildAge%5D%5B1%5D=20201210&filter%5Bchild%5D=1"
"Desert Rose Resort","10984.0","29.10.2026 - 05.11.2026","8 dni/7 nocy","","4.6","4.6","8792","tripadvisor","Katowice","2026-09-07T06:29:46.441024+00:00","https://fly.pl/oferta/egipt-wczasy/?filter[dest]=11:&filter[hotelids]=&filter[cityids]=&filter[cregids]=&filter[ofrType]=&filter[addObjType]=&filter[whenFrom]=10-10-2026&filter[whenTo]=05-11-2026&filter[duration]=7:10&filter[from]=&filter[person]=2&filter[child]=1&filter[price]=0:11000&filter[PriceFrom]=0&filter[PriceTo]=11000&filter[addCategory]=50&filter[addCatering]=1&filter[addMisc]=0&filter[addTransport]=F&filter[fp]=1&order_by=ofr_price&filter[tourOperator]=0&filter[childAge][1]=20201210","https://fly.pl/cdn/photo/assets/uploads/582/278/2014/12/Desert-Rose-Resort-fly-pl.jpg","https://fly.pl/wycieczka/egipt,hurghada,c/desert-rose/p1UOJH6Q4RsmxHJwOaWkPLAAogZHDNy5n_rkJVjOd3vq4SaQAAAACBhwQAHroEAAcAAAAqBFdFWlkw5LP51AZI6FVQQVjZCWADaglFbnRlciBBaXJqBDAwMTVqBDAwMDBqBDAwMDByQZ4BlAGVAZgBHwAcAQIAFgQXAhG4ARKeAxPvCEDVc0zLMk8AS4gfUAAbys4KHcPtBSCdZQ2H3cEJARJjAQ5jAQIFHGZhGg/ofertasv/?filter[tourOperator]=WEZY&filter%5Bperson%5D=2&filter%5BchildAge%5D%5B1%5D=20201210&filter%5Bchild%5D=1"
"Parrotel Lagoon Resort Egipt, Sharm El Sheikh, Szarm el-Szejk","5494.0","29.10.2026 - 05.11.2026","8 dni/7 nocy","","4.1","4.1","1835","tripadvisor","Warszawa - Modlin","2026-09-07T10:31:47.289415+00:00","https://fly.pl/oferta/egipt-wczasy/?filter[dest]=11:&filter[hotelids]=&filter[cityids]=&filter[cregids]=&filter[ofrType]=&filter[addObjType]=&filter[whenFrom]=10-10-2026&filter[whenTo]=05-11-2026&filter[duration]=7:10&filter[from]=&filter[person]=2&filter[child]=1&filter[price]=0:11000&filter[PriceFrom]=0&filter[PriceTo]=11000&filter[addCategory]=50&filter[addCatering]=1&filter[addMisc]=0&filter[addTransport]=F&filter[fp]=1&order_by=ofr_price&filter[tourOperator]=0&filter[childAge][1]=20201210","https://fly.pl/cdn/photo/assets/uploads/582/278/2020/10/Parrotel-Lagoon-Resort.jpg","https://fly.pl/wycieczka/egipt,sharm-el-sheikh,szarm-el-szejk/parrotel-lagoon-resort-14/pUZZ8OD5jEa93M2lKIQJGiAAogq5N1pXU19fhUXdDX8quW5RstrgoMttrZgZAvN8rfQ44qBEtPTVQwlKX61AZI9ipQAVjVCWACagJBSXIfHBH8GrkE7OIBqwQDGK-vBBu59iMBoJ3zHgIAYwECBo-exsw/ofertasv/?filter[tourOperator]=KOMT&filter%5Bperson%5D=2&filter%5BchildAge%5D%5B1%5D=20201210&filter%5Bchild%5D=1"
"Amarina Queen Resort Egipt, Marsa Alam","5752.0","29.10.2026 - 05.11.2026","8 dni/7 nocy","","4.7","4.7","1194","tripadvisor","Gdańsk","2026-09-07T10:31:47.289415+00:00","https://fly.pl/oferta/egipt-wczasy/?filter[dest]=11:&filter[hotelids]=&filter[cityids]=&filter[cregids]=&filter[ofrType]=&filter[addObjType]=&filter[whenFrom]=10-10-2026&filter[whenTo]=05-11-2026&filter[duration]=7:10&filter[from]=&filter[person]=2&filter[child]=1&filter[price]=0:11000&filter[PriceFrom]=0&filter[PriceTo]=11000&filter[addCategory]=50&filter[addCatering]=1&filter[addMisc]=0&filter[addTransport]=F&filter[fp]=1&order_by=ofr_price&filter[tourOperator]=0&filter[childAge][1]=20201210","https://fly.pl/cdn/photo/assets/uploads/582/278/2024/07/amarina-queen-resort.jpg","https://fly.pl/wycieczka/egipt,marsa-alam,c/amarina-queen-resort-12/pCKm4i85f4mi--0E3Uu3NZAAogue4Cx0daWn-6h-vByQ-zpwDrvrLMF5DSU3_WGB_7L2cqBE9BU0kwlKX61AZI-CxQAVjVCWACagNBSWxyIRwRgqQBuQS9_Q-rBB4brskPGKOMEwHt3eWqAgIAYwECDKpvXHw/ofertasv/?filter[tourOperator]=OASI&filter%5Bperson%5D=2&filter%5BchildAge%5D%5B1%5D=20201210&filter%5Bchild%5D=1"
"Novotel Marsa Alam Egipt, Marsa Alam","6037.0","29.10.2026 - 05.11.2026","8 dni/7 nocy","","4.5","4.5","3674","tripadvisor","Gdańsk","2026-09-07T10:31:47.289415+00:00","https://fly.pl/oferta/egipt-wczasy/?filter[dest]=11:&filter[hotelids]=&filter[cityids]=&filter[cregids]=&filter[ofrType]=&filter[addObjType]=&filter[whenFrom]=10-10-2026&filter[whenTo]=05-11-2026&filter[duration]=7:10&filter[from]=&filter[person]=2&filter[child]=1&filter[price]=0:11000&filter[PriceFrom]=0&filter[PriceTo]=11000&filter[addCategory]=50&filter[addCatering]=1&filter[addMisc]=0&filter[addTransport]=F&filter[fp]=1&order_by=ofr_price&filter[tourOperator]=0&filter[childAge][1]=20201210","https://fly.pl/cdn/photo/assets/uploads/582/278/2015/09/Novotel-Marsa-Alam.jpg","https://fly.pl/wycieczka/egipt,marsa-alam,c/novotel-marsa-alam/pBk4Gx1oI5llkJwHzmQhJNAAogEGYcKOwfxN1HHT9GvcGWYzKdxs8NDMjTRuzG1nHTIV4qBEVYSU0wlKX61AZIlS9QAVjVCWACagJBSXIhHBHO_wa5BO2rS6sEaxum-UQYvfdGAeOaqM4NAhJjAQIF7erYWg/ofertasv/?filter[tourOperator]=EXIM&filter%5Bperson%5D=2&filter%5BchildAge%5D%5B1%5D=20201210&filter%5Bchild%5D=1"
"Jaz Grand Marsa (ex Resta Grand Resort) Egipt, Marsa Alam, Madinat Coraya","6040.0","27.10.2026 - 03.11.2026","8 dni/7 nocy","","4.6","4.6","6426","tripadvisor","Gdańsk","2026-09-07T10:31:47.289415+00:00","https://fly.pl/oferta/egipt-wczasy/?filter[dest]=11:&filter[hotelids]=&filter[cityids]=&filter[cregids]=&filter[ofrType]=&filter[addObjType]=&filter[whenFrom]=10-10-2026&filter[whenTo]=05-11-2026&filter[duration]=7:10&filter[from]=&filter[person]=2&filter[child]=1&filter[price]=0:11000&filter[PriceFrom]=0&filter[PriceTo]=11000&filter[addCategory]=50&filter[addCatering]=1&filter[addMisc]=0&filter[addTransport]=F&filter[fp]=1&order_by=ofr_price&filter[tourOperator]=0&filter[childAge][1]=20201210","https://fly.pl/cdn/photo/assets/uploads/582/278/2014/09/grand.jpg","https://fly.pl/wycieczka/egipt,marsa-alam,madinat-coraya/resta-grand-resort/pngnZcs4x9ljY8FdQOITL-AAogRnPgXh2FHteSO-U6iZ8Ou-P5cui3LzSwSlA4f-5aDrkqBEJWUFIwlKX61AZImC9QAVilCWACag1BbGwgaW5jbHVzaXZlciAcEfdYG660BhjOkA-5BPWEFqsECAHG1O33AQIAYwECBSx2GQc/ofertasv/?filter[tourOperator]=BVPR&filter%5Bperson%5D=2&filter%5BchildAge%5D%5B1%5D=20201210&filter%5Bchild%5D=1"
"Amarina Jannah Resort Aquapark Egipt, Marsa Alam, Port Ghalib","6050.0","27.10.2026 - 03.11.2026","8 dni/7 nocy","","4.7","4.7","667","tripadvisor","Gdańsk","2026-09-07T10:31:47.289415+00:00","https://fly.pl/oferta/egipt-wczasy/?filter[dest]=11:&filter[hotelids]=&filter[cityids]=&filter[cregids]=&filter[ofrType]=&filter[addObjType]=&filter[whenFrom]=10-10-2026&filter[whenTo]=05-11-2026&filter[duration]=7:10&filter[from]=&filter[person]=2&filter[child]=1&filter[price]=0:11000&filter[PriceFrom]=0&filter[PriceTo]=11000&filter[addCategory]=50&filter[addCatering]=1&filter[addMisc]=0&filter[addTransport]=F&filter[fp]=1&order_by=ofr_price&filter[tourOperator]=0&filter[childAge][1]=20201210","https://fly.pl/cdn/photo/assets/uploads/582/278/2023/04/Amarina-Jannah-Resort-Aquapark.jpg","https://fly.pl/wycieczka/egipt,marsa-alam,port-ghalib/amarina-jannah-resort-aquapark-15/p64JS4hio0FyZBzJjfYtS2AAogrC9PAcm0e6PC5BIKGtxXIbEeAQVSJ5EhohXMAaWMnAYqBE9BU0kwlKX61AZIoi9QAVilCWACagNBSWxyIRwRgKQBuQSYthCrBAgbvJAPGKOMEwGTyeOqAgIAYwECDE1o_PI/ofertasv/?filter[tourOperator]=OASI&filter%5Bperson%5D=2&filter%5BchildAge%5D%5B1%5D=20201210&filter%5Bchild%5D=1"
"Rewaya Majestic Resort Egipt, Hurghada","6127.0","27.10.2026 - 03.11.2026","9 dni/7 nocy","","","","","","Warszawa - Modlin","2026-09-07T10:31:47.289415+00:00","https://fly.pl/oferta/egipt-wczasy/?filter[dest]=11:&filter[hotelids]=&filter[cityids]=&filter[cregids]=&filter[ofrType]=&filter[addObjType]=&filter[whenFrom]=10-10-2026&filter[whenTo]=05-11-2026&filter[duration]=7:10&filter[from]=&filter[person]=2&filter[child]=1&filter[price]=0:11000&filter[PriceFrom]=0&filter[PriceTo]=11000&filter[addCategory]=50&filter[addCatering]=1&filter[addMisc]=0&filter[addTransport]=F&filter[fp]=1&order_by=ofr_price&filter[tourOperator]=0&filter[childAge][1]=20201210","https://datacfstatic.merlinx.pl/EXIM/IMG/114588/e3a15b238b2d30f27199dd0e48d3c85c0bc5e06a1c321d66bdb885dd7a89e111.webp","https://fly.pl/wycieczka/egipt,hurghada,c/rewaya-majestic-resort-10/paBLKWaRXP9et5y_wPkpCNAAogr62pPgv1QM-SW7VDsmj5Q5eMXePUQkpobZ-BQI6-nbQqBEVYSU0wlKX61AZI7y9QAVilCWACagNVQUlyIRwRnP8GqwSlqUu5BEUb6p9AGP7lRwH0-_GrDQISYwECDUjG3vE/ofertasv/?filter[tourOperator]=EXIM&filter%5Bperson%5D=2&filter%5BchildAge%5D%5B1%5D=20201210&filter%5Bchild%5D=1"
"Gemma Resort (ex. Labranda Gemma Premium Resort) Egipt, Marsa Alam","6236.0","29.10.2026 - 05.11.2026","8 dni/7 nocy","","4.5","4.5","5575","tripadvisor","Gdańsk","2026-09-07T10:31:47.289415+00:00","https://fly.pl/oferta/egipt-wczasy/?filter[dest]=11:&filter[hotelids]=&filter[cityids]=&filter[cregids]=&filter[ofrType]=&filter[addObjType]=&filter[whenFrom]=10-10-2026&filter[whenTo]=05-11-2026&filter[duration]=7:10&filter[from]=&filter[person]=2&filter[child]=1&filter[price]=0:11000&filter[PriceFrom]=0&filter[PriceTo]=11000&filter[addCategory]=50&filter[addCatering]=1&filter[addMisc]=0&filter[addTransport]=F&filter[fp]=1&order_by=ofr_price&filter[tourOperator]=0&filter[childAge][1]=20201210","https://fly.pl/cdn/photo/assets/uploads/582/278/2015/06/Gemma-Resort.jpg","https://fly.pl/wycieczka/egipt,marsa-alam,c/gemma-resort/p-fwRcLr9k3sBffiwQDHirAAog-5eStDvUeZy_Hn1AssU4FQDrvrLMF5DSU3_WGB_7L2cqBE9BU0kwlKX61AZI3DBQAVjVCWACagNBSWxyIRwRlKQBuQSr_Q-rBB4b_YINGMW5EwGd4eeZAgIAYwECDRE9Nvc/ofertasv/?filter[tourOperator]=OASI&filter%5Bperson%5D=2&filter%5BchildAge%5D%5B1%5D=20201210&filter%5Bchild%5D=1"
"Regency Plaza Aqua Park Spa Egipt, Sharm El Sheikh, Szarm el-Szejk","6268.0","27.10.2026 - 03.11.2026","8 dni/7 nocy","","4.1","4.1","6180","tripadvisor","Warszawa - Modlin","2026-09-07T10:31:47.289415+00:00","https://fly.pl/oferta/egipt-wczasy/?filter[dest]=11:&filter[hotelids]=&filter[cityids]=&filter[cregids]=&filter[ofrType]=&filter[addObjType]=&filter[whenFrom]=10-10-2026&filter[whenTo]=05-11-2026&filter[duration]=7:10&filter[from]=&filter[person]=2&filter[child]=1&filter[price]=0:11000&filter[PriceFrom]=0&filter[PriceTo]=11000&filter[addCategory]=50&filter[addCatering]=1&filter[addMisc]=0&filter[addTransport]=F&filter[fp]=1&order_by=ofr_price&filter[tourOperator]=0&filter[childAge][1]=20201210","https://fly.pl/cdn/photo/assets/uploads/582/278/2014/07/Regency-Plaza-Aqua-Park-Spa-fly-pl.jpg","https://fly.pl/wycieczka/egipt,sharm-el-sheikh,szarm-el-szejk/regency-plaza/ptzR6vZqwBB7nyjSvlIbUGAAog8VvHl7gw0dlFgVWb3MsZoJgpXVUQjygZk0IwIA3_YjEqBE9BU0kwlKX61AZI_DBQAVilCWACagNBSWxyIRwRxq8BuQT-9g-rBAIbivsOGIrJEQHW8u-ZAgIAYwECDRa2f00/ofertasv/?filter[tourOperator]=OASI&filter%5Bperson%5D=2&filter%5BchildAge%5D%5B1%5D=20201210&filter%5Bchild%5D=1"
"AMC Royal Hotel & Spa (ex. AMC Azur Resort) Egipt, Hurghada","6314.0","29.10.2026 - 05.11.2026","8 dni/7 nocy","","4.4","4.4","3064","tripadvisor","Warszawa","2026-09-07T10:31:47.289415+00:00","https://fly.pl/oferta/egipt-wczasy/?filter[dest]=11:&filter[hotelids]=&filter[cityids]=&filter[cregids]=&filter[ofrType]=&filter[addObjType]=&filter[whenFrom]=10-10-2026&filter[whenTo]=05-11-2026&filter[duration]=7:10&filter[from]=&filter[person]=2&filter[child]=1&filter[price]=0:11000&filter[PriceFrom]=0&filter[PriceTo]=11000&filter[addCategory]=50&filter[addCatering]=1&filter[addMisc]=0&filter[addTransport]=F&filter[fp]=1&order_by=ofr_price&filter[tourOperator]=0&filter[childAge][1]=20201210","https://fly.pl/cdn/photo/assets/uploads/582/278/2014/07/AMC-Royal-Resort.jpg","https://fly.pl/wycieczka/egipt,hurghada,c/amc-royal-ex-amc-azur-resort/pu8lxfiubRFdEBWGeqp_uJAAog3jdejIJWZzHvwlmC-0ASkhLqCxxQb8S86Hh0k4aD-ioqBE9SRVgwlKX61AZIqjFQQVjVCWACagZDWC4yLjFyNZsBFQcXAFwDWAVWAhEEQMYGXZsPTyRT0p0BUgBer09L7UNhAEzljDoguP2XCQ0AAhJjAQIM75gxAw/ofertasv/?filter[tourOperator]=OREX&filter%5Bperson%5D=2&filter%5BchildAge%5D%5B1%5D=20201210&filter%5Bchild%5D=1"
"Amwaj Oyoun Resort & Spa (ex AA Amwaj Resort) Egipt, Sharm El Sheikh","6325.0","29.10.2026 - 05.11.2026","8 dni/7 nocy","","4.0","4.0","5324","tripadvisor","Warszawa - Modlin","2026-09-07T10:31:47.289415+00:00","https://fly.pl/oferta/egipt-wczasy/?filter[dest]=11:&filter[hotelids]=&filter[cityids]=&filter[cregids]=&filter[ofrType]=&filter[addObjType]=&filter[whenFrom]=10-10-2026&filter[whenTo]=05-11-2026&filter[duration]=7:10&filter[from]=&filter[person]=2&filter[child]=1&filter[price]=0:11000&filter[PriceFrom]=0&filter[PriceTo]=11000&filter[addCategory]=50&filter[addCatering]=1&filter[addMisc]=0&filter[addTransport]=F&filter[fp]=1&order_by=ofr_price&filter[tourOperator]=0&filter[childAge][1]=20201210","https://fly.pl/cdn/photo/assets/uploads/582/278/2014/07/Amwaj-Oyoun-Resort-Spa-ex-AA-Amwaj-Resort-fly-pl.jpg","https://fly.pl/wycieczka/egipt,sharm-el-sheikh,c/amwaj-oyoun-resort-ex-aa-amwaj-resort/pW9AjK8m1sqjSXLqgJf8GrAAogS4P4SC0jZ9OJOXwJVJcmeRstrgoMttrZgZAvN8rfQ44qBEtPTVQwlKX61AZItTFQAVjVCWACagJBSXIfHBG0G7kEtOIBqwQDGI2lBBufqyQB-rrWHgIAYwECBZJMB2g/ofertasv/?filter[tourOperator]=KOMT&filter%5Bperson%5D=2&filter%5BchildAge%5D%5B1%5D=20201210&filter%5Bchild%5D=1"
"Xperience Kiroseiz Premier Egipt, Sharm El Sheikh","6453.0","29.10.2026 - 05.11.2026","8 dni/7 nocy","","4.5","4.5","990","tripadvisor","Warszawa - Modlin","2026-09-07T10:31:47.289415+00:00","https://fly.pl/oferta/egipt-wczasy/?filter[dest]=11:&filter[hotelids]=&filter[cityids]=&filter[cregids]=&filter[ofrType]=&filter[addObjType]=&filter[whenFrom]=10-10-2026&filter[whenTo]=05-11-2026&filter[duration]=7:10&filter[from]=&filter[person]=2&filter[child]=1&filter[price]=0:11000&filter[PriceFrom]=0&filter[PriceTo]=11000&filter[addCategory]=50&filter[addCatering]=1&filter[addMisc]=0&filter[addTransport]=F&filter[fp]=1&order_by=ofr_price&filter[tourOperator]=0&filter[childAge][1]=20201210","https://fly.pl/cdn/photo/assets/uploads/582/278/2015/11/Xperience-Kiroseiz-Premier-fly-pl-3.jpg","https://fly.pl/wycieczka/egipt,sharm-el-sheikh,c/xperience-kiroseiz-premier/pOoIUGurTMRJaxgDhpBRpTAAoglZEwp0warEuZTF4sDr33ShstrgoMttrZgZAvN8rfQ44qBEtPTVQwlKX61AZItTJQAVjVCWACagJBSXIfHBGLG7kE3eIBqwQDGKWhBBvahiQBr7rSHgIAYwECBfIgV1E/ofertasv/?filter[tourOperator]=KOMT&filter%5Bperson%5D=2&filter%5BchildAge%5D%5B1%5D=20201210&filter%5Bchild%5D=1"
"Rewaya Luxury Resort Egipt, Hurghada","6591.0","15.10.2026 - 22.10.2026","8 dni/7 nocy","","","","","","Katowice","2026-09-07T10:31:47.289415+00:00","https://fly.pl/oferta/egipt-wczasy/?filter[dest]=11:&filter[hotelids]=&filter[cityids]=&filter[cregids]=&filter[ofrType]=&filter[addObjType]=&filter[whenFrom]=10-10-2026&filter[whenTo]=05-11-2026&filter[duration]=7:10&filter[from]=&filter[person]=2&filter[child]=1&filter[price]=0:11000&filter[PriceFrom]=0&filter[PriceTo]=11000&filter[addCategory]=50&filter[addCatering]=1&filter[addMisc]=0&filter[addTransport]=F&filter[fp]=1&order_by=ofr_price&filter[tourOperator]=0&filter[childAge][1]=20201210","https://datacfstatic.merlinx.pl/JOIP/IMG/75613/ca53a852b9754b381df45c764cf7c8e113aa8a26829c186164884a0d989a386c.webp","https://fly.pl/wycieczka/egipt,hurghada,c/rewaya-luxury-resort-9/pB8grldTc5ahwOMojYG-r9AAogvauBBqkQuQfYGI2-UYvDqGKL7iYQ76AoqzDp0f7NVtEqBEpPSVAwlKX61AZIvzNQQViFB2ACagNDR21yQ5sBFAEVBRcBXANYBVYCQMoGT6sBXQBS5qsBUwBLiB9hAF6nMBHCywJMkIU4Dar9lwkgAQGgkbTwpInMoDACDmMBAA0hdIW0/ofertasv/?filter[tourOperator]=JOIP&filter%5Bperson%5D=2&filter%5BchildAge%5D%5B1%5D=20201210&filter%5Bchild%5D=1"
"Xperience Kiroseiz Parkland Egipt, Sharm El Sheikh","6673.0","29.10.2026 - 05.11.2026","8 dni/7 nocy","","4.5","4.5","3121","tripadvisor","Warszawa - Modlin","2026-09-07T10:31:47.289415+00:00","https://fly.pl/oferta/egipt-wczasy/?filter[dest]=11:&filter[hotelids]=&filter[cityids]=&filter[cregids]=&filter[ofrType]=&filter[addObjType]=&filter[whenFrom]=10-10-2026&filter[whenTo]=05-11-2026&filter[duration]=7:10&filter[from]=&filter[person]=2&filter[child]=1&filter[price]=0:11000&filter[PriceFrom]=0&filter[PriceTo]=11000&filter[addCategory]=50&filter[addCatering]=1&filter[addMisc]=0&filter[addTransport]=F&filter[fp]=1&order_by=ofr_price&filter[tourOperator]=0&filter[childAge][1]=20201210","https://fly.pl/cdn/photo/assets/uploads/582/278/2014/06/Xperience-Kiroseiz-Parkland-fly-pl.jpg","https://fly.pl/wycieczka/egipt,sharm-el-sheikh,c/xperience-kiroseiz-parkland/plpirzvT2IOPbEnbvI_jWQAAogqYTPp9sGiElCfW4ZWc1S-hstrgoMttrZgZAvN8rfQ44qBEtPTVQwlKX61AZIkTRQAVjVCWACagJBSXIfHBGKG7kE3uIBqwQDGMqhBBunhiQB4-vSHgIAYwECBeGenSg/ofertasv/?filter[tourOperator]=KOMT&filter%5Bperson%5D=2&filter%5BchildAge%5D%5B1%5D=20201210&filter%5Bchild%5D=1"
"Pickalbatros Villaggio Resort Portofino Egipt, Marsa Alam","6837.0","26.10.2026 - 02.11.2026","8 dni/7 nocy","","4.9","4.9","1592","tripadvisor","Warszawa - Modlin","2026-09-07T10:31:47.289415+00:00","https://fly.pl/oferta/egipt-wczasy/?filter[dest]=11:&filter[hotelids]=&filter[cityids]=&filter[cregids]=&filter[ofrType]=&filter[addObjType]=&filter[whenFrom]=10-10-2026&filter[whenTo]=05-11-2026&filter[duration]=7:10&filter[from]=&filter[person]=2&filter[child]=1&filter[price]=0:11000&filter[PriceFrom]=0&filter[PriceTo]=11000&filter[addCategory]=50&filter[addCatering]=1&filter[addMisc]=0&filter[addTransport]=F&filter[fp]=1&order_by=ofr_price&filter[tourOperator]=0&filter[childAge][1]=20201210","https://fly.pl/cdn/photo/assets/uploads/582/278/2024/07/pickalbatros-villaggio-resort-portofino.jpg","https://fly.pl/wycieczka/egipt,marsa-alam,c/pickalbatros-villaggio-resort-portofino-15/pJK3VqeFLL1nt-4o7fbi0nAAogPqp0oEIiHDWiouDWm2Y46pQB3BBoU8HI00KB_W6Iw_MqBEVYSU0wlKX61AZItTVQAViNCWACagJBSXIhHBHP_ga5BKiuS6sEPxvCgzwYmJlPAZqL_8YNAgBjAQIMAxFh_A/ofertasv/?filter[tourOperator]=EXIM&filter%5Bperson%5D=2&filter%5BchildAge%5D%5B1%5D=20201210&filter%5Bchild%5D=1"
"Dream Lagoon & Aqua Park Resort (ex. Floriana Dream Lagoon) Egipt, Marsa Alam","6908.0","29.10.2026 - 05.11.2026","8 dni/7 nocy","","4.3","4.3","5717","tripadvisor","Katowice","2026-09-07T10:31:47.289415+00:00","https://fly.pl/oferta/egipt-wczasy/?filter[dest]=11:&filter[hotelids]=&filter[cityids]=&filter[cregids]=&filter[ofrType]=&filter[addObjType]=&filter[whenFrom]=10-10-2026&filter[whenTo]=05-11-2026&filter[duration]=7:10&filter[from]=&filter[person]=2&filter[child]=1&filter[price]=0:11000&filter[PriceFrom]=0&filter[PriceTo]=11000&filter[addCategory]=50&filter[addCatering]=1&filter[addMisc]=0&filter[addTransport]=F&filter[fp]=1&order_by=ofr_price&filter[tourOperator]=0&filter[childAge][1]=20201210","https://fly.pl/cdn/photo/assets/uploads/582/278/2015/11/Future-Dream-Lagoon-ex.-Floriana-Dream-Lagoon-fly-pl.jpg","https://fly.pl/wycieczka/egipt,marsa-alam,c/floriana-dream-lagoon/ptSa4nKR9d5DkoSYbQQ0ypAAogCBBrYiyNM3YbPxv6UmQ9NMf7aOogEcfP-IyfG5F-ZlYqBE9SRVgwlKX61AZI_DVQQVjVCWACagYwWi4yLjFyNpsBFQcXAFwDWAVWAkDKBhHfDl3UM08kS8KJAWEAXqcwUrwUUwBMlrw6Dbj9lwkgAAISYwECDcqqCJo/ofertasv/?filter[tourOperator]=OREX&filter%5Bperson%5D=2&filter%5BchildAge%5D%5B1%5D=20201210&filter%5Bchild%5D=1"
"Albatros Sea World Resort Marsa Alam Egipt, Marsa Alam, Al-Kusajr","6917.0","29.10.2026 - 05.11.2026","8 dni/7 nocy","","4.7","4.7","4491","tripadvisor","Gdańsk","2026-09-07T10:31:47.289415+00:00","https://fly.pl/oferta/egipt-wczasy/?filter[dest]=11:&filter[hotelids]=&filter[cityids]=&filter[cregids]=&filter[ofrType]=&filter[addObjType]=&filter[whenFrom]=10-10-2026&filter[whenTo]=05-11-2026&filter[duration]=7:10&filter[from]=&filter[person]=2&filter[child]=1&filter[price]=0:11000&filter[PriceFrom]=0&filter[PriceTo]=11000&filter[addCategory]=50&filter[addCatering]=1&filter[addMisc]=0&filter[addTransport]=F&filter[fp]=1&order_by=ofr_price&filter[tourOperator]=0&filter[childAge][1]=20201210","https://fly.pl/cdn/photo/assets/uploads/582/278/2017/08/ALBATROS-SEA-WORLD.jpg","https://fly.pl/wycieczka/egipt,marsa-alam,al-kusajr/sea-world-resort-marsa-alam/ppTjQq0yf7Bs9layudtDhDAAogLf8Hy1Opz0fVwkEmWjtgEjKdxs8NDMjTRuzG1nHTIV4qBEVYSU0wlKX61AZIhTZQAVjVCWACagJBSXIhHBHL9Aa5BPC2S6sEaxuc4zUYuLpVAaml_sYNAgBjAQIMlpRNWw/ofertasv/?filter[tourOperator]=EXIM&filter%5Bperson%5D=2&filter%5BchildAge%5D%5B1%5D=20201210&filter%5Bchild%5D=1"
"Xperience Sea Breeze Egipt, Sharm El Sheikh","6938.0","29.10.2026 - 05.11.2026","8 dni/7 nocy","","4.7","4.7","11506","tripadvisor","Warszawa - Modlin","2026-09-07T10:31:47.289415+00:00","https://fly.pl/oferta/egipt-wczasy/?filter[dest]=11:&filter[hotelids]=&filter[cityids]=&filter[cregids]=&filter[ofrType]=&filter[addObjType]=&filter[whenFrom]=10-10-2026&filter[whenTo]=05-11-2026&filter[duration]=7:10&filter[from]=&filter[person]=2&filter[child]=1&filter[price]=0:11000&filter[PriceFrom]=0&filter[PriceTo]=11000&filter[addCategory]=50&filter[addCatering]=1&filter[addMisc]=0&filter[addTransport]=F&filter[fp]=1&order_by=ofr_price&filter[tourOperator]=0&filter[childAge][1]=20201210","https://fly.pl/cdn/photo/assets/uploads/582/278/2014/07/XPERIENCE-SEA-BREEZE-RESORT.jpg","https://fly.pl/wycieczka/egipt,sharm-el-sheikh,c/xperience-sea-breeze/pZahGjsWUVSZenwm3MtZPqAAogYheD7Uh2buxZAoXRdd8PuBstrgoMttrZgZAvN8rfQ44qBEtPTVQwlKX61AZImjZQAVjVCWACagJBSXIfHBGMG7kE3OIBqwQDGKigBBvlhyQBsafRHgIAYwECBdZnDGY/ofertasv/?filter[tourOperator]=KOMT&filter%5Bperson%5D=2&filter%5BchildAge%5D%5B1%5D=20201210&filter%5Bchild%5D=1"
"Royal Regency Club Egipt, Sharm El Sheikh, Szarm el-Szejk","6970.0","27.10.2026 - 03.11.2026","8 dni/7 nocy","","4.4","4.4","357","tripadvisor","Warszawa - Modlin","2026-09-07T10:31:47.289415+00:00","https://fly.pl/oferta/egipt-wczasy/?filter[dest]=11:&filter[hotelids]=&filter[cityids]=&filter[cregids]=&filter[ofrType]=&filter[addObjType]=&filter[whenFrom]=10-10-2026&filter[whenTo]=05-11-2026&filter[duration]=7:10&filter[from]=&filter[person]=2&filter[child]=1&filter[price]=0:11000&filter[PriceFrom]=0&filter[PriceTo]=11000&filter[addCategory]=50&filter[addCatering]=1&filter[addMisc]=0&filter[addTransport]=F&filter[fp]=1&order_by=ofr_price&filter[tourOperator]=0&filter[childAge][1]=20201210","https://fly.pl/cdn/photo/assets/uploads/582/278/2024/07/royal-regency-club.jpg","https://fly.pl/wycieczka/egipt,sharm-el-sheikh,szarm-el-szejk/royal-regency-club/pm7TGc4rrJYK-CUycItR9EAAogWkmGJieDjZtLIGFb7li8X5gpXVUQjygZk0IwIA3_YjEqBE9BU0kwlKX61AZIujZQAVilCWACagNBSStyIRwR3a8BuQTn9g-rBAIbiLsPGLiFEwHN3cKmAgIAYwECDUTAp9U/ofertasv/?filter[tourOperator]=OASI&filter%5Bperson%5D=2&filter%5BchildAge%5D%5B1%5D=20201210&filter%5Bchild%5D=1"
"Albatros Oasis Port Ghalib (ex. Red Sea Port Ghalib Resort) Egipt, Marsa Alam, Port Ghalib","7047.0","28.10.2026 - 04.11.2026","8 dni/7 nocy","","4.6","4.6","3640","tripadvisor","Warszawa - Modlin","2026-09-07T10:31:47.289415+00:00","https://fly.pl/oferta/egipt-wczasy/?filter[dest]=11:&filter[hotelids]=&filter[cityids]=&filter[cregids]=&filter[ofrType]=&filter[addObjType]=&filter[whenFrom]=10-10-2026&filter[whenTo]=05-11-2026&filter[duration]=7:10&filter[from]=&filter[person]=2&filter[child]=1&filter[price]=0:11000&filter[PriceFrom]=0&filter[PriceTo]=11000&filter[addCategory]=50&filter[addCatering]=1&filter[addMisc]=0&filter[addTransport]=F&filter[fp]=1&order_by=ofr_price&filter[tourOperator]=0&filter[childAge][1]=20201210","https://fly.pl/cdn/photo/assets/uploads/582/278/2014/09/pickalbatros-oasis.jpg","https://fly.pl/wycieczka/egipt,marsa-alam,port-ghalib/crowne-plaza-sahara-oasis-resort/pEgU6VYBJf0kIGTCPyQ6k4AAogHI8rC0nSAcwXpdq4OQIVQxMX033-gYOoV0TNZ_GKOrIqBEVYSU0wlKX61AZIhzdQAVi9CWACagJBSXIhHBHS2Qa5BI7TS6sEPhvF4TUY-7pVAaLdtM4NAgBjAQIMaMzUAA/ofertasv/?filter[tourOperator]=EXIM&filter%5Bperson%5D=2&filter%5BchildAge%5D%5B1%5D=20201210&filter%5Bchild%5D=1"
"Hawaii Paradise Aqua Park Resort Egipt, Hurghada","7078.0","14.10.2026 - 21.10.2026","8 dni/7 nocy","","3.4","3.4","441","tripadvisor","Katowice","2026-09-07T10:31:47.289415+00:00","https://fly.pl/oferta/egipt-wczasy/?filter[dest]=11:&filter[hotelids]=&filter[cityids]=&filter[cregids]=&filter[ofrType]=&filter[addObjType]=&filter[whenFrom]=10-10-2026&filter[whenTo]=05-11-2026&filter[duration]=7:10&filter[from]=&filter[person]=2&filter[child]=1&filter[price]=0:11000&filter[PriceFrom]=0&filter[PriceTo]=11000&filter[addCategory]=50&filter[addCatering]=1&filter[addMisc]=0&filter[addTransport]=F&filter[fp]=1&order_by=ofr_price&filter[tourOperator]=0&filter[childAge][1]=20201210","https://fly.pl/cdn/photo/assets/uploads/582/278/2020/09/Hawaii-Paradise-Aqua-Park-Resort.jpg","https://fly.pl/wycieczka/egipt,hurghada,c/hawaii-paradise-aqua-park-resort-14/pApMhh20FvOHBGbV1YujqLAAogUUH-4BoGB7c6_W7xMZOletQ85krozDkw2BfFht7tPUIqBEpPSVAwlKX61AZIpjdQQVjtBmACagNDR21yQ5sBFAEVBhcAXANYBVYCQMoGT-IBXQBSr6sBUwBLiB9hAF6nMBGxzwFMoYE5Dan9lwkgAAG1n-Sw44bMoDACDmMBAA3IeADQ/ofertasv/?filter[tourOperator]=JOIP&filter%5Bperson%5D=2&filter%5BchildAge%5D%5B1%5D=20201210&filter%5Bchild%5D=1"
"Movenpick Resort Soma Bay Egipt, Hurghada","7101.0","27.10.2026 - 03.11.2026","8 dni/7 nocy","","4.3","4.3","4058","tripadvisor","Poznań","2026-09-07T10:31:47.289415+00:00","https://fly.pl/oferta/egipt-wczasy/?filter[dest]=11:&filter[hotelids]=&filter[cityids]=&filter[cregids]=&filter[ofrType]=&filter[addObjType]=&filter[whenFrom]=10-10-2026&filter[whenTo]=05-11-2026&filter[duration]=7:10&filter[from]=&filter[person]=2&filter[child]=1&filter[price]=0:11000&filter[PriceFrom]=0&filter[PriceTo]=11000&filter[addCategory]=50&filter[addCatering]=1&filter[addMisc]=0&filter[addTransport]=F&filter[fp]=1&order_by=ofr_price&filter[tourOperator]=0&filter[childAge][1]=20201210","https://fly.pl/cdn/photo/assets/uploads/582/278/2009/02/Movenpick-Soma-Bay2539.jpg","https://fly.pl/wycieczka/egipt,hurghada,c/movenpick-soma-bay/pGcEL26yraZ69b-6LoNynoAAog1xC40B2Cc-pKOz-wGL-X54MuYCGrpMwbPCmRcHmwb-QqBE9SRVgwlKX61AZIvTdQQVilCWACagdCSzQuMi4xcjSbARUHFwBcA1gFVgJAygYREl35DU8kU-KeAVIAXq9PS3hhAEzazzogtv2XCQ0AAhJjAQILerjFYQ/ofertasv/?filter[tourOperator]=OREX&filter%5Bperson%5D=2&filter%5BchildAge%5D%5B1%5D=20201210&filter%5Bchild%5D=1"
"Albatros Palace Port Ghalib (ex. Red Sea The Palace) Egipt, Marsa Alam, Port Ghalib","7117.0","29.10.2026 - 05.11.2026","8 dni/7 nocy","","4.7","4.7","3737","tripadvisor","Gdańsk","2026-09-07T10:31:47.289415+00:00","https://fly.pl/oferta/egipt-wczasy/?filter[dest]=11:&filter[hotelids]=&filter[cityids]=&filter[cregids]=&filter[ofrType]=&filter[addObjType]=&filter[whenFrom]=10-10-2026&filter[whenTo]=05-11-2026&filter[duration]=7:10&filter[from]=&filter[person]=2&filter[child]=1&filter[price]=0:11000&filter[PriceFrom]=0&filter[PriceTo]=11000&filter[addCategory]=50&filter[addCatering]=1&filter[addMisc]=0&filter[addTransport]=F&filter[fp]=1&order_by=ofr_price&filter[tourOperator]=0&filter[childAge][1]=20201210","https://fly.pl/cdn/photo/assets/uploads/582/278/2014/09/albatros-palace.jpg","https://fly.pl/wycieczka/egipt,marsa-alam,port-ghalib/intercontinental-the-palace-port-ghalib/pWMjnKWl3Q2VJ4FKOFBb-cAAogIdh8uLrkSkSwe-rEEo6neDKdxs8NDMjTRuzG1nHTIV4qBEVYSU0wlKX61AZIzTdQAVjVCWACagJBSXIhHBHN9Aa5BO62S6sEaxva4jUY6rpVAcm4_cYNAgBjAQIMNIpx9w/ofertasv/?filter[tourOperator]=EXIM&filter%5Bperson%5D=2&filter%5BchildAge%5D%5B1%5D=20201210&filter%5Bchild%5D=1"
"Pickalbatros Vita Resort Portofino Egipt, Marsa Alam","7177.0","26.10.2026 - 02.11.2026","8 dni/7 nocy","","4.9","4.9","752","tripadvisor","Warszawa - Modlin","2026-09-07T10:31:47.289415+00:00","https://fly.pl/oferta/egipt-wczasy/?filter[dest]=11:&filter[hotelids]=&filter[cityids]=&filter[cregids]=&filter[ofrType]=&filter[addObjType]=&filter[whenFrom]=10-10-2026&filter[whenTo]=05-11-2026&filter[duration]=7:10&filter[from]=&filter[person]=2&filter[child]=1&filter[price]=0:11000&filter[PriceFrom]=0&filter[PriceTo]=11000&filter[addCategory]=50&filter[addCatering]=1&filter[addMisc]=0&filter[addTransport]=F&filter[fp]=1&order_by=ofr_price&filter[tourOperator]=0&filter[childAge][1]=20201210","https://fly.pl/cdn/photo/assets/uploads/582/278/2024/07/pickalbatros-vita-resort-portofino.jpg","https://fly.pl/wycieczka/egipt,marsa-alam,c/pickalbatros-vita-resort-portofino-11/pn6m9VkShMc7UqLUkcGtlFAAogyV37Gb46wdQl11ZDJlhnLJQB3BBoU8HI00KB_W6Iw_MqBEVYSU0wlKX61AZIiThQAViNCWACagJBSXIhHBHU2Qa5BKPTS6sEPxus5DUYxLhVAabq_8YNAgBjAQIMq1SGpQ/ofertasv/?filter[tourOperator]=EXIM&filter%5Bperson%5D=2&filter%5BchildAge%5D%5B1%5D=20201210&filter%5Bchild%5D=1"
"Safir Sharm Waterfalls Resort (ex Hilton Waterfalls Resort) Egipt, Sharm El Sheikh","7399.0","21.10.2026 - 29.10.2026","9 dni/8 nocy","","4.4","4.4","1219","tripadvisor","Rzeszów","2026-09-07T10:31:47.289415+00:00","https://fly.pl/oferta/egipt-wczasy/?filter[dest]=11:&filter[hotelids]=&filter[cityids]=&filter[cregids]=&filter[ofrType]=&filter[addObjType]=&filter[whenFrom]=10-10-2026&filter[whenTo]=05-11-2026&filter[duration]=7:10&filter[from]=&filter[person]=2&filter[child]=1&filter[price]=0:11000&filter[PriceFrom]=0&filter[PriceTo]=11000&filter[addCategory]=50&filter[addCatering]=1&filter[addMisc]=0&filter[addTransport]=F&filter[fp]=1&order_by=ofr_price&filter[tourOperator]=0&filter[childAge][1]=20201210","https://fly.pl/cdn/photo/assets/uploads/582/278/2014/07/Hilton-Sharm-Waterfalls-Resort-fly-pl-4.jpg","https://fly.pl/wycieczka/egipt,sharm-el-sheikh,c/hilton-sharm-waterfalls-resort/ptUzeyrjAZJ8QvPFv4xF_8AAogG6pSrfCbl5tZqOB6i-LIv76_cQWKQGVxV2FI9A_CKAkqBEpPSVAwlKX61AZI5zlQQViVCGACagNDR21yQpsBFAEVBhcBXAJYBVYCQMoGT-IBXQARwsYBXpw0S48YYQBSlwhTAEyssDoNsP2XCSABAZrV_LCViMygMAINYwEAC6Qk0Ho/ofertasv/?filter[tourOperator]=JOIP&filter%5Bperson%5D=2&filter%5BchildAge%5D%5B1%5D=20201210&filter%5Bchild%5D=1"
"Royal Lagoons Aqua (ex. Premium Blue) Egipt, Hurghada","7565.0","22.10.2026 - 29.10.2026","8 dni/7 nocy","","4.2","4.2","4340","tripadvisor","Katowice","2026-09-07T10:31:47.289415+00:00","https://fly.pl/oferta/egipt-wczasy/?filter[dest]=11:&filter[hotelids]=&filter[cityids]=&filter[cregids]=&filter[ofrType]=&filter[addObjType]=&filter[whenFrom]=10-10-2026&filter[whenTo]=05-11-2026&filter[duration]=7:10&filter[from]=&filter[person]=2&filter[child]=1&filter[price]=0:11000&filter[PriceFrom]=0&filter[PriceTo]=11000&filter[addCategory]=50&filter[addCatering]=1&filter[addMisc]=0&filter[addTransport]=F&filter[fp]=1&order_by=ofr_price&filter[tourOperator]=0&filter[childAge][1]=20201210","https://fly.pl/cdn/photo/assets/uploads/582/278/2014/10/Royal-Lagoons-Aqua.jpg","https://fly.pl/wycieczka/egipt,hurghada,c/premium-blue-lagoon-ex-pyramisa-blue-lagoon/pVdJY4w8aSuS3jQikbOCQVAAogXQm6dIn9pJCZEMZsa_oEpV2uEak7geT_qkEjtRc14AcqBEpPSVAwlKX61AZIjTtQQVitCGACckMUARUFFwFcA1gFVgJAygZdqwFPAFupA1O9qAFSAEuIH2EAXqcwEYcyTMueOg2x_ZcJIAEBsZvA8KSJzKAwAg5jAQAN3_nsTA/ofertasv/?filter[tourOperator]=JOIP&filter%5Bperson%5D=2&filter%5BchildAge%5D%5B1%5D=20201210&filter%5Bchild%5D=1"
"Naama Bay Promenade Mountain Resort Egipt, Sharm El Sheikh, Szarm el-Szejk","7676.0","27.10.2026 - 03.11.2026","8 dni/7 nocy","","4.2","4.2","1287","tripadvisor","Warszawa - Modlin","2026-09-07T10:31:47.289415+00:00","https://fly.pl/oferta/egipt-wczasy/?filter[dest]=11:&filter[hotelids]=&filter[cityids]=&filter[cregids]=&filter[ofrType]=&filter[addObjType]=&filter[whenFrom]=10-10-2026&filter[whenTo]=05-11-2026&filter[duration]=7:10&filter[from]=&filter[person]=2&filter[child]=1&filter[price]=0:11000&filter[PriceFrom]=0&filter[PriceTo]=11000&filter[addCategory]=50&filter[addCatering]=1&filter[addMisc]=0&filter[addTransport]=F&filter[fp]=1&order_by=ofr_price&filter[tourOperator]=0&filter[childAge][1]=20201210","https://fly.pl/cdn/photo/assets/uploads/582/278/2024/07/naama-bay-promenade-mountain-resort.jpg","https://fly.pl/wycieczka/egipt,sharm-el-sheikh,szarm-el-szejk/naama-bay-promenade-mountain-resort-12/pdj3M3L4FHWdYQOP_tX2FYAAogJANCjqU01Kd4mkPBsTRdfpgpXVUQjygZk0IwIA3_YjEqBE9BU0kwlKX61AZI_DtQAVilCWACagNBSWxyIRwRra8BuQSX9w-rBAIbidUNGLTtEgG6vNqZAgIAYwECC9t7DYQ/ofertasv/?filter[tourOperator]=OASI&filter%5Bperson%5D=2&filter%5BchildAge%5D%5B1%5D=20201210&filter%5Bchild%5D=1"
"Sea Star Beau Rivage Egipt, Hurghada","7691.0","22.10.2026 - 29.10.2026","8 dni/7 nocy","","4.5","4.5","4278","tripadvisor","Katowice","2026-09-07T10:31:47.289415+00:00","https://fly.pl/oferta/egipt-wczasy/?filter[dest]=11:&filter[hotelids]=&filter[cityids]=&filter[cregids]=&filter[ofrType]=&filter[addObjType]=&filter[whenFrom]=10-10-2026&filter[whenTo]=05-11-2026&filter[duration]=7:10&filter[from]=&filter[person]=2&filter[child]=1&filter[price]=0:11000&filter[PriceFrom]=0&filter[PriceTo]=11000&filter[addCategory]=50&filter[addCatering]=1&filter[addMisc]=0&filter[addTransport]=F&filter[fp]=1&order_by=ofr_price&filter[tourOperator]=0&filter[childAge][1]=20201210","https://fly.pl/cdn/photo/assets/uploads/582/278/2014/07/Sea-Star-Beau-Rivage-fly-pl.jpg","https://fly.pl/wycieczka/egipt,hurghada,c/sea-star-beau-rivage/p5aganRf34vi0p9acwBuHlAAogWzllsSxKLApvPTl2cC_E_V2uEak7geT_qkEjtRc14AcqBEpPSVAwlKX61AZIizxQQVitCGACagMwZmRyQpsBFAEVBRcBXANYBVYCQMoGT6sBXQBS5qsBUwARxxpLwQRhAF6nMEzS0DoNsf2XCSABAZrL9N-kicygMAINYwEADL0Qjac/ofertasv/?filter[tourOperator]=JOIP&filter%5Bperson%5D=2&filter%5BchildAge%5D%5B1%5D=20201210&filter%5Bchild%5D=1"
"Charmillion Club Resort (ex. Sea Club Resort) Egipt, Sharm El Sheikh","7719.0","27.10.2026 - 03.11.2026","8 dni/7 nocy","","4.5","4.5","6040","tripadvisor","Warszawa - Modlin","2026-09-07T10:31:47.289415+00:00","https://fly.pl/oferta/egipt-wczasy/?filter[dest]=11:&filter[hotelids]=&filter[cityids]=&filter[cregids]=&filter[ofrType]=&filter[addObjType]=&filter[whenFrom]=10-10-2026&filter[whenTo]=05-11-2026&filter[duration]=7:10&filter[from]=&filter[person]=2&filter[child]=1&filter[price]=0:11000&filter[PriceFrom]=0&filter[PriceTo]=11000&filter[addCategory]=50&filter[addCatering]=1&filter[addMisc]=0&filter[addTransport]=F&filter[fp]=1&order_by=ofr_price&filter[tourOperator]=0&filter[childAge][1]=20201210","https://fly.pl/cdn/photo/assets/uploads/582/278/2014/07/Charmillion-Club-Resort-ex.-Sea-Club-Resort-fly-pl.jpg","https://fly.pl/wycieczka/egipt,sharm-el-sheikh,c/sea-club-sharm-el-sheikh/pGjSr9UxyRxfDEdgJp4qmZAAogPFVnwuE01P-UUfnZ0vnHb-bol38sl8b5T0sIVl56LHYqBEtPTVQwlKX61AZIpzxQAVilCWACagJBSXIfHBHOGrkEguMBqwQZGOqfBBvogCQB-9vQHgIAYwECBfxnmqE/ofertasv/?filter[tourOperator]=KOMT&filter%5Bperson%5D=2&filter%5BchildAge%5D%5B1%5D=20201210&filter%5Bchild%5D=1"
"Jaz Aquamarine (ex. Iberotel Aquamarine) Egipt, Hurghada","7747.0","27.10.2026 - 03.11.2026","9 dni/7 nocy","","4.6","4.6","17141","tripadvisor","Warszawa - Modlin","2026-09-07T10:31:47.289415+00:00","https://fly.pl/oferta/egipt-wczasy/?filter[dest]=11:&filter[hotelids]=&filter[cityids]=&filter[cregids]=&filter[ofrType]=&filter[addObjType]=&filter[whenFrom]=10-10-2026&filter[whenTo]=05-11-2026&filter[duration]=7:10&filter[from]=&filter[person]=2&filter[child]=1&filter[price]=0:11000&filter[PriceFrom]=0&filter[PriceTo]=11000&filter[addCategory]=50&filter[addCatering]=1&filter[addMisc]=0&filter[addTransport]=F&filter[fp]=1&order_by=ofr_price&filter[tourOperator]=0&filter[childAge][1]=20201210","https://fly.pl/cdn/photo/assets/uploads/582/278/2016/11/jaz-aquamarine-ex-iberotel-egipt-hurghada-1b.jpg","https://fly.pl/wycieczka/egipt,hurghada,c/jaz-aquamarine-ex-iberotel-aquamarine/p2328rIFg2MZdIirBNcXbiAAogjyuguBp5WFRpPfIAKMmn35eMXePUQkpobZ-BQI6-nbQqBEVYSU0wlKX61AZIwzxQAVilCWACagJBSXIhHBHK2QarBPfOS7kERRut7jUY069WAZDXmNINAgBjAQIL4oOrig/ofertasv/?filter[tourOperator]=EXIM&filter%5Bperson%5D=2&filter%5BchildAge%5D%5B1%5D=20201210&filter%5Bchild%5D=1"
"Marriott Hurghada Beach Resort Egipt, Hurghada","7767.0","27.10.2026 - 03.11.2026","9 dni/7 nocy","","4.6","4.6","4867","tripadvisor","Warszawa - Modlin","2026-09-07T10:31:47.289415+00:00","https://fly.pl/oferta/egipt-wczasy/?filter[dest]=11:&filter[hotelids]=&filter[cityids]=&filter[cregids]=&filter[ofrType]=&filter[addObjType]=&filter[whenFrom]=10-10-2026&filter[whenTo]=05-11-2026&filter[duration]=7:10&filter[from]=&filter[person]=2&filter[child]=1&filter[price]=0:11000&filter[PriceFrom]=0&filter[PriceTo]=11000&filter[addCategory]=50&filter[addCatering]=1&filter[addMisc]=0&filter[addTransport]=F&filter[fp]=1&order_by=ofr_price&filter[tourOperator]=0&filter[childAge][1]=20201210","https://fly.pl/cdn/photo/assets/uploads/582/278/2014/09/Marriott-Hurghada-Beach-Resort.jpg","https://fly.pl/wycieczka/egipt,hurghada,c/marriott-hurghada-beach-resort/pNG3Luworj6G1SXHmUxdCoAAogk2W2pwH7XGP36JXY8Q_MX5eMXePUQkpobZ-BQI6-nbQqBEVYSU0wlKX61AZI1zxQAVilCWACagJBSXIhHBGp_warBJipS7kERRvioUAYxuJHAaWw7qsNAhJjAQIH6s2a8Q/ofertasv/?filter[tourOperator]=EXIM&filter%5Bperson%5D=2&filter%5BchildAge%5D%5B1%5D=20201210&filter%5Bchild%5D=1"
"Old Palace Resort","7795.0","27.10.2026 - 03.11.2026","9 dni/7 nocy","","4.6","4.6","3535","tripadvisor","Warszawa - Modlin","2026-09-07T10:31:47.289415+00:00","https://fly.pl/oferta/egipt-wczasy/?filter[dest]=11:&filter[hotelids]=&filter[cityids]=&filter[cregids]=&filter[ofrType]=&filter[addObjType]=&filter[whenFrom]=10-10-2026&filter[whenTo]=05-11-2026&filter[duration]=7:10&filter[from]=&filter[person]=2&filter[child]=1&filter[price]=0:11000&filter[PriceFrom]=0&filter[PriceTo]=11000&filter[addCategory]=50&filter[addCatering]=1&filter[addMisc]=0&filter[addTransport]=F&filter[fp]=1&order_by=ofr_price&filter[tourOperator]=0&filter[childAge][1]=20201210","https://fly.pl/cdn/photo/assets/uploads/582/278/2015/03/Old-Palace-Resort-Sahl-Hasheesh.jpg","https://fly.pl/wycieczka/egipt,hurghada,c/old-palace-resort/p0nFTo59WCaPBR_ftBwxUGAAogpMJj9ZTvMWiFIcs_hJgcJH-RivCO5fCdWQwfiBpU-nUqBE9BU0kwlaX61AZI8zxQAVilCWACagNBSWxyIRwRka8BqwTb7w-5BEAbucMPGO-FEwGa_8-mAgIAYwECCxkTWPM/ofertasv/?filter[tourOperator]=OASI&filter%5Bperson%5D=2&filter%5BchildAge%5D%5B1%5D=20201210&filter%5Bchild%5D=1"
"Domina Coral Bay Harem","7806.0","25.10.2026 - 01.11.2026","8 dni/7 nocy","","4.2","4.2","12412","tripadvisor","Katowice","2026-09-07T10:31:47.289415+00:00","https://fly.pl/oferta/egipt-wczasy/?filter[dest]=11:&filter[hotelids]=&filter[cityids]=&filter[cregids]=&filter[ofrType]=&filter[addObjType]=&filter[whenFrom]=10-10-2026&filter[whenTo]=05-11-2026&filter[duration]=7:10&filter[from]=&filter[person]=2&filter[child]=1&filter[price]=0:11000&filter[PriceFrom]=0&filter[PriceTo]=11000&filter[addCategory]=50&filter[addCatering]=1&filter[addMisc]=0&filter[addTransport]=F&filter[fp]=1&order_by=ofr_price&filter[tourOperator]=0&filter[childAge][1]=20201210","https://fly.pl/cdn/photo/assets/uploads/582/278/2014/07/Domina-Coral-Bay-Harem.jpg","https://fly.pl/wycieczka/egipt,sharm-el-sheikh,c/domina-coral-bay-harem/pCVfUebgj4SzKGlUIEyClKAAogMJNulRpMRGo9UU2Q-oJOSf-8lKSM_XY3X6eU8q1GIdEqBE9BU0kwlaX61AZI_jxQAVj1CGACagNBSWxyIRwRsa8BqwTmqxC5BCsbzdsNGL6tEgG3_Y6pAgIAYwECDKbUpao/ofertasv/?filter[tourOperator]=OASI&filter%5Bperson%5D=2&filter%5BchildAge%5D%5B1%5D=20201210&filter%5Bchild%5D=1"
"Domina Coral Bay Oasis","7806.0","25.10.2026 - 01.11.2026","8 dni/7 nocy","","4.2","4.2","12412","tripadvisor","Katowice","2026-09-07T10:31:47.289415+00:00","https://fly.pl/oferta/egipt-wczasy/?filter[dest]=11:&filter[hotelids]=&filter[cityids]=&filter[cregids]=&filter[ofrType]=&filter[addObjType]=&filter[whenFrom]=10-10-2026&filter[whenTo]=05-11-2026&filter[duration]=7:10&filter[from]=&filter[person]=2&filter[child]=1&filter[price]=0:11000&filter[PriceFrom]=0&filter[PriceTo]=11000&filter[addCategory]=50&filter[addCatering]=1&filter[addMisc]=0&filter[addTransport]=F&filter[fp]=1&order_by=ofr_price&filter[tourOperator]=0&filter[childAge][1]=20201210","https://fly.pl/cdn/photo/assets/uploads/582/278/2014/07/Domina-Coral-Bay-Oasis.jpg","https://fly.pl/wycieczka/egipt,sharm-el-sheikh,c/domina-coral-bay-oasis/pSwJTc5qrsPb7uGYz0FATzAAogpYmRykcXZxGQeICFcWeu_v-8lKSM_XY3X6eU8q1GIdEqBE9BU0kwlaX61AZI_jxQAVj1CGACagNBSWxyIRwRu68BqwTcqxC5BCsb6PIMGK-WEwGopIqpAgIAYwECDLWcThQ/ofertasv/?filter[tourOperator]=OASI&filter%5Bperson%5D=2&filter%5BchildAge%5D%5B1%5D=20201210&filter%5Bchild%5D=1"
"Cleopatra Luxury Resort","7887.0","28.10.2026 - 04.11.2026","9 dni/7 nocy","","4.5","4.5","7611","tripadvisor","Gdańsk","2026-09-07T10:31:47.289415+00:00","https://fly.pl/oferta/egipt-wczasy/?filter[dest]=11:&filter[hotelids]=&filter[cityids]=&filter[cregids]=&filter[ofrType]=&filter[addObjType]=&filter[whenFrom]=10-10-2026&filter[whenTo]=05-11-2026&filter[duration]=7:10&filter[from]=&filter[person]=2&filter[child]=1&filter[price]=0:11000&filter[PriceFrom]=0&filter[PriceTo]=11000&filter[addCategory]=50&filter[addCatering]=1&filter[addMisc]=0&filter[addTransport]=F&filter[fp]=1&order_by=ofr_price&filter[tourOperator]=0&filter[childAge][1]=20201210","https://fly.pl/cdn/photo/assets/uploads/582/278/2014/07/58ae3c6b287eb1e74191c52d1e07af6ad3ddd609476a5d59c69f95f8f8409586.jpg","https://fly.pl/wycieczka/egipt,sharm-el-sheikh,nabq-bay/the-cleopatra-luxury-resort-collection/pV6CE9i1n0ZVVMexV3ybCLAAogtSOOR81m3CC5nRcCNJHSx3IhrbyPomD2uW-Fwn8rcgYqBE9BU0kwlaX61AZIzz1QAVi9CWACagNBSWxyIRwR868BuQSAqxCrBBIbkIMMGLeFFAHoq4mpAgIAYwECC87mOKQ/ofertasv/?filter[tourOperator]=OASI&filter%5Bperson%5D=2&filter%5BchildAge%5D%5B1%5D=20201210&filter%5Bchild%5D=1"
"Gravity Sahl Hasheesh (Ex. Ocean Breeze)","7964.0","29.10.2026 - 05.11.2026","8 dni/7 nocy","","4.7","4.7","3399","tripadvisor","Katowice","2026-09-07T10:31:47.289415+00:00","https://fly.pl/oferta/egipt-wczasy/?filter[dest]=11:&filter[hotelids]=&filter[cityids]=&filter[cregids]=&filter[ofrType]=&filter[addObjType]=&filter[whenFrom]=10-10-2026&filter[whenTo]=05-11-2026&filter[duration]=7:10&filter[from]=&filter[person]=2&filter[child]=1&filter[price]=0:11000&filter[PriceFrom]=0&filter[PriceTo]=11000&filter[addCategory]=50&filter[addCatering]=1&filter[addMisc]=0&filter[addTransport]=F&filter[fp]=1&order_by=ofr_price&filter[tourOperator]=0&filter[childAge][1]=20201210","https://fly.pl/cdn/photo/assets/uploads/582/278/2018/10/Gravity-Sahl-Hasheesh.jpg","https://fly.pl/wycieczka/egipt,hurghada,c/ocean-breeze/pgbCY_5VPnaxx0kVnIe5QLAAogPenBKNx6lpC-0TCtBTy1ph0-euAbo-Te670sKrvdd9cqBFJOQlcwlaX61AZInD5QQVjVCWACagRDQWhlag1BTExfSU5DTFVTSVZFaiYxNiwyMzQsMjgzLDI5NiwzODAsMzg4LDQ3Nyw0ODMsNDg0LDQ4NWoTNDA0LDQwNyw0MDgsNTIxLDUyOHI8nwGWAZ4BlAEVBxcAWAhAyAcKKBGpHBDzHhmpGUyeNlOKIVIAS4gfYQAdjOlADzkg7JSSCQ0AAg1jAQIGS7TvFw/ofertasv/?filter[tourOperator]=RNBW&filter%5Bperson%5D=2&filter%5BchildAge%5D%5B1%5D=20201210&filter%5Bchild%5D=1"
"Hilton Marsa Alam Nubian Resort","7967.0","28.10.2026 - 04.11.2026","8 dni/7 nocy","","4.7","4.7","10186","tripadvisor","Warszawa - Modlin","2026-09-07T10:31:47.289415+00:00","https://fly.pl/oferta/egipt-wczasy/?filter[dest]=11:&filter[hotelids]=&filter[cityids]=&filter[cregids]=&filter[ofrType]=&filter[addObjType]=&filter[whenFrom]=10-10-2026&filter[whenTo]=05-11-2026&filter[duration]=7:10&filter[from]=&filter[person]=2&filter[child]=1&filter[price]=0:11000&filter[PriceFrom]=0&filter[PriceTo]=11000&filter[addCategory]=50&filter[addCatering]=1&filter[addMisc]=0&filter[addTransport]=F&filter[fp]=1&order_by=ofr_price&filter[tourOperator]=0&filter[childAge][1]=20201210","https://fly.pl/cdn/photo/assets/uploads/582/278/2014/08/Tropitel-Dahab-Oasis.jpg","https://fly.pl/wycieczka/egipt,marsa-alam,c/hilton-marsa-alam-nubian-resort/pyk-XLlxMQJK1F95s7zlhFAAogW5gUZNJHYM_Yt9SF1kmgTBMX033-gYOoV0TNZ_GKOrIqBEVYSU0wlaX61AZInz5QAVi9CWACagJBSXIhHBHR_wa5BI-tS6sEPhuzrkAYqO9HAea93awNAhJjAQINn3rcIQ/ofertasv/?filter[tourOperator]=EXIM&filter%5Bperson%5D=2&filter%5BchildAge%5D%5B1%5D=20201210&filter%5Bchild%5D=1"
"Jaz Palmariva Beach","7979.0","29.10.2026 - 05.11.2026","8 dni/7 nocy","","4.6","4.6","4068","tripadvisor","Warszawa","2026-09-07T10:31:47.289415+00:00","https://fly.pl/oferta/egipt-wczasy/?filter[dest]=11:&filter[hotelids]=&filter[cityids]=&filter[cregids]=&filter[ofrType]=&filter[addObjType]=&filter[whenFrom]=10-10-2026&filter[whenTo]=05-11-2026&filter[duration]=7:10&filter[from]=&filter[person]=2&filter[child]=1&filter[price]=0:11000&filter[PriceFrom]=0&filter[PriceTo]=11000&filter[addCategory]=50&filter[addCatering]=1&filter[addMisc]=0&filter[addTransport]=F&filter[fp]=1&order_by=ofr_price&filter[tourOperator]=0&filter[childAge][1]=20201210","https://fly.pl/cdn/photo/assets/uploads/582/278/2014/07/Labranda-Club-Makadi-ex-Club-Azur-fly-pl.jpg","https://fly.pl/wycieczka/egipt,hurghada,makadi-bay/club-azur/psTRqnq7UTEBfHFb9zORIGAAogvW0J86dKSKELb9Iz7jgLIRLqCxxQb8S86Hh0k4aD-ioqBE9SRVgwlaX61AZIqz5QQVjVCWACagZFQS4yLjFyNZsBFQcXAFwDWAVWAkDKBl2bD08kEfUhU917UgBer09L7UNhAEzljDoguP2XCQ0AAhJjAQIMwxJ-NQ/ofertasv/?filter[tourOperator]=OREX&filter%5Bperson%5D=2&filter%5BchildAge%5D%5B1%5D=20201210&filter%5Bchild%5D=1"
"Sentido Akassia Beach (ex. LTI Akassia Beach)","8006.0","29.10.2026 - 05.11.2026","8 dni/7 nocy","","4.4","4.4","2307","tripadvisor","Katowice","2026-09-07T10:31:47.289415+00:00","https://fly.pl/oferta/egipt-wczasy/?filter[dest]=11:&filter[hotelids]=&filter[cityids]=&filter[cregids]=&filter[ofrType]=&filter[addObjType]=&filter[whenFrom]=10-10-2026&filter[whenTo]=05-11-2026&filter[duration]=7:10&filter[from]=&filter[person]=2&filter[child]=1&filter[price]=0:11000&filter[PriceFrom]=0&filter[PriceTo]=11000&filter[addCategory]=50&filter[addCatering]=1&filter[addMisc]=0&filter[addTransport]=F&filter[fp]=1&order_by=ofr_price&filter[tourOperator]=0&filter[childAge][1]=20201210","https://fly.pl/cdn/photo/assets/uploads/582/278/2014/09/Sentido-Akassia-Beach.jpg","https://fly.pl/wycieczka/egipt,marsa-alam,c/lti-akassia-beach-2/p_hnnbI_S8pObZYKjKRUNnAAogWsj03FuK88D0OuhDCSx3N8f7aOogEcfP-IyfG5F-ZlYqBE9SRVgwlaX61AZIxj5QQVjVCWACagYxUy4yLjFyNZsBFQcXAFwDWAVWAhEmQKQGXbNCTyRLwokBYQBepzBSvBRTAEyWvDoNuP2XCSAAAhJjAQIN0sCU4g/ofertasv/?filter[tourOperator]=OREX&filter%5Bperson%5D=2&filter%5BchildAge%5D%5B1%5D=20201210&filter%5Bchild%5D=1"
"Albatros Makadi Resort (ex Royal Pharaohs Makadi)","8007.0","27.10.2026 - 03.11.2026","9 dni/7 nocy","","3.3","3.3","844","tripadvisor","Warszawa - Modlin","2026-09-07T10:31:47.289415+00:00","https://fly.pl/oferta/egipt-wczasy/?filter[dest]=11:&filter[hotelids]=&filter[cityids]=&filter[cregids]=&filter[ofrType]=&filter[addObjType]=&filter[whenFrom]=10-10-2026&filter[whenTo]=05-11-2026&filter[duration]=7:10&filter[from]=&filter[person]=2&filter[child]=1&filter[price]=0:11000&filter[PriceFrom]=0&filter[PriceTo]=11000&filter[addCategory]=50&filter[addCatering]=1&filter[addMisc]=0&filter[addTransport]=F&filter[fp]=1&order_by=ofr_price&filter[tourOperator]=0&filter[childAge][1]=20201210","https://fly.pl/cdn/photo/assets/uploads/582/278/2014/07/Harmony-Makadi-Bay-fly-pl.jpg","https://fly.pl/wycieczka/egipt,hurghada,makadi-bay/harmony-makadi-bay/p2pe9zWZN5ccfWnnslQeRFAAogS8YQyfoaaU-lce5aBtGNrZeMXePUQkpobZ-BQI6-nbQqBEVYSU0wlaX61AZIxz5QAVilCWACagJBSXIhHBGb-AarBKawS7kERRub_TcYgKBTAc_J98YNAgBjAQIMzM2BxQ/ofertasv/?filter[tourOperator]=EXIM&filter%5Bperson%5D=2&filter%5BchildAge%5D%5B1%5D=20201210&filter%5Bchild%5D=1"
"Royal Brayka Beach Resort (ex Zee Brayka)","8097.0","10.10.2026 - 18.10.2026","9 dni/7 nocy","","4.4","4.4","2462","tripadvisor","Katowice","2026-09-07T10:31:47.289415+00:00","https://fly.pl/oferta/egipt-wczasy/?filter[dest]=11:&filter[hotelids]=&filter[cityids]=&filter[cregids]=&filter[ofrType]=&filter[addObjType]=&filter[whenFrom]=10-10-2026&filter[whenTo]=05-11-2026&filter[duration]=7:10&filter[from]=&filter[person]=2&filter[child]=1&filter[price]=0:11000&filter[PriceFrom]=0&filter[PriceTo]=11000&filter[addCategory]=50&filter[addCatering]=1&filter[addMisc]=0&filter[addTransport]=F&filter[fp]=1&order_by=ofr_price&filter[tourOperator]=0&filter[childAge][1]=20201210","https://fly.pl/cdn/photo/assets/uploads/582/278/2014/07/Royal-Brayka-Resort.jpg","https://fly.pl/wycieczka/egipt,marsa-alam,c/royal-brayka-resort/pRsv6pwMiLCZBgcy_BNpnJAAogH3cAvD8HjlAXU_BFpm7Ot5APaq7t_caFLM2yOUCCvvcqBFZJVFgwlaX61AZIoT9QQViNBmACckAaABUHFwBcA1gFQI8DW7-DAWGXTEsAXqcwUrwUUwBMoOQ5DZvVmAkgAV2q65HsqAFPlNqZijdRwcUTAg5jAQINbUjRgA/ofertasv/?filter[tourOperator]=VITX&filter%5Bperson%5D=2&filter%5BchildAge%5D%5B1%5D=20201210&filter%5Bchild%5D=1"
"Calimera Blend Paradise Resort","8114.0","27.10.2026 - 03.11.2026","8 dni/7 nocy","","4.2","4.2","2324","tripadvisor","Poznań","2026-09-07T10:31:47.289415+00:00","https://fly.pl/oferta/egipt-wczasy/?filter[dest]=11:&filter[hotelids]=&filter[cityids]=&filter[cregids]=&filter[ofrType]=&filter[addObjType]=&filter[whenFrom]=10-10-2026&filter[whenTo]=05-11-2026&filter[duration]=7:10&filter[from]=&filter[person]=2&filter[child]=1&filter[price]=0:11000&filter[PriceFrom]=0&filter[PriceTo]=11000&filter[addCategory]=50&filter[addCatering]=1&filter[addMisc]=0&filter[addTransport]=F&filter[fp]=1&order_by=ofr_price&filter[tourOperator]=0&filter[childAge][1]=20201210","https://fly.pl/cdn/photo/assets/uploads/582/278/2022/08/Calimera-Blend-Paradise.jpg","https://fly.pl/wycieczka/egipt,hurghada,c/calimera-blend-paradise-12/p3XF2a6n6wHbozzd8JCsImAAogK7r8cK-0x3HM01EJDq6GG4MuYCGrpMwbPCmRcHmwb-QqBE9SRVgwlaX61AZIsj9QQVilCWACagZENi4yLjFyNZsBFQcXAFwDWAVWAkDKBl2LDk8kEcwLU5aTAVIAXq9PS3hhAEzazzogtv2XCQ0AAhJjAQIMg8Batg/ofertasv/?filter[tourOperator]=OREX&filter%5Bperson%5D=2&filter%5BchildAge%5D%5B1%5D=20201210&filter%5Bchild%5D=1"
"Sharm Grand Plaza Resort","8167.0","13.10.2026 - 20.10.2026","8 dni/7 nocy","","4.4","4.4","9439","tripadvisor","Katowice","2026-09-07T10:31:47.289415+00:00","https://fly.pl/oferta/egipt-wczasy/?filter[dest]=11:&filter[hotelids]=&filter[cityids]=&filter[cregids]=&filter[ofrType]=&filter[addObjType]=&filter[whenFrom]=10-10-2026&filter[whenTo]=05-11-2026&filter[duration]=7:10&filter[from]=&filter[person]=2&filter[child]=1&filter[price]=0:11000&filter[PriceFrom]=0&filter[PriceTo]=11000&filter[addCategory]=50&filter[addCatering]=1&filter[addMisc]=0&filter[addTransport]=F&filter[fp]=1&order_by=ofr_price&filter[tourOperator]=0&filter[childAge][1]=20201210","https://fly.pl/cdn/photo/assets/uploads/582/278/2014/07/SHARM-GRAND-PLAZA-RESORT-1.jpg","https://fly.pl/wycieczka/egipt,sharm-el-sheikh,c/grand-plaza-resort/pel859sxresZDJlEwROlG4AAogBB5dmdx4JpA8W-_ITFB8KDZPnluiPTRbLKmNIwYEcH4qBEVYSU0wlaX61AZI5z9QAVjVBmACagJBSXIhHBGKyga5BOr2PasEGxvnpjwY1_M9AZjj2u4KAgBjAQILBPQZiQ/ofertasv/?filter[tourOperator]=EXIM&filter%5Bperson%5D=2&filter%5BchildAge%5D%5B1%5D=20201210&filter%5Bchild%5D=1"
"IL Mercato Splash Aqua Park","8181.0","27.10.2026 - 03.11.2026","8 dni/7 nocy","","4.4","4.4","2256","tripadvisor","Katowice","2026-09-07T10:31:47.289415+00:00","https://fly.pl/oferta/egipt-wczasy/?filter[dest]=11:&filter[hotelids]=&filter[cityids]=&filter[cregids]=&filter[ofrType]=&filter[addObjType]=&filter[whenFrom]=10-10-2026&filter[whenTo]=05-11-2026&filter[duration]=7:10&filter[from]=&filter[person]=2&filter[child]=1&filter[price]=0:11000&filter[PriceFrom]=0&filter[PriceTo]=11000&filter[addCategory]=50&filter[addCatering]=1&filter[addMisc]=0&filter[addTransport]=F&filter[fp]=1&order_by=ofr_price&filter[tourOperator]=0&filter[childAge][1]=20201210","https://fly.pl/cdn/photo/assets/uploads/582/278/2014/07/Il-Mercato-Hotel-Spa-Sharm-El-Sheikh.jpg","https://fly.pl/wycieczka/egipt,sharm-el-sheikh,c/iberotel-il-mercato/pBEFnhczMi0530EfOX0FmrAAogmgKYuLW3IlSZVv1BvQ0bWHb6-M-63DqmxRqPbNTEi2wqBE9SRVgwlaX61AZI9T9QQVilCWACagVFLjIuMXI2mwEVBxcAXANYBVYCQMoGEfUMXe4LTyRLkrMBYQBepzBSpiBTAEyssDoNtv2XCSAAAhJjAQILFcumDA/ofertasv/?filter[tourOperator]=OREX&filter%5Bperson%5D=2&filter%5BchildAge%5D%5B1%5D=20201210&filter%5Bchild%5D=1"
"Ecotel Dahab Bay View Resort","8247.0","24.10.2026 - 31.10.2026","8 dni/7 nocy","","4.4","4.4","1231","tripadvisor","Warszawa","2026-09-07T10:31:47.289415+00:00","https://fly.pl/oferta/egipt-wczasy/?filter[dest]=11:&filter[hotelids]=&filter[cityids]=&filter[cregids]=&filter[ofrType]=&filter[addObjType]=&filter[whenFrom]=10-10-2026&filter[whenTo]=05-11-2026&filter[duration]=7:10&filter[from]=&filter[person]=2&filter[child]=1&filter[price]=0:11000&filter[PriceFrom]=0&filter[PriceTo]=11000&filter[addCategory]=50&filter[addCatering]=1&filter[addMisc]=0&filter[addTransport]=F&filter[fp]=1&order_by=ofr_price&filter[tourOperator]=0&filter[childAge][1]=20201210","https://fly.pl/cdn/photo/assets/uploads/582/278/2014/09/Ecotel-Dahab-Resort.jpg","https://fly.pl/wycieczka/egipt,dahab,c/mercure-dahab-bay-view/pdYh_B16d0zIutgi9S-cJ-AAogDte7oCU9PhRJZzBhNtOfRwAAAACbhAQAuIQEAAcAEgAqBFdFWlkwlaX61AZIt0BQQVjdCGADaglFbnRlciBBaXJqBDA4MDByQ54BlQEfAAIBHAAWBBcCEu0DGKEEE7ECFMkEEbwdQNZUTKCiAU8AS8cjUAAbu8gMHdj5AiAdDejHwgkBEmMBDGMBAgVvQZyK/ofertasv/?filter[tourOperator]=WEZY&filter%5Bperson%5D=2&filter%5BchildAge%5D%5B1%5D=20201210&filter%5Bchild%5D=1"
"Pyramisa Beach Resort Sahl Hasheesh","8267.0","29.10.2026 - 05.11.2026","8 dni/7 nocy","","4.1","4.1","3567","tripadvisor","Warszawa","2026-09-07T10:31:47.289415+00:00","https://fly.pl/oferta/egipt-wczasy/?filter[dest]=11:&filter[hotelids]=&filter[cityids]=&filter[cregids]=&filter[ofrType]=&filter[addObjType]=&filter[whenFrom]=10-10-2026&filter[whenTo]=05-11-2026&filter[duration]=7:10&filter[from]=&filter[person]=2&filter[child]=1&filter[price]=0:11000&filter[PriceFrom]=0&filter[PriceTo]=11000&filter[addCategory]=50&filter[addCatering]=1&filter[addMisc]=0&filter[addTransport]=F&filter[fp]=1&order_by=ofr_price&filter[tourOperator]=0&filter[childAge][1]=20201210","https://fly.pl/cdn/photo/assets/uploads/582/278/2015/04/Pyramisa-Beach-Resort-Sahl-Hasheesh.jpg","https://fly.pl/wycieczka/egipt,hurghada,sahl-hasheesh/dessole-pyramisa-beach-resort-ex-pyramisa-beach-r/psS2soV9L7l9GhGHZmQGEJAAogpMtDExQSI_k7P3_xIf9CbxLqCxxQb8S86Hh0k4aD-ioqBE9SRVgwlaX61AZIy0BQQVjVCWACagZFSC4yLjFyNZsBFQcXAFwDWAVWAhE1QJUGXZsPTyRT0p0BUgBer09L7UNhAEzljDoguP2XCQ0AAhJjAQILIsp-TQ/ofertasv/?filter[tourOperator]=OREX&filter%5Bperson%5D=2&filter%5BchildAge%5D%5B1%5D=20201210&filter%5Bchild%5D=1"
"Pickalbatros Golf Beach Resort","8274.0","27.10.2026 - 03.11.2026","8 dni/7 nocy","","4.5","4.5","317","tripadvisor","Warszawa - Modlin","2026-09-07T10:31:47.289415+00:00","https://fly.pl/oferta/egipt-wczasy/?filter[dest]=11:&filter[hotelids]=&filter[cityids]=&filter[cregids]=&filter[ofrType]=&filter[addObjType]=&filter[whenFrom]=10-10-2026&filter[whenTo]=05-11-2026&filter[duration]=7:10&filter[from]=&filter[person]=2&filter[child]=1&filter[price]=0:11000&filter[PriceFrom]=0&filter[PriceTo]=11000&filter[addCategory]=50&filter[addCatering]=1&filter[addMisc]=0&filter[addTransport]=F&filter[fp]=1&order_by=ofr_price&filter[tourOperator]=0&filter[childAge][1]=20201210","https://fly.pl/cdn/photo/assets/uploads/582/278/2014/07/Golf-Beach-Resort-Managed-by-Rixos.jpg","https://fly.pl/wycieczka/egipt,sharm-el-sheikh,c/maritim-jolie-ville-golf/ptyvNtf_I7iSFbJjWgfS10AAoghYYPjE1bw85S0IY3eOwrXZgpXVUQjygZk0IwIA3_YjEqBE9BU0kwlaX61AZI0kBQAVilCWACagNBSWxyIRwR6q8BuQTa9g-rBAIbyLQPGN-AEwHJ1fSlAgIAYwECDCgkvdc/ofertasv/?filter[tourOperator]=OASI&filter%5Bperson%5D=2&filter%5BchildAge%5D%5B1%5D=20201210&filter%5Bchild%5D=1"
"Dreams Vacation Sharm Resort","8287.0","13.10.2026 - 20.10.2026","8 dni/7 nocy","","3.8","3.8","1165","tripadvisor","Katowice","2026-09-07T10:31:47.289415+00:00","https://fly.pl/oferta/egipt-wczasy/?filter[dest]=11:&filter[hotelids]=&filter[cityids]=&filter[cregids]=&filter[ofrType]=&filter[addObjType]=&filter[whenFrom]=10-10-2026&filter[whenTo]=05-11-2026&filter[duration]=7:10&filter[from]=&filter[person]=2&filter[child]=1&filter[price]=0:11000&filter[PriceFrom]=0&filter[PriceTo]=11000&filter[addCategory]=50&filter[addCatering]=1&filter[addMisc]=0&filter[addTransport]=F&filter[fp]=1&order_by=ofr_price&filter[tourOperator]=0&filter[childAge][1]=20201210","https://fly.pl/cdn/photo/assets/uploads/582/278/2014/07/Dreams-Vacation-fly-pl.jpg","https://fly.pl/wycieczka/egipt,sharm-el-sheikh,szarm-el-szejk/dreams-vacation/pIhAy9ANObJLBkF1tFuiEHAAogF5_sMG2MTXoXa6YjBlH1PTZPnluiPTRbLKmNIwYEcH4qBEVYSU0wlaX61AZI30BQAVjVBmACagJBSXIhHBGcuwa5BNiFPqsEGxv2iTAY6_c2AezC75QJAgBjAQILAqsXtw/ofertasv/?filter[tourOperator]=EXIM&filter%5Bperson%5D=2&filter%5BchildAge%5D%5B1%5D=20201210&filter%5Bchild%5D=1"
"Siva Golden Bay Makadi","8297.0","18.10.2026 - 25.10.2026","8 dni/7 nocy","","4.6","4.6","854","tripadvisor","Katowice","2026-09-07T10:31:47.289415+00:00","https://fly.pl/oferta/egipt-wczasy/?filter[dest]=11:&filter[hotelids]=&filter[cityids]=&filter[cregids]=&filter[ofrType]=&filter[addObjType]=&filter[whenFrom]=10-10-2026&filter[whenTo]=05-11-2026&filter[duration]=7:10&filter[from]=&filter[person]=2&filter[child]=1&filter[price]=0:11000&filter[PriceFrom]=0&filter[PriceTo]=11000&filter[addCategory]=50&filter[addCatering]=1&filter[addMisc]=0&filter[addTransport]=F&filter[fp]=1&order_by=ofr_price&filter[tourOperator]=0&filter[childAge][1]=20201210","https://fly.pl/cdn/photo/assets/uploads/582/278/2024/07/siva-golden-bay-makadi.jpg","https://fly.pl/wycieczka/egipt,hurghada,makadi-bay/siva-golden-bay-makadi-10/pn_x-phTcw6IQXB3Djz1rnAAogFoGYsZndrVkT9VyNNUGAMdxyXMZrTxlhX5xZupZbN-sqBEVYSU0wlaX61AZI6UBQAVjNB2ACagJBSXIhHBHGuwa5BPGCPqsEHBvC4i8Yptk2AayStYsJAgBjAQIHq7IyKQ/ofertasv/?filter[tourOperator]=EXIM&filter%5Bperson%5D=2&filter%5BchildAge%5D%5B1%5D=20201210&filter%5Bchild%5D=1"
"Stella Beach Resort & Spa","8298.0","27.10.2026 - 03.11.2026","8 dni/7 nocy","","4.4","4.4","6853","tripadvisor","Poznań","2026-09-07T10:31:47.289415+00:00","https://fly.pl/oferta/egipt-wczasy/?filter[dest]=11:&filter[hotelids]=&filter[cityids]=&filter[cregids]=&filter[ofrType]=&filter[addObjType]=&filter[whenFrom]=10-10-2026&filter[whenTo]=05-11-2026&filter[duration]=7:10&filter[from]=&filter[person]=2&filter[child]=1&filter[price]=0:11000&filter[PriceFrom]=0&filter[PriceTo]=11000&filter[addCategory]=50&filter[addCatering]=1&filter[addMisc]=0&filter[addTransport]=F&filter[fp]=1&order_by=ofr_price&filter[tourOperator]=0&filter[childAge][1]=20201210","https://fly.pl/cdn/photo/assets/uploads/582/278/2014/10/Stella-Di-Mare-Beach-Resort-Spa.jpg","https://fly.pl/wycieczka/egipt,hurghada,makadi-bay/stella-makadi-resort/pdQAaK5mQuPZ_RnphXFx_oAAogMDbk_oDGd8Db9tB2h09UWIMuYCGrpMwbPCmRcHmwb-QqBE9SRVgwlaX61AZI6kBQQVilCWACagZaSS4yLjFyNJsBFQcXAFgIVgJcCEDCBl2LDhEQTxRT4p4BUgBer09LeGEATNrPOiC2_ZcJDQACEmMBAg2mkzuj/ofertasv/?filter[tourOperator]=OREX&filter%5Bperson%5D=2&filter%5BchildAge%5D%5B1%5D=20201210&filter%5Bchild%5D=1"
"Swiss Inn Resort Hurghada (ex. Hilton Hurghada Resort)","8309.0","27.10.2026 - 03.11.2026","9 dni/7 nocy","","4.5","4.5","1875","tripadvisor","Warszawa - Modlin","2026-09-07T10:31:47.289415+00:00","https://fly.pl/oferta/egipt-wczasy/?filter[dest]=11:&filter[hotelids]=&filter[cityids]=&filter[cregids]=&filter[ofrType]=&filter[addObjType]=&filter[whenFrom]=10-10-2026&filter[whenTo]=05-11-2026&filter[duration]=7:10&filter[from]=&filter[person]=2&filter[child]=1&filter[price]=0:11000&filter[PriceFrom]=0&filter[PriceTo]=11000&filter[addCategory]=50&filter[addCatering]=1&filter[addMisc]=0&filter[addTransport]=F&filter[fp]=1&order_by=ofr_price&filter[tourOperator]=0&filter[childAge][1]=20201210","https://fly.pl/cdn/photo/assets/uploads/582/278/2014/07/Swiss-Inn-Resort-Hurghada.jpg","https://fly.pl/wycieczka/egipt,hurghada,c/hilton-resort/pO5Fd9nxYGFNthg2lRB7RYAAogH_aOMNR5UxSWQO-UvMdh4X-RivCO5fCdWQwfiBpU-nUqBE9BU0kwlaX61AZI9UBQAVilCWACagNBSWxyIBwRvHarBLCoELkEQBunzQ0YoewSAZGwtJkCAgBjAQIGrkirEQ/ofertasv/?filter[tourOperator]=OASI&filter%5Bperson%5D=2&filter%5BchildAge%5D%5B1%5D=20201210&filter%5Bchild%5D=1"
"Pickalbatros Laguna Club Resort","8341.0","28.10.2026 - 04.11.2026","9 dni/7 nocy","","4.9","4.9","672","tripadvisor","Gdańsk","2026-09-07T10:31:47.289415+00:00","https://fly.pl/oferta/egipt-wczasy/?filter[dest]=11:&filter[hotelids]=&filter[cityids]=&filter[cregids]=&filter[ofrType]=&filter[addObjType]=&filter[whenFrom]=10-10-2026&filter[whenTo]=05-11-2026&filter[duration]=7:10&filter[from]=&filter[person]=2&filter[child]=1&filter[price]=0:11000&filter[PriceFrom]=0&filter[PriceTo]=11000&filter[addCategory]=50&filter[addCatering]=1&filter[addMisc]=0&filter[addTransport]=F&filter[fp]=1&order_by=ofr_price&filter[tourOperator]=0&filter[childAge][1]=20201210","https://fly.pl/cdn/photo/assets/uploads/582/278/2023/09/Albatros-Laguna-Club-Resor.jpg","https://fly.pl/wycieczka/egipt,sharm-el-sheikh,szarm-el-szejk/albatros-laguna-club-resort-14/pD0vzTSRKX_HsppMOomgjeAAogwnT3WmZTAkK10kPMNGVhOqu3NSZzm0PuyXGyBe07ojIqBEJWUFIwlaX61AZIlUFQAVi9CWACag1BbGwgaW5jbHVzaXZlciAcEfw7G7vcBhjsnA-5BJrzFasEKwGJ8PH5AQIAYwEEDL9UqrI/ofertasv/?filter[tourOperator]=BVPR&filter%5Bperson%5D=2&filter%5BchildAge%5D%5B1%5D=20201210&filter%5Bchild%5D=1"
"Stella Di Mare Beach & Spa","8391.0","28.10.2026 - 04.11.2026","9 dni/7 nocy","","4.8","4.8","7448","tripadvisor","Gdańsk","2026-09-07T10:31:47.289415+00:00","https://fly.pl/oferta/egipt-wczasy/?filter[dest]=11:&filter[hotelids]=&filter[cityids]=&filter[cregids]=&filter[ofrType]=&filter[addObjType]=&filter[whenFrom]=10-10-2026&filter[whenTo]=05-11-2026&filter[duration]=7:10&filter[from]=&filter[person]=2&filter[child]=1&filter[price]=0:11000&filter[PriceFrom]=0&filter[PriceTo]=11000&filter[addCategory]=50&filter[addCatering]=1&filter[addMisc]=0&filter[addTransport]=F&filter[fp]=1&order_by=ofr_price&filter[tourOperator]=0&filter[childAge][1]=20201210","https://fly.pl/cdn/photo/assets/uploads/582/278/2014/07/Stella-Di-Mare-Beach-sharm.jpg","https://fly.pl/wycieczka/egipt,sharm-el-sheikh,szarm-el-szejk/stella-di-mare-beach-spa/pLWVYTtUs_FGDUrEy8Bd9gAAogbD8yzahyDUTcIGER5cmtxHIhrbyPomD2uW-Fwn8rcgYqBE9BU0kwlaX61AZIx0FQAVi9CWACagNBSStyIRwRrq8BuQTFqxCrBBIb4qEMGLvwEwH6q56pAgIAYwECDFY5nrU/ofertasv/?filter[tourOperator]=OASI&filter%5Bperson%5D=2&filter%5BchildAge%5D%5B1%5D=20201210&filter%5Bchild%5D=1"
"Radisson Individuals Marina Port Ghalib (ex. Sunrise Marina Resort)","8396.0","25.10.2026 - 01.11.2026","8 dni/7 nocy","","4.6","4.6","3563","tripadvisor","Zielona Góra","2026-09-07T10:31:47.289415+00:00","https://fly.pl/oferta/egipt-wczasy/?filter[dest]=11:&filter[hotelids]=&filter[cityids]=&filter[cregids]=&filter[ofrType]=&filter[addObjType]=&filter[whenFrom]=10-10-2026&filter[whenTo]=05-11-2026&filter[duration]=7:10&filter[from]=&filter[person]=2&filter[child]=1&filter[price]=0:11000&filter[PriceFrom]=0&filter[PriceTo]=11000&filter[addCategory]=50&filter[addCatering]=1&filter[addMisc]=0&filter[addTransport]=F&filter[fp]=1&order_by=ofr_price&filter[tourOperator]=0&filter[childAge][1]=20201210","https://fly.pl/cdn/photo/assets/uploads/582/278/2015/04/RADISSON-INDIVIDUALS-MARINA.jpg","https://fly.pl/wycieczka/egipt,marsa-alam,port-ghalib/rehana-port-ghalib-resort/p_IfTsNcys-dsBziFQExZlAAog5ldB4OmrV98bqey45GqvJgAAAABkgwQAtrkEAAcAAQAqBFdFWlkwlaX61AZIzEFQQVj1CGADaglFbnRlciBBaXJqBDA4NTVyQp4BlQEfAAIBHAAWBBcCE9YJGFoU5wQShjkRhh5A9xpLhzlQAEyvXU8AHY3vDyDSbBv2rAQN9bC9CQESYwEOYwECBmNyGlU/ofertasv/?filter[tourOperator]=WEZY&filter%5Bperson%5D=2&filter%5BchildAge%5D%5B1%5D=20201210&filter%5Bchild%5D=1"
"Domina Coral Bay Aquamarine","8438.0","25.10.2026 - 01.11.2026","8 dni/7 nocy","","4.2","4.2","12412","tripadvisor","Katowice","2026-09-07T10:31:47.289415+00:00","https://fly.pl/oferta/egipt-wczasy/?filter[dest]=11:&filter[hotelids]=&filter[cityids]=&filter[cregids]=&filter[ofrType]=&filter[addObjType]=&filter[whenFrom]=10-10-2026&filter[whenTo]=05-11-2026&filter[duration]=7:10&filter[from]=&filter[person]=2&filter[child]=1&filter[price]=0:11000&filter[PriceFrom]=0&filter[PriceTo]=11000&filter[addCategory]=50&filter[addCatering]=1&filter[addMisc]=0&filter[addTransport]=F&filter[fp]=1&order_by=ofr_price&filter[tourOperator]=0&filter[childAge][1]=20201210","https://fly.pl/cdn/photo/assets/uploads/582/278/2014/07/Domina-Coral-Bay-Aquamarine.jpg","https://fly.pl/wycieczka/egipt,sharm-el-sheikh,c/domina-coral-bay-aquamarine/pzY40_X4lLO8Pl8Nk-u-8lAAogvNP_iNpI5solrOOYWeIt__-8lKSM_XY3X6eU8q1GIdEqBE9BU0kwlaX61AZI9kFQAVj1CGACagNBSWxyIRwRoq8BqwT1qxC5BCsbzK4NGK_aEgGf64qpAgIAYwECDEzZkxk/ofertasv/?filter[tourOperator]=OASI&filter%5Bperson%5D=2&filter%5BchildAge%5D%5B1%5D=20201210&filter%5Bchild%5D=1"
"Concorde El Salam Sport","8464.0","27.10.2026 - 03.11.2026","8 dni/7 nocy","","4.8","4.8","1477","tripadvisor","Warszawa - Modlin","2026-09-07T10:31:47.289415+00:00","https://fly.pl/oferta/egipt-wczasy/?filter[dest]=11:&filter[hotelids]=&filter[cityids]=&filter[cregids]=&filter[ofrType]=&filter[addObjType]=&filter[whenFrom]=10-10-2026&filter[whenTo]=05-11-2026&filter[duration]=7:10&filter[from]=&filter[person]=2&filter[child]=1&filter[price]=0:11000&filter[PriceFrom]=0&filter[PriceTo]=11000&filter[addCategory]=50&filter[addCatering]=1&filter[addMisc]=0&filter[addTransport]=F&filter[fp]=1&order_by=ofr_price&filter[tourOperator]=0&filter[childAge][1]=20201210","https://fly.pl/cdn/photo/assets/uploads/582/278/2024/07/concorde-el-salam-sport.jpg","https://fly.pl/wycieczka/egipt,sharm-el-sheikh,szarm-el-szejk/concorde-el-salam-sport-15/p_NkovXZWMy0oa8HYr7uZZAAog-xjyYLmQUxwR7ojpSi-zgpgpXVUQjygZk0IwIA3_YjEqBE9BU0kwlaX61AZIkEJQAVilCWACagNBSWxyIRwR-q8BuQTK9g-rBAIbrpAPGPKcEgHn16WfAgICYwECCzAzDrk/ofertasv/?filter[tourOperator]=OASI&filter%5Bperson%5D=2&filter%5BchildAge%5D%5B1%5D=20201210&filter%5Bchild%5D=1"
"Stella Gardens Resort & Spa (ex Stella Di Mare Gardens)","8473.0","14.10.2026 - 21.10.2026","8 dni/7 nocy","","4.5","4.5","2755","tripadvisor","Katowice","2026-09-07T10:31:47.289415+00:00","https://fly.pl/oferta/egipt-wczasy/?filter[dest]=11:&filter[hotelids]=&filter[cityids]=&filter[cregids]=&filter[ofrType]=&filter[addObjType]=&filter[whenFrom]=10-10-2026&filter[whenTo]=05-11-2026&filter[duration]=7:10&filter[from]=&filter[person]=2&filter[child]=1&filter[price]=0:11000&filter[PriceFrom]=0&filter[PriceTo]=11000&filter[addCategory]=50&filter[addCatering]=1&filter[addMisc]=0&filter[addTransport]=F&filter[fp]=1&order_by=ofr_price&filter[tourOperator]=0&filter[childAge][1]=20201210","https://fly.pl/cdn/photo/assets/uploads/582/278/2014/10/Stella-Di-Mare-Gardens-Resort-Spa.jpg","https://fly.pl/wycieczka/egipt,hurghada,makadi-bay/stella-makadi-garden/pEUdUPb1hWGP7KuXWjDK02AAog3b7o2x_OmWTihTvjnxAouNQ85krozDkw2BfFht7tPUIqBEpPSVAwlaX61AZImUJQQVjtBmACagMwMEZyQpsBFAEVBhcAXANYBVYCQMoGT-IBXQBSr6sBUwBLiB9hABG-EV7pHkzS0DoNqf2XCSAAAbi7-LCzhsygMAIOYwEADcaCheY/ofertasv/?filter[tourOperator]=JOIP&filter%5Bperson%5D=2&filter%5BchildAge%5D%5B1%5D=20201210&filter%5Bchild%5D=1"
"Concorde Moreen Beach Resort & Spa","8483.0","29.10.2026 - 05.11.2026","8 dni/7 nocy","","4.5","4.5","5598","tripadvisor","Katowice","2026-09-07T10:31:47.289415+00:00","https://fly.pl/oferta/egipt-wczasy/?filter[dest]=11:&filter[hotelids]=&filter[cityids]=&filter[cregids]=&filter[ofrType]=&filter[addObjType]=&filter[whenFrom]=10-10-2026&filter[whenTo]=05-11-2026&filter[duration]=7:10&filter[from]=&filter[person]=2&filter[child]=1&filter[price]=0:11000&filter[PriceFrom]=0&filter[PriceTo]=11000&filter[addCategory]=50&filter[addCatering]=1&filter[addMisc]=0&filter[addTransport]=F&filter[fp]=1&order_by=ofr_price&filter[tourOperator]=0&filter[childAge][1]=20201210","https://fly.pl/cdn/photo/assets/uploads/582/278/2014/07/Concorde-Moreen-Beach-Resort-Spa-fly-pl.jpg","https://fly.pl/wycieczka/egipt,marsa-alam,c/concorde-moreen-beach-spa-resort/pxGRpo6BElGJc_KqtfQrC4AAogRv_RICAUWApNhZrT6PeqL8f7aOogEcfP-IyfG5F-ZlYqBE9SRVgwlaX61AZIo0JQQVjVCWACagZESS4yLjFyNpsBFQcXAFwDWAVWAkDKBhHuDV3FNE8kS8KJAWEAXqcwUrwUUwBMlrw6Dbj9lwkgAAISYwECC-iuNOk/ofertasv/?filter[tourOperator]=OREX&filter%5Bperson%5D=2&filter%5BchildAge%5D%5B1%5D=20201210&filter%5Bchild%5D=1"
"Serenity Alpha Beach (ex. Serenity Makadi Beach)","8483.0","29.10.2026 - 05.11.2026","8 dni/7 nocy","","4.6","4.6","6613","tripadvisor","Warszawa","2026-09-07T10:31:47.289415+00:00","https://fly.pl/oferta/egipt-wczasy/?filter[dest]=11:&filter[hotelids]=&filter[cityids]=&filter[cregids]=&filter[ofrType]=&filter[addObjType]=&filter[whenFrom]=10-10-2026&filter[whenTo]=05-11-2026&filter[duration]=7:10&filter[from]=&filter[person]=2&filter[child]=1&filter[price]=0:11000&filter[PriceFrom]=0&filter[PriceTo]=11000&filter[addCategory]=50&filter[addCatering]=1&filter[addMisc]=0&filter[addTransport]=F&filter[fp]=1&order_by=ofr_price&filter[tourOperator]=0&filter[childAge][1]=20201210","https://fly.pl/cdn/photo/assets/uploads/582/278/2014/07/Serenity-Alpha-Beach.jpg","https://fly.pl/wycieczka/egipt,hurghada,makadi-bay/serenity-makadi-heights/pNFUchiFPLa2xptjI1BeuYAAogcp_BFHlt8q7lb_VR8aPPgxLqCxxQb8S86Hh0k4aD-ioqBE9SRVgwlaX61AZIo0JQQVjVCWACagZDWC4yLjFyNZsBFQcXAFgIVgJcCBH6BUBIXZsPTyRT0p0BUgBer09L7UNhAEzljDoguP2XCQ0AAhJjAQIM_9qC-w/ofertasv/?filter[tourOperator]=OREX&filter%5Bperson%5D=2&filter%5BchildAge%5D%5B1%5D=20201210&filter%5Bchild%5D=1"
"Creek Hotel and Residences","8492.0","22.10.2026 - 29.10.2026","8 dni/7 nocy","","4.8","4.8","219","tripadvisor","Warszawa - Radom","2026-09-07T10:31:47.289415+00:00","https://fly.pl/oferta/egipt-wczasy/?filter[dest]=11:&filter[hotelids]=&filter[cityids]=&filter[cregids]=&filter[ofrType]=&filter[addObjType]=&filter[whenFrom]=10-10-2026&filter[whenTo]=05-11-2026&filter[duration]=7:10&filter[from]=&filter[person]=2&filter[child]=1&filter[price]=0:11000&filter[PriceFrom]=0&filter[PriceTo]=11000&filter[addCategory]=50&filter[addCatering]=1&filter[addMisc]=0&filter[addTransport]=F&filter[fp]=1&order_by=ofr_price&filter[tourOperator]=0&filter[childAge][1]=20201210","https://fly.pl/cdn/photo/assets/uploads/582/278/2024/07/creek-hotel-residences.jpg","https://fly.pl/wycieczka/egipt,hurghada,al-dzuna/creek-hotel-residences-9/pvb3vhLAH8oI7Ije7nGn0YAAogQIxuNaKCn6l5hB_Z_qyL-yWlkVtJMYzcX-uCortsPpUqBE9SRVgwlaX61AZIrEJQQVitCGACagdNMkUuMi4xcjabARUHFwBcA1gFVgJAygZd0w5PbBGCB1PQlgFSAF6vT0uBEmEATNG-OiCx_ZcJDQACEmMBAgsEdI9u/ofertasv/?filter[tourOperator]=OREX&filter%5Bperson%5D=2&filter%5BchildAge%5D%5B1%5D=20201210&filter%5Bchild%5D=1"
"Casa Mare Resort (ex. Royal Tulip Beach Resort)","8497.0","10.10.2026 - 18.10.2026","9 dni/7 nocy","","4.7","4.7","4700","tripadvisor","Katowice","2026-09-07T10:31:47.289415+00:00","https://fly.pl/oferta/egipt-wczasy/?filter[dest]=11:&filter[hotelids]=&filter[cityids]=&filter[cregids]=&filter[ofrType]=&filter[addObjType]=&filter[whenFrom]=10-10-2026&filter[whenTo]=05-11-2026&filter[duration]=7:10&filter[from]=&filter[person]=2&filter[child]=1&filter[price]=0:11000&filter[PriceFrom]=0&filter[PriceTo]=11000&filter[addCategory]=50&filter[addCatering]=1&filter[addMisc]=0&filter[addTransport]=F&filter[fp]=1&order_by=ofr_price&filter[tourOperator]=0&filter[childAge][1]=20201210","https://fly.pl/cdn/photo/assets/uploads/582/278/2015/12/Casa-Mare-Resort.jpg","https://fly.pl/wycieczka/egipt,marsa-alam,c/royal-tulip-beach-resort/pXmY7CmhM4FY8KCFpaKVWfAAogqLMKkhlpYrsElTDzcFdAVJAPaq7t_caFLM2yOUCCvvcqBFZJVFgwlaX61AZIsUJQQViNBmACckAaABUHFwBcA1gFQI8DW5eFAWG_SksAXqcwUrwUUwBMoOQ5DZvVmAkgAV2q65HsqAFPlNqZijdR3tcZAg5jAQINF8epeA/ofertasv/?filter[tourOperator]=VITX&filter%5Bperson%5D=2&filter%5BchildAge%5D%5B1%5D=20201210&filter%5Bchild%5D=1"
"Jaz Belvedere","8514.0","27.10.2026 - 03.11.2026","8 dni/7 nocy","","4.5","4.5","3280","tripadvisor","Warszawa - Modlin","2026-09-07T10:31:47.289415+00:00","https://fly.pl/oferta/egipt-wczasy/?filter[dest]=11:&filter[hotelids]=&filter[cityids]=&filter[cregids]=&filter[ofrType]=&filter[addObjType]=&filter[whenFrom]=10-10-2026&filter[whenTo]=05-11-2026&filter[duration]=7:10&filter[from]=&filter[person]=2&filter[child]=1&filter[price]=0:11000&filter[PriceFrom]=0&filter[PriceTo]=11000&filter[addCategory]=50&filter[addCatering]=1&filter[addMisc]=0&filter[addTransport]=F&filter[fp]=1&order_by=ofr_price&filter[tourOperator]=0&filter[childAge][1]=20201210","https://fly.pl/cdn/photo/assets/uploads/582/278/2014/07/Jaz-Belvedere.jpg","https://fly.pl/wycieczka/egipt,sharm-el-sheikh,c/jaz-belvedere/pHmGCBhYAkalL0WwZbNvLZAAogpDRXhWjgnXq8iFr8Re3Nv5gpXVUQjygZk0IwIA3_YjEqBE9BU0kwl6X61AZIwkJQAVilCWACagNBSWxyIRwRhbABuQS_9g-rBAIbsbAPGLLyEgGTsOakAgIAYwECDOUCPv4/ofertasv/?filter[tourOperator]=OASI&filter%5Bperson%5D=2&filter%5BchildAge%5D%5B1%5D=20201210&filter%5Bchild%5D=1"
"Rehana Royal Beach Resort & Spa","8528.0","27.10.2026 - 03.11.2026","8 dni/7 nocy","","4.3","4.3","4670","tripadvisor","Katowice","2026-09-07T10:31:47.289415+00:00","https://fly.pl/oferta/egipt-wczasy/?filter[dest]=11:&filter[hotelids]=&filter[cityids]=&filter[cregids]=&filter[ofrType]=&filter[addObjType]=&filter[whenFrom]=10-10-2026&filter[whenTo]=05-11-2026&filter[duration]=7:10&filter[from]=&filter[person]=2&filter[child]=1&filter[price]=0:11000&filter[PriceFrom]=0&filter[PriceTo]=11000&filter[addCategory]=50&filter[addCatering]=1&filter[addMisc]=0&filter[addTransport]=F&filter[fp]=1&order_by=ofr_price&filter[tourOperator]=0&filter[childAge][1]=20201210","https://fly.pl/cdn/photo/assets/uploads/582/278/2016/11/Rehana-Royal-Beach-Resort-amp-Spa.jpg","https://fly.pl/wycieczka/egipt,sharm-el-sheikh,c/rehana-royal-beach-resort-spa/p9UqlnUVf-6-C9m5gH2ItoAAogt5ELkX0PBks9dYuE-z8avnb6-M-63DqmxRqPbNTEi2wqBE9SRVgwl6X61AZI0EJQQVilCWACagVZLjIuMXI2mwEVBxcAWAhWAlwKQMAGEeAPXYMJTyRLkrMBYQBepzBSpiBTAEyssDoNtv2XCSAAAhJjAQIMEVtFHw/ofertasv/?filter[tourOperator]=OREX&filter%5Bperson%5D=2&filter%5BchildAge%5D%5B1%5D=20201210&filter%5Bchild%5D=1"
"Jaz Neo Naama Bay","8540.0","24.10.2026 - 31.10.2026","8 dni/7 nocy","","4.7","4.7","4826","tripadvisor","Warszawa","2026-09-07T10:31:47.289415+00:00","https://fly.pl/oferta/egipt-wczasy/?filter[dest]=11:&filter[hotelids]=&filter[cityids]=&filter[cregids]=&filter[ofrType]=&filter[addObjType]=&filter[whenFrom]=10-10-2026&filter[whenTo]=05-11-2026&filter[duration]=7:10&filter[from]=&filter[person]=2&filter[child]=1&filter[price]=0:11000&filter[PriceFrom]=0&filter[PriceTo]=11000&filter[addCategory]=50&filter[addCatering]=1&filter[addMisc]=0&filter[addTransport]=F&filter[fp]=1&order_by=ofr_price&filter[tourOperator]=0&filter[childAge][1]=20201210","https://fly.pl/cdn/photo/assets/uploads/582/278/2014/10/Sol-Y-Mar-Naama-Bay.jpg","https://fly.pl/wycieczka/egipt,sharm-el-sheikh,c/sol-y-mar-naama-bay/ppehNEiF5APc40nILwmborAAoggym6YnPjYGJ5zhspmCUMOgAAAACbhAQAuIQEAAcAEgAqBFdFWlkwl6X61AZI3EJQQVjdCGADaglFbnRlciBBaXJqBDA4MDByQ54BlQEfAAIBHAAWBBcCEu0DGKEEE7ECFMkEEbgPQNpiTKCiAU8AS8cjUAAb3_QJHbTNBSAdDejHwgkBEmMBDWMBAwXriWJ2/ofertasv/?filter[tourOperator]=WEZY&filter%5Bperson%5D=2&filter%5BchildAge%5D%5B1%5D=20201210&filter%5Bchild%5D=1"
"Swissotel Resort El Quseir","8568.0","24.10.2026 - 31.10.2026","8 dni/7 nocy","","4.4","4.4","3131","tripadvisor","Warszawa","2026-09-07T10:31:47.289415+00:00","https://fly.pl/oferta/egipt-wczasy/?filter[dest]=11:&filter[hotelids]=&filter[cityids]=&filter[cregids]=&filter[ofrType]=&filter[addObjType]=&filter[whenFrom]=10-10-2026&filter[whenTo]=05-11-2026&filter[duration]=7:10&filter[from]=&filter[person]=2&filter[child]=1&filter[price]=0:11000&filter[PriceFrom]=0&filter[PriceTo]=11000&filter[addCategory]=50&filter[addCatering]=1&filter[addMisc]=0&filter[addTransport]=F&filter[fp]=1&order_by=ofr_price&filter[tourOperator]=0&filter[childAge][1]=20201210","https://fly.pl/cdn/photo/assets/uploads/582/278/2015/02/RADISSON-BLU-m.jpg","https://fly.pl/wycieczka/egipt,marsa-alam,al-kusajr/radisson-blu-resort-el-quseir/p_ufPnzh7i_NT4vvLKOY0hAAogUznc4aYMLrrNJL1bvwg8nKaYQYkkWuEfcVdFg92vHHIqBE9SRVgwl6X61AZI-EJQQVjdCGACagZESS4yLjFyNpsBFQcXAFwDWAVWAkDKBhHtFV2WDk8kXpnYAVO8FFIAS7EvYQBM5Yw6ILP9lwkNAAISYwECCyosbcc/ofertasv/?filter[tourOperator]=OREX&filter%5Bperson%5D=2&filter%5BchildAge%5D%5B1%5D=20201210&filter%5Bchild%5D=1"
"Golf Villas And Suites Sharm","8576.0","27.10.2026 - 03.11.2026","8 dni/7 nocy","","4.8","4.8","356","tripadvisor","Warszawa - Modlin","2026-09-07T10:31:47.289415+00:00","https://fly.pl/oferta/egipt-wczasy/?filter[dest]=11:&filter[hotelids]=&filter[cityids]=&filter[cregids]=&filter[ofrType]=&filter[addObjType]=&filter[whenFrom]=10-10-2026&filter[whenTo]=05-11-2026&filter[duration]=7:10&filter[from]=&filter[person]=2&filter[child]=1&filter[price]=0:11000&filter[PriceFrom]=0&filter[PriceTo]=11000&filter[addCategory]=50&filter[addCatering]=1&filter[addMisc]=0&filter[addTransport]=F&filter[fp]=1&order_by=ofr_price&filter[tourOperator]=0&filter[childAge][1]=20201210","https://fly.pl/cdn/photo/assets/uploads/582/278/2014/07/Maritim-Jolie-Ville-Royal-Peninsula-fly-pl.jpg","https://fly.pl/wycieczka/egipt,sharm-el-sheikh,c/maritim-jolie-ville-royal-peninsula/p6ed8iknFE34u_7B70YnXBAAogpzidkRvKJtB-R2CTz6b2XZgpXVUQjygZk0IwIA3_YjEqBE9BU0kwl6X61AZIgENQAVilCWACagNBSWxyIRwR7q8BuQTW9g-rBAIblbQPGJOAEwH4rOulAgIAYwECDGMW-ts/ofertasv/?filter[tourOperator]=OASI&filter%5Bperson%5D=2&filter%5BchildAge%5D%5B1%5D=20201210&filter%5Bchild%5D=1"
"Retac Qunay Dahab Resort & Spa","8602.0","13.10.2026 - 21.10.2026","9 dni/8 nocy","","4.3","4.3","1707","tripadvisor","Rzeszów","2026-09-07T10:31:47.289415+00:00","https://fly.pl/oferta/egipt-wczasy/?filter[dest]=11:&filter[hotelids]=&filter[cityids]=&filter[cregids]=&filter[ofrType]=&filter[addObjType]=&filter[whenFrom]=10-10-2026&filter[whenTo]=05-11-2026&filter[duration]=7:10&filter[from]=&filter[person]=2&filter[child]=1&filter[price]=0:11000&filter[PriceFrom]=0&filter[PriceTo]=11000&filter[addCategory]=50&filter[addCatering]=1&filter[addMisc]=0&filter[addTransport]=F&filter[fp]=1&order_by=ofr_price&filter[tourOperator]=0&filter[childAge][1]=20201210","https://fly.pl/cdn/photo/assets/uploads/582/278/2014/09/Retac-Qunay-Dahab.jpg","https://fly.pl/wycieczka/egipt,dahab,c/le-meridien-dahab-bay/pk-xdt1y_Ibj9QOAQro08IAAogaYjHUiP2my3qB9g9uPSD41NnE2Slq2kbuSTk0XNV9tsqBEpPSVAwl6X61AZImkNQQVjVBmACagNDR21yQpsBFAEVBhcBXAJYBVYCQMoGT-IBXQARrdEBXrEpS48YYQBSlwhTAEyssDoNqP2XCSABAcPD8LiliMygMAINYwEACxMV0cA/ofertasv/?filter[tourOperator]=JOIP&filter%5Bperson%5D=2&filter%5BchildAge%5D%5B1%5D=20201210&filter%5Bchild%5D=1"
"Bellagio Beach Resort & Spa (ex. Panorama Bungalows Hurghada)","8603.0","27.10.2026 - 03.11.2026","9 dni/7 nocy","","4.3","4.3","4466","tripadvisor","Warszawa - Modlin","2026-09-07T10:31:47.289415+00:00","https://fly.pl/oferta/egipt-wczasy/?filter[dest]=11:&filter[hotelids]=&filter[cityids]=&filter[cregids]=&filter[ofrType]=&filter[addObjType]=&filter[whenFrom]=10-10-2026&filter[whenTo]=05-11-2026&filter[duration]=7:10&filter[from]=&filter[person]=2&filter[child]=1&filter[price]=0:11000&filter[PriceFrom]=0&filter[PriceTo]=11000&filter[addCategory]=50&filter[addCatering]=1&filter[addMisc]=0&filter[addTransport]=F&filter[fp]=1&order_by=ofr_price&filter[tourOperator]=0&filter[childAge][1]=20201210","https://fly.pl/cdn/photo/assets/uploads/582/278/2014/07/Bellagio-Beach-Resort-Spa.jpg","https://fly.pl/wycieczka/egipt,hurghada,c/panorama-bungalow-resort/pF9LUvdR-OJbZKvjdmTPJqAAogoK4a5Uw56w1MYlVlKRL723-RivCO5fCdWQwfiBpU-nUqBE9BU0kwl6X61AZIm0NQAVilCWACagNBSWxyIBwR7narBP6nELkEQBuMqg4Yy4ASAfHznZkCAgBjAQINaaqqKA/ofertasv/?filter[tourOperator]=OASI&filter%5Bperson%5D=2&filter%5BchildAge%5D%5B1%5D=20201210&filter%5Bchild%5D=1"
"Serenity Alma Heights (ex. Serenity Fun City)","8631.0","22.10.2026 - 29.10.2026","8 dni/7 nocy","","4.7","4.7","5509","tripadvisor","Warszawa - Radom","2026-09-07T10:31:47.289415+00:00","https://fly.pl/oferta/egipt-wczasy/?filter[dest]=11:&filter[hotelids]=&filter[cityids]=&filter[cregids]=&filter[ofrType]=&filter[addObjType]=&filter[whenFrom]=10-10-2026&filter[whenTo]=05-11-2026&filter[duration]=7:10&filter[from]=&filter[person]=2&filter[child]=1&filter[price]=0:11000&filter[PriceFrom]=0&filter[PriceTo]=11000&filter[addCategory]=50&filter[addCatering]=1&filter[addMisc]=0&filter[addTransport]=F&filter[fp]=1&order_by=ofr_price&filter[tourOperator]=0&filter[childAge][1]=20201210","https://fly.pl/cdn/photo/assets/uploads/582/278/2014/09/Serenity-Alma-Heights.jpg","https://fly.pl/wycieczka/egipt,hurghada,makadi-bay/serenity-fun-city/pMcNUWhClNf1XStQOlHV45AAogkv4rQTbswpKD4g-FYe-hIyWlkVtJMYzcX-uCortsPpUqBE9SRVgwl6X61AZIt0NQQVitCGACagZFQy4yLjFyNZsBFQcXAFgIVgJcCBFEQP4FXdMOT2xT0p0BUgBer09LgRJhAEzRvjogsf2XCQ0AAhJjAQIMbsKEwQ/ofertasv/?filter[tourOperator]=OREX&filter%5Bperson%5D=2&filter%5BchildAge%5D%5B1%5D=20201210&filter%5Bchild%5D=1"
"Naama Bay Hotel & Resort","8667.0","10.10.2026 - 18.10.2026","9 dni/8 nocy","","4.4","4.4","4857","tripadvisor","Rzeszów","2026-09-07T10:31:47.289415+00:00","https://fly.pl/oferta/egipt-wczasy/?filter[dest]=11:&filter[hotelids]=&filter[cityids]=&filter[cregids]=&filter[ofrType]=&filter[addObjType]=&filter[whenFrom]=10-10-2026&filter[whenTo]=05-11-2026&filter[duration]=7:10&filter[from]=&filter[person]=2&filter[child]=1&filter[price]=0:11000&filter[PriceFrom]=0&filter[PriceTo]=11000&filter[addCategory]=50&filter[addCatering]=1&filter[addMisc]=0&filter[addTransport]=F&filter[fp]=1&order_by=ofr_price&filter[tourOperator]=0&filter[childAge][1]=20201210","https://fly.pl/cdn/photo/assets/uploads/582/278/2014/07/Naama-Bay.jpg","https://fly.pl/wycieczka/egipt,sharm-el-sheikh,c/tropitel-naama-bay/pvpmpM3yNm2-PqxldYiea2AAogYAzhFM3NUdoDhjgtG8x4aFzc0_yuNs2zTH5Q5p_9Zp8qBEpPSVAwl6X61AZI20NQQViNBmACagNDR21yQpsBFAEVBhcBXAJYBVYCQMoGT-IBXQARrcYBXrE0S48YYQBSlwhTAEyssDoNpf2XCSABAaWbhLCjiMygMAINYwEAC8OUTjw/ofertasv/?filter[tourOperator]=JOIP&filter%5Bperson%5D=2&filter%5BchildAge%5D%5B1%5D=20201210&filter%5Bchild%5D=1"
"Tropitel Sahl Hasheesh","8677.0","29.10.2026 - 05.11.2026","8 dni/7 nocy","","4.7","4.7","10222","tripadvisor","Katowice","2026-09-07T10:31:47.289415+00:00","https://fly.pl/oferta/egipt-wczasy/?filter[dest]=11:&filter[hotelids]=&filter[cityids]=&filter[cregids]=&filter[ofrType]=&filter[addObjType]=&filter[whenFrom]=10-10-2026&filter[whenTo]=05-11-2026&filter[duration]=7:10&filter[from]=&filter[person]=2&filter[child]=1&filter[price]=0:11000&filter[PriceFrom]=0&filter[PriceTo]=11000&filter[addCategory]=50&filter[addCatering]=1&filter[addMisc]=0&filter[addTransport]=F&filter[fp]=1&order_by=ofr_price&filter[tourOperator]=0&filter[childAge][1]=20201210","https://fly.pl/cdn/photo/assets/uploads/582/278/2014/10/Tropitel-Sahl-Hasheesh.jpg","https://fly.pl/wycieczka/egipt,hurghada,c/tropitel-sahl-hasheesh/pBGzXUdMd93eeX6vDDz7M7AAogd_pXy-1qaBTv2dVYcKaSNR0-euAbo-Te670sKrvdd9cqBFJOQlcwl6X61AZI5UNQQVjVCWACagRCd2Nkag1BTExfSU5DTFVTSVZFaiYxNiwyMzQsMjgzLDI5NiwzODAsMzg4LDQ3Nyw0ODMsNDg0LDQ4NWoTNDA0LDQwNyw0MDgsNTIxLDUyOHI9nwGWAZ4BlAEVBxcAWAgK0AFA-AURxAEZqVMQwwtM2ypTiiFSAEuIH2EAHYzpQA85IOyUkgkNAAIMYwECBXYFqOQ/ofertasv/?filter[tourOperator]=RNBW&filter%5Bperson%5D=2&filter%5BchildAge%5D%5B1%5D=20201210&filter%5Bchild%5D=1"
"Jaz Aquaviva","8717.0","29.10.2026 - 05.11.2026","9 dni/7 nocy","","4.7","4.7","10804","tripadvisor","Wrocław","2026-09-07T10:31:47.289415+00:00","https://fly.pl/oferta/egipt-wczasy/?filter[dest]=11:&filter[hotelids]=&filter[cityids]=&filter[cregids]=&filter[ofrType]=&filter[addObjType]=&filter[whenFrom]=10-10-2026&filter[whenTo]=05-11-2026&filter[duration]=7:10&filter[from]=&filter[person]=2&filter[child]=1&filter[price]=0:11000&filter[PriceFrom]=0&filter[PriceTo]=11000&filter[addCategory]=50&filter[addCatering]=1&filter[addMisc]=0&filter[addTransport]=F&filter[fp]=1&order_by=ofr_price&filter[tourOperator]=0&filter[childAge][1]=20201210","https://fly.pl/cdn/photo/assets/uploads/582/278/2015/07/Jaz-Aquaviva.jpg","https://fly.pl/wycieczka/egipt,hurghada,makadi-bay/jaz-makadi-aquaviva/p4jXCzQ4_381zlZ-Juk2NgAAogHX4vXBqtHAc1JKEXu12uhMLTmCcaLBzG7MsO9giG0TQqBEVYSU0wl6X61AZIjURQAVjVCWADagJBSXIkHBG7_wa5BOKnS6sEXRv7p0AY4dpHAdjagqwNARJjAQxjAQILfUqSdw/ofertasv/?filter[tourOperator]=EXIM&filter%5Bperson%5D=2&filter%5BchildAge%5D%5B1%5D=20201210&filter%5Bchild%5D=1"
"Parrotel Beach Resort (ex. Radisson Blu)","8721.0","27.10.2026 - 03.11.2026","8 dni/7 nocy","","4.4","4.4","6991","tripadvisor","Katowice","2026-09-07T10:31:47.289415+00:00","https://fly.pl/oferta/egipt-wczasy/?filter[dest]=11:&filter[hotelids]=&filter[cityids]=&filter[cregids]=&filter[ofrType]=&filter[addObjType]=&filter[whenFrom]=10-10-2026&filter[whenTo]=05-11-2026&filter[duration]=7:10&filter[from]=&filter[person]=2&filter[child]=1&filter[price]=0:11000&filter[PriceFrom]=0&filter[PriceTo]=11000&filter[addCategory]=50&filter[addCatering]=1&filter[addMisc]=0&filter[addTransport]=F&filter[fp]=1&order_by=ofr_price&filter[tourOperator]=0&filter[childAge][1]=20201210","https://fly.pl/cdn/photo/assets/uploads/582/278/2014/07/Parrotel-Beach-Resort.jpg","https://fly.pl/wycieczka/egipt,sharm-el-sheikh,c/radisson-blu-resort-sharm-el-sheikh/pHx8cTUqQ_zNTBEcFf43WcAAogjAeNzLOQZJPs-RoA5AfFvHb6-M-63DqmxRqPbNTEi2wqBE9SRVgwl6X61AZIkURQQVilCWACagVFLjIuMXI2mwEVBxcAXANYBVYCQMoGEboNXakLTyRLkrMBYQBepzBSpiBTAEyssDoNtv2XCSAAAhJjAQINsAgAAQ/ofertasv/?filter[tourOperator]=OREX&filter%5Bperson%5D=2&filter%5BchildAge%5D%5B1%5D=20201210&filter%5Bchild%5D=1"
"Pickalbatros Sands Port Ghalib (ex. Red Sea Siva Sands)","8730.0","29.10.2026 - 05.11.2026","8 dni/7 nocy","","4.5","4.5","3436","tripadvisor","Gdańsk","2026-09-07T10:31:47.289415+00:00","https://fly.pl/oferta/egipt-wczasy/?filter[dest]=11:&filter[hotelids]=&filter[cityids]=&filter[cregids]=&filter[ofrType]=&filter[addObjType]=&filter[whenFrom]=10-10-2026&filter[whenTo]=05-11-2026&filter[duration]=7:10&filter[from]=&filter[person]=2&filter[child]=1&filter[price]=0:11000&filter[PriceFrom]=0&filter[PriceTo]=11000&filter[addCategory]=50&filter[addCatering]=1&filter[addMisc]=0&filter[addTransport]=F&filter[fp]=1&order_by=ofr_price&filter[tourOperator]=0&filter[childAge][1]=20201210","https://fly.pl/cdn/photo/assets/uploads/582/278/2014/07/PICKALBATROS-SANDS-PORT-GHALIB.jpg","https://fly.pl/wycieczka/egipt,marsa-alam,port-ghalib/crowne-plaza-sahara-sands-resort/p6chWkpNAXfI8UjHS2PmxKAAogsR4ydqJ5NOev-6nOR_tMtK9NavJIEQ7cRTnMfv2CSMIqBEJWUFIwl6X61AZImkRQAVjVCWACag1BbGwgaW5jbHVzaXZlciAcEc83G9fQBhjVkg-rBKvMFbkEKAHGl9X3AQIAYwECBdQ8d78/ofertasv/?filter[tourOperator]=BVPR&filter%5Bperson%5D=2&filter%5BchildAge%5D%5B1%5D=20201210&filter%5Bchild%5D=1"
"Jasmine Palace","8757.0","10.10.2026 - 18.10.2026","9 dni/7 nocy","","4.1","4.1","7704","tripadvisor","Katowice","2026-09-07T10:31:47.289415+00:00","https://fly.pl/oferta/egipt-wczasy/?filter[dest]=11:&filter[hotelids]=&filter[cityids]=&filter[cregids]=&filter[ofrType]=&filter[addObjType]=&filter[whenFrom]=10-10-2026&filter[whenTo]=05-11-2026&filter[duration]=7:10&filter[from]=&filter[person]=2&filter[child]=1&filter[price]=0:11000&filter[PriceFrom]=0&filter[PriceTo]=11000&filter[addCategory]=50&filter[addCatering]=1&filter[addMisc]=0&filter[addTransport]=F&filter[fp]=1&order_by=ofr_price&filter[tourOperator]=0&filter[childAge][1]=20201210","https://fly.pl/cdn/photo/assets/uploads/582/278/2014/07/Jasmine-Palace.jpg","https://fly.pl/wycieczka/egipt,hurghada,c/jasmine-palace/p4OfDeJcrFvP_bxeRaB-oBAAogQrCXpif4vW2BBNZkzNsHaHdgBJoKFUIfFufswaFhqeIqBEVDQ1gwl6X61AZItURQAViNBmACagJBSXIgHBG5UbkEmYkWqwQbGOjbLRvEqEIBj9qL-gECAGMBAgv2LSyx/ofertasv/?filter[tourOperator]=ECCX&filter%5Bperson%5D=2&filter%5BchildAge%5D%5B1%5D=20201210&filter%5Bchild%5D=1"
"Amarina Sun Resort & Aqua Park (ex. Raouf Sun International Aqua Park & SPA)","8758.0","26.10.2026 - 03.11.2026","9 dni/8 nocy","","3.8","3.8","325","tripadvisor","Rzeszów","2026-09-07T10:31:47.289415+00:00","https://fly.pl/oferta/egipt-wczasy/?filter[dest]=11:&filter[hotelids]=&filter[cityids]=&filter[cregids]=&filter[ofrType]=&filter[addObjType]=&filter[whenFrom]=10-10-2026&filter[whenTo]=05-11-2026&filter[duration]=7:10&filter[from]=&filter[person]=2&filter[child]=1&filter[price]=0:11000&filter[PriceFrom]=0&filter[PriceTo]=11000&filter[addCategory]=50&filter[addCatering]=1&filter[addMisc]=0&filter[addTransport]=F&filter[fp]=1&order_by=ofr_price&filter[tourOperator]=0&filter[childAge][1]=20201210","https://fly.pl/cdn/photo/assets/uploads/582/278/2024/07/raouf-sun-international-aqua-park-spa.jpg","https://fly.pl/wycieczka/egipt,sharm-el-sheikh,szarm-el-szejk/raouf-international-aqua-park-spa-14/pny4qDYXESsnNjvgAIbfJWAAogDMzrR9iJSSW0yhRwXrgWA6kkrW28Kuab3WP9bVgjjv8qBEpPSVAwl6X61AZItkRQQViNCWACagMxMm9yQ5sBFAEVBhcBXAJYBVYCQMoGT-IBXQBe3voBS48YYQBSlwhTABGWrAFMloQ5DbX9lwkgAQG3y-SwpIjMoDACDWMBAAycM4mw/ofertasv/?filter[tourOperator]=JOIP&filter%5Bperson%5D=2&filter%5BchildAge%5D%5B1%5D=20201210&filter%5Bchild%5D=1"
"True Beach Resort","8797.0","21.10.2026 - 28.10.2026","8 dni/7 nocy","","4.3","4.3","149","tripadvisor","Kraków","2026-09-07T10:31:47.289415+00:00","https://fly.pl/oferta/egipt-wczasy/?filter[dest]=11:&filter[hotelids]=&filter[cityids]=&filter[cregids]=&filter[ofrType]=&filter[addObjType]=&filter[whenFrom]=10-10-2026&filter[whenTo]=05-11-2026&filter[duration]=7:10&filter[from]=&filter[person]=2&filter[child]=1&filter[price]=0:11000&filter[PriceFrom]=0&filter[PriceTo]=11000&filter[addCategory]=50&filter[addCatering]=1&filter[addMisc]=0&filter[addTransport]=F&filter[fp]=1&order_by=ofr_price&filter[tourOperator]=0&filter[childAge][1]=20201210","https://fly.pl/cdn/photo/assets/uploads/582/278/2014/09/True-Beach-Resort.jpg","https://fly.pl/wycieczka/egipt,marsa-alam,c/laguna-beach-marsa-alam/prG0mQG-yvUkcOEeKb7hy4AAogJJU9OfTw6aO_XPL_KvITigAAAADdrAQA3cgEAAcAHQAqBFdFWlkwl6X61AZI3URQQViVCGADaghXaXp6IEFpcnJDngEfAAIBHAAWBBcCEqADE6cGFLoEFWQY6wFAynBQ_1BLABHCGkz1Kk8AHYbCECCAOBvzpWMNzZneCAESYwEMYwECBaNEN_0/ofertasv/?filter[tourOperator]=WEZY&filter%5Bperson%5D=2&filter%5BchildAge%5D%5B1%5D=20201210&filter%5Bchild%5D=1"
"Gravity Hotel & Aquapark Hurghada (ex. Samra Bay Resort)","8806.0","14.10.2026 - 21.10.2026","8 dni/7 nocy","","","","","","Katowice","2026-09-07T10:31:47.289415+00:00","https://fly.pl/oferta/egipt-wczasy/?filter[dest]=11:&filter[hotelids]=&filter[cityids]=&filter[cregids]=&filter[ofrType]=&filter[addObjType]=&filter[whenFrom]=10-10-2026&filter[whenTo]=05-11-2026&filter[duration]=7:10&filter[from]=&filter[person]=2&filter[child]=1&filter[price]=0:11000&filter[PriceFrom]=0&filter[PriceTo]=11000&filter[addCategory]=50&filter[addCatering]=1&filter[addMisc]=0&filter[addTransport]=F&filter[fp]=1&order_by=ofr_price&filter[tourOperator]=0&filter[childAge][1]=20201210","https://fly.pl/cdn/photo/assets/uploads/582/278/2017/04/Gravity-Hotel-Aquapark-Hurghada.jpg","https://fly.pl/wycieczka/egipt,hurghada,c/samra-bay-resort/ppWiEcKXadaoK99tXJLQBeAAoguHhLBhDzhdphd211mkSAftQ85krozDkw2BfFht7tPUIqBEpPSVAwl6X61AZI5kRQQVjtBmACagMwMllyQpsBFAEVBhcAXANYBVYCQMoGT-IBXQBSr6sBUwBLiB9hAF6nMBG4P0yakToNqf2XCSAAAb-f-L-Eic6gMAIOYwEADdTosvs/ofertasv/?filter[tourOperator]=JOIP&filter%5Bperson%5D=2&filter%5BchildAge%5D%5B1%5D=20201210&filter%5Bchild%5D=1"
"Pharaoh Azur Resort (ex Sonesta Pharaoh Beach Resort)","8827.0","29.10.2026 - 05.11.2026","8 dni/7 nocy","","4.5","4.5","2757","tripadvisor","Katowice","2026-09-07T10:31:47.289415+00:00","https://fly.pl/oferta/egipt-wczasy/?filter[dest]=11:&filter[hotelids]=&filter[cityids]=&filter[cregids]=&filter[ofrType]=&filter[addObjType]=&filter[whenFrom]=10-10-2026&filter[whenTo]=05-11-2026&filter[duration]=7:10&filter[from]=&filter[person]=2&filter[child]=1&filter[price]=0:11000&filter[PriceFrom]=0&filter[PriceTo]=11000&filter[addCategory]=50&filter[addCatering]=1&filter[addMisc]=0&filter[addTransport]=F&filter[fp]=1&order_by=ofr_price&filter[tourOperator]=0&filter[childAge][1]=20201210","https://fly.pl/cdn/photo/assets/uploads/582/278/2014/07/Pharaoh-Azur-Resort.jpg","https://fly.pl/wycieczka/egipt,hurghada,c/sonesta-pharaoh/pq8gyN9LRNMQWTGHb7C4RwAAogWnl8UuPpVz6Uug6yKiU47wAAAACBhwQAHroEAAcAAAAqBFdFWlkwl6X61AZI-0RQQVjVCWADaglFbnRlciBBaXJqBDAwMTVqBDAwMDBqBDAwMDByQZ4BlAGVAZgBHwAcAQIAFgQXAhGxARKlAxPvCEDVc0zLMk8AS4gfUAAbyr0BHcP-DiCdZQ2H3cEJARJjAQ5jAQIFbxYXYw/ofertasv/?filter[tourOperator]=WEZY&filter%5Bperson%5D=2&filter%5BchildAge%5D%5B1%5D=20201210&filter%5Bchild%5D=1"
"Red Sea Grand Waterworld Makadi (ex. Sunwing Waterworld Makadi)","8840.0","15.10.2026 - 22.10.2026","8 dni/6 nocy","","4.5","4.5","5549","tripadvisor","Katowice","2026-09-07T10:31:47.289415+00:00","https://fly.pl/oferta/egipt-wczasy/?filter[dest]=11:&filter[hotelids]=&filter[cityids]=&filter[cregids]=&filter[ofrType]=&filter[addObjType]=&filter[whenFrom]=10-10-2026&filter[whenTo]=05-11-2026&filter[duration]=7:10&filter[from]=&filter[person]=2&filter[child]=1&filter[price]=0:11000&filter[PriceFrom]=0&filter[PriceTo]=11000&filter[addCategory]=50&filter[addCatering]=1&filter[addMisc]=0&filter[addTransport]=F&filter[fp]=1&order_by=ofr_price&filter[tourOperator]=0&filter[childAge][1]=20201210","https://fly.pl/cdn/photo/assets/uploads/582/278/2017/06/Red-Sea-Grand-Waterworld-Makadi.jpg","https://fly.pl/wycieczka/egipt,hurghada,makadi-bay/sunwing-waterworld-makadi/pBxun7bHYr8HQjm3t82idZAAogoB6Zp15XFpCtyTZTS8jCf4byV7bYFyIfHmV32_hhb9wqA0VUSTCXpfrUBkiIRVBBWIUHYAJyMRUGFwFcA1gFVgJA-wdbw4UBU50mUgBLiB9hAF6nMA38zdIJIAFRiOC99gMCEmMBAgoKVl9e/ofertasv/?filter[tourOperator]=ETI&filter%5Bperson%5D=2&filter%5BchildAge%5D%5B1%5D=20201210&filter%5Bchild%5D=1"
"Dreams Beach Sharm Resort (Sharm El Sheikh)","8887.0","13.10.2026 - 20.10.2026","8 dni/7 nocy","","3.9","3.9","2645","tripadvisor","Katowice","2026-09-07T10:31:47.289415+00:00","https://fly.pl/oferta/egipt-wczasy/?filter[dest]=11:&filter[hotelids]=&filter[cityids]=&filter[cregids]=&filter[ofrType]=&filter[addObjType]=&filter[whenFrom]=10-10-2026&filter[whenTo]=05-11-2026&filter[duration]=7:10&filter[from]=&filter[person]=2&filter[child]=1&filter[price]=0:11000&filter[PriceFrom]=0&filter[PriceTo]=11000&filter[addCategory]=50&filter[addCatering]=1&filter[addMisc]=0&filter[addTransport]=F&filter[fp]=1&order_by=ofr_price&filter[tourOperator]=0&filter[childAge][1]=20201210","https://fly.pl/cdn/photo/assets/uploads/582/278/2014/07/Dreams-Beach-Resort.jpg","https://fly.pl/wycieczka/egipt,sharm-el-sheikh,szarm-el-szejk/dreams-beach-sharm-el-sheikh/p0aKSq9kaZggs1YVY6GK0yAAogiUDPgvGkcOGGH_uqsZYnKDZPnluiPTRbLKmNIwYEcH4qBEVYSU0wl6X61AZIt0VQAVjVBmACagJBSXIhHBGbuwa5BNmFPqsEGxvdiTAY6_c2AYK-6JQJAgBjAQILHoV2xw/ofertasv/?filter[tourOperator]=EXIM&filter%5Bperson%5D=2&filter%5BchildAge%5D%5B1%5D=20201210&filter%5Bchild%5D=1"
"Seven Seas Jolie Bay","8894.0","29.10.2026 - 05.11.2026","8 dni/7 nocy","","4.6","4.6","1516","tripadvisor","Katowice","2026-09-07T10:31:47.289415+00:00","https://fly.pl/oferta/egipt-wczasy/?filter[dest]=11:&filter[hotelids]=&filter[cityids]=&filter[cregids]=&filter[ofrType]=&filter[addObjType]=&filter[whenFrom]=10-10-2026&filter[whenTo]=05-11-2026&filter[duration]=7:10&filter[from]=&filter[person]=2&filter[child]=1&filter[price]=0:11000&filter[PriceFrom]=0&filter[PriceTo]=11000&filter[addCategory]=50&filter[addCatering]=1&filter[addMisc]=0&filter[addTransport]=F&filter[fp]=1&order_by=ofr_price&filter[tourOperator]=0&filter[childAge][1]=20201210","https://fly.pl/cdn/photo/assets/uploads/582/278/2022/03/Aqua-Mondo-Abu-Soma-Resort.jpg","https://fly.pl/wycieczka/egipt,hurghada,soma-bay/aqua-mondo-resort-14/pWgtDexT_aqvIUf5di6wMgAAoguRz_osIhMSOgy4z2Ag5HLgAAAACBhwQAHroEAAcAAAAqBFdFWlkwl6X61AZIvkVQQVjVCWADaglFbnRlciBBaXJqBDAwMTVqBDAwMDBqBDAwMDByQp4BlAGVAZgBHwACARYAHAAXBhLWBBPvCEDVc0_LMkwAS4gfUAAR3LMBHbGIDyCdZRv86TQNi_OMCQESYwEMYwECCxBh-wQ/ofertasv/?filter[tourOperator]=WEZY&filter%5Bperson%5D=2&filter%5BchildAge%5D%5B1%5D=20201210&filter%5Bchild%5D=1"
"Monte Carlo Resort Spa","8958.0","27.10.2026 - 03.11.2026","8 dni/7 nocy","","4.4","4.4","2434","tripadvisor","Warszawa - Modlin","2026-09-07T10:31:47.289415+00:00","https://fly.pl/oferta/egipt-wczasy/?filter[dest]=11:&filter[hotelids]=&filter[cityids]=&filter[cregids]=&filter[ofrType]=&filter[addObjType]=&filter[whenFrom]=10-10-2026&filter[whenTo]=05-11-2026&filter[duration]=7:10&filter[from]=&filter[person]=2&filter[child]=1&filter[price]=0:11000&filter[PriceFrom]=0&filter[PriceTo]=11000&filter[addCategory]=50&filter[addCatering]=1&filter[addMisc]=0&filter[addTransport]=F&filter[fp]=1&order_by=ofr_price&filter[tourOperator]=0&filter[childAge][1]=20201210","https://fly.pl/cdn/photo/assets/uploads/582/278/2014/09/Monte-Carlo-Sharm-Resort-Spa.jpg","https://fly.pl/wycieczka/egipt,sharm-el-sheikh,c/monte-carlo-ex-ritz-carlton/p9HJOfKxVAPfYyMTDpdXZoAAog9CaDAQaZges2lSyAmBgsZJgpXVUQjygZk0IwIA3_YjEqBE9BU0kwl6X61AZI_kVQAVilCWACagNBSStyIRwRpa8BuQSf9w-rBAIbyuENGKbgEgHCxeKZAgIAYwECC-oyLDM/ofertasv/?filter[tourOperator]=OASI&filter%5Bperson%5D=2&filter%5BchildAge%5D%5B1%5D=20201210&filter%5Bchild%5D=1"
"Red Sea Grand Makadi (Makadi Bay)","8966.0","15.10.2026 - 22.10.2026","8 dni/6 nocy","","4.4","4.4","3309","tripadvisor","Katowice","2026-09-07T10:31:47.289415+00:00","https://fly.pl/oferta/egipt-wczasy/?filter[dest]=11:&filter[hotelids]=&filter[cityids]=&filter[cregids]=&filter[ofrType]=&filter[addObjType]=&filter[whenFrom]=10-10-2026&filter[whenTo]=05-11-2026&filter[duration]=7:10&filter[from]=&filter[person]=2&filter[child]=1&filter[price]=0:11000&filter[PriceFrom]=0&filter[PriceTo]=11000&filter[addCategory]=50&filter[addCatering]=1&filter[addMisc]=0&filter[addTransport]=F&filter[fp]=1&order_by=ofr_price&filter[tourOperator]=0&filter[childAge][1]=20201210","https://fly.pl/cdn/photo/assets/uploads/582/278/2017/08/Grand-Makadi-Makadi-Bay-fly-pl-2.jpg","https://fly.pl/wycieczka/egipt,hurghada,makadi-bay/grand-makadi-makadi-bay/p7EAsxqasK_Kt3RoGyo70LAAoggKRBt6njz1joHAcejfvuMIbyV7bYFyIfHmV32_hhb9wqA0VUSTCXpfrUBkiGRlBBWIUHYAJyMRUGFwFcA1gFVgJA-wdbw4UBU50mUgBLiB9hAF6nMA38zdIJIAFRyt699gMCEmMBAgrkQbnO/ofertasv/?filter[tourOperator]=ETI&filter%5Bperson%5D=2&filter%5BchildAge%5D%5B1%5D=20201210&filter%5Bchild%5D=1"
"Cleopatra Luxury Resort (Makadi Bay)","8987.0","29.10.2026 - 05.11.2026","8 dni/7 nocy","","4.6","4.6","3181","tripadvisor","Warszawa","2026-09-07T10:31:47.289415+00:00","https://fly.pl/oferta/egipt-wczasy/?filter[dest]=11:&filter[hotelids]=&filter[cityids]=&filter[cregids]=&filter[ofrType]=&filter[addObjType]=&filter[whenFrom]=10-10-2026&filter[whenTo]=05-11-2026&filter[duration]=7:10&filter[from]=&filter[person]=2&filter[child]=1&filter[price]=0:11000&filter[PriceFrom]=0&filter[PriceTo]=11000&filter[addCategory]=50&filter[addCatering]=1&filter[addMisc]=0&filter[addTransport]=F&filter[fp]=1&order_by=ofr_price&filter[tourOperator]=0&filter[childAge][1]=20201210","https://fly.pl/cdn/photo/assets/uploads/582/278/2014/10/Cleopatra-Luxury-Resort-Makadi-Bay.jpg","https://fly.pl/wycieczka/egipt,hurghada,makadi-bay/cleopatra-luxury-resort-makadi-bay/pHri4MS_770ldEqcdggxkuAAog2HKdNp5OFjSqNzCpkNYqkxLqCxxQb8S86Hh0k4aD-ioqBE9SRVgwl6X61AZIm0ZQQVjVCWACagdJSVIuMi4xcjWbARUHFwBcA1gFVgIRDUC9Bl2bD08kU9KdAVIAXq9PS-1DYQBM5Yw6ILj9lwkNAAISYwECDMYRink/ofertasv/?filter[tourOperator]=OREX&filter%5Bperson%5D=2&filter%5BchildAge%5D%5B1%5D=20201210&filter%5Bchild%5D=1"
"Charmillion Club Aqua Park","8987.0","27.10.2026 - 03.11.2026","8 dni/7 nocy","","4.6","4.6","4381","tripadvisor","Katowice","2026-09-07T10:31:47.289415+00:00","https://fly.pl/oferta/egipt-wczasy/?filter[dest]=11:&filter[hotelids]=&filter[cityids]=&filter[cregids]=&filter[ofrType]=&filter[addObjType]=&filter[whenFrom]=10-10-2026&filter[whenTo]=05-11-2026&filter[duration]=7:10&filter[from]=&filter[person]=2&filter[child]=1&filter[price]=0:11000&filter[PriceFrom]=0&filter[PriceTo]=11000&filter[addCategory]=50&filter[addCatering]=1&filter[addMisc]=0&filter[addTransport]=F&filter[fp]=1&order_by=ofr_price&filter[tourOperator]=0&filter[childAge][1]=20201210","https://fly.pl/cdn/photo/assets/uploads/582/278/2014/07/Charmillion-Club-Aqua-Park.jpg","https://fly.pl/wycieczka/egipt,sharm-el-sheikh,szarm-el-szejk/sea-club-aqua-park/pqQOhA24qzB4vo61DKxVhEAAogv47aQFzKleo4BmQRilBzBHb6-M-63DqmxRqPbNTEi2wqBE9SRVgwl6X61AZIm0ZQQVilCWACagVFLjIuMXI2mwEVBxcAXANYBVYCQMoGEaINXcELTyRLkrMBYQBepzBSpiBTAEyssDoNtv2XCSAAAhJjAQIMotDwqg/ofertasv/?filter[tourOperator]=OREX&filter%5Bperson%5D=2&filter%5BchildAge%5D%5B1%5D=20201210&filter%5Bchild%5D=1"
"Jaz Mirabel Beach Resort","9026.0","27.10.2026 - 03.11.2026","8 dni/7 nocy","","4.5","4.5","7330","tripadvisor","Warszawa - Modlin","2026-09-07T10:31:47.289415+00:00","https://fly.pl/oferta/egipt-wczasy/?filter[dest]=11:&filter[hotelids]=&filter[cityids]=&filter[cregids]=&filter[ofrType]=&filter[addObjType]=&filter[whenFrom]=10-10-2026&filter[whenTo]=05-11-2026&filter[duration]=7:10&filter[from]=&filter[person]=2&filter[child]=1&filter[price]=0:11000&filter[PriceFrom]=0&filter[PriceTo]=11000&filter[addCategory]=50&filter[addCatering]=1&filter[addMisc]=0&filter[addTransport]=F&filter[fp]=1&order_by=ofr_price&filter[tourOperator]=0&filter[childAge][1]=20201210","https://fly.pl/cdn/photo/assets/uploads/582/278/2014/07/Jaz-Mirabel-Beach-Resort-fly-pl.jpg","https://fly.pl/wycieczka/egipt,sharm-el-sheikh,c/jaz-mirabel-beach-resort/pVBCyf7M1OMYkXUhIFbeycAAog9VEfDS_725sTMqIekHFkF5gpXVUQjygZk0IwIA3_YjEqBE9BU0kwl6X61AZIwkZQAVilCWADagNBSWxyJBwRiLABuQS89g-rBAIbv8IOGMH-EQHOmtiZAgEMYwEAYwECC01hyoc/ofertasv/?filter[tourOperator]=OASI&filter%5Bperson%5D=2&filter%5BchildAge%5D%5B1%5D=20201210&filter%5Bchild%5D=1"
"Nubian Island","9049.0","29.10.2026 - 05.11.2026","8 dni/7 nocy","","4.7","4.7","3724","tripadvisor","Warszawa - Modlin","2026-09-07T10:31:47.289415+00:00","https://fly.pl/oferta/egipt-wczasy/?filter[dest]=11:&filter[hotelids]=&filter[cityids]=&filter[cregids]=&filter[ofrType]=&filter[addObjType]=&filter[whenFrom]=10-10-2026&filter[whenTo]=05-11-2026&filter[duration]=7:10&filter[from]=&filter[person]=2&filter[child]=1&filter[price]=0:11000&filter[PriceFrom]=0&filter[PriceTo]=11000&filter[addCategory]=50&filter[addCatering]=1&filter[addMisc]=0&filter[addTransport]=F&filter[fp]=1&order_by=ofr_price&filter[tourOperator]=0&filter[childAge][1]=20201210","https://fly.pl/cdn/photo/assets/uploads/582/278/2014/07/Nubian-Island.jpg","https://fly.pl/wycieczka/egipt,sharm-el-sheikh,c/nubian-island/pKadw6_O-BV3SQQOAghlPOAAogmXkZ8r-ifZrqcOJlSRuASxstrgoMttrZgZAvN8rfQ44qBEtPTVQwl6X61AZI2UZQAVjVCWACagJBSXIfHBH1GrkE8-IBqwQDGJicBBuwiCQBgoTMHgIAYwECBktKp6s/ofertasv/?filter[tourOperator]=KOMT&filter%5Bperson%5D=2&filter%5BchildAge%5D%5B1%5D=20201210&filter%5Bchild%5D=1"
"Nubian Village","9049.0","29.10.2026 - 05.11.2026","8 dni/7 nocy","","4.5","4.5","4649","tripadvisor","Warszawa - Modlin","2026-09-07T10:31:47.289415+00:00","https://fly.pl/oferta/egipt-wczasy/?filter[dest]=11:&filter[hotelids]=&filter[cityids]=&filter[cregids]=&filter[ofrType]=&filter[addObjType]=&filter[whenFrom]=10-10-2026&filter[whenTo]=05-11-2026&filter[duration]=7:10&filter[from]=&filter[person]=2&filter[child]=1&filter[price]=0:11000&filter[PriceFrom]=0&filter[PriceTo]=11000&filter[addCategory]=50&filter[addCatering]=1&filter[addMisc]=0&filter[addTransport]=F&filter[fp]=1&order_by=ofr_price&filter[tourOperator]=0&filter[childAge][1]=20201210","https://fly.pl/cdn/photo/assets/uploads/582/278/2014/07/Nubian-Village-fly-pl.jpg","https://fly.pl/wycieczka/egipt,sharm-el-sheikh,c/nubian-village/pGHyGT06Rp8QK6lRSaVR4JAAogmLzknP5v3RsyvXPLGLWMARstrgoMttrZgZAvN8rfQ44qBEtPTVQwl6X61AZI2UZQAVjVCWACagJBSXIfHBH2GrkE8uIBqwQDGMCbBBu0iSQBwpXLHgIAYwECBi97ih8/ofertasv/?filter[tourOperator]=KOMT&filter%5Bperson%5D=2&filter%5BchildAge%5D%5B1%5D=20201210&filter%5Bchild%5D=1"
"V Hotel Sharm","9070.0","25.10.2026 - 01.11.2026","8 dni/7 nocy","","4.2","4.2","2108","tripadvisor","Katowice","2026-09-07T10:31:47.289415+00:00","https://fly.pl/oferta/egipt-wczasy/?filter[dest]=11:&filter[hotelids]=&filter[cityids]=&filter[cregids]=&filter[ofrType]=&filter[addObjType]=&filter[whenFrom]=10-10-2026&filter[whenTo]=05-11-2026&filter[duration]=7:10&filter[from]=&filter[person]=2&filter[child]=1&filter[price]=0:11000&filter[PriceFrom]=0&filter[PriceTo]=11000&filter[addCategory]=50&filter[addCatering]=1&filter[addMisc]=0&filter[addTransport]=F&filter[fp]=1&order_by=ofr_price&filter[tourOperator]=0&filter[childAge][1]=20201210","https://fly.pl/cdn/photo/assets/uploads/582/278/2017/08/Pyramisa-Beach-Resort.jpg","https://fly.pl/wycieczka/egipt,sharm-el-sheikh,szarm-el-szejk/dessole-pyramisa-egipt-sharm-el-sheikh-egipt/pcNNjE4gy-JHB4Fn0ePLsIAAogmI1RKUwJn9V8nWNmA3gVlv-8lKSM_XY3X6eU8q1GIdEqBE9BU0kwl6X61AZI7kZQAVj1CGACagNBSWxyIRwR7a8BqwSqqxC5BCsb7IIMGOaQFAHVz5upAgIAYwECC_wbCxg/ofertasv/?filter[tourOperator]=OASI&filter%5Bperson%5D=2&filter%5BchildAge%5D%5B1%5D=20201210&filter%5Bchild%5D=1"
"Jaz Makadi Oasis Resort","9097.0","29.10.2026 - 05.11.2026","9 dni/7 nocy","","4.7","4.7","5349","tripadvisor","Wrocław","2026-09-07T10:31:47.289415+00:00","https://fly.pl/oferta/egipt-wczasy/?filter[dest]=11:&filter[hotelids]=&filter[cityids]=&filter[cregids]=&filter[ofrType]=&filter[addObjType]=&filter[whenFrom]=10-10-2026&filter[whenTo]=05-11-2026&filter[duration]=7:10&filter[from]=&filter[person]=2&filter[child]=1&filter[price]=0:11000&filter[PriceFrom]=0&filter[PriceTo]=11000&filter[addCategory]=50&filter[addCatering]=1&filter[addMisc]=0&filter[addTransport]=F&filter[fp]=1&order_by=ofr_price&filter[tourOperator]=0&filter[childAge][1]=20201210","https://fly.pl/cdn/photo/assets/uploads/582/278/2015/04/Jaz-Makadi-Oasis.jpg","https://fly.pl/wycieczka/egipt,hurghada,makadi-bay/iberotel-makadi-club-oasis/pj95bvjUE6-LDXx-LZvz7FAAogpiHj9S9Aapc7qf8ZntQZC8LTmCcaLBzG7MsO9giG0TQqBEVYSU0wl6X61AZIiUdQAVjVCWADagJBSXIkHBG__wa5BN6nS6sEXRvNqUAY0NpHAa2RiKwNARJjAQxjAQILun5uhA/ofertasv/?filter[tourOperator]=EXIM&filter%5Bperson%5D=2&filter%5BchildAge%5D%5B1%5D=20201210&filter%5Bchild%5D=1"
"Amarina Star Resort & Aqua Park (ex. Raouf Star)","9115.0","26.10.2026 - 03.11.2026","9 dni/8 nocy","","4.1","4.1","101","tripadvisor","Rzeszów","2026-09-07T10:31:47.289415+00:00","https://fly.pl/oferta/egipt-wczasy/?filter[dest]=11:&filter[hotelids]=&filter[cityids]=&filter[cregids]=&filter[ofrType]=&filter[addObjType]=&filter[whenFrom]=10-10-2026&filter[whenTo]=05-11-2026&filter[duration]=7:10&filter[from]=&filter[person]=2&filter[child]=1&filter[price]=0:11000&filter[PriceFrom]=0&filter[PriceTo]=11000&filter[addCategory]=50&filter[addCatering]=1&filter[addMisc]=0&filter[addTransport]=F&filter[fp]=1&order_by=ofr_price&filter[tourOperator]=0&filter[childAge][1]=20201210","https://fly.pl/cdn/photo/assets/uploads/582/278/2023/04/Amarina-Star-Resort-Aqua-Park.jpg","https://fly.pl/wycieczka/egipt,sharm-el-sheikh,szarm-el-szejk/raouf-star-15/pgx_4gJ4GRYHCqMjV0rdPyAAogn7JU-pwN9yb_q1ZQWVeu5akkrW28Kuab3WP9bVgjjv8qBEpPSVAwmaX61AZIm0dQQViNCWACagMxMm9yQ5sBFAEVBhcBXAJYBVYCQMoGT-IBXQBe3voBS48YYQBSlwhTABG9ywFM7-Q4DbX9lwkgAQGPz-DIpIjMoDACDWMBAAzT8zHL/ofertasv/?filter[tourOperator]=JOIP&filter%5Bperson%5D=2&filter%5BchildAge%5D%5B1%5D=20201210&filter%5Bchild%5D=1"
"Continental (ex Movenpick Resort)","9124.0","25.10.2026 - 01.11.2026","8 dni/7 nocy","","4.5","4.5","4163","tripadvisor","Wrocław","2026-09-07T10:31:47.289415+00:00","https://fly.pl/oferta/egipt-wczasy/?filter[dest]=11:&filter[hotelids]=&filter[cityids]=&filter[cregids]=&filter[ofrType]=&filter[addObjType]=&filter[whenFrom]=10-10-2026&filter[whenTo]=05-11-2026&filter[duration]=7:10&filter[from]=&filter[person]=2&filter[child]=1&filter[price]=0:11000&filter[PriceFrom]=0&filter[PriceTo]=11000&filter[addCategory]=50&filter[addCatering]=1&filter[addMisc]=0&filter[addTransport]=F&filter[fp]=1&order_by=ofr_price&filter[tourOperator]=0&filter[childAge][1]=20201210","https://fly.pl/cdn/photo/assets/uploads/582/278/2014/09/Continental-Resort.jpg","https://fly.pl/wycieczka/egipt,hurghada,c/movenpick-resort-hurghada-ex-continental-resort/pwSPUmUoIktPhiMRsnCltMAAogiLkqGXi5_5f9DkNbllmv1JIDGsIF8IwQR8cbEu5XohYqBE9BU0kwmaX61AZIpEdQAVj1CGACagNBSWxyIBwRxnarBOyoELkEGxuh1w8YyZoTAZmkjqsCAgBjAQQLf9_lCg/ofertasv/?filter[tourOperator]=OASI&filter%5Bperson%5D=2&filter%5BchildAge%5D%5B1%5D=20201210&filter%5Bchild%5D=1"
"Jaz Mirabel Park","9131.0","13.10.2026 - 20.10.2026","8 dni/7 nocy","","4.4","4.4","4043","tripadvisor","Katowice","2026-09-07T10:31:47.289415+00:00","https://fly.pl/oferta/egipt-wczasy/?filter[dest]=11:&filter[hotelids]=&filter[cityids]=&filter[cregids]=&filter[ofrType]=&filter[addObjType]=&filter[whenFrom]=10-10-2026&filter[whenTo]=05-11-2026&filter[duration]=7:10&filter[from]=&filter[person]=2&filter[child]=1&filter[price]=0:11000&filter[PriceFrom]=0&filter[PriceTo]=11000&filter[addCategory]=50&filter[addCatering]=1&filter[addMisc]=0&filter[addTransport]=F&filter[fp]=1&order_by=ofr_price&filter[tourOperator]=0&filter[childAge][1]=20201210","https://fly.pl/cdn/photo/assets/uploads/582/278/2014/07/Jaz-Mirabel-Park-fly-pl.jpg","https://fly.pl/wycieczka/egipt,sharm-el-sheikh,c/jaz-mirabel-park/pJWsfmCVm83_eo9-fe9Py1AAog0u1tr9KxpdRBOmvdv5vIoVATkd0Et3pHZ-B5Uah2j-0qBEpPSVAwmaX61AZIq0dQQVjVBmACckMUARUGFwBcA1gFVgJAygZP4gFdAFvyAhGlwwFLoARhAF6nMFKmIFMATKywOg2o_ZcJIAABvru4kIOJzKAwAg1jAQAMiy3Keg/ofertasv/?filter[tourOperator]=JOIP&filter%5Bperson%5D=2&filter%5BchildAge%5D%5B1%5D=20201210&filter%5Bchild%5D=1"
"Fantazia Resort","9194.0","10.10.2026 - 17.10.2026","8 dni/7 nocy","","4.4","4.4","5979","tripadvisor","Warszawa","2026-09-07T10:31:47.289415+00:00","https://fly.pl/oferta/egipt-wczasy/?filter[dest]=11:&filter[hotelids]=&filter[cityids]=&filter[cregids]=&filter[ofrType]=&filter[addObjType]=&filter[whenFrom]=10-10-2026&filter[whenTo]=05-11-2026&filter[duration]=7:10&filter[from]=&filter[person]=2&filter[child]=1&filter[price]=0:11000&filter[PriceFrom]=0&filter[PriceTo]=11000&filter[addCategory]=50&filter[addCatering]=1&filter[addMisc]=0&filter[addTransport]=F&filter[fp]=1&order_by=ofr_price&filter[tourOperator]=0&filter[childAge][1]=20201210","https://fly.pl/cdn/photo/assets/uploads/582/278/2016/11/Fantazia-Resort.jpg","https://fly.pl/wycieczka/egipt,marsa-alam,c/fantazia-resort/ptUZ0rDG3_Os4fDb374Wi6AAogcVbi6MAzN4F2O-ADYf2Thy063im2E1E-fA40Cv_wUOwqBE9SRVgwmaX61AZI6kdQQViNBmACagZEUS4yLjFyNpsBFQcXAFwDWAVWAkDKBhG0C13PGE8kXpnYAVO8FFIAS7EvYQBM5Yw6IKX9lwkNAAISYwECDXoFBuI/ofertasv/?filter[tourOperator]=OREX&filter%5Bperson%5D=2&filter%5BchildAge%5D%5B1%5D=20201210&filter%5Bchild%5D=1"
"Pickalbatros Palace Resort","9197.0","27.10.2026 - 03.11.2026","9 dni/7 nocy","","4.5","4.5","935","tripadvisor","Warszawa - Modlin","2026-09-07T10:31:47.289415+00:00","https://fly.pl/oferta/egipt-wczasy/?filter[dest]=11:&filter[hotelids]=&filter[cityids]=&filter[cregids]=&filter[ofrType]=&filter[addObjType]=&filter[whenFrom]=10-10-2026&filter[whenTo]=05-11-2026&filter[duration]=7:10&filter[from]=&filter[person]=2&filter[child]=1&filter[price]=0:11000&filter[PriceFrom]=0&filter[PriceTo]=11000&filter[addCategory]=50&filter[addCatering]=1&filter[addMisc]=0&filter[addTransport]=F&filter[fp]=1&order_by=ofr_price&filter[tourOperator]=0&filter[childAge][1]=20201210","https://fly.pl/cdn/photo/assets/uploads/582/278/2014/09/Albatros-Palace-fly-pl-4.jpg","https://fly.pl/wycieczka/egipt,hurghada,c/albatros-palace/pFky8kruevscnZ1E1MT_pOAAogRdaG-wzKfm9Vgz9BqB-GZJeMXePUQkpobZ-BQI6-nbQqBEVYSU0wmaX61AZI7UdQAVilCWACagJBSXIhHBGk-AarBJ2wS7kERRuw-zcYgKJTAZ7_-MYNAgBjAQIMqTF6sw/ofertasv/?filter[tourOperator]=EXIM&filter%5Bperson%5D=2&filter%5BchildAge%5D%5B1%5D=20201210&filter%5Bchild%5D=1"
"Naama Bay Promenade Beach Resort","9212.0","27.10.2026 - 03.11.2026","8 dni/7 nocy","","4.2","4.2","1287","tripadvisor","Warszawa - Modlin","2026-09-07T10:31:47.289415+00:00","https://fly.pl/oferta/egipt-wczasy/?filter[dest]=11:&filter[hotelids]=&filter[cityids]=&filter[cregids]=&filter[ofrType]=&filter[addObjType]=&filter[whenFrom]=10-10-2026&filter[whenTo]=05-11-2026&filter[duration]=7:10&filter[from]=&filter[person]=2&filter[child]=1&filter[price]=0:11000&filter[PriceFrom]=0&filter[PriceTo]=11000&filter[addCategory]=50&filter[addCatering]=1&filter[addMisc]=0&filter[addTransport]=F&filter[fp]=1&order_by=ofr_price&filter[tourOperator]=0&filter[childAge][1]=20201210","https://fly.pl/cdn/photo/assets/uploads/582/278/2021/07/Naama-Bay-Promenade-Beach-Resort.jpg","https://fly.pl/wycieczka/egipt,sharm-el-sheikh,szarm-el-szejk/naama-bay-promenade-beach-resort-10/pIMjwrF6uqJQ5vjwceDvWLAAogLyj-vfZI7Mo0Qxg8dPkICJgpXVUQjygZk0IwIA3_YjEqBE9BU0kwmaX61AZI_EdQAVilCWACagNBSWxyIRwRqq8BuQSa9w-rBAIb2uYMGNjbEwGjkd2ZAgIAYwECCwmzvaY/ofertasv/?filter[tourOperator]=OASI&filter%5Bperson%5D=2&filter%5BchildAge%5D%5B1%5D=20201210&filter%5Bchild%5D=1"
"Pickalbatros Citadel Sahl Hasheesh (ex. Citadel Azur Resort)","9227.0","27.10.2026 - 03.11.2026","9 dni/7 nocy","","4.5","4.5","4859","tripadvisor","Warszawa - Modlin","2026-09-07T10:31:47.289415+00:00","https://fly.pl/oferta/egipt-wczasy/?filter[dest]=11:&filter[hotelids]=&filter[cityids]=&filter[cregids]=&filter[ofrType]=&filter[addObjType]=&filter[whenFrom]=10-10-2026&filter[whenTo]=05-11-2026&filter[duration]=7:10&filter[from]=&filter[person]=2&filter[child]=1&filter[price]=0:11000&filter[PriceFrom]=0&filter[PriceTo]=11000&filter[addCategory]=50&filter[addCatering]=1&filter[addMisc]=0&filter[addTransport]=F&filter[fp]=1&order_by=ofr_price&filter[tourOperator]=0&filter[childAge][1]=20201210","https://fly.pl/cdn/photo/assets/uploads/582/278/2014/07/Albatros-Citadel-Sahl-Hasheesh-ex.-Citadel-Azur-Resort-fly-pl.jpg","https://fly.pl/wycieczka/egipt,hurghada,c/citadel-azur-resort/py22Eg7ZZGTmzenKxK0qQCAAogzbLC0laPuFAL-WtZgzTNlZeMXePUQkpobZ-BQI6-nbQqBEVYSU0wmaX61AZIi0hQAVilCWACagJBSXIhHBGh-AarBKCwS7kERRuM-zcYjKNTAdO7_MYNAgBjAQIMeDJDzA/ofertasv/?filter[tourOperator]=EXIM&filter%5Bperson%5D=2&filter%5BchildAge%5D%5B1%5D=20201210&filter%5Bchild%5D=1"
"Ancient Sands Golf Resort","9252.0","29.10.2026 - 05.11.2026","8 dni/7 nocy","","4.8","4.8","3352","tripadvisor","Warszawa","2026-09-07T10:31:47.289415+00:00","https://fly.pl/oferta/egipt-wczasy/?filter[dest]=11:&filter[hotelids]=&filter[cityids]=&filter[cregids]=&filter[ofrType]=&filter[addObjType]=&filter[whenFrom]=10-10-2026&filter[whenTo]=05-11-2026&filter[duration]=7:10&filter[from]=&filter[person]=2&filter[child]=1&filter[price]=0:11000&filter[PriceFrom]=0&filter[PriceTo]=11000&filter[addCategory]=50&filter[addCatering]=1&filter[addMisc]=0&filter[addTransport]=F&filter[fp]=1&order_by=ofr_price&filter[tourOperator]=0&filter[childAge][1]=20201210","https://fly.pl/cdn/photo/assets/uploads/582/278/2019/05/Ancient-Sands-Golf-Resort.jpg","https://fly.pl/wycieczka/egipt,hurghada,al-dzuna/ancient-sands-el-gouna/pD3hEk8TRqMmLmilCcJwH-AAogOKRy10QYgWXTirqo4cHeThLqCxxQb8S86Hh0k4aD-ioqBE9SRVgwmaX61AZIpEhQQVjVCWACagVZLjIuMXI1mwEVBxcAXANYBVYCEQVAxQZdmw9PJFPSnQFSAF6vT0vtQ2EATOWMOiC4_ZcJDQACEmMBAgysEWNk/ofertasv/?filter[tourOperator]=OREX&filter%5Bperson%5D=2&filter%5BchildAge%5D%5B1%5D=20201210&filter%5Bchild%5D=1"
"Akassia Swiss Resort (ex. Calimera Club Akassia Swiss Resort)","9265.0","27.10.2026 - 03.11.2026","8 dni/7 nocy","","4.6","4.6","2597","tripadvisor","Łódź","2026-09-07T10:31:47.289415+00:00","https://fly.pl/oferta/egipt-wczasy/?filter[dest]=11:&filter[hotelids]=&filter[cityids]=&filter[cregids]=&filter[ofrType]=&filter[addObjType]=&filter[whenFrom]=10-10-2026&filter[whenTo]=05-11-2026&filter[duration]=7:10&filter[from]=&filter[person]=2&filter[child]=1&filter[price]=0:11000&filter[PriceFrom]=0&filter[PriceTo]=11000&filter[addCategory]=50&filter[addCatering]=1&filter[addMisc]=0&filter[addTransport]=F&filter[fp]=1&order_by=ofr_price&filter[tourOperator]=0&filter[childAge][1]=20201210","https://fly.pl/cdn/photo/assets/uploads/582/278/2014/09/Akassia-Swiss-Resort.jpg","https://fly.pl/wycieczka/egipt,marsa-alam,c/calimera-club-akassia-swiss-resort/plMSXJ_1w7BPLRrHiB3ZOsAAogFfIFvKqaXuHVUM7GtcXPeQAAAABxqAQAK7cEAAcAAQAqBFdFWlkwmaX61AZIsUhQQVilCWADaglFbnRlciBBaXJqBDAwMDBqBDAwMDByQp4BlQGYAR8AAgEcABYEFwIS6wIT_ggUvAURyB9ArVBL8lZQAEzEP08AHZq5ECC6HRuBsgQN97C9CQESYwEMYwECBceKVRE/ofertasv/?filter[tourOperator]=WEZY&filter%5Bperson%5D=2&filter%5BchildAge%5D%5B1%5D=20201210&filter%5Bchild%5D=1"
"Sataya Resort (ex. Labranda Sataya Marsa Alam)","9297.0","10.10.2026 - 18.10.2026","9 dni/7 nocy","","4.7","4.7","4175","tripadvisor","Katowice","2026-09-07T10:31:47.289415+00:00","https://fly.pl/oferta/egipt-wczasy/?filter[dest]=11:&filter[hotelids]=&filter[cityids]=&filter[cregids]=&filter[ofrType]=&filter[addObjType]=&filter[whenFrom]=10-10-2026&filter[whenTo]=05-11-2026&filter[duration]=7:10&filter[from]=&filter[person]=2&filter[child]=1&filter[price]=0:11000&filter[PriceFrom]=0&filter[PriceTo]=11000&filter[addCategory]=50&filter[addCatering]=1&filter[addMisc]=0&filter[addTransport]=F&filter[fp]=1&order_by=ofr_price&filter[tourOperator]=0&filter[childAge][1]=20201210","https://fly.pl/cdn/photo/assets/uploads/582/278/2019/09/Sataya-Resort-Marsa-Alam.jpg","https://fly.pl/wycieczka/egipt,marsa-alam,c/labranda-sataya-marsa-alam-9/pC-TGNa0xHoOB_FaENDfoVAAogw7M5bPSVcY1ogP4r2mq74ZAPaq7t_caFLM2yOUCCvvcqBFZJVFgwmaX61AZI0UhQQViNBmACckAaABUHFwBcA1gFQI8DW6eGAWGvSUsAXqcwUrwUUwBMoOQ5DZvVmAkgAV2q65HsqAFPlNqZijdR7aIVAg1jAQIMYXwFkQ/ofertasv/?filter[tourOperator]=VITX&filter%5Bperson%5D=2&filter%5BchildAge%5D%5B1%5D=20201210&filter%5Bchild%5D=1"
"The V Luxury Resort","9365.0","29.10.2026 - 05.11.2026","8 dni/7 nocy","","4.4","4.4","1029","tripadvisor","Warszawa","2026-09-07T10:31:47.289415+00:00","https://fly.pl/oferta/egipt-wczasy/?filter[dest]=11:&filter[hotelids]=&filter[cityids]=&filter[cregids]=&filter[ofrType]=&filter[addObjType]=&filter[whenFrom]=10-10-2026&filter[whenTo]=05-11-2026&filter[duration]=7:10&filter[from]=&filter[person]=2&filter[child]=1&filter[price]=0:11000&filter[PriceFrom]=0&filter[PriceTo]=11000&filter[addCategory]=50&filter[addCatering]=1&filter[addMisc]=0&filter[addTransport]=F&filter[fp]=1&order_by=ofr_price&filter[tourOperator]=0&filter[childAge][1]=20201210","https://datacfstatic.merlinx.pl/OREX/IMG/3068/81c0ea0627efd6ab9706558c934de376be3a32d51491e8172766c62f9015303c.webp","https://fly.pl/wycieczka/egipt,hurghada,sahl-hasheesh/the-v-luxury-resort-13/pPVEp29PBDFf8DdA1qyjfQAAogSp__cdTc51eLLYRAOk91IRLqCxxQb8S86Hh0k4aD-ioqBE9SRVgwmaX61AZIlUlQQVjVCWACagZaSS4yLjFyNpsBFQcXAFgIVgJcCEDCBl2bD08kEeIBU_CbAVIAXq9PS-1DYQBM5Yw6ILj9lwkNAAISYwECC7ZVFmA/ofertasv/?filter[tourOperator]=OREX&filter%5Bperson%5D=2&filter%5BchildAge%5D%5B1%5D=20201210&filter%5Bchild%5D=1"
"Park Regency Resort (ex. Hyatt)","9377.0","29.10.2026 - 05.11.2026","8 dni/7 nocy","","4.6","4.6","6179","tripadvisor","Warszawa - Modlin","2026-09-07T10:31:47.289415+00:00","https://fly.pl/oferta/egipt-wczasy/?filter[dest]=11:&filter[hotelids]=&filter[cityids]=&filter[cregids]=&filter[ofrType]=&filter[addObjType]=&filter[whenFrom]=10-10-2026&filter[whenTo]=05-11-2026&filter[duration]=7:10&filter[from]=&filter[person]=2&filter[child]=1&filter[price]=0:11000&filter[PriceFrom]=0&filter[PriceTo]=11000&filter[addCategory]=50&filter[addCatering]=1&filter[addMisc]=0&filter[addTransport]=F&filter[fp]=1&order_by=ofr_price&filter[tourOperator]=0&filter[childAge][1]=20201210","https://fly.pl/cdn/photo/assets/uploads/582/278/2014/07/Park-Regency.jpg","https://fly.pl/wycieczka/egipt,sharm-el-sheikh,c/hyatt-regency-sharm/pDgIQTefaGFJoX9I-FZpCbAAog4u3Czp-DEtluvd1sS5GuqBstrgoMttrZgZAvN8rfQ44qBEtPTVQwmaX61AZIoUlQAVjVCWACagJBSXIfHBH5GrkE7-IBqwQDGOKaBBvliiQBm7PKHgIAYwECBRmXTi4/ofertasv/?filter[tourOperator]=KOMT&filter%5Bperson%5D=2&filter%5BchildAge%5D%5B1%5D=20201210&filter%5Bchild%5D=1"
"Titanic Palace Resort","9383.0","29.10.2026 - 05.11.2026","8 dni/7 nocy","","4.5","4.5","7349","tripadvisor","Katowice","2026-09-07T10:31:47.289415+00:00","https://fly.pl/oferta/egipt-wczasy/?filter[dest]=11:&filter[hotelids]=&filter[cityids]=&filter[cregids]=&filter[ofrType]=&filter[addObjType]=&filter[whenFrom]=10-10-2026&filter[whenTo]=05-11-2026&filter[duration]=7:10&filter[from]=&filter[person]=2&filter[child]=1&filter[price]=0:11000&filter[PriceFrom]=0&filter[PriceTo]=11000&filter[addCategory]=50&filter[addCatering]=1&filter[addMisc]=0&filter[addTransport]=F&filter[fp]=1&order_by=ofr_price&filter[tourOperator]=0&filter[childAge][1]=20201210","https://fly.pl/cdn/photo/assets/uploads/582/278/2014/07/Titanic-Palace-Resort.jpg","https://fly.pl/wycieczka/egipt,hurghada,c/titanic-palace-2/pA0_G1Xb8yv8ZmYDsCdoj3AAogO5ff-oZL3YVsQO5XJnEBGwAAAACBhwQAHroEAAcAAAAqBFdFWlkwmaX61AZIp0lQQVjVCWADaglFbnRlciBBaXJqBDAwMTVqBDAwMDBqBDAwMDByQZ4BlAGVAZgBHwAcAQIAFgAXBhG9ARKZAxPvCEDVc0zLMk8AS4gfUAAdjbwQIJ1lG9v5Yw2s490IARJjAQxjAQIFQOeACw/ofertasv/?filter[tourOperator]=WEZY&filter%5Bperson%5D=2&filter%5BchildAge%5D%5B1%5D=20201210&filter%5Bchild%5D=1"
"Domina Coral Bay Bella Vista","9391.0","13.10.2026 - 20.10.2026","8 dni/7 nocy","","4.2","4.2","12412","tripadvisor","Katowice","2026-09-07T10:31:47.289415+00:00","https://fly.pl/oferta/egipt-wczasy/?filter[dest]=11:&filter[hotelids]=&filter[cityids]=&filter[cregids]=&filter[ofrType]=&filter[addObjType]=&filter[whenFrom]=10-10-2026&filter[whenTo]=05-11-2026&filter[duration]=7:10&filter[from]=&filter[person]=2&filter[child]=1&filter[price]=0:11000&filter[PriceFrom]=0&filter[PriceTo]=11000&filter[addCategory]=50&filter[addCatering]=1&filter[addMisc]=0&filter[addTransport]=F&filter[fp]=1&order_by=ofr_price&filter[tourOperator]=0&filter[childAge][1]=20201210","https://fly.pl/cdn/photo/assets/uploads/582/278/2024/07/domina-coral-bay-bellavista.jpg","https://fly.pl/wycieczka/egipt,sharm-el-sheikh,szarm-el-szejk/domina-coral-bay-bellavista-12/paVaMvi7z5Lj1pHRhIeWwNAAogLU3oae3uK0lMMsUQWUBaeVATkd0Et3pHZ-B5Uah2j-0qBEpPSVAwmaX61AZIr0lQQVjVBmACagMxMnFyQ5sBFAEVBhcAXANYBVYCQMoGT-IBXQBLt8oBYQBepzBSpiBTABH0pgFMuIk5Daj9lwkgAAGesezIpYnMoDACDWMBAAwKThXY/ofertasv/?filter[tourOperator]=JOIP&filter%5Bperson%5D=2&filter%5BchildAge%5D%5B1%5D=20201210&filter%5Bchild%5D=1"
"Pickalbatros Royal Moderna","9402.0","27.10.2026 - 03.11.2026","8 dni/7 nocy","","4.5","4.5","10698","tripadvisor","Warszawa - Modlin","2026-09-07T10:31:47.289415+00:00","https://fly.pl/oferta/egipt-wczasy/?filter[dest]=11:&filter[hotelids]=&filter[cityids]=&filter[cregids]=&filter[ofrType]=&filter[addObjType]=&filter[whenFrom]=10-10-2026&filter[whenTo]=05-11-2026&filter[duration]=7:10&filter[from]=&filter[person]=2&filter[child]=1&filter[price]=0:11000&filter[PriceFrom]=0&filter[PriceTo]=11000&filter[addCategory]=50&filter[addCatering]=1&filter[addMisc]=0&filter[addTransport]=F&filter[fp]=1&order_by=ofr_price&filter[tourOperator]=0&filter[childAge][1]=20201210","https://fly.pl/cdn/photo/assets/uploads/582/278/2009/08/Royal-Albatros-Moderna1708.jpg","https://fly.pl/wycieczka/egipt,sharm-el-sheikh,c/royal-albatros-moderna/px_2KhJPj3VedASJpcO3N2AAogyboKoNYUg5VL_GpUSOMgWpgpXVUQjygZk0IwIA3_YjEqBE9BU0kwmaX61AZIuklQAVilCWACagNBSWxyIRwR168BuQTt9g-rBAIbo7QPGNuAEwHV3-ulAgIAYwECDHNnBCQ/ofertasv/?filter[tourOperator]=OASI&filter%5Bperson%5D=2&filter%5BchildAge%5D%5B1%5D=20201210&filter%5Bchild%5D=1"
"Steigenberger Aqua Magic","9407.0","27.10.2026 - 03.11.2026","9 dni/7 nocy","","4.6","4.6","10361","tripadvisor","Warszawa - Modlin","2026-09-07T10:31:47.289415+00:00","https://fly.pl/oferta/egipt-wczasy/?filter[dest]=11:&filter[hotelids]=&filter[cityids]=&filter[cregids]=&filter[ofrType]=&filter[addObjType]=&filter[whenFrom]=10-10-2026&filter[whenTo]=05-11-2026&filter[duration]=7:10&filter[from]=&filter[person]=2&filter[child]=1&filter[price]=0:11000&filter[PriceFrom]=0&filter[PriceTo]=11000&filter[addCategory]=50&filter[addCatering]=1&filter[addMisc]=0&filter[addTransport]=F&filter[fp]=1&order_by=ofr_price&filter[tourOperator]=0&filter[childAge][1]=20201210","https://fly.pl/cdn/photo/assets/uploads/582/278/2014/09/Steigenberger-Aqua-Magic.jpg","https://fly.pl/wycieczka/egipt,hurghada,c/steigenberger-aqua-magic/ptF8IYPAnikj1wSC3QpxnPAAog5WwAnsMZGKppjUCWmQXP-peMXePUQkpobZ-BQI6-nbQqBEVYSU0wmaX61AZIv0lQAVilCWACagJBSXIhHBGagAerBKeoS7kERRuT2UAYqshIAfuvobMNAhJjAQILpal6eA/ofertasv/?filter[tourOperator]=EXIM&filter%5Bperson%5D=2&filter%5BchildAge%5D%5B1%5D=20201210&filter%5Bchild%5D=1"
"Charmillion Garden Aqua Park","9433.0","13.10.2026 - 20.10.2026","8 dni/7 nocy","","4.6","4.6","2256","tripadvisor","Katowice","2026-09-07T10:31:47.289415+00:00","https://fly.pl/oferta/egipt-wczasy/?filter[dest]=11:&filter[hotelids]=&filter[cityids]=&filter[cregids]=&filter[ofrType]=&filter[addObjType]=&filter[whenFrom]=10-10-2026&filter[whenTo]=05-11-2026&filter[duration]=7:10&filter[from]=&filter[person]=2&filter[child]=1&filter[price]=0:11000&filter[PriceFrom]=0&filter[PriceTo]=11000&filter[addCategory]=50&filter[addCatering]=1&filter[addMisc]=0&filter[addTransport]=F&filter[fp]=1&order_by=ofr_price&filter[tourOperator]=0&filter[childAge][1]=20201210","https://fly.pl/cdn/photo/assets/uploads/582/278/2014/07/Charmillion-Gardens-Aqua-Park-ex.-Sea-Garden.jpg","https://fly.pl/wycieczka/egipt,sharm-el-sheikh,nabq-bay/sea-gardens-sharm-el-sheikh/pLVaymP7u9FMbZpvy4X7J5AAogA7hRjPp8HmZ0WMqAFBf05lATkd0Et3pHZ-B5Uah2j-0qBEpPSVAwmaX61AZI2UlQQVjVBmACagMwbkhyQpsBFAEVBhcAXANYBVYCQMoGT-IBXQARoMYBS5cEYQBepzBSpiBTAEyssDoNqP2XCSAAAcC_iND0iMygMAINYwEADJrbFkY/ofertasv/?filter[tourOperator]=JOIP&filter%5Bperson%5D=2&filter%5BchildAge%5D%5B1%5D=20201210&filter%5Bchild%5D=1"
"Concorde Sport","9443.0","13.10.2026 - 20.10.2026","8 dni/7 nocy","","","","","","Katowice","2026-09-07T10:31:47.289415+00:00","https://fly.pl/oferta/egipt-wczasy/?filter[dest]=11:&filter[hotelids]=&filter[cityids]=&filter[cregids]=&filter[ofrType]=&filter[addObjType]=&filter[whenFrom]=10-10-2026&filter[whenTo]=05-11-2026&filter[duration]=7:10&filter[from]=&filter[person]=2&filter[child]=1&filter[price]=0:11000&filter[PriceFrom]=0&filter[PriceTo]=11000&filter[addCategory]=50&filter[addCatering]=1&filter[addMisc]=0&filter[addTransport]=F&filter[fp]=1&order_by=ofr_price&filter[tourOperator]=0&filter[childAge][1]=20201210","https://fly.pl/cdn/photo/assets/uploads/582/278/2017/08/Concorde-Sport-fly-pl-4.jpg","https://fly.pl/wycieczka/egipt,sharm-el-sheikh,szarm-el-szejk/concorde-sport/pVPhN3W_jgJ-3jImhSUGB1AAogYNf8YLxAxJwCsAh9IFUxBlATkd0Et3pHZ-B5Uah2j-0qBEpPSVAwmaX61AZI40lQQVjVBmACagNDR21yQpsBFAEVBhcAXANYBVYCQMoGT-IBXQBLt8oBYQBepzBSpiBTABGaA0ySrToNqP2XCSAAAcHBxIC0icygMAINYwEAC3ay-hY/ofertasv/?filter[tourOperator]=JOIP&filter%5Bperson%5D=2&filter%5BchildAge%5D%5B1%5D=20201210&filter%5Bchild%5D=1"
"Sirena Beach Resort & Spa","9450.0","10.10.2026 - 17.10.2026","8 dni/7 nocy","","4.7","4.7","466","tripadvisor","Warszawa","2026-09-07T10:31:47.289415+00:00","https://fly.pl/oferta/egipt-wczasy/?filter[dest]=11:&filter[hotelids]=&filter[cityids]=&filter[cregids]=&filter[ofrType]=&filter[addObjType]=&filter[whenFrom]=10-10-2026&filter[whenTo]=05-11-2026&filter[duration]=7:10&filter[from]=&filter[person]=2&filter[child]=1&filter[price]=0:11000&filter[PriceFrom]=0&filter[PriceTo]=11000&filter[addCategory]=50&filter[addCatering]=1&filter[addMisc]=0&filter[addTransport]=F&filter[fp]=1&order_by=ofr_price&filter[tourOperator]=0&filter[childAge][1]=20201210","https://datacfstatic.merlinx.pl/OREX/IMG/3216/86c44a9a8004959be2f4ed092ee91d3286d5e121550a04aac54449146091b82b.webp","https://fly.pl/wycieczka/egipt,marsa-alam,al-kusajr/movenpick-sirena-beach-13/pU4efgU0t_4yHmbn0tW_ECAAogVG-i4pDTkxNhoT4l2VHVny063im2E1E-fA40Cv_wUOwqBE9SRVgwmaX61AZI6klQQViNBmACagdHS1guMi4xcjabARUHFwBcA1gFVgJAygYRtRJdzhFPJF6Z2AFTvBRSAEuxL2EATOWMOiCl_ZcJDQACEmMBAg2rROeM/ofertasv/?filter[tourOperator]=OREX&filter%5Bperson%5D=2&filter%5BchildAge%5D%5B1%5D=20201210&filter%5Bchild%5D=1"
"Renaissance Golden View Beach Resort by Marriott","9527.0","13.10.2026 - 20.10.2026","8 dni/7 nocy","","4.5","4.5","7216","tripadvisor","Katowice","2026-09-07T10:31:47.289415+00:00","https://fly.pl/oferta/egipt-wczasy/?filter[dest]=11:&filter[hotelids]=&filter[cityids]=&filter[cregids]=&filter[ofrType]=&filter[addObjType]=&filter[whenFrom]=10-10-2026&filter[whenTo]=05-11-2026&filter[duration]=7:10&filter[from]=&filter[person]=2&filter[child]=1&filter[price]=0:11000&filter[PriceFrom]=0&filter[PriceTo]=11000&filter[addCategory]=50&filter[addCatering]=1&filter[addMisc]=0&filter[addTransport]=F&filter[fp]=1&order_by=ofr_price&filter[tourOperator]=0&filter[childAge][1]=20201210","https://fly.pl/cdn/photo/assets/uploads/582/278/2014/07/Renaissance-Golden-View-Beach-Resort.jpg","https://fly.pl/wycieczka/egipt,sharm-el-sheikh,c/renaissance-golden-view-beach/pQMgsKI0I-3RGXKGuzBxnyAAognASfKIY_xRgA6nDyBpKvkTZPnluiPTRbLKmNIwYEcH4qBEVYSU0wmaX61AZIt0pQAVjVBmACagJBSXIhHBGOyga5BOb2PasEGxvcpjwY3IU-Ac7F6-8KAgBjAQILJW-HAA/ofertasv/?filter[tourOperator]=EXIM&filter%5Bperson%5D=2&filter%5BchildAge%5D%5B1%5D=20201210&filter%5Bchild%5D=1"
"Palm Royale Soma Bay","9527.0","29.10.2026 - 05.11.2026","8 dni/7 nocy","","4.7","4.7","7180","tripadvisor","Warszawa","2026-09-07T10:31:47.289415+00:00","https://fly.pl/oferta/egipt-wczasy/?filter[dest]=11:&filter[hotelids]=&filter[cityids]=&filter[cregids]=&filter[ofrType]=&filter[addObjType]=&filter[whenFrom]=10-10-2026&filter[whenTo]=05-11-2026&filter[duration]=7:10&filter[from]=&filter[person]=2&filter[child]=1&filter[price]=0:11000&filter[PriceFrom]=0&filter[PriceTo]=11000&filter[addCategory]=50&filter[addCatering]=1&filter[addMisc]=0&filter[addTransport]=F&filter[fp]=1&order_by=ofr_price&filter[tourOperator]=0&filter[childAge][1]=20201210","https://fly.pl/cdn/photo/assets/uploads/582/278/2014/09/Palm-Royale-Resort-Soma-Bay.jpg","https://fly.pl/wycieczka/egipt,hurghada,soma-bay/palm-royale-soma-bay/pjzHYFHoht4VlZ2tIIXqCGAAogFpUJElT_it3OF5WnnrZ1MxLqCxxQb8S86Hh0k4aD-ioqBE9SRVgwmaX61AZIt0pQQVjVCWACagZFQy4yLjFyNZsBFQcXAFwDWAVWAhEwQJoGXZsPTyRT0p0BUgBer09L7UNhAEzljDoguP2XCQ0AAhJjAQINUQYHOQ/ofertasv/?filter[tourOperator]=OREX&filter%5Bperson%5D=2&filter%5BchildAge%5D%5B1%5D=20201210&filter%5Bchild%5D=1"
"Double Tree by Hilton Mangroovy El Gouna Resort","9540.0","29.10.2026 - 05.11.2026","8 dni/7 nocy","","","","","","Warszawa","2026-09-07T10:31:47.289415+00:00","https://fly.pl/oferta/egipt-wczasy/?filter[dest]=11:&filter[hotelids]=&filter[cityids]=&filter[cregids]=&filter[ofrType]=&filter[addObjType]=&filter[whenFrom]=10-10-2026&filter[whenTo]=05-11-2026&filter[duration]=7:10&filter[from]=&filter[person]=2&filter[child]=1&filter[price]=0:11000&filter[PriceFrom]=0&filter[PriceTo]=11000&filter[addCategory]=50&filter[addCatering]=1&filter[addMisc]=0&filter[addTransport]=F&filter[fp]=1&order_by=ofr_price&filter[tourOperator]=0&filter[childAge][1]=20201210","https://datacfstatic.merlinx.pl/OREX/IMG/6513/61970b72b312ea6d0373821b3cb6271ebffe7a152e252532c893aa503ed99358.webp","https://fly.pl/wycieczka/egipt,hurghada,al-dzuna/double-tree-by-hilton-mangroovy-el-gouna-13/pdZ4Rspewj60XHJIOQV2VAAAog2T315cxqL99FtniBsRw5EBLqCxxQb8S86Hh0k4aD-ioqBE9SRVgwmaX61AZIxEpQQVjVCWACagVYLjIuMXI2mwEVBxcAXANYBVYCQMoGXZsPTyQR1xxT-4ABUgBer09L7UNhAEzljDoguP2XCQ0AAhJjAQILwRDyQA/ofertasv/?filter[tourOperator]=OREX&filter%5Bperson%5D=2&filter%5BchildAge%5D%5B1%5D=20201210&filter%5Bchild%5D=1"
"Sunrise Select Garden Beach Resort & Spa","9565.0","27.10.2026 - 03.11.2026","9 dni/7 nocy","","4.7","4.7","9739","tripadvisor","Warszawa - Modlin","2026-09-07T10:31:47.289415+00:00","https://fly.pl/oferta/egipt-wczasy/?filter[dest]=11:&filter[hotelids]=&filter[cityids]=&filter[cregids]=&filter[ofrType]=&filter[addObjType]=&filter[whenFrom]=10-10-2026&filter[whenTo]=05-11-2026&filter[duration]=7:10&filter[from]=&filter[person]=2&filter[child]=1&filter[price]=0:11000&filter[PriceFrom]=0&filter[PriceTo]=11000&filter[addCategory]=50&filter[addCatering]=1&filter[addMisc]=0&filter[addTransport]=F&filter[fp]=1&order_by=ofr_price&filter[tourOperator]=0&filter[childAge][1]=20201210","https://fly.pl/cdn/photo/assets/uploads/582/278/2014/09/Sunrise-Garden-Beach-Resort-Spa.jpg","https://fly.pl/wycieczka/egipt,hurghada,c/sunrise-select-garden-beach-resort-spa/pp2CnNqqnQvr5uW2FB2hMqAAog5ej7uMe1JNBPlCQ7ez-h63-RivCO5fCdWQwfiBpU-nUqBE9BU0kwmaX61AZI3UpQAVilCWACagNBSWxyIRwRr8ABqwS93g-5BEAbtMEPGMeEEwGi4remAgIAYwECCw33uG8/ofertasv/?filter[tourOperator]=OASI&filter%5Bperson%5D=2&filter%5BchildAge%5D%5B1%5D=20201210&filter%5Bchild%5D=1"
"Aurora Oriental Resort","9624.0","28.10.2026 - 05.11.2026","9 dni/8 nocy","","4.4","4.4","7190","tripadvisor","Katowice","2026-09-07T10:31:47.289415+00:00","https://fly.pl/oferta/egipt-wczasy/?filter[dest]=11:&filter[hotelids]=&filter[cityids]=&filter[cregids]=&filter[ofrType]=&filter[addObjType]=&filter[whenFrom]=10-10-2026&filter[whenTo]=05-11-2026&filter[duration]=7:10&filter[from]=&filter[person]=2&filter[child]=1&filter[price]=0:11000&filter[PriceFrom]=0&filter[PriceTo]=11000&filter[addCategory]=50&filter[addCatering]=1&filter[addMisc]=0&filter[addTransport]=F&filter[fp]=1&order_by=ofr_price&filter[tourOperator]=0&filter[childAge][1]=20201210","https://fly.pl/cdn/photo/assets/uploads/582/278/2014/07/Aurora-Oriental-Resort.jpg","https://fly.pl/wycieczka/egipt,sharm-el-sheikh,szarm-el-szejk/oriental-resort/pprGCusfUVgNaTLN1i3ouiAAogUohFsSuCbLRJ6Fcsu-83HTZryUzwBl2_SNj0C1jABO4qBEpPSVAwmaX61AZImEtQQVi9CWACagNDR21yQpsBFAEVBhcBXAJYBVYCQMoGT-IBXQAR4cYBS9YDYQBepzBSpiBTAEyssDoNt_2XCSABAarf3Ki1yMygMAINYwEADASY2NA/ofertasv/?filter[tourOperator]=JOIP&filter%5Bperson%5D=2&filter%5BchildAge%5D%5B1%5D=20201210&filter%5Bchild%5D=1"
"El Malikia Resort Abu Dabbab (ex.Sol Y Mar)","9633.0","22.10.2026 - 29.10.2026","8 dni/7 nocy","","4.5","4.5","6764","tripadvisor","Katowice","2026-09-07T10:31:47.289415+00:00","https://fly.pl/oferta/egipt-wczasy/?filter[dest]=11:&filter[hotelids]=&filter[cityids]=&filter[cregids]=&filter[ofrType]=&filter[addObjType]=&filter[whenFrom]=10-10-2026&filter[whenTo]=05-11-2026&filter[duration]=7:10&filter[from]=&filter[person]=2&filter[child]=1&filter[price]=0:11000&filter[PriceFrom]=0&filter[PriceTo]=11000&filter[addCategory]=50&filter[addCatering]=1&filter[addMisc]=0&filter[addTransport]=F&filter[fp]=1&order_by=ofr_price&filter[tourOperator]=0&filter[childAge][1]=20201210","https://fly.pl/cdn/photo/assets/uploads/582/278/2016/11/El-Malikia-Resort-Abu-Dabbab-ex.Sol-Y-Mar-fly-pl.jpg","https://fly.pl/wycieczka/egipt,marsa-alam,c/el-malikia-resort-abu-dabbab-ex-sol-y-mar/pcW38tuoqgKWAhE_PIt76LAAogo0q9YG6bVxhicxi1gl8NqYaHhndt-fCFnIyuOdpN4Z8qBFNGUEwwmaX61AZIoUtQQVitCGACciELAxUEIgYSJ1zGAkAuW_cDDf_J1AlR96_kkgYCEmMBAgZhmmkX/ofertasv/?filter[tourOperator]=SFPL&filter%5Bperson%5D=2&filter%5BchildAge%5D%5B1%5D=20201210&filter%5Bchild%5D=1"
"Hilton Plaza (Hurghada)","9644.0","29.10.2026 - 05.11.2026","8 dni/7 nocy","","4.6","4.6","4238","tripadvisor","Warszawa","2026-09-07T10:31:47.289415+00:00","https://fly.pl/oferta/egipt-wczasy/?filter[dest]=11:&filter[hotelids]=&filter[cityids]=&filter[cregids]=&filter[ofrType]=&filter[addObjType]=&filter[whenFrom]=10-10-2026&filter[whenTo]=05-11-2026&filter[duration]=7:10&filter[from]=&filter[person]=2&filter[child]=1&filter[price]=0:11000&filter[PriceFrom]=0&filter[PriceTo]=11000&filter[addCategory]=50&filter[addCatering]=1&filter[addMisc]=0&filter[addTransport]=F&filter[fp]=1&order_by=ofr_price&filter[tourOperator]=0&filter[childAge][1]=20201210","https://fly.pl/cdn/photo/assets/uploads/582/278/2014/10/Hilton-Plaza.jpg","https://fly.pl/wycieczka/egipt,hurghada,c/hilton-plaza-hurghada/pdD_PFIQFppjZlA-OOUG0jAAogDxVZQjh5ZFUMT5h7bfSvjBLqCxxQb8S86Hh0k4aD-ioqBE9SRVgwmaX61AZIrEtQQVjVCWACagVFLjIuMXI1mwEVBxcAXANYBVYCEVpA8AVdmw9PJFPSnQFSAF6vT0vtQ2EATOWMOiC4_ZcJDQACEmMBAgsaY3fF/ofertasv/?filter[tourOperator]=OREX&filter%5Bperson%5D=2&filter%5BchildAge%5D%5B1%5D=20201210&filter%5Bchild%5D=1"
"Serenity Sky Arc","9677.0","15.10.2026 - 22.10.2026","8 dni/7 nocy","","","","","","Wrocław","2026-09-07T10:31:47.289415+00:00","https://fly.pl/oferta/egipt-wczasy/?filter[dest]=11:&filter[hotelids]=&filter[cityids]=&filter[cregids]=&filter[ofrType]=&filter[addObjType]=&filter[whenFrom]=10-10-2026&filter[whenTo]=05-11-2026&filter[duration]=7:10&filter[from]=&filter[person]=2&filter[child]=1&filter[price]=0:11000&filter[PriceFrom]=0&filter[PriceTo]=11000&filter[addCategory]=50&filter[addCatering]=1&filter[addMisc]=0&filter[addTransport]=F&filter[fp]=1&order_by=ofr_price&filter[tourOperator]=0&filter[childAge][1]=20201210","https://datacfstatic.merlinx.pl/EXIM/IMG/105925/cf3c14898a23b0b49569de311369928ab20dff35cd198358119db51d531b20bd.webp","https://fly.pl/wycieczka/egipt,hurghada,sahl-hasheesh/serenity-sky-arc-10/pFVdrc_2KcWbi8Jg_VNdvOAAogoRQq1I1Q1j0U2cxUXIUBBOJkFGC95BV6NPIm-ieal6cqBEVYSU0wmaX61AZIzUtQAViFB2ACagJBSXIhHBHFuwa5BKuBPqsEHBvm4C8YkNo2AYL9tIsJAgBjAQIG0Cy6XA/ofertasv/?filter[tourOperator]=EXIM&filter%5Bperson%5D=2&filter%5BchildAge%5D%5B1%5D=20201210&filter%5Bchild%5D=1"
"Lazuli (Marsa Alam)","9697.0","24.10.2026 - 01.11.2026","9 dni/7 nocy","","4.7","4.7","1084","tripadvisor","Katowice","2026-09-07T10:31:47.289415+00:00","https://fly.pl/oferta/egipt-wczasy/?filter[dest]=11:&filter[hotelids]=&filter[cityids]=&filter[cregids]=&filter[ofrType]=&filter[addObjType]=&filter[whenFrom]=10-10-2026&filter[whenTo]=05-11-2026&filter[duration]=7:10&filter[from]=&filter[person]=2&filter[child]=1&filter[price]=0:11000&filter[PriceFrom]=0&filter[PriceTo]=11000&filter[addCategory]=50&filter[addCatering]=1&filter[addMisc]=0&filter[addTransport]=F&filter[fp]=1&order_by=ofr_price&filter[tourOperator]=0&filter[childAge][1]=20201210","https://fly.pl/cdn/photo/assets/uploads/582/278/2021/06/Lazuli1.jpg","https://fly.pl/wycieczka/egipt,marsa-alam,al-kusajr/lazuli-13/pI89OON6t45D5AXgmEGdiPAAogoxvHCaKyz5Wm-dM75hIKFnCGRH8duBCtonW6q8LaExQqBFZJVFgwmaX61AZI4UtQQVjdCGACckAaABUHFwBcA1gFQI8DW7-DAWGXTEsAXqcwUrwUUwBMneQ5DazVmAkgAV2e65HsqAFPlNqZijdRl60BAg1jAQIMuvUNGQ/ofertasv/?filter[tourOperator]=VITX&filter%5Bperson%5D=2&filter%5BchildAge%5D%5B1%5D=20201210&filter%5Bchild%5D=1"
"Pickalbatros Dana Beach Resort","9777.0","27.10.2026 - 03.11.2026","9 dni/7 nocy","","4.4","4.4","2858","tripadvisor","Warszawa - Modlin","2026-09-07T10:31:47.289415+00:00","https://fly.pl/oferta/egipt-wczasy/?filter[dest]=11:&filter[hotelids]=&filter[cityids]=&filter[cregids]=&filter[ofrType]=&filter[addObjType]=&filter[whenFrom]=10-10-2026&filter[whenTo]=05-11-2026&filter[duration]=7:10&filter[from]=&filter[person]=2&filter[child]=1&filter[price]=0:11000&filter[PriceFrom]=0&filter[PriceTo]=11000&filter[addCategory]=50&filter[addCatering]=1&filter[addMisc]=0&filter[addTransport]=F&filter[fp]=1&order_by=ofr_price&filter[tourOperator]=0&filter[childAge][1]=20201210","https://fly.pl/cdn/photo/assets/uploads/582/278/2014/10/Dana-Beach-Resort-fly-pl-1.jpg","https://fly.pl/wycieczka/egipt,hurghada,c/dana-beach/pcXrWWMM-jgVcgvX5PUcIQAAogGhUe-7e9uaIQqCaDkkKgrpeMXePUQkpobZ-BQI6-nbQqBEVYSU0wmaX61AZIsUxQAVilCWACagJBSXIhHBGi-AarBJ-wS7kERRuf-zcY5KFTAYOU9sYNAgBjAQIMbwKJoA/ofertasv/?filter[tourOperator]=EXIM&filter%5Bperson%5D=2&filter%5BchildAge%5D%5B1%5D=20201210&filter%5Bchild%5D=1"
"Gorgonia Beach","9783.0","13.10.2026 - 20.10.2026","8 dni/7 nocy","","4.5","4.5","3761","tripadvisor","Warszawa","2026-09-07T10:31:47.289415+00:00","https://fly.pl/oferta/egipt-wczasy/?filter[dest]=11:&filter[hotelids]=&filter[cityids]=&filter[cregids]=&filter[ofrType]=&filter[addObjType]=&filter[whenFrom]=10-10-2026&filter[whenTo]=05-11-2026&filter[duration]=7:10&filter[from]=&filter[person]=2&filter[child]=1&filter[price]=0:11000&filter[PriceFrom]=0&filter[PriceTo]=11000&filter[addCategory]=50&filter[addCatering]=1&filter[addMisc]=0&filter[addTransport]=F&filter[fp]=1&order_by=ofr_price&filter[tourOperator]=0&filter[childAge][1]=20201210","https://fly.pl/cdn/photo/assets/uploads/582/278/2016/12/Gorgonia-Beach-Resort.jpg","https://fly.pl/wycieczka/egipt,marsa-alam,c/gorgonia-beach/p9sCJ3eNqtBSuXIPCYStFGAAog9neub51qzm8qFv04mqPBk8orfjTd4NSNIPaWWFyFh7kqBFNGUEwwmaX61AZIt0xQQVjVBmACciMLAhUFIgYSJ1zGAkAuDe3N1AlR0vPjkgZbifjAHwISYwECBrXO0RY/ofertasv/?filter[tourOperator]=SFPL&filter%5Bperson%5D=2&filter%5BchildAge%5D%5B1%5D=20201210&filter%5Bchild%5D=1"
"Domina Coral Bay Resort","9840.0","24.10.2026 - 31.10.2026","8 dni/7 nocy","","4.2","4.2","12412","tripadvisor","Warszawa","2026-09-07T10:31:47.289415+00:00","https://fly.pl/oferta/egipt-wczasy/?filter[dest]=11:&filter[hotelids]=&filter[cityids]=&filter[cregids]=&filter[ofrType]=&filter[addObjType]=&filter[whenFrom]=10-10-2026&filter[whenTo]=05-11-2026&filter[duration]=7:10&filter[from]=&filter[person]=2&filter[child]=1&filter[price]=0:11000&filter[PriceFrom]=0&filter[PriceTo]=11000&filter[addCategory]=50&filter[addCatering]=1&filter[addMisc]=0&filter[addTransport]=F&filter[fp]=1&order_by=ofr_price&filter[tourOperator]=0&filter[childAge][1]=20201210","https://fly.pl/cdn/photo/assets/uploads/582/278/2014/07/DOMINA.jpg","https://fly.pl/wycieczka/egipt,sharm-el-sheikh,c/domina-coral-bay-resort-sharm-el-sheikh/pAa9wTwaPzfPy7-fxqF2aiAAogNUm0aogpLaPbXoUBKazRwAAAAACbhAQAuIQEAAcAEgAqBFdFWlkwm6X61AZI8ExQQVjdCGADaglFbnRlciBBaXJqBDA4MDByQ54BlQEfAAIBHAAWBBcCEu0DGKEEE7ECFMkEQJJyT6CiAUwAS8cjUAAR50UdrPwOIB0btO0EDbTavQkBEmMBDWMBAwUnzyTW/ofertasv/?filter[tourOperator]=WEZY&filter%5Bperson%5D=2&filter%5BchildAge%5D%5B1%5D=20201210&filter%5Bchild%5D=1"
"Reef Oasis Suakin Resort","9897.0","10.10.2026 - 18.10.2026","9 dni/7 nocy","","4.8","4.8","1420","tripadvisor","Katowice","2026-09-07T10:31:47.289415+00:00","https://fly.pl/oferta/egipt-wczasy/?filter[dest]=11:&filter[hotelids]=&filter[cityids]=&filter[cregids]=&filter[ofrType]=&filter[addObjType]=&filter[whenFrom]=10-10-2026&filter[whenTo]=05-11-2026&filter[duration]=7:10&filter[from]=&filter[person]=2&filter[child]=1&filter[price]=0:11000&filter[PriceFrom]=0&filter[PriceTo]=11000&filter[addCategory]=50&filter[addCatering]=1&filter[addMisc]=0&filter[addTransport]=F&filter[fp]=1&order_by=ofr_price&filter[tourOperator]=0&filter[childAge][1]=20201210","https://fly.pl/cdn/photo/assets/uploads/582/278/2024/07/reef-oasis-suakin-resort.jpg","https://fly.pl/wycieczka/egipt,marsa-alam,c/reef-oasis-suakin-resort-11/pJknrWOkk_LqhqN5tuNNxrAAogtBcnyDKlttK5eINGm0j2H5APaq7t_caFLM2yOUCCvvcqBFZJVFgwm6X61AZIqU1QQViNBmACckAaABUHFwBcA1gFQI8DW6eGAWGvSUsAXqcwUrwUUwBMoOQ5DZvVmAkgAV2q65HsqAFPlNqZijdR1toSAgxjAQIL8vFLqQ/ofertasv/?filter[tourOperator]=VITX&filter%5Bperson%5D=2&filter%5BchildAge%5D%5B1%5D=20201210&filter%5Bchild%5D=1"
"Jaz Elite Asteria (Hurghada)","9927.0","27.10.2026 - 03.11.2026","9 dni/7 nocy","","4.9","4.9","620","tripadvisor","Warszawa - Modlin","2026-09-07T10:31:47.289415+00:00","https://fly.pl/oferta/egipt-wczasy/?filter[dest]=11:&filter[hotelids]=&filter[cityids]=&filter[cregids]=&filter[ofrType]=&filter[addObjType]=&filter[whenFrom]=10-10-2026&filter[whenTo]=05-11-2026&filter[duration]=7:10&filter[from]=&filter[person]=2&filter[child]=1&filter[price]=0:11000&filter[PriceFrom]=0&filter[PriceTo]=11000&filter[addCategory]=50&filter[addCatering]=1&filter[addMisc]=0&filter[addTransport]=F&filter[fp]=1&order_by=ofr_price&filter[tourOperator]=0&filter[childAge][1]=20201210","https://fly.pl/cdn/photo/assets/uploads/582/278/2024/07/jaz-asteria-beach.jpg","https://fly.pl/wycieczka/egipt,hurghada,sahl-hasheesh/jaz-asteria-beach-11/pRpr_Yj3jrQENHwt_QuRwEAAog6haa7-qW7wRfloMD_pyTKZeMXePUQkpobZ-BQI6-nbQqBEVYSU0wm6X61AZIx01QAVilCWACagJBSXIhHBGz_warBI6pS7kERRvko0AYsN5HAZK0nawNAhJjAQIMPc81aQ/ofertasv/?filter[tourOperator]=EXIM&filter%5Bperson%5D=2&filter%5BchildAge%5D%5B1%5D=20201210&filter%5Bchild%5D=1"
"Pickalbatros Laguna Vista Beach","9930.0","27.10.2026 - 03.11.2026","8 dni/7 nocy","","4.0","4.0","3068","tripadvisor","Warszawa - Modlin","2026-09-07T10:31:47.289415+00:00","https://fly.pl/oferta/egipt-wczasy/?filter[dest]=11:&filter[hotelids]=&filter[cityids]=&filter[cregids]=&filter[ofrType]=&filter[addObjType]=&filter[whenFrom]=10-10-2026&filter[whenTo]=05-11-2026&filter[duration]=7:10&filter[from]=&filter[person]=2&filter[child]=1&filter[price]=0:11000&filter[PriceFrom]=0&filter[PriceTo]=11000&filter[addCategory]=50&filter[addCatering]=1&filter[addMisc]=0&filter[addTransport]=F&filter[fp]=1&order_by=ofr_price&filter[tourOperator]=0&filter[childAge][1]=20201210","https://fly.pl/cdn/photo/assets/uploads/582/278/2014/07/laguna.jpg","https://fly.pl/wycieczka/egipt,sharm-el-sheikh,c/laguna-vista-beach/pN5tSaENytuq_qJ2kgYdpCAAogXpXj3GP2dbKL_hXINV-b-pgpXVUQjygZk0IwIA3_YjEqBE9BU0kwm6X61AZIyk1QAVilCWACagNBSWxyIRwRpq8BuQSe9w-rBAIb-rwOGNz9EQGY0N-ZAgIAYwECDGdS8_Q/ofertasv/?filter[tourOperator]=OASI&filter%5Bperson%5D=2&filter%5BchildAge%5D%5B1%5D=20201210&filter%5Bchild%5D=1"
"Grand Rotana Resort & Spa","9936.0","25.10.2026 - 01.11.2026","8 dni/7 nocy","","4.6","4.6","6780","tripadvisor","Katowice","2026-09-07T10:31:47.289415+00:00","https://fly.pl/oferta/egipt-wczasy/?filter[dest]=11:&filter[hotelids]=&filter[cityids]=&filter[cregids]=&filter[ofrType]=&filter[addObjType]=&filter[whenFrom]=10-10-2026&filter[whenTo]=05-11-2026&filter[duration]=7:10&filter[from]=&filter[person]=2&filter[child]=1&filter[price]=0:11000&filter[PriceFrom]=0&filter[PriceTo]=11000&filter[addCategory]=50&filter[addCatering]=1&filter[addMisc]=0&filter[addTransport]=F&filter[fp]=1&order_by=ofr_price&filter[tourOperator]=0&filter[childAge][1]=20201210","https://fly.pl/cdn/photo/assets/uploads/582/278/2014/07/Grand-Rotana-fly-pl.jpg","https://fly.pl/wycieczka/egipt,sharm-el-sheikh,c/grand-rotana/pr_wuLfmzK6A4LNeyehV9KAAog2rzHvghMWBLlvaDlEkGSHf-8lKSM_XY3X6eU8q1GIdEqBE9BU0kwm6X61AZI0E1QAVj1CGACagNBSWxyIRwR9K8BqwSjqxC5BCsbp7sOGNuPFAH8rZynAgIAYwECBokX6t0/ofertasv/?filter[tourOperator]=OASI&filter%5Bperson%5D=2&filter%5BchildAge%5D%5B1%5D=20201210&filter%5Bchild%5D=1"
"Sentido Mamlouk Palace Resort & Spa (ex Sunrise)","9973.0","29.10.2026 - 05.11.2026","8 dni/7 nocy","","4.7","4.7","12040","tripadvisor","Katowice","2026-09-07T10:31:47.289415+00:00","https://fly.pl/oferta/egipt-wczasy/?filter[dest]=11:&filter[hotelids]=&filter[cityids]=&filter[cregids]=&filter[ofrType]=&filter[addObjType]=&filter[whenFrom]=10-10-2026&filter[whenTo]=05-11-2026&filter[duration]=7:10&filter[from]=&filter[person]=2&filter[child]=1&filter[price]=0:11000&filter[PriceFrom]=0&filter[PriceTo]=11000&filter[addCategory]=50&filter[addCatering]=1&filter[addMisc]=0&filter[addTransport]=F&filter[fp]=1&order_by=ofr_price&filter[tourOperator]=0&filter[childAge][1]=20201210","https://fly.pl/cdn/photo/assets/uploads/582/278/2014/10/Sentido-Mamlouk-Palace-Resort-Spa.jpg","https://fly.pl/wycieczka/egipt,hurghada,c/sentido-mamlouk-palace-resort-ex-sunrise/pSh7WXWeza4Qy4CrzZ5fgIAAogtYsHrWS5Enx89vuXrIFDTU06z87_Cgpl9JIak3ep62gqBFNGUEwwm6X61AZI9U1QQVjVCWACciMLAxUEIgYSIVzMAkAuW-fwUQ2W3YIJUajF0PuPAQISYwECBe1Dbe4/ofertasv/?filter[tourOperator]=SFPL&filter%5Bperson%5D=2&filter%5BchildAge%5D%5B1%5D=20201210&filter%5Bchild%5D=1"
"Jaz Sharm Dreams Resort","10024.0","24.10.2026 - 31.10.2026","8 dni/7 nocy","","4.3","4.3","6511","tripadvisor","Warszawa","2026-09-07T10:31:47.289415+00:00","https://fly.pl/oferta/egipt-wczasy/?filter[dest]=11:&filter[hotelids]=&filter[cityids]=&filter[cregids]=&filter[ofrType]=&filter[addObjType]=&filter[whenFrom]=10-10-2026&filter[whenTo]=05-11-2026&filter[duration]=7:10&filter[from]=&filter[person]=2&filter[child]=1&filter[price]=0:11000&filter[PriceFrom]=0&filter[PriceTo]=11000&filter[addCategory]=50&filter[addCatering]=1&filter[addMisc]=0&filter[addTransport]=F&filter[fp]=1&order_by=ofr_price&filter[tourOperator]=0&filter[childAge][1]=20201210","https://fly.pl/cdn/photo/assets/uploads/582/278/2014/07/Jaz-Sharm-Dreams.jpg","https://fly.pl/wycieczka/egipt,sharm-el-sheikh,c/hilton-sharm-dreams-resort/pBZ7iIEkxEaeYaWa2F3NtLAAog6D9alq0QaV_MxGrjyiuqcQAAAACbhAQAuIQEAAcAEgAqBFdFWlkwm6X61AZIqE5QQVjdCGADaglFbnRlciBBaXJqBDA4MDByQp4BlQEfABwBAgAWBBcCEVsSkgMYoQQTsQIUyQRAknJMoKIBTwBLxyNQABu51AMd2u0LIB0N6MfCCQESYwENYwEDBQ9ewmk/ofertasv/?filter[tourOperator]=WEZY&filter%5Bperson%5D=2&filter%5BchildAge%5D%5B1%5D=20201210&filter%5Bchild%5D=1"
"The Cascades Golf Resort Spa & Thalasso (ex Westin Soma Bay)","10033.0","27.10.2026 - 03.11.2026","9 dni/7 nocy","","4.4","4.4","277","tripadvisor","Warszawa - Modlin","2026-09-07T10:31:47.289415+00:00","https://fly.pl/oferta/egipt-wczasy/?filter[dest]=11:&filter[hotelids]=&filter[cityids]=&filter[cregids]=&filter[ofrType]=&filter[addObjType]=&filter[whenFrom]=10-10-2026&filter[whenTo]=05-11-2026&filter[duration]=7:10&filter[from]=&filter[person]=2&filter[child]=1&filter[price]=0:11000&filter[PriceFrom]=0&filter[PriceTo]=11000&filter[addCategory]=50&filter[addCatering]=1&filter[addMisc]=0&filter[addTransport]=F&filter[fp]=1&order_by=ofr_price&filter[tourOperator]=0&filter[childAge][1]=20201210","https://fly.pl/cdn/photo/assets/uploads/582/278/2014/10/The-Cascades-Golf-Resort-Spa-Thalasso.jpg","https://fly.pl/wycieczka/egipt,hurghada,soma-bay/la-residence-des-cascades/pGM0nx2j88lyYdwr1YwA1aAAogcvOipXiiQ7Rqz4w3oSEOQ3-RivCO5fCdWQwfiBpU-nUqBE9BU0kwm6X61AZIsU5QAVilCWACagNBSWxyIRwRtMABqwS43g-5BEAbhMMPGNiFEwGh28imAgIAYwECDPk8u18/ofertasv/?filter[tourOperator]=OASI&filter%5Bperson%5D=2&filter%5BchildAge%5D%5B1%5D=20201210&filter%5Bchild%5D=1"
"Three Corners Fayrouz Plaza Beach Resort","10062.0","17.10.2026 - 24.10.2026","8 dni/7 nocy","","4.7","4.7","13148","tripadvisor","Warszawa","2026-09-07T10:31:47.289415+00:00","https://fly.pl/oferta/egipt-wczasy/?filter[dest]=11:&filter[hotelids]=&filter[cityids]=&filter[cregids]=&filter[ofrType]=&filter[addObjType]=&filter[whenFrom]=10-10-2026&filter[whenTo]=05-11-2026&filter[duration]=7:10&filter[from]=&filter[person]=2&filter[child]=1&filter[price]=0:11000&filter[PriceFrom]=0&filter[PriceTo]=11000&filter[addCategory]=50&filter[addCatering]=1&filter[addMisc]=0&filter[addTransport]=F&filter[fp]=1&order_by=ofr_price&filter[tourOperator]=0&filter[childAge][1]=20201210","https://fly.pl/cdn/photo/assets/uploads/582/278/2014/10/The-Three-Corners-Fayrouz-Plaza.jpg","https://fly.pl/wycieczka/egipt,marsa-alam,c/three-corners-fayrouz-plaza-beach-resort/pygcCuxTAnPC7jJqA-qRpwAAogul2qAt-RGGgq6eAGCfJ17mECgtijhDrT6bu4Y7o874kqBE9SRVgwm6X61AZIzk5QQVi1B2ACagZDMC4yLjFyNZsBFQcXAFwDWAVWAhGKBkBAXYMkTyRemdgBU7wUUgBLsS9hAEzljDogrP2XCQ0AAhJjAQINbvvQBA/ofertasv/?filter[tourOperator]=OREX&filter%5Bperson%5D=2&filter%5BchildAge%5D%5B1%5D=20201210&filter%5Bchild%5D=1"
"Amphoras Beach","10067.0","13.10.2026 - 20.10.2026","8 dni/7 nocy","","4.4","4.4","6746","tripadvisor","Katowice","2026-09-07T10:31:47.289415+00:00","https://fly.pl/oferta/egipt-wczasy/?filter[dest]=11:&filter[hotelids]=&filter[cityids]=&filter[cregids]=&filter[ofrType]=&filter[addObjType]=&filter[whenFrom]=10-10-2026&filter[whenTo]=05-11-2026&filter[duration]=7:10&filter[from]=&filter[person]=2&filter[child]=1&filter[price]=0:11000&filter[PriceFrom]=0&filter[PriceTo]=11000&filter[addCategory]=50&filter[addCatering]=1&filter[addMisc]=0&filter[addTransport]=F&filter[fp]=1&order_by=ofr_price&filter[tourOperator]=0&filter[childAge][1]=20201210","https://fly.pl/cdn/photo/assets/uploads/582/278/2016/11/AMPHORAS-BEACH.jpg","https://fly.pl/wycieczka/egipt,sharm-el-sheikh,c/otium-amphoras-ex-shores/p7Q2nJ1LFwCMPxQygeFb1tAAogLhA_rSayQEArscB73TQH9DZPnluiPTRbLKmNIwYEcH4qBEVYSU0wm6X61AZI005QAVjVBmACagNVQUlyIRwRlLsGuQTghT6rBBsb3fA4GOWhQgGvrIn6CgIAYwECC3U-toU/ofertasv/?filter[tourOperator]=EXIM&filter%5Bperson%5D=2&filter%5BchildAge%5D%5B1%5D=20201210&filter%5Bchild%5D=1"
"Safir Dahab Resort","10090.0","13.10.2026 - 20.10.2026","8 dni/7 nocy","","4.5","4.5","1512","tripadvisor","Katowice","2026-09-07T10:31:47.289415+00:00","https://fly.pl/oferta/egipt-wczasy/?filter[dest]=11:&filter[hotelids]=&filter[cityids]=&filter[cregids]=&filter[ofrType]=&filter[addObjType]=&filter[whenFrom]=10-10-2026&filter[whenTo]=05-11-2026&filter[duration]=7:10&filter[from]=&filter[person]=2&filter[child]=1&filter[price]=0:11000&filter[PriceFrom]=0&filter[PriceTo]=11000&filter[addCategory]=50&filter[addCatering]=1&filter[addMisc]=0&filter[addTransport]=F&filter[fp]=1&order_by=ofr_price&filter[tourOperator]=0&filter[childAge][1]=20201210","https://fly.pl/cdn/photo/assets/uploads/582/278/2015/09/Safir-Dahab-Resort.jpg","https://fly.pl/wycieczka/egipt,dahab,c/dahab-resort/p6zEOIZ0riXtlHl9VGcS1oAAog2FIJYsgjhfpHcxUHF8XIzlATkd0Et3pHZ-B5Uah2j-0qBEpPSVAwm6X61AZI6k5QQVjVBmACagMwMHdyQpsBFAEVBhcAXANYBVYCQMoGT-IBXQBLt8oBYQBepzARxARS4htTAEyssDoNqP2XCSAAAaPh_PDkiMygMAINYwEAC9NQWDY/ofertasv/?filter[tourOperator]=JOIP&filter%5Bperson%5D=2&filter%5BchildAge%5D%5B1%5D=20201210&filter%5Bchild%5D=1"
"Titanic Beach Spa & Aqua Park","10097.0","15.10.2026 - 22.10.2026","9 dni/7 nocy","","4.3","4.3","7443","tripadvisor","Katowice","2026-09-07T10:31:47.289415+00:00","https://fly.pl/oferta/egipt-wczasy/?filter[dest]=11:&filter[hotelids]=&filter[cityids]=&filter[cregids]=&filter[ofrType]=&filter[addObjType]=&filter[whenFrom]=10-10-2026&filter[whenTo]=05-11-2026&filter[duration]=7:10&filter[from]=&filter[person]=2&filter[child]=1&filter[price]=0:11000&filter[PriceFrom]=0&filter[PriceTo]=11000&filter[addCategory]=50&filter[addCatering]=1&filter[addMisc]=0&filter[addTransport]=F&filter[fp]=1&order_by=ofr_price&filter[tourOperator]=0&filter[childAge][1]=20201210","https://fly.pl/cdn/photo/assets/uploads/582/278/2014/07/Titanic-Beach-Spa-Aqua-Park-fly-pl.jpg","https://fly.pl/wycieczka/egipt,hurghada,c/titanic-beach-spa/p8hUqSxrr4fHxAxbOqH1HQAAogviv7GZtQBFSdGah-T5A744zmZ5wmVJJxRg_w-70dZ_4qBFZJVFgwm6X61AZI8U5QQViFB2ACckAaABUHFwBcA1gFQI8DW7-DAVOPLVIAYYgfSwBepzBM2_g5DaHVmAkgAE-6r8z7jwFRreAYXbPRkPAYAgxjAQILbsrrrg/ofertasv/?filter[tourOperator]=VITX&filter%5Bperson%5D=2&filter%5BchildAge%5D%5B1%5D=20201210&filter%5Bchild%5D=1"
"Cooee Prima Life Makadi Bay","10097.0","15.10.2026 - 22.10.2026","8 dni/7 nocy","","4.6","4.6","3304","tripadvisor","Poznań","2026-09-07T10:31:47.289415+00:00","https://fly.pl/oferta/egipt-wczasy/?filter[dest]=11:&filter[hotelids]=&filter[cityids]=&filter[cregids]=&filter[ofrType]=&filter[addObjType]=&filter[whenFrom]=10-10-2026&filter[whenTo]=05-11-2026&filter[duration]=7:10&filter[from]=&filter[person]=2&filter[child]=1&filter[price]=0:11000&filter[PriceFrom]=0&filter[PriceTo]=11000&filter[addCategory]=50&filter[addCatering]=1&filter[addMisc]=0&filter[addTransport]=F&filter[fp]=1&order_by=ofr_price&filter[tourOperator]=0&filter[childAge][1]=20201210","https://fly.pl/cdn/photo/assets/uploads/582/278/2014/12/Prima-Life-Makadi-Resort.jpg","https://fly.pl/wycieczka/egipt,hurghada,c/prima-life-makadi-bay/pUF0rWaex4lgApEQiYOtNrAAogu-QFWhSLdl-6QPOnQtd6uU2nDT3HSII3dh3aEJQz7w8qBEVYSU0wm6X61AZI8U5QAViFB2ACagJBSXIhHBHGuAa5BPSDPqsEHBuoiS8Y_pc3AYK98IkJAgBjAQIFAAdIuA/ofertasv/?filter[tourOperator]=EXIM&filter%5Bperson%5D=2&filter%5BchildAge%5D%5B1%5D=20201210&filter%5Bchild%5D=1"
"Coral Sea Water World Resort","10130.0","13.10.2026 - 20.10.2026","8 dni/7 nocy","","4.5","4.5","9373","tripadvisor","Katowice","2026-09-07T10:31:47.289415+00:00","https://fly.pl/oferta/egipt-wczasy/?filter[dest]=11:&filter[hotelids]=&filter[cityids]=&filter[cregids]=&filter[ofrType]=&filter[addObjType]=&filter[whenFrom]=10-10-2026&filter[whenTo]=05-11-2026&filter[duration]=7:10&filter[from]=&filter[person]=2&filter[child]=1&filter[price]=0:11000&filter[PriceFrom]=0&filter[PriceTo]=11000&filter[addCategory]=50&filter[addCatering]=1&filter[addMisc]=0&filter[addTransport]=F&filter[fp]=1&order_by=ofr_price&filter[tourOperator]=0&filter[childAge][1]=20201210","https://fly.pl/cdn/photo/assets/uploads/582/278/2014/07/Coral-Sea-Waterworld.jpg","https://fly.pl/wycieczka/egipt,sharm-el-sheikh,c/coral-sea-water-world/p74Z35qyBWZfx_v_3309EFAAogiwVAr_uHQ-nksYc1IaRWSVATkd0Et3pHZ-B5Uah2j-0qBEpPSVAwm6X61AZIkk9QQVjVBmACagMxMm9yQpsBFAEVBhcAXANYBVYCQMoGT-IBXQBLt8oBYQBepzAR1RNS0QxTAEyssDoNqP2XCSAAAcXd1JClicygMAINYwEADOS_hzg/ofertasv/?filter[tourOperator]=JOIP&filter%5Bperson%5D=2&filter%5BchildAge%5D%5B1%5D=20201210&filter%5Bchild%5D=1"
"Coral Sea Holiday Resort","10130.0","13.10.2026 - 20.10.2026","8 dni/7 nocy","","4.5","4.5","10280","tripadvisor","Katowice","2026-09-07T10:31:47.289415+00:00","https://fly.pl/oferta/egipt-wczasy/?filter[dest]=11:&filter[hotelids]=&filter[cityids]=&filter[cregids]=&filter[ofrType]=&filter[addObjType]=&filter[whenFrom]=10-10-2026&filter[whenTo]=05-11-2026&filter[duration]=7:10&filter[from]=&filter[person]=2&filter[child]=1&filter[price]=0:11000&filter[PriceFrom]=0&filter[PriceTo]=11000&filter[addCategory]=50&filter[addCatering]=1&filter[addMisc]=0&filter[addTransport]=F&filter[fp]=1&order_by=ofr_price&filter[tourOperator]=0&filter[childAge][1]=20201210","https://fly.pl/cdn/photo/assets/uploads/582/278/2014/07/Coral-Sea-Holiday-Resort.jpg","https://fly.pl/wycieczka/egipt,sharm-el-sheikh,c/coral-sea-holiday-village/pfZtZPzf_6tb2_h8GkQ1VpAAogFNwGuo71zQ1MPy9d9_7q_FATkd0Et3pHZ-B5Uah2j-0qBEpPSVAwm6X61AZIkk9QQVjVBmACagNDR21yQpsBFAEVBhcAXANYBVYCQMoGT-IBXQBLt8oBYQBepzAR1BNS0gxTAEyssDoNqP2XCSAAAcHJuIClicygMAINYwEADNKvtOE/ofertasv/?filter[tourOperator]=JOIP&filter%5Bperson%5D=2&filter%5BchildAge%5D%5B1%5D=20201210&filter%5Bchild%5D=1"
"Concorde El Salam Front Area","10134.0","27.10.2026 - 03.11.2026","8 dni/7 nocy","","4.8","4.8","1477","tripadvisor","Katowice","2026-09-07T10:31:47.289415+00:00","https://fly.pl/oferta/egipt-wczasy/?filter[dest]=11:&filter[hotelids]=&filter[cityids]=&filter[cregids]=&filter[ofrType]=&filter[addObjType]=&filter[whenFrom]=10-10-2026&filter[whenTo]=05-11-2026&filter[duration]=7:10&filter[from]=&filter[person]=2&filter[child]=1&filter[price]=0:11000&filter[PriceFrom]=0&filter[PriceTo]=11000&filter[addCategory]=50&filter[addCatering]=1&filter[addMisc]=0&filter[addTransport]=F&filter[fp]=1&order_by=ofr_price&filter[tourOperator]=0&filter[childAge][1]=20201210","https://fly.pl/cdn/photo/assets/uploads/582/278/2024/07/concorde-el-salam-front.jpg","https://fly.pl/wycieczka/egipt,sharm-el-sheikh,szarm-el-szejk/concorde-el-salam-front-12/plMdhJgQ_bViTsStCNNpiyAAogEZTc3G2QQHNcEb91Dxxu_Xb6-M-63DqmxRqPbNTEi2wqBE9SRVgwm6X61AZIlk9QQVilCWACagVFLjIuMXI2mwEVBxcAXANYBVYCQMoGEeMLXYANTyRLkrMBYQBepzBSpiBTAEyssDoNtv2XCSAAAhJjAQILYndtZg/ofertasv/?filter[tourOperator]=OREX&filter%5Bperson%5D=2&filter%5BchildAge%5D%5B1%5D=20201210&filter%5Bchild%5D=1"
"Pickalbatros White Beach Resort","10137.0","27.10.2026 - 03.11.2026","9 dni/7 nocy","","4.8","4.8","3758","tripadvisor","Warszawa - Modlin","2026-09-07T10:31:47.289415+00:00","https://fly.pl/oferta/egipt-wczasy/?filter[dest]=11:&filter[hotelids]=&filter[cityids]=&filter[cregids]=&filter[ofrType]=&filter[addObjType]=&filter[whenFrom]=10-10-2026&filter[whenTo]=05-11-2026&filter[duration]=7:10&filter[from]=&filter[person]=2&filter[child]=1&filter[price]=0:11000&filter[PriceFrom]=0&filter[PriceTo]=11000&filter[addCategory]=50&filter[addCatering]=1&filter[addMisc]=0&filter[addTransport]=F&filter[fp]=1&order_by=ofr_price&filter[tourOperator]=0&filter[childAge][1]=20201210","https://fly.pl/cdn/photo/assets/uploads/582/278/2015/09/Albatros-White-Beach-fly-pl.jpg","https://fly.pl/wycieczka/egipt,hurghada,c/albatros-white-beach/pNhD6-bev9LwaHFTYVfomLAAog_B0ErR8oWnBRk4ztaEy6X5eMXePUQkpobZ-BQI6-nbQqBEVYSU0wm6X61AZImU9QAVilCWACagJBSXIhHBGm-AarBJuwS7kERRuW_DcY4qFTAdjx-sYNAgBjAQIMKnvRTw/ofertasv/?filter[tourOperator]=EXIM&filter%5Bperson%5D=2&filter%5BchildAge%5D%5B1%5D=20201210&filter%5Bchild%5D=1"
"Invidia Coral Beach Tiran","10187.0","24.10.2026 - 31.10.2026","8 dni/7 nocy","","4.8","4.8","316","tripadvisor","Warszawa","2026-09-07T10:31:47.289415+00:00","https://fly.pl/oferta/egipt-wczasy/?filter[dest]=11:&filter[hotelids]=&filter[cityids]=&filter[cregids]=&filter[ofrType]=&filter[addObjType]=&filter[whenFrom]=10-10-2026&filter[whenTo]=05-11-2026&filter[duration]=7:10&filter[from]=&filter[person]=2&filter[child]=1&filter[price]=0:11000&filter[PriceFrom]=0&filter[PriceTo]=11000&filter[addCategory]=50&filter[addCatering]=1&filter[addMisc]=0&filter[addTransport]=F&filter[fp]=1&order_by=ofr_price&filter[tourOperator]=0&filter[childAge][1]=20201210","https://fly.pl/cdn/photo/assets/uploads/582/278/2014/07/Coral-Beach-Rotana-Tiran-fly-pl.jpg","https://fly.pl/wycieczka/egipt,sharm-el-sheikh,c/coral-beach-rotana-tiran/pXwNVKprJXheFQK4JMfclVAAoggxN9qaE2m6WyJpRw0deucAAAAACbhAQAuIQEAAcAEgAqBFdFWlkwm6X61AZIy09QQVjdCGADaglFbnRlciBBaXJqBDA4MDByQp4BlQEfABwBAgAWABcGESMSygMYoQQTsQIUyQRAknJMoKIBTwBLxyNQAB2Twg8gHRvXwmQNkYXeCAESYwEMYwECC-sxDnk/ofertasv/?filter[tourOperator]=WEZY&filter%5Bperson%5D=2&filter%5BchildAge%5D%5B1%5D=20201210&filter%5Bchild%5D=1"
"Jaz Makadi Saraya (ex Iberotel)","10220.0","29.10.2026 - 05.11.2026","8 dni/7 nocy","","4.8","4.8","6792","tripadvisor","Warszawa","2026-09-07T10:31:47.289415+00:00","https://fly.pl/oferta/egipt-wczasy/?filter[dest]=11:&filter[hotelids]=&filter[cityids]=&filter[cregids]=&filter[ofrType]=&filter[addObjType]=&filter[whenFrom]=10-10-2026&filter[whenTo]=05-11-2026&filter[duration]=7:10&filter[from]=&filter[person]=2&filter[child]=1&filter[price]=0:11000&filter[PriceFrom]=0&filter[PriceTo]=11000&filter[addCategory]=50&filter[addCatering]=1&filter[addMisc]=0&filter[addTransport]=F&filter[fp]=1&order_by=ofr_price&filter[tourOperator]=0&filter[childAge][1]=20201210","https://fly.pl/cdn/photo/assets/uploads/582/278/2014/07/Jaz-Makadi-Saraya-ex-Iberotel-fly-pl.jpg","https://fly.pl/wycieczka/egipt,hurghada,makadi-bay/iberotel-makadi-saraya/paOyC8DFp_oQPI1FyQP9FtAAogafUsHWovFd7NbcECux7qixLqCxxQb8S86Hh0k4aD-ioqBE9SRVgwm6X61AZI7E9QQVjVCWACagZCSS4yLjFyNZsBFQcXAFwDWAVWAhEaQLAGXZsPTyRT0p0BUgBer09L7UNhAEzljDoguP2XCQ0AAhJjAQIM3ajevw/ofertasv/?filter[tourOperator]=OREX&filter%5Bperson%5D=2&filter%5BchildAge%5D%5B1%5D=20201210&filter%5Bchild%5D=1"
"Sunrise Alora Aqua Park Resort","10247.0","11.10.2026 - 18.10.2026","8 dni/7 nocy","","3.5","3.5","1838","tripadvisor","Katowice","2026-09-07T10:31:47.289415+00:00","https://fly.pl/oferta/egipt-wczasy/?filter[dest]=11:&filter[hotelids]=&filter[cityids]=&filter[cregids]=&filter[ofrType]=&filter[addObjType]=&filter[whenFrom]=10-10-2026&filter[whenTo]=05-11-2026&filter[duration]=7:10&filter[from]=&filter[person]=2&filter[child]=1&filter[price]=0:11000&filter[PriceFrom]=0&filter[PriceTo]=11000&filter[addCategory]=50&filter[addCatering]=1&filter[addMisc]=0&filter[addTransport]=F&filter[fp]=1&order_by=ofr_price&filter[tourOperator]=0&filter[childAge][1]=20201210","https://fly.pl/cdn/photo/assets/uploads/582/278/2014/11/Hawaii-Caesar-Palace-Aqua-Park-ex-Mirage-Aqua-Park-fly-pl.jpg","https://fly.pl/wycieczka/egipt,hurghada,c/mirage-aqua-park-spa-cesar-palace/pu55jbAb5zBV8gPjHzC1PxAAogSrppr4Bunj7TTWiUkSmnzQRCB766SlLphSaj_O9l8lYqBEJWUFIwm6X61AZIh1BQAVilBmACag1BbGwgaW5jbHVzaXZlciAcEdJGG83vBBjr8wy5BJrhE6sENQGl4-DEAQIAYwECCz_liN0/ofertasv/?filter[tourOperator]=BVPR&filter%5Bperson%5D=2&filter%5BchildAge%5D%5B1%5D=20201210&filter%5Bchild%5D=1"
"Utopia Blue Resort","10247.0","13.10.2026 - 20.10.2026","8 dni/7 nocy","","","","","","Warszawa","2026-09-07T10:31:47.289415+00:00","https://fly.pl/oferta/egipt-wczasy/?filter[dest]=11:&filter[hotelids]=&filter[cityids]=&filter[cregids]=&filter[ofrType]=&filter[addObjType]=&filter[whenFrom]=10-10-2026&filter[whenTo]=05-11-2026&filter[duration]=7:10&filter[from]=&filter[person]=2&filter[child]=1&filter[price]=0:11000&filter[PriceFrom]=0&filter[PriceTo]=11000&filter[addCategory]=50&filter[addCatering]=1&filter[addMisc]=0&filter[addTransport]=F&filter[fp]=1&order_by=ofr_price&filter[tourOperator]=0&filter[childAge][1]=20201210","https://datacfstatic.merlinx.pl/EXIM/IMG/104804/47170af13502131b7b7d23ecf494e622a96110e1a4bfcf3019d7db4830283601.webp","https://fly.pl/wycieczka/egipt,marsa-alam,c/utopia-blue-resort-13/prk2cQY-N_SvrMaoHaOTFmAAog7LoBMf_sRZgkiXEkbKVWHxKmO4qxhDmkVrGyFJIXvhQqBEVYSU0wm6X61AZIh1BQAVjVBmACagJBSXIhHBHksga5BIiMPqsEHBvc1y0Yr_ozAZeu2tQIAgBjAQIMm_TY_A/ofertasv/?filter[tourOperator]=EXIM&filter%5Bperson%5D=2&filter%5BchildAge%5D%5B1%5D=20201210&filter%5Bchild%5D=1"
"Pickalbatros Aqua Park Resort (Sharm El Sheikh)","10400.0","27.10.2026 - 03.11.2026","8 dni/7 nocy","","4.8","4.8","3568","tripadvisor","Warszawa - Modlin","2026-09-07T10:31:47.289415+00:00","https://fly.pl/oferta/egipt-wczasy/?filter[dest]=11:&filter[hotelids]=&filter[cityids]=&filter[cregids]=&filter[ofrType]=&filter[addObjType]=&filter[whenFrom]=10-10-2026&filter[whenTo]=05-11-2026&filter[duration]=7:10&filter[from]=&filter[person]=2&filter[child]=1&filter[price]=0:11000&filter[PriceFrom]=0&filter[PriceTo]=11000&filter[addCategory]=50&filter[addCatering]=1&filter[addMisc]=0&filter[addTransport]=F&filter[fp]=1&order_by=ofr_price&filter[tourOperator]=0&filter[childAge][1]=20201210","https://fly.pl/cdn/photo/assets/uploads/582/278/2017/08/Albatros-Aqua-Park-Sharm.jpg","https://fly.pl/wycieczka/egipt,sharm-el-sheikh,szarm-el-szejk/albatros-aqua-park-sharm-el-sheikh/psEPwyZScTUBujTtBn6rRVAAog0NvYaIKbe0DUeHxGxaUjZZgpXVUQjygZk0IwIA3_YjEqBE9BU0kwm6X61AZIoFFQAVilCWACagNBSWxyIRwRoa8BuQSj9w-rBAIbjLUPGNeAEwH70PalAgIAYwECDH0onCo/ofertasv/?filter[tourOperator]=OASI&filter%5Bperson%5D=2&filter%5BchildAge%5D%5B1%5D=20201210&filter%5Bchild%5D=1"
"Sheraton Miramar Resort (El Gouna)","10409.0","29.10.2026 - 05.11.2026","8 dni/7 nocy","","4.7","4.7","6333","tripadvisor","Warszawa","2026-09-07T10:31:47.289415+00:00","https://fly.pl/oferta/egipt-wczasy/?filter[dest]=11:&filter[hotelids]=&filter[cityids]=&filter[cregids]=&filter[ofrType]=&filter[addObjType]=&filter[whenFrom]=10-10-2026&filter[whenTo]=05-11-2026&filter[duration]=7:10&filter[from]=&filter[person]=2&filter[child]=1&filter[price]=0:11000&filter[PriceFrom]=0&filter[PriceTo]=11000&filter[addCategory]=50&filter[addCatering]=1&filter[addMisc]=0&filter[addTransport]=F&filter[fp]=1&order_by=ofr_price&filter[tourOperator]=0&filter[childAge][1]=20201210","https://fly.pl/cdn/photo/assets/uploads/582/278/2014/07/Sheraton-Miramar-El-Gouna-1.jpg","https://fly.pl/wycieczka/egipt,hurghada,el-gouna/sheraton-miramar-el-gouna/pG_a57oRRN9ta6K3gWIynFAAog0p9F1dC1Fs6tjuRQEl_jExLqCxxQb8S86Hh0k4aD-ioqBE9SRVgwm6X61AZIqVFQQVjVCWACagZFQy4yLjFyNZsBFQcXAFwDWAVWAhE7QI8GXZsPTyRT0p0BUgBer09L7UNhAEzljDoguP2XCQ0AAhJjAQIMqn4s1A/ofertasv/?filter[tourOperator]=OREX&filter%5Bperson%5D=2&filter%5BchildAge%5D%5B1%5D=20201210&filter%5Bchild%5D=1"
"Pickalbatros Luxury Suites","10507.0","24.10.2026 - 31.10.2026","8 dni/7 nocy","","4.8","4.8","356","tripadvisor","Warszawa","2026-09-07T10:31:47.289415+00:00","https://fly.pl/oferta/egipt-wczasy/?filter[dest]=11:&filter[hotelids]=&filter[cityids]=&filter[cregids]=&filter[ofrType]=&filter[addObjType]=&filter[whenFrom]=10-10-2026&filter[whenTo]=05-11-2026&filter[duration]=7:10&filter[from]=&filter[person]=2&filter[child]=1&filter[price]=0:11000&filter[PriceFrom]=0&filter[PriceTo]=11000&filter[addCategory]=50&filter[addCatering]=1&filter[addMisc]=0&filter[addTransport]=F&filter[fp]=1&order_by=ofr_price&filter[tourOperator]=0&filter[childAge][1]=20201210","https://fly.pl/cdn/photo/assets/uploads/582/278/2023/04/Pickalbatros-Luxury-Suites.jpg","https://fly.pl/wycieczka/egipt,sharm-el-sheikh,szarm-el-szejk/golf-villas-sharm-el-sheikh-by-rixos-11/pfe0jgn6UWIHxnoeUrZQfdAAogvUwJ2iYfAEDJh6BbSI8YawAAAACbhAQAuIQEAAcAEgAqBFdFWlkwm6X61AZIi1JQQVjdCGADaglFbnRlciBBaXJqBDA4MDByQp4BlQEfABwBAgAWBBcCG3AS_QIYoQQTsQIUyQRAknJMoKIBTwBLxyNQABGfggId9L8NIB0N6MfCCQESYwENYwEEDPQgnT4/ofertasv/?filter[tourOperator]=WEZY&filter%5Bperson%5D=2&filter%5BchildAge%5D%5B1%5D=20201210&filter%5Bchild%5D=1"
"Domina Coral Bay Sultan","10552.0","13.10.2026 - 20.10.2026","8 dni/7 nocy","","4.2","4.2","12412","tripadvisor","Katowice","2026-09-07T10:31:47.289415+00:00","https://fly.pl/oferta/egipt-wczasy/?filter[dest]=11:&filter[hotelids]=&filter[cityids]=&filter[cregids]=&filter[ofrType]=&filter[addObjType]=&filter[whenFrom]=10-10-2026&filter[whenTo]=05-11-2026&filter[duration]=7:10&filter[from]=&filter[person]=2&filter[child]=1&filter[price]=0:11000&filter[PriceFrom]=0&filter[PriceTo]=11000&filter[addCategory]=50&filter[addCatering]=1&filter[addMisc]=0&filter[addTransport]=F&filter[fp]=1&order_by=ofr_price&filter[tourOperator]=0&filter[childAge][1]=20201210","https://fly.pl/cdn/photo/assets/uploads/582/278/2014/07/Domina-Coral-Bay-Sultan.jpg","https://fly.pl/wycieczka/egipt,sharm-el-sheikh,c/domina-coral-bay-sultan/pqn_8YCsIRG0VabgusdzeHAAogqRHyLXLOaXygHFM-xpbs6lATkd0Et3pHZ-B5Uah2j-0qBEpPSVAwm6X61AZIuFJQQVjVBmACagM5b0dyQpsBFAEVBhcAXANYBVYCQMoGT-IBXQAR4sgBS9UBYQBepzBSpiBTAEyssDoNqP2XCSAAAbTHtJC0icygMAINYwEADABIbzQ/ofertasv/?filter[tourOperator]=JOIP&filter%5Bperson%5D=2&filter%5BchildAge%5D%5B1%5D=20201210&filter%5Bchild%5D=1"
"Club Magic Life Kalawy","10653.0","22.10.2026 - 29.10.2026","8 dni/7 nocy","","4.5","4.5","1718","tripadvisor","Poznań","2026-09-07T10:31:47.289415+00:00","https://fly.pl/oferta/egipt-wczasy/?filter[dest]=11:&filter[hotelids]=&filter[cityids]=&filter[cregids]=&filter[ofrType]=&filter[addObjType]=&filter[whenFrom]=10-10-2026&filter[whenTo]=05-11-2026&filter[duration]=7:10&filter[from]=&filter[person]=2&filter[child]=1&filter[price]=0:11000&filter[PriceFrom]=0&filter[PriceTo]=11000&filter[addCategory]=50&filter[addCatering]=1&filter[addMisc]=0&filter[addTransport]=F&filter[fp]=1&order_by=ofr_price&filter[tourOperator]=0&filter[childAge][1]=20201210","https://fly.pl/cdn/photo/assets/uploads/582/278/2015/02/Club-Magic-Life-Kalawy-fly-pl.jpg","https://fly.pl/wycieczka/egipt,hurghada,safaga/club-magic-life-kalawy-imperial/puL6uuYT0i8zpWqmcumJLZAAogDSq1EBp0iJKDNIvrn_xb-5j2EgkIFa_Mgu92YpAjLMYqBFNGUEwwm6X61AZInVNQQVitCGACciMVBwsAIgQSI0D6AlvjBFyv_AUN5MzOCVHRmb72AwISYwECBWGLVdM/ofertasv/?filter[tourOperator]=SFPL&filter%5Bperson%5D=2&filter%5BchildAge%5D%5B1%5D=20201210&filter%5Bchild%5D=1"
"Sunrise Royal Makadi Aqua Resort","10665.0","29.10.2026 - 05.11.2026","8 dni/7 nocy","","4.7","4.7","13699","tripadvisor","Warszawa","2026-09-07T10:31:47.289415+00:00","https://fly.pl/oferta/egipt-wczasy/?filter[dest]=11:&filter[hotelids]=&filter[cityids]=&filter[cregids]=&filter[ofrType]=&filter[addObjType]=&filter[whenFrom]=10-10-2026&filter[whenTo]=05-11-2026&filter[duration]=7:10&filter[from]=&filter[person]=2&filter[child]=1&filter[price]=0:11000&filter[PriceFrom]=0&filter[PriceTo]=11000&filter[addCategory]=50&filter[addCatering]=1&filter[addMisc]=0&filter[addTransport]=F&filter[fp]=1&order_by=ofr_price&filter[tourOperator]=0&filter[childAge][1]=20201210","https://fly.pl/cdn/photo/assets/uploads/582/278/2014/09/Sunrise-Royal-Makadi-Aqua-Resort.jpg","https://fly.pl/wycieczka/egipt,hurghada,makadi-bay/sunrise-select-royal-makadi/pnBQi9HHNjx2855x54pWruAAogtwwmzNsUN1yQdf1R0AQYFRLqCxxQb8S86Hh0k4aD-ioqBE9SRVgwm6X61AZIqVNQQVjVCWACagZVMy4yLjFyNpsBFQcXAFwDWAVWAkDKBl2bD08kEawDU6aaAVIAXq9PS-1DYQBM5Yw6ILj9lwkNAAISYwECC3GTwZU/ofertasv/?filter[tourOperator]=OREX&filter%5Bperson%5D=2&filter%5BchildAge%5D%5B1%5D=20201210&filter%5Bchild%5D=1"
"Serenity Alma Heights Ross Park Collection","10711.0","20.10.2026 - 27.10.2026","8 dni/7 nocy","","","","","","Katowice","2026-09-07T10:31:47.289415+00:00","https://fly.pl/oferta/egipt-wczasy/?filter[dest]=11:&filter[hotelids]=&filter[cityids]=&filter[cregids]=&filter[ofrType]=&filter[addObjType]=&filter[whenFrom]=10-10-2026&filter[whenTo]=05-11-2026&filter[duration]=7:10&filter[from]=&filter[person]=2&filter[child]=1&filter[price]=0:11000&filter[PriceFrom]=0&filter[PriceTo]=11000&filter[addCategory]=50&filter[addCatering]=1&filter[addMisc]=0&filter[addTransport]=F&filter[fp]=1&order_by=ofr_price&filter[tourOperator]=0&filter[childAge][1]=20201210","https://datacfstatic.merlinx.pl/WEZY/IMG/80006/cbfb74e746eae233c5bd2dcca61af959ab13896516aa3e1f5b00669f16a12ada.webp","https://fly.pl/wycieczka/egipt,hurghada,makadi-bay/serenity-alma-heights-ross-park-collection-9/p3TqAmTu4a3otpB_HrwFAVAAogkqp5jsMiUwUBQMWH4R4vVAAAAACAiQQAnIkEAAcAAAAqBFdFWlkwm6X61AZI11NQQVj9B2ADaglFbnRlciBBaXJqBDAzMTBqBDA4NDVqBDA5MTVyQZ4BkwGUAZUBHwACARwAFwYWABLWBBjdBEDnd0_LMkwAS4gfUAARkp4DHfqhDSAcG8_xYg2xzN8IARJjAQ1jAQIGitBBZA/ofertasv/?filter[tourOperator]=WEZY&filter%5Bperson%5D=2&filter%5BchildAge%5D%5B1%5D=20201210&filter%5Bchild%5D=1"
"Sentido Naga Bay","10737.0","15.10.2026 - 22.10.2026","8 dni/7 nocy","","","","","","Katowice","2026-09-07T10:31:47.289415+00:00","https://fly.pl/oferta/egipt-wczasy/?filter[dest]=11:&filter[hotelids]=&filter[cityids]=&filter[cregids]=&filter[ofrType]=&filter[addObjType]=&filter[whenFrom]=10-10-2026&filter[whenTo]=05-11-2026&filter[duration]=7:10&filter[from]=&filter[person]=2&filter[child]=1&filter[price]=0:11000&filter[PriceFrom]=0&filter[PriceTo]=11000&filter[addCategory]=50&filter[addCatering]=1&filter[addMisc]=0&filter[addTransport]=F&filter[fp]=1&order_by=ofr_price&filter[tourOperator]=0&filter[childAge][1]=20201210","https://datacfstatic.merlinx.pl/EXIM/IMG/107999/9691dd57e47cec1e96befde9ca4a24ec0aaad7165dd6c455160b011f15ee59d5.webp","https://fly.pl/wycieczka/egipt,hurghada,c/sentido-naga-bay-11/pCxQts_6nQj5fDW7RcMTisAAogbOlqVFKAVY7KKBjBNz-6dfvQ1Wl57y08J_0PeUHiXOgqBEVYSU0wm6X61AZI8VNQAViFB2ACagJBSXIhHBHfywa5BP_vPasEHBuQ5D0Y0fE-AdD2p4sLAgBjAQIGIr2YZg/ofertasv/?filter[tourOperator]=EXIM&filter%5Bperson%5D=2&filter%5BchildAge%5D%5B1%5D=20201210&filter%5Bchild%5D=1"
"Movenpick Resort Sharm el Sheikh","10930.0","27.10.2026 - 03.11.2026","8 dni/7 nocy","","4.6","4.6","5338","tripadvisor","Warszawa - Modlin","2026-09-07T10:31:47.289415+00:00","https://fly.pl/oferta/egipt-wczasy/?filter[dest]=11:&filter[hotelids]=&filter[cityids]=&filter[cregids]=&filter[ofrType]=&filter[addObjType]=&filter[whenFrom]=10-10-2026&filter[whenTo]=05-11-2026&filter[duration]=7:10&filter[from]=&filter[person]=2&filter[child]=1&filter[price]=0:11000&filter[PriceFrom]=0&filter[PriceTo]=11000&filter[addCategory]=50&filter[addCatering]=1&filter[addMisc]=0&filter[addTransport]=F&filter[fp]=1&order_by=ofr_price&filter[tourOperator]=0&filter[childAge][1]=20201210","https://fly.pl/cdn/photo/assets/uploads/582/278/2015/03/Movenpick-Golf-Club-fly-pl.jpg","https://fly.pl/wycieczka/egipt,sharm-el-sheikh,c/moevenpick-golf-club/p4KbAplIyX-Y7JWRADx27oAAoggYxFANjNUEwY8wCPYSQ_YJgpXVUQjygZk0IwIA3_YjEqBE9BU0kwnKX61AZIslVQAVilCWACagNBSWxyIRwRqa8BuQSb9w-rBAIb1rwPGIeGEwGhx8mmAgIAYwECC2fjjpg/ofertasv/?filter[tourOperator]=OASI&filter%5Bperson%5D=2&filter%5BchildAge%5D%5B1%5D=20201210&filter%5Bchild%5D=1"
"Titanic Royal","10947.0","29.10.2026 - 05.11.2026","8 dni/7 nocy","","4.8","4.8","4628","tripadvisor","Katowice","2026-09-07T10:31:47.289415+00:00","https://fly.pl/oferta/egipt-wczasy/?filter[dest]=11:&filter[hotelids]=&filter[cityids]=&filter[cregids]=&filter[ofrType]=&filter[addObjType]=&filter[whenFrom]=10-10-2026&filter[whenTo]=05-11-2026&filter[duration]=7:10&filter[from]=&filter[person]=2&filter[child]=1&filter[price]=0:11000&filter[PriceFrom]=0&filter[PriceTo]=11000&filter[addCategory]=50&filter[addCatering]=1&filter[addMisc]=0&filter[addTransport]=F&filter[fp]=1&order_by=ofr_price&filter[tourOperator]=0&filter[childAge][1]=20201210","https://fly.pl/cdn/photo/assets/uploads/582/278/2018/12/Titanic-Royal-fly-pl.jpg","https://fly.pl/wycieczka/egipt,hurghada,c/titanic-royal/pHXSp0_9zjAHJGfgVATRBQAAogxNkU8zA0dTXrxLUluVO32bdIKsajkLlQ5dO66ZbpewEqBEVYSU0wnKX61AZIw1VQAVjVCWACagNVQUlyIxwRkrsGuQTOgD6rBLyKChvw5EQYt-RIAeizjbgNAgBjAQILhcWsug/ofertasv/?filter[tourOperator]=EXIM&filter%5Bperson%5D=2&filter%5BchildAge%5D%5B1%5D=20201210&filter%5Bchild%5D=1"
"Desert Rose Resort","10984.0","29.10.2026 - 05.11.2026","8 dni/7 nocy","","4.6","4.6","8792","tripadvisor","Katowice","2026-09-07T10:31:47.289415+00:00","https://fly.pl/oferta/egipt-wczasy/?filter[dest]=11:&filter[hotelids]=&filter[cityids]=&filter[cregids]=&filter[ofrType]=&filter[addObjType]=&filter[whenFrom]=10-10-2026&filter[whenTo]=05-11-2026&filter[duration]=7:10&filter[from]=&filter[person]=2&filter[child]=1&filter[price]=0:11000&filter[PriceFrom]=0&filter[PriceTo]=11000&filter[addCategory]=50&filter[addCatering]=1&filter[addMisc]=0&filter[addTransport]=F&filter[fp]=1&order_by=ofr_price&filter[tourOperator]=0&filter[childAge][1]=20201210","https://fly.pl/cdn/photo/assets/uploads/582/278/2014/12/Desert-Rose-Resort-fly-pl.jpg","https://fly.pl/wycieczka/egipt,hurghada,c/desert-rose/p1UOJH6Q4RsmxHJwOaWkPLAAogZHDNy5n_rkJVjOd3vq4SaQAAAACBhwQAHroEAAcAAAAqBFdFWlkwnKX61AZI6FVQQVjVCWADaglFbnRlciBBaXJqBDAwMTVqBDAwMDBqBDAwMDByQZ4BlAGVAZgBHwAcAQIAFgQXAhG4ARKeAxPvCEDVc0zLMk8AS4gfUAAbys4KHcPtBSCdZQ2H3cEJARJjAQ5jAQIFgodglg/ofertasv/?filter[tourOperator]=WEZY&filter%5Bperson%5D=2&filter%5BchildAge%5D%5B1%5D=20201210&filter%5Bchild%5D=1"
"Parrotel Lagoon Resort Egipt, Sharm El Sheikh, Szarm el-Szejk","5494.0","29.10.2026 - 05.11.2026","8 dni/7 nocy","","4.1","4.1","1835","tripadvisor","Warszawa - Modlin","2026-09-07T16:35:31.558739+00:00","https://fly.pl/oferta/egipt-wczasy/?filter[dest]=11:&filter[hotelids]=&filter[cityids]=&filter[cregids]=&filter[ofrType]=&filter[addObjType]=&filter[whenFrom]=10-10-2026&filter[whenTo]=05-11-2026&filter[duration]=7:10&filter[from]=&filter[person]=2&filter[child]=1&filter[price]=0:11000&filter[PriceFrom]=0&filter[PriceTo]=11000&filter[addCategory]=50&filter[addCatering]=1&filter[addMisc]=0&filter[addTransport]=F&filter[fp]=1&order_by=ofr_price&filter[tourOperator]=0&filter[childAge][1]=20201210","https://fly.pl/cdn/photo/assets/uploads/582/278/2020/10/Parrotel-Lagoon-Resort.jpg","https://fly.pl/wycieczka/egipt,sharm-el-sheikh,szarm-el-szejk/parrotel-lagoon-resort-14/pyoFoGgUz5ir2CXtJWRl6LAAoguRPWcINaDBhv5tXgdkxNSRstrgoMttrZgZAvN8rfQ44qBEtPTVQw1M_71AZI9ipQAVjPCWACagJBSXIfHBH8GrkE7OIBqwQDGK-vBBu59iMBoJ3zHgIAYwECBqbtU_E/ofertasv/?filter[tourOperator]=KOMT&filter%5Bperson%5D=2&filter%5BchildAge%5D%5B1%5D=20201210&filter%5Bchild%5D=1"
"Amarina Queen Resort Egipt, Marsa Alam","5752.0","29.10.2026 - 05.11.2026","8 dni/7 nocy","","4.7","4.7","1194","tripadvisor","Gdańsk","2026-09-07T16:35:31.558739+00:00","https://fly.pl/oferta/egipt-wczasy/?filter[dest]=11:&filter[hotelids]=&filter[cityids]=&filter[cregids]=&filter[ofrType]=&filter[addObjType]=&filter[whenFrom]=10-10-2026&filter[whenTo]=05-11-2026&filter[duration]=7:10&filter[from]=&filter[person]=2&filter[child]=1&filter[price]=0:11000&filter[PriceFrom]=0&filter[PriceTo]=11000&filter[addCategory]=50&filter[addCatering]=1&filter[addMisc]=0&filter[addTransport]=F&filter[fp]=1&order_by=ofr_price&filter[tourOperator]=0&filter[childAge][1]=20201210","https://fly.pl/cdn/photo/assets/uploads/582/278/2024/07/amarina-queen-resort.jpg","https://fly.pl/wycieczka/egipt,marsa-alam,c/amarina-queen-resort-12/pCKm4i85f4mi--0E3Uu3NZAAogue4Cx0daWn-6h-vByQ-zpwDrvrLMF5DSU3_WGB_7L2cqBE9BU0kw1M_71AZI-CxQAVjPCWACagNBSWxyIRwRgqQBuQS9_Q-rBB4brskPGKOMEwHt3eWqAgIAYwECDG0n9Ds/ofertasv/?filter[tourOperator]=OASI&filter%5Bperson%5D=2&filter%5BchildAge%5D%5B1%5D=20201210&filter%5Bchild%5D=1"
"Jaz Grand Marsa (ex Resta Grand Resort) Egipt, Marsa Alam, Madinat Coraya","5977.0","27.10.2026 - 03.11.2026","8 dni/7 nocy","","4.6","4.6","6426","tripadvisor","Gdańsk","2026-09-07T16:35:31.558739+00:00","https://fly.pl/oferta/egipt-wczasy/?filter[dest]=11:&filter[hotelids]=&filter[cityids]=&filter[cregids]=&filter[ofrType]=&filter[addObjType]=&filter[whenFrom]=10-10-2026&filter[whenTo]=05-11-2026&filter[duration]=7:10&filter[from]=&filter[person]=2&filter[child]=1&filter[price]=0:11000&filter[PriceFrom]=0&filter[PriceTo]=11000&filter[addCategory]=50&filter[addCatering]=1&filter[addMisc]=0&filter[addTransport]=F&filter[fp]=1&order_by=ofr_price&filter[tourOperator]=0&filter[childAge][1]=20201210","https://fly.pl/cdn/photo/assets/uploads/582/278/2014/09/grand.jpg","https://fly.pl/wycieczka/egipt,marsa-alam,madinat-coraya/resta-grand-resort/pM8sVNd8k_GjOqFHWE7W04AAogceoKAHZGlPkAacQZJ28NX8PrGoiY9CQBeN4J2NYP-qcqBEVYSU0w1M_71AZI2S5QAVifCWACagJBSXIhHBG-2Qa5BNnRS6sEaRvJ5TUY0e9VAfrG5csNAgBjAQIMqHvg6Q/ofertasv/?filter[tourOperator]=EXIM&filter%5Bperson%5D=2&filter%5BchildAge%5D%5B1%5D=20201210&filter%5Bchild%5D=1"
"Novotel Marsa Alam Egipt, Marsa Alam","6037.0","29.10.2026 - 05.11.2026","8 dni/7 nocy","","4.5","4.5","3674","tripadvisor","Gdańsk","2026-09-07T16:35:31.558739+00:00","https://fly.pl/oferta/egipt-wczasy/?filter[dest]=11:&filter[hotelids]=&filter[cityids]=&filter[cregids]=&filter[ofrType]=&filter[addObjType]=&filter[whenFrom]=10-10-2026&filter[whenTo]=05-11-2026&filter[duration]=7:10&filter[from]=&filter[person]=2&filter[child]=1&filter[price]=0:11000&filter[PriceFrom]=0&filter[PriceTo]=11000&filter[addCategory]=50&filter[addCatering]=1&filter[addMisc]=0&filter[addTransport]=F&filter[fp]=1&order_by=ofr_price&filter[tourOperator]=0&filter[childAge][1]=20201210","https://fly.pl/cdn/photo/assets/uploads/582/278/2015/09/Novotel-Marsa-Alam.jpg","https://fly.pl/wycieczka/egipt,marsa-alam,c/novotel-marsa-alam/pBk4Gx1oI5llkJwHzmQhJNAAogEGYcKOwfxN1HHT9GvcGWYzKdxs8NDMjTRuzG1nHTIV4qBEVYSU0w1M_71AZIlS9QAVjPCWACagJBSXIhHBHO_wa5BO2rS6sEaxum-UQYvfdGAeOaqM4NAhJjAQIFzoiajQ/ofertasv/?filter[tourOperator]=EXIM&filter%5Bperson%5D=2&filter%5BchildAge%5D%5B1%5D=20201210&filter%5Bchild%5D=1"
"Amarina Jannah Resort Aquapark Egipt, Marsa Alam, Port Ghalib","6050.0","27.10.2026 - 03.11.2026","8 dni/7 nocy","","4.7","4.7","667","tripadvisor","Gdańsk","2026-09-07T16:35:31.558739+00:00","https://fly.pl/oferta/egipt-wczasy/?filter[dest]=11:&filter[hotelids]=&filter[cityids]=&filter[cregids]=&filter[ofrType]=&filter[addObjType]=&filter[whenFrom]=10-10-2026&filter[whenTo]=05-11-2026&filter[duration]=7:10&filter[from]=&filter[person]=2&filter[child]=1&filter[price]=0:11000&filter[PriceFrom]=0&filter[PriceTo]=11000&filter[addCategory]=50&filter[addCatering]=1&filter[addMisc]=0&filter[addTransport]=F&filter[fp]=1&order_by=ofr_price&filter[tourOperator]=0&filter[childAge][1]=20201210","https://fly.pl/cdn/photo/assets/uploads/582/278/2023/04/Amarina-Jannah-Resort-Aquapark.jpg","https://fly.pl/wycieczka/egipt,marsa-alam,port-ghalib/amarina-jannah-resort-aquapark-15/p64JS4hio0FyZBzJjfYtS2AAogrC9PAcm0e6PC5BIKGtxXIbEeAQVSJ5EhohXMAaWMnAYqBE9BU0kw1M_71AZIoi9QAVifCWACagNBSWxyIRwRgKQBuQSYthCrBAgbvJAPGKOMEwGTyeOqAgIAYwECDOSkpC8/ofertasv/?filter[tourOperator]=OASI&filter%5Bperson%5D=2&filter%5BchildAge%5D%5B1%5D=20201210&filter%5Bchild%5D=1"
"Rewaya Majestic Resort Egipt, Hurghada","6127.0","27.10.2026 - 03.11.2026","9 dni/7 nocy","","","","","","Warszawa - Modlin","2026-09-07T16:35:31.558739+00:00","https://fly.pl/oferta/egipt-wczasy/?filter[dest]=11:&filter[hotelids]=&filter[cityids]=&filter[cregids]=&filter[ofrType]=&filter[addObjType]=&filter[whenFrom]=10-10-2026&filter[whenTo]=05-11-2026&filter[duration]=7:10&filter[from]=&filter[person]=2&filter[child]=1&filter[price]=0:11000&filter[PriceFrom]=0&filter[PriceTo]=11000&filter[addCategory]=50&filter[addCatering]=1&filter[addMisc]=0&filter[addTransport]=F&filter[fp]=1&order_by=ofr_price&filter[tourOperator]=0&filter[childAge][1]=20201210","https://datacfstatic.merlinx.pl/EXIM/IMG/114588/e3a15b238b2d30f27199dd0e48d3c85c0bc5e06a1c321d66bdb885dd7a89e111.webp","https://fly.pl/wycieczka/egipt,hurghada,c/rewaya-majestic-resort-10/paBLKWaRXP9et5y_wPkpCNAAogr62pPgv1QM-SW7VDsmj5Q5eMXePUQkpobZ-BQI6-nbQqBEVYSU0w1M_71AZI7y9QAVifCWACagNVQUlyIRwRnP8GqwSlqUu5BEUb6p9AGP7lRwH0-_GrDQISYwECDXkt7b8/ofertasv/?filter[tourOperator]=EXIM&filter%5Bperson%5D=2&filter%5BchildAge%5D%5B1%5D=20201210&filter%5Bchild%5D=1"
"Gemma Resort (ex. Labranda Gemma Premium Resort) Egipt, Marsa Alam","6236.0","29.10.2026 - 05.11.2026","8 dni/7 nocy","","4.5","4.5","5575","tripadvisor","Gdańsk","2026-09-07T16:35:31.558739+00:00","https://fly.pl/oferta/egipt-wczasy/?filter[dest]=11:&filter[hotelids]=&filter[cityids]=&filter[cregids]=&filter[ofrType]=&filter[addObjType]=&filter[whenFrom]=10-10-2026&filter[whenTo]=05-11-2026&filter[duration]=7:10&filter[from]=&filter[person]=2&filter[child]=1&filter[price]=0:11000&filter[PriceFrom]=0&filter[PriceTo]=11000&filter[addCategory]=50&filter[addCatering]=1&filter[addMisc]=0&filter[addTransport]=F&filter[fp]=1&order_by=ofr_price&filter[tourOperator]=0&filter[childAge][1]=20201210","https://fly.pl/cdn/photo/assets/uploads/582/278/2015/06/Gemma-Resort.jpg","https://fly.pl/wycieczka/egipt,marsa-alam,c/gemma-resort/p-fwRcLr9k3sBffiwQDHirAAog-5eStDvUeZy_Hn1AssU4FQDrvrLMF5DSU3_WGB_7L2cqBE9BU0kw1M_71AZI3DBQAVjPCWACagNBSWxyIRwRlKQBuQSr_Q-rBB4b_YINGMW5EwGd4eeZAgIAYwECDXZ1QqY/ofertasv/?filter[tourOperator]=OASI&filter%5Bperson%5D=2&filter%5BchildAge%5D%5B1%5D=20201210&filter%5Bchild%5D=1"
"Regency Plaza Aqua Park Spa Egipt, Sharm El Sheikh, Szarm el-Szejk","6268.0","27.10.2026 - 03.11.2026","8 dni/7 nocy","","4.1","4.1","6180","tripadvisor","Warszawa - Modlin","2026-09-07T16:35:31.558739+00:00","https://fly.pl/oferta/egipt-wczasy/?filter[dest]=11:&filter[hotelids]=&filter[cityids]=&filter[cregids]=&filter[ofrType]=&filter[addObjType]=&filter[whenFrom]=10-10-2026&filter[whenTo]=05-11-2026&filter[duration]=7:10&filter[from]=&filter[person]=2&filter[child]=1&filter[price]=0:11000&filter[PriceFrom]=0&filter[PriceTo]=11000&filter[addCategory]=50&filter[addCatering]=1&filter[addMisc]=0&filter[addTransport]=F&filter[fp]=1&order_by=ofr_price&filter[tourOperator]=0&filter[childAge][1]=20201210","https://fly.pl/cdn/photo/assets/uploads/582/278/2014/07/Regency-Plaza-Aqua-Park-Spa-fly-pl.jpg","https://fly.pl/wycieczka/egipt,sharm-el-sheikh,szarm-el-szejk/regency-plaza/ptzR6vZqwBB7nyjSvlIbUGAAog8VvHl7gw0dlFgVWb3MsZoJgpXVUQjygZk0IwIA3_YjEqBE9BU0kw1M_71AZI_DBQAVifCWACagNBSWxyIRwRxq8BuQT-9g-rBAIbivsOGIrJEQHW8u-ZAgIAYwECDSZa_PE/ofertasv/?filter[tourOperator]=OASI&filter%5Bperson%5D=2&filter%5BchildAge%5D%5B1%5D=20201210&filter%5Bchild%5D=1"
"Amwaj Oyoun Resort & Spa (ex AA Amwaj Resort) Egipt, Sharm El Sheikh","6325.0","29.10.2026 - 05.11.2026","8 dni/7 nocy","","4.0","4.0","5324","tripadvisor","Warszawa - Modlin","2026-09-07T16:35:31.558739+00:00","https://fly.pl/oferta/egipt-wczasy/?filter[dest]=11:&filter[hotelids]=&filter[cityids]=&filter[cregids]=&filter[ofrType]=&filter[addObjType]=&filter[whenFrom]=10-10-2026&filter[whenTo]=05-11-2026&filter[duration]=7:10&filter[from]=&filter[person]=2&filter[child]=1&filter[price]=0:11000&filter[PriceFrom]=0&filter[PriceTo]=11000&filter[addCategory]=50&filter[addCatering]=1&filter[addMisc]=0&filter[addTransport]=F&filter[fp]=1&order_by=ofr_price&filter[tourOperator]=0&filter[childAge][1]=20201210","https://fly.pl/cdn/photo/assets/uploads/582/278/2014/07/Amwaj-Oyoun-Resort-Spa-ex-AA-Amwaj-Resort-fly-pl.jpg","https://fly.pl/wycieczka/egipt,sharm-el-sheikh,c/amwaj-oyoun-resort-ex-aa-amwaj-resort/pTMtIujKdM2lMmHzDbwz2KAAogDJgEYhYumh69GfIR9sGmiRstrgoMttrZgZAvN8rfQ44qBEtPTVQw1M_71AZItTFQAVjPCWACagJBSXIfHBG0G7kEtOIBqwQDGI2lBBufqyQB-rrWHgIAYwECBe8R354/ofertasv/?filter[tourOperator]=KOMT&filter%5Bperson%5D=2&filter%5BchildAge%5D%5B1%5D=20201210&filter%5Bchild%5D=1"
"Xperience Kiroseiz Premier Egipt, Sharm El Sheikh","6454.0","29.10.2026 - 05.11.2026","8 dni/7 nocy","","4.5","4.5","990","tripadvisor","Warszawa - Modlin","2026-09-07T16:35:31.558739+00:00","https://fly.pl/oferta/egipt-wczasy/?filter[dest]=11:&filter[hotelids]=&filter[cityids]=&filter[cregids]=&filter[ofrType]=&filter[addObjType]=&filter[whenFrom]=10-10-2026&filter[whenTo]=05-11-2026&filter[duration]=7:10&filter[from]=&filter[person]=2&filter[child]=1&filter[price]=0:11000&filter[PriceFrom]=0&filter[PriceTo]=11000&filter[addCategory]=50&filter[addCatering]=1&filter[addMisc]=0&filter[addTransport]=F&filter[fp]=1&order_by=ofr_price&filter[tourOperator]=0&filter[childAge][1]=20201210","https://fly.pl/cdn/photo/assets/uploads/582/278/2015/11/Xperience-Kiroseiz-Premier-fly-pl-3.jpg","https://fly.pl/wycieczka/egipt,sharm-el-sheikh,c/xperience-kiroseiz-premier/pXYxduBxewc2V3C5TQQZRHAAog-UQ9Ma4VrkHpjz2Osex6ExstrgoMttrZgZAvN8rfQ44qBEtPTVQw1M_71AZItjJQAVjPCWACagJBSXIfHBGLG7kE3eIBqwQDGKWhBBvahiQBr7rSHgIAYwECBR6wmSk/ofertasv/?filter[tourOperator]=KOMT&filter%5Bperson%5D=2&filter%5BchildAge%5D%5B1%5D=20201210&filter%5Bchild%5D=1"
"AMC Royal Hotel & Spa (ex. AMC Azur Resort) Egipt, Hurghada","6615.0","27.10.2026 - 03.11.2026","8 dni/7 nocy","","4.4","4.4","3064","tripadvisor","Poznań","2026-09-07T16:35:31.558739+00:00","https://fly.pl/oferta/egipt-wczasy/?filter[dest]=11:&filter[hotelids]=&filter[cityids]=&filter[cregids]=&filter[ofrType]=&filter[addObjType]=&filter[whenFrom]=10-10-2026&filter[whenTo]=05-11-2026&filter[duration]=7:10&filter[from]=&filter[person]=2&filter[child]=1&filter[price]=0:11000&filter[PriceFrom]=0&filter[PriceTo]=11000&filter[addCategory]=50&filter[addCatering]=1&filter[addMisc]=0&filter[addTransport]=F&filter[fp]=1&order_by=ofr_price&filter[tourOperator]=0&filter[childAge][1]=20201210","https://fly.pl/cdn/photo/assets/uploads/582/278/2014/07/AMC-Royal-Resort.jpg","https://fly.pl/wycieczka/egipt,hurghada,c/amc-royal-ex-amc-azur-resort/p6GjIrM8N0ITC2rkfzLyKaAAogEeD8sdM0_6YSeso2VpnVR4MuYCGrpMwbPCmRcHmwb-QqBE9SRVgw1M_71AZI1zNQQVifCWACagVFLjIuMXI0mwEVBxcAXANYBVYCEQRAxgZdiw5PJFPingFSAF6vT0t4YQBM2s86ILb9lwkNAAISYwECDCNqpc4/ofertasv/?filter[tourOperator]=OREX&filter%5Bperson%5D=2&filter%5BchildAge%5D%5B1%5D=20201210&filter%5Bchild%5D=1"
"Xperience Kiroseiz Parkland Egipt, Sharm El Sheikh","6673.0","29.10.2026 - 05.11.2026","8 dni/7 nocy","","4.5","4.5","3121","tripadvisor","Warszawa - Modlin","2026-09-07T16:35:31.558739+00:00","https://fly.pl/oferta/egipt-wczasy/?filter[dest]=11:&filter[hotelids]=&filter[cityids]=&filter[cregids]=&filter[ofrType]=&filter[addObjType]=&filter[whenFrom]=10-10-2026&filter[whenTo]=05-11-2026&filter[duration]=7:10&filter[from]=&filter[person]=2&filter[child]=1&filter[price]=0:11000&filter[PriceFrom]=0&filter[PriceTo]=11000&filter[addCategory]=50&filter[addCatering]=1&filter[addMisc]=0&filter[addTransport]=F&filter[fp]=1&order_by=ofr_price&filter[tourOperator]=0&filter[childAge][1]=20201210","https://fly.pl/cdn/photo/assets/uploads/582/278/2014/06/Xperience-Kiroseiz-Parkland-fly-pl.jpg","https://fly.pl/wycieczka/egipt,sharm-el-sheikh,c/xperience-kiroseiz-parkland/poAGVohtcUIYWH_VOdkWRAAAogH2jQ6HGyBEwFwixnvVNXGxstrgoMttrZgZAvN8rfQ44qBEtPTVQw1M_71AZIkTRQAVjPCWACagJBSXIfHBGKG7kE3uIBqwQDGMqhBBunhiQB4-vSHgIAYwECBWXU-rg/ofertasv/?filter[tourOperator]=KOMT&filter%5Bperson%5D=2&filter%5BchildAge%5D%5B1%5D=20201210&filter%5Bchild%5D=1"
"Pickalbatros Villaggio Resort Portofino Egipt, Marsa Alam","6837.0","26.10.2026 - 02.11.2026","8 dni/7 nocy","","4.9","4.9","1592","tripadvisor","Warszawa - Modlin","2026-09-07T16:35:31.558739+00:00","https://fly.pl/oferta/egipt-wczasy/?filter[dest]=11:&filter[hotelids]=&filter[cityids]=&filter[cregids]=&filter[ofrType]=&filter[addObjType]=&filter[whenFrom]=10-10-2026&filter[whenTo]=05-11-2026&filter[duration]=7:10&filter[from]=&filter[person]=2&filter[child]=1&filter[price]=0:11000&filter[PriceFrom]=0&filter[PriceTo]=11000&filter[addCategory]=50&filter[addCatering]=1&filter[addMisc]=0&filter[addTransport]=F&filter[fp]=1&order_by=ofr_price&filter[tourOperator]=0&filter[childAge][1]=20201210","https://fly.pl/cdn/photo/assets/uploads/582/278/2024/07/pickalbatros-villaggio-resort-portofino.jpg","https://fly.pl/wycieczka/egipt,marsa-alam,c/pickalbatros-villaggio-resort-portofino-15/pJK3VqeFLL1nt-4o7fbi0nAAogPqp0oEIiHDWiouDWm2Y46pQB3BBoU8HI00KB_W6Iw_MqBEVYSU0w1M_71AZItTVQAViHCWACagJBSXIhHBHP_ga5BKiuS6sEPxvCgzwYmJlPAZqL_8YNAgBjAQIM4hKZIg/ofertasv/?filter[tourOperator]=EXIM&filter%5Bperson%5D=2&filter%5BchildAge%5D%5B1%5D=20201210&filter%5Bchild%5D=1"
"Dream Lagoon & Aqua Park Resort (ex. Floriana Dream Lagoon) Egipt, Marsa Alam","6908.0","29.10.2026 - 05.11.2026","8 dni/7 nocy","","4.3","4.3","5717","tripadvisor","Katowice","2026-09-07T16:35:31.558739+00:00","https://fly.pl/oferta/egipt-wczasy/?filter[dest]=11:&filter[hotelids]=&filter[cityids]=&filter[cregids]=&filter[ofrType]=&filter[addObjType]=&filter[whenFrom]=10-10-2026&filter[whenTo]=05-11-2026&filter[duration]=7:10&filter[from]=&filter[person]=2&filter[child]=1&filter[price]=0:11000&filter[PriceFrom]=0&filter[PriceTo]=11000&filter[addCategory]=50&filter[addCatering]=1&filter[addMisc]=0&filter[addTransport]=F&filter[fp]=1&order_by=ofr_price&filter[tourOperator]=0&filter[childAge][1]=20201210","https://fly.pl/cdn/photo/assets/uploads/582/278/2015/11/Future-Dream-Lagoon-ex.-Floriana-Dream-Lagoon-fly-pl.jpg","https://fly.pl/wycieczka/egipt,marsa-alam,c/floriana-dream-lagoon/ptSa4nKR9d5DkoSYbQQ0ypAAogCBBrYiyNM3YbPxv6UmQ9NMf7aOogEcfP-IyfG5F-ZlYqBE9SRVgw1M_71AZI_DVQQVjPCWACagYwWi4yLjFyNpsBFQcXAFwDWAVWAkDKBhHfDl3UM08kS8KJAWEAXqcwUrwUUwBMlrw6Dbj9lwkgAAISYwECDXQhr3E/ofertasv/?filter[tourOperator]=OREX&filter%5Bperson%5D=2&filter%5BchildAge%5D%5B1%5D=20201210&filter%5Bchild%5D=1"
"Albatros Sea World Resort Marsa Alam Egipt, Marsa Alam, Al-Kusajr","6917.0","29.10.2026 - 05.11.2026","8 dni/7 nocy","","4.7","4.7","4491","tripadvisor","Gdańsk","2026-09-07T16:35:31.558739+00:00","https://fly.pl/oferta/egipt-wczasy/?filter[dest]=11:&filter[hotelids]=&filter[cityids]=&filter[cregids]=&filter[ofrType]=&filter[addObjType]=&filter[whenFrom]=10-10-2026&filter[whenTo]=05-11-2026&filter[duration]=7:10&filter[from]=&filter[person]=2&filter[child]=1&filter[price]=0:11000&filter[PriceFrom]=0&filter[PriceTo]=11000&filter[addCategory]=50&filter[addCatering]=1&filter[addMisc]=0&filter[addTransport]=F&filter[fp]=1&order_by=ofr_price&filter[tourOperator]=0&filter[childAge][1]=20201210","https://fly.pl/cdn/photo/assets/uploads/582/278/2017/08/ALBATROS-SEA-WORLD.jpg","https://fly.pl/wycieczka/egipt,marsa-alam,al-kusajr/sea-world-resort-marsa-alam/ppTjQq0yf7Bs9layudtDhDAAogLf8Hy1Opz0fVwkEmWjtgEjKdxs8NDMjTRuzG1nHTIV4qBEVYSU0w1M_71AZIhTZQAVjPCWACagJBSXIhHBHL9Aa5BPC2S6sEaxuc4zUYuLpVAaml_sYNAgBjAQIMrNBTXA/ofertasv/?filter[tourOperator]=EXIM&filter%5Bperson%5D=2&filter%5BchildAge%5D%5B1%5D=20201210&filter%5Bchild%5D=1"
"Xperience Sea Breeze Egipt, Sharm El Sheikh","6938.0","29.10.2026 - 05.11.2026","8 dni/7 nocy","","4.7","4.7","11506","tripadvisor","Warszawa - Modlin","2026-09-07T16:35:31.558739+00:00","https://fly.pl/oferta/egipt-wczasy/?filter[dest]=11:&filter[hotelids]=&filter[cityids]=&filter[cregids]=&filter[ofrType]=&filter[addObjType]=&filter[whenFrom]=10-10-2026&filter[whenTo]=05-11-2026&filter[duration]=7:10&filter[from]=&filter[person]=2&filter[child]=1&filter[price]=0:11000&filter[PriceFrom]=0&filter[PriceTo]=11000&filter[addCategory]=50&filter[addCatering]=1&filter[addMisc]=0&filter[addTransport]=F&filter[fp]=1&order_by=ofr_price&filter[tourOperator]=0&filter[childAge][1]=20201210","https://fly.pl/cdn/photo/assets/uploads/582/278/2014/07/XPERIENCE-SEA-BREEZE-RESORT.jpg","https://fly.pl/wycieczka/egipt,sharm-el-sheikh,c/xperience-sea-breeze/puIJAz-7mdepwVL3aqP6_CAAogTiICFYoxj98Ij4hrVCOTDRstrgoMttrZgZAvN8rfQ44qBEtPTVQw1M_71AZImjZQAVjPCWACagJBSXIfHBGMG7kE3OIBqwQDGKigBBvlhyQBsafRHgIAYwECBaR-uIs/ofertasv/?filter[tourOperator]=KOMT&filter%5Bperson%5D=2&filter%5BchildAge%5D%5B1%5D=20201210&filter%5Bchild%5D=1"
"Royal Regency Club Egipt, Sharm El Sheikh, Szarm el-Szejk","6970.0","27.10.2026 - 03.11.2026","8 dni/7 nocy","","4.4","4.4","357","tripadvisor","Warszawa - Modlin","2026-09-07T16:35:31.558739+00:00","https://fly.pl/oferta/egipt-wczasy/?filter[dest]=11:&filter[hotelids]=&filter[cityids]=&filter[cregids]=&filter[ofrType]=&filter[addObjType]=&filter[whenFrom]=10-10-2026&filter[whenTo]=05-11-2026&filter[duration]=7:10&filter[from]=&filter[person]=2&filter[child]=1&filter[price]=0:11000&filter[PriceFrom]=0&filter[PriceTo]=11000&filter[addCategory]=50&filter[addCatering]=1&filter[addMisc]=0&filter[addTransport]=F&filter[fp]=1&order_by=ofr_price&filter[tourOperator]=0&filter[childAge][1]=20201210","https://fly.pl/cdn/photo/assets/uploads/582/278/2024/07/royal-regency-club.jpg","https://fly.pl/wycieczka/egipt,sharm-el-sheikh,szarm-el-szejk/royal-regency-club/pm7TGc4rrJYK-CUycItR9EAAogWkmGJieDjZtLIGFb7li8X5gpXVUQjygZk0IwIA3_YjEqBE9BU0kw1M_71AZIujZQAVifCWACagNBSStyIRwR3a8BuQTn9g-rBAIbiLsPGLiFEwHN3cKmAgIAYwECDQIpMxk/ofertasv/?filter[tourOperator]=OASI&filter%5Bperson%5D=2&filter%5BchildAge%5D%5B1%5D=20201210&filter%5Bchild%5D=1"
"Rewaya Luxury Resort Egipt, Hurghada","7007.0","27.10.2026 - 03.11.2026","9 dni/7 nocy","","","","","","Wrocław","2026-09-07T16:35:31.558739+00:00","https://fly.pl/oferta/egipt-wczasy/?filter[dest]=11:&filter[hotelids]=&filter[cityids]=&filter[cregids]=&filter[ofrType]=&filter[addObjType]=&filter[whenFrom]=10-10-2026&filter[whenTo]=05-11-2026&filter[duration]=7:10&filter[from]=&filter[person]=2&filter[child]=1&filter[price]=0:11000&filter[PriceFrom]=0&filter[PriceTo]=11000&filter[addCategory]=50&filter[addCatering]=1&filter[addMisc]=0&filter[addTransport]=F&filter[fp]=1&order_by=ofr_price&filter[tourOperator]=0&filter[childAge][1]=20201210","https://datacfstatic.merlinx.pl/EXIM/IMG/114587/d4eb92cfe350c7a33d54f02107ec3a32db9ef7ad1d4e95c8b7b4944e33e5d7b4.webp","https://fly.pl/wycieczka/egipt,hurghada,c/rewaya-luxury-resort-9/plaZrqCvomtc2HFfKuvUvNAAoglsy_OUPZsNZrVwcn4IxsUJmSZ-ZO1HkJPLAVYySL8QwqBEVYSU0w1M_71AZI3zZQAVifCWACagNVQUlyIRwRm_8GuQSYqEurBF4b4J9AGO_mRwGZ-N-rDQISYwECDWkDP9E/ofertasv/?filter[tourOperator]=EXIM&filter%5Bperson%5D=2&filter%5BchildAge%5D%5B1%5D=20201210&filter%5Bchild%5D=1"
"Albatros Oasis Port Ghalib (ex. Red Sea Port Ghalib Resort) Egipt, Marsa Alam, Port Ghalib","7017.0","27.10.2026 - 03.11.2026","8 dni/7 nocy","","4.6","4.6","3640","tripadvisor","Gdańsk","2026-09-07T16:35:31.558739+00:00","https://fly.pl/oferta/egipt-wczasy/?filter[dest]=11:&filter[hotelids]=&filter[cityids]=&filter[cregids]=&filter[ofrType]=&filter[addObjType]=&filter[whenFrom]=10-10-2026&filter[whenTo]=05-11-2026&filter[duration]=7:10&filter[from]=&filter[person]=2&filter[child]=1&filter[price]=0:11000&filter[PriceFrom]=0&filter[PriceTo]=11000&filter[addCategory]=50&filter[addCatering]=1&filter[addMisc]=0&filter[addTransport]=F&filter[fp]=1&order_by=ofr_price&filter[tourOperator]=0&filter[childAge][1]=20201210","https://fly.pl/cdn/photo/assets/uploads/582/278/2014/09/pickalbatros-oasis.jpg","https://fly.pl/wycieczka/egipt,marsa-alam,port-ghalib/crowne-plaza-sahara-oasis-resort/p7PmPt5fVchkVo8Yu3AJ98AAogHI8rC0nSAcwXpdq4OQIVQ8PrGoiY9CQBeN4J2NYP-qcqBEVYSU0w1M_71AZI6TZQAVifCWACagJBSXIhHBHS2Qa5BMXRS6sEaRvj4jUY-7pVAZ_dtM4NAgBjAQIMsrQkmQ/ofertasv/?filter[tourOperator]=EXIM&filter%5Bperson%5D=2&filter%5BchildAge%5D%5B1%5D=20201210&filter%5Bchild%5D=1"
"Movenpick Resort Soma Bay Egipt, Hurghada","7101.0","27.10.2026 - 03.11.2026","8 dni/7 nocy","","4.3","4.3","4058","tripadvisor","Poznań","2026-09-07T16:35:31.558739+00:00","https://fly.pl/oferta/egipt-wczasy/?filter[dest]=11:&filter[hotelids]=&filter[cityids]=&filter[cregids]=&filter[ofrType]=&filter[addObjType]=&filter[whenFrom]=10-10-2026&filter[whenTo]=05-11-2026&filter[duration]=7:10&filter[from]=&filter[person]=2&filter[child]=1&filter[price]=0:11000&filter[PriceFrom]=0&filter[PriceTo]=11000&filter[addCategory]=50&filter[addCatering]=1&filter[addMisc]=0&filter[addTransport]=F&filter[fp]=1&order_by=ofr_price&filter[tourOperator]=0&filter[childAge][1]=20201210","https://fly.pl/cdn/photo/assets/uploads/582/278/2009/02/Movenpick-Soma-Bay2539.jpg","https://fly.pl/wycieczka/egipt,hurghada,c/movenpick-soma-bay/pGcEL26yraZ69b-6LoNynoAAog1xC40B2Cc-pKOz-wGL-X54MuYCGrpMwbPCmRcHmwb-QqBE9SRVgw1M_71AZIvTdQQVifCWACagdCSzQuMi4xcjSbARUHFwBcA1gFVgJAygYREl35DU8kU-KeAVIAXq9PS3hhAEzazzogtv2XCQ0AAhJjAQILDIhYAA/ofertasv/?filter[tourOperator]=OREX&filter%5Bperson%5D=2&filter%5BchildAge%5D%5B1%5D=20201210&filter%5Bchild%5D=1"
"Hawaii Paradise Aqua Park Resort Egipt, Hurghada","7108.0","20.10.2026 - 27.10.2026","8 dni/7 nocy","","3.4","3.4","441","tripadvisor","Warszawa","2026-09-07T16:35:31.558739+00:00","https://fly.pl/oferta/egipt-wczasy/?filter[dest]=11:&filter[hotelids]=&filter[cityids]=&filter[cregids]=&filter[ofrType]=&filter[addObjType]=&filter[whenFrom]=10-10-2026&filter[whenTo]=05-11-2026&filter[duration]=7:10&filter[from]=&filter[person]=2&filter[child]=1&filter[price]=0:11000&filter[PriceFrom]=0&filter[PriceTo]=11000&filter[addCategory]=50&filter[addCatering]=1&filter[addMisc]=0&filter[addTransport]=F&filter[fp]=1&order_by=ofr_price&filter[tourOperator]=0&filter[childAge][1]=20201210","https://fly.pl/cdn/photo/assets/uploads/582/278/2020/09/Hawaii-Paradise-Aqua-Park-Resort.jpg","https://fly.pl/wycieczka/egipt,hurghada,c/hawaii-paradise-aqua-park-resort-14/pNwu4DKWq2wzj_LP9mdl8GAAogUUH-4BoGB7c6_W7xMZOlep-aPgbvqzMYNpZIVqwcgJMqBEpPSVAw1M_71AZIxDdQQVj3B2ACagNDR21yQ5sBFAEVBhcAXANYBVYCQMoGT-IBXQBSr6sBUwBer09L7UNhABHEiwFMoYE5Da_9lwkgAAGplbSAxYbMoDACDmMBAA2NotYz/ofertasv/?filter[tourOperator]=JOIP&filter%5Bperson%5D=2&filter%5BchildAge%5D%5B1%5D=20201210&filter%5Bchild%5D=1"
"Albatros Palace Port Ghalib (ex. Red Sea The Palace) Egipt, Marsa Alam, Port Ghalib","7117.0","29.10.2026 - 05.11.2026","8 dni/7 nocy","","4.7","4.7","3737","tripadvisor","Gdańsk","2026-09-07T16:35:31.558739+00:00","https://fly.pl/oferta/egipt-wczasy/?filter[dest]=11:&filter[hotelids]=&filter[cityids]=&filter[cregids]=&filter[ofrType]=&filter[addObjType]=&filter[whenFrom]=10-10-2026&filter[whenTo]=05-11-2026&filter[duration]=7:10&filter[from]=&filter[person]=2&filter[child]=1&filter[price]=0:11000&filter[PriceFrom]=0&filter[PriceTo]=11000&filter[addCategory]=50&filter[addCatering]=1&filter[addMisc]=0&filter[addTransport]=F&filter[fp]=1&order_by=ofr_price&filter[tourOperator]=0&filter[childAge][1]=20201210","https://fly.pl/cdn/photo/assets/uploads/582/278/2014/09/albatros-palace.jpg","https://fly.pl/wycieczka/egipt,marsa-alam,port-ghalib/intercontinental-the-palace-port-ghalib/pWMjnKWl3Q2VJ4FKOFBb-cAAogIdh8uLrkSkSwe-rEEo6neDKdxs8NDMjTRuzG1nHTIV4qBEVYSU0w1M_71AZIzTdQAVjPCWACagJBSXIhHBHN9Aa5BO62S6sEaxva4jUY6rpVAcm4_cYNAgBjAQIMGwAqLA/ofertasv/?filter[tourOperator]=EXIM&filter%5Bperson%5D=2&filter%5BchildAge%5D%5B1%5D=20201210&filter%5Bchild%5D=1"
"Pickalbatros Vita Resort Portofino Egipt, Marsa Alam","7177.0","26.10.2026 - 02.11.2026","8 dni/7 nocy","","4.9","4.9","752","tripadvisor","Warszawa - Modlin","2026-09-07T16:35:31.558739+00:00","https://fly.pl/oferta/egipt-wczasy/?filter[dest]=11:&filter[hotelids]=&filter[cityids]=&filter[cregids]=&filter[ofrType]=&filter[addObjType]=&filter[whenFrom]=10-10-2026&filter[whenTo]=05-11-2026&filter[duration]=7:10&filter[from]=&filter[person]=2&filter[child]=1&filter[price]=0:11000&filter[PriceFrom]=0&filter[PriceTo]=11000&filter[addCategory]=50&filter[addCatering]=1&filter[addMisc]=0&filter[addTransport]=F&filter[fp]=1&order_by=ofr_price&filter[tourOperator]=0&filter[childAge][1]=20201210","https://fly.pl/cdn/photo/assets/uploads/582/278/2024/07/pickalbatros-vita-resort-portofino.jpg","https://fly.pl/wycieczka/egipt,marsa-alam,c/pickalbatros-vita-resort-portofino-11/pn6m9VkShMc7UqLUkcGtlFAAogyV37Gb46wdQl11ZDJlhnLJQB3BBoU8HI00KB_W6Iw_MqBEVYSU0w1M_71AZIiThQAViHCWACagJBSXIhHBHU2Qa5BKPTS6sEPxus5DUYxLhVAabq_8YNAgBjAQIM9QogHA/ofertasv/?filter[tourOperator]=EXIM&filter%5Bperson%5D=2&filter%5BchildAge%5D%5B1%5D=20201210&filter%5Bchild%5D=1"
"Royal Lagoons Aqua (ex. Premium Blue) Egipt, Hurghada","7565.0","22.10.2026 - 29.10.2026","8 dni/7 nocy","","4.2","4.2","4340","tripadvisor","Katowice","2026-09-07T16:35:31.558739+00:00","https://fly.pl/oferta/egipt-wczasy/?filter[dest]=11:&filter[hotelids]=&filter[cityids]=&filter[cregids]=&filter[ofrType]=&filter[addObjType]=&filter[whenFrom]=10-10-2026&filter[whenTo]=05-11-2026&filter[duration]=7:10&filter[from]=&filter[person]=2&filter[child]=1&filter[price]=0:11000&filter[PriceFrom]=0&filter[PriceTo]=11000&filter[addCategory]=50&filter[addCatering]=1&filter[addMisc]=0&filter[addTransport]=F&filter[fp]=1&order_by=ofr_price&filter[tourOperator]=0&filter[childAge][1]=20201210","https://fly.pl/cdn/photo/assets/uploads/582/278/2014/10/Royal-Lagoons-Aqua.jpg","https://fly.pl/wycieczka/egipt,hurghada,c/premium-blue-lagoon-ex-pyramisa-blue-lagoon/pVdJY4w8aSuS3jQikbOCQVAAogXQm6dIn9pJCZEMZsa_oEpV2uEak7geT_qkEjtRc14AcqBEpPSVAw1M_71AZIjTtQQVinCGACckMUARUFFwFcA1gFVgJAygZdqwFPAFupA1O9qAFSAEuIH2EAXqcwEYcyTMueOg2x_ZcJIAEBsZvA8KSJzKAwAg5jAQANre732w/ofertasv/?filter[tourOperator]=JOIP&filter%5Bperson%5D=2&filter%5BchildAge%5D%5B1%5D=20201210&filter%5Bchild%5D=1"
"Naama Bay Promenade Mountain Resort Egipt, Sharm El Sheikh, Szarm el-Szejk","7676.0","27.10.2026 - 03.11.2026","8 dni/7 nocy","","4.2","4.2","1287","tripadvisor","Warszawa - Modlin","2026-09-07T16:35:31.558739+00:00","https://fly.pl/oferta/egipt-wczasy/?filter[dest]=11:&filter[hotelids]=&filter[cityids]=&filter[cregids]=&filter[ofrType]=&filter[addObjType]=&filter[whenFrom]=10-10-2026&filter[whenTo]=05-11-2026&filter[duration]=7:10&filter[from]=&filter[person]=2&filter[child]=1&filter[price]=0:11000&filter[PriceFrom]=0&filter[PriceTo]=11000&filter[addCategory]=50&filter[addCatering]=1&filter[addMisc]=0&filter[addTransport]=F&filter[fp]=1&order_by=ofr_price&filter[tourOperator]=0&filter[childAge][1]=20201210","https://fly.pl/cdn/photo/assets/uploads/582/278/2024/07/naama-bay-promenade-mountain-resort.jpg","https://fly.pl/wycieczka/egipt,sharm-el-sheikh,szarm-el-szejk/naama-bay-promenade-mountain-resort-12/pdj3M3L4FHWdYQOP_tX2FYAAogJANCjqU01Kd4mkPBsTRdfpgpXVUQjygZk0IwIA3_YjEqBE9BU0kw1M_71AZI_DtQAVifCWACagNBSWxyIRwRra8BuQSX9w-rBAIbidUNGLTtEgG6vNqZAgIAYwECC_9yNgY/ofertasv/?filter[tourOperator]=OASI&filter%5Bperson%5D=2&filter%5BchildAge%5D%5B1%5D=20201210&filter%5Bchild%5D=1"
"Sea Star Beau Rivage Egipt, Hurghada","7691.0","22.10.2026 - 29.10.2026","8 dni/7 nocy","","4.5","4.5","4278","tripadvisor","Katowice","2026-09-07T16:35:31.558739+00:00","https://fly.pl/oferta/egipt-wczasy/?filter[dest]=11:&filter[hotelids]=&filter[cityids]=&filter[cregids]=&filter[ofrType]=&filter[addObjType]=&filter[whenFrom]=10-10-2026&filter[whenTo]=05-11-2026&filter[duration]=7:10&filter[from]=&filter[person]=2&filter[child]=1&filter[price]=0:11000&filter[PriceFrom]=0&filter[PriceTo]=11000&filter[addCategory]=50&filter[addCatering]=1&filter[addMisc]=0&filter[addTransport]=F&filter[fp]=1&order_by=ofr_price&filter[tourOperator]=0&filter[childAge][1]=20201210","https://fly.pl/cdn/photo/assets/uploads/582/278/2014/07/Sea-Star-Beau-Rivage-fly-pl.jpg","https://fly.pl/wycieczka/egipt,hurghada,c/sea-star-beau-rivage/p5aganRf34vi0p9acwBuHlAAogWzllsSxKLApvPTl2cC_E_V2uEak7geT_qkEjtRc14AcqBEpPSVAw1M_71AZIizxQQVinCGACagMwZmRyQpsBFAEVBRcBXANYBVYCQMoGT6sBXQBS5qsBUwARxxpLwQRhAF6nMEzS0DoNsf2XCSABAZrL9N-kicygMAINYwEADONh020/ofertasv/?filter[tourOperator]=JOIP&filter%5Bperson%5D=2&filter%5BchildAge%5D%5B1%5D=20201210&filter%5Bchild%5D=1"
"Jaz Aquamarine (ex. Iberotel Aquamarine) Egipt, Hurghada","7747.0","27.10.2026 - 03.11.2026","9 dni/7 nocy","","4.6","4.6","17141","tripadvisor","Warszawa - Modlin","2026-09-07T16:35:31.558739+00:00","https://fly.pl/oferta/egipt-wczasy/?filter[dest]=11:&filter[hotelids]=&filter[cityids]=&filter[cregids]=&filter[ofrType]=&filter[addObjType]=&filter[whenFrom]=10-10-2026&filter[whenTo]=05-11-2026&filter[duration]=7:10&filter[from]=&filter[person]=2&filter[child]=1&filter[price]=0:11000&filter[PriceFrom]=0&filter[PriceTo]=11000&filter[addCategory]=50&filter[addCatering]=1&filter[addMisc]=0&filter[addTransport]=F&filter[fp]=1&order_by=ofr_price&filter[tourOperator]=0&filter[childAge][1]=20201210","https://fly.pl/cdn/photo/assets/uploads/582/278/2016/11/jaz-aquamarine-ex-iberotel-egipt-hurghada-1b.jpg","https://fly.pl/wycieczka/egipt,hurghada,c/jaz-aquamarine-ex-iberotel-aquamarine/p2328rIFg2MZdIirBNcXbiAAogjyuguBp5WFRpPfIAKMmn35eMXePUQkpobZ-BQI6-nbQqBEVYSU0w1M_71AZIwzxQAVifCWACagJBSXIhHBHK2QarBPfOS7kERRut7jUY069WAZDXmNINAgBjAQIL5MFjOA/ofertasv/?filter[tourOperator]=EXIM&filter%5Bperson%5D=2&filter%5BchildAge%5D%5B1%5D=20201210&filter%5Bchild%5D=1"
"Marriott Hurghada Beach Resort Egipt, Hurghada","7767.0","27.10.2026 - 03.11.2026","9 dni/7 nocy","","4.6","4.6","4867","tripadvisor","Warszawa - Modlin","2026-09-07T16:35:31.558739+00:00","https://fly.pl/oferta/egipt-wczasy/?filter[dest]=11:&filter[hotelids]=&filter[cityids]=&filter[cregids]=&filter[ofrType]=&filter[addObjType]=&filter[whenFrom]=10-10-2026&filter[whenTo]=05-11-2026&filter[duration]=7:10&filter[from]=&filter[person]=2&filter[child]=1&filter[price]=0:11000&filter[PriceFrom]=0&filter[PriceTo]=11000&filter[addCategory]=50&filter[addCatering]=1&filter[addMisc]=0&filter[addTransport]=F&filter[fp]=1&order_by=ofr_price&filter[tourOperator]=0&filter[childAge][1]=20201210","https://fly.pl/cdn/photo/assets/uploads/582/278/2014/09/Marriott-Hurghada-Beach-Resort.jpg","https://fly.pl/wycieczka/egipt,hurghada,c/marriott-hurghada-beach-resort/pNG3Luworj6G1SXHmUxdCoAAogk2W2pwH7XGP36JXY8Q_MX5eMXePUQkpobZ-BQI6-nbQqBEVYSU0w1M_71AZI1zxQAVifCWACagJBSXIhHBGp_warBJipS7kERRvioUAYxuJHAaWw7qsNAhJjAQIHWJzqdg/ofertasv/?filter[tourOperator]=EXIM&filter%5Bperson%5D=2&filter%5BchildAge%5D%5B1%5D=20201210&filter%5Bchild%5D=1"
"Old Palace Resort Egipt, Hurghada","7795.0","27.10.2026 - 03.11.2026","9 dni/7 nocy","","4.6","4.6","3535","tripadvisor","Warszawa - Modlin","2026-09-07T16:35:31.558739+00:00","https://fly.pl/oferta/egipt-wczasy/?filter[dest]=11:&filter[hotelids]=&filter[cityids]=&filter[cregids]=&filter[ofrType]=&filter[addObjType]=&filter[whenFrom]=10-10-2026&filter[whenTo]=05-11-2026&filter[duration]=7:10&filter[from]=&filter[person]=2&filter[child]=1&filter[price]=0:11000&filter[PriceFrom]=0&filter[PriceTo]=11000&filter[addCategory]=50&filter[addCatering]=1&filter[addMisc]=0&filter[addTransport]=F&filter[fp]=1&order_by=ofr_price&filter[tourOperator]=0&filter[childAge][1]=20201210","https://fly.pl/cdn/photo/assets/uploads/582/278/2015/03/Old-Palace-Resort-Sahl-Hasheesh.jpg","https://fly.pl/wycieczka/egipt,hurghada,c/old-palace-resort/p0nFTo59WCaPBR_ftBwxUGAAogpMJj9ZTvMWiFIcs_hJgcJH-RivCO5fCdWQwfiBpU-nUqBE9BU0kw1M_71AZI8zxQAVifCWACagNBSWxyIRwRka8BqwTb7w-5BEAbucMPGO-FEwGa_8-mAgIAYwECCxno7Fs/ofertasv/?filter[tourOperator]=OASI&filter%5Bperson%5D=2&filter%5BchildAge%5D%5B1%5D=20201210&filter%5Bchild%5D=1"
"Domina Coral Bay Oasis Egipt, Sharm El Sheikh","7806.0","25.10.2026 - 01.11.2026","8 dni/7 nocy","","4.2","4.2","12412","tripadvisor","Katowice","2026-09-07T16:35:31.558739+00:00","https://fly.pl/oferta/egipt-wczasy/?filter[dest]=11:&filter[hotelids]=&filter[cityids]=&filter[cregids]=&filter[ofrType]=&filter[addObjType]=&filter[whenFrom]=10-10-2026&filter[whenTo]=05-11-2026&filter[duration]=7:10&filter[from]=&filter[person]=2&filter[child]=1&filter[price]=0:11000&filter[PriceFrom]=0&filter[PriceTo]=11000&filter[addCategory]=50&filter[addCatering]=1&filter[addMisc]=0&filter[addTransport]=F&filter[fp]=1&order_by=ofr_price&filter[tourOperator]=0&filter[childAge][1]=20201210","https://fly.pl/cdn/photo/assets/uploads/582/278/2014/07/Domina-Coral-Bay-Oasis.jpg","https://fly.pl/wycieczka/egipt,sharm-el-sheikh,c/domina-coral-bay-oasis/pSwJTc5qrsPb7uGYz0FATzAAogpYmRykcXZxGQeICFcWeu_v-8lKSM_XY3X6eU8q1GIdEqBE9BU0kw1M_71AZI_jxQAVjvCGACagNBSWxyIRwRu68BqwTcqxC5BCsb6PIMGK-WEwGopIqpAgIAYwECDF0TN4w/ofertasv/?filter[tourOperator]=OASI&filter%5Bperson%5D=2&filter%5BchildAge%5D%5B1%5D=20201210&filter%5Bchild%5D=1"
"Charmillion Club Resort","7806.0","29.10.2026 - 05.11.2026","8 dni/7 nocy","","4.5","4.5","6040","tripadvisor","Warszawa - Modlin","2026-09-07T16:35:31.558739+00:00","https://fly.pl/oferta/egipt-wczasy/?filter[dest]=11:&filter[hotelids]=&filter[cityids]=&filter[cregids]=&filter[ofrType]=&filter[addObjType]=&filter[whenFrom]=10-10-2026&filter[whenTo]=05-11-2026&filter[duration]=7:10&filter[from]=&filter[person]=2&filter[child]=1&filter[price]=0:11000&filter[PriceFrom]=0&filter[PriceTo]=11000&filter[addCategory]=50&filter[addCatering]=1&filter[addMisc]=0&filter[addTransport]=F&filter[fp]=1&order_by=ofr_price&filter[tourOperator]=0&filter[childAge][1]=20201210","https://fly.pl/cdn/photo/assets/uploads/582/278/2014/07/Charmillion-Club-Resort-ex.-Sea-Club-Resort-fly-pl.jpg","https://fly.pl/wycieczka/egipt,sharm-el-sheikh,c/sea-club-sharm-el-sheikh/pb_PvHMS06vWlgHBcgSQNiAAog3t3lI68e5BPxP50_Szb37xstrgoMttrZgZAvN8rfQ44qBEtPTVQw1s_71AZI_jxQAVjPCWACagJBSXIfHBHOGrkEmuMBqwQDGOifBBvogCQB_NvQHgIAYwECBVIBO6Y/ofertasv/?filter[tourOperator]=KOMT&filter%5Bperson%5D=2&filter%5BchildAge%5D%5B1%5D=20201210&filter%5Bchild%5D=1"
"Domina Coral Bay Oasis","7806.0","25.10.2026 - 01.11.2026","8 dni/7 nocy","","4.2","4.2","12412","tripadvisor","Katowice","2026-09-07T16:35:31.558739+00:00","https://fly.pl/oferta/egipt-wczasy/?filter[dest]=11:&filter[hotelids]=&filter[cityids]=&filter[cregids]=&filter[ofrType]=&filter[addObjType]=&filter[whenFrom]=10-10-2026&filter[whenTo]=05-11-2026&filter[duration]=7:10&filter[from]=&filter[person]=2&filter[child]=1&filter[price]=0:11000&filter[PriceFrom]=0&filter[PriceTo]=11000&filter[addCategory]=50&filter[addCatering]=1&filter[addMisc]=0&filter[addTransport]=F&filter[fp]=1&order_by=ofr_price&filter[tourOperator]=0&filter[childAge][1]=20201210","https://fly.pl/cdn/photo/assets/uploads/582/278/2014/07/Domina-Coral-Bay-Oasis.jpg","https://fly.pl/wycieczka/egipt,sharm-el-sheikh,c/domina-coral-bay-oasis/pSwJTc5qrsPb7uGYz0FATzAAogpYmRykcXZxGQeICFcWeu_v-8lKSM_XY3X6eU8q1GIdEqBE9BU0kw1s_71AZI_jxQAVjvCGACagNBSWxyIRwRu68BqwTcqxC5BCsb6PIMGK-WEwGopIqpAgIAYwECDH6KKKE/ofertasv/?filter[tourOperator]=OASI&filter%5Bperson%5D=2&filter%5BchildAge%5D%5B1%5D=20201210&filter%5Bchild%5D=1"
"IL Mercato Splash Aqua Park","7857.0","27.10.2026 - 03.11.2026","8 dni/7 nocy","","4.4","4.4","2256","tripadvisor","Katowice","2026-09-07T16:35:31.558739+00:00","https://fly.pl/oferta/egipt-wczasy/?filter[dest]=11:&filter[hotelids]=&filter[cityids]=&filter[cregids]=&filter[ofrType]=&filter[addObjType]=&filter[whenFrom]=10-10-2026&filter[whenTo]=05-11-2026&filter[duration]=7:10&filter[from]=&filter[person]=2&filter[child]=1&filter[price]=0:11000&filter[PriceFrom]=0&filter[PriceTo]=11000&filter[addCategory]=50&filter[addCatering]=1&filter[addMisc]=0&filter[addTransport]=F&filter[fp]=1&order_by=ofr_price&filter[tourOperator]=0&filter[childAge][1]=20201210","https://fly.pl/cdn/photo/assets/uploads/582/278/2014/07/Il-Mercato-Hotel-Spa-Sharm-El-Sheikh.jpg","https://fly.pl/wycieczka/egipt,sharm-el-sheikh,c/iberotel-il-mercato/pBEFnhczMi0530EfOX0FmrAAogmgKYuLW3IlSZVv1BvQ0bWHb6-M-63DqmxRqPbNTEi2wqBE9SRVgw1s_71AZIsT1QQVifCWACagVFLjIuMXI2mwEVBxcAXANYBVYCQMoGEfUMXe4LTyRLkrMBYQBepzBSpiBTAEyssDoNtv2XCSAAAhJjAQILwET7oA/ofertasv/?filter[tourOperator]=OREX&filter%5Bperson%5D=2&filter%5BchildAge%5D%5B1%5D=20201210&filter%5Bchild%5D=1"
"Cleopatra Luxury Resort","7887.0","28.10.2026 - 04.11.2026","9 dni/7 nocy","","4.5","4.5","7611","tripadvisor","Gdańsk","2026-09-07T16:35:31.558739+00:00","https://fly.pl/oferta/egipt-wczasy/?filter[dest]=11:&filter[hotelids]=&filter[cityids]=&filter[cregids]=&filter[ofrType]=&filter[addObjType]=&filter[whenFrom]=10-10-2026&filter[whenTo]=05-11-2026&filter[duration]=7:10&filter[from]=&filter[person]=2&filter[child]=1&filter[price]=0:11000&filter[PriceFrom]=0&filter[PriceTo]=11000&filter[addCategory]=50&filter[addCatering]=1&filter[addMisc]=0&filter[addTransport]=F&filter[fp]=1&order_by=ofr_price&filter[tourOperator]=0&filter[childAge][1]=20201210","https://fly.pl/cdn/photo/assets/uploads/582/278/2014/07/58ae3c6b287eb1e74191c52d1e07af6ad3ddd609476a5d59c69f95f8f8409586.jpg","https://fly.pl/wycieczka/egipt,sharm-el-sheikh,nabq-bay/the-cleopatra-luxury-resort-collection/pV6CE9i1n0ZVVMexV3ybCLAAogtSOOR81m3CC5nRcCNJHSx3IhrbyPomD2uW-Fwn8rcgYqBE9BU0kw1s_71AZIzz1QAVi3CWACagNBSWxyIRwR868BuQSAqxCrBBIbkIMMGLeFFAHoq4mpAgIAYwECCzOe2w4/ofertasv/?filter[tourOperator]=OASI&filter%5Bperson%5D=2&filter%5BchildAge%5D%5B1%5D=20201210&filter%5Bchild%5D=1"
"Gravity Sahl Hasheesh (Ex. Ocean Breeze)","7964.0","29.10.2026 - 05.11.2026","8 dni/7 nocy","","4.7","4.7","3399","tripadvisor","Katowice","2026-09-07T16:35:31.558739+00:00","https://fly.pl/oferta/egipt-wczasy/?filter[dest]=11:&filter[hotelids]=&filter[cityids]=&filter[cregids]=&filter[ofrType]=&filter[addObjType]=&filter[whenFrom]=10-10-2026&filter[whenTo]=05-11-2026&filter[duration]=7:10&filter[from]=&filter[person]=2&filter[child]=1&filter[price]=0:11000&filter[PriceFrom]=0&filter[PriceTo]=11000&filter[addCategory]=50&filter[addCatering]=1&filter[addMisc]=0&filter[addTransport]=F&filter[fp]=1&order_by=ofr_price&filter[tourOperator]=0&filter[childAge][1]=20201210","https://fly.pl/cdn/photo/assets/uploads/582/278/2018/10/Gravity-Sahl-Hasheesh.jpg","https://fly.pl/wycieczka/egipt,hurghada,c/ocean-breeze/pgbCY_5VPnaxx0kVnIe5QLAAogPenBKNx6lpC-0TCtBTy1ph0-euAbo-Te670sKrvdd9cqBFJOQlcw1s_71AZInD5QQVjPCWACagRDQWhlag1BTExfSU5DTFVTSVZFaiYxNiwyMzQsMjgzLDI5NiwzODAsMzg4LDQ3Nyw0ODMsNDg0LDQ4NWoTNDA0LDQwNyw0MDgsNTIxLDUyOHI8nwGWAZ4BlAEVBxcAWAhAyAcKKBGpHBDzHhmpGUyeNlOKIVIAS4gfYQAdjOlADzkg7JSSCQ0AAg1jAQIGwqSmng/ofertasv/?filter[tourOperator]=RNBW&filter%5Bperson%5D=2&filter%5BchildAge%5D%5B1%5D=20201210&filter%5Bchild%5D=1"
"Hilton Marsa Alam Nubian Resort","7967.0","28.10.2026 - 04.11.2026","8 dni/7 nocy","","4.7","4.7","10186","tripadvisor","Warszawa - Modlin","2026-09-07T16:35:31.558739+00:00","https://fly.pl/oferta/egipt-wczasy/?filter[dest]=11:&filter[hotelids]=&filter[cityids]=&filter[cregids]=&filter[ofrType]=&filter[addObjType]=&filter[whenFrom]=10-10-2026&filter[whenTo]=05-11-2026&filter[duration]=7:10&filter[from]=&filter[person]=2&filter[child]=1&filter[price]=0:11000&filter[PriceFrom]=0&filter[PriceTo]=11000&filter[addCategory]=50&filter[addCatering]=1&filter[addMisc]=0&filter[addTransport]=F&filter[fp]=1&order_by=ofr_price&filter[tourOperator]=0&filter[childAge][1]=20201210","https://fly.pl/cdn/photo/assets/uploads/582/278/2014/08/Tropitel-Dahab-Oasis.jpg","https://fly.pl/wycieczka/egipt,marsa-alam,c/hilton-marsa-alam-nubian-resort/pyk-XLlxMQJK1F95s7zlhFAAogW5gUZNJHYM_Yt9SF1kmgTBMX033-gYOoV0TNZ_GKOrIqBEVYSU0w1s_71AZInz5QAVi3CWACagJBSXIhHBHR_wa5BI-tS6sEPhuzrkAYqO9HAea93awNAhJjAQINOwPgpA/ofertasv/?filter[tourOperator]=EXIM&filter%5Bperson%5D=2&filter%5BchildAge%5D%5B1%5D=20201210&filter%5Bchild%5D=1"
"Albatros Makadi Resort (ex Royal Pharaohs Makadi)","8007.0","27.10.2026 - 03.11.2026","9 dni/7 nocy","","3.3","3.3","844","tripadvisor","Warszawa - Modlin","2026-09-07T16:35:31.558739+00:00","https://fly.pl/oferta/egipt-wczasy/?filter[dest]=11:&filter[hotelids]=&filter[cityids]=&filter[cregids]=&filter[ofrType]=&filter[addObjType]=&filter[whenFrom]=10-10-2026&filter[whenTo]=05-11-2026&filter[duration]=7:10&filter[from]=&filter[person]=2&filter[child]=1&filter[price]=0:11000&filter[PriceFrom]=0&filter[PriceTo]=11000&filter[addCategory]=50&filter[addCatering]=1&filter[addMisc]=0&filter[addTransport]=F&filter[fp]=1&order_by=ofr_price&filter[tourOperator]=0&filter[childAge][1]=20201210","https://fly.pl/cdn/photo/assets/uploads/582/278/2014/07/Harmony-Makadi-Bay-fly-pl.jpg","https://fly.pl/wycieczka/egipt,hurghada,makadi-bay/harmony-makadi-bay/p2pe9zWZN5ccfWnnslQeRFAAogS8YQyfoaaU-lce5aBtGNrZeMXePUQkpobZ-BQI6-nbQqBEVYSU0w1s_71AZIxz5QAVifCWACagJBSXIhHBGb-AarBKawS7kERRub_TcYgKBTAc_J98YNAgBjAQIMqY37og/ofertasv/?filter[tourOperator]=EXIM&filter%5Bperson%5D=2&filter%5BchildAge%5D%5B1%5D=20201210&filter%5Bchild%5D=1"
"Calimera Blend Paradise Resort","8042.0","27.10.2026 - 03.11.2026","8 dni/7 nocy","","4.2","4.2","2324","tripadvisor","Poznań","2026-09-07T16:35:31.558739+00:00","https://fly.pl/oferta/egipt-wczasy/?filter[dest]=11:&filter[hotelids]=&filter[cityids]=&filter[cregids]=&filter[ofrType]=&filter[addObjType]=&filter[whenFrom]=10-10-2026&filter[whenTo]=05-11-2026&filter[duration]=7:10&filter[from]=&filter[person]=2&filter[child]=1&filter[price]=0:11000&filter[PriceFrom]=0&filter[PriceTo]=11000&filter[addCategory]=50&filter[addCatering]=1&filter[addMisc]=0&filter[addTransport]=F&filter[fp]=1&order_by=ofr_price&filter[tourOperator]=0&filter[childAge][1]=20201210","https://fly.pl/cdn/photo/assets/uploads/582/278/2022/08/Calimera-Blend-Paradise.jpg","https://fly.pl/wycieczka/egipt,hurghada,c/calimera-blend-paradise-12/p3XF2a6n6wHbozzd8JCsImAAogK7r8cK-0x3HM01EJDq6GG4MuYCGrpMwbPCmRcHmwb-QqBE9SRVgw1s_71AZI6j5QQVifCWACagZENi4yLjFyNZsBFQcXAFwDWAVWAkDKBl2LDk8kEcwLU5aTAVIAXq9PS3hhAEzazzogtv2XCQ0AAhJjAQIMQ0O5JA/ofertasv/?filter[tourOperator]=OREX&filter%5Bperson%5D=2&filter%5BchildAge%5D%5B1%5D=20201210&filter%5Bchild%5D=1"
"Sentido Akassia Beach (ex. LTI Akassia Beach)","8087.0","29.10.2026 - 05.11.2026","8 dni/7 nocy","","4.4","4.4","2307","tripadvisor","Katowice","2026-09-07T16:35:31.558739+00:00","https://fly.pl/oferta/egipt-wczasy/?filter[dest]=11:&filter[hotelids]=&filter[cityids]=&filter[cregids]=&filter[ofrType]=&filter[addObjType]=&filter[whenFrom]=10-10-2026&filter[whenTo]=05-11-2026&filter[duration]=7:10&filter[from]=&filter[person]=2&filter[child]=1&filter[price]=0:11000&filter[PriceFrom]=0&filter[PriceTo]=11000&filter[addCategory]=50&filter[addCatering]=1&filter[addMisc]=0&filter[addTransport]=F&filter[fp]=1&order_by=ofr_price&filter[tourOperator]=0&filter[childAge][1]=20201210","https://fly.pl/cdn/photo/assets/uploads/582/278/2014/09/Sentido-Akassia-Beach.jpg","https://fly.pl/wycieczka/egipt,marsa-alam,c/lti-akassia-beach-2/p_hnnbI_S8pObZYKjKRUNnAAogWsj03FuK88D0OuhDCSx3N8f7aOogEcfP-IyfG5F-ZlYqBE9SRVgw1s_71AZIlz9QQVjPCWACagYxUy4yLjFyNZsBFQcXAFwDWAVWAhEmQKQGXbNCTyRLwokBYQBepzBSvBRTAEyWvDoNuP2XCSAAAhJjAQINLkGKEw/ofertasv/?filter[tourOperator]=OREX&filter%5Bperson%5D=2&filter%5BchildAge%5D%5B1%5D=20201210&filter%5Bchild%5D=1"
"Stella Gardens Resort & Spa (ex Stella Di Mare Gardens)","8096.0","29.10.2026 - 05.11.2026","8 dni/7 nocy","","4.5","4.5","2755","tripadvisor","Warszawa","2026-09-07T16:35:31.558739+00:00","https://fly.pl/oferta/egipt-wczasy/?filter[dest]=11:&filter[hotelids]=&filter[cityids]=&filter[cregids]=&filter[ofrType]=&filter[addObjType]=&filter[whenFrom]=10-10-2026&filter[whenTo]=05-11-2026&filter[duration]=7:10&filter[from]=&filter[person]=2&filter[child]=1&filter[price]=0:11000&filter[PriceFrom]=0&filter[PriceTo]=11000&filter[addCategory]=50&filter[addCatering]=1&filter[addMisc]=0&filter[addTransport]=F&filter[fp]=1&order_by=ofr_price&filter[tourOperator]=0&filter[childAge][1]=20201210","https://fly.pl/cdn/photo/assets/uploads/582/278/2014/10/Stella-Di-Mare-Gardens-Resort-Spa.jpg","https://fly.pl/wycieczka/egipt,hurghada,makadi-bay/stella-makadi-garden/p22ixMja6YIctKkyPJRcGZAAog3b7o2x_OmWTihTvjnxAouKMK9izCb2-usTxQwRvTPmsqBEpPSVAw1s_71AZIoD9QQVjPCWACagMwMEZyQpsBFAEXBhUAXANYBVYCQMoGXasBTzdSr6sBUwARxjBe6R5L7UNhAEzljDoNuP2XCSAAAZSX4ODEhsygMAIOYwEADfSirYw/ofertasv/?filter[tourOperator]=JOIP&filter%5Bperson%5D=2&filter%5BchildAge%5D%5B1%5D=20201210&filter%5Bchild%5D=1"
"Royal Brayka Beach Resort (ex Zee Brayka)","8097.0","10.10.2026 - 18.10.2026","9 dni/7 nocy","","4.4","4.4","2462","tripadvisor","Katowice","2026-09-07T16:35:31.558739+00:00","https://fly.pl/oferta/egipt-wczasy/?filter[dest]=11:&filter[hotelids]=&filter[cityids]=&filter[cregids]=&filter[ofrType]=&filter[addObjType]=&filter[whenFrom]=10-10-2026&filter[whenTo]=05-11-2026&filter[duration]=7:10&filter[from]=&filter[person]=2&filter[child]=1&filter[price]=0:11000&filter[PriceFrom]=0&filter[PriceTo]=11000&filter[addCategory]=50&filter[addCatering]=1&filter[addMisc]=0&filter[addTransport]=F&filter[fp]=1&order_by=ofr_price&filter[tourOperator]=0&filter[childAge][1]=20201210","https://fly.pl/cdn/photo/assets/uploads/582/278/2014/07/Royal-Brayka-Resort.jpg","https://fly.pl/wycieczka/egipt,marsa-alam,c/royal-brayka-resort/pRsv6pwMiLCZBgcy_BNpnJAAogH3cAvD8HjlAXU_BFpm7Ot5APaq7t_caFLM2yOUCCvvcqBFZJVFgw1s_71AZIoT9QQViHBmACckAaABUHFwBcA1gFQI8DW7-DAWGXTEsAXqcwUrwUUwBMoOQ5DZvVmAkgAV2q65HsqAFPlNqZijdRwcUTAg5jAQINuFi5Ag/ofertasv/?filter[tourOperator]=VITX&filter%5Bperson%5D=2&filter%5BchildAge%5D%5B1%5D=20201210&filter%5Bchild%5D=1"
"Rehana Royal Beach Resort & Spa","8204.0","27.10.2026 - 03.11.2026","8 dni/7 nocy","","4.3","4.3","4670","tripadvisor","Katowice","2026-09-07T16:35:31.558739+00:00","https://fly.pl/oferta/egipt-wczasy/?filter[dest]=11:&filter[hotelids]=&filter[cityids]=&filter[cregids]=&filter[ofrType]=&filter[addObjType]=&filter[whenFrom]=10-10-2026&filter[whenTo]=05-11-2026&filter[duration]=7:10&filter[from]=&filter[person]=2&filter[child]=1&filter[price]=0:11000&filter[PriceFrom]=0&filter[PriceTo]=11000&filter[addCategory]=50&filter[addCatering]=1&filter[addMisc]=0&filter[addTransport]=F&filter[fp]=1&order_by=ofr_price&filter[tourOperator]=0&filter[childAge][1]=20201210","https://fly.pl/cdn/photo/assets/uploads/582/278/2016/11/Rehana-Royal-Beach-Resort-amp-Spa.jpg","https://fly.pl/wycieczka/egipt,sharm-el-sheikh,c/rehana-royal-beach-resort-spa/p9UqlnUVf-6-C9m5gH2ItoAAogt5ELkX0PBks9dYuE-z8avnb6-M-63DqmxRqPbNTEi2wqBE9SRVgw1s_71AZIjEBQQVifCWACagVZLjIuMXI2mwEVBxcAWAhWAlwKQMAGEeAPXYMJTyRLkrMBYQBepzBSpiBTAEyssDoNtv2XCSAAAhJjAQIM1zKZaQ/ofertasv/?filter[tourOperator]=OREX&filter%5Bperson%5D=2&filter%5BchildAge%5D%5B1%5D=20201210&filter%5Bchild%5D=1"
"Ecotel Dahab Bay View Resort","8247.0","24.10.2026 - 31.10.2026","8 dni/7 nocy","","4.4","4.4","1231","tripadvisor","Warszawa","2026-09-07T16:35:31.558739+00:00","https://fly.pl/oferta/egipt-wczasy/?filter[dest]=11:&filter[hotelids]=&filter[cityids]=&filter[cregids]=&filter[ofrType]=&filter[addObjType]=&filter[whenFrom]=10-10-2026&filter[whenTo]=05-11-2026&filter[duration]=7:10&filter[from]=&filter[person]=2&filter[child]=1&filter[price]=0:11000&filter[PriceFrom]=0&filter[PriceTo]=11000&filter[addCategory]=50&filter[addCatering]=1&filter[addMisc]=0&filter[addTransport]=F&filter[fp]=1&order_by=ofr_price&filter[tourOperator]=0&filter[childAge][1]=20201210","https://fly.pl/cdn/photo/assets/uploads/582/278/2014/09/Ecotel-Dahab-Resort.jpg","https://fly.pl/wycieczka/egipt,dahab,c/mercure-dahab-bay-view/pdYh_B16d0zIutgi9S-cJ-AAogDte7oCU9PhRJZzBhNtOfRwAAAACbhAQAuIQEAAcAEgAqBFdFWlkw1s_71AZIt0BQQVjXCGADaglFbnRlciBBaXJqBDA4MDByQ54BlQEfAAIBHAAWBBcCEu0DGKEEE7ECFMkEEbwdQNZUTKCiAU8AS8cjUAAbu8gMHdj5AiAdDejHwgkBEmMBDGMBAgXeY4YA/ofertasv/?filter[tourOperator]=WEZY&filter%5Bperson%5D=2&filter%5BchildAge%5D%5B1%5D=20201210&filter%5Bchild%5D=1"
"Pyramisa Beach Resort Sahl Hasheesh","8267.0","29.10.2026 - 05.11.2026","8 dni/7 nocy","","4.1","4.1","3567","tripadvisor","Warszawa","2026-09-07T16:35:31.558739+00:00","https://fly.pl/oferta/egipt-wczasy/?filter[dest]=11:&filter[hotelids]=&filter[cityids]=&filter[cregids]=&filter[ofrType]=&filter[addObjType]=&filter[whenFrom]=10-10-2026&filter[whenTo]=05-11-2026&filter[duration]=7:10&filter[from]=&filter[person]=2&filter[child]=1&filter[price]=0:11000&filter[PriceFrom]=0&filter[PriceTo]=11000&filter[addCategory]=50&filter[addCatering]=1&filter[addMisc]=0&filter[addTransport]=F&filter[fp]=1&order_by=ofr_price&filter[tourOperator]=0&filter[childAge][1]=20201210","https://fly.pl/cdn/photo/assets/uploads/582/278/2015/04/Pyramisa-Beach-Resort-Sahl-Hasheesh.jpg","https://fly.pl/wycieczka/egipt,hurghada,sahl-hasheesh/dessole-pyramisa-beach-resort-ex-pyramisa-beach-r/psS2soV9L7l9GhGHZmQGEJAAogpMtDExQSI_k7P3_xIf9CbxLqCxxQb8S86Hh0k4aD-ioqBE9SRVgw1s_71AZIy0BQQVjPCWACagZFSC4yLjFyNZsBFQcXAFwDWAVWAhE1QJUGXZsPTyRT0p0BUgBer09L7UNhAEzljDoguP2XCQ0AAhJjAQILYwNh3A/ofertasv/?filter[tourOperator]=OREX&filter%5Bperson%5D=2&filter%5BchildAge%5D%5B1%5D=20201210&filter%5Bchild%5D=1"
"Jaz Palmariva Beach","8271.0","29.10.2026 - 05.11.2026","8 dni/7 nocy","","4.6","4.6","4068","tripadvisor","Warszawa","2026-09-07T16:35:31.558739+00:00","https://fly.pl/oferta/egipt-wczasy/?filter[dest]=11:&filter[hotelids]=&filter[cityids]=&filter[cregids]=&filter[ofrType]=&filter[addObjType]=&filter[whenFrom]=10-10-2026&filter[whenTo]=05-11-2026&filter[duration]=7:10&filter[from]=&filter[person]=2&filter[child]=1&filter[price]=0:11000&filter[PriceFrom]=0&filter[PriceTo]=11000&filter[addCategory]=50&filter[addCatering]=1&filter[addMisc]=0&filter[addTransport]=F&filter[fp]=1&order_by=ofr_price&filter[tourOperator]=0&filter[childAge][1]=20201210","https://fly.pl/cdn/photo/assets/uploads/582/278/2014/07/Labranda-Club-Makadi-ex-Club-Azur-fly-pl.jpg","https://fly.pl/wycieczka/egipt,hurghada,makadi-bay/club-azur/pt_PcCX8B6KnWzgH6a4g-EAAogLMgT30PjR8VnW64VZ3kyOxLqCxxQb8S86Hh0k4aD-ioqBE9SRVgw1s_71AZIz0BQQVjPCWACagZaSS4yLjFyNZsBFQcXAFwDWAVWAkDKBl2bD08kEfUhU917UgBer09L7UNhAEzljDoguP2XCQ0AAhJjAQIMoNAZkA/ofertasv/?filter[tourOperator]=OREX&filter%5Bperson%5D=2&filter%5BchildAge%5D%5B1%5D=20201210&filter%5Bchild%5D=1"
"Pickalbatros Golf Beach Resort","8274.0","27.10.2026 - 03.11.2026","8 dni/7 nocy","","4.5","4.5","317","tripadvisor","Warszawa - Modlin","2026-09-07T16:35:31.558739+00:00","https://fly.pl/oferta/egipt-wczasy/?filter[dest]=11:&filter[hotelids]=&filter[cityids]=&filter[cregids]=&filter[ofrType]=&filter[addObjType]=&filter[whenFrom]=10-10-2026&filter[whenTo]=05-11-2026&filter[duration]=7:10&filter[from]=&filter[person]=2&filter[child]=1&filter[price]=0:11000&filter[PriceFrom]=0&filter[PriceTo]=11000&filter[addCategory]=50&filter[addCatering]=1&filter[addMisc]=0&filter[addTransport]=F&filter[fp]=1&order_by=ofr_price&filter[tourOperator]=0&filter[childAge][1]=20201210","https://fly.pl/cdn/photo/assets/uploads/582/278/2014/07/Golf-Beach-Resort-Managed-by-Rixos.jpg","https://fly.pl/wycieczka/egipt,sharm-el-sheikh,c/maritim-jolie-ville-golf/ptyvNtf_I7iSFbJjWgfS10AAoghYYPjE1bw85S0IY3eOwrXZgpXVUQjygZk0IwIA3_YjEqBE9BU0kw1s_71AZI0kBQAVifCWACagNBSWxyIRwR6q8BuQTa9g-rBAIbyLQPGN-AEwHJ1fSlAgIAYwECDGaKFQA/ofertasv/?filter[tourOperator]=OASI&filter%5Bperson%5D=2&filter%5BchildAge%5D%5B1%5D=20201210&filter%5Bchild%5D=1"
"Siva Golden Bay Makadi","8297.0","18.10.2026 - 25.10.2026","8 dni/7 nocy","","4.6","4.6","854","tripadvisor","Katowice","2026-09-07T16:35:31.558739+00:00","https://fly.pl/oferta/egipt-wczasy/?filter[dest]=11:&filter[hotelids]=&filter[cityids]=&filter[cregids]=&filter[ofrType]=&filter[addObjType]=&filter[whenFrom]=10-10-2026&filter[whenTo]=05-11-2026&filter[duration]=7:10&filter[from]=&filter[person]=2&filter[child]=1&filter[price]=0:11000&filter[PriceFrom]=0&filter[PriceTo]=11000&filter[addCategory]=50&filter[addCatering]=1&filter[addMisc]=0&filter[addTransport]=F&filter[fp]=1&order_by=ofr_price&filter[tourOperator]=0&filter[childAge][1]=20201210","https://fly.pl/cdn/photo/assets/uploads/582/278/2024/07/siva-golden-bay-makadi.jpg","https://fly.pl/wycieczka/egipt,hurghada,makadi-bay/siva-golden-bay-makadi-10/pn_x-phTcw6IQXB3Djz1rnAAogFoGYsZndrVkT9VyNNUGAMdxyXMZrTxlhX5xZupZbN-sqBEVYSU0w1s_71AZI6UBQAVjHB2ACagJBSXIhHBHGuwa5BPGCPqsEHBvC4i8Yptk2AayStYsJAgBjAQIHxv25VA/ofertasv/?filter[tourOperator]=EXIM&filter%5Bperson%5D=2&filter%5BchildAge%5D%5B1%5D=20201210&filter%5Bchild%5D=1"
"Stella Beach Resort & Spa","8298.0","27.10.2026 - 03.11.2026","8 dni/7 nocy","","4.4","4.4","6853","tripadvisor","Poznań","2026-09-07T16:35:31.558739+00:00","https://fly.pl/oferta/egipt-wczasy/?filter[dest]=11:&filter[hotelids]=&filter[cityids]=&filter[cregids]=&filter[ofrType]=&filter[addObjType]=&filter[whenFrom]=10-10-2026&filter[whenTo]=05-11-2026&filter[duration]=7:10&filter[from]=&filter[person]=2&filter[child]=1&filter[price]=0:11000&filter[PriceFrom]=0&filter[PriceTo]=11000&filter[addCategory]=50&filter[addCatering]=1&filter[addMisc]=0&filter[addTransport]=F&filter[fp]=1&order_by=ofr_price&filter[tourOperator]=0&filter[childAge][1]=20201210","https://fly.pl/cdn/photo/assets/uploads/582/278/2014/10/Stella-Di-Mare-Beach-Resort-Spa.jpg","https://fly.pl/wycieczka/egipt,hurghada,makadi-bay/stella-makadi-resort/pdQAaK5mQuPZ_RnphXFx_oAAogMDbk_oDGd8Db9tB2h09UWIMuYCGrpMwbPCmRcHmwb-QqBE9SRVgw1s_71AZI6kBQQVifCWACagZaSS4yLjFyNJsBFQcXAFgIVgJcCEDCBl2LDhEQTxRT4p4BUgBer09LeGEATNrPOiC2_ZcJDQACEmMBAg2q0JOn/ofertasv/?filter[tourOperator]=OREX&filter%5Bperson%5D=2&filter%5BchildAge%5D%5B1%5D=20201210&filter%5Bchild%5D=1"
"Swiss Inn Resort Hurghada (ex. Hilton Hurghada Resort)","8309.0","27.10.2026 - 03.11.2026","9 dni/7 nocy","","4.5","4.5","1875","tripadvisor","Warszawa - Modlin","2026-09-07T16:35:31.558739+00:00","https://fly.pl/oferta/egipt-wczasy/?filter[dest]=11:&filter[hotelids]=&filter[cityids]=&filter[cregids]=&filter[ofrType]=&filter[addObjType]=&filter[whenFrom]=10-10-2026&filter[whenTo]=05-11-2026&filter[duration]=7:10&filter[from]=&filter[person]=2&filter[child]=1&filter[price]=0:11000&filter[PriceFrom]=0&filter[PriceTo]=11000&filter[addCategory]=50&filter[addCatering]=1&filter[addMisc]=0&filter[addTransport]=F&filter[fp]=1&order_by=ofr_price&filter[tourOperator]=0&filter[childAge][1]=20201210","https://fly.pl/cdn/photo/assets/uploads/582/278/2014/07/Swiss-Inn-Resort-Hurghada.jpg","https://fly.pl/wycieczka/egipt,hurghada,c/hilton-resort/pO5Fd9nxYGFNthg2lRB7RYAAogH_aOMNR5UxSWQO-UvMdh4X-RivCO5fCdWQwfiBpU-nUqBE9BU0kw1s_71AZI9UBQAVifCWACagNBSWxyIBwRvHarBLCoELkEQBunzQ0YoewSAZGwtJkCAgBjAQIGMBGe1g/ofertasv/?filter[tourOperator]=OASI&filter%5Bperson%5D=2&filter%5BchildAge%5D%5B1%5D=20201210&filter%5Bchild%5D=1"
"Retac Qunay Dahab Resort & Spa","8339.0","27.10.2026 - 03.11.2026","8 dni/7 nocy","","4.3","4.3","1707","tripadvisor","Katowice","2026-09-07T16:35:31.558739+00:00","https://fly.pl/oferta/egipt-wczasy/?filter[dest]=11:&filter[hotelids]=&filter[cityids]=&filter[cregids]=&filter[ofrType]=&filter[addObjType]=&filter[whenFrom]=10-10-2026&filter[whenTo]=05-11-2026&filter[duration]=7:10&filter[from]=&filter[person]=2&filter[child]=1&filter[price]=0:11000&filter[PriceFrom]=0&filter[PriceTo]=11000&filter[addCategory]=50&filter[addCatering]=1&filter[addMisc]=0&filter[addTransport]=F&filter[fp]=1&order_by=ofr_price&filter[tourOperator]=0&filter[childAge][1]=20201210","https://fly.pl/cdn/photo/assets/uploads/582/278/2014/09/Retac-Qunay-Dahab.jpg","https://fly.pl/wycieczka/egipt,dahab,c/le-meridien-dahab-bay/pGzuR-RBBGpxSRqfw_SLjxAAogx7EqrNpFx4HRlScrnvdh_3b6-M-63DqmxRqPbNTEi2wqBE9SRVgw1s_71AZIk0FQQVifCWACagZETS4yLjFyNpsBFQcXAFwDWAVWAkDKBhGxDV2yC08kS5KzAWEAXqcwUqYgUwBMrLA6Dbb9lwkgAAISYwECC0sy61c/ofertasv/?filter[tourOperator]=OREX&filter%5Bperson%5D=2&filter%5BchildAge%5D%5B1%5D=20201210&filter%5Bchild%5D=1"
"Pickalbatros Laguna Club Resort","8341.0","28.10.2026 - 04.11.2026","9 dni/7 nocy","","4.9","4.9","672","tripadvisor","Gdańsk","2026-09-07T16:35:31.558739+00:00","https://fly.pl/oferta/egipt-wczasy/?filter[dest]=11:&filter[hotelids]=&filter[cityids]=&filter[cregids]=&filter[ofrType]=&filter[addObjType]=&filter[whenFrom]=10-10-2026&filter[whenTo]=05-11-2026&filter[duration]=7:10&filter[from]=&filter[person]=2&filter[child]=1&filter[price]=0:11000&filter[PriceFrom]=0&filter[PriceTo]=11000&filter[addCategory]=50&filter[addCatering]=1&filter[addMisc]=0&filter[addTransport]=F&filter[fp]=1&order_by=ofr_price&filter[tourOperator]=0&filter[childAge][1]=20201210","https://fly.pl/cdn/photo/assets/uploads/582/278/2023/09/Albatros-Laguna-Club-Resor.jpg","https://fly.pl/wycieczka/egipt,sharm-el-sheikh,szarm-el-szejk/albatros-laguna-club-resort-14/pD0vzTSRKX_HsppMOomgjeAAogwnT3WmZTAkK10kPMNGVhOqu3NSZzm0PuyXGyBe07ojIqBEJWUFIw1s_71AZIlUFQAVi3CWACag1BbGwgaW5jbHVzaXZlciAcEfw7G7vcBhjsnA-5BJrzFasEKwGJ8PH5AQIAYwEEDBceV90/ofertasv/?filter[tourOperator]=BVPR&filter%5Bperson%5D=2&filter%5BchildAge%5D%5B1%5D=20201210&filter%5Bchild%5D=1"
"Creek Hotel and Residences","8384.0","29.10.2026 - 05.11.2026","8 dni/7 nocy","","4.8","4.8","219","tripadvisor","Katowice","2026-09-07T16:35:31.558739+00:00","https://fly.pl/oferta/egipt-wczasy/?filter[dest]=11:&filter[hotelids]=&filter[cityids]=&filter[cregids]=&filter[ofrType]=&filter[addObjType]=&filter[whenFrom]=10-10-2026&filter[whenTo]=05-11-2026&filter[duration]=7:10&filter[from]=&filter[person]=2&filter[child]=1&filter[price]=0:11000&filter[PriceFrom]=0&filter[PriceTo]=11000&filter[addCategory]=50&filter[addCatering]=1&filter[addMisc]=0&filter[addTransport]=F&filter[fp]=1&order_by=ofr_price&filter[tourOperator]=0&filter[childAge][1]=20201210","https://fly.pl/cdn/photo/assets/uploads/582/278/2024/07/creek-hotel-residences.jpg","https://fly.pl/wycieczka/egipt,hurghada,al-dzuna/creek-hotel-residences-9/piso5MN3k6wB7g9NFMqwqUAAogqe9Fd2SGGJhWlQNsvJgFhh0-euAbo-Te670sKrvdd9cqBFJOQlcw1s_71AZIwEFQQVjPCWACagRCd2Nkag1BTExfSU5DTFVTSVZFaiYxNiwyMzQsMjgzLDI5NiwzODAsMzg4LDQ3Nyw0ODMsNDg0LDQ4NWoTNDA0LDQwNyw0MDgsNTIxLDUyOHI9nwGWAZ4BlAEVBxcAWAgK0AFA-AURtzkZthtMnjZTiiFSABCkCEvkFmEAHYzpQA85IOyUkgkNAAIMYwECBZLWnug/ofertasv/?filter[tourOperator]=RNBW&filter%5Bperson%5D=2&filter%5BchildAge%5D%5B1%5D=20201210&filter%5Bchild%5D=1"
"Radisson Individuals Marina Port Ghalib (ex. Sunrise Marina Resort)","8396.0","25.10.2026 - 01.11.2026","8 dni/7 nocy","","4.6","4.6","3563","tripadvisor","Zielona Góra","2026-09-07T16:35:31.558739+00:00","https://fly.pl/oferta/egipt-wczasy/?filter[dest]=11:&filter[hotelids]=&filter[cityids]=&filter[cregids]=&filter[ofrType]=&filter[addObjType]=&filter[whenFrom]=10-10-2026&filter[whenTo]=05-11-2026&filter[duration]=7:10&filter[from]=&filter[person]=2&filter[child]=1&filter[price]=0:11000&filter[PriceFrom]=0&filter[PriceTo]=11000&filter[addCategory]=50&filter[addCatering]=1&filter[addMisc]=0&filter[addTransport]=F&filter[fp]=1&order_by=ofr_price&filter[tourOperator]=0&filter[childAge][1]=20201210","https://fly.pl/cdn/photo/assets/uploads/582/278/2015/04/RADISSON-INDIVIDUALS-MARINA.jpg","https://fly.pl/wycieczka/egipt,marsa-alam,port-ghalib/rehana-port-ghalib-resort/p_IfTsNcys-dsBziFQExZlAAog5ldB4OmrV98bqey45GqvJgAAAABkgwQAtrkEAAcAAQAqBFdFWlkw1s_71AZIzEFQQVjvCGADaglFbnRlciBBaXJqBDA4NTVyQp4BlQEfAAIBHAAWBBcCE9YJGFoU5wQShjkRhh5A9xpLhzlQAEyvXU8AHY3vDyDSbBv2rAQN9bC9CQESYwEOYwECBuPfyXQ/ofertasv/?filter[tourOperator]=WEZY&filter%5Bperson%5D=2&filter%5BchildAge%5D%5B1%5D=20201210&filter%5Bchild%5D=1"
"Parrotel Beach Resort (ex. Radisson Blu)","8397.0","27.10.2026 - 03.11.2026","8 dni/7 nocy","","4.4","4.4","6991","tripadvisor","Katowice","2026-09-07T16:35:31.558739+00:00","https://fly.pl/oferta/egipt-wczasy/?filter[dest]=11:&filter[hotelids]=&filter[cityids]=&filter[cregids]=&filter[ofrType]=&filter[addObjType]=&filter[whenFrom]=10-10-2026&filter[whenTo]=05-11-2026&filter[duration]=7:10&filter[from]=&filter[person]=2&filter[child]=1&filter[price]=0:11000&filter[PriceFrom]=0&filter[PriceTo]=11000&filter[addCategory]=50&filter[addCatering]=1&filter[addMisc]=0&filter[addTransport]=F&filter[fp]=1&order_by=ofr_price&filter[tourOperator]=0&filter[childAge][1]=20201210","https://fly.pl/cdn/photo/assets/uploads/582/278/2014/07/Parrotel-Beach-Resort.jpg","https://fly.pl/wycieczka/egipt,sharm-el-sheikh,c/radisson-blu-resort-sharm-el-sheikh/pHx8cTUqQ_zNTBEcFf43WcAAogjAeNzLOQZJPs-RoA5AfFvHb6-M-63DqmxRqPbNTEi2wqBE9SRVgw1s_71AZIzUFQQVifCWACagVFLjIuMXI2mwEVBxcAXANYBVYCQMoGEboNXakLTyRLkrMBYQBepzBSpiBTAEyssDoNtv2XCSAAAhJjAQINiyOOow/ofertasv/?filter[tourOperator]=OREX&filter%5Bperson%5D=2&filter%5BchildAge%5D%5B1%5D=20201210&filter%5Bchild%5D=1"
"Tropitel Sahl Hasheesh","8434.0","25.10.2026 - 01.11.2026","8 dni/7 nocy","","4.7","4.7","10222","tripadvisor","Wrocław","2026-09-07T16:35:31.558739+00:00","https://fly.pl/oferta/egipt-wczasy/?filter[dest]=11:&filter[hotelids]=&filter[cityids]=&filter[cregids]=&filter[ofrType]=&filter[addObjType]=&filter[whenFrom]=10-10-2026&filter[whenTo]=05-11-2026&filter[duration]=7:10&filter[from]=&filter[person]=2&filter[child]=1&filter[price]=0:11000&filter[PriceFrom]=0&filter[PriceTo]=11000&filter[addCategory]=50&filter[addCatering]=1&filter[addMisc]=0&filter[addTransport]=F&filter[fp]=1&order_by=ofr_price&filter[tourOperator]=0&filter[childAge][1]=20201210","https://fly.pl/cdn/photo/assets/uploads/582/278/2014/10/Tropitel-Sahl-Hasheesh.jpg","https://fly.pl/wycieczka/egipt,hurghada,c/tropitel-sahl-hasheesh/pudt85UBeJNnnKbQDtH6APAAog2j61k7yq1tmKO2RdmiJeqJIDGsIF8IwQR8cbEu5XohYqBE9BU0kw1s_71AZI8kFQAVjvCGACagNVQUlyIRwRkq8BqwSg8A-5BBsb6sUOGLH0EQG67pmZAgIAYwECBed3ZZM/ofertasv/?filter[tourOperator]=OASI&filter%5Bperson%5D=2&filter%5BchildAge%5D%5B1%5D=20201210&filter%5Bchild%5D=1"
"Domina Coral Bay Aquamarine","8438.0","25.10.2026 - 01.11.2026","8 dni/7 nocy","","4.2","4.2","12412","tripadvisor","Katowice","2026-09-07T16:35:31.558739+00:00","https://fly.pl/oferta/egipt-wczasy/?filter[dest]=11:&filter[hotelids]=&filter[cityids]=&filter[cregids]=&filter[ofrType]=&filter[addObjType]=&filter[whenFrom]=10-10-2026&filter[whenTo]=05-11-2026&filter[duration]=7:10&filter[from]=&filter[person]=2&filter[child]=1&filter[price]=0:11000&filter[PriceFrom]=0&filter[PriceTo]=11000&filter[addCategory]=50&filter[addCatering]=1&filter[addMisc]=0&filter[addTransport]=F&filter[fp]=1&order_by=ofr_price&filter[tourOperator]=0&filter[childAge][1]=20201210","https://fly.pl/cdn/photo/assets/uploads/582/278/2014/07/Domina-Coral-Bay-Aquamarine.jpg","https://fly.pl/wycieczka/egipt,sharm-el-sheikh,c/domina-coral-bay-aquamarine/pzY40_X4lLO8Pl8Nk-u-8lAAogvNP_iNpI5solrOOYWeIt__-8lKSM_XY3X6eU8q1GIdEqBE9BU0kw1s_71AZI9kFQAVjvCGACagNBSWxyIRwRoq8BqwT1qxC5BCsbzK4NGK_aEgGf64qpAgIAYwECDM21szo/ofertasv/?filter[tourOperator]=OASI&filter%5Bperson%5D=2&filter%5BchildAge%5D%5B1%5D=20201210&filter%5Bchild%5D=1"
"Sharm Grand Plaza Resort","8445.0","13.10.2026 - 21.10.2026","9 dni/8 nocy","","4.4","4.4","9439","tripadvisor","Rzeszów","2026-09-07T16:35:31.558739+00:00","https://fly.pl/oferta/egipt-wczasy/?filter[dest]=11:&filter[hotelids]=&filter[cityids]=&filter[cregids]=&filter[ofrType]=&filter[addObjType]=&filter[whenFrom]=10-10-2026&filter[whenTo]=05-11-2026&filter[duration]=7:10&filter[from]=&filter[person]=2&filter[child]=1&filter[price]=0:11000&filter[PriceFrom]=0&filter[PriceTo]=11000&filter[addCategory]=50&filter[addCatering]=1&filter[addMisc]=0&filter[addTransport]=F&filter[fp]=1&order_by=ofr_price&filter[tourOperator]=0&filter[childAge][1]=20201210","https://fly.pl/cdn/photo/assets/uploads/582/278/2014/07/SHARM-GRAND-PLAZA-RESORT-1.jpg","https://fly.pl/wycieczka/egipt,sharm-el-sheikh,c/grand-plaza-resort/pJf9Q46k9aRuyKUBVc5NTWAAogcz4rrP3fRwXDOrazAamFiFNnE2Slq2kbuSTk0XNV9tsqBEpPSVAw1s_71AZI_UFQQVjPBmACagMwMllyQpsBFAEVBhcBXAJYBVYCQMoGT-IBXQARgscBXtwzS48YYQBSlwhTAEyssDoNqP2XCSABAZ27uLCViMygMAINYwEACz4yuHI/ofertasv/?filter[tourOperator]=JOIP&filter%5Bperson%5D=2&filter%5BchildAge%5D%5B1%5D=20201210&filter%5Bchild%5D=1"
"Concorde El Salam Sport","8464.0","27.10.2026 - 03.11.2026","8 dni/7 nocy","","4.8","4.8","1477","tripadvisor","Warszawa - Modlin","2026-09-07T16:35:31.558739+00:00","https://fly.pl/oferta/egipt-wczasy/?filter[dest]=11:&filter[hotelids]=&filter[cityids]=&filter[cregids]=&filter[ofrType]=&filter[addObjType]=&filter[whenFrom]=10-10-2026&filter[whenTo]=05-11-2026&filter[duration]=7:10&filter[from]=&filter[person]=2&filter[child]=1&filter[price]=0:11000&filter[PriceFrom]=0&filter[PriceTo]=11000&filter[addCategory]=50&filter[addCatering]=1&filter[addMisc]=0&filter[addTransport]=F&filter[fp]=1&order_by=ofr_price&filter[tourOperator]=0&filter[childAge][1]=20201210","https://fly.pl/cdn/photo/assets/uploads/582/278/2024/07/concorde-el-salam-sport.jpg","https://fly.pl/wycieczka/egipt,sharm-el-sheikh,szarm-el-szejk/concorde-el-salam-sport-15/p_NkovXZWMy0oa8HYr7uZZAAog-xjyYLmQUxwR7ojpSi-zgpgpXVUQjygZk0IwIA3_YjEqBE9BU0kw1s_71AZIkEJQAVifCWACagNBSWxyIRwR-q8BuQTK9g-rBAIbrpAPGPKcEgHn16WfAgICYwECC3AfEUM/ofertasv/?filter[tourOperator]=OASI&filter%5Bperson%5D=2&filter%5BchildAge%5D%5B1%5D=20201210&filter%5Bchild%5D=1"
"Serenity Alpha Beach (ex. Serenity Makadi Beach)","8483.0","29.10.2026 - 05.11.2026","8 dni/7 nocy","","4.6","4.6","6613","tripadvisor","Warszawa","2026-09-07T16:35:31.558739+00:00","https://fly.pl/oferta/egipt-wczasy/?filter[dest]=11:&filter[hotelids]=&filter[cityids]=&filter[cregids]=&filter[ofrType]=&filter[addObjType]=&filter[whenFrom]=10-10-2026&filter[whenTo]=05-11-2026&filter[duration]=7:10&filter[from]=&filter[person]=2&filter[child]=1&filter[price]=0:11000&filter[PriceFrom]=0&filter[PriceTo]=11000&filter[addCategory]=50&filter[addCatering]=1&filter[addMisc]=0&filter[addTransport]=F&filter[fp]=1&order_by=ofr_price&filter[tourOperator]=0&filter[childAge][1]=20201210","https://fly.pl/cdn/photo/assets/uploads/582/278/2014/07/Serenity-Alpha-Beach.jpg","https://fly.pl/wycieczka/egipt,hurghada,makadi-bay/serenity-makadi-heights/pNFUchiFPLa2xptjI1BeuYAAogcp_BFHlt8q7lb_VR8aPPgxLqCxxQb8S86Hh0k4aD-ioqBE9SRVgw1s_71AZIo0JQQVjPCWACagZDWC4yLjFyNZsBFQcXAFgIVgJcCBH6BUBIXZsPTyRT0p0BUgBer09L7UNhAEzljDoguP2XCQ0AAhJjAQIMH8-UiQ/ofertasv/?filter[tourOperator]=OREX&filter%5Bperson%5D=2&filter%5BchildAge%5D%5B1%5D=20201210&filter%5Bchild%5D=1"
"Concorde Moreen Beach Resort & Spa","8483.0","29.10.2026 - 05.11.2026","8 dni/7 nocy","","4.5","4.5","5598","tripadvisor","Katowice","2026-09-07T16:35:31.558739+00:00","https://fly.pl/oferta/egipt-wczasy/?filter[dest]=11:&filter[hotelids]=&filter[cityids]=&filter[cregids]=&filter[ofrType]=&filter[addObjType]=&filter[whenFrom]=10-10-2026&filter[whenTo]=05-11-2026&filter[duration]=7:10&filter[from]=&filter[person]=2&filter[child]=1&filter[price]=0:11000&filter[PriceFrom]=0&filter[PriceTo]=11000&filter[addCategory]=50&filter[addCatering]=1&filter[addMisc]=0&filter[addTransport]=F&filter[fp]=1&order_by=ofr_price&filter[tourOperator]=0&filter[childAge][1]=20201210","https://fly.pl/cdn/photo/assets/uploads/582/278/2014/07/Concorde-Moreen-Beach-Resort-Spa-fly-pl.jpg","https://fly.pl/wycieczka/egipt,marsa-alam,c/concorde-moreen-beach-spa-resort/pxGRpo6BElGJc_KqtfQrC4AAogRv_RICAUWApNhZrT6PeqL8f7aOogEcfP-IyfG5F-ZlYqBE9SRVgw1s_71AZIo0JQQVjPCWACagZESS4yLjFyNpsBFQcXAFwDWAVWAkDKBhHuDV3FNE8kS8KJAWEAXqcwUrwUUwBMlrw6Dbj9lwkgAAISYwECCz3wHmw/ofertasv/?filter[tourOperator]=OREX&filter%5Bperson%5D=2&filter%5BchildAge%5D%5B1%5D=20201210&filter%5Bchild%5D=1"
"Casa Mare Resort (ex. Royal Tulip Beach Resort)","8497.0","10.10.2026 - 18.10.2026","9 dni/7 nocy","","4.7","4.7","4700","tripadvisor","Katowice","2026-09-07T16:35:31.558739+00:00","https://fly.pl/oferta/egipt-wczasy/?filter[dest]=11:&filter[hotelids]=&filter[cityids]=&filter[cregids]=&filter[ofrType]=&filter[addObjType]=&filter[whenFrom]=10-10-2026&filter[whenTo]=05-11-2026&filter[duration]=7:10&filter[from]=&filter[person]=2&filter[child]=1&filter[price]=0:11000&filter[PriceFrom]=0&filter[PriceTo]=11000&filter[addCategory]=50&filter[addCatering]=1&filter[addMisc]=0&filter[addTransport]=F&filter[fp]=1&order_by=ofr_price&filter[tourOperator]=0&filter[childAge][1]=20201210","https://fly.pl/cdn/photo/assets/uploads/582/278/2015/12/Casa-Mare-Resort.jpg","https://fly.pl/wycieczka/egipt,marsa-alam,c/royal-tulip-beach-resort/pXmY7CmhM4FY8KCFpaKVWfAAogqLMKkhlpYrsElTDzcFdAVJAPaq7t_caFLM2yOUCCvvcqBFZJVFgw2M_71AZIsUJQQViHBmACckAaABUHFwBcA1gFQI8DW5eFAWG_SksAXqcwUrwUUwBMoOQ5DZvVmAkgAV2q65HsqAFPlNqZijdR3tcZAg5jAQIN2wS8rA/ofertasv/?filter[tourOperator]=VITX&filter%5Bperson%5D=2&filter%5BchildAge%5D%5B1%5D=20201210&filter%5Bchild%5D=1"
"Jaz Belvedere","8514.0","27.10.2026 - 03.11.2026","8 dni/7 nocy","","4.5","4.5","3280","tripadvisor","Warszawa - Modlin","2026-09-07T16:35:31.558739+00:00","https://fly.pl/oferta/egipt-wczasy/?filter[dest]=11:&filter[hotelids]=&filter[cityids]=&filter[cregids]=&filter[ofrType]=&filter[addObjType]=&filter[whenFrom]=10-10-2026&filter[whenTo]=05-11-2026&filter[duration]=7:10&filter[from]=&filter[person]=2&filter[child]=1&filter[price]=0:11000&filter[PriceFrom]=0&filter[PriceTo]=11000&filter[addCategory]=50&filter[addCatering]=1&filter[addMisc]=0&filter[addTransport]=F&filter[fp]=1&order_by=ofr_price&filter[tourOperator]=0&filter[childAge][1]=20201210","https://fly.pl/cdn/photo/assets/uploads/582/278/2014/07/Jaz-Belvedere.jpg","https://fly.pl/wycieczka/egipt,sharm-el-sheikh,c/jaz-belvedere/pHmGCBhYAkalL0WwZbNvLZAAogpDRXhWjgnXq8iFr8Re3Nv5gpXVUQjygZk0IwIA3_YjEqBE9BU0kw2M_71AZIwkJQAVifCWACagNBSWxyIRwRhbABuQS_9g-rBAIbsbAPGLLyEgGTsOakAgIAYwECDA1au14/ofertasv/?filter[tourOperator]=OASI&filter%5Bperson%5D=2&filter%5BchildAge%5D%5B1%5D=20201210&filter%5Bchild%5D=1"
"Jaz Neo Naama Bay","8540.0","24.10.2026 - 31.10.2026","8 dni/7 nocy","","4.7","4.7","4826","tripadvisor","Warszawa","2026-09-07T16:35:31.558739+00:00","https://fly.pl/oferta/egipt-wczasy/?filter[dest]=11:&filter[hotelids]=&filter[cityids]=&filter[cregids]=&filter[ofrType]=&filter[addObjType]=&filter[whenFrom]=10-10-2026&filter[whenTo]=05-11-2026&filter[duration]=7:10&filter[from]=&filter[person]=2&filter[child]=1&filter[price]=0:11000&filter[PriceFrom]=0&filter[PriceTo]=11000&filter[addCategory]=50&filter[addCatering]=1&filter[addMisc]=0&filter[addTransport]=F&filter[fp]=1&order_by=ofr_price&filter[tourOperator]=0&filter[childAge][1]=20201210","https://fly.pl/cdn/photo/assets/uploads/582/278/2014/10/Sol-Y-Mar-Naama-Bay.jpg","https://fly.pl/wycieczka/egipt,sharm-el-sheikh,c/sol-y-mar-naama-bay/ppehNEiF5APc40nILwmborAAoggym6YnPjYGJ5zhspmCUMOgAAAACbhAQAuIQEAAcAEgAqBFdFWlkw2M_71AZI3EJQQVjXCGADaglFbnRlciBBaXJqBDA4MDByQ54BlQEfAAIBHAAWBBcCEu0DGKEEE7ECFMkEEbgPQNpiTKCiAU8AS8cjUAAb3_QJHbTNBSAdDejHwgkBEmMBDWMBAwXJoj8X/ofertasv/?filter[tourOperator]=WEZY&filter%5Bperson%5D=2&filter%5BchildAge%5D%5B1%5D=20201210&filter%5Bchild%5D=1"
"Swissotel Resort El Quseir","8568.0","24.10.2026 - 31.10.2026","8 dni/7 nocy","","4.4","4.4","3131","tripadvisor","Warszawa","2026-09-07T16:35:31.558739+00:00","https://fly.pl/oferta/egipt-wczasy/?filter[dest]=11:&filter[hotelids]=&filter[cityids]=&filter[cregids]=&filter[ofrType]=&filter[addObjType]=&filter[whenFrom]=10-10-2026&filter[whenTo]=05-11-2026&filter[duration]=7:10&filter[from]=&filter[person]=2&filter[child]=1&filter[price]=0:11000&filter[PriceFrom]=0&filter[PriceTo]=11000&filter[addCategory]=50&filter[addCatering]=1&filter[addMisc]=0&filter[addTransport]=F&filter[fp]=1&order_by=ofr_price&filter[tourOperator]=0&filter[childAge][1]=20201210","https://fly.pl/cdn/photo/assets/uploads/582/278/2015/02/RADISSON-BLU-m.jpg","https://fly.pl/wycieczka/egipt,marsa-alam,al-kusajr/radisson-blu-resort-el-quseir/p_ufPnzh7i_NT4vvLKOY0hAAogUznc4aYMLrrNJL1bvwg8nKaYQYkkWuEfcVdFg92vHHIqBE9SRVgw2M_71AZI-EJQQVjXCGACagZESS4yLjFyNpsBFQcXAFwDWAVWAkDKBhHtFV2WDk8kXpnYAVO8FFIAS7EvYQBM5Yw6ILP9lwkNAAISYwECC_ELbO4/ofertasv/?filter[tourOperator]=OREX&filter%5Bperson%5D=2&filter%5BchildAge%5D%5B1%5D=20201210&filter%5Bchild%5D=1"
"Golf Villas And Suites Sharm","8576.0","27.10.2026 - 03.11.2026","8 dni/7 nocy","","4.8","4.8","356","tripadvisor","Warszawa - Modlin","2026-09-07T16:35:31.558739+00:00","https://fly.pl/oferta/egipt-wczasy/?filter[dest]=11:&filter[hotelids]=&filter[cityids]=&filter[cregids]=&filter[ofrType]=&filter[addObjType]=&filter[whenFrom]=10-10-2026&filter[whenTo]=05-11-2026&filter[duration]=7:10&filter[from]=&filter[person]=2&filter[child]=1&filter[price]=0:11000&filter[PriceFrom]=0&filter[PriceTo]=11000&filter[addCategory]=50&filter[addCatering]=1&filter[addMisc]=0&filter[addTransport]=F&filter[fp]=1&order_by=ofr_price&filter[tourOperator]=0&filter[childAge][1]=20201210","https://fly.pl/cdn/photo/assets/uploads/582/278/2014/07/Maritim-Jolie-Ville-Royal-Peninsula-fly-pl.jpg","https://fly.pl/wycieczka/egipt,sharm-el-sheikh,c/maritim-jolie-ville-royal-peninsula/p6ed8iknFE34u_7B70YnXBAAogpzidkRvKJtB-R2CTz6b2XZgpXVUQjygZk0IwIA3_YjEqBE9BU0kw2M_71AZIgENQAVifCWACagNBSWxyIRwR7q8BuQTW9g-rBAIblbQPGJOAEwH4rOulAgIAYwECDAY7-rk/ofertasv/?filter[tourOperator]=OASI&filter%5Bperson%5D=2&filter%5BchildAge%5D%5B1%5D=20201210&filter%5Bchild%5D=1"
"Bellagio Beach Resort & Spa (ex. Panorama Bungalows Hurghada)","8603.0","27.10.2026 - 03.11.2026","9 dni/7 nocy","","4.3","4.3","4466","tripadvisor","Warszawa - Modlin","2026-09-07T16:35:31.558739+00:00","https://fly.pl/oferta/egipt-wczasy/?filter[dest]=11:&filter[hotelids]=&filter[cityids]=&filter[cregids]=&filter[ofrType]=&filter[addObjType]=&filter[whenFrom]=10-10-2026&filter[whenTo]=05-11-2026&filter[duration]=7:10&filter[from]=&filter[person]=2&filter[child]=1&filter[price]=0:11000&filter[PriceFrom]=0&filter[PriceTo]=11000&filter[addCategory]=50&filter[addCatering]=1&filter[addMisc]=0&filter[addTransport]=F&filter[fp]=1&order_by=ofr_price&filter[tourOperator]=0&filter[childAge][1]=20201210","https://fly.pl/cdn/photo/assets/uploads/582/278/2014/07/Bellagio-Beach-Resort-Spa.jpg","https://fly.pl/wycieczka/egipt,hurghada,c/panorama-bungalow-resort/pF9LUvdR-OJbZKvjdmTPJqAAogoK4a5Uw56w1MYlVlKRL723-RivCO5fCdWQwfiBpU-nUqBE9BU0kw2M_71AZIm0NQAVifCWACagNBSWxyIBwR7narBP6nELkEQBuMqg4Yy4ASAfHznZkCAgBjAQIN8E2svQ/ofertasv/?filter[tourOperator]=OASI&filter%5Bperson%5D=2&filter%5BchildAge%5D%5B1%5D=20201210&filter%5Bchild%5D=1"
"Serenity Alma Heights (ex. Serenity Fun City)","8631.0","22.10.2026 - 29.10.2026","8 dni/7 nocy","","4.7","4.7","5509","tripadvisor","Warszawa - Radom","2026-09-07T16:35:31.558739+00:00","https://fly.pl/oferta/egipt-wczasy/?filter[dest]=11:&filter[hotelids]=&filter[cityids]=&filter[cregids]=&filter[ofrType]=&filter[addObjType]=&filter[whenFrom]=10-10-2026&filter[whenTo]=05-11-2026&filter[duration]=7:10&filter[from]=&filter[person]=2&filter[child]=1&filter[price]=0:11000&filter[PriceFrom]=0&filter[PriceTo]=11000&filter[addCategory]=50&filter[addCatering]=1&filter[addMisc]=0&filter[addTransport]=F&filter[fp]=1&order_by=ofr_price&filter[tourOperator]=0&filter[childAge][1]=20201210","https://fly.pl/cdn/photo/assets/uploads/582/278/2014/09/Serenity-Alma-Heights.jpg","https://fly.pl/wycieczka/egipt,hurghada,makadi-bay/serenity-fun-city/pMcNUWhClNf1XStQOlHV45AAogkv4rQTbswpKD4g-FYe-hIyWlkVtJMYzcX-uCortsPpUqBE9SRVgw2M_71AZIt0NQQVinCGACagZFQy4yLjFyNZsBFQcXAFgIVgJcCBFEQP4FXdMOT2xT0p0BUgBer09LgRJhAEzRvjogsf2XCQ0AAhJjAQIMPRn-HA/ofertasv/?filter[tourOperator]=OREX&filter%5Bperson%5D=2&filter%5BchildAge%5D%5B1%5D=20201210&filter%5Bchild%5D=1"
"Stella Di Mare Beach & Spa","8643.0","27.10.2026 - 03.11.2026","8 dni/7 nocy","","4.8","4.8","7448","tripadvisor","Katowice","2026-09-07T16:35:31.558739+00:00","https://fly.pl/oferta/egipt-wczasy/?filter[dest]=11:&filter[hotelids]=&filter[cityids]=&filter[cregids]=&filter[ofrType]=&filter[addObjType]=&filter[whenFrom]=10-10-2026&filter[whenTo]=05-11-2026&filter[duration]=7:10&filter[from]=&filter[person]=2&filter[child]=1&filter[price]=0:11000&filter[PriceFrom]=0&filter[PriceTo]=11000&filter[addCategory]=50&filter[addCatering]=1&filter[addMisc]=0&filter[addTransport]=F&filter[fp]=1&order_by=ofr_price&filter[tourOperator]=0&filter[childAge][1]=20201210","https://fly.pl/cdn/photo/assets/uploads/582/278/2014/07/Stella-Di-Mare-Beach-sharm.jpg","https://fly.pl/wycieczka/egipt,sharm-el-sheikh,szarm-el-szejk/stella-di-mare-beach-spa/p9UMsGGxxYI0gcjBfWsLpzAAogbD8yzahyDUTcIGER5cmtxJiOJRWsh6gOKZFMb9cUpAkqBE9BU0kw2M_71AZIw0NQAVifCWACagNBSStyIhwRrq8BuQTW9g-rBIABG-PVDBi78BMB-ML1mQICAGMBAgxfIo2J/ofertasv/?filter[tourOperator]=OASI&filter%5Bperson%5D=2&filter%5BchildAge%5D%5B1%5D=20201210&filter%5Bchild%5D=1"
"Charmillion Club Aqua Park","8663.0","27.10.2026 - 03.11.2026","8 dni/7 nocy","","4.6","4.6","4381","tripadvisor","Katowice","2026-09-07T16:35:31.558739+00:00","https://fly.pl/oferta/egipt-wczasy/?filter[dest]=11:&filter[hotelids]=&filter[cityids]=&filter[cregids]=&filter[ofrType]=&filter[addObjType]=&filter[whenFrom]=10-10-2026&filter[whenTo]=05-11-2026&filter[duration]=7:10&filter[from]=&filter[person]=2&filter[child]=1&filter[price]=0:11000&filter[PriceFrom]=0&filter[PriceTo]=11000&filter[addCategory]=50&filter[addCatering]=1&filter[addMisc]=0&filter[addTransport]=F&filter[fp]=1&order_by=ofr_price&filter[tourOperator]=0&filter[childAge][1]=20201210","https://fly.pl/cdn/photo/assets/uploads/582/278/2014/07/Charmillion-Club-Aqua-Park.jpg","https://fly.pl/wycieczka/egipt,sharm-el-sheikh,szarm-el-szejk/sea-club-aqua-park/pqQOhA24qzB4vo61DKxVhEAAogv47aQFzKleo4BmQRilBzBHb6-M-63DqmxRqPbNTEi2wqBE9SRVgw2M_71AZI10NQQVifCWACagVFLjIuMXI2mwEVBxcAXANYBVYCQMoGEaINXcELTyRLkrMBYQBepzBSpiBTAEyssDoNtv2XCSAAAhJjAQIMK35apQ/ofertasv/?filter[tourOperator]=OREX&filter%5Bperson%5D=2&filter%5BchildAge%5D%5B1%5D=20201210&filter%5Bchild%5D=1"
"Naama Bay Hotel & Resort","8667.0","10.10.2026 - 18.10.2026","9 dni/8 nocy","","4.4","4.4","4857","tripadvisor","Rzeszów","2026-09-07T16:35:31.558739+00:00","https://fly.pl/oferta/egipt-wczasy/?filter[dest]=11:&filter[hotelids]=&filter[cityids]=&filter[cregids]=&filter[ofrType]=&filter[addObjType]=&filter[whenFrom]=10-10-2026&filter[whenTo]=05-11-2026&filter[duration]=7:10&filter[from]=&filter[person]=2&filter[child]=1&filter[price]=0:11000&filter[PriceFrom]=0&filter[PriceTo]=11000&filter[addCategory]=50&filter[addCatering]=1&filter[addMisc]=0&filter[addTransport]=F&filter[fp]=1&order_by=ofr_price&filter[tourOperator]=0&filter[childAge][1]=20201210","https://fly.pl/cdn/photo/assets/uploads/582/278/2014/07/Naama-Bay.jpg","https://fly.pl/wycieczka/egipt,sharm-el-sheikh,c/tropitel-naama-bay/pvpmpM3yNm2-PqxldYiea2AAogYAzhFM3NUdoDhjgtG8x4aFzc0_yuNs2zTH5Q5p_9Zp8qBEpPSVAw2M_71AZI20NQQViHBmACagNDR21yQpsBFAEVBhcBXAJYBVYCQMoGT-IBXQARrcYBXrE0S48YYQBSlwhTAEyssDoNpf2XCSABAaWbhLCjiMygMAINYwEAC1fr02Y/ofertasv/?filter[tourOperator]=JOIP&filter%5Bperson%5D=2&filter%5BchildAge%5D%5B1%5D=20201210&filter%5Bchild%5D=1"
"Dreams Vacation Sharm Resort","8687.0","20.10.2026 - 27.10.2026","8 dni/7 nocy","","3.8","3.8","1165","tripadvisor","Katowice","2026-09-07T16:35:31.558739+00:00","https://fly.pl/oferta/egipt-wczasy/?filter[dest]=11:&filter[hotelids]=&filter[cityids]=&filter[cregids]=&filter[ofrType]=&filter[addObjType]=&filter[whenFrom]=10-10-2026&filter[whenTo]=05-11-2026&filter[duration]=7:10&filter[from]=&filter[person]=2&filter[child]=1&filter[price]=0:11000&filter[PriceFrom]=0&filter[PriceTo]=11000&filter[addCategory]=50&filter[addCatering]=1&filter[addMisc]=0&filter[addTransport]=F&filter[fp]=1&order_by=ofr_price&filter[tourOperator]=0&filter[childAge][1]=20201210","https://fly.pl/cdn/photo/assets/uploads/582/278/2014/07/Dreams-Vacation-fly-pl.jpg","https://fly.pl/wycieczka/egipt,sharm-el-sheikh,szarm-el-szejk/dreams-vacation/pNR7qqfxbm85YanbfzhJRQAAogF5_sMG2MTXoXa6YjBlH1PTgHFGv2XCqyRbFM8UjjAmMqBEVYSU0w2M_71AZI70NQAVj3B2ACagJBSXIjHBGcuwa5BNmFPqsE46cHG63iKBjr9zYBuZe4qgsCAGMBAgtePLgF/ofertasv/?filter[tourOperator]=EXIM&filter%5Bperson%5D=2&filter%5BchildAge%5D%5B1%5D=20201210&filter%5Bchild%5D=1"
"Sunrise Select Garden Beach Resort & Spa","8689.0","27.10.2026 - 03.11.2026","9 dni/7 nocy","","4.7","4.7","9739","tripadvisor","Warszawa - Modlin","2026-09-07T16:35:31.558739+00:00","https://fly.pl/oferta/egipt-wczasy/?filter[dest]=11:&filter[hotelids]=&filter[cityids]=&filter[cregids]=&filter[ofrType]=&filter[addObjType]=&filter[whenFrom]=10-10-2026&filter[whenTo]=05-11-2026&filter[duration]=7:10&filter[from]=&filter[person]=2&filter[child]=1&filter[price]=0:11000&filter[PriceFrom]=0&filter[PriceTo]=11000&filter[addCategory]=50&filter[addCatering]=1&filter[addMisc]=0&filter[addTransport]=F&filter[fp]=1&order_by=ofr_price&filter[tourOperator]=0&filter[childAge][1]=20201210","https://fly.pl/cdn/photo/assets/uploads/582/278/2014/09/Sunrise-Garden-Beach-Resort-Spa.jpg","https://fly.pl/wycieczka/egipt,hurghada,c/sunrise-select-garden-beach-resort-spa/p3cD4x4CcRcT0KJb9D6wzFAAogiNbB6u5YOM7cOzK8gs4uD3-RivCO5fCdWQwfiBpU-nUqBE9BU0kw2M_71AZI8UNQAVifCWACagNBSWxyIRwRr8ABqwS93g-5BEAbr8EPGMeEEwGYybemAgIAYwECCydOZv0/ofertasv/?filter[tourOperator]=OASI&filter%5Bperson%5D=2&filter%5BchildAge%5D%5B1%5D=20201210&filter%5Bchild%5D=1"
"Jaz Aquaviva","8717.0","29.10.2026 - 05.11.2026","9 dni/7 nocy","","4.7","4.7","10804","tripadvisor","Wrocław","2026-09-07T16:35:31.558739+00:00","https://fly.pl/oferta/egipt-wczasy/?filter[dest]=11:&filter[hotelids]=&filter[cityids]=&filter[cregids]=&filter[ofrType]=&filter[addObjType]=&filter[whenFrom]=10-10-2026&filter[whenTo]=05-11-2026&filter[duration]=7:10&filter[from]=&filter[person]=2&filter[child]=1&filter[price]=0:11000&filter[PriceFrom]=0&filter[PriceTo]=11000&filter[addCategory]=50&filter[addCatering]=1&filter[addMisc]=0&filter[addTransport]=F&filter[fp]=1&order_by=ofr_price&filter[tourOperator]=0&filter[childAge][1]=20201210","https://fly.pl/cdn/photo/assets/uploads/582/278/2015/07/Jaz-Aquaviva.jpg","https://fly.pl/wycieczka/egipt,hurghada,makadi-bay/jaz-makadi-aquaviva/p4jXCzQ4_381zlZ-Juk2NgAAogHX4vXBqtHAc1JKEXu12uhMLTmCcaLBzG7MsO9giG0TQqBEVYSU0w2M_71AZIjURQAVjPCWADagJBSXIkHBG7_wa5BOKnS6sEXRv7p0AY4dpHAdjagqwNARJjAQxjAQILdd7X9Q/ofertasv/?filter[tourOperator]=EXIM&filter%5Bperson%5D=2&filter%5BchildAge%5D%5B1%5D=20201210&filter%5Bchild%5D=1"
"Pickalbatros Sands Port Ghalib (ex. Red Sea Siva Sands)","8730.0","29.10.2026 - 05.11.2026","8 dni/7 nocy","","4.5","4.5","3436","tripadvisor","Gdańsk","2026-09-07T16:35:31.558739+00:00","https://fly.pl/oferta/egipt-wczasy/?filter[dest]=11:&filter[hotelids]=&filter[cityids]=&filter[cregids]=&filter[ofrType]=&filter[addObjType]=&filter[whenFrom]=10-10-2026&filter[whenTo]=05-11-2026&filter[duration]=7:10&filter[from]=&filter[person]=2&filter[child]=1&filter[price]=0:11000&filter[PriceFrom]=0&filter[PriceTo]=11000&filter[addCategory]=50&filter[addCatering]=1&filter[addMisc]=0&filter[addTransport]=F&filter[fp]=1&order_by=ofr_price&filter[tourOperator]=0&filter[childAge][1]=20201210","https://fly.pl/cdn/photo/assets/uploads/582/278/2014/07/PICKALBATROS-SANDS-PORT-GHALIB.jpg","https://fly.pl/wycieczka/egipt,marsa-alam,port-ghalib/crowne-plaza-sahara-sands-resort/p6chWkpNAXfI8UjHS2PmxKAAogsR4ydqJ5NOev-6nOR_tMtK9NavJIEQ7cRTnMfv2CSMIqBEJWUFIw2M_71AZImkRQAVjPCWACag1BbGwgaW5jbHVzaXZlciAcEc83G9fQBhjVkg-rBKvMFbkEKAHGl9X3AQIAYwECBRUuwdo/ofertasv/?filter[tourOperator]=BVPR&filter%5Bperson%5D=2&filter%5BchildAge%5D%5B1%5D=20201210&filter%5Bchild%5D=1"
"Amarina Sun Resort & Aqua Park (ex. Raouf Sun International Aqua Park & SPA)","8758.0","26.10.2026 - 03.11.2026","9 dni/8 nocy","","3.8","3.8","325","tripadvisor","Rzeszów","2026-09-07T16:35:31.558739+00:00","https://fly.pl/oferta/egipt-wczasy/?filter[dest]=11:&filter[hotelids]=&filter[cityids]=&filter[cregids]=&filter[ofrType]=&filter[addObjType]=&filter[whenFrom]=10-10-2026&filter[whenTo]=05-11-2026&filter[duration]=7:10&filter[from]=&filter[person]=2&filter[child]=1&filter[price]=0:11000&filter[PriceFrom]=0&filter[PriceTo]=11000&filter[addCategory]=50&filter[addCatering]=1&filter[addMisc]=0&filter[addTransport]=F&filter[fp]=1&order_by=ofr_price&filter[tourOperator]=0&filter[childAge][1]=20201210","https://fly.pl/cdn/photo/assets/uploads/582/278/2024/07/raouf-sun-international-aqua-park-spa.jpg","https://fly.pl/wycieczka/egipt,sharm-el-sheikh,szarm-el-szejk/raouf-international-aqua-park-spa-14/pny4qDYXESsnNjvgAIbfJWAAogDMzrR9iJSSW0yhRwXrgWA6kkrW28Kuab3WP9bVgjjv8qBEpPSVAw2M_71AZItkRQQViHCWACagMxMm9yQ5sBFAEVBhcBXAJYBVYCQMoGT-IBXQBe3voBS48YYQBSlwhTABGWrAFMloQ5DbX9lwkgAQG3y-SwpIjMoDACDWMBAAx0RIIP/ofertasv/?filter[tourOperator]=JOIP&filter%5Bperson%5D=2&filter%5BchildAge%5D%5B1%5D=20201210&filter%5Bchild%5D=1"
"Safir Sharm Waterfalls Resort (ex Hilton Waterfalls Resort)","8793.0","13.10.2026 - 20.10.2026","8 dni/7 nocy","","4.4","4.4","1219","tripadvisor","Katowice","2026-09-07T16:35:31.558739+00:00","https://fly.pl/oferta/egipt-wczasy/?filter[dest]=11:&filter[hotelids]=&filter[cityids]=&filter[cregids]=&filter[ofrType]=&filter[addObjType]=&filter[whenFrom]=10-10-2026&filter[whenTo]=05-11-2026&filter[duration]=7:10&filter[from]=&filter[person]=2&filter[child]=1&filter[price]=0:11000&filter[PriceFrom]=0&filter[PriceTo]=11000&filter[addCategory]=50&filter[addCatering]=1&filter[addMisc]=0&filter[addTransport]=F&filter[fp]=1&order_by=ofr_price&filter[tourOperator]=0&filter[childAge][1]=20201210","https://fly.pl/cdn/photo/assets/uploads/582/278/2014/07/Hilton-Sharm-Waterfalls-Resort-fly-pl-4.jpg","https://fly.pl/wycieczka/egipt,sharm-el-sheikh,c/hilton-sharm-waterfalls-resort/p7U1MaY7yWvjOXmx7ajKpVAAogG6pSrfCbl5tZqOB6i-LIv1ATkd0Et3pHZ-B5Uah2j-0qBEpPSVAw2M_71AZI2URQQVjPBmACagNDR21yQpsBFAEVBhcAXANYBVYCQMoGT-IBXQARwsYBS_UDYQBepzBSpiBTAEyssDoNqP2XCSAAAZ_dhKDliMygMAINYwEAC-Z1pBE/ofertasv/?filter[tourOperator]=JOIP&filter%5Bperson%5D=2&filter%5BchildAge%5D%5B1%5D=20201210&filter%5Bchild%5D=1"
"Red Sea Grand Waterworld Makadi (ex. Sunwing Waterworld Makadi)","8840.0","15.10.2026 - 22.10.2026","8 dni/6 nocy","","4.5","4.5","5549","tripadvisor","Katowice","2026-09-07T16:35:31.558739+00:00","https://fly.pl/oferta/egipt-wczasy/?filter[dest]=11:&filter[hotelids]=&filter[cityids]=&filter[cregids]=&filter[ofrType]=&filter[addObjType]=&filter[whenFrom]=10-10-2026&filter[whenTo]=05-11-2026&filter[duration]=7:10&filter[from]=&filter[person]=2&filter[child]=1&filter[price]=0:11000&filter[PriceFrom]=0&filter[PriceTo]=11000&filter[addCategory]=50&filter[addCatering]=1&filter[addMisc]=0&filter[addTransport]=F&filter[fp]=1&order_by=ofr_price&filter[tourOperator]=0&filter[childAge][1]=20201210","https://fly.pl/cdn/photo/assets/uploads/582/278/2017/06/Red-Sea-Grand-Waterworld-Makadi.jpg","https://fly.pl/wycieczka/egipt,hurghada,makadi-bay/sunwing-waterworld-makadi/pBxun7bHYr8HQjm3t82idZAAogoB6Zp15XFpCtyTZTS8jCf4byV7bYFyIfHmV32_hhb9wqA0VUSTDYz_vUBkiIRVBBWP8GYAJyMRUGFwFcA1gFVgJA-wdbw4UBU50mUgBLiB9hAF6nMA38zdIJIAFRiOC99gMCEmMBAgpovW1G/ofertasv/?filter[tourOperator]=ETI&filter%5Bperson%5D=2&filter%5BchildAge%5D%5B1%5D=20201210&filter%5Bchild%5D=1"
"Pharaoh Azur Resort (ex Sonesta Pharaoh Beach Resort)","8853.0","29.10.2026 - 05.11.2026","8 dni/7 nocy","","4.5","4.5","2757","tripadvisor","Katowice","2026-09-07T16:35:31.558739+00:00","https://fly.pl/oferta/egipt-wczasy/?filter[dest]=11:&filter[hotelids]=&filter[cityids]=&filter[cregids]=&filter[ofrType]=&filter[addObjType]=&filter[whenFrom]=10-10-2026&filter[whenTo]=05-11-2026&filter[duration]=7:10&filter[from]=&filter[person]=2&filter[child]=1&filter[price]=0:11000&filter[PriceFrom]=0&filter[PriceTo]=11000&filter[addCategory]=50&filter[addCatering]=1&filter[addMisc]=0&filter[addTransport]=F&filter[fp]=1&order_by=ofr_price&filter[tourOperator]=0&filter[childAge][1]=20201210","https://fly.pl/cdn/photo/assets/uploads/582/278/2014/07/Pharaoh-Azur-Resort.jpg","https://fly.pl/wycieczka/egipt,hurghada,c/sonesta-pharaoh/pq8gyN9LRNMQWTGHb7C4RwAAogWnl8UuPpVz6Uug6yKiU47wAAAACBhwQAHroEAAcAAAAqBFdFWlkw2M_71AZIlUVQQVjPCWADaglFbnRlciBBaXJqBDAwMTVqBDAwMDBqBDAwMDByQZ4BlAGVAZgBHwAcAQIAFgQXAhGxARKlAxPvCEDVc0zLMk8AS4gfUAAbyr0BHcP-DiCdZQ2H3cEJARJjAQ5jAQIFfTjstA/ofertasv/?filter[tourOperator]=WEZY&filter%5Bperson%5D=2&filter%5BchildAge%5D%5B1%5D=20201210&filter%5Bchild%5D=1"
"Seven Seas Jolie Bay","8894.0","29.10.2026 - 05.11.2026","8 dni/7 nocy","","4.6","4.6","1516","tripadvisor","Katowice","2026-09-07T16:35:31.558739+00:00","https://fly.pl/oferta/egipt-wczasy/?filter[dest]=11:&filter[hotelids]=&filter[cityids]=&filter[cregids]=&filter[ofrType]=&filter[addObjType]=&filter[whenFrom]=10-10-2026&filter[whenTo]=05-11-2026&filter[duration]=7:10&filter[from]=&filter[person]=2&filter[child]=1&filter[price]=0:11000&filter[PriceFrom]=0&filter[PriceTo]=11000&filter[addCategory]=50&filter[addCatering]=1&filter[addMisc]=0&filter[addTransport]=F&filter[fp]=1&order_by=ofr_price&filter[tourOperator]=0&filter[childAge][1]=20201210","https://fly.pl/cdn/photo/assets/uploads/582/278/2022/03/Aqua-Mondo-Abu-Soma-Resort.jpg","https://fly.pl/wycieczka/egipt,hurghada,soma-bay/aqua-mondo-resort-14/pWgtDexT_aqvIUf5di6wMgAAoguRz_osIhMSOgy4z2Ag5HLgAAAACBhwQAHroEAAcAAAAqBFdFWlkw2M_71AZIvkVQQVjPCWADaglFbnRlciBBaXJqBDAwMTVqBDAwMDBqBDAwMDByQp4BlAGVAZgBHwACARYAHAAXBhLWBBPvCEDVc0_LMkwAS4gfUAAR3LMBHbGIDyCdZRv86TQNi_OMCQESYwEMYwECCy__N7Y/ofertasv/?filter[tourOperator]=WEZY&filter%5Bperson%5D=2&filter%5BchildAge%5D%5B1%5D=20201210&filter%5Bchild%5D=1"
"Gravity Hotel & Aquapark Hurghada (ex. Samra Bay Resort)","8910.0","20.10.2026 - 27.10.2026","8 dni/7 nocy","","","","","","Warszawa","2026-09-07T16:35:31.558739+00:00","https://fly.pl/oferta/egipt-wczasy/?filter[dest]=11:&filter[hotelids]=&filter[cityids]=&filter[cregids]=&filter[ofrType]=&filter[addObjType]=&filter[whenFrom]=10-10-2026&filter[whenTo]=05-11-2026&filter[duration]=7:10&filter[from]=&filter[person]=2&filter[child]=1&filter[price]=0:11000&filter[PriceFrom]=0&filter[PriceTo]=11000&filter[addCategory]=50&filter[addCatering]=1&filter[addMisc]=0&filter[addTransport]=F&filter[fp]=1&order_by=ofr_price&filter[tourOperator]=0&filter[childAge][1]=20201210","https://fly.pl/cdn/photo/assets/uploads/582/278/2017/04/Gravity-Hotel-Aquapark-Hurghada.jpg","https://fly.pl/wycieczka/egipt,hurghada,c/samra-bay-resort/p4wJH-TqB2h-S5ZojcOrpUAAoguHhLBhDzhdphd211mkSAfp-aPgbvqzMYNpZIVqwcgJMqBEpPSVAw2M_71AZIzkVQQVj3B2ACagMwMllyQpsBFAEVBhcAXANYBVYCQMoGT-IBXQBSr6sBUwBer08RuD9LtQRhAEzljDoNr_2XCSAAAayXiLiEic6gMAIOYwEADajxeQM/ofertasv/?filter[tourOperator]=JOIP&filter%5Bperson%5D=2&filter%5BchildAge%5D%5B1%5D=20201210&filter%5Bchild%5D=1"
"Jaz Mirabel Beach Resort","8927.0","27.10.2026 - 03.11.2026","8 dni/7 nocy","","4.5","4.5","7330","tripadvisor","Katowice","2026-09-07T16:35:31.558739+00:00","https://fly.pl/oferta/egipt-wczasy/?filter[dest]=11:&filter[hotelids]=&filter[cityids]=&filter[cregids]=&filter[ofrType]=&filter[addObjType]=&filter[whenFrom]=10-10-2026&filter[whenTo]=05-11-2026&filter[duration]=7:10&filter[from]=&filter[person]=2&filter[child]=1&filter[price]=0:11000&filter[PriceFrom]=0&filter[PriceTo]=11000&filter[addCategory]=50&filter[addCatering]=1&filter[addMisc]=0&filter[addTransport]=F&filter[fp]=1&order_by=ofr_price&filter[tourOperator]=0&filter[childAge][1]=20201210","https://fly.pl/cdn/photo/assets/uploads/582/278/2014/07/Jaz-Mirabel-Beach-Resort-fly-pl.jpg","https://fly.pl/wycieczka/egipt,sharm-el-sheikh,c/jaz-mirabel-beach-resort/pf7nlA62xLqAsjLFxmMlo2AAog9VEfDS_725sTMqIekHFkF5iOJRWsh6gOKZFMb9cUpAkqBE9BU0kw2M_71AZI30VQAVifCWADagNBSWxyJRwRiLABuQT89Q-rBIABG4HCDhjB_hEBzprYmQIBDGMBAGMBAgtJW2dP/ofertasv/?filter[tourOperator]=OASI&filter%5Bperson%5D=2&filter%5BchildAge%5D%5B1%5D=20201210&filter%5Bchild%5D=1"
"Monte Carlo Resort Spa","8958.0","27.10.2026 - 03.11.2026","8 dni/7 nocy","","4.4","4.4","2434","tripadvisor","Warszawa - Modlin","2026-09-07T16:35:31.558739+00:00","https://fly.pl/oferta/egipt-wczasy/?filter[dest]=11:&filter[hotelids]=&filter[cityids]=&filter[cregids]=&filter[ofrType]=&filter[addObjType]=&filter[whenFrom]=10-10-2026&filter[whenTo]=05-11-2026&filter[duration]=7:10&filter[from]=&filter[person]=2&filter[child]=1&filter[price]=0:11000&filter[PriceFrom]=0&filter[PriceTo]=11000&filter[addCategory]=50&filter[addCatering]=1&filter[addMisc]=0&filter[addTransport]=F&filter[fp]=1&order_by=ofr_price&filter[tourOperator]=0&filter[childAge][1]=20201210","https://fly.pl/cdn/photo/assets/uploads/582/278/2014/09/Monte-Carlo-Sharm-Resort-Spa.jpg","https://fly.pl/wycieczka/egipt,sharm-el-sheikh,c/monte-carlo-ex-ritz-carlton/p9HJOfKxVAPfYyMTDpdXZoAAog9CaDAQaZges2lSyAmBgsZJgpXVUQjygZk0IwIA3_YjEqBE9BU0kw2M_71AZI_kVQAVifCWACagNBSStyIRwRpa8BuQSf9w-rBAIbyuENGKbgEgHCxeKZAgIAYwECCztBJxc/ofertasv/?filter[tourOperator]=OASI&filter%5Bperson%5D=2&filter%5BchildAge%5D%5B1%5D=20201210&filter%5Bchild%5D=1"
"Red Sea Grand Makadi (Makadi Bay)","8966.0","15.10.2026 - 22.10.2026","8 dni/6 nocy","","4.4","4.4","3309","tripadvisor","Katowice","2026-09-07T16:35:31.558739+00:00","https://fly.pl/oferta/egipt-wczasy/?filter[dest]=11:&filter[hotelids]=&filter[cityids]=&filter[cregids]=&filter[ofrType]=&filter[addObjType]=&filter[whenFrom]=10-10-2026&filter[whenTo]=05-11-2026&filter[duration]=7:10&filter[from]=&filter[person]=2&filter[child]=1&filter[price]=0:11000&filter[PriceFrom]=0&filter[PriceTo]=11000&filter[addCategory]=50&filter[addCatering]=1&filter[addMisc]=0&filter[addTransport]=F&filter[fp]=1&order_by=ofr_price&filter[tourOperator]=0&filter[childAge][1]=20201210","https://fly.pl/cdn/photo/assets/uploads/582/278/2017/08/Grand-Makadi-Makadi-Bay-fly-pl-2.jpg","https://fly.pl/wycieczka/egipt,hurghada,makadi-bay/grand-makadi-makadi-bay/p7EAsxqasK_Kt3RoGyo70LAAoggKRBt6njz1joHAcejfvuMIbyV7bYFyIfHmV32_hhb9wqA0VUSTDYz_vUBkiGRlBBWP8GYAJyMRUGFwFcA1gFVgJA-wdbw4UBU50mUgBLiB9hAF6nMA38zdIJIAFRyt699gMCEmMBAgpHfC61/ofertasv/?filter[tourOperator]=ETI&filter%5Bperson%5D=2&filter%5BchildAge%5D%5B1%5D=20201210&filter%5Bchild%5D=1"
"True Beach Resort","8973.0","17.10.2026 - 24.10.2026","8 dni/7 nocy","","4.3","4.3","149","tripadvisor","Katowice","2026-09-07T16:35:31.558739+00:00","https://fly.pl/oferta/egipt-wczasy/?filter[dest]=11:&filter[hotelids]=&filter[cityids]=&filter[cregids]=&filter[ofrType]=&filter[addObjType]=&filter[whenFrom]=10-10-2026&filter[whenTo]=05-11-2026&filter[duration]=7:10&filter[from]=&filter[person]=2&filter[child]=1&filter[price]=0:11000&filter[PriceFrom]=0&filter[PriceTo]=11000&filter[addCategory]=50&filter[addCatering]=1&filter[addMisc]=0&filter[addTransport]=F&filter[fp]=1&order_by=ofr_price&filter[tourOperator]=0&filter[childAge][1]=20201210","https://fly.pl/cdn/photo/assets/uploads/582/278/2014/09/True-Beach-Resort.jpg","https://fly.pl/wycieczka/egipt,marsa-alam,c/laguna-beach-marsa-alam/pi-gCAImQfioliP-CYC4mGAAogJJU9OfTw6aO_XPL_KvITigAAAACFrQQAaK0EAAcAAQAqBFdFWlkw2M_71AZIjUZQQVivB2ADaghXaXp6IEFpcmoEMDYwMHJBngGTAR8AAgEcABYEFwIS1gQUgwQVUBjPAkCidUvTUVAAEe4ZTPUqTwAgkcMQHR0by9xjDcmZ3ggBEmMBDGMBAgWiz2oy/ofertasv/?filter[tourOperator]=WEZY&filter%5Bperson%5D=2&filter%5BchildAge%5D%5B1%5D=20201210&filter%5Bchild%5D=1"
"Dreams Beach Sharm Resort (Sharm El Sheikh)","8987.0","13.10.2026 - 20.10.2026","8 dni/7 nocy","","3.9","3.9","2645","tripadvisor","Katowice","2026-09-07T16:35:31.558739+00:00","https://fly.pl/oferta/egipt-wczasy/?filter[dest]=11:&filter[hotelids]=&filter[cityids]=&filter[cregids]=&filter[ofrType]=&filter[addObjType]=&filter[whenFrom]=10-10-2026&filter[whenTo]=05-11-2026&filter[duration]=7:10&filter[from]=&filter[person]=2&filter[child]=1&filter[price]=0:11000&filter[PriceFrom]=0&filter[PriceTo]=11000&filter[addCategory]=50&filter[addCatering]=1&filter[addMisc]=0&filter[addTransport]=F&filter[fp]=1&order_by=ofr_price&filter[tourOperator]=0&filter[childAge][1]=20201210","https://fly.pl/cdn/photo/assets/uploads/582/278/2014/07/Dreams-Beach-Resort.jpg","https://fly.pl/wycieczka/egipt,sharm-el-sheikh,szarm-el-szejk/dreams-beach-sharm-el-sheikh/pF_Krde8a8ICz2ZqG_Xb0hAAogmWsNTubVUHJiFrHADfnAJ1ATkd0Et3pHZ-B5Uah2j-0qBEpPSVAw2M_71AZIm0ZQQVjPBmACagNDR21yQpsBFAEVBhcAXANYBVYCQMoGT-IBXQAR5MYBS9MDYQBepzBSpiBTAEyssDoNqP2XCSAAAbqxxIilicygMAINYwEAC5s1u04/ofertasv/?filter[tourOperator]=JOIP&filter%5Bperson%5D=2&filter%5BchildAge%5D%5B1%5D=20201210&filter%5Bchild%5D=1"
"Cleopatra Luxury Resort (Makadi Bay)","8987.0","29.10.2026 - 05.11.2026","8 dni/7 nocy","","4.6","4.6","3181","tripadvisor","Warszawa","2026-09-07T16:35:31.558739+00:00","https://fly.pl/oferta/egipt-wczasy/?filter[dest]=11:&filter[hotelids]=&filter[cityids]=&filter[cregids]=&filter[ofrType]=&filter[addObjType]=&filter[whenFrom]=10-10-2026&filter[whenTo]=05-11-2026&filter[duration]=7:10&filter[from]=&filter[person]=2&filter[child]=1&filter[price]=0:11000&filter[PriceFrom]=0&filter[PriceTo]=11000&filter[addCategory]=50&filter[addCatering]=1&filter[addMisc]=0&filter[addTransport]=F&filter[fp]=1&order_by=ofr_price&filter[tourOperator]=0&filter[childAge][1]=20201210","https://fly.pl/cdn/photo/assets/uploads/582/278/2014/10/Cleopatra-Luxury-Resort-Makadi-Bay.jpg","https://fly.pl/wycieczka/egipt,hurghada,makadi-bay/cleopatra-luxury-resort-makadi-bay/pHri4MS_770ldEqcdggxkuAAog2HKdNp5OFjSqNzCpkNYqkxLqCxxQb8S86Hh0k4aD-ioqBE9SRVgw2M_71AZIm0ZQQVjPCWACagdJSVIuMi4xcjWbARUHFwBcA1gFVgIRDUC9Bl2bD08kU9KdAVIAXq9PS-1DYQBM5Yw6ILj9lwkNAAISYwECDDYqvCc/ofertasv/?filter[tourOperator]=OREX&filter%5Bperson%5D=2&filter%5BchildAge%5D%5B1%5D=20201210&filter%5Bchild%5D=1"
"Nubian Island","9049.0","29.10.2026 - 05.11.2026","8 dni/7 nocy","","4.7","4.7","3724","tripadvisor","Warszawa - Modlin","2026-09-07T16:35:31.558739+00:00","https://fly.pl/oferta/egipt-wczasy/?filter[dest]=11:&filter[hotelids]=&filter[cityids]=&filter[cregids]=&filter[ofrType]=&filter[addObjType]=&filter[whenFrom]=10-10-2026&filter[whenTo]=05-11-2026&filter[duration]=7:10&filter[from]=&filter[person]=2&filter[child]=1&filter[price]=0:11000&filter[PriceFrom]=0&filter[PriceTo]=11000&filter[addCategory]=50&filter[addCatering]=1&filter[addMisc]=0&filter[addTransport]=F&filter[fp]=1&order_by=ofr_price&filter[tourOperator]=0&filter[childAge][1]=20201210","https://fly.pl/cdn/photo/assets/uploads/582/278/2014/07/Nubian-Island.jpg","https://fly.pl/wycieczka/egipt,sharm-el-sheikh,c/nubian-island/pmPtkgnkptDDIgoLG-g8mTAAogHi7aekWI4xbWjSv5TW2euRstrgoMttrZgZAvN8rfQ44qBEtPTVQw2M_71AZI2UZQAVjPCWACagJBSXIfHBH1GrkE8-IBqwQDGJicBBuwiCQBgoTMHgIAYwECBmjQcuQ/ofertasv/?filter[tourOperator]=KOMT&filter%5Bperson%5D=2&filter%5BchildAge%5D%5B1%5D=20201210&filter%5Bchild%5D=1"
"Nubian Village","9050.0","29.10.2026 - 05.11.2026","8 dni/7 nocy","","4.5","4.5","4649","tripadvisor","Warszawa - Modlin","2026-09-07T16:35:31.558739+00:00","https://fly.pl/oferta/egipt-wczasy/?filter[dest]=11:&filter[hotelids]=&filter[cityids]=&filter[cregids]=&filter[ofrType]=&filter[addObjType]=&filter[whenFrom]=10-10-2026&filter[whenTo]=05-11-2026&filter[duration]=7:10&filter[from]=&filter[person]=2&filter[child]=1&filter[price]=0:11000&filter[PriceFrom]=0&filter[PriceTo]=11000&filter[addCategory]=50&filter[addCatering]=1&filter[addMisc]=0&filter[addTransport]=F&filter[fp]=1&order_by=ofr_price&filter[tourOperator]=0&filter[childAge][1]=20201210","https://fly.pl/cdn/photo/assets/uploads/582/278/2014/07/Nubian-Village-fly-pl.jpg","https://fly.pl/wycieczka/egipt,sharm-el-sheikh,c/nubian-village/p6f4Fr9O8LzroF2mc2bvK_AAogfpbH7VaOkzsJvU6mgPlPoRstrgoMttrZgZAvN8rfQ44qBEtPTVQw2M_71AZI2kZQAVjPCWACagJBSXIfHBH2GrkE8uIBqwQDGMCbBBu0iSQBwpXLHgIAYwECBvhCV1s/ofertasv/?filter[tourOperator]=KOMT&filter%5Bperson%5D=2&filter%5BchildAge%5D%5B1%5D=20201210&filter%5Bchild%5D=1"
"V Hotel Sharm","9070.0","25.10.2026 - 01.11.2026","8 dni/7 nocy","","4.2","4.2","2108","tripadvisor","Katowice","2026-09-07T16:35:31.558739+00:00","https://fly.pl/oferta/egipt-wczasy/?filter[dest]=11:&filter[hotelids]=&filter[cityids]=&filter[cregids]=&filter[ofrType]=&filter[addObjType]=&filter[whenFrom]=10-10-2026&filter[whenTo]=05-11-2026&filter[duration]=7:10&filter[from]=&filter[person]=2&filter[child]=1&filter[price]=0:11000&filter[PriceFrom]=0&filter[PriceTo]=11000&filter[addCategory]=50&filter[addCatering]=1&filter[addMisc]=0&filter[addTransport]=F&filter[fp]=1&order_by=ofr_price&filter[tourOperator]=0&filter[childAge][1]=20201210","https://fly.pl/cdn/photo/assets/uploads/582/278/2017/08/Pyramisa-Beach-Resort.jpg","https://fly.pl/wycieczka/egipt,sharm-el-sheikh,szarm-el-szejk/dessole-pyramisa-egipt-sharm-el-sheikh-egipt/pcNNjE4gy-JHB4Fn0ePLsIAAogmI1RKUwJn9V8nWNmA3gVlv-8lKSM_XY3X6eU8q1GIdEqBE9BU0kw2M_71AZI7kZQAVjvCGACagNBSWxyIRwR7a8BqwSqqxC5BCsb7IIMGOaQFAHVz5upAgIAYwECCyElYmg/ofertasv/?filter[tourOperator]=OASI&filter%5Bperson%5D=2&filter%5BchildAge%5D%5B1%5D=20201210&filter%5Bchild%5D=1"
"Jaz Makadi Oasis Resort","9097.0","29.10.2026 - 05.11.2026","9 dni/7 nocy","","4.7","4.7","5349","tripadvisor","Wrocław","2026-09-07T16:35:31.558739+00:00","https://fly.pl/oferta/egipt-wczasy/?filter[dest]=11:&filter[hotelids]=&filter[cityids]=&filter[cregids]=&filter[ofrType]=&filter[addObjType]=&filter[whenFrom]=10-10-2026&filter[whenTo]=05-11-2026&filter[duration]=7:10&filter[from]=&filter[person]=2&filter[child]=1&filter[price]=0:11000&filter[PriceFrom]=0&filter[PriceTo]=11000&filter[addCategory]=50&filter[addCatering]=1&filter[addMisc]=0&filter[addTransport]=F&filter[fp]=1&order_by=ofr_price&filter[tourOperator]=0&filter[childAge][1]=20201210","https://fly.pl/cdn/photo/assets/uploads/582/278/2015/04/Jaz-Makadi-Oasis.jpg","https://fly.pl/wycieczka/egipt,hurghada,makadi-bay/iberotel-makadi-club-oasis/pj95bvjUE6-LDXx-LZvz7FAAogpiHj9S9Aapc7qf8ZntQZC8LTmCcaLBzG7MsO9giG0TQqBEVYSU0w2M_71AZIiUdQAVjPCWADagJBSXIkHBG__wa5BN6nS6sEXRvNqUAY0NpHAa2RiKwNARJjAQxjAQILt6wV2A/ofertasv/?filter[tourOperator]=EXIM&filter%5Bperson%5D=2&filter%5BchildAge%5D%5B1%5D=20201210&filter%5Bchild%5D=1"
"Amarina Star Resort & Aqua Park (ex. Raouf Star)","9115.0","26.10.2026 - 03.11.2026","9 dni/8 nocy","","4.1","4.1","101","tripadvisor","Rzeszów","2026-09-07T16:35:31.558739+00:00","https://fly.pl/oferta/egipt-wczasy/?filter[dest]=11:&filter[hotelids]=&filter[cityids]=&filter[cregids]=&filter[ofrType]=&filter[addObjType]=&filter[whenFrom]=10-10-2026&filter[whenTo]=05-11-2026&filter[duration]=7:10&filter[from]=&filter[person]=2&filter[child]=1&filter[price]=0:11000&filter[PriceFrom]=0&filter[PriceTo]=11000&filter[addCategory]=50&filter[addCatering]=1&filter[addMisc]=0&filter[addTransport]=F&filter[fp]=1&order_by=ofr_price&filter[tourOperator]=0&filter[childAge][1]=20201210","https://fly.pl/cdn/photo/assets/uploads/582/278/2023/04/Amarina-Star-Resort-Aqua-Park.jpg","https://fly.pl/wycieczka/egipt,sharm-el-sheikh,szarm-el-szejk/raouf-star-15/pgx_4gJ4GRYHCqMjV0rdPyAAogn7JU-pwN9yb_q1ZQWVeu5akkrW28Kuab3WP9bVgjjv8qBEpPSVAw2s_71AZIm0dQQViHCWACagMxMm9yQ5sBFAEVBhcBXAJYBVYCQMoGT-IBXQBe3voBS48YYQBSlwhTABG9ywFM7-Q4DbX9lwkgAQGPz-DIpIjMoDACDWMBAAwC7siZ/ofertasv/?filter[tourOperator]=JOIP&filter%5Bperson%5D=2&filter%5BchildAge%5D%5B1%5D=20201210&filter%5Bchild%5D=1"
"Continental (ex Movenpick Resort)","9124.0","25.10.2026 - 01.11.2026","8 dni/7 nocy","","4.5","4.5","4163","tripadvisor","Wrocław","2026-09-07T16:35:31.558739+00:00","https://fly.pl/oferta/egipt-wczasy/?filter[dest]=11:&filter[hotelids]=&filter[cityids]=&filter[cregids]=&filter[ofrType]=&filter[addObjType]=&filter[whenFrom]=10-10-2026&filter[whenTo]=05-11-2026&filter[duration]=7:10&filter[from]=&filter[person]=2&filter[child]=1&filter[price]=0:11000&filter[PriceFrom]=0&filter[PriceTo]=11000&filter[addCategory]=50&filter[addCatering]=1&filter[addMisc]=0&filter[addTransport]=F&filter[fp]=1&order_by=ofr_price&filter[tourOperator]=0&filter[childAge][1]=20201210","https://fly.pl/cdn/photo/assets/uploads/582/278/2014/09/Continental-Resort.jpg","https://fly.pl/wycieczka/egipt,hurghada,c/movenpick-resort-hurghada-ex-continental-resort/pwSPUmUoIktPhiMRsnCltMAAogiLkqGXi5_5f9DkNbllmv1JIDGsIF8IwQR8cbEu5XohYqBE9BU0kw2s_71AZIpEdQAVjvCGACagNBSWxyIBwRxnarBOyoELkEGxuh1w8YyZoTAZmkjqsCAgBjAQQLUm1gZg/ofertasv/?filter[tourOperator]=OASI&filter%5Bperson%5D=2&filter%5BchildAge%5D%5B1%5D=20201210&filter%5Bchild%5D=1"
"Jaz Mirabel Park","9131.0","13.10.2026 - 20.10.2026","8 dni/7 nocy","","4.4","4.4","4043","tripadvisor","Katowice","2026-09-07T16:35:31.558739+00:00","https://fly.pl/oferta/egipt-wczasy/?filter[dest]=11:&filter[hotelids]=&filter[cityids]=&filter[cregids]=&filter[ofrType]=&filter[addObjType]=&filter[whenFrom]=10-10-2026&filter[whenTo]=05-11-2026&filter[duration]=7:10&filter[from]=&filter[person]=2&filter[child]=1&filter[price]=0:11000&filter[PriceFrom]=0&filter[PriceTo]=11000&filter[addCategory]=50&filter[addCatering]=1&filter[addMisc]=0&filter[addTransport]=F&filter[fp]=1&order_by=ofr_price&filter[tourOperator]=0&filter[childAge][1]=20201210","https://fly.pl/cdn/photo/assets/uploads/582/278/2014/07/Jaz-Mirabel-Park-fly-pl.jpg","https://fly.pl/wycieczka/egipt,sharm-el-sheikh,c/jaz-mirabel-park/pJWsfmCVm83_eo9-fe9Py1AAog0u1tr9KxpdRBOmvdv5vIoVATkd0Et3pHZ-B5Uah2j-0qBEpPSVAw2s_71AZIq0dQQVjPBmACckMUARUGFwBcA1gFVgJAygZP4gFdAFvyAhGlwwFLoARhAF6nMFKmIFMATKywOg2o_ZcJIAABvru4kIOJzKAwAg1jAQAMLjJl6g/ofertasv/?filter[tourOperator]=JOIP&filter%5Bperson%5D=2&filter%5BchildAge%5D%5B1%5D=20201210&filter%5Bchild%5D=1"
"Fantazia Resort","9194.0","10.10.2026 - 17.10.2026","8 dni/7 nocy","","4.4","4.4","5979","tripadvisor","Warszawa","2026-09-07T16:35:31.558739+00:00","https://fly.pl/oferta/egipt-wczasy/?filter[dest]=11:&filter[hotelids]=&filter[cityids]=&filter[cregids]=&filter[ofrType]=&filter[addObjType]=&filter[whenFrom]=10-10-2026&filter[whenTo]=05-11-2026&filter[duration]=7:10&filter[from]=&filter[person]=2&filter[child]=1&filter[price]=0:11000&filter[PriceFrom]=0&filter[PriceTo]=11000&filter[addCategory]=50&filter[addCatering]=1&filter[addMisc]=0&filter[addTransport]=F&filter[fp]=1&order_by=ofr_price&filter[tourOperator]=0&filter[childAge][1]=20201210","https://fly.pl/cdn/photo/assets/uploads/582/278/2016/11/Fantazia-Resort.jpg","https://fly.pl/wycieczka/egipt,marsa-alam,c/fantazia-resort/ptUZ0rDG3_Os4fDb374Wi6AAogcVbi6MAzN4F2O-ADYf2Thy063im2E1E-fA40Cv_wUOwqBE9SRVgw2s_71AZI6kdQQViHBmACagZEUS4yLjFyNpsBFQcXAFwDWAVWAkDKBhG0C13PGE8kXpnYAVO8FFIAS7EvYQBM5Yw6IKX9lwkNAAISYwECDb7HMGk/ofertasv/?filter[tourOperator]=OREX&filter%5Bperson%5D=2&filter%5BchildAge%5D%5B1%5D=20201210&filter%5Bchild%5D=1"
"Pickalbatros Palace Resort","9197.0","27.10.2026 - 03.11.2026","9 dni/7 nocy","","4.5","4.5","935","tripadvisor","Warszawa - Modlin","2026-09-07T16:35:31.558739+00:00","https://fly.pl/oferta/egipt-wczasy/?filter[dest]=11:&filter[hotelids]=&filter[cityids]=&filter[cregids]=&filter[ofrType]=&filter[addObjType]=&filter[whenFrom]=10-10-2026&filter[whenTo]=05-11-2026&filter[duration]=7:10&filter[from]=&filter[person]=2&filter[child]=1&filter[price]=0:11000&filter[PriceFrom]=0&filter[PriceTo]=11000&filter[addCategory]=50&filter[addCatering]=1&filter[addMisc]=0&filter[addTransport]=F&filter[fp]=1&order_by=ofr_price&filter[tourOperator]=0&filter[childAge][1]=20201210","https://fly.pl/cdn/photo/assets/uploads/582/278/2014/09/Albatros-Palace-fly-pl-4.jpg","https://fly.pl/wycieczka/egipt,hurghada,c/albatros-palace/pFky8kruevscnZ1E1MT_pOAAogRdaG-wzKfm9Vgz9BqB-GZJeMXePUQkpobZ-BQI6-nbQqBEVYSU0w2s_71AZI7UdQAVifCWACagJBSXIhHBGk-AarBJ2wS7kERRuw-zcYgKJTAZ7_-MYNAgBjAQIMPsa6Ug/ofertasv/?filter[tourOperator]=EXIM&filter%5Bperson%5D=2&filter%5BchildAge%5D%5B1%5D=20201210&filter%5Bchild%5D=1"
"Naama Bay Promenade Beach Resort","9212.0","27.10.2026 - 03.11.2026","8 dni/7 nocy","","4.2","4.2","1287","tripadvisor","Warszawa - Modlin","2026-09-07T16:35:31.558739+00:00","https://fly.pl/oferta/egipt-wczasy/?filter[dest]=11:&filter[hotelids]=&filter[cityids]=&filter[cregids]=&filter[ofrType]=&filter[addObjType]=&filter[whenFrom]=10-10-2026&filter[whenTo]=05-11-2026&filter[duration]=7:10&filter[from]=&filter[person]=2&filter[child]=1&filter[price]=0:11000&filter[PriceFrom]=0&filter[PriceTo]=11000&filter[addCategory]=50&filter[addCatering]=1&filter[addMisc]=0&filter[addTransport]=F&filter[fp]=1&order_by=ofr_price&filter[tourOperator]=0&filter[childAge][1]=20201210","https://fly.pl/cdn/photo/assets/uploads/582/278/2021/07/Naama-Bay-Promenade-Beach-Resort.jpg","https://fly.pl/wycieczka/egipt,sharm-el-sheikh,szarm-el-szejk/naama-bay-promenade-beach-resort-10/pIMjwrF6uqJQ5vjwceDvWLAAogLyj-vfZI7Mo0Qxg8dPkICJgpXVUQjygZk0IwIA3_YjEqBE9BU0kw2s_71AZI_EdQAVifCWACagNBSWxyIRwRqq8BuQSa9w-rBAIb2uYMGNjbEwGjkd2ZAgIAYwECC-HVAcc/ofertasv/?filter[tourOperator]=OASI&filter%5Bperson%5D=2&filter%5BchildAge%5D%5B1%5D=20201210&filter%5Bchild%5D=1"
"Pickalbatros Citadel Sahl Hasheesh (ex. Citadel Azur Resort)","9227.0","27.10.2026 - 03.11.2026","9 dni/7 nocy","","4.5","4.5","4859","tripadvisor","Warszawa - Modlin","2026-09-07T16:35:31.558739+00:00","https://fly.pl/oferta/egipt-wczasy/?filter[dest]=11:&filter[hotelids]=&filter[cityids]=&filter[cregids]=&filter[ofrType]=&filter[addObjType]=&filter[whenFrom]=10-10-2026&filter[whenTo]=05-11-2026&filter[duration]=7:10&filter[from]=&filter[person]=2&filter[child]=1&filter[price]=0:11000&filter[PriceFrom]=0&filter[PriceTo]=11000&filter[addCategory]=50&filter[addCatering]=1&filter[addMisc]=0&filter[addTransport]=F&filter[fp]=1&order_by=ofr_price&filter[tourOperator]=0&filter[childAge][1]=20201210","https://fly.pl/cdn/photo/assets/uploads/582/278/2014/07/Albatros-Citadel-Sahl-Hasheesh-ex.-Citadel-Azur-Resort-fly-pl.jpg","https://fly.pl/wycieczka/egipt,hurghada,c/citadel-azur-resort/py22Eg7ZZGTmzenKxK0qQCAAogzbLC0laPuFAL-WtZgzTNlZeMXePUQkpobZ-BQI6-nbQqBEVYSU0w2s_71AZIi0hQAVifCWACagJBSXIhHBGh-AarBKCwS7kERRuM-zcYjKNTAdO7_MYNAgBjAQIM9AfEQQ/ofertasv/?filter[tourOperator]=EXIM&filter%5Bperson%5D=2&filter%5BchildAge%5D%5B1%5D=20201210&filter%5Bchild%5D=1"
"Palm Royale Soma Bay","9236.0","25.10.2026 - 01.11.2026","8 dni/7 nocy","","4.7","4.7","7180","tripadvisor","Wrocław","2026-09-07T16:35:31.558739+00:00","https://fly.pl/oferta/egipt-wczasy/?filter[dest]=11:&filter[hotelids]=&filter[cityids]=&filter[cregids]=&filter[ofrType]=&filter[addObjType]=&filter[whenFrom]=10-10-2026&filter[whenTo]=05-11-2026&filter[duration]=7:10&filter[from]=&filter[person]=2&filter[child]=1&filter[price]=0:11000&filter[PriceFrom]=0&filter[PriceTo]=11000&filter[addCategory]=50&filter[addCatering]=1&filter[addMisc]=0&filter[addTransport]=F&filter[fp]=1&order_by=ofr_price&filter[tourOperator]=0&filter[childAge][1]=20201210","https://fly.pl/cdn/photo/assets/uploads/582/278/2014/09/Palm-Royale-Resort-Soma-Bay.jpg","https://fly.pl/wycieczka/egipt,hurghada,soma-bay/palm-royale-soma-bay/pF2OqHgSawSL3PrHbD90X6AAog0XA69UpVlh-xuyLPqLPITZIDGsIF8IwQR8cbEu5XohYqBE9BU0kw2s_71AZIlEhQAVjvCGACagNBSWxyIRwRkMUBqwSi2g-5BBsbzN0PGLmjEwG_1P-mAgIAYwEDDf3W1Lo/ofertasv/?filter[tourOperator]=OASI&filter%5Bperson%5D=2&filter%5BchildAge%5D%5B1%5D=20201210&filter%5Bchild%5D=1"
"Ancient Sands Golf Resort","9252.0","29.10.2026 - 05.11.2026","8 dni/7 nocy","","4.8","4.8","3352","tripadvisor","Warszawa","2026-09-07T16:35:31.558739+00:00","https://fly.pl/oferta/egipt-wczasy/?filter[dest]=11:&filter[hotelids]=&filter[cityids]=&filter[cregids]=&filter[ofrType]=&filter[addObjType]=&filter[whenFrom]=10-10-2026&filter[whenTo]=05-11-2026&filter[duration]=7:10&filter[from]=&filter[person]=2&filter[child]=1&filter[price]=0:11000&filter[PriceFrom]=0&filter[PriceTo]=11000&filter[addCategory]=50&filter[addCatering]=1&filter[addMisc]=0&filter[addTransport]=F&filter[fp]=1&order_by=ofr_price&filter[tourOperator]=0&filter[childAge][1]=20201210","https://fly.pl/cdn/photo/assets/uploads/582/278/2019/05/Ancient-Sands-Golf-Resort.jpg","https://fly.pl/wycieczka/egipt,hurghada,al-dzuna/ancient-sands-el-gouna/pD3hEk8TRqMmLmilCcJwH-AAogOKRy10QYgWXTirqo4cHeThLqCxxQb8S86Hh0k4aD-ioqBE9SRVgw2s_71AZIpEhQQVjPCWACagVZLjIuMXI1mwEVBxcAXANYBVYCEQVAxQZdmw9PJFPSnQFSAF6vT0vtQ2EATOWMOiC4_ZcJDQACEmMBAgyLt7Rg/ofertasv/?filter[tourOperator]=OREX&filter%5Bperson%5D=2&filter%5BchildAge%5D%5B1%5D=20201210&filter%5Bchild%5D=1"
"Akassia Swiss Resort (ex. Calimera Club Akassia Swiss Resort)","9265.0","27.10.2026 - 03.11.2026","8 dni/7 nocy","","4.6","4.6","2597","tripadvisor","Łódź","2026-09-07T16:35:31.558739+00:00","https://fly.pl/oferta/egipt-wczasy/?filter[dest]=11:&filter[hotelids]=&filter[cityids]=&filter[cregids]=&filter[ofrType]=&filter[addObjType]=&filter[whenFrom]=10-10-2026&filter[whenTo]=05-11-2026&filter[duration]=7:10&filter[from]=&filter[person]=2&filter[child]=1&filter[price]=0:11000&filter[PriceFrom]=0&filter[PriceTo]=11000&filter[addCategory]=50&filter[addCatering]=1&filter[addMisc]=0&filter[addTransport]=F&filter[fp]=1&order_by=ofr_price&filter[tourOperator]=0&filter[childAge][1]=20201210","https://fly.pl/cdn/photo/assets/uploads/582/278/2014/09/Akassia-Swiss-Resort.jpg","https://fly.pl/wycieczka/egipt,marsa-alam,c/calimera-club-akassia-swiss-resort/plMSXJ_1w7BPLRrHiB3ZOsAAogFfIFvKqaXuHVUM7GtcXPeQAAAABxqAQAK7cEAAcAAQAqBFdFWlkw2s_71AZIsUhQQVifCWADaglFbnRlciBBaXJyQ54BHwACARwAFgQXAhLrAhWABRiQAxNuFLwFEcgfQK1QUPJWSwBMxD9PAB2auRAguh0bgbIEDfewvQkBEmMBDGMBAgV-WuTE/ofertasv/?filter[tourOperator]=WEZY&filter%5Bperson%5D=2&filter%5BchildAge%5D%5B1%5D=20201210&filter%5Bchild%5D=1"
"Domina Coral Bay Bella Vista","9266.0","27.10.2026 - 03.11.2026","8 dni/7 nocy","","4.2","4.2","12412","tripadvisor","Katowice","2026-09-07T16:35:31.558739+00:00","https://fly.pl/oferta/egipt-wczasy/?filter[dest]=11:&filter[hotelids]=&filter[cityids]=&filter[cregids]=&filter[ofrType]=&filter[addObjType]=&filter[whenFrom]=10-10-2026&filter[whenTo]=05-11-2026&filter[duration]=7:10&filter[from]=&filter[person]=2&filter[child]=1&filter[price]=0:11000&filter[PriceFrom]=0&filter[PriceTo]=11000&filter[addCategory]=50&filter[addCatering]=1&filter[addMisc]=0&filter[addTransport]=F&filter[fp]=1&order_by=ofr_price&filter[tourOperator]=0&filter[childAge][1]=20201210","https://fly.pl/cdn/photo/assets/uploads/582/278/2024/07/domina-coral-bay-bellavista.jpg","https://fly.pl/wycieczka/egipt,sharm-el-sheikh,szarm-el-szejk/domina-coral-bay-bellavista-12/pDPdc4xin68Ud2f98aGdw_AAog54-0d3E4BWu2Vdd-PiYbc3b6-M-63DqmxRqPbNTEi2wqBE9SRVgw2s_71AZIskhQQVifCWACagVFLjIuMXI2mwEVBxcAXANYBVYCQMoGEagLXbsNTyRLkrMBYQBepzBSpiBTAEyssDoNtv2XCSAAAhJjAQIMWm_9uQ/ofertasv/?filter[tourOperator]=OREX&filter%5Bperson%5D=2&filter%5BchildAge%5D%5B1%5D=20201210&filter%5Bchild%5D=1"
"Sataya Resort (ex. Labranda Sataya Marsa Alam)","9297.0","10.10.2026 - 18.10.2026","9 dni/7 nocy","","4.7","4.7","4175","tripadvisor","Katowice","2026-09-07T16:35:31.558739+00:00","https://fly.pl/oferta/egipt-wczasy/?filter[dest]=11:&filter[hotelids]=&filter[cityids]=&filter[cregids]=&filter[ofrType]=&filter[addObjType]=&filter[whenFrom]=10-10-2026&filter[whenTo]=05-11-2026&filter[duration]=7:10&filter[from]=&filter[person]=2&filter[child]=1&filter[price]=0:11000&filter[PriceFrom]=0&filter[PriceTo]=11000&filter[addCategory]=50&filter[addCatering]=1&filter[addMisc]=0&filter[addTransport]=F&filter[fp]=1&order_by=ofr_price&filter[tourOperator]=0&filter[childAge][1]=20201210","https://fly.pl/cdn/photo/assets/uploads/582/278/2019/09/Sataya-Resort-Marsa-Alam.jpg","https://fly.pl/wycieczka/egipt,marsa-alam,c/labranda-sataya-marsa-alam-9/pC-TGNa0xHoOB_FaENDfoVAAogw7M5bPSVcY1ogP4r2mq74ZAPaq7t_caFLM2yOUCCvvcqBFZJVFgw2s_71AZI0UhQQViHBmACckAaABUHFwBcA1gFQI8DW6eGAWGvSUsAXqcwUrwUUwBMoOQ5DZvVmAkgAV2q65HsqAFPlNqZijdR7aIVAg1jAQIMNMByCQ/ofertasv/?filter[tourOperator]=VITX&filter%5Bperson%5D=2&filter%5BchildAge%5D%5B1%5D=20201210&filter%5Bchild%5D=1"
"Charmillion Garden Aqua Park","9299.0","13.10.2026 - 20.10.2026","8 dni/7 nocy","","4.6","4.6","2256","tripadvisor","Katowice","2026-09-07T16:35:31.558739+00:00","https://fly.pl/oferta/egipt-wczasy/?filter[dest]=11:&filter[hotelids]=&filter[cityids]=&filter[cregids]=&filter[ofrType]=&filter[addObjType]=&filter[whenFrom]=10-10-2026&filter[whenTo]=05-11-2026&filter[duration]=7:10&filter[from]=&filter[person]=2&filter[child]=1&filter[price]=0:11000&filter[PriceFrom]=0&filter[PriceTo]=11000&filter[addCategory]=50&filter[addCatering]=1&filter[addMisc]=0&filter[addTransport]=F&filter[fp]=1&order_by=ofr_price&filter[tourOperator]=0&filter[childAge][1]=20201210","https://fly.pl/cdn/photo/assets/uploads/582/278/2014/07/Charmillion-Gardens-Aqua-Park-ex.-Sea-Garden.jpg","https://fly.pl/wycieczka/egipt,sharm-el-sheikh,nabq-bay/sea-gardens-sharm-el-sheikh/pLVaymP7u9FMbZpvy4X7J5AAogA7hRjPp8HmZ0WMqAFBf05lATkd0Et3pHZ-B5Uah2j-0qBEpPSVAw2s_71AZI00hQQVjPBmACagMwbkhyQpsBFAEVBhcAXANYBVYCQMoGT-IBXQARoMYBS5cEYQBepzBSpiBTAEyssDoNqP2XCSAAAcC_iND0iMygMAINYwEADDD2-Nc/ofertasv/?filter[tourOperator]=JOIP&filter%5Bperson%5D=2&filter%5BchildAge%5D%5B1%5D=20201210&filter%5Bchild%5D=1"
"The V Luxury Resort","9365.0","29.10.2026 - 05.11.2026","8 dni/7 nocy","","4.4","4.4","1029","tripadvisor","Warszawa","2026-09-07T16:35:31.558739+00:00","https://fly.pl/oferta/egipt-wczasy/?filter[dest]=11:&filter[hotelids]=&filter[cityids]=&filter[cregids]=&filter[ofrType]=&filter[addObjType]=&filter[whenFrom]=10-10-2026&filter[whenTo]=05-11-2026&filter[duration]=7:10&filter[from]=&filter[person]=2&filter[child]=1&filter[price]=0:11000&filter[PriceFrom]=0&filter[PriceTo]=11000&filter[addCategory]=50&filter[addCatering]=1&filter[addMisc]=0&filter[addTransport]=F&filter[fp]=1&order_by=ofr_price&filter[tourOperator]=0&filter[childAge][1]=20201210","https://datacfstatic.merlinx.pl/OREX/IMG/3068/81c0ea0627efd6ab9706558c934de376be3a32d51491e8172766c62f9015303c.webp","https://fly.pl/wycieczka/egipt,hurghada,sahl-hasheesh/the-v-luxury-resort-13/pPVEp29PBDFf8DdA1qyjfQAAogSp__cdTc51eLLYRAOk91IRLqCxxQb8S86Hh0k4aD-ioqBE9SRVgw2s_71AZIlUlQQVjPCWACagZaSS4yLjFyNpsBFQcXAFgIVgJcCEDCBl2bD08kEeIBU_CbAVIAXq9PS-1DYQBM5Yw6ILj9lwkNAAISYwECCy3RLDM/ofertasv/?filter[tourOperator]=OREX&filter%5Bperson%5D=2&filter%5BchildAge%5D%5B1%5D=20201210&filter%5Bchild%5D=1"
"Park Regency Resort (ex. Hyatt)","9377.0","29.10.2026 - 05.11.2026","8 dni/7 nocy","","4.6","4.6","6179","tripadvisor","Warszawa - Modlin","2026-09-07T16:35:31.558739+00:00","https://fly.pl/oferta/egipt-wczasy/?filter[dest]=11:&filter[hotelids]=&filter[cityids]=&filter[cregids]=&filter[ofrType]=&filter[addObjType]=&filter[whenFrom]=10-10-2026&filter[whenTo]=05-11-2026&filter[duration]=7:10&filter[from]=&filter[person]=2&filter[child]=1&filter[price]=0:11000&filter[PriceFrom]=0&filter[PriceTo]=11000&filter[addCategory]=50&filter[addCatering]=1&filter[addMisc]=0&filter[addTransport]=F&filter[fp]=1&order_by=ofr_price&filter[tourOperator]=0&filter[childAge][1]=20201210","https://fly.pl/cdn/photo/assets/uploads/582/278/2014/07/Park-Regency.jpg","https://fly.pl/wycieczka/egipt,sharm-el-sheikh,c/hyatt-regency-sharm/p8DSGEBgAZhH_zZ9Vk-nUqAAogNMMtqR3PcN7EJ9h7Qu0t9BstrgoMttrZgZAvN8rfQ44qBEtPTVQw2s_71AZIoUlQAVjPCWACagJBSXIfHBH5GrkE7-IBqwQDGOKaBBvliiQBm7PKHgIAYwECBXT18xE/ofertasv/?filter[tourOperator]=KOMT&filter%5Bperson%5D=2&filter%5BchildAge%5D%5B1%5D=20201210&filter%5Bchild%5D=1"
"Titanic Palace Resort","9383.0","29.10.2026 - 05.11.2026","8 dni/7 nocy","","4.5","4.5","7349","tripadvisor","Katowice","2026-09-07T16:35:31.558739+00:00","https://fly.pl/oferta/egipt-wczasy/?filter[dest]=11:&filter[hotelids]=&filter[cityids]=&filter[cregids]=&filter[ofrType]=&filter[addObjType]=&filter[whenFrom]=10-10-2026&filter[whenTo]=05-11-2026&filter[duration]=7:10&filter[from]=&filter[person]=2&filter[child]=1&filter[price]=0:11000&filter[PriceFrom]=0&filter[PriceTo]=11000&filter[addCategory]=50&filter[addCatering]=1&filter[addMisc]=0&filter[addTransport]=F&filter[fp]=1&order_by=ofr_price&filter[tourOperator]=0&filter[childAge][1]=20201210","https://fly.pl/cdn/photo/assets/uploads/582/278/2014/07/Titanic-Palace-Resort.jpg","https://fly.pl/wycieczka/egipt,hurghada,c/titanic-palace-2/pA0_G1Xb8yv8ZmYDsCdoj3AAogO5ff-oZL3YVsQO5XJnEBGwAAAACBhwQAHroEAAcAAAAqBFdFWlkw2s_71AZIp0lQQVjPCWADaglFbnRlciBBaXJqBDAwMTVqBDAwMDBqBDAwMDByQZ4BlAGVAZgBHwAcAQIAFgAXBhG9ARKZAxPvCEDVc0zLMk8AS4gfUAAdjbwQIJ1lG9v5Yw2s490IARJjAQxjAQIF2O_cMw/ofertasv/?filter[tourOperator]=WEZY&filter%5Bperson%5D=2&filter%5BchildAge%5D%5B1%5D=20201210&filter%5Bchild%5D=1"
"Sirena Beach Resort & Spa","9401.0","21.10.2026 - 28.10.2026","8 dni/7 nocy","","4.7","4.7","466","tripadvisor","Katowice","2026-09-07T16:35:31.558739+00:00","https://fly.pl/oferta/egipt-wczasy/?filter[dest]=11:&filter[hotelids]=&filter[cityids]=&filter[cregids]=&filter[ofrType]=&filter[addObjType]=&filter[whenFrom]=10-10-2026&filter[whenTo]=05-11-2026&filter[duration]=7:10&filter[from]=&filter[person]=2&filter[child]=1&filter[price]=0:11000&filter[PriceFrom]=0&filter[PriceTo]=11000&filter[addCategory]=50&filter[addCatering]=1&filter[addMisc]=0&filter[addTransport]=F&filter[fp]=1&order_by=ofr_price&filter[tourOperator]=0&filter[childAge][1]=20201210","https://datacfstatic.merlinx.pl/OREX/IMG/3216/86c44a9a8004959be2f4ed092ee91d3286d5e121550a04aac54449146091b82b.webp","https://fly.pl/wycieczka/egipt,marsa-alam,al-kusajr/movenpick-sirena-beach-13/pfkG72n924s6fEDXQjpPIKAAogVG-i4pDTkxNhoT4l2VHVn6HYx8dHtHpw8fXuNNDPihYqBE9SRVgw2s_71AZIuUlQQViPCGACagdHS1guMi4xcjabARUHFwBcA1gFVgJAygYRtRJdzhFPJEvypwFhAF6nMFK8FFMATJa8Og2w_ZcJIAACEmMBAg3HVDGQ/ofertasv/?filter[tourOperator]=OREX&filter%5Bperson%5D=2&filter%5BchildAge%5D%5B1%5D=20201210&filter%5Bchild%5D=1"
"Pickalbatros Royal Moderna","9402.0","27.10.2026 - 03.11.2026","8 dni/7 nocy","","4.5","4.5","10698","tripadvisor","Warszawa - Modlin","2026-09-07T16:35:31.558739+00:00","https://fly.pl/oferta/egipt-wczasy/?filter[dest]=11:&filter[hotelids]=&filter[cityids]=&filter[cregids]=&filter[ofrType]=&filter[addObjType]=&filter[whenFrom]=10-10-2026&filter[whenTo]=05-11-2026&filter[duration]=7:10&filter[from]=&filter[person]=2&filter[child]=1&filter[price]=0:11000&filter[PriceFrom]=0&filter[PriceTo]=11000&filter[addCategory]=50&filter[addCatering]=1&filter[addMisc]=0&filter[addTransport]=F&filter[fp]=1&order_by=ofr_price&filter[tourOperator]=0&filter[childAge][1]=20201210","https://fly.pl/cdn/photo/assets/uploads/582/278/2009/08/Royal-Albatros-Moderna1708.jpg","https://fly.pl/wycieczka/egipt,sharm-el-sheikh,c/royal-albatros-moderna/px_2KhJPj3VedASJpcO3N2AAogyboKoNYUg5VL_GpUSOMgWpgpXVUQjygZk0IwIA3_YjEqBE9BU0kw2s_71AZIuklQAVifCWACagNBSWxyIRwR168BuQTt9g-rBAIbo7QPGNuAEwHV3-ulAgIAYwECDOLK8Hg/ofertasv/?filter[tourOperator]=OASI&filter%5Bperson%5D=2&filter%5BchildAge%5D%5B1%5D=20201210&filter%5Bchild%5D=1"
"Steigenberger Aqua Magic","9407.0","27.10.2026 - 03.11.2026","9 dni/7 nocy","","4.6","4.6","10361","tripadvisor","Warszawa - Modlin","2026-09-07T16:35:31.558739+00:00","https://fly.pl/oferta/egipt-wczasy/?filter[dest]=11:&filter[hotelids]=&filter[cityids]=&filter[cregids]=&filter[ofrType]=&filter[addObjType]=&filter[whenFrom]=10-10-2026&filter[whenTo]=05-11-2026&filter[duration]=7:10&filter[from]=&filter[person]=2&filter[child]=1&filter[price]=0:11000&filter[PriceFrom]=0&filter[PriceTo]=11000&filter[addCategory]=50&filter[addCatering]=1&filter[addMisc]=0&filter[addTransport]=F&filter[fp]=1&order_by=ofr_price&filter[tourOperator]=0&filter[childAge][1]=20201210","https://fly.pl/cdn/photo/assets/uploads/582/278/2014/09/Steigenberger-Aqua-Magic.jpg","https://fly.pl/wycieczka/egipt,hurghada,c/steigenberger-aqua-magic/ptF8IYPAnikj1wSC3QpxnPAAog5WwAnsMZGKppjUCWmQXP-peMXePUQkpobZ-BQI6-nbQqBEVYSU0w2s_71AZIv0lQAVifCWACagJBSXIhHBGagAerBKeoS7kERRuT2UAYqshIAfuvobMNAhJjAQIL4gBNaA/ofertasv/?filter[tourOperator]=EXIM&filter%5Bperson%5D=2&filter%5BchildAge%5D%5B1%5D=20201210&filter%5Bchild%5D=1"
"Concorde Sport","9443.0","13.10.2026 - 20.10.2026","8 dni/7 nocy","","","","","","Katowice","2026-09-07T16:35:31.558739+00:00","https://fly.pl/oferta/egipt-wczasy/?filter[dest]=11:&filter[hotelids]=&filter[cityids]=&filter[cregids]=&filter[ofrType]=&filter[addObjType]=&filter[whenFrom]=10-10-2026&filter[whenTo]=05-11-2026&filter[duration]=7:10&filter[from]=&filter[person]=2&filter[child]=1&filter[price]=0:11000&filter[PriceFrom]=0&filter[PriceTo]=11000&filter[addCategory]=50&filter[addCatering]=1&filter[addMisc]=0&filter[addTransport]=F&filter[fp]=1&order_by=ofr_price&filter[tourOperator]=0&filter[childAge][1]=20201210","https://fly.pl/cdn/photo/assets/uploads/582/278/2017/08/Concorde-Sport-fly-pl-4.jpg","https://fly.pl/wycieczka/egipt,sharm-el-sheikh,szarm-el-szejk/concorde-sport/pVPhN3W_jgJ-3jImhSUGB1AAogYNf8YLxAxJwCsAh9IFUxBlATkd0Et3pHZ-B5Uah2j-0qBEpPSVAw2s_71AZI40lQQVjPBmACagNDR21yQpsBFAEVBhcAXANYBVYCQMoGT-IBXQBLt8oBYQBepzBSpiBTABGaA0ySrToNqP2XCSAAAcHBxIC0icygMAINYwEAC6QTveg/ofertasv/?filter[tourOperator]=JOIP&filter%5Bperson%5D=2&filter%5BchildAge%5D%5B1%5D=20201210&filter%5Bchild%5D=1"
"Renaissance Golden View Beach Resort by Marriott","9477.0","27.10.2026 - 03.11.2026","8 dni/7 nocy","","4.5","4.5","7216","tripadvisor","Katowice","2026-09-07T16:35:31.558739+00:00","https://fly.pl/oferta/egipt-wczasy/?filter[dest]=11:&filter[hotelids]=&filter[cityids]=&filter[cregids]=&filter[ofrType]=&filter[addObjType]=&filter[whenFrom]=10-10-2026&filter[whenTo]=05-11-2026&filter[duration]=7:10&filter[from]=&filter[person]=2&filter[child]=1&filter[price]=0:11000&filter[PriceFrom]=0&filter[PriceTo]=11000&filter[addCategory]=50&filter[addCatering]=1&filter[addMisc]=0&filter[addTransport]=F&filter[fp]=1&order_by=ofr_price&filter[tourOperator]=0&filter[childAge][1]=20201210","https://fly.pl/cdn/photo/assets/uploads/582/278/2014/07/Renaissance-Golden-View-Beach-Resort.jpg","https://fly.pl/wycieczka/egipt,sharm-el-sheikh,c/renaissance-golden-view-beach/pUH5sO3di4ytBCX5hVIL39AAogjhhBr7LHA-fie2U-DqJsUXb6-M-63DqmxRqPbNTEi2wqBE9SRVgw2s_71AZIhUpQQVifCWACagVFLjIuMXI2mwEVBxcAXANYBVYCQMoGEZ8NXcQLTyRLkrMBYQBepzBSpiBTAEyssDoNtv2XCSAAAhJjAQIFNKLe4g/ofertasv/?filter[tourOperator]=OREX&filter%5Bperson%5D=2&filter%5BchildAge%5D%5B1%5D=20201210&filter%5Bchild%5D=1"
"Double Tree by Hilton Mangroovy El Gouna Resort","9540.0","29.10.2026 - 05.11.2026","8 dni/7 nocy","","","","","","Warszawa","2026-09-07T16:35:31.558739+00:00","https://fly.pl/oferta/egipt-wczasy/?filter[dest]=11:&filter[hotelids]=&filter[cityids]=&filter[cregids]=&filter[ofrType]=&filter[addObjType]=&filter[whenFrom]=10-10-2026&filter[whenTo]=05-11-2026&filter[duration]=7:10&filter[from]=&filter[person]=2&filter[child]=1&filter[price]=0:11000&filter[PriceFrom]=0&filter[PriceTo]=11000&filter[addCategory]=50&filter[addCatering]=1&filter[addMisc]=0&filter[addTransport]=F&filter[fp]=1&order_by=ofr_price&filter[tourOperator]=0&filter[childAge][1]=20201210","https://datacfstatic.merlinx.pl/OREX/IMG/6513/61970b72b312ea6d0373821b3cb6271ebffe7a152e252532c893aa503ed99358.webp","https://fly.pl/wycieczka/egipt,hurghada,al-dzuna/double-tree-by-hilton-mangroovy-el-gouna-13/pdZ4Rspewj60XHJIOQV2VAAAog2T315cxqL99FtniBsRw5EBLqCxxQb8S86Hh0k4aD-ioqBE9SRVgw2s_71AZIxEpQQVjPCWACagVYLjIuMXI2mwEVBxcAXANYBVYCQMoGXZsPTyQR1xxT-4ABUgBer09L7UNhAEzljDoguP2XCQ0AAhJjAQIL_pDqJg/ofertasv/?filter[tourOperator]=OREX&filter%5Bperson%5D=2&filter%5BchildAge%5D%5B1%5D=20201210&filter%5Bchild%5D=1"
"El Malikia Resort Abu Dabbab (ex.Sol Y Mar)","9633.0","22.10.2026 - 29.10.2026","8 dni/7 nocy","","4.5","4.5","6764","tripadvisor","Katowice","2026-09-07T16:35:31.558739+00:00","https://fly.pl/oferta/egipt-wczasy/?filter[dest]=11:&filter[hotelids]=&filter[cityids]=&filter[cregids]=&filter[ofrType]=&filter[addObjType]=&filter[whenFrom]=10-10-2026&filter[whenTo]=05-11-2026&filter[duration]=7:10&filter[from]=&filter[person]=2&filter[child]=1&filter[price]=0:11000&filter[PriceFrom]=0&filter[PriceTo]=11000&filter[addCategory]=50&filter[addCatering]=1&filter[addMisc]=0&filter[addTransport]=F&filter[fp]=1&order_by=ofr_price&filter[tourOperator]=0&filter[childAge][1]=20201210","https://fly.pl/cdn/photo/assets/uploads/582/278/2016/11/El-Malikia-Resort-Abu-Dabbab-ex.Sol-Y-Mar-fly-pl.jpg","https://fly.pl/wycieczka/egipt,marsa-alam,c/el-malikia-resort-abu-dabbab-ex-sol-y-mar/pcW38tuoqgKWAhE_PIt76LAAogo0q9YG6bVxhicxi1gl8NqYaHhndt-fCFnIyuOdpN4Z8qBFNGUEww2s_71AZIoUtQQVinCGACciELAxUEIgYSJ1zGAkAuW_cDDf_J1AlR96_kkgYCEmMBAgZeHil8/ofertasv/?filter[tourOperator]=SFPL&filter%5Bperson%5D=2&filter%5BchildAge%5D%5B1%5D=20201210&filter%5Bchild%5D=1"
"Hilton Plaza (Hurghada)","9644.0","29.10.2026 - 05.11.2026","8 dni/7 nocy","","4.6","4.6","4238","tripadvisor","Warszawa","2026-09-07T16:35:31.558739+00:00","https://fly.pl/oferta/egipt-wczasy/?filter[dest]=11:&filter[hotelids]=&filter[cityids]=&filter[cregids]=&filter[ofrType]=&filter[addObjType]=&filter[whenFrom]=10-10-2026&filter[whenTo]=05-11-2026&filter[duration]=7:10&filter[from]=&filter[person]=2&filter[child]=1&filter[price]=0:11000&filter[PriceFrom]=0&filter[PriceTo]=11000&filter[addCategory]=50&filter[addCatering]=1&filter[addMisc]=0&filter[addTransport]=F&filter[fp]=1&order_by=ofr_price&filter[tourOperator]=0&filter[childAge][1]=20201210","https://fly.pl/cdn/photo/assets/uploads/582/278/2014/10/Hilton-Plaza.jpg","https://fly.pl/wycieczka/egipt,hurghada,c/hilton-plaza-hurghada/pdD_PFIQFppjZlA-OOUG0jAAogDxVZQjh5ZFUMT5h7bfSvjBLqCxxQb8S86Hh0k4aD-ioqBE9SRVgw2s_71AZIrEtQQVjPCWACagVFLjIuMXI1mwEVBxcAXANYBVYCEVpA8AVdmw9PJFPSnQFSAF6vT0vtQ2EATOWMOiC4_ZcJDQACEmMBAgujFOVW/ofertasv/?filter[tourOperator]=OREX&filter%5Bperson%5D=2&filter%5BchildAge%5D%5B1%5D=20201210&filter%5Bchild%5D=1"
"Serenity Sky Arc","9677.0","15.10.2026 - 22.10.2026","8 dni/7 nocy","","","","","","Wrocław","2026-09-07T16:35:31.558739+00:00","https://fly.pl/oferta/egipt-wczasy/?filter[dest]=11:&filter[hotelids]=&filter[cityids]=&filter[cregids]=&filter[ofrType]=&filter[addObjType]=&filter[whenFrom]=10-10-2026&filter[whenTo]=05-11-2026&filter[duration]=7:10&filter[from]=&filter[person]=2&filter[child]=1&filter[price]=0:11000&filter[PriceFrom]=0&filter[PriceTo]=11000&filter[addCategory]=50&filter[addCatering]=1&filter[addMisc]=0&filter[addTransport]=F&filter[fp]=1&order_by=ofr_price&filter[tourOperator]=0&filter[childAge][1]=20201210","https://datacfstatic.merlinx.pl/EXIM/IMG/105925/cf3c14898a23b0b49569de311369928ab20dff35cd198358119db51d531b20bd.webp","https://fly.pl/wycieczka/egipt,hurghada,sahl-hasheesh/serenity-sky-arc-10/pFVdrc_2KcWbi8Jg_VNdvOAAogoRQq1I1Q1j0U2cxUXIUBBOJkFGC95BV6NPIm-ieal6cqBEVYSU0w2s_71AZIzUtQAVj_BmACagJBSXIhHBHFuwa5BKuBPqsEHBvm4C8YkNo2AYL9tIsJAgBjAQIG-pMPag/ofertasv/?filter[tourOperator]=EXIM&filter%5Bperson%5D=2&filter%5BchildAge%5D%5B1%5D=20201210&filter%5Bchild%5D=1"
"Lazuli (Marsa Alam)","9697.0","10.10.2026 - 18.10.2026","9 dni/7 nocy","","4.7","4.7","1084","tripadvisor","Katowice","2026-09-07T16:35:31.558739+00:00","https://fly.pl/oferta/egipt-wczasy/?filter[dest]=11:&filter[hotelids]=&filter[cityids]=&filter[cregids]=&filter[ofrType]=&filter[addObjType]=&filter[whenFrom]=10-10-2026&filter[whenTo]=05-11-2026&filter[duration]=7:10&filter[from]=&filter[person]=2&filter[child]=1&filter[price]=0:11000&filter[PriceFrom]=0&filter[PriceTo]=11000&filter[addCategory]=50&filter[addCatering]=1&filter[addMisc]=0&filter[addTransport]=F&filter[fp]=1&order_by=ofr_price&filter[tourOperator]=0&filter[childAge][1]=20201210","https://fly.pl/cdn/photo/assets/uploads/582/278/2021/06/Lazuli1.jpg","https://fly.pl/wycieczka/egipt,marsa-alam,al-kusajr/lazuli-13/pIRczHV1kqBtpe6F9m2fuCAAogoxvHCaKyz5Wm-dM75hIKFpAPaq7t_caFLM2yOUCCvvcqBFZJVFgw2s_71AZI4UtQQViHBmACckAaABUHFwBcA1gFQI8DW7-DAWGXTEsAXqcwUrwUUwBMneQ5DZ7VmAkgAV2q65HsqAFPlNqZijdRma0BAg1jAQIMl65zyA/ofertasv/?filter[tourOperator]=VITX&filter%5Bperson%5D=2&filter%5BchildAge%5D%5B1%5D=20201210&filter%5Bchild%5D=1"
"Pickalbatros Dana Beach Resort","9777.0","27.10.2026 - 03.11.2026","9 dni/7 nocy","","4.4","4.4","2858","tripadvisor","Warszawa - Modlin","2026-09-07T16:35:31.558739+00:00","https://fly.pl/oferta/egipt-wczasy/?filter[dest]=11:&filter[hotelids]=&filter[cityids]=&filter[cregids]=&filter[ofrType]=&filter[addObjType]=&filter[whenFrom]=10-10-2026&filter[whenTo]=05-11-2026&filter[duration]=7:10&filter[from]=&filter[person]=2&filter[child]=1&filter[price]=0:11000&filter[PriceFrom]=0&filter[PriceTo]=11000&filter[addCategory]=50&filter[addCatering]=1&filter[addMisc]=0&filter[addTransport]=F&filter[fp]=1&order_by=ofr_price&filter[tourOperator]=0&filter[childAge][1]=20201210","https://fly.pl/cdn/photo/assets/uploads/582/278/2014/10/Dana-Beach-Resort-fly-pl-1.jpg","https://fly.pl/wycieczka/egipt,hurghada,c/dana-beach/pcXrWWMM-jgVcgvX5PUcIQAAogGhUe-7e9uaIQqCaDkkKgrpeMXePUQkpobZ-BQI6-nbQqBEVYSU0w2s_71AZIsUxQAVifCWACagJBSXIhHBGi-AarBJ-wS7kERRuf-zcY5KFTAYOU9sYNAgBjAQIM2FlGfw/ofertasv/?filter[tourOperator]=EXIM&filter%5Bperson%5D=2&filter%5BchildAge%5D%5B1%5D=20201210&filter%5Bchild%5D=1"
"Gorgonia Beach","9783.0","13.10.2026 - 20.10.2026","8 dni/7 nocy","","4.5","4.5","3761","tripadvisor","Warszawa","2026-09-07T16:35:31.558739+00:00","https://fly.pl/oferta/egipt-wczasy/?filter[dest]=11:&filter[hotelids]=&filter[cityids]=&filter[cregids]=&filter[ofrType]=&filter[addObjType]=&filter[whenFrom]=10-10-2026&filter[whenTo]=05-11-2026&filter[duration]=7:10&filter[from]=&filter[person]=2&filter[child]=1&filter[price]=0:11000&filter[PriceFrom]=0&filter[PriceTo]=11000&filter[addCategory]=50&filter[addCatering]=1&filter[addMisc]=0&filter[addTransport]=F&filter[fp]=1&order_by=ofr_price&filter[tourOperator]=0&filter[childAge][1]=20201210","https://fly.pl/cdn/photo/assets/uploads/582/278/2016/12/Gorgonia-Beach-Resort.jpg","https://fly.pl/wycieczka/egipt,marsa-alam,c/gorgonia-beach/p9sCJ3eNqtBSuXIPCYStFGAAog9neub51qzm8qFv04mqPBk8orfjTd4NSNIPaWWFyFh7kqBFNGUEww2s_71AZIt0xQQVjPBmACciMLAhUFIgYSJ1zGAkAuDe3N1AlR0vPjkgZbifjAHwISYwECBikqdxM/ofertasv/?filter[tourOperator]=SFPL&filter%5Bperson%5D=2&filter%5BchildAge%5D%5B1%5D=20201210&filter%5Bchild%5D=1"
"Concorde El Salam Front Area","9810.0","27.10.2026 - 03.11.2026","8 dni/7 nocy","","4.8","4.8","1477","tripadvisor","Katowice","2026-09-07T16:35:31.558739+00:00","https://fly.pl/oferta/egipt-wczasy/?filter[dest]=11:&filter[hotelids]=&filter[cityids]=&filter[cregids]=&filter[ofrType]=&filter[addObjType]=&filter[whenFrom]=10-10-2026&filter[whenTo]=05-11-2026&filter[duration]=7:10&filter[from]=&filter[person]=2&filter[child]=1&filter[price]=0:11000&filter[PriceFrom]=0&filter[PriceTo]=11000&filter[addCategory]=50&filter[addCatering]=1&filter[addMisc]=0&filter[addTransport]=F&filter[fp]=1&order_by=ofr_price&filter[tourOperator]=0&filter[childAge][1]=20201210","https://fly.pl/cdn/photo/assets/uploads/582/278/2024/07/concorde-el-salam-front.jpg","https://fly.pl/wycieczka/egipt,sharm-el-sheikh,szarm-el-szejk/concorde-el-salam-front-12/plMdhJgQ_bViTsStCNNpiyAAogEZTc3G2QQHNcEb91Dxxu_Xb6-M-63DqmxRqPbNTEi2wqBE9SRVgw2s_71AZI0kxQQVifCWACagVFLjIuMXI2mwEVBxcAXANYBVYCQMoGEeMLXYANTyRLkrMBYQBepzBSpiBTAEyssDoNtv2XCSAAAhJjAQILjYBzrw/ofertasv/?filter[tourOperator]=OREX&filter%5Bperson%5D=2&filter%5BchildAge%5D%5B1%5D=20201210&filter%5Bchild%5D=1"
"Domina Coral Bay Resort","9840.0","24.10.2026 - 31.10.2026","8 dni/7 nocy","","4.2","4.2","12412","tripadvisor","Warszawa","2026-09-07T16:35:31.558739+00:00","https://fly.pl/oferta/egipt-wczasy/?filter[dest]=11:&filter[hotelids]=&filter[cityids]=&filter[cregids]=&filter[ofrType]=&filter[addObjType]=&filter[whenFrom]=10-10-2026&filter[whenTo]=05-11-2026&filter[duration]=7:10&filter[from]=&filter[person]=2&filter[child]=1&filter[price]=0:11000&filter[PriceFrom]=0&filter[PriceTo]=11000&filter[addCategory]=50&filter[addCatering]=1&filter[addMisc]=0&filter[addTransport]=F&filter[fp]=1&order_by=ofr_price&filter[tourOperator]=0&filter[childAge][1]=20201210","https://fly.pl/cdn/photo/assets/uploads/582/278/2014/07/DOMINA.jpg","https://fly.pl/wycieczka/egipt,sharm-el-sheikh,c/domina-coral-bay-resort-sharm-el-sheikh/pAa9wTwaPzfPy7-fxqF2aiAAogNUm0aogpLaPbXoUBKazRwAAAAACbhAQAuIQEAAcAEgAqBFdFWlkw3M_71AZI8ExQQVjXCGADaglFbnRlciBBaXJqBDA4MDByQ54BlQEfAAIBHAAWBBcCEu0DGKEEE7ECFMkEQJJyT6CiAUwAS8cjUAAR50UdrPwOIB0btO0EDbTavQkBEmMBDWMBAwVEluKO/ofertasv/?filter[tourOperator]=WEZY&filter%5Bperson%5D=2&filter%5BchildAge%5D%5B1%5D=20201210&filter%5Bchild%5D=1"
"Amphoras Beach","9851.0","27.10.2026 - 03.11.2026","8 dni/7 nocy","","4.4","4.4","6746","tripadvisor","Katowice","2026-09-07T16:35:31.558739+00:00","https://fly.pl/oferta/egipt-wczasy/?filter[dest]=11:&filter[hotelids]=&filter[cityids]=&filter[cregids]=&filter[ofrType]=&filter[addObjType]=&filter[whenFrom]=10-10-2026&filter[whenTo]=05-11-2026&filter[duration]=7:10&filter[from]=&filter[person]=2&filter[child]=1&filter[price]=0:11000&filter[PriceFrom]=0&filter[PriceTo]=11000&filter[addCategory]=50&filter[addCatering]=1&filter[addMisc]=0&filter[addTransport]=F&filter[fp]=1&order_by=ofr_price&filter[tourOperator]=0&filter[childAge][1]=20201210","https://fly.pl/cdn/photo/assets/uploads/582/278/2016/11/AMPHORAS-BEACH.jpg","https://fly.pl/wycieczka/egipt,sharm-el-sheikh,c/otium-amphoras-ex-shores/pIALZPpA_pXG8951WruONNAAogRogxhYYL-eFrg83-3T-VyXb6-M-63DqmxRqPbNTEi2wqBE9SRVgw3M_71AZI-0xQQVifCWACagdGQjguMi4xcjabARUHFwBYCFYCXAhAwgYRqhBduQhPJEuSswFhAF6nMFKmIFMATKywOg22_ZcJIAACEmMBAgshjofE/ofertasv/?filter[tourOperator]=OREX&filter%5Bperson%5D=2&filter%5BchildAge%5D%5B1%5D=20201210&filter%5Bchild%5D=1"
"Jasmine Palace","9897.0","15.10.2026 - 22.10.2026","9 dni/7 nocy","","4.1","4.1","7704","tripadvisor","Katowice","2026-09-07T16:35:31.558739+00:00","https://fly.pl/oferta/egipt-wczasy/?filter[dest]=11:&filter[hotelids]=&filter[cityids]=&filter[cregids]=&filter[ofrType]=&filter[addObjType]=&filter[whenFrom]=10-10-2026&filter[whenTo]=05-11-2026&filter[duration]=7:10&filter[from]=&filter[person]=2&filter[child]=1&filter[price]=0:11000&filter[PriceFrom]=0&filter[PriceTo]=11000&filter[addCategory]=50&filter[addCatering]=1&filter[addMisc]=0&filter[addTransport]=F&filter[fp]=1&order_by=ofr_price&filter[tourOperator]=0&filter[childAge][1]=20201210","https://fly.pl/cdn/photo/assets/uploads/582/278/2014/07/Jasmine-Palace.jpg","https://fly.pl/wycieczka/egipt,hurghada,c/jasmine-palace/pTrNOllBp2xOC8YnnydaBYAAog5wfRd79akhXK2OCs9LwD1IzmZ5wmVJJxRg_w-70dZ_4qBFZJVFgw3M_71AZIqU1QQVj_BmACckAaABUHFwBcA1gFQI8DW7-DAVOPLVIAYYgfSwBepzBM2_g5DaHVmAkgAFHPgcj7jwFP660EXeCxqfAYAg1jAQIMDBKffg/ofertasv/?filter[tourOperator]=VITX&filter%5Bperson%5D=2&filter%5BchildAge%5D%5B1%5D=20201210&filter%5Bchild%5D=1"
"Reef Oasis Suakin Resort","9897.0","10.10.2026 - 18.10.2026","9 dni/7 nocy","","4.8","4.8","1420","tripadvisor","Katowice","2026-09-07T16:35:31.558739+00:00","https://fly.pl/oferta/egipt-wczasy/?filter[dest]=11:&filter[hotelids]=&filter[cityids]=&filter[cregids]=&filter[ofrType]=&filter[addObjType]=&filter[whenFrom]=10-10-2026&filter[whenTo]=05-11-2026&filter[duration]=7:10&filter[from]=&filter[person]=2&filter[child]=1&filter[price]=0:11000&filter[PriceFrom]=0&filter[PriceTo]=11000&filter[addCategory]=50&filter[addCatering]=1&filter[addMisc]=0&filter[addTransport]=F&filter[fp]=1&order_by=ofr_price&filter[tourOperator]=0&filter[childAge][1]=20201210","https://fly.pl/cdn/photo/assets/uploads/582/278/2024/07/reef-oasis-suakin-resort.jpg","https://fly.pl/wycieczka/egipt,marsa-alam,c/reef-oasis-suakin-resort-11/pJknrWOkk_LqhqN5tuNNxrAAogtBcnyDKlttK5eINGm0j2H5APaq7t_caFLM2yOUCCvvcqBFZJVFgw3M_71AZIqU1QQViHBmACckAaABUHFwBcA1gFQI8DW6eGAWGvSUsAXqcwUrwUUwBMoOQ5DZvVmAkgAV2q65HsqAFPlNqZijdR1toSAgxjAQILui3Ktw/ofertasv/?filter[tourOperator]=VITX&filter%5Bperson%5D=2&filter%5BchildAge%5D%5B1%5D=20201210&filter%5Bchild%5D=1"
"Jaz Elite Asteria (Hurghada)","9927.0","27.10.2026 - 03.11.2026","9 dni/7 nocy","","4.9","4.9","620","tripadvisor","Warszawa - Modlin","2026-09-07T16:35:31.558739+00:00","https://fly.pl/oferta/egipt-wczasy/?filter[dest]=11:&filter[hotelids]=&filter[cityids]=&filter[cregids]=&filter[ofrType]=&filter[addObjType]=&filter[whenFrom]=10-10-2026&filter[whenTo]=05-11-2026&filter[duration]=7:10&filter[from]=&filter[person]=2&filter[child]=1&filter[price]=0:11000&filter[PriceFrom]=0&filter[PriceTo]=11000&filter[addCategory]=50&filter[addCatering]=1&filter[addMisc]=0&filter[addTransport]=F&filter[fp]=1&order_by=ofr_price&filter[tourOperator]=0&filter[childAge][1]=20201210","https://fly.pl/cdn/photo/assets/uploads/582/278/2024/07/jaz-asteria-beach.jpg","https://fly.pl/wycieczka/egipt,hurghada,sahl-hasheesh/jaz-asteria-beach-11/pRpr_Yj3jrQENHwt_QuRwEAAog6haa7-qW7wRfloMD_pyTKZeMXePUQkpobZ-BQI6-nbQqBEVYSU0w3M_71AZIx01QAVifCWACagJBSXIhHBGz_warBI6pS7kERRvko0AYsN5HAZK0nawNAhJjAQIMIs3bQQ/ofertasv/?filter[tourOperator]=EXIM&filter%5Bperson%5D=2&filter%5BchildAge%5D%5B1%5D=20201210&filter%5Bchild%5D=1"
"Pickalbatros Laguna Vista Beach","9930.0","27.10.2026 - 03.11.2026","8 dni/7 nocy","","4.0","4.0","3068","tripadvisor","Warszawa - Modlin","2026-09-07T16:35:31.558739+00:00","https://fly.pl/oferta/egipt-wczasy/?filter[dest]=11:&filter[hotelids]=&filter[cityids]=&filter[cregids]=&filter[ofrType]=&filter[addObjType]=&filter[whenFrom]=10-10-2026&filter[whenTo]=05-11-2026&filter[duration]=7:10&filter[from]=&filter[person]=2&filter[child]=1&filter[price]=0:11000&filter[PriceFrom]=0&filter[PriceTo]=11000&filter[addCategory]=50&filter[addCatering]=1&filter[addMisc]=0&filter[addTransport]=F&filter[fp]=1&order_by=ofr_price&filter[tourOperator]=0&filter[childAge][1]=20201210","https://fly.pl/cdn/photo/assets/uploads/582/278/2014/07/laguna.jpg","https://fly.pl/wycieczka/egipt,sharm-el-sheikh,c/laguna-vista-beach/pN5tSaENytuq_qJ2kgYdpCAAogXpXj3GP2dbKL_hXINV-b-pgpXVUQjygZk0IwIA3_YjEqBE9BU0kw3M_71AZIyk1QAVifCWACagNBSWxyIRwRpq8BuQSe9w-rBAIb-rwOGNz9EQGY0N-ZAgIAYwECDDxswNQ/ofertasv/?filter[tourOperator]=OASI&filter%5Bperson%5D=2&filter%5BchildAge%5D%5B1%5D=20201210&filter%5Bchild%5D=1"
"Grand Rotana Resort & Spa","9936.0","25.10.2026 - 01.11.2026","8 dni/7 nocy","","4.6","4.6","6780","tripadvisor","Katowice","2026-09-07T16:35:31.558739+00:00","https://fly.pl/oferta/egipt-wczasy/?filter[dest]=11:&filter[hotelids]=&filter[cityids]=&filter[cregids]=&filter[ofrType]=&filter[addObjType]=&filter[whenFrom]=10-10-2026&filter[whenTo]=05-11-2026&filter[duration]=7:10&filter[from]=&filter[person]=2&filter[child]=1&filter[price]=0:11000&filter[PriceFrom]=0&filter[PriceTo]=11000&filter[addCategory]=50&filter[addCatering]=1&filter[addMisc]=0&filter[addTransport]=F&filter[fp]=1&order_by=ofr_price&filter[tourOperator]=0&filter[childAge][1]=20201210","https://fly.pl/cdn/photo/assets/uploads/582/278/2014/07/Grand-Rotana-fly-pl.jpg","https://fly.pl/wycieczka/egipt,sharm-el-sheikh,c/grand-rotana/pr_wuLfmzK6A4LNeyehV9KAAog2rzHvghMWBLlvaDlEkGSHf-8lKSM_XY3X6eU8q1GIdEqBE9BU0kw3M_71AZI0E1QAVjvCGACagNBSWxyIRwR9K8BqwSjqxC5BCsbp7sOGNuPFAH8rZynAgIAYwECBhB3fvs/ofertasv/?filter[tourOperator]=OASI&filter%5Bperson%5D=2&filter%5BchildAge%5D%5B1%5D=20201210&filter%5Bchild%5D=1"
"Sentido Mamlouk Palace Resort & Spa (ex Sunrise)","9973.0","29.10.2026 - 05.11.2026","8 dni/7 nocy","","4.7","4.7","12040","tripadvisor","Katowice","2026-09-07T16:35:31.558739+00:00","https://fly.pl/oferta/egipt-wczasy/?filter[dest]=11:&filter[hotelids]=&filter[cityids]=&filter[cregids]=&filter[ofrType]=&filter[addObjType]=&filter[whenFrom]=10-10-2026&filter[whenTo]=05-11-2026&filter[duration]=7:10&filter[from]=&filter[person]=2&filter[child]=1&filter[price]=0:11000&filter[PriceFrom]=0&filter[PriceTo]=11000&filter[addCategory]=50&filter[addCatering]=1&filter[addMisc]=0&filter[addTransport]=F&filter[fp]=1&order_by=ofr_price&filter[tourOperator]=0&filter[childAge][1]=20201210","https://fly.pl/cdn/photo/assets/uploads/582/278/2014/10/Sentido-Mamlouk-Palace-Resort-Spa.jpg","https://fly.pl/wycieczka/egipt,hurghada,c/sentido-mamlouk-palace-resort-ex-sunrise/pSh7WXWeza4Qy4CrzZ5fgIAAogtYsHrWS5Enx89vuXrIFDTU06z87_Cgpl9JIak3ep62gqBFNGUEww3M_71AZI9U1QQVjPCWACciMLAxUEIgYSIVzMAkAuW-fwUQ2W3YIJUajF0PuPAQISYwECBeByyTQ/ofertasv/?filter[tourOperator]=SFPL&filter%5Bperson%5D=2&filter%5BchildAge%5D%5B1%5D=20201210&filter%5Bchild%5D=1"
"Jaz Sharm Dreams Resort","10024.0","24.10.2026 - 31.10.2026","8 dni/7 nocy","","4.3","4.3","6511","tripadvisor","Warszawa","2026-09-07T16:35:31.558739+00:00","https://fly.pl/oferta/egipt-wczasy/?filter[dest]=11:&filter[hotelids]=&filter[cityids]=&filter[cregids]=&filter[ofrType]=&filter[addObjType]=&filter[whenFrom]=10-10-2026&filter[whenTo]=05-11-2026&filter[duration]=7:10&filter[from]=&filter[person]=2&filter[child]=1&filter[price]=0:11000&filter[PriceFrom]=0&filter[PriceTo]=11000&filter[addCategory]=50&filter[addCatering]=1&filter[addMisc]=0&filter[addTransport]=F&filter[fp]=1&order_by=ofr_price&filter[tourOperator]=0&filter[childAge][1]=20201210","https://fly.pl/cdn/photo/assets/uploads/582/278/2014/07/Jaz-Sharm-Dreams.jpg","https://fly.pl/wycieczka/egipt,sharm-el-sheikh,c/hilton-sharm-dreams-resort/pBZ7iIEkxEaeYaWa2F3NtLAAog6D9alq0QaV_MxGrjyiuqcQAAAACbhAQAuIQEAAcAEgAqBFdFWlkw3M_71AZIqE5QQVjXCGADaglFbnRlciBBaXJqBDA4MDByQp4BlQEfABwBAgAWBBcCEVsSkgMYoQQTsQIUyQRAknJMoKIBTwBLxyNQABu51AMd2u0LIB0N6MfCCQESYwENYwEDBSYiExk/ofertasv/?filter[tourOperator]=WEZY&filter%5Bperson%5D=2&filter%5BchildAge%5D%5B1%5D=20201210&filter%5Bchild%5D=1"
"The Cascades Golf Resort Spa & Thalasso (ex Westin Soma Bay)","10033.0","27.10.2026 - 03.11.2026","9 dni/7 nocy","","4.4","4.4","277","tripadvisor","Warszawa - Modlin","2026-09-07T16:35:31.558739+00:00","https://fly.pl/oferta/egipt-wczasy/?filter[dest]=11:&filter[hotelids]=&filter[cityids]=&filter[cregids]=&filter[ofrType]=&filter[addObjType]=&filter[whenFrom]=10-10-2026&filter[whenTo]=05-11-2026&filter[duration]=7:10&filter[from]=&filter[person]=2&filter[child]=1&filter[price]=0:11000&filter[PriceFrom]=0&filter[PriceTo]=11000&filter[addCategory]=50&filter[addCatering]=1&filter[addMisc]=0&filter[addTransport]=F&filter[fp]=1&order_by=ofr_price&filter[tourOperator]=0&filter[childAge][1]=20201210","https://fly.pl/cdn/photo/assets/uploads/582/278/2014/10/The-Cascades-Golf-Resort-Spa-Thalasso.jpg","https://fly.pl/wycieczka/egipt,hurghada,soma-bay/la-residence-des-cascades/pGM0nx2j88lyYdwr1YwA1aAAogcvOipXiiQ7Rqz4w3oSEOQ3-RivCO5fCdWQwfiBpU-nUqBE9BU0kw3M_71AZIsU5QAVifCWACagNBSWxyIRwRtMABqwS43g-5BEAbhMMPGNiFEwGh28imAgIAYwECDDaNEwY/ofertasv/?filter[tourOperator]=OASI&filter%5Bperson%5D=2&filter%5BchildAge%5D%5B1%5D=20201210&filter%5Bchild%5D=1"
"Safir Dahab Resort","10090.0","13.10.2026 - 20.10.2026","8 dni/7 nocy","","4.5","4.5","1512","tripadvisor","Katowice","2026-09-07T16:35:31.558739+00:00","https://fly.pl/oferta/egipt-wczasy/?filter[dest]=11:&filter[hotelids]=&filter[cityids]=&filter[cregids]=&filter[ofrType]=&filter[addObjType]=&filter[whenFrom]=10-10-2026&filter[whenTo]=05-11-2026&filter[duration]=7:10&filter[from]=&filter[person]=2&filter[child]=1&filter[price]=0:11000&filter[PriceFrom]=0&filter[PriceTo]=11000&filter[addCategory]=50&filter[addCatering]=1&filter[addMisc]=0&filter[addTransport]=F&filter[fp]=1&order_by=ofr_price&filter[tourOperator]=0&filter[childAge][1]=20201210","https://fly.pl/cdn/photo/assets/uploads/582/278/2015/09/Safir-Dahab-Resort.jpg","https://fly.pl/wycieczka/egipt,dahab,c/dahab-resort/p6zEOIZ0riXtlHl9VGcS1oAAog2FIJYsgjhfpHcxUHF8XIzlATkd0Et3pHZ-B5Uah2j-0qBEpPSVAw3M_71AZI6k5QQVjPBmACagMwMHdyQpsBFAEVBhcAXANYBVYCQMoGT-IBXQBLt8oBYQBepzARxARS4htTAEyssDoNqP2XCSAAAaPh_PDkiMygMAINYwEACyuRZ8A/ofertasv/?filter[tourOperator]=JOIP&filter%5Bperson%5D=2&filter%5BchildAge%5D%5B1%5D=20201210&filter%5Bchild%5D=1"
"Titanic Beach Spa & Aqua Park","10097.0","15.10.2026 - 22.10.2026","9 dni/7 nocy","","4.3","4.3","7443","tripadvisor","Katowice","2026-09-07T16:35:31.558739+00:00","https://fly.pl/oferta/egipt-wczasy/?filter[dest]=11:&filter[hotelids]=&filter[cityids]=&filter[cregids]=&filter[ofrType]=&filter[addObjType]=&filter[whenFrom]=10-10-2026&filter[whenTo]=05-11-2026&filter[duration]=7:10&filter[from]=&filter[person]=2&filter[child]=1&filter[price]=0:11000&filter[PriceFrom]=0&filter[PriceTo]=11000&filter[addCategory]=50&filter[addCatering]=1&filter[addMisc]=0&filter[addTransport]=F&filter[fp]=1&order_by=ofr_price&filter[tourOperator]=0&filter[childAge][1]=20201210","https://fly.pl/cdn/photo/assets/uploads/582/278/2014/07/Titanic-Beach-Spa-Aqua-Park-fly-pl.jpg","https://fly.pl/wycieczka/egipt,hurghada,c/titanic-beach-spa/p8hUqSxrr4fHxAxbOqH1HQAAogviv7GZtQBFSdGah-T5A744zmZ5wmVJJxRg_w-70dZ_4qBFZJVFgw3M_71AZI8U5QQVj_BmACckAaABUHFwBcA1gFQI8DW7-DAVOPLVIAYYgfSwBepzBM2_g5DaHVmAkgAE-6r8z7jwFRreAYXbPRkPAYAgxjAQILvAqwgg/ofertasv/?filter[tourOperator]=VITX&filter%5Bperson%5D=2&filter%5BchildAge%5D%5B1%5D=20201210&filter%5Bchild%5D=1"
"Cooee Prima Life Makadi Bay","10097.0","15.10.2026 - 22.10.2026","8 dni/7 nocy","","4.6","4.6","3304","tripadvisor","Poznań","2026-09-07T16:35:31.558739+00:00","https://fly.pl/oferta/egipt-wczasy/?filter[dest]=11:&filter[hotelids]=&filter[cityids]=&filter[cregids]=&filter[ofrType]=&filter[addObjType]=&filter[whenFrom]=10-10-2026&filter[whenTo]=05-11-2026&filter[duration]=7:10&filter[from]=&filter[person]=2&filter[child]=1&filter[price]=0:11000&filter[PriceFrom]=0&filter[PriceTo]=11000&filter[addCategory]=50&filter[addCatering]=1&filter[addMisc]=0&filter[addTransport]=F&filter[fp]=1&order_by=ofr_price&filter[tourOperator]=0&filter[childAge][1]=20201210","https://fly.pl/cdn/photo/assets/uploads/582/278/2014/12/Prima-Life-Makadi-Resort.jpg","https://fly.pl/wycieczka/egipt,hurghada,c/prima-life-makadi-bay/pUF0rWaex4lgApEQiYOtNrAAogu-QFWhSLdl-6QPOnQtd6uU2nDT3HSII3dh3aEJQz7w8qBEVYSU0w3M_71AZI8U5QAVj_BmACagJBSXIhHBHGuAa5BPSDPqsEHBuoiS8Y_pc3AYK98IkJAgBjAQIF-QpZEg/ofertasv/?filter[tourOperator]=EXIM&filter%5Bperson%5D=2&filter%5BchildAge%5D%5B1%5D=20201210&filter%5Bchild%5D=1"
"Coral Sea Water World Resort","10130.0","13.10.2026 - 20.10.2026","8 dni/7 nocy","","4.5","4.5","9373","tripadvisor","Katowice","2026-09-07T16:35:31.558739+00:00","https://fly.pl/oferta/egipt-wczasy/?filter[dest]=11:&filter[hotelids]=&filter[cityids]=&filter[cregids]=&filter[ofrType]=&filter[addObjType]=&filter[whenFrom]=10-10-2026&filter[whenTo]=05-11-2026&filter[duration]=7:10&filter[from]=&filter[person]=2&filter[child]=1&filter[price]=0:11000&filter[PriceFrom]=0&filter[PriceTo]=11000&filter[addCategory]=50&filter[addCatering]=1&filter[addMisc]=0&filter[addTransport]=F&filter[fp]=1&order_by=ofr_price&filter[tourOperator]=0&filter[childAge][1]=20201210","https://fly.pl/cdn/photo/assets/uploads/582/278/2014/07/Coral-Sea-Waterworld.jpg","https://fly.pl/wycieczka/egipt,sharm-el-sheikh,c/coral-sea-water-world/p74Z35qyBWZfx_v_3309EFAAogiwVAr_uHQ-nksYc1IaRWSVATkd0Et3pHZ-B5Uah2j-0qBEpPSVAw3M_71AZIkk9QQVjPBmACagMxMm9yQpsBFAEVBhcAXANYBVYCQMoGT-IBXQBLt8oBYQBepzAR1RNS0QxTAEyssDoNqP2XCSAAAcXd1JClicygMAINYwEADPTxd9A/ofertasv/?filter[tourOperator]=JOIP&filter%5Bperson%5D=2&filter%5BchildAge%5D%5B1%5D=20201210&filter%5Bchild%5D=1"
"Coral Sea Holiday Resort","10130.0","13.10.2026 - 20.10.2026","8 dni/7 nocy","","4.5","4.5","10280","tripadvisor","Katowice","2026-09-07T16:35:31.558739+00:00","https://fly.pl/oferta/egipt-wczasy/?filter[dest]=11:&filter[hotelids]=&filter[cityids]=&filter[cregids]=&filter[ofrType]=&filter[addObjType]=&filter[whenFrom]=10-10-2026&filter[whenTo]=05-11-2026&filter[duration]=7:10&filter[from]=&filter[person]=2&filter[child]=1&filter[price]=0:11000&filter[PriceFrom]=0&filter[PriceTo]=11000&filter[addCategory]=50&filter[addCatering]=1&filter[addMisc]=0&filter[addTransport]=F&filter[fp]=1&order_by=ofr_price&filter[tourOperator]=0&filter[childAge][1]=20201210","https://fly.pl/cdn/photo/assets/uploads/582/278/2014/07/Coral-Sea-Holiday-Resort.jpg","https://fly.pl/wycieczka/egipt,sharm-el-sheikh,c/coral-sea-holiday-village/pfZtZPzf_6tb2_h8GkQ1VpAAogFNwGuo71zQ1MPy9d9_7q_FATkd0Et3pHZ-B5Uah2j-0qBEpPSVAw3M_71AZIkk9QQVjPBmACagNDR21yQpsBFAEVBhcAXANYBVYCQMoGT-IBXQBLt8oBYQBepzAR1BNS0gxTAEyssDoNqP2XCSAAAcHJuIClicygMAINYwEADCW1w7I/ofertasv/?filter[tourOperator]=JOIP&filter%5Bperson%5D=2&filter%5BchildAge%5D%5B1%5D=20201210&filter%5Bchild%5D=1"
"Pickalbatros White Beach Resort","10137.0","27.10.2026 - 03.11.2026","9 dni/7 nocy","","4.8","4.8","3758","tripadvisor","Warszawa - Modlin","2026-09-07T16:35:31.558739+00:00","https://fly.pl/oferta/egipt-wczasy/?filter[dest]=11:&filter[hotelids]=&filter[cityids]=&filter[cregids]=&filter[ofrType]=&filter[addObjType]=&filter[whenFrom]=10-10-2026&filter[whenTo]=05-11-2026&filter[duration]=7:10&filter[from]=&filter[person]=2&filter[child]=1&filter[price]=0:11000&filter[PriceFrom]=0&filter[PriceTo]=11000&filter[addCategory]=50&filter[addCatering]=1&filter[addMisc]=0&filter[addTransport]=F&filter[fp]=1&order_by=ofr_price&filter[tourOperator]=0&filter[childAge][1]=20201210","https://fly.pl/cdn/photo/assets/uploads/582/278/2015/09/Albatros-White-Beach-fly-pl.jpg","https://fly.pl/wycieczka/egipt,hurghada,c/albatros-white-beach/pNhD6-bev9LwaHFTYVfomLAAog_B0ErR8oWnBRk4ztaEy6X5eMXePUQkpobZ-BQI6-nbQqBEVYSU0w3M_71AZImU9QAVifCWACagJBSXIhHBGm-AarBJuwS7kERRuW_DcY4qFTAdjx-sYNAgBjAQIMSlM5QA/ofertasv/?filter[tourOperator]=EXIM&filter%5Bperson%5D=2&filter%5BchildAge%5D%5B1%5D=20201210&filter%5Bchild%5D=1"
"Three Corners Fayrouz Plaza Beach Resort","10166.0","17.10.2026 - 24.10.2026","8 dni/7 nocy","","4.7","4.7","13148","tripadvisor","Warszawa","2026-09-07T16:35:31.558739+00:00","https://fly.pl/oferta/egipt-wczasy/?filter[dest]=11:&filter[hotelids]=&filter[cityids]=&filter[cregids]=&filter[ofrType]=&filter[addObjType]=&filter[whenFrom]=10-10-2026&filter[whenTo]=05-11-2026&filter[duration]=7:10&filter[from]=&filter[person]=2&filter[child]=1&filter[price]=0:11000&filter[PriceFrom]=0&filter[PriceTo]=11000&filter[addCategory]=50&filter[addCatering]=1&filter[addMisc]=0&filter[addTransport]=F&filter[fp]=1&order_by=ofr_price&filter[tourOperator]=0&filter[childAge][1]=20201210","https://fly.pl/cdn/photo/assets/uploads/582/278/2014/10/The-Three-Corners-Fayrouz-Plaza.jpg","https://fly.pl/wycieczka/egipt,marsa-alam,c/three-corners-fayrouz-plaza-beach-resort/pygcCuxTAnPC7jJqA-qRpwAAogul2qAt-RGGgq6eAGCfJ17mECgtijhDrT6bu4Y7o874kqBE9SRVgw3M_71AZItk9QQVivB2ACagZDMC4yLjFyNZsBFQcXAFwDWAVWAhGKBkBAXYMkTyRemdgBU7wUUgBLsS9hAEzljDogrP2XCQ0AAhJjAQINl_k-gQ/ofertasv/?filter[tourOperator]=OREX&filter%5Bperson%5D=2&filter%5BchildAge%5D%5B1%5D=20201210&filter%5Bchild%5D=1"
"Invidia Coral Beach Tiran","10187.0","24.10.2026 - 31.10.2026","8 dni/7 nocy","","4.8","4.8","316","tripadvisor","Warszawa","2026-09-07T16:35:31.558739+00:00","https://fly.pl/oferta/egipt-wczasy/?filter[dest]=11:&filter[hotelids]=&filter[cityids]=&filter[cregids]=&filter[ofrType]=&filter[addObjType]=&filter[whenFrom]=10-10-2026&filter[whenTo]=05-11-2026&filter[duration]=7:10&filter[from]=&filter[person]=2&filter[child]=1&filter[price]=0:11000&filter[PriceFrom]=0&filter[PriceTo]=11000&filter[addCategory]=50&filter[addCatering]=1&filter[addMisc]=0&filter[addTransport]=F&filter[fp]=1&order_by=ofr_price&filter[tourOperator]=0&filter[childAge][1]=20201210","https://fly.pl/cdn/photo/assets/uploads/582/278/2014/07/Coral-Beach-Rotana-Tiran-fly-pl.jpg","https://fly.pl/wycieczka/egipt,sharm-el-sheikh,c/coral-beach-rotana-tiran/pXwNVKprJXheFQK4JMfclVAAoggxN9qaE2m6WyJpRw0deucAAAAACbhAQAuIQEAAcAEgAqBFdFWlkw3M_71AZIy09QQVjXCGADaglFbnRlciBBaXJqBDA4MDByQp4BlQEfABwBAgAWABcGESMSygMYoQQTsQIUyQRAknJMoKIBTwBLxyNQAB2Twg8gHRvXwmQNkYXeCAESYwEMYwECCx2_uks/ofertasv/?filter[tourOperator]=WEZY&filter%5Bperson%5D=2&filter%5BchildAge%5D%5B1%5D=20201210&filter%5Bchild%5D=1"
"Jaz Makadi Saraya (ex Iberotel)","10220.0","29.10.2026 - 05.11.2026","8 dni/7 nocy","","4.8","4.8","6792","tripadvisor","Warszawa","2026-09-07T16:35:31.558739+00:00","https://fly.pl/oferta/egipt-wczasy/?filter[dest]=11:&filter[hotelids]=&filter[cityids]=&filter[cregids]=&filter[ofrType]=&filter[addObjType]=&filter[whenFrom]=10-10-2026&filter[whenTo]=05-11-2026&filter[duration]=7:10&filter[from]=&filter[person]=2&filter[child]=1&filter[price]=0:11000&filter[PriceFrom]=0&filter[PriceTo]=11000&filter[addCategory]=50&filter[addCatering]=1&filter[addMisc]=0&filter[addTransport]=F&filter[fp]=1&order_by=ofr_price&filter[tourOperator]=0&filter[childAge][1]=20201210","https://fly.pl/cdn/photo/assets/uploads/582/278/2014/07/Jaz-Makadi-Saraya-ex-Iberotel-fly-pl.jpg","https://fly.pl/wycieczka/egipt,hurghada,makadi-bay/iberotel-makadi-saraya/paOyC8DFp_oQPI1FyQP9FtAAogafUsHWovFd7NbcECux7qixLqCxxQb8S86Hh0k4aD-ioqBE9SRVgw3M_71AZI7E9QQVjPCWACagZCSS4yLjFyNZsBFQcXAFwDWAVWAhEaQLAGXZsPTyRT0p0BUgBer09L7UNhAEzljDoguP2XCQ0AAhJjAQIMlS1ojQ/ofertasv/?filter[tourOperator]=OREX&filter%5Bperson%5D=2&filter%5BchildAge%5D%5B1%5D=20201210&filter%5Bchild%5D=1"
"Utopia Blue Resort","10247.0","13.10.2026 - 20.10.2026","8 dni/7 nocy","","","","","","Warszawa","2026-09-07T16:35:31.558739+00:00","https://fly.pl/oferta/egipt-wczasy/?filter[dest]=11:&filter[hotelids]=&filter[cityids]=&filter[cregids]=&filter[ofrType]=&filter[addObjType]=&filter[whenFrom]=10-10-2026&filter[whenTo]=05-11-2026&filter[duration]=7:10&filter[from]=&filter[person]=2&filter[child]=1&filter[price]=0:11000&filter[PriceFrom]=0&filter[PriceTo]=11000&filter[addCategory]=50&filter[addCatering]=1&filter[addMisc]=0&filter[addTransport]=F&filter[fp]=1&order_by=ofr_price&filter[tourOperator]=0&filter[childAge][1]=20201210","https://datacfstatic.merlinx.pl/EXIM/IMG/104804/47170af13502131b7b7d23ecf494e622a96110e1a4bfcf3019d7db4830283601.webp","https://fly.pl/wycieczka/egipt,marsa-alam,c/utopia-blue-resort-13/prk2cQY-N_SvrMaoHaOTFmAAog7LoBMf_sRZgkiXEkbKVWHxKmO4qxhDmkVrGyFJIXvhQqBEVYSU0w3M_71AZIh1BQAVjPBmACagJBSXIhHBHksga5BIiMPqsEHBvc1y0Yr_ozAZeu2tQIAgBjAQIMO8XJnw/ofertasv/?filter[tourOperator]=EXIM&filter%5Bperson%5D=2&filter%5BchildAge%5D%5B1%5D=20201210&filter%5Bchild%5D=1"
"Sunrise Alora Aqua Park Resort","10247.0","11.10.2026 - 18.10.2026","8 dni/7 nocy","","3.5","3.5","1838","tripadvisor","Katowice","2026-09-07T16:35:31.558739+00:00","https://fly.pl/oferta/egipt-wczasy/?filter[dest]=11:&filter[hotelids]=&filter[cityids]=&filter[cregids]=&filter[ofrType]=&filter[addObjType]=&filter[whenFrom]=10-10-2026&filter[whenTo]=05-11-2026&filter[duration]=7:10&filter[from]=&filter[person]=2&filter[child]=1&filter[price]=0:11000&filter[PriceFrom]=0&filter[PriceTo]=11000&filter[addCategory]=50&filter[addCatering]=1&filter[addMisc]=0&filter[addTransport]=F&filter[fp]=1&order_by=ofr_price&filter[tourOperator]=0&filter[childAge][1]=20201210","https://fly.pl/cdn/photo/assets/uploads/582/278/2014/11/Hawaii-Caesar-Palace-Aqua-Park-ex-Mirage-Aqua-Park-fly-pl.jpg","https://fly.pl/wycieczka/egipt,hurghada,c/mirage-aqua-park-spa-cesar-palace/pu55jbAb5zBV8gPjHzC1PxAAogSrppr4Bunj7TTWiUkSmnzQRCB766SlLphSaj_O9l8lYqBEJWUFIw3M_71AZIh1BQAVifBmACag1BbGwgaW5jbHVzaXZlciAcEdJGG83vBBjr8wy5BJrhE6sENQGl4-DEAQIAYwECCwJ_zFw/ofertasv/?filter[tourOperator]=BVPR&filter%5Bperson%5D=2&filter%5BchildAge%5D%5B1%5D=20201210&filter%5Bchild%5D=1"
"Pickalbatros Aqua Park Resort (Sharm El Sheikh)","10400.0","27.10.2026 - 03.11.2026","8 dni/7 nocy","","4.8","4.8","3568","tripadvisor","Warszawa - Modlin","2026-09-07T16:35:31.558739+00:00","https://fly.pl/oferta/egipt-wczasy/?filter[dest]=11:&filter[hotelids]=&filter[cityids]=&filter[cregids]=&filter[ofrType]=&filter[addObjType]=&filter[whenFrom]=10-10-2026&filter[whenTo]=05-11-2026&filter[duration]=7:10&filter[from]=&filter[person]=2&filter[child]=1&filter[price]=0:11000&filter[PriceFrom]=0&filter[PriceTo]=11000&filter[addCategory]=50&filter[addCatering]=1&filter[addMisc]=0&filter[addTransport]=F&filter[fp]=1&order_by=ofr_price&filter[tourOperator]=0&filter[childAge][1]=20201210","https://fly.pl/cdn/photo/assets/uploads/582/278/2017/08/Albatros-Aqua-Park-Sharm.jpg","https://fly.pl/wycieczka/egipt,sharm-el-sheikh,szarm-el-szejk/albatros-aqua-park-sharm-el-sheikh/psEPwyZScTUBujTtBn6rRVAAog0NvYaIKbe0DUeHxGxaUjZZgpXVUQjygZk0IwIA3_YjEqBE9BU0kw3M_71AZIoFFQAVifCWACagNBSWxyIRwRoa8BuQSj9w-rBAIbjLUPGNeAEwH70PalAgIAYwECDFwE1oM/ofertasv/?filter[tourOperator]=OASI&filter%5Bperson%5D=2&filter%5BchildAge%5D%5B1%5D=20201210&filter%5Bchild%5D=1"
"Sheraton Miramar Resort (El Gouna)","10409.0","29.10.2026 - 05.11.2026","8 dni/7 nocy","","4.7","4.7","6333","tripadvisor","Warszawa","2026-09-07T16:35:31.558739+00:00","https://fly.pl/oferta/egipt-wczasy/?filter[dest]=11:&filter[hotelids]=&filter[cityids]=&filter[cregids]=&filter[ofrType]=&filter[addObjType]=&filter[whenFrom]=10-10-2026&filter[whenTo]=05-11-2026&filter[duration]=7:10&filter[from]=&filter[person]=2&filter[child]=1&filter[price]=0:11000&filter[PriceFrom]=0&filter[PriceTo]=11000&filter[addCategory]=50&filter[addCatering]=1&filter[addMisc]=0&filter[addTransport]=F&filter[fp]=1&order_by=ofr_price&filter[tourOperator]=0&filter[childAge][1]=20201210","https://fly.pl/cdn/photo/assets/uploads/582/278/2014/07/Sheraton-Miramar-El-Gouna-1.jpg","https://fly.pl/wycieczka/egipt,hurghada,el-gouna/sheraton-miramar-el-gouna/pG_a57oRRN9ta6K3gWIynFAAog0p9F1dC1Fs6tjuRQEl_jExLqCxxQb8S86Hh0k4aD-ioqBE9SRVgw3M_71AZIqVFQQVjPCWACagZFQy4yLjFyNZsBFQcXAFwDWAVWAhE7QI8GXZsPTyRT0p0BUgBer09L7UNhAEzljDoguP2XCQ0AAhJjAQIMeNCJjg/ofertasv/?filter[tourOperator]=OREX&filter%5Bperson%5D=2&filter%5BchildAge%5D%5B1%5D=20201210&filter%5Bchild%5D=1"
"Pickalbatros Luxury Suites","10507.0","24.10.2026 - 31.10.2026","8 dni/7 nocy","","4.8","4.8","356","tripadvisor","Warszawa","2026-09-07T16:35:31.558739+00:00","https://fly.pl/oferta/egipt-wczasy/?filter[dest]=11:&filter[hotelids]=&filter[cityids]=&filter[cregids]=&filter[ofrType]=&filter[addObjType]=&filter[whenFrom]=10-10-2026&filter[whenTo]=05-11-2026&filter[duration]=7:10&filter[from]=&filter[person]=2&filter[child]=1&filter[price]=0:11000&filter[PriceFrom]=0&filter[PriceTo]=11000&filter[addCategory]=50&filter[addCatering]=1&filter[addMisc]=0&filter[addTransport]=F&filter[fp]=1&order_by=ofr_price&filter[tourOperator]=0&filter[childAge][1]=20201210","https://fly.pl/cdn/photo/assets/uploads/582/278/2023/04/Pickalbatros-Luxury-Suites.jpg","https://fly.pl/wycieczka/egipt,sharm-el-sheikh,szarm-el-szejk/golf-villas-sharm-el-sheikh-by-rixos-11/pfe0jgn6UWIHxnoeUrZQfdAAogvUwJ2iYfAEDJh6BbSI8YawAAAACbhAQAuIQEAAcAEgAqBFdFWlkw3M_71AZIi1JQQVjXCGADaglFbnRlciBBaXJqBDA4MDByQp4BlQEfABwBAgAWBBcCG3AS_QIYoQQTsQIUyQRAknJMoKIBTwBLxyNQABGfggId9L8NIB0N6MfCCQESYwENYwEEDFw4Sh0/ofertasv/?filter[tourOperator]=WEZY&filter%5Bperson%5D=2&filter%5BchildAge%5D%5B1%5D=20201210&filter%5Bchild%5D=1"
"Domina Coral Bay Sultan","10552.0","13.10.2026 - 20.10.2026","8 dni/7 nocy","","4.2","4.2","12412","tripadvisor","Katowice","2026-09-07T16:35:31.558739+00:00","https://fly.pl/oferta/egipt-wczasy/?filter[dest]=11:&filter[hotelids]=&filter[cityids]=&filter[cregids]=&filter[ofrType]=&filter[addObjType]=&filter[whenFrom]=10-10-2026&filter[whenTo]=05-11-2026&filter[duration]=7:10&filter[from]=&filter[person]=2&filter[child]=1&filter[price]=0:11000&filter[PriceFrom]=0&filter[PriceTo]=11000&filter[addCategory]=50&filter[addCatering]=1&filter[addMisc]=0&filter[addTransport]=F&filter[fp]=1&order_by=ofr_price&filter[tourOperator]=0&filter[childAge][1]=20201210","https://fly.pl/cdn/photo/assets/uploads/582/278/2014/07/Domina-Coral-Bay-Sultan.jpg","https://fly.pl/wycieczka/egipt,sharm-el-sheikh,c/domina-coral-bay-sultan/pqn_8YCsIRG0VabgusdzeHAAogqRHyLXLOaXygHFM-xpbs6lATkd0Et3pHZ-B5Uah2j-0qBEpPSVAw3M_71AZIuFJQQVjPBmACagM5b0dyQpsBFAEVBhcAXANYBVYCQMoGT-IBXQAR4sgBS9UBYQBepzBSpiBTAEyssDoNqP2XCSAAAbTHtJC0icygMAINYwEADGDEmOE/ofertasv/?filter[tourOperator]=JOIP&filter%5Bperson%5D=2&filter%5BchildAge%5D%5B1%5D=20201210&filter%5Bchild%5D=1"
"Club Magic Life Kalawy","10653.0","22.10.2026 - 29.10.2026","8 dni/7 nocy","","4.5","4.5","1718","tripadvisor","Poznań","2026-09-07T16:35:31.558739+00:00","https://fly.pl/oferta/egipt-wczasy/?filter[dest]=11:&filter[hotelids]=&filter[cityids]=&filter[cregids]=&filter[ofrType]=&filter[addObjType]=&filter[whenFrom]=10-10-2026&filter[whenTo]=05-11-2026&filter[duration]=7:10&filter[from]=&filter[person]=2&filter[child]=1&filter[price]=0:11000&filter[PriceFrom]=0&filter[PriceTo]=11000&filter[addCategory]=50&filter[addCatering]=1&filter[addMisc]=0&filter[addTransport]=F&filter[fp]=1&order_by=ofr_price&filter[tourOperator]=0&filter[childAge][1]=20201210","https://fly.pl/cdn/photo/assets/uploads/582/278/2015/02/Club-Magic-Life-Kalawy-fly-pl.jpg","https://fly.pl/wycieczka/egipt,hurghada,safaga/club-magic-life-kalawy-imperial/puL6uuYT0i8zpWqmcumJLZAAogDSq1EBp0iJKDNIvrn_xb-5j2EgkIFa_Mgu92YpAjLMYqBFNGUEww3M_71AZInVNQQVinCGACciMVBwsAIgQSI0D6AlvjBFyv_AUN5MzOCVHRmb72AwISYwECBWmYU6g/ofertasv/?filter[tourOperator]=SFPL&filter%5Bperson%5D=2&filter%5BchildAge%5D%5B1%5D=20201210&filter%5Bchild%5D=1"
"Sunrise Royal Makadi Aqua Resort","10665.0","29.10.2026 - 05.11.2026","8 dni/7 nocy","","4.7","4.7","13699","tripadvisor","Warszawa","2026-09-07T16:35:31.558739+00:00","https://fly.pl/oferta/egipt-wczasy/?filter[dest]=11:&filter[hotelids]=&filter[cityids]=&filter[cregids]=&filter[ofrType]=&filter[addObjType]=&filter[whenFrom]=10-10-2026&filter[whenTo]=05-11-2026&filter[duration]=7:10&filter[from]=&filter[person]=2&filter[child]=1&filter[price]=0:11000&filter[PriceFrom]=0&filter[PriceTo]=11000&filter[addCategory]=50&filter[addCatering]=1&filter[addMisc]=0&filter[addTransport]=F&filter[fp]=1&order_by=ofr_price&filter[tourOperator]=0&filter[childAge][1]=20201210","https://fly.pl/cdn/photo/assets/uploads/582/278/2014/09/Sunrise-Royal-Makadi-Aqua-Resort.jpg","https://fly.pl/wycieczka/egipt,hurghada,makadi-bay/sunrise-select-royal-makadi/pnBQi9HHNjx2855x54pWruAAogtwwmzNsUN1yQdf1R0AQYFRLqCxxQb8S86Hh0k4aD-ioqBE9SRVgw3M_71AZIqVNQQVjPCWACagZVMy4yLjFyNpsBFQcXAFwDWAVWAkDKBl2bD08kEawDU6aaAVIAXq9PS-1DYQBM5Yw6ILj9lwkNAAISYwECC8FeFXg/ofertasv/?filter[tourOperator]=OREX&filter%5Bperson%5D=2&filter%5BchildAge%5D%5B1%5D=20201210&filter%5Bchild%5D=1"
"Sunrise Diamond Beach Resort Grand Select","10682.0","27.10.2026 - 03.11.2026","8 dni/7 nocy","","4.8","4.8","3464","tripadvisor","Katowice","2026-09-07T16:35:31.558739+00:00","https://fly.pl/oferta/egipt-wczasy/?filter[dest]=11:&filter[hotelids]=&filter[cityids]=&filter[cregids]=&filter[ofrType]=&filter[addObjType]=&filter[whenFrom]=10-10-2026&filter[whenTo]=05-11-2026&filter[duration]=7:10&filter[from]=&filter[person]=2&filter[child]=1&filter[price]=0:11000&filter[PriceFrom]=0&filter[PriceTo]=11000&filter[addCategory]=50&filter[addCatering]=1&filter[addMisc]=0&filter[addTransport]=F&filter[fp]=1&order_by=ofr_price&filter[tourOperator]=0&filter[childAge][1]=20201210","https://fly.pl/cdn/photo/assets/uploads/582/278/2014/07/Sunrise-Diamond-Beach-Sharm.jpg","https://fly.pl/wycieczka/egipt,sharm-el-sheikh,szarm-el-szejk/sunrise-select-diamond-beach-resort/pUvWzLmMHN7sntumAWH222AAogOCuVKYo9s_lLewCal4nVH5iOJRWsh6gOKZFMb9cUpAkqBE9BU0kw3M_71AZIulNQAVifCWACagNBSWxyIhwRv68BuQTF9g-rBIABG8G8DxiVhhMBodnHpgICAGMBAgtRgIWL/ofertasv/?filter[tourOperator]=OASI&filter%5Bperson%5D=2&filter%5BchildAge%5D%5B1%5D=20201210&filter%5Bchild%5D=1"
"Sunrise Montemare Resort","10684.0","28.10.2026 - 04.11.2026","9 dni/7 nocy","","4.7","4.7","5203","tripadvisor","Gdańsk","2026-09-07T16:35:31.558739+00:00","https://fly.pl/oferta/egipt-wczasy/?filter[dest]=11:&filter[hotelids]=&filter[cityids]=&filter[cregids]=&filter[ofrType]=&filter[addObjType]=&filter[whenFrom]=10-10-2026&filter[whenTo]=05-11-2026&filter[duration]=7:10&filter[from]=&filter[person]=2&filter[child]=1&filter[price]=0:11000&filter[PriceFrom]=0&filter[PriceTo]=11000&filter[addCategory]=50&filter[addCatering]=1&filter[addMisc]=0&filter[addTransport]=F&filter[fp]=1&order_by=ofr_price&filter[tourOperator]=0&filter[childAge][1]=20201210","https://fly.pl/cdn/photo/assets/uploads/582/278/2024/07/sunrise-montemare-resort-grand-select.jpg","https://fly.pl/wycieczka/egipt,sharm-el-sheikh,c/sunrise-select-montemare/pLxDYEe77s0sCjCjuWfprgAAoge4NhJSI5dlbPaxyom4Abt3IhrbyPomD2uW-Fwn8rcgYqBE9BU0kw3M_71AZIvFNQAVi3CWACagNBSWxyIRwRxa8BuQSuqxCrBBIb7JUMGIr9EwGzmp6pAgIAYwECC1eI-lc/ofertasv/?filter[tourOperator]=OASI&filter%5Bperson%5D=2&filter%5BchildAge%5D%5B1%5D=20201210&filter%5Bchild%5D=1"
"Serenity Alma Heights Ross Park Collection","10711.0","25.10.2026 - 01.11.2026","8 dni/7 nocy","","","","","","Katowice","2026-09-07T16:35:31.558739+00:00","https://fly.pl/oferta/egipt-wczasy/?filter[dest]=11:&filter[hotelids]=&filter[cityids]=&filter[cregids]=&filter[ofrType]=&filter[addObjType]=&filter[whenFrom]=10-10-2026&filter[whenTo]=05-11-2026&filter[duration]=7:10&filter[from]=&filter[person]=2&filter[child]=1&filter[price]=0:11000&filter[PriceFrom]=0&filter[PriceTo]=11000&filter[addCategory]=50&filter[addCatering]=1&filter[addMisc]=0&filter[addTransport]=F&filter[fp]=1&order_by=ofr_price&filter[tourOperator]=0&filter[childAge][1]=20201210","https://datacfstatic.merlinx.pl/WEZY/IMG/80006/cbfb74e746eae233c5bd2dcca61af959ab13896516aa3e1f5b00669f16a12ada.webp","https://fly.pl/wycieczka/egipt,hurghada,makadi-bay/serenity-alma-heights-ross-park-collection-9/pIjyPYCT3Vmc8EblaOTSonAAogkqp5jsMiUwUBQMWH4R4vVAAAAACuggQAfrsEAAcAAAAqBFdFWlkw3M_71AZI11NQQVjvCGADaglFbnRlciBBaXJqBDA1MjVqBDAwMDBqBDAwMDByQp4BkwGVAZgBHwACARwAFwYWABLWBBTTBEDxd0_LMkwAS4gfUAARkp4DHaiUDSDQcRvtjWINtszfCAESYwENYwECBiJ95FM/ofertasv/?filter[tourOperator]=WEZY&filter%5Bperson%5D=2&filter%5BchildAge%5D%5B1%5D=20201210&filter%5Bchild%5D=1"
"Sentido Naga Bay","10737.0","15.10.2026 - 22.10.2026","8 dni/7 nocy","","","","","","Katowice","2026-09-07T16:35:31.558739+00:00","https://fly.pl/oferta/egipt-wczasy/?filter[dest]=11:&filter[hotelids]=&filter[cityids]=&filter[cregids]=&filter[ofrType]=&filter[addObjType]=&filter[whenFrom]=10-10-2026&filter[whenTo]=05-11-2026&filter[duration]=7:10&filter[from]=&filter[person]=2&filter[child]=1&filter[price]=0:11000&filter[PriceFrom]=0&filter[PriceTo]=11000&filter[addCategory]=50&filter[addCatering]=1&filter[addMisc]=0&filter[addTransport]=F&filter[fp]=1&order_by=ofr_price&filter[tourOperator]=0&filter[childAge][1]=20201210","https://datacfstatic.merlinx.pl/EXIM/IMG/107999/9691dd57e47cec1e96befde9ca4a24ec0aaad7165dd6c455160b011f15ee59d5.webp","https://fly.pl/wycieczka/egipt,hurghada,c/sentido-naga-bay-11/pCxQts_6nQj5fDW7RcMTisAAogbOlqVFKAVY7KKBjBNz-6dfvQ1Wl57y08J_0PeUHiXOgqBEVYSU0w3s_71AZI8VNQAVj_BmACagJBSXIhHBHfywa5BP_vPasEHBuQ5D0Y0fE-AdD2p4sLAgBjAQIGqnlpEQ/ofertasv/?filter[tourOperator]=EXIM&filter%5Bperson%5D=2&filter%5BchildAge%5D%5B1%5D=20201210&filter%5Bchild%5D=1"
"Movenpick Resort Sharm el Sheikh","10930.0","27.10.2026 - 03.11.2026","8 dni/7 nocy","","4.6","4.6","5338","tripadvisor","Warszawa - Modlin","2026-09-07T16:35:31.558739+00:00","https://fly.pl/oferta/egipt-wczasy/?filter[dest]=11:&filter[hotelids]=&filter[cityids]=&filter[cregids]=&filter[ofrType]=&filter[addObjType]=&filter[whenFrom]=10-10-2026&filter[whenTo]=05-11-2026&filter[duration]=7:10&filter[from]=&filter[person]=2&filter[child]=1&filter[price]=0:11000&filter[PriceFrom]=0&filter[PriceTo]=11000&filter[addCategory]=50&filter[addCatering]=1&filter[addMisc]=0&filter[addTransport]=F&filter[fp]=1&order_by=ofr_price&filter[tourOperator]=0&filter[childAge][1]=20201210","https://fly.pl/cdn/photo/assets/uploads/582/278/2015/03/Movenpick-Golf-Club-fly-pl.jpg","https://fly.pl/wycieczka/egipt,sharm-el-sheikh,c/moevenpick-golf-club/p4KbAplIyX-Y7JWRADx27oAAoggYxFANjNUEwY8wCPYSQ_YJgpXVUQjygZk0IwIA3_YjEqBE9BU0kw3s_71AZIslVQAVifCWACagNBSWxyIRwRqa8BuQSb9w-rBAIb1rwPGIeGEwGhx8mmAgIAYwECCyIPEIA/ofertasv/?filter[tourOperator]=OASI&filter%5Bperson%5D=2&filter%5BchildAge%5D%5B1%5D=20201210&filter%5Bchild%5D=1"
"Titanic Royal","10947.0","29.10.2026 - 05.11.2026","8 dni/7 nocy","","4.8","4.8","4628","tripadvisor","Katowice","2026-09-07T16:35:31.558739+00:00","https://fly.pl/oferta/egipt-wczasy/?filter[dest]=11:&filter[hotelids]=&filter[cityids]=&filter[cregids]=&filter[ofrType]=&filter[addObjType]=&filter[whenFrom]=10-10-2026&filter[whenTo]=05-11-2026&filter[duration]=7:10&filter[from]=&filter[person]=2&filter[child]=1&filter[price]=0:11000&filter[PriceFrom]=0&filter[PriceTo]=11000&filter[addCategory]=50&filter[addCatering]=1&filter[addMisc]=0&filter[addTransport]=F&filter[fp]=1&order_by=ofr_price&filter[tourOperator]=0&filter[childAge][1]=20201210","https://fly.pl/cdn/photo/assets/uploads/582/278/2018/12/Titanic-Royal-fly-pl.jpg","https://fly.pl/wycieczka/egipt,hurghada,c/titanic-royal/pHXSp0_9zjAHJGfgVATRBQAAogxNkU8zA0dTXrxLUluVO32bdIKsajkLlQ5dO66ZbpewEqBEVYSU0w3s_71AZIw1VQAVjPCWACagNVQUlyIxwRkrsGuQTOgD6rBLyKChvw5EQYt-RIAeizjbgNAgBjAQILw5LgGw/ofertasv/?filter[tourOperator]=EXIM&filter%5Bperson%5D=2&filter%5BchildAge%5D%5B1%5D=20201210&filter%5Bchild%5D=1"
