"hotel_name","price","dates","duration","duration_bucket","rating","ta_rating","ta_review_count","ta_source","departure_airport","scraped_at","url","image_url","offer_url"
"<<<<<<< Updated upstream","","","","","","","","","","","","",""
"=======","","","","","","","","","","","","",""
">>>>>>> Stashed changes","","","","","","","","","","","","",""
"<<<<<<< Updated upstream","","","","","","","","","","","","",""
"<<<<<<< Updated upstream","","","","","","","","","","","","",""
"<<<<<<< Updated upstream","","","","","","","","","","","","",""
"=======","","","","","","","","","","","","",""
"=======","","","","","","","","","","","","",""
"=======","","","","","","","","","","","","",""
">>>>>>> Stashed changes","","","","","","","","","","","","",""
"<<<<<<< Updated upstream","","","","","","","","","","","","",""
">>>>>>> Stashed changes","","","","","","","","","","","","",""
"=======","","","","","","","","","","","","",""
">>>>>>> Stashed changes","","","","","","","","","","","","",""
"=======","","","","","","","","","","","","",""
">>>>>>> Stashed changes","","","","","","","","","","","","",""
">>>>>>> Stashed changes","","","","","","","","","","","","",""
"<<<<<<< Updated upstream","","","","","","","","","","","","",""
"<<<<<<< Updated upstream","","","","","","","","","","","","",""
"<<<<<<< Updated upstream","","","","","","","","","","","","",""
"=======","","","","","","","","","","","","",""
"=======","","","","","","","","","","","","",""
"=======","","","","","","","","","","","","",""
">>>>>>> Stashed changes","","","","","","","","","","","","",""
"<<<<<<< Updated upstream","","","","","","","","","","","","",""
">>>>>>> Stashed changes","","","","","","","","","","","","",""
"=======","","","","","","","","","","","","",""
">>>>>>> Stashed changes","","","","","","","","","","","","",""
"=======","","","","","","","","","","","","",""
">>>>>>> Stashed changes","","","","","","","","","","","","",""
">>>>>>> Stashed changes","","","","","","","","","","","","",""
"<<<<<<< Updated upstream","","","","","","","","","","","","",""
"<<<<<<< Updated upstream","","","","","","","","","","","","",""
"<<<<<<< Updated upstream","","","","","","","","","","","","",""
"=======","","","","","","","","","","","","",""
"=======","","","","","","","","","","","","",""
"=======","","","","","","","","","","","","",""
">>>>>>> Stashed changes","","","","","","","","","","","","",""
"<<<<<<< Updated upstream","","","","","","","","","","","","",""
">>>>>>> Stashed changes","","","","","","","","","","","","",""
"=======","","","","","","","","","","","","",""
">>>>>>> Stashed changes","","","","","","","","","","","","",""
"=======","","","","","","","","","","","","",""
">>>>>>> Stashed changes","","","","","","","","","","","","",""
">>>>>>> Stashed changes","","","","","","","","","","","","",""
"<<<<<<< Updated upstream","","","","","","","","","","","","",""
"<<<<<<< Updated upstream","","","","","","","","","","","","",""
"<<<<<<< Updated upstream","","","","","","","","","","","","",""
"=======","","","","","","","","","","","","",""
"=======","","","","","","","","","","","","",""
"=======","","","","","","","","","","","","",""
">>>>>>> Stashed changes","","","","","","","","","","","","",""
"<<<<<<< Updated upstream","","","","","","","","","","","","",""
">>>>>>> Stashed changes","","","","","","","","","","","","",""
"=======","","","","","","","","","","","","",""
">>>>>>> Stashed changes","","","","","","","","","","","","",""
"=======","","","","","","","","","","","","",""
">>>>>>> Stashed changes","","","","","","","","","","","","",""
">>>>>>> Stashed changes","","","","","","","","","","","","",""
"<<<<<<< Updated upstream","","","","","","","","","","","","",""
"<<<<<<< Updated upstream","","","","","","","","","","","","",""
"=======","","","","","","","","","","","","",""
">>>>>>> Stashed changes","","","","","","","","","","","","",""
"=======","","","","","","","","","","","","",""
">>>>>>> Stashed changes","","","","","","","","","","","","",""
"<<<<<<< Updated upstream","","","","","","","","","","","","",""
"=======","","","","","","","","","","","","",""
">>>>>>> Stashed changes","","","","","","","","","","","","",""
"<<<<<<< Updated upstream","","","","","","","","","","","","",""
"=======","","","","","","","","","","","","",""
">>>>>>> Stashed changes","","","","","","","","","","","","",""
"<<<<<<< Updated upstream","","","","","","","","","","","","",""
"=======","","","","","","","","","","","","",""
">>>>>>> Stashed changes","","","","","","","","","","","","",""
"<<<<<<< Updated upstream","","","","","","","","","","","","",""
"=======","","","","","","","","","","","","",""
">>>>>>> Stashed changes","","","","","","","","","","","","",""
"<<<<<<< Updated upstream","","","","","","","","","","","","",""
"=======","","","","","","","","","","","","",""
">>>>>>> Stashed changes","","","","","","","","","","","","",""
"<<<<<<< Updated upstream","","","","","","","","","","","","",""
"=======","","","","","","","","","","","","",""
">>>>>>> Stashed changes","","","","","","","","","","","","",""
"<<<<<<< Updated upstream","","","","","","","","","","","","",""
"=======","","","","","","","","","","","","",""
">>>>>>> Stashed changes","","","","","","","","","","","","",""
"Novotel Marsa Alam Egipt, Marsa Alam","6327.0","28.10.2026 - 04.11.2026","8 dni/7 nocy","","4.5","4.5","3679","tripadvisor","Warszawa - Modlin","2026-09-14T01:15:56.039352+00:00","https://fly.pl/oferta/egipt-wczasy/?filter[dest]=11:&filter[hotelids]=&filter[cityids]=&filter[cregids]=&filter[ofrType]=&filter[addObjType]=&filter[whenFrom]=10-10-2026&filter[whenTo]=05-11-2026&filter[duration]=7:10&filter[from]=Warszawa%20-%20Radom,Warszawa,Warszawa%20-%20Modlin&filter[person]=2&filter[child]=1&filter[price]=0:11000&filter[PriceFrom]=0&filter[PriceTo]=11000&filter[addCategory]=50&filter[addCatering]=1&filter[addMisc]=0&filter[addTransport]=F&filter[fp]=1&order_by=ofr_price&filter[tourOperator]=0&filter[childAge][1]=20201210","https://fly.pl/cdn/photo/assets/uploads/582/278/2015/09/Novotel-Marsa-Alam.jpg","https://fly.pl/wycieczka/egipt,marsa-alam,c/novotel-marsa-alam/p754KA1-VJbMNmdZEqqOM4AAogWJrp3xa2Df-utlE2SwfudhMX033-gYOoV0TNZ_GKOrIqBEVYSU0wzJWd1QZItzFQAVieCGACagJBSXIhHBHO_wa5BJKtS6sEPhuSrUAY_fVHAZeH36wNAhJjAQIFb-Ughg/ofertasv/?filter[tourOperator]=EXIM&filter%5Bperson%5D=2&filter%5BchildAge%5D%5B1%5D=20201210&filter%5Bchild%5D=1"
"Jaz Grand Marsa (ex Resta Grand Resort) Egipt, Marsa Alam, Madinat Coraya","6487.0","28.10.2026 - 04.11.2026","8 dni/7 nocy","","4.6","4.6","6430","tripadvisor","Warszawa - Modlin","2026-09-14T01:15:56.039352+00:00","https://fly.pl/oferta/egipt-wczasy/?filter[dest]=11:&filter[hotelids]=&filter[cityids]=&filter[cregids]=&filter[ofrType]=&filter[addObjType]=&filter[whenFrom]=10-10-2026&filter[whenTo]=05-11-2026&filter[duration]=7:10&filter[from]=Warszawa%20-%20Radom,Warszawa,Warszawa%20-%20Modlin&filter[person]=2&filter[child]=1&filter[price]=0:11000&filter[PriceFrom]=0&filter[PriceTo]=11000&filter[addCategory]=50&filter[addCatering]=1&filter[addMisc]=0&filter[addTransport]=F&filter[fp]=1&order_by=ofr_price&filter[tourOperator]=0&filter[childAge][1]=20201210","https://fly.pl/cdn/photo/assets/uploads/582/278/2014/09/grand.jpg","https://fly.pl/wycieczka/egipt,marsa-alam,madinat-coraya/resta-grand-resort/ptP-B27qZ6fjcfQ-9mljJKAAog8ooSOa1D1oQqD4ncF5FiPBMX033-gYOoV0TNZ_GKOrIqBEVYSU0wzJWd1QZI1zJQAVieCGACagJBSXIhHBG-2Qa5BKLTS6sEPhur5DUY0e9VAf3G5csNAgBjAQIMAeqkrw/ofertasv/?filter[tourOperator]=EXIM&filter%5Bperson%5D=2&filter%5BchildAge%5D%5B1%5D=20201210&filter%5Bchild%5D=1"
"Gemma Resort (ex. Labranda Gemma Premium Resort) Egipt, Marsa Alam","6686.0","28.10.2026 - 04.11.2026","8 dni/7 nocy","","4.5","4.5","5576","tripadvisor","Warszawa - Modlin","2026-09-14T01:15:56.039352+00:00","https://fly.pl/oferta/egipt-wczasy/?filter[dest]=11:&filter[hotelids]=&filter[cityids]=&filter[cregids]=&filter[ofrType]=&filter[addObjType]=&filter[whenFrom]=10-10-2026&filter[whenTo]=05-11-2026&filter[duration]=7:10&filter[from]=Warszawa%20-%20Radom,Warszawa,Warszawa%20-%20Modlin&filter[person]=2&filter[child]=1&filter[price]=0:11000&filter[PriceFrom]=0&filter[PriceTo]=11000&filter[addCategory]=50&filter[addCatering]=1&filter[addMisc]=0&filter[addTransport]=F&filter[fp]=1&order_by=ofr_price&filter[tourOperator]=0&filter[childAge][1]=20201210","https://fly.pl/cdn/photo/assets/uploads/582/278/2015/06/Gemma-Resort.jpg","https://fly.pl/wycieczka/egipt,marsa-alam,c/gemma-resort/phSXN9hA4Og7mPTFcOw_pPAAogHiOKQ9_PoFDmg_Hh_7yl7hNTnlqlLqBHtLF6YzgD78cqBE9BU0kwzJWd1QZInjRQAVieCGACagNBSWxyIRwRlKQBqwTW_w-5BAgb6IANGMW5EwG54eeZAgIAYwECDdaZlhw/ofertasv/?filter[tourOperator]=OASI&filter%5Bperson%5D=2&filter%5BchildAge%5D%5B1%5D=20201210&filter%5Bchild%5D=1"
"Rewaya Luxury Resort Egipt, Hurghada","6867.0","27.10.2026 - 03.11.2026","9 dni/7 nocy","","","","","","Warszawa - Modlin","2026-09-14T01:15:56.039352+00:00","https://fly.pl/oferta/egipt-wczasy/?filter[dest]=11:&filter[hotelids]=&filter[cityids]=&filter[cregids]=&filter[ofrType]=&filter[addObjType]=&filter[whenFrom]=10-10-2026&filter[whenTo]=05-11-2026&filter[duration]=7:10&filter[from]=Warszawa%20-%20Radom,Warszawa,Warszawa%20-%20Modlin&filter[person]=2&filter[child]=1&filter[price]=0:11000&filter[PriceFrom]=0&filter[PriceTo]=11000&filter[addCategory]=50&filter[addCatering]=1&filter[addMisc]=0&filter[addTransport]=F&filter[fp]=1&order_by=ofr_price&filter[tourOperator]=0&filter[childAge][1]=20201210","https://datacfstatic.merlinx.pl/EXIM/IMG/114587/d4eb92cfe350c7a33d54f02107ec3a32db9ef7ad1d4e95c8b7b4944e33e5d7b4.webp","https://fly.pl/wycieczka/egipt,hurghada,c/rewaya-luxury-resort-9/p7JvZT8tT6Uoqkd_FO8g4WAAogTWDU4mOjr7xNP9MoWGXuYJeMXePUQkpobZ-BQI6-nbQqBEVYSU0wzJWd1QZI0zVQAViGCGACagNVQUlyIRwRm_8GqwSmqUu5BEUb6p5AGO_mRwHakd2rDQISYwECDWc28Fo/ofertasv/?filter[tourOperator]=EXIM&filter%5Bperson%5D=2&filter%5BchildAge%5D%5B1%5D=20201210&filter%5Bchild%5D=1"
"AMC Royal Hotel & Spa (ex. AMC Azur Resort) Egipt, Hurghada","6881.0","22.10.2026 - 29.10.2026","8 dni/7 nocy","","4.4","4.4","3067","tripadvisor","Warszawa - Radom","2026-09-14T01:15:56.039352+00:00","https://fly.pl/oferta/egipt-wczasy/?filter[dest]=11:&filter[hotelids]=&filter[cityids]=&filter[cregids]=&filter[ofrType]=&filter[addObjType]=&filter[whenFrom]=10-10-2026&filter[whenTo]=05-11-2026&filter[duration]=7:10&filter[from]=Warszawa%20-%20Radom,Warszawa,Warszawa%20-%20Modlin&filter[person]=2&filter[child]=1&filter[price]=0:11000&filter[PriceFrom]=0&filter[PriceTo]=11000&filter[addCategory]=50&filter[addCatering]=1&filter[addMisc]=0&filter[addTransport]=F&filter[fp]=1&order_by=ofr_price&filter[tourOperator]=0&filter[childAge][1]=20201210","https://fly.pl/cdn/photo/assets/uploads/582/278/2014/07/AMC-Royal-Resort.jpg","https://fly.pl/wycieczka/egipt,hurghada,c/amc-royal-ex-amc-azur-resort/pOVzvhKO_G4YF3AfVdGBKAAAogEeD8sdM0_6YSeso2VpnVRyWlkVtJMYzcX-uCortsPpUqBE9SRVgwzJWd1QZI4TVQQViOB2ACagVFLjIuMXI1mwEVBxcAXANYBVYCEQRAxgZd0w5PbFPSnQFSAF6vT0uBEmEATNG-OiCx_ZcJDQACEmMBAgxxCEh2/ofertasv/?filter[tourOperator]=OREX&filter%5Bperson%5D=2&filter%5BchildAge%5D%5B1%5D=20201210&filter%5Bchild%5D=1"
"Amarina Jannah Resort Aquapark Egipt, Marsa Alam, Port Ghalib","7012.0","28.10.2026 - 04.11.2026","8 dni/7 nocy","","4.7","4.7","672","tripadvisor","Warszawa - Modlin","2026-09-14T01:15:56.039352+00:00","https://fly.pl/oferta/egipt-wczasy/?filter[dest]=11:&filter[hotelids]=&filter[cityids]=&filter[cregids]=&filter[ofrType]=&filter[addObjType]=&filter[whenFrom]=10-10-2026&filter[whenTo]=05-11-2026&filter[duration]=7:10&filter[from]=Warszawa%20-%20Radom,Warszawa,Warszawa%20-%20Modlin&filter[person]=2&filter[child]=1&filter[price]=0:11000&filter[PriceFrom]=0&filter[PriceTo]=11000&filter[addCategory]=50&filter[addCatering]=1&filter[addMisc]=0&filter[addTransport]=F&filter[fp]=1&order_by=ofr_price&filter[tourOperator]=0&filter[childAge][1]=20201210","https://fly.pl/cdn/photo/assets/uploads/582/278/2023/04/Amarina-Jannah-Resort-Aquapark.jpg","https://fly.pl/wycieczka/egipt,marsa-alam,port-ghalib/amarina-jannah-resort-aquapark-15/pzOv4AGlIB4Iq7BToHxURyAAog1kNFqu8Y4qhRlbIsuMM0pBNTnlqlLqBHtLF6YzgD78cqBE9BU0kwzJWd1QZI5DZQAVieCGACagNBSWxyIRwRgKQBqwTq_w-5BAgb6sYPGKOMEwHDyeOqAgIAYwECDERi3d4/ofertasv/?filter[tourOperator]=OASI&filter%5Bperson%5D=2&filter%5BchildAge%5D%5B1%5D=20201210&filter%5Bchild%5D=1"
"Amarina Queen Resort Egipt, Marsa Alam","7080.0","28.10.2026 - 04.11.2026","8 dni/7 nocy","","4.7","4.7","1194","tripadvisor","Warszawa - Modlin","2026-09-14T01:15:56.039352+00:00","https://fly.pl/oferta/egipt-wczasy/?filter[dest]=11:&filter[hotelids]=&filter[cityids]=&filter[cregids]=&filter[ofrType]=&filter[addObjType]=&filter[whenFrom]=10-10-2026&filter[whenTo]=05-11-2026&filter[duration]=7:10&filter[from]=Warszawa%20-%20Radom,Warszawa,Warszawa%20-%20Modlin&filter[person]=2&filter[child]=1&filter[price]=0:11000&filter[PriceFrom]=0&filter[PriceTo]=11000&filter[addCategory]=50&filter[addCatering]=1&filter[addMisc]=0&filter[addTransport]=F&filter[fp]=1&order_by=ofr_price&filter[tourOperator]=0&filter[childAge][1]=20201210","https://fly.pl/cdn/photo/assets/uploads/582/278/2024/07/amarina-queen-resort.jpg","https://fly.pl/wycieczka/egipt,marsa-alam,c/amarina-queen-resort-12/paWp9WIoqQ48dFLxORa6IaAAogRkgUoeqcpXIg6NfPmy61khNTnlqlLqBHtLF6YzgD78cqBE9BU0kwzJWd1QZIqDdQAVieCGACagNBSWxyIRwRgqQBqwTo_w-5BAgbmccPGKOMEwGE3uWqAgIAYwECDJZmEfs/ofertasv/?filter[tourOperator]=OASI&filter%5Bperson%5D=2&filter%5BchildAge%5D%5B1%5D=20201210&filter%5Bchild%5D=1"
"Rewaya Majestic Resort Egipt, Hurghada","7147.0","27.10.2026 - 03.11.2026","9 dni/7 nocy","","","","","","Warszawa - Modlin","2026-09-14T01:15:56.039352+00:00","https://fly.pl/oferta/egipt-wczasy/?filter[dest]=11:&filter[hotelids]=&filter[cityids]=&filter[cregids]=&filter[ofrType]=&filter[addObjType]=&filter[whenFrom]=10-10-2026&filter[whenTo]=05-11-2026&filter[duration]=7:10&filter[from]=Warszawa%20-%20Radom,Warszawa,Warszawa%20-%20Modlin&filter[person]=2&filter[child]=1&filter[price]=0:11000&filter[PriceFrom]=0&filter[PriceTo]=11000&filter[addCategory]=50&filter[addCatering]=1&filter[addMisc]=0&filter[addTransport]=F&filter[fp]=1&order_by=ofr_price&filter[tourOperator]=0&filter[childAge][1]=20201210","https://datacfstatic.merlinx.pl/EXIM/IMG/114588/e3a15b238b2d30f27199dd0e48d3c85c0bc5e06a1c321d66bdb885dd7a89e111.webp","https://fly.pl/wycieczka/egipt,hurghada,c/rewaya-majestic-resort-10/pHbAjdMD5uKRN9smJacKp0AAogvHfZI6k6EBefH4H8CizfypeMXePUQkpobZ-BQI6-nbQqBEVYSU0wzJWd1QZI6zdQAViGCGACagNVQUlyIRwRnP8GqwSlqUu5BEUb6p9AGP7lRwH0-_GrDQISYwECDRVUhRU/ofertasv/?filter[tourOperator]=EXIM&filter%5Bperson%5D=2&filter%5BchildAge%5D%5B1%5D=20201210&filter%5Bchild%5D=1"
"Movenpick Resort Soma Bay Egipt, Hurghada","7259.0","29.10.2026 - 05.11.2026","8 dni/7 nocy","","4.3","4.3","4073","tripadvisor","Warszawa","2026-09-14T01:15:56.039352+00:00","https://fly.pl/oferta/egipt-wczasy/?filter[dest]=11:&filter[hotelids]=&filter[cityids]=&filter[cregids]=&filter[ofrType]=&filter[addObjType]=&filter[whenFrom]=10-10-2026&filter[whenTo]=05-11-2026&filter[duration]=7:10&filter[from]=Warszawa%20-%20Radom,Warszawa,Warszawa%20-%20Modlin&filter[person]=2&filter[child]=1&filter[price]=0:11000&filter[PriceFrom]=0&filter[PriceTo]=11000&filter[addCategory]=50&filter[addCatering]=1&filter[addMisc]=0&filter[addTransport]=F&filter[fp]=1&order_by=ofr_price&filter[tourOperator]=0&filter[childAge][1]=20201210","https://fly.pl/cdn/photo/assets/uploads/582/278/2009/02/Movenpick-Soma-Bay2539.jpg","https://fly.pl/wycieczka/egipt,hurghada,c/movenpick-soma-bay/pBu7tGb76qmkdetz-uXq4uAAog1xC40B2Cc-pKOz-wGL-X5xLqCxxQb8S86Hh0k4aD-ioqBE9SRVgwzJWd1QZI2zhQQVi2CGACagdCSzQuMi4xcjWbARUHFwBcA1gFVgJAygYREl2JD08kU9KdAVIAXq9PS-1DYQBM5Yw6ILj9lwkNAAISYwECC_4WWEw/ofertasv/?filter[tourOperator]=OREX&filter%5Bperson%5D=2&filter%5BchildAge%5D%5B1%5D=20201210&filter%5Bchild%5D=1"
"Albatros Oasis Port Ghalib (ex. Red Sea Port Ghalib Resort) Egipt, Marsa Alam, Port Ghalib","7387.0","28.10.2026 - 04.11.2026","8 dni/7 nocy","","4.6","4.6","3642","tripadvisor","Warszawa - Modlin","2026-09-14T01:15:56.039352+00:00","https://fly.pl/oferta/egipt-wczasy/?filter[dest]=11:&filter[hotelids]=&filter[cityids]=&filter[cregids]=&filter[ofrType]=&filter[addObjType]=&filter[whenFrom]=10-10-2026&filter[whenTo]=05-11-2026&filter[duration]=7:10&filter[from]=Warszawa%20-%20Radom,Warszawa,Warszawa%20-%20Modlin&filter[person]=2&filter[child]=1&filter[price]=0:11000&filter[PriceFrom]=0&filter[PriceTo]=11000&filter[addCategory]=50&filter[addCatering]=1&filter[addMisc]=0&filter[addTransport]=F&filter[fp]=1&order_by=ofr_price&filter[tourOperator]=0&filter[childAge][1]=20201210","https://fly.pl/cdn/photo/assets/uploads/582/278/2014/09/pickalbatros-oasis.jpg","https://fly.pl/wycieczka/egipt,marsa-alam,port-ghalib/crowne-plaza-sahara-oasis-resort/pEBljdvEalXEGtXMFgStF8AAogz4RsY6YCGqWBZWcR2M3lZxMX033-gYOoV0TNZ_GKOrIqBEVYSU0wzJWd1QZI2zlQAVieCGACagJBSXIhHBHS2Qa5BI7TS6sEPhvF4TUY-7pVAaLdtM4NAgBjAQIMhdcoEQ/ofertasv/?filter[tourOperator]=EXIM&filter%5Bperson%5D=2&filter%5BchildAge%5D%5B1%5D=20201210&filter%5Bchild%5D=1"
"Parrotel Lagoon Resort Egipt, Sharm El Sheikh, Szarm el-Szejk","7433.0","27.10.2026 - 03.11.2026","8 dni/7 nocy","","4.1","4.1","1847","tripadvisor","Warszawa - Modlin","2026-09-14T01:15:56.039352+00:00","https://fly.pl/oferta/egipt-wczasy/?filter[dest]=11:&filter[hotelids]=&filter[cityids]=&filter[cregids]=&filter[ofrType]=&filter[addObjType]=&filter[whenFrom]=10-10-2026&filter[whenTo]=05-11-2026&filter[duration]=7:10&filter[from]=Warszawa%20-%20Radom,Warszawa,Warszawa%20-%20Modlin&filter[person]=2&filter[child]=1&filter[price]=0:11000&filter[PriceFrom]=0&filter[PriceTo]=11000&filter[addCategory]=50&filter[addCatering]=1&filter[addMisc]=0&filter[addTransport]=F&filter[fp]=1&order_by=ofr_price&filter[tourOperator]=0&filter[childAge][1]=20201210","https://fly.pl/cdn/photo/assets/uploads/582/278/2020/10/Parrotel-Lagoon-Resort.jpg","https://fly.pl/wycieczka/egipt,sharm-el-sheikh,szarm-el-szejk/parrotel-lagoon-resort-14/pXh5l_zt2mzWhShemKqu7DAAoguRPWcINaDBhv5tXgdkxNSebol38sl8b5T0sIVl56LHYqBEtPTVQwzJWd1QZIiTpQAViGCGACagJBSXIfHBH8GrkE1OIBqwQZGLGvBBu59iMBn53zHgIAYwECBhtS3-A/ofertasv/?filter[tourOperator]=KOMT&filter%5Bperson%5D=2&filter%5BchildAge%5D%5B1%5D=20201210&filter%5Bchild%5D=1"
"Albatros Sea World Resort Marsa Alam Egipt, Marsa Alam, Al-Kusajr","7607.0","28.10.2026 - 04.11.2026","8 dni/7 nocy","","4.7","4.7","4499","tripadvisor","Warszawa - Modlin","2026-09-14T01:15:56.039352+00:00","https://fly.pl/oferta/egipt-wczasy/?filter[dest]=11:&filter[hotelids]=&filter[cityids]=&filter[cregids]=&filter[ofrType]=&filter[addObjType]=&filter[whenFrom]=10-10-2026&filter[whenTo]=05-11-2026&filter[duration]=7:10&filter[from]=Warszawa%20-%20Radom,Warszawa,Warszawa%20-%20Modlin&filter[person]=2&filter[child]=1&filter[price]=0:11000&filter[PriceFrom]=0&filter[PriceTo]=11000&filter[addCategory]=50&filter[addCatering]=1&filter[addMisc]=0&filter[addTransport]=F&filter[fp]=1&order_by=ofr_price&filter[tourOperator]=0&filter[childAge][1]=20201210","https://fly.pl/cdn/photo/assets/uploads/582/278/2017/08/ALBATROS-SEA-WORLD.jpg","https://fly.pl/wycieczka/egipt,marsa-alam,al-kusajr/sea-world-resort-marsa-alam/pbwqaN6B2oj3ByMi5o8fkIAAog9eRxU0wUyYOdcOsC7gCRQhMX033-gYOoV0TNZ_GKOrIqBEVYSU0wzJWd1QZItztQAVieCGACagJBSXIhHBHL9Aa5BJW4S6sEPhuk4jUYuLpVAaul_sYNAgBjAQIM1X_ctQ/ofertasv/?filter[tourOperator]=EXIM&filter%5Bperson%5D=2&filter%5BchildAge%5D%5B1%5D=20201210&filter%5Bchild%5D=1"
"Dream Lagoon & Aqua Park Resort (ex. Floriana Dream Lagoon) Egipt, Marsa Alam","7745.0","24.10.2026 - 31.10.2026","8 dni/7 nocy","","4.3","4.3","5726","tripadvisor","Warszawa","2026-09-14T01:15:56.039352+00:00","https://fly.pl/oferta/egipt-wczasy/?filter[dest]=11:&filter[hotelids]=&filter[cityids]=&filter[cregids]=&filter[ofrType]=&filter[addObjType]=&filter[whenFrom]=10-10-2026&filter[whenTo]=05-11-2026&filter[duration]=7:10&filter[from]=Warszawa%20-%20Radom,Warszawa,Warszawa%20-%20Modlin&filter[person]=2&filter[child]=1&filter[price]=0:11000&filter[PriceFrom]=0&filter[PriceTo]=11000&filter[addCategory]=50&filter[addCatering]=1&filter[addMisc]=0&filter[addTransport]=F&filter[fp]=1&order_by=ofr_price&filter[tourOperator]=0&filter[childAge][1]=20201210","https://fly.pl/cdn/photo/assets/uploads/582/278/2015/11/Future-Dream-Lagoon-ex.-Floriana-Dream-Lagoon-fly-pl.jpg","https://fly.pl/wycieczka/egipt,marsa-alam,c/floriana-dream-lagoon/puFdYssav3RD3jcCLlyWK7AAogCBBrYiyNM3YbPxv6UmQ9NKaYQYkkWuEfcVdFg92vHHIqBE9SRVgwzJWd1QZIwTxQQVi-B2ACagYwWi4yLjFyNpsBFQcXAFwDWAVWAkDKBhHfDl2kFU8kXpnYAVO8FFIAS7EvYQBM5Yw6ILP9lwkNAAISYwECDc1uhFc/ofertasv/?filter[tourOperator]=OREX&filter%5Bperson%5D=2&filter%5BchildAge%5D%5B1%5D=20201210&filter%5Bchild%5D=1"
"Xperience Sea Breeze Egipt, Sharm El Sheikh","7760.0","11.10.2026 - 18.10.2026","8 dni/7 nocy","","4.7","4.7","11506","tripadvisor","Warszawa","2026-09-14T01:15:56.039352+00:00","https://fly.pl/oferta/egipt-wczasy/?filter[dest]=11:&filter[hotelids]=&filter[cityids]=&filter[cregids]=&filter[ofrType]=&filter[addObjType]=&filter[whenFrom]=10-10-2026&filter[whenTo]=05-11-2026&filter[duration]=7:10&filter[from]=Warszawa%20-%20Radom,Warszawa,Warszawa%20-%20Modlin&filter[person]=2&filter[child]=1&filter[price]=0:11000&filter[PriceFrom]=0&filter[PriceTo]=11000&filter[addCategory]=50&filter[addCatering]=1&filter[addMisc]=0&filter[addTransport]=F&filter[fp]=1&order_by=ofr_price&filter[tourOperator]=0&filter[childAge][1]=20201210","https://fly.pl/cdn/photo/assets/uploads/582/278/2014/07/XPERIENCE-SEA-BREEZE-RESORT.jpg","https://fly.pl/wycieczka/egipt,sharm-el-sheikh,c/xperience-sea-breeze/pJ_4vPfV3sfhUaThCRcdyqAAogW4wnZNbjVKdDFGPxGhSA3wiPgYhrkVrHHSR3tH9QMnYqBEpPSVAwzJWd1QZI0DxQQViGBWACagNDR21yQpsBFAEVBhcAXANYBVYCQMoGT-IBXQARlsoBXsgwUqYgUwBLxyNhAEzljDoNpv2XCSAAAaa11LC0iMygMAINYwEAC2NiwwY/ofertasv/?filter[tourOperator]=JOIP&filter%5Bperson%5D=2&filter%5BchildAge%5D%5B1%5D=20201210&filter%5Bchild%5D=1"
"Albatros Palace Port Ghalib (ex. Red Sea The Palace) Egipt, Marsa Alam, Port Ghalib","7787.0","28.10.2026 - 04.11.2026","8 dni/7 nocy","","4.7","4.7","3738","tripadvisor","Warszawa - Modlin","2026-09-14T01:15:56.039352+00:00","https://fly.pl/oferta/egipt-wczasy/?filter[dest]=11:&filter[hotelids]=&filter[cityids]=&filter[cregids]=&filter[ofrType]=&filter[addObjType]=&filter[whenFrom]=10-10-2026&filter[whenTo]=05-11-2026&filter[duration]=7:10&filter[from]=Warszawa%20-%20Radom,Warszawa,Warszawa%20-%20Modlin&filter[person]=2&filter[child]=1&filter[price]=0:11000&filter[PriceFrom]=0&filter[PriceTo]=11000&filter[addCategory]=50&filter[addCatering]=1&filter[addMisc]=0&filter[addTransport]=F&filter[fp]=1&order_by=ofr_price&filter[tourOperator]=0&filter[childAge][1]=20201210","https://fly.pl/cdn/photo/assets/uploads/582/278/2014/09/albatros-palace.jpg","https://fly.pl/wycieczka/egipt,marsa-alam,port-ghalib/intercontinental-the-palace-port-ghalib/pfnXnZ96nYB0b5LPms8xk6AAog50fMSeXNlFZeGBB5waQXWhMX033-gYOoV0TNZ_GKOrIqBEVYSU0wzJWd1QZI6zxQAVieCGACagJBSXIhHBHN9Aa5BJO4S6sEPhvi4TUY6rpVAcu4_cYNAgBjAQIM9p2_ew/ofertasv/?filter[tourOperator]=EXIM&filter%5Bperson%5D=2&filter%5BchildAge%5D%5B1%5D=20201210&filter%5Bchild%5D=1"
"Pickalbatros Villaggio Resort Portofino Egipt, Marsa Alam","7847.0","28.10.2026 - 04.11.2026","8 dni/7 nocy","","4.9","4.9","1595","tripadvisor","Warszawa - Modlin","2026-09-14T01:15:56.039352+00:00","https://fly.pl/oferta/egipt-wczasy/?filter[dest]=11:&filter[hotelids]=&filter[cityids]=&filter[cregids]=&filter[ofrType]=&filter[addObjType]=&filter[whenFrom]=10-10-2026&filter[whenTo]=05-11-2026&filter[duration]=7:10&filter[from]=Warszawa%20-%20Radom,Warszawa,Warszawa%20-%20Modlin&filter[person]=2&filter[child]=1&filter[price]=0:11000&filter[PriceFrom]=0&filter[PriceTo]=11000&filter[addCategory]=50&filter[addCatering]=1&filter[addMisc]=0&filter[addTransport]=F&filter[fp]=1&order_by=ofr_price&filter[tourOperator]=0&filter[childAge][1]=20201210","https://fly.pl/cdn/photo/assets/uploads/582/278/2024/07/pickalbatros-villaggio-resort-portofino.jpg","https://fly.pl/wycieczka/egipt,marsa-alam,c/pickalbatros-villaggio-resort-portofino-15/p5q-5FXwGYuCCbOw0Rfi7OAAogDjbLIkFIX2XAC2k8hrbdJhMX033-gYOoV0TNZ_GKOrIqBEVYSU0wzJWd1QZIpz1QAVieCGACagJBSXIhHBHP_ga5BJGuS6sEPhvagzwYmJlPAZ6L_8YNAgBjAQIML-7Pgw/ofertasv/?filter[tourOperator]=EXIM&filter%5Bperson%5D=2&filter%5BchildAge%5D%5B1%5D=20201210&filter%5Bchild%5D=1"
"Siva Golden Bay Makadi Egipt, Hurghada, Makadi Bay","7897.0","29.10.2026 - 05.11.2026","8 dni/7 nocy","","4.6","4.6","856","tripadvisor","Warszawa","2026-09-14T01:15:56.039352+00:00","https://fly.pl/oferta/egipt-wczasy/?filter[dest]=11:&filter[hotelids]=&filter[cityids]=&filter[cregids]=&filter[ofrType]=&filter[addObjType]=&filter[whenFrom]=10-10-2026&filter[whenTo]=05-11-2026&filter[duration]=7:10&filter[from]=Warszawa%20-%20Radom,Warszawa,Warszawa%20-%20Modlin&filter[person]=2&filter[child]=1&filter[price]=0:11000&filter[PriceFrom]=0&filter[PriceTo]=11000&filter[addCategory]=50&filter[addCatering]=1&filter[addMisc]=0&filter[addTransport]=F&filter[fp]=1&order_by=ofr_price&filter[tourOperator]=0&filter[childAge][1]=20201210","https://fly.pl/cdn/photo/assets/uploads/582/278/2024/07/siva-golden-bay-makadi.jpg","https://fly.pl/wycieczka/egipt,hurghada,makadi-bay/siva-golden-bay-makadi-10/pPBoiqg_nsctS3ewmCJ0XDAAogvYZc9skrvUbI-9IjIzLN32Sr15Jod7NI_ZeeP2cCHt0qBEVYSU0wzJWd1QZI2T1QAVi2CGACagJBSXIjHBHGuwa5BOT_PasEvYoKG8zaJRiWpWcBqaaQsw0CAGMBAgfZiTcA/ofertasv/?filter[tourOperator]=EXIM&filter%5Bperson%5D=2&filter%5BchildAge%5D%5B1%5D=20201210&filter%5Bchild%5D=1"
"Pickalbatros Vita Resort Portofino Egipt, Marsa Alam","8007.0","28.10.2026 - 04.11.2026","8 dni/7 nocy","","4.9","4.9","752","tripadvisor","Warszawa - Modlin","2026-09-14T01:15:56.039352+00:00","https://fly.pl/oferta/egipt-wczasy/?filter[dest]=11:&filter[hotelids]=&filter[cityids]=&filter[cregids]=&filter[ofrType]=&filter[addObjType]=&filter[whenFrom]=10-10-2026&filter[whenTo]=05-11-2026&filter[duration]=7:10&filter[from]=Warszawa%20-%20Radom,Warszawa,Warszawa%20-%20Modlin&filter[person]=2&filter[child]=1&filter[price]=0:11000&filter[PriceFrom]=0&filter[PriceTo]=11000&filter[addCategory]=50&filter[addCatering]=1&filter[addMisc]=0&filter[addTransport]=F&filter[fp]=1&order_by=ofr_price&filter[tourOperator]=0&filter[childAge][1]=20201210","https://fly.pl/cdn/photo/assets/uploads/582/278/2024/07/pickalbatros-vita-resort-portofino.jpg","https://fly.pl/wycieczka/egipt,marsa-alam,c/pickalbatros-vita-resort-portofino-11/pBBEo-NrzD-QfxE3bX1Wu8AAogII6AS2JjTxk3fFCJiTzKORMX033-gYOoV0TNZ_GKOrIqBEVYSU0wzJWd1QZIxz5QAVieCGACagJBSXIhHBHU2Qa5BIzTS6sEPhvE5DUYxLhVAarq_8YNAgBjAQIMYSlJBg/ofertasv/?filter[tourOperator]=EXIM&filter%5Bperson%5D=2&filter%5BchildAge%5D%5B1%5D=20201210&filter%5Bchild%5D=1"
"Regency Plaza Aqua Park Spa Egipt, Sharm El Sheikh, Szarm el-Szejk","8030.0","27.10.2026 - 03.11.2026","8 dni/7 nocy","","4.1","4.1","6204","tripadvisor","Warszawa - Modlin","2026-09-14T01:15:56.039352+00:00","https://fly.pl/oferta/egipt-wczasy/?filter[dest]=11:&filter[hotelids]=&filter[cityids]=&filter[cregids]=&filter[ofrType]=&filter[addObjType]=&filter[whenFrom]=10-10-2026&filter[whenTo]=05-11-2026&filter[duration]=7:10&filter[from]=Warszawa%20-%20Radom,Warszawa,Warszawa%20-%20Modlin&filter[person]=2&filter[child]=1&filter[price]=0:11000&filter[PriceFrom]=0&filter[PriceTo]=11000&filter[addCategory]=50&filter[addCatering]=1&filter[addMisc]=0&filter[addTransport]=F&filter[fp]=1&order_by=ofr_price&filter[tourOperator]=0&filter[childAge][1]=20201210","https://fly.pl/cdn/photo/assets/uploads/582/278/2014/07/Regency-Plaza-Aqua-Park-Spa-fly-pl.jpg","https://fly.pl/wycieczka/egipt,sharm-el-sheikh,szarm-el-szejk/regency-plaza/pRVHNfNI3wgk6rv_SGe9NaAAogiymMGaFNxGbPBVfsVLtZvZgpXVUQjygZk0IwIA3_YjEqBE9BU0kwzJWd1QZI3j5QAViGCGACagNBSWxyIRwRxq8BuQT-9g-rBAIbivsOGIrJEQHW8u-ZAgIAYwECDf9Zx0g/ofertasv/?filter[tourOperator]=OASI&filter%5Bperson%5D=2&filter%5BchildAge%5D%5B1%5D=20201210&filter%5Bchild%5D=1"
"Casa Mare Resort (ex. Royal Tulip Beach Resort) Egipt, Marsa Alam","8157.0","17.10.2026 - 24.10.2026","8 dni/7 nocy","","4.7","4.7","4700","tripadvisor","Warszawa","2026-09-14T01:15:56.039352+00:00","https://fly.pl/oferta/egipt-wczasy/?filter[dest]=11:&filter[hotelids]=&filter[cityids]=&filter[cregids]=&filter[ofrType]=&filter[addObjType]=&filter[whenFrom]=10-10-2026&filter[whenTo]=05-11-2026&filter[duration]=7:10&filter[from]=Warszawa%20-%20Radom,Warszawa,Warszawa%20-%20Modlin&filter[person]=2&filter[child]=1&filter[price]=0:11000&filter[PriceFrom]=0&filter[PriceTo]=11000&filter[addCategory]=50&filter[addCatering]=1&filter[addMisc]=0&filter[addTransport]=F&filter[fp]=1&order_by=ofr_price&filter[tourOperator]=0&filter[childAge][1]=20201210","https://fly.pl/cdn/photo/assets/uploads/582/278/2015/12/Casa-Mare-Resort.jpg","https://fly.pl/wycieczka/egipt,marsa-alam,c/royal-tulip-beach-resort/pkVoxXJZ2sIJzSwap6pah-AAogXYTSs6V_oQ3tBXGsIBeJmXh-I1XoPovNz2vNI1J-_sYqBFZJVFgwzJWd1QZI3T9QQViWBmACckAaABUHFwBcA1gFQI8DW5eFAV7melK8FFMAS7EvYQBMj7U5DYLVmAkgAFGWncX23wFP8v0GXZz4r_klAg5jAQINheJPxA/ofertasv/?filter[tourOperator]=VITX&filter%5Bperson%5D=2&filter%5BchildAge%5D%5B1%5D=20201210&filter%5Bchild%5D=1"
"Royal Brayka Beach Resort (ex Zee Brayka) Egipt, Marsa Alam","8157.0","16.10.2026 - 23.10.2026","8 dni/7 nocy","","4.4","4.4","2525","tripadvisor","Warszawa","2026-09-14T01:15:56.039352+00:00","https://fly.pl/oferta/egipt-wczasy/?filter[dest]=11:&filter[hotelids]=&filter[cityids]=&filter[cregids]=&filter[ofrType]=&filter[addObjType]=&filter[whenFrom]=10-10-2026&filter[whenTo]=05-11-2026&filter[duration]=7:10&filter[from]=Warszawa%20-%20Radom,Warszawa,Warszawa%20-%20Modlin&filter[person]=2&filter[child]=1&filter[price]=0:11000&filter[PriceFrom]=0&filter[PriceTo]=11000&filter[addCategory]=50&filter[addCatering]=1&filter[addMisc]=0&filter[addTransport]=F&filter[fp]=1&order_by=ofr_price&filter[tourOperator]=0&filter[childAge][1]=20201210","https://fly.pl/cdn/photo/assets/uploads/582/278/2014/07/Royal-Brayka-Resort.jpg","https://fly.pl/wycieczka/egipt,marsa-alam,c/royal-brayka-resort/pnRZU4Wv2Jt8fi7Vl3ClG_AAogH3cAvD8HjlAXU_BFpm7OtxmvUzSY9g6oqKJ6OAWZgFkqBFZJVFgwzJWd1QZI3T9QQVj-BWACckAaABUHFwBcA1gFQI8DW7-DAV6-fFK8FFMAS7EvYQBM77Q5DaHVmAkgAFH6ir_23wFPlJANXZz4r_klAg5jAQINbx0RqA/ofertasv/?filter[tourOperator]=VITX&filter%5Bperson%5D=2&filter%5BchildAge%5D%5B1%5D=20201210&filter%5Bchild%5D=1"
"Sea Star Beau Rivage Egipt, Hurghada","8190.0","22.10.2026 - 29.10.2026","8 dni/7 nocy","","4.5","4.5","4299","tripadvisor","Warszawa - Radom","2026-09-14T01:15:56.039352+00:00","https://fly.pl/oferta/egipt-wczasy/?filter[dest]=11:&filter[hotelids]=&filter[cityids]=&filter[cregids]=&filter[ofrType]=&filter[addObjType]=&filter[whenFrom]=10-10-2026&filter[whenTo]=05-11-2026&filter[duration]=7:10&filter[from]=Warszawa%20-%20Radom,Warszawa,Warszawa%20-%20Modlin&filter[person]=2&filter[child]=1&filter[price]=0:11000&filter[PriceFrom]=0&filter[PriceTo]=11000&filter[addCategory]=50&filter[addCatering]=1&filter[addMisc]=0&filter[addTransport]=F&filter[fp]=1&order_by=ofr_price&filter[tourOperator]=0&filter[childAge][1]=20201210","https://fly.pl/cdn/photo/assets/uploads/582/278/2014/07/Sea-Star-Beau-Rivage-fly-pl.jpg","https://fly.pl/wycieczka/egipt,hurghada,c/sea-star-beau-rivage/pDO6zq4Pv8lKwxFVXfmU2fAAog4SIbuMpJxTiLAp233F5RVSWlkVtJMYzcX-uCortsPpUqBE9SRVgwzJWd1QZI_j9QQViOB2ACagdCTEYuMi4xcjWbARUHFwBcA1gFVgIR_wVAS13TDk9sU9KdAVIAXq9PS4ESYQBM0b46ILH9lwkNAAISYwECCy1ZI_Y/ofertasv/?filter[tourOperator]=OREX&filter%5Bperson%5D=2&filter%5BchildAge%5D%5B1%5D=20201210&filter%5Bchild%5D=1"
"Xperience Kiroseiz Premier Egipt, Sharm El Sheikh","8222.0","27.10.2026 - 03.11.2026","8 dni/7 nocy","","4.5","4.5","993","tripadvisor","Warszawa - Modlin","2026-09-14T01:15:56.039352+00:00","https://fly.pl/oferta/egipt-wczasy/?filter[dest]=11:&filter[hotelids]=&filter[cityids]=&filter[cregids]=&filter[ofrType]=&filter[addObjType]=&filter[whenFrom]=10-10-2026&filter[whenTo]=05-11-2026&filter[duration]=7:10&filter[from]=Warszawa%20-%20Radom,Warszawa,Warszawa%20-%20Modlin&filter[person]=2&filter[child]=1&filter[price]=0:11000&filter[PriceFrom]=0&filter[PriceTo]=11000&filter[addCategory]=50&filter[addCatering]=1&filter[addMisc]=0&filter[addTransport]=F&filter[fp]=1&order_by=ofr_price&filter[tourOperator]=0&filter[childAge][1]=20201210","https://fly.pl/cdn/photo/assets/uploads/582/278/2015/11/Xperience-Kiroseiz-Premier-fly-pl-3.jpg","https://fly.pl/wycieczka/egipt,sharm-el-sheikh,c/xperience-kiroseiz-premier/pqoygGGPkvAcNOMHzffp5oAAogZccAmW-kac37qcRcT2zajZgpXVUQjygZk0IwIA3_YjEqBE9BU0kwzJWd1QZInkBQAViGCGACagNBSWxyIRwR-a8BuQTL9g-rBAIb7sgMGJ2AFAGelOuZAgIAYwECC4uYiBU/ofertasv/?filter[tourOperator]=OASI&filter%5Bperson%5D=2&filter%5BchildAge%5D%5B1%5D=20201210&filter%5Bchild%5D=1"
"Royal Lagoons Aqua (ex. Premium Blue) Egipt, Hurghada","8288.0","20.10.2026 - 27.10.2026","8 dni/7 nocy","","4.2","4.2","4340","tripadvisor","Warszawa","2026-09-14T01:15:56.039352+00:00","https://fly.pl/oferta/egipt-wczasy/?filter[dest]=11:&filter[hotelids]=&filter[cityids]=&filter[cregids]=&filter[ofrType]=&filter[addObjType]=&filter[whenFrom]=10-10-2026&filter[whenTo]=05-11-2026&filter[duration]=7:10&filter[from]=Warszawa%20-%20Radom,Warszawa,Warszawa%20-%20Modlin&filter[person]=2&filter[child]=1&filter[price]=0:11000&filter[PriceFrom]=0&filter[PriceTo]=11000&filter[addCategory]=50&filter[addCatering]=1&filter[addMisc]=0&filter[addTransport]=F&filter[fp]=1&order_by=ofr_price&filter[tourOperator]=0&filter[childAge][1]=20201210","https://fly.pl/cdn/photo/assets/uploads/582/278/2014/10/Royal-Lagoons-Aqua.jpg","https://fly.pl/wycieczka/egipt,hurghada,c/premium-blue-lagoon-ex-pyramisa-blue-lagoon/pZwG5s4vQvgY4UeWeHSBd0AAogXQm6dIn9pJCZEMZsa_oEpQ6xPSSx01l8-VY8g4i8578qBEpPSVAwzJWd1QZI4EBQQVjeBmACckMUARUGFwBcA1gFVgJAygZP4gFdAFvyAlO9qAFSAF6vTxGHMkvmEWEATOWMOiCv_ZcJDQABt7HYmMWGzKAwAg5jAQANJgPuFQ/ofertasv/?filter[tourOperator]=JOIP&filter%5Bperson%5D=2&filter%5BchildAge%5D%5B1%5D=20201210&filter%5Bchild%5D=1"
"Amwaj Oyoun Resort & Spa (ex AA Amwaj Resort) Egipt, Sharm El Sheikh","8321.0","29.10.2026 - 05.11.2026","8 dni/7 nocy","","4.0","4.0","5324","tripadvisor","Warszawa - Modlin","2026-09-14T01:15:56.039352+00:00","https://fly.pl/oferta/egipt-wczasy/?filter[dest]=11:&filter[hotelids]=&filter[cityids]=&filter[cregids]=&filter[ofrType]=&filter[addObjType]=&filter[whenFrom]=10-10-2026&filter[whenTo]=05-11-2026&filter[duration]=7:10&filter[from]=Warszawa%20-%20Radom,Warszawa,Warszawa%20-%20Modlin&filter[person]=2&filter[child]=1&filter[price]=0:11000&filter[PriceFrom]=0&filter[PriceTo]=11000&filter[addCategory]=50&filter[addCatering]=1&filter[addMisc]=0&filter[addTransport]=F&filter[fp]=1&order_by=ofr_price&filter[tourOperator]=0&filter[childAge][1]=20201210","https://fly.pl/cdn/photo/assets/uploads/582/278/2014/07/Amwaj-Oyoun-Resort-Spa-ex-AA-Amwaj-Resort-fly-pl.jpg","https://fly.pl/wycieczka/egipt,sharm-el-sheikh,c/amwaj-oyoun-resort-ex-aa-amwaj-resort/pTMtIujKdM2lMmHzDbwz2KAAogDJgEYhYumh69GfIR9sGmiRstrgoMttrZgZAvN8rfQ44qBEtPTVQwzJWd1QZIgUFQAVi2CGACagJBSXIfHBG0G7kEtOIBqwQDGI2lBBufqyQB-rrWHgIAYwECBTT-uYs/ofertasv/?filter[tourOperator]=KOMT&filter%5Bperson%5D=2&filter%5BchildAge%5D%5B1%5D=20201210&filter%5Bchild%5D=1"
"Stella Di Mare Beach Resort & Spa (ex. Stella Makadi Resort) Egipt, Hurghada, Makadi Bay","8330.0","22.10.2026 - 29.10.2026","8 dni/7 nocy","","4.4","4.4","6861","tripadvisor","Warszawa - Radom","2026-09-14T01:15:56.039352+00:00","https://fly.pl/oferta/egipt-wczasy/?filter[dest]=11:&filter[hotelids]=&filter[cityids]=&filter[cregids]=&filter[ofrType]=&filter[addObjType]=&filter[whenFrom]=10-10-2026&filter[whenTo]=05-11-2026&filter[duration]=7:10&filter[from]=Warszawa%20-%20Radom,Warszawa,Warszawa%20-%20Modlin&filter[person]=2&filter[child]=1&filter[price]=0:11000&filter[PriceFrom]=0&filter[PriceTo]=11000&filter[addCategory]=50&filter[addCatering]=1&filter[addMisc]=0&filter[addTransport]=F&filter[fp]=1&order_by=ofr_price&filter[tourOperator]=0&filter[childAge][1]=20201210","https://fly.pl/cdn/photo/assets/uploads/582/278/2014/10/Stella-Di-Mare-Beach-Resort-Spa.jpg","https://fly.pl/wycieczka/egipt,hurghada,makadi-bay/stella-makadi-resort/pJCZ9hhHb5zmvrYJxLbJCeAAogMDbk_oDGd8Db9tB2h09UWCWlkVtJMYzcX-uCortsPpUqBE9SRVgwzJWd1QZIikFQQViOB2ACagZaSS4yLjFyNZsBFQcXAFgIVgJcCEDCBhGbDl04T2xT0p0BUgBer09LgRJhAEzRvjogsf2XCQ0AAhJjAQIN_iOHmA/ofertasv/?filter[tourOperator]=OREX&filter%5Bperson%5D=2&filter%5BchildAge%5D%5B1%5D=20201210&filter%5Bchild%5D=1"
"Calimera Blend Paradise Egipt, Hurghada","8339.0","29.10.2026 - 05.11.2026","8 dni/7 nocy","","4.2","4.2","2349","tripadvisor","Warszawa","2026-09-14T01:15:56.039352+00:00","https://fly.pl/oferta/egipt-wczasy/?filter[dest]=11:&filter[hotelids]=&filter[cityids]=&filter[cregids]=&filter[ofrType]=&filter[addObjType]=&filter[whenFrom]=10-10-2026&filter[whenTo]=05-11-2026&filter[duration]=7:10&filter[from]=Warszawa%20-%20Radom,Warszawa,Warszawa%20-%20Modlin&filter[person]=2&filter[child]=1&filter[price]=0:11000&filter[PriceFrom]=0&filter[PriceTo]=11000&filter[addCategory]=50&filter[addCatering]=1&filter[addMisc]=0&filter[addTransport]=F&filter[fp]=1&order_by=ofr_price&filter[tourOperator]=0&filter[childAge][1]=20201210","https://fly.pl/cdn/photo/assets/uploads/582/278/2022/08/Calimera-Blend-Paradise.jpg","https://fly.pl/wycieczka/egipt,hurghada,c/calimera-blend-paradise-12/p7kUiY8ZgYlGx1DhggF_h2AAogK7r8cK-0x3HM01EJDq6GGxLqCxxQb8S86Hh0k4aD-ioqBE9SRVgwzJWd1QZIk0FQQVi2CGACagZENi4yLjFyNpsBFQcXAFwDWAVWAkDKBl2bD08kEbwKU5aTAVIAXq9PS-1DYQBM5Yw6ILj9lwkNAAISYwECDHTjR78/ofertasv/?filter[tourOperator]=OREX&filter%5Bperson%5D=2&filter%5BchildAge%5D%5B1%5D=20201210&filter%5Bchild%5D=1"
"Creek Hotel & Residences Egipt, Hurghada, Al-Dżuna","8451.0","22.10.2026 - 29.10.2026","8 dni/7 nocy","","4.8","4.8","219","tripadvisor","Warszawa - Radom","2026-09-14T01:15:56.039352+00:00","https://fly.pl/oferta/egipt-wczasy/?filter[dest]=11:&filter[hotelids]=&filter[cityids]=&filter[cregids]=&filter[ofrType]=&filter[addObjType]=&filter[whenFrom]=10-10-2026&filter[whenTo]=05-11-2026&filter[duration]=7:10&filter[from]=Warszawa%20-%20Radom,Warszawa,Warszawa%20-%20Modlin&filter[person]=2&filter[child]=1&filter[price]=0:11000&filter[PriceFrom]=0&filter[PriceTo]=11000&filter[addCategory]=50&filter[addCatering]=1&filter[addMisc]=0&filter[addTransport]=F&filter[fp]=1&order_by=ofr_price&filter[tourOperator]=0&filter[childAge][1]=20201210","https://fly.pl/cdn/photo/assets/uploads/582/278/2024/07/creek-hotel-residences.jpg","https://fly.pl/wycieczka/egipt,hurghada,al-dzuna/creek-hotel-residences-9/pvb3vhLAH8oI7Ije7nGn0YAAogQIxuNaKCn6l5hB_Z_qyL-yWlkVtJMYzcX-uCortsPpUqBE9SRVgwzJWd1QZIg0JQQViOB2ACagdNMkUuMi4xcjabARUHFwBcA1gFVgJAygZd0w5PbBGCB1PQlgFSAF6vT0uBEmEATNG-OiCx_ZcJDQACEmMBAgtYnndR/ofertasv/?filter[tourOperator]=OREX&filter%5Bperson%5D=2&filter%5BchildAge%5D%5B1%5D=20201210&filter%5Bchild%5D=1"
"Xperience Kiroseiz Parkland Egipt, Sharm El Sheikh","8456.0","27.10.2026 - 03.11.2026","8 dni/7 nocy","","4.5","4.5","3121","tripadvisor","Warszawa - Modlin","2026-09-14T01:15:56.039352+00:00","https://fly.pl/oferta/egipt-wczasy/?filter[dest]=11:&filter[hotelids]=&filter[cityids]=&filter[cregids]=&filter[ofrType]=&filter[addObjType]=&filter[whenFrom]=10-10-2026&filter[whenTo]=05-11-2026&filter[duration]=7:10&filter[from]=Warszawa%20-%20Radom,Warszawa,Warszawa%20-%20Modlin&filter[person]=2&filter[child]=1&filter[price]=0:11000&filter[PriceFrom]=0&filter[PriceTo]=11000&filter[addCategory]=50&filter[addCatering]=1&filter[addMisc]=0&filter[addTransport]=F&filter[fp]=1&order_by=ofr_price&filter[tourOperator]=0&filter[childAge][1]=20201210","https://fly.pl/cdn/photo/assets/uploads/582/278/2014/06/Xperience-Kiroseiz-Parkland-fly-pl.jpg","https://fly.pl/wycieczka/egipt,sharm-el-sheikh,c/xperience-kiroseiz-parkland/pc22JEYhHmOd6fT6sJBQCYAAogwuypK9Kb_RVsm8b9efq8fpgpXVUQjygZk0IwIA3_YjEqBE9BU0kwzJWd1QZIiEJQAViGCGACagNBSWxyIRwR9a8BuQTP9g-rBAIbrsgMGNCAFAGdwe-ZAgIAYwECCwpegVQ/ofertasv/?filter[tourOperator]=OASI&filter%5Bperson%5D=2&filter%5BchildAge%5D%5B1%5D=20201210&filter%5Bchild%5D=1"
"IL Mercato (ex. Iberotel Il Mercato) Egipt, Sharm El Sheikh","8459.0","11.10.2026 - 18.10.2026","8 dni/7 nocy","","4.4","4.4","2265","tripadvisor","Warszawa","2026-09-14T01:15:56.039352+00:00","https://fly.pl/oferta/egipt-wczasy/?filter[dest]=11:&filter[hotelids]=&filter[cityids]=&filter[cregids]=&filter[ofrType]=&filter[addObjType]=&filter[whenFrom]=10-10-2026&filter[whenTo]=05-11-2026&filter[duration]=7:10&filter[from]=Warszawa%20-%20Radom,Warszawa,Warszawa%20-%20Modlin&filter[person]=2&filter[child]=1&filter[price]=0:11000&filter[PriceFrom]=0&filter[PriceTo]=11000&filter[addCategory]=50&filter[addCatering]=1&filter[addMisc]=0&filter[addTransport]=F&filter[fp]=1&order_by=ofr_price&filter[tourOperator]=0&filter[childAge][1]=20201210","https://fly.pl/cdn/photo/assets/uploads/582/278/2014/07/Il-Mercato-Hotel-Spa-Sharm-El-Sheikh.jpg","https://fly.pl/wycieczka/egipt,sharm-el-sheikh,c/iberotel-il-mercato/pKMg0INo4S14C3KYrGWp5-AAogyK3R0wXF1UE9KC9A_lH8gQiPgYhrkVrHHSR3tH9QMnYqBEpPSVAwzJWd1QZIi0JQQViGBWACagNDR21yQpsBFAEVBhcAXANYBVYCQMoGT-IBXQBe3voBEcsXUtsIUwBLxyNhAEzljDoNpv2XCSAAAcXPkNDEiMygMAINYwEAC05v1SM/ofertasv/?filter[tourOperator]=JOIP&filter%5Bperson%5D=2&filter%5BchildAge%5D%5B1%5D=20201210&filter%5Bchild%5D=1"
"Rewaya Inn Resort (ex. Hawaii Paradise Aqua Park Resort)","8465.0","20.10.2026 - 27.10.2026","8 dni/7 nocy","","3.4","3.4","441","tripadvisor","Warszawa","2026-09-14T01:15:56.039352+00:00","https://fly.pl/oferta/egipt-wczasy/?filter[dest]=11:&filter[hotelids]=&filter[cityids]=&filter[cregids]=&filter[ofrType]=&filter[addObjType]=&filter[whenFrom]=10-10-2026&filter[whenTo]=05-11-2026&filter[duration]=7:10&filter[from]=Warszawa%20-%20Radom,Warszawa,Warszawa%20-%20Modlin&filter[person]=2&filter[child]=1&filter[price]=0:11000&filter[PriceFrom]=0&filter[PriceTo]=11000&filter[addCategory]=50&filter[addCatering]=1&filter[addMisc]=0&filter[addTransport]=F&filter[fp]=1&order_by=ofr_price&filter[tourOperator]=0&filter[childAge][1]=20201210","https://fly.pl/cdn/photo/assets/uploads/582/278/2020/09/Hawaii-Paradise-Aqua-Park-Resort.jpg","https://fly.pl/wycieczka/egipt,hurghada,c/hawaii-paradise-aqua-park-resort-14/p3YYrE6dcNs2WoK5nCPk-iAAogUUH-4BoGB7c6_W7xMZOleg6xPSSx01l8-VY8g4i8578qBEpPSVAw0JWd1QZIkUJQQVjeBmACagNDR21yQ5sBFAEVBhcAXANYBVYCQMoGT-IBXQBSr6sBUwBer09L7UNhABHEiwFMoYE5Da_9lwkgAAGplbSAxYbMoDACDmMBAA16RVZj/ofertasv/?filter[tourOperator]=JOIP&filter%5Bperson%5D=2&filter%5BchildAge%5D%5B1%5D=20201210&filter%5Bchild%5D=1"
"Lazuli (Marsa Alam)","8557.0","17.10.2026 - 24.10.2026","8 dni/7 nocy","","4.7","4.7","1087","tripadvisor","Warszawa","2026-09-14T01:15:56.039352+00:00","https://fly.pl/oferta/egipt-wczasy/?filter[dest]=11:&filter[hotelids]=&filter[cityids]=&filter[cregids]=&filter[ofrType]=&filter[addObjType]=&filter[whenFrom]=10-10-2026&filter[whenTo]=05-11-2026&filter[duration]=7:10&filter[from]=Warszawa%20-%20Radom,Warszawa,Warszawa%20-%20Modlin&filter[person]=2&filter[child]=1&filter[price]=0:11000&filter[PriceFrom]=0&filter[PriceTo]=11000&filter[addCategory]=50&filter[addCatering]=1&filter[addMisc]=0&filter[addTransport]=F&filter[fp]=1&order_by=ofr_price&filter[tourOperator]=0&filter[childAge][1]=20201210","https://fly.pl/cdn/photo/assets/uploads/582/278/2021/06/Lazuli1.jpg","https://fly.pl/wycieczka/egipt,marsa-alam,al-kusajr/lazuli-13/pfT5a5_2TLJicEbLhwExcmAAogU5l0djRN-vUClomyzYN1dbYgG8a7TC_8_ZeCWwj2CscqBFZJVFgw0JWd1QZI7UJQQViWBmACckAaABUHFwBcA1gFQI8DW7-DAV6-fFK8FFMAS7EvYQBMj7U5DYLVmAkgAFHR8qz23wFPuqgfXZz4r_klAg1jAQIMs-k0pQ/ofertasv/?filter[tourOperator]=VITX&filter%5Bperson%5D=2&filter%5BchildAge%5D%5B1%5D=20201210&filter%5Bchild%5D=1"
"Serenity Alma Heights (ex. Serenity Fun City)","8586.0","22.10.2026 - 29.10.2026","8 dni/7 nocy","","4.7","4.7","5517","tripadvisor","Warszawa - Radom","2026-09-14T01:15:56.039352+00:00","https://fly.pl/oferta/egipt-wczasy/?filter[dest]=11:&filter[hotelids]=&filter[cityids]=&filter[cregids]=&filter[ofrType]=&filter[addObjType]=&filter[whenFrom]=10-10-2026&filter[whenTo]=05-11-2026&filter[duration]=7:10&filter[from]=Warszawa%20-%20Radom,Warszawa,Warszawa%20-%20Modlin&filter[person]=2&filter[child]=1&filter[price]=0:11000&filter[PriceFrom]=0&filter[PriceTo]=11000&filter[addCategory]=50&filter[addCatering]=1&filter[addMisc]=0&filter[addTransport]=F&filter[fp]=1&order_by=ofr_price&filter[tourOperator]=0&filter[childAge][1]=20201210","https://fly.pl/cdn/photo/assets/uploads/582/278/2014/09/Serenity-Alma-Heights.jpg","https://fly.pl/wycieczka/egipt,hurghada,makadi-bay/serenity-fun-city/pMcNUWhClNf1XStQOlHV45AAogkv4rQTbswpKD4g-FYe-hIyWlkVtJMYzcX-uCortsPpUqBE9SRVgw0JWd1QZIikNQQViOB2ACagZFQy4yLjFyNZsBFQcXAFgIVgJcCBFEQP4FXdMOT2xT0p0BUgBer09LgRJhAEzRvjogsf2XCQ0AAhJjAQIM062bug/ofertasv/?filter[tourOperator]=OREX&filter%5Bperson%5D=2&filter%5BchildAge%5D%5B1%5D=20201210&filter%5Bchild%5D=1"
"Marriott Hurghada Beach Resort","8609.0","29.10.2026 - 05.11.2026","8 dni/7 nocy","","4.6","4.6","4884","tripadvisor","Warszawa","2026-09-14T01:15:56.039352+00:00","https://fly.pl/oferta/egipt-wczasy/?filter[dest]=11:&filter[hotelids]=&filter[cityids]=&filter[cregids]=&filter[ofrType]=&filter[addObjType]=&filter[whenFrom]=10-10-2026&filter[whenTo]=05-11-2026&filter[duration]=7:10&filter[from]=Warszawa%20-%20Radom,Warszawa,Warszawa%20-%20Modlin&filter[person]=2&filter[child]=1&filter[price]=0:11000&filter[PriceFrom]=0&filter[PriceTo]=11000&filter[addCategory]=50&filter[addCatering]=1&filter[addMisc]=0&filter[addTransport]=F&filter[fp]=1&order_by=ofr_price&filter[tourOperator]=0&filter[childAge][1]=20201210","https://fly.pl/cdn/photo/assets/uploads/582/278/2014/09/Marriott-Hurghada-Beach-Resort.jpg","https://fly.pl/wycieczka/egipt,hurghada,c/marriott-hurghada-beach-resort/p4xsCpMROWfG-ohLrUP6GrAAog6kywR9Ce7y5qxa-lj4mlJBLqCxxQb8S86Hh0k4aD-ioqBE9SRVgw0JWd1QZIoUNQQVi2CGACagZEUS4yLjFyNZsBFQcXAFwDWAVWAhFZQPEFXZsPTyRT0p0BUgBer09L7UNhAEzljDoguP2XCQ0AAhJjAQILZB5zrQ/ofertasv/?filter[tourOperator]=OREX&filter%5Bperson%5D=2&filter%5BchildAge%5D%5B1%5D=20201210&filter%5Bchild%5D=1"
"Jaz Palmariva Beach","8631.0","22.10.2026 - 29.10.2026","8 dni/7 nocy","","4.6","4.6","4080","tripadvisor","Warszawa - Radom","2026-09-14T01:15:56.039352+00:00","https://fly.pl/oferta/egipt-wczasy/?filter[dest]=11:&filter[hotelids]=&filter[cityids]=&filter[cregids]=&filter[ofrType]=&filter[addObjType]=&filter[whenFrom]=10-10-2026&filter[whenTo]=05-11-2026&filter[duration]=7:10&filter[from]=Warszawa%20-%20Radom,Warszawa,Warszawa%20-%20Modlin&filter[person]=2&filter[child]=1&filter[price]=0:11000&filter[PriceFrom]=0&filter[PriceTo]=11000&filter[addCategory]=50&filter[addCatering]=1&filter[addMisc]=0&filter[addTransport]=F&filter[fp]=1&order_by=ofr_price&filter[tourOperator]=0&filter[childAge][1]=20201210","https://fly.pl/cdn/photo/assets/uploads/582/278/2014/07/Labranda-Club-Makadi-ex-Club-Azur-fly-pl.jpg","https://fly.pl/wycieczka/egipt,hurghada,makadi-bay/club-azur/p15YT3X8MQd3YLi7jZiU4tAAogIGvyZdHPAbnMCEL_JfUE7iWlkVtJMYzcX-uCortsPpUqBE9SRVgw0JWd1QZIt0NQQViOB2ACagZCSC4yLjFyNZsBFQcXAFwDWAVWAkDKBl3TDk9sEfUhU917UgBer09LgRJhAEzRvjogsf2XCQ0AAhJjAQIM-S0Mrg/ofertasv/?filter[tourOperator]=OREX&filter%5Bperson%5D=2&filter%5BchildAge%5D%5B1%5D=20201210&filter%5Bchild%5D=1"
"Hilton Marsa Alam Nubian Resort","8644.0","28.10.2026 - 04.11.2026","8 dni/7 nocy","","4.7","4.7","10204","tripadvisor","Warszawa - Modlin","2026-09-14T01:15:56.039352+00:00","https://fly.pl/oferta/egipt-wczasy/?filter[dest]=11:&filter[hotelids]=&filter[cityids]=&filter[cregids]=&filter[ofrType]=&filter[addObjType]=&filter[whenFrom]=10-10-2026&filter[whenTo]=05-11-2026&filter[duration]=7:10&filter[from]=Warszawa%20-%20Radom,Warszawa,Warszawa%20-%20Modlin&filter[person]=2&filter[child]=1&filter[price]=0:11000&filter[PriceFrom]=0&filter[PriceTo]=11000&filter[addCategory]=50&filter[addCatering]=1&filter[addMisc]=0&filter[addTransport]=F&filter[fp]=1&order_by=ofr_price&filter[tourOperator]=0&filter[childAge][1]=20201210","https://fly.pl/cdn/photo/assets/uploads/582/278/2014/08/Tropitel-Dahab-Oasis.jpg","https://fly.pl/wycieczka/egipt,marsa-alam,c/hilton-marsa-alam-nubian-resort/pg9b27m91Ph8mfFXpFuCsxAAogDN6InOCvKIyMGcDxYRBHOxNTnlqlLqBHtLF6YzgD78cqBE9BU0kw0JWd1QZIxENQAVieCGACagNBSWxyIRwRlqQBqwTU_w-5BAgb474PGOCFEwGbp8umAgIAYwECDTT3TaE/ofertasv/?filter[tourOperator]=OASI&filter%5Bperson%5D=2&filter%5BchildAge%5D%5B1%5D=20201210&filter%5Bchild%5D=1"
"Swissotel Resort El Quseir","8654.0","24.10.2026 - 31.10.2026","8 dni/7 nocy","","4.4","4.4","3134","tripadvisor","Warszawa","2026-09-14T01:15:56.039352+00:00","https://fly.pl/oferta/egipt-wczasy/?filter[dest]=11:&filter[hotelids]=&filter[cityids]=&filter[cregids]=&filter[ofrType]=&filter[addObjType]=&filter[whenFrom]=10-10-2026&filter[whenTo]=05-11-2026&filter[duration]=7:10&filter[from]=Warszawa%20-%20Radom,Warszawa,Warszawa%20-%20Modlin&filter[person]=2&filter[child]=1&filter[price]=0:11000&filter[PriceFrom]=0&filter[PriceTo]=11000&filter[addCategory]=50&filter[addCatering]=1&filter[addMisc]=0&filter[addTransport]=F&filter[fp]=1&order_by=ofr_price&filter[tourOperator]=0&filter[childAge][1]=20201210","https://fly.pl/cdn/photo/assets/uploads/582/278/2015/02/RADISSON-BLU-m.jpg","https://fly.pl/wycieczka/egipt,marsa-alam,al-kusajr/radisson-blu-resort-el-quseir/p_ufPnzh7i_NT4vvLKOY0hAAogUznc4aYMLrrNJL1bvwg8nKaYQYkkWuEfcVdFg92vHHIqBE9SRVgw0JWd1QZIzkNQQVi-B2ACagZESS4yLjFyNpsBFQcXAFwDWAVWAkDKBhHtFV2WDk8kXpnYAVO8FFIAS7EvYQBM5Yw6ILP9lwkNAAISYwECC9zObnY/ofertasv/?filter[tourOperator]=OREX&filter%5Bperson%5D=2&filter%5BchildAge%5D%5B1%5D=20201210&filter%5Bchild%5D=1"
"Retac Qunay Dahab Resort & Spa","8698.0","11.10.2026 - 18.10.2026","8 dni/7 nocy","","4.3","4.3","1707","tripadvisor","Warszawa","2026-09-14T01:15:56.039352+00:00","https://fly.pl/oferta/egipt-wczasy/?filter[dest]=11:&filter[hotelids]=&filter[cityids]=&filter[cregids]=&filter[ofrType]=&filter[addObjType]=&filter[whenFrom]=10-10-2026&filter[whenTo]=05-11-2026&filter[duration]=7:10&filter[from]=Warszawa%20-%20Radom,Warszawa,Warszawa%20-%20Modlin&filter[person]=2&filter[child]=1&filter[price]=0:11000&filter[PriceFrom]=0&filter[PriceTo]=11000&filter[addCategory]=50&filter[addCatering]=1&filter[addMisc]=0&filter[addTransport]=F&filter[fp]=1&order_by=ofr_price&filter[tourOperator]=0&filter[childAge][1]=20201210","https://fly.pl/cdn/photo/assets/uploads/582/278/2014/09/Retac-Qunay-Dahab.jpg","https://fly.pl/wycieczka/egipt,dahab,c/le-meridien-dahab-bay/pkiqJ46Ukj5edLi3oY8GAPAAogaYjHUiP2my3qB9g9uPSD4wiPgYhrkVrHHSR3tH9QMnYqBEpPSVAw0JWd1QZI-kNQQViGBWACagNDR21yQpsBFAEVBhcAXANYBVYCQMoGT-IBXQARrdEBXrEpUqYgUwBLxyNhAEzljDoNpv2XCSAAAbuT2JDFiMygMAINYwEAC1ml8_U/ofertasv/?filter[tourOperator]=JOIP&filter%5Bperson%5D=2&filter%5BchildAge%5D%5B1%5D=20201210&filter%5Bchild%5D=1"
"Jaz Aquamarine Resort","8707.0","27.10.2026 - 03.11.2026","9 dni/7 nocy","","4.6","4.6","17157","tripadvisor","Warszawa - Modlin","2026-09-14T01:15:56.039352+00:00","https://fly.pl/oferta/egipt-wczasy/?filter[dest]=11:&filter[hotelids]=&filter[cityids]=&filter[cregids]=&filter[ofrType]=&filter[addObjType]=&filter[whenFrom]=10-10-2026&filter[whenTo]=05-11-2026&filter[duration]=7:10&filter[from]=Warszawa%20-%20Radom,Warszawa,Warszawa%20-%20Modlin&filter[person]=2&filter[child]=1&filter[price]=0:11000&filter[PriceFrom]=0&filter[PriceTo]=11000&filter[addCategory]=50&filter[addCatering]=1&filter[addMisc]=0&filter[addTransport]=F&filter[fp]=1&order_by=ofr_price&filter[tourOperator]=0&filter[childAge][1]=20201210","https://fly.pl/cdn/photo/assets/uploads/582/278/2016/11/jaz-aquamarine-ex-iberotel-egipt-hurghada-1b.jpg","https://fly.pl/wycieczka/egipt,hurghada,c/jaz-aquamarine-ex-iberotel-aquamarine/pMdF6oOPh4X0obY0BKqbFQAAog7BxFptXfUvJUdI9jjW80GpeMXePUQkpobZ-BQI6-nbQqBEVYSU0w0JWd1QZIg0RQAViGCGACagJBSXIhHBHK2QarBPfOS7kERRut7jUY069WAZDXmNINAgBjAQIL3GFPGg/ofertasv/?filter[tourOperator]=EXIM&filter%5Bperson%5D=2&filter%5BchildAge%5D%5B1%5D=20201210&filter%5Bchild%5D=1"
"Old Palace Resort","8721.0","29.10.2026 - 05.11.2026","8 dni/7 nocy","","4.6","4.6","3537","tripadvisor","Warszawa","2026-09-14T01:15:56.039352+00:00","https://fly.pl/oferta/egipt-wczasy/?filter[dest]=11:&filter[hotelids]=&filter[cityids]=&filter[cregids]=&filter[ofrType]=&filter[addObjType]=&filter[whenFrom]=10-10-2026&filter[whenTo]=05-11-2026&filter[duration]=7:10&filter[from]=Warszawa%20-%20Radom,Warszawa,Warszawa%20-%20Modlin&filter[person]=2&filter[child]=1&filter[price]=0:11000&filter[PriceFrom]=0&filter[PriceTo]=11000&filter[addCategory]=50&filter[addCatering]=1&filter[addMisc]=0&filter[addTransport]=F&filter[fp]=1&order_by=ofr_price&filter[tourOperator]=0&filter[childAge][1]=20201210","https://fly.pl/cdn/photo/assets/uploads/582/278/2015/03/Old-Palace-Resort-Sahl-Hasheesh.jpg","https://fly.pl/wycieczka/egipt,hurghada,c/old-palace-resort/pmf5JP5UU7sem-iT3IO2D8AAog6yubmJMUNW7svhG96nu5ihLqCxxQb8S86Hh0k4aD-ioqBE9SRVgw0JWd1QZIkURQQVi2CGACagdKMFQuMi4xcjWbARUHFwBcA1gFVgIRLkCcBl2bD08kU9KdAVIAXq9PS-1DYQBM5Yw6ILj9lwkNAAISYwECC9p0xos/ofertasv/?filter[tourOperator]=OREX&filter%5Bperson%5D=2&filter%5BchildAge%5D%5B1%5D=20201210&filter%5Bchild%5D=1"
"Sentido Akassia Beach (ex. LTI Akassia Beach)","8730.0","24.10.2026 - 31.10.2026","8 dni/7 nocy","","4.4","4.4","2309","tripadvisor","Warszawa","2026-09-14T01:15:56.039352+00:00","https://fly.pl/oferta/egipt-wczasy/?filter[dest]=11:&filter[hotelids]=&filter[cityids]=&filter[cregids]=&filter[ofrType]=&filter[addObjType]=&filter[whenFrom]=10-10-2026&filter[whenTo]=05-11-2026&filter[duration]=7:10&filter[from]=Warszawa%20-%20Radom,Warszawa,Warszawa%20-%20Modlin&filter[person]=2&filter[child]=1&filter[price]=0:11000&filter[PriceFrom]=0&filter[PriceTo]=11000&filter[addCategory]=50&filter[addCatering]=1&filter[addMisc]=0&filter[addTransport]=F&filter[fp]=1&order_by=ofr_price&filter[tourOperator]=0&filter[childAge][1]=20201210","https://fly.pl/cdn/photo/assets/uploads/582/278/2014/09/Sentido-Akassia-Beach.jpg","https://fly.pl/wycieczka/egipt,marsa-alam,c/lti-akassia-beach-2/pGu8vR7NVgXSNK_vJVtSOJAAogWsj03FuK88D0OuhDCSx3N6aYQYkkWuEfcVdFg92vHHIqBE9SRVgw0JWd1QZImkRQQVi-B2ACagYxUy4yLjFyNZsBFQcXAFwDWAVWAhEmQKQGXYMkTyRemdgBU7wUUgBLsS9hAEzljDogs_2XCQ0AAhJjAQIN77yOVQ/ofertasv/?filter[tourOperator]=OREX&filter%5Bperson%5D=2&filter%5BchildAge%5D%5B1%5D=20201210&filter%5Bchild%5D=1"
"Royal Regency Club","8730.0","27.10.2026 - 03.11.2026","8 dni/7 nocy","","4.4","4.4","359","tripadvisor","Warszawa - Modlin","2026-09-14T01:15:56.039352+00:00","https://fly.pl/oferta/egipt-wczasy/?filter[dest]=11:&filter[hotelids]=&filter[cityids]=&filter[cregids]=&filter[ofrType]=&filter[addObjType]=&filter[whenFrom]=10-10-2026&filter[whenTo]=05-11-2026&filter[duration]=7:10&filter[from]=Warszawa%20-%20Radom,Warszawa,Warszawa%20-%20Modlin&filter[person]=2&filter[child]=1&filter[price]=0:11000&filter[PriceFrom]=0&filter[PriceTo]=11000&filter[addCategory]=50&filter[addCatering]=1&filter[addMisc]=0&filter[addTransport]=F&filter[fp]=1&order_by=ofr_price&filter[tourOperator]=0&filter[childAge][1]=20201210","https://fly.pl/cdn/photo/assets/uploads/582/278/2024/07/royal-regency-club.jpg","https://fly.pl/wycieczka/egipt,sharm-el-sheikh,szarm-el-szejk/royal-regency-club/pePNxeoEDj2F8TJRPszXqmAAogWtzgXlHikYNTDxBCNbBq8pgpXVUQjygZk0IwIA3_YjEqBE9BU0kw0JWd1QZImkRQAViGCGACagNBSStyIRwR3a8BuQTn9g-rBAIbiLsPGLiFEwHN3cKmAgIAYwECDQdaivQ/ofertasv/?filter[tourOperator]=OASI&filter%5Bperson%5D=2&filter%5BchildAge%5D%5B1%5D=20201210&filter%5Bchild%5D=1"
"Rehana Royal Beach Resort & Spa","8747.0","11.10.2026 - 18.10.2026","8 dni/7 nocy","","4.3","4.3","4678","tripadvisor","Warszawa","2026-09-14T01:15:56.039352+00:00","https://fly.pl/oferta/egipt-wczasy/?filter[dest]=11:&filter[hotelids]=&filter[cityids]=&filter[cregids]=&filter[ofrType]=&filter[addObjType]=&filter[whenFrom]=10-10-2026&filter[whenTo]=05-11-2026&filter[duration]=7:10&filter[from]=Warszawa%20-%20Radom,Warszawa,Warszawa%20-%20Modlin&filter[person]=2&filter[child]=1&filter[price]=0:11000&filter[PriceFrom]=0&filter[PriceTo]=11000&filter[addCategory]=50&filter[addCatering]=1&filter[addMisc]=0&filter[addTransport]=F&filter[fp]=1&order_by=ofr_price&filter[tourOperator]=0&filter[childAge][1]=20201210","https://fly.pl/cdn/photo/assets/uploads/582/278/2016/11/Rehana-Royal-Beach-Resort-amp-Spa.jpg","https://fly.pl/wycieczka/egipt,sharm-el-sheikh,c/rehana-royal-beach-resort-spa/pm0da-bXy8bpysT4Ou3F_2AAogDH7tKRZnTfyoBCAh7xvifAiPgYhrkVrHHSR3tH9QMnYqBEpPSVAw0JWd1QZIq0RQQViGBWACagMwMHdyQpsBFAEVBhcAXANYBVYCQMoGT-IBXQAR88gBXusxUqYgUwBLxyNhAEzljDoNpv2XCSAAAaGf1PjEiMygMAINYwEADH4mmok/ofertasv/?filter[tourOperator]=JOIP&filter%5Bperson%5D=2&filter%5BchildAge%5D%5B1%5D=20201210&filter%5Bchild%5D=1"
"Amarina Sun Resort & Aqua Park (ex. Raouf Sun International Aqua Park & SPA)","8836.0","11.10.2026 - 18.10.2026","8 dni/7 nocy","","3.8","3.8","328","tripadvisor","Warszawa","2026-09-14T01:15:56.039352+00:00","https://fly.pl/oferta/egipt-wczasy/?filter[dest]=11:&filter[hotelids]=&filter[cityids]=&filter[cregids]=&filter[ofrType]=&filter[addObjType]=&filter[whenFrom]=10-10-2026&filter[whenTo]=05-11-2026&filter[duration]=7:10&filter[from]=Warszawa%20-%20Radom,Warszawa,Warszawa%20-%20Modlin&filter[person]=2&filter[child]=1&filter[price]=0:11000&filter[PriceFrom]=0&filter[PriceTo]=11000&filter[addCategory]=50&filter[addCatering]=1&filter[addMisc]=0&filter[addTransport]=F&filter[fp]=1&order_by=ofr_price&filter[tourOperator]=0&filter[childAge][1]=20201210","https://fly.pl/cdn/photo/assets/uploads/582/278/2024/07/raouf-sun-international-aqua-park-spa.jpg","https://fly.pl/wycieczka/egipt,sharm-el-sheikh,szarm-el-szejk/raouf-international-aqua-park-spa-14/p62y9uvqwVFEJO36Nkr2bvAAogDMzrR9iJSSW0yhRwXrgWAwiPgYhrkVrHHSR3tH9QMnYqBEpPSVAw0JWd1QZIhEVQQViGBWACagMxMm9yQ5sBFAEVBhcAXANYBVYCQMoGT-IBXQBe3voBUqYgUwBLxyNhABHPiAFMloQ5Dab9lwkgAAG7zdy4w4jMoDACDWMBAAyRSDmD/ofertasv/?filter[tourOperator]=JOIP&filter%5Bperson%5D=2&filter%5BchildAge%5D%5B1%5D=20201210&filter%5Bchild%5D=1"
"Serenity Alpha Beach (ex. Serenity Makadi Beach)","8861.0","29.10.2026 - 05.11.2026","8 dni/7 nocy","","4.6","4.6","6620","tripadvisor","Warszawa","2026-09-14T01:15:56.039352+00:00","https://fly.pl/oferta/egipt-wczasy/?filter[dest]=11:&filter[hotelids]=&filter[cityids]=&filter[cregids]=&filter[ofrType]=&filter[addObjType]=&filter[whenFrom]=10-10-2026&filter[whenTo]=05-11-2026&filter[duration]=7:10&filter[from]=Warszawa%20-%20Radom,Warszawa,Warszawa%20-%20Modlin&filter[person]=2&filter[child]=1&filter[price]=0:11000&filter[PriceFrom]=0&filter[PriceTo]=11000&filter[addCategory]=50&filter[addCatering]=1&filter[addMisc]=0&filter[addTransport]=F&filter[fp]=1&order_by=ofr_price&filter[tourOperator]=0&filter[childAge][1]=20201210","https://fly.pl/cdn/photo/assets/uploads/582/278/2014/07/Serenity-Alpha-Beach.jpg","https://fly.pl/wycieczka/egipt,hurghada,makadi-bay/serenity-makadi-heights/pybQ9KWjtTaabDd0ZGixnUAAogDeqrGP0kBI6_KgkfHhokIxLqCxxQb8S86Hh0k4aD-ioqBE9SRVgw0JWd1QZInUVQQVi2CGACagZENi4yLjFyNZsBFQcXAFgIVgJcCBH6BUBIXZsPTyRT0p0BUgBer09L7UNhAEzljDoguP2XCQ0AAhJjAQIM4dv0rQ/ofertasv/?filter[tourOperator]=OREX&filter%5Bperson%5D=2&filter%5BchildAge%5D%5B1%5D=20201210&filter%5Bchild%5D=1"
"True Beach Resort","9120.0","17.10.2026 - 24.10.2026","8 dni/7 nocy","","4.3","4.3","149","tripadvisor","Warszawa","2026-09-14T01:15:56.039352+00:00","https://fly.pl/oferta/egipt-wczasy/?filter[dest]=11:&filter[hotelids]=&filter[cityids]=&filter[cregids]=&filter[ofrType]=&filter[addObjType]=&filter[whenFrom]=10-10-2026&filter[whenTo]=05-11-2026&filter[duration]=7:10&filter[from]=Warszawa%20-%20Radom,Warszawa,Warszawa%20-%20Modlin&filter[person]=2&filter[child]=1&filter[price]=0:11000&filter[PriceFrom]=0&filter[PriceTo]=11000&filter[addCategory]=50&filter[addCatering]=1&filter[addMisc]=0&filter[addTransport]=F&filter[fp]=1&order_by=ofr_price&filter[tourOperator]=0&filter[childAge][1]=20201210","https://fly.pl/cdn/photo/assets/uploads/582/278/2014/09/True-Beach-Resort.jpg","https://fly.pl/wycieczka/egipt,marsa-alam,c/laguna-beach-marsa-alam/pd1KqQQRB5WiYhx8wIsRXvAAogJJU9OfTw6aO_XPL_KvITigAAAAD7hQQAGIYEAAcAAQAqBFdFWlkw0JWd1QZIoEdQQViWBmADaglFbnRlciBBaXJyQp4BHwAcAQIAFgQXAhLtAxWDBBifAxMFFOIEQKRxEcFrT_UqTABQsS9LAB3zxA8gHRu4q2QNyZneCAESYwEMYwECBfQgqjY/ofertasv/?filter[tourOperator]=WEZY&filter%5Bperson%5D=2&filter%5BchildAge%5D%5B1%5D=20201210&filter%5Bchild%5D=1"
"Dreams Beach Sharm Resort (Sharm El Sheikh)","9124.0","11.10.2026 - 18.10.2026","8 dni/7 nocy","","3.9","3.9","2648","tripadvisor","Warszawa","2026-09-14T01:15:56.039352+00:00","https://fly.pl/oferta/egipt-wczasy/?filter[dest]=11:&filter[hotelids]=&filter[cityids]=&filter[cregids]=&filter[ofrType]=&filter[addObjType]=&filter[whenFrom]=10-10-2026&filter[whenTo]=05-11-2026&filter[duration]=7:10&filter[from]=Warszawa%20-%20Radom,Warszawa,Warszawa%20-%20Modlin&filter[person]=2&filter[child]=1&filter[price]=0:11000&filter[PriceFrom]=0&filter[PriceTo]=11000&filter[addCategory]=50&filter[addCatering]=1&filter[addMisc]=0&filter[addTransport]=F&filter[fp]=1&order_by=ofr_price&filter[tourOperator]=0&filter[childAge][1]=20201210","https://fly.pl/cdn/photo/assets/uploads/582/278/2014/07/Dreams-Beach-Resort.jpg","https://fly.pl/wycieczka/egipt,sharm-el-sheikh,szarm-el-szejk/dreams-beach-sharm-el-sheikh/pO6RkDdunkKH1KCwgWDo_JAAogmWsNTubVUHJiFrHADfnAJwiPgYhrkVrHHSR3tH9QMnYqBEpPSVAw0JWd1QZIpEdQQViGBWACagNDR21yQpsBFAEVBhcAXANYBVYCQMoGT-IBXQAR5MYBXvozUqYgUwBLxyNhAEzljDoNpv2XCSAAAbK39PjCiMygMAINYwEACxT17SQ/ofertasv/?filter[tourOperator]=JOIP&filter%5Bperson%5D=2&filter%5BchildAge%5D%5B1%5D=20201210&filter%5Bchild%5D=1"
"Amarina Star Resort & Aqua Park (ex. Raouf Star)","9150.0","11.10.2026 - 18.10.2026","8 dni/7 nocy","","4.1","4.1","101","tripadvisor","Warszawa","2026-09-14T01:15:56.039352+00:00","https://fly.pl/oferta/egipt-wczasy/?filter[dest]=11:&filter[hotelids]=&filter[cityids]=&filter[cregids]=&filter[ofrType]=&filter[addObjType]=&filter[whenFrom]=10-10-2026&filter[whenTo]=05-11-2026&filter[duration]=7:10&filter[from]=Warszawa%20-%20Radom,Warszawa,Warszawa%20-%20Modlin&filter[person]=2&filter[child]=1&filter[price]=0:11000&filter[PriceFrom]=0&filter[PriceTo]=11000&filter[addCategory]=50&filter[addCatering]=1&filter[addMisc]=0&filter[addTransport]=F&filter[fp]=1&order_by=ofr_price&filter[tourOperator]=0&filter[childAge][1]=20201210","https://fly.pl/cdn/photo/assets/uploads/582/278/2023/04/Amarina-Star-Resort-Aqua-Park.jpg","https://fly.pl/wycieczka/egipt,sharm-el-sheikh,szarm-el-szejk/raouf-star-15/pjNAiv1tscDW1os4MykeNDAAogn7JU-pwN9yb_q1ZQWVeu5QiPgYhrkVrHHSR3tH9QMnYqBEpPSVAw0JWd1QZIvkdQQViGBWACagMxMm9yQ5sBFAEVBhcAXANYBVYCQMoGT-IBXQBe3voBUqYgUwBLxyNhABH2pwFM7-Q4Dab9lwkgAAG93fCPxIjMoDACDWMBAAxaF-yd/ofertasv/?filter[tourOperator]=JOIP&filter%5Bperson%5D=2&filter%5BchildAge%5D%5B1%5D=20201210&filter%5Bchild%5D=1"
"Stella Gardens Resort & Spa (ex Stella Di Mare Gardens)","9173.0","20.10.2026 - 27.10.2026","8 dni/7 nocy","","4.5","4.5","2772","tripadvisor","Warszawa","2026-09-14T01:15:56.039352+00:00","https://fly.pl/oferta/egipt-wczasy/?filter[dest]=11:&filter[hotelids]=&filter[cityids]=&filter[cregids]=&filter[ofrType]=&filter[addObjType]=&filter[whenFrom]=10-10-2026&filter[whenTo]=05-11-2026&filter[duration]=7:10&filter[from]=Warszawa%20-%20Radom,Warszawa,Warszawa%20-%20Modlin&filter[person]=2&filter[child]=1&filter[price]=0:11000&filter[PriceFrom]=0&filter[PriceTo]=11000&filter[addCategory]=50&filter[addCatering]=1&filter[addMisc]=0&filter[addTransport]=F&filter[fp]=1&order_by=ofr_price&filter[tourOperator]=0&filter[childAge][1]=20201210","https://fly.pl/cdn/photo/assets/uploads/582/278/2014/10/Stella-Di-Mare-Gardens-Resort-Spa.jpg","https://fly.pl/wycieczka/egipt,hurghada,makadi-bay/stella-makadi-garden/p0aqISVPfUbwuNPsABdO7BAAog3b7o2x_OmWTihTvjnxAouA6xPSSx01l8-VY8g4i8578qBEpPSVAw0JWd1QZI1UdQQVjeBmACagMwMEZyQpsBFAEVBhcAXANYBVYCQMoGT-IBXQBSr6sBUwARxjBe6R5L7UNhAEzljDoNr_2XCSAAAZaX4ODEhsygMAIOYwEADeV9MrU/ofertasv/?filter[tourOperator]=JOIP&filter%5Bperson%5D=2&filter%5BchildAge%5D%5B1%5D=20201210&filter%5Bchild%5D=1"
"Radisson Individuals Marina Port Ghalib (ex. Sunrise Marina Resort)","9194.0","25.10.2026 - 01.11.2026","8 dni/7 nocy","","4.6","4.6","3575","tripadvisor","Warszawa","2026-09-14T01:15:56.039352+00:00","https://fly.pl/oferta/egipt-wczasy/?filter[dest]=11:&filter[hotelids]=&filter[cityids]=&filter[cregids]=&filter[ofrType]=&filter[addObjType]=&filter[whenFrom]=10-10-2026&filter[whenTo]=05-11-2026&filter[duration]=7:10&filter[from]=Warszawa%20-%20Radom,Warszawa,Warszawa%20-%20Modlin&filter[person]=2&filter[child]=1&filter[price]=0:11000&filter[PriceFrom]=0&filter[PriceTo]=11000&filter[addCategory]=50&filter[addCatering]=1&filter[addMisc]=0&filter[addTransport]=F&filter[fp]=1&order_by=ofr_price&filter[tourOperator]=0&filter[childAge][1]=20201210","https://fly.pl/cdn/photo/assets/uploads/582/278/2015/04/RADISSON-INDIVIDUALS-MARINA.jpg","https://fly.pl/wycieczka/egipt,marsa-alam,port-ghalib/rehana-port-ghalib-resort/p1ei96-EfoAHl_-qI3lmuRAAogbb0QiuXZH3FRQP0H1gHJVwAAAADmgwQAa7kEAAcAAQAqBFdFWlkw0JWd1QZI6kdQQVjWB2ADaglFbnRlciBBaXJyRZ4BHwAcAQIAFgQXAhLtAxPYBBWIBBS5ARjrARGyVkD3Gk-2lgFMAFCxL0sAHd7ADyCFaxv0piENwregCQESYwEOYwECBg3Q6Rw/ofertasv/?filter[tourOperator]=WEZY&filter%5Bperson%5D=2&filter%5BchildAge%5D%5B1%5D=20201210&filter%5Bchild%5D=1"
"Fantazia Resort","9198.0","10.10.2026 - 17.10.2026","8 dni/7 nocy","","4.4","4.4","5979","tripadvisor","Warszawa","2026-09-14T01:15:56.039352+00:00","https://fly.pl/oferta/egipt-wczasy/?filter[dest]=11:&filter[hotelids]=&filter[cityids]=&filter[cregids]=&filter[ofrType]=&filter[addObjType]=&filter[whenFrom]=10-10-2026&filter[whenTo]=05-11-2026&filter[duration]=7:10&filter[from]=Warszawa%20-%20Radom,Warszawa,Warszawa%20-%20Modlin&filter[person]=2&filter[child]=1&filter[price]=0:11000&filter[PriceFrom]=0&filter[PriceTo]=11000&filter[addCategory]=50&filter[addCatering]=1&filter[addMisc]=0&filter[addTransport]=F&filter[fp]=1&order_by=ofr_price&filter[tourOperator]=0&filter[childAge][1]=20201210","https://fly.pl/cdn/photo/assets/uploads/582/278/2016/11/Fantazia-Resort.jpg","https://fly.pl/wycieczka/egipt,marsa-alam,c/fantazia-resort/pDVTLVErBxjqbJwGy3rB1ZAAogfdn1GIvi-oLVUBBUd8os6-9TA1U2A3doRoFyKBE2oSQqBEpPSVAw0JWd1QZI7kdQQVjuBGACagMzSXFyQpsBFAEVBhcAXANYBVYCQMoGT-IBXQBe3voBEcsBUvESUwBLsS9hAEzljDoNpf2XCSAAAb_h0LDl5tCgMAINYwEADNQ5XNA/ofertasv/?filter[tourOperator]=JOIP&filter%5Bperson%5D=2&filter%5BchildAge%5D%5B1%5D=20201210&filter%5Bchild%5D=1"
"Titanic Palace Resort","9207.0","29.10.2026 - 05.11.2026","8 dni/7 nocy","","4.5","4.5","7352","tripadvisor","Warszawa","2026-09-14T01:15:56.039352+00:00","https://fly.pl/oferta/egipt-wczasy/?filter[dest]=11:&filter[hotelids]=&filter[cityids]=&filter[cregids]=&filter[ofrType]=&filter[addObjType]=&filter[whenFrom]=10-10-2026&filter[whenTo]=05-11-2026&filter[duration]=7:10&filter[from]=Warszawa%20-%20Radom,Warszawa,Warszawa%20-%20Modlin&filter[person]=2&filter[child]=1&filter[price]=0:11000&filter[PriceFrom]=0&filter[PriceTo]=11000&filter[addCategory]=50&filter[addCatering]=1&filter[addMisc]=0&filter[addTransport]=F&filter[fp]=1&order_by=ofr_price&filter[tourOperator]=0&filter[childAge][1]=20201210","https://fly.pl/cdn/photo/assets/uploads/582/278/2014/07/Titanic-Palace-Resort.jpg","https://fly.pl/wycieczka/egipt,hurghada,c/titanic-palace-2/pTKyfsSnIJ9Vw3jelTCphXAAoglzaWveP6B9Z-wrqi7mL-wWSr15Jod7NI_ZeeP2cCHt0qBEVYSU0w0JWd1QZI90dQAVi2CGACagNVQUlyIxwRj7sGuQSbgD6rBL2KChuP5UQYseRIAYPEjbgNAgBjAQIL42E9hg/ofertasv/?filter[tourOperator]=EXIM&filter%5Bperson%5D=2&filter%5BchildAge%5D%5B1%5D=20201210&filter%5Bchild%5D=1"
"Safir Sharm Waterfalls Resort (ex Hilton Waterfalls Resort)","9212.0","11.10.2026 - 18.10.2026","8 dni/7 nocy","","4.4","4.4","1225","tripadvisor","Warszawa","2026-09-14T01:15:56.039352+00:00","https://fly.pl/oferta/egipt-wczasy/?filter[dest]=11:&filter[hotelids]=&filter[cityids]=&filter[cregids]=&filter[ofrType]=&filter[addObjType]=&filter[whenFrom]=10-10-2026&filter[whenTo]=05-11-2026&filter[duration]=7:10&filter[from]=Warszawa%20-%20Radom,Warszawa,Warszawa%20-%20Modlin&filter[person]=2&filter[child]=1&filter[price]=0:11000&filter[PriceFrom]=0&filter[PriceTo]=11000&filter[addCategory]=50&filter[addCatering]=1&filter[addMisc]=0&filter[addTransport]=F&filter[fp]=1&order_by=ofr_price&filter[tourOperator]=0&filter[childAge][1]=20201210","https://fly.pl/cdn/photo/assets/uploads/582/278/2014/07/Hilton-Sharm-Waterfalls-Resort-fly-pl-4.jpg","https://fly.pl/wycieczka/egipt,sharm-el-sheikh,c/hilton-sharm-waterfalls-resort/pqjzM6_B-Kp-sKjEMG42AxAAogG6pSrfCbl5tZqOB6i-LIvwiPgYhrkVrHHSR3tH9QMnYqBEpPSVAw0JWd1QZI_EdQQViGBWACagNDR21yQpsBFAEVBhcAXANYBVYCQMoGT-IBXQARwsYBXpw0UqYgUwBLxyNhAEzljDoNpv2XCSAAAa-xuJi0iMygMAINYwEAC3s_rMI/ofertasv/?filter[tourOperator]=JOIP&filter%5Bperson%5D=2&filter%5BchildAge%5D%5B1%5D=20201210&filter%5Bchild%5D=1"
"Sharm Grand Plaza Resort","9239.0","11.10.2026 - 18.10.2026","8 dni/7 nocy","","4.4","4.4","9442","tripadvisor","Warszawa","2026-09-14T01:15:56.039352+00:00","https://fly.pl/oferta/egipt-wczasy/?filter[dest]=11:&filter[hotelids]=&filter[cityids]=&filter[cregids]=&filter[ofrType]=&filter[addObjType]=&filter[whenFrom]=10-10-2026&filter[whenTo]=05-11-2026&filter[duration]=7:10&filter[from]=Warszawa%20-%20Radom,Warszawa,Warszawa%20-%20Modlin&filter[person]=2&filter[child]=1&filter[price]=0:11000&filter[PriceFrom]=0&filter[PriceTo]=11000&filter[addCategory]=50&filter[addCatering]=1&filter[addMisc]=0&filter[addTransport]=F&filter[fp]=1&order_by=ofr_price&filter[tourOperator]=0&filter[childAge][1]=20201210","https://fly.pl/cdn/photo/assets/uploads/582/278/2014/07/SHARM-GRAND-PLAZA-RESORT-1.jpg","https://fly.pl/wycieczka/egipt,sharm-el-sheikh,c/grand-plaza-resort/pWKfJnqqP8pX6z3rBQRw2iAAognppR-ks28gTK9BQRaId3_AiPgYhrkVrHHSR3tH9QMnYqBEpPSVAw0JWd1QZIl0hQQViGBWACagMwM2pyQpsBFAEVBhcAXANYBVYCQMoGT-IBXQARgscBXtwzUqYgUwBLxyNhAEzljDoNpv2XCSAAAcWx1JC0iMygMAINYwEAC6XSDLI/ofertasv/?filter[tourOperator]=JOIP&filter%5Bperson%5D=2&filter%5BchildAge%5D%5B1%5D=20201210&filter%5Bchild%5D=1"
"Swiss Inn Resort Hurghada (ex. Hilton Hurghada Resort)","9241.0","27.10.2026 - 03.11.2026","9 dni/7 nocy","","4.5","4.5","1878","tripadvisor","Warszawa - Modlin","2026-09-14T01:15:56.039352+00:00","https://fly.pl/oferta/egipt-wczasy/?filter[dest]=11:&filter[hotelids]=&filter[cityids]=&filter[cregids]=&filter[ofrType]=&filter[addObjType]=&filter[whenFrom]=10-10-2026&filter[whenTo]=05-11-2026&filter[duration]=7:10&filter[from]=Warszawa%20-%20Radom,Warszawa,Warszawa%20-%20Modlin&filter[person]=2&filter[child]=1&filter[price]=0:11000&filter[PriceFrom]=0&filter[PriceTo]=11000&filter[addCategory]=50&filter[addCatering]=1&filter[addMisc]=0&filter[addTransport]=F&filter[fp]=1&order_by=ofr_price&filter[tourOperator]=0&filter[childAge][1]=20201210","https://fly.pl/cdn/photo/assets/uploads/582/278/2014/07/Swiss-Inn-Resort-Hurghada.jpg","https://fly.pl/wycieczka/egipt,hurghada,c/hilton-resort/pls6MZiiz5MhNDLewcnDSLAAogX8vuSwKa6aA6QNRZ6Auhjn-RivCO5fCdWQwfiBpU-nUqBE9BU0kw0JWd1QZImUhQAViGCGACagNBSWxyIBwRvHarBLCoELkEQBunzQ0YoewSAZGwtJkCAgBjAQIGlupUbA/ofertasv/?filter[tourOperator]=OASI&filter%5Bperson%5D=2&filter%5BchildAge%5D%5B1%5D=20201210&filter%5Bchild%5D=1"
"Ancient Sands Golf Resort","9252.0","29.10.2026 - 05.11.2026","8 dni/7 nocy","","4.8","4.8","3352","tripadvisor","Warszawa","2026-09-14T01:15:56.039352+00:00","https://fly.pl/oferta/egipt-wczasy/?filter[dest]=11:&filter[hotelids]=&filter[cityids]=&filter[cregids]=&filter[ofrType]=&filter[addObjType]=&filter[whenFrom]=10-10-2026&filter[whenTo]=05-11-2026&filter[duration]=7:10&filter[from]=Warszawa%20-%20Radom,Warszawa,Warszawa%20-%20Modlin&filter[person]=2&filter[child]=1&filter[price]=0:11000&filter[PriceFrom]=0&filter[PriceTo]=11000&filter[addCategory]=50&filter[addCatering]=1&filter[addMisc]=0&filter[addTransport]=F&filter[fp]=1&order_by=ofr_price&filter[tourOperator]=0&filter[childAge][1]=20201210","https://fly.pl/cdn/photo/assets/uploads/582/278/2019/05/Ancient-Sands-Golf-Resort.jpg","https://fly.pl/wycieczka/egipt,hurghada,al-dzuna/ancient-sands-el-gouna/pD3hEk8TRqMmLmilCcJwH-AAogOKRy10QYgWXTirqo4cHeThLqCxxQb8S86Hh0k4aD-ioqBE9SRVgw0JWd1QZIpEhQQVi2CGACagVZLjIuMXI1mwEVBxcAXANYBVYCEQVAxQZdmw9PJFPSnQFSAF6vT0vtQ2EATOWMOiC4_ZcJDQACEmMBAgxeGH1Z/ofertasv/?filter[tourOperator]=OREX&filter%5Bperson%5D=2&filter%5BchildAge%5D%5B1%5D=20201210&filter%5Bchild%5D=1"
"Pharaoh Azur Resort (ex Sonesta Pharaoh Beach Resort)","9259.0","25.10.2026 - 01.11.2026","8 dni/7 nocy","","4.5","4.5","2752","tripadvisor","Warszawa","2026-09-14T01:15:56.039352+00:00","https://fly.pl/oferta/egipt-wczasy/?filter[dest]=11:&filter[hotelids]=&filter[cityids]=&filter[cregids]=&filter[ofrType]=&filter[addObjType]=&filter[whenFrom]=10-10-2026&filter[whenTo]=05-11-2026&filter[duration]=7:10&filter[from]=Warszawa%20-%20Radom,Warszawa,Warszawa%20-%20Modlin&filter[person]=2&filter[child]=1&filter[price]=0:11000&filter[PriceFrom]=0&filter[PriceTo]=11000&filter[addCategory]=50&filter[addCatering]=1&filter[addMisc]=0&filter[addTransport]=F&filter[fp]=1&order_by=ofr_price&filter[tourOperator]=0&filter[childAge][1]=20201210","https://fly.pl/cdn/photo/assets/uploads/582/278/2014/07/Pharaoh-Azur-Resort.jpg","https://fly.pl/wycieczka/egipt,hurghada,c/sonesta-pharaoh/pZJmIfn2Hecd5hnCthzmOqAAogWnl8UuPpVz6Uug6yKiU47wAAAADmggQATLsEAAcAAAAqBFdFWlkw0JWd1QZIq0hQQVjWB2ADaglFbnRlciBBaXJqBDAwMTVyQp4BlAEfABwBAgAWBBcCEbEBErwCFcwIE3gYnQJAzHFMyzJPAEuckwFQABu2SR2o9Q4g5nAN1drBCQESYwEOYwECBSNNZ9Y/ofertasv/?filter[tourOperator]=WEZY&filter%5Bperson%5D=2&filter%5BchildAge%5D%5B1%5D=20201210&filter%5Bchild%5D=1"
"Pyramisa Beach Resort Sahl Hasheesh","9293.0","22.10.2026 - 29.10.2026","8 dni/7 nocy","","4.1","4.1","3578","tripadvisor","Warszawa - Radom","2026-09-14T01:15:56.039352+00:00","https://fly.pl/oferta/egipt-wczasy/?filter[dest]=11:&filter[hotelids]=&filter[cityids]=&filter[cregids]=&filter[ofrType]=&filter[addObjType]=&filter[whenFrom]=10-10-2026&filter[whenTo]=05-11-2026&filter[duration]=7:10&filter[from]=Warszawa%20-%20Radom,Warszawa,Warszawa%20-%20Modlin&filter[person]=2&filter[child]=1&filter[price]=0:11000&filter[PriceFrom]=0&filter[PriceTo]=11000&filter[addCategory]=50&filter[addCatering]=1&filter[addMisc]=0&filter[addTransport]=F&filter[fp]=1&order_by=ofr_price&filter[tourOperator]=0&filter[childAge][1]=20201210","https://fly.pl/cdn/photo/assets/uploads/582/278/2015/04/Pyramisa-Beach-Resort-Sahl-Hasheesh.jpg","https://fly.pl/wycieczka/egipt,hurghada,sahl-hasheesh/dessole-pyramisa-beach-resort-ex-pyramisa-beach-r/pLeZ4JgjaehNj1_scS3faEAAogDJY4csxf0BQt907Ourb2yyWlkVtJMYzcX-uCortsPpUqBE9SRVgw0JWd1QZIzUhQQViOB2ACagZFSC4yLjFyNZsBFQcXAFgIVgJcCBEtQJUGXdMOT2xT0p0BUgBer09LgRJhAEzRvjogsf2XCQ0AAhJjAQIL5ycvtg/ofertasv/?filter[tourOperator]=OREX&filter%5Bperson%5D=2&filter%5BchildAge%5D%5B1%5D=20201210&filter%5Bchild%5D=1"
"Albatros Makadi Resort (ex Royal Pharaohs Makadi)","9297.0","27.10.2026 - 03.11.2026","9 dni/7 nocy","","3.3","3.3","844","tripadvisor","Warszawa - Modlin","2026-09-14T01:15:56.039352+00:00","https://fly.pl/oferta/egipt-wczasy/?filter[dest]=11:&filter[hotelids]=&filter[cityids]=&filter[cregids]=&filter[ofrType]=&filter[addObjType]=&filter[whenFrom]=10-10-2026&filter[whenTo]=05-11-2026&filter[duration]=7:10&filter[from]=Warszawa%20-%20Radom,Warszawa,Warszawa%20-%20Modlin&filter[person]=2&filter[child]=1&filter[price]=0:11000&filter[PriceFrom]=0&filter[PriceTo]=11000&filter[addCategory]=50&filter[addCatering]=1&filter[addMisc]=0&filter[addTransport]=F&filter[fp]=1&order_by=ofr_price&filter[tourOperator]=0&filter[childAge][1]=20201210","https://fly.pl/cdn/photo/assets/uploads/582/278/2014/07/Harmony-Makadi-Bay-fly-pl.jpg","https://fly.pl/wycieczka/egipt,hurghada,makadi-bay/harmony-makadi-bay/pUl6PKp7gm20i1thBmhzsFAAog8cmHXh3Dh-65kzMcVHIbf5eMXePUQkpobZ-BQI6-nbQqBEVYSU0w0JWd1QZI0UhQAViGCGACagJBSXIhHBG6_warBIepS7kERRuui0IYo4xKAcSg4NENAhJjAQIMWIO-_g/ofertasv/?filter[tourOperator]=EXIM&filter%5Bperson%5D=2&filter%5BchildAge%5D%5B1%5D=20201210&filter%5Bchild%5D=1"
"Sataya Resort (ex. Labranda Sataya Marsa Alam)","9357.0","16.10.2026 - 23.10.2026","8 dni/7 nocy","","4.7","4.7","4175","tripadvisor","Warszawa","2026-09-14T01:15:56.039352+00:00","https://fly.pl/oferta/egipt-wczasy/?filter[dest]=11:&filter[hotelids]=&filter[cityids]=&filter[cregids]=&filter[ofrType]=&filter[addObjType]=&filter[whenFrom]=10-10-2026&filter[whenTo]=05-11-2026&filter[duration]=7:10&filter[from]=Warszawa%20-%20Radom,Warszawa,Warszawa%20-%20Modlin&filter[person]=2&filter[child]=1&filter[price]=0:11000&filter[PriceFrom]=0&filter[PriceTo]=11000&filter[addCategory]=50&filter[addCatering]=1&filter[addMisc]=0&filter[addTransport]=F&filter[fp]=1&order_by=ofr_price&filter[tourOperator]=0&filter[childAge][1]=20201210","https://fly.pl/cdn/photo/assets/uploads/582/278/2019/09/Sataya-Resort-Marsa-Alam.jpg","https://fly.pl/wycieczka/egipt,marsa-alam,c/labranda-sataya-marsa-alam-9/pWYmTrSyGzFnQet4QjESLTAAogw7M5bPSVcY1ogP4r2mq74RmvUzSY9g6oqKJ6OAWZgFkqBFZJVFgw0JWd1QZIjUlQQVj-BWACckAaABUHFwBcA1gFQI8DW6eGAV7WeVK8FFMAS7EvYQBM77Q5DaHVmAkgAFGm6MD23wFP6LILXZz4r_klAg1jAQIMDmmEJA/ofertasv/?filter[tourOperator]=VITX&filter%5Bperson%5D=2&filter%5BchildAge%5D%5B1%5D=20201210&filter%5Bchild%5D=1"
"Jaz Mirabel Park","9361.0","11.10.2026 - 18.10.2026","8 dni/7 nocy","","4.4","4.4","4043","tripadvisor","Warszawa","2026-09-14T01:15:56.039352+00:00","https://fly.pl/oferta/egipt-wczasy/?filter[dest]=11:&filter[hotelids]=&filter[cityids]=&filter[cregids]=&filter[ofrType]=&filter[addObjType]=&filter[whenFrom]=10-10-2026&filter[whenTo]=05-11-2026&filter[duration]=7:10&filter[from]=Warszawa%20-%20Radom,Warszawa,Warszawa%20-%20Modlin&filter[person]=2&filter[child]=1&filter[price]=0:11000&filter[PriceFrom]=0&filter[PriceTo]=11000&filter[addCategory]=50&filter[addCatering]=1&filter[addMisc]=0&filter[addTransport]=F&filter[fp]=1&order_by=ofr_price&filter[tourOperator]=0&filter[childAge][1]=20201210","https://fly.pl/cdn/photo/assets/uploads/582/278/2014/07/Jaz-Mirabel-Park-fly-pl.jpg","https://fly.pl/wycieczka/egipt,sharm-el-sheikh,c/jaz-mirabel-park/piuKjIhuztjUwgJnjEXf8iAAog0u1tr9KxpdRBOmvdv5vIoQiPgYhrkVrHHSR3tH9QMnYqBEpPSVAw0pWd1QZIkUlQQViGBWACckMUARUGFwBcA1gFVgJAygZP4gFdAFvyAhGlwwFexzRSpiBTAEvHI2EATOWMOg2m_ZcJIAABxd3sl7WIzKAwAg1jAQAMD5eM-A/ofertasv/?filter[tourOperator]=JOIP&filter%5Bperson%5D=2&filter%5BchildAge%5D%5B1%5D=20201210&filter%5Bchild%5D=1"
"Seven Seas Jolie Bay","9365.0","25.10.2026 - 01.11.2026","8 dni/7 nocy","","4.6","4.6","1518","tripadvisor","Warszawa","2026-09-14T01:15:56.039352+00:00","https://fly.pl/oferta/egipt-wczasy/?filter[dest]=11:&filter[hotelids]=&filter[cityids]=&filter[cregids]=&filter[ofrType]=&filter[addObjType]=&filter[whenFrom]=10-10-2026&filter[whenTo]=05-11-2026&filter[duration]=7:10&filter[from]=Warszawa%20-%20Radom,Warszawa,Warszawa%20-%20Modlin&filter[person]=2&filter[child]=1&filter[price]=0:11000&filter[PriceFrom]=0&filter[PriceTo]=11000&filter[addCategory]=50&filter[addCatering]=1&filter[addMisc]=0&filter[addTransport]=F&filter[fp]=1&order_by=ofr_price&filter[tourOperator]=0&filter[childAge][1]=20201210","https://fly.pl/cdn/photo/assets/uploads/582/278/2022/03/Aqua-Mondo-Abu-Soma-Resort.jpg","https://fly.pl/wycieczka/egipt,hurghada,soma-bay/aqua-mondo-resort-14/pFyzW5KfJDEo-m14qvh9IXAAogxc9-KBBUi93hzc4wCxkPpAAAAADmggQATLsEAAcAAAAqBFdFWlkw0pWd1QZIlUlQQVjWB2ADaglFbnRlciBBaXJqBDAwMTVyQ54BlAEfAAIBFgAcABcGEu0DFcwIE3gYnQJAzHFPyzJMAEuckwFQABHIPx2W_w4g5nAbrs94DaeLyQgBEmMBDGMBAgvFGJ6U/ofertasv/?filter[tourOperator]=WEZY&filter%5Bperson%5D=2&filter%5BchildAge%5D%5B1%5D=20201210&filter%5Bchild%5D=1"
"Naama Bay Promenade Mountain Resort","9384.0","27.10.2026 - 03.11.2026","8 dni/7 nocy","","4.2","4.2","1290","tripadvisor","Warszawa - Modlin","2026-09-14T01:15:56.039352+00:00","https://fly.pl/oferta/egipt-wczasy/?filter[dest]=11:&filter[hotelids]=&filter[cityids]=&filter[cregids]=&filter[ofrType]=&filter[addObjType]=&filter[whenFrom]=10-10-2026&filter[whenTo]=05-11-2026&filter[duration]=7:10&filter[from]=Warszawa%20-%20Radom,Warszawa,Warszawa%20-%20Modlin&filter[person]=2&filter[child]=1&filter[price]=0:11000&filter[PriceFrom]=0&filter[PriceTo]=11000&filter[addCategory]=50&filter[addCatering]=1&filter[addMisc]=0&filter[addTransport]=F&filter[fp]=1&order_by=ofr_price&filter[tourOperator]=0&filter[childAge][1]=20201210","https://fly.pl/cdn/photo/assets/uploads/582/278/2024/07/naama-bay-promenade-mountain-resort.jpg","https://fly.pl/wycieczka/egipt,sharm-el-sheikh,szarm-el-szejk/naama-bay-promenade-mountain-resort-12/pDK66J-SH4UH1TiE9SDNxyAAogqxDAitHZf5TkvBQIUO0NJZgpXVUQjygZk0IwIA3_YjEqBE9BU0kw0pWd1QZIqElQAViGCGACagNBSWxyIRwRra8BuQSX9w-rBAIbidUNGLTtEgG6vNqZAgIAYwECCxLHkpk/ofertasv/?filter[tourOperator]=OASI&filter%5Bperson%5D=2&filter%5BchildAge%5D%5B1%5D=20201210&filter%5Bchild%5D=1"
"Naama Bay Hotel & Resort","9438.0","11.10.2026 - 18.10.2026","8 dni/7 nocy","","4.4","4.4","4857","tripadvisor","Warszawa","2026-09-14T01:15:56.039352+00:00","https://fly.pl/oferta/egipt-wczasy/?filter[dest]=11:&filter[hotelids]=&filter[cityids]=&filter[cregids]=&filter[ofrType]=&filter[addObjType]=&filter[whenFrom]=10-10-2026&filter[whenTo]=05-11-2026&filter[duration]=7:10&filter[from]=Warszawa%20-%20Radom,Warszawa,Warszawa%20-%20Modlin&filter[person]=2&filter[child]=1&filter[price]=0:11000&filter[PriceFrom]=0&filter[PriceTo]=11000&filter[addCategory]=50&filter[addCatering]=1&filter[addMisc]=0&filter[addTransport]=F&filter[fp]=1&order_by=ofr_price&filter[tourOperator]=0&filter[childAge][1]=20201210","https://fly.pl/cdn/photo/assets/uploads/582/278/2014/07/Naama-Bay.jpg","https://fly.pl/wycieczka/egipt,sharm-el-sheikh,c/tropitel-naama-bay/pdkDTx1eOIg5nyKnx1iGpBAAogD7wSLTmk8QHgQGcRSrkJbgiPgYhrkVrHHSR3tH9QMnYqBEpPSVAw0pWd1QZI3klQQViGBWACagMwMllyQpsBFAEVBhcAXANYBVYCQMoGT-IBXQARrcYBXrE0UqYgUwBLxyNhAEzljDoNpv2XCSAAAZ6z6KC1iMygMAINYwEAC3e4C4g/ofertasv/?filter[tourOperator]=JOIP&filter%5Bperson%5D=2&filter%5BchildAge%5D%5B1%5D=20201210&filter%5Bchild%5D=1"
"Pickalbatros Golf Beach Resort","9444.0","27.10.2026 - 03.11.2026","8 dni/7 nocy","","4.5","4.5","318","tripadvisor","Warszawa - Modlin","2026-09-14T01:15:56.039352+00:00","https://fly.pl/oferta/egipt-wczasy/?filter[dest]=11:&filter[hotelids]=&filter[cityids]=&filter[cregids]=&filter[ofrType]=&filter[addObjType]=&filter[whenFrom]=10-10-2026&filter[whenTo]=05-11-2026&filter[duration]=7:10&filter[from]=Warszawa%20-%20Radom,Warszawa,Warszawa%20-%20Modlin&filter[person]=2&filter[child]=1&filter[price]=0:11000&filter[PriceFrom]=0&filter[PriceTo]=11000&filter[addCategory]=50&filter[addCatering]=1&filter[addMisc]=0&filter[addTransport]=F&filter[fp]=1&order_by=ofr_price&filter[tourOperator]=0&filter[childAge][1]=20201210","https://fly.pl/cdn/photo/assets/uploads/582/278/2014/07/Golf-Beach-Resort-Managed-by-Rixos.jpg","https://fly.pl/wycieczka/egipt,sharm-el-sheikh,c/maritim-jolie-ville-golf/pyy7a6Gd5DL_d7m458Sqq-AAogcIfOzLokKx1ol6JgmkKTaJgpXVUQjygZk0IwIA3_YjEqBE9BU0kw0pWd1QZI5ElQAViGCGACagNBSWxyIRwR6q8BuQTa9g-rBAIbyLQPGN-AEwHJ1fSlAgIAYwECDJBKSNs/ofertasv/?filter[tourOperator]=OASI&filter%5Bperson%5D=2&filter%5BchildAge%5D%5B1%5D=20201210&filter%5Bchild%5D=1"
"Akassia Swiss Resort (ex. Calimera Club Akassia Swiss Resort)","9445.0","29.10.2026 - 05.11.2026","8 dni/7 nocy","","4.6","4.6","2604","tripadvisor","Warszawa","2026-09-14T01:15:56.039352+00:00","https://fly.pl/oferta/egipt-wczasy/?filter[dest]=11:&filter[hotelids]=&filter[cityids]=&filter[cregids]=&filter[ofrType]=&filter[addObjType]=&filter[whenFrom]=10-10-2026&filter[whenTo]=05-11-2026&filter[duration]=7:10&filter[from]=Warszawa%20-%20Radom,Warszawa,Warszawa%20-%20Modlin&filter[person]=2&filter[child]=1&filter[price]=0:11000&filter[PriceFrom]=0&filter[PriceTo]=11000&filter[addCategory]=50&filter[addCatering]=1&filter[addMisc]=0&filter[addTransport]=F&filter[fp]=1&order_by=ofr_price&filter[tourOperator]=0&filter[childAge][1]=20201210","https://fly.pl/cdn/photo/assets/uploads/582/278/2014/09/Akassia-Swiss-Resort.jpg","https://fly.pl/wycieczka/egipt,marsa-alam,c/calimera-club-akassia-swiss-resort/pLdHz2u7DST_fM3iNRLRahAAogPKQPIimE4NmaAZDQdEecNwAAAACGiAQAwbcEAAcAAQAqBFdFWlkw0pWd1QZI5UlQQVi2CGADaglFbnRlciBBaXJqBDA4MDBqBDAwMDBqBDAwMDByQp4BkwGVAZgBHwAcAQIAFgQXAhLtAxT8BxGEJUCtUEy2lgFPAEuxL1AAG6X-AR3Zyw0gu14N5OHBCQESYwEMYwECBZHmmcc/ofertasv/?filter[tourOperator]=WEZY&filter%5Bperson%5D=2&filter%5BchildAge%5D%5B1%5D=20201210&filter%5Bchild%5D=1"
"Pickalbatros Sands Port Ghalib (ex. Red Sea Siva Sands)","9479.0","28.10.2026 - 04.11.2026","8 dni/7 nocy","","4.5","4.5","3436","tripadvisor","Warszawa - Modlin","2026-09-14T01:15:56.039352+00:00","https://fly.pl/oferta/egipt-wczasy/?filter[dest]=11:&filter[hotelids]=&filter[cityids]=&filter[cregids]=&filter[ofrType]=&filter[addObjType]=&filter[whenFrom]=10-10-2026&filter[whenTo]=05-11-2026&filter[duration]=7:10&filter[from]=Warszawa%20-%20Radom,Warszawa,Warszawa%20-%20Modlin&filter[person]=2&filter[child]=1&filter[price]=0:11000&filter[PriceFrom]=0&filter[PriceTo]=11000&filter[addCategory]=50&filter[addCatering]=1&filter[addMisc]=0&filter[addTransport]=F&filter[fp]=1&order_by=ofr_price&filter[tourOperator]=0&filter[childAge][1]=20201210","https://fly.pl/cdn/photo/assets/uploads/582/278/2014/07/PICKALBATROS-SANDS-PORT-GHALIB.jpg","https://fly.pl/wycieczka/egipt,marsa-alam,port-ghalib/crowne-plaza-sahara-sands-resort/pX0Ws_r7DzcaFM7_eX4VjZAAogXgrazdEbhDMM7zKtEots6E91RqsWD-Zqi5PHU8FUFQkqBEJWUFIw0pWd1QZIh0pQAVieCGACag1BbGwgaW5jbHVzaXZlciAcEc83G9fQBhjVkg-rBMnNFbkEAQHOltX3AQIAYwECBagbB24/ofertasv/?filter[tourOperator]=BVPR&filter%5Bperson%5D=2&filter%5BchildAge%5D%5B1%5D=20201210&filter%5Bchild%5D=1"
"Gravity Sahl Hasheesh (Ex. Ocean Breeze)","9492.0","29.10.2026 - 05.11.2026","8 dni/7 nocy","","4.7","4.7","3419","tripadvisor","Warszawa","2026-09-14T01:15:56.039352+00:00","https://fly.pl/oferta/egipt-wczasy/?filter[dest]=11:&filter[hotelids]=&filter[cityids]=&filter[cregids]=&filter[ofrType]=&filter[addObjType]=&filter[whenFrom]=10-10-2026&filter[whenTo]=05-11-2026&filter[duration]=7:10&filter[from]=Warszawa%20-%20Radom,Warszawa,Warszawa%20-%20Modlin&filter[person]=2&filter[child]=1&filter[price]=0:11000&filter[PriceFrom]=0&filter[PriceTo]=11000&filter[addCategory]=50&filter[addCatering]=1&filter[addMisc]=0&filter[addTransport]=F&filter[fp]=1&order_by=ofr_price&filter[tourOperator]=0&filter[childAge][1]=20201210","https://fly.pl/cdn/photo/assets/uploads/582/278/2018/10/Gravity-Sahl-Hasheesh.jpg","https://fly.pl/wycieczka/egipt,hurghada,c/ocean-breeze/pkzQw9PJ235kGDKRZx9wLxAAogPenBKNx6lpC-0TCtBTy1pm6Wj8k6hFOBlNGwGBIFr0MqBFJOQlcw0pWd1QZIlEpQQVi2CGACagRDQWhlag1BTExfSU5DTFVTSVZFaiYxNiwyMzQsMjgzLDI5NiwzODAsMzg4LDQ3Nyw0ODMsNDg0LDQ4NWoHNDk3LDQ5OXI9nwGWAZ4BlAEVBxcAWAhAyAcKKBGpHBDzHhmpGUyeNlOKIVIAS5yTAWEAHezyPw85IPiWkgkNAAINYwECBu9Q0fo/ofertasv/?filter[tourOperator]=RNBW&filter%5Bperson%5D=2&filter%5BchildAge%5D%5B1%5D=20201210&filter%5Bchild%5D=1"
"Cleopatra Luxury Resort (Makadi Bay)","9518.0","29.10.2026 - 05.11.2026","8 dni/7 nocy","","4.6","4.6","3187","tripadvisor","Warszawa","2026-09-14T01:15:56.039352+00:00","https://fly.pl/oferta/egipt-wczasy/?filter[dest]=11:&filter[hotelids]=&filter[cityids]=&filter[cregids]=&filter[ofrType]=&filter[addObjType]=&filter[whenFrom]=10-10-2026&filter[whenTo]=05-11-2026&filter[duration]=7:10&filter[from]=Warszawa%20-%20Radom,Warszawa,Warszawa%20-%20Modlin&filter[person]=2&filter[child]=1&filter[price]=0:11000&filter[PriceFrom]=0&filter[PriceTo]=11000&filter[addCategory]=50&filter[addCatering]=1&filter[addMisc]=0&filter[addTransport]=F&filter[fp]=1&order_by=ofr_price&filter[tourOperator]=0&filter[childAge][1]=20201210","https://fly.pl/cdn/photo/assets/uploads/582/278/2014/10/Cleopatra-Luxury-Resort-Makadi-Bay.jpg","https://fly.pl/wycieczka/egipt,hurghada,makadi-bay/cleopatra-luxury-resort-makadi-bay/pUm_gQr8zNG1oZolaoF93XAAogpTYjIM9fgYQa3z0NipQRBxLqCxxQb8S86Hh0k4aD-ioqBE9SRVgw0pWd1QZIrkpQQVi2CGACagdQNE8uMi4xcjWbARUHFwBcA1gFVgIRDUC9Bl2bD08kU9KdAVIAXq9PS-1DYQBM5Yw6ILj9lwkNAAISYwECDF7azIE/ofertasv/?filter[tourOperator]=OREX&filter%5Bperson%5D=2&filter%5BchildAge%5D%5B1%5D=20201210&filter%5Bchild%5D=1"
"Palm Royale Soma Bay","9527.0","29.10.2026 - 05.11.2026","8 dni/7 nocy","","4.7","4.7","7186","tripadvisor","Warszawa","2026-09-14T01:15:56.039352+00:00","https://fly.pl/oferta/egipt-wczasy/?filter[dest]=11:&filter[hotelids]=&filter[cityids]=&filter[cregids]=&filter[ofrType]=&filter[addObjType]=&filter[whenFrom]=10-10-2026&filter[whenTo]=05-11-2026&filter[duration]=7:10&filter[from]=Warszawa%20-%20Radom,Warszawa,Warszawa%20-%20Modlin&filter[person]=2&filter[child]=1&filter[price]=0:11000&filter[PriceFrom]=0&filter[PriceTo]=11000&filter[addCategory]=50&filter[addCatering]=1&filter[addMisc]=0&filter[addTransport]=F&filter[fp]=1&order_by=ofr_price&filter[tourOperator]=0&filter[childAge][1]=20201210","https://fly.pl/cdn/photo/assets/uploads/582/278/2014/09/Palm-Royale-Resort-Soma-Bay.jpg","https://fly.pl/wycieczka/egipt,hurghada,soma-bay/palm-royale-soma-bay/pjzHYFHoht4VlZ2tIIXqCGAAogFpUJElT_it3OF5WnnrZ1MxLqCxxQb8S86Hh0k4aD-ioqBE9SRVgw0pWd1QZIt0pQQVi2CGACagZFQy4yLjFyNZsBFQcXAFwDWAVWAhEwQJoGXZsPTyRT0p0BUgBer09L7UNhAEzljDoguP2XCQ0AAhJjAQINtezESw/ofertasv/?filter[tourOperator]=OREX&filter%5Bperson%5D=2&filter%5BchildAge%5D%5B1%5D=20201210&filter%5Bchild%5D=1"
"Double Tree by Hilton Mangroovy El Gouna Resort","9540.0","29.10.2026 - 05.11.2026","8 dni/7 nocy","","","","","","Warszawa","2026-09-14T01:15:56.039352+00:00","https://fly.pl/oferta/egipt-wczasy/?filter[dest]=11:&filter[hotelids]=&filter[cityids]=&filter[cregids]=&filter[ofrType]=&filter[addObjType]=&filter[whenFrom]=10-10-2026&filter[whenTo]=05-11-2026&filter[duration]=7:10&filter[from]=Warszawa%20-%20Radom,Warszawa,Warszawa%20-%20Modlin&filter[person]=2&filter[child]=1&filter[price]=0:11000&filter[PriceFrom]=0&filter[PriceTo]=11000&filter[addCategory]=50&filter[addCatering]=1&filter[addMisc]=0&filter[addTransport]=F&filter[fp]=1&order_by=ofr_price&filter[tourOperator]=0&filter[childAge][1]=20201210","https://datacfstatic.merlinx.pl/OREX/IMG/6513/61970b72b312ea6d0373821b3cb6271ebffe7a152e252532c893aa503ed99358.webp","https://fly.pl/wycieczka/egipt,hurghada,al-dzuna/double-tree-by-hilton-mangroovy-el-gouna-13/pdZ4Rspewj60XHJIOQV2VAAAog2T315cxqL99FtniBsRw5EBLqCxxQb8S86Hh0k4aD-ioqBE9SRVgw0pWd1QZIxEpQQVi2CGACagVYLjIuMXI2mwEVBxcAXANYBVYCQMoGXZsPTyQR1xxT-4ABUgBer09L7UNhAEzljDoguP2XCQ0AAhJjAQILrkM30Q/ofertasv/?filter[tourOperator]=OREX&filter%5Bperson%5D=2&filter%5BchildAge%5D%5B1%5D=20201210&filter%5Bchild%5D=1"
"Continental (ex Movenpick Resort)","9554.0","29.10.2026 - 05.11.2026","8 dni/7 nocy","","4.5","4.5","4172","tripadvisor","Warszawa","2026-09-14T01:15:56.039352+00:00","https://fly.pl/oferta/egipt-wczasy/?filter[dest]=11:&filter[hotelids]=&filter[cityids]=&filter[cregids]=&filter[ofrType]=&filter[addObjType]=&filter[whenFrom]=10-10-2026&filter[whenTo]=05-11-2026&filter[duration]=7:10&filter[from]=Warszawa%20-%20Radom,Warszawa,Warszawa%20-%20Modlin&filter[person]=2&filter[child]=1&filter[price]=0:11000&filter[PriceFrom]=0&filter[PriceTo]=11000&filter[addCategory]=50&filter[addCatering]=1&filter[addMisc]=0&filter[addTransport]=F&filter[fp]=1&order_by=ofr_price&filter[tourOperator]=0&filter[childAge][1]=20201210","https://fly.pl/cdn/photo/assets/uploads/582/278/2014/09/Continental-Resort.jpg","https://fly.pl/wycieczka/egipt,hurghada,c/movenpick-resort-hurghada-ex-continental-resort/puoKvdfpudI3lq3LUql94YAAogpQKzDoKcK7RUSm1vKqfVYxLqCxxQb8S86Hh0k4aD-ioqBE9SRVgw0pWd1QZI0kpQQVi2CGACagZGQi4yLjFyNZsBFQcXAFwDWAVWAhFhQOkFXZsPTyRT0p0BUgBer09L7UNhAEzljDoguP2XCQ0AAhJjAQILMqRG3A/ofertasv/?filter[tourOperator]=OREX&filter%5Bperson%5D=2&filter%5BchildAge%5D%5B1%5D=20201210&filter%5Bchild%5D=1"
"Gravity Hotel & Aquapark Hurghada (ex. Samra Bay Resort)","9580.0","20.10.2026 - 27.10.2026","8 dni/7 nocy","","","","","","Warszawa","2026-09-14T01:15:56.039352+00:00","https://fly.pl/oferta/egipt-wczasy/?filter[dest]=11:&filter[hotelids]=&filter[cityids]=&filter[cregids]=&filter[ofrType]=&filter[addObjType]=&filter[whenFrom]=10-10-2026&filter[whenTo]=05-11-2026&filter[duration]=7:10&filter[from]=Warszawa%20-%20Radom,Warszawa,Warszawa%20-%20Modlin&filter[person]=2&filter[child]=1&filter[price]=0:11000&filter[PriceFrom]=0&filter[PriceTo]=11000&filter[addCategory]=50&filter[addCatering]=1&filter[addMisc]=0&filter[addTransport]=F&filter[fp]=1&order_by=ofr_price&filter[tourOperator]=0&filter[childAge][1]=20201210","https://fly.pl/cdn/photo/assets/uploads/582/278/2017/04/Gravity-Hotel-Aquapark-Hurghada.jpg","https://fly.pl/wycieczka/egipt,hurghada,c/samra-bay-resort/pc0t0AMCKC3Ara1gD-B8L1AAoguHhLBhDzhdphd211mkSAfg6xPSSx01l8-VY8g4i8578qBEpPSVAw0pWd1QZI7EpQQVjeBmACagMwMllyQpsBFAEVBhcAXANYBVYCQMoGT-IBXQBSr6sBUwBer08RuD9LtQRhAEzljDoNr_2XCSAAAayXiLiEic6gMAIOYwEADVX473k/ofertasv/?filter[tourOperator]=JOIP&filter%5Bperson%5D=2&filter%5BchildAge%5D%5B1%5D=20201210&filter%5Bchild%5D=1"
"Bellagio Beach Resort & Spa (ex. Panorama Bungalows Hurghada)","9585.0","27.10.2026 - 03.11.2026","9 dni/7 nocy","","4.3","4.3","4475","tripadvisor","Warszawa - Modlin","2026-09-14T01:15:56.039352+00:00","https://fly.pl/oferta/egipt-wczasy/?filter[dest]=11:&filter[hotelids]=&filter[cityids]=&filter[cregids]=&filter[ofrType]=&filter[addObjType]=&filter[whenFrom]=10-10-2026&filter[whenTo]=05-11-2026&filter[duration]=7:10&filter[from]=Warszawa%20-%20Radom,Warszawa,Warszawa%20-%20Modlin&filter[person]=2&filter[child]=1&filter[price]=0:11000&filter[PriceFrom]=0&filter[PriceTo]=11000&filter[addCategory]=50&filter[addCatering]=1&filter[addMisc]=0&filter[addTransport]=F&filter[fp]=1&order_by=ofr_price&filter[tourOperator]=0&filter[childAge][1]=20201210","https://fly.pl/cdn/photo/assets/uploads/582/278/2014/07/Bellagio-Beach-Resort-Spa.jpg","https://fly.pl/wycieczka/egipt,hurghada,c/panorama-bungalow-resort/pglU2EEo4CS9SR24hZZTXvAAogVZQ_kBKhwuQtLizlC6N-In-RivCO5fCdWQwfiBpU-nUqBE9BU0kw0pWd1QZI8UpQAViGCGACagNBSWxyIBwR7narBP6nELkEQBuMqg4Yy4ASAfHznZkCAgBjAQIN-GgmsA/ofertasv/?filter[tourOperator]=OASI&filter%5Bperson%5D=2&filter%5BchildAge%5D%5B1%5D=20201210&filter%5Bchild%5D=1"
"Concorde Sport","9642.0","11.10.2026 - 18.10.2026","8 dni/7 nocy","","","","","","Warszawa","2026-09-14T01:15:56.039352+00:00","https://fly.pl/oferta/egipt-wczasy/?filter[dest]=11:&filter[hotelids]=&filter[cityids]=&filter[cregids]=&filter[ofrType]=&filter[addObjType]=&filter[whenFrom]=10-10-2026&filter[whenTo]=05-11-2026&filter[duration]=7:10&filter[from]=Warszawa%20-%20Radom,Warszawa,Warszawa%20-%20Modlin&filter[person]=2&filter[child]=1&filter[price]=0:11000&filter[PriceFrom]=0&filter[PriceTo]=11000&filter[addCategory]=50&filter[addCatering]=1&filter[addMisc]=0&filter[addTransport]=F&filter[fp]=1&order_by=ofr_price&filter[tourOperator]=0&filter[childAge][1]=20201210","https://fly.pl/cdn/photo/assets/uploads/582/278/2017/08/Concorde-Sport-fly-pl-4.jpg","https://fly.pl/wycieczka/egipt,sharm-el-sheikh,szarm-el-szejk/concorde-sport/p5ZMoN_tl1AEf_l5GsfPRWAAogYNf8YLxAxJwCsAh9IFUxBgiPgYhrkVrHHSR3tH9QMnYqBEpPSVAw0pWd1QZIqktQQViGBWACagNDR21yQpsBFAEVBhcAXANYBVYCQMoGT-IBXQBe3voBUqYgUwARmgNLrSBhAEzljDoNpv2XCSAAAcK9zKjDiMygMAINYwEAC_En8ok/ofertasv/?filter[tourOperator]=JOIP&filter%5Bperson%5D=2&filter%5BchildAge%5D%5B1%5D=20201210&filter%5Bchild%5D=1"
"Hilton Plaza (Hurghada)","9644.0","29.10.2026 - 05.11.2026","8 dni/7 nocy","","4.6","4.6","4244","tripadvisor","Warszawa","2026-09-14T01:15:56.039352+00:00","https://fly.pl/oferta/egipt-wczasy/?filter[dest]=11:&filter[hotelids]=&filter[cityids]=&filter[cregids]=&filter[ofrType]=&filter[addObjType]=&filter[whenFrom]=10-10-2026&filter[whenTo]=05-11-2026&filter[duration]=7:10&filter[from]=Warszawa%20-%20Radom,Warszawa,Warszawa%20-%20Modlin&filter[person]=2&filter[child]=1&filter[price]=0:11000&filter[PriceFrom]=0&filter[PriceTo]=11000&filter[addCategory]=50&filter[addCatering]=1&filter[addMisc]=0&filter[addTransport]=F&filter[fp]=1&order_by=ofr_price&filter[tourOperator]=0&filter[childAge][1]=20201210","https://fly.pl/cdn/photo/assets/uploads/582/278/2014/10/Hilton-Plaza.jpg","https://fly.pl/wycieczka/egipt,hurghada,c/hilton-plaza-hurghada/pdD_PFIQFppjZlA-OOUG0jAAogDxVZQjh5ZFUMT5h7bfSvjBLqCxxQb8S86Hh0k4aD-ioqBE9SRVgw0pWd1QZIrEtQQVi2CGACagVFLjIuMXI1mwEVBxcAXANYBVYCEVpA8AVdmw9PJFPSnQFSAF6vT0vtQ2EATOWMOiC4_ZcJDQACEmMBAgvrXfUA/ofertasv/?filter[tourOperator]=OREX&filter%5Bperson%5D=2&filter%5BchildAge%5D%5B1%5D=20201210&filter%5Bchild%5D=1"
"Golf Villas And Suites Sharm","9676.0","27.10.2026 - 03.11.2026","8 dni/7 nocy","","4.7","4.7","362","tripadvisor","Warszawa - Modlin","2026-09-14T01:15:56.039352+00:00","https://fly.pl/oferta/egipt-wczasy/?filter[dest]=11:&filter[hotelids]=&filter[cityids]=&filter[cregids]=&filter[ofrType]=&filter[addObjType]=&filter[whenFrom]=10-10-2026&filter[whenTo]=05-11-2026&filter[duration]=7:10&filter[from]=Warszawa%20-%20Radom,Warszawa,Warszawa%20-%20Modlin&filter[person]=2&filter[child]=1&filter[price]=0:11000&filter[PriceFrom]=0&filter[PriceTo]=11000&filter[addCategory]=50&filter[addCatering]=1&filter[addMisc]=0&filter[addTransport]=F&filter[fp]=1&order_by=ofr_price&filter[tourOperator]=0&filter[childAge][1]=20201210","https://fly.pl/cdn/photo/assets/uploads/582/278/2014/07/Maritim-Jolie-Ville-Royal-Peninsula-fly-pl.jpg","https://fly.pl/wycieczka/egipt,sharm-el-sheikh,c/maritim-jolie-ville-royal-peninsula/pkbe1fUrIqX3WgG2uQFNEmAAogLRCSRG7EtLTth68P44XvvJgpXVUQjygZk0IwIA3_YjEqBE9BU0kw0pWd1QZIzEtQAViGCGACagNBSWxyIRwR7q8BuQTW9g-rBAIblbQPGJOAEwH4rOulAgIAYwECDDLo83E/ofertasv/?filter[tourOperator]=OASI&filter%5Bperson%5D=2&filter%5BchildAge%5D%5B1%5D=20201210&filter%5Bchild%5D=1"
"Serenity Sky Arc","9677.0","22.10.2026 - 29.10.2026","8 dni/7 nocy","","","","","","Warszawa","2026-09-14T01:15:56.039352+00:00","https://fly.pl/oferta/egipt-wczasy/?filter[dest]=11:&filter[hotelids]=&filter[cityids]=&filter[cregids]=&filter[ofrType]=&filter[addObjType]=&filter[whenFrom]=10-10-2026&filter[whenTo]=05-11-2026&filter[duration]=7:10&filter[from]=Warszawa%20-%20Radom,Warszawa,Warszawa%20-%20Modlin&filter[person]=2&filter[child]=1&filter[price]=0:11000&filter[PriceFrom]=0&filter[PriceTo]=11000&filter[addCategory]=50&filter[addCatering]=1&filter[addMisc]=0&filter[addTransport]=F&filter[fp]=1&order_by=ofr_price&filter[tourOperator]=0&filter[childAge][1]=20201210","https://datacfstatic.merlinx.pl/EXIM/IMG/105925/cf3c14898a23b0b49569de311369928ab20dff35cd198358119db51d531b20bd.webp","https://fly.pl/wycieczka/egipt,hurghada,sahl-hasheesh/serenity-sky-arc-10/pMqKmHKOwrCnbaxQrvAYcjAAogAfojE8ftjQI0jVQ8yiQUKqRG0VQdpnA-GADI7BbNUrMqBEVYSU0w0pWd1QZIzUtQAViOB2ACagJBSXIhHBHFuwa5BOT_PasEHBut4i8YkNo2AYT9tIsJAgBjAQIG-WeDYA/ofertasv/?filter[tourOperator]=EXIM&filter%5Bperson%5D=2&filter%5BchildAge%5D%5B1%5D=20201210&filter%5Bchild%5D=1"
"Domina Coral Bay Oasis","9719.0","11.10.2026 - 18.10.2026","8 dni/7 nocy","","4.2","4.2","12420","tripadvisor","Warszawa","2026-09-14T01:15:56.039352+00:00","https://fly.pl/oferta/egipt-wczasy/?filter[dest]=11:&filter[hotelids]=&filter[cityids]=&filter[cregids]=&filter[ofrType]=&filter[addObjType]=&filter[whenFrom]=10-10-2026&filter[whenTo]=05-11-2026&filter[duration]=7:10&filter[from]=Warszawa%20-%20Radom,Warszawa,Warszawa%20-%20Modlin&filter[person]=2&filter[child]=1&filter[price]=0:11000&filter[PriceFrom]=0&filter[PriceTo]=11000&filter[addCategory]=50&filter[addCatering]=1&filter[addMisc]=0&filter[addTransport]=F&filter[fp]=1&order_by=ofr_price&filter[tourOperator]=0&filter[childAge][1]=20201210","https://fly.pl/cdn/photo/assets/uploads/582/278/2014/07/Domina-Coral-Bay-Oasis.jpg","https://fly.pl/wycieczka/egipt,sharm-el-sheikh,c/domina-coral-bay-oasis/pYh2FHbfw8QKI0mubjViAlAAogvkSs33HP7zMRMBxz5aixTQiPgYhrkVrHHSR3tH9QMnYqBEpPSVAw0pWd1QZI90tQQViGBWACagMwMEZyQpsBFAEVBhcAXANYBVYCQMoGT-IBXQAR4MgBXv4xUqYgUwBLxyNhAEzljDoNpv2XCSAAAceh4KjDiMygMAINYwEADMn7jGc/ofertasv/?filter[tourOperator]=JOIP&filter%5Bperson%5D=2&filter%5BchildAge%5D%5B1%5D=20201210&filter%5Bchild%5D=1"
"El Malikia Resort Abu Dabbab (ex.Sol Y Mar)","9723.0","27.10.2026 - 03.11.2026","8 dni/7 nocy","","4.5","4.5","6784","tripadvisor","Warszawa","2026-09-14T01:15:56.039352+00:00","https://fly.pl/oferta/egipt-wczasy/?filter[dest]=11:&filter[hotelids]=&filter[cityids]=&filter[cregids]=&filter[ofrType]=&filter[addObjType]=&filter[whenFrom]=10-10-2026&filter[whenTo]=05-11-2026&filter[duration]=7:10&filter[from]=Warszawa%20-%20Radom,Warszawa,Warszawa%20-%20Modlin&filter[person]=2&filter[child]=1&filter[price]=0:11000&filter[PriceFrom]=0&filter[PriceTo]=11000&filter[addCategory]=50&filter[addCatering]=1&filter[addMisc]=0&filter[addTransport]=F&filter[fp]=1&order_by=ofr_price&filter[tourOperator]=0&filter[childAge][1]=20201210","https://fly.pl/cdn/photo/assets/uploads/582/278/2016/11/El-Malikia-Resort-Abu-Dabbab-ex.Sol-Y-Mar-fly-pl.jpg","https://fly.pl/wycieczka/egipt,marsa-alam,c/el-malikia-resort-abu-dabbab-ex-sol-y-mar/p7pVzuZqkzGnFawal_B91uAAogMZKuDnxNdqC9_aJPbBCK_DRsfw9dPlz4tI2gbPlt5zYqBFNGUEww0pWd1QZI-0tQQViGCGACciILAhUFIgYSJ1zGAkAuW5f0UQ3k2YIJUfKv5JIGAhJjAQIGVzNoJw/ofertasv/?filter[tourOperator]=SFPL&filter%5Bperson%5D=2&filter%5BchildAge%5D%5B1%5D=20201210&filter%5Bchild%5D=1"
"Sirena Beach Resort & Spa","9757.0","17.10.2026 - 24.10.2026","8 dni/7 nocy","","4.7","4.7","466","tripadvisor","Warszawa","2026-09-14T01:15:56.039352+00:00","https://fly.pl/oferta/egipt-wczasy/?filter[dest]=11:&filter[hotelids]=&filter[cityids]=&filter[cregids]=&filter[ofrType]=&filter[addObjType]=&filter[whenFrom]=10-10-2026&filter[whenTo]=05-11-2026&filter[duration]=7:10&filter[from]=Warszawa%20-%20Radom,Warszawa,Warszawa%20-%20Modlin&filter[person]=2&filter[child]=1&filter[price]=0:11000&filter[PriceFrom]=0&filter[PriceTo]=11000&filter[addCategory]=50&filter[addCatering]=1&filter[addMisc]=0&filter[addTransport]=F&filter[fp]=1&order_by=ofr_price&filter[tourOperator]=0&filter[childAge][1]=20201210","https://datacfstatic.merlinx.pl/ITAK/IMG/RMFSIRE/2a33aa899780987f59df20ed7ea7d5c43cfc5ceabce89d0fe9ee4ee31a0703f2.webp","https://fly.pl/wycieczka/egipt,marsa-alam,al-kusajr/movenpick-sirena-beach-13/pSs19BXSebEgJfLuwyo12BAAogFndqUT9hjxxREONRO0-AF07nc9_1RBs3cXvAsPCiQ9oqBFZJVFgw0pWd1QZInUxQQViWBmACckAaABUHFwBcA1gFQI8DW7-DAV6-fFK8FFMAS7EvYQBMj7U5DYLVmAkgAFHhuMH23wFPqeIKXZz4r_klAg5jAQIN7VuERg/ofertasv/?filter[tourOperator]=VITX&filter%5Bperson%5D=2&filter%5BchildAge%5D%5B1%5D=20201210&filter%5Bchild%5D=1"
"Gorgonia Beach","9783.0","20.10.2026 - 27.10.2026","8 dni/7 nocy","","4.5","4.5","3764","tripadvisor","Warszawa","2026-09-14T01:15:56.039352+00:00","https://fly.pl/oferta/egipt-wczasy/?filter[dest]=11:&filter[hotelids]=&filter[cityids]=&filter[cregids]=&filter[ofrType]=&filter[addObjType]=&filter[whenFrom]=10-10-2026&filter[whenTo]=05-11-2026&filter[duration]=7:10&filter[from]=Warszawa%20-%20Radom,Warszawa,Warszawa%20-%20Modlin&filter[person]=2&filter[child]=1&filter[price]=0:11000&filter[PriceFrom]=0&filter[PriceTo]=11000&filter[addCategory]=50&filter[addCatering]=1&filter[addMisc]=0&filter[addTransport]=F&filter[fp]=1&order_by=ofr_price&filter[tourOperator]=0&filter[childAge][1]=20201210","https://fly.pl/cdn/photo/assets/uploads/582/278/2016/12/Gorgonia-Beach-Resort.jpg","https://fly.pl/wycieczka/egipt,marsa-alam,c/gorgonia-beach/pQ6DxzLkl2HGeWpUicgX_zAAog9neub51qzm8qFv04mqPBk9ExpNyR8PdMYb0hQMEv2X0qBFNGUEww0pWd1QZIt0xQQVjeBmACciMLAhUFIgYSJ1zGAkAuDfTN1AlRy_PjkgZbifjAHwISYwECBnRrahc/ofertasv/?filter[tourOperator]=SFPL&filter%5Bperson%5D=2&filter%5BchildAge%5D%5B1%5D=20201210&filter%5Bchild%5D=1"
"Jaz Aquaviva","9817.0","29.10.2026 - 05.11.2026","8 dni/7 nocy","","4.7","4.7","10804","tripadvisor","Warszawa","2026-09-14T01:15:56.039352+00:00","https://fly.pl/oferta/egipt-wczasy/?filter[dest]=11:&filter[hotelids]=&filter[cityids]=&filter[cregids]=&filter[ofrType]=&filter[addObjType]=&filter[whenFrom]=10-10-2026&filter[whenTo]=05-11-2026&filter[duration]=7:10&filter[from]=Warszawa%20-%20Radom,Warszawa,Warszawa%20-%20Modlin&filter[person]=2&filter[child]=1&filter[price]=0:11000&filter[PriceFrom]=0&filter[PriceTo]=11000&filter[addCategory]=50&filter[addCatering]=1&filter[addMisc]=0&filter[addTransport]=F&filter[fp]=1&order_by=ofr_price&filter[tourOperator]=0&filter[childAge][1]=20201210","https://fly.pl/cdn/photo/assets/uploads/582/278/2015/07/Jaz-Aquaviva.jpg","https://fly.pl/wycieczka/egipt,hurghada,makadi-bay/jaz-makadi-aquaviva/p6pXyAWvL8dExfjmtW_F1OAAog0zfgcLwq-mFbk20cs6vLTWSr15Jod7NI_ZeeP2cCHt0qBEVYSU0w0pWd1QZI2UxQAVi2CGACagJBSXIjHBGfwga5BIv5PasEvYoKG7qbLxj6310B5eqQsw0CAGMBAgwOCBDS/ofertasv/?filter[tourOperator]=EXIM&filter%5Bperson%5D=2&filter%5BchildAge%5D%5B1%5D=20201210&filter%5Bchild%5D=1"
"Renaissance Golden View Beach Resort by Marriott","9842.0","27.10.2026 - 03.11.2026","8 dni/7 nocy","","4.5","4.5","7224","tripadvisor","Warszawa - Modlin","2026-09-14T01:15:56.039352+00:00","https://fly.pl/oferta/egipt-wczasy/?filter[dest]=11:&filter[hotelids]=&filter[cityids]=&filter[cregids]=&filter[ofrType]=&filter[addObjType]=&filter[whenFrom]=10-10-2026&filter[whenTo]=05-11-2026&filter[duration]=7:10&filter[from]=Warszawa%20-%20Radom,Warszawa,Warszawa%20-%20Modlin&filter[person]=2&filter[child]=1&filter[price]=0:11000&filter[PriceFrom]=0&filter[PriceTo]=11000&filter[addCategory]=50&filter[addCatering]=1&filter[addMisc]=0&filter[addTransport]=F&filter[fp]=1&order_by=ofr_price&filter[tourOperator]=0&filter[childAge][1]=20201210","https://fly.pl/cdn/photo/assets/uploads/582/278/2014/07/Renaissance-Golden-View-Beach-Resort.jpg","https://fly.pl/wycieczka/egipt,sharm-el-sheikh,c/renaissance-golden-view-beach/p054UMJmc4NoQbz27iiguGAAogHb214FNFEEddcPkMl-HrGZgpXVUQjygZk0IwIA3_YjEqBE9BU0kw0pWd1QZI8kxQAViGCGACagNBSWxyIRwRya8BuQT79g-rBAIb4LINGMeREwGqkOiZAgIAYwECBdIRmCs/ofertasv/?filter[tourOperator]=OASI&filter%5Bperson%5D=2&filter%5BchildAge%5D%5B1%5D=20201210&filter%5Bchild%5D=1"
"Red Sea Grand Waterworld Makadi (ex. Sunwing Waterworld Makadi)","9878.0","15.10.2026 - 22.10.2026","8 dni/7 nocy","","4.5","4.5","5590","tripadvisor","Warszawa","2026-09-14T01:15:56.039352+00:00","https://fly.pl/oferta/egipt-wczasy/?filter[dest]=11:&filter[hotelids]=&filter[cityids]=&filter[cregids]=&filter[ofrType]=&filter[addObjType]=&filter[whenFrom]=10-10-2026&filter[whenTo]=05-11-2026&filter[duration]=7:10&filter[from]=Warszawa%20-%20Radom,Warszawa,Warszawa%20-%20Modlin&filter[person]=2&filter[child]=1&filter[price]=0:11000&filter[PriceFrom]=0&filter[PriceTo]=11000&filter[addCategory]=50&filter[addCatering]=1&filter[addMisc]=0&filter[addTransport]=F&filter[fp]=1&order_by=ofr_price&filter[tourOperator]=0&filter[childAge][1]=20201210","https://fly.pl/cdn/photo/assets/uploads/582/278/2017/06/Red-Sea-Grand-Waterworld-Makadi.jpg","https://fly.pl/wycieczka/egipt,hurghada,makadi-bay/sunwing-waterworld-makadi/pCKZfp_Fa1hf_aMr2i2BgRAAogoB6Zp15XFpCtyTZTS8jCf1MAo-Pz72XjDjK39r-JCzUqA0VUSTDSlZ3VBkiWTVBBWOYFYAJyMRUHFwBcA1gFVgJA-wdbw4UBU50mUgBer09L7UNhACCPitIJDQBRieC99gMCEmMBAgoJ4S5P/ofertasv/?filter[tourOperator]=ETI&filter%5Bperson%5D=2&filter%5BchildAge%5D%5B1%5D=20201210&filter%5Bchild%5D=1"
"Sunrise Select Garden Beach Resort & Spa","9882.0","29.10.2026 - 05.11.2026","8 dni/7 nocy","","4.7","4.7","9747","tripadvisor","Warszawa","2026-09-14T01:15:56.039352+00:00","https://fly.pl/oferta/egipt-wczasy/?filter[dest]=11:&filter[hotelids]=&filter[cityids]=&filter[cregids]=&filter[ofrType]=&filter[addObjType]=&filter[whenFrom]=10-10-2026&filter[whenTo]=05-11-2026&filter[duration]=7:10&filter[from]=Warszawa%20-%20Radom,Warszawa,Warszawa%20-%20Modlin&filter[person]=2&filter[child]=1&filter[price]=0:11000&filter[PriceFrom]=0&filter[PriceTo]=11000&filter[addCategory]=50&filter[addCatering]=1&filter[addMisc]=0&filter[addTransport]=F&filter[fp]=1&order_by=ofr_price&filter[tourOperator]=0&filter[childAge][1]=20201210","https://fly.pl/cdn/photo/assets/uploads/582/278/2014/09/Sunrise-Garden-Beach-Resort-Spa.jpg","https://fly.pl/wycieczka/egipt,hurghada,c/sunrise-select-garden-beach-resort-spa/p69WCFzAvcgCFdgkugIJXUAAogGZxqkVBdeLYKICFUV2sy8hLqCxxQb8S86Hh0k4aD-ioqBE9SRVgw0pWd1QZImk1QQVi2CGACagdFWE0uMi4xcjabARUHFwBcA1gFVgJAygZdmw9PJBGrA1OnmgFSAF6vT0vtQ2EATOWMOiC4_ZcJDQACEmMBAgskyqtT/ofertasv/?filter[tourOperator]=OREX&filter%5Bperson%5D=2&filter%5BchildAge%5D%5B1%5D=20201210&filter%5Bchild%5D=1"
"Jasmine Palace","9957.0","22.10.2026 - 29.10.2026","8 dni/7 nocy","","4.1","4.1","7704","tripadvisor","Warszawa","2026-09-14T01:15:56.039352+00:00","https://fly.pl/oferta/egipt-wczasy/?filter[dest]=11:&filter[hotelids]=&filter[cityids]=&filter[cregids]=&filter[ofrType]=&filter[addObjType]=&filter[whenFrom]=10-10-2026&filter[whenTo]=05-11-2026&filter[duration]=7:10&filter[from]=Warszawa%20-%20Radom,Warszawa,Warszawa%20-%20Modlin&filter[person]=2&filter[child]=1&filter[price]=0:11000&filter[PriceFrom]=0&filter[PriceTo]=11000&filter[addCategory]=50&filter[addCatering]=1&filter[addMisc]=0&filter[addTransport]=F&filter[fp]=1&order_by=ofr_price&filter[tourOperator]=0&filter[childAge][1]=20201210","https://fly.pl/cdn/photo/assets/uploads/582/278/2014/07/Jasmine-Palace.jpg","https://fly.pl/wycieczka/egipt,hurghada,c/jasmine-palace/p6K9fq9tSjmkdtOJEHxF9iAAog5wfRd79akhXK2OCs9LwD1B1kEhcS_dj-3yymgRPs4CkqBFZJVFgw0pWd1QZI5U1QQViOB2ACckAaABUHFwBcA1gFQI8DW7-DAVOPLVIAXq9PS-1DYQBM7rQ5DajVmAkgAFHIgcj7jwFPu4MlXZCE8_N1Ag1jAQIM6-Pxlg/ofertasv/?filter[tourOperator]=VITX&filter%5Bperson%5D=2&filter%5BchildAge%5D%5B1%5D=20201210&filter%5Bchild%5D=1"
"Reef Oasis Suakin Resort","9957.0","17.10.2026 - 24.10.2026","8 dni/7 nocy","","4.8","4.8","1445","tripadvisor","Warszawa","2026-09-14T01:15:56.039352+00:00","https://fly.pl/oferta/egipt-wczasy/?filter[dest]=11:&filter[hotelids]=&filter[cityids]=&filter[cregids]=&filter[ofrType]=&filter[addObjType]=&filter[whenFrom]=10-10-2026&filter[whenTo]=05-11-2026&filter[duration]=7:10&filter[from]=Warszawa%20-%20Radom,Warszawa,Warszawa%20-%20Modlin&filter[person]=2&filter[child]=1&filter[price]=0:11000&filter[PriceFrom]=0&filter[PriceTo]=11000&filter[addCategory]=50&filter[addCatering]=1&filter[addMisc]=0&filter[addTransport]=F&filter[fp]=1&order_by=ofr_price&filter[tourOperator]=0&filter[childAge][1]=20201210","https://fly.pl/cdn/photo/assets/uploads/582/278/2024/07/reef-oasis-suakin-resort.jpg","https://fly.pl/wycieczka/egipt,marsa-alam,c/reef-oasis-suakin-resort-11/p20_KQAVCYuw0juETCNM3nAAogtBcnyDKlttK5eINGm0j2H07nc9_1RBs3cXvAsPCiQ9oqBFZJVFgw0pWd1QZI5U1QQViWBmACckAaABUHFwBcA1gFQI8DW6eGAV7WeVK8FFMAS7EvYQBM77Q5DaLVmAkgAFGOoL723wFP_PoNXZz4r_klAgxjAQILJ-yKAw/ofertasv/?filter[tourOperator]=VITX&filter%5Bperson%5D=2&filter%5BchildAge%5D%5B1%5D=20201210&filter%5Bchild%5D=1"
"Pickalbatros Palace Resort","10027.0","27.10.2026 - 03.11.2026","9 dni/7 nocy","","4.5","4.5","935","tripadvisor","Warszawa - Modlin","2026-09-14T01:15:56.039352+00:00","https://fly.pl/oferta/egipt-wczasy/?filter[dest]=11:&filter[hotelids]=&filter[cityids]=&filter[cregids]=&filter[ofrType]=&filter[addObjType]=&filter[whenFrom]=10-10-2026&filter[whenTo]=05-11-2026&filter[duration]=7:10&filter[from]=Warszawa%20-%20Radom,Warszawa,Warszawa%20-%20Modlin&filter[person]=2&filter[child]=1&filter[price]=0:11000&filter[PriceFrom]=0&filter[PriceTo]=11000&filter[addCategory]=50&filter[addCatering]=1&filter[addMisc]=0&filter[addTransport]=F&filter[fp]=1&order_by=ofr_price&filter[tourOperator]=0&filter[childAge][1]=20201210","https://fly.pl/cdn/photo/assets/uploads/582/278/2014/09/Albatros-Palace-fly-pl-4.jpg","https://fly.pl/wycieczka/egipt,hurghada,c/albatros-palace/p-JVoaFNjJ5xeJqfn6Qx8GAAogqzMbZV2ag7VBayjXWPGB55eMXePUQkpobZ-BQI6-nbQqBEVYSU0w0pWd1QZIq05QAViGCGACagJBSXIhHBGk-AarBJ2wS7kERRuw-zcYgKJTAZ7_-MYNAgBjAQIMWDarkw/ofertasv/?filter[tourOperator]=EXIM&filter%5Bperson%5D=2&filter%5BchildAge%5D%5B1%5D=20201210&filter%5Bchild%5D=1"
"Nubian Island","10044.0","29.10.2026 - 05.11.2026","8 dni/7 nocy","","4.7","4.7","3724","tripadvisor","Warszawa - Modlin","2026-09-14T01:15:56.039352+00:00","https://fly.pl/oferta/egipt-wczasy/?filter[dest]=11:&filter[hotelids]=&filter[cityids]=&filter[cregids]=&filter[ofrType]=&filter[addObjType]=&filter[whenFrom]=10-10-2026&filter[whenTo]=05-11-2026&filter[duration]=7:10&filter[from]=Warszawa%20-%20Radom,Warszawa,Warszawa%20-%20Modlin&filter[person]=2&filter[child]=1&filter[price]=0:11000&filter[PriceFrom]=0&filter[PriceTo]=11000&filter[addCategory]=50&filter[addCatering]=1&filter[addMisc]=0&filter[addTransport]=F&filter[fp]=1&order_by=ofr_price&filter[tourOperator]=0&filter[childAge][1]=20201210","https://fly.pl/cdn/photo/assets/uploads/582/278/2014/07/Nubian-Island.jpg","https://fly.pl/wycieczka/egipt,sharm-el-sheikh,c/nubian-island/pmPtkgnkptDDIgoLG-g8mTAAogHi7aekWI4xbWjSv5TW2euRstrgoMttrZgZAvN8rfQ44qBEtPTVQw1ZWd1QZIvE5QAVi2CGACagJBSXIfHBH1GrkE8-IBqwQDGJicBBuwiCQBgoTMHgIAYwECBgwwxM4/ofertasv/?filter[tourOperator]=KOMT&filter%5Bperson%5D=2&filter%5BchildAge%5D%5B1%5D=20201210&filter%5Bchild%5D=1"
"Safir Dahab Resort","10076.0","11.10.2026 - 18.10.2026","8 dni/7 nocy","","4.5","4.5","1520","tripadvisor","Warszawa","2026-09-14T01:15:56.039352+00:00","https://fly.pl/oferta/egipt-wczasy/?filter[dest]=11:&filter[hotelids]=&filter[cityids]=&filter[cregids]=&filter[ofrType]=&filter[addObjType]=&filter[whenFrom]=10-10-2026&filter[whenTo]=05-11-2026&filter[duration]=7:10&filter[from]=Warszawa%20-%20Radom,Warszawa,Warszawa%20-%20Modlin&filter[person]=2&filter[child]=1&filter[price]=0:11000&filter[PriceFrom]=0&filter[PriceTo]=11000&filter[addCategory]=50&filter[addCatering]=1&filter[addMisc]=0&filter[addTransport]=F&filter[fp]=1&order_by=ofr_price&filter[tourOperator]=0&filter[childAge][1]=20201210","https://fly.pl/cdn/photo/assets/uploads/582/278/2015/09/Safir-Dahab-Resort.jpg","https://fly.pl/wycieczka/egipt,dahab,c/dahab-resort/pY0-aGW7DMo_ZrAG0nZqbNAAog2FIJYsgjhfpHcxUHF8XIzgiPgYhrkVrHHSR3tH9QMnYqBEpPSVAw1ZWd1QZI3E5QQViGBWACagMwMHdyQpsBFAEVBhcAXANYBVYCQMoGT-IBXQBe3voBEcQEUuIbUwBLxyNhAEzljDoNpv2XCSAAAbq39Ii0iMygMAINYwEAC87-ONY/ofertasv/?filter[tourOperator]=JOIP&filter%5Bperson%5D=2&filter%5BchildAge%5D%5B1%5D=20201210&filter%5Bchild%5D=1"
"Cooee Prima Life Makadi Bay","10097.0","18.10.2026 - 25.10.2026","8 dni/7 nocy","","4.6","4.6","3312","tripadvisor","Warszawa","2026-09-14T01:15:56.039352+00:00","https://fly.pl/oferta/egipt-wczasy/?filter[dest]=11:&filter[hotelids]=&filter[cityids]=&filter[cregids]=&filter[ofrType]=&filter[addObjType]=&filter[whenFrom]=10-10-2026&filter[whenTo]=05-11-2026&filter[duration]=7:10&filter[from]=Warszawa%20-%20Radom,Warszawa,Warszawa%20-%20Modlin&filter[person]=2&filter[child]=1&filter[price]=0:11000&filter[PriceFrom]=0&filter[PriceTo]=11000&filter[addCategory]=50&filter[addCatering]=1&filter[addMisc]=0&filter[addTransport]=F&filter[fp]=1&order_by=ofr_price&filter[tourOperator]=0&filter[childAge][1]=20201210","https://fly.pl/cdn/photo/assets/uploads/582/278/2014/12/Prima-Life-Makadi-Resort.jpg","https://fly.pl/wycieczka/egipt,hurghada,c/prima-life-makadi-bay/pGguUjleWmiyRl1rDdZja9AAogD3tJ2rSwX4eMjBabIsZ66pyIJDTHqwrr1Day3gvsXyIqBEVYSU0w1ZWd1QZI8U5QAViuBmACagJBSXIhHBHGuAa5BLuFPqsEHBvhhy8Y_pc3AYW98IkJAgBjAQIFiqrYGQ/ofertasv/?filter[tourOperator]=EXIM&filter%5Bperson%5D=2&filter%5BchildAge%5D%5B1%5D=20201210&filter%5Bchild%5D=1"
"Titanic Beach Spa & Aqua Park","10157.0","15.10.2026 - 22.10.2026","8 dni/7 nocy","","4.3","4.3","7447","tripadvisor","Warszawa","2026-09-14T01:15:56.039352+00:00","https://fly.pl/oferta/egipt-wczasy/?filter[dest]=11:&filter[hotelids]=&filter[cityids]=&filter[cregids]=&filter[ofrType]=&filter[addObjType]=&filter[whenFrom]=10-10-2026&filter[whenTo]=05-11-2026&filter[duration]=7:10&filter[from]=Warszawa%20-%20Radom,Warszawa,Warszawa%20-%20Modlin&filter[person]=2&filter[child]=1&filter[price]=0:11000&filter[PriceFrom]=0&filter[PriceTo]=11000&filter[addCategory]=50&filter[addCatering]=1&filter[addMisc]=0&filter[addTransport]=F&filter[fp]=1&order_by=ofr_price&filter[tourOperator]=0&filter[childAge][1]=20201210","https://fly.pl/cdn/photo/assets/uploads/582/278/2014/07/Titanic-Beach-Spa-Aqua-Park-fly-pl.jpg","https://fly.pl/wycieczka/egipt,hurghada,c/titanic-beach-spa/pitlm62Qg9-f9Av97GfQRxAAogviv7GZtQBFSdGah-T5A744044f9kYxgWJceyc7qRpoAqBFZJVFgw1ZWd1QZIrU9QQVjmBWACckAaABUHFwBcA1gFQI8DW7-DAVOPLVIAXq9PS-1DYQBM7rQ5DaHVmAkgAFHnj-X7jwFPo_UHXZCE8_N1AgxjAQILJXu0eA/ofertasv/?filter[tourOperator]=VITX&filter%5Bperson%5D=2&filter%5BchildAge%5D%5B1%5D=20201210&filter%5Bchild%5D=1"
"Steigenberger Aqua Magic","10161.0","29.10.2026 - 05.11.2026","8 dni/7 nocy","","4.6","4.6","10935","tripadvisor","Warszawa","2026-09-14T01:15:56.039352+00:00","https://fly.pl/oferta/egipt-wczasy/?filter[dest]=11:&filter[hotelids]=&filter[cityids]=&filter[cregids]=&filter[ofrType]=&filter[addObjType]=&filter[whenFrom]=10-10-2026&filter[whenTo]=05-11-2026&filter[duration]=7:10&filter[from]=Warszawa%20-%20Radom,Warszawa,Warszawa%20-%20Modlin&filter[person]=2&filter[child]=1&filter[price]=0:11000&filter[PriceFrom]=0&filter[PriceTo]=11000&filter[addCategory]=50&filter[addCatering]=1&filter[addMisc]=0&filter[addTransport]=F&filter[fp]=1&order_by=ofr_price&filter[tourOperator]=0&filter[childAge][1]=20201210","https://fly.pl/cdn/photo/assets/uploads/582/278/2014/09/Steigenberger-Aqua-Magic.jpg","https://fly.pl/wycieczka/egipt,hurghada,c/steigenberger-aqua-magic/p0yxg3Hc4PcIalPIRsra1mAAogO_r1Hu9zNS1o5wM8Pxkp0BLqCxxQb8S86Hh0k4aD-ioqBE9SRVgw1ZWd1QZIsU9QQVi2CGACagVZLjIuMXI1mwEVBxcAXANYBVYCET9AiwZdmw9PJFPSnQFSAF6vT0vtQ2EATOWMOiC4_ZcJDQACEmMBAgsPfkNO/ofertasv/?filter[tourOperator]=OREX&filter%5Bperson%5D=2&filter%5BchildAge%5D%5B1%5D=20201210&filter%5Bchild%5D=1"
"Tropitel Sahl Hasheesh","10180.0","29.10.2026 - 05.11.2026","8 dni/7 nocy","","4.7","4.7","10246","tripadvisor","Warszawa","2026-09-14T01:15:56.039352+00:00","https://fly.pl/oferta/egipt-wczasy/?filter[dest]=11:&filter[hotelids]=&filter[cityids]=&filter[cregids]=&filter[ofrType]=&filter[addObjType]=&filter[whenFrom]=10-10-2026&filter[whenTo]=05-11-2026&filter[duration]=7:10&filter[from]=Warszawa%20-%20Radom,Warszawa,Warszawa%20-%20Modlin&filter[person]=2&filter[child]=1&filter[price]=0:11000&filter[PriceFrom]=0&filter[PriceTo]=11000&filter[addCategory]=50&filter[addCatering]=1&filter[addMisc]=0&filter[addTransport]=F&filter[fp]=1&order_by=ofr_price&filter[tourOperator]=0&filter[childAge][1]=20201210","https://fly.pl/cdn/photo/assets/uploads/582/278/2014/10/Tropitel-Sahl-Hasheesh.jpg","https://fly.pl/wycieczka/egipt,hurghada,c/tropitel-sahl-hasheesh/pNC-l7Itedt0zDZ-NzG-vcAAogd_pXy-1qaBTv2dVYcKaSNW6Wj8k6hFOBlNGwGBIFr0MqBFJOQlcw1ZWd1QZIxE9QQVi2CGACagRCd2Nkag1BTExfSU5DTFVTSVZFaiYxNiwyMzQsMjgzLDI5NiwzODAsMzg4LDQ3Nyw0ODMsNDg0LDQ4NWoHNDk3LDQ5OXI-nwGWAZ4BlAEVBxcAWAgK0AFA-AURxAEZqVMQwwtM2ypTiiFSAEuckwFhAB3s8j8POSD4lpIJDQACDGMBAgXAL4Ti/ofertasv/?filter[tourOperator]=RNBW&filter%5Bperson%5D=2&filter%5BchildAge%5D%5B1%5D=20201210&filter%5Bchild%5D=1"
"Sentido Mamlouk Palace Resort & Spa (ex Sunrise)","10213.0","29.10.2026 - 05.11.2026","8 dni/7 nocy","","4.7","4.7","12045","tripadvisor","Warszawa","2026-09-14T01:15:56.039352+00:00","https://fly.pl/oferta/egipt-wczasy/?filter[dest]=11:&filter[hotelids]=&filter[cityids]=&filter[cregids]=&filter[ofrType]=&filter[addObjType]=&filter[whenFrom]=10-10-2026&filter[whenTo]=05-11-2026&filter[duration]=7:10&filter[from]=Warszawa%20-%20Radom,Warszawa,Warszawa%20-%20Modlin&filter[person]=2&filter[child]=1&filter[price]=0:11000&filter[PriceFrom]=0&filter[PriceTo]=11000&filter[addCategory]=50&filter[addCatering]=1&filter[addMisc]=0&filter[addTransport]=F&filter[fp]=1&order_by=ofr_price&filter[tourOperator]=0&filter[childAge][1]=20201210","https://fly.pl/cdn/photo/assets/uploads/582/278/2014/10/Sentido-Mamlouk-Palace-Resort-Spa.jpg","https://fly.pl/wycieczka/egipt,hurghada,c/sentido-mamlouk-palace-resort-ex-sunrise/pq6uNZ1DJpNh5sj2vpEqQJAAogtYsHrWS5Enx89vuXrIFDTeeds7J2NtrfI0AjX20vbP0qBFNGUEww1ZWd1QZI5U9QQVi2CGACciMLAhUFIgYSIVzMAkAuW-fwUQ2W3YIJUajF0PuPAQISYwECBZkeM6w/ofertasv/?filter[tourOperator]=SFPL&filter%5Bperson%5D=2&filter%5BchildAge%5D%5B1%5D=20201210&filter%5Bchild%5D=1"
"Concorde El Salam Sport","10214.0","27.10.2026 - 03.11.2026","8 dni/7 nocy","","4.8","4.8","1490","tripadvisor","Warszawa - Modlin","2026-09-14T01:15:56.039352+00:00","https://fly.pl/oferta/egipt-wczasy/?filter[dest]=11:&filter[hotelids]=&filter[cityids]=&filter[cregids]=&filter[ofrType]=&filter[addObjType]=&filter[whenFrom]=10-10-2026&filter[whenTo]=05-11-2026&filter[duration]=7:10&filter[from]=Warszawa%20-%20Radom,Warszawa,Warszawa%20-%20Modlin&filter[person]=2&filter[child]=1&filter[price]=0:11000&filter[PriceFrom]=0&filter[PriceTo]=11000&filter[addCategory]=50&filter[addCatering]=1&filter[addMisc]=0&filter[addTransport]=F&filter[fp]=1&order_by=ofr_price&filter[tourOperator]=0&filter[childAge][1]=20201210","https://fly.pl/cdn/photo/assets/uploads/582/278/2024/07/concorde-el-salam-sport.jpg","https://fly.pl/wycieczka/egipt,sharm-el-sheikh,szarm-el-szejk/concorde-el-salam-sport-15/pn2Do9Hk4uMFcO_S5VxZ2XAAogebToZaXim3S4OFxD3mFxB5gpXVUQjygZk0IwIA3_YjEqBE9BU0kw1ZWd1QZI5k9QAViGCGACagNBSWxyIRwR-q8BuQTK9g-rBAIbrpAPGPKcEgHn16WfAgICYwECC9o-EAg/ofertasv/?filter[tourOperator]=OASI&filter%5Bperson%5D=2&filter%5BchildAge%5D%5B1%5D=20201210&filter%5Bchild%5D=1"
"Jaz Makadi Saraya (ex Iberotel)","10233.0","29.10.2026 - 05.11.2026","8 dni/7 nocy","","4.8","4.8","6804","tripadvisor","Warszawa","2026-09-14T01:15:56.039352+00:00","https://fly.pl/oferta/egipt-wczasy/?filter[dest]=11:&filter[hotelids]=&filter[cityids]=&filter[cregids]=&filter[ofrType]=&filter[addObjType]=&filter[whenFrom]=10-10-2026&filter[whenTo]=05-11-2026&filter[duration]=7:10&filter[from]=Warszawa%20-%20Radom,Warszawa,Warszawa%20-%20Modlin&filter[person]=2&filter[child]=1&filter[price]=0:11000&filter[PriceFrom]=0&filter[PriceTo]=11000&filter[addCategory]=50&filter[addCatering]=1&filter[addMisc]=0&filter[addTransport]=F&filter[fp]=1&order_by=ofr_price&filter[tourOperator]=0&filter[childAge][1]=20201210","https://fly.pl/cdn/photo/assets/uploads/582/278/2014/07/Jaz-Makadi-Saraya-ex-Iberotel-fly-pl.jpg","https://fly.pl/wycieczka/egipt,hurghada,makadi-bay/iberotel-makadi-saraya/pjSAw8pbl9FRCPS9G6gNmjAAogOt146Tc23rufJp0fCIrwUhLqCxxQb8S86Hh0k4aD-ioqBE9SRVgw1ZWd1QZI-U9QQVi2CGACagZDTS4yLjFyNZsBFQcXAFwDWAVWAhEaQLAGXZsPTyRT0p0BUgBer09L7UNhAEzljDoguP2XCQ0AAhJjAQIM_eQDqg/ofertasv/?filter[tourOperator]=OREX&filter%5Bperson%5D=2&filter%5BchildAge%5D%5B1%5D=20201210&filter%5Bchild%5D=1"
"Utopia Blue Resort","10247.0","13.10.2026 - 20.10.2026","8 dni/7 nocy","","","","","","Warszawa","2026-09-14T01:15:56.039352+00:00","https://fly.pl/oferta/egipt-wczasy/?filter[dest]=11:&filter[hotelids]=&filter[cityids]=&filter[cregids]=&filter[ofrType]=&filter[addObjType]=&filter[whenFrom]=10-10-2026&filter[whenTo]=05-11-2026&filter[duration]=7:10&filter[from]=Warszawa%20-%20Radom,Warszawa,Warszawa%20-%20Modlin&filter[person]=2&filter[child]=1&filter[price]=0:11000&filter[PriceFrom]=0&filter[PriceTo]=11000&filter[addCategory]=50&filter[addCatering]=1&filter[addMisc]=0&filter[addTransport]=F&filter[fp]=1&order_by=ofr_price&filter[tourOperator]=0&filter[childAge][1]=20201210","https://datacfstatic.merlinx.pl/EXIM/IMG/104804/47170af13502131b7b7d23ecf494e622a96110e1a4bfcf3019d7db4830283601.webp","https://fly.pl/wycieczka/egipt,marsa-alam,c/utopia-blue-resort-13/pqJJ8YpHkjl7QHCiJ49fllAAog2C1X7jIDiZB9P3u2JwfOdRKmO4qxhDmkVrGyFJIXvhQqBEVYSU0w1ZWd1QZIh1BQAVi2BWACagJBSXIhHBHksga5BIiMPqsEHBvc1y0Yr_ozAZeu2tQIAgBjAQIMahbHqg/ofertasv/?filter[tourOperator]=EXIM&filter%5Bperson%5D=2&filter%5BchildAge%5D%5B1%5D=20201210&filter%5Bchild%5D=1"
"Pickalbatros Citadel Sahl Hasheesh (ex. Citadel Azur Resort)","10267.0","27.10.2026 - 03.11.2026","9 dni/7 nocy","","4.5","4.5","4864","tripadvisor","Warszawa - Modlin","2026-09-14T01:15:56.039352+00:00","https://fly.pl/oferta/egipt-wczasy/?filter[dest]=11:&filter[hotelids]=&filter[cityids]=&filter[cregids]=&filter[ofrType]=&filter[addObjType]=&filter[whenFrom]=10-10-2026&filter[whenTo]=05-11-2026&filter[duration]=7:10&filter[from]=Warszawa%20-%20Radom,Warszawa,Warszawa%20-%20Modlin&filter[person]=2&filter[child]=1&filter[price]=0:11000&filter[PriceFrom]=0&filter[PriceTo]=11000&filter[addCategory]=50&filter[addCatering]=1&filter[addMisc]=0&filter[addTransport]=F&filter[fp]=1&order_by=ofr_price&filter[tourOperator]=0&filter[childAge][1]=20201210","https://fly.pl/cdn/photo/assets/uploads/582/278/2014/07/Albatros-Citadel-Sahl-Hasheesh-ex.-Citadel-Azur-Resort-fly-pl.jpg","https://fly.pl/wycieczka/egipt,hurghada,c/citadel-azur-resort/pzFVfcnThH5MJB-T-Exe9VAAog5dWmyBF6pNLYQrZRPcXlw5eMXePUQkpobZ-BQI6-nbQqBEVYSU0w1ZWd1QZIm1BQAViGCGACagJBSXIhHBGh-AarBKCwS7kERRuM-zcYjKNTAdO7_MYNAgBjAQIMXWsLoA/ofertasv/?filter[tourOperator]=EXIM&filter%5Bperson%5D=2&filter%5BchildAge%5D%5B1%5D=20201210&filter%5Bchild%5D=1"
"Jaz Belvedere","10270.0","27.10.2026 - 03.11.2026","8 dni/7 nocy","","4.5","4.5","3280","tripadvisor","Warszawa - Modlin","2026-09-14T01:15:56.039352+00:00","https://fly.pl/oferta/egipt-wczasy/?filter[dest]=11:&filter[hotelids]=&filter[cityids]=&filter[cregids]=&filter[ofrType]=&filter[addObjType]=&filter[whenFrom]=10-10-2026&filter[whenTo]=05-11-2026&filter[duration]=7:10&filter[from]=Warszawa%20-%20Radom,Warszawa,Warszawa%20-%20Modlin&filter[person]=2&filter[child]=1&filter[price]=0:11000&filter[PriceFrom]=0&filter[PriceTo]=11000&filter[addCategory]=50&filter[addCatering]=1&filter[addMisc]=0&filter[addTransport]=F&filter[fp]=1&order_by=ofr_price&filter[tourOperator]=0&filter[childAge][1]=20201210","https://fly.pl/cdn/photo/assets/uploads/582/278/2014/07/Jaz-Belvedere.jpg","https://fly.pl/wycieczka/egipt,sharm-el-sheikh,c/jaz-belvedere/p2__NPUHgIoynm4FB4IDrcAAogtx1EZ_-ztLSUmieTeGXVxpgpXVUQjygZk0IwIA3_YjEqBE9BU0kw1ZWd1QZInlBQAViGCGACagNBSWxyIRwRhbABuQS_9g-rBAIbsbAPGLLyEgGTsOakAgIAYwECDIJeK9s/ofertasv/?filter[tourOperator]=OASI&filter%5Bperson%5D=2&filter%5BchildAge%5D%5B1%5D=20201210&filter%5Bchild%5D=1"
"Charmillion Club Resort","10287.0","29.10.2026 - 05.11.2026","8 dni/7 nocy","","4.5","4.5","6057","tripadvisor","Warszawa - Modlin","2026-09-14T01:15:56.039352+00:00","https://fly.pl/oferta/egipt-wczasy/?filter[dest]=11:&filter[hotelids]=&filter[cityids]=&filter[cregids]=&filter[ofrType]=&filter[addObjType]=&filter[whenFrom]=10-10-2026&filter[whenTo]=05-11-2026&filter[duration]=7:10&filter[from]=Warszawa%20-%20Radom,Warszawa,Warszawa%20-%20Modlin&filter[person]=2&filter[child]=1&filter[price]=0:11000&filter[PriceFrom]=0&filter[PriceTo]=11000&filter[addCategory]=50&filter[addCatering]=1&filter[addMisc]=0&filter[addTransport]=F&filter[fp]=1&order_by=ofr_price&filter[tourOperator]=0&filter[childAge][1]=20201210","https://fly.pl/cdn/photo/assets/uploads/582/278/2014/07/Charmillion-Club-Resort-ex.-Sea-Club-Resort-fly-pl.jpg","https://fly.pl/wycieczka/egipt,sharm-el-sheikh,c/sea-club-sharm-el-sheikh/pb_PvHMS06vWlgHBcgSQNiAAog3t3lI68e5BPxP50_Szb37xstrgoMttrZgZAvN8rfQ44qBEtPTVQw1ZWd1QZIr1BQAVi2CGACagJBSXIfHBHOGrkEmuMBqwQDGOifBBvogCQB_NvQHgIAYwECBcXhToE/ofertasv/?filter[tourOperator]=KOMT&filter%5Bperson%5D=2&filter%5BchildAge%5D%5B1%5D=20201210&filter%5Bchild%5D=1"
"Jaz Makadi Oasis Resort","10287.0","29.10.2026 - 05.11.2026","8 dni/7 nocy","","4.7","4.7","5373","tripadvisor","Warszawa","2026-09-14T01:15:56.039352+00:00","https://fly.pl/oferta/egipt-wczasy/?filter[dest]=11:&filter[hotelids]=&filter[cityids]=&filter[cregids]=&filter[ofrType]=&filter[addObjType]=&filter[whenFrom]=10-10-2026&filter[whenTo]=05-11-2026&filter[duration]=7:10&filter[from]=Warszawa%20-%20Radom,Warszawa,Warszawa%20-%20Modlin&filter[person]=2&filter[child]=1&filter[price]=0:11000&filter[PriceFrom]=0&filter[PriceTo]=11000&filter[addCategory]=50&filter[addCatering]=1&filter[addMisc]=0&filter[addTransport]=F&filter[fp]=1&order_by=ofr_price&filter[tourOperator]=0&filter[childAge][1]=20201210","https://fly.pl/cdn/photo/assets/uploads/582/278/2015/04/Jaz-Makadi-Oasis.jpg","https://fly.pl/wycieczka/egipt,hurghada,makadi-bay/iberotel-makadi-club-oasis/p8JDuXArFnOEWvl1B-kODbAAogIsfK9Fxb36ATecQ4uEDW3mSr15Jod7NI_ZeeP2cCHt0qBEVYSU0w1ZWd1QZIr1BQAVi2CGACagJBSXIjHBGgwga5BIr5PasEvYoKG8-bLxik4F0B9aeQsw0CAGMBAgyIG-cO/ofertasv/?filter[tourOperator]=EXIM&filter%5Bperson%5D=2&filter%5BchildAge%5D%5B1%5D=20201210&filter%5Bchild%5D=1"
"Three Corners Fayrouz Plaza Beach Resort","10328.0","17.10.2026 - 24.10.2026","8 dni/7 nocy","","4.7","4.7","13155","tripadvisor","Warszawa","2026-09-14T01:15:56.039352+00:00","https://fly.pl/oferta/egipt-wczasy/?filter[dest]=11:&filter[hotelids]=&filter[cityids]=&filter[cregids]=&filter[ofrType]=&filter[addObjType]=&filter[whenFrom]=10-10-2026&filter[whenTo]=05-11-2026&filter[duration]=7:10&filter[from]=Warszawa%20-%20Radom,Warszawa,Warszawa%20-%20Modlin&filter[person]=2&filter[child]=1&filter[price]=0:11000&filter[PriceFrom]=0&filter[PriceTo]=11000&filter[addCategory]=50&filter[addCatering]=1&filter[addMisc]=0&filter[addTransport]=F&filter[fp]=1&order_by=ofr_price&filter[tourOperator]=0&filter[childAge][1]=20201210","https://fly.pl/cdn/photo/assets/uploads/582/278/2014/10/The-Three-Corners-Fayrouz-Plaza.jpg","https://fly.pl/wycieczka/egipt,marsa-alam,c/three-corners-fayrouz-plaza-beach-resort/pygcCuxTAnPC7jJqA-qRpwAAogul2qAt-RGGgq6eAGCfJ17mECgtijhDrT6bu4Y7o874kqBE9SRVgw1ZWd1QZI2FBQQViWBmACagZDMC4yLjFyNZsBFQcXAFwDWAVWAhGKBkBAXYMkTyRemdgBU7wUUgBLsS9hAEzljDogrP2XCQ0AAhJjAQINV_wPHw/ofertasv/?filter[tourOperator]=OREX&filter%5Bperson%5D=2&filter%5BchildAge%5D%5B1%5D=20201210&filter%5Bchild%5D=1"
"Parrotel Beach Resort (ex. Radisson Blu)","10343.0","11.10.2026 - 18.10.2026","8 dni/7 nocy","","4.4","4.4","6998","tripadvisor","Warszawa","2026-09-14T01:15:56.039352+00:00","https://fly.pl/oferta/egipt-wczasy/?filter[dest]=11:&filter[hotelids]=&filter[cityids]=&filter[cregids]=&filter[ofrType]=&filter[addObjType]=&filter[whenFrom]=10-10-2026&filter[whenTo]=05-11-2026&filter[duration]=7:10&filter[from]=Warszawa%20-%20Radom,Warszawa,Warszawa%20-%20Modlin&filter[person]=2&filter[child]=1&filter[price]=0:11000&filter[PriceFrom]=0&filter[PriceTo]=11000&filter[addCategory]=50&filter[addCatering]=1&filter[addMisc]=0&filter[addTransport]=F&filter[fp]=1&order_by=ofr_price&filter[tourOperator]=0&filter[childAge][1]=20201210","https://fly.pl/cdn/photo/assets/uploads/582/278/2014/07/Parrotel-Beach-Resort.jpg","https://fly.pl/wycieczka/egipt,sharm-el-sheikh,c/radisson-blu-resort-sharm-el-sheikh/p7758-5NSYnqsDSpP3_GNhAAogSBPBQ7vP2oTb-cWJBFOPCQiPgYhrkVrHHSR3tH9QMnYqBEpPSVAw1ZWd1QZI51BQQViGBWACagNDR21yQpsBFAEVBhcAXANYBVYCQMoGT-IBXQARoccBXr0zUqYgUwBLxyNhAEzljDoNpv2XCSAAAbnF7JfTiMygMAIOYwEADbF5IBU/ofertasv/?filter[tourOperator]=JOIP&filter%5Bperson%5D=2&filter%5BchildAge%5D%5B1%5D=20201210&filter%5Bchild%5D=1"
"Domina Coral Bay Harem","10360.0","11.10.2026 - 18.10.2026","8 dni/7 nocy","","4.2","4.2","12420","tripadvisor","Warszawa","2026-09-14T01:15:56.039352+00:00","https://fly.pl/oferta/egipt-wczasy/?filter[dest]=11:&filter[hotelids]=&filter[cityids]=&filter[cregids]=&filter[ofrType]=&filter[addObjType]=&filter[whenFrom]=10-10-2026&filter[whenTo]=05-11-2026&filter[duration]=7:10&filter[from]=Warszawa%20-%20Radom,Warszawa,Warszawa%20-%20Modlin&filter[person]=2&filter[child]=1&filter[price]=0:11000&filter[PriceFrom]=0&filter[PriceTo]=11000&filter[addCategory]=50&filter[addCatering]=1&filter[addMisc]=0&filter[addTransport]=F&filter[fp]=1&order_by=ofr_price&filter[tourOperator]=0&filter[childAge][1]=20201210","https://fly.pl/cdn/photo/assets/uploads/582/278/2014/07/Domina-Coral-Bay-Harem.jpg","https://fly.pl/wycieczka/egipt,sharm-el-sheikh,c/domina-coral-bay-harem/ppdpm5xWSeyse7yeoOvi4DAAogCBztRQt0sFMkX21NKykntAiPgYhrkVrHHSR3tH9QMnYqBEpPSVAw1ZWd1QZI-FBQQViGBWACckMUARUGFwBcA1gFVgJAygZP4gFdAFvOlgERmUxe9xdSpiBTAEvHI2EATOWMOg2m_ZcJIAABpNG4kMOIzKAwAg1jAQAMpgPs3Q/ofertasv/?filter[tourOperator]=JOIP&filter%5Bperson%5D=2&filter%5BchildAge%5D%5B1%5D=20201210&filter%5Bchild%5D=1"
"Charmillion Garden Aqua Park","10380.0","11.10.2026 - 18.10.2026","8 dni/7 nocy","","4.6","4.6","2257","tripadvisor","Warszawa","2026-09-14T01:15:56.039352+00:00","https://fly.pl/oferta/egipt-wczasy/?filter[dest]=11:&filter[hotelids]=&filter[cityids]=&filter[cregids]=&filter[ofrType]=&filter[addObjType]=&filter[whenFrom]=10-10-2026&filter[whenTo]=05-11-2026&filter[duration]=7:10&filter[from]=Warszawa%20-%20Radom,Warszawa,Warszawa%20-%20Modlin&filter[person]=2&filter[child]=1&filter[price]=0:11000&filter[PriceFrom]=0&filter[PriceTo]=11000&filter[addCategory]=50&filter[addCatering]=1&filter[addMisc]=0&filter[addTransport]=F&filter[fp]=1&order_by=ofr_price&filter[tourOperator]=0&filter[childAge][1]=20201210","https://fly.pl/cdn/photo/assets/uploads/582/278/2014/07/Charmillion-Gardens-Aqua-Park-ex.-Sea-Garden.jpg","https://fly.pl/wycieczka/egipt,sharm-el-sheikh,nabq-bay/sea-gardens-sharm-el-sheikh/pztC287rJhOzUMEKNWcMDgAAogkyYYi6qiZFSDqz4mahF5egiPgYhrkVrHHSR3tH9QMnYqBEpPSVAw1ZWd1QZIjFFQQViGBWACagMwME1yQpsBFAEVBhcAXANYBVYCQMoGT-IBXQARoMYBXr40UqYgUwBLxyNhAEzljDoNpv2XCSAAAce5hOG0iMygMAINYwEADPohheQ/ofertasv/?filter[tourOperator]=JOIP&filter%5Bperson%5D=2&filter%5BchildAge%5D%5B1%5D=20201210&filter%5Bchild%5D=1"
"Sunrise Royal Makadi Aqua Resort","10382.0","29.10.2026 - 05.11.2026","8 dni/7 nocy","","4.7","4.7","13723","tripadvisor","Warszawa","2026-09-14T01:15:56.039352+00:00","https://fly.pl/oferta/egipt-wczasy/?filter[dest]=11:&filter[hotelids]=&filter[cityids]=&filter[cregids]=&filter[ofrType]=&filter[addObjType]=&filter[whenFrom]=10-10-2026&filter[whenTo]=05-11-2026&filter[duration]=7:10&filter[from]=Warszawa%20-%20Radom,Warszawa,Warszawa%20-%20Modlin&filter[person]=2&filter[child]=1&filter[price]=0:11000&filter[PriceFrom]=0&filter[PriceTo]=11000&filter[addCategory]=50&filter[addCatering]=1&filter[addMisc]=0&filter[addTransport]=F&filter[fp]=1&order_by=ofr_price&filter[tourOperator]=0&filter[childAge][1]=20201210","https://fly.pl/cdn/photo/assets/uploads/582/278/2014/09/Sunrise-Royal-Makadi-Aqua-Resort.jpg","https://fly.pl/wycieczka/egipt,hurghada,makadi-bay/sunrise-select-royal-makadi/p4EDXdGyRdVH9kWttXhsIjAAogiMNr0DlsfmVipwNALlbSEw1pDUdmN6Tkl8l2rPJuRnMqBE9SRVgw1ZWd1QZIjlFQQVi2CGACagdMVUMuMi4xcjebARUHFwBcA1gFVgJAygZd-wNPxAsRrANTppoBUgBer09L7UNhAEzljDoguP2XCQ0AAhJjAQILYTf0cg/ofertasv/?filter[tourOperator]=OREX&filter%5Bperson%5D=2&filter%5BchildAge%5D%5B1%5D=20201210&filter%5Bchild%5D=1"
"Coral Sea Holiday Resort","10394.0","11.10.2026 - 18.10.2026","8 dni/7 nocy","","4.5","4.5","10284","tripadvisor","Warszawa","2026-09-14T01:15:56.039352+00:00","https://fly.pl/oferta/egipt-wczasy/?filter[dest]=11:&filter[hotelids]=&filter[cityids]=&filter[cregids]=&filter[ofrType]=&filter[addObjType]=&filter[whenFrom]=10-10-2026&filter[whenTo]=05-11-2026&filter[duration]=7:10&filter[from]=Warszawa%20-%20Radom,Warszawa,Warszawa%20-%20Modlin&filter[person]=2&filter[child]=1&filter[price]=0:11000&filter[PriceFrom]=0&filter[PriceTo]=11000&filter[addCategory]=50&filter[addCatering]=1&filter[addMisc]=0&filter[addTransport]=F&filter[fp]=1&order_by=ofr_price&filter[tourOperator]=0&filter[childAge][1]=20201210","https://fly.pl/cdn/photo/assets/uploads/582/278/2014/07/Coral-Sea-Holiday-Resort.jpg","https://fly.pl/wycieczka/egipt,sharm-el-sheikh,c/coral-sea-holiday-village/p9n4ws6Eb515HLlmSnuBbFAAogFNwGuo71zQ1MPy9d9_7q_AiPgYhrkVrHHSR3tH9QMnYqBEpPSVAw1ZWd1QZImlFQQViGBWACagNDR21yQpsBFAEVBhcAXANYBVYCQMoGT-IBXQBe3voBEdQTUtIMUwBLxyNhAEzljDoNpv2XCSAAAbazyPjCiMygMAINYwEADIrgYx8/ofertasv/?filter[tourOperator]=JOIP&filter%5Bperson%5D=2&filter%5BchildAge%5D%5B1%5D=20201210&filter%5Bchild%5D=1"
"Coral Sea Water World Resort","10407.0","11.10.2026 - 18.10.2026","8 dni/7 nocy","","4.5","4.5","9375","tripadvisor","Warszawa","2026-09-14T01:15:56.039352+00:00","https://fly.pl/oferta/egipt-wczasy/?filter[dest]=11:&filter[hotelids]=&filter[cityids]=&filter[cregids]=&filter[ofrType]=&filter[addObjType]=&filter[whenFrom]=10-10-2026&filter[whenTo]=05-11-2026&filter[duration]=7:10&filter[from]=Warszawa%20-%20Radom,Warszawa,Warszawa%20-%20Modlin&filter[person]=2&filter[child]=1&filter[price]=0:11000&filter[PriceFrom]=0&filter[PriceTo]=11000&filter[addCategory]=50&filter[addCatering]=1&filter[addMisc]=0&filter[addTransport]=F&filter[fp]=1&order_by=ofr_price&filter[tourOperator]=0&filter[childAge][1]=20201210","https://fly.pl/cdn/photo/assets/uploads/582/278/2014/07/Coral-Sea-Waterworld.jpg","https://fly.pl/wycieczka/egipt,sharm-el-sheikh,c/coral-sea-water-world/p75D1XDLJn0oV4hIxNf7GqAAogiwVAr_uHQ-nksYc1IaRWSQiPgYhrkVrHHSR3tH9QMnYqBEpPSVAw1ZWd1QZIp1FQQViGBWACagMxMm9yQpsBFAEVBhcAXANYBVYCQMoGT-IBXQBe3voBEdUTUtEMUwBLxyNhAEzljDoNpv2XCSAAAca3-P_CiMygMAINYwEADAPR_eE/ofertasv/?filter[tourOperator]=JOIP&filter%5Bperson%5D=2&filter%5BchildAge%5D%5B1%5D=20201210&filter%5Bchild%5D=1"
"Sheraton Miramar Resort (El Gouna)","10409.0","29.10.2026 - 05.11.2026","8 dni/7 nocy","","4.7","4.7","6346","tripadvisor","Warszawa","2026-09-14T01:15:56.039352+00:00","https://fly.pl/oferta/egipt-wczasy/?filter[dest]=11:&filter[hotelids]=&filter[cityids]=&filter[cregids]=&filter[ofrType]=&filter[addObjType]=&filter[whenFrom]=10-10-2026&filter[whenTo]=05-11-2026&filter[duration]=7:10&filter[from]=Warszawa%20-%20Radom,Warszawa,Warszawa%20-%20Modlin&filter[person]=2&filter[child]=1&filter[price]=0:11000&filter[PriceFrom]=0&filter[PriceTo]=11000&filter[addCategory]=50&filter[addCatering]=1&filter[addMisc]=0&filter[addTransport]=F&filter[fp]=1&order_by=ofr_price&filter[tourOperator]=0&filter[childAge][1]=20201210","https://fly.pl/cdn/photo/assets/uploads/582/278/2014/07/Sheraton-Miramar-El-Gouna-1.jpg","https://fly.pl/wycieczka/egipt,hurghada,el-gouna/sheraton-miramar-el-gouna/pG_a57oRRN9ta6K3gWIynFAAog0p9F1dC1Fs6tjuRQEl_jExLqCxxQb8S86Hh0k4aD-ioqBE9SRVgw1ZWd1QZIqVFQQVi2CGACagZFQy4yLjFyNZsBFQcXAFwDWAVWAhE7QI8GXZsPTyRT0p0BUgBer09L7UNhAEzljDoguP2XCQ0AAhJjAQIMqvDJhg/ofertasv/?filter[tourOperator]=OREX&filter%5Bperson%5D=2&filter%5BchildAge%5D%5B1%5D=20201210&filter%5Bchild%5D=1"
"Cleopatra Luxury Resort","10519.0","11.10.2026 - 18.10.2026","8 dni/7 nocy","","4.5","4.5","7639","tripadvisor","Warszawa","2026-09-14T01:15:56.039352+00:00","https://fly.pl/oferta/egipt-wczasy/?filter[dest]=11:&filter[hotelids]=&filter[cityids]=&filter[cregids]=&filter[ofrType]=&filter[addObjType]=&filter[whenFrom]=10-10-2026&filter[whenTo]=05-11-2026&filter[duration]=7:10&filter[from]=Warszawa%20-%20Radom,Warszawa,Warszawa%20-%20Modlin&filter[person]=2&filter[child]=1&filter[price]=0:11000&filter[PriceFrom]=0&filter[PriceTo]=11000&filter[addCategory]=50&filter[addCatering]=1&filter[addMisc]=0&filter[addTransport]=F&filter[fp]=1&order_by=ofr_price&filter[tourOperator]=0&filter[childAge][1]=20201210","https://fly.pl/cdn/photo/assets/uploads/582/278/2014/07/58ae3c6b287eb1e74191c52d1e07af6ad3ddd609476a5d59c69f95f8f8409586.jpg","https://fly.pl/wycieczka/egipt,sharm-el-sheikh,nabq-bay/the-cleopatra-luxury-resort-collection/pRQ7BtTHmRrNGDx7ucIiHjAAogqbqE5m0jpymqyRU3En9eKwiPgYhrkVrHHSR3tH9QMnYqBEpPSVAw1ZWd1QZIl1JQQViGBWACagMwMllyQ5sBFAEVBhcAXANYBVYCQMoGT-IBXQBe3voBUqYgUwBLxyNhABGMkwFM2fk4Dab9lwkgAAHFyZCBtYjMoDACDWMBAAs5n7PS/ofertasv/?filter[tourOperator]=JOIP&filter%5Bperson%5D=2&filter%5BchildAge%5D%5B1%5D=20201210&filter%5Bchild%5D=1"
"Titanic Royal","10547.0","29.10.2026 - 05.11.2026","8 dni/7 nocy","","4.8","4.8","4641","tripadvisor","Warszawa","2026-09-14T01:15:56.039352+00:00","https://fly.pl/oferta/egipt-wczasy/?filter[dest]=11:&filter[hotelids]=&filter[cityids]=&filter[cregids]=&filter[ofrType]=&filter[addObjType]=&filter[whenFrom]=10-10-2026&filter[whenTo]=05-11-2026&filter[duration]=7:10&filter[from]=Warszawa%20-%20Radom,Warszawa,Warszawa%20-%20Modlin&filter[person]=2&filter[child]=1&filter[price]=0:11000&filter[PriceFrom]=0&filter[PriceTo]=11000&filter[addCategory]=50&filter[addCatering]=1&filter[addMisc]=0&filter[addTransport]=F&filter[fp]=1&order_by=ofr_price&filter[tourOperator]=0&filter[childAge][1]=20201210","https://fly.pl/cdn/photo/assets/uploads/582/278/2018/12/Titanic-Royal-fly-pl.jpg","https://fly.pl/wycieczka/egipt,hurghada,c/titanic-royal/pM_wV85WAOwU-OouQhHRsZAAogVS3IL49wpSr1Wej2ldg8qWSr15Jod7NI_ZeeP2cCHt0qBEVYSU0w1ZWd1QZIs1JQAVi2CGACagNVQUlyIxwRkrsGuQSYgD6rBL2KChul5UQYt-RIAeizjbgNAgBjAQILx2D6tg/ofertasv/?filter[tourOperator]=EXIM&filter%5Bperson%5D=2&filter%5BchildAge%5D%5B1%5D=20201210&filter%5Bchild%5D=1"
"Domina Coral Bay Aquamarine","10598.0","11.10.2026 - 18.10.2026","8 dni/7 nocy","","4.2","4.2","12420","tripadvisor","Warszawa","2026-09-14T01:15:56.039352+00:00","https://fly.pl/oferta/egipt-wczasy/?filter[dest]=11:&filter[hotelids]=&filter[cityids]=&filter[cregids]=&filter[ofrType]=&filter[addObjType]=&filter[whenFrom]=10-10-2026&filter[whenTo]=05-11-2026&filter[duration]=7:10&filter[from]=Warszawa%20-%20Radom,Warszawa,Warszawa%20-%20Modlin&filter[person]=2&filter[child]=1&filter[price]=0:11000&filter[PriceFrom]=0&filter[PriceTo]=11000&filter[addCategory]=50&filter[addCatering]=1&filter[addMisc]=0&filter[addTransport]=F&filter[fp]=1&order_by=ofr_price&filter[tourOperator]=0&filter[childAge][1]=20201210","https://fly.pl/cdn/photo/assets/uploads/582/278/2014/07/Domina-Coral-Bay-Aquamarine.jpg","https://fly.pl/wycieczka/egipt,sharm-el-sheikh,c/domina-coral-bay-aquamarine/pf8zHdJCNbZXkza_KaUXCaAAogPIS5Ln1NAqrP7o3OlTSPJwiPgYhrkVrHHSR3tH9QMnYqBEpPSVAw1ZWd1QZI5lJQQViGBWACckMUARUGFwBcA1gFVgJAygZP4gFdAFvpPRH4igFe_TFSpiBTAEvHI2EATOWMOg2m_ZcJIAABsMmAqcOIzKAwAg1jAQAM7rZfzw/ofertasv/?filter[tourOperator]=JOIP&filter%5Bperson%5D=2&filter%5BchildAge%5D%5B1%5D=20201210&filter%5Bchild%5D=1"
"Concorde El Salam Front Area","10707.0","11.10.2026 - 18.10.2026","8 dni/7 nocy","","4.8","4.8","1490","tripadvisor","Warszawa","2026-09-14T01:15:56.039352+00:00","https://fly.pl/oferta/egipt-wczasy/?filter[dest]=11:&filter[hotelids]=&filter[cityids]=&filter[cregids]=&filter[ofrType]=&filter[addObjType]=&filter[whenFrom]=10-10-2026&filter[whenTo]=05-11-2026&filter[duration]=7:10&filter[from]=Warszawa%20-%20Radom,Warszawa,Warszawa%20-%20Modlin&filter[person]=2&filter[child]=1&filter[price]=0:11000&filter[PriceFrom]=0&filter[PriceTo]=11000&filter[addCategory]=50&filter[addCatering]=1&filter[addMisc]=0&filter[addTransport]=F&filter[fp]=1&order_by=ofr_price&filter[tourOperator]=0&filter[childAge][1]=20201210","https://fly.pl/cdn/photo/assets/uploads/582/278/2024/07/concorde-el-salam-front.jpg","https://fly.pl/wycieczka/egipt,sharm-el-sheikh,szarm-el-szejk/concorde-el-salam-front-12/pmXfBuw3UmKjplXbUmxD-AAAogODftfFBkLQV9lOTkbWtvvgiPgYhrkVrHHSR3tH9QMnYqBEpPSVAw1ZWd1QZI01NQQViGBWACagNDR21yQpsBFAEVBhcAXANYBVYCQMoGT-IBXQBe3voBUqYgUwARmQNLriBhAEzljDoNpv2XCSAAAaOxjKHDiMygMAINYwEAC_2TO58/ofertasv/?filter[tourOperator]=JOIP&filter%5Bperson%5D=2&filter%5BchildAge%5D%5B1%5D=20201210&filter%5Bchild%5D=1"
"Amphoras Beach","10707.0","11.10.2026 - 18.10.2026","8 dni/7 nocy","","4.4","4.4","6747","tripadvisor","Warszawa","2026-09-14T01:15:56.039352+00:00","https://fly.pl/oferta/egipt-wczasy/?filter[dest]=11:&filter[hotelids]=&filter[cityids]=&filter[cregids]=&filter[ofrType]=&filter[addObjType]=&filter[whenFrom]=10-10-2026&filter[whenTo]=05-11-2026&filter[duration]=7:10&filter[from]=Warszawa%20-%20Radom,Warszawa,Warszawa%20-%20Modlin&filter[person]=2&filter[child]=1&filter[price]=0:11000&filter[PriceFrom]=0&filter[PriceTo]=11000&filter[addCategory]=50&filter[addCatering]=1&filter[addMisc]=0&filter[addTransport]=F&filter[fp]=1&order_by=ofr_price&filter[tourOperator]=0&filter[childAge][1]=20201210","https://fly.pl/cdn/photo/assets/uploads/582/278/2016/11/AMPHORAS-BEACH.jpg","https://fly.pl/wycieczka/egipt,sharm-el-sheikh,c/otium-amphoras-ex-shores/pBDe6Sm0C07nRtdLalNjVYAAogMQHoXQ9NYZVl64yeEtiFPwiPgYhrkVrHHSR3tH9QMnYqBEpPSVAw1ZWd1QZI01NQQViGBWACagMwbkhyQ5sBFAEVBhcAXANYBVYCQMoGT-IBXQBe3voBUqYgUwBLxyNhABHJhgFMnIY5Dab9lwkgAAG-xcSAtYjMoDACDWMBAAtgPcAK/ofertasv/?filter[tourOperator]=JOIP&filter%5Bperson%5D=2&filter%5BchildAge%5D%5B1%5D=20201210&filter%5Bchild%5D=1"
"Jaz Mirabel Beach Resort","10730.0","27.10.2026 - 03.11.2026","8 dni/7 nocy","","4.5","4.5","7330","tripadvisor","Warszawa - Modlin","2026-09-14T01:15:56.039352+00:00","https://fly.pl/oferta/egipt-wczasy/?filter[dest]=11:&filter[hotelids]=&filter[cityids]=&filter[cregids]=&filter[ofrType]=&filter[addObjType]=&filter[whenFrom]=10-10-2026&filter[whenTo]=05-11-2026&filter[duration]=7:10&filter[from]=Warszawa%20-%20Radom,Warszawa,Warszawa%20-%20Modlin&filter[person]=2&filter[child]=1&filter[price]=0:11000&filter[PriceFrom]=0&filter[PriceTo]=11000&filter[addCategory]=50&filter[addCatering]=1&filter[addMisc]=0&filter[addTransport]=F&filter[fp]=1&order_by=ofr_price&filter[tourOperator]=0&filter[childAge][1]=20201210","https://fly.pl/cdn/photo/assets/uploads/582/278/2014/07/Jaz-Mirabel-Beach-Resort-fly-pl.jpg","https://fly.pl/wycieczka/egipt,sharm-el-sheikh,c/jaz-mirabel-beach-resort/plRJtV0_lB3v6u_ZHDrKLcAAogbMI0wslEzFZQBW4u4AVcWZgpXVUQjygZk0IwIA3_YjEqBE9BU0kw1ZWd1QZI6lNQAViGCGADagNBSWxyJBwRiLABuQS89g-rBAIbv8IOGMH-EQHOmtiZAgEMYwEAYwECC6OKSf4/ofertasv/?filter[tourOperator]=OASI&filter%5Bperson%5D=2&filter%5BchildAge%5D%5B1%5D=20201210&filter%5Bchild%5D=1"
"Sentido Naga Bay","10737.0","15.10.2026 - 22.10.2026","8 dni/7 nocy","","","","","","Warszawa","2026-09-14T01:15:56.039352+00:00","https://fly.pl/oferta/egipt-wczasy/?filter[dest]=11:&filter[hotelids]=&filter[cityids]=&filter[cregids]=&filter[ofrType]=&filter[addObjType]=&filter[whenFrom]=10-10-2026&filter[whenTo]=05-11-2026&filter[duration]=7:10&filter[from]=Warszawa%20-%20Radom,Warszawa,Warszawa%20-%20Modlin&filter[person]=2&filter[child]=1&filter[price]=0:11000&filter[PriceFrom]=0&filter[PriceTo]=11000&filter[addCategory]=50&filter[addCatering]=1&filter[addMisc]=0&filter[addTransport]=F&filter[fp]=1&order_by=ofr_price&filter[tourOperator]=0&filter[childAge][1]=20201210","https://datacfstatic.merlinx.pl/EXIM/IMG/107999/9691dd57e47cec1e96befde9ca4a24ec0aaad7165dd6c455160b011f15ee59d5.webp","https://fly.pl/wycieczka/egipt,hurghada,c/sentido-naga-bay-11/pw3bielZQdg1YOJMVHOufnAAog_OZcKqB0lX5VfwYRYpTt5keY0cHKMlwUtUEW4JLEsTgqBEVYSU0w1ZWd1QZI8VNQAVjmBWACagJBSXIhHBHfywa5BMnvPasEHBvG5D0Y0fE-AdD2p4sLAgBjAQIGCR8SDA/ofertasv/?filter[tourOperator]=EXIM&filter%5Bperson%5D=2&filter%5BchildAge%5D%5B1%5D=20201210&filter%5Bchild%5D=1"
"Monte Carlo Resort Spa","10757.0","13.10.2026 - 21.10.2026","9 dni/7 nocy","","4.4","4.4","2434","tripadvisor","Warszawa","2026-09-14T01:15:56.039352+00:00","https://fly.pl/oferta/egipt-wczasy/?filter[dest]=11:&filter[hotelids]=&filter[cityids]=&filter[cregids]=&filter[ofrType]=&filter[addObjType]=&filter[whenFrom]=10-10-2026&filter[whenTo]=05-11-2026&filter[duration]=7:10&filter[from]=Warszawa%20-%20Radom,Warszawa,Warszawa%20-%20Modlin&filter[person]=2&filter[child]=1&filter[price]=0:11000&filter[PriceFrom]=0&filter[PriceTo]=11000&filter[addCategory]=50&filter[addCatering]=1&filter[addMisc]=0&filter[addTransport]=F&filter[fp]=1&order_by=ofr_price&filter[tourOperator]=0&filter[childAge][1]=20201210","https://fly.pl/cdn/photo/assets/uploads/582/278/2014/09/Monte-Carlo-Sharm-Resort-Spa.jpg","https://fly.pl/wycieczka/egipt,sharm-el-sheikh,c/monte-carlo-ex-ritz-carlton/pRGY2oF3d91C2vMJvYtthEAAog9u4t3c8oWyjZnUg3THdUPLdFedLRV-x5q6JpVOAxe2oqBFZJVFgw1ZWd1QZIhVRQQVi2BWACckAaABUHFwBcA1gFQI8DW6eGAV7WeVKmIFMAS8cjYQBM7rQ5DZ_VmAkgAVHDvfmy6QFPyLEbXYTO6rwcAg1jAQIMcdMIHA/ofertasv/?filter[tourOperator]=VITX&filter%5Bperson%5D=2&filter%5BchildAge%5D%5B1%5D=20201210&filter%5Bchild%5D=1"
"Pickalbatros Royal Moderna","10764.0","27.10.2026 - 03.11.2026","8 dni/7 nocy","","4.5","4.5","10710","tripadvisor","Warszawa - Modlin","2026-09-14T01:15:56.039352+00:00","https://fly.pl/oferta/egipt-wczasy/?filter[dest]=11:&filter[hotelids]=&filter[cityids]=&filter[cregids]=&filter[ofrType]=&filter[addObjType]=&filter[whenFrom]=10-10-2026&filter[whenTo]=05-11-2026&filter[duration]=7:10&filter[from]=Warszawa%20-%20Radom,Warszawa,Warszawa%20-%20Modlin&filter[person]=2&filter[child]=1&filter[price]=0:11000&filter[PriceFrom]=0&filter[PriceTo]=11000&filter[addCategory]=50&filter[addCatering]=1&filter[addMisc]=0&filter[addTransport]=F&filter[fp]=1&order_by=ofr_price&filter[tourOperator]=0&filter[childAge][1]=20201210","https://fly.pl/cdn/photo/assets/uploads/582/278/2009/08/Royal-Albatros-Moderna1708.jpg","https://fly.pl/wycieczka/egipt,sharm-el-sheikh,c/royal-albatros-moderna/pAXoxcKRxdYc02jS0Z55q-AAogR_WeBrBGLmkPAddbYbxWMpgpXVUQjygZk0IwIA3_YjEqBE9BU0kw2JWd1QZIjFRQAViGCGACagNBSWxyIRwR168BuQTt9g-rBAIbo7QPGNuAEwHV3-ulAgIAYwECDAlpYPk/ofertasv/?filter[tourOperator]=OASI&filter%5Bperson%5D=2&filter%5BchildAge%5D%5B1%5D=20201210&filter%5Bchild%5D=1"
"Pickalbatros Dana Beach Resort","10807.0","27.10.2026 - 03.11.2026","9 dni/7 nocy","","4.4","4.4","2869","tripadvisor","Warszawa - Modlin","2026-09-14T01:15:56.039352+00:00","https://fly.pl/oferta/egipt-wczasy/?filter[dest]=11:&filter[hotelids]=&filter[cityids]=&filter[cregids]=&filter[ofrType]=&filter[addObjType]=&filter[whenFrom]=10-10-2026&filter[whenTo]=05-11-2026&filter[duration]=7:10&filter[from]=Warszawa%20-%20Radom,Warszawa,Warszawa%20-%20Modlin&filter[person]=2&filter[child]=1&filter[price]=0:11000&filter[PriceFrom]=0&filter[PriceTo]=11000&filter[addCategory]=50&filter[addCatering]=1&filter[addMisc]=0&filter[addTransport]=F&filter[fp]=1&order_by=ofr_price&filter[tourOperator]=0&filter[childAge][1]=20201210","https://fly.pl/cdn/photo/assets/uploads/582/278/2014/10/Dana-Beach-Resort-fly-pl-1.jpg","https://fly.pl/wycieczka/egipt,hurghada,c/dana-beach/p9QlaH5rtWgpALXA9Bua1mAAogG6ocTSSCc3dWzNYIhc-J-JeMXePUQkpobZ-BQI6-nbQqBEVYSU0w2JWd1QZIt1RQAViGCGACagJBSXIhHBGi-AarBJ-wS7kERRuf-zcY5KFTAYOU9sYNAgBjAQIMh3nAtA/ofertasv/?filter[tourOperator]=EXIM&filter%5Bperson%5D=2&filter%5BchildAge%5D%5B1%5D=20201210&filter%5Bchild%5D=1"
"Domina Coral Bay Sultan","10862.0","11.10.2026 - 18.10.2026","8 dni/7 nocy","","4.2","4.2","12420","tripadvisor","Warszawa","2026-09-14T01:15:56.039352+00:00","https://fly.pl/oferta/egipt-wczasy/?filter[dest]=11:&filter[hotelids]=&filter[cityids]=&filter[cregids]=&filter[ofrType]=&filter[addObjType]=&filter[whenFrom]=10-10-2026&filter[whenTo]=05-11-2026&filter[duration]=7:10&filter[from]=Warszawa%20-%20Radom,Warszawa,Warszawa%20-%20Modlin&filter[person]=2&filter[child]=1&filter[price]=0:11000&filter[PriceFrom]=0&filter[PriceTo]=11000&filter[addCategory]=50&filter[addCatering]=1&filter[addMisc]=0&filter[addTransport]=F&filter[fp]=1&order_by=ofr_price&filter[tourOperator]=0&filter[childAge][1]=20201210","https://fly.pl/cdn/photo/assets/uploads/582/278/2014/07/Domina-Coral-Bay-Sultan.jpg","https://fly.pl/wycieczka/egipt,sharm-el-sheikh,c/domina-coral-bay-sultan/pUmqpICnfJsyoHYckcxv6GAAogqRHyLXLOaXygHFM-xpbs6giPgYhrkVrHHSR3tH9QMnYqBEpPSVAw2JWd1QZI7lRQQViGBWACagM5b0dyQpsBFAEVBhcAXANYBVYCQMoGT-IBXQAR4sgBXvwxUqYgUwBLxyNhAEzljDoNpv2XCSAAAaSd9K_DiMygMAINYwEADGuHTuQ/ofertasv/?filter[tourOperator]=JOIP&filter%5Bperson%5D=2&filter%5BchildAge%5D%5B1%5D=20201210&filter%5Bchild%5D=1"
"Red Sea Grand Makadi (Makadi Bay)","10870.0","15.10.2026 - 22.10.2026","8 dni/7 nocy","","4.4","4.4","3309","tripadvisor","Warszawa","2026-09-14T01:15:56.039352+00:00","https://fly.pl/oferta/egipt-wczasy/?filter[dest]=11:&filter[hotelids]=&filter[cityids]=&filter[cregids]=&filter[ofrType]=&filter[addObjType]=&filter[whenFrom]=10-10-2026&filter[whenTo]=05-11-2026&filter[duration]=7:10&filter[from]=Warszawa%20-%20Radom,Warszawa,Warszawa%20-%20Modlin&filter[person]=2&filter[child]=1&filter[price]=0:11000&filter[PriceFrom]=0&filter[PriceTo]=11000&filter[addCategory]=50&filter[addCatering]=1&filter[addMisc]=0&filter[addTransport]=F&filter[fp]=1&order_by=ofr_price&filter[tourOperator]=0&filter[childAge][1]=20201210","https://fly.pl/cdn/photo/assets/uploads/582/278/2017/08/Grand-Makadi-Makadi-Bay-fly-pl-2.jpg","https://fly.pl/wycieczka/egipt,hurghada,makadi-bay/grand-makadi-makadi-bay/pFVrCTeT40n6pT8f6lOZhJAAoggKRBt6njz1joHAcejfvuMFMAo-Pz72XjDjK39r-JCzUqA0VUSTDYlZ3VBkj2VFBBWOYFYAJyMRUHFwBcA1gFVgJA-wdbw4UBU50mUgBer09L7UNhACCPitIJDQBRy9699gMCEmMBAgrZ-mPn/ofertasv/?filter[tourOperator]=ETI&filter%5Bperson%5D=2&filter%5BchildAge%5D%5B1%5D=20201210&filter%5Bchild%5D=1"
"Pickalbatros Aqua Park Resort (Sharm El Sheikh)","10901.0","11.10.2026 - 18.10.2026","8 dni/7 nocy","","4.8","4.8","3583","tripadvisor","Warszawa","2026-09-14T01:15:56.039352+00:00","https://fly.pl/oferta/egipt-wczasy/?filter[dest]=11:&filter[hotelids]=&filter[cityids]=&filter[cregids]=&filter[ofrType]=&filter[addObjType]=&filter[whenFrom]=10-10-2026&filter[whenTo]=05-11-2026&filter[duration]=7:10&filter[from]=Warszawa%20-%20Radom,Warszawa,Warszawa%20-%20Modlin&filter[person]=2&filter[child]=1&filter[price]=0:11000&filter[PriceFrom]=0&filter[PriceTo]=11000&filter[addCategory]=50&filter[addCatering]=1&filter[addMisc]=0&filter[addTransport]=F&filter[fp]=1&order_by=ofr_price&filter[tourOperator]=0&filter[childAge][1]=20201210","https://fly.pl/cdn/photo/assets/uploads/582/278/2017/08/Albatros-Aqua-Park-Sharm.jpg","https://fly.pl/wycieczka/egipt,sharm-el-sheikh,szarm-el-szejk/albatros-aqua-park-sharm-el-sheikh/pSHC1I8jTNdQfEdydVmqqgAAoglnaU7UKlgzczkLCQthDLiQiPgYhrkVrHHSR3tH9QMnYqBEpPSVAw2JWd1QZIlVVQQViGBWACagNDR21yQpsBFAEVBhcAXANYBVYCQMoGT-IBXQBe3voBUqYgUwARsSJLlgFhAEzljDoNpv2XCSAAAcbP4IjTiMygMAINYwEADENGycg/ofertasv/?filter[tourOperator]=JOIP&filter%5Bperson%5D=2&filter%5BchildAge%5D%5B1%5D=20201210&filter%5Bchild%5D=1"
"Naama Bay Promenade Beach Resort","10914.0","27.10.2026 - 03.11.2026","8 dni/7 nocy","","4.2","4.2","1290","tripadvisor","Warszawa - Modlin","2026-09-14T01:15:56.039352+00:00","https://fly.pl/oferta/egipt-wczasy/?filter[dest]=11:&filter[hotelids]=&filter[cityids]=&filter[cregids]=&filter[ofrType]=&filter[addObjType]=&filter[whenFrom]=10-10-2026&filter[whenTo]=05-11-2026&filter[duration]=7:10&filter[from]=Warszawa%20-%20Radom,Warszawa,Warszawa%20-%20Modlin&filter[person]=2&filter[child]=1&filter[price]=0:11000&filter[PriceFrom]=0&filter[PriceTo]=11000&filter[addCategory]=50&filter[addCatering]=1&filter[addMisc]=0&filter[addTransport]=F&filter[fp]=1&order_by=ofr_price&filter[tourOperator]=0&filter[childAge][1]=20201210","https://fly.pl/cdn/photo/assets/uploads/582/278/2021/07/Naama-Bay-Promenade-Beach-Resort.jpg","https://fly.pl/wycieczka/egipt,sharm-el-sheikh,szarm-el-szejk/naama-bay-promenade-beach-resort-10/pwZ6ZES5vKPpqg4beMwf_QAAogl8ehi87Xf-dtVheMIW7huJgpXVUQjygZk0IwIA3_YjEqBE9BU0kw2JWd1QZIolVQAViGCGACagNBSWxyIRwRqq8BuQSa9w-rBAIb2uYMGNjbEwGjkd2ZAgIAYwECCz2-q5E/ofertasv/?filter[tourOperator]=OASI&filter%5Bperson%5D=2&filter%5BchildAge%5D%5B1%5D=20201210&filter%5Bchild%5D=1"
"The V Luxury Resort","10922.0","22.10.2026 - 29.10.2026","8 dni/7 nocy","","4.4","4.4","1031","tripadvisor","Warszawa - Radom","2026-09-14T01:15:56.039352+00:00","https://fly.pl/oferta/egipt-wczasy/?filter[dest]=11:&filter[hotelids]=&filter[cityids]=&filter[cregids]=&filter[ofrType]=&filter[addObjType]=&filter[whenFrom]=10-10-2026&filter[whenTo]=05-11-2026&filter[duration]=7:10&filter[from]=Warszawa%20-%20Radom,Warszawa,Warszawa%20-%20Modlin&filter[person]=2&filter[child]=1&filter[price]=0:11000&filter[PriceFrom]=0&filter[PriceTo]=11000&filter[addCategory]=50&filter[addCatering]=1&filter[addMisc]=0&filter[addTransport]=F&filter[fp]=1&order_by=ofr_price&filter[tourOperator]=0&filter[childAge][1]=20201210","https://datacfstatic.merlinx.pl/OREX/IMG/3068/81c0ea0627efd6ab9706558c934de376be3a32d51491e8172766c62f9015303c.webp","https://fly.pl/wycieczka/egipt,hurghada,sahl-hasheesh/the-v-luxury-resort-13/p32IOx3y9tIF46eM8YhvmBAAogL4Y5NqUkxgxwTOfVU5feDyWlkVtJMYzcX-uCortsPpUqBE9SRVgw2JWd1QZIqlVQQViOB2ACagUwLjIuMXI2mwEVBxcAWAhWAlwIQMIGXdMOT2wR4gFT8JsBUgBer09LgRJhAEzRvjogsf2XCQ0AAhJjAQILuTOUZQ/ofertasv/?filter[tourOperator]=OREX&filter%5Bperson%5D=2&filter%5BchildAge%5D%5B1%5D=20201210&filter%5Bchild%5D=1"
"Nubian Village","10944.0","27.10.2026 - 03.11.2026","8 dni/7 nocy","","4.5","4.5","4649","tripadvisor","Warszawa - Modlin","2026-09-14T01:15:56.039352+00:00","https://fly.pl/oferta/egipt-wczasy/?filter[dest]=11:&filter[hotelids]=&filter[cityids]=&filter[cregids]=&filter[ofrType]=&filter[addObjType]=&filter[whenFrom]=10-10-2026&filter[whenTo]=05-11-2026&filter[duration]=7:10&filter[from]=Warszawa%20-%20Radom,Warszawa,Warszawa%20-%20Modlin&filter[person]=2&filter[child]=1&filter[price]=0:11000&filter[PriceFrom]=0&filter[PriceTo]=11000&filter[addCategory]=50&filter[addCatering]=1&filter[addMisc]=0&filter[addTransport]=F&filter[fp]=1&order_by=ofr_price&filter[tourOperator]=0&filter[childAge][1]=20201210","https://fly.pl/cdn/photo/assets/uploads/582/278/2014/07/Nubian-Village-fly-pl.jpg","https://fly.pl/wycieczka/egipt,sharm-el-sheikh,c/nubian-village/pzUghnFM4yjAfaecUE2hkUAAogfpbH7VaOkzsJvU6mgPlPoebol38sl8b5T0sIVl56LHYqBEtPTVQw2JWd1QZIwFVQAViGCGACagJBSXIfHBH2GrkE2uIBqwQZGMKbBBu0iSQBwZXLHgIAYwECBl5BGF0/ofertasv/?filter[tourOperator]=KOMT&filter%5Bperson%5D=2&filter%5BchildAge%5D%5B1%5D=20201210&filter%5Bchild%5D=1"
"Jaz Lamaya Resort (ex Iberotel)","10987.0","27.10.2026 - 03.11.2026","8 dni/7 nocy","","4.6","4.6","5880","tripadvisor","Warszawa","2026-09-14T01:15:56.039352+00:00","https://fly.pl/oferta/egipt-wczasy/?filter[dest]=11:&filter[hotelids]=&filter[cityids]=&filter[cregids]=&filter[ofrType]=&filter[addObjType]=&filter[whenFrom]=10-10-2026&filter[whenTo]=05-11-2026&filter[duration]=7:10&filter[from]=Warszawa%20-%20Radom,Warszawa,Warszawa%20-%20Modlin&filter[person]=2&filter[child]=1&filter[price]=0:11000&filter[PriceFrom]=0&filter[PriceTo]=11000&filter[addCategory]=50&filter[addCatering]=1&filter[addMisc]=0&filter[addTransport]=F&filter[fp]=1&order_by=ofr_price&filter[tourOperator]=0&filter[childAge][1]=20201210","https://fly.pl/cdn/photo/assets/uploads/582/278/2014/09/jaz-lamaya.jpg","https://fly.pl/wycieczka/egipt,marsa-alam,madinat-coraya/iberotel-lamaya-resort/pTJBvnO1omncsQS_IdvmxdAAogOxDVG7cUChf-lavmK84U4HfhdMl1pFTvfBznJ5JFJscqBEVYSU0w2JWd1QZI61VQAViGCGACagJBSXIjHBHzxwa5BPv2PasEiN4NG_-ALRj4uVwBrcGYtA0CAGMBAgyO9xlW/ofertasv/?filter[tourOperator]=EXIM&filter%5Bperson%5D=2&filter%5BchildAge%5D%5B1%5D=20201210&filter%5Bchild%5D=1"
"Jaz Grand Marsa (ex Resta Grand Resort) Egipt, Marsa Alam, Madinat Coraya","6487.0","28.10.2026 - 04.11.2026","8 dni/7 nocy","","4.6","4.6","6430","tripadvisor","Warszawa - Modlin","2026-09-14T05:26:42.675786+00:00","https://fly.pl/oferta/egipt-wczasy/?filter[dest]=11:&filter[hotelids]=&filter[cityids]=&filter[cregids]=&filter[ofrType]=&filter[addObjType]=&filter[whenFrom]=10-10-2026&filter[whenTo]=05-11-2026&filter[duration]=7:10&filter[from]=Warszawa%20-%20Radom,Warszawa,Warszawa%20-%20Modlin&filter[person]=2&filter[child]=1&filter[price]=0:11000&filter[PriceFrom]=0&filter[PriceTo]=11000&filter[addCategory]=50&filter[addCatering]=1&filter[addMisc]=0&filter[addTransport]=F&filter[fp]=1&order_by=ofr_price&filter[tourOperator]=0&filter[childAge][1]=20201210","https://fly.pl/cdn/photo/assets/uploads/582/278/2014/09/grand.jpg","https://fly.pl/wycieczka/egipt,marsa-alam,madinat-coraya/resta-grand-resort/ptP-B27qZ6fjcfQ-9mljJKAAog8ooSOa1D1oQqD4ncF5FiPBMX033-gYOoV0TNZ_GKOrIqBEVYSU0wk4ue1QZI1zJQAViaCGACagJBSXIhHBG-2Qa5BKLTS6sEPhur5DUY0e9VAf3G5csNAgBjAQIMIYw4bQ/ofertasv/?filter[tourOperator]=EXIM&filter%5Bperson%5D=2&filter%5BchildAge%5D%5B1%5D=20201210&filter%5Bchild%5D=1"
"Novotel Marsa Alam Egipt, Marsa Alam","6670.0","28.10.2026 - 04.11.2026","8 dni/7 nocy","","4.5","4.5","3679","tripadvisor","Warszawa - Modlin","2026-09-14T05:26:42.675786+00:00","https://fly.pl/oferta/egipt-wczasy/?filter[dest]=11:&filter[hotelids]=&filter[cityids]=&filter[cregids]=&filter[ofrType]=&filter[addObjType]=&filter[whenFrom]=10-10-2026&filter[whenTo]=05-11-2026&filter[duration]=7:10&filter[from]=Warszawa%20-%20Radom,Warszawa,Warszawa%20-%20Modlin&filter[person]=2&filter[child]=1&filter[price]=0:11000&filter[PriceFrom]=0&filter[PriceTo]=11000&filter[addCategory]=50&filter[addCatering]=1&filter[addMisc]=0&filter[addTransport]=F&filter[fp]=1&order_by=ofr_price&filter[tourOperator]=0&filter[childAge][1]=20201210","https://fly.pl/cdn/photo/assets/uploads/582/278/2015/09/Novotel-Marsa-Alam.jpg","https://fly.pl/wycieczka/egipt,marsa-alam,c/novotel-marsa-alam/pzONgXoTEEmlY8Z4VGZYO1AAogcgJ-Wcay5Vz3_F1j3XOL0hNTnlqlLqBHtLF6YzgD78cqBE9BU0kwk4ue1QZIjjRQAViaCGACagNBSWxyIRwRn6QBqwTL_w-5BAgbjvQOGJzHEQHvyvaZAgIAYwECBUB7r_Q/ofertasv/?filter[tourOperator]=OASI&filter%5Bperson%5D=2&filter%5BchildAge%5D%5B1%5D=20201210&filter%5Bchild%5D=1"
"Gemma Resort (ex. Labranda Gemma Premium Resort) Egipt, Marsa Alam","6686.0","28.10.2026 - 04.11.2026","8 dni/7 nocy","","4.5","4.5","5576","tripadvisor","Warszawa - Modlin","2026-09-14T05:26:42.675786+00:00","https://fly.pl/oferta/egipt-wczasy/?filter[dest]=11:&filter[hotelids]=&filter[cityids]=&filter[cregids]=&filter[ofrType]=&filter[addObjType]=&filter[whenFrom]=10-10-2026&filter[whenTo]=05-11-2026&filter[duration]=7:10&filter[from]=Warszawa%20-%20Radom,Warszawa,Warszawa%20-%20Modlin&filter[person]=2&filter[child]=1&filter[price]=0:11000&filter[PriceFrom]=0&filter[PriceTo]=11000&filter[addCategory]=50&filter[addCatering]=1&filter[addMisc]=0&filter[addTransport]=F&filter[fp]=1&order_by=ofr_price&filter[tourOperator]=0&filter[childAge][1]=20201210","https://fly.pl/cdn/photo/assets/uploads/582/278/2015/06/Gemma-Resort.jpg","https://fly.pl/wycieczka/egipt,marsa-alam,c/gemma-resort/phSXN9hA4Og7mPTFcOw_pPAAogHiOKQ9_PoFDmg_Hh_7yl7hNTnlqlLqBHtLF6YzgD78cqBE9BU0kwk4ue1QZInjRQAViaCGACagNBSWxyIRwRlKQBqwTW_w-5BAgb6IANGMW5EwG54eeZAgIAYwECDX-z0y8/ofertasv/?filter[tourOperator]=OASI&filter%5Bperson%5D=2&filter%5BchildAge%5D%5B1%5D=20201210&filter%5Bchild%5D=1"
"AMC Royal Hotel & Spa (ex. AMC Azur Resort) Egipt, Hurghada","6881.0","22.10.2026 - 29.10.2026","8 dni/7 nocy","","4.4","4.4","3067","tripadvisor","Warszawa - Radom","2026-09-14T05:26:42.675786+00:00","https://fly.pl/oferta/egipt-wczasy/?filter[dest]=11:&filter[hotelids]=&filter[cityids]=&filter[cregids]=&filter[ofrType]=&filter[addObjType]=&filter[whenFrom]=10-10-2026&filter[whenTo]=05-11-2026&filter[duration]=7:10&filter[from]=Warszawa%20-%20Radom,Warszawa,Warszawa%20-%20Modlin&filter[person]=2&filter[child]=1&filter[price]=0:11000&filter[PriceFrom]=0&filter[PriceTo]=11000&filter[addCategory]=50&filter[addCatering]=1&filter[addMisc]=0&filter[addTransport]=F&filter[fp]=1&order_by=ofr_price&filter[tourOperator]=0&filter[childAge][1]=20201210","https://fly.pl/cdn/photo/assets/uploads/582/278/2014/07/AMC-Royal-Resort.jpg","https://fly.pl/wycieczka/egipt,hurghada,c/amc-royal-ex-amc-azur-resort/pOVzvhKO_G4YF3AfVdGBKAAAogEeD8sdM0_6YSeso2VpnVRyWlkVtJMYzcX-uCortsPpUqBE9SRVgwk4ue1QZI4TVQQViKB2ACagVFLjIuMXI1mwEVBxcAXANYBVYCEQRAxgZd0w5PbFPSnQFSAF6vT0uBEmEATNG-OiCx_ZcJDQACEmMBAgzWpPhG/ofertasv/?filter[tourOperator]=OREX&filter%5Bperson%5D=2&filter%5BchildAge%5D%5B1%5D=20201210&filter%5Bchild%5D=1"
"Amarina Jannah Resort Aquapark Egipt, Marsa Alam, Port Ghalib","7062.0","28.10.2026 - 04.11.2026","8 dni/7 nocy","","4.7","4.7","672","tripadvisor","Warszawa - Modlin","2026-09-14T05:26:42.675786+00:00","https://fly.pl/oferta/egipt-wczasy/?filter[dest]=11:&filter[hotelids]=&filter[cityids]=&filter[cregids]=&filter[ofrType]=&filter[addObjType]=&filter[whenFrom]=10-10-2026&filter[whenTo]=05-11-2026&filter[duration]=7:10&filter[from]=Warszawa%20-%20Radom,Warszawa,Warszawa%20-%20Modlin&filter[person]=2&filter[child]=1&filter[price]=0:11000&filter[PriceFrom]=0&filter[PriceTo]=11000&filter[addCategory]=50&filter[addCatering]=1&filter[addMisc]=0&filter[addTransport]=F&filter[fp]=1&order_by=ofr_price&filter[tourOperator]=0&filter[childAge][1]=20201210","https://fly.pl/cdn/photo/assets/uploads/582/278/2023/04/Amarina-Jannah-Resort-Aquapark.jpg","https://fly.pl/wycieczka/egipt,marsa-alam,port-ghalib/amarina-jannah-resort-aquapark-15/pzOv4AGlIB4Iq7BToHxURyAAog1kNFqu8Y4qhRlbIsuMM0pBNTnlqlLqBHtLF6YzgD78cqBE9BU0kwk4ue1QZIljdQAViaCGACagNBSWxyIRwRgKQBqwTq_w-5BAgb6sYPGKOMEwHDyeOqAgIAYwECDOGysms/ofertasv/?filter[tourOperator]=OASI&filter%5Bperson%5D=2&filter%5BchildAge%5D%5B1%5D=20201210&filter%5Bchild%5D=1"
"Amarina Queen Resort Egipt, Marsa Alam","7080.0","28.10.2026 - 04.11.2026","8 dni/7 nocy","","4.7","4.7","1194","tripadvisor","Warszawa - Modlin","2026-09-14T05:26:42.675786+00:00","https://fly.pl/oferta/egipt-wczasy/?filter[dest]=11:&filter[hotelids]=&filter[cityids]=&filter[cregids]=&filter[ofrType]=&filter[addObjType]=&filter[whenFrom]=10-10-2026&filter[whenTo]=05-11-2026&filter[duration]=7:10&filter[from]=Warszawa%20-%20Radom,Warszawa,Warszawa%20-%20Modlin&filter[person]=2&filter[child]=1&filter[price]=0:11000&filter[PriceFrom]=0&filter[PriceTo]=11000&filter[addCategory]=50&filter[addCatering]=1&filter[addMisc]=0&filter[addTransport]=F&filter[fp]=1&order_by=ofr_price&filter[tourOperator]=0&filter[childAge][1]=20201210","https://fly.pl/cdn/photo/assets/uploads/582/278/2024/07/amarina-queen-resort.jpg","https://fly.pl/wycieczka/egipt,marsa-alam,c/amarina-queen-resort-12/paWp9WIoqQ48dFLxORa6IaAAogRkgUoeqcpXIg6NfPmy61khNTnlqlLqBHtLF6YzgD78cqBE9BU0kwk4ue1QZIqDdQAViaCGACagNBSWxyIRwRgqQBqwTo_w-5BAgbmccPGKOMEwGE3uWqAgIAYwECDLZlFMU/ofertasv/?filter[tourOperator]=OASI&filter%5Bperson%5D=2&filter%5BchildAge%5D%5B1%5D=20201210&filter%5Bchild%5D=1"
"Movenpick Resort Soma Bay Egipt, Hurghada","7259.0","29.10.2026 - 05.11.2026","8 dni/7 nocy","","4.3","4.3","4073","tripadvisor","Warszawa","2026-09-14T05:26:42.675786+00:00","https://fly.pl/oferta/egipt-wczasy/?filter[dest]=11:&filter[hotelids]=&filter[cityids]=&filter[cregids]=&filter[ofrType]=&filter[addObjType]=&filter[whenFrom]=10-10-2026&filter[whenTo]=05-11-2026&filter[duration]=7:10&filter[from]=Warszawa%20-%20Radom,Warszawa,Warszawa%20-%20Modlin&filter[person]=2&filter[child]=1&filter[price]=0:11000&filter[PriceFrom]=0&filter[PriceTo]=11000&filter[addCategory]=50&filter[addCatering]=1&filter[addMisc]=0&filter[addTransport]=F&filter[fp]=1&order_by=ofr_price&filter[tourOperator]=0&filter[childAge][1]=20201210","https://fly.pl/cdn/photo/assets/uploads/582/278/2009/02/Movenpick-Soma-Bay2539.jpg","https://fly.pl/wycieczka/egipt,hurghada,c/movenpick-soma-bay/pBu7tGb76qmkdetz-uXq4uAAog1xC40B2Cc-pKOz-wGL-X5xLqCxxQb8S86Hh0k4aD-ioqBE9SRVgwk4ue1QZI2zhQQViyCGACagdCSzQuMi4xcjWbARUHFwBcA1gFVgJAygYREl2JD08kU9KdAVIAXq9PS-1DYQBM5Yw6ILj9lwkNAAISYwECC4eI1AU/ofertasv/?filter[tourOperator]=OREX&filter%5Bperson%5D=2&filter%5BchildAge%5D%5B1%5D=20201210&filter%5Bchild%5D=1"
"Albatros Oasis Port Ghalib (ex. Red Sea Port Ghalib Resort) Egipt, Marsa Alam, Port Ghalib","7387.0","28.10.2026 - 04.11.2026","8 dni/7 nocy","","4.6","4.6","3642","tripadvisor","Warszawa - Modlin","2026-09-14T05:26:42.675786+00:00","https://fly.pl/oferta/egipt-wczasy/?filter[dest]=11:&filter[hotelids]=&filter[cityids]=&filter[cregids]=&filter[ofrType]=&filter[addObjType]=&filter[whenFrom]=10-10-2026&filter[whenTo]=05-11-2026&filter[duration]=7:10&filter[from]=Warszawa%20-%20Radom,Warszawa,Warszawa%20-%20Modlin&filter[person]=2&filter[child]=1&filter[price]=0:11000&filter[PriceFrom]=0&filter[PriceTo]=11000&filter[addCategory]=50&filter[addCatering]=1&filter[addMisc]=0&filter[addTransport]=F&filter[fp]=1&order_by=ofr_price&filter[tourOperator]=0&filter[childAge][1]=20201210","https://fly.pl/cdn/photo/assets/uploads/582/278/2014/09/pickalbatros-oasis.jpg","https://fly.pl/wycieczka/egipt,marsa-alam,port-ghalib/crowne-plaza-sahara-oasis-resort/pEBljdvEalXEGtXMFgStF8AAogz4RsY6YCGqWBZWcR2M3lZxMX033-gYOoV0TNZ_GKOrIqBEVYSU0wk4ue1QZI2zlQAViaCGACagJBSXIhHBHS2Qa5BI7TS6sEPhvF4TUY-7pVAaLdtM4NAgBjAQIMIHkurQ/ofertasv/?filter[tourOperator]=EXIM&filter%5Bperson%5D=2&filter%5BchildAge%5D%5B1%5D=20201210&filter%5Bchild%5D=1"
"Parrotel Lagoon Resort Egipt, Sharm El Sheikh, Szarm el-Szejk","7433.0","27.10.2026 - 03.11.2026","8 dni/7 nocy","","4.1","4.1","1847","tripadvisor","Warszawa - Modlin","2026-09-14T05:26:42.675786+00:00","https://fly.pl/oferta/egipt-wczasy/?filter[dest]=11:&filter[hotelids]=&filter[cityids]=&filter[cregids]=&filter[ofrType]=&filter[addObjType]=&filter[whenFrom]=10-10-2026&filter[whenTo]=05-11-2026&filter[duration]=7:10&filter[from]=Warszawa%20-%20Radom,Warszawa,Warszawa%20-%20Modlin&filter[person]=2&filter[child]=1&filter[price]=0:11000&filter[PriceFrom]=0&filter[PriceTo]=11000&filter[addCategory]=50&filter[addCatering]=1&filter[addMisc]=0&filter[addTransport]=F&filter[fp]=1&order_by=ofr_price&filter[tourOperator]=0&filter[childAge][1]=20201210","https://fly.pl/cdn/photo/assets/uploads/582/278/2020/10/Parrotel-Lagoon-Resort.jpg","https://fly.pl/wycieczka/egipt,sharm-el-sheikh,szarm-el-szejk/parrotel-lagoon-resort-14/pXh5l_zt2mzWhShemKqu7DAAoguRPWcINaDBhv5tXgdkxNSebol38sl8b5T0sIVl56LHYqBEtPTVQwk4ue1QZIiTpQAViCCGACagJBSXIfHBH8GrkE1OIBqwQZGLGvBBu59iMBn53zHgIAYwECBv52hOY/ofertasv/?filter[tourOperator]=KOMT&filter%5Bperson%5D=2&filter%5BchildAge%5D%5B1%5D=20201210&filter%5Bchild%5D=1"
"Rewaya Majestic Resort Egipt, Hurghada","7507.0","27.10.2026 - 03.11.2026","9 dni/7 nocy","","","","","","Warszawa - Modlin","2026-09-14T05:26:42.675786+00:00","https://fly.pl/oferta/egipt-wczasy/?filter[dest]=11:&filter[hotelids]=&filter[cityids]=&filter[cregids]=&filter[ofrType]=&filter[addObjType]=&filter[whenFrom]=10-10-2026&filter[whenTo]=05-11-2026&filter[duration]=7:10&filter[from]=Warszawa%20-%20Radom,Warszawa,Warszawa%20-%20Modlin&filter[person]=2&filter[child]=1&filter[price]=0:11000&filter[PriceFrom]=0&filter[PriceTo]=11000&filter[addCategory]=50&filter[addCatering]=1&filter[addMisc]=0&filter[addTransport]=F&filter[fp]=1&order_by=ofr_price&filter[tourOperator]=0&filter[childAge][1]=20201210","https://datacfstatic.merlinx.pl/OASI/IMG/24140/e3a15b238b2d30f27199dd0e48d3c85c0bc5e06a1c321d66bdb885dd7a89e111.webp","https://fly.pl/wycieczka/egipt,hurghada,c/rewaya-majestic-resort-10/pXmgw8SZqMvYii42G3TfTDAAog3XXJX54SdqQsmmNTaElRl3-RivCO5fCdWQwfiBpU-nUqBE9BU0kwk4ue1QZI0zpQAViCCGACagNVQUlyIRwRzLwBqwSg4g-5BEAb5s4MGMPkEwHOoZqZAgIAYwECDb6P_tg/ofertasv/?filter[tourOperator]=OASI&filter%5Bperson%5D=2&filter%5BchildAge%5D%5B1%5D=20201210&filter%5Bchild%5D=1"
"Albatros Sea World Resort Marsa Alam Egipt, Marsa Alam, Al-Kusajr","7607.0","28.10.2026 - 04.11.2026","8 dni/7 nocy","","4.7","4.7","4499","tripadvisor","Warszawa - Modlin","2026-09-14T05:26:42.675786+00:00","https://fly.pl/oferta/egipt-wczasy/?filter[dest]=11:&filter[hotelids]=&filter[cityids]=&filter[cregids]=&filter[ofrType]=&filter[addObjType]=&filter[whenFrom]=10-10-2026&filter[whenTo]=05-11-2026&filter[duration]=7:10&filter[from]=Warszawa%20-%20Radom,Warszawa,Warszawa%20-%20Modlin&filter[person]=2&filter[child]=1&filter[price]=0:11000&filter[PriceFrom]=0&filter[PriceTo]=11000&filter[addCategory]=50&filter[addCatering]=1&filter[addMisc]=0&filter[addTransport]=F&filter[fp]=1&order_by=ofr_price&filter[tourOperator]=0&filter[childAge][1]=20201210","https://fly.pl/cdn/photo/assets/uploads/582/278/2017/08/ALBATROS-SEA-WORLD.jpg","https://fly.pl/wycieczka/egipt,marsa-alam,al-kusajr/sea-world-resort-marsa-alam/pbwqaN6B2oj3ByMi5o8fkIAAog9eRxU0wUyYOdcOsC7gCRQhMX033-gYOoV0TNZ_GKOrIqBEVYSU0wk4ue1QZItztQAViaCGACagJBSXIhHBHL9Aa5BJW4S6sEPhuk4jUYuLpVAaul_sYNAgBjAQIMm1pWxA/ofertasv/?filter[tourOperator]=EXIM&filter%5Bperson%5D=2&filter%5BchildAge%5D%5B1%5D=20201210&filter%5Bchild%5D=1"
"Dream Lagoon & Aqua Park Resort (ex. Floriana Dream Lagoon) Egipt, Marsa Alam","7745.0","24.10.2026 - 31.10.2026","8 dni/7 nocy","","4.3","4.3","5726","tripadvisor","Warszawa","2026-09-14T05:26:42.675786+00:00","https://fly.pl/oferta/egipt-wczasy/?filter[dest]=11:&filter[hotelids]=&filter[cityids]=&filter[cregids]=&filter[ofrType]=&filter[addObjType]=&filter[whenFrom]=10-10-2026&filter[whenTo]=05-11-2026&filter[duration]=7:10&filter[from]=Warszawa%20-%20Radom,Warszawa,Warszawa%20-%20Modlin&filter[person]=2&filter[child]=1&filter[price]=0:11000&filter[PriceFrom]=0&filter[PriceTo]=11000&filter[addCategory]=50&filter[addCatering]=1&filter[addMisc]=0&filter[addTransport]=F&filter[fp]=1&order_by=ofr_price&filter[tourOperator]=0&filter[childAge][1]=20201210","https://fly.pl/cdn/photo/assets/uploads/582/278/2015/11/Future-Dream-Lagoon-ex.-Floriana-Dream-Lagoon-fly-pl.jpg","https://fly.pl/wycieczka/egipt,marsa-alam,c/floriana-dream-lagoon/puFdYssav3RD3jcCLlyWK7AAogCBBrYiyNM3YbPxv6UmQ9NKaYQYkkWuEfcVdFg92vHHIqBE9SRVgwk4ue1QZIwTxQQVi6B2ACagYwWi4yLjFyNpsBFQcXAFwDWAVWAkDKBhHfDl2kFU8kXpnYAVO8FFIAS7EvYQBM5Yw6ILP9lwkNAAISYwECDRKlXnA/ofertasv/?filter[tourOperator]=OREX&filter%5Bperson%5D=2&filter%5BchildAge%5D%5B1%5D=20201210&filter%5Bchild%5D=1"
"Xperience Sea Breeze Egipt, Sharm El Sheikh","7760.0","11.10.2026 - 18.10.2026","8 dni/7 nocy","","4.7","4.7","11506","tripadvisor","Warszawa","2026-09-14T05:26:42.675786+00:00","https://fly.pl/oferta/egipt-wczasy/?filter[dest]=11:&filter[hotelids]=&filter[cityids]=&filter[cregids]=&filter[ofrType]=&filter[addObjType]=&filter[whenFrom]=10-10-2026&filter[whenTo]=05-11-2026&filter[duration]=7:10&filter[from]=Warszawa%20-%20Radom,Warszawa,Warszawa%20-%20Modlin&filter[person]=2&filter[child]=1&filter[price]=0:11000&filter[PriceFrom]=0&filter[PriceTo]=11000&filter[addCategory]=50&filter[addCatering]=1&filter[addMisc]=0&filter[addTransport]=F&filter[fp]=1&order_by=ofr_price&filter[tourOperator]=0&filter[childAge][1]=20201210","https://fly.pl/cdn/photo/assets/uploads/582/278/2014/07/XPERIENCE-SEA-BREEZE-RESORT.jpg","https://fly.pl/wycieczka/egipt,sharm-el-sheikh,c/xperience-sea-breeze/pJ_4vPfV3sfhUaThCRcdyqAAogW4wnZNbjVKdDFGPxGhSA3wiPgYhrkVrHHSR3tH9QMnYqBEpPSVAwk4ue1QZI0DxQQViCBWACagNDR21yQpsBFAEVBhcAXANYBVYCQMoGT-IBXQARlsoBXsgwUqYgUwBLxyNhAEzljDoNpv2XCSAAAaa11LC0iMygMAINYwEAC1FKJpg/ofertasv/?filter[tourOperator]=JOIP&filter%5Bperson%5D=2&filter%5BchildAge%5D%5B1%5D=20201210&filter%5Bchild%5D=1"
"Albatros Palace Port Ghalib (ex. Red Sea The Palace) Egipt, Marsa Alam, Port Ghalib","7787.0","28.10.2026 - 04.11.2026","8 dni/7 nocy","","4.7","4.7","3738","tripadvisor","Warszawa - Modlin","2026-09-14T05:26:42.675786+00:00","https://fly.pl/oferta/egipt-wczasy/?filter[dest]=11:&filter[hotelids]=&filter[cityids]=&filter[cregids]=&filter[ofrType]=&filter[addObjType]=&filter[whenFrom]=10-10-2026&filter[whenTo]=05-11-2026&filter[duration]=7:10&filter[from]=Warszawa%20-%20Radom,Warszawa,Warszawa%20-%20Modlin&filter[person]=2&filter[child]=1&filter[price]=0:11000&filter[PriceFrom]=0&filter[PriceTo]=11000&filter[addCategory]=50&filter[addCatering]=1&filter[addMisc]=0&filter[addTransport]=F&filter[fp]=1&order_by=ofr_price&filter[tourOperator]=0&filter[childAge][1]=20201210","https://fly.pl/cdn/photo/assets/uploads/582/278/2014/09/albatros-palace.jpg","https://fly.pl/wycieczka/egipt,marsa-alam,port-ghalib/intercontinental-the-palace-port-ghalib/pfnXnZ96nYB0b5LPms8xk6AAog50fMSeXNlFZeGBB5waQXWhMX033-gYOoV0TNZ_GKOrIqBEVYSU0wk4ue1QZI6zxQAViaCGACagJBSXIhHBHN9Aa5BJO4S6sEPhvi4TUY6rpVAcu4_cYNAgBjAQIMZNZIsQ/ofertasv/?filter[tourOperator]=EXIM&filter%5Bperson%5D=2&filter%5BchildAge%5D%5B1%5D=20201210&filter%5Bchild%5D=1"
"Rewaya Luxury Resort Egipt, Hurghada","7847.0","27.10.2026 - 03.11.2026","9 dni/7 nocy","","","","","","Warszawa - Modlin","2026-09-14T05:26:42.675786+00:00","https://fly.pl/oferta/egipt-wczasy/?filter[dest]=11:&filter[hotelids]=&filter[cityids]=&filter[cregids]=&filter[ofrType]=&filter[addObjType]=&filter[whenFrom]=10-10-2026&filter[whenTo]=05-11-2026&filter[duration]=7:10&filter[from]=Warszawa%20-%20Radom,Warszawa,Warszawa%20-%20Modlin&filter[person]=2&filter[child]=1&filter[price]=0:11000&filter[PriceFrom]=0&filter[PriceTo]=11000&filter[addCategory]=50&filter[addCatering]=1&filter[addMisc]=0&filter[addTransport]=F&filter[fp]=1&order_by=ofr_price&filter[tourOperator]=0&filter[childAge][1]=20201210","https://datacfstatic.merlinx.pl/EXIM/IMG/114587/d4eb92cfe350c7a33d54f02107ec3a32db9ef7ad1d4e95c8b7b4944e33e5d7b4.webp","https://fly.pl/wycieczka/egipt,hurghada,c/rewaya-luxury-resort-9/pgv9BpHMvriXYlNLh9Y33_AAog63qvUPXD35QDIX5Dw27aK5eMXePUQkpobZ-BQI6-nbQqBEVYSU0wk4ue1QZIpz1QAViCCGACagNVQUlyIRwRm_8GqwSmqUu5BEUb655AGO_mRwGZ-N-rDQISYwECDQLBlvI/ofertasv/?filter[tourOperator]=EXIM&filter%5Bperson%5D=2&filter%5BchildAge%5D%5B1%5D=20201210&filter%5Bchild%5D=1"
"Pickalbatros Villaggio Resort Portofino Egipt, Marsa Alam","7847.0","28.10.2026 - 04.11.2026","8 dni/7 nocy","","4.9","4.9","1595","tripadvisor","Warszawa - Modlin","2026-09-14T05:26:42.675786+00:00","https://fly.pl/oferta/egipt-wczasy/?filter[dest]=11:&filter[hotelids]=&filter[cityids]=&filter[cregids]=&filter[ofrType]=&filter[addObjType]=&filter[whenFrom]=10-10-2026&filter[whenTo]=05-11-2026&filter[duration]=7:10&filter[from]=Warszawa%20-%20Radom,Warszawa,Warszawa%20-%20Modlin&filter[person]=2&filter[child]=1&filter[price]=0:11000&filter[PriceFrom]=0&filter[PriceTo]=11000&filter[addCategory]=50&filter[addCatering]=1&filter[addMisc]=0&filter[addTransport]=F&filter[fp]=1&order_by=ofr_price&filter[tourOperator]=0&filter[childAge][1]=20201210","https://fly.pl/cdn/photo/assets/uploads/582/278/2024/07/pickalbatros-villaggio-resort-portofino.jpg","https://fly.pl/wycieczka/egipt,marsa-alam,c/pickalbatros-villaggio-resort-portofino-15/p5q-5FXwGYuCCbOw0Rfi7OAAogDjbLIkFIX2XAC2k8hrbdJhMX033-gYOoV0TNZ_GKOrIqBEVYSU0wk4ue1QZIpz1QAViaCGACagJBSXIhHBHP_ga5BJGuS6sEPhvagzwYmJlPAZ6L_8YNAgBjAQIMVrAaXA/ofertasv/?filter[tourOperator]=EXIM&filter%5Bperson%5D=2&filter%5BchildAge%5D%5B1%5D=20201210&filter%5Bchild%5D=1"
"Siva Golden Bay Makadi Egipt, Hurghada, Makadi Bay","7897.0","29.10.2026 - 05.11.2026","8 dni/7 nocy","","4.6","4.6","856","tripadvisor","Warszawa","2026-09-14T05:26:42.675786+00:00","https://fly.pl/oferta/egipt-wczasy/?filter[dest]=11:&filter[hotelids]=&filter[cityids]=&filter[cregids]=&filter[ofrType]=&filter[addObjType]=&filter[whenFrom]=10-10-2026&filter[whenTo]=05-11-2026&filter[duration]=7:10&filter[from]=Warszawa%20-%20Radom,Warszawa,Warszawa%20-%20Modlin&filter[person]=2&filter[child]=1&filter[price]=0:11000&filter[PriceFrom]=0&filter[PriceTo]=11000&filter[addCategory]=50&filter[addCatering]=1&filter[addMisc]=0&filter[addTransport]=F&filter[fp]=1&order_by=ofr_price&filter[tourOperator]=0&filter[childAge][1]=20201210","https://fly.pl/cdn/photo/assets/uploads/582/278/2024/07/siva-golden-bay-makadi.jpg","https://fly.pl/wycieczka/egipt,hurghada,makadi-bay/siva-golden-bay-makadi-10/pPBoiqg_nsctS3ewmCJ0XDAAogvYZc9skrvUbI-9IjIzLN32Sr15Jod7NI_ZeeP2cCHt0qBEVYSU0wk4ue1QZI2T1QAViyCGACagJBSXIjHBHGuwa5BOT_PasEvYoKG8zaJRiWpWcBqaaQsw0CAGMBAgfrnH__/ofertasv/?filter[tourOperator]=EXIM&filter%5Bperson%5D=2&filter%5BchildAge%5D%5B1%5D=20201210&filter%5Bchild%5D=1"
"Pickalbatros Vita Resort Portofino Egipt, Marsa Alam","8007.0","28.10.2026 - 04.11.2026","8 dni/7 nocy","","4.9","4.9","752","tripadvisor","Warszawa - Modlin","2026-09-14T05:26:42.675786+00:00","https://fly.pl/oferta/egipt-wczasy/?filter[dest]=11:&filter[hotelids]=&filter[cityids]=&filter[cregids]=&filter[ofrType]=&filter[addObjType]=&filter[whenFrom]=10-10-2026&filter[whenTo]=05-11-2026&filter[duration]=7:10&filter[from]=Warszawa%20-%20Radom,Warszawa,Warszawa%20-%20Modlin&filter[person]=2&filter[child]=1&filter[price]=0:11000&filter[PriceFrom]=0&filter[PriceTo]=11000&filter[addCategory]=50&filter[addCatering]=1&filter[addMisc]=0&filter[addTransport]=F&filter[fp]=1&order_by=ofr_price&filter[tourOperator]=0&filter[childAge][1]=20201210","https://fly.pl/cdn/photo/assets/uploads/582/278/2024/07/pickalbatros-vita-resort-portofino.jpg","https://fly.pl/wycieczka/egipt,marsa-alam,c/pickalbatros-vita-resort-portofino-11/pBBEo-NrzD-QfxE3bX1Wu8AAogII6AS2JjTxk3fFCJiTzKORMX033-gYOoV0TNZ_GKOrIqBEVYSU0wk4ue1QZIxz5QAViaCGACagJBSXIhHBHU2Qa5BIzTS6sEPhvE5DUYxLhVAarq_8YNAgBjAQIM_SF4WQ/ofertasv/?filter[tourOperator]=EXIM&filter%5Bperson%5D=2&filter%5BchildAge%5D%5B1%5D=20201210&filter%5Bchild%5D=1"
"Regency Plaza Aqua Park Spa Egipt, Sharm El Sheikh, Szarm el-Szejk","8030.0","27.10.2026 - 03.11.2026","8 dni/7 nocy","","4.1","4.1","6204","tripadvisor","Warszawa - Modlin","2026-09-14T05:26:42.675786+00:00","https://fly.pl/oferta/egipt-wczasy/?filter[dest]=11:&filter[hotelids]=&filter[cityids]=&filter[cregids]=&filter[ofrType]=&filter[addObjType]=&filter[whenFrom]=10-10-2026&filter[whenTo]=05-11-2026&filter[duration]=7:10&filter[from]=Warszawa%20-%20Radom,Warszawa,Warszawa%20-%20Modlin&filter[person]=2&filter[child]=1&filter[price]=0:11000&filter[PriceFrom]=0&filter[PriceTo]=11000&filter[addCategory]=50&filter[addCatering]=1&filter[addMisc]=0&filter[addTransport]=F&filter[fp]=1&order_by=ofr_price&filter[tourOperator]=0&filter[childAge][1]=20201210","https://fly.pl/cdn/photo/assets/uploads/582/278/2014/07/Regency-Plaza-Aqua-Park-Spa-fly-pl.jpg","https://fly.pl/wycieczka/egipt,sharm-el-sheikh,szarm-el-szejk/regency-plaza/pRVHNfNI3wgk6rv_SGe9NaAAogiymMGaFNxGbPBVfsVLtZvZgpXVUQjygZk0IwIA3_YjEqBE9BU0kwk4ue1QZI3j5QAViCCGACagNBSWxyIRwRxq8BuQT-9g-rBAIbivsOGIrJEQHW8u-ZAgIAYwECDSCqSgY/ofertasv/?filter[tourOperator]=OASI&filter%5Bperson%5D=2&filter%5BchildAge%5D%5B1%5D=20201210&filter%5Bchild%5D=1"
"Royal Brayka Beach Resort (ex Zee Brayka) Egipt, Marsa Alam","8157.0","16.10.2026 - 23.10.2026","8 dni/7 nocy","","4.4","4.4","2525","tripadvisor","Warszawa","2026-09-14T05:26:42.675786+00:00","https://fly.pl/oferta/egipt-wczasy/?filter[dest]=11:&filter[hotelids]=&filter[cityids]=&filter[cregids]=&filter[ofrType]=&filter[addObjType]=&filter[whenFrom]=10-10-2026&filter[whenTo]=05-11-2026&filter[duration]=7:10&filter[from]=Warszawa%20-%20Radom,Warszawa,Warszawa%20-%20Modlin&filter[person]=2&filter[child]=1&filter[price]=0:11000&filter[PriceFrom]=0&filter[PriceTo]=11000&filter[addCategory]=50&filter[addCatering]=1&filter[addMisc]=0&filter[addTransport]=F&filter[fp]=1&order_by=ofr_price&filter[tourOperator]=0&filter[childAge][1]=20201210","https://fly.pl/cdn/photo/assets/uploads/582/278/2014/07/Royal-Brayka-Resort.jpg","https://fly.pl/wycieczka/egipt,marsa-alam,c/royal-brayka-resort/pnRZU4Wv2Jt8fi7Vl3ClG_AAogH3cAvD8HjlAXU_BFpm7OtxmvUzSY9g6oqKJ6OAWZgFkqBFZJVFgwk4ue1QZI3T9QQVj6BWACckAaABUHFwBcA1gFQI8DW7-DAV6-fFK8FFMAS7EvYQBM77Q5DaHVmAkgAFH6ir_23wFPlJANXZz4r_klAg5jAQINW5xM_g/ofertasv/?filter[tourOperator]=VITX&filter%5Bperson%5D=2&filter%5BchildAge%5D%5B1%5D=20201210&filter%5Bchild%5D=1"
"Casa Mare Resort (ex. Royal Tulip Beach Resort) Egipt, Marsa Alam","8157.0","17.10.2026 - 24.10.2026","8 dni/7 nocy","","4.7","4.7","4700","tripadvisor","Warszawa","2026-09-14T05:26:42.675786+00:00","https://fly.pl/oferta/egipt-wczasy/?filter[dest]=11:&filter[hotelids]=&filter[cityids]=&filter[cregids]=&filter[ofrType]=&filter[addObjType]=&filter[whenFrom]=10-10-2026&filter[whenTo]=05-11-2026&filter[duration]=7:10&filter[from]=Warszawa%20-%20Radom,Warszawa,Warszawa%20-%20Modlin&filter[person]=2&filter[child]=1&filter[price]=0:11000&filter[PriceFrom]=0&filter[PriceTo]=11000&filter[addCategory]=50&filter[addCatering]=1&filter[addMisc]=0&filter[addTransport]=F&filter[fp]=1&order_by=ofr_price&filter[tourOperator]=0&filter[childAge][1]=20201210","https://fly.pl/cdn/photo/assets/uploads/582/278/2015/12/Casa-Mare-Resort.jpg","https://fly.pl/wycieczka/egipt,marsa-alam,c/royal-tulip-beach-resort/pkVoxXJZ2sIJzSwap6pah-AAogXYTSs6V_oQ3tBXGsIBeJmXh-I1XoPovNz2vNI1J-_sYqBFZJVFgwk4ue1QZI3T9QQViSBmACckAaABUHFwBcA1gFQI8DW5eFAV7melK8FFMAS7EvYQBMj7U5DYLVmAkgAFGWncX23wFP8v0GXZz4r_klAg5jAQINBgiIBQ/ofertasv/?filter[tourOperator]=VITX&filter%5Bperson%5D=2&filter%5BchildAge%5D%5B1%5D=20201210&filter%5Bchild%5D=1"
"IL Mercato (ex. Iberotel Il Mercato) Egipt, Sharm El Sheikh","8186.0","10.10.2026 - 17.10.2026","8 dni/7 nocy","","4.4","4.4","2265","tripadvisor","Warszawa","2026-09-14T05:26:42.675786+00:00","https://fly.pl/oferta/egipt-wczasy/?filter[dest]=11:&filter[hotelids]=&filter[cityids]=&filter[cregids]=&filter[ofrType]=&filter[addObjType]=&filter[whenFrom]=10-10-2026&filter[whenTo]=05-11-2026&filter[duration]=7:10&filter[from]=Warszawa%20-%20Radom,Warszawa,Warszawa%20-%20Modlin&filter[person]=2&filter[child]=1&filter[price]=0:11000&filter[PriceFrom]=0&filter[PriceTo]=11000&filter[addCategory]=50&filter[addCatering]=1&filter[addMisc]=0&filter[addTransport]=F&filter[fp]=1&order_by=ofr_price&filter[tourOperator]=0&filter[childAge][1]=20201210","https://fly.pl/cdn/photo/assets/uploads/582/278/2014/07/Il-Mercato-Hotel-Spa-Sharm-El-Sheikh.jpg","https://fly.pl/wycieczka/egipt,sharm-el-sheikh,c/iberotel-il-mercato/p8LVrn7x5AKSfbdJP878juAAogodlmymwqAIFg5uXGFqZaLwAAAACZhAQAtoQEAAcAEgAqBFdFWlkwk4ue1QZI-j9QQVjqBGADaglFbnRlciBBaXJqBDA4MDByQp4BlQEfAAIBHAAWBBcCEu0DGIUFE80BFMkEEecQQKthTKCiAU8AS8cjUAAbnDEd9ZAPIB0N3MfCCQESYwEMYwECBe4trFs/ofertasv/?filter[tourOperator]=WEZY&filter%5Bperson%5D=2&filter%5BchildAge%5D%5B1%5D=20201210&filter%5Bchild%5D=1"
"Sea Star Beau Rivage Egipt, Hurghada","8190.0","22.10.2026 - 29.10.2026","8 dni/7 nocy","","4.5","4.5","4299","tripadvisor","Warszawa - Radom","2026-09-14T05:26:42.675786+00:00","https://fly.pl/oferta/egipt-wczasy/?filter[dest]=11:&filter[hotelids]=&filter[cityids]=&filter[cregids]=&filter[ofrType]=&filter[addObjType]=&filter[whenFrom]=10-10-2026&filter[whenTo]=05-11-2026&filter[duration]=7:10&filter[from]=Warszawa%20-%20Radom,Warszawa,Warszawa%20-%20Modlin&filter[person]=2&filter[child]=1&filter[price]=0:11000&filter[PriceFrom]=0&filter[PriceTo]=11000&filter[addCategory]=50&filter[addCatering]=1&filter[addMisc]=0&filter[addTransport]=F&filter[fp]=1&order_by=ofr_price&filter[tourOperator]=0&filter[childAge][1]=20201210","https://fly.pl/cdn/photo/assets/uploads/582/278/2014/07/Sea-Star-Beau-Rivage-fly-pl.jpg","https://fly.pl/wycieczka/egipt,hurghada,c/sea-star-beau-rivage/pDO6zq4Pv8lKwxFVXfmU2fAAog4SIbuMpJxTiLAp233F5RVSWlkVtJMYzcX-uCortsPpUqBE9SRVgwk4ue1QZI_j9QQViKB2ACagdCTEYuMi4xcjWbARUHFwBcA1gFVgIR_wVAS13TDk9sU9KdAVIAXq9PS4ESYQBM0b46ILH9lwkNAAISYwECCwT9qpI/ofertasv/?filter[tourOperator]=OREX&filter%5Bperson%5D=2&filter%5BchildAge%5D%5B1%5D=20201210&filter%5Bchild%5D=1"
"Xperience Kiroseiz Premier Egipt, Sharm El Sheikh","8222.0","27.10.2026 - 03.11.2026","8 dni/7 nocy","","4.5","4.5","993","tripadvisor","Warszawa - Modlin","2026-09-14T05:26:42.675786+00:00","https://fly.pl/oferta/egipt-wczasy/?filter[dest]=11:&filter[hotelids]=&filter[cityids]=&filter[cregids]=&filter[ofrType]=&filter[addObjType]=&filter[whenFrom]=10-10-2026&filter[whenTo]=05-11-2026&filter[duration]=7:10&filter[from]=Warszawa%20-%20Radom,Warszawa,Warszawa%20-%20Modlin&filter[person]=2&filter[child]=1&filter[price]=0:11000&filter[PriceFrom]=0&filter[PriceTo]=11000&filter[addCategory]=50&filter[addCatering]=1&filter[addMisc]=0&filter[addTransport]=F&filter[fp]=1&order_by=ofr_price&filter[tourOperator]=0&filter[childAge][1]=20201210","https://fly.pl/cdn/photo/assets/uploads/582/278/2015/11/Xperience-Kiroseiz-Premier-fly-pl-3.jpg","https://fly.pl/wycieczka/egipt,sharm-el-sheikh,c/xperience-kiroseiz-premier/pqoygGGPkvAcNOMHzffp5oAAogZccAmW-kac37qcRcT2zajZgpXVUQjygZk0IwIA3_YjEqBE9BU0kwk4ue1QZInkBQAViCCGACagNBSWxyIRwR-a8BuQTL9g-rBAIb7sgMGJ2AFAGelOuZAgIAYwECCzIoa3U/ofertasv/?filter[tourOperator]=OASI&filter%5Bperson%5D=2&filter%5BchildAge%5D%5B1%5D=20201210&filter%5Bchild%5D=1"
"Royal Lagoons Aqua (ex. Premium Blue) Egipt, Hurghada","8288.0","20.10.2026 - 27.10.2026","8 dni/7 nocy","","4.2","4.2","4340","tripadvisor","Warszawa","2026-09-14T05:26:42.675786+00:00","https://fly.pl/oferta/egipt-wczasy/?filter[dest]=11:&filter[hotelids]=&filter[cityids]=&filter[cregids]=&filter[ofrType]=&filter[addObjType]=&filter[whenFrom]=10-10-2026&filter[whenTo]=05-11-2026&filter[duration]=7:10&filter[from]=Warszawa%20-%20Radom,Warszawa,Warszawa%20-%20Modlin&filter[person]=2&filter[child]=1&filter[price]=0:11000&filter[PriceFrom]=0&filter[PriceTo]=11000&filter[addCategory]=50&filter[addCatering]=1&filter[addMisc]=0&filter[addTransport]=F&filter[fp]=1&order_by=ofr_price&filter[tourOperator]=0&filter[childAge][1]=20201210","https://fly.pl/cdn/photo/assets/uploads/582/278/2014/10/Royal-Lagoons-Aqua.jpg","https://fly.pl/wycieczka/egipt,hurghada,c/premium-blue-lagoon-ex-pyramisa-blue-lagoon/pZwG5s4vQvgY4UeWeHSBd0AAogXQm6dIn9pJCZEMZsa_oEpQ6xPSSx01l8-VY8g4i8578qBEpPSVAwk4ue1QZI4EBQQVjaBmACckMUARUGFwBcA1gFVgJAygZP4gFdAFvyAlO9qAFSAF6vTxGHMkvmEWEATOWMOiCv_ZcJDQABt7HYmMWGzKAwAg5jAQAN7_dWeQ/ofertasv/?filter[tourOperator]=JOIP&filter%5Bperson%5D=2&filter%5BchildAge%5D%5B1%5D=20201210&filter%5Bchild%5D=1"
"Amwaj Oyoun Resort & Spa (ex AA Amwaj Resort) Egipt, Sharm El Sheikh","8321.0","29.10.2026 - 05.11.2026","8 dni/7 nocy","","4.0","4.0","5324","tripadvisor","Warszawa - Modlin","2026-09-14T05:26:42.675786+00:00","https://fly.pl/oferta/egipt-wczasy/?filter[dest]=11:&filter[hotelids]=&filter[cityids]=&filter[cregids]=&filter[ofrType]=&filter[addObjType]=&filter[whenFrom]=10-10-2026&filter[whenTo]=05-11-2026&filter[duration]=7:10&filter[from]=Warszawa%20-%20Radom,Warszawa,Warszawa%20-%20Modlin&filter[person]=2&filter[child]=1&filter[price]=0:11000&filter[PriceFrom]=0&filter[PriceTo]=11000&filter[addCategory]=50&filter[addCatering]=1&filter[addMisc]=0&filter[addTransport]=F&filter[fp]=1&order_by=ofr_price&filter[tourOperator]=0&filter[childAge][1]=20201210","https://fly.pl/cdn/photo/assets/uploads/582/278/2014/07/Amwaj-Oyoun-Resort-Spa-ex-AA-Amwaj-Resort-fly-pl.jpg","https://fly.pl/wycieczka/egipt,sharm-el-sheikh,c/amwaj-oyoun-resort-ex-aa-amwaj-resort/pTMtIujKdM2lMmHzDbwz2KAAogDJgEYhYumh69GfIR9sGmiRstrgoMttrZgZAvN8rfQ44qBEtPTVQwk4ue1QZIgUFQAViyCGACagJBSXIfHBG0G7kEtOIBqwQDGI2lBBufqyQB-rrWHgIAYwECBbrMm9Q/ofertasv/?filter[tourOperator]=KOMT&filter%5Bperson%5D=2&filter%5BchildAge%5D%5B1%5D=20201210&filter%5Bchild%5D=1"
"Stella Di Mare Beach Resort & Spa (ex. Stella Makadi Resort) Egipt, Hurghada, Makadi Bay","8330.0","22.10.2026 - 29.10.2026","8 dni/7 nocy","","4.4","4.4","6861","tripadvisor","Warszawa - Radom","2026-09-14T05:26:42.675786+00:00","https://fly.pl/oferta/egipt-wczasy/?filter[dest]=11:&filter[hotelids]=&filter[cityids]=&filter[cregids]=&filter[ofrType]=&filter[addObjType]=&filter[whenFrom]=10-10-2026&filter[whenTo]=05-11-2026&filter[duration]=7:10&filter[from]=Warszawa%20-%20Radom,Warszawa,Warszawa%20-%20Modlin&filter[person]=2&filter[child]=1&filter[price]=0:11000&filter[PriceFrom]=0&filter[PriceTo]=11000&filter[addCategory]=50&filter[addCatering]=1&filter[addMisc]=0&filter[addTransport]=F&filter[fp]=1&order_by=ofr_price&filter[tourOperator]=0&filter[childAge][1]=20201210","https://fly.pl/cdn/photo/assets/uploads/582/278/2014/10/Stella-Di-Mare-Beach-Resort-Spa.jpg","https://fly.pl/wycieczka/egipt,hurghada,makadi-bay/stella-makadi-resort/pJCZ9hhHb5zmvrYJxLbJCeAAogMDbk_oDGd8Db9tB2h09UWCWlkVtJMYzcX-uCortsPpUqBE9SRVgwk4ue1QZIikFQQViKB2ACagZaSS4yLjFyNZsBFQcXAFgIVgJcCEDCBhGbDl04T2xT0p0BUgBer09LgRJhAEzRvjogsf2XCQ0AAhJjAQIN3bmbWQ/ofertasv/?filter[tourOperator]=OREX&filter%5Bperson%5D=2&filter%5BchildAge%5D%5B1%5D=20201210&filter%5Bchild%5D=1"
"Calimera Blend Paradise Egipt, Hurghada","8339.0","29.10.2026 - 05.11.2026","8 dni/7 nocy","","4.2","4.2","2349","tripadvisor","Warszawa","2026-09-14T05:26:42.675786+00:00","https://fly.pl/oferta/egipt-wczasy/?filter[dest]=11:&filter[hotelids]=&filter[cityids]=&filter[cregids]=&filter[ofrType]=&filter[addObjType]=&filter[whenFrom]=10-10-2026&filter[whenTo]=05-11-2026&filter[duration]=7:10&filter[from]=Warszawa%20-%20Radom,Warszawa,Warszawa%20-%20Modlin&filter[person]=2&filter[child]=1&filter[price]=0:11000&filter[PriceFrom]=0&filter[PriceTo]=11000&filter[addCategory]=50&filter[addCatering]=1&filter[addMisc]=0&filter[addTransport]=F&filter[fp]=1&order_by=ofr_price&filter[tourOperator]=0&filter[childAge][1]=20201210","https://fly.pl/cdn/photo/assets/uploads/582/278/2022/08/Calimera-Blend-Paradise.jpg","https://fly.pl/wycieczka/egipt,hurghada,c/calimera-blend-paradise-12/p7kUiY8ZgYlGx1DhggF_h2AAogK7r8cK-0x3HM01EJDq6GGxLqCxxQb8S86Hh0k4aD-ioqBE9SRVgwk4ue1QZIk0FQQViyCGACagZENi4yLjFyNpsBFQcXAFwDWAVWAkDKBl2bD08kEbwKU5aTAVIAXq9PS-1DYQBM5Yw6ILj9lwkNAAISYwECDN3L9aM/ofertasv/?filter[tourOperator]=OREX&filter%5Bperson%5D=2&filter%5BchildAge%5D%5B1%5D=20201210&filter%5Bchild%5D=1"
"Sol Y Mar Naama Bay Egipt, Sharm El Sheikh","8449.0","24.10.2026 - 31.10.2026","8 dni/7 nocy","","4.7","4.7","4829","tripadvisor","Warszawa","2026-09-14T05:26:42.675786+00:00","https://fly.pl/oferta/egipt-wczasy/?filter[dest]=11:&filter[hotelids]=&filter[cityids]=&filter[cregids]=&filter[ofrType]=&filter[addObjType]=&filter[whenFrom]=10-10-2026&filter[whenTo]=05-11-2026&filter[duration]=7:10&filter[from]=Warszawa%20-%20Radom,Warszawa,Warszawa%20-%20Modlin&filter[person]=2&filter[child]=1&filter[price]=0:11000&filter[PriceFrom]=0&filter[PriceTo]=11000&filter[addCategory]=50&filter[addCatering]=1&filter[addMisc]=0&filter[addTransport]=F&filter[fp]=1&order_by=ofr_price&filter[tourOperator]=0&filter[childAge][1]=20201210","https://fly.pl/cdn/photo/assets/uploads/582/278/2014/10/Sol-Y-Mar-Naama-Bay.jpg","https://fly.pl/wycieczka/egipt,sharm-el-sheikh,c/sol-y-mar-naama-bay/ppehNEiF5APc40nILwmborAAoggym6YnPjYGJ5zhspmCUMOgAAAACbhAQAuIQEAAcAEgAqBFdFWlkwk4ue1QZIgUJQQVi6B2ADaglFbnRlciBBaXJqBDA4MDByQ54BlQEfAAIBHAAWBBcCEu0DGKEEE7ECFMkEEbgPQNpiTKCiAU8AS8cjUAAb3_QJHbTNBSAdDejHwgkBEmMBDWMBAwVZ-ebt/ofertasv/?filter[tourOperator]=WEZY&filter%5Bperson%5D=2&filter%5BchildAge%5D%5B1%5D=20201210&filter%5Bchild%5D=1"
"Creek Hotel & Residences Egipt, Hurghada, Al-Dżuna","8451.0","22.10.2026 - 29.10.2026","8 dni/7 nocy","","4.8","4.8","219","tripadvisor","Warszawa - Radom","2026-09-14T05:26:42.675786+00:00","https://fly.pl/oferta/egipt-wczasy/?filter[dest]=11:&filter[hotelids]=&filter[cityids]=&filter[cregids]=&filter[ofrType]=&filter[addObjType]=&filter[whenFrom]=10-10-2026&filter[whenTo]=05-11-2026&filter[duration]=7:10&filter[from]=Warszawa%20-%20Radom,Warszawa,Warszawa%20-%20Modlin&filter[person]=2&filter[child]=1&filter[price]=0:11000&filter[PriceFrom]=0&filter[PriceTo]=11000&filter[addCategory]=50&filter[addCatering]=1&filter[addMisc]=0&filter[addTransport]=F&filter[fp]=1&order_by=ofr_price&filter[tourOperator]=0&filter[childAge][1]=20201210","https://fly.pl/cdn/photo/assets/uploads/582/278/2024/07/creek-hotel-residences.jpg","https://fly.pl/wycieczka/egipt,hurghada,al-dzuna/creek-hotel-residences-9/pvb3vhLAH8oI7Ije7nGn0YAAogQIxuNaKCn6l5hB_Z_qyL-yWlkVtJMYzcX-uCortsPpUqBE9SRVgwk4ue1QZIg0JQQViKB2ACagdNMkUuMi4xcjabARUHFwBcA1gFVgJAygZd0w5PbBGCB1PQlgFSAF6vT0uBEmEATNG-OiCx_ZcJDQACEmMBAgsHy7fk/ofertasv/?filter[tourOperator]=OREX&filter%5Bperson%5D=2&filter%5BchildAge%5D%5B1%5D=20201210&filter%5Bchild%5D=1"
"Xperience Kiroseiz Parkland","8456.0","27.10.2026 - 03.11.2026","8 dni/7 nocy","","4.5","4.5","3121","tripadvisor","Warszawa - Modlin","2026-09-14T05:26:42.675786+00:00","https://fly.pl/oferta/egipt-wczasy/?filter[dest]=11:&filter[hotelids]=&filter[cityids]=&filter[cregids]=&filter[ofrType]=&filter[addObjType]=&filter[whenFrom]=10-10-2026&filter[whenTo]=05-11-2026&filter[duration]=7:10&filter[from]=Warszawa%20-%20Radom,Warszawa,Warszawa%20-%20Modlin&filter[person]=2&filter[child]=1&filter[price]=0:11000&filter[PriceFrom]=0&filter[PriceTo]=11000&filter[addCategory]=50&filter[addCatering]=1&filter[addMisc]=0&filter[addTransport]=F&filter[fp]=1&order_by=ofr_price&filter[tourOperator]=0&filter[childAge][1]=20201210","https://fly.pl/cdn/photo/assets/uploads/582/278/2014/06/Xperience-Kiroseiz-Parkland-fly-pl.jpg","https://fly.pl/wycieczka/egipt,sharm-el-sheikh,c/xperience-kiroseiz-parkland/pc22JEYhHmOd6fT6sJBQCYAAogwuypK9Kb_RVsm8b9efq8fpgpXVUQjygZk0IwIA3_YjEqBE9BU0kwl4ue1QZIiEJQAViCCGACagNBSWxyIRwR9a8BuQTP9g-rBAIbrsgMGNCAFAGdwe-ZAgIAYwECC3dB3sY/ofertasv/?filter[tourOperator]=OASI&filter%5Bperson%5D=2&filter%5BchildAge%5D%5B1%5D=20201210&filter%5Bchild%5D=1"
"Rewaya Inn Resort (ex. Hawaii Paradise Aqua Park Resort)","8465.0","20.10.2026 - 27.10.2026","8 dni/7 nocy","","3.4","3.4","441","tripadvisor","Warszawa","2026-09-14T05:26:42.675786+00:00","https://fly.pl/oferta/egipt-wczasy/?filter[dest]=11:&filter[hotelids]=&filter[cityids]=&filter[cregids]=&filter[ofrType]=&filter[addObjType]=&filter[whenFrom]=10-10-2026&filter[whenTo]=05-11-2026&filter[duration]=7:10&filter[from]=Warszawa%20-%20Radom,Warszawa,Warszawa%20-%20Modlin&filter[person]=2&filter[child]=1&filter[price]=0:11000&filter[PriceFrom]=0&filter[PriceTo]=11000&filter[addCategory]=50&filter[addCatering]=1&filter[addMisc]=0&filter[addTransport]=F&filter[fp]=1&order_by=ofr_price&filter[tourOperator]=0&filter[childAge][1]=20201210","https://fly.pl/cdn/photo/assets/uploads/582/278/2020/09/Hawaii-Paradise-Aqua-Park-Resort.jpg","https://fly.pl/wycieczka/egipt,hurghada,c/hawaii-paradise-aqua-park-resort-14/p3YYrE6dcNs2WoK5nCPk-iAAogUUH-4BoGB7c6_W7xMZOleg6xPSSx01l8-VY8g4i8578qBEpPSVAwl4ue1QZIkUJQQVjaBmACagNDR21yQ5sBFAEVBhcAXANYBVYCQMoGT-IBXQBSr6sBUwBer09L7UNhABHEiwFMoYE5Da_9lwkgAAGplbSAxYbMoDACDmMBAA2t4rjW/ofertasv/?filter[tourOperator]=JOIP&filter%5Bperson%5D=2&filter%5BchildAge%5D%5B1%5D=20201210&filter%5Bchild%5D=1"
"Lazuli (Marsa Alam)","8557.0","17.10.2026 - 24.10.2026","8 dni/7 nocy","","4.7","4.7","1087","tripadvisor","Warszawa","2026-09-14T05:26:42.675786+00:00","https://fly.pl/oferta/egipt-wczasy/?filter[dest]=11:&filter[hotelids]=&filter[cityids]=&filter[cregids]=&filter[ofrType]=&filter[addObjType]=&filter[whenFrom]=10-10-2026&filter[whenTo]=05-11-2026&filter[duration]=7:10&filter[from]=Warszawa%20-%20Radom,Warszawa,Warszawa%20-%20Modlin&filter[person]=2&filter[child]=1&filter[price]=0:11000&filter[PriceFrom]=0&filter[PriceTo]=11000&filter[addCategory]=50&filter[addCatering]=1&filter[addMisc]=0&filter[addTransport]=F&filter[fp]=1&order_by=ofr_price&filter[tourOperator]=0&filter[childAge][1]=20201210","https://fly.pl/cdn/photo/assets/uploads/582/278/2021/06/Lazuli1.jpg","https://fly.pl/wycieczka/egipt,marsa-alam,al-kusajr/lazuli-13/pfT5a5_2TLJicEbLhwExcmAAogU5l0djRN-vUClomyzYN1dbYgG8a7TC_8_ZeCWwj2CscqBFZJVFgwl4ue1QZI7UJQQViSBmACckAaABUHFwBcA1gFQI8DW7-DAV6-fFK8FFMAS7EvYQBMj7U5DYLVmAkgAFHR8qz23wFPuqgfXZz4r_klAg1jAQIM3ImQaA/ofertasv/?filter[tourOperator]=VITX&filter%5Bperson%5D=2&filter%5BchildAge%5D%5B1%5D=20201210&filter%5Bchild%5D=1"
"Serenity Alma Heights (ex. Serenity Fun City)","8586.0","22.10.2026 - 29.10.2026","8 dni/7 nocy","","4.7","4.7","5517","tripadvisor","Warszawa - Radom","2026-09-14T05:26:42.675786+00:00","https://fly.pl/oferta/egipt-wczasy/?filter[dest]=11:&filter[hotelids]=&filter[cityids]=&filter[cregids]=&filter[ofrType]=&filter[addObjType]=&filter[whenFrom]=10-10-2026&filter[whenTo]=05-11-2026&filter[duration]=7:10&filter[from]=Warszawa%20-%20Radom,Warszawa,Warszawa%20-%20Modlin&filter[person]=2&filter[child]=1&filter[price]=0:11000&filter[PriceFrom]=0&filter[PriceTo]=11000&filter[addCategory]=50&filter[addCatering]=1&filter[addMisc]=0&filter[addTransport]=F&filter[fp]=1&order_by=ofr_price&filter[tourOperator]=0&filter[childAge][1]=20201210","https://fly.pl/cdn/photo/assets/uploads/582/278/2014/09/Serenity-Alma-Heights.jpg","https://fly.pl/wycieczka/egipt,hurghada,makadi-bay/serenity-fun-city/pMcNUWhClNf1XStQOlHV45AAogkv4rQTbswpKD4g-FYe-hIyWlkVtJMYzcX-uCortsPpUqBE9SRVgwl4ue1QZIikNQQViKB2ACagZFQy4yLjFyNZsBFQcXAFgIVgJcCBFEQP4FXdMOT2xT0p0BUgBer09LgRJhAEzRvjogsf2XCQ0AAhJjAQIMGtE4Gg/ofertasv/?filter[tourOperator]=OREX&filter%5Bperson%5D=2&filter%5BchildAge%5D%5B1%5D=20201210&filter%5Bchild%5D=1"
"Marriott Hurghada Beach Resort","8609.0","29.10.2026 - 05.11.2026","8 dni/7 nocy","","4.6","4.6","4884","tripadvisor","Warszawa","2026-09-14T05:26:42.675786+00:00","https://fly.pl/oferta/egipt-wczasy/?filter[dest]=11:&filter[hotelids]=&filter[cityids]=&filter[cregids]=&filter[ofrType]=&filter[addObjType]=&filter[whenFrom]=10-10-2026&filter[whenTo]=05-11-2026&filter[duration]=7:10&filter[from]=Warszawa%20-%20Radom,Warszawa,Warszawa%20-%20Modlin&filter[person]=2&filter[child]=1&filter[price]=0:11000&filter[PriceFrom]=0&filter[PriceTo]=11000&filter[addCategory]=50&filter[addCatering]=1&filter[addMisc]=0&filter[addTransport]=F&filter[fp]=1&order_by=ofr_price&filter[tourOperator]=0&filter[childAge][1]=20201210","https://fly.pl/cdn/photo/assets/uploads/582/278/2014/09/Marriott-Hurghada-Beach-Resort.jpg","https://fly.pl/wycieczka/egipt,hurghada,c/marriott-hurghada-beach-resort/p4xsCpMROWfG-ohLrUP6GrAAog6kywR9Ce7y5qxa-lj4mlJBLqCxxQb8S86Hh0k4aD-ioqBE9SRVgwl4ue1QZIoUNQQViyCGACagZEUS4yLjFyNZsBFQcXAFwDWAVWAhFZQPEFXZsPTyRT0p0BUgBer09L7UNhAEzljDoguP2XCQ0AAhJjAQILu_Fz6g/ofertasv/?filter[tourOperator]=OREX&filter%5Bperson%5D=2&filter%5BchildAge%5D%5B1%5D=20201210&filter%5Bchild%5D=1"
"Retac Qunay Dahab Resort & Spa","8610.0","24.10.2026 - 31.10.2026","8 dni/7 nocy","","4.3","4.3","1707","tripadvisor","Warszawa","2026-09-14T05:26:42.675786+00:00","https://fly.pl/oferta/egipt-wczasy/?filter[dest]=11:&filter[hotelids]=&filter[cityids]=&filter[cregids]=&filter[ofrType]=&filter[addObjType]=&filter[whenFrom]=10-10-2026&filter[whenTo]=05-11-2026&filter[duration]=7:10&filter[from]=Warszawa%20-%20Radom,Warszawa,Warszawa%20-%20Modlin&filter[person]=2&filter[child]=1&filter[price]=0:11000&filter[PriceFrom]=0&filter[PriceTo]=11000&filter[addCategory]=50&filter[addCatering]=1&filter[addMisc]=0&filter[addTransport]=F&filter[fp]=1&order_by=ofr_price&filter[tourOperator]=0&filter[childAge][1]=20201210","https://fly.pl/cdn/photo/assets/uploads/582/278/2014/09/Retac-Qunay-Dahab.jpg","https://fly.pl/wycieczka/egipt,dahab,c/le-meridien-dahab-bay/p208Aj0e95Jw0KWIRMtcAyAAogHcIWaDfDspUiOI4j4uSOEgAAAACbhAQAuIQEAAcAEgAqBFdFWlkwl4ue1QZIokNQQVi6B2ADaglFbnRlciBBaXJqBDA4MDByQ54BlQEfAAIBHAAWBBcCEu0DGKEEE7ECFMkEEfw3QJY6TKCiAU8AS8cjUAAb1OICHb_fDCAdDejHwgkBEmMBDGMBAgVmN8BA/ofertasv/?filter[tourOperator]=WEZY&filter%5Bperson%5D=2&filter%5BchildAge%5D%5B1%5D=20201210&filter%5Bchild%5D=1"
"Jaz Palmariva Beach","8631.0","22.10.2026 - 29.10.2026","8 dni/7 nocy","","4.6","4.6","4080","tripadvisor","Warszawa - Radom","2026-09-14T05:26:42.675786+00:00","https://fly.pl/oferta/egipt-wczasy/?filter[dest]=11:&filter[hotelids]=&filter[cityids]=&filter[cregids]=&filter[ofrType]=&filter[addObjType]=&filter[whenFrom]=10-10-2026&filter[whenTo]=05-11-2026&filter[duration]=7:10&filter[from]=Warszawa%20-%20Radom,Warszawa,Warszawa%20-%20Modlin&filter[person]=2&filter[child]=1&filter[price]=0:11000&filter[PriceFrom]=0&filter[PriceTo]=11000&filter[addCategory]=50&filter[addCatering]=1&filter[addMisc]=0&filter[addTransport]=F&filter[fp]=1&order_by=ofr_price&filter[tourOperator]=0&filter[childAge][1]=20201210","https://fly.pl/cdn/photo/assets/uploads/582/278/2014/07/Labranda-Club-Makadi-ex-Club-Azur-fly-pl.jpg","https://fly.pl/wycieczka/egipt,hurghada,makadi-bay/club-azur/p7P_aDdJUzcZ11W83JiMvfAAogvW0J86dKSKELb9Iz7jgLISWlkVtJMYzcX-uCortsPpUqBE9SRVgwl4ue1QZIt0NQQViKB2ACagZFQS4yLjFyNZsBFQcXAFwDWAVWAkDKBl3TDk9sEfUhU917UgBer09LgRJhAEzRvjogsf2XCQ0AAhJjAQIMeHWNjg/ofertasv/?filter[tourOperator]=OREX&filter%5Bperson%5D=2&filter%5BchildAge%5D%5B1%5D=20201210&filter%5Bchild%5D=1"
"Hilton Marsa Alam Nubian Resort","8644.0","28.10.2026 - 04.11.2026","8 dni/7 nocy","","4.7","4.7","10204","tripadvisor","Warszawa - Modlin","2026-09-14T05:26:42.675786+00:00","https://fly.pl/oferta/egipt-wczasy/?filter[dest]=11:&filter[hotelids]=&filter[cityids]=&filter[cregids]=&filter[ofrType]=&filter[addObjType]=&filter[whenFrom]=10-10-2026&filter[whenTo]=05-11-2026&filter[duration]=7:10&filter[from]=Warszawa%20-%20Radom,Warszawa,Warszawa%20-%20Modlin&filter[person]=2&filter[child]=1&filter[price]=0:11000&filter[PriceFrom]=0&filter[PriceTo]=11000&filter[addCategory]=50&filter[addCatering]=1&filter[addMisc]=0&filter[addTransport]=F&filter[fp]=1&order_by=ofr_price&filter[tourOperator]=0&filter[childAge][1]=20201210","https://fly.pl/cdn/photo/assets/uploads/582/278/2014/08/Tropitel-Dahab-Oasis.jpg","https://fly.pl/wycieczka/egipt,marsa-alam,c/hilton-marsa-alam-nubian-resort/pg9b27m91Ph8mfFXpFuCsxAAogDN6InOCvKIyMGcDxYRBHOxNTnlqlLqBHtLF6YzgD78cqBE9BU0kwl4ue1QZIxENQAViaCGACagNBSWxyIRwRlqQBqwTU_w-5BAgb474PGOCFEwGbp8umAgIAYwECDeKg2Kw/ofertasv/?filter[tourOperator]=OASI&filter%5Bperson%5D=2&filter%5BchildAge%5D%5B1%5D=20201210&filter%5Bchild%5D=1"
"Swissotel Resort El Quseir","8654.0","24.10.2026 - 31.10.2026","8 dni/7 nocy","","4.4","4.4","3134","tripadvisor","Warszawa","2026-09-14T05:26:42.675786+00:00","https://fly.pl/oferta/egipt-wczasy/?filter[dest]=11:&filter[hotelids]=&filter[cityids]=&filter[cregids]=&filter[ofrType]=&filter[addObjType]=&filter[whenFrom]=10-10-2026&filter[whenTo]=05-11-2026&filter[duration]=7:10&filter[from]=Warszawa%20-%20Radom,Warszawa,Warszawa%20-%20Modlin&filter[person]=2&filter[child]=1&filter[price]=0:11000&filter[PriceFrom]=0&filter[PriceTo]=11000&filter[addCategory]=50&filter[addCatering]=1&filter[addMisc]=0&filter[addTransport]=F&filter[fp]=1&order_by=ofr_price&filter[tourOperator]=0&filter[childAge][1]=20201210","https://fly.pl/cdn/photo/assets/uploads/582/278/2015/02/RADISSON-BLU-m.jpg","https://fly.pl/wycieczka/egipt,marsa-alam,al-kusajr/radisson-blu-resort-el-quseir/p_ufPnzh7i_NT4vvLKOY0hAAogUznc4aYMLrrNJL1bvwg8nKaYQYkkWuEfcVdFg92vHHIqBE9SRVgwl4ue1QZIzkNQQVi6B2ACagZESS4yLjFyNpsBFQcXAFwDWAVWAkDKBhHtFV2WDk8kXpnYAVO8FFIAS7EvYQBM5Yw6ILP9lwkNAAISYwECC7X4n2o/ofertasv/?filter[tourOperator]=OREX&filter%5Bperson%5D=2&filter%5BchildAge%5D%5B1%5D=20201210&filter%5Bchild%5D=1"
"Jaz Aquamarine Resort","8707.0","27.10.2026 - 03.11.2026","9 dni/7 nocy","","4.6","4.6","17157","tripadvisor","Warszawa - Modlin","2026-09-14T05:26:42.675786+00:00","https://fly.pl/oferta/egipt-wczasy/?filter[dest]=11:&filter[hotelids]=&filter[cityids]=&filter[cregids]=&filter[ofrType]=&filter[addObjType]=&filter[whenFrom]=10-10-2026&filter[whenTo]=05-11-2026&filter[duration]=7:10&filter[from]=Warszawa%20-%20Radom,Warszawa,Warszawa%20-%20Modlin&filter[person]=2&filter[child]=1&filter[price]=0:11000&filter[PriceFrom]=0&filter[PriceTo]=11000&filter[addCategory]=50&filter[addCatering]=1&filter[addMisc]=0&filter[addTransport]=F&filter[fp]=1&order_by=ofr_price&filter[tourOperator]=0&filter[childAge][1]=20201210","https://fly.pl/cdn/photo/assets/uploads/582/278/2016/11/jaz-aquamarine-ex-iberotel-egipt-hurghada-1b.jpg","https://fly.pl/wycieczka/egipt,hurghada,c/jaz-aquamarine-ex-iberotel-aquamarine/pMdF6oOPh4X0obY0BKqbFQAAog7BxFptXfUvJUdI9jjW80GpeMXePUQkpobZ-BQI6-nbQqBEVYSU0wl4ue1QZIg0RQAViCCGACagJBSXIhHBHK2QarBPfOS7kERRut7jUY069WAZDXmNINAgBjAQILac1gMA/ofertasv/?filter[tourOperator]=EXIM&filter%5Bperson%5D=2&filter%5BchildAge%5D%5B1%5D=20201210&filter%5Bchild%5D=1"
"Old Palace Resort","8721.0","29.10.2026 - 05.11.2026","8 dni/7 nocy","","4.6","4.6","3537","tripadvisor","Warszawa","2026-09-14T05:26:42.675786+00:00","https://fly.pl/oferta/egipt-wczasy/?filter[dest]=11:&filter[hotelids]=&filter[cityids]=&filter[cregids]=&filter[ofrType]=&filter[addObjType]=&filter[whenFrom]=10-10-2026&filter[whenTo]=05-11-2026&filter[duration]=7:10&filter[from]=Warszawa%20-%20Radom,Warszawa,Warszawa%20-%20Modlin&filter[person]=2&filter[child]=1&filter[price]=0:11000&filter[PriceFrom]=0&filter[PriceTo]=11000&filter[addCategory]=50&filter[addCatering]=1&filter[addMisc]=0&filter[addTransport]=F&filter[fp]=1&order_by=ofr_price&filter[tourOperator]=0&filter[childAge][1]=20201210","https://fly.pl/cdn/photo/assets/uploads/582/278/2015/03/Old-Palace-Resort-Sahl-Hasheesh.jpg","https://fly.pl/wycieczka/egipt,hurghada,c/old-palace-resort/pmf5JP5UU7sem-iT3IO2D8AAog6yubmJMUNW7svhG96nu5ihLqCxxQb8S86Hh0k4aD-ioqBE9SRVgwl4ue1QZIkURQQViyCGACagdKMFQuMi4xcjWbARUHFwBcA1gFVgIRLkCcBl2bD08kU9KdAVIAXq9PS-1DYQBM5Yw6ILj9lwkNAAISYwECC9YPPaU/ofertasv/?filter[tourOperator]=OREX&filter%5Bperson%5D=2&filter%5BchildAge%5D%5B1%5D=20201210&filter%5Bchild%5D=1"
"Royal Regency Club","8730.0","27.10.2026 - 03.11.2026","8 dni/7 nocy","","4.4","4.4","359","tripadvisor","Warszawa - Modlin","2026-09-14T05:26:42.675786+00:00","https://fly.pl/oferta/egipt-wczasy/?filter[dest]=11:&filter[hotelids]=&filter[cityids]=&filter[cregids]=&filter[ofrType]=&filter[addObjType]=&filter[whenFrom]=10-10-2026&filter[whenTo]=05-11-2026&filter[duration]=7:10&filter[from]=Warszawa%20-%20Radom,Warszawa,Warszawa%20-%20Modlin&filter[person]=2&filter[child]=1&filter[price]=0:11000&filter[PriceFrom]=0&filter[PriceTo]=11000&filter[addCategory]=50&filter[addCatering]=1&filter[addMisc]=0&filter[addTransport]=F&filter[fp]=1&order_by=ofr_price&filter[tourOperator]=0&filter[childAge][1]=20201210","https://fly.pl/cdn/photo/assets/uploads/582/278/2024/07/royal-regency-club.jpg","https://fly.pl/wycieczka/egipt,sharm-el-sheikh,szarm-el-szejk/royal-regency-club/pePNxeoEDj2F8TJRPszXqmAAogWtzgXlHikYNTDxBCNbBq8pgpXVUQjygZk0IwIA3_YjEqBE9BU0kwl4ue1QZImkRQAViCCGACagNBSStyIRwR3a8BuQTn9g-rBAIbiLsPGLiFEwHN3cKmAgIAYwECDc8OCug/ofertasv/?filter[tourOperator]=OASI&filter%5Bperson%5D=2&filter%5BchildAge%5D%5B1%5D=20201210&filter%5Bchild%5D=1"
"Sentido Akassia Beach (ex. LTI Akassia Beach)","8730.0","24.10.2026 - 31.10.2026","8 dni/7 nocy","","4.4","4.4","2309","tripadvisor","Warszawa","2026-09-14T05:26:42.675786+00:00","https://fly.pl/oferta/egipt-wczasy/?filter[dest]=11:&filter[hotelids]=&filter[cityids]=&filter[cregids]=&filter[ofrType]=&filter[addObjType]=&filter[whenFrom]=10-10-2026&filter[whenTo]=05-11-2026&filter[duration]=7:10&filter[from]=Warszawa%20-%20Radom,Warszawa,Warszawa%20-%20Modlin&filter[person]=2&filter[child]=1&filter[price]=0:11000&filter[PriceFrom]=0&filter[PriceTo]=11000&filter[addCategory]=50&filter[addCatering]=1&filter[addMisc]=0&filter[addTransport]=F&filter[fp]=1&order_by=ofr_price&filter[tourOperator]=0&filter[childAge][1]=20201210","https://fly.pl/cdn/photo/assets/uploads/582/278/2014/09/Sentido-Akassia-Beach.jpg","https://fly.pl/wycieczka/egipt,marsa-alam,c/lti-akassia-beach-2/pGu8vR7NVgXSNK_vJVtSOJAAogWsj03FuK88D0OuhDCSx3N6aYQYkkWuEfcVdFg92vHHIqBE9SRVgwl4ue1QZImkRQQVi6B2ACagYxUy4yLjFyNZsBFQcXAFwDWAVWAhEmQKQGXYMkTyRemdgBU7wUUgBLsS9hAEzljDogs_2XCQ0AAhJjAQINPrV0gQ/ofertasv/?filter[tourOperator]=OREX&filter%5Bperson%5D=2&filter%5BchildAge%5D%5B1%5D=20201210&filter%5Bchild%5D=1"
"Rehana Royal Beach Resort & Spa","8747.0","11.10.2026 - 18.10.2026","8 dni/7 nocy","","4.3","4.3","4678","tripadvisor","Warszawa","2026-09-14T05:26:42.675786+00:00","https://fly.pl/oferta/egipt-wczasy/?filter[dest]=11:&filter[hotelids]=&filter[cityids]=&filter[cregids]=&filter[ofrType]=&filter[addObjType]=&filter[whenFrom]=10-10-2026&filter[whenTo]=05-11-2026&filter[duration]=7:10&filter[from]=Warszawa%20-%20Radom,Warszawa,Warszawa%20-%20Modlin&filter[person]=2&filter[child]=1&filter[price]=0:11000&filter[PriceFrom]=0&filter[PriceTo]=11000&filter[addCategory]=50&filter[addCatering]=1&filter[addMisc]=0&filter[addTransport]=F&filter[fp]=1&order_by=ofr_price&filter[tourOperator]=0&filter[childAge][1]=20201210","https://fly.pl/cdn/photo/assets/uploads/582/278/2016/11/Rehana-Royal-Beach-Resort-amp-Spa.jpg","https://fly.pl/wycieczka/egipt,sharm-el-sheikh,c/rehana-royal-beach-resort-spa/pm0da-bXy8bpysT4Ou3F_2AAogDH7tKRZnTfyoBCAh7xvifAiPgYhrkVrHHSR3tH9QMnYqBEpPSVAwl4ue1QZIq0RQQViCBWACagMwMHdyQpsBFAEVBhcAXANYBVYCQMoGT-IBXQAR88gBXusxUqYgUwBLxyNhAEzljDoNpv2XCSAAAaGf1PjEiMygMAINYwEADEQiyIg/ofertasv/?filter[tourOperator]=JOIP&filter%5Bperson%5D=2&filter%5BchildAge%5D%5B1%5D=20201210&filter%5Bchild%5D=1"
"Amarina Sun Resort & Aqua Park (ex. Raouf Sun International Aqua Park & SPA)","8836.0","11.10.2026 - 18.10.2026","8 dni/7 nocy","","3.8","3.8","328","tripadvisor","Warszawa","2026-09-14T05:26:42.675786+00:00","https://fly.pl/oferta/egipt-wczasy/?filter[dest]=11:&filter[hotelids]=&filter[cityids]=&filter[cregids]=&filter[ofrType]=&filter[addObjType]=&filter[whenFrom]=10-10-2026&filter[whenTo]=05-11-2026&filter[duration]=7:10&filter[from]=Warszawa%20-%20Radom,Warszawa,Warszawa%20-%20Modlin&filter[person]=2&filter[child]=1&filter[price]=0:11000&filter[PriceFrom]=0&filter[PriceTo]=11000&filter[addCategory]=50&filter[addCatering]=1&filter[addMisc]=0&filter[addTransport]=F&filter[fp]=1&order_by=ofr_price&filter[tourOperator]=0&filter[childAge][1]=20201210","https://fly.pl/cdn/photo/assets/uploads/582/278/2024/07/raouf-sun-international-aqua-park-spa.jpg","https://fly.pl/wycieczka/egipt,sharm-el-sheikh,szarm-el-szejk/raouf-international-aqua-park-spa-14/p62y9uvqwVFEJO36Nkr2bvAAogDMzrR9iJSSW0yhRwXrgWAwiPgYhrkVrHHSR3tH9QMnYqBEpPSVAwl4ue1QZIhEVQQViCBWACagMxMm9yQ5sBFAEVBhcAXANYBVYCQMoGT-IBXQBe3voBUqYgUwBLxyNhABHPiAFMloQ5Dab9lwkgAAG7zdy4w4jMoDACDWMBAAwnvVah/ofertasv/?filter[tourOperator]=JOIP&filter%5Bperson%5D=2&filter%5BchildAge%5D%5B1%5D=20201210&filter%5Bchild%5D=1"
"Serenity Alpha Beach (ex. Serenity Makadi Beach)","8861.0","29.10.2026 - 05.11.2026","8 dni/7 nocy","","4.6","4.6","6620","tripadvisor","Warszawa","2026-09-14T05:26:42.675786+00:00","https://fly.pl/oferta/egipt-wczasy/?filter[dest]=11:&filter[hotelids]=&filter[cityids]=&filter[cregids]=&filter[ofrType]=&filter[addObjType]=&filter[whenFrom]=10-10-2026&filter[whenTo]=05-11-2026&filter[duration]=7:10&filter[from]=Warszawa%20-%20Radom,Warszawa,Warszawa%20-%20Modlin&filter[person]=2&filter[child]=1&filter[price]=0:11000&filter[PriceFrom]=0&filter[PriceTo]=11000&filter[addCategory]=50&filter[addCatering]=1&filter[addMisc]=0&filter[addTransport]=F&filter[fp]=1&order_by=ofr_price&filter[tourOperator]=0&filter[childAge][1]=20201210","https://fly.pl/cdn/photo/assets/uploads/582/278/2014/07/Serenity-Alpha-Beach.jpg","https://fly.pl/wycieczka/egipt,hurghada,makadi-bay/serenity-makadi-heights/pybQ9KWjtTaabDd0ZGixnUAAogDeqrGP0kBI6_KgkfHhokIxLqCxxQb8S86Hh0k4aD-ioqBE9SRVgwl4ue1QZInUVQQViyCGACagZENi4yLjFyNZsBFQcXAFgIVgJcCBH6BUBIXZsPTyRT0p0BUgBer09L7UNhAEzljDoguP2XCQ0AAhJjAQIMVr0i_Q/ofertasv/?filter[tourOperator]=OREX&filter%5Bperson%5D=2&filter%5BchildAge%5D%5B1%5D=20201210&filter%5Bchild%5D=1"
"Parrotel Beach Resort (ex. Radisson Blu)","9024.0","11.10.2026 - 18.10.2026","8 dni/7 nocy","","4.4","4.4","6998","tripadvisor","Warszawa","2026-09-14T05:26:42.675786+00:00","https://fly.pl/oferta/egipt-wczasy/?filter[dest]=11:&filter[hotelids]=&filter[cityids]=&filter[cregids]=&filter[ofrType]=&filter[addObjType]=&filter[whenFrom]=10-10-2026&filter[whenTo]=05-11-2026&filter[duration]=7:10&filter[from]=Warszawa%20-%20Radom,Warszawa,Warszawa%20-%20Modlin&filter[person]=2&filter[child]=1&filter[price]=0:11000&filter[PriceFrom]=0&filter[PriceTo]=11000&filter[addCategory]=50&filter[addCatering]=1&filter[addMisc]=0&filter[addTransport]=F&filter[fp]=1&order_by=ofr_price&filter[tourOperator]=0&filter[childAge][1]=20201210","https://fly.pl/cdn/photo/assets/uploads/582/278/2014/07/Parrotel-Beach-Resort.jpg","https://fly.pl/wycieczka/egipt,sharm-el-sheikh,c/radisson-blu-resort-sharm-el-sheikh/p7758-5NSYnqsDSpP3_GNhAAogSBPBQ7vP2oTb-cWJBFOPCQiPgYhrkVrHHSR3tH9QMnYqBEpPSVAwl4ue1QZIwEZQQViCBWACagNDR21yQpsBFAEVBhcAXANYBVYCQMoGT-IBXQARoccBXr0zUqYgUwBLxyNhAEzljDoNpv2XCSAAAbnF7JfTiMygMAIOYwEADcRSerE/ofertasv/?filter[tourOperator]=JOIP&filter%5Bperson%5D=2&filter%5BchildAge%5D%5B1%5D=20201210&filter%5Bchild%5D=1"
"True Beach Resort","9120.0","17.10.2026 - 24.10.2026","8 dni/7 nocy","","4.3","4.3","149","tripadvisor","Warszawa","2026-09-14T05:26:42.675786+00:00","https://fly.pl/oferta/egipt-wczasy/?filter[dest]=11:&filter[hotelids]=&filter[cityids]=&filter[cregids]=&filter[ofrType]=&filter[addObjType]=&filter[whenFrom]=10-10-2026&filter[whenTo]=05-11-2026&filter[duration]=7:10&filter[from]=Warszawa%20-%20Radom,Warszawa,Warszawa%20-%20Modlin&filter[person]=2&filter[child]=1&filter[price]=0:11000&filter[PriceFrom]=0&filter[PriceTo]=11000&filter[addCategory]=50&filter[addCatering]=1&filter[addMisc]=0&filter[addTransport]=F&filter[fp]=1&order_by=ofr_price&filter[tourOperator]=0&filter[childAge][1]=20201210","https://fly.pl/cdn/photo/assets/uploads/582/278/2014/09/True-Beach-Resort.jpg","https://fly.pl/wycieczka/egipt,marsa-alam,c/laguna-beach-marsa-alam/pd1KqQQRB5WiYhx8wIsRXvAAogJJU9OfTw6aO_XPL_KvITigAAAAD7hQQAGIYEAAcAAQAqBFdFWlkwl4ue1QZIoEdQQViSBmADaglFbnRlciBBaXJyQp4BHwAcAQIAFgQXAhLtAxWDBBifAxMFFOIEQKRxEcFrT_UqTABQsS9LAB3zxA8gHRu4q2QNyZneCAESYwEMYwECBWKBeno/ofertasv/?filter[tourOperator]=WEZY&filter%5Bperson%5D=2&filter%5BchildAge%5D%5B1%5D=20201210&filter%5Bchild%5D=1"
"Dreams Beach Sharm Resort (Sharm El Sheikh)","9124.0","11.10.2026 - 18.10.2026","8 dni/7 nocy","","3.9","3.9","2648","tripadvisor","Warszawa","2026-09-14T05:26:42.675786+00:00","https://fly.pl/oferta/egipt-wczasy/?filter[dest]=11:&filter[hotelids]=&filter[cityids]=&filter[cregids]=&filter[ofrType]=&filter[addObjType]=&filter[whenFrom]=10-10-2026&filter[whenTo]=05-11-2026&filter[duration]=7:10&filter[from]=Warszawa%20-%20Radom,Warszawa,Warszawa%20-%20Modlin&filter[person]=2&filter[child]=1&filter[price]=0:11000&filter[PriceFrom]=0&filter[PriceTo]=11000&filter[addCategory]=50&filter[addCatering]=1&filter[addMisc]=0&filter[addTransport]=F&filter[fp]=1&order_by=ofr_price&filter[tourOperator]=0&filter[childAge][1]=20201210","https://fly.pl/cdn/photo/assets/uploads/582/278/2014/07/Dreams-Beach-Resort.jpg","https://fly.pl/wycieczka/egipt,sharm-el-sheikh,szarm-el-szejk/dreams-beach-sharm-el-sheikh/pO6RkDdunkKH1KCwgWDo_JAAogmWsNTubVUHJiFrHADfnAJwiPgYhrkVrHHSR3tH9QMnYqBEpPSVAwl4ue1QZIpEdQQViCBWACagNDR21yQpsBFAEVBhcAXANYBVYCQMoGT-IBXQAR5MYBXvozUqYgUwBLxyNhAEzljDoNpv2XCSAAAbK39PjCiMygMAINYwEAC0heLYI/ofertasv/?filter[tourOperator]=JOIP&filter%5Bperson%5D=2&filter%5BchildAge%5D%5B1%5D=20201210&filter%5Bchild%5D=1"
"Amarina Star Resort & Aqua Park (ex. Raouf Star)","9150.0","11.10.2026 - 18.10.2026","8 dni/7 nocy","","4.1","4.1","101","tripadvisor","Warszawa","2026-09-14T05:26:42.675786+00:00","https://fly.pl/oferta/egipt-wczasy/?filter[dest]=11:&filter[hotelids]=&filter[cityids]=&filter[cregids]=&filter[ofrType]=&filter[addObjType]=&filter[whenFrom]=10-10-2026&filter[whenTo]=05-11-2026&filter[duration]=7:10&filter[from]=Warszawa%20-%20Radom,Warszawa,Warszawa%20-%20Modlin&filter[person]=2&filter[child]=1&filter[price]=0:11000&filter[PriceFrom]=0&filter[PriceTo]=11000&filter[addCategory]=50&filter[addCatering]=1&filter[addMisc]=0&filter[addTransport]=F&filter[fp]=1&order_by=ofr_price&filter[tourOperator]=0&filter[childAge][1]=20201210","https://fly.pl/cdn/photo/assets/uploads/582/278/2023/04/Amarina-Star-Resort-Aqua-Park.jpg","https://fly.pl/wycieczka/egipt,sharm-el-sheikh,szarm-el-szejk/raouf-star-15/pjNAiv1tscDW1os4MykeNDAAogn7JU-pwN9yb_q1ZQWVeu5QiPgYhrkVrHHSR3tH9QMnYqBEpPSVAwl4ue1QZIvkdQQViCBWACagMxMm9yQ5sBFAEVBhcAXANYBVYCQMoGT-IBXQBe3voBUqYgUwBLxyNhABH2pwFM7-Q4Dab9lwkgAAG93fCPxIjMoDACDWMBAAznup_i/ofertasv/?filter[tourOperator]=JOIP&filter%5Bperson%5D=2&filter%5BchildAge%5D%5B1%5D=20201210&filter%5Bchild%5D=1"
"Sharm Grand Plaza Resort","9156.0","10.10.2026 - 17.10.2026","8 dni/7 nocy","","4.4","4.4","9442","tripadvisor","Warszawa","2026-09-14T05:26:42.675786+00:00","https://fly.pl/oferta/egipt-wczasy/?filter[dest]=11:&filter[hotelids]=&filter[cityids]=&filter[cregids]=&filter[ofrType]=&filter[addObjType]=&filter[whenFrom]=10-10-2026&filter[whenTo]=05-11-2026&filter[duration]=7:10&filter[from]=Warszawa%20-%20Radom,Warszawa,Warszawa%20-%20Modlin&filter[person]=2&filter[child]=1&filter[price]=0:11000&filter[PriceFrom]=0&filter[PriceTo]=11000&filter[addCategory]=50&filter[addCatering]=1&filter[addMisc]=0&filter[addTransport]=F&filter[fp]=1&order_by=ofr_price&filter[tourOperator]=0&filter[childAge][1]=20201210","https://fly.pl/cdn/photo/assets/uploads/582/278/2014/07/SHARM-GRAND-PLAZA-RESORT-1.jpg","https://fly.pl/wycieczka/egipt,sharm-el-sheikh,c/grand-plaza-resort/prxWKDcSnPneLi9I7WEGoLAAogUPkgU-aGsZ2uZ3l5MUHLnwAAAACZhAQAtoQEAAcAEgAqBFdFWlkwl4ue1QZIxEdQQVjqBGADaglFbnRlciBBaXJqBDA4MDByQJ4BlQEfABwBAgAWBBcCETcbURLlAhiFBRPNARTJBECSck-gogFMAEvHI1AAHZHCDyAdDdzHwgkBEmMBDGMBAgUD8R3c/ofertasv/?filter[tourOperator]=WEZY&filter%5Bperson%5D=2&filter%5BchildAge%5D%5B1%5D=20201210&filter%5Bchild%5D=1"
"Concorde El Salam Sport","9156.0","10.10.2026 - 17.10.2026","8 dni/7 nocy","","4.8","4.8","1490","tripadvisor","Warszawa","2026-09-14T05:26:42.675786+00:00","https://fly.pl/oferta/egipt-wczasy/?filter[dest]=11:&filter[hotelids]=&filter[cityids]=&filter[cregids]=&filter[ofrType]=&filter[addObjType]=&filter[whenFrom]=10-10-2026&filter[whenTo]=05-11-2026&filter[duration]=7:10&filter[from]=Warszawa%20-%20Radom,Warszawa,Warszawa%20-%20Modlin&filter[person]=2&filter[child]=1&filter[price]=0:11000&filter[PriceFrom]=0&filter[PriceTo]=11000&filter[addCategory]=50&filter[addCatering]=1&filter[addMisc]=0&filter[addTransport]=F&filter[fp]=1&order_by=ofr_price&filter[tourOperator]=0&filter[childAge][1]=20201210","https://fly.pl/cdn/photo/assets/uploads/582/278/2024/07/concorde-el-salam-sport.jpg","https://fly.pl/wycieczka/egipt,sharm-el-sheikh,szarm-el-szejk/concorde-el-salam-sport-15/pxIpWWh9Q95QH8HH47CurkAAog1ZL7qsPZBWDtfXJcSXPNPAAAAACZhAQAtoQEAAcAEgAqBFdFWlkwl4ue1QZIxEdQQVjqBGADaglFbnRlciBBaXJqBDA4MDByQ54BlQEfAAIBHAAWBBcCEu0DGIUFE80BFMkEEeYQQKxhTKCiAU8AS8cjUAAbtIMCHd2-DSAdDdzHwgkBEmMBDGMBAgVvJhqV/ofertasv/?filter[tourOperator]=WEZY&filter%5Bperson%5D=2&filter%5BchildAge%5D%5B1%5D=20201210&filter%5Bchild%5D=1"
"Stella Gardens Resort & Spa (ex Stella Di Mare Gardens)","9173.0","20.10.2026 - 27.10.2026","8 dni/7 nocy","","4.5","4.5","2772","tripadvisor","Warszawa","2026-09-14T05:26:42.675786+00:00","https://fly.pl/oferta/egipt-wczasy/?filter[dest]=11:&filter[hotelids]=&filter[cityids]=&filter[cregids]=&filter[ofrType]=&filter[addObjType]=&filter[whenFrom]=10-10-2026&filter[whenTo]=05-11-2026&filter[duration]=7:10&filter[from]=Warszawa%20-%20Radom,Warszawa,Warszawa%20-%20Modlin&filter[person]=2&filter[child]=1&filter[price]=0:11000&filter[PriceFrom]=0&filter[PriceTo]=11000&filter[addCategory]=50&filter[addCatering]=1&filter[addMisc]=0&filter[addTransport]=F&filter[fp]=1&order_by=ofr_price&filter[tourOperator]=0&filter[childAge][1]=20201210","https://fly.pl/cdn/photo/assets/uploads/582/278/2014/10/Stella-Di-Mare-Gardens-Resort-Spa.jpg","https://fly.pl/wycieczka/egipt,hurghada,makadi-bay/stella-makadi-garden/p0aqISVPfUbwuNPsABdO7BAAog3b7o2x_OmWTihTvjnxAouA6xPSSx01l8-VY8g4i8578qBEpPSVAwl4ue1QZI1UdQQVjaBmACagMwMEZyQpsBFAEVBhcAXANYBVYCQMoGT-IBXQBSr6sBUwARxjBe6R5L7UNhAEzljDoNr_2XCSAAAZaX4ODEhsygMAIOYwEADZ0cphk/ofertasv/?filter[tourOperator]=JOIP&filter%5Bperson%5D=2&filter%5BchildAge%5D%5B1%5D=20201210&filter%5Bchild%5D=1"
"Radisson Individuals Marina Port Ghalib (ex. Sunrise Marina Resort)","9194.0","25.10.2026 - 01.11.2026","8 dni/7 nocy","","4.6","4.6","3575","tripadvisor","Warszawa","2026-09-14T05:26:42.675786+00:00","https://fly.pl/oferta/egipt-wczasy/?filter[dest]=11:&filter[hotelids]=&filter[cityids]=&filter[cregids]=&filter[ofrType]=&filter[addObjType]=&filter[whenFrom]=10-10-2026&filter[whenTo]=05-11-2026&filter[duration]=7:10&filter[from]=Warszawa%20-%20Radom,Warszawa,Warszawa%20-%20Modlin&filter[person]=2&filter[child]=1&filter[price]=0:11000&filter[PriceFrom]=0&filter[PriceTo]=11000&filter[addCategory]=50&filter[addCatering]=1&filter[addMisc]=0&filter[addTransport]=F&filter[fp]=1&order_by=ofr_price&filter[tourOperator]=0&filter[childAge][1]=20201210","https://fly.pl/cdn/photo/assets/uploads/582/278/2015/04/RADISSON-INDIVIDUALS-MARINA.jpg","https://fly.pl/wycieczka/egipt,marsa-alam,port-ghalib/rehana-port-ghalib-resort/p1ei96-EfoAHl_-qI3lmuRAAogbb0QiuXZH3FRQP0H1gHJVwAAAADmgwQAa7kEAAcAAQAqBFdFWlkwl4ue1QZI6kdQQVjSB2ADaglFbnRlciBBaXJyRZ4BHwAcAQIAFgQXAhLtAxPYBBWIBBS5ARjrARGyVkD3Gk-2lgFMAFCxL0sAHd7ADyCFaxv0piENwregCQESYwEOYwECBq8I_IE/ofertasv/?filter[tourOperator]=WEZY&filter%5Bperson%5D=2&filter%5BchildAge%5D%5B1%5D=20201210&filter%5Bchild%5D=1"
"Fantazia Resort","9198.0","10.10.2026 - 17.10.2026","8 dni/7 nocy","","4.4","4.4","5979","tripadvisor","Warszawa","2026-09-14T05:26:42.675786+00:00","https://fly.pl/oferta/egipt-wczasy/?filter[dest]=11:&filter[hotelids]=&filter[cityids]=&filter[cregids]=&filter[ofrType]=&filter[addObjType]=&filter[whenFrom]=10-10-2026&filter[whenTo]=05-11-2026&filter[duration]=7:10&filter[from]=Warszawa%20-%20Radom,Warszawa,Warszawa%20-%20Modlin&filter[person]=2&filter[child]=1&filter[price]=0:11000&filter[PriceFrom]=0&filter[PriceTo]=11000&filter[addCategory]=50&filter[addCatering]=1&filter[addMisc]=0&filter[addTransport]=F&filter[fp]=1&order_by=ofr_price&filter[tourOperator]=0&filter[childAge][1]=20201210","https://fly.pl/cdn/photo/assets/uploads/582/278/2016/11/Fantazia-Resort.jpg","https://fly.pl/wycieczka/egipt,marsa-alam,c/fantazia-resort/pDVTLVErBxjqbJwGy3rB1ZAAogfdn1GIvi-oLVUBBUd8os6-9TA1U2A3doRoFyKBE2oSQqBEpPSVAwl4ue1QZI7kdQQVjqBGACagMzSXFyQpsBFAEVBhcAXANYBVYCQMoGT-IBXQBe3voBEcsBUvESUwBLsS9hAEzljDoNpf2XCSAAAb_h0LDl5tCgMAINYwEADP7QCec/ofertasv/?filter[tourOperator]=JOIP&filter%5Bperson%5D=2&filter%5BchildAge%5D%5B1%5D=20201210&filter%5Bchild%5D=1"
"Titanic Palace Resort","9207.0","29.10.2026 - 05.11.2026","8 dni/7 nocy","","4.5","4.5","7352","tripadvisor","Warszawa","2026-09-14T05:26:42.675786+00:00","https://fly.pl/oferta/egipt-wczasy/?filter[dest]=11:&filter[hotelids]=&filter[cityids]=&filter[cregids]=&filter[ofrType]=&filter[addObjType]=&filter[whenFrom]=10-10-2026&filter[whenTo]=05-11-2026&filter[duration]=7:10&filter[from]=Warszawa%20-%20Radom,Warszawa,Warszawa%20-%20Modlin&filter[person]=2&filter[child]=1&filter[price]=0:11000&filter[PriceFrom]=0&filter[PriceTo]=11000&filter[addCategory]=50&filter[addCatering]=1&filter[addMisc]=0&filter[addTransport]=F&filter[fp]=1&order_by=ofr_price&filter[tourOperator]=0&filter[childAge][1]=20201210","https://fly.pl/cdn/photo/assets/uploads/582/278/2014/07/Titanic-Palace-Resort.jpg","https://fly.pl/wycieczka/egipt,hurghada,c/titanic-palace-2/pTKyfsSnIJ9Vw3jelTCphXAAoglzaWveP6B9Z-wrqi7mL-wWSr15Jod7NI_ZeeP2cCHt0qBEVYSU0wl4ue1QZI90dQAViyCGACagNVQUlyIxwRj7sGuQSbgD6rBL2KChuP5UQYseRIAYPEjbgNAgBjAQILjO5GvA/ofertasv/?filter[tourOperator]=EXIM&filter%5Bperson%5D=2&filter%5BchildAge%5D%5B1%5D=20201210&filter%5Bchild%5D=1"
"Safir Sharm Waterfalls Resort (ex Hilton Waterfalls Resort)","9212.0","11.10.2026 - 18.10.2026","8 dni/7 nocy","","4.4","4.4","1225","tripadvisor","Warszawa","2026-09-14T05:26:42.675786+00:00","https://fly.pl/oferta/egipt-wczasy/?filter[dest]=11:&filter[hotelids]=&filter[cityids]=&filter[cregids]=&filter[ofrType]=&filter[addObjType]=&filter[whenFrom]=10-10-2026&filter[whenTo]=05-11-2026&filter[duration]=7:10&filter[from]=Warszawa%20-%20Radom,Warszawa,Warszawa%20-%20Modlin&filter[person]=2&filter[child]=1&filter[price]=0:11000&filter[PriceFrom]=0&filter[PriceTo]=11000&filter[addCategory]=50&filter[addCatering]=1&filter[addMisc]=0&filter[addTransport]=F&filter[fp]=1&order_by=ofr_price&filter[tourOperator]=0&filter[childAge][1]=20201210","https://fly.pl/cdn/photo/assets/uploads/582/278/2014/07/Hilton-Sharm-Waterfalls-Resort-fly-pl-4.jpg","https://fly.pl/wycieczka/egipt,sharm-el-sheikh,c/hilton-sharm-waterfalls-resort/pqjzM6_B-Kp-sKjEMG42AxAAogG6pSrfCbl5tZqOB6i-LIvwiPgYhrkVrHHSR3tH9QMnYqBEpPSVAwl4ue1QZI_EdQQViCBWACagNDR21yQpsBFAEVBhcAXANYBVYCQMoGT-IBXQARwsYBXpw0UqYgUwBLxyNhAEzljDoNpv2XCSAAAa-xuJi0iMygMAINYwEACx8VlQA/ofertasv/?filter[tourOperator]=JOIP&filter%5Bperson%5D=2&filter%5BchildAge%5D%5B1%5D=20201210&filter%5Bchild%5D=1"
"Swiss Inn Resort Hurghada (ex. Hilton Hurghada Resort)","9241.0","27.10.2026 - 03.11.2026","9 dni/7 nocy","","4.5","4.5","1878","tripadvisor","Warszawa - Modlin","2026-09-14T05:26:42.675786+00:00","https://fly.pl/oferta/egipt-wczasy/?filter[dest]=11:&filter[hotelids]=&filter[cityids]=&filter[cregids]=&filter[ofrType]=&filter[addObjType]=&filter[whenFrom]=10-10-2026&filter[whenTo]=05-11-2026&filter[duration]=7:10&filter[from]=Warszawa%20-%20Radom,Warszawa,Warszawa%20-%20Modlin&filter[person]=2&filter[child]=1&filter[price]=0:11000&filter[PriceFrom]=0&filter[PriceTo]=11000&filter[addCategory]=50&filter[addCatering]=1&filter[addMisc]=0&filter[addTransport]=F&filter[fp]=1&order_by=ofr_price&filter[tourOperator]=0&filter[childAge][1]=20201210","https://fly.pl/cdn/photo/assets/uploads/582/278/2014/07/Swiss-Inn-Resort-Hurghada.jpg","https://fly.pl/wycieczka/egipt,hurghada,c/hilton-resort/pls6MZiiz5MhNDLewcnDSLAAogX8vuSwKa6aA6QNRZ6Auhjn-RivCO5fCdWQwfiBpU-nUqBE9BU0kwl4ue1QZImUhQAViCCGACagNBSWxyIBwRvHarBLCoELkEQBunzQ0YoewSAZGwtJkCAgBjAQIGCoG-aw/ofertasv/?filter[tourOperator]=OASI&filter%5Bperson%5D=2&filter%5BchildAge%5D%5B1%5D=20201210&filter%5Bchild%5D=1"
"Ancient Sands Golf Resort","9252.0","29.10.2026 - 05.11.2026","8 dni/7 nocy","","4.8","4.8","3352","tripadvisor","Warszawa","2026-09-14T05:26:42.675786+00:00","https://fly.pl/oferta/egipt-wczasy/?filter[dest]=11:&filter[hotelids]=&filter[cityids]=&filter[cregids]=&filter[ofrType]=&filter[addObjType]=&filter[whenFrom]=10-10-2026&filter[whenTo]=05-11-2026&filter[duration]=7:10&filter[from]=Warszawa%20-%20Radom,Warszawa,Warszawa%20-%20Modlin&filter[person]=2&filter[child]=1&filter[price]=0:11000&filter[PriceFrom]=0&filter[PriceTo]=11000&filter[addCategory]=50&filter[addCatering]=1&filter[addMisc]=0&filter[addTransport]=F&filter[fp]=1&order_by=ofr_price&filter[tourOperator]=0&filter[childAge][1]=20201210","https://fly.pl/cdn/photo/assets/uploads/582/278/2019/05/Ancient-Sands-Golf-Resort.jpg","https://fly.pl/wycieczka/egipt,hurghada,al-dzuna/ancient-sands-el-gouna/pD3hEk8TRqMmLmilCcJwH-AAogOKRy10QYgWXTirqo4cHeThLqCxxQb8S86Hh0k4aD-ioqBE9SRVgwl4ue1QZIpEhQQViyCGACagVZLjIuMXI1mwEVBxcAXANYBVYCEQVAxQZdmw9PJFPSnQFSAF6vT0vtQ2EATOWMOiC4_ZcJDQACEmMBAgzCjhTC/ofertasv/?filter[tourOperator]=OREX&filter%5Bperson%5D=2&filter%5BchildAge%5D%5B1%5D=20201210&filter%5Bchild%5D=1"
"Pyramisa Beach Resort Sahl Hasheesh","9293.0","22.10.2026 - 29.10.2026","8 dni/7 nocy","","4.1","4.1","3578","tripadvisor","Warszawa - Radom","2026-09-14T05:26:42.675786+00:00","https://fly.pl/oferta/egipt-wczasy/?filter[dest]=11:&filter[hotelids]=&filter[cityids]=&filter[cregids]=&filter[ofrType]=&filter[addObjType]=&filter[whenFrom]=10-10-2026&filter[whenTo]=05-11-2026&filter[duration]=7:10&filter[from]=Warszawa%20-%20Radom,Warszawa,Warszawa%20-%20Modlin&filter[person]=2&filter[child]=1&filter[price]=0:11000&filter[PriceFrom]=0&filter[PriceTo]=11000&filter[addCategory]=50&filter[addCatering]=1&filter[addMisc]=0&filter[addTransport]=F&filter[fp]=1&order_by=ofr_price&filter[tourOperator]=0&filter[childAge][1]=20201210","https://fly.pl/cdn/photo/assets/uploads/582/278/2015/04/Pyramisa-Beach-Resort-Sahl-Hasheesh.jpg","https://fly.pl/wycieczka/egipt,hurghada,sahl-hasheesh/dessole-pyramisa-beach-resort-ex-pyramisa-beach-r/pLeZ4JgjaehNj1_scS3faEAAogDJY4csxf0BQt907Ourb2yyWlkVtJMYzcX-uCortsPpUqBE9SRVgwl4ue1QZIzUhQQViKB2ACagZFSC4yLjFyNZsBFQcXAFgIVgJcCBEtQJUGXdMOT2xT0p0BUgBer09LgRJhAEzRvjogsf2XCQ0AAhJjAQILbvMoDQ/ofertasv/?filter[tourOperator]=OREX&filter%5Bperson%5D=2&filter%5BchildAge%5D%5B1%5D=20201210&filter%5Bchild%5D=1"
"Albatros Makadi Resort (ex Royal Pharaohs Makadi)","9297.0","27.10.2026 - 03.11.2026","9 dni/7 nocy","","3.3","3.3","844","tripadvisor","Warszawa - Modlin","2026-09-14T05:26:42.675786+00:00","https://fly.pl/oferta/egipt-wczasy/?filter[dest]=11:&filter[hotelids]=&filter[cityids]=&filter[cregids]=&filter[ofrType]=&filter[addObjType]=&filter[whenFrom]=10-10-2026&filter[whenTo]=05-11-2026&filter[duration]=7:10&filter[from]=Warszawa%20-%20Radom,Warszawa,Warszawa%20-%20Modlin&filter[person]=2&filter[child]=1&filter[price]=0:11000&filter[PriceFrom]=0&filter[PriceTo]=11000&filter[addCategory]=50&filter[addCatering]=1&filter[addMisc]=0&filter[addTransport]=F&filter[fp]=1&order_by=ofr_price&filter[tourOperator]=0&filter[childAge][1]=20201210","https://fly.pl/cdn/photo/assets/uploads/582/278/2014/07/Harmony-Makadi-Bay-fly-pl.jpg","https://fly.pl/wycieczka/egipt,hurghada,makadi-bay/harmony-makadi-bay/pUl6PKp7gm20i1thBmhzsFAAog8cmHXh3Dh-65kzMcVHIbf5eMXePUQkpobZ-BQI6-nbQqBEVYSU0wmYue1QZI0UhQAViCCGACagJBSXIhHBG6_warBIepS7kERRuui0IYo4xKAcSg4NENAhJjAQIMn3w7Jw/ofertasv/?filter[tourOperator]=EXIM&filter%5Bperson%5D=2&filter%5BchildAge%5D%5B1%5D=20201210&filter%5Bchild%5D=1"
"Concorde Moreen Beach Resort & Spa","9357.0","13.10.2026 - 20.10.2026","8 dni/7 nocy","","4.5","4.5","5598","tripadvisor","Warszawa","2026-09-14T05:26:42.675786+00:00","https://fly.pl/oferta/egipt-wczasy/?filter[dest]=11:&filter[hotelids]=&filter[cityids]=&filter[cregids]=&filter[ofrType]=&filter[addObjType]=&filter[whenFrom]=10-10-2026&filter[whenTo]=05-11-2026&filter[duration]=7:10&filter[from]=Warszawa%20-%20Radom,Warszawa,Warszawa%20-%20Modlin&filter[person]=2&filter[child]=1&filter[price]=0:11000&filter[PriceFrom]=0&filter[PriceTo]=11000&filter[addCategory]=50&filter[addCatering]=1&filter[addMisc]=0&filter[addTransport]=F&filter[fp]=1&order_by=ofr_price&filter[tourOperator]=0&filter[childAge][1]=20201210","https://fly.pl/cdn/photo/assets/uploads/582/278/2014/07/Concorde-Moreen-Beach-Resort-Spa-fly-pl.jpg","https://fly.pl/wycieczka/egipt,marsa-alam,c/concorde-moreen-beach-spa-resort/p-vDVmJntOAhTB6wAyconMAAogDLWtVQNRi8QNNU_7luho6oJ5rHzYj9C7IrBOHcPp_RcqBFZJVFgwmYue1QZIjUlQQViyBWACckAaABUHFwBcA1gFQI8DW5eFAV7melK8FFMAS7EvYQBM77Q5DZ7VmAkgAFGzrJT23wFP2u43XZz4r_klAgxjAQIL1EqN_A/ofertasv/?filter[tourOperator]=VITX&filter%5Bperson%5D=2&filter%5BchildAge%5D%5B1%5D=20201210&filter%5Bchild%5D=1"
"Sataya Resort (ex. Labranda Sataya Marsa Alam)","9357.0","16.10.2026 - 23.10.2026","8 dni/7 nocy","","4.7","4.7","4175","tripadvisor","Warszawa","2026-09-14T05:26:42.675786+00:00","https://fly.pl/oferta/egipt-wczasy/?filter[dest]=11:&filter[hotelids]=&filter[cityids]=&filter[cregids]=&filter[ofrType]=&filter[addObjType]=&filter[whenFrom]=10-10-2026&filter[whenTo]=05-11-2026&filter[duration]=7:10&filter[from]=Warszawa%20-%20Radom,Warszawa,Warszawa%20-%20Modlin&filter[person]=2&filter[child]=1&filter[price]=0:11000&filter[PriceFrom]=0&filter[PriceTo]=11000&filter[addCategory]=50&filter[addCatering]=1&filter[addMisc]=0&filter[addTransport]=F&filter[fp]=1&order_by=ofr_price&filter[tourOperator]=0&filter[childAge][1]=20201210","https://fly.pl/cdn/photo/assets/uploads/582/278/2019/09/Sataya-Resort-Marsa-Alam.jpg","https://fly.pl/wycieczka/egipt,marsa-alam,c/labranda-sataya-marsa-alam-9/pWYmTrSyGzFnQet4QjESLTAAogw7M5bPSVcY1ogP4r2mq74RmvUzSY9g6oqKJ6OAWZgFkqBFZJVFgwmYue1QZIjUlQQVj6BWACckAaABUHFwBcA1gFQI8DW6eGAV7WeVK8FFMAS7EvYQBM77Q5DaHVmAkgAFGm6MD23wFP6LILXZz4r_klAg1jAQIMITB3fQ/ofertasv/?filter[tourOperator]=VITX&filter%5Bperson%5D=2&filter%5BchildAge%5D%5B1%5D=20201210&filter%5Bchild%5D=1"
"Jaz Mirabel Park","9361.0","11.10.2026 - 18.10.2026","8 dni/7 nocy","","4.4","4.4","4043","tripadvisor","Warszawa","2026-09-14T05:26:42.675786+00:00","https://fly.pl/oferta/egipt-wczasy/?filter[dest]=11:&filter[hotelids]=&filter[cityids]=&filter[cregids]=&filter[ofrType]=&filter[addObjType]=&filter[whenFrom]=10-10-2026&filter[whenTo]=05-11-2026&filter[duration]=7:10&filter[from]=Warszawa%20-%20Radom,Warszawa,Warszawa%20-%20Modlin&filter[person]=2&filter[child]=1&filter[price]=0:11000&filter[PriceFrom]=0&filter[PriceTo]=11000&filter[addCategory]=50&filter[addCatering]=1&filter[addMisc]=0&filter[addTransport]=F&filter[fp]=1&order_by=ofr_price&filter[tourOperator]=0&filter[childAge][1]=20201210","https://fly.pl/cdn/photo/assets/uploads/582/278/2014/07/Jaz-Mirabel-Park-fly-pl.jpg","https://fly.pl/wycieczka/egipt,sharm-el-sheikh,c/jaz-mirabel-park/piuKjIhuztjUwgJnjEXf8iAAog0u1tr9KxpdRBOmvdv5vIoQiPgYhrkVrHHSR3tH9QMnYqBEpPSVAwmYue1QZIkUlQQViCBWACckMUARUGFwBcA1gFVgJAygZP4gFdAFvyAhGlwwFexzRSpiBTAEvHI2EATOWMOg2m_ZcJIAABxd3sl7WIzKAwAg1jAQAMh2qsOg/ofertasv/?filter[tourOperator]=JOIP&filter%5Bperson%5D=2&filter%5BchildAge%5D%5B1%5D=20201210&filter%5Bchild%5D=1"
"Seven Seas Jolie Bay","9365.0","25.10.2026 - 01.11.2026","8 dni/7 nocy","","4.6","4.6","1518","tripadvisor","Warszawa","2026-09-14T05:26:42.675786+00:00","https://fly.pl/oferta/egipt-wczasy/?filter[dest]=11:&filter[hotelids]=&filter[cityids]=&filter[cregids]=&filter[ofrType]=&filter[addObjType]=&filter[whenFrom]=10-10-2026&filter[whenTo]=05-11-2026&filter[duration]=7:10&filter[from]=Warszawa%20-%20Radom,Warszawa,Warszawa%20-%20Modlin&filter[person]=2&filter[child]=1&filter[price]=0:11000&filter[PriceFrom]=0&filter[PriceTo]=11000&filter[addCategory]=50&filter[addCatering]=1&filter[addMisc]=0&filter[addTransport]=F&filter[fp]=1&order_by=ofr_price&filter[tourOperator]=0&filter[childAge][1]=20201210","https://fly.pl/cdn/photo/assets/uploads/582/278/2022/03/Aqua-Mondo-Abu-Soma-Resort.jpg","https://fly.pl/wycieczka/egipt,hurghada,soma-bay/aqua-mondo-resort-14/pFyzW5KfJDEo-m14qvh9IXAAogxc9-KBBUi93hzc4wCxkPpAAAAADmggQATLsEAAcAAAAqBFdFWlkwmYue1QZIlUlQQVjSB2ADaglFbnRlciBBaXJqBDAwMTVyQ54BlAEfAAIBFgAcABcGEu0DFcwIE3gYnQJAzHFPyzJMAEuckwFQABHIPx2W_w4g5nAbrs94DaeLyQgBEmMBDGMBAgu1XQ3z/ofertasv/?filter[tourOperator]=WEZY&filter%5Bperson%5D=2&filter%5BchildAge%5D%5B1%5D=20201210&filter%5Bchild%5D=1"
"Naama Bay Promenade Mountain Resort","9384.0","27.10.2026 - 03.11.2026","8 dni/7 nocy","","4.2","4.2","1290","tripadvisor","Warszawa - Modlin","2026-09-14T05:26:42.675786+00:00","https://fly.pl/oferta/egipt-wczasy/?filter[dest]=11:&filter[hotelids]=&filter[cityids]=&filter[cregids]=&filter[ofrType]=&filter[addObjType]=&filter[whenFrom]=10-10-2026&filter[whenTo]=05-11-2026&filter[duration]=7:10&filter[from]=Warszawa%20-%20Radom,Warszawa,Warszawa%20-%20Modlin&filter[person]=2&filter[child]=1&filter[price]=0:11000&filter[PriceFrom]=0&filter[PriceTo]=11000&filter[addCategory]=50&filter[addCatering]=1&filter[addMisc]=0&filter[addTransport]=F&filter[fp]=1&order_by=ofr_price&filter[tourOperator]=0&filter[childAge][1]=20201210","https://fly.pl/cdn/photo/assets/uploads/582/278/2024/07/naama-bay-promenade-mountain-resort.jpg","https://fly.pl/wycieczka/egipt,sharm-el-sheikh,szarm-el-szejk/naama-bay-promenade-mountain-resort-12/pDK66J-SH4UH1TiE9SDNxyAAogqxDAitHZf5TkvBQIUO0NJZgpXVUQjygZk0IwIA3_YjEqBE9BU0kwmYue1QZIqElQAViCCGACagNBSWxyIRwRra8BuQSX9w-rBAIbidUNGLTtEgG6vNqZAgIAYwECC8_e1BI/ofertasv/?filter[tourOperator]=OASI&filter%5Bperson%5D=2&filter%5BchildAge%5D%5B1%5D=20201210&filter%5Bchild%5D=1"
"Naama Bay Hotel & Resort","9438.0","11.10.2026 - 18.10.2026","8 dni/7 nocy","","4.4","4.4","4857","tripadvisor","Warszawa","2026-09-14T05:26:42.675786+00:00","https://fly.pl/oferta/egipt-wczasy/?filter[dest]=11:&filter[hotelids]=&filter[cityids]=&filter[cregids]=&filter[ofrType]=&filter[addObjType]=&filter[whenFrom]=10-10-2026&filter[whenTo]=05-11-2026&filter[duration]=7:10&filter[from]=Warszawa%20-%20Radom,Warszawa,Warszawa%20-%20Modlin&filter[person]=2&filter[child]=1&filter[price]=0:11000&filter[PriceFrom]=0&filter[PriceTo]=11000&filter[addCategory]=50&filter[addCatering]=1&filter[addMisc]=0&filter[addTransport]=F&filter[fp]=1&order_by=ofr_price&filter[tourOperator]=0&filter[childAge][1]=20201210","https://fly.pl/cdn/photo/assets/uploads/582/278/2014/07/Naama-Bay.jpg","https://fly.pl/wycieczka/egipt,sharm-el-sheikh,c/tropitel-naama-bay/pdkDTx1eOIg5nyKnx1iGpBAAogD7wSLTmk8QHgQGcRSrkJbgiPgYhrkVrHHSR3tH9QMnYqBEpPSVAwmYue1QZI3klQQViCBWACagMwMllyQpsBFAEVBhcAXANYBVYCQMoGT-IBXQARrcYBXrE0UqYgUwBLxyNhAEzljDoNpv2XCSAAAZ6z6KC1iMygMAINYwEAC4I412I/ofertasv/?filter[tourOperator]=JOIP&filter%5Bperson%5D=2&filter%5BchildAge%5D%5B1%5D=20201210&filter%5Bchild%5D=1"
"Pickalbatros Golf Beach Resort","9444.0","27.10.2026 - 03.11.2026","8 dni/7 nocy","","4.5","4.5","318","tripadvisor","Warszawa - Modlin","2026-09-14T05:26:42.675786+00:00","https://fly.pl/oferta/egipt-wczasy/?filter[dest]=11:&filter[hotelids]=&filter[cityids]=&filter[cregids]=&filter[ofrType]=&filter[addObjType]=&filter[whenFrom]=10-10-2026&filter[whenTo]=05-11-2026&filter[duration]=7:10&filter[from]=Warszawa%20-%20Radom,Warszawa,Warszawa%20-%20Modlin&filter[person]=2&filter[child]=1&filter[price]=0:11000&filter[PriceFrom]=0&filter[PriceTo]=11000&filter[addCategory]=50&filter[addCatering]=1&filter[addMisc]=0&filter[addTransport]=F&filter[fp]=1&order_by=ofr_price&filter[tourOperator]=0&filter[childAge][1]=20201210","https://fly.pl/cdn/photo/assets/uploads/582/278/2014/07/Golf-Beach-Resort-Managed-by-Rixos.jpg","https://fly.pl/wycieczka/egipt,sharm-el-sheikh,c/maritim-jolie-ville-golf/pyy7a6Gd5DL_d7m458Sqq-AAogcIfOzLokKx1ol6JgmkKTaJgpXVUQjygZk0IwIA3_YjEqBE9BU0kwmYue1QZI5ElQAViCCGACagNBSWxyIRwR6q8BuQTa9g-rBAIbyLQPGN-AEwHJ1fSlAgIAYwECDI8NMDs/ofertasv/?filter[tourOperator]=OASI&filter%5Bperson%5D=2&filter%5BchildAge%5D%5B1%5D=20201210&filter%5Bchild%5D=1"
"Akassia Swiss Resort (ex. Calimera Club Akassia Swiss Resort)","9445.0","29.10.2026 - 05.11.2026","8 dni/7 nocy","","4.6","4.6","2604","tripadvisor","Warszawa","2026-09-14T05:26:42.675786+00:00","https://fly.pl/oferta/egipt-wczasy/?filter[dest]=11:&filter[hotelids]=&filter[cityids]=&filter[cregids]=&filter[ofrType]=&filter[addObjType]=&filter[whenFrom]=10-10-2026&filter[whenTo]=05-11-2026&filter[duration]=7:10&filter[from]=Warszawa%20-%20Radom,Warszawa,Warszawa%20-%20Modlin&filter[person]=2&filter[child]=1&filter[price]=0:11000&filter[PriceFrom]=0&filter[PriceTo]=11000&filter[addCategory]=50&filter[addCatering]=1&filter[addMisc]=0&filter[addTransport]=F&filter[fp]=1&order_by=ofr_price&filter[tourOperator]=0&filter[childAge][1]=20201210","https://fly.pl/cdn/photo/assets/uploads/582/278/2014/09/Akassia-Swiss-Resort.jpg","https://fly.pl/wycieczka/egipt,marsa-alam,c/calimera-club-akassia-swiss-resort/pLdHz2u7DST_fM3iNRLRahAAogPKQPIimE4NmaAZDQdEecNwAAAACGiAQAwbcEAAcAAQAqBFdFWlkwmYue1QZI5UlQQViyCGADaglFbnRlciBBaXJqBDA4MDBqBDAwMDBqBDAwMDByQp4BkwGVAZgBHwAcAQIAFgQXAhLtAxT8BxGEJUCtUEy2lgFPAEuxL1AAG6X-AR3Zyw0gu14N5OHBCQESYwEMYwECBXkaVoU/ofertasv/?filter[tourOperator]=WEZY&filter%5Bperson%5D=2&filter%5BchildAge%5D%5B1%5D=20201210&filter%5Bchild%5D=1"
"Pickalbatros Sands Port Ghalib (ex. Red Sea Siva Sands)","9479.0","28.10.2026 - 04.11.2026","8 dni/7 nocy","","4.5","4.5","3436","tripadvisor","Warszawa - Modlin","2026-09-14T05:26:42.675786+00:00","https://fly.pl/oferta/egipt-wczasy/?filter[dest]=11:&filter[hotelids]=&filter[cityids]=&filter[cregids]=&filter[ofrType]=&filter[addObjType]=&filter[whenFrom]=10-10-2026&filter[whenTo]=05-11-2026&filter[duration]=7:10&filter[from]=Warszawa%20-%20Radom,Warszawa,Warszawa%20-%20Modlin&filter[person]=2&filter[child]=1&filter[price]=0:11000&filter[PriceFrom]=0&filter[PriceTo]=11000&filter[addCategory]=50&filter[addCatering]=1&filter[addMisc]=0&filter[addTransport]=F&filter[fp]=1&order_by=ofr_price&filter[tourOperator]=0&filter[childAge][1]=20201210","https://fly.pl/cdn/photo/assets/uploads/582/278/2014/07/PICKALBATROS-SANDS-PORT-GHALIB.jpg","https://fly.pl/wycieczka/egipt,marsa-alam,port-ghalib/crowne-plaza-sahara-sands-resort/pX0Ws_r7DzcaFM7_eX4VjZAAogXgrazdEbhDMM7zKtEots6E91RqsWD-Zqi5PHU8FUFQkqBEJWUFIwmYue1QZIh0pQAViaCGACag1BbGwgaW5jbHVzaXZlciAcEc83G9fQBhjVkg-rBMnNFbkEAQHOltX3AQIAYwECBZ__I7E/ofertasv/?filter[tourOperator]=BVPR&filter%5Bperson%5D=2&filter%5BchildAge%5D%5B1%5D=20201210&filter%5Bchild%5D=1"
"Gravity Sahl Hasheesh (Ex. Ocean Breeze)","9492.0","29.10.2026 - 05.11.2026","8 dni/7 nocy","","4.7","4.7","3419","tripadvisor","Warszawa","2026-09-14T05:26:42.675786+00:00","https://fly.pl/oferta/egipt-wczasy/?filter[dest]=11:&filter[hotelids]=&filter[cityids]=&filter[cregids]=&filter[ofrType]=&filter[addObjType]=&filter[whenFrom]=10-10-2026&filter[whenTo]=05-11-2026&filter[duration]=7:10&filter[from]=Warszawa%20-%20Radom,Warszawa,Warszawa%20-%20Modlin&filter[person]=2&filter[child]=1&filter[price]=0:11000&filter[PriceFrom]=0&filter[PriceTo]=11000&filter[addCategory]=50&filter[addCatering]=1&filter[addMisc]=0&filter[addTransport]=F&filter[fp]=1&order_by=ofr_price&filter[tourOperator]=0&filter[childAge][1]=20201210","https://fly.pl/cdn/photo/assets/uploads/582/278/2018/10/Gravity-Sahl-Hasheesh.jpg","https://fly.pl/wycieczka/egipt,hurghada,c/ocean-breeze/pkzQw9PJ235kGDKRZx9wLxAAogPenBKNx6lpC-0TCtBTy1pm6Wj8k6hFOBlNGwGBIFr0MqBFJOQlcwmYue1QZIlEpQQViyCGACagRDQWhlag1BTExfSU5DTFVTSVZFaiYxNiwyMzQsMjgzLDI5NiwzODAsMzg4LDQ3Nyw0ODMsNDg0LDQ4NWoHNDk3LDQ5OXI9nwGWAZ4BlAEVBxcAWAhAyAcKKBGpHBDzHhmpGUyeNlOKIVIAS5yTAWEAHezyPw85IPiWkgkNAAINYwECBqdkl_M/ofertasv/?filter[tourOperator]=RNBW&filter%5Bperson%5D=2&filter%5BchildAge%5D%5B1%5D=20201210&filter%5Bchild%5D=1"
"Cleopatra Luxury Resort (Makadi Bay)","9518.0","29.10.2026 - 05.11.2026","8 dni/7 nocy","","4.6","4.6","3187","tripadvisor","Warszawa","2026-09-14T05:26:42.675786+00:00","https://fly.pl/oferta/egipt-wczasy/?filter[dest]=11:&filter[hotelids]=&filter[cityids]=&filter[cregids]=&filter[ofrType]=&filter[addObjType]=&filter[whenFrom]=10-10-2026&filter[whenTo]=05-11-2026&filter[duration]=7:10&filter[from]=Warszawa%20-%20Radom,Warszawa,Warszawa%20-%20Modlin&filter[person]=2&filter[child]=1&filter[price]=0:11000&filter[PriceFrom]=0&filter[PriceTo]=11000&filter[addCategory]=50&filter[addCatering]=1&filter[addMisc]=0&filter[addTransport]=F&filter[fp]=1&order_by=ofr_price&filter[tourOperator]=0&filter[childAge][1]=20201210","https://fly.pl/cdn/photo/assets/uploads/582/278/2014/10/Cleopatra-Luxury-Resort-Makadi-Bay.jpg","https://fly.pl/wycieczka/egipt,hurghada,makadi-bay/cleopatra-luxury-resort-makadi-bay/pUm_gQr8zNG1oZolaoF93XAAogpTYjIM9fgYQa3z0NipQRBxLqCxxQb8S86Hh0k4aD-ioqBE9SRVgwmYue1QZIrkpQQViyCGACagdQNE8uMi4xcjWbARUHFwBcA1gFVgIRDUC9Bl2bD08kU9KdAVIAXq9PS-1DYQBM5Yw6ILj9lwkNAAISYwECDClBvts/ofertasv/?filter[tourOperator]=OREX&filter%5Bperson%5D=2&filter%5BchildAge%5D%5B1%5D=20201210&filter%5Bchild%5D=1"
"Palm Royale Soma Bay","9527.0","29.10.2026 - 05.11.2026","8 dni/7 nocy","","4.7","4.7","7186","tripadvisor","Warszawa","2026-09-14T05:26:42.675786+00:00","https://fly.pl/oferta/egipt-wczasy/?filter[dest]=11:&filter[hotelids]=&filter[cityids]=&filter[cregids]=&filter[ofrType]=&filter[addObjType]=&filter[whenFrom]=10-10-2026&filter[whenTo]=05-11-2026&filter[duration]=7:10&filter[from]=Warszawa%20-%20Radom,Warszawa,Warszawa%20-%20Modlin&filter[person]=2&filter[child]=1&filter[price]=0:11000&filter[PriceFrom]=0&filter[PriceTo]=11000&filter[addCategory]=50&filter[addCatering]=1&filter[addMisc]=0&filter[addTransport]=F&filter[fp]=1&order_by=ofr_price&filter[tourOperator]=0&filter[childAge][1]=20201210","https://fly.pl/cdn/photo/assets/uploads/582/278/2014/09/Palm-Royale-Resort-Soma-Bay.jpg","https://fly.pl/wycieczka/egipt,hurghada,soma-bay/palm-royale-soma-bay/pjzHYFHoht4VlZ2tIIXqCGAAogFpUJElT_it3OF5WnnrZ1MxLqCxxQb8S86Hh0k4aD-ioqBE9SRVgwmYue1QZIt0pQQViyCGACagZFQy4yLjFyNZsBFQcXAFwDWAVWAhEwQJoGXZsPTyRT0p0BUgBer09L7UNhAEzljDoguP2XCQ0AAhJjAQINVhcBng/ofertasv/?filter[tourOperator]=OREX&filter%5Bperson%5D=2&filter%5BchildAge%5D%5B1%5D=20201210&filter%5Bchild%5D=1"
"Double Tree by Hilton Mangroovy El Gouna Resort","9540.0","29.10.2026 - 05.11.2026","8 dni/7 nocy","","","","","","Warszawa","2026-09-14T05:26:42.675786+00:00","https://fly.pl/oferta/egipt-wczasy/?filter[dest]=11:&filter[hotelids]=&filter[cityids]=&filter[cregids]=&filter[ofrType]=&filter[addObjType]=&filter[whenFrom]=10-10-2026&filter[whenTo]=05-11-2026&filter[duration]=7:10&filter[from]=Warszawa%20-%20Radom,Warszawa,Warszawa%20-%20Modlin&filter[person]=2&filter[child]=1&filter[price]=0:11000&filter[PriceFrom]=0&filter[PriceTo]=11000&filter[addCategory]=50&filter[addCatering]=1&filter[addMisc]=0&filter[addTransport]=F&filter[fp]=1&order_by=ofr_price&filter[tourOperator]=0&filter[childAge][1]=20201210","https://datacfstatic.merlinx.pl/OREX/IMG/6513/61970b72b312ea6d0373821b3cb6271ebffe7a152e252532c893aa503ed99358.webp","https://fly.pl/wycieczka/egipt,hurghada,al-dzuna/double-tree-by-hilton-mangroovy-el-gouna-13/pdZ4Rspewj60XHJIOQV2VAAAog2T315cxqL99FtniBsRw5EBLqCxxQb8S86Hh0k4aD-ioqBE9SRVgwmYue1QZIxEpQQViyCGACagVYLjIuMXI2mwEVBxcAXANYBVYCQMoGXZsPTyQR1xxT-4ABUgBer09L7UNhAEzljDoguP2XCQ0AAhJjAQILCdVzNQ/ofertasv/?filter[tourOperator]=OREX&filter%5Bperson%5D=2&filter%5BchildAge%5D%5B1%5D=20201210&filter%5Bchild%5D=1"
"Continental (ex Movenpick Resort)","9554.0","29.10.2026 - 05.11.2026","8 dni/7 nocy","","4.5","4.5","4172","tripadvisor","Warszawa","2026-09-14T05:26:42.675786+00:00","https://fly.pl/oferta/egipt-wczasy/?filter[dest]=11:&filter[hotelids]=&filter[cityids]=&filter[cregids]=&filter[ofrType]=&filter[addObjType]=&filter[whenFrom]=10-10-2026&filter[whenTo]=05-11-2026&filter[duration]=7:10&filter[from]=Warszawa%20-%20Radom,Warszawa,Warszawa%20-%20Modlin&filter[person]=2&filter[child]=1&filter[price]=0:11000&filter[PriceFrom]=0&filter[PriceTo]=11000&filter[addCategory]=50&filter[addCatering]=1&filter[addMisc]=0&filter[addTransport]=F&filter[fp]=1&order_by=ofr_price&filter[tourOperator]=0&filter[childAge][1]=20201210","https://fly.pl/cdn/photo/assets/uploads/582/278/2014/09/Continental-Resort.jpg","https://fly.pl/wycieczka/egipt,hurghada,c/movenpick-resort-hurghada-ex-continental-resort/puoKvdfpudI3lq3LUql94YAAogpQKzDoKcK7RUSm1vKqfVYxLqCxxQb8S86Hh0k4aD-ioqBE9SRVgwmYue1QZI0kpQQViyCGACagZGQi4yLjFyNZsBFQcXAFwDWAVWAhFhQOkFXZsPTyRT0p0BUgBer09L7UNhAEzljDoguP2XCQ0AAhJjAQILVHNcog/ofertasv/?filter[tourOperator]=OREX&filter%5Bperson%5D=2&filter%5BchildAge%5D%5B1%5D=20201210&filter%5Bchild%5D=1"
"Gravity Hotel & Aquapark Hurghada (ex. Samra Bay Resort)","9580.0","20.10.2026 - 27.10.2026","8 dni/7 nocy","","","","","","Warszawa","2026-09-14T05:26:42.675786+00:00","https://fly.pl/oferta/egipt-wczasy/?filter[dest]=11:&filter[hotelids]=&filter[cityids]=&filter[cregids]=&filter[ofrType]=&filter[addObjType]=&filter[whenFrom]=10-10-2026&filter[whenTo]=05-11-2026&filter[duration]=7:10&filter[from]=Warszawa%20-%20Radom,Warszawa,Warszawa%20-%20Modlin&filter[person]=2&filter[child]=1&filter[price]=0:11000&filter[PriceFrom]=0&filter[PriceTo]=11000&filter[addCategory]=50&filter[addCatering]=1&filter[addMisc]=0&filter[addTransport]=F&filter[fp]=1&order_by=ofr_price&filter[tourOperator]=0&filter[childAge][1]=20201210","https://fly.pl/cdn/photo/assets/uploads/582/278/2017/04/Gravity-Hotel-Aquapark-Hurghada.jpg","https://fly.pl/wycieczka/egipt,hurghada,c/samra-bay-resort/pc0t0AMCKC3Ara1gD-B8L1AAoguHhLBhDzhdphd211mkSAfg6xPSSx01l8-VY8g4i8578qBEpPSVAwmYue1QZI7EpQQVjaBmACagMwMllyQpsBFAEVBhcAXANYBVYCQMoGT-IBXQBSr6sBUwBer08RuD9LtQRhAEzljDoNr_2XCSAAAayXiLiEic6gMAIOYwEADXclPCU/ofertasv/?filter[tourOperator]=JOIP&filter%5Bperson%5D=2&filter%5BchildAge%5D%5B1%5D=20201210&filter%5Bchild%5D=1"
"Bellagio Beach Resort & Spa (ex. Panorama Bungalows Hurghada)","9585.0","27.10.2026 - 03.11.2026","9 dni/7 nocy","","4.3","4.3","4475","tripadvisor","Warszawa - Modlin","2026-09-14T05:26:42.675786+00:00","https://fly.pl/oferta/egipt-wczasy/?filter[dest]=11:&filter[hotelids]=&filter[cityids]=&filter[cregids]=&filter[ofrType]=&filter[addObjType]=&filter[whenFrom]=10-10-2026&filter[whenTo]=05-11-2026&filter[duration]=7:10&filter[from]=Warszawa%20-%20Radom,Warszawa,Warszawa%20-%20Modlin&filter[person]=2&filter[child]=1&filter[price]=0:11000&filter[PriceFrom]=0&filter[PriceTo]=11000&filter[addCategory]=50&filter[addCatering]=1&filter[addMisc]=0&filter[addTransport]=F&filter[fp]=1&order_by=ofr_price&filter[tourOperator]=0&filter[childAge][1]=20201210","https://fly.pl/cdn/photo/assets/uploads/582/278/2014/07/Bellagio-Beach-Resort-Spa.jpg","https://fly.pl/wycieczka/egipt,hurghada,c/panorama-bungalow-resort/pglU2EEo4CS9SR24hZZTXvAAogVZQ_kBKhwuQtLizlC6N-In-RivCO5fCdWQwfiBpU-nUqBE9BU0kwmYue1QZI8UpQAViCCGACagNBSWxyIBwR7narBP6nELkEQBuMqg4Yy4ASAfHznZkCAgBjAQINCs_6ew/ofertasv/?filter[tourOperator]=OASI&filter%5Bperson%5D=2&filter%5BchildAge%5D%5B1%5D=20201210&filter%5Bchild%5D=1"
"Concorde Sport","9642.0","11.10.2026 - 18.10.2026","8 dni/7 nocy","","","","","","Warszawa","2026-09-14T05:26:42.675786+00:00","https://fly.pl/oferta/egipt-wczasy/?filter[dest]=11:&filter[hotelids]=&filter[cityids]=&filter[cregids]=&filter[ofrType]=&filter[addObjType]=&filter[whenFrom]=10-10-2026&filter[whenTo]=05-11-2026&filter[duration]=7:10&filter[from]=Warszawa%20-%20Radom,Warszawa,Warszawa%20-%20Modlin&filter[person]=2&filter[child]=1&filter[price]=0:11000&filter[PriceFrom]=0&filter[PriceTo]=11000&filter[addCategory]=50&filter[addCatering]=1&filter[addMisc]=0&filter[addTransport]=F&filter[fp]=1&order_by=ofr_price&filter[tourOperator]=0&filter[childAge][1]=20201210","https://fly.pl/cdn/photo/assets/uploads/582/278/2017/08/Concorde-Sport-fly-pl-4.jpg","https://fly.pl/wycieczka/egipt,sharm-el-sheikh,szarm-el-szejk/concorde-sport/p5ZMoN_tl1AEf_l5GsfPRWAAogYNf8YLxAxJwCsAh9IFUxBgiPgYhrkVrHHSR3tH9QMnYqBEpPSVAwmYue1QZIqktQQViCBWACagNDR21yQpsBFAEVBhcAXANYBVYCQMoGT-IBXQBe3voBUqYgUwARmgNLrSBhAEzljDoNpv2XCSAAAcK9zKjDiMygMAINYwEAC_YBHq4/ofertasv/?filter[tourOperator]=JOIP&filter%5Bperson%5D=2&filter%5BchildAge%5D%5B1%5D=20201210&filter%5Bchild%5D=1"
"Hilton Plaza (Hurghada)","9644.0","29.10.2026 - 05.11.2026","8 dni/7 nocy","","4.6","4.6","4244","tripadvisor","Warszawa","2026-09-14T05:26:42.675786+00:00","https://fly.pl/oferta/egipt-wczasy/?filter[dest]=11:&filter[hotelids]=&filter[cityids]=&filter[cregids]=&filter[ofrType]=&filter[addObjType]=&filter[whenFrom]=10-10-2026&filter[whenTo]=05-11-2026&filter[duration]=7:10&filter[from]=Warszawa%20-%20Radom,Warszawa,Warszawa%20-%20Modlin&filter[person]=2&filter[child]=1&filter[price]=0:11000&filter[PriceFrom]=0&filter[PriceTo]=11000&filter[addCategory]=50&filter[addCatering]=1&filter[addMisc]=0&filter[addTransport]=F&filter[fp]=1&order_by=ofr_price&filter[tourOperator]=0&filter[childAge][1]=20201210","https://fly.pl/cdn/photo/assets/uploads/582/278/2014/10/Hilton-Plaza.jpg","https://fly.pl/wycieczka/egipt,hurghada,c/hilton-plaza-hurghada/pdD_PFIQFppjZlA-OOUG0jAAogDxVZQjh5ZFUMT5h7bfSvjBLqCxxQb8S86Hh0k4aD-ioqBE9SRVgwmYue1QZIrEtQQViyCGACagVFLjIuMXI1mwEVBxcAXANYBVYCEVpA8AVdmw9PJFPSnQFSAF6vT0vtQ2EATOWMOiC4_ZcJDQACEmMBAgtrD7rC/ofertasv/?filter[tourOperator]=OREX&filter%5Bperson%5D=2&filter%5BchildAge%5D%5B1%5D=20201210&filter%5Bchild%5D=1"
"Golf Villas And Suites Sharm","9676.0","27.10.2026 - 03.11.2026","8 dni/7 nocy","","4.7","4.7","362","tripadvisor","Warszawa - Modlin","2026-09-14T05:26:42.675786+00:00","https://fly.pl/oferta/egipt-wczasy/?filter[dest]=11:&filter[hotelids]=&filter[cityids]=&filter[cregids]=&filter[ofrType]=&filter[addObjType]=&filter[whenFrom]=10-10-2026&filter[whenTo]=05-11-2026&filter[duration]=7:10&filter[from]=Warszawa%20-%20Radom,Warszawa,Warszawa%20-%20Modlin&filter[person]=2&filter[child]=1&filter[price]=0:11000&filter[PriceFrom]=0&filter[PriceTo]=11000&filter[addCategory]=50&filter[addCatering]=1&filter[addMisc]=0&filter[addTransport]=F&filter[fp]=1&order_by=ofr_price&filter[tourOperator]=0&filter[childAge][1]=20201210","https://fly.pl/cdn/photo/assets/uploads/582/278/2014/07/Maritim-Jolie-Ville-Royal-Peninsula-fly-pl.jpg","https://fly.pl/wycieczka/egipt,sharm-el-sheikh,c/maritim-jolie-ville-royal-peninsula/pkbe1fUrIqX3WgG2uQFNEmAAogLRCSRG7EtLTth68P44XvvJgpXVUQjygZk0IwIA3_YjEqBE9BU0kwmYue1QZIzEtQAViCCGACagNBSWxyIRwR7q8BuQTW9g-rBAIblbQPGJOAEwH4rOulAgIAYwECDDLuYug/ofertasv/?filter[tourOperator]=OASI&filter%5Bperson%5D=2&filter%5BchildAge%5D%5B1%5D=20201210&filter%5Bchild%5D=1"
"Serenity Sky Arc","9677.0","22.10.2026 - 29.10.2026","8 dni/7 nocy","","","","","","Warszawa","2026-09-14T05:26:42.675786+00:00","https://fly.pl/oferta/egipt-wczasy/?filter[dest]=11:&filter[hotelids]=&filter[cityids]=&filter[cregids]=&filter[ofrType]=&filter[addObjType]=&filter[whenFrom]=10-10-2026&filter[whenTo]=05-11-2026&filter[duration]=7:10&filter[from]=Warszawa%20-%20Radom,Warszawa,Warszawa%20-%20Modlin&filter[person]=2&filter[child]=1&filter[price]=0:11000&filter[PriceFrom]=0&filter[PriceTo]=11000&filter[addCategory]=50&filter[addCatering]=1&filter[addMisc]=0&filter[addTransport]=F&filter[fp]=1&order_by=ofr_price&filter[tourOperator]=0&filter[childAge][1]=20201210","https://datacfstatic.merlinx.pl/EXIM/IMG/105925/cf3c14898a23b0b49569de311369928ab20dff35cd198358119db51d531b20bd.webp","https://fly.pl/wycieczka/egipt,hurghada,sahl-hasheesh/serenity-sky-arc-10/pMqKmHKOwrCnbaxQrvAYcjAAogAfojE8ftjQI0jVQ8yiQUKqRG0VQdpnA-GADI7BbNUrMqBEVYSU0wmYue1QZIzUtQAViKB2ACagJBSXIhHBHFuwa5BOT_PasEHBut4i8YkNo2AYT9tIsJAgBjAQIGDTsuJw/ofertasv/?filter[tourOperator]=EXIM&filter%5Bperson%5D=2&filter%5BchildAge%5D%5B1%5D=20201210&filter%5Bchild%5D=1"
"Domina Coral Bay Oasis","9719.0","11.10.2026 - 18.10.2026","8 dni/7 nocy","","4.2","4.2","12420","tripadvisor","Warszawa","2026-09-14T05:26:42.675786+00:00","https://fly.pl/oferta/egipt-wczasy/?filter[dest]=11:&filter[hotelids]=&filter[cityids]=&filter[cregids]=&filter[ofrType]=&filter[addObjType]=&filter[whenFrom]=10-10-2026&filter[whenTo]=05-11-2026&filter[duration]=7:10&filter[from]=Warszawa%20-%20Radom,Warszawa,Warszawa%20-%20Modlin&filter[person]=2&filter[child]=1&filter[price]=0:11000&filter[PriceFrom]=0&filter[PriceTo]=11000&filter[addCategory]=50&filter[addCatering]=1&filter[addMisc]=0&filter[addTransport]=F&filter[fp]=1&order_by=ofr_price&filter[tourOperator]=0&filter[childAge][1]=20201210","https://fly.pl/cdn/photo/assets/uploads/582/278/2014/07/Domina-Coral-Bay-Oasis.jpg","https://fly.pl/wycieczka/egipt,sharm-el-sheikh,c/domina-coral-bay-oasis/pYh2FHbfw8QKI0mubjViAlAAogvkSs33HP7zMRMBxz5aixTQiPgYhrkVrHHSR3tH9QMnYqBEpPSVAwmYue1QZI90tQQViCBWACagMwMEZyQpsBFAEVBhcAXANYBVYCQMoGT-IBXQAR4MgBXv4xUqYgUwBLxyNhAEzljDoNpv2XCSAAAceh4KjDiMygMAINYwEADM85fDs/ofertasv/?filter[tourOperator]=JOIP&filter%5Bperson%5D=2&filter%5BchildAge%5D%5B1%5D=20201210&filter%5Bchild%5D=1"
"El Malikia Resort Abu Dabbab (ex.Sol Y Mar)","9723.0","27.10.2026 - 03.11.2026","8 dni/7 nocy","","4.5","4.5","6784","tripadvisor","Warszawa","2026-09-14T05:26:42.675786+00:00","https://fly.pl/oferta/egipt-wczasy/?filter[dest]=11:&filter[hotelids]=&filter[cityids]=&filter[cregids]=&filter[ofrType]=&filter[addObjType]=&filter[whenFrom]=10-10-2026&filter[whenTo]=05-11-2026&filter[duration]=7:10&filter[from]=Warszawa%20-%20Radom,Warszawa,Warszawa%20-%20Modlin&filter[person]=2&filter[child]=1&filter[price]=0:11000&filter[PriceFrom]=0&filter[PriceTo]=11000&filter[addCategory]=50&filter[addCatering]=1&filter[addMisc]=0&filter[addTransport]=F&filter[fp]=1&order_by=ofr_price&filter[tourOperator]=0&filter[childAge][1]=20201210","https://fly.pl/cdn/photo/assets/uploads/582/278/2016/11/El-Malikia-Resort-Abu-Dabbab-ex.Sol-Y-Mar-fly-pl.jpg","https://fly.pl/wycieczka/egipt,marsa-alam,c/el-malikia-resort-abu-dabbab-ex-sol-y-mar/p7pVzuZqkzGnFawal_B91uAAogMZKuDnxNdqC9_aJPbBCK_DRsfw9dPlz4tI2gbPlt5zYqBFNGUEwwmYue1QZI-0tQQViCCGACciILAhUFIgYSJ1zGAkAuW5f0UQ3k2YIJUfKv5JIGAhJjAQIGzFAihw/ofertasv/?filter[tourOperator]=SFPL&filter%5Bperson%5D=2&filter%5BchildAge%5D%5B1%5D=20201210&filter%5Bchild%5D=1"
"Sirena Beach Resort & Spa","9757.0","17.10.2026 - 24.10.2026","8 dni/7 nocy","","4.7","4.7","466","tripadvisor","Warszawa","2026-09-14T05:26:42.675786+00:00","https://fly.pl/oferta/egipt-wczasy/?filter[dest]=11:&filter[hotelids]=&filter[cityids]=&filter[cregids]=&filter[ofrType]=&filter[addObjType]=&filter[whenFrom]=10-10-2026&filter[whenTo]=05-11-2026&filter[duration]=7:10&filter[from]=Warszawa%20-%20Radom,Warszawa,Warszawa%20-%20Modlin&filter[person]=2&filter[child]=1&filter[price]=0:11000&filter[PriceFrom]=0&filter[PriceTo]=11000&filter[addCategory]=50&filter[addCatering]=1&filter[addMisc]=0&filter[addTransport]=F&filter[fp]=1&order_by=ofr_price&filter[tourOperator]=0&filter[childAge][1]=20201210","https://datacfstatic.merlinx.pl/ITAK/IMG/RMFSIRE/2a33aa899780987f59df20ed7ea7d5c43cfc5ceabce89d0fe9ee4ee31a0703f2.webp","https://fly.pl/wycieczka/egipt,marsa-alam,al-kusajr/movenpick-sirena-beach-13/pSs19BXSebEgJfLuwyo12BAAogFndqUT9hjxxREONRO0-AF07nc9_1RBs3cXvAsPCiQ9oqBFZJVFgwmYue1QZInUxQQViSBmACckAaABUHFwBcA1gFQI8DW7-DAV6-fFK8FFMAS7EvYQBMj7U5DYLVmAkgAFHhuMH23wFPqeIKXZz4r_klAg5jAQINgsWBvg/ofertasv/?filter[tourOperator]=VITX&filter%5Bperson%5D=2&filter%5BchildAge%5D%5B1%5D=20201210&filter%5Bchild%5D=1"
"Gorgonia Beach","9783.0","20.10.2026 - 27.10.2026","8 dni/7 nocy","","4.5","4.5","3764","tripadvisor","Warszawa","2026-09-14T05:26:42.675786+00:00","https://fly.pl/oferta/egipt-wczasy/?filter[dest]=11:&filter[hotelids]=&filter[cityids]=&filter[cregids]=&filter[ofrType]=&filter[addObjType]=&filter[whenFrom]=10-10-2026&filter[whenTo]=05-11-2026&filter[duration]=7:10&filter[from]=Warszawa%20-%20Radom,Warszawa,Warszawa%20-%20Modlin&filter[person]=2&filter[child]=1&filter[price]=0:11000&filter[PriceFrom]=0&filter[PriceTo]=11000&filter[addCategory]=50&filter[addCatering]=1&filter[addMisc]=0&filter[addTransport]=F&filter[fp]=1&order_by=ofr_price&filter[tourOperator]=0&filter[childAge][1]=20201210","https://fly.pl/cdn/photo/assets/uploads/582/278/2016/12/Gorgonia-Beach-Resort.jpg","https://fly.pl/wycieczka/egipt,marsa-alam,c/gorgonia-beach/pQ6DxzLkl2HGeWpUicgX_zAAog9neub51qzm8qFv04mqPBk9ExpNyR8PdMYb0hQMEv2X0qBFNGUEwwmYue1QZIt0xQQVjaBmACciMLAhUFIgYSJ1zGAkAuDfTN1AlRy_PjkgZbifjAHwISYwECBhOplAw/ofertasv/?filter[tourOperator]=SFPL&filter%5Bperson%5D=2&filter%5BchildAge%5D%5B1%5D=20201210&filter%5Bchild%5D=1"
"Jaz Aquaviva","9817.0","29.10.2026 - 05.11.2026","8 dni/7 nocy","","4.7","4.7","10804","tripadvisor","Warszawa","2026-09-14T05:26:42.675786+00:00","https://fly.pl/oferta/egipt-wczasy/?filter[dest]=11:&filter[hotelids]=&filter[cityids]=&filter[cregids]=&filter[ofrType]=&filter[addObjType]=&filter[whenFrom]=10-10-2026&filter[whenTo]=05-11-2026&filter[duration]=7:10&filter[from]=Warszawa%20-%20Radom,Warszawa,Warszawa%20-%20Modlin&filter[person]=2&filter[child]=1&filter[price]=0:11000&filter[PriceFrom]=0&filter[PriceTo]=11000&filter[addCategory]=50&filter[addCatering]=1&filter[addMisc]=0&filter[addTransport]=F&filter[fp]=1&order_by=ofr_price&filter[tourOperator]=0&filter[childAge][1]=20201210","https://fly.pl/cdn/photo/assets/uploads/582/278/2015/07/Jaz-Aquaviva.jpg","https://fly.pl/wycieczka/egipt,hurghada,makadi-bay/jaz-makadi-aquaviva/p6pXyAWvL8dExfjmtW_F1OAAog0zfgcLwq-mFbk20cs6vLTWSr15Jod7NI_ZeeP2cCHt0qBEVYSU0wmYue1QZI2UxQAViyCGACagJBSXIjHBGfwga5BIv5PasEvYoKG7qbLxj6310B5eqQsw0CAGMBAgyyFFmw/ofertasv/?filter[tourOperator]=EXIM&filter%5Bperson%5D=2&filter%5BchildAge%5D%5B1%5D=20201210&filter%5Bchild%5D=1"
"Renaissance Golden View Beach Resort by Marriott","9842.0","27.10.2026 - 03.11.2026","8 dni/7 nocy","","4.5","4.5","7224","tripadvisor","Warszawa - Modlin","2026-09-14T05:26:42.675786+00:00","https://fly.pl/oferta/egipt-wczasy/?filter[dest]=11:&filter[hotelids]=&filter[cityids]=&filter[cregids]=&filter[ofrType]=&filter[addObjType]=&filter[whenFrom]=10-10-2026&filter[whenTo]=05-11-2026&filter[duration]=7:10&filter[from]=Warszawa%20-%20Radom,Warszawa,Warszawa%20-%20Modlin&filter[person]=2&filter[child]=1&filter[price]=0:11000&filter[PriceFrom]=0&filter[PriceTo]=11000&filter[addCategory]=50&filter[addCatering]=1&filter[addMisc]=0&filter[addTransport]=F&filter[fp]=1&order_by=ofr_price&filter[tourOperator]=0&filter[childAge][1]=20201210","https://fly.pl/cdn/photo/assets/uploads/582/278/2014/07/Renaissance-Golden-View-Beach-Resort.jpg","https://fly.pl/wycieczka/egipt,sharm-el-sheikh,c/renaissance-golden-view-beach/p054UMJmc4NoQbz27iiguGAAogHb214FNFEEddcPkMl-HrGZgpXVUQjygZk0IwIA3_YjEqBE9BU0kwmYue1QZI8kxQAViCCGACagNBSWxyIRwRya8BuQT79g-rBAIb4LINGMeREwGqkOiZAgIAYwECBa63WpA/ofertasv/?filter[tourOperator]=OASI&filter%5Bperson%5D=2&filter%5BchildAge%5D%5B1%5D=20201210&filter%5Bchild%5D=1"
"Red Sea Grand Waterworld Makadi (ex. Sunwing Waterworld Makadi)","9878.0","15.10.2026 - 22.10.2026","8 dni/7 nocy","","4.5","4.5","5590","tripadvisor","Warszawa","2026-09-14T05:26:42.675786+00:00","https://fly.pl/oferta/egipt-wczasy/?filter[dest]=11:&filter[hotelids]=&filter[cityids]=&filter[cregids]=&filter[ofrType]=&filter[addObjType]=&filter[whenFrom]=10-10-2026&filter[whenTo]=05-11-2026&filter[duration]=7:10&filter[from]=Warszawa%20-%20Radom,Warszawa,Warszawa%20-%20Modlin&filter[person]=2&filter[child]=1&filter[price]=0:11000&filter[PriceFrom]=0&filter[PriceTo]=11000&filter[addCategory]=50&filter[addCatering]=1&filter[addMisc]=0&filter[addTransport]=F&filter[fp]=1&order_by=ofr_price&filter[tourOperator]=0&filter[childAge][1]=20201210","https://fly.pl/cdn/photo/assets/uploads/582/278/2017/06/Red-Sea-Grand-Waterworld-Makadi.jpg","https://fly.pl/wycieczka/egipt,hurghada,makadi-bay/sunwing-waterworld-makadi/pCKZfp_Fa1hf_aMr2i2BgRAAogoB6Zp15XFpCtyTZTS8jCf1MAo-Pz72XjDjK39r-JCzUqA0VUSTCZi57VBkiWTVBBWOIFYAJyMRUHFwBcA1gFVgJA-wdbw4UBU50mUgBer09L7UNhACCPitIJDQBRieC99gMCEmMBAgoxWT_B/ofertasv/?filter[tourOperator]=ETI&filter%5Bperson%5D=2&filter%5BchildAge%5D%5B1%5D=20201210&filter%5Bchild%5D=1"
"Sunrise Select Garden Beach Resort & Spa","9882.0","29.10.2026 - 05.11.2026","8 dni/7 nocy","","4.7","4.7","9747","tripadvisor","Warszawa","2026-09-14T05:26:42.675786+00:00","https://fly.pl/oferta/egipt-wczasy/?filter[dest]=11:&filter[hotelids]=&filter[cityids]=&filter[cregids]=&filter[ofrType]=&filter[addObjType]=&filter[whenFrom]=10-10-2026&filter[whenTo]=05-11-2026&filter[duration]=7:10&filter[from]=Warszawa%20-%20Radom,Warszawa,Warszawa%20-%20Modlin&filter[person]=2&filter[child]=1&filter[price]=0:11000&filter[PriceFrom]=0&filter[PriceTo]=11000&filter[addCategory]=50&filter[addCatering]=1&filter[addMisc]=0&filter[addTransport]=F&filter[fp]=1&order_by=ofr_price&filter[tourOperator]=0&filter[childAge][1]=20201210","https://fly.pl/cdn/photo/assets/uploads/582/278/2014/09/Sunrise-Garden-Beach-Resort-Spa.jpg","https://fly.pl/wycieczka/egipt,hurghada,c/sunrise-select-garden-beach-resort-spa/p69WCFzAvcgCFdgkugIJXUAAogGZxqkVBdeLYKICFUV2sy8hLqCxxQb8S86Hh0k4aD-ioqBE9SRVgwmYue1QZImk1QQViyCGACagdFWE0uMi4xcjabARUHFwBcA1gFVgJAygZdmw9PJBGrA1OnmgFSAF6vT0vtQ2EATOWMOiC4_ZcJDQACEmMBAgu_yc6o/ofertasv/?filter[tourOperator]=OREX&filter%5Bperson%5D=2&filter%5BchildAge%5D%5B1%5D=20201210&filter%5Bchild%5D=1"
"Domina Coral Bay Resort","9911.0","10.10.2026 - 17.10.2026","8 dni/7 nocy","","4.2","4.2","12420","tripadvisor","Warszawa","2026-09-14T05:26:42.675786+00:00","https://fly.pl/oferta/egipt-wczasy/?filter[dest]=11:&filter[hotelids]=&filter[cityids]=&filter[cregids]=&filter[ofrType]=&filter[addObjType]=&filter[whenFrom]=10-10-2026&filter[whenTo]=05-11-2026&filter[duration]=7:10&filter[from]=Warszawa%20-%20Radom,Warszawa,Warszawa%20-%20Modlin&filter[person]=2&filter[child]=1&filter[price]=0:11000&filter[PriceFrom]=0&filter[PriceTo]=11000&filter[addCategory]=50&filter[addCatering]=1&filter[addMisc]=0&filter[addTransport]=F&filter[fp]=1&order_by=ofr_price&filter[tourOperator]=0&filter[childAge][1]=20201210","https://fly.pl/cdn/photo/assets/uploads/582/278/2014/07/DOMINA.jpg","https://fly.pl/wycieczka/egipt,sharm-el-sheikh,c/domina-coral-bay-resort-sharm-el-sheikh/pzzKcesPCCGeMYsfRfvu4eAAogNUm0aogpLaPbXoUBKazRwAAAAACZhAQAtoQEAAcAEgAqBFdFWlkwmYue1QZIt01QQVjqBGADaglFbnRlciBBaXJqBDA4MDByQ54BlQEfAAIBHAAWBBcCEu0DGIUFE80BFMkEQJJyT6CiAUwAS8cjUAAR50UdqvwOIB0btu0EDabavQkBEmMBDWMBAwUO8vyw/ofertasv/?filter[tourOperator]=WEZY&filter%5Bperson%5D=2&filter%5BchildAge%5D%5B1%5D=20201210&filter%5Bchild%5D=1"
"Reef Oasis Suakin Resort","9957.0","17.10.2026 - 24.10.2026","8 dni/7 nocy","","4.8","4.8","1445","tripadvisor","Warszawa","2026-09-14T05:26:42.675786+00:00","https://fly.pl/oferta/egipt-wczasy/?filter[dest]=11:&filter[hotelids]=&filter[cityids]=&filter[cregids]=&filter[ofrType]=&filter[addObjType]=&filter[whenFrom]=10-10-2026&filter[whenTo]=05-11-2026&filter[duration]=7:10&filter[from]=Warszawa%20-%20Radom,Warszawa,Warszawa%20-%20Modlin&filter[person]=2&filter[child]=1&filter[price]=0:11000&filter[PriceFrom]=0&filter[PriceTo]=11000&filter[addCategory]=50&filter[addCatering]=1&filter[addMisc]=0&filter[addTransport]=F&filter[fp]=1&order_by=ofr_price&filter[tourOperator]=0&filter[childAge][1]=20201210","https://fly.pl/cdn/photo/assets/uploads/582/278/2024/07/reef-oasis-suakin-resort.jpg","https://fly.pl/wycieczka/egipt,marsa-alam,c/reef-oasis-suakin-resort-11/p20_KQAVCYuw0juETCNM3nAAogtBcnyDKlttK5eINGm0j2H07nc9_1RBs3cXvAsPCiQ9oqBFZJVFgwnIue1QZI5U1QQViSBmACckAaABUHFwBcA1gFQI8DW6eGAV7WeVK8FFMAS7EvYQBM77Q5DaLVmAkgAFGOoL723wFP_PoNXZz4r_klAgxjAQILPX9Cww/ofertasv/?filter[tourOperator]=VITX&filter%5Bperson%5D=2&filter%5BchildAge%5D%5B1%5D=20201210&filter%5Bchild%5D=1"
"Jasmine Palace","9957.0","22.10.2026 - 29.10.2026","8 dni/7 nocy","","4.1","4.1","7704","tripadvisor","Warszawa","2026-09-14T05:26:42.675786+00:00","https://fly.pl/oferta/egipt-wczasy/?filter[dest]=11:&filter[hotelids]=&filter[cityids]=&filter[cregids]=&filter[ofrType]=&filter[addObjType]=&filter[whenFrom]=10-10-2026&filter[whenTo]=05-11-2026&filter[duration]=7:10&filter[from]=Warszawa%20-%20Radom,Warszawa,Warszawa%20-%20Modlin&filter[person]=2&filter[child]=1&filter[price]=0:11000&filter[PriceFrom]=0&filter[PriceTo]=11000&filter[addCategory]=50&filter[addCatering]=1&filter[addMisc]=0&filter[addTransport]=F&filter[fp]=1&order_by=ofr_price&filter[tourOperator]=0&filter[childAge][1]=20201210","https://fly.pl/cdn/photo/assets/uploads/582/278/2014/07/Jasmine-Palace.jpg","https://fly.pl/wycieczka/egipt,hurghada,c/jasmine-palace/p6K9fq9tSjmkdtOJEHxF9iAAog5wfRd79akhXK2OCs9LwD1B1kEhcS_dj-3yymgRPs4CkqBFZJVFgwnIue1QZI5U1QQViKB2ACckAaABUHFwBcA1gFQI8DW7-DAVOPLVIAXq9PS-1DYQBM7rQ5DajVmAkgAFHIgcj7jwFPu4MlXZCE8_N1Ag1jAQIMLiw9ZA/ofertasv/?filter[tourOperator]=VITX&filter%5Bperson%5D=2&filter%5BchildAge%5D%5B1%5D=20201210&filter%5Bchild%5D=1"
"Pickalbatros Palace Resort","10027.0","27.10.2026 - 03.11.2026","9 dni/7 nocy","","4.5","4.5","935","tripadvisor","Warszawa - Modlin","2026-09-14T05:26:42.675786+00:00","https://fly.pl/oferta/egipt-wczasy/?filter[dest]=11:&filter[hotelids]=&filter[cityids]=&filter[cregids]=&filter[ofrType]=&filter[addObjType]=&filter[whenFrom]=10-10-2026&filter[whenTo]=05-11-2026&filter[duration]=7:10&filter[from]=Warszawa%20-%20Radom,Warszawa,Warszawa%20-%20Modlin&filter[person]=2&filter[child]=1&filter[price]=0:11000&filter[PriceFrom]=0&filter[PriceTo]=11000&filter[addCategory]=50&filter[addCatering]=1&filter[addMisc]=0&filter[addTransport]=F&filter[fp]=1&order_by=ofr_price&filter[tourOperator]=0&filter[childAge][1]=20201210","https://fly.pl/cdn/photo/assets/uploads/582/278/2014/09/Albatros-Palace-fly-pl-4.jpg","https://fly.pl/wycieczka/egipt,hurghada,c/albatros-palace/p-JVoaFNjJ5xeJqfn6Qx8GAAogqzMbZV2ag7VBayjXWPGB55eMXePUQkpobZ-BQI6-nbQqBEVYSU0wnIue1QZIq05QAViCCGACagJBSXIhHBGk-AarBJ2wS7kERRuw-zcYgKJTAZ7_-MYNAgBjAQIMIsKEPg/ofertasv/?filter[tourOperator]=EXIM&filter%5Bperson%5D=2&filter%5BchildAge%5D%5B1%5D=20201210&filter%5Bchild%5D=1"
"Pickalbatros Luxury Suites","10063.0","10.10.2026 - 17.10.2026","8 dni/7 nocy","","4.7","4.7","362","tripadvisor","Warszawa","2026-09-14T05:26:42.675786+00:00","https://fly.pl/oferta/egipt-wczasy/?filter[dest]=11:&filter[hotelids]=&filter[cityids]=&filter[cregids]=&filter[ofrType]=&filter[addObjType]=&filter[whenFrom]=10-10-2026&filter[whenTo]=05-11-2026&filter[duration]=7:10&filter[from]=Warszawa%20-%20Radom,Warszawa,Warszawa%20-%20Modlin&filter[person]=2&filter[child]=1&filter[price]=0:11000&filter[PriceFrom]=0&filter[PriceTo]=11000&filter[addCategory]=50&filter[addCatering]=1&filter[addMisc]=0&filter[addTransport]=F&filter[fp]=1&order_by=ofr_price&filter[tourOperator]=0&filter[childAge][1]=20201210","https://fly.pl/cdn/photo/assets/uploads/582/278/2023/04/Pickalbatros-Luxury-Suites.jpg","https://fly.pl/wycieczka/egipt,sharm-el-sheikh,szarm-el-szejk/golf-villas-sharm-el-sheikh-by-rixos-11/pRgGlg9FkISzvwdF5WVABsAAogvUwJ2iYfAEDJh6BbSI8YawAAAACZhAQAtoQEAAcAEgAqBFdFWlkwnIue1QZIz05QQVjqBGADaglFbnRlciBBaXJqBDA4MDByQp4BlQEfABwBAgAWBBcCG3AS_QIYhQUTzQEUyQRAknJMoKIBTwBLxyNQABGfggId8r8NIB0N3MfCCQESYwENYwEEDIoN4cs/ofertasv/?filter[tourOperator]=WEZY&filter%5Bperson%5D=2&filter%5BchildAge%5D%5B1%5D=20201210&filter%5Bchild%5D=1"
"Safir Dahab Resort","10076.0","11.10.2026 - 18.10.2026","8 dni/7 nocy","","4.5","4.5","1520","tripadvisor","Warszawa","2026-09-14T05:26:42.675786+00:00","https://fly.pl/oferta/egipt-wczasy/?filter[dest]=11:&filter[hotelids]=&filter[cityids]=&filter[cregids]=&filter[ofrType]=&filter[addObjType]=&filter[whenFrom]=10-10-2026&filter[whenTo]=05-11-2026&filter[duration]=7:10&filter[from]=Warszawa%20-%20Radom,Warszawa,Warszawa%20-%20Modlin&filter[person]=2&filter[child]=1&filter[price]=0:11000&filter[PriceFrom]=0&filter[PriceTo]=11000&filter[addCategory]=50&filter[addCatering]=1&filter[addMisc]=0&filter[addTransport]=F&filter[fp]=1&order_by=ofr_price&filter[tourOperator]=0&filter[childAge][1]=20201210","https://fly.pl/cdn/photo/assets/uploads/582/278/2015/09/Safir-Dahab-Resort.jpg","https://fly.pl/wycieczka/egipt,dahab,c/dahab-resort/pY0-aGW7DMo_ZrAG0nZqbNAAog2FIJYsgjhfpHcxUHF8XIzgiPgYhrkVrHHSR3tH9QMnYqBEpPSVAwnIue1QZI3E5QQViCBWACagMwMHdyQpsBFAEVBhcAXANYBVYCQMoGT-IBXQBe3voBEcQEUuIbUwBLxyNhAEzljDoNpv2XCSAAAbq39Ii0iMygMAINYwEAC9kgqUQ/ofertasv/?filter[tourOperator]=JOIP&filter%5Bperson%5D=2&filter%5BchildAge%5D%5B1%5D=20201210&filter%5Bchild%5D=1"
"Cooee Prima Life Makadi Bay","10097.0","18.10.2026 - 25.10.2026","8 dni/7 nocy","","4.6","4.6","3312","tripadvisor","Warszawa","2026-09-14T05:26:42.675786+00:00","https://fly.pl/oferta/egipt-wczasy/?filter[dest]=11:&filter[hotelids]=&filter[cityids]=&filter[cregids]=&filter[ofrType]=&filter[addObjType]=&filter[whenFrom]=10-10-2026&filter[whenTo]=05-11-2026&filter[duration]=7:10&filter[from]=Warszawa%20-%20Radom,Warszawa,Warszawa%20-%20Modlin&filter[person]=2&filter[child]=1&filter[price]=0:11000&filter[PriceFrom]=0&filter[PriceTo]=11000&filter[addCategory]=50&filter[addCatering]=1&filter[addMisc]=0&filter[addTransport]=F&filter[fp]=1&order_by=ofr_price&filter[tourOperator]=0&filter[childAge][1]=20201210","https://fly.pl/cdn/photo/assets/uploads/582/278/2014/12/Prima-Life-Makadi-Resort.jpg","https://fly.pl/wycieczka/egipt,hurghada,c/prima-life-makadi-bay/pGguUjleWmiyRl1rDdZja9AAogD3tJ2rSwX4eMjBabIsZ66pyIJDTHqwrr1Day3gvsXyIqBEVYSU0wnIue1QZI8U5QAViqBmACagJBSXIhHBHGuAa5BLuFPqsEHBvhhy8Y_pc3AYW98IkJAgBjAQIF6f_tiQ/ofertasv/?filter[tourOperator]=EXIM&filter%5Bperson%5D=2&filter%5BchildAge%5D%5B1%5D=20201210&filter%5Bchild%5D=1"
"Concorde El Salam Front Area","10125.0","10.10.2026 - 17.10.2026","8 dni/7 nocy","","4.8","4.8","1490","tripadvisor","Warszawa","2026-09-14T05:26:42.675786+00:00","https://fly.pl/oferta/egipt-wczasy/?filter[dest]=11:&filter[hotelids]=&filter[cityids]=&filter[cregids]=&filter[ofrType]=&filter[addObjType]=&filter[whenFrom]=10-10-2026&filter[whenTo]=05-11-2026&filter[duration]=7:10&filter[from]=Warszawa%20-%20Radom,Warszawa,Warszawa%20-%20Modlin&filter[person]=2&filter[child]=1&filter[price]=0:11000&filter[PriceFrom]=0&filter[PriceTo]=11000&filter[addCategory]=50&filter[addCatering]=1&filter[addMisc]=0&filter[addTransport]=F&filter[fp]=1&order_by=ofr_price&filter[tourOperator]=0&filter[childAge][1]=20201210","https://fly.pl/cdn/photo/assets/uploads/582/278/2024/07/concorde-el-salam-front.jpg","https://fly.pl/wycieczka/egipt,sharm-el-sheikh,szarm-el-szejk/concorde-el-salam-front-12/pZz1iMm883QOO90LAn0D4mAAogt11xlAQXekhiY73q7DQ2GAAAAACZhAQAtoQEAAcAEgAqBFdFWlkwnIue1QZIjU9QQVjqBGADaglFbnRlciBBaXJqBDA4MDByQ54BlQEfAAIBHAAWBBcCEu0DGIUFE80BFMkEEd4-QLQzTKCiAU8AS8cjUAAbsYMCHeC-DSAdDdzHwgkBEmMBDGMBAgW734lZ/ofertasv/?filter[tourOperator]=WEZY&filter%5Bperson%5D=2&filter%5BchildAge%5D%5B1%5D=20201210&filter%5Bchild%5D=1"
"Titanic Beach Spa & Aqua Park","10157.0","15.10.2026 - 22.10.2026","8 dni/7 nocy","","4.3","4.3","7447","tripadvisor","Warszawa","2026-09-14T05:26:42.675786+00:00","https://fly.pl/oferta/egipt-wczasy/?filter[dest]=11:&filter[hotelids]=&filter[cityids]=&filter[cregids]=&filter[ofrType]=&filter[addObjType]=&filter[whenFrom]=10-10-2026&filter[whenTo]=05-11-2026&filter[duration]=7:10&filter[from]=Warszawa%20-%20Radom,Warszawa,Warszawa%20-%20Modlin&filter[person]=2&filter[child]=1&filter[price]=0:11000&filter[PriceFrom]=0&filter[PriceTo]=11000&filter[addCategory]=50&filter[addCatering]=1&filter[addMisc]=0&filter[addTransport]=F&filter[fp]=1&order_by=ofr_price&filter[tourOperator]=0&filter[childAge][1]=20201210","https://fly.pl/cdn/photo/assets/uploads/582/278/2014/07/Titanic-Beach-Spa-Aqua-Park-fly-pl.jpg","https://fly.pl/wycieczka/egipt,hurghada,c/titanic-beach-spa/pitlm62Qg9-f9Av97GfQRxAAogviv7GZtQBFSdGah-T5A744044f9kYxgWJceyc7qRpoAqBFZJVFgwnIue1QZIrU9QQVjiBWACckAaABUHFwBcA1gFQI8DW7-DAVOPLVIAXq9PS-1DYQBM7rQ5DaHVmAkgAFHnj-X7jwFPo_UHXZCE8_N1AgxjAQIL1rcAOA/ofertasv/?filter[tourOperator]=VITX&filter%5Bperson%5D=2&filter%5BchildAge%5D%5B1%5D=20201210&filter%5Bchild%5D=1"
"Steigenberger Aqua Magic","10161.0","29.10.2026 - 05.11.2026","8 dni/7 nocy","","4.6","4.6","10935","tripadvisor","Warszawa","2026-09-14T05:26:42.675786+00:00","https://fly.pl/oferta/egipt-wczasy/?filter[dest]=11:&filter[hotelids]=&filter[cityids]=&filter[cregids]=&filter[ofrType]=&filter[addObjType]=&filter[whenFrom]=10-10-2026&filter[whenTo]=05-11-2026&filter[duration]=7:10&filter[from]=Warszawa%20-%20Radom,Warszawa,Warszawa%20-%20Modlin&filter[person]=2&filter[child]=1&filter[price]=0:11000&filter[PriceFrom]=0&filter[PriceTo]=11000&filter[addCategory]=50&filter[addCatering]=1&filter[addMisc]=0&filter[addTransport]=F&filter[fp]=1&order_by=ofr_price&filter[tourOperator]=0&filter[childAge][1]=20201210","https://fly.pl/cdn/photo/assets/uploads/582/278/2014/09/Steigenberger-Aqua-Magic.jpg","https://fly.pl/wycieczka/egipt,hurghada,c/steigenberger-aqua-magic/p0yxg3Hc4PcIalPIRsra1mAAogO_r1Hu9zNS1o5wM8Pxkp0BLqCxxQb8S86Hh0k4aD-ioqBE9SRVgwnIue1QZIsU9QQViyCGACagVZLjIuMXI1mwEVBxcAXANYBVYCET9AiwZdmw9PJFPSnQFSAF6vT0vtQ2EATOWMOiC4_ZcJDQACEmMBAgvH_UVT/ofertasv/?filter[tourOperator]=OREX&filter%5Bperson%5D=2&filter%5BchildAge%5D%5B1%5D=20201210&filter%5Bchild%5D=1"
"Tropitel Sahl Hasheesh","10180.0","29.10.2026 - 05.11.2026","8 dni/7 nocy","","4.7","4.7","10246","tripadvisor","Warszawa","2026-09-14T05:26:42.675786+00:00","https://fly.pl/oferta/egipt-wczasy/?filter[dest]=11:&filter[hotelids]=&filter[cityids]=&filter[cregids]=&filter[ofrType]=&filter[addObjType]=&filter[whenFrom]=10-10-2026&filter[whenTo]=05-11-2026&filter[duration]=7:10&filter[from]=Warszawa%20-%20Radom,Warszawa,Warszawa%20-%20Modlin&filter[person]=2&filter[child]=1&filter[price]=0:11000&filter[PriceFrom]=0&filter[PriceTo]=11000&filter[addCategory]=50&filter[addCatering]=1&filter[addMisc]=0&filter[addTransport]=F&filter[fp]=1&order_by=ofr_price&filter[tourOperator]=0&filter[childAge][1]=20201210","https://fly.pl/cdn/photo/assets/uploads/582/278/2014/10/Tropitel-Sahl-Hasheesh.jpg","https://fly.pl/wycieczka/egipt,hurghada,c/tropitel-sahl-hasheesh/pNC-l7Itedt0zDZ-NzG-vcAAogd_pXy-1qaBTv2dVYcKaSNW6Wj8k6hFOBlNGwGBIFr0MqBFJOQlcwnIue1QZIxE9QQViyCGACagRCd2Nkag1BTExfSU5DTFVTSVZFaiYxNiwyMzQsMjgzLDI5NiwzODAsMzg4LDQ3Nyw0ODMsNDg0LDQ4NWoHNDk3LDQ5OXI-nwGWAZ4BlAEVBxcAWAgK0AFA-AURxAEZqVMQwwtM2ypTiiFSAEuckwFhAB3s8j8POSD4lpIJDQACDGMBAgXOZD2h/ofertasv/?filter[tourOperator]=RNBW&filter%5Bperson%5D=2&filter%5BchildAge%5D%5B1%5D=20201210&filter%5Bchild%5D=1"
"Cleopatra Luxury Resort","10186.0","10.10.2026 - 17.10.2026","8 dni/7 nocy","","4.5","4.5","7639","tripadvisor","Warszawa","2026-09-14T05:26:42.675786+00:00","https://fly.pl/oferta/egipt-wczasy/?filter[dest]=11:&filter[hotelids]=&filter[cityids]=&filter[cregids]=&filter[ofrType]=&filter[addObjType]=&filter[whenFrom]=10-10-2026&filter[whenTo]=05-11-2026&filter[duration]=7:10&filter[from]=Warszawa%20-%20Radom,Warszawa,Warszawa%20-%20Modlin&filter[person]=2&filter[child]=1&filter[price]=0:11000&filter[PriceFrom]=0&filter[PriceTo]=11000&filter[addCategory]=50&filter[addCatering]=1&filter[addMisc]=0&filter[addTransport]=F&filter[fp]=1&order_by=ofr_price&filter[tourOperator]=0&filter[childAge][1]=20201210","https://fly.pl/cdn/photo/assets/uploads/582/278/2014/07/58ae3c6b287eb1e74191c52d1e07af6ad3ddd609476a5d59c69f95f8f8409586.jpg","https://fly.pl/wycieczka/egipt,sharm-el-sheikh,nabq-bay/the-cleopatra-luxury-resort-collection/pxKWHPJYZ0Kno6pQcJKHbGAAogzpv_BWS_QxT8CwS1YootfQAAAACZhAQAtoQEAAcAEgAqBFdFWlkwnIue1QZIyk9QQVjqBGADaglFbnRlciBBaXJqBDA4MDByQ54BlQEfAAIBHAAWBBcCEu0DGIUFE80BFMkEEcAPQNJiTKCiAU8AS8cjUAAdkcIPIB0bzPQEDZDTvQkBEmMBDGMBAgVxZ0O1/ofertasv/?filter[tourOperator]=WEZY&filter%5Bperson%5D=2&filter%5BchildAge%5D%5B1%5D=20201210&filter%5Bchild%5D=1"
"Sentido Mamlouk Palace Resort & Spa (ex Sunrise)","10213.0","29.10.2026 - 05.11.2026","8 dni/7 nocy","","4.7","4.7","12045","tripadvisor","Warszawa","2026-09-14T05:26:42.675786+00:00","https://fly.pl/oferta/egipt-wczasy/?filter[dest]=11:&filter[hotelids]=&filter[cityids]=&filter[cregids]=&filter[ofrType]=&filter[addObjType]=&filter[whenFrom]=10-10-2026&filter[whenTo]=05-11-2026&filter[duration]=7:10&filter[from]=Warszawa%20-%20Radom,Warszawa,Warszawa%20-%20Modlin&filter[person]=2&filter[child]=1&filter[price]=0:11000&filter[PriceFrom]=0&filter[PriceTo]=11000&filter[addCategory]=50&filter[addCatering]=1&filter[addMisc]=0&filter[addTransport]=F&filter[fp]=1&order_by=ofr_price&filter[tourOperator]=0&filter[childAge][1]=20201210","https://fly.pl/cdn/photo/assets/uploads/582/278/2014/10/Sentido-Mamlouk-Palace-Resort-Spa.jpg","https://fly.pl/wycieczka/egipt,hurghada,c/sentido-mamlouk-palace-resort-ex-sunrise/pq6uNZ1DJpNh5sj2vpEqQJAAogtYsHrWS5Enx89vuXrIFDTeeds7J2NtrfI0AjX20vbP0qBFNGUEwwnIue1QZI5U9QQViyCGACciMLAhUFIgYSIVzMAkAuW-fwUQ2W3YIJUajF0PuPAQISYwECBWofY7s/ofertasv/?filter[tourOperator]=SFPL&filter%5Bperson%5D=2&filter%5BchildAge%5D%5B1%5D=20201210&filter%5Bchild%5D=1"
"Jaz Makadi Saraya (ex Iberotel)","10233.0","29.10.2026 - 05.11.2026","8 dni/7 nocy","","4.8","4.8","6804","tripadvisor","Warszawa","2026-09-14T05:26:42.675786+00:00","https://fly.pl/oferta/egipt-wczasy/?filter[dest]=11:&filter[hotelids]=&filter[cityids]=&filter[cregids]=&filter[ofrType]=&filter[addObjType]=&filter[whenFrom]=10-10-2026&filter[whenTo]=05-11-2026&filter[duration]=7:10&filter[from]=Warszawa%20-%20Radom,Warszawa,Warszawa%20-%20Modlin&filter[person]=2&filter[child]=1&filter[price]=0:11000&filter[PriceFrom]=0&filter[PriceTo]=11000&filter[addCategory]=50&filter[addCatering]=1&filter[addMisc]=0&filter[addTransport]=F&filter[fp]=1&order_by=ofr_price&filter[tourOperator]=0&filter[childAge][1]=20201210","https://fly.pl/cdn/photo/assets/uploads/582/278/2014/07/Jaz-Makadi-Saraya-ex-Iberotel-fly-pl.jpg","https://fly.pl/wycieczka/egipt,hurghada,makadi-bay/iberotel-makadi-saraya/pjSAw8pbl9FRCPS9G6gNmjAAogOt146Tc23rufJp0fCIrwUhLqCxxQb8S86Hh0k4aD-ioqBE9SRVgwnIue1QZI-U9QQViyCGACagZDTS4yLjFyNZsBFQcXAFwDWAVWAhEaQLAGXZsPTyRT0p0BUgBer09L7UNhAEzljDoguP2XCQ0AAhJjAQIMkaPvpQ/ofertasv/?filter[tourOperator]=OREX&filter%5Bperson%5D=2&filter%5BchildAge%5D%5B1%5D=20201210&filter%5Bchild%5D=1"
"Invidia Coral Beach Tiran","10246.0","24.10.2026 - 31.10.2026","8 dni/7 nocy","","4.8","4.8","323","tripadvisor","Warszawa","2026-09-14T05:26:42.675786+00:00","https://fly.pl/oferta/egipt-wczasy/?filter[dest]=11:&filter[hotelids]=&filter[cityids]=&filter[cregids]=&filter[ofrType]=&filter[addObjType]=&filter[whenFrom]=10-10-2026&filter[whenTo]=05-11-2026&filter[duration]=7:10&filter[from]=Warszawa%20-%20Radom,Warszawa,Warszawa%20-%20Modlin&filter[person]=2&filter[child]=1&filter[price]=0:11000&filter[PriceFrom]=0&filter[PriceTo]=11000&filter[addCategory]=50&filter[addCatering]=1&filter[addMisc]=0&filter[addTransport]=F&filter[fp]=1&order_by=ofr_price&filter[tourOperator]=0&filter[childAge][1]=20201210","https://fly.pl/cdn/photo/assets/uploads/582/278/2014/07/Coral-Beach-Rotana-Tiran-fly-pl.jpg","https://fly.pl/wycieczka/egipt,sharm-el-sheikh,c/coral-beach-rotana-tiran/pXwNVKprJXheFQK4JMfclVAAoggxN9qaE2m6WyJpRw0deucAAAAACbhAQAuIQEAAcAEgAqBFdFWlkwnIue1QZIhlBQQVi6B2ADaglFbnRlciBBaXJqBDA4MDByQp4BlQEfABwBAgAWABcGESMSygMYoQQTsQIUyQRAknJMoKIBTwBLxyNQAB2Twg8gHRvXwmQNkYXeCAESYwEMYwECCy0Uoc4/ofertasv/?filter[tourOperator]=WEZY&filter%5Bperson%5D=2&filter%5BchildAge%5D%5B1%5D=20201210&filter%5Bchild%5D=1"
"Utopia Blue Resort","10247.0","13.10.2026 - 20.10.2026","8 dni/7 nocy","","","","","","Warszawa","2026-09-14T05:26:42.675786+00:00","https://fly.pl/oferta/egipt-wczasy/?filter[dest]=11:&filter[hotelids]=&filter[cityids]=&filter[cregids]=&filter[ofrType]=&filter[addObjType]=&filter[whenFrom]=10-10-2026&filter[whenTo]=05-11-2026&filter[duration]=7:10&filter[from]=Warszawa%20-%20Radom,Warszawa,Warszawa%20-%20Modlin&filter[person]=2&filter[child]=1&filter[price]=0:11000&filter[PriceFrom]=0&filter[PriceTo]=11000&filter[addCategory]=50&filter[addCatering]=1&filter[addMisc]=0&filter[addTransport]=F&filter[fp]=1&order_by=ofr_price&filter[tourOperator]=0&filter[childAge][1]=20201210","https://datacfstatic.merlinx.pl/EXIM/IMG/104804/47170af13502131b7b7d23ecf494e622a96110e1a4bfcf3019d7db4830283601.webp","https://fly.pl/wycieczka/egipt,marsa-alam,c/utopia-blue-resort-13/pqJJ8YpHkjl7QHCiJ49fllAAog2C1X7jIDiZB9P3u2JwfOdRKmO4qxhDmkVrGyFJIXvhQqBEVYSU0wnIue1QZIh1BQAViyBWACagJBSXIhHBHksga5BIiMPqsEHBvc1y0Yr_ozAZeu2tQIAgBjAQIM5gaGQw/ofertasv/?filter[tourOperator]=EXIM&filter%5Bperson%5D=2&filter%5BchildAge%5D%5B1%5D=20201210&filter%5Bchild%5D=1"
"Pickalbatros Citadel Sahl Hasheesh (ex. Citadel Azur Resort)","10267.0","27.10.2026 - 03.11.2026","9 dni/7 nocy","","4.5","4.5","4864","tripadvisor","Warszawa - Modlin","2026-09-14T05:26:42.675786+00:00","https://fly.pl/oferta/egipt-wczasy/?filter[dest]=11:&filter[hotelids]=&filter[cityids]=&filter[cregids]=&filter[ofrType]=&filter[addObjType]=&filter[whenFrom]=10-10-2026&filter[whenTo]=05-11-2026&filter[duration]=7:10&filter[from]=Warszawa%20-%20Radom,Warszawa,Warszawa%20-%20Modlin&filter[person]=2&filter[child]=1&filter[price]=0:11000&filter[PriceFrom]=0&filter[PriceTo]=11000&filter[addCategory]=50&filter[addCatering]=1&filter[addMisc]=0&filter[addTransport]=F&filter[fp]=1&order_by=ofr_price&filter[tourOperator]=0&filter[childAge][1]=20201210","https://fly.pl/cdn/photo/assets/uploads/582/278/2014/07/Albatros-Citadel-Sahl-Hasheesh-ex.-Citadel-Azur-Resort-fly-pl.jpg","https://fly.pl/wycieczka/egipt,hurghada,c/citadel-azur-resort/pzFVfcnThH5MJB-T-Exe9VAAog5dWmyBF6pNLYQrZRPcXlw5eMXePUQkpobZ-BQI6-nbQqBEVYSU0wnIue1QZIm1BQAViCCGACagJBSXIhHBGh-AarBKCwS7kERRuM-zcYjKNTAdO7_MYNAgBjAQIMon4Zbg/ofertasv/?filter[tourOperator]=EXIM&filter%5Bperson%5D=2&filter%5BchildAge%5D%5B1%5D=20201210&filter%5Bchild%5D=1"
"Jaz Belvedere","10270.0","27.10.2026 - 03.11.2026","8 dni/7 nocy","","4.5","4.5","3280","tripadvisor","Warszawa - Modlin","2026-09-14T05:26:42.675786+00:00","https://fly.pl/oferta/egipt-wczasy/?filter[dest]=11:&filter[hotelids]=&filter[cityids]=&filter[cregids]=&filter[ofrType]=&filter[addObjType]=&filter[whenFrom]=10-10-2026&filter[whenTo]=05-11-2026&filter[duration]=7:10&filter[from]=Warszawa%20-%20Radom,Warszawa,Warszawa%20-%20Modlin&filter[person]=2&filter[child]=1&filter[price]=0:11000&filter[PriceFrom]=0&filter[PriceTo]=11000&filter[addCategory]=50&filter[addCatering]=1&filter[addMisc]=0&filter[addTransport]=F&filter[fp]=1&order_by=ofr_price&filter[tourOperator]=0&filter[childAge][1]=20201210","https://fly.pl/cdn/photo/assets/uploads/582/278/2014/07/Jaz-Belvedere.jpg","https://fly.pl/wycieczka/egipt,sharm-el-sheikh,c/jaz-belvedere/p2__NPUHgIoynm4FB4IDrcAAogtx1EZ_-ztLSUmieTeGXVxpgpXVUQjygZk0IwIA3_YjEqBE9BU0kwnIue1QZInlBQAViCCGACagNBSWxyIRwRhbABuQS_9g-rBAIbsbAPGLLyEgGTsOakAgIAYwECDH1aZSs/ofertasv/?filter[tourOperator]=OASI&filter%5Bperson%5D=2&filter%5BchildAge%5D%5B1%5D=20201210&filter%5Bchild%5D=1"
"Charmillion Club Resort","10287.0","29.10.2026 - 05.11.2026","8 dni/7 nocy","","4.5","4.5","6057","tripadvisor","Warszawa - Modlin","2026-09-14T05:26:42.675786+00:00","https://fly.pl/oferta/egipt-wczasy/?filter[dest]=11:&filter[hotelids]=&filter[cityids]=&filter[cregids]=&filter[ofrType]=&filter[addObjType]=&filter[whenFrom]=10-10-2026&filter[whenTo]=05-11-2026&filter[duration]=7:10&filter[from]=Warszawa%20-%20Radom,Warszawa,Warszawa%20-%20Modlin&filter[person]=2&filter[child]=1&filter[price]=0:11000&filter[PriceFrom]=0&filter[PriceTo]=11000&filter[addCategory]=50&filter[addCatering]=1&filter[addMisc]=0&filter[addTransport]=F&filter[fp]=1&order_by=ofr_price&filter[tourOperator]=0&filter[childAge][1]=20201210","https://fly.pl/cdn/photo/assets/uploads/582/278/2014/07/Charmillion-Club-Resort-ex.-Sea-Club-Resort-fly-pl.jpg","https://fly.pl/wycieczka/egipt,sharm-el-sheikh,c/sea-club-sharm-el-sheikh/pb_PvHMS06vWlgHBcgSQNiAAog3t3lI68e5BPxP50_Szb37xstrgoMttrZgZAvN8rfQ44qBEtPTVQwnIue1QZIr1BQAViyCGACagJBSXIfHBHOGrkEmuMBqwQDGOifBBvogCQB_NvQHgIAYwECBeSHBGs/ofertasv/?filter[tourOperator]=KOMT&filter%5Bperson%5D=2&filter%5BchildAge%5D%5B1%5D=20201210&filter%5Bchild%5D=1"
"Jaz Makadi Oasis Resort","10287.0","29.10.2026 - 05.11.2026","8 dni/7 nocy","","4.7","4.7","5373","tripadvisor","Warszawa","2026-09-14T05:26:42.675786+00:00","https://fly.pl/oferta/egipt-wczasy/?filter[dest]=11:&filter[hotelids]=&filter[cityids]=&filter[cregids]=&filter[ofrType]=&filter[addObjType]=&filter[whenFrom]=10-10-2026&filter[whenTo]=05-11-2026&filter[duration]=7:10&filter[from]=Warszawa%20-%20Radom,Warszawa,Warszawa%20-%20Modlin&filter[person]=2&filter[child]=1&filter[price]=0:11000&filter[PriceFrom]=0&filter[PriceTo]=11000&filter[addCategory]=50&filter[addCatering]=1&filter[addMisc]=0&filter[addTransport]=F&filter[fp]=1&order_by=ofr_price&filter[tourOperator]=0&filter[childAge][1]=20201210","https://fly.pl/cdn/photo/assets/uploads/582/278/2015/04/Jaz-Makadi-Oasis.jpg","https://fly.pl/wycieczka/egipt,hurghada,makadi-bay/iberotel-makadi-club-oasis/p8JDuXArFnOEWvl1B-kODbAAogIsfK9Fxb36ATecQ4uEDW3mSr15Jod7NI_ZeeP2cCHt0qBEVYSU0wnIue1QZIr1BQAViyCGACagJBSXIjHBGgwga5BIr5PasEvYoKG8-bLxik4F0B9aeQsw0CAGMBAgwMG96a/ofertasv/?filter[tourOperator]=EXIM&filter%5Bperson%5D=2&filter%5BchildAge%5D%5B1%5D=20201210&filter%5Bchild%5D=1"
"Three Corners Fayrouz Plaza Beach Resort","10328.0","17.10.2026 - 24.10.2026","8 dni/7 nocy","","4.7","4.7","13155","tripadvisor","Warszawa","2026-09-14T05:26:42.675786+00:00","https://fly.pl/oferta/egipt-wczasy/?filter[dest]=11:&filter[hotelids]=&filter[cityids]=&filter[cregids]=&filter[ofrType]=&filter[addObjType]=&filter[whenFrom]=10-10-2026&filter[whenTo]=05-11-2026&filter[duration]=7:10&filter[from]=Warszawa%20-%20Radom,Warszawa,Warszawa%20-%20Modlin&filter[person]=2&filter[child]=1&filter[price]=0:11000&filter[PriceFrom]=0&filter[PriceTo]=11000&filter[addCategory]=50&filter[addCatering]=1&filter[addMisc]=0&filter[addTransport]=F&filter[fp]=1&order_by=ofr_price&filter[tourOperator]=0&filter[childAge][1]=20201210","https://fly.pl/cdn/photo/assets/uploads/582/278/2014/10/The-Three-Corners-Fayrouz-Plaza.jpg","https://fly.pl/wycieczka/egipt,marsa-alam,c/three-corners-fayrouz-plaza-beach-resort/pygcCuxTAnPC7jJqA-qRpwAAogul2qAt-RGGgq6eAGCfJ17mECgtijhDrT6bu4Y7o874kqBE9SRVgwnIue1QZI2FBQQViSBmACagZDMC4yLjFyNZsBFQcXAFwDWAVWAhGKBkBAXYMkTyRemdgBU7wUUgBLsS9hAEzljDogrP2XCQ0AAhJjAQINCD27Pw/ofertasv/?filter[tourOperator]=OREX&filter%5Bperson%5D=2&filter%5BchildAge%5D%5B1%5D=20201210&filter%5Bchild%5D=1"
"Domina Coral Bay Harem","10360.0","11.10.2026 - 18.10.2026","8 dni/7 nocy","","4.2","4.2","12420","tripadvisor","Warszawa","2026-09-14T05:26:42.675786+00:00","https://fly.pl/oferta/egipt-wczasy/?filter[dest]=11:&filter[hotelids]=&filter[cityids]=&filter[cregids]=&filter[ofrType]=&filter[addObjType]=&filter[whenFrom]=10-10-2026&filter[whenTo]=05-11-2026&filter[duration]=7:10&filter[from]=Warszawa%20-%20Radom,Warszawa,Warszawa%20-%20Modlin&filter[person]=2&filter[child]=1&filter[price]=0:11000&filter[PriceFrom]=0&filter[PriceTo]=11000&filter[addCategory]=50&filter[addCatering]=1&filter[addMisc]=0&filter[addTransport]=F&filter[fp]=1&order_by=ofr_price&filter[tourOperator]=0&filter[childAge][1]=20201210","https://fly.pl/cdn/photo/assets/uploads/582/278/2014/07/Domina-Coral-Bay-Harem.jpg","https://fly.pl/wycieczka/egipt,sharm-el-sheikh,c/domina-coral-bay-harem/ppdpm5xWSeyse7yeoOvi4DAAogCBztRQt0sFMkX21NKykntAiPgYhrkVrHHSR3tH9QMnYqBEpPSVAwnIue1QZI-FBQQViCBWACckMUARUGFwBcA1gFVgJAygZP4gFdAFvOlgERmUxe9xdSpiBTAEvHI2EATOWMOg2m_ZcJIAABpNG4kMOIzKAwAg1jAQAMI_YP0Q/ofertasv/?filter[tourOperator]=JOIP&filter%5Bperson%5D=2&filter%5BchildAge%5D%5B1%5D=20201210&filter%5Bchild%5D=1"
"Charmillion Garden Aqua Park","10380.0","11.10.2026 - 18.10.2026","8 dni/7 nocy","","4.6","4.6","2257","tripadvisor","Warszawa","2026-09-14T05:26:42.675786+00:00","https://fly.pl/oferta/egipt-wczasy/?filter[dest]=11:&filter[hotelids]=&filter[cityids]=&filter[cregids]=&filter[ofrType]=&filter[addObjType]=&filter[whenFrom]=10-10-2026&filter[whenTo]=05-11-2026&filter[duration]=7:10&filter[from]=Warszawa%20-%20Radom,Warszawa,Warszawa%20-%20Modlin&filter[person]=2&filter[child]=1&filter[price]=0:11000&filter[PriceFrom]=0&filter[PriceTo]=11000&filter[addCategory]=50&filter[addCatering]=1&filter[addMisc]=0&filter[addTransport]=F&filter[fp]=1&order_by=ofr_price&filter[tourOperator]=0&filter[childAge][1]=20201210","https://fly.pl/cdn/photo/assets/uploads/582/278/2014/07/Charmillion-Gardens-Aqua-Park-ex.-Sea-Garden.jpg","https://fly.pl/wycieczka/egipt,sharm-el-sheikh,nabq-bay/sea-gardens-sharm-el-sheikh/pztC287rJhOzUMEKNWcMDgAAogkyYYi6qiZFSDqz4mahF5egiPgYhrkVrHHSR3tH9QMnYqBEpPSVAwnIue1QZIjFFQQViCBWACagMwME1yQpsBFAEVBhcAXANYBVYCQMoGT-IBXQARoMYBXr40UqYgUwBLxyNhAEzljDoNpv2XCSAAAce5hOG0iMygMAINYwEADBUH2-Q/ofertasv/?filter[tourOperator]=JOIP&filter%5Bperson%5D=2&filter%5BchildAge%5D%5B1%5D=20201210&filter%5Bchild%5D=1"
"Sunrise Royal Makadi Aqua Resort","10382.0","29.10.2026 - 05.11.2026","8 dni/7 nocy","","4.7","4.7","13723","tripadvisor","Warszawa","2026-09-14T05:26:42.675786+00:00","https://fly.pl/oferta/egipt-wczasy/?filter[dest]=11:&filter[hotelids]=&filter[cityids]=&filter[cregids]=&filter[ofrType]=&filter[addObjType]=&filter[whenFrom]=10-10-2026&filter[whenTo]=05-11-2026&filter[duration]=7:10&filter[from]=Warszawa%20-%20Radom,Warszawa,Warszawa%20-%20Modlin&filter[person]=2&filter[child]=1&filter[price]=0:11000&filter[PriceFrom]=0&filter[PriceTo]=11000&filter[addCategory]=50&filter[addCatering]=1&filter[addMisc]=0&filter[addTransport]=F&filter[fp]=1&order_by=ofr_price&filter[tourOperator]=0&filter[childAge][1]=20201210","https://fly.pl/cdn/photo/assets/uploads/582/278/2014/09/Sunrise-Royal-Makadi-Aqua-Resort.jpg","https://fly.pl/wycieczka/egipt,hurghada,makadi-bay/sunrise-select-royal-makadi/p4EDXdGyRdVH9kWttXhsIjAAogiMNr0DlsfmVipwNALlbSEw1pDUdmN6Tkl8l2rPJuRnMqBE9SRVgwnIue1QZIjlFQQViyCGACagdMVUMuMi4xcjebARUHFwBcA1gFVgJAygZd-wNPxAsRrANTppoBUgBer09L7UNhAEzljDoguP2XCQ0AAhJjAQILVRGjqA/ofertasv/?filter[tourOperator]=OREX&filter%5Bperson%5D=2&filter%5BchildAge%5D%5B1%5D=20201210&filter%5Bchild%5D=1"
"Coral Sea Holiday Resort","10394.0","11.10.2026 - 18.10.2026","8 dni/7 nocy","","4.5","4.5","10284","tripadvisor","Warszawa","2026-09-14T05:26:42.675786+00:00","https://fly.pl/oferta/egipt-wczasy/?filter[dest]=11:&filter[hotelids]=&filter[cityids]=&filter[cregids]=&filter[ofrType]=&filter[addObjType]=&filter[whenFrom]=10-10-2026&filter[whenTo]=05-11-2026&filter[duration]=7:10&filter[from]=Warszawa%20-%20Radom,Warszawa,Warszawa%20-%20Modlin&filter[person]=2&filter[child]=1&filter[price]=0:11000&filter[PriceFrom]=0&filter[PriceTo]=11000&filter[addCategory]=50&filter[addCatering]=1&filter[addMisc]=0&filter[addTransport]=F&filter[fp]=1&order_by=ofr_price&filter[tourOperator]=0&filter[childAge][1]=20201210","https://fly.pl/cdn/photo/assets/uploads/582/278/2014/07/Coral-Sea-Holiday-Resort.jpg","https://fly.pl/wycieczka/egipt,sharm-el-sheikh,c/coral-sea-holiday-village/p9n4ws6Eb515HLlmSnuBbFAAogFNwGuo71zQ1MPy9d9_7q_AiPgYhrkVrHHSR3tH9QMnYqBEpPSVAwnIue1QZImlFQQViCBWACagNDR21yQpsBFAEVBhcAXANYBVYCQMoGT-IBXQBe3voBEdQTUtIMUwBLxyNhAEzljDoNpv2XCSAAAbazyPjCiMygMAINYwEADJXNmAY/ofertasv/?filter[tourOperator]=JOIP&filter%5Bperson%5D=2&filter%5BchildAge%5D%5B1%5D=20201210&filter%5Bchild%5D=1"
"Coral Sea Water World Resort","10407.0","11.10.2026 - 18.10.2026","8 dni/7 nocy","","4.5","4.5","9375","tripadvisor","Warszawa","2026-09-14T05:26:42.675786+00:00","https://fly.pl/oferta/egipt-wczasy/?filter[dest]=11:&filter[hotelids]=&filter[cityids]=&filter[cregids]=&filter[ofrType]=&filter[addObjType]=&filter[whenFrom]=10-10-2026&filter[whenTo]=05-11-2026&filter[duration]=7:10&filter[from]=Warszawa%20-%20Radom,Warszawa,Warszawa%20-%20Modlin&filter[person]=2&filter[child]=1&filter[price]=0:11000&filter[PriceFrom]=0&filter[PriceTo]=11000&filter[addCategory]=50&filter[addCatering]=1&filter[addMisc]=0&filter[addTransport]=F&filter[fp]=1&order_by=ofr_price&filter[tourOperator]=0&filter[childAge][1]=20201210","https://fly.pl/cdn/photo/assets/uploads/582/278/2014/07/Coral-Sea-Waterworld.jpg","https://fly.pl/wycieczka/egipt,sharm-el-sheikh,c/coral-sea-water-world/p75D1XDLJn0oV4hIxNf7GqAAogiwVAr_uHQ-nksYc1IaRWSQiPgYhrkVrHHSR3tH9QMnYqBEpPSVAwnIue1QZIp1FQQViCBWACagMxMm9yQpsBFAEVBhcAXANYBVYCQMoGT-IBXQBe3voBEdUTUtEMUwBLxyNhAEzljDoNpv2XCSAAAca3-P_CiMygMAINYwEADIEhUYk/ofertasv/?filter[tourOperator]=JOIP&filter%5Bperson%5D=2&filter%5BchildAge%5D%5B1%5D=20201210&filter%5Bchild%5D=1"
"Sheraton Miramar Resort (El Gouna)","10409.0","29.10.2026 - 05.11.2026","8 dni/7 nocy","","4.7","4.7","6346","tripadvisor","Warszawa","2026-09-14T05:26:42.675786+00:00","https://fly.pl/oferta/egipt-wczasy/?filter[dest]=11:&filter[hotelids]=&filter[cityids]=&filter[cregids]=&filter[ofrType]=&filter[addObjType]=&filter[whenFrom]=10-10-2026&filter[whenTo]=05-11-2026&filter[duration]=7:10&filter[from]=Warszawa%20-%20Radom,Warszawa,Warszawa%20-%20Modlin&filter[person]=2&filter[child]=1&filter[price]=0:11000&filter[PriceFrom]=0&filter[PriceTo]=11000&filter[addCategory]=50&filter[addCatering]=1&filter[addMisc]=0&filter[addTransport]=F&filter[fp]=1&order_by=ofr_price&filter[tourOperator]=0&filter[childAge][1]=20201210","https://fly.pl/cdn/photo/assets/uploads/582/278/2014/07/Sheraton-Miramar-El-Gouna-1.jpg","https://fly.pl/wycieczka/egipt,hurghada,el-gouna/sheraton-miramar-el-gouna/pG_a57oRRN9ta6K3gWIynFAAog0p9F1dC1Fs6tjuRQEl_jExLqCxxQb8S86Hh0k4aD-ioqBE9SRVgwnIue1QZIqVFQQViyCGACagZFQy4yLjFyNZsBFQcXAFwDWAVWAhE7QI8GXZsPTyRT0p0BUgBer09L7UNhAEzljDoguP2XCQ0AAhJjAQIM_SVz1w/ofertasv/?filter[tourOperator]=OREX&filter%5Bperson%5D=2&filter%5BchildAge%5D%5B1%5D=20201210&filter%5Bchild%5D=1"
"Titanic Royal","10547.0","29.10.2026 - 05.11.2026","8 dni/7 nocy","","4.8","4.8","4641","tripadvisor","Warszawa","2026-09-14T05:26:42.675786+00:00","https://fly.pl/oferta/egipt-wczasy/?filter[dest]=11:&filter[hotelids]=&filter[cityids]=&filter[cregids]=&filter[ofrType]=&filter[addObjType]=&filter[whenFrom]=10-10-2026&filter[whenTo]=05-11-2026&filter[duration]=7:10&filter[from]=Warszawa%20-%20Radom,Warszawa,Warszawa%20-%20Modlin&filter[person]=2&filter[child]=1&filter[price]=0:11000&filter[PriceFrom]=0&filter[PriceTo]=11000&filter[addCategory]=50&filter[addCatering]=1&filter[addMisc]=0&filter[addTransport]=F&filter[fp]=1&order_by=ofr_price&filter[tourOperator]=0&filter[childAge][1]=20201210","https://fly.pl/cdn/photo/assets/uploads/582/278/2018/12/Titanic-Royal-fly-pl.jpg","https://fly.pl/wycieczka/egipt,hurghada,c/titanic-royal/pM_wV85WAOwU-OouQhHRsZAAogVS3IL49wpSr1Wej2ldg8qWSr15Jod7NI_ZeeP2cCHt0qBEVYSU0wnIue1QZIs1JQAViyCGACagNVQUlyIxwRkrsGuQSYgD6rBL2KChul5UQYt-RIAeizjbgNAgBjAQILk46PIg/ofertasv/?filter[tourOperator]=EXIM&filter%5Bperson%5D=2&filter%5BchildAge%5D%5B1%5D=20201210&filter%5Bchild%5D=1"
"Domina Coral Bay Aquamarine","10598.0","11.10.2026 - 18.10.2026","8 dni/7 nocy","","4.2","4.2","12420","tripadvisor","Warszawa","2026-09-14T05:26:42.675786+00:00","https://fly.pl/oferta/egipt-wczasy/?filter[dest]=11:&filter[hotelids]=&filter[cityids]=&filter[cregids]=&filter[ofrType]=&filter[addObjType]=&filter[whenFrom]=10-10-2026&filter[whenTo]=05-11-2026&filter[duration]=7:10&filter[from]=Warszawa%20-%20Radom,Warszawa,Warszawa%20-%20Modlin&filter[person]=2&filter[child]=1&filter[price]=0:11000&filter[PriceFrom]=0&filter[PriceTo]=11000&filter[addCategory]=50&filter[addCatering]=1&filter[addMisc]=0&filter[addTransport]=F&filter[fp]=1&order_by=ofr_price&filter[tourOperator]=0&filter[childAge][1]=20201210","https://fly.pl/cdn/photo/assets/uploads/582/278/2014/07/Domina-Coral-Bay-Aquamarine.jpg","https://fly.pl/wycieczka/egipt,sharm-el-sheikh,c/domina-coral-bay-aquamarine/pf8zHdJCNbZXkza_KaUXCaAAogPIS5Ln1NAqrP7o3OlTSPJwiPgYhrkVrHHSR3tH9QMnYqBEpPSVAwnIue1QZI5lJQQViCBWACckMUARUGFwBcA1gFVgJAygZP4gFdAFvpPRH4igFe_TFSpiBTAEvHI2EATOWMOg2m_ZcJIAABsMmAqcOIzKAwAg1jAQAMrPuPIw/ofertasv/?filter[tourOperator]=JOIP&filter%5Bperson%5D=2&filter%5BchildAge%5D%5B1%5D=20201210&filter%5Bchild%5D=1"
"Jaz Mirabel Beach Resort","10630.0","24.10.2026 - 31.10.2026","8 dni/7 nocy","","4.5","4.5","7330","tripadvisor","Warszawa","2026-09-14T05:26:42.675786+00:00","https://fly.pl/oferta/egipt-wczasy/?filter[dest]=11:&filter[hotelids]=&filter[cityids]=&filter[cregids]=&filter[ofrType]=&filter[addObjType]=&filter[whenFrom]=10-10-2026&filter[whenTo]=05-11-2026&filter[duration]=7:10&filter[from]=Warszawa%20-%20Radom,Warszawa,Warszawa%20-%20Modlin&filter[person]=2&filter[child]=1&filter[price]=0:11000&filter[PriceFrom]=0&filter[PriceTo]=11000&filter[addCategory]=50&filter[addCatering]=1&filter[addMisc]=0&filter[addTransport]=F&filter[fp]=1&order_by=ofr_price&filter[tourOperator]=0&filter[childAge][1]=20201210","https://fly.pl/cdn/photo/assets/uploads/582/278/2014/07/Jaz-Mirabel-Beach-Resort-fly-pl.jpg","https://fly.pl/wycieczka/egipt,sharm-el-sheikh,c/jaz-mirabel-beach-resort/pkzij-r3S4cYDXcf5dx0YvAAogO6xjZhS-yHCkAl8SZQgTLQAAAACbhAQAuIQEAAcAEgAqBFdFWlkwnIue1QZIhlNQQVi6B2ADaglFbnRlciBBaXJqBDA4MDByQp4BlQEfABwBAgAWBBcCEWUSiAMYoQQTsQIUyQRAknJMoKIBTwBLxyNQABuz2gkd4OcFIB0N6MfCCQESYwENYwEDBcw-XTc/ofertasv/?filter[tourOperator]=WEZY&filter%5Bperson%5D=2&filter%5BchildAge%5D%5B1%5D=20201210&filter%5Bchild%5D=1"
"Amphoras Beach","10707.0","11.10.2026 - 18.10.2026","8 dni/7 nocy","","4.4","4.4","6747","tripadvisor","Warszawa","2026-09-14T05:26:42.675786+00:00","https://fly.pl/oferta/egipt-wczasy/?filter[dest]=11:&filter[hotelids]=&filter[cityids]=&filter[cregids]=&filter[ofrType]=&filter[addObjType]=&filter[whenFrom]=10-10-2026&filter[whenTo]=05-11-2026&filter[duration]=7:10&filter[from]=Warszawa%20-%20Radom,Warszawa,Warszawa%20-%20Modlin&filter[person]=2&filter[child]=1&filter[price]=0:11000&filter[PriceFrom]=0&filter[PriceTo]=11000&filter[addCategory]=50&filter[addCatering]=1&filter[addMisc]=0&filter[addTransport]=F&filter[fp]=1&order_by=ofr_price&filter[tourOperator]=0&filter[childAge][1]=20201210","https://fly.pl/cdn/photo/assets/uploads/582/278/2016/11/AMPHORAS-BEACH.jpg","https://fly.pl/wycieczka/egipt,sharm-el-sheikh,c/otium-amphoras-ex-shores/pBDe6Sm0C07nRtdLalNjVYAAogMQHoXQ9NYZVl64yeEtiFPwiPgYhrkVrHHSR3tH9QMnYqBEpPSVAwnIue1QZI01NQQViCBWACagMwbkhyQ5sBFAEVBhcAXANYBVYCQMoGT-IBXQBe3voBUqYgUwBLxyNhABHJhgFMnIY5Dab9lwkgAAG-xcSAtYjMoDACDWMBAAv3r0Wr/ofertasv/?filter[tourOperator]=JOIP&filter%5Bperson%5D=2&filter%5BchildAge%5D%5B1%5D=20201210&filter%5Bchild%5D=1"
"Sentido Naga Bay","10737.0","15.10.2026 - 22.10.2026","8 dni/7 nocy","","","","","","Warszawa","2026-09-14T05:26:42.675786+00:00","https://fly.pl/oferta/egipt-wczasy/?filter[dest]=11:&filter[hotelids]=&filter[cityids]=&filter[cregids]=&filter[ofrType]=&filter[addObjType]=&filter[whenFrom]=10-10-2026&filter[whenTo]=05-11-2026&filter[duration]=7:10&filter[from]=Warszawa%20-%20Radom,Warszawa,Warszawa%20-%20Modlin&filter[person]=2&filter[child]=1&filter[price]=0:11000&filter[PriceFrom]=0&filter[PriceTo]=11000&filter[addCategory]=50&filter[addCatering]=1&filter[addMisc]=0&filter[addTransport]=F&filter[fp]=1&order_by=ofr_price&filter[tourOperator]=0&filter[childAge][1]=20201210","https://datacfstatic.merlinx.pl/EXIM/IMG/107999/9691dd57e47cec1e96befde9ca4a24ec0aaad7165dd6c455160b011f15ee59d5.webp","https://fly.pl/wycieczka/egipt,hurghada,c/sentido-naga-bay-11/pw3bielZQdg1YOJMVHOufnAAog_OZcKqB0lX5VfwYRYpTt5keY0cHKMlwUtUEW4JLEsTgqBEVYSU0wn4ue1QZI8VNQAVjiBWACagJBSXIhHBHfywa5BMnvPasEHBvG5D0Y0fE-AdD2p4sLAgBjAQIG0-vLvA/ofertasv/?filter[tourOperator]=EXIM&filter%5Bperson%5D=2&filter%5BchildAge%5D%5B1%5D=20201210&filter%5Bchild%5D=1"
"Monte Carlo Resort Spa","10757.0","13.10.2026 - 21.10.2026","9 dni/7 nocy","","4.4","4.4","2434","tripadvisor","Warszawa","2026-09-14T05:26:42.675786+00:00","https://fly.pl/oferta/egipt-wczasy/?filter[dest]=11:&filter[hotelids]=&filter[cityids]=&filter[cregids]=&filter[ofrType]=&filter[addObjType]=&filter[whenFrom]=10-10-2026&filter[whenTo]=05-11-2026&filter[duration]=7:10&filter[from]=Warszawa%20-%20Radom,Warszawa,Warszawa%20-%20Modlin&filter[person]=2&filter[child]=1&filter[price]=0:11000&filter[PriceFrom]=0&filter[PriceTo]=11000&filter[addCategory]=50&filter[addCatering]=1&filter[addMisc]=0&filter[addTransport]=F&filter[fp]=1&order_by=ofr_price&filter[tourOperator]=0&filter[childAge][1]=20201210","https://fly.pl/cdn/photo/assets/uploads/582/278/2014/09/Monte-Carlo-Sharm-Resort-Spa.jpg","https://fly.pl/wycieczka/egipt,sharm-el-sheikh,c/monte-carlo-ex-ritz-carlton/pRGY2oF3d91C2vMJvYtthEAAog9u4t3c8oWyjZnUg3THdUPLdFedLRV-x5q6JpVOAxe2oqBFZJVFgwn4ue1QZIhVRQQViyBWACckAaABUHFwBcA1gFQI8DW6eGAV7WeVKmIFMAS8cjYQBM7rQ5DZ_VmAkgAVHDvfmy6QFPyLEbXYTO6rwcAg1jAQIMIZYaYw/ofertasv/?filter[tourOperator]=VITX&filter%5Bperson%5D=2&filter%5BchildAge%5D%5B1%5D=20201210&filter%5Bchild%5D=1"
"Pickalbatros Royal Moderna","10764.0","27.10.2026 - 03.11.2026","8 dni/7 nocy","","4.5","4.5","10710","tripadvisor","Warszawa - Modlin","2026-09-14T05:26:42.675786+00:00","https://fly.pl/oferta/egipt-wczasy/?filter[dest]=11:&filter[hotelids]=&filter[cityids]=&filter[cregids]=&filter[ofrType]=&filter[addObjType]=&filter[whenFrom]=10-10-2026&filter[whenTo]=05-11-2026&filter[duration]=7:10&filter[from]=Warszawa%20-%20Radom,Warszawa,Warszawa%20-%20Modlin&filter[person]=2&filter[child]=1&filter[price]=0:11000&filter[PriceFrom]=0&filter[PriceTo]=11000&filter[addCategory]=50&filter[addCatering]=1&filter[addMisc]=0&filter[addTransport]=F&filter[fp]=1&order_by=ofr_price&filter[tourOperator]=0&filter[childAge][1]=20201210","https://fly.pl/cdn/photo/assets/uploads/582/278/2009/08/Royal-Albatros-Moderna1708.jpg","https://fly.pl/wycieczka/egipt,sharm-el-sheikh,c/royal-albatros-moderna/pAXoxcKRxdYc02jS0Z55q-AAogR_WeBrBGLmkPAddbYbxWMpgpXVUQjygZk0IwIA3_YjEqBE9BU0kwn4ue1QZIjFRQAViCCGACagNBSWxyIRwR168BuQTt9g-rBAIbo7QPGNuAEwHV3-ulAgIAYwECDPqkb4M/ofertasv/?filter[tourOperator]=OASI&filter%5Bperson%5D=2&filter%5BchildAge%5D%5B1%5D=20201210&filter%5Bchild%5D=1"
"Pickalbatros Aqua Park Resort (Sharm El Sheikh)","10788.0","10.10.2026 - 17.10.2026","8 dni/7 nocy","","4.8","4.8","3583","tripadvisor","Warszawa","2026-09-14T05:26:42.675786+00:00","https://fly.pl/oferta/egipt-wczasy/?filter[dest]=11:&filter[hotelids]=&filter[cityids]=&filter[cregids]=&filter[ofrType]=&filter[addObjType]=&filter[whenFrom]=10-10-2026&filter[whenTo]=05-11-2026&filter[duration]=7:10&filter[from]=Warszawa%20-%20Radom,Warszawa,Warszawa%20-%20Modlin&filter[person]=2&filter[child]=1&filter[price]=0:11000&filter[PriceFrom]=0&filter[PriceTo]=11000&filter[addCategory]=50&filter[addCatering]=1&filter[addMisc]=0&filter[addTransport]=F&filter[fp]=1&order_by=ofr_price&filter[tourOperator]=0&filter[childAge][1]=20201210","https://fly.pl/cdn/photo/assets/uploads/582/278/2017/08/Albatros-Aqua-Park-Sharm.jpg","https://fly.pl/wycieczka/egipt,sharm-el-sheikh,szarm-el-szejk/albatros-aqua-park-sharm-el-sheikh/pkaAC7BgPRQKjVXSkJgxM4AAogSDdTwUdv_X0do16otI3PQwAAAACZhAQAtoQEAAcAEgAqBFdFWlkwn4ue1QZIpFRQQVjqBGADaglFbnRlciBBaXJqBDA4MDByQp4BlQEfAAIBHAAWBBcCEu0DGIUFE80BFMkEQJJyEYoxTJZxTwBLxyNQABvHmgMdyqcMIB0N3MfCCQESYwENYwEEDPAwqYc/ofertasv/?filter[tourOperator]=WEZY&filter%5Bperson%5D=2&filter%5BchildAge%5D%5B1%5D=20201210&filter%5Bchild%5D=1"
"Domina Coral Bay Sultan","10862.0","11.10.2026 - 18.10.2026","8 dni/7 nocy","","4.2","4.2","12420","tripadvisor","Warszawa","2026-09-14T05:26:42.675786+00:00","https://fly.pl/oferta/egipt-wczasy/?filter[dest]=11:&filter[hotelids]=&filter[cityids]=&filter[cregids]=&filter[ofrType]=&filter[addObjType]=&filter[whenFrom]=10-10-2026&filter[whenTo]=05-11-2026&filter[duration]=7:10&filter[from]=Warszawa%20-%20Radom,Warszawa,Warszawa%20-%20Modlin&filter[person]=2&filter[child]=1&filter[price]=0:11000&filter[PriceFrom]=0&filter[PriceTo]=11000&filter[addCategory]=50&filter[addCatering]=1&filter[addMisc]=0&filter[addTransport]=F&filter[fp]=1&order_by=ofr_price&filter[tourOperator]=0&filter[childAge][1]=20201210","https://fly.pl/cdn/photo/assets/uploads/582/278/2014/07/Domina-Coral-Bay-Sultan.jpg","https://fly.pl/wycieczka/egipt,sharm-el-sheikh,c/domina-coral-bay-sultan/pUmqpICnfJsyoHYckcxv6GAAogqRHyLXLOaXygHFM-xpbs6giPgYhrkVrHHSR3tH9QMnYqBEpPSVAwn4ue1QZI7lRQQViCBWACagM5b0dyQpsBFAEVBhcAXANYBVYCQMoGT-IBXQAR4sgBXvwxUqYgUwBLxyNhAEzljDoNpv2XCSAAAaSd9K_DiMygMAINYwEADCvtrDw/ofertasv/?filter[tourOperator]=JOIP&filter%5Bperson%5D=2&filter%5BchildAge%5D%5B1%5D=20201210&filter%5Bchild%5D=1"
"Red Sea Grand Makadi (Makadi Bay)","10870.0","15.10.2026 - 22.10.2026","8 dni/7 nocy","","4.4","4.4","3309","tripadvisor","Warszawa","2026-09-14T05:26:42.675786+00:00","https://fly.pl/oferta/egipt-wczasy/?filter[dest]=11:&filter[hotelids]=&filter[cityids]=&filter[cregids]=&filter[ofrType]=&filter[addObjType]=&filter[whenFrom]=10-10-2026&filter[whenTo]=05-11-2026&filter[duration]=7:10&filter[from]=Warszawa%20-%20Radom,Warszawa,Warszawa%20-%20Modlin&filter[person]=2&filter[child]=1&filter[price]=0:11000&filter[PriceFrom]=0&filter[PriceTo]=11000&filter[addCategory]=50&filter[addCatering]=1&filter[addMisc]=0&filter[addTransport]=F&filter[fp]=1&order_by=ofr_price&filter[tourOperator]=0&filter[childAge][1]=20201210","https://fly.pl/cdn/photo/assets/uploads/582/278/2017/08/Grand-Makadi-Makadi-Bay-fly-pl-2.jpg","https://fly.pl/wycieczka/egipt,hurghada,makadi-bay/grand-makadi-makadi-bay/pFVrCTeT40n6pT8f6lOZhJAAoggKRBt6njz1joHAcejfvuMFMAo-Pz72XjDjK39r-JCzUqA0VUSTCfi57VBkj2VFBBWOIFYAJyMRUHFwBcA1gFVgJA-wdbw4UBU50mUgBer09L7UNhACCPitIJDQBRy9699gMCEmMBAgqYnJaT/ofertasv/?filter[tourOperator]=ETI&filter%5Bperson%5D=2&filter%5BchildAge%5D%5B1%5D=20201210&filter%5Bchild%5D=1"
"Naama Bay Promenade Beach Resort","10914.0","27.10.2026 - 03.11.2026","8 dni/7 nocy","","4.2","4.2","1290","tripadvisor","Warszawa - Modlin","2026-09-14T05:26:42.675786+00:00","https://fly.pl/oferta/egipt-wczasy/?filter[dest]=11:&filter[hotelids]=&filter[cityids]=&filter[cregids]=&filter[ofrType]=&filter[addObjType]=&filter[whenFrom]=10-10-2026&filter[whenTo]=05-11-2026&filter[duration]=7:10&filter[from]=Warszawa%20-%20Radom,Warszawa,Warszawa%20-%20Modlin&filter[person]=2&filter[child]=1&filter[price]=0:11000&filter[PriceFrom]=0&filter[PriceTo]=11000&filter[addCategory]=50&filter[addCatering]=1&filter[addMisc]=0&filter[addTransport]=F&filter[fp]=1&order_by=ofr_price&filter[tourOperator]=0&filter[childAge][1]=20201210","https://fly.pl/cdn/photo/assets/uploads/582/278/2021/07/Naama-Bay-Promenade-Beach-Resort.jpg","https://fly.pl/wycieczka/egipt,sharm-el-sheikh,szarm-el-szejk/naama-bay-promenade-beach-resort-10/pwZ6ZES5vKPpqg4beMwf_QAAogl8ehi87Xf-dtVheMIW7huJgpXVUQjygZk0IwIA3_YjEqBE9BU0kwn4ue1QZIolVQAViCCGACagNBSWxyIRwRqq8BuQSa9w-rBAIb2uYMGNjbEwGjkd2ZAgIAYwECC0iCjuw/ofertasv/?filter[tourOperator]=OASI&filter%5Bperson%5D=2&filter%5BchildAge%5D%5B1%5D=20201210&filter%5Bchild%5D=1"
"The V Luxury Resort","10922.0","22.10.2026 - 29.10.2026","8 dni/7 nocy","","4.4","4.4","1031","tripadvisor","Warszawa - Radom","2026-09-14T05:26:42.675786+00:00","https://fly.pl/oferta/egipt-wczasy/?filter[dest]=11:&filter[hotelids]=&filter[cityids]=&filter[cregids]=&filter[ofrType]=&filter[addObjType]=&filter[whenFrom]=10-10-2026&filter[whenTo]=05-11-2026&filter[duration]=7:10&filter[from]=Warszawa%20-%20Radom,Warszawa,Warszawa%20-%20Modlin&filter[person]=2&filter[child]=1&filter[price]=0:11000&filter[PriceFrom]=0&filter[PriceTo]=11000&filter[addCategory]=50&filter[addCatering]=1&filter[addMisc]=0&filter[addTransport]=F&filter[fp]=1&order_by=ofr_price&filter[tourOperator]=0&filter[childAge][1]=20201210","https://datacfstatic.merlinx.pl/OREX/IMG/3068/81c0ea0627efd6ab9706558c934de376be3a32d51491e8172766c62f9015303c.webp","https://fly.pl/wycieczka/egipt,hurghada,sahl-hasheesh/the-v-luxury-resort-13/p32IOx3y9tIF46eM8YhvmBAAogL4Y5NqUkxgxwTOfVU5feDyWlkVtJMYzcX-uCortsPpUqBE9SRVgwn4ue1QZIqlVQQViKB2ACagUwLjIuMXI2mwEVBxcAWAhWAlwIQMIGXdMOT2wR4gFT8JsBUgBer09LgRJhAEzRvjogsf2XCQ0AAhJjAQILLgEKKw/ofertasv/?filter[tourOperator]=OREX&filter%5Bperson%5D=2&filter%5BchildAge%5D%5B1%5D=20201210&filter%5Bchild%5D=1"
"Pickalbatros Dana Beach Resort","10927.0","27.10.2026 - 03.11.2026","9 dni/7 nocy","","4.4","4.4","2869","tripadvisor","Warszawa - Modlin","2026-09-14T05:26:42.675786+00:00","https://fly.pl/oferta/egipt-wczasy/?filter[dest]=11:&filter[hotelids]=&filter[cityids]=&filter[cregids]=&filter[ofrType]=&filter[addObjType]=&filter[whenFrom]=10-10-2026&filter[whenTo]=05-11-2026&filter[duration]=7:10&filter[from]=Warszawa%20-%20Radom,Warszawa,Warszawa%20-%20Modlin&filter[person]=2&filter[child]=1&filter[price]=0:11000&filter[PriceFrom]=0&filter[PriceTo]=11000&filter[addCategory]=50&filter[addCatering]=1&filter[addMisc]=0&filter[addTransport]=F&filter[fp]=1&order_by=ofr_price&filter[tourOperator]=0&filter[childAge][1]=20201210","https://fly.pl/cdn/photo/assets/uploads/582/278/2014/10/Dana-Beach-Resort-fly-pl-1.jpg","https://fly.pl/wycieczka/egipt,hurghada,c/dana-beach/p9QlaH5rtWgpALXA9Bua1mAAogG6ocTSSCc3dWzNYIhc-J-JeMXePUQkpobZ-BQI6-nbQqBEVYSU0wn4ue1QZIr1VQAViCCGACagJBSXIhHBGi-AarBJ-wS7kERRuf-zcY5KFTAYOU9sYNAgBjAQIMm_szXA/ofertasv/?filter[tourOperator]=EXIM&filter%5Bperson%5D=2&filter%5BchildAge%5D%5B1%5D=20201210&filter%5Bchild%5D=1"
"Nubian Island","10944.0","27.10.2026 - 03.11.2026","8 dni/7 nocy","","4.7","4.7","3724","tripadvisor","Warszawa - Modlin","2026-09-14T05:26:42.675786+00:00","https://fly.pl/oferta/egipt-wczasy/?filter[dest]=11:&filter[hotelids]=&filter[cityids]=&filter[cregids]=&filter[ofrType]=&filter[addObjType]=&filter[whenFrom]=10-10-2026&filter[whenTo]=05-11-2026&filter[duration]=7:10&filter[from]=Warszawa%20-%20Radom,Warszawa,Warszawa%20-%20Modlin&filter[person]=2&filter[child]=1&filter[price]=0:11000&filter[PriceFrom]=0&filter[PriceTo]=11000&filter[addCategory]=50&filter[addCatering]=1&filter[addMisc]=0&filter[addTransport]=F&filter[fp]=1&order_by=ofr_price&filter[tourOperator]=0&filter[childAge][1]=20201210","https://fly.pl/cdn/photo/assets/uploads/582/278/2014/07/Nubian-Island.jpg","https://fly.pl/wycieczka/egipt,sharm-el-sheikh,c/nubian-island/paYTtjoDta6mKq4II_qlRXAAogHi7aekWI4xbWjSv5TW2euebol38sl8b5T0sIVl56LHYqBEtPTVQwn4ue1QZIwFVQAViCCGACagJBSXIfHBH1GrkE2-IBqwQZGJqcBBuwiCQBgYTMHgIAYwECBjCe2eE/ofertasv/?filter[tourOperator]=KOMT&filter%5Bperson%5D=2&filter%5BchildAge%5D%5B1%5D=20201210&filter%5Bchild%5D=1"
"Nubian Village","10944.0","27.10.2026 - 03.11.2026","8 dni/7 nocy","","4.5","4.5","4649","tripadvisor","Warszawa - Modlin","2026-09-14T05:26:42.675786+00:00","https://fly.pl/oferta/egipt-wczasy/?filter[dest]=11:&filter[hotelids]=&filter[cityids]=&filter[cregids]=&filter[ofrType]=&filter[addObjType]=&filter[whenFrom]=10-10-2026&filter[whenTo]=05-11-2026&filter[duration]=7:10&filter[from]=Warszawa%20-%20Radom,Warszawa,Warszawa%20-%20Modlin&filter[person]=2&filter[child]=1&filter[price]=0:11000&filter[PriceFrom]=0&filter[PriceTo]=11000&filter[addCategory]=50&filter[addCatering]=1&filter[addMisc]=0&filter[addTransport]=F&filter[fp]=1&order_by=ofr_price&filter[tourOperator]=0&filter[childAge][1]=20201210","https://fly.pl/cdn/photo/assets/uploads/582/278/2014/07/Nubian-Village-fly-pl.jpg","https://fly.pl/wycieczka/egipt,sharm-el-sheikh,c/nubian-village/pzUghnFM4yjAfaecUE2hkUAAogfpbH7VaOkzsJvU6mgPlPoebol38sl8b5T0sIVl56LHYqBEtPTVQwn4ue1QZIwFVQAViCCGACagJBSXIfHBH2GrkE2uIBqwQZGMKbBBu0iSQBwZXLHgIAYwECBl_mzdI/ofertasv/?filter[tourOperator]=KOMT&filter%5Bperson%5D=2&filter%5BchildAge%5D%5B1%5D=20201210&filter%5Bchild%5D=1"
"Jaz Lamaya Resort (ex Iberotel)","10987.0","27.10.2026 - 03.11.2026","8 dni/7 nocy","","4.6","4.6","5880","tripadvisor","Warszawa","2026-09-14T05:26:42.675786+00:00","https://fly.pl/oferta/egipt-wczasy/?filter[dest]=11:&filter[hotelids]=&filter[cityids]=&filter[cregids]=&filter[ofrType]=&filter[addObjType]=&filter[whenFrom]=10-10-2026&filter[whenTo]=05-11-2026&filter[duration]=7:10&filter[from]=Warszawa%20-%20Radom,Warszawa,Warszawa%20-%20Modlin&filter[person]=2&filter[child]=1&filter[price]=0:11000&filter[PriceFrom]=0&filter[PriceTo]=11000&filter[addCategory]=50&filter[addCatering]=1&filter[addMisc]=0&filter[addTransport]=F&filter[fp]=1&order_by=ofr_price&filter[tourOperator]=0&filter[childAge][1]=20201210","https://fly.pl/cdn/photo/assets/uploads/582/278/2014/09/jaz-lamaya.jpg","https://fly.pl/wycieczka/egipt,marsa-alam,madinat-coraya/iberotel-lamaya-resort/pTJBvnO1omncsQS_IdvmxdAAogOxDVG7cUChf-lavmK84U4HfhdMl1pFTvfBznJ5JFJscqBEVYSU0wn4ue1QZI61VQAViCCGACagJBSXIjHBHzxwa5BPv2PasEiN4NG_-ALRj4uVwBrcGYtA0CAGMBAgzcL668/ofertasv/?filter[tourOperator]=EXIM&filter%5Bperson%5D=2&filter%5BchildAge%5D%5B1%5D=20201210&filter%5Bchild%5D=1"
"Jaz Grand Marsa (ex Resta Grand Resort) Egipt, Marsa Alam, Madinat Coraya","6487.0","28.10.2026 - 04.11.2026","8 dni/7 nocy","","4.6","4.6","6430","tripadvisor","Warszawa - Modlin","2026-09-14T06:29:04.755589+00:00","https://fly.pl/oferta/egipt-wczasy/?filter[dest]=11:&filter[hotelids]=&filter[cityids]=&filter[cregids]=&filter[ofrType]=&filter[addObjType]=&filter[whenFrom]=10-10-2026&filter[whenTo]=05-11-2026&filter[duration]=7:10&filter[from]=Warszawa%20-%20Radom,Warszawa,Warszawa%20-%20Modlin&filter[person]=2&filter[child]=1&filter[price]=0:11000&filter[PriceFrom]=0&filter[PriceTo]=11000&filter[addCategory]=50&filter[addCatering]=1&filter[addMisc]=0&filter[addTransport]=F&filter[fp]=1&order_by=ofr_price&filter[tourOperator]=0&filter[childAge][1]=20201210","https://fly.pl/cdn/photo/assets/uploads/582/278/2014/09/grand.jpg","https://fly.pl/wycieczka/egipt,marsa-alam,madinat-coraya/resta-grand-resort/ptP-B27qZ6fjcfQ-9mljJKAAog8ooSOa1D1oQqD4ncF5FiPBMX033-gYOoV0TNZ_GKOrIqBEVYSU0wsaie1QZI1zJQAViZCGACagJBSXIhHBG-2Qa5BKLTS6sEPhur5DUY0e9VAf3G5csNAgBjAQIM-E-k1Q/ofertasv/?filter[tourOperator]=EXIM&filter%5Bperson%5D=2&filter%5BchildAge%5D%5B1%5D=20201210&filter%5Bchild%5D=1"
"Novotel Marsa Alam Egipt, Marsa Alam","6670.0","28.10.2026 - 04.11.2026","8 dni/7 nocy","","4.5","4.5","3679","tripadvisor","Warszawa - Modlin","2026-09-14T06:29:04.755589+00:00","https://fly.pl/oferta/egipt-wczasy/?filter[dest]=11:&filter[hotelids]=&filter[cityids]=&filter[cregids]=&filter[ofrType]=&filter[addObjType]=&filter[whenFrom]=10-10-2026&filter[whenTo]=05-11-2026&filter[duration]=7:10&filter[from]=Warszawa%20-%20Radom,Warszawa,Warszawa%20-%20Modlin&filter[person]=2&filter[child]=1&filter[price]=0:11000&filter[PriceFrom]=0&filter[PriceTo]=11000&filter[addCategory]=50&filter[addCatering]=1&filter[addMisc]=0&filter[addTransport]=F&filter[fp]=1&order_by=ofr_price&filter[tourOperator]=0&filter[childAge][1]=20201210","https://fly.pl/cdn/photo/assets/uploads/582/278/2015/09/Novotel-Marsa-Alam.jpg","https://fly.pl/wycieczka/egipt,marsa-alam,c/novotel-marsa-alam/pzONgXoTEEmlY8Z4VGZYO1AAogcgJ-Wcay5Vz3_F1j3XOL0hNTnlqlLqBHtLF6YzgD78cqBE9BU0kwsaie1QZIjjRQAViZCGACagNBSWxyIRwRn6QBqwTL_w-5BAgbjvQOGJzHEQHvyvaZAgIAYwECBV-rC_o/ofertasv/?filter[tourOperator]=OASI&filter%5Bperson%5D=2&filter%5BchildAge%5D%5B1%5D=20201210&filter%5Bchild%5D=1"
"Gemma Resort (ex. Labranda Gemma Premium Resort) Egipt, Marsa Alam","6686.0","28.10.2026 - 04.11.2026","8 dni/7 nocy","","4.5","4.5","5576","tripadvisor","Warszawa - Modlin","2026-09-14T06:29:04.755589+00:00","https://fly.pl/oferta/egipt-wczasy/?filter[dest]=11:&filter[hotelids]=&filter[cityids]=&filter[cregids]=&filter[ofrType]=&filter[addObjType]=&filter[whenFrom]=10-10-2026&filter[whenTo]=05-11-2026&filter[duration]=7:10&filter[from]=Warszawa%20-%20Radom,Warszawa,Warszawa%20-%20Modlin&filter[person]=2&filter[child]=1&filter[price]=0:11000&filter[PriceFrom]=0&filter[PriceTo]=11000&filter[addCategory]=50&filter[addCatering]=1&filter[addMisc]=0&filter[addTransport]=F&filter[fp]=1&order_by=ofr_price&filter[tourOperator]=0&filter[childAge][1]=20201210","https://fly.pl/cdn/photo/assets/uploads/582/278/2015/06/Gemma-Resort.jpg","https://fly.pl/wycieczka/egipt,marsa-alam,c/gemma-resort/phSXN9hA4Og7mPTFcOw_pPAAogHiOKQ9_PoFDmg_Hh_7yl7hNTnlqlLqBHtLF6YzgD78cqBE9BU0kwsaie1QZInjRQAViZCGACagNBSWxyIRwRlKQBqwTW_w-5BAgb6IANGMW5EwG54eeZAgIAYwECDTUcx-g/ofertasv/?filter[tourOperator]=OASI&filter%5Bperson%5D=2&filter%5BchildAge%5D%5B1%5D=20201210&filter%5Bchild%5D=1"
"AMC Royal Hotel & Spa (ex. AMC Azur Resort) Egipt, Hurghada","6881.0","22.10.2026 - 29.10.2026","8 dni/7 nocy","","4.4","4.4","3067","tripadvisor","Warszawa - Radom","2026-09-14T06:29:04.755589+00:00","https://fly.pl/oferta/egipt-wczasy/?filter[dest]=11:&filter[hotelids]=&filter[cityids]=&filter[cregids]=&filter[ofrType]=&filter[addObjType]=&filter[whenFrom]=10-10-2026&filter[whenTo]=05-11-2026&filter[duration]=7:10&filter[from]=Warszawa%20-%20Radom,Warszawa,Warszawa%20-%20Modlin&filter[person]=2&filter[child]=1&filter[price]=0:11000&filter[PriceFrom]=0&filter[PriceTo]=11000&filter[addCategory]=50&filter[addCatering]=1&filter[addMisc]=0&filter[addTransport]=F&filter[fp]=1&order_by=ofr_price&filter[tourOperator]=0&filter[childAge][1]=20201210","https://fly.pl/cdn/photo/assets/uploads/582/278/2014/07/AMC-Royal-Resort.jpg","https://fly.pl/wycieczka/egipt,hurghada,c/amc-royal-ex-amc-azur-resort/pOVzvhKO_G4YF3AfVdGBKAAAogEeD8sdM0_6YSeso2VpnVRyWlkVtJMYzcX-uCortsPpUqBE9SRVgwsaie1QZI4TVQQViJB2ACagVFLjIuMXI1mwEVBxcAXANYBVYCEQRAxgZd0w5PbFPSnQFSAF6vT0uBEmEATNG-OiCx_ZcJDQACEmMBAgx_Tu0_/ofertasv/?filter[tourOperator]=OREX&filter%5Bperson%5D=2&filter%5BchildAge%5D%5B1%5D=20201210&filter%5Bchild%5D=1"
"Amarina Jannah Resort Aquapark Egipt, Marsa Alam, Port Ghalib","7062.0","28.10.2026 - 04.11.2026","8 dni/7 nocy","","4.7","4.7","672","tripadvisor","Warszawa - Modlin","2026-09-14T06:29:04.755589+00:00","https://fly.pl/oferta/egipt-wczasy/?filter[dest]=11:&filter[hotelids]=&filter[cityids]=&filter[cregids]=&filter[ofrType]=&filter[addObjType]=&filter[whenFrom]=10-10-2026&filter[whenTo]=05-11-2026&filter[duration]=7:10&filter[from]=Warszawa%20-%20Radom,Warszawa,Warszawa%20-%20Modlin&filter[person]=2&filter[child]=1&filter[price]=0:11000&filter[PriceFrom]=0&filter[PriceTo]=11000&filter[addCategory]=50&filter[addCatering]=1&filter[addMisc]=0&filter[addTransport]=F&filter[fp]=1&order_by=ofr_price&filter[tourOperator]=0&filter[childAge][1]=20201210","https://fly.pl/cdn/photo/assets/uploads/582/278/2023/04/Amarina-Jannah-Resort-Aquapark.jpg","https://fly.pl/wycieczka/egipt,marsa-alam,port-ghalib/amarina-jannah-resort-aquapark-15/pzOv4AGlIB4Iq7BToHxURyAAog1kNFqu8Y4qhRlbIsuMM0pBNTnlqlLqBHtLF6YzgD78cqBE9BU0kwsaie1QZIljdQAViZCGACagNBSWxyIRwRgKQBqwTq_w-5BAgb6sYPGKOMEwHDyeOqAgIAYwECDNZ3ATE/ofertasv/?filter[tourOperator]=OASI&filter%5Bperson%5D=2&filter%5BchildAge%5D%5B1%5D=20201210&filter%5Bchild%5D=1"
"Amarina Queen Resort Egipt, Marsa Alam","7080.0","28.10.2026 - 04.11.2026","8 dni/7 nocy","","4.7","4.7","1194","tripadvisor","Warszawa - Modlin","2026-09-14T06:29:04.755589+00:00","https://fly.pl/oferta/egipt-wczasy/?filter[dest]=11:&filter[hotelids]=&filter[cityids]=&filter[cregids]=&filter[ofrType]=&filter[addObjType]=&filter[whenFrom]=10-10-2026&filter[whenTo]=05-11-2026&filter[duration]=7:10&filter[from]=Warszawa%20-%20Radom,Warszawa,Warszawa%20-%20Modlin&filter[person]=2&filter[child]=1&filter[price]=0:11000&filter[PriceFrom]=0&filter[PriceTo]=11000&filter[addCategory]=50&filter[addCatering]=1&filter[addMisc]=0&filter[addTransport]=F&filter[fp]=1&order_by=ofr_price&filter[tourOperator]=0&filter[childAge][1]=20201210","https://fly.pl/cdn/photo/assets/uploads/582/278/2024/07/amarina-queen-resort.jpg","https://fly.pl/wycieczka/egipt,marsa-alam,c/amarina-queen-resort-12/paWp9WIoqQ48dFLxORa6IaAAogRkgUoeqcpXIg6NfPmy61khNTnlqlLqBHtLF6YzgD78cqBE9BU0kwsaie1QZIqDdQAViZCGACagNBSWxyIRwRgqQBqwTo_w-5BAgbmccPGKOMEwGE3uWqAgIAYwECDJTGTp0/ofertasv/?filter[tourOperator]=OASI&filter%5Bperson%5D=2&filter%5BchildAge%5D%5B1%5D=20201210&filter%5Bchild%5D=1"
"Movenpick Resort Soma Bay Egipt, Hurghada","7259.0","29.10.2026 - 05.11.2026","8 dni/7 nocy","","4.3","4.3","4073","tripadvisor","Warszawa","2026-09-14T06:29:04.755589+00:00","https://fly.pl/oferta/egipt-wczasy/?filter[dest]=11:&filter[hotelids]=&filter[cityids]=&filter[cregids]=&filter[ofrType]=&filter[addObjType]=&filter[whenFrom]=10-10-2026&filter[whenTo]=05-11-2026&filter[duration]=7:10&filter[from]=Warszawa%20-%20Radom,Warszawa,Warszawa%20-%20Modlin&filter[person]=2&filter[child]=1&filter[price]=0:11000&filter[PriceFrom]=0&filter[PriceTo]=11000&filter[addCategory]=50&filter[addCatering]=1&filter[addMisc]=0&filter[addTransport]=F&filter[fp]=1&order_by=ofr_price&filter[tourOperator]=0&filter[childAge][1]=20201210","https://fly.pl/cdn/photo/assets/uploads/582/278/2009/02/Movenpick-Soma-Bay2539.jpg","https://fly.pl/wycieczka/egipt,hurghada,c/movenpick-soma-bay/pBu7tGb76qmkdetz-uXq4uAAog1xC40B2Cc-pKOz-wGL-X5xLqCxxQb8S86Hh0k4aD-ioqBE9SRVgwsaie1QZI2zhQQVixCGACagdCSzQuMi4xcjWbARUHFwBcA1gFVgJAygYREl2JD08kU9KdAVIAXq9PS-1DYQBM5Yw6ILj9lwkNAAISYwECC8L8DqA/ofertasv/?filter[tourOperator]=OREX&filter%5Bperson%5D=2&filter%5BchildAge%5D%5B1%5D=20201210&filter%5Bchild%5D=1"
"Albatros Oasis Port Ghalib (ex. Red Sea Port Ghalib Resort) Egipt, Marsa Alam, Port Ghalib","7387.0","28.10.2026 - 04.11.2026","8 dni/7 nocy","","4.6","4.6","3642","tripadvisor","Warszawa - Modlin","2026-09-14T06:29:04.755589+00:00","https://fly.pl/oferta/egipt-wczasy/?filter[dest]=11:&filter[hotelids]=&filter[cityids]=&filter[cregids]=&filter[ofrType]=&filter[addObjType]=&filter[whenFrom]=10-10-2026&filter[whenTo]=05-11-2026&filter[duration]=7:10&filter[from]=Warszawa%20-%20Radom,Warszawa,Warszawa%20-%20Modlin&filter[person]=2&filter[child]=1&filter[price]=0:11000&filter[PriceFrom]=0&filter[PriceTo]=11000&filter[addCategory]=50&filter[addCatering]=1&filter[addMisc]=0&filter[addTransport]=F&filter[fp]=1&order_by=ofr_price&filter[tourOperator]=0&filter[childAge][1]=20201210","https://fly.pl/cdn/photo/assets/uploads/582/278/2014/09/pickalbatros-oasis.jpg","https://fly.pl/wycieczka/egipt,marsa-alam,port-ghalib/crowne-plaza-sahara-oasis-resort/pEBljdvEalXEGtXMFgStF8AAogz4RsY6YCGqWBZWcR2M3lZxMX033-gYOoV0TNZ_GKOrIqBEVYSU0wsaie1QZI2zlQAViZCGACagJBSXIhHBHS2Qa5BI7TS6sEPhvF4TUY-7pVAaLdtM4NAgBjAQIMjv6DSw/ofertasv/?filter[tourOperator]=EXIM&filter%5Bperson%5D=2&filter%5BchildAge%5D%5B1%5D=20201210&filter%5Bchild%5D=1"
"Parrotel Lagoon Resort Egipt, Sharm El Sheikh, Szarm el-Szejk","7433.0","27.10.2026 - 03.11.2026","8 dni/7 nocy","","4.1","4.1","1847","tripadvisor","Warszawa - Modlin","2026-09-14T06:29:04.755589+00:00","https://fly.pl/oferta/egipt-wczasy/?filter[dest]=11:&filter[hotelids]=&filter[cityids]=&filter[cregids]=&filter[ofrType]=&filter[addObjType]=&filter[whenFrom]=10-10-2026&filter[whenTo]=05-11-2026&filter[duration]=7:10&filter[from]=Warszawa%20-%20Radom,Warszawa,Warszawa%20-%20Modlin&filter[person]=2&filter[child]=1&filter[price]=0:11000&filter[PriceFrom]=0&filter[PriceTo]=11000&filter[addCategory]=50&filter[addCatering]=1&filter[addMisc]=0&filter[addTransport]=F&filter[fp]=1&order_by=ofr_price&filter[tourOperator]=0&filter[childAge][1]=20201210","https://fly.pl/cdn/photo/assets/uploads/582/278/2020/10/Parrotel-Lagoon-Resort.jpg","https://fly.pl/wycieczka/egipt,sharm-el-sheikh,szarm-el-szejk/parrotel-lagoon-resort-14/pXh5l_zt2mzWhShemKqu7DAAoguRPWcINaDBhv5tXgdkxNSebol38sl8b5T0sIVl56LHYqBEtPTVQwsaie1QZIiTpQAViBCGACagJBSXIfHBH8GrkE1OIBqwQZGLGvBBu59iMBn53zHgIAYwECBjc626o/ofertasv/?filter[tourOperator]=KOMT&filter%5Bperson%5D=2&filter%5BchildAge%5D%5B1%5D=20201210&filter%5Bchild%5D=1"
"Rewaya Majestic Resort Egipt, Hurghada","7507.0","27.10.2026 - 03.11.2026","9 dni/7 nocy","","","","","","Warszawa - Modlin","2026-09-14T06:29:04.755589+00:00","https://fly.pl/oferta/egipt-wczasy/?filter[dest]=11:&filter[hotelids]=&filter[cityids]=&filter[cregids]=&filter[ofrType]=&filter[addObjType]=&filter[whenFrom]=10-10-2026&filter[whenTo]=05-11-2026&filter[duration]=7:10&filter[from]=Warszawa%20-%20Radom,Warszawa,Warszawa%20-%20Modlin&filter[person]=2&filter[child]=1&filter[price]=0:11000&filter[PriceFrom]=0&filter[PriceTo]=11000&filter[addCategory]=50&filter[addCatering]=1&filter[addMisc]=0&filter[addTransport]=F&filter[fp]=1&order_by=ofr_price&filter[tourOperator]=0&filter[childAge][1]=20201210","https://datacfstatic.merlinx.pl/OASI/IMG/24140/e3a15b238b2d30f27199dd0e48d3c85c0bc5e06a1c321d66bdb885dd7a89e111.webp","https://fly.pl/wycieczka/egipt,hurghada,c/rewaya-majestic-resort-10/pXmgw8SZqMvYii42G3TfTDAAog3XXJX54SdqQsmmNTaElRl3-RivCO5fCdWQwfiBpU-nUqBE9BU0kwsaie1QZI0zpQAViBCGACagNVQUlyIRwRzLwBqwSg4g-5BEAb5s4MGMPkEwHOoZqZAgIAYwECDWFKZ5k/ofertasv/?filter[tourOperator]=OASI&filter%5Bperson%5D=2&filter%5BchildAge%5D%5B1%5D=20201210&filter%5Bchild%5D=1"
"Albatros Sea World Resort Marsa Alam Egipt, Marsa Alam, Al-Kusajr","7607.0","28.10.2026 - 04.11.2026","8 dni/7 nocy","","4.7","4.7","4499","tripadvisor","Warszawa - Modlin","2026-09-14T06:29:04.755589+00:00","https://fly.pl/oferta/egipt-wczasy/?filter[dest]=11:&filter[hotelids]=&filter[cityids]=&filter[cregids]=&filter[ofrType]=&filter[addObjType]=&filter[whenFrom]=10-10-2026&filter[whenTo]=05-11-2026&filter[duration]=7:10&filter[from]=Warszawa%20-%20Radom,Warszawa,Warszawa%20-%20Modlin&filter[person]=2&filter[child]=1&filter[price]=0:11000&filter[PriceFrom]=0&filter[PriceTo]=11000&filter[addCategory]=50&filter[addCatering]=1&filter[addMisc]=0&filter[addTransport]=F&filter[fp]=1&order_by=ofr_price&filter[tourOperator]=0&filter[childAge][1]=20201210","https://fly.pl/cdn/photo/assets/uploads/582/278/2017/08/ALBATROS-SEA-WORLD.jpg","https://fly.pl/wycieczka/egipt,marsa-alam,al-kusajr/sea-world-resort-marsa-alam/pbwqaN6B2oj3ByMi5o8fkIAAog9eRxU0wUyYOdcOsC7gCRQhMX033-gYOoV0TNZ_GKOrIqBEVYSU0wsaie1QZItztQAViZCGACagJBSXIhHBHL9Aa5BJW4S6sEPhuk4jUYuLpVAaul_sYNAgBjAQIMkS9LpA/ofertasv/?filter[tourOperator]=EXIM&filter%5Bperson%5D=2&filter%5BchildAge%5D%5B1%5D=20201210&filter%5Bchild%5D=1"
"Dream Lagoon & Aqua Park Resort (ex. Floriana Dream Lagoon) Egipt, Marsa Alam","7745.0","24.10.2026 - 31.10.2026","8 dni/7 nocy","","4.3","4.3","5726","tripadvisor","Warszawa","2026-09-14T06:29:04.755589+00:00","https://fly.pl/oferta/egipt-wczasy/?filter[dest]=11:&filter[hotelids]=&filter[cityids]=&filter[cregids]=&filter[ofrType]=&filter[addObjType]=&filter[whenFrom]=10-10-2026&filter[whenTo]=05-11-2026&filter[duration]=7:10&filter[from]=Warszawa%20-%20Radom,Warszawa,Warszawa%20-%20Modlin&filter[person]=2&filter[child]=1&filter[price]=0:11000&filter[PriceFrom]=0&filter[PriceTo]=11000&filter[addCategory]=50&filter[addCatering]=1&filter[addMisc]=0&filter[addTransport]=F&filter[fp]=1&order_by=ofr_price&filter[tourOperator]=0&filter[childAge][1]=20201210","https://fly.pl/cdn/photo/assets/uploads/582/278/2015/11/Future-Dream-Lagoon-ex.-Floriana-Dream-Lagoon-fly-pl.jpg","https://fly.pl/wycieczka/egipt,marsa-alam,c/floriana-dream-lagoon/puFdYssav3RD3jcCLlyWK7AAogCBBrYiyNM3YbPxv6UmQ9NKaYQYkkWuEfcVdFg92vHHIqBE9SRVgwsaie1QZIwTxQQVi5B2ACagYwWi4yLjFyNpsBFQcXAFwDWAVWAkDKBhHfDl2kFU8kXpnYAVO8FFIAS7EvYQBM5Yw6ILP9lwkNAAISYwECDf7ztCM/ofertasv/?filter[tourOperator]=OREX&filter%5Bperson%5D=2&filter%5BchildAge%5D%5B1%5D=20201210&filter%5Bchild%5D=1"
"Xperience Sea Breeze Egipt, Sharm El Sheikh","7760.0","11.10.2026 - 18.10.2026","8 dni/7 nocy","","4.7","4.7","11506","tripadvisor","Warszawa","2026-09-14T06:29:04.755589+00:00","https://fly.pl/oferta/egipt-wczasy/?filter[dest]=11:&filter[hotelids]=&filter[cityids]=&filter[cregids]=&filter[ofrType]=&filter[addObjType]=&filter[whenFrom]=10-10-2026&filter[whenTo]=05-11-2026&filter[duration]=7:10&filter[from]=Warszawa%20-%20Radom,Warszawa,Warszawa%20-%20Modlin&filter[person]=2&filter[child]=1&filter[price]=0:11000&filter[PriceFrom]=0&filter[PriceTo]=11000&filter[addCategory]=50&filter[addCatering]=1&filter[addMisc]=0&filter[addTransport]=F&filter[fp]=1&order_by=ofr_price&filter[tourOperator]=0&filter[childAge][1]=20201210","https://fly.pl/cdn/photo/assets/uploads/582/278/2014/07/XPERIENCE-SEA-BREEZE-RESORT.jpg","https://fly.pl/wycieczka/egipt,sharm-el-sheikh,c/xperience-sea-breeze/pJ_4vPfV3sfhUaThCRcdyqAAogW4wnZNbjVKdDFGPxGhSA3wiPgYhrkVrHHSR3tH9QMnYqBEpPSVAwsaie1QZI0DxQQViBBWACagNDR21yQpsBFAEVBhcAXANYBVYCQMoGT-IBXQARlsoBXsgwUqYgUwBLxyNhAEzljDoNpv2XCSAAAaa11LC0iMygMAINYwEAC42fww0/ofertasv/?filter[tourOperator]=JOIP&filter%5Bperson%5D=2&filter%5BchildAge%5D%5B1%5D=20201210&filter%5Bchild%5D=1"
"Albatros Palace Port Ghalib (ex. Red Sea The Palace) Egipt, Marsa Alam, Port Ghalib","7787.0","28.10.2026 - 04.11.2026","8 dni/7 nocy","","4.7","4.7","3738","tripadvisor","Warszawa - Modlin","2026-09-14T06:29:04.755589+00:00","https://fly.pl/oferta/egipt-wczasy/?filter[dest]=11:&filter[hotelids]=&filter[cityids]=&filter[cregids]=&filter[ofrType]=&filter[addObjType]=&filter[whenFrom]=10-10-2026&filter[whenTo]=05-11-2026&filter[duration]=7:10&filter[from]=Warszawa%20-%20Radom,Warszawa,Warszawa%20-%20Modlin&filter[person]=2&filter[child]=1&filter[price]=0:11000&filter[PriceFrom]=0&filter[PriceTo]=11000&filter[addCategory]=50&filter[addCatering]=1&filter[addMisc]=0&filter[addTransport]=F&filter[fp]=1&order_by=ofr_price&filter[tourOperator]=0&filter[childAge][1]=20201210","https://fly.pl/cdn/photo/assets/uploads/582/278/2014/09/albatros-palace.jpg","https://fly.pl/wycieczka/egipt,marsa-alam,port-ghalib/intercontinental-the-palace-port-ghalib/pfnXnZ96nYB0b5LPms8xk6AAog50fMSeXNlFZeGBB5waQXWhMX033-gYOoV0TNZ_GKOrIqBEVYSU0wsaie1QZI6zxQAViZCGACagJBSXIhHBHN9Aa5BJO4S6sEPhvi4TUY6rpVAcu4_cYNAgBjAQIMRRPsjA/ofertasv/?filter[tourOperator]=EXIM&filter%5Bperson%5D=2&filter%5BchildAge%5D%5B1%5D=20201210&filter%5Bchild%5D=1"
"Pickalbatros Villaggio Resort Portofino Egipt, Marsa Alam","7847.0","28.10.2026 - 04.11.2026","8 dni/7 nocy","","4.9","4.9","1595","tripadvisor","Warszawa - Modlin","2026-09-14T06:29:04.755589+00:00","https://fly.pl/oferta/egipt-wczasy/?filter[dest]=11:&filter[hotelids]=&filter[cityids]=&filter[cregids]=&filter[ofrType]=&filter[addObjType]=&filter[whenFrom]=10-10-2026&filter[whenTo]=05-11-2026&filter[duration]=7:10&filter[from]=Warszawa%20-%20Radom,Warszawa,Warszawa%20-%20Modlin&filter[person]=2&filter[child]=1&filter[price]=0:11000&filter[PriceFrom]=0&filter[PriceTo]=11000&filter[addCategory]=50&filter[addCatering]=1&filter[addMisc]=0&filter[addTransport]=F&filter[fp]=1&order_by=ofr_price&filter[tourOperator]=0&filter[childAge][1]=20201210","https://fly.pl/cdn/photo/assets/uploads/582/278/2024/07/pickalbatros-villaggio-resort-portofino.jpg","https://fly.pl/wycieczka/egipt,marsa-alam,c/pickalbatros-villaggio-resort-portofino-15/p5q-5FXwGYuCCbOw0Rfi7OAAogDjbLIkFIX2XAC2k8hrbdJhMX033-gYOoV0TNZ_GKOrIqBEVYSU0wsaie1QZIpz1QAViZCGACagJBSXIhHBHP_ga5BJGuS6sEPhvagzwYmJlPAZ6L_8YNAgBjAQIMw3QWCA/ofertasv/?filter[tourOperator]=EXIM&filter%5Bperson%5D=2&filter%5BchildAge%5D%5B1%5D=20201210&filter%5Bchild%5D=1"
"Rewaya Luxury Resort Egipt, Hurghada","7847.0","27.10.2026 - 03.11.2026","9 dni/7 nocy","","","","","","Warszawa - Modlin","2026-09-14T06:29:04.755589+00:00","https://fly.pl/oferta/egipt-wczasy/?filter[dest]=11:&filter[hotelids]=&filter[cityids]=&filter[cregids]=&filter[ofrType]=&filter[addObjType]=&filter[whenFrom]=10-10-2026&filter[whenTo]=05-11-2026&filter[duration]=7:10&filter[from]=Warszawa%20-%20Radom,Warszawa,Warszawa%20-%20Modlin&filter[person]=2&filter[child]=1&filter[price]=0:11000&filter[PriceFrom]=0&filter[PriceTo]=11000&filter[addCategory]=50&filter[addCatering]=1&filter[addMisc]=0&filter[addTransport]=F&filter[fp]=1&order_by=ofr_price&filter[tourOperator]=0&filter[childAge][1]=20201210","https://datacfstatic.merlinx.pl/EXIM/IMG/114587/d4eb92cfe350c7a33d54f02107ec3a32db9ef7ad1d4e95c8b7b4944e33e5d7b4.webp","https://fly.pl/wycieczka/egipt,hurghada,c/rewaya-luxury-resort-9/pgv9BpHMvriXYlNLh9Y33_AAog63qvUPXD35QDIX5Dw27aK5eMXePUQkpobZ-BQI6-nbQqBEVYSU0wsaie1QZIpz1QAViBCGACagNVQUlyIRwRm_8GqwSmqUu5BEUb655AGO_mRwGZ-N-rDQISYwECDY8lPCw/ofertasv/?filter[tourOperator]=EXIM&filter%5Bperson%5D=2&filter%5BchildAge%5D%5B1%5D=20201210&filter%5Bchild%5D=1"
"Siva Golden Bay Makadi Egipt, Hurghada, Makadi Bay","7897.0","29.10.2026 - 05.11.2026","8 dni/7 nocy","","4.6","4.6","856","tripadvisor","Warszawa","2026-09-14T06:29:04.755589+00:00","https://fly.pl/oferta/egipt-wczasy/?filter[dest]=11:&filter[hotelids]=&filter[cityids]=&filter[cregids]=&filter[ofrType]=&filter[addObjType]=&filter[whenFrom]=10-10-2026&filter[whenTo]=05-11-2026&filter[duration]=7:10&filter[from]=Warszawa%20-%20Radom,Warszawa,Warszawa%20-%20Modlin&filter[person]=2&filter[child]=1&filter[price]=0:11000&filter[PriceFrom]=0&filter[PriceTo]=11000&filter[addCategory]=50&filter[addCatering]=1&filter[addMisc]=0&filter[addTransport]=F&filter[fp]=1&order_by=ofr_price&filter[tourOperator]=0&filter[childAge][1]=20201210","https://fly.pl/cdn/photo/assets/uploads/582/278/2024/07/siva-golden-bay-makadi.jpg","https://fly.pl/wycieczka/egipt,hurghada,makadi-bay/siva-golden-bay-makadi-10/pPBoiqg_nsctS3ewmCJ0XDAAogvYZc9skrvUbI-9IjIzLN32Sr15Jod7NI_ZeeP2cCHt0qBEVYSU0wsaie1QZI2T1QAVixCGACagJBSXIjHBHGuwa5BOT_PasEvYoKG8zaJRiWpWcBqaaQsw0CAGMBAgc_D7-K/ofertasv/?filter[tourOperator]=EXIM&filter%5Bperson%5D=2&filter%5BchildAge%5D%5B1%5D=20201210&filter%5Bchild%5D=1"
"Pickalbatros Vita Resort Portofino Egipt, Marsa Alam","8007.0","28.10.2026 - 04.11.2026","8 dni/7 nocy","","4.9","4.9","752","tripadvisor","Warszawa - Modlin","2026-09-14T06:29:04.755589+00:00","https://fly.pl/oferta/egipt-wczasy/?filter[dest]=11:&filter[hotelids]=&filter[cityids]=&filter[cregids]=&filter[ofrType]=&filter[addObjType]=&filter[whenFrom]=10-10-2026&filter[whenTo]=05-11-2026&filter[duration]=7:10&filter[from]=Warszawa%20-%20Radom,Warszawa,Warszawa%20-%20Modlin&filter[person]=2&filter[child]=1&filter[price]=0:11000&filter[PriceFrom]=0&filter[PriceTo]=11000&filter[addCategory]=50&filter[addCatering]=1&filter[addMisc]=0&filter[addTransport]=F&filter[fp]=1&order_by=ofr_price&filter[tourOperator]=0&filter[childAge][1]=20201210","https://fly.pl/cdn/photo/assets/uploads/582/278/2024/07/pickalbatros-vita-resort-portofino.jpg","https://fly.pl/wycieczka/egipt,marsa-alam,c/pickalbatros-vita-resort-portofino-11/pBBEo-NrzD-QfxE3bX1Wu8AAogII6AS2JjTxk3fFCJiTzKORMX033-gYOoV0TNZ_GKOrIqBEVYSU0wsaie1QZIxz5QAViZCGACagJBSXIhHBHU2Qa5BIzTS6sEPhvE5DUYxLhVAarq_8YNAgBjAQIMIs3utA/ofertasv/?filter[tourOperator]=EXIM&filter%5Bperson%5D=2&filter%5BchildAge%5D%5B1%5D=20201210&filter%5Bchild%5D=1"
"Regency Plaza Aqua Park Spa Egipt, Sharm El Sheikh, Szarm el-Szejk","8030.0","27.10.2026 - 03.11.2026","8 dni/7 nocy","","4.1","4.1","6204","tripadvisor","Warszawa - Modlin","2026-09-14T06:29:04.755589+00:00","https://fly.pl/oferta/egipt-wczasy/?filter[dest]=11:&filter[hotelids]=&filter[cityids]=&filter[cregids]=&filter[ofrType]=&filter[addObjType]=&filter[whenFrom]=10-10-2026&filter[whenTo]=05-11-2026&filter[duration]=7:10&filter[from]=Warszawa%20-%20Radom,Warszawa,Warszawa%20-%20Modlin&filter[person]=2&filter[child]=1&filter[price]=0:11000&filter[PriceFrom]=0&filter[PriceTo]=11000&filter[addCategory]=50&filter[addCatering]=1&filter[addMisc]=0&filter[addTransport]=F&filter[fp]=1&order_by=ofr_price&filter[tourOperator]=0&filter[childAge][1]=20201210","https://fly.pl/cdn/photo/assets/uploads/582/278/2014/07/Regency-Plaza-Aqua-Park-Spa-fly-pl.jpg","https://fly.pl/wycieczka/egipt,sharm-el-sheikh,szarm-el-szejk/regency-plaza/pRVHNfNI3wgk6rv_SGe9NaAAogiymMGaFNxGbPBVfsVLtZvZgpXVUQjygZk0IwIA3_YjEqBE9BU0kwsaie1QZI3j5QAViBCGACagNBSWxyIRwRxq8BuQT-9g-rBAIbivsOGIrJEQHW8u-ZAgIAYwECDYbYgKI/ofertasv/?filter[tourOperator]=OASI&filter%5Bperson%5D=2&filter%5BchildAge%5D%5B1%5D=20201210&filter%5Bchild%5D=1"
"Casa Mare Resort (ex. Royal Tulip Beach Resort) Egipt, Marsa Alam","8157.0","17.10.2026 - 24.10.2026","8 dni/7 nocy","","4.7","4.7","4700","tripadvisor","Warszawa","2026-09-14T06:29:04.755589+00:00","https://fly.pl/oferta/egipt-wczasy/?filter[dest]=11:&filter[hotelids]=&filter[cityids]=&filter[cregids]=&filter[ofrType]=&filter[addObjType]=&filter[whenFrom]=10-10-2026&filter[whenTo]=05-11-2026&filter[duration]=7:10&filter[from]=Warszawa%20-%20Radom,Warszawa,Warszawa%20-%20Modlin&filter[person]=2&filter[child]=1&filter[price]=0:11000&filter[PriceFrom]=0&filter[PriceTo]=11000&filter[addCategory]=50&filter[addCatering]=1&filter[addMisc]=0&filter[addTransport]=F&filter[fp]=1&order_by=ofr_price&filter[tourOperator]=0&filter[childAge][1]=20201210","https://fly.pl/cdn/photo/assets/uploads/582/278/2015/12/Casa-Mare-Resort.jpg","https://fly.pl/wycieczka/egipt,marsa-alam,c/royal-tulip-beach-resort/pkVoxXJZ2sIJzSwap6pah-AAogXYTSs6V_oQ3tBXGsIBeJmXh-I1XoPovNz2vNI1J-_sYqBFZJVFgwsaie1QZI3T9QQViRBmACckAaABUHFwBcA1gFQI8DW5eFAV7melK8FFMAS7EvYQBMj7U5DYLVmAkgAFGWncX23wFP8v0GXZz4r_klAg5jAQINH-nUBw/ofertasv/?filter[tourOperator]=VITX&filter%5Bperson%5D=2&filter%5BchildAge%5D%5B1%5D=20201210&filter%5Bchild%5D=1"
"Royal Brayka Beach Resort (ex Zee Brayka) Egipt, Marsa Alam","8157.0","10.10.2026 - 17.10.2026","8 dni/7 nocy","","4.4","4.4","2525","tripadvisor","Warszawa","2026-09-14T06:29:04.755589+00:00","https://fly.pl/oferta/egipt-wczasy/?filter[dest]=11:&filter[hotelids]=&filter[cityids]=&filter[cregids]=&filter[ofrType]=&filter[addObjType]=&filter[whenFrom]=10-10-2026&filter[whenTo]=05-11-2026&filter[duration]=7:10&filter[from]=Warszawa%20-%20Radom,Warszawa,Warszawa%20-%20Modlin&filter[person]=2&filter[child]=1&filter[price]=0:11000&filter[PriceFrom]=0&filter[PriceTo]=11000&filter[addCategory]=50&filter[addCatering]=1&filter[addMisc]=0&filter[addTransport]=F&filter[fp]=1&order_by=ofr_price&filter[tourOperator]=0&filter[childAge][1]=20201210","https://fly.pl/cdn/photo/assets/uploads/582/278/2014/07/Royal-Brayka-Resort.jpg","https://fly.pl/wycieczka/egipt,marsa-alam,c/royal-brayka-resort/pV8k6c-Zm_g1y0yqMbIZlNAAogH3cAvD8HjlAXU_BFpm7Ot35pT9O79mRM0AJRMEUwU2QqBFZJVFgwsaie1QZI3T9QQVjpBGACckAaABUHFwBcA1gFQI8DW7-DAV6-fFK8FFMAS7EvYQBM77Q5DZvVmAkgAFGAi7_23wFPj5ANXZz4r_klAg5jAQINfPL-ZA/ofertasv/?filter[tourOperator]=VITX&filter%5Bperson%5D=2&filter%5BchildAge%5D%5B1%5D=20201210&filter%5Bchild%5D=1"
"IL Mercato (ex. Iberotel Il Mercato) Egipt, Sharm El Sheikh","8186.0","10.10.2026 - 17.10.2026","8 dni/7 nocy","","4.4","4.4","2265","tripadvisor","Warszawa","2026-09-14T06:29:04.755589+00:00","https://fly.pl/oferta/egipt-wczasy/?filter[dest]=11:&filter[hotelids]=&filter[cityids]=&filter[cregids]=&filter[ofrType]=&filter[addObjType]=&filter[whenFrom]=10-10-2026&filter[whenTo]=05-11-2026&filter[duration]=7:10&filter[from]=Warszawa%20-%20Radom,Warszawa,Warszawa%20-%20Modlin&filter[person]=2&filter[child]=1&filter[price]=0:11000&filter[PriceFrom]=0&filter[PriceTo]=11000&filter[addCategory]=50&filter[addCatering]=1&filter[addMisc]=0&filter[addTransport]=F&filter[fp]=1&order_by=ofr_price&filter[tourOperator]=0&filter[childAge][1]=20201210","https://fly.pl/cdn/photo/assets/uploads/582/278/2014/07/Il-Mercato-Hotel-Spa-Sharm-El-Sheikh.jpg","https://fly.pl/wycieczka/egipt,sharm-el-sheikh,c/iberotel-il-mercato/p8LVrn7x5AKSfbdJP878juAAogodlmymwqAIFg5uXGFqZaLwAAAACZhAQAtoQEAAcAEgAqBFdFWlkwsaie1QZI-j9QQVjpBGADaglFbnRlciBBaXJqBDA4MDByQp4BlQEfAAIBHAAWBBcCEu0DGIUFE80BFMkEEecQQKthTKCiAU8AS8cjUAAbnDEd9ZAPIB0N3MfCCQESYwEMYwECBdgGpH0/ofertasv/?filter[tourOperator]=WEZY&filter%5Bperson%5D=2&filter%5BchildAge%5D%5B1%5D=20201210&filter%5Bchild%5D=1"
"Sea Star Beau Rivage Egipt, Hurghada","8190.0","22.10.2026 - 29.10.2026","8 dni/7 nocy","","4.5","4.5","4299","tripadvisor","Warszawa - Radom","2026-09-14T06:29:04.755589+00:00","https://fly.pl/oferta/egipt-wczasy/?filter[dest]=11:&filter[hotelids]=&filter[cityids]=&filter[cregids]=&filter[ofrType]=&filter[addObjType]=&filter[whenFrom]=10-10-2026&filter[whenTo]=05-11-2026&filter[duration]=7:10&filter[from]=Warszawa%20-%20Radom,Warszawa,Warszawa%20-%20Modlin&filter[person]=2&filter[child]=1&filter[price]=0:11000&filter[PriceFrom]=0&filter[PriceTo]=11000&filter[addCategory]=50&filter[addCatering]=1&filter[addMisc]=0&filter[addTransport]=F&filter[fp]=1&order_by=ofr_price&filter[tourOperator]=0&filter[childAge][1]=20201210","https://fly.pl/cdn/photo/assets/uploads/582/278/2014/07/Sea-Star-Beau-Rivage-fly-pl.jpg","https://fly.pl/wycieczka/egipt,hurghada,c/sea-star-beau-rivage/pDO6zq4Pv8lKwxFVXfmU2fAAog4SIbuMpJxTiLAp233F5RVSWlkVtJMYzcX-uCortsPpUqBE9SRVgwsaie1QZI_j9QQViJB2ACagdCTEYuMi4xcjWbARUHFwBcA1gFVgIR_wVAS13TDk9sU9KdAVIAXq9PS4ESYQBM0b46ILH9lwkNAAISYwECC0R7KPE/ofertasv/?filter[tourOperator]=OREX&filter%5Bperson%5D=2&filter%5BchildAge%5D%5B1%5D=20201210&filter%5Bchild%5D=1"
"Xperience Kiroseiz Premier Egipt, Sharm El Sheikh","8222.0","27.10.2026 - 03.11.2026","8 dni/7 nocy","","4.5","4.5","993","tripadvisor","Warszawa - Modlin","2026-09-14T06:29:04.755589+00:00","https://fly.pl/oferta/egipt-wczasy/?filter[dest]=11:&filter[hotelids]=&filter[cityids]=&filter[cregids]=&filter[ofrType]=&filter[addObjType]=&filter[whenFrom]=10-10-2026&filter[whenTo]=05-11-2026&filter[duration]=7:10&filter[from]=Warszawa%20-%20Radom,Warszawa,Warszawa%20-%20Modlin&filter[person]=2&filter[child]=1&filter[price]=0:11000&filter[PriceFrom]=0&filter[PriceTo]=11000&filter[addCategory]=50&filter[addCatering]=1&filter[addMisc]=0&filter[addTransport]=F&filter[fp]=1&order_by=ofr_price&filter[tourOperator]=0&filter[childAge][1]=20201210","https://fly.pl/cdn/photo/assets/uploads/582/278/2015/11/Xperience-Kiroseiz-Premier-fly-pl-3.jpg","https://fly.pl/wycieczka/egipt,sharm-el-sheikh,c/xperience-kiroseiz-premier/pqoygGGPkvAcNOMHzffp5oAAogZccAmW-kac37qcRcT2zajZgpXVUQjygZk0IwIA3_YjEqBE9BU0kwsaie1QZInkBQAViBCGACagNBSWxyIRwR-a8BuQTL9g-rBAIb7sgMGJ2AFAGelOuZAgIAYwECCwMjREA/ofertasv/?filter[tourOperator]=OASI&filter%5Bperson%5D=2&filter%5BchildAge%5D%5B1%5D=20201210&filter%5Bchild%5D=1"
"Royal Lagoons Aqua (ex. Premium Blue) Egipt, Hurghada","8288.0","20.10.2026 - 27.10.2026","8 dni/7 nocy","","4.2","4.2","4340","tripadvisor","Warszawa","2026-09-14T06:29:04.755589+00:00","https://fly.pl/oferta/egipt-wczasy/?filter[dest]=11:&filter[hotelids]=&filter[cityids]=&filter[cregids]=&filter[ofrType]=&filter[addObjType]=&filter[whenFrom]=10-10-2026&filter[whenTo]=05-11-2026&filter[duration]=7:10&filter[from]=Warszawa%20-%20Radom,Warszawa,Warszawa%20-%20Modlin&filter[person]=2&filter[child]=1&filter[price]=0:11000&filter[PriceFrom]=0&filter[PriceTo]=11000&filter[addCategory]=50&filter[addCatering]=1&filter[addMisc]=0&filter[addTransport]=F&filter[fp]=1&order_by=ofr_price&filter[tourOperator]=0&filter[childAge][1]=20201210","https://fly.pl/cdn/photo/assets/uploads/582/278/2014/10/Royal-Lagoons-Aqua.jpg","https://fly.pl/wycieczka/egipt,hurghada,c/premium-blue-lagoon-ex-pyramisa-blue-lagoon/pZwG5s4vQvgY4UeWeHSBd0AAogXQm6dIn9pJCZEMZsa_oEpQ6xPSSx01l8-VY8g4i8578qBEpPSVAwsaie1QZI4EBQQVjZBmACckMUARUGFwBcA1gFVgJAygZP4gFdAFvyAlO9qAFSAF6vTxGHMkvmEWEATOWMOiCv_ZcJDQABt7HYmMWGzKAwAg5jAQANYePKBw/ofertasv/?filter[tourOperator]=JOIP&filter%5Bperson%5D=2&filter%5BchildAge%5D%5B1%5D=20201210&filter%5Bchild%5D=1"
"Amwaj Oyoun Resort & Spa (ex AA Amwaj Resort) Egipt, Sharm El Sheikh","8321.0","29.10.2026 - 05.11.2026","8 dni/7 nocy","","4.0","4.0","5324","tripadvisor","Warszawa - Modlin","2026-09-14T06:29:04.755589+00:00","https://fly.pl/oferta/egipt-wczasy/?filter[dest]=11:&filter[hotelids]=&filter[cityids]=&filter[cregids]=&filter[ofrType]=&filter[addObjType]=&filter[whenFrom]=10-10-2026&filter[whenTo]=05-11-2026&filter[duration]=7:10&filter[from]=Warszawa%20-%20Radom,Warszawa,Warszawa%20-%20Modlin&filter[person]=2&filter[child]=1&filter[price]=0:11000&filter[PriceFrom]=0&filter[PriceTo]=11000&filter[addCategory]=50&filter[addCatering]=1&filter[addMisc]=0&filter[addTransport]=F&filter[fp]=1&order_by=ofr_price&filter[tourOperator]=0&filter[childAge][1]=20201210","https://fly.pl/cdn/photo/assets/uploads/582/278/2014/07/Amwaj-Oyoun-Resort-Spa-ex-AA-Amwaj-Resort-fly-pl.jpg","https://fly.pl/wycieczka/egipt,sharm-el-sheikh,c/amwaj-oyoun-resort-ex-aa-amwaj-resort/pTMtIujKdM2lMmHzDbwz2KAAogDJgEYhYumh69GfIR9sGmiRstrgoMttrZgZAvN8rfQ44qBEtPTVQwsaie1QZIgUFQAVixCGACagJBSXIfHBG0G7kEtOIBqwQDGI2lBBufqyQB-rrWHgIAYwECBWOsnAo/ofertasv/?filter[tourOperator]=KOMT&filter%5Bperson%5D=2&filter%5BchildAge%5D%5B1%5D=20201210&filter%5Bchild%5D=1"
"Stella Di Mare Beach Resort & Spa (ex. Stella Makadi Resort) Egipt, Hurghada, Makadi Bay","8330.0","22.10.2026 - 29.10.2026","8 dni/7 nocy","","4.4","4.4","6861","tripadvisor","Warszawa - Radom","2026-09-14T06:29:04.755589+00:00","https://fly.pl/oferta/egipt-wczasy/?filter[dest]=11:&filter[hotelids]=&filter[cityids]=&filter[cregids]=&filter[ofrType]=&filter[addObjType]=&filter[whenFrom]=10-10-2026&filter[whenTo]=05-11-2026&filter[duration]=7:10&filter[from]=Warszawa%20-%20Radom,Warszawa,Warszawa%20-%20Modlin&filter[person]=2&filter[child]=1&filter[price]=0:11000&filter[PriceFrom]=0&filter[PriceTo]=11000&filter[addCategory]=50&filter[addCatering]=1&filter[addMisc]=0&filter[addTransport]=F&filter[fp]=1&order_by=ofr_price&filter[tourOperator]=0&filter[childAge][1]=20201210","https://fly.pl/cdn/photo/assets/uploads/582/278/2014/10/Stella-Di-Mare-Beach-Resort-Spa.jpg","https://fly.pl/wycieczka/egipt,hurghada,makadi-bay/stella-makadi-resort/pJCZ9hhHb5zmvrYJxLbJCeAAogMDbk_oDGd8Db9tB2h09UWCWlkVtJMYzcX-uCortsPpUqBE9SRVgwsaie1QZIikFQQViJB2ACagZaSS4yLjFyNZsBFQcXAFgIVgJcCEDCBhGbDl04T2xT0p0BUgBer09LgRJhAEzRvjogsf2XCQ0AAhJjAQINIfZRIg/ofertasv/?filter[tourOperator]=OREX&filter%5Bperson%5D=2&filter%5BchildAge%5D%5B1%5D=20201210&filter%5Bchild%5D=1"
"Calimera Blend Paradise Egipt, Hurghada","8339.0","29.10.2026 - 05.11.2026","8 dni/7 nocy","","4.2","4.2","2349","tripadvisor","Warszawa","2026-09-14T06:29:04.755589+00:00","https://fly.pl/oferta/egipt-wczasy/?filter[dest]=11:&filter[hotelids]=&filter[cityids]=&filter[cregids]=&filter[ofrType]=&filter[addObjType]=&filter[whenFrom]=10-10-2026&filter[whenTo]=05-11-2026&filter[duration]=7:10&filter[from]=Warszawa%20-%20Radom,Warszawa,Warszawa%20-%20Modlin&filter[person]=2&filter[child]=1&filter[price]=0:11000&filter[PriceFrom]=0&filter[PriceTo]=11000&filter[addCategory]=50&filter[addCatering]=1&filter[addMisc]=0&filter[addTransport]=F&filter[fp]=1&order_by=ofr_price&filter[tourOperator]=0&filter[childAge][1]=20201210","https://fly.pl/cdn/photo/assets/uploads/582/278/2022/08/Calimera-Blend-Paradise.jpg","https://fly.pl/wycieczka/egipt,hurghada,c/calimera-blend-paradise-12/p7kUiY8ZgYlGx1DhggF_h2AAogK7r8cK-0x3HM01EJDq6GGxLqCxxQb8S86Hh0k4aD-ioqBE9SRVgwsaie1QZIk0FQQVixCGACagZENi4yLjFyNpsBFQcXAFwDWAVWAkDKBl2bD08kEbwKU5aTAVIAXq9PS-1DYQBM5Yw6ILj9lwkNAAISYwECDKeNsAM/ofertasv/?filter[tourOperator]=OREX&filter%5Bperson%5D=2&filter%5BchildAge%5D%5B1%5D=20201210&filter%5Bchild%5D=1"
"Sol Y Mar Naama Bay Egipt, Sharm El Sheikh","8449.0","24.10.2026 - 31.10.2026","8 dni/7 nocy","","4.7","4.7","4829","tripadvisor","Warszawa","2026-09-14T06:29:04.755589+00:00","https://fly.pl/oferta/egipt-wczasy/?filter[dest]=11:&filter[hotelids]=&filter[cityids]=&filter[cregids]=&filter[ofrType]=&filter[addObjType]=&filter[whenFrom]=10-10-2026&filter[whenTo]=05-11-2026&filter[duration]=7:10&filter[from]=Warszawa%20-%20Radom,Warszawa,Warszawa%20-%20Modlin&filter[person]=2&filter[child]=1&filter[price]=0:11000&filter[PriceFrom]=0&filter[PriceTo]=11000&filter[addCategory]=50&filter[addCatering]=1&filter[addMisc]=0&filter[addTransport]=F&filter[fp]=1&order_by=ofr_price&filter[tourOperator]=0&filter[childAge][1]=20201210","https://fly.pl/cdn/photo/assets/uploads/582/278/2014/10/Sol-Y-Mar-Naama-Bay.jpg","https://fly.pl/wycieczka/egipt,sharm-el-sheikh,c/sol-y-mar-naama-bay/ppehNEiF5APc40nILwmborAAoggym6YnPjYGJ5zhspmCUMOgAAAACbhAQAuIQEAAcAEgAqBFdFWlkwsaie1QZIgUJQQVi5B2ADaglFbnRlciBBaXJqBDA4MDByQ54BlQEfAAIBHAAWBBcCEu0DGKEEE7ECFMkEEbgPQNpiTKCiAU8AS8cjUAAb3_QJHbTNBSAdDejHwgkBEmMBDWMBAwVNMJQv/ofertasv/?filter[tourOperator]=WEZY&filter%5Bperson%5D=2&filter%5BchildAge%5D%5B1%5D=20201210&filter%5Bchild%5D=1"
"Creek Hotel & Residences Egipt, Hurghada, Al-Dżuna","8451.0","22.10.2026 - 29.10.2026","8 dni/7 nocy","","4.8","4.8","219","tripadvisor","Warszawa - Radom","2026-09-14T06:29:04.755589+00:00","https://fly.pl/oferta/egipt-wczasy/?filter[dest]=11:&filter[hotelids]=&filter[cityids]=&filter[cregids]=&filter[ofrType]=&filter[addObjType]=&filter[whenFrom]=10-10-2026&filter[whenTo]=05-11-2026&filter[duration]=7:10&filter[from]=Warszawa%20-%20Radom,Warszawa,Warszawa%20-%20Modlin&filter[person]=2&filter[child]=1&filter[price]=0:11000&filter[PriceFrom]=0&filter[PriceTo]=11000&filter[addCategory]=50&filter[addCatering]=1&filter[addMisc]=0&filter[addTransport]=F&filter[fp]=1&order_by=ofr_price&filter[tourOperator]=0&filter[childAge][1]=20201210","https://fly.pl/cdn/photo/assets/uploads/582/278/2024/07/creek-hotel-residences.jpg","https://fly.pl/wycieczka/egipt,hurghada,al-dzuna/creek-hotel-residences-9/pvb3vhLAH8oI7Ije7nGn0YAAogQIxuNaKCn6l5hB_Z_qyL-yWlkVtJMYzcX-uCortsPpUqBE9SRVgwsaie1QZIg0JQQViJB2ACagdNMkUuMi4xcjabARUHFwBcA1gFVgJAygZd0w5PbBGCB1PQlgFSAF6vT0uBEmEATNG-OiCx_ZcJDQACEmMBAgscX4Il/ofertasv/?filter[tourOperator]=OREX&filter%5Bperson%5D=2&filter%5BchildAge%5D%5B1%5D=20201210&filter%5Bchild%5D=1"
"Xperience Kiroseiz Parkland","8456.0","27.10.2026 - 03.11.2026","8 dni/7 nocy","","4.5","4.5","3121","tripadvisor","Warszawa - Modlin","2026-09-14T06:29:04.755589+00:00","https://fly.pl/oferta/egipt-wczasy/?filter[dest]=11:&filter[hotelids]=&filter[cityids]=&filter[cregids]=&filter[ofrType]=&filter[addObjType]=&filter[whenFrom]=10-10-2026&filter[whenTo]=05-11-2026&filter[duration]=7:10&filter[from]=Warszawa%20-%20Radom,Warszawa,Warszawa%20-%20Modlin&filter[person]=2&filter[child]=1&filter[price]=0:11000&filter[PriceFrom]=0&filter[PriceTo]=11000&filter[addCategory]=50&filter[addCatering]=1&filter[addMisc]=0&filter[addTransport]=F&filter[fp]=1&order_by=ofr_price&filter[tourOperator]=0&filter[childAge][1]=20201210","https://fly.pl/cdn/photo/assets/uploads/582/278/2014/06/Xperience-Kiroseiz-Parkland-fly-pl.jpg","https://fly.pl/wycieczka/egipt,sharm-el-sheikh,c/xperience-kiroseiz-parkland/pc22JEYhHmOd6fT6sJBQCYAAogwuypK9Kb_RVsm8b9efq8fpgpXVUQjygZk0IwIA3_YjEqBE9BU0kwtqie1QZIiEJQAViBCGACagNBSWxyIRwR9a8BuQTP9g-rBAIbrsgMGNCAFAGdwe-ZAgIAYwECC0gHiAg/ofertasv/?filter[tourOperator]=OASI&filter%5Bperson%5D=2&filter%5BchildAge%5D%5B1%5D=20201210&filter%5Bchild%5D=1"
"Rewaya Inn Resort (ex. Hawaii Paradise Aqua Park Resort)","8465.0","20.10.2026 - 27.10.2026","8 dni/7 nocy","","3.4","3.4","441","tripadvisor","Warszawa","2026-09-14T06:29:04.755589+00:00","https://fly.pl/oferta/egipt-wczasy/?filter[dest]=11:&filter[hotelids]=&filter[cityids]=&filter[cregids]=&filter[ofrType]=&filter[addObjType]=&filter[whenFrom]=10-10-2026&filter[whenTo]=05-11-2026&filter[duration]=7:10&filter[from]=Warszawa%20-%20Radom,Warszawa,Warszawa%20-%20Modlin&filter[person]=2&filter[child]=1&filter[price]=0:11000&filter[PriceFrom]=0&filter[PriceTo]=11000&filter[addCategory]=50&filter[addCatering]=1&filter[addMisc]=0&filter[addTransport]=F&filter[fp]=1&order_by=ofr_price&filter[tourOperator]=0&filter[childAge][1]=20201210","https://fly.pl/cdn/photo/assets/uploads/582/278/2020/09/Hawaii-Paradise-Aqua-Park-Resort.jpg","https://fly.pl/wycieczka/egipt,hurghada,c/hawaii-paradise-aqua-park-resort-14/p3YYrE6dcNs2WoK5nCPk-iAAogUUH-4BoGB7c6_W7xMZOleg6xPSSx01l8-VY8g4i8578qBEpPSVAwtqie1QZIkUJQQVjZBmACagNDR21yQ5sBFAEVBhcAXANYBVYCQMoGT-IBXQBSr6sBUwBer09L7UNhABHEiwFMoYE5Da_9lwkgAAGplbSAxYbMoDACDmMBAA0F0bRq/ofertasv/?filter[tourOperator]=JOIP&filter%5Bperson%5D=2&filter%5BchildAge%5D%5B1%5D=20201210&filter%5Bchild%5D=1"
"Lazuli (Marsa Alam)","8557.0","17.10.2026 - 24.10.2026","8 dni/7 nocy","","4.7","4.7","1087","tripadvisor","Warszawa","2026-09-14T06:29:04.755589+00:00","https://fly.pl/oferta/egipt-wczasy/?filter[dest]=11:&filter[hotelids]=&filter[cityids]=&filter[cregids]=&filter[ofrType]=&filter[addObjType]=&filter[whenFrom]=10-10-2026&filter[whenTo]=05-11-2026&filter[duration]=7:10&filter[from]=Warszawa%20-%20Radom,Warszawa,Warszawa%20-%20Modlin&filter[person]=2&filter[child]=1&filter[price]=0:11000&filter[PriceFrom]=0&filter[PriceTo]=11000&filter[addCategory]=50&filter[addCatering]=1&filter[addMisc]=0&filter[addTransport]=F&filter[fp]=1&order_by=ofr_price&filter[tourOperator]=0&filter[childAge][1]=20201210","https://fly.pl/cdn/photo/assets/uploads/582/278/2021/06/Lazuli1.jpg","https://fly.pl/wycieczka/egipt,marsa-alam,al-kusajr/lazuli-13/pfT5a5_2TLJicEbLhwExcmAAogU5l0djRN-vUClomyzYN1dbYgG8a7TC_8_ZeCWwj2CscqBFZJVFgwtqie1QZI7UJQQViRBmACckAaABUHFwBcA1gFQI8DW7-DAV6-fFK8FFMAS7EvYQBMj7U5DYLVmAkgAFHR8qz23wFPuqgfXZz4r_klAg1jAQIM8Dzgrw/ofertasv/?filter[tourOperator]=VITX&filter%5Bperson%5D=2&filter%5BchildAge%5D%5B1%5D=20201210&filter%5Bchild%5D=1"
"Serenity Alma Heights (ex. Serenity Fun City)","8586.0","22.10.2026 - 29.10.2026","8 dni/7 nocy","","4.7","4.7","5517","tripadvisor","Warszawa - Radom","2026-09-14T06:29:04.755589+00:00","https://fly.pl/oferta/egipt-wczasy/?filter[dest]=11:&filter[hotelids]=&filter[cityids]=&filter[cregids]=&filter[ofrType]=&filter[addObjType]=&filter[whenFrom]=10-10-2026&filter[whenTo]=05-11-2026&filter[duration]=7:10&filter[from]=Warszawa%20-%20Radom,Warszawa,Warszawa%20-%20Modlin&filter[person]=2&filter[child]=1&filter[price]=0:11000&filter[PriceFrom]=0&filter[PriceTo]=11000&filter[addCategory]=50&filter[addCatering]=1&filter[addMisc]=0&filter[addTransport]=F&filter[fp]=1&order_by=ofr_price&filter[tourOperator]=0&filter[childAge][1]=20201210","https://fly.pl/cdn/photo/assets/uploads/582/278/2014/09/Serenity-Alma-Heights.jpg","https://fly.pl/wycieczka/egipt,hurghada,makadi-bay/serenity-fun-city/pMcNUWhClNf1XStQOlHV45AAogkv4rQTbswpKD4g-FYe-hIyWlkVtJMYzcX-uCortsPpUqBE9SRVgwtqie1QZIikNQQViJB2ACagZFQy4yLjFyNZsBFQcXAFgIVgJcCBFEQP4FXdMOT2xT0p0BUgBer09LgRJhAEzRvjogsf2XCQ0AAhJjAQIM7-YXQA/ofertasv/?filter[tourOperator]=OREX&filter%5Bperson%5D=2&filter%5BchildAge%5D%5B1%5D=20201210&filter%5Bchild%5D=1"
"Marriott Hurghada Beach Resort","8609.0","29.10.2026 - 05.11.2026","8 dni/7 nocy","","4.6","4.6","4884","tripadvisor","Warszawa","2026-09-14T06:29:04.755589+00:00","https://fly.pl/oferta/egipt-wczasy/?filter[dest]=11:&filter[hotelids]=&filter[cityids]=&filter[cregids]=&filter[ofrType]=&filter[addObjType]=&filter[whenFrom]=10-10-2026&filter[whenTo]=05-11-2026&filter[duration]=7:10&filter[from]=Warszawa%20-%20Radom,Warszawa,Warszawa%20-%20Modlin&filter[person]=2&filter[child]=1&filter[price]=0:11000&filter[PriceFrom]=0&filter[PriceTo]=11000&filter[addCategory]=50&filter[addCatering]=1&filter[addMisc]=0&filter[addTransport]=F&filter[fp]=1&order_by=ofr_price&filter[tourOperator]=0&filter[childAge][1]=20201210","https://fly.pl/cdn/photo/assets/uploads/582/278/2014/09/Marriott-Hurghada-Beach-Resort.jpg","https://fly.pl/wycieczka/egipt,hurghada,c/marriott-hurghada-beach-resort/p4xsCpMROWfG-ohLrUP6GrAAog6kywR9Ce7y5qxa-lj4mlJBLqCxxQb8S86Hh0k4aD-ioqBE9SRVgwtqie1QZIoUNQQVixCGACagZEUS4yLjFyNZsBFQcXAFwDWAVWAhFZQPEFXZsPTyRT0p0BUgBer09L7UNhAEzljDoguP2XCQ0AAhJjAQILIx0Mnw/ofertasv/?filter[tourOperator]=OREX&filter%5Bperson%5D=2&filter%5BchildAge%5D%5B1%5D=20201210&filter%5Bchild%5D=1"
"Retac Qunay Dahab Resort & Spa","8610.0","24.10.2026 - 31.10.2026","8 dni/7 nocy","","4.3","4.3","1707","tripadvisor","Warszawa","2026-09-14T06:29:04.755589+00:00","https://fly.pl/oferta/egipt-wczasy/?filter[dest]=11:&filter[hotelids]=&filter[cityids]=&filter[cregids]=&filter[ofrType]=&filter[addObjType]=&filter[whenFrom]=10-10-2026&filter[whenTo]=05-11-2026&filter[duration]=7:10&filter[from]=Warszawa%20-%20Radom,Warszawa,Warszawa%20-%20Modlin&filter[person]=2&filter[child]=1&filter[price]=0:11000&filter[PriceFrom]=0&filter[PriceTo]=11000&filter[addCategory]=50&filter[addCatering]=1&filter[addMisc]=0&filter[addTransport]=F&filter[fp]=1&order_by=ofr_price&filter[tourOperator]=0&filter[childAge][1]=20201210","https://fly.pl/cdn/photo/assets/uploads/582/278/2014/09/Retac-Qunay-Dahab.jpg","https://fly.pl/wycieczka/egipt,dahab,c/le-meridien-dahab-bay/p208Aj0e95Jw0KWIRMtcAyAAogHcIWaDfDspUiOI4j4uSOEgAAAACbhAQAuIQEAAcAEgAqBFdFWlkwtqie1QZIokNQQVi5B2ADaglFbnRlciBBaXJqBDA4MDByQ54BlQEfAAIBHAAWBBcCEu0DGKEEE7ECFMkEEfw3QJY6TKCiAU8AS8cjUAAb1OICHb_fDCAdDejHwgkBEmMBDGMBAgVFefwd/ofertasv/?filter[tourOperator]=WEZY&filter%5Bperson%5D=2&filter%5BchildAge%5D%5B1%5D=20201210&filter%5Bchild%5D=1"
"Jaz Palmariva Beach","8631.0","22.10.2026 - 29.10.2026","8 dni/7 nocy","","4.6","4.6","4080","tripadvisor","Warszawa - Radom","2026-09-14T06:29:04.755589+00:00","https://fly.pl/oferta/egipt-wczasy/?filter[dest]=11:&filter[hotelids]=&filter[cityids]=&filter[cregids]=&filter[ofrType]=&filter[addObjType]=&filter[whenFrom]=10-10-2026&filter[whenTo]=05-11-2026&filter[duration]=7:10&filter[from]=Warszawa%20-%20Radom,Warszawa,Warszawa%20-%20Modlin&filter[person]=2&filter[child]=1&filter[price]=0:11000&filter[PriceFrom]=0&filter[PriceTo]=11000&filter[addCategory]=50&filter[addCatering]=1&filter[addMisc]=0&filter[addTransport]=F&filter[fp]=1&order_by=ofr_price&filter[tourOperator]=0&filter[childAge][1]=20201210","https://fly.pl/cdn/photo/assets/uploads/582/278/2014/07/Labranda-Club-Makadi-ex-Club-Azur-fly-pl.jpg","https://fly.pl/wycieczka/egipt,hurghada,makadi-bay/club-azur/p7P_aDdJUzcZ11W83JiMvfAAogvW0J86dKSKELb9Iz7jgLISWlkVtJMYzcX-uCortsPpUqBE9SRVgwtqie1QZIt0NQQViJB2ACagZFQS4yLjFyNZsBFQcXAFwDWAVWAkDKBl3TDk9sEfUhU917UgBer09LgRJhAEzRvjogsf2XCQ0AAhJjAQIMfmd57Q/ofertasv/?filter[tourOperator]=OREX&filter%5Bperson%5D=2&filter%5BchildAge%5D%5B1%5D=20201210&filter%5Bchild%5D=1"
"Hilton Marsa Alam Nubian Resort","8644.0","28.10.2026 - 04.11.2026","8 dni/7 nocy","","4.7","4.7","10204","tripadvisor","Warszawa - Modlin","2026-09-14T06:29:04.755589+00:00","https://fly.pl/oferta/egipt-wczasy/?filter[dest]=11:&filter[hotelids]=&filter[cityids]=&filter[cregids]=&filter[ofrType]=&filter[addObjType]=&filter[whenFrom]=10-10-2026&filter[whenTo]=05-11-2026&filter[duration]=7:10&filter[from]=Warszawa%20-%20Radom,Warszawa,Warszawa%20-%20Modlin&filter[person]=2&filter[child]=1&filter[price]=0:11000&filter[PriceFrom]=0&filter[PriceTo]=11000&filter[addCategory]=50&filter[addCatering]=1&filter[addMisc]=0&filter[addTransport]=F&filter[fp]=1&order_by=ofr_price&filter[tourOperator]=0&filter[childAge][1]=20201210","https://fly.pl/cdn/photo/assets/uploads/582/278/2014/08/Tropitel-Dahab-Oasis.jpg","https://fly.pl/wycieczka/egipt,marsa-alam,c/hilton-marsa-alam-nubian-resort/pg9b27m91Ph8mfFXpFuCsxAAogDN6InOCvKIyMGcDxYRBHOxNTnlqlLqBHtLF6YzgD78cqBE9BU0kwtqie1QZIxENQAViZCGACagNBSWxyIRwRlqQBqwTU_w-5BAgb474PGOCFEwGbp8umAgIAYwECDalcC74/ofertasv/?filter[tourOperator]=OASI&filter%5Bperson%5D=2&filter%5BchildAge%5D%5B1%5D=20201210&filter%5Bchild%5D=1"
"Swissotel Resort El Quseir","8654.0","24.10.2026 - 31.10.2026","8 dni/7 nocy","","4.4","4.4","3134","tripadvisor","Warszawa","2026-09-14T06:29:04.755589+00:00","https://fly.pl/oferta/egipt-wczasy/?filter[dest]=11:&filter[hotelids]=&filter[cityids]=&filter[cregids]=&filter[ofrType]=&filter[addObjType]=&filter[whenFrom]=10-10-2026&filter[whenTo]=05-11-2026&filter[duration]=7:10&filter[from]=Warszawa%20-%20Radom,Warszawa,Warszawa%20-%20Modlin&filter[person]=2&filter[child]=1&filter[price]=0:11000&filter[PriceFrom]=0&filter[PriceTo]=11000&filter[addCategory]=50&filter[addCatering]=1&filter[addMisc]=0&filter[addTransport]=F&filter[fp]=1&order_by=ofr_price&filter[tourOperator]=0&filter[childAge][1]=20201210","https://fly.pl/cdn/photo/assets/uploads/582/278/2015/02/RADISSON-BLU-m.jpg","https://fly.pl/wycieczka/egipt,marsa-alam,al-kusajr/radisson-blu-resort-el-quseir/p_ufPnzh7i_NT4vvLKOY0hAAogUznc4aYMLrrNJL1bvwg8nKaYQYkkWuEfcVdFg92vHHIqBE9SRVgwtqie1QZIzkNQQVi5B2ACagZESS4yLjFyNpsBFQcXAFwDWAVWAkDKBhHtFV2WDk8kXpnYAVO8FFIAS7EvYQBM5Yw6ILP9lwkNAAISYwECC4UXhp4/ofertasv/?filter[tourOperator]=OREX&filter%5Bperson%5D=2&filter%5BchildAge%5D%5B1%5D=20201210&filter%5Bchild%5D=1"
"Jaz Aquamarine Resort","8707.0","27.10.2026 - 03.11.2026","9 dni/7 nocy","","4.6","4.6","17157","tripadvisor","Warszawa - Modlin","2026-09-14T06:29:04.755589+00:00","https://fly.pl/oferta/egipt-wczasy/?filter[dest]=11:&filter[hotelids]=&filter[cityids]=&filter[cregids]=&filter[ofrType]=&filter[addObjType]=&filter[whenFrom]=10-10-2026&filter[whenTo]=05-11-2026&filter[duration]=7:10&filter[from]=Warszawa%20-%20Radom,Warszawa,Warszawa%20-%20Modlin&filter[person]=2&filter[child]=1&filter[price]=0:11000&filter[PriceFrom]=0&filter[PriceTo]=11000&filter[addCategory]=50&filter[addCatering]=1&filter[addMisc]=0&filter[addTransport]=F&filter[fp]=1&order_by=ofr_price&filter[tourOperator]=0&filter[childAge][1]=20201210","https://fly.pl/cdn/photo/assets/uploads/582/278/2016/11/jaz-aquamarine-ex-iberotel-egipt-hurghada-1b.jpg","https://fly.pl/wycieczka/egipt,hurghada,c/jaz-aquamarine-ex-iberotel-aquamarine/pMdF6oOPh4X0obY0BKqbFQAAog7BxFptXfUvJUdI9jjW80GpeMXePUQkpobZ-BQI6-nbQqBEVYSU0wtqie1QZIg0RQAViBCGACagJBSXIhHBHK2QarBPfOS7kERRut7jUY069WAZDXmNINAgBjAQIL2N0iGg/ofertasv/?filter[tourOperator]=EXIM&filter%5Bperson%5D=2&filter%5BchildAge%5D%5B1%5D=20201210&filter%5Bchild%5D=1"
"Old Palace Resort","8721.0","29.10.2026 - 05.11.2026","8 dni/7 nocy","","4.6","4.6","3537","tripadvisor","Warszawa","2026-09-14T06:29:04.755589+00:00","https://fly.pl/oferta/egipt-wczasy/?filter[dest]=11:&filter[hotelids]=&filter[cityids]=&filter[cregids]=&filter[ofrType]=&filter[addObjType]=&filter[whenFrom]=10-10-2026&filter[whenTo]=05-11-2026&filter[duration]=7:10&filter[from]=Warszawa%20-%20Radom,Warszawa,Warszawa%20-%20Modlin&filter[person]=2&filter[child]=1&filter[price]=0:11000&filter[PriceFrom]=0&filter[PriceTo]=11000&filter[addCategory]=50&filter[addCatering]=1&filter[addMisc]=0&filter[addTransport]=F&filter[fp]=1&order_by=ofr_price&filter[tourOperator]=0&filter[childAge][1]=20201210","https://fly.pl/cdn/photo/assets/uploads/582/278/2015/03/Old-Palace-Resort-Sahl-Hasheesh.jpg","https://fly.pl/wycieczka/egipt,hurghada,c/old-palace-resort/pmf5JP5UU7sem-iT3IO2D8AAog6yubmJMUNW7svhG96nu5ihLqCxxQb8S86Hh0k4aD-ioqBE9SRVgwtqie1QZIkURQQVixCGACagdKMFQuMi4xcjWbARUHFwBcA1gFVgIRLkCcBl2bD08kU9KdAVIAXq9PS-1DYQBM5Yw6ILj9lwkNAAISYwECC370byo/ofertasv/?filter[tourOperator]=OREX&filter%5Bperson%5D=2&filter%5BchildAge%5D%5B1%5D=20201210&filter%5Bchild%5D=1"
"Sentido Akassia Beach (ex. LTI Akassia Beach)","8730.0","24.10.2026 - 31.10.2026","8 dni/7 nocy","","4.4","4.4","2309","tripadvisor","Warszawa","2026-09-14T06:29:04.755589+00:00","https://fly.pl/oferta/egipt-wczasy/?filter[dest]=11:&filter[hotelids]=&filter[cityids]=&filter[cregids]=&filter[ofrType]=&filter[addObjType]=&filter[whenFrom]=10-10-2026&filter[whenTo]=05-11-2026&filter[duration]=7:10&filter[from]=Warszawa%20-%20Radom,Warszawa,Warszawa%20-%20Modlin&filter[person]=2&filter[child]=1&filter[price]=0:11000&filter[PriceFrom]=0&filter[PriceTo]=11000&filter[addCategory]=50&filter[addCatering]=1&filter[addMisc]=0&filter[addTransport]=F&filter[fp]=1&order_by=ofr_price&filter[tourOperator]=0&filter[childAge][1]=20201210","https://fly.pl/cdn/photo/assets/uploads/582/278/2014/09/Sentido-Akassia-Beach.jpg","https://fly.pl/wycieczka/egipt,marsa-alam,c/lti-akassia-beach-2/pGu8vR7NVgXSNK_vJVtSOJAAogWsj03FuK88D0OuhDCSx3N6aYQYkkWuEfcVdFg92vHHIqBE9SRVgwtqie1QZImkRQQVi5B2ACagYxUy4yLjFyNZsBFQcXAFwDWAVWAhEmQKQGXYMkTyRemdgBU7wUUgBLsS9hAEzljDogs_2XCQ0AAhJjAQINSgUsCA/ofertasv/?filter[tourOperator]=OREX&filter%5Bperson%5D=2&filter%5BchildAge%5D%5B1%5D=20201210&filter%5Bchild%5D=1"
"Royal Regency Club","8730.0","27.10.2026 - 03.11.2026","8 dni/7 nocy","","4.4","4.4","359","tripadvisor","Warszawa - Modlin","2026-09-14T06:29:04.755589+00:00","https://fly.pl/oferta/egipt-wczasy/?filter[dest]=11:&filter[hotelids]=&filter[cityids]=&filter[cregids]=&filter[ofrType]=&filter[addObjType]=&filter[whenFrom]=10-10-2026&filter[whenTo]=05-11-2026&filter[duration]=7:10&filter[from]=Warszawa%20-%20Radom,Warszawa,Warszawa%20-%20Modlin&filter[person]=2&filter[child]=1&filter[price]=0:11000&filter[PriceFrom]=0&filter[PriceTo]=11000&filter[addCategory]=50&filter[addCatering]=1&filter[addMisc]=0&filter[addTransport]=F&filter[fp]=1&order_by=ofr_price&filter[tourOperator]=0&filter[childAge][1]=20201210","https://fly.pl/cdn/photo/assets/uploads/582/278/2024/07/royal-regency-club.jpg","https://fly.pl/wycieczka/egipt,sharm-el-sheikh,szarm-el-szejk/royal-regency-club/pePNxeoEDj2F8TJRPszXqmAAogWtzgXlHikYNTDxBCNbBq8pgpXVUQjygZk0IwIA3_YjEqBE9BU0kwtqie1QZImkRQAViBCGACagNBSStyIRwR3a8BuQTn9g-rBAIbiLsPGLiFEwHN3cKmAgIAYwECDaC7b78/ofertasv/?filter[tourOperator]=OASI&filter%5Bperson%5D=2&filter%5BchildAge%5D%5B1%5D=20201210&filter%5Bchild%5D=1"
"Rehana Royal Beach Resort & Spa","8747.0","11.10.2026 - 18.10.2026","8 dni/7 nocy","","4.3","4.3","4678","tripadvisor","Warszawa","2026-09-14T06:29:04.755589+00:00","https://fly.pl/oferta/egipt-wczasy/?filter[dest]=11:&filter[hotelids]=&filter[cityids]=&filter[cregids]=&filter[ofrType]=&filter[addObjType]=&filter[whenFrom]=10-10-2026&filter[whenTo]=05-11-2026&filter[duration]=7:10&filter[from]=Warszawa%20-%20Radom,Warszawa,Warszawa%20-%20Modlin&filter[person]=2&filter[child]=1&filter[price]=0:11000&filter[PriceFrom]=0&filter[PriceTo]=11000&filter[addCategory]=50&filter[addCatering]=1&filter[addMisc]=0&filter[addTransport]=F&filter[fp]=1&order_by=ofr_price&filter[tourOperator]=0&filter[childAge][1]=20201210","https://fly.pl/cdn/photo/assets/uploads/582/278/2016/11/Rehana-Royal-Beach-Resort-amp-Spa.jpg","https://fly.pl/wycieczka/egipt,sharm-el-sheikh,c/rehana-royal-beach-resort-spa/pm0da-bXy8bpysT4Ou3F_2AAogDH7tKRZnTfyoBCAh7xvifAiPgYhrkVrHHSR3tH9QMnYqBEpPSVAwtqie1QZIq0RQQViBBWACagMwMHdyQpsBFAEVBhcAXANYBVYCQMoGT-IBXQAR88gBXusxUqYgUwBLxyNhAEzljDoNpv2XCSAAAaGf1PjEiMygMAINYwEADFWFTDc/ofertasv/?filter[tourOperator]=JOIP&filter%5Bperson%5D=2&filter%5BchildAge%5D%5B1%5D=20201210&filter%5Bchild%5D=1"
"Amarina Sun Resort & Aqua Park (ex. Raouf Sun International Aqua Park & SPA)","8836.0","11.10.2026 - 18.10.2026","8 dni/7 nocy","","3.8","3.8","328","tripadvisor","Warszawa","2026-09-14T06:29:04.755589+00:00","https://fly.pl/oferta/egipt-wczasy/?filter[dest]=11:&filter[hotelids]=&filter[cityids]=&filter[cregids]=&filter[ofrType]=&filter[addObjType]=&filter[whenFrom]=10-10-2026&filter[whenTo]=05-11-2026&filter[duration]=7:10&filter[from]=Warszawa%20-%20Radom,Warszawa,Warszawa%20-%20Modlin&filter[person]=2&filter[child]=1&filter[price]=0:11000&filter[PriceFrom]=0&filter[PriceTo]=11000&filter[addCategory]=50&filter[addCatering]=1&filter[addMisc]=0&filter[addTransport]=F&filter[fp]=1&order_by=ofr_price&filter[tourOperator]=0&filter[childAge][1]=20201210","https://fly.pl/cdn/photo/assets/uploads/582/278/2024/07/raouf-sun-international-aqua-park-spa.jpg","https://fly.pl/wycieczka/egipt,sharm-el-sheikh,szarm-el-szejk/raouf-international-aqua-park-spa-14/p62y9uvqwVFEJO36Nkr2bvAAogDMzrR9iJSSW0yhRwXrgWAwiPgYhrkVrHHSR3tH9QMnYqBEpPSVAwtqie1QZIhEVQQViBBWACagMxMm9yQ5sBFAEVBhcAXANYBVYCQMoGT-IBXQBe3voBUqYgUwBLxyNhABHPiAFMloQ5Dab9lwkgAAG7zdy4w4jMoDACDWMBAAwEQE-K/ofertasv/?filter[tourOperator]=JOIP&filter%5Bperson%5D=2&filter%5BchildAge%5D%5B1%5D=20201210&filter%5Bchild%5D=1"
"Serenity Alpha Beach (ex. Serenity Makadi Beach)","8861.0","29.10.2026 - 05.11.2026","8 dni/7 nocy","","4.6","4.6","6620","tripadvisor","Warszawa","2026-09-14T06:29:04.755589+00:00","https://fly.pl/oferta/egipt-wczasy/?filter[dest]=11:&filter[hotelids]=&filter[cityids]=&filter[cregids]=&filter[ofrType]=&filter[addObjType]=&filter[whenFrom]=10-10-2026&filter[whenTo]=05-11-2026&filter[duration]=7:10&filter[from]=Warszawa%20-%20Radom,Warszawa,Warszawa%20-%20Modlin&filter[person]=2&filter[child]=1&filter[price]=0:11000&filter[PriceFrom]=0&filter[PriceTo]=11000&filter[addCategory]=50&filter[addCatering]=1&filter[addMisc]=0&filter[addTransport]=F&filter[fp]=1&order_by=ofr_price&filter[tourOperator]=0&filter[childAge][1]=20201210","https://fly.pl/cdn/photo/assets/uploads/582/278/2014/07/Serenity-Alpha-Beach.jpg","https://fly.pl/wycieczka/egipt,hurghada,makadi-bay/serenity-makadi-heights/pybQ9KWjtTaabDd0ZGixnUAAogDeqrGP0kBI6_KgkfHhokIxLqCxxQb8S86Hh0k4aD-ioqBE9SRVgwtqie1QZInUVQQVixCGACagZENi4yLjFyNZsBFQcXAFgIVgJcCBH6BUBIXZsPTyRT0p0BUgBer09L7UNhAEzljDoguP2XCQ0AAhJjAQIMG_qSYA/ofertasv/?filter[tourOperator]=OREX&filter%5Bperson%5D=2&filter%5BchildAge%5D%5B1%5D=20201210&filter%5Bchild%5D=1"
"Parrotel Beach Resort (ex. Radisson Blu)","9024.0","11.10.2026 - 18.10.2026","8 dni/7 nocy","","4.4","4.4","6998","tripadvisor","Warszawa","2026-09-14T06:29:04.755589+00:00","https://fly.pl/oferta/egipt-wczasy/?filter[dest]=11:&filter[hotelids]=&filter[cityids]=&filter[cregids]=&filter[ofrType]=&filter[addObjType]=&filter[whenFrom]=10-10-2026&filter[whenTo]=05-11-2026&filter[duration]=7:10&filter[from]=Warszawa%20-%20Radom,Warszawa,Warszawa%20-%20Modlin&filter[person]=2&filter[child]=1&filter[price]=0:11000&filter[PriceFrom]=0&filter[PriceTo]=11000&filter[addCategory]=50&filter[addCatering]=1&filter[addMisc]=0&filter[addTransport]=F&filter[fp]=1&order_by=ofr_price&filter[tourOperator]=0&filter[childAge][1]=20201210","https://fly.pl/cdn/photo/assets/uploads/582/278/2014/07/Parrotel-Beach-Resort.jpg","https://fly.pl/wycieczka/egipt,sharm-el-sheikh,c/radisson-blu-resort-sharm-el-sheikh/p7758-5NSYnqsDSpP3_GNhAAogSBPBQ7vP2oTb-cWJBFOPCQiPgYhrkVrHHSR3tH9QMnYqBEpPSVAwtqie1QZIwEZQQViBBWACagNDR21yQpsBFAEVBhcAXANYBVYCQMoGT-IBXQARoccBXr0zUqYgUwBLxyNhAEzljDoNpv2XCSAAAbnF7JfTiMygMAIOYwEADeKzNXo/ofertasv/?filter[tourOperator]=JOIP&filter%5Bperson%5D=2&filter%5BchildAge%5D%5B1%5D=20201210&filter%5Bchild%5D=1"
"True Beach Resort","9120.0","17.10.2026 - 24.10.2026","8 dni/7 nocy","","4.3","4.3","149","tripadvisor","Warszawa","2026-09-14T06:29:04.755589+00:00","https://fly.pl/oferta/egipt-wczasy/?filter[dest]=11:&filter[hotelids]=&filter[cityids]=&filter[cregids]=&filter[ofrType]=&filter[addObjType]=&filter[whenFrom]=10-10-2026&filter[whenTo]=05-11-2026&filter[duration]=7:10&filter[from]=Warszawa%20-%20Radom,Warszawa,Warszawa%20-%20Modlin&filter[person]=2&filter[child]=1&filter[price]=0:11000&filter[PriceFrom]=0&filter[PriceTo]=11000&filter[addCategory]=50&filter[addCatering]=1&filter[addMisc]=0&filter[addTransport]=F&filter[fp]=1&order_by=ofr_price&filter[tourOperator]=0&filter[childAge][1]=20201210","https://fly.pl/cdn/photo/assets/uploads/582/278/2014/09/True-Beach-Resort.jpg","https://fly.pl/wycieczka/egipt,marsa-alam,c/laguna-beach-marsa-alam/pd1KqQQRB5WiYhx8wIsRXvAAogJJU9OfTw6aO_XPL_KvITigAAAAD7hQQAGIYEAAcAAQAqBFdFWlkwtqie1QZIoEdQQViRBmADaglFbnRlciBBaXJyQp4BHwAcAQIAFgQXAhLtAxWDBBifAxMFFOIEQKRxEcFrT_UqTABQsS9LAB3zxA8gHRu4q2QNyZneCAESYwEMYwECBVOH1Xo/ofertasv/?filter[tourOperator]=WEZY&filter%5Bperson%5D=2&filter%5BchildAge%5D%5B1%5D=20201210&filter%5Bchild%5D=1"
"Dreams Beach Sharm Resort (Sharm El Sheikh)","9124.0","11.10.2026 - 18.10.2026","8 dni/7 nocy","","3.9","3.9","2648","tripadvisor","Warszawa","2026-09-14T06:29:04.755589+00:00","https://fly.pl/oferta/egipt-wczasy/?filter[dest]=11:&filter[hotelids]=&filter[cityids]=&filter[cregids]=&filter[ofrType]=&filter[addObjType]=&filter[whenFrom]=10-10-2026&filter[whenTo]=05-11-2026&filter[duration]=7:10&filter[from]=Warszawa%20-%20Radom,Warszawa,Warszawa%20-%20Modlin&filter[person]=2&filter[child]=1&filter[price]=0:11000&filter[PriceFrom]=0&filter[PriceTo]=11000&filter[addCategory]=50&filter[addCatering]=1&filter[addMisc]=0&filter[addTransport]=F&filter[fp]=1&order_by=ofr_price&filter[tourOperator]=0&filter[childAge][1]=20201210","https://fly.pl/cdn/photo/assets/uploads/582/278/2014/07/Dreams-Beach-Resort.jpg","https://fly.pl/wycieczka/egipt,sharm-el-sheikh,szarm-el-szejk/dreams-beach-sharm-el-sheikh/pO6RkDdunkKH1KCwgWDo_JAAogmWsNTubVUHJiFrHADfnAJwiPgYhrkVrHHSR3tH9QMnYqBEpPSVAwtqie1QZIpEdQQViBBWACagNDR21yQpsBFAEVBhcAXANYBVYCQMoGT-IBXQAR5MYBXvozUqYgUwBLxyNhAEzljDoNpv2XCSAAAbK39PjCiMygMAINYwEAC4WKOMA/ofertasv/?filter[tourOperator]=JOIP&filter%5Bperson%5D=2&filter%5BchildAge%5D%5B1%5D=20201210&filter%5Bchild%5D=1"
"Amarina Star Resort & Aqua Park (ex. Raouf Star)","9150.0","11.10.2026 - 18.10.2026","8 dni/7 nocy","","4.1","4.1","101","tripadvisor","Warszawa","2026-09-14T06:29:04.755589+00:00","https://fly.pl/oferta/egipt-wczasy/?filter[dest]=11:&filter[hotelids]=&filter[cityids]=&filter[cregids]=&filter[ofrType]=&filter[addObjType]=&filter[whenFrom]=10-10-2026&filter[whenTo]=05-11-2026&filter[duration]=7:10&filter[from]=Warszawa%20-%20Radom,Warszawa,Warszawa%20-%20Modlin&filter[person]=2&filter[child]=1&filter[price]=0:11000&filter[PriceFrom]=0&filter[PriceTo]=11000&filter[addCategory]=50&filter[addCatering]=1&filter[addMisc]=0&filter[addTransport]=F&filter[fp]=1&order_by=ofr_price&filter[tourOperator]=0&filter[childAge][1]=20201210","https://fly.pl/cdn/photo/assets/uploads/582/278/2023/04/Amarina-Star-Resort-Aqua-Park.jpg","https://fly.pl/wycieczka/egipt,sharm-el-sheikh,szarm-el-szejk/raouf-star-15/pjNAiv1tscDW1os4MykeNDAAogn7JU-pwN9yb_q1ZQWVeu5QiPgYhrkVrHHSR3tH9QMnYqBEpPSVAwtqie1QZIvkdQQViBBWACagMxMm9yQ5sBFAEVBhcAXANYBVYCQMoGT-IBXQBe3voBUqYgUwBLxyNhABH2pwFM7-Q4Dab9lwkgAAG93fCPxIjMoDACDWMBAAz0EZ93/ofertasv/?filter[tourOperator]=JOIP&filter%5Bperson%5D=2&filter%5BchildAge%5D%5B1%5D=20201210&filter%5Bchild%5D=1"
"Sharm Grand Plaza Resort","9156.0","10.10.2026 - 17.10.2026","8 dni/7 nocy","","4.4","4.4","9442","tripadvisor","Warszawa","2026-09-14T06:29:04.755589+00:00","https://fly.pl/oferta/egipt-wczasy/?filter[dest]=11:&filter[hotelids]=&filter[cityids]=&filter[cregids]=&filter[ofrType]=&filter[addObjType]=&filter[whenFrom]=10-10-2026&filter[whenTo]=05-11-2026&filter[duration]=7:10&filter[from]=Warszawa%20-%20Radom,Warszawa,Warszawa%20-%20Modlin&filter[person]=2&filter[child]=1&filter[price]=0:11000&filter[PriceFrom]=0&filter[PriceTo]=11000&filter[addCategory]=50&filter[addCatering]=1&filter[addMisc]=0&filter[addTransport]=F&filter[fp]=1&order_by=ofr_price&filter[tourOperator]=0&filter[childAge][1]=20201210","https://fly.pl/cdn/photo/assets/uploads/582/278/2014/07/SHARM-GRAND-PLAZA-RESORT-1.jpg","https://fly.pl/wycieczka/egipt,sharm-el-sheikh,c/grand-plaza-resort/prxWKDcSnPneLi9I7WEGoLAAogUPkgU-aGsZ2uZ3l5MUHLnwAAAACZhAQAtoQEAAcAEgAqBFdFWlkwtqie1QZIxEdQQVjpBGADaglFbnRlciBBaXJqBDA4MDByQJ4BlQEfABwBAgAWBBcCETcbURLlAhiFBRPNARTJBECSck-gogFMAEvHI1AAHZHCDyAdDdzHwgkBEmMBDGMBAgU1yfF9/ofertasv/?filter[tourOperator]=WEZY&filter%5Bperson%5D=2&filter%5BchildAge%5D%5B1%5D=20201210&filter%5Bchild%5D=1"
"Concorde El Salam Sport","9156.0","10.10.2026 - 17.10.2026","8 dni/7 nocy","","4.8","4.8","1490","tripadvisor","Warszawa","2026-09-14T06:29:04.755589+00:00","https://fly.pl/oferta/egipt-wczasy/?filter[dest]=11:&filter[hotelids]=&filter[cityids]=&filter[cregids]=&filter[ofrType]=&filter[addObjType]=&filter[whenFrom]=10-10-2026&filter[whenTo]=05-11-2026&filter[duration]=7:10&filter[from]=Warszawa%20-%20Radom,Warszawa,Warszawa%20-%20Modlin&filter[person]=2&filter[child]=1&filter[price]=0:11000&filter[PriceFrom]=0&filter[PriceTo]=11000&filter[addCategory]=50&filter[addCatering]=1&filter[addMisc]=0&filter[addTransport]=F&filter[fp]=1&order_by=ofr_price&filter[tourOperator]=0&filter[childAge][1]=20201210","https://fly.pl/cdn/photo/assets/uploads/582/278/2024/07/concorde-el-salam-sport.jpg","https://fly.pl/wycieczka/egipt,sharm-el-sheikh,szarm-el-szejk/concorde-el-salam-sport-15/pxIpWWh9Q95QH8HH47CurkAAog1ZL7qsPZBWDtfXJcSXPNPAAAAACZhAQAtoQEAAcAEgAqBFdFWlkwtqie1QZIxEdQQVjpBGADaglFbnRlciBBaXJqBDA4MDByQ54BlQEfAAIBHAAWBBcCEu0DGIUFE80BFMkEEeYQQKxhTKCiAU8AS8cjUAAbtIMCHd2-DSAdDdzHwgkBEmMBDGMBAgUiQAMf/ofertasv/?filter[tourOperator]=WEZY&filter%5Bperson%5D=2&filter%5BchildAge%5D%5B1%5D=20201210&filter%5Bchild%5D=1"
"Stella Gardens Resort & Spa (ex Stella Di Mare Gardens)","9173.0","20.10.2026 - 27.10.2026","8 dni/7 nocy","","4.5","4.5","2772","tripadvisor","Warszawa","2026-09-14T06:29:04.755589+00:00","https://fly.pl/oferta/egipt-wczasy/?filter[dest]=11:&filter[hotelids]=&filter[cityids]=&filter[cregids]=&filter[ofrType]=&filter[addObjType]=&filter[whenFrom]=10-10-2026&filter[whenTo]=05-11-2026&filter[duration]=7:10&filter[from]=Warszawa%20-%20Radom,Warszawa,Warszawa%20-%20Modlin&filter[person]=2&filter[child]=1&filter[price]=0:11000&filter[PriceFrom]=0&filter[PriceTo]=11000&filter[addCategory]=50&filter[addCatering]=1&filter[addMisc]=0&filter[addTransport]=F&filter[fp]=1&order_by=ofr_price&filter[tourOperator]=0&filter[childAge][1]=20201210","https://fly.pl/cdn/photo/assets/uploads/582/278/2014/10/Stella-Di-Mare-Gardens-Resort-Spa.jpg","https://fly.pl/wycieczka/egipt,hurghada,makadi-bay/stella-makadi-garden/p0aqISVPfUbwuNPsABdO7BAAog3b7o2x_OmWTihTvjnxAouA6xPSSx01l8-VY8g4i8578qBEpPSVAwtqie1QZI1UdQQVjZBmACagMwMEZyQpsBFAEVBhcAXANYBVYCQMoGT-IBXQBSr6sBUwARxjBe6R5L7UNhAEzljDoNr_2XCSAAAZaX4ODEhsygMAIOYwEADWt0Pug/ofertasv/?filter[tourOperator]=JOIP&filter%5Bperson%5D=2&filter%5BchildAge%5D%5B1%5D=20201210&filter%5Bchild%5D=1"
"Radisson Individuals Marina Port Ghalib (ex. Sunrise Marina Resort)","9194.0","25.10.2026 - 01.11.2026","8 dni/7 nocy","","4.6","4.6","3575","tripadvisor","Warszawa","2026-09-14T06:29:04.755589+00:00","https://fly.pl/oferta/egipt-wczasy/?filter[dest]=11:&filter[hotelids]=&filter[cityids]=&filter[cregids]=&filter[ofrType]=&filter[addObjType]=&filter[whenFrom]=10-10-2026&filter[whenTo]=05-11-2026&filter[duration]=7:10&filter[from]=Warszawa%20-%20Radom,Warszawa,Warszawa%20-%20Modlin&filter[person]=2&filter[child]=1&filter[price]=0:11000&filter[PriceFrom]=0&filter[PriceTo]=11000&filter[addCategory]=50&filter[addCatering]=1&filter[addMisc]=0&filter[addTransport]=F&filter[fp]=1&order_by=ofr_price&filter[tourOperator]=0&filter[childAge][1]=20201210","https://fly.pl/cdn/photo/assets/uploads/582/278/2015/04/RADISSON-INDIVIDUALS-MARINA.jpg","https://fly.pl/wycieczka/egipt,marsa-alam,port-ghalib/rehana-port-ghalib-resort/p1ei96-EfoAHl_-qI3lmuRAAogbb0QiuXZH3FRQP0H1gHJVwAAAADmgwQAa7kEAAcAAQAqBFdFWlkwtqie1QZI6kdQQVjRB2ADaglFbnRlciBBaXJyRZ4BHwAcAQIAFgQXAhLtAxPYBBWIBBS5ARjrARGyVkD3Gk-2lgFMAFCxL0sAHd7ADyCFaxv0piENwregCQESYwEOYwECBtFBFwg/ofertasv/?filter[tourOperator]=WEZY&filter%5Bperson%5D=2&filter%5BchildAge%5D%5B1%5D=20201210&filter%5Bchild%5D=1"
"Fantazia Resort","9198.0","10.10.2026 - 17.10.2026","8 dni/7 nocy","","4.4","4.4","5979","tripadvisor","Warszawa","2026-09-14T06:29:04.755589+00:00","https://fly.pl/oferta/egipt-wczasy/?filter[dest]=11:&filter[hotelids]=&filter[cityids]=&filter[cregids]=&filter[ofrType]=&filter[addObjType]=&filter[whenFrom]=10-10-2026&filter[whenTo]=05-11-2026&filter[duration]=7:10&filter[from]=Warszawa%20-%20Radom,Warszawa,Warszawa%20-%20Modlin&filter[person]=2&filter[child]=1&filter[price]=0:11000&filter[PriceFrom]=0&filter[PriceTo]=11000&filter[addCategory]=50&filter[addCatering]=1&filter[addMisc]=0&filter[addTransport]=F&filter[fp]=1&order_by=ofr_price&filter[tourOperator]=0&filter[childAge][1]=20201210","https://fly.pl/cdn/photo/assets/uploads/582/278/2016/11/Fantazia-Resort.jpg","https://fly.pl/wycieczka/egipt,marsa-alam,c/fantazia-resort/pDVTLVErBxjqbJwGy3rB1ZAAogfdn1GIvi-oLVUBBUd8os6-9TA1U2A3doRoFyKBE2oSQqBEpPSVAwtqie1QZI7kdQQVjpBGACagMzSXFyQpsBFAEVBhcAXANYBVYCQMoGT-IBXQBe3voBEcsBUvESUwBLsS9hAEzljDoNpf2XCSAAAb_h0LDl5tCgMAINYwEADK-ykc8/ofertasv/?filter[tourOperator]=JOIP&filter%5Bperson%5D=2&filter%5BchildAge%5D%5B1%5D=20201210&filter%5Bchild%5D=1"
"Titanic Palace Resort","9207.0","29.10.2026 - 05.11.2026","8 dni/7 nocy","","4.5","4.5","7352","tripadvisor","Warszawa","2026-09-14T06:29:04.755589+00:00","https://fly.pl/oferta/egipt-wczasy/?filter[dest]=11:&filter[hotelids]=&filter[cityids]=&filter[cregids]=&filter[ofrType]=&filter[addObjType]=&filter[whenFrom]=10-10-2026&filter[whenTo]=05-11-2026&filter[duration]=7:10&filter[from]=Warszawa%20-%20Radom,Warszawa,Warszawa%20-%20Modlin&filter[person]=2&filter[child]=1&filter[price]=0:11000&filter[PriceFrom]=0&filter[PriceTo]=11000&filter[addCategory]=50&filter[addCatering]=1&filter[addMisc]=0&filter[addTransport]=F&filter[fp]=1&order_by=ofr_price&filter[tourOperator]=0&filter[childAge][1]=20201210","https://fly.pl/cdn/photo/assets/uploads/582/278/2014/07/Titanic-Palace-Resort.jpg","https://fly.pl/wycieczka/egipt,hurghada,c/titanic-palace-2/pTKyfsSnIJ9Vw3jelTCphXAAoglzaWveP6B9Z-wrqi7mL-wWSr15Jod7NI_ZeeP2cCHt0qBEVYSU0wtqie1QZI90dQAVixCGACagNVQUlyIxwRj7sGuQSbgD6rBL2KChuP5UQYseRIAYPEjbgNAgBjAQILZoJG3w/ofertasv/?filter[tourOperator]=EXIM&filter%5Bperson%5D=2&filter%5BchildAge%5D%5B1%5D=20201210&filter%5Bchild%5D=1"
"Safir Sharm Waterfalls Resort (ex Hilton Waterfalls Resort)","9212.0","11.10.2026 - 18.10.2026","8 dni/7 nocy","","4.4","4.4","1225","tripadvisor","Warszawa","2026-09-14T06:29:04.755589+00:00","https://fly.pl/oferta/egipt-wczasy/?filter[dest]=11:&filter[hotelids]=&filter[cityids]=&filter[cregids]=&filter[ofrType]=&filter[addObjType]=&filter[whenFrom]=10-10-2026&filter[whenTo]=05-11-2026&filter[duration]=7:10&filter[from]=Warszawa%20-%20Radom,Warszawa,Warszawa%20-%20Modlin&filter[person]=2&filter[child]=1&filter[price]=0:11000&filter[PriceFrom]=0&filter[PriceTo]=11000&filter[addCategory]=50&filter[addCatering]=1&filter[addMisc]=0&filter[addTransport]=F&filter[fp]=1&order_by=ofr_price&filter[tourOperator]=0&filter[childAge][1]=20201210","https://fly.pl/cdn/photo/assets/uploads/582/278/2014/07/Hilton-Sharm-Waterfalls-Resort-fly-pl-4.jpg","https://fly.pl/wycieczka/egipt,sharm-el-sheikh,c/hilton-sharm-waterfalls-resort/pqjzM6_B-Kp-sKjEMG42AxAAogG6pSrfCbl5tZqOB6i-LIvwiPgYhrkVrHHSR3tH9QMnYqBEpPSVAwtqie1QZI_EdQQViBBWACagNDR21yQpsBFAEVBhcAXANYBVYCQMoGT-IBXQARwsYBXpw0UqYgUwBLxyNhAEzljDoNpv2XCSAAAa-xuJi0iMygMAINYwEAC5cEimc/ofertasv/?filter[tourOperator]=JOIP&filter%5Bperson%5D=2&filter%5BchildAge%5D%5B1%5D=20201210&filter%5Bchild%5D=1"
"Swiss Inn Resort Hurghada (ex. Hilton Hurghada Resort)","9241.0","27.10.2026 - 03.11.2026","9 dni/7 nocy","","4.5","4.5","1878","tripadvisor","Warszawa - Modlin","2026-09-14T06:29:04.755589+00:00","https://fly.pl/oferta/egipt-wczasy/?filter[dest]=11:&filter[hotelids]=&filter[cityids]=&filter[cregids]=&filter[ofrType]=&filter[addObjType]=&filter[whenFrom]=10-10-2026&filter[whenTo]=05-11-2026&filter[duration]=7:10&filter[from]=Warszawa%20-%20Radom,Warszawa,Warszawa%20-%20Modlin&filter[person]=2&filter[child]=1&filter[price]=0:11000&filter[PriceFrom]=0&filter[PriceTo]=11000&filter[addCategory]=50&filter[addCatering]=1&filter[addMisc]=0&filter[addTransport]=F&filter[fp]=1&order_by=ofr_price&filter[tourOperator]=0&filter[childAge][1]=20201210","https://fly.pl/cdn/photo/assets/uploads/582/278/2014/07/Swiss-Inn-Resort-Hurghada.jpg","https://fly.pl/wycieczka/egipt,hurghada,c/hilton-resort/pls6MZiiz5MhNDLewcnDSLAAogX8vuSwKa6aA6QNRZ6Auhjn-RivCO5fCdWQwfiBpU-nUqBE9BU0kwtqie1QZImUhQAViBCGACagNBSWxyIBwRvHarBLCoELkEQBunzQ0YoewSAZGwtJkCAgBjAQIGWFzqHw/ofertasv/?filter[tourOperator]=OASI&filter%5Bperson%5D=2&filter%5BchildAge%5D%5B1%5D=20201210&filter%5Bchild%5D=1"
"Ancient Sands Golf Resort","9252.0","29.10.2026 - 05.11.2026","8 dni/7 nocy","","4.8","4.8","3352","tripadvisor","Warszawa","2026-09-14T06:29:04.755589+00:00","https://fly.pl/oferta/egipt-wczasy/?filter[dest]=11:&filter[hotelids]=&filter[cityids]=&filter[cregids]=&filter[ofrType]=&filter[addObjType]=&filter[whenFrom]=10-10-2026&filter[whenTo]=05-11-2026&filter[duration]=7:10&filter[from]=Warszawa%20-%20Radom,Warszawa,Warszawa%20-%20Modlin&filter[person]=2&filter[child]=1&filter[price]=0:11000&filter[PriceFrom]=0&filter[PriceTo]=11000&filter[addCategory]=50&filter[addCatering]=1&filter[addMisc]=0&filter[addTransport]=F&filter[fp]=1&order_by=ofr_price&filter[tourOperator]=0&filter[childAge][1]=20201210","https://fly.pl/cdn/photo/assets/uploads/582/278/2019/05/Ancient-Sands-Golf-Resort.jpg","https://fly.pl/wycieczka/egipt,hurghada,al-dzuna/ancient-sands-el-gouna/pD3hEk8TRqMmLmilCcJwH-AAogOKRy10QYgWXTirqo4cHeThLqCxxQb8S86Hh0k4aD-ioqBE9SRVgwtqie1QZIpEhQQVixCGACagVZLjIuMXI1mwEVBxcAXANYBVYCEQVAxQZdmw9PJFPSnQFSAF6vT0vtQ2EATOWMOiC4_ZcJDQACEmMBAgwVxtRa/ofertasv/?filter[tourOperator]=OREX&filter%5Bperson%5D=2&filter%5BchildAge%5D%5B1%5D=20201210&filter%5Bchild%5D=1"
"Pyramisa Beach Resort Sahl Hasheesh","9293.0","22.10.2026 - 29.10.2026","8 dni/7 nocy","","4.1","4.1","3578","tripadvisor","Warszawa - Radom","2026-09-14T06:29:04.755589+00:00","https://fly.pl/oferta/egipt-wczasy/?filter[dest]=11:&filter[hotelids]=&filter[cityids]=&filter[cregids]=&filter[ofrType]=&filter[addObjType]=&filter[whenFrom]=10-10-2026&filter[whenTo]=05-11-2026&filter[duration]=7:10&filter[from]=Warszawa%20-%20Radom,Warszawa,Warszawa%20-%20Modlin&filter[person]=2&filter[child]=1&filter[price]=0:11000&filter[PriceFrom]=0&filter[PriceTo]=11000&filter[addCategory]=50&filter[addCatering]=1&filter[addMisc]=0&filter[addTransport]=F&filter[fp]=1&order_by=ofr_price&filter[tourOperator]=0&filter[childAge][1]=20201210","https://fly.pl/cdn/photo/assets/uploads/582/278/2015/04/Pyramisa-Beach-Resort-Sahl-Hasheesh.jpg","https://fly.pl/wycieczka/egipt,hurghada,sahl-hasheesh/dessole-pyramisa-beach-resort-ex-pyramisa-beach-r/pLeZ4JgjaehNj1_scS3faEAAogDJY4csxf0BQt907Ourb2yyWlkVtJMYzcX-uCortsPpUqBE9SRVgwtqie1QZIzUhQQViJB2ACagZFSC4yLjFyNZsBFQcXAFgIVgJcCBEtQJUGXdMOT2xT0p0BUgBer09LgRJhAEzRvjogsf2XCQ0AAhJjAQILJSb4pw/ofertasv/?filter[tourOperator]=OREX&filter%5Bperson%5D=2&filter%5BchildAge%5D%5B1%5D=20201210&filter%5Bchild%5D=1"
"Albatros Makadi Resort (ex Royal Pharaohs Makadi)","9297.0","27.10.2026 - 03.11.2026","9 dni/7 nocy","","3.3","3.3","844","tripadvisor","Warszawa - Modlin","2026-09-14T06:29:04.755589+00:00","https://fly.pl/oferta/egipt-wczasy/?filter[dest]=11:&filter[hotelids]=&filter[cityids]=&filter[cregids]=&filter[ofrType]=&filter[addObjType]=&filter[whenFrom]=10-10-2026&filter[whenTo]=05-11-2026&filter[duration]=7:10&filter[from]=Warszawa%20-%20Radom,Warszawa,Warszawa%20-%20Modlin&filter[person]=2&filter[child]=1&filter[price]=0:11000&filter[PriceFrom]=0&filter[PriceTo]=11000&filter[addCategory]=50&filter[addCatering]=1&filter[addMisc]=0&filter[addTransport]=F&filter[fp]=1&order_by=ofr_price&filter[tourOperator]=0&filter[childAge][1]=20201210","https://fly.pl/cdn/photo/assets/uploads/582/278/2014/07/Harmony-Makadi-Bay-fly-pl.jpg","https://fly.pl/wycieczka/egipt,hurghada,makadi-bay/harmony-makadi-bay/pUl6PKp7gm20i1thBmhzsFAAog8cmHXh3Dh-65kzMcVHIbf5eMXePUQkpobZ-BQI6-nbQqBEVYSU0wuKie1QZI0UhQAViBCGACagJBSXIhHBG6_warBIepS7kERRuui0IYo4xKAcSg4NENAhJjAQIMW8FUyg/ofertasv/?filter[tourOperator]=EXIM&filter%5Bperson%5D=2&filter%5BchildAge%5D%5B1%5D=20201210&filter%5Bchild%5D=1"
"Sataya Resort (ex. Labranda Sataya Marsa Alam)","9357.0","16.10.2026 - 23.10.2026","8 dni/7 nocy","","4.7","4.7","4175","tripadvisor","Warszawa","2026-09-14T06:29:04.755589+00:00","https://fly.pl/oferta/egipt-wczasy/?filter[dest]=11:&filter[hotelids]=&filter[cityids]=&filter[cregids]=&filter[ofrType]=&filter[addObjType]=&filter[whenFrom]=10-10-2026&filter[whenTo]=05-11-2026&filter[duration]=7:10&filter[from]=Warszawa%20-%20Radom,Warszawa,Warszawa%20-%20Modlin&filter[person]=2&filter[child]=1&filter[price]=0:11000&filter[PriceFrom]=0&filter[PriceTo]=11000&filter[addCategory]=50&filter[addCatering]=1&filter[addMisc]=0&filter[addTransport]=F&filter[fp]=1&order_by=ofr_price&filter[tourOperator]=0&filter[childAge][1]=20201210","https://fly.pl/cdn/photo/assets/uploads/582/278/2019/09/Sataya-Resort-Marsa-Alam.jpg","https://fly.pl/wycieczka/egipt,marsa-alam,c/labranda-sataya-marsa-alam-9/pWYmTrSyGzFnQet4QjESLTAAogw7M5bPSVcY1ogP4r2mq74RmvUzSY9g6oqKJ6OAWZgFkqBFZJVFgwuKie1QZIjUlQQVj5BWACckAaABUHFwBcA1gFQI8DW6eGAV7WeVK8FFMAS7EvYQBM77Q5DaHVmAkgAFGm6MD23wFP6LILXZz4r_klAg1jAQIMxWU-nw/ofertasv/?filter[tourOperator]=VITX&filter%5Bperson%5D=2&filter%5BchildAge%5D%5B1%5D=20201210&filter%5Bchild%5D=1"
"Concorde Moreen Beach Resort & Spa","9357.0","10.10.2026 - 17.10.2026","8 dni/7 nocy","","4.5","4.5","5598","tripadvisor","Warszawa","2026-09-14T06:29:04.755589+00:00","https://fly.pl/oferta/egipt-wczasy/?filter[dest]=11:&filter[hotelids]=&filter[cityids]=&filter[cregids]=&filter[ofrType]=&filter[addObjType]=&filter[whenFrom]=10-10-2026&filter[whenTo]=05-11-2026&filter[duration]=7:10&filter[from]=Warszawa%20-%20Radom,Warszawa,Warszawa%20-%20Modlin&filter[person]=2&filter[child]=1&filter[price]=0:11000&filter[PriceFrom]=0&filter[PriceTo]=11000&filter[addCategory]=50&filter[addCatering]=1&filter[addMisc]=0&filter[addTransport]=F&filter[fp]=1&order_by=ofr_price&filter[tourOperator]=0&filter[childAge][1]=20201210","https://fly.pl/cdn/photo/assets/uploads/582/278/2014/07/Concorde-Moreen-Beach-Resort-Spa-fly-pl.jpg","https://fly.pl/wycieczka/egipt,marsa-alam,c/concorde-moreen-beach-spa-resort/ppr-KYSE5nHk9rioWoh-kqAAogDLWtVQNRi8QNNU_7luho6n5pT9O79mRM0AJRMEUwU2QqBFZJVFgwuKie1QZIjUlQQVjpBGACckAaABUHFwBcA1gFQI8DW5eFAV7melK8FFMAS7EvYQBM77Q5DZvVmAkgAFG2rJT23wFP2e43XZz4r_klAgxjAQILCfUDOw/ofertasv/?filter[tourOperator]=VITX&filter%5Bperson%5D=2&filter%5BchildAge%5D%5B1%5D=20201210&filter%5Bchild%5D=1"
"Jaz Mirabel Park","9361.0","11.10.2026 - 18.10.2026","8 dni/7 nocy","","4.4","4.4","4043","tripadvisor","Warszawa","2026-09-14T06:29:04.755589+00:00","https://fly.pl/oferta/egipt-wczasy/?filter[dest]=11:&filter[hotelids]=&filter[cityids]=&filter[cregids]=&filter[ofrType]=&filter[addObjType]=&filter[whenFrom]=10-10-2026&filter[whenTo]=05-11-2026&filter[duration]=7:10&filter[from]=Warszawa%20-%20Radom,Warszawa,Warszawa%20-%20Modlin&filter[person]=2&filter[child]=1&filter[price]=0:11000&filter[PriceFrom]=0&filter[PriceTo]=11000&filter[addCategory]=50&filter[addCatering]=1&filter[addMisc]=0&filter[addTransport]=F&filter[fp]=1&order_by=ofr_price&filter[tourOperator]=0&filter[childAge][1]=20201210","https://fly.pl/cdn/photo/assets/uploads/582/278/2014/07/Jaz-Mirabel-Park-fly-pl.jpg","https://fly.pl/wycieczka/egipt,sharm-el-sheikh,c/jaz-mirabel-park/piuKjIhuztjUwgJnjEXf8iAAog0u1tr9KxpdRBOmvdv5vIoQiPgYhrkVrHHSR3tH9QMnYqBEpPSVAwuKie1QZIkUlQQViBBWACckMUARUGFwBcA1gFVgJAygZP4gFdAFvyAhGlwwFexzRSpiBTAEvHI2EATOWMOg2m_ZcJIAABxd3sl7WIzKAwAg1jAQAMEHY7YA/ofertasv/?filter[tourOperator]=JOIP&filter%5Bperson%5D=2&filter%5BchildAge%5D%5B1%5D=20201210&filter%5Bchild%5D=1"
"Seven Seas Jolie Bay","9365.0","25.10.2026 - 01.11.2026","8 dni/7 nocy","","4.6","4.6","1518","tripadvisor","Warszawa","2026-09-14T06:29:04.755589+00:00","https://fly.pl/oferta/egipt-wczasy/?filter[dest]=11:&filter[hotelids]=&filter[cityids]=&filter[cregids]=&filter[ofrType]=&filter[addObjType]=&filter[whenFrom]=10-10-2026&filter[whenTo]=05-11-2026&filter[duration]=7:10&filter[from]=Warszawa%20-%20Radom,Warszawa,Warszawa%20-%20Modlin&filter[person]=2&filter[child]=1&filter[price]=0:11000&filter[PriceFrom]=0&filter[PriceTo]=11000&filter[addCategory]=50&filter[addCatering]=1&filter[addMisc]=0&filter[addTransport]=F&filter[fp]=1&order_by=ofr_price&filter[tourOperator]=0&filter[childAge][1]=20201210","https://fly.pl/cdn/photo/assets/uploads/582/278/2022/03/Aqua-Mondo-Abu-Soma-Resort.jpg","https://fly.pl/wycieczka/egipt,hurghada,soma-bay/aqua-mondo-resort-14/pFyzW5KfJDEo-m14qvh9IXAAogxc9-KBBUi93hzc4wCxkPpAAAAADmggQATLsEAAcAAAAqBFdFWlkwuKie1QZIlUlQQVjRB2ADaglFbnRlciBBaXJqBDAwMTVyQ54BlAEfAAIBFgAcABcGEu0DFcwIE3gYnQJAzHFPyzJMAEuckwFQABHIPx2W_w4g5nAbrs94DaeLyQgBEmMBDGMBAguZnqXj/ofertasv/?filter[tourOperator]=WEZY&filter%5Bperson%5D=2&filter%5BchildAge%5D%5B1%5D=20201210&filter%5Bchild%5D=1"
"Naama Bay Promenade Mountain Resort","9384.0","27.10.2026 - 03.11.2026","8 dni/7 nocy","","4.2","4.2","1290","tripadvisor","Warszawa - Modlin","2026-09-14T06:29:04.755589+00:00","https://fly.pl/oferta/egipt-wczasy/?filter[dest]=11:&filter[hotelids]=&filter[cityids]=&filter[cregids]=&filter[ofrType]=&filter[addObjType]=&filter[whenFrom]=10-10-2026&filter[whenTo]=05-11-2026&filter[duration]=7:10&filter[from]=Warszawa%20-%20Radom,Warszawa,Warszawa%20-%20Modlin&filter[person]=2&filter[child]=1&filter[price]=0:11000&filter[PriceFrom]=0&filter[PriceTo]=11000&filter[addCategory]=50&filter[addCatering]=1&filter[addMisc]=0&filter[addTransport]=F&filter[fp]=1&order_by=ofr_price&filter[tourOperator]=0&filter[childAge][1]=20201210","https://fly.pl/cdn/photo/assets/uploads/582/278/2024/07/naama-bay-promenade-mountain-resort.jpg","https://fly.pl/wycieczka/egipt,sharm-el-sheikh,szarm-el-szejk/naama-bay-promenade-mountain-resort-12/pDK66J-SH4UH1TiE9SDNxyAAogqxDAitHZf5TkvBQIUO0NJZgpXVUQjygZk0IwIA3_YjEqBE9BU0kwuKie1QZIqElQAViBCGACagNBSWxyIRwRra8BuQSX9w-rBAIbidUNGLTtEgG6vNqZAgIAYwECC572nvY/ofertasv/?filter[tourOperator]=OASI&filter%5Bperson%5D=2&filter%5BchildAge%5D%5B1%5D=20201210&filter%5Bchild%5D=1"
"Naama Bay Hotel & Resort","9438.0","11.10.2026 - 18.10.2026","8 dni/7 nocy","","4.4","4.4","4857","tripadvisor","Warszawa","2026-09-14T06:29:04.755589+00:00","https://fly.pl/oferta/egipt-wczasy/?filter[dest]=11:&filter[hotelids]=&filter[cityids]=&filter[cregids]=&filter[ofrType]=&filter[addObjType]=&filter[whenFrom]=10-10-2026&filter[whenTo]=05-11-2026&filter[duration]=7:10&filter[from]=Warszawa%20-%20Radom,Warszawa,Warszawa%20-%20Modlin&filter[person]=2&filter[child]=1&filter[price]=0:11000&filter[PriceFrom]=0&filter[PriceTo]=11000&filter[addCategory]=50&filter[addCatering]=1&filter[addMisc]=0&filter[addTransport]=F&filter[fp]=1&order_by=ofr_price&filter[tourOperator]=0&filter[childAge][1]=20201210","https://fly.pl/cdn/photo/assets/uploads/582/278/2014/07/Naama-Bay.jpg","https://fly.pl/wycieczka/egipt,sharm-el-sheikh,c/tropitel-naama-bay/pdkDTx1eOIg5nyKnx1iGpBAAogD7wSLTmk8QHgQGcRSrkJbgiPgYhrkVrHHSR3tH9QMnYqBEpPSVAwuKie1QZI3klQQViBBWACagMwMllyQpsBFAEVBhcAXANYBVYCQMoGT-IBXQARrcYBXrE0UqYgUwBLxyNhAEzljDoNpv2XCSAAAZ6z6KC1iMygMAINYwEAC4CEgqI/ofertasv/?filter[tourOperator]=JOIP&filter%5Bperson%5D=2&filter%5BchildAge%5D%5B1%5D=20201210&filter%5Bchild%5D=1"
"Pickalbatros Golf Beach Resort","9444.0","27.10.2026 - 03.11.2026","8 dni/7 nocy","","4.5","4.5","318","tripadvisor","Warszawa - Modlin","2026-09-14T06:29:04.755589+00:00","https://fly.pl/oferta/egipt-wczasy/?filter[dest]=11:&filter[hotelids]=&filter[cityids]=&filter[cregids]=&filter[ofrType]=&filter[addObjType]=&filter[whenFrom]=10-10-2026&filter[whenTo]=05-11-2026&filter[duration]=7:10&filter[from]=Warszawa%20-%20Radom,Warszawa,Warszawa%20-%20Modlin&filter[person]=2&filter[child]=1&filter[price]=0:11000&filter[PriceFrom]=0&filter[PriceTo]=11000&filter[addCategory]=50&filter[addCatering]=1&filter[addMisc]=0&filter[addTransport]=F&filter[fp]=1&order_by=ofr_price&filter[tourOperator]=0&filter[childAge][1]=20201210","https://fly.pl/cdn/photo/assets/uploads/582/278/2014/07/Golf-Beach-Resort-Managed-by-Rixos.jpg","https://fly.pl/wycieczka/egipt,sharm-el-sheikh,c/maritim-jolie-ville-golf/pyy7a6Gd5DL_d7m458Sqq-AAogcIfOzLokKx1ol6JgmkKTaJgpXVUQjygZk0IwIA3_YjEqBE9BU0kwuKie1QZI5ElQAViBCGACagNBSWxyIRwR6q8BuQTa9g-rBAIbyLQPGN-AEwHJ1fSlAgIAYwECDAh5MG8/ofertasv/?filter[tourOperator]=OASI&filter%5Bperson%5D=2&filter%5BchildAge%5D%5B1%5D=20201210&filter%5Bchild%5D=1"
"Akassia Swiss Resort (ex. Calimera Club Akassia Swiss Resort)","9445.0","29.10.2026 - 05.11.2026","8 dni/7 nocy","","4.6","4.6","2604","tripadvisor","Warszawa","2026-09-14T06:29:04.755589+00:00","https://fly.pl/oferta/egipt-wczasy/?filter[dest]=11:&filter[hotelids]=&filter[cityids]=&filter[cregids]=&filter[ofrType]=&filter[addObjType]=&filter[whenFrom]=10-10-2026&filter[whenTo]=05-11-2026&filter[duration]=7:10&filter[from]=Warszawa%20-%20Radom,Warszawa,Warszawa%20-%20Modlin&filter[person]=2&filter[child]=1&filter[price]=0:11000&filter[PriceFrom]=0&filter[PriceTo]=11000&filter[addCategory]=50&filter[addCatering]=1&filter[addMisc]=0&filter[addTransport]=F&filter[fp]=1&order_by=ofr_price&filter[tourOperator]=0&filter[childAge][1]=20201210","https://fly.pl/cdn/photo/assets/uploads/582/278/2014/09/Akassia-Swiss-Resort.jpg","https://fly.pl/wycieczka/egipt,marsa-alam,c/calimera-club-akassia-swiss-resort/pLdHz2u7DST_fM3iNRLRahAAogPKQPIimE4NmaAZDQdEecNwAAAACGiAQAwbcEAAcAAQAqBFdFWlkwuKie1QZI5UlQQVixCGADaglFbnRlciBBaXJqBDA4MDBqBDAwMDBqBDAwMDByQp4BkwGVAZgBHwAcAQIAFgQXAhLtAxT8BxGEJUCtUEy2lgFPAEuxL1AAG6X-AR3Zyw0gu14N5OHBCQESYwEMYwECBbNgHkA/ofertasv/?filter[tourOperator]=WEZY&filter%5Bperson%5D=2&filter%5BchildAge%5D%5B1%5D=20201210&filter%5Bchild%5D=1"
"Pickalbatros Sands Port Ghalib (ex. Red Sea Siva Sands)","9479.0","28.10.2026 - 04.11.2026","8 dni/7 nocy","","4.5","4.5","3436","tripadvisor","Warszawa - Modlin","2026-09-14T06:29:04.755589+00:00","https://fly.pl/oferta/egipt-wczasy/?filter[dest]=11:&filter[hotelids]=&filter[cityids]=&filter[cregids]=&filter[ofrType]=&filter[addObjType]=&filter[whenFrom]=10-10-2026&filter[whenTo]=05-11-2026&filter[duration]=7:10&filter[from]=Warszawa%20-%20Radom,Warszawa,Warszawa%20-%20Modlin&filter[person]=2&filter[child]=1&filter[price]=0:11000&filter[PriceFrom]=0&filter[PriceTo]=11000&filter[addCategory]=50&filter[addCatering]=1&filter[addMisc]=0&filter[addTransport]=F&filter[fp]=1&order_by=ofr_price&filter[tourOperator]=0&filter[childAge][1]=20201210","https://fly.pl/cdn/photo/assets/uploads/582/278/2014/07/PICKALBATROS-SANDS-PORT-GHALIB.jpg","https://fly.pl/wycieczka/egipt,marsa-alam,port-ghalib/crowne-plaza-sahara-sands-resort/pX0Ws_r7DzcaFM7_eX4VjZAAogXgrazdEbhDMM7zKtEots6E91RqsWD-Zqi5PHU8FUFQkqBEJWUFIwuKie1QZIh0pQAViZCGACag1BbGwgaW5jbHVzaXZlciAcEc83G9fQBhjVkg-rBMnNFbkEAQHOltX3AQIAYwECBWXtDL0/ofertasv/?filter[tourOperator]=BVPR&filter%5Bperson%5D=2&filter%5BchildAge%5D%5B1%5D=20201210&filter%5Bchild%5D=1"
"Gravity Sahl Hasheesh (Ex. Ocean Breeze)","9492.0","29.10.2026 - 05.11.2026","8 dni/7 nocy","","4.7","4.7","3419","tripadvisor","Warszawa","2026-09-14T06:29:04.755589+00:00","https://fly.pl/oferta/egipt-wczasy/?filter[dest]=11:&filter[hotelids]=&filter[cityids]=&filter[cregids]=&filter[ofrType]=&filter[addObjType]=&filter[whenFrom]=10-10-2026&filter[whenTo]=05-11-2026&filter[duration]=7:10&filter[from]=Warszawa%20-%20Radom,Warszawa,Warszawa%20-%20Modlin&filter[person]=2&filter[child]=1&filter[price]=0:11000&filter[PriceFrom]=0&filter[PriceTo]=11000&filter[addCategory]=50&filter[addCatering]=1&filter[addMisc]=0&filter[addTransport]=F&filter[fp]=1&order_by=ofr_price&filter[tourOperator]=0&filter[childAge][1]=20201210","https://fly.pl/cdn/photo/assets/uploads/582/278/2018/10/Gravity-Sahl-Hasheesh.jpg","https://fly.pl/wycieczka/egipt,hurghada,c/ocean-breeze/pkzQw9PJ235kGDKRZx9wLxAAogPenBKNx6lpC-0TCtBTy1pm6Wj8k6hFOBlNGwGBIFr0MqBFJOQlcwuKie1QZIlEpQQVixCGACagRDQWhlag1BTExfSU5DTFVTSVZFaiYxNiwyMzQsMjgzLDI5NiwzODAsMzg4LDQ3Nyw0ODMsNDg0LDQ4NWoHNDk3LDQ5OXI9nwGWAZ4BlAEVBxcAWAhAyAcKKBGpHBDzHhmpGUyeNlOKIVIAS5yTAWEAHezyPw85IPiWkgkNAAINYwECBkiTXNY/ofertasv/?filter[tourOperator]=RNBW&filter%5Bperson%5D=2&filter%5BchildAge%5D%5B1%5D=20201210&filter%5Bchild%5D=1"
"Cleopatra Luxury Resort (Makadi Bay)","9518.0","29.10.2026 - 05.11.2026","8 dni/7 nocy","","4.6","4.6","3187","tripadvisor","Warszawa","2026-09-14T06:29:04.755589+00:00","https://fly.pl/oferta/egipt-wczasy/?filter[dest]=11:&filter[hotelids]=&filter[cityids]=&filter[cregids]=&filter[ofrType]=&filter[addObjType]=&filter[whenFrom]=10-10-2026&filter[whenTo]=05-11-2026&filter[duration]=7:10&filter[from]=Warszawa%20-%20Radom,Warszawa,Warszawa%20-%20Modlin&filter[person]=2&filter[child]=1&filter[price]=0:11000&filter[PriceFrom]=0&filter[PriceTo]=11000&filter[addCategory]=50&filter[addCatering]=1&filter[addMisc]=0&filter[addTransport]=F&filter[fp]=1&order_by=ofr_price&filter[tourOperator]=0&filter[childAge][1]=20201210","https://fly.pl/cdn/photo/assets/uploads/582/278/2014/10/Cleopatra-Luxury-Resort-Makadi-Bay.jpg","https://fly.pl/wycieczka/egipt,hurghada,makadi-bay/cleopatra-luxury-resort-makadi-bay/pUm_gQr8zNG1oZolaoF93XAAogpTYjIM9fgYQa3z0NipQRBxLqCxxQb8S86Hh0k4aD-ioqBE9SRVgwuKie1QZIrkpQQVixCGACagdQNE8uMi4xcjWbARUHFwBcA1gFVgIRDUC9Bl2bD08kU9KdAVIAXq9PS-1DYQBM5Yw6ILj9lwkNAAISYwECDIR8lRM/ofertasv/?filter[tourOperator]=OREX&filter%5Bperson%5D=2&filter%5BchildAge%5D%5B1%5D=20201210&filter%5Bchild%5D=1"
"Palm Royale Soma Bay","9527.0","29.10.2026 - 05.11.2026","8 dni/7 nocy","","4.7","4.7","7186","tripadvisor","Warszawa","2026-09-14T06:29:04.755589+00:00","https://fly.pl/oferta/egipt-wczasy/?filter[dest]=11:&filter[hotelids]=&filter[cityids]=&filter[cregids]=&filter[ofrType]=&filter[addObjType]=&filter[whenFrom]=10-10-2026&filter[whenTo]=05-11-2026&filter[duration]=7:10&filter[from]=Warszawa%20-%20Radom,Warszawa,Warszawa%20-%20Modlin&filter[person]=2&filter[child]=1&filter[price]=0:11000&filter[PriceFrom]=0&filter[PriceTo]=11000&filter[addCategory]=50&filter[addCatering]=1&filter[addMisc]=0&filter[addTransport]=F&filter[fp]=1&order_by=ofr_price&filter[tourOperator]=0&filter[childAge][1]=20201210","https://fly.pl/cdn/photo/assets/uploads/582/278/2014/09/Palm-Royale-Resort-Soma-Bay.jpg","https://fly.pl/wycieczka/egipt,hurghada,soma-bay/palm-royale-soma-bay/pjzHYFHoht4VlZ2tIIXqCGAAogFpUJElT_it3OF5WnnrZ1MxLqCxxQb8S86Hh0k4aD-ioqBE9SRVgwuKie1QZIt0pQQVixCGACagZFQy4yLjFyNZsBFQcXAFwDWAVWAhEwQJoGXZsPTyRT0p0BUgBer09L7UNhAEzljDoguP2XCQ0AAhJjAQINOhWYDg/ofertasv/?filter[tourOperator]=OREX&filter%5Bperson%5D=2&filter%5BchildAge%5D%5B1%5D=20201210&filter%5Bchild%5D=1"
"Double Tree by Hilton Mangroovy El Gouna Resort","9540.0","29.10.2026 - 05.11.2026","8 dni/7 nocy","","","","","","Warszawa","2026-09-14T06:29:04.755589+00:00","https://fly.pl/oferta/egipt-wczasy/?filter[dest]=11:&filter[hotelids]=&filter[cityids]=&filter[cregids]=&filter[ofrType]=&filter[addObjType]=&filter[whenFrom]=10-10-2026&filter[whenTo]=05-11-2026&filter[duration]=7:10&filter[from]=Warszawa%20-%20Radom,Warszawa,Warszawa%20-%20Modlin&filter[person]=2&filter[child]=1&filter[price]=0:11000&filter[PriceFrom]=0&filter[PriceTo]=11000&filter[addCategory]=50&filter[addCatering]=1&filter[addMisc]=0&filter[addTransport]=F&filter[fp]=1&order_by=ofr_price&filter[tourOperator]=0&filter[childAge][1]=20201210","https://datacfstatic.merlinx.pl/OREX/IMG/6513/61970b72b312ea6d0373821b3cb6271ebffe7a152e252532c893aa503ed99358.webp","https://fly.pl/wycieczka/egipt,hurghada,al-dzuna/double-tree-by-hilton-mangroovy-el-gouna-13/pdZ4Rspewj60XHJIOQV2VAAAog2T315cxqL99FtniBsRw5EBLqCxxQb8S86Hh0k4aD-ioqBE9SRVgwuKie1QZIxEpQQVixCGACagVYLjIuMXI2mwEVBxcAXANYBVYCQMoGXZsPTyQR1xxT-4ABUgBer09L7UNhAEzljDoguP2XCQ0AAhJjAQILHdVgpQ/ofertasv/?filter[tourOperator]=OREX&filter%5Bperson%5D=2&filter%5BchildAge%5D%5B1%5D=20201210&filter%5Bchild%5D=1"
"Continental (ex Movenpick Resort)","9554.0","29.10.2026 - 05.11.2026","8 dni/7 nocy","","4.5","4.5","4172","tripadvisor","Warszawa","2026-09-14T06:29:04.755589+00:00","https://fly.pl/oferta/egipt-wczasy/?filter[dest]=11:&filter[hotelids]=&filter[cityids]=&filter[cregids]=&filter[ofrType]=&filter[addObjType]=&filter[whenFrom]=10-10-2026&filter[whenTo]=05-11-2026&filter[duration]=7:10&filter[from]=Warszawa%20-%20Radom,Warszawa,Warszawa%20-%20Modlin&filter[person]=2&filter[child]=1&filter[price]=0:11000&filter[PriceFrom]=0&filter[PriceTo]=11000&filter[addCategory]=50&filter[addCatering]=1&filter[addMisc]=0&filter[addTransport]=F&filter[fp]=1&order_by=ofr_price&filter[tourOperator]=0&filter[childAge][1]=20201210","https://fly.pl/cdn/photo/assets/uploads/582/278/2014/09/Continental-Resort.jpg","https://fly.pl/wycieczka/egipt,hurghada,c/movenpick-resort-hurghada-ex-continental-resort/puoKvdfpudI3lq3LUql94YAAogpQKzDoKcK7RUSm1vKqfVYxLqCxxQb8S86Hh0k4aD-ioqBE9SRVgwuKie1QZI0kpQQVixCGACagZGQi4yLjFyNZsBFQcXAFwDWAVWAhFhQOkFXZsPTyRT0p0BUgBer09L7UNhAEzljDoguP2XCQ0AAhJjAQIL96_Ohg/ofertasv/?filter[tourOperator]=OREX&filter%5Bperson%5D=2&filter%5BchildAge%5D%5B1%5D=20201210&filter%5Bchild%5D=1"
"Gravity Hotel & Aquapark Hurghada (ex. Samra Bay Resort)","9580.0","20.10.2026 - 27.10.2026","8 dni/7 nocy","","","","","","Warszawa","2026-09-14T06:29:04.755589+00:00","https://fly.pl/oferta/egipt-wczasy/?filter[dest]=11:&filter[hotelids]=&filter[cityids]=&filter[cregids]=&filter[ofrType]=&filter[addObjType]=&filter[whenFrom]=10-10-2026&filter[whenTo]=05-11-2026&filter[duration]=7:10&filter[from]=Warszawa%20-%20Radom,Warszawa,Warszawa%20-%20Modlin&filter[person]=2&filter[child]=1&filter[price]=0:11000&filter[PriceFrom]=0&filter[PriceTo]=11000&filter[addCategory]=50&filter[addCatering]=1&filter[addMisc]=0&filter[addTransport]=F&filter[fp]=1&order_by=ofr_price&filter[tourOperator]=0&filter[childAge][1]=20201210","https://fly.pl/cdn/photo/assets/uploads/582/278/2017/04/Gravity-Hotel-Aquapark-Hurghada.jpg","https://fly.pl/wycieczka/egipt,hurghada,c/samra-bay-resort/pc0t0AMCKC3Ara1gD-B8L1AAoguHhLBhDzhdphd211mkSAfg6xPSSx01l8-VY8g4i8578qBEpPSVAwuKie1QZI7EpQQVjZBmACagMwMllyQpsBFAEVBhcAXANYBVYCQMoGT-IBXQBSr6sBUwBer08RuD9LtQRhAEzljDoNr_2XCSAAAayXiLiEic6gMAIOYwEADQ70KH0/ofertasv/?filter[tourOperator]=JOIP&filter%5Bperson%5D=2&filter%5BchildAge%5D%5B1%5D=20201210&filter%5Bchild%5D=1"
"Bellagio Beach Resort & Spa (ex. Panorama Bungalows Hurghada)","9585.0","27.10.2026 - 03.11.2026","9 dni/7 nocy","","4.3","4.3","4475","tripadvisor","Warszawa - Modlin","2026-09-14T06:29:04.755589+00:00","https://fly.pl/oferta/egipt-wczasy/?filter[dest]=11:&filter[hotelids]=&filter[cityids]=&filter[cregids]=&filter[ofrType]=&filter[addObjType]=&filter[whenFrom]=10-10-2026&filter[whenTo]=05-11-2026&filter[duration]=7:10&filter[from]=Warszawa%20-%20Radom,Warszawa,Warszawa%20-%20Modlin&filter[person]=2&filter[child]=1&filter[price]=0:11000&filter[PriceFrom]=0&filter[PriceTo]=11000&filter[addCategory]=50&filter[addCatering]=1&filter[addMisc]=0&filter[addTransport]=F&filter[fp]=1&order_by=ofr_price&filter[tourOperator]=0&filter[childAge][1]=20201210","https://fly.pl/cdn/photo/assets/uploads/582/278/2014/07/Bellagio-Beach-Resort-Spa.jpg","https://fly.pl/wycieczka/egipt,hurghada,c/panorama-bungalow-resort/pglU2EEo4CS9SR24hZZTXvAAogVZQ_kBKhwuQtLizlC6N-In-RivCO5fCdWQwfiBpU-nUqBE9BU0kwuKie1QZI8UpQAViBCGACagNBSWxyIBwR7narBP6nELkEQBuMqg4Yy4ASAfHznZkCAgBjAQINMkttZg/ofertasv/?filter[tourOperator]=OASI&filter%5Bperson%5D=2&filter%5BchildAge%5D%5B1%5D=20201210&filter%5Bchild%5D=1"
"Concorde Sport","9642.0","11.10.2026 - 18.10.2026","8 dni/7 nocy","","","","","","Warszawa","2026-09-14T06:29:04.755589+00:00","https://fly.pl/oferta/egipt-wczasy/?filter[dest]=11:&filter[hotelids]=&filter[cityids]=&filter[cregids]=&filter[ofrType]=&filter[addObjType]=&filter[whenFrom]=10-10-2026&filter[whenTo]=05-11-2026&filter[duration]=7:10&filter[from]=Warszawa%20-%20Radom,Warszawa,Warszawa%20-%20Modlin&filter[person]=2&filter[child]=1&filter[price]=0:11000&filter[PriceFrom]=0&filter[PriceTo]=11000&filter[addCategory]=50&filter[addCatering]=1&filter[addMisc]=0&filter[addTransport]=F&filter[fp]=1&order_by=ofr_price&filter[tourOperator]=0&filter[childAge][1]=20201210","https://fly.pl/cdn/photo/assets/uploads/582/278/2017/08/Concorde-Sport-fly-pl-4.jpg","https://fly.pl/wycieczka/egipt,sharm-el-sheikh,szarm-el-szejk/concorde-sport/p5ZMoN_tl1AEf_l5GsfPRWAAogYNf8YLxAxJwCsAh9IFUxBgiPgYhrkVrHHSR3tH9QMnYqBEpPSVAwuKie1QZIqktQQViBBWACagNDR21yQpsBFAEVBhcAXANYBVYCQMoGT-IBXQBe3voBUqYgUwARmgNLrSBhAEzljDoNpv2XCSAAAcK9zKjDiMygMAINYwEAC5a9GBk/ofertasv/?filter[tourOperator]=JOIP&filter%5Bperson%5D=2&filter%5BchildAge%5D%5B1%5D=20201210&filter%5Bchild%5D=1"
"Hilton Plaza (Hurghada)","9644.0","29.10.2026 - 05.11.2026","8 dni/7 nocy","","4.6","4.6","4244","tripadvisor","Warszawa","2026-09-14T06:29:04.755589+00:00","https://fly.pl/oferta/egipt-wczasy/?filter[dest]=11:&filter[hotelids]=&filter[cityids]=&filter[cregids]=&filter[ofrType]=&filter[addObjType]=&filter[whenFrom]=10-10-2026&filter[whenTo]=05-11-2026&filter[duration]=7:10&filter[from]=Warszawa%20-%20Radom,Warszawa,Warszawa%20-%20Modlin&filter[person]=2&filter[child]=1&filter[price]=0:11000&filter[PriceFrom]=0&filter[PriceTo]=11000&filter[addCategory]=50&filter[addCatering]=1&filter[addMisc]=0&filter[addTransport]=F&filter[fp]=1&order_by=ofr_price&filter[tourOperator]=0&filter[childAge][1]=20201210","https://fly.pl/cdn/photo/assets/uploads/582/278/2014/10/Hilton-Plaza.jpg","https://fly.pl/wycieczka/egipt,hurghada,c/hilton-plaza-hurghada/pdD_PFIQFppjZlA-OOUG0jAAogDxVZQjh5ZFUMT5h7bfSvjBLqCxxQb8S86Hh0k4aD-ioqBE9SRVgwuKie1QZIrEtQQVixCGACagVFLjIuMXI1mwEVBxcAXANYBVYCEVpA8AVdmw9PJFPSnQFSAF6vT0vtQ2EATOWMOiC4_ZcJDQACEmMBAgsqWgeh/ofertasv/?filter[tourOperator]=OREX&filter%5Bperson%5D=2&filter%5BchildAge%5D%5B1%5D=20201210&filter%5Bchild%5D=1"
"Golf Villas And Suites Sharm","9676.0","27.10.2026 - 03.11.2026","8 dni/7 nocy","","4.7","4.7","362","tripadvisor","Warszawa - Modlin","2026-09-14T06:29:04.755589+00:00","https://fly.pl/oferta/egipt-wczasy/?filter[dest]=11:&filter[hotelids]=&filter[cityids]=&filter[cregids]=&filter[ofrType]=&filter[addObjType]=&filter[whenFrom]=10-10-2026&filter[whenTo]=05-11-2026&filter[duration]=7:10&filter[from]=Warszawa%20-%20Radom,Warszawa,Warszawa%20-%20Modlin&filter[person]=2&filter[child]=1&filter[price]=0:11000&filter[PriceFrom]=0&filter[PriceTo]=11000&filter[addCategory]=50&filter[addCatering]=1&filter[addMisc]=0&filter[addTransport]=F&filter[fp]=1&order_by=ofr_price&filter[tourOperator]=0&filter[childAge][1]=20201210","https://fly.pl/cdn/photo/assets/uploads/582/278/2014/07/Maritim-Jolie-Ville-Royal-Peninsula-fly-pl.jpg","https://fly.pl/wycieczka/egipt,sharm-el-sheikh,c/maritim-jolie-ville-royal-peninsula/pkbe1fUrIqX3WgG2uQFNEmAAogLRCSRG7EtLTth68P44XvvJgpXVUQjygZk0IwIA3_YjEqBE9BU0kwuKie1QZIzEtQAViBCGACagNBSWxyIRwR7q8BuQTW9g-rBAIblbQPGJOAEwH4rOulAgIAYwECDIeaSoA/ofertasv/?filter[tourOperator]=OASI&filter%5Bperson%5D=2&filter%5BchildAge%5D%5B1%5D=20201210&filter%5Bchild%5D=1"
"Serenity Sky Arc","9677.0","22.10.2026 - 29.10.2026","8 dni/7 nocy","","","","","","Warszawa","2026-09-14T06:29:04.755589+00:00","https://fly.pl/oferta/egipt-wczasy/?filter[dest]=11:&filter[hotelids]=&filter[cityids]=&filter[cregids]=&filter[ofrType]=&filter[addObjType]=&filter[whenFrom]=10-10-2026&filter[whenTo]=05-11-2026&filter[duration]=7:10&filter[from]=Warszawa%20-%20Radom,Warszawa,Warszawa%20-%20Modlin&filter[person]=2&filter[child]=1&filter[price]=0:11000&filter[PriceFrom]=0&filter[PriceTo]=11000&filter[addCategory]=50&filter[addCatering]=1&filter[addMisc]=0&filter[addTransport]=F&filter[fp]=1&order_by=ofr_price&filter[tourOperator]=0&filter[childAge][1]=20201210","https://datacfstatic.merlinx.pl/EXIM/IMG/105925/cf3c14898a23b0b49569de311369928ab20dff35cd198358119db51d531b20bd.webp","https://fly.pl/wycieczka/egipt,hurghada,sahl-hasheesh/serenity-sky-arc-10/pMqKmHKOwrCnbaxQrvAYcjAAogAfojE8ftjQI0jVQ8yiQUKqRG0VQdpnA-GADI7BbNUrMqBEVYSU0wuKie1QZIzUtQAViJB2ACagJBSXIhHBHFuwa5BOT_PasEHBut4i8YkNo2AYT9tIsJAgBjAQIGdVXuWw/ofertasv/?filter[tourOperator]=EXIM&filter%5Bperson%5D=2&filter%5BchildAge%5D%5B1%5D=20201210&filter%5Bchild%5D=1"
"Domina Coral Bay Oasis","9719.0","11.10.2026 - 18.10.2026","8 dni/7 nocy","","4.2","4.2","12420","tripadvisor","Warszawa","2026-09-14T06:29:04.755589+00:00","https://fly.pl/oferta/egipt-wczasy/?filter[dest]=11:&filter[hotelids]=&filter[cityids]=&filter[cregids]=&filter[ofrType]=&filter[addObjType]=&filter[whenFrom]=10-10-2026&filter[whenTo]=05-11-2026&filter[duration]=7:10&filter[from]=Warszawa%20-%20Radom,Warszawa,Warszawa%20-%20Modlin&filter[person]=2&filter[child]=1&filter[price]=0:11000&filter[PriceFrom]=0&filter[PriceTo]=11000&filter[addCategory]=50&filter[addCatering]=1&filter[addMisc]=0&filter[addTransport]=F&filter[fp]=1&order_by=ofr_price&filter[tourOperator]=0&filter[childAge][1]=20201210","https://fly.pl/cdn/photo/assets/uploads/582/278/2014/07/Domina-Coral-Bay-Oasis.jpg","https://fly.pl/wycieczka/egipt,sharm-el-sheikh,c/domina-coral-bay-oasis/pYh2FHbfw8QKI0mubjViAlAAogvkSs33HP7zMRMBxz5aixTQiPgYhrkVrHHSR3tH9QMnYqBEpPSVAwuKie1QZI90tQQViBBWACagMwMEZyQpsBFAEVBhcAXANYBVYCQMoGT-IBXQAR4MgBXv4xUqYgUwBLxyNhAEzljDoNpv2XCSAAAceh4KjDiMygMAINYwEADEdioGs/ofertasv/?filter[tourOperator]=JOIP&filter%5Bperson%5D=2&filter%5BchildAge%5D%5B1%5D=20201210&filter%5Bchild%5D=1"
"El Malikia Resort Abu Dabbab (ex.Sol Y Mar)","9723.0","27.10.2026 - 03.11.2026","8 dni/7 nocy","","4.5","4.5","6784","tripadvisor","Warszawa","2026-09-14T06:29:04.755589+00:00","https://fly.pl/oferta/egipt-wczasy/?filter[dest]=11:&filter[hotelids]=&filter[cityids]=&filter[cregids]=&filter[ofrType]=&filter[addObjType]=&filter[whenFrom]=10-10-2026&filter[whenTo]=05-11-2026&filter[duration]=7:10&filter[from]=Warszawa%20-%20Radom,Warszawa,Warszawa%20-%20Modlin&filter[person]=2&filter[child]=1&filter[price]=0:11000&filter[PriceFrom]=0&filter[PriceTo]=11000&filter[addCategory]=50&filter[addCatering]=1&filter[addMisc]=0&filter[addTransport]=F&filter[fp]=1&order_by=ofr_price&filter[tourOperator]=0&filter[childAge][1]=20201210","https://fly.pl/cdn/photo/assets/uploads/582/278/2016/11/El-Malikia-Resort-Abu-Dabbab-ex.Sol-Y-Mar-fly-pl.jpg","https://fly.pl/wycieczka/egipt,marsa-alam,c/el-malikia-resort-abu-dabbab-ex-sol-y-mar/p7pVzuZqkzGnFawal_B91uAAogMZKuDnxNdqC9_aJPbBCK_DRsfw9dPlz4tI2gbPlt5zYqBFNGUEwwuKie1QZI-0tQQViBCGACciILAhUFIgYSJ1zGAkAuW5f0UQ3k2YIJUfKv5JIGAhJjAQIGhAxXBQ/ofertasv/?filter[tourOperator]=SFPL&filter%5Bperson%5D=2&filter%5BchildAge%5D%5B1%5D=20201210&filter%5Bchild%5D=1"
"Sirena Beach Resort & Spa","9757.0","17.10.2026 - 24.10.2026","8 dni/7 nocy","","4.7","4.7","466","tripadvisor","Warszawa","2026-09-14T06:29:04.755589+00:00","https://fly.pl/oferta/egipt-wczasy/?filter[dest]=11:&filter[hotelids]=&filter[cityids]=&filter[cregids]=&filter[ofrType]=&filter[addObjType]=&filter[whenFrom]=10-10-2026&filter[whenTo]=05-11-2026&filter[duration]=7:10&filter[from]=Warszawa%20-%20Radom,Warszawa,Warszawa%20-%20Modlin&filter[person]=2&filter[child]=1&filter[price]=0:11000&filter[PriceFrom]=0&filter[PriceTo]=11000&filter[addCategory]=50&filter[addCatering]=1&filter[addMisc]=0&filter[addTransport]=F&filter[fp]=1&order_by=ofr_price&filter[tourOperator]=0&filter[childAge][1]=20201210","https://datacfstatic.merlinx.pl/ITAK/IMG/RMFSIRE/2a33aa899780987f59df20ed7ea7d5c43cfc5ceabce89d0fe9ee4ee31a0703f2.webp","https://fly.pl/wycieczka/egipt,marsa-alam,al-kusajr/movenpick-sirena-beach-13/pSs19BXSebEgJfLuwyo12BAAogFndqUT9hjxxREONRO0-AF07nc9_1RBs3cXvAsPCiQ9oqBFZJVFgwuKie1QZInUxQQViRBmACckAaABUHFwBcA1gFQI8DW7-DAV6-fFK8FFMAS7EvYQBMj7U5DYLVmAkgAFHhuMH23wFPqeIKXZz4r_klAg5jAQINcarJXQ/ofertasv/?filter[tourOperator]=VITX&filter%5Bperson%5D=2&filter%5BchildAge%5D%5B1%5D=20201210&filter%5Bchild%5D=1"
"Gorgonia Beach","9783.0","20.10.2026 - 27.10.2026","8 dni/7 nocy","","4.5","4.5","3764","tripadvisor","Warszawa","2026-09-14T06:29:04.755589+00:00","https://fly.pl/oferta/egipt-wczasy/?filter[dest]=11:&filter[hotelids]=&filter[cityids]=&filter[cregids]=&filter[ofrType]=&filter[addObjType]=&filter[whenFrom]=10-10-2026&filter[whenTo]=05-11-2026&filter[duration]=7:10&filter[from]=Warszawa%20-%20Radom,Warszawa,Warszawa%20-%20Modlin&filter[person]=2&filter[child]=1&filter[price]=0:11000&filter[PriceFrom]=0&filter[PriceTo]=11000&filter[addCategory]=50&filter[addCatering]=1&filter[addMisc]=0&filter[addTransport]=F&filter[fp]=1&order_by=ofr_price&filter[tourOperator]=0&filter[childAge][1]=20201210","https://fly.pl/cdn/photo/assets/uploads/582/278/2016/12/Gorgonia-Beach-Resort.jpg","https://fly.pl/wycieczka/egipt,marsa-alam,c/gorgonia-beach/pQ6DxzLkl2HGeWpUicgX_zAAog9neub51qzm8qFv04mqPBk9ExpNyR8PdMYb0hQMEv2X0qBFNGUEwwuKie1QZIt0xQQVjZBmACciMLAhUFIgYSJ1zGAkAuDfTN1AlRy_PjkgZbifjAHwISYwECBl0T2a8/ofertasv/?filter[tourOperator]=SFPL&filter%5Bperson%5D=2&filter%5BchildAge%5D%5B1%5D=20201210&filter%5Bchild%5D=1"
"Jaz Aquaviva","9817.0","29.10.2026 - 05.11.2026","8 dni/7 nocy","","4.7","4.7","10804","tripadvisor","Warszawa","2026-09-14T06:29:04.755589+00:00","https://fly.pl/oferta/egipt-wczasy/?filter[dest]=11:&filter[hotelids]=&filter[cityids]=&filter[cregids]=&filter[ofrType]=&filter[addObjType]=&filter[whenFrom]=10-10-2026&filter[whenTo]=05-11-2026&filter[duration]=7:10&filter[from]=Warszawa%20-%20Radom,Warszawa,Warszawa%20-%20Modlin&filter[person]=2&filter[child]=1&filter[price]=0:11000&filter[PriceFrom]=0&filter[PriceTo]=11000&filter[addCategory]=50&filter[addCatering]=1&filter[addMisc]=0&filter[addTransport]=F&filter[fp]=1&order_by=ofr_price&filter[tourOperator]=0&filter[childAge][1]=20201210","https://fly.pl/cdn/photo/assets/uploads/582/278/2015/07/Jaz-Aquaviva.jpg","https://fly.pl/wycieczka/egipt,hurghada,makadi-bay/jaz-makadi-aquaviva/p6pXyAWvL8dExfjmtW_F1OAAog0zfgcLwq-mFbk20cs6vLTWSr15Jod7NI_ZeeP2cCHt0qBEVYSU0wuKie1QZI2UxQAVixCGACagJBSXIjHBGfwga5BIv5PasEvYoKG7qbLxj6310B5eqQsw0CAGMBAgwGV8Lv/ofertasv/?filter[tourOperator]=EXIM&filter%5Bperson%5D=2&filter%5BchildAge%5D%5B1%5D=20201210&filter%5Bchild%5D=1"
"Renaissance Golden View Beach Resort by Marriott","9842.0","27.10.2026 - 03.11.2026","8 dni/7 nocy","","4.5","4.5","7224","tripadvisor","Warszawa - Modlin","2026-09-14T06:29:04.755589+00:00","https://fly.pl/oferta/egipt-wczasy/?filter[dest]=11:&filter[hotelids]=&filter[cityids]=&filter[cregids]=&filter[ofrType]=&filter[addObjType]=&filter[whenFrom]=10-10-2026&filter[whenTo]=05-11-2026&filter[duration]=7:10&filter[from]=Warszawa%20-%20Radom,Warszawa,Warszawa%20-%20Modlin&filter[person]=2&filter[child]=1&filter[price]=0:11000&filter[PriceFrom]=0&filter[PriceTo]=11000&filter[addCategory]=50&filter[addCatering]=1&filter[addMisc]=0&filter[addTransport]=F&filter[fp]=1&order_by=ofr_price&filter[tourOperator]=0&filter[childAge][1]=20201210","https://fly.pl/cdn/photo/assets/uploads/582/278/2014/07/Renaissance-Golden-View-Beach-Resort.jpg","https://fly.pl/wycieczka/egipt,sharm-el-sheikh,c/renaissance-golden-view-beach/p054UMJmc4NoQbz27iiguGAAogHb214FNFEEddcPkMl-HrGZgpXVUQjygZk0IwIA3_YjEqBE9BU0kwuKie1QZI8kxQAViBCGACagNBSWxyIRwRya8BuQT79g-rBAIb4LINGMeREwGqkOiZAgIAYwECBedIOm0/ofertasv/?filter[tourOperator]=OASI&filter%5Bperson%5D=2&filter%5BchildAge%5D%5B1%5D=20201210&filter%5Bchild%5D=1"
"Red Sea Grand Waterworld Makadi (ex. Sunwing Waterworld Makadi)","9878.0","15.10.2026 - 22.10.2026","8 dni/7 nocy","","4.5","4.5","5590","tripadvisor","Warszawa","2026-09-14T06:29:04.755589+00:00","https://fly.pl/oferta/egipt-wczasy/?filter[dest]=11:&filter[hotelids]=&filter[cityids]=&filter[cregids]=&filter[ofrType]=&filter[addObjType]=&filter[whenFrom]=10-10-2026&filter[whenTo]=05-11-2026&filter[duration]=7:10&filter[from]=Warszawa%20-%20Radom,Warszawa,Warszawa%20-%20Modlin&filter[person]=2&filter[child]=1&filter[price]=0:11000&filter[PriceFrom]=0&filter[PriceTo]=11000&filter[addCategory]=50&filter[addCatering]=1&filter[addMisc]=0&filter[addTransport]=F&filter[fp]=1&order_by=ofr_price&filter[tourOperator]=0&filter[childAge][1]=20201210","https://fly.pl/cdn/photo/assets/uploads/582/278/2017/06/Red-Sea-Grand-Waterworld-Makadi.jpg","https://fly.pl/wycieczka/egipt,hurghada,makadi-bay/sunwing-waterworld-makadi/pCKZfp_Fa1hf_aMr2i2BgRAAogoB6Zp15XFpCtyTZTS8jCf1MAo-Pz72XjDjK39r-JCzUqA0VUSTC4qJ7VBkiWTVBBWOEFYAJyMRUHFwBcA1gFVgJA-wdbw4UBU50mUgBer09L7UNhACCPitIJDQBRieC99gMCEmMBAgp58N6X/ofertasv/?filter[tourOperator]=ETI&filter%5Bperson%5D=2&filter%5BchildAge%5D%5B1%5D=20201210&filter%5Bchild%5D=1"
"Sunrise Select Garden Beach Resort & Spa","9882.0","29.10.2026 - 05.11.2026","8 dni/7 nocy","","4.7","4.7","9747","tripadvisor","Warszawa","2026-09-14T06:29:04.755589+00:00","https://fly.pl/oferta/egipt-wczasy/?filter[dest]=11:&filter[hotelids]=&filter[cityids]=&filter[cregids]=&filter[ofrType]=&filter[addObjType]=&filter[whenFrom]=10-10-2026&filter[whenTo]=05-11-2026&filter[duration]=7:10&filter[from]=Warszawa%20-%20Radom,Warszawa,Warszawa%20-%20Modlin&filter[person]=2&filter[child]=1&filter[price]=0:11000&filter[PriceFrom]=0&filter[PriceTo]=11000&filter[addCategory]=50&filter[addCatering]=1&filter[addMisc]=0&filter[addTransport]=F&filter[fp]=1&order_by=ofr_price&filter[tourOperator]=0&filter[childAge][1]=20201210","https://fly.pl/cdn/photo/assets/uploads/582/278/2014/09/Sunrise-Garden-Beach-Resort-Spa.jpg","https://fly.pl/wycieczka/egipt,hurghada,c/sunrise-select-garden-beach-resort-spa/p69WCFzAvcgCFdgkugIJXUAAogGZxqkVBdeLYKICFUV2sy8hLqCxxQb8S86Hh0k4aD-ioqBE9SRVgwuKie1QZImk1QQVixCGACagdFWE0uMi4xcjabARUHFwBcA1gFVgJAygZdmw9PJBGrA1OnmgFSAF6vT0vtQ2EATOWMOiC4_ZcJDQACEmMBAgtz5mDd/ofertasv/?filter[tourOperator]=OREX&filter%5Bperson%5D=2&filter%5BchildAge%5D%5B1%5D=20201210&filter%5Bchild%5D=1"
"Domina Coral Bay Resort","9911.0","10.10.2026 - 17.10.2026","8 dni/7 nocy","","4.2","4.2","12420","tripadvisor","Warszawa","2026-09-14T06:29:04.755589+00:00","https://fly.pl/oferta/egipt-wczasy/?filter[dest]=11:&filter[hotelids]=&filter[cityids]=&filter[cregids]=&filter[ofrType]=&filter[addObjType]=&filter[whenFrom]=10-10-2026&filter[whenTo]=05-11-2026&filter[duration]=7:10&filter[from]=Warszawa%20-%20Radom,Warszawa,Warszawa%20-%20Modlin&filter[person]=2&filter[child]=1&filter[price]=0:11000&filter[PriceFrom]=0&filter[PriceTo]=11000&filter[addCategory]=50&filter[addCatering]=1&filter[addMisc]=0&filter[addTransport]=F&filter[fp]=1&order_by=ofr_price&filter[tourOperator]=0&filter[childAge][1]=20201210","https://fly.pl/cdn/photo/assets/uploads/582/278/2014/07/DOMINA.jpg","https://fly.pl/wycieczka/egipt,sharm-el-sheikh,c/domina-coral-bay-resort-sharm-el-sheikh/pzzKcesPCCGeMYsfRfvu4eAAogNUm0aogpLaPbXoUBKazRwAAAAACZhAQAtoQEAAcAEgAqBFdFWlkwuKie1QZIt01QQVjpBGADaglFbnRlciBBaXJqBDA4MDByQ54BlQEfAAIBHAAWBBcCEu0DGIUFE80BFMkEQJJyT6CiAUwAS8cjUAAR50UdqvwOIB0btu0EDabavQkBEmMBDWMBAwXB9XrL/ofertasv/?filter[tourOperator]=WEZY&filter%5Bperson%5D=2&filter%5BchildAge%5D%5B1%5D=20201210&filter%5Bchild%5D=1"
"Reef Oasis Suakin Resort","9957.0","17.10.2026 - 24.10.2026","8 dni/7 nocy","","4.8","4.8","1445","tripadvisor","Warszawa","2026-09-14T06:29:04.755589+00:00","https://fly.pl/oferta/egipt-wczasy/?filter[dest]=11:&filter[hotelids]=&filter[cityids]=&filter[cregids]=&filter[ofrType]=&filter[addObjType]=&filter[whenFrom]=10-10-2026&filter[whenTo]=05-11-2026&filter[duration]=7:10&filter[from]=Warszawa%20-%20Radom,Warszawa,Warszawa%20-%20Modlin&filter[person]=2&filter[child]=1&filter[price]=0:11000&filter[PriceFrom]=0&filter[PriceTo]=11000&filter[addCategory]=50&filter[addCatering]=1&filter[addMisc]=0&filter[addTransport]=F&filter[fp]=1&order_by=ofr_price&filter[tourOperator]=0&filter[childAge][1]=20201210","https://fly.pl/cdn/photo/assets/uploads/582/278/2024/07/reef-oasis-suakin-resort.jpg","https://fly.pl/wycieczka/egipt,marsa-alam,c/reef-oasis-suakin-resort-11/p20_KQAVCYuw0juETCNM3nAAogtBcnyDKlttK5eINGm0j2H07nc9_1RBs3cXvAsPCiQ9oqBFZJVFgwu6ie1QZI5U1QQViRBmACckAaABUHFwBcA1gFQI8DW6eGAV7WeVK8FFMAS7EvYQBM77Q5DaLVmAkgAFGOoL723wFP_PoNXZz4r_klAgxjAQILVvx1lA/ofertasv/?filter[tourOperator]=VITX&filter%5Bperson%5D=2&filter%5BchildAge%5D%5B1%5D=20201210&filter%5Bchild%5D=1"
"Jasmine Palace","9957.0","15.10.2026 - 22.10.2026","8 dni/7 nocy","","4.1","4.1","7704","tripadvisor","Warszawa","2026-09-14T06:29:04.755589+00:00","https://fly.pl/oferta/egipt-wczasy/?filter[dest]=11:&filter[hotelids]=&filter[cityids]=&filter[cregids]=&filter[ofrType]=&filter[addObjType]=&filter[whenFrom]=10-10-2026&filter[whenTo]=05-11-2026&filter[duration]=7:10&filter[from]=Warszawa%20-%20Radom,Warszawa,Warszawa%20-%20Modlin&filter[person]=2&filter[child]=1&filter[price]=0:11000&filter[PriceFrom]=0&filter[PriceTo]=11000&filter[addCategory]=50&filter[addCatering]=1&filter[addMisc]=0&filter[addTransport]=F&filter[fp]=1&order_by=ofr_price&filter[tourOperator]=0&filter[childAge][1]=20201210","https://fly.pl/cdn/photo/assets/uploads/582/278/2014/07/Jasmine-Palace.jpg","https://fly.pl/wycieczka/egipt,hurghada,c/jasmine-palace/pBo_5KAYjBmYFXh4ZU6h1XAAog5wfRd79akhXK2OCs9LwD1I044f9kYxgWJceyc7qRpoAqBFZJVFgwu6ie1QZI5U1QQVjhBWACckAaABUHFwBcA1gFQI8DW7-DAVOPLVIAXq9PS-1DYQBM7rQ5DaHVmAkgAFHPgcj7jwFPu4MlXZCE8_N1Ag1jAQIMJb1uEA/ofertasv/?filter[tourOperator]=VITX&filter%5Bperson%5D=2&filter%5BchildAge%5D%5B1%5D=20201210&filter%5Bchild%5D=1"
"Pickalbatros Palace Resort","10027.0","27.10.2026 - 03.11.2026","9 dni/7 nocy","","4.5","4.5","935","tripadvisor","Warszawa - Modlin","2026-09-14T06:29:04.755589+00:00","https://fly.pl/oferta/egipt-wczasy/?filter[dest]=11:&filter[hotelids]=&filter[cityids]=&filter[cregids]=&filter[ofrType]=&filter[addObjType]=&filter[whenFrom]=10-10-2026&filter[whenTo]=05-11-2026&filter[duration]=7:10&filter[from]=Warszawa%20-%20Radom,Warszawa,Warszawa%20-%20Modlin&filter[person]=2&filter[child]=1&filter[price]=0:11000&filter[PriceFrom]=0&filter[PriceTo]=11000&filter[addCategory]=50&filter[addCatering]=1&filter[addMisc]=0&filter[addTransport]=F&filter[fp]=1&order_by=ofr_price&filter[tourOperator]=0&filter[childAge][1]=20201210","https://fly.pl/cdn/photo/assets/uploads/582/278/2014/09/Albatros-Palace-fly-pl-4.jpg","https://fly.pl/wycieczka/egipt,hurghada,c/albatros-palace/p-JVoaFNjJ5xeJqfn6Qx8GAAogqzMbZV2ag7VBayjXWPGB55eMXePUQkpobZ-BQI6-nbQqBEVYSU0wu6ie1QZIq05QAViBCGACagJBSXIhHBGk-AarBJ2wS7kERRuw-zcYgKJTAZ7_-MYNAgBjAQIM9MkAWQ/ofertasv/?filter[tourOperator]=EXIM&filter%5Bperson%5D=2&filter%5BchildAge%5D%5B1%5D=20201210&filter%5Bchild%5D=1"
"Pickalbatros Luxury Suites","10063.0","10.10.2026 - 17.10.2026","8 dni/7 nocy","","4.7","4.7","362","tripadvisor","Warszawa","2026-09-14T06:29:04.755589+00:00","https://fly.pl/oferta/egipt-wczasy/?filter[dest]=11:&filter[hotelids]=&filter[cityids]=&filter[cregids]=&filter[ofrType]=&filter[addObjType]=&filter[whenFrom]=10-10-2026&filter[whenTo]=05-11-2026&filter[duration]=7:10&filter[from]=Warszawa%20-%20Radom,Warszawa,Warszawa%20-%20Modlin&filter[person]=2&filter[child]=1&filter[price]=0:11000&filter[PriceFrom]=0&filter[PriceTo]=11000&filter[addCategory]=50&filter[addCatering]=1&filter[addMisc]=0&filter[addTransport]=F&filter[fp]=1&order_by=ofr_price&filter[tourOperator]=0&filter[childAge][1]=20201210","https://fly.pl/cdn/photo/assets/uploads/582/278/2023/04/Pickalbatros-Luxury-Suites.jpg","https://fly.pl/wycieczka/egipt,sharm-el-sheikh,szarm-el-szejk/golf-villas-sharm-el-sheikh-by-rixos-11/pRgGlg9FkISzvwdF5WVABsAAogvUwJ2iYfAEDJh6BbSI8YawAAAACZhAQAtoQEAAcAEgAqBFdFWlkwu6ie1QZIz05QQVjpBGADaglFbnRlciBBaXJqBDA4MDByQp4BlQEfABwBAgAWBBcCG3AS_QIYhQUTzQEUyQRAknJMoKIBTwBLxyNQABGfggId8r8NIB0N3MfCCQESYwENYwEEDLxAsOM/ofertasv/?filter[tourOperator]=WEZY&filter%5Bperson%5D=2&filter%5BchildAge%5D%5B1%5D=20201210&filter%5Bchild%5D=1"
"Safir Dahab Resort","10076.0","11.10.2026 - 18.10.2026","8 dni/7 nocy","","4.5","4.5","1520","tripadvisor","Warszawa","2026-09-14T06:29:04.755589+00:00","https://fly.pl/oferta/egipt-wczasy/?filter[dest]=11:&filter[hotelids]=&filter[cityids]=&filter[cregids]=&filter[ofrType]=&filter[addObjType]=&filter[whenFrom]=10-10-2026&filter[whenTo]=05-11-2026&filter[duration]=7:10&filter[from]=Warszawa%20-%20Radom,Warszawa,Warszawa%20-%20Modlin&filter[person]=2&filter[child]=1&filter[price]=0:11000&filter[PriceFrom]=0&filter[PriceTo]=11000&filter[addCategory]=50&filter[addCatering]=1&filter[addMisc]=0&filter[addTransport]=F&filter[fp]=1&order_by=ofr_price&filter[tourOperator]=0&filter[childAge][1]=20201210","https://fly.pl/cdn/photo/assets/uploads/582/278/2015/09/Safir-Dahab-Resort.jpg","https://fly.pl/wycieczka/egipt,dahab,c/dahab-resort/pY0-aGW7DMo_ZrAG0nZqbNAAog2FIJYsgjhfpHcxUHF8XIzgiPgYhrkVrHHSR3tH9QMnYqBEpPSVAwu6ie1QZI3E5QQViBBWACagMwMHdyQpsBFAEVBhcAXANYBVYCQMoGT-IBXQBe3voBEcQEUuIbUwBLxyNhAEzljDoNpv2XCSAAAbq39Ii0iMygMAINYwEAC6B2Zq0/ofertasv/?filter[tourOperator]=JOIP&filter%5Bperson%5D=2&filter%5BchildAge%5D%5B1%5D=20201210&filter%5Bchild%5D=1"
"Cooee Prima Life Makadi Bay","10097.0","18.10.2026 - 25.10.2026","8 dni/7 nocy","","4.6","4.6","3312","tripadvisor","Warszawa","2026-09-14T06:29:04.755589+00:00","https://fly.pl/oferta/egipt-wczasy/?filter[dest]=11:&filter[hotelids]=&filter[cityids]=&filter[cregids]=&filter[ofrType]=&filter[addObjType]=&filter[whenFrom]=10-10-2026&filter[whenTo]=05-11-2026&filter[duration]=7:10&filter[from]=Warszawa%20-%20Radom,Warszawa,Warszawa%20-%20Modlin&filter[person]=2&filter[child]=1&filter[price]=0:11000&filter[PriceFrom]=0&filter[PriceTo]=11000&filter[addCategory]=50&filter[addCatering]=1&filter[addMisc]=0&filter[addTransport]=F&filter[fp]=1&order_by=ofr_price&filter[tourOperator]=0&filter[childAge][1]=20201210","https://fly.pl/cdn/photo/assets/uploads/582/278/2014/12/Prima-Life-Makadi-Resort.jpg","https://fly.pl/wycieczka/egipt,hurghada,c/prima-life-makadi-bay/pGguUjleWmiyRl1rDdZja9AAogD3tJ2rSwX4eMjBabIsZ66pyIJDTHqwrr1Day3gvsXyIqBEVYSU0wu6ie1QZI8U5QAVipBmACagJBSXIhHBHGuAa5BLuFPqsEHBvhhy8Y_pc3AYW98IkJAgBjAQIF9nAAHw/ofertasv/?filter[tourOperator]=EXIM&filter%5Bperson%5D=2&filter%5BchildAge%5D%5B1%5D=20201210&filter%5Bchild%5D=1"
"Concorde El Salam Front Area","10125.0","10.10.2026 - 17.10.2026","8 dni/7 nocy","","4.8","4.8","1490","tripadvisor","Warszawa","2026-09-14T06:29:04.755589+00:00","https://fly.pl/oferta/egipt-wczasy/?filter[dest]=11:&filter[hotelids]=&filter[cityids]=&filter[cregids]=&filter[ofrType]=&filter[addObjType]=&filter[whenFrom]=10-10-2026&filter[whenTo]=05-11-2026&filter[duration]=7:10&filter[from]=Warszawa%20-%20Radom,Warszawa,Warszawa%20-%20Modlin&filter[person]=2&filter[child]=1&filter[price]=0:11000&filter[PriceFrom]=0&filter[PriceTo]=11000&filter[addCategory]=50&filter[addCatering]=1&filter[addMisc]=0&filter[addTransport]=F&filter[fp]=1&order_by=ofr_price&filter[tourOperator]=0&filter[childAge][1]=20201210","https://fly.pl/cdn/photo/assets/uploads/582/278/2024/07/concorde-el-salam-front.jpg","https://fly.pl/wycieczka/egipt,sharm-el-sheikh,szarm-el-szejk/concorde-el-salam-front-12/pZz1iMm883QOO90LAn0D4mAAogt11xlAQXekhiY73q7DQ2GAAAAACZhAQAtoQEAAcAEgAqBFdFWlkwu6ie1QZIjU9QQVjpBGADaglFbnRlciBBaXJqBDA4MDByQ54BlQEfAAIBHAAWBBcCEu0DGIUFE80BFMkEEd4-QLQzTKCiAU8AS8cjUAAbsYMCHeC-DSAdDdzHwgkBEmMBDGMBAgVzSbEl/ofertasv/?filter[tourOperator]=WEZY&filter%5Bperson%5D=2&filter%5BchildAge%5D%5B1%5D=20201210&filter%5Bchild%5D=1"
"Titanic Beach Spa & Aqua Park","10157.0","15.10.2026 - 22.10.2026","8 dni/7 nocy","","4.3","4.3","7447","tripadvisor","Warszawa","2026-09-14T06:29:04.755589+00:00","https://fly.pl/oferta/egipt-wczasy/?filter[dest]=11:&filter[hotelids]=&filter[cityids]=&filter[cregids]=&filter[ofrType]=&filter[addObjType]=&filter[whenFrom]=10-10-2026&filter[whenTo]=05-11-2026&filter[duration]=7:10&filter[from]=Warszawa%20-%20Radom,Warszawa,Warszawa%20-%20Modlin&filter[person]=2&filter[child]=1&filter[price]=0:11000&filter[PriceFrom]=0&filter[PriceTo]=11000&filter[addCategory]=50&filter[addCatering]=1&filter[addMisc]=0&filter[addTransport]=F&filter[fp]=1&order_by=ofr_price&filter[tourOperator]=0&filter[childAge][1]=20201210","https://fly.pl/cdn/photo/assets/uploads/582/278/2014/07/Titanic-Beach-Spa-Aqua-Park-fly-pl.jpg","https://fly.pl/wycieczka/egipt,hurghada,c/titanic-beach-spa/pitlm62Qg9-f9Av97GfQRxAAogviv7GZtQBFSdGah-T5A744044f9kYxgWJceyc7qRpoAqBFZJVFgwu6ie1QZIrU9QQVjhBWACckAaABUHFwBcA1gFQI8DW7-DAVOPLVIAXq9PS-1DYQBM7rQ5DaHVmAkgAFHnj-X7jwFPo_UHXZCE8_N1AgxjAQIL_ht_Ig/ofertasv/?filter[tourOperator]=VITX&filter%5Bperson%5D=2&filter%5BchildAge%5D%5B1%5D=20201210&filter%5Bchild%5D=1"
"Steigenberger Aqua Magic","10161.0","29.10.2026 - 05.11.2026","8 dni/7 nocy","","4.6","4.6","10935","tripadvisor","Warszawa","2026-09-14T06:29:04.755589+00:00","https://fly.pl/oferta/egipt-wczasy/?filter[dest]=11:&filter[hotelids]=&filter[cityids]=&filter[cregids]=&filter[ofrType]=&filter[addObjType]=&filter[whenFrom]=10-10-2026&filter[whenTo]=05-11-2026&filter[duration]=7:10&filter[from]=Warszawa%20-%20Radom,Warszawa,Warszawa%20-%20Modlin&filter[person]=2&filter[child]=1&filter[price]=0:11000&filter[PriceFrom]=0&filter[PriceTo]=11000&filter[addCategory]=50&filter[addCatering]=1&filter[addMisc]=0&filter[addTransport]=F&filter[fp]=1&order_by=ofr_price&filter[tourOperator]=0&filter[childAge][1]=20201210","https://fly.pl/cdn/photo/assets/uploads/582/278/2014/09/Steigenberger-Aqua-Magic.jpg","https://fly.pl/wycieczka/egipt,hurghada,c/steigenberger-aqua-magic/p0yxg3Hc4PcIalPIRsra1mAAogO_r1Hu9zNS1o5wM8Pxkp0BLqCxxQb8S86Hh0k4aD-ioqBE9SRVgwu6ie1QZIsU9QQVixCGACagVZLjIuMXI1mwEVBxcAXANYBVYCET9AiwZdmw9PJFPSnQFSAF6vT0vtQ2EATOWMOiC4_ZcJDQACEmMBAgudd7bu/ofertasv/?filter[tourOperator]=OREX&filter%5Bperson%5D=2&filter%5BchildAge%5D%5B1%5D=20201210&filter%5Bchild%5D=1"
"Tropitel Sahl Hasheesh","10180.0","29.10.2026 - 05.11.2026","8 dni/7 nocy","","4.7","4.7","10246","tripadvisor","Warszawa","2026-09-14T06:29:04.755589+00:00","https://fly.pl/oferta/egipt-wczasy/?filter[dest]=11:&filter[hotelids]=&filter[cityids]=&filter[cregids]=&filter[ofrType]=&filter[addObjType]=&filter[whenFrom]=10-10-2026&filter[whenTo]=05-11-2026&filter[duration]=7:10&filter[from]=Warszawa%20-%20Radom,Warszawa,Warszawa%20-%20Modlin&filter[person]=2&filter[child]=1&filter[price]=0:11000&filter[PriceFrom]=0&filter[PriceTo]=11000&filter[addCategory]=50&filter[addCatering]=1&filter[addMisc]=0&filter[addTransport]=F&filter[fp]=1&order_by=ofr_price&filter[tourOperator]=0&filter[childAge][1]=20201210","https://fly.pl/cdn/photo/assets/uploads/582/278/2014/10/Tropitel-Sahl-Hasheesh.jpg","https://fly.pl/wycieczka/egipt,hurghada,c/tropitel-sahl-hasheesh/pNC-l7Itedt0zDZ-NzG-vcAAogd_pXy-1qaBTv2dVYcKaSNW6Wj8k6hFOBlNGwGBIFr0MqBFJOQlcwu6ie1QZIxE9QQVixCGACagRCd2Nkag1BTExfSU5DTFVTSVZFaiYxNiwyMzQsMjgzLDI5NiwzODAsMzg4LDQ3Nyw0ODMsNDg0LDQ4NWoHNDk3LDQ5OXI-nwGWAZ4BlAEVBxcAWAgK0AFA-AURxAEZqVMQwwtM2ypTiiFSAEuckwFhAB3s8j8POSD4lpIJDQACDGMBAgWc_lW8/ofertasv/?filter[tourOperator]=RNBW&filter%5Bperson%5D=2&filter%5BchildAge%5D%5B1%5D=20201210&filter%5Bchild%5D=1"
"Cleopatra Luxury Resort","10186.0","10.10.2026 - 17.10.2026","8 dni/7 nocy","","4.5","4.5","7639","tripadvisor","Warszawa","2026-09-14T06:29:04.755589+00:00","https://fly.pl/oferta/egipt-wczasy/?filter[dest]=11:&filter[hotelids]=&filter[cityids]=&filter[cregids]=&filter[ofrType]=&filter[addObjType]=&filter[whenFrom]=10-10-2026&filter[whenTo]=05-11-2026&filter[duration]=7:10&filter[from]=Warszawa%20-%20Radom,Warszawa,Warszawa%20-%20Modlin&filter[person]=2&filter[child]=1&filter[price]=0:11000&filter[PriceFrom]=0&filter[PriceTo]=11000&filter[addCategory]=50&filter[addCatering]=1&filter[addMisc]=0&filter[addTransport]=F&filter[fp]=1&order_by=ofr_price&filter[tourOperator]=0&filter[childAge][1]=20201210","https://fly.pl/cdn/photo/assets/uploads/582/278/2014/07/58ae3c6b287eb1e74191c52d1e07af6ad3ddd609476a5d59c69f95f8f8409586.jpg","https://fly.pl/wycieczka/egipt,sharm-el-sheikh,nabq-bay/the-cleopatra-luxury-resort-collection/pxKWHPJYZ0Kno6pQcJKHbGAAogzpv_BWS_QxT8CwS1YootfQAAAACZhAQAtoQEAAcAEgAqBFdFWlkwu6ie1QZIyk9QQVjpBGADaglFbnRlciBBaXJqBDA4MDByQ54BlQEfAAIBHAAWBBcCEu0DGIUFE80BFMkEEcAPQNJiTKCiAU8AS8cjUAAdkcIPIB0bzPQEDZDTvQkBEmMBDGMBAgVOt2df/ofertasv/?filter[tourOperator]=WEZY&filter%5Bperson%5D=2&filter%5BchildAge%5D%5B1%5D=20201210&filter%5Bchild%5D=1"
"Sentido Mamlouk Palace Resort & Spa (ex Sunrise)","10213.0","29.10.2026 - 05.11.2026","8 dni/7 nocy","","4.7","4.7","12045","tripadvisor","Warszawa","2026-09-14T06:29:04.755589+00:00","https://fly.pl/oferta/egipt-wczasy/?filter[dest]=11:&filter[hotelids]=&filter[cityids]=&filter[cregids]=&filter[ofrType]=&filter[addObjType]=&filter[whenFrom]=10-10-2026&filter[whenTo]=05-11-2026&filter[duration]=7:10&filter[from]=Warszawa%20-%20Radom,Warszawa,Warszawa%20-%20Modlin&filter[person]=2&filter[child]=1&filter[price]=0:11000&filter[PriceFrom]=0&filter[PriceTo]=11000&filter[addCategory]=50&filter[addCatering]=1&filter[addMisc]=0&filter[addTransport]=F&filter[fp]=1&order_by=ofr_price&filter[tourOperator]=0&filter[childAge][1]=20201210","https://fly.pl/cdn/photo/assets/uploads/582/278/2014/10/Sentido-Mamlouk-Palace-Resort-Spa.jpg","https://fly.pl/wycieczka/egipt,hurghada,c/sentido-mamlouk-palace-resort-ex-sunrise/pq6uNZ1DJpNh5sj2vpEqQJAAogtYsHrWS5Enx89vuXrIFDTeeds7J2NtrfI0AjX20vbP0qBFNGUEwwu6ie1QZI5U9QQVixCGACciMLAhUFIgYSIVzMAkAuW-fwUQ2W3YIJUajF0PuPAQISYwECBWPl0Uw/ofertasv/?filter[tourOperator]=SFPL&filter%5Bperson%5D=2&filter%5BchildAge%5D%5B1%5D=20201210&filter%5Bchild%5D=1"
"Jaz Makadi Saraya (ex Iberotel)","10233.0","29.10.2026 - 05.11.2026","8 dni/7 nocy","","4.8","4.8","6804","tripadvisor","Warszawa","2026-09-14T06:29:04.755589+00:00","https://fly.pl/oferta/egipt-wczasy/?filter[dest]=11:&filter[hotelids]=&filter[cityids]=&filter[cregids]=&filter[ofrType]=&filter[addObjType]=&filter[whenFrom]=10-10-2026&filter[whenTo]=05-11-2026&filter[duration]=7:10&filter[from]=Warszawa%20-%20Radom,Warszawa,Warszawa%20-%20Modlin&filter[person]=2&filter[child]=1&filter[price]=0:11000&filter[PriceFrom]=0&filter[PriceTo]=11000&filter[addCategory]=50&filter[addCatering]=1&filter[addMisc]=0&filter[addTransport]=F&filter[fp]=1&order_by=ofr_price&filter[tourOperator]=0&filter[childAge][1]=20201210","https://fly.pl/cdn/photo/assets/uploads/582/278/2014/07/Jaz-Makadi-Saraya-ex-Iberotel-fly-pl.jpg","https://fly.pl/wycieczka/egipt,hurghada,makadi-bay/iberotel-makadi-saraya/pjSAw8pbl9FRCPS9G6gNmjAAogOt146Tc23rufJp0fCIrwUhLqCxxQb8S86Hh0k4aD-ioqBE9SRVgwu6ie1QZI-U9QQVixCGACagZDTS4yLjFyNZsBFQcXAFwDWAVWAhEaQLAGXZsPTyRT0p0BUgBer09L7UNhAEzljDoguP2XCQ0AAhJjAQIMG3tz_w/ofertasv/?filter[tourOperator]=OREX&filter%5Bperson%5D=2&filter%5BchildAge%5D%5B1%5D=20201210&filter%5Bchild%5D=1"
"Invidia Coral Beach Tiran","10246.0","24.10.2026 - 31.10.2026","8 dni/7 nocy","","4.8","4.8","323","tripadvisor","Warszawa","2026-09-14T06:29:04.755589+00:00","https://fly.pl/oferta/egipt-wczasy/?filter[dest]=11:&filter[hotelids]=&filter[cityids]=&filter[cregids]=&filter[ofrType]=&filter[addObjType]=&filter[whenFrom]=10-10-2026&filter[whenTo]=05-11-2026&filter[duration]=7:10&filter[from]=Warszawa%20-%20Radom,Warszawa,Warszawa%20-%20Modlin&filter[person]=2&filter[child]=1&filter[price]=0:11000&filter[PriceFrom]=0&filter[PriceTo]=11000&filter[addCategory]=50&filter[addCatering]=1&filter[addMisc]=0&filter[addTransport]=F&filter[fp]=1&order_by=ofr_price&filter[tourOperator]=0&filter[childAge][1]=20201210","https://fly.pl/cdn/photo/assets/uploads/582/278/2014/07/Coral-Beach-Rotana-Tiran-fly-pl.jpg","https://fly.pl/wycieczka/egipt,sharm-el-sheikh,c/coral-beach-rotana-tiran/pXwNVKprJXheFQK4JMfclVAAoggxN9qaE2m6WyJpRw0deucAAAAACbhAQAuIQEAAcAEgAqBFdFWlkwu6ie1QZIhlBQQVi5B2ADaglFbnRlciBBaXJqBDA4MDByQp4BlQEfABwBAgAWABcGESMSygMYoQQTsQIUyQRAknJMoKIBTwBLxyNQAB2Twg8gHRvXwmQNkYXeCAESYwEMYwECC5lEg5I/ofertasv/?filter[tourOperator]=WEZY&filter%5Bperson%5D=2&filter%5BchildAge%5D%5B1%5D=20201210&filter%5Bchild%5D=1"
"Utopia Blue Resort","10247.0","13.10.2026 - 20.10.2026","8 dni/7 nocy","","","","","","Warszawa","2026-09-14T06:29:04.755589+00:00","https://fly.pl/oferta/egipt-wczasy/?filter[dest]=11:&filter[hotelids]=&filter[cityids]=&filter[cregids]=&filter[ofrType]=&filter[addObjType]=&filter[whenFrom]=10-10-2026&filter[whenTo]=05-11-2026&filter[duration]=7:10&filter[from]=Warszawa%20-%20Radom,Warszawa,Warszawa%20-%20Modlin&filter[person]=2&filter[child]=1&filter[price]=0:11000&filter[PriceFrom]=0&filter[PriceTo]=11000&filter[addCategory]=50&filter[addCatering]=1&filter[addMisc]=0&filter[addTransport]=F&filter[fp]=1&order_by=ofr_price&filter[tourOperator]=0&filter[childAge][1]=20201210","https://datacfstatic.merlinx.pl/EXIM/IMG/104804/47170af13502131b7b7d23ecf494e622a96110e1a4bfcf3019d7db4830283601.webp","https://fly.pl/wycieczka/egipt,marsa-alam,c/utopia-blue-resort-13/pqJJ8YpHkjl7QHCiJ49fllAAog2C1X7jIDiZB9P3u2JwfOdRKmO4qxhDmkVrGyFJIXvhQqBEVYSU0wu6ie1QZIh1BQAVixBWACagJBSXIhHBHksga5BIiMPqsEHBvc1y0Yr_ozAZeu2tQIAgBjAQIMF_po3w/ofertasv/?filter[tourOperator]=EXIM&filter%5Bperson%5D=2&filter%5BchildAge%5D%5B1%5D=20201210&filter%5Bchild%5D=1"
"Pickalbatros Citadel Sahl Hasheesh (ex. Citadel Azur Resort)","10267.0","27.10.2026 - 03.11.2026","9 dni/7 nocy","","4.5","4.5","4864","tripadvisor","Warszawa - Modlin","2026-09-14T06:29:04.755589+00:00","https://fly.pl/oferta/egipt-wczasy/?filter[dest]=11:&filter[hotelids]=&filter[cityids]=&filter[cregids]=&filter[ofrType]=&filter[addObjType]=&filter[whenFrom]=10-10-2026&filter[whenTo]=05-11-2026&filter[duration]=7:10&filter[from]=Warszawa%20-%20Radom,Warszawa,Warszawa%20-%20Modlin&filter[person]=2&filter[child]=1&filter[price]=0:11000&filter[PriceFrom]=0&filter[PriceTo]=11000&filter[addCategory]=50&filter[addCatering]=1&filter[addMisc]=0&filter[addTransport]=F&filter[fp]=1&order_by=ofr_price&filter[tourOperator]=0&filter[childAge][1]=20201210","https://fly.pl/cdn/photo/assets/uploads/582/278/2014/07/Albatros-Citadel-Sahl-Hasheesh-ex.-Citadel-Azur-Resort-fly-pl.jpg","https://fly.pl/wycieczka/egipt,hurghada,c/citadel-azur-resort/pzFVfcnThH5MJB-T-Exe9VAAog5dWmyBF6pNLYQrZRPcXlw5eMXePUQkpobZ-BQI6-nbQqBEVYSU0wu6ie1QZIm1BQAViBCGACagJBSXIhHBGh-AarBKCwS7kERRuM-zcYjKNTAdO7_MYNAgBjAQIMuH04lw/ofertasv/?filter[tourOperator]=EXIM&filter%5Bperson%5D=2&filter%5BchildAge%5D%5B1%5D=20201210&filter%5Bchild%5D=1"
"Jaz Belvedere","10270.0","27.10.2026 - 03.11.2026","8 dni/7 nocy","","4.5","4.5","3280","tripadvisor","Warszawa - Modlin","2026-09-14T06:29:04.755589+00:00","https://fly.pl/oferta/egipt-wczasy/?filter[dest]=11:&filter[hotelids]=&filter[cityids]=&filter[cregids]=&filter[ofrType]=&filter[addObjType]=&filter[whenFrom]=10-10-2026&filter[whenTo]=05-11-2026&filter[duration]=7:10&filter[from]=Warszawa%20-%20Radom,Warszawa,Warszawa%20-%20Modlin&filter[person]=2&filter[child]=1&filter[price]=0:11000&filter[PriceFrom]=0&filter[PriceTo]=11000&filter[addCategory]=50&filter[addCatering]=1&filter[addMisc]=0&filter[addTransport]=F&filter[fp]=1&order_by=ofr_price&filter[tourOperator]=0&filter[childAge][1]=20201210","https://fly.pl/cdn/photo/assets/uploads/582/278/2014/07/Jaz-Belvedere.jpg","https://fly.pl/wycieczka/egipt,sharm-el-sheikh,c/jaz-belvedere/p2__NPUHgIoynm4FB4IDrcAAogtx1EZ_-ztLSUmieTeGXVxpgpXVUQjygZk0IwIA3_YjEqBE9BU0kwu6ie1QZInlBQAViBCGACagNBSWxyIRwRhbABuQS_9g-rBAIbsbAPGLLyEgGTsOakAgIAYwECDC5ByPU/ofertasv/?filter[tourOperator]=OASI&filter%5Bperson%5D=2&filter%5BchildAge%5D%5B1%5D=20201210&filter%5Bchild%5D=1"
"Jaz Makadi Oasis Resort","10287.0","29.10.2026 - 05.11.2026","8 dni/7 nocy","","4.7","4.7","5373","tripadvisor","Warszawa","2026-09-14T06:29:04.755589+00:00","https://fly.pl/oferta/egipt-wczasy/?filter[dest]=11:&filter[hotelids]=&filter[cityids]=&filter[cregids]=&filter[ofrType]=&filter[addObjType]=&filter[whenFrom]=10-10-2026&filter[whenTo]=05-11-2026&filter[duration]=7:10&filter[from]=Warszawa%20-%20Radom,Warszawa,Warszawa%20-%20Modlin&filter[person]=2&filter[child]=1&filter[price]=0:11000&filter[PriceFrom]=0&filter[PriceTo]=11000&filter[addCategory]=50&filter[addCatering]=1&filter[addMisc]=0&filter[addTransport]=F&filter[fp]=1&order_by=ofr_price&filter[tourOperator]=0&filter[childAge][1]=20201210","https://fly.pl/cdn/photo/assets/uploads/582/278/2015/04/Jaz-Makadi-Oasis.jpg","https://fly.pl/wycieczka/egipt,hurghada,makadi-bay/iberotel-makadi-club-oasis/p8JDuXArFnOEWvl1B-kODbAAogIsfK9Fxb36ATecQ4uEDW3mSr15Jod7NI_ZeeP2cCHt0qBEVYSU0wu6ie1QZIr1BQAVixCGACagJBSXIjHBGgwga5BIr5PasEvYoKG8-bLxik4F0B9aeQsw0CAGMBAgzJZTcM/ofertasv/?filter[tourOperator]=EXIM&filter%5Bperson%5D=2&filter%5BchildAge%5D%5B1%5D=20201210&filter%5Bchild%5D=1"
"Charmillion Club Resort","10287.0","29.10.2026 - 05.11.2026","8 dni/7 nocy","","4.5","4.5","6057","tripadvisor","Warszawa - Modlin","2026-09-14T06:29:04.755589+00:00","https://fly.pl/oferta/egipt-wczasy/?filter[dest]=11:&filter[hotelids]=&filter[cityids]=&filter[cregids]=&filter[ofrType]=&filter[addObjType]=&filter[whenFrom]=10-10-2026&filter[whenTo]=05-11-2026&filter[duration]=7:10&filter[from]=Warszawa%20-%20Radom,Warszawa,Warszawa%20-%20Modlin&filter[person]=2&filter[child]=1&filter[price]=0:11000&filter[PriceFrom]=0&filter[PriceTo]=11000&filter[addCategory]=50&filter[addCatering]=1&filter[addMisc]=0&filter[addTransport]=F&filter[fp]=1&order_by=ofr_price&filter[tourOperator]=0&filter[childAge][1]=20201210","https://fly.pl/cdn/photo/assets/uploads/582/278/2014/07/Charmillion-Club-Resort-ex.-Sea-Club-Resort-fly-pl.jpg","https://fly.pl/wycieczka/egipt,sharm-el-sheikh,c/sea-club-sharm-el-sheikh/pb_PvHMS06vWlgHBcgSQNiAAog3t3lI68e5BPxP50_Szb37xstrgoMttrZgZAvN8rfQ44qBEtPTVQwu6ie1QZIr1BQAVixCGACagJBSXIfHBHOGrkEmuMBqwQDGOifBBvogCQB_NvQHgIAYwECBdp6YnA/ofertasv/?filter[tourOperator]=KOMT&filter%5Bperson%5D=2&filter%5BchildAge%5D%5B1%5D=20201210&filter%5Bchild%5D=1"
"Three Corners Fayrouz Plaza Beach Resort","10328.0","17.10.2026 - 24.10.2026","8 dni/7 nocy","","4.7","4.7","13155","tripadvisor","Warszawa","2026-09-14T06:29:04.755589+00:00","https://fly.pl/oferta/egipt-wczasy/?filter[dest]=11:&filter[hotelids]=&filter[cityids]=&filter[cregids]=&filter[ofrType]=&filter[addObjType]=&filter[whenFrom]=10-10-2026&filter[whenTo]=05-11-2026&filter[duration]=7:10&filter[from]=Warszawa%20-%20Radom,Warszawa,Warszawa%20-%20Modlin&filter[person]=2&filter[child]=1&filter[price]=0:11000&filter[PriceFrom]=0&filter[PriceTo]=11000&filter[addCategory]=50&filter[addCatering]=1&filter[addMisc]=0&filter[addTransport]=F&filter[fp]=1&order_by=ofr_price&filter[tourOperator]=0&filter[childAge][1]=20201210","https://fly.pl/cdn/photo/assets/uploads/582/278/2014/10/The-Three-Corners-Fayrouz-Plaza.jpg","https://fly.pl/wycieczka/egipt,marsa-alam,c/three-corners-fayrouz-plaza-beach-resort/pygcCuxTAnPC7jJqA-qRpwAAogul2qAt-RGGgq6eAGCfJ17mECgtijhDrT6bu4Y7o874kqBE9SRVgwu6ie1QZI2FBQQViRBmACagZDMC4yLjFyNZsBFQcXAFwDWAVWAhGKBkBAXYMkTyRemdgBU7wUUgBLsS9hAEzljDogrP2XCQ0AAhJjAQINyJ2cFQ/ofertasv/?filter[tourOperator]=OREX&filter%5Bperson%5D=2&filter%5BchildAge%5D%5B1%5D=20201210&filter%5Bchild%5D=1"
"Domina Coral Bay Harem","10360.0","11.10.2026 - 18.10.2026","8 dni/7 nocy","","4.2","4.2","12420","tripadvisor","Warszawa","2026-09-14T06:29:04.755589+00:00","https://fly.pl/oferta/egipt-wczasy/?filter[dest]=11:&filter[hotelids]=&filter[cityids]=&filter[cregids]=&filter[ofrType]=&filter[addObjType]=&filter[whenFrom]=10-10-2026&filter[whenTo]=05-11-2026&filter[duration]=7:10&filter[from]=Warszawa%20-%20Radom,Warszawa,Warszawa%20-%20Modlin&filter[person]=2&filter[child]=1&filter[price]=0:11000&filter[PriceFrom]=0&filter[PriceTo]=11000&filter[addCategory]=50&filter[addCatering]=1&filter[addMisc]=0&filter[addTransport]=F&filter[fp]=1&order_by=ofr_price&filter[tourOperator]=0&filter[childAge][1]=20201210","https://fly.pl/cdn/photo/assets/uploads/582/278/2014/07/Domina-Coral-Bay-Harem.jpg","https://fly.pl/wycieczka/egipt,sharm-el-sheikh,c/domina-coral-bay-harem/ppdpm5xWSeyse7yeoOvi4DAAogCBztRQt0sFMkX21NKykntAiPgYhrkVrHHSR3tH9QMnYqBEpPSVAwu6ie1QZI-FBQQViBBWACckMUARUGFwBcA1gFVgJAygZP4gFdAFvOlgERmUxe9xdSpiBTAEvHI2EATOWMOg2m_ZcJIAABpNG4kMOIzKAwAg1jAQAM5NHrKg/ofertasv/?filter[tourOperator]=JOIP&filter%5Bperson%5D=2&filter%5BchildAge%5D%5B1%5D=20201210&filter%5Bchild%5D=1"
"Charmillion Garden Aqua Park","10380.0","11.10.2026 - 18.10.2026","8 dni/7 nocy","","4.6","4.6","2257","tripadvisor","Warszawa","2026-09-14T06:29:04.755589+00:00","https://fly.pl/oferta/egipt-wczasy/?filter[dest]=11:&filter[hotelids]=&filter[cityids]=&filter[cregids]=&filter[ofrType]=&filter[addObjType]=&filter[whenFrom]=10-10-2026&filter[whenTo]=05-11-2026&filter[duration]=7:10&filter[from]=Warszawa%20-%20Radom,Warszawa,Warszawa%20-%20Modlin&filter[person]=2&filter[child]=1&filter[price]=0:11000&filter[PriceFrom]=0&filter[PriceTo]=11000&filter[addCategory]=50&filter[addCatering]=1&filter[addMisc]=0&filter[addTransport]=F&filter[fp]=1&order_by=ofr_price&filter[tourOperator]=0&filter[childAge][1]=20201210","https://fly.pl/cdn/photo/assets/uploads/582/278/2014/07/Charmillion-Gardens-Aqua-Park-ex.-Sea-Garden.jpg","https://fly.pl/wycieczka/egipt,sharm-el-sheikh,nabq-bay/sea-gardens-sharm-el-sheikh/pztC287rJhOzUMEKNWcMDgAAogkyYYi6qiZFSDqz4mahF5egiPgYhrkVrHHSR3tH9QMnYqBEpPSVAwu6ie1QZIjFFQQViBBWACagMwME1yQpsBFAEVBhcAXANYBVYCQMoGT-IBXQARoMYBXr40UqYgUwBLxyNhAEzljDoNpv2XCSAAAce5hOG0iMygMAINYwEADFr5N1g/ofertasv/?filter[tourOperator]=JOIP&filter%5Bperson%5D=2&filter%5BchildAge%5D%5B1%5D=20201210&filter%5Bchild%5D=1"
"Sunrise Royal Makadi Aqua Resort","10382.0","29.10.2026 - 05.11.2026","8 dni/7 nocy","","4.7","4.7","13723","tripadvisor","Warszawa","2026-09-14T06:29:04.755589+00:00","https://fly.pl/oferta/egipt-wczasy/?filter[dest]=11:&filter[hotelids]=&filter[cityids]=&filter[cregids]=&filter[ofrType]=&filter[addObjType]=&filter[whenFrom]=10-10-2026&filter[whenTo]=05-11-2026&filter[duration]=7:10&filter[from]=Warszawa%20-%20Radom,Warszawa,Warszawa%20-%20Modlin&filter[person]=2&filter[child]=1&filter[price]=0:11000&filter[PriceFrom]=0&filter[PriceTo]=11000&filter[addCategory]=50&filter[addCatering]=1&filter[addMisc]=0&filter[addTransport]=F&filter[fp]=1&order_by=ofr_price&filter[tourOperator]=0&filter[childAge][1]=20201210","https://fly.pl/cdn/photo/assets/uploads/582/278/2014/09/Sunrise-Royal-Makadi-Aqua-Resort.jpg","https://fly.pl/wycieczka/egipt,hurghada,makadi-bay/sunrise-select-royal-makadi/p4EDXdGyRdVH9kWttXhsIjAAogiMNr0DlsfmVipwNALlbSEw1pDUdmN6Tkl8l2rPJuRnMqBE9SRVgwu6ie1QZIjlFQQVixCGACagdMVUMuMi4xcjebARUHFwBcA1gFVgJAygZd-wNPxAsRrANTppoBUgBer09L7UNhAEzljDoguP2XCQ0AAhJjAQILfXyPdA/ofertasv/?filter[tourOperator]=OREX&filter%5Bperson%5D=2&filter%5BchildAge%5D%5B1%5D=20201210&filter%5Bchild%5D=1"
"Coral Sea Holiday Resort","10394.0","11.10.2026 - 18.10.2026","8 dni/7 nocy","","4.5","4.5","10284","tripadvisor","Warszawa","2026-09-14T06:29:04.755589+00:00","https://fly.pl/oferta/egipt-wczasy/?filter[dest]=11:&filter[hotelids]=&filter[cityids]=&filter[cregids]=&filter[ofrType]=&filter[addObjType]=&filter[whenFrom]=10-10-2026&filter[whenTo]=05-11-2026&filter[duration]=7:10&filter[from]=Warszawa%20-%20Radom,Warszawa,Warszawa%20-%20Modlin&filter[person]=2&filter[child]=1&filter[price]=0:11000&filter[PriceFrom]=0&filter[PriceTo]=11000&filter[addCategory]=50&filter[addCatering]=1&filter[addMisc]=0&filter[addTransport]=F&filter[fp]=1&order_by=ofr_price&filter[tourOperator]=0&filter[childAge][1]=20201210","https://fly.pl/cdn/photo/assets/uploads/582/278/2014/07/Coral-Sea-Holiday-Resort.jpg","https://fly.pl/wycieczka/egipt,sharm-el-sheikh,c/coral-sea-holiday-village/p9n4ws6Eb515HLlmSnuBbFAAogFNwGuo71zQ1MPy9d9_7q_AiPgYhrkVrHHSR3tH9QMnYqBEpPSVAwu6ie1QZImlFQQViBBWACagNDR21yQpsBFAEVBhcAXANYBVYCQMoGT-IBXQBe3voBEdQTUtIMUwBLxyNhAEzljDoNpv2XCSAAAbazyPjCiMygMAINYwEADAFiQpo/ofertasv/?filter[tourOperator]=JOIP&filter%5Bperson%5D=2&filter%5BchildAge%5D%5B1%5D=20201210&filter%5Bchild%5D=1"
"Coral Sea Water World Resort","10407.0","11.10.2026 - 18.10.2026","8 dni/7 nocy","","4.5","4.5","9375","tripadvisor","Warszawa","2026-09-14T06:29:04.755589+00:00","https://fly.pl/oferta/egipt-wczasy/?filter[dest]=11:&filter[hotelids]=&filter[cityids]=&filter[cregids]=&filter[ofrType]=&filter[addObjType]=&filter[whenFrom]=10-10-2026&filter[whenTo]=05-11-2026&filter[duration]=7:10&filter[from]=Warszawa%20-%20Radom,Warszawa,Warszawa%20-%20Modlin&filter[person]=2&filter[child]=1&filter[price]=0:11000&filter[PriceFrom]=0&filter[PriceTo]=11000&filter[addCategory]=50&filter[addCatering]=1&filter[addMisc]=0&filter[addTransport]=F&filter[fp]=1&order_by=ofr_price&filter[tourOperator]=0&filter[childAge][1]=20201210","https://fly.pl/cdn/photo/assets/uploads/582/278/2014/07/Coral-Sea-Waterworld.jpg","https://fly.pl/wycieczka/egipt,sharm-el-sheikh,c/coral-sea-water-world/p75D1XDLJn0oV4hIxNf7GqAAogiwVAr_uHQ-nksYc1IaRWSQiPgYhrkVrHHSR3tH9QMnYqBEpPSVAwu6ie1QZIp1FQQViBBWACagMxMm9yQpsBFAEVBhcAXANYBVYCQMoGT-IBXQBe3voBEdUTUtEMUwBLxyNhAEzljDoNpv2XCSAAAca3-P_CiMygMAINYwEADKav7Go/ofertasv/?filter[tourOperator]=JOIP&filter%5Bperson%5D=2&filter%5BchildAge%5D%5B1%5D=20201210&filter%5Bchild%5D=1"
"Sheraton Miramar Resort (El Gouna)","10409.0","29.10.2026 - 05.11.2026","8 dni/7 nocy","","4.7","4.7","6346","tripadvisor","Warszawa","2026-09-14T06:29:04.755589+00:00","https://fly.pl/oferta/egipt-wczasy/?filter[dest]=11:&filter[hotelids]=&filter[cityids]=&filter[cregids]=&filter[ofrType]=&filter[addObjType]=&filter[whenFrom]=10-10-2026&filter[whenTo]=05-11-2026&filter[duration]=7:10&filter[from]=Warszawa%20-%20Radom,Warszawa,Warszawa%20-%20Modlin&filter[person]=2&filter[child]=1&filter[price]=0:11000&filter[PriceFrom]=0&filter[PriceTo]=11000&filter[addCategory]=50&filter[addCatering]=1&filter[addMisc]=0&filter[addTransport]=F&filter[fp]=1&order_by=ofr_price&filter[tourOperator]=0&filter[childAge][1]=20201210","https://fly.pl/cdn/photo/assets/uploads/582/278/2014/07/Sheraton-Miramar-El-Gouna-1.jpg","https://fly.pl/wycieczka/egipt,hurghada,el-gouna/sheraton-miramar-el-gouna/pG_a57oRRN9ta6K3gWIynFAAog0p9F1dC1Fs6tjuRQEl_jExLqCxxQb8S86Hh0k4aD-ioqBE9SRVgwu6ie1QZIqVFQQVixCGACagZFQy4yLjFyNZsBFQcXAFwDWAVWAhE7QI8GXZsPTyRT0p0BUgBer09L7UNhAEzljDoguP2XCQ0AAhJjAQIMyH3RAw/ofertasv/?filter[tourOperator]=OREX&filter%5Bperson%5D=2&filter%5BchildAge%5D%5B1%5D=20201210&filter%5Bchild%5D=1"
"Titanic Royal","10547.0","29.10.2026 - 05.11.2026","8 dni/7 nocy","","4.8","4.8","4641","tripadvisor","Warszawa","2026-09-14T06:29:04.755589+00:00","https://fly.pl/oferta/egipt-wczasy/?filter[dest]=11:&filter[hotelids]=&filter[cityids]=&filter[cregids]=&filter[ofrType]=&filter[addObjType]=&filter[whenFrom]=10-10-2026&filter[whenTo]=05-11-2026&filter[duration]=7:10&filter[from]=Warszawa%20-%20Radom,Warszawa,Warszawa%20-%20Modlin&filter[person]=2&filter[child]=1&filter[price]=0:11000&filter[PriceFrom]=0&filter[PriceTo]=11000&filter[addCategory]=50&filter[addCatering]=1&filter[addMisc]=0&filter[addTransport]=F&filter[fp]=1&order_by=ofr_price&filter[tourOperator]=0&filter[childAge][1]=20201210","https://fly.pl/cdn/photo/assets/uploads/582/278/2018/12/Titanic-Royal-fly-pl.jpg","https://fly.pl/wycieczka/egipt,hurghada,c/titanic-royal/pM_wV85WAOwU-OouQhHRsZAAogVS3IL49wpSr1Wej2ldg8qWSr15Jod7NI_ZeeP2cCHt0qBEVYSU0wu6ie1QZIs1JQAVixCGACagNVQUlyIxwRkrsGuQSYgD6rBL2KChul5UQYt-RIAeizjbgNAgBjAQILakSs3Q/ofertasv/?filter[tourOperator]=EXIM&filter%5Bperson%5D=2&filter%5BchildAge%5D%5B1%5D=20201210&filter%5Bchild%5D=1"
"Domina Coral Bay Aquamarine","10598.0","11.10.2026 - 18.10.2026","8 dni/7 nocy","","4.2","4.2","12420","tripadvisor","Warszawa","2026-09-14T06:29:04.755589+00:00","https://fly.pl/oferta/egipt-wczasy/?filter[dest]=11:&filter[hotelids]=&filter[cityids]=&filter[cregids]=&filter[ofrType]=&filter[addObjType]=&filter[whenFrom]=10-10-2026&filter[whenTo]=05-11-2026&filter[duration]=7:10&filter[from]=Warszawa%20-%20Radom,Warszawa,Warszawa%20-%20Modlin&filter[person]=2&filter[child]=1&filter[price]=0:11000&filter[PriceFrom]=0&filter[PriceTo]=11000&filter[addCategory]=50&filter[addCatering]=1&filter[addMisc]=0&filter[addTransport]=F&filter[fp]=1&order_by=ofr_price&filter[tourOperator]=0&filter[childAge][1]=20201210","https://fly.pl/cdn/photo/assets/uploads/582/278/2014/07/Domina-Coral-Bay-Aquamarine.jpg","https://fly.pl/wycieczka/egipt,sharm-el-sheikh,c/domina-coral-bay-aquamarine/pf8zHdJCNbZXkza_KaUXCaAAogPIS5Ln1NAqrP7o3OlTSPJwiPgYhrkVrHHSR3tH9QMnYqBEpPSVAwu6ie1QZI5lJQQViBBWACckMUARUGFwBcA1gFVgJAygZP4gFdAFvpPRH4igFe_TFSpiBTAEvHI2EATOWMOg2m_ZcJIAABsMmAqcOIzKAwAg1jAQAMnDeXfw/ofertasv/?filter[tourOperator]=JOIP&filter%5Bperson%5D=2&filter%5BchildAge%5D%5B1%5D=20201210&filter%5Bchild%5D=1"
"Amphoras Beach","10707.0","11.10.2026 - 18.10.2026","8 dni/7 nocy","","4.4","4.4","6747","tripadvisor","Warszawa","2026-09-14T06:29:04.755589+00:00","https://fly.pl/oferta/egipt-wczasy/?filter[dest]=11:&filter[hotelids]=&filter[cityids]=&filter[cregids]=&filter[ofrType]=&filter[addObjType]=&filter[whenFrom]=10-10-2026&filter[whenTo]=05-11-2026&filter[duration]=7:10&filter[from]=Warszawa%20-%20Radom,Warszawa,Warszawa%20-%20Modlin&filter[person]=2&filter[child]=1&filter[price]=0:11000&filter[PriceFrom]=0&filter[PriceTo]=11000&filter[addCategory]=50&filter[addCatering]=1&filter[addMisc]=0&filter[addTransport]=F&filter[fp]=1&order_by=ofr_price&filter[tourOperator]=0&filter[childAge][1]=20201210","https://fly.pl/cdn/photo/assets/uploads/582/278/2016/11/AMPHORAS-BEACH.jpg","https://fly.pl/wycieczka/egipt,sharm-el-sheikh,c/otium-amphoras-ex-shores/pBDe6Sm0C07nRtdLalNjVYAAogMQHoXQ9NYZVl64yeEtiFPwiPgYhrkVrHHSR3tH9QMnYqBEpPSVAwu6ie1QZI01NQQViBBWACagMwbkhyQ5sBFAEVBhcAXANYBVYCQMoGT-IBXQBe3voBUqYgUwBLxyNhABHJhgFMnIY5Dab9lwkgAAG-xcSAtYjMoDACDWMBAAu5modI/ofertasv/?filter[tourOperator]=JOIP&filter%5Bperson%5D=2&filter%5BchildAge%5D%5B1%5D=20201210&filter%5Bchild%5D=1"
"Jaz Mirabel Beach Resort","10730.0","27.10.2026 - 03.11.2026","8 dni/7 nocy","","4.5","4.5","7330","tripadvisor","Warszawa - Modlin","2026-09-14T06:29:04.755589+00:00","https://fly.pl/oferta/egipt-wczasy/?filter[dest]=11:&filter[hotelids]=&filter[cityids]=&filter[cregids]=&filter[ofrType]=&filter[addObjType]=&filter[whenFrom]=10-10-2026&filter[whenTo]=05-11-2026&filter[duration]=7:10&filter[from]=Warszawa%20-%20Radom,Warszawa,Warszawa%20-%20Modlin&filter[person]=2&filter[child]=1&filter[price]=0:11000&filter[PriceFrom]=0&filter[PriceTo]=11000&filter[addCategory]=50&filter[addCatering]=1&filter[addMisc]=0&filter[addTransport]=F&filter[fp]=1&order_by=ofr_price&filter[tourOperator]=0&filter[childAge][1]=20201210","https://fly.pl/cdn/photo/assets/uploads/582/278/2014/07/Jaz-Mirabel-Beach-Resort-fly-pl.jpg","https://fly.pl/wycieczka/egipt,sharm-el-sheikh,c/jaz-mirabel-beach-resort/plRJtV0_lB3v6u_ZHDrKLcAAogbMI0wslEzFZQBW4u4AVcWZgpXVUQjygZk0IwIA3_YjEqBE9BU0kwu6ie1QZI6lNQAViBCGADagNBSWxyJBwRiLABuQS89g-rBAIbv8IOGMH-EQHOmtiZAgEMYwEAYwECC-gbWnA/ofertasv/?filter[tourOperator]=OASI&filter%5Bperson%5D=2&filter%5BchildAge%5D%5B1%5D=20201210&filter%5Bchild%5D=1"
"Sentido Naga Bay","10737.0","15.10.2026 - 22.10.2026","8 dni/7 nocy","","","","","","Warszawa","2026-09-14T06:29:04.755589+00:00","https://fly.pl/oferta/egipt-wczasy/?filter[dest]=11:&filter[hotelids]=&filter[cityids]=&filter[cregids]=&filter[ofrType]=&filter[addObjType]=&filter[whenFrom]=10-10-2026&filter[whenTo]=05-11-2026&filter[duration]=7:10&filter[from]=Warszawa%20-%20Radom,Warszawa,Warszawa%20-%20Modlin&filter[person]=2&filter[child]=1&filter[price]=0:11000&filter[PriceFrom]=0&filter[PriceTo]=11000&filter[addCategory]=50&filter[addCatering]=1&filter[addMisc]=0&filter[addTransport]=F&filter[fp]=1&order_by=ofr_price&filter[tourOperator]=0&filter[childAge][1]=20201210","https://datacfstatic.merlinx.pl/EXIM/IMG/107999/9691dd57e47cec1e96befde9ca4a24ec0aaad7165dd6c455160b011f15ee59d5.webp","https://fly.pl/wycieczka/egipt,hurghada,c/sentido-naga-bay-11/pw3bielZQdg1YOJMVHOufnAAog_OZcKqB0lX5VfwYRYpTt5keY0cHKMlwUtUEW4JLEsTgqBEVYSU0wvqie1QZI8VNQAVjhBWACagJBSXIhHBHfywa5BMnvPasEHBvG5D0Y0fE-AdD2p4sLAgBjAQIGeGOsOg/ofertasv/?filter[tourOperator]=EXIM&filter%5Bperson%5D=2&filter%5BchildAge%5D%5B1%5D=20201210&filter%5Bchild%5D=1"
"Monte Carlo Resort Spa","10757.0","13.10.2026 - 21.10.2026","9 dni/7 nocy","","4.4","4.4","2434","tripadvisor","Warszawa","2026-09-14T06:29:04.755589+00:00","https://fly.pl/oferta/egipt-wczasy/?filter[dest]=11:&filter[hotelids]=&filter[cityids]=&filter[cregids]=&filter[ofrType]=&filter[addObjType]=&filter[whenFrom]=10-10-2026&filter[whenTo]=05-11-2026&filter[duration]=7:10&filter[from]=Warszawa%20-%20Radom,Warszawa,Warszawa%20-%20Modlin&filter[person]=2&filter[child]=1&filter[price]=0:11000&filter[PriceFrom]=0&filter[PriceTo]=11000&filter[addCategory]=50&filter[addCatering]=1&filter[addMisc]=0&filter[addTransport]=F&filter[fp]=1&order_by=ofr_price&filter[tourOperator]=0&filter[childAge][1]=20201210","https://fly.pl/cdn/photo/assets/uploads/582/278/2014/09/Monte-Carlo-Sharm-Resort-Spa.jpg","https://fly.pl/wycieczka/egipt,sharm-el-sheikh,c/monte-carlo-ex-ritz-carlton/pRGY2oF3d91C2vMJvYtthEAAog9u4t3c8oWyjZnUg3THdUPLdFedLRV-x5q6JpVOAxe2oqBFZJVFgwvqie1QZIhVRQQVixBWACckAaABUHFwBcA1gFQI8DW6eGAV7WeVKmIFMAS8cjYQBM7rQ5DZ_VmAkgAVHDvfmy6QFPyLEbXYTO6rwcAg1jAQIMnfcTHA/ofertasv/?filter[tourOperator]=VITX&filter%5Bperson%5D=2&filter%5BchildAge%5D%5B1%5D=20201210&filter%5Bchild%5D=1"
"Pickalbatros Royal Moderna","10764.0","27.10.2026 - 03.11.2026","8 dni/7 nocy","","4.5","4.5","10710","tripadvisor","Warszawa - Modlin","2026-09-14T06:29:04.755589+00:00","https://fly.pl/oferta/egipt-wczasy/?filter[dest]=11:&filter[hotelids]=&filter[cityids]=&filter[cregids]=&filter[ofrType]=&filter[addObjType]=&filter[whenFrom]=10-10-2026&filter[whenTo]=05-11-2026&filter[duration]=7:10&filter[from]=Warszawa%20-%20Radom,Warszawa,Warszawa%20-%20Modlin&filter[person]=2&filter[child]=1&filter[price]=0:11000&filter[PriceFrom]=0&filter[PriceTo]=11000&filter[addCategory]=50&filter[addCatering]=1&filter[addMisc]=0&filter[addTransport]=F&filter[fp]=1&order_by=ofr_price&filter[tourOperator]=0&filter[childAge][1]=20201210","https://fly.pl/cdn/photo/assets/uploads/582/278/2009/08/Royal-Albatros-Moderna1708.jpg","https://fly.pl/wycieczka/egipt,sharm-el-sheikh,c/royal-albatros-moderna/pAXoxcKRxdYc02jS0Z55q-AAogR_WeBrBGLmkPAddbYbxWMpgpXVUQjygZk0IwIA3_YjEqBE9BU0kwvqie1QZIjFRQAViBCGACagNBSWxyIRwR168BuQTt9g-rBAIbo7QPGNuAEwHV3-ulAgIAYwECDDjsCJw/ofertasv/?filter[tourOperator]=OASI&filter%5Bperson%5D=2&filter%5BchildAge%5D%5B1%5D=20201210&filter%5Bchild%5D=1"
"Pickalbatros Aqua Park Resort (Sharm El Sheikh)","10788.0","10.10.2026 - 17.10.2026","8 dni/7 nocy","","4.8","4.8","3583","tripadvisor","Warszawa","2026-09-14T06:29:04.755589+00:00","https://fly.pl/oferta/egipt-wczasy/?filter[dest]=11:&filter[hotelids]=&filter[cityids]=&filter[cregids]=&filter[ofrType]=&filter[addObjType]=&filter[whenFrom]=10-10-2026&filter[whenTo]=05-11-2026&filter[duration]=7:10&filter[from]=Warszawa%20-%20Radom,Warszawa,Warszawa%20-%20Modlin&filter[person]=2&filter[child]=1&filter[price]=0:11000&filter[PriceFrom]=0&filter[PriceTo]=11000&filter[addCategory]=50&filter[addCatering]=1&filter[addMisc]=0&filter[addTransport]=F&filter[fp]=1&order_by=ofr_price&filter[tourOperator]=0&filter[childAge][1]=20201210","https://fly.pl/cdn/photo/assets/uploads/582/278/2017/08/Albatros-Aqua-Park-Sharm.jpg","https://fly.pl/wycieczka/egipt,sharm-el-sheikh,szarm-el-szejk/albatros-aqua-park-sharm-el-sheikh/pkaAC7BgPRQKjVXSkJgxM4AAogSDdTwUdv_X0do16otI3PQwAAAACZhAQAtoQEAAcAEgAqBFdFWlkwvqie1QZIpFRQQVjpBGADaglFbnRlciBBaXJqBDA4MDByQp4BlQEfAAIBHAAWBBcCEu0DGIUFE80BFMkEQJJyEYoxTJZxTwBLxyNQABvHmgMdyqcMIB0N3MfCCQESYwENYwEEDEk49nI/ofertasv/?filter[tourOperator]=WEZY&filter%5Bperson%5D=2&filter%5BchildAge%5D%5B1%5D=20201210&filter%5Bchild%5D=1"
"Domina Coral Bay Sultan","10862.0","11.10.2026 - 18.10.2026","8 dni/7 nocy","","4.2","4.2","12420","tripadvisor","Warszawa","2026-09-14T06:29:04.755589+00:00","https://fly.pl/oferta/egipt-wczasy/?filter[dest]=11:&filter[hotelids]=&filter[cityids]=&filter[cregids]=&filter[ofrType]=&filter[addObjType]=&filter[whenFrom]=10-10-2026&filter[whenTo]=05-11-2026&filter[duration]=7:10&filter[from]=Warszawa%20-%20Radom,Warszawa,Warszawa%20-%20Modlin&filter[person]=2&filter[child]=1&filter[price]=0:11000&filter[PriceFrom]=0&filter[PriceTo]=11000&filter[addCategory]=50&filter[addCatering]=1&filter[addMisc]=0&filter[addTransport]=F&filter[fp]=1&order_by=ofr_price&filter[tourOperator]=0&filter[childAge][1]=20201210","https://fly.pl/cdn/photo/assets/uploads/582/278/2014/07/Domina-Coral-Bay-Sultan.jpg","https://fly.pl/wycieczka/egipt,sharm-el-sheikh,c/domina-coral-bay-sultan/pUmqpICnfJsyoHYckcxv6GAAogqRHyLXLOaXygHFM-xpbs6giPgYhrkVrHHSR3tH9QMnYqBEpPSVAwvqie1QZI7lRQQViBBWACagM5b0dyQpsBFAEVBhcAXANYBVYCQMoGT-IBXQAR4sgBXvwxUqYgUwBLxyNhAEzljDoNpv2XCSAAAaSd9K_DiMygMAINYwEADIvVPDg/ofertasv/?filter[tourOperator]=JOIP&filter%5Bperson%5D=2&filter%5BchildAge%5D%5B1%5D=20201210&filter%5Bchild%5D=1"
"Red Sea Grand Makadi (Makadi Bay)","10870.0","15.10.2026 - 22.10.2026","8 dni/7 nocy","","4.4","4.4","3309","tripadvisor","Warszawa","2026-09-14T06:29:04.755589+00:00","https://fly.pl/oferta/egipt-wczasy/?filter[dest]=11:&filter[hotelids]=&filter[cityids]=&filter[cregids]=&filter[ofrType]=&filter[addObjType]=&filter[whenFrom]=10-10-2026&filter[whenTo]=05-11-2026&filter[duration]=7:10&filter[from]=Warszawa%20-%20Radom,Warszawa,Warszawa%20-%20Modlin&filter[person]=2&filter[child]=1&filter[price]=0:11000&filter[PriceFrom]=0&filter[PriceTo]=11000&filter[addCategory]=50&filter[addCatering]=1&filter[addMisc]=0&filter[addTransport]=F&filter[fp]=1&order_by=ofr_price&filter[tourOperator]=0&filter[childAge][1]=20201210","https://fly.pl/cdn/photo/assets/uploads/582/278/2017/08/Grand-Makadi-Makadi-Bay-fly-pl-2.jpg","https://fly.pl/wycieczka/egipt,hurghada,makadi-bay/grand-makadi-makadi-bay/pFVrCTeT40n6pT8f6lOZhJAAoggKRBt6njz1joHAcejfvuMFMAo-Pz72XjDjK39r-JCzUqA0VUSTC-qJ7VBkj2VFBBWOEFYAJyMRUHFwBcA1gFVgJA-wdbw4UBU50mUgBer09L7UNhACCPitIJDQBRy9699gMCEmMBAgp0M4W4/ofertasv/?filter[tourOperator]=ETI&filter%5Bperson%5D=2&filter%5BchildAge%5D%5B1%5D=20201210&filter%5Bchild%5D=1"
"Naama Bay Promenade Beach Resort","10914.0","27.10.2026 - 03.11.2026","8 dni/7 nocy","","4.2","4.2","1290","tripadvisor","Warszawa - Modlin","2026-09-14T06:29:04.755589+00:00","https://fly.pl/oferta/egipt-wczasy/?filter[dest]=11:&filter[hotelids]=&filter[cityids]=&filter[cregids]=&filter[ofrType]=&filter[addObjType]=&filter[whenFrom]=10-10-2026&filter[whenTo]=05-11-2026&filter[duration]=7:10&filter[from]=Warszawa%20-%20Radom,Warszawa,Warszawa%20-%20Modlin&filter[person]=2&filter[child]=1&filter[price]=0:11000&filter[PriceFrom]=0&filter[PriceTo]=11000&filter[addCategory]=50&filter[addCatering]=1&filter[addMisc]=0&filter[addTransport]=F&filter[fp]=1&order_by=ofr_price&filter[tourOperator]=0&filter[childAge][1]=20201210","https://fly.pl/cdn/photo/assets/uploads/582/278/2021/07/Naama-Bay-Promenade-Beach-Resort.jpg","https://fly.pl/wycieczka/egipt,sharm-el-sheikh,szarm-el-szejk/naama-bay-promenade-beach-resort-10/pwZ6ZES5vKPpqg4beMwf_QAAogl8ehi87Xf-dtVheMIW7huJgpXVUQjygZk0IwIA3_YjEqBE9BU0kwvqie1QZIolVQAViBCGACagNBSWxyIRwRqq8BuQSa9w-rBAIb2uYMGNjbEwGjkd2ZAgIAYwECC01UKnQ/ofertasv/?filter[tourOperator]=OASI&filter%5Bperson%5D=2&filter%5BchildAge%5D%5B1%5D=20201210&filter%5Bchild%5D=1"
"The V Luxury Resort","10922.0","22.10.2026 - 29.10.2026","8 dni/7 nocy","","4.4","4.4","1031","tripadvisor","Warszawa - Radom","2026-09-14T06:29:04.755589+00:00","https://fly.pl/oferta/egipt-wczasy/?filter[dest]=11:&filter[hotelids]=&filter[cityids]=&filter[cregids]=&filter[ofrType]=&filter[addObjType]=&filter[whenFrom]=10-10-2026&filter[whenTo]=05-11-2026&filter[duration]=7:10&filter[from]=Warszawa%20-%20Radom,Warszawa,Warszawa%20-%20Modlin&filter[person]=2&filter[child]=1&filter[price]=0:11000&filter[PriceFrom]=0&filter[PriceTo]=11000&filter[addCategory]=50&filter[addCatering]=1&filter[addMisc]=0&filter[addTransport]=F&filter[fp]=1&order_by=ofr_price&filter[tourOperator]=0&filter[childAge][1]=20201210","https://datacfstatic.merlinx.pl/OREX/IMG/3068/81c0ea0627efd6ab9706558c934de376be3a32d51491e8172766c62f9015303c.webp","https://fly.pl/wycieczka/egipt,hurghada,sahl-hasheesh/the-v-luxury-resort-13/p32IOx3y9tIF46eM8YhvmBAAogL4Y5NqUkxgxwTOfVU5feDyWlkVtJMYzcX-uCortsPpUqBE9SRVgwvqie1QZIqlVQQViJB2ACagUwLjIuMXI2mwEVBxcAWAhWAlwIQMIGXdMOT2wR4gFT8JsBUgBer09LgRJhAEzRvjogsf2XCQ0AAhJjAQILitJC0A/ofertasv/?filter[tourOperator]=OREX&filter%5Bperson%5D=2&filter%5BchildAge%5D%5B1%5D=20201210&filter%5Bchild%5D=1"
"Pickalbatros Dana Beach Resort","10927.0","27.10.2026 - 03.11.2026","9 dni/7 nocy","","4.4","4.4","2869","tripadvisor","Warszawa - Modlin","2026-09-14T06:29:04.755589+00:00","https://fly.pl/oferta/egipt-wczasy/?filter[dest]=11:&filter[hotelids]=&filter[cityids]=&filter[cregids]=&filter[ofrType]=&filter[addObjType]=&filter[whenFrom]=10-10-2026&filter[whenTo]=05-11-2026&filter[duration]=7:10&filter[from]=Warszawa%20-%20Radom,Warszawa,Warszawa%20-%20Modlin&filter[person]=2&filter[child]=1&filter[price]=0:11000&filter[PriceFrom]=0&filter[PriceTo]=11000&filter[addCategory]=50&filter[addCatering]=1&filter[addMisc]=0&filter[addTransport]=F&filter[fp]=1&order_by=ofr_price&filter[tourOperator]=0&filter[childAge][1]=20201210","https://fly.pl/cdn/photo/assets/uploads/582/278/2014/10/Dana-Beach-Resort-fly-pl-1.jpg","https://fly.pl/wycieczka/egipt,hurghada,c/dana-beach/p9QlaH5rtWgpALXA9Bua1mAAogG6ocTSSCc3dWzNYIhc-J-JeMXePUQkpobZ-BQI6-nbQqBEVYSU0wvqie1QZIr1VQAViBCGACagJBSXIhHBGi-AarBJ-wS7kERRuf-zcY5KFTAYOU9sYNAgBjAQIM-ES2PQ/ofertasv/?filter[tourOperator]=EXIM&filter%5Bperson%5D=2&filter%5BchildAge%5D%5B1%5D=20201210&filter%5Bchild%5D=1"
"Nubian Island","10944.0","27.10.2026 - 03.11.2026","8 dni/7 nocy","","4.7","4.7","3724","tripadvisor","Warszawa - Modlin","2026-09-14T06:29:04.755589+00:00","https://fly.pl/oferta/egipt-wczasy/?filter[dest]=11:&filter[hotelids]=&filter[cityids]=&filter[cregids]=&filter[ofrType]=&filter[addObjType]=&filter[whenFrom]=10-10-2026&filter[whenTo]=05-11-2026&filter[duration]=7:10&filter[from]=Warszawa%20-%20Radom,Warszawa,Warszawa%20-%20Modlin&filter[person]=2&filter[child]=1&filter[price]=0:11000&filter[PriceFrom]=0&filter[PriceTo]=11000&filter[addCategory]=50&filter[addCatering]=1&filter[addMisc]=0&filter[addTransport]=F&filter[fp]=1&order_by=ofr_price&filter[tourOperator]=0&filter[childAge][1]=20201210","https://fly.pl/cdn/photo/assets/uploads/582/278/2014/07/Nubian-Island.jpg","https://fly.pl/wycieczka/egipt,sharm-el-sheikh,c/nubian-island/paYTtjoDta6mKq4II_qlRXAAogHi7aekWI4xbWjSv5TW2euebol38sl8b5T0sIVl56LHYqBEtPTVQwvqie1QZIwFVQAViBCGACagJBSXIfHBH1GrkE2-IBqwQZGJqcBBuwiCQBgYTMHgIAYwECBsghq0I/ofertasv/?filter[tourOperator]=KOMT&filter%5Bperson%5D=2&filter%5BchildAge%5D%5B1%5D=20201210&filter%5Bchild%5D=1"
"Nubian Village","10944.0","27.10.2026 - 03.11.2026","8 dni/7 nocy","","4.5","4.5","4649","tripadvisor","Warszawa - Modlin","2026-09-14T06:29:04.755589+00:00","https://fly.pl/oferta/egipt-wczasy/?filter[dest]=11:&filter[hotelids]=&filter[cityids]=&filter[cregids]=&filter[ofrType]=&filter[addObjType]=&filter[whenFrom]=10-10-2026&filter[whenTo]=05-11-2026&filter[duration]=7:10&filter[from]=Warszawa%20-%20Radom,Warszawa,Warszawa%20-%20Modlin&filter[person]=2&filter[child]=1&filter[price]=0:11000&filter[PriceFrom]=0&filter[PriceTo]=11000&filter[addCategory]=50&filter[addCatering]=1&filter[addMisc]=0&filter[addTransport]=F&filter[fp]=1&order_by=ofr_price&filter[tourOperator]=0&filter[childAge][1]=20201210","https://fly.pl/cdn/photo/assets/uploads/582/278/2014/07/Nubian-Village-fly-pl.jpg","https://fly.pl/wycieczka/egipt,sharm-el-sheikh,c/nubian-village/pzUghnFM4yjAfaecUE2hkUAAogfpbH7VaOkzsJvU6mgPlPoebol38sl8b5T0sIVl56LHYqBEtPTVQwvqie1QZIwFVQAViBCGACagJBSXIfHBH2GrkE2uIBqwQZGMKbBBu0iSQBwZXLHgIAYwECBtFkMa4/ofertasv/?filter[tourOperator]=KOMT&filter%5Bperson%5D=2&filter%5BchildAge%5D%5B1%5D=20201210&filter%5Bchild%5D=1"
"Jaz Lamaya Resort (ex Iberotel)","10987.0","27.10.2026 - 03.11.2026","8 dni/7 nocy","","4.6","4.6","5880","tripadvisor","Warszawa","2026-09-14T06:29:04.755589+00:00","https://fly.pl/oferta/egipt-wczasy/?filter[dest]=11:&filter[hotelids]=&filter[cityids]=&filter[cregids]=&filter[ofrType]=&filter[addObjType]=&filter[whenFrom]=10-10-2026&filter[whenTo]=05-11-2026&filter[duration]=7:10&filter[from]=Warszawa%20-%20Radom,Warszawa,Warszawa%20-%20Modlin&filter[person]=2&filter[child]=1&filter[price]=0:11000&filter[PriceFrom]=0&filter[PriceTo]=11000&filter[addCategory]=50&filter[addCatering]=1&filter[addMisc]=0&filter[addTransport]=F&filter[fp]=1&order_by=ofr_price&filter[tourOperator]=0&filter[childAge][1]=20201210","https://fly.pl/cdn/photo/assets/uploads/582/278/2014/09/jaz-lamaya.jpg","https://fly.pl/wycieczka/egipt,marsa-alam,madinat-coraya/iberotel-lamaya-resort/pTJBvnO1omncsQS_IdvmxdAAogOxDVG7cUChf-lavmK84U4HfhdMl1pFTvfBznJ5JFJscqBEVYSU0wvqie1QZI61VQAViBCGACagJBSXIjHBHzxwa5BPv2PasEiN4NG_-ALRj4uVwBrcGYtA0CAGMBAgydsmP6/ofertasv/?filter[tourOperator]=EXIM&filter%5Bperson%5D=2&filter%5BchildAge%5D%5B1%5D=20201210&filter%5Bchild%5D=1"
