"hotel_name","price","dates","duration","duration_bucket","rating","ta_rating","ta_review_count","ta_source","departure_airport","scraped_at","url","image_url","offer_url"
"<<<<<<< Updated upstream","","","","","","","","","","","","",""
"=======","","","","","","","","","","","","",""
">>>>>>> Stashed changes","","","","","","","","","","","","",""
"<<<<<<< Updated upstream","","","","","","","","","","","","",""
"<<<<<<< Updated upstream","","","","","","","","","","","","",""
"=======","","","","","","","","","","","","",""
">>>>>>> Stashed changes","","","","","","","","","","","","",""
"=======","","","","","","","","","","","","",""
">>>>>>> Stashed changes","","","","","","","","","","","","",""
"<<<<<<< Updated upstream","","","","","","","","","","","","",""
"=======","","","","","","","","","","","","",""
">>>>>>> Stashed changes","","","","","","","","","","","","",""
"<<<<<<< Updated upstream","","","","","","","","","","","","",""
"=======","","","","","","","","","","","","",""
">>>>>>> Stashed changes","","","","","","","","","","","","",""
"<<<<<<< Updated upstream","","","","","","","","","","","","",""
"<<<<<<< Updated upstream","","","","","","","","","","","","",""
"<<<<<<< Updated upstream","","","","","","","","","","","","",""
"=======","","","","","","","","","","","","",""
"=======","","","","","","","","","","","","",""
"=======","","","","","","","","","","","","",""
">>>>>>> Stashed changes","","","","","","","","","","","","",""
"<<<<<<< Updated upstream","","","","","","","","","","","","",""
">>>>>>> Stashed changes","","","","","","","","","","","","",""
"=======","","","","","","","","","","","","",""
">>>>>>> Stashed changes","","","","","","","","","","","","",""
"=======","","","","","","","","","","","","",""
">>>>>>> Stashed changes","","","","","","","","","","","","",""
">>>>>>> Stashed changes","","","","","","","","","","","","",""
"<<<<<<< Updated upstream","","","","","","","","","","","","",""
"<<<<<<< Updated upstream","","","","","","","","","","","","",""
"<<<<<<< Updated upstream","","","","","","","","","","","","",""
"=======","","","","","","","","","","","","",""
"=======","","","","","","","","","","","","",""
"=======","","","","","","","","","","","","",""
">>>>>>> Stashed changes","","","","","","","","","","","","",""
"<<<<<<< Updated upstream","","","","","","","","","","","","",""
">>>>>>> Stashed changes","","","","","","","","","","","","",""
"=======","","","","","","","","","","","","",""
">>>>>>> Stashed changes","","","","","","","","","","","","",""
"=======","","","","","","","","","","","","",""
">>>>>>> Stashed changes","","","","","","","","","","","","",""
">>>>>>> Stashed changes","","","","","","","","","","","","",""
"<<<<<<< Updated upstream","","","","","","","","","","","","",""
"<<<<<<< Updated upstream","","","","","","","","","","","","",""
"<<<<<<< Updated upstream","","","","","","","","","","","","",""
"=======","","","","","","","","","","","","",""
"=======","","","","","","","","","","","","",""
"=======","","","","","","","","","","","","",""
">>>>>>> Stashed changes","","","","","","","","","","","","",""
"<<<<<<< Updated upstream","","","","","","","","","","","","",""
">>>>>>> Stashed changes","","","","","","","","","","","","",""
"=======","","","","","","","","","","","","",""
">>>>>>> Stashed changes","","","","","","","","","","","","",""
"=======","","","","","","","","","","","","",""
">>>>>>> Stashed changes","","","","","","","","","","","","",""
">>>>>>> Stashed changes","","","","","","","","","","","","",""
"<<<<<<< Updated upstream","","","","","","","","","","","","",""
"<<<<<<< Updated upstream","","","","","","","","","","","","",""
"<<<<<<< Updated upstream","","","","","","","","","","","","",""
"=======","","","","","","","","","","","","",""
"=======","","","","","","","","","","","","",""
"=======","","","","","","","","","","","","",""
">>>>>>> Stashed changes","","","","","","","","","","","","",""
"<<<<<<< Updated upstream","","","","","","","","","","","","",""
">>>>>>> Stashed changes","","","","","","","","","","","","",""
"=======","","","","","","","","","","","","",""
">>>>>>> Stashed changes","","","","","","","","","","","","",""
"=======","","","","","","","","","","","","",""
">>>>>>> Stashed changes","","","","","","","","","","","","",""
">>>>>>> Stashed changes","","","","","","","","","","","","",""
"<<<<<<< Updated upstream","","","","","","","","","","","","",""
"<<<<<<< Updated upstream","","","","","","","","","","","","",""
"=======","","","","","","","","","","","","",""
">>>>>>> Stashed changes","","","","","","","","","","","","",""
"=======","","","","","","","","","","","","",""
">>>>>>> Stashed changes","","","","","","","","","","","","",""
"<<<<<<< Updated upstream","","","","","","","","","","","","",""
"=======","","","","","","","","","","","","",""
">>>>>>> Stashed changes","","","","","","","","","","","","",""
"<<<<<<< Updated upstream","","","","","","","","","","","","",""
"=======","","","","","","","","","","","","",""
">>>>>>> Stashed changes","","","","","","","","","","","","",""
"<<<<<<< Updated upstream","","","","","","","","","","","","",""
"=======","","","","","","","","","","","","",""
">>>>>>> Stashed changes","","","","","","","","","","","","",""
"<<<<<<< Updated upstream","","","","","","","","","","","","",""
"=======","","","","","","","","","","","","",""
">>>>>>> Stashed changes","","","","","","","","","","","","",""
"<<<<<<< Updated upstream","","","","","","","","","","","","",""
"=======","","","","","","","","","","","","",""
">>>>>>> Stashed changes","","","","","","","","","","","","",""
"<<<<<<< Updated upstream","","","","","","","","","","","","",""
"=======","","","","","","","","","","","","",""
">>>>>>> Stashed changes","","","","","","","","","","","","",""
"<<<<<<< Updated upstream","","","","","","","","","","","","",""
"=======","","","","","","","","","","","","",""
">>>>>>> Stashed changes","","","","","","","","","","","","",""
"Xenios Anastasia Resort & Spa (ex. Anastasia Resort & Spa) Grecja, Chalkidiki, Nea Skioni","7209.0","26.09.2026 - 03.10.2026","8 dni/7 nocy","","3.9","3.9","656","tripadvisor","Warszawa","2026-09-14T01:17:57.528059+00:00","https://fly.pl/oferta/grecja-wczasy/?filter[dest]=14:&filter[hotelids]=&filter[cityids]=&filter[cregids]=&filter[ofrType]=&filter[addObjType]=&filter[whenFrom]=14-09-2026&filter[whenTo]=14-10-2026&filter[duration]=7:10&filter[from]=&filter[person]=2&filter[child]=1&filter[price]=4000:20000&filter[PriceFrom]=4000&filter[PriceTo]=20000&filter[addCategory]=50&filter[addCatering]=1&filter[addMisc]=0&filter[addTransport]=F&filter[fp]=1&order_by=ofr_price&filter[tourOperator]=0&filter[childAge][1]=20201210","https://fly.pl/cdn/photo/assets/uploads/582/278/2015/02/Anastasia-Resort-Spa-fly-pl.jpg","https://fly.pl/wycieczka/grecja,chalkidiki,nea-skioni/anastasia-resort-spa/p0alPHacCxnKGGMybo9JpNAAogmYw4OWSCyCtSCSGGhVcogMhkRQwqhsCY5viy1VbYFmIqBFJOQlcwxpad1QZIqThQQVieAmACagRCd2NEag1BTExfSU5DTFVTSVZFahcyOTYsMzgwLDQ3Nyw0ODMsNDg0LDQ4NWobNDAyLDQwMyw0MDYsNDE3LDQ3Myw0OTcsNDk5cjyfAZYBngGUARUHFwBYCAoEQMQHEewLGdpLTMBKEK4KU5VtUgBL6CVhAB2UiUEPKSD5_5AJDQACDGMBAgv2PQku/ofertasv/?filter[tourOperator]=RNBW&filter%5Bperson%5D=2&filter%5BchildAge%5D%5B1%5D=20201210&filter%5Bchild%5D=1"
"Galini Palace Grecja, Kreta Zachodnia, Kolymvari","7561.0","07.10.2026 - 14.10.2026","8 dni/7 nocy","","4.0","4.0","128","tripadvisor","Warszawa - Modlin","2026-09-14T01:17:57.528059+00:00","https://fly.pl/oferta/grecja-wczasy/?filter[dest]=14:&filter[hotelids]=&filter[cityids]=&filter[cregids]=&filter[ofrType]=&filter[addObjType]=&filter[whenFrom]=14-09-2026&filter[whenTo]=14-10-2026&filter[duration]=7:10&filter[from]=&filter[person]=2&filter[child]=1&filter[price]=4000:20000&filter[PriceFrom]=4000&filter[PriceTo]=20000&filter[addCategory]=50&filter[addCatering]=1&filter[addMisc]=0&filter[addTransport]=F&filter[fp]=1&order_by=ofr_price&filter[tourOperator]=0&filter[childAge][1]=20201210","https://fly.pl/cdn/photo/assets/uploads/582/278/2019/08/Galini-Palace-fly-pl.jpg","https://fly.pl/wycieczka/grecja,kreta-zachodnia,kolymvari/galini-palace-12/p8_D46UVAxx0fKiYr7fDugAAog3B8NgbRx_begrGPbDld9KllpPhn1MYxAg-3xhi_rg7cqBEJWQkUwxpad1QZIiTtQAVimBGACagJBSXIiHBGcsAEbwpY7GOSdFKsE97YquQThBgGyoubtAgISYwECC_6G8ww/ofertasv/?filter[tourOperator]=BVBE&filter%5Bperson%5D=2&filter%5BchildAge%5D%5B1%5D=20201210&filter%5Bchild%5D=1"
"Filion Suites Resort Grecja, Kreta Wschodnia, Bali","7602.0","03.10.2026 - 10.10.2026","8 dni/7 nocy","","4.4","4.4","3008","tripadvisor","Katowice","2026-09-14T01:17:57.528059+00:00","https://fly.pl/oferta/grecja-wczasy/?filter[dest]=14:&filter[hotelids]=&filter[cityids]=&filter[cregids]=&filter[ofrType]=&filter[addObjType]=&filter[whenFrom]=14-09-2026&filter[whenTo]=14-10-2026&filter[duration]=7:10&filter[from]=&filter[person]=2&filter[child]=1&filter[price]=4000:20000&filter[PriceFrom]=4000&filter[PriceTo]=20000&filter[addCategory]=50&filter[addCatering]=1&filter[addMisc]=0&filter[addTransport]=F&filter[fp]=1&order_by=ofr_price&filter[tourOperator]=0&filter[childAge][1]=20201210","https://datacfstatic.merlinx.pl/XTOP/IMG/19190/911900bc369d190d0c018c9684c04ad17e37e114ef877a6fcb47bddddf055a3a.webp","https://fly.pl/wycieczka/grecja,kreta-wschodnia,bali/filion-suites-resort/XTOP4c9dafX_wYAAHNOYVBwWQGyAQDHmqjHCpABCgYIysYREAESBgiqnxUQARp-TVBVVzJHRjIzTjFWNkpNVzVLSUdTOUdCMVBESFJTTEM5QUVXWjNYSE5NMTNWWkRJWEJWSVZSMlJDMkVFUVZPM1M2NklBNjVXT1pMRVZBUURBQVNUMzlGQjhGMEhQWTVQOFBURkNQUVlER0lBQzc3VE1LQzYyRTNGREJKQ1pZCn8KBgjskgQQAhIGCNfBFRABGm1PNTQ1NDRkNTMyZjQxNGQ1NDUzNDc1MjMyMzU0ZTU3MmY1MjRkNTM1MDMwMzAzMDMwMzAzMDJmNDE0OTJmMzcyZjMyMzAzMjM2MzEzMDMwMzMyZjMwMzEzMjMzMzQzNTM2MzczODM5MzAzMTMyCiMKBgjs1gEQARIGCI6GAhABGhFEU1JULTk3LVRSQU5TRkVSMgofCgUIzDoQARIFCPNGEAEaD0RTUk0tOTctMnIyMjY3MgogCgUIwD4QARIFCNBLEAEaEERTUk0tOTctNTByMjI2NzMKIQoFCPAuEAESBQiYORABGhFEU1JVLTk3LVViZXpiYXNpYxhhKKIkMgYI6rIuEAE4Aw/ofertasv/?filter[tourOperator]=XTOP&filter%5Bperson%5D=2&filter%5BchildAge%5D%5B1%5D=20201210&filter%5Bchild%5D=1"
"All Senses Nautica Blue Exclusive Resort & Spa (ex Aegean Breeze) Grecja, Rodos, Fanes","7813.0","28.09.2026 - 05.10.2026","8 dni/7 nocy","","3.7","3.7","1514","tripadvisor","Katowice","2026-09-14T01:17:57.528059+00:00","https://fly.pl/oferta/grecja-wczasy/?filter[dest]=14:&filter[hotelids]=&filter[cityids]=&filter[cregids]=&filter[ofrType]=&filter[addObjType]=&filter[whenFrom]=14-09-2026&filter[whenTo]=14-10-2026&filter[duration]=7:10&filter[from]=&filter[person]=2&filter[child]=1&filter[price]=4000:20000&filter[PriceFrom]=4000&filter[PriceTo]=20000&filter[addCategory]=50&filter[addCatering]=1&filter[addMisc]=0&filter[addTransport]=F&filter[fp]=1&order_by=ofr_price&filter[tourOperator]=0&filter[childAge][1]=20201210","https://fly.pl/cdn/photo/assets/uploads/582/278/2014/11/Aegean-Breeze-Resort-ex-Medblue-Fanes-fly-pl.jpg","https://fly.pl/wycieczka/grecja,rodos,fanes/medblue-fanes-ex-nautica-blue/p1nD03e6whMY7diYF5FhdTAAogBoE7Spt6Y_2QGpN3xua9ygAAAAAAdgQAL3YEAAcAAAAqBFdFWlkwxpad1QZIhT1QQVjOAmADaglFbnRlciBBaXJqBDAzNTBqBDA3NTBqBDA4MTVyQJ4BkwGUAZUBHwACARwAFgQXAhLWBBikA0CgeRHxQkviDlAATLhDTwAb4bQBHfOgDiAvDZHkwgkBEmMBDmMBAg3uvm2w/ofertasv/?filter[tourOperator]=WEZY&filter%5Bperson%5D=2&filter%5BchildAge%5D%5B1%5D=20201210&filter%5Bchild%5D=1"
"Hydramis Palace Beach Resort Grecja, Kreta Zachodnia, Kavros","8037.0","07.10.2026 - 14.10.2026","8 dni/7 nocy","","4.2","4.2","655","tripadvisor","Warszawa - Modlin","2026-09-14T01:17:57.528059+00:00","https://fly.pl/oferta/grecja-wczasy/?filter[dest]=14:&filter[hotelids]=&filter[cityids]=&filter[cregids]=&filter[ofrType]=&filter[addObjType]=&filter[whenFrom]=14-09-2026&filter[whenTo]=14-10-2026&filter[duration]=7:10&filter[from]=&filter[person]=2&filter[child]=1&filter[price]=4000:20000&filter[PriceFrom]=4000&filter[PriceTo]=20000&filter[addCategory]=50&filter[addCatering]=1&filter[addMisc]=0&filter[addTransport]=F&filter[fp]=1&order_by=ofr_price&filter[tourOperator]=0&filter[childAge][1]=20201210","https://fly.pl/cdn/photo/assets/uploads/582/278/2016/04/Hydramis-Palace.jpg","https://fly.pl/wycieczka/grecja,kreta-zachodnia,kavros/hydramis-palace/p7fihjMANfKRIPaR9cs3-VAAogk_EC3TkomFr0jEGUwfFQWEDIWrtVbaUEByVQestirPoqBEVYSU0wxpad1QZI5T5QAVimBGACagJBSXIhHBHkowarBMCfQbkEXhvR-SwY8OpDAZ3Jop4LAhJjAQIFS-DtVw/ofertasv/?filter[tourOperator]=EXIM&filter%5Bperson%5D=2&filter%5BchildAge%5D%5B1%5D=20201210&filter%5Bchild%5D=1"
"Almyra Village Grecja, Kreta Wschodnia, Koutsounari","8057.0","30.09.2026 - 07.10.2026","8 dni/7 nocy","","4.0","4.0","734","tripadvisor","Katowice","2026-09-14T01:17:57.528059+00:00","https://fly.pl/oferta/grecja-wczasy/?filter[dest]=14:&filter[hotelids]=&filter[cityids]=&filter[cregids]=&filter[ofrType]=&filter[addObjType]=&filter[whenFrom]=14-09-2026&filter[whenTo]=14-10-2026&filter[duration]=7:10&filter[from]=&filter[person]=2&filter[child]=1&filter[price]=4000:20000&filter[PriceFrom]=4000&filter[PriceTo]=20000&filter[addCategory]=50&filter[addCatering]=1&filter[addMisc]=0&filter[addTransport]=F&filter[fp]=1&order_by=ofr_price&filter[tourOperator]=0&filter[childAge][1]=20201210","https://fly.pl/cdn/photo/assets/uploads/582/278/2010/04/Almyra-Village1883.jpg","https://fly.pl/wycieczka/grecja,kreta-wschodnia,koutsounari/almyra-village/peeIonDO2so_6CIBsXnkDwAAogIH35ARgIpmYAUXeSamvBefItLA4jFfED9OGQAGBJtSEqBFZJVFgwxpad1QZI-T5QQVj-AmACcj8aABUHFwBcA1gFQI8DW810U7g4UgBh0SJLAF6nMEz8-DkNq9SYCSAAUcjNrY2NAU_IkB1dnIOq3hsCDGMBAgvg1kvM/ofertasv/?filter[tourOperator]=VITX&filter%5Bperson%5D=2&filter%5BchildAge%5D%5B1%5D=20201210&filter%5Bchild%5D=1"
"Solimar Aquamarine Grecja, Kreta Zachodnia, Pirgos Psilonerou","8057.0","27.09.2026 - 05.10.2026","9 dni/7 nocy","","4.1","4.1","759","tripadvisor","Katowice","2026-09-14T01:17:57.528059+00:00","https://fly.pl/oferta/grecja-wczasy/?filter[dest]=14:&filter[hotelids]=&filter[cityids]=&filter[cregids]=&filter[ofrType]=&filter[addObjType]=&filter[whenFrom]=14-09-2026&filter[whenTo]=14-10-2026&filter[duration]=7:10&filter[from]=&filter[person]=2&filter[child]=1&filter[price]=4000:20000&filter[PriceFrom]=4000&filter[PriceTo]=20000&filter[addCategory]=50&filter[addCatering]=1&filter[addMisc]=0&filter[addTransport]=F&filter[fp]=1&order_by=ofr_price&filter[tourOperator]=0&filter[childAge][1]=20201210","https://fly.pl/cdn/photo/assets/uploads/582/278/2014/09/solimar-aquamarine.jpg","https://fly.pl/wycieczka/grecja,kreta-zachodnia,pirgos-psilonerou/solimar-aquamarine/p9-x2Aw45Ezt8JBPP152HcAAogOozgDTC1aTZEEQLbwW7Lk9UKo4qrMbuWnCGtwX5goEwqBFZJVFgwxpad1QZI-T5QQVi2AmACcj4aABUHFwBcA1gFQI8DU6B7UgBbnRxhmThLAF6nMEz8-DkNqNSYCSABUYr_mJ1lT4jVHV3ojLDOQwIMYwECC97ivak/ofertasv/?filter[tourOperator]=VITX&filter%5Bperson%5D=2&filter%5BchildAge%5D%5B1%5D=20201210&filter%5Bchild%5D=1"
"Elinotel Sermilia Resort (ex. Bomo Cronwell Sermilia) Grecja, Chalkidiki, Psakoudia","8083.0","26.09.2026 - 03.10.2026","8 dni/7 nocy","","3.7","3.7","213","tripadvisor","Poznań","2026-09-14T01:17:57.528059+00:00","https://fly.pl/oferta/grecja-wczasy/?filter[dest]=14:&filter[hotelids]=&filter[cityids]=&filter[cregids]=&filter[ofrType]=&filter[addObjType]=&filter[whenFrom]=14-09-2026&filter[whenTo]=14-10-2026&filter[duration]=7:10&filter[from]=&filter[person]=2&filter[child]=1&filter[price]=4000:20000&filter[PriceFrom]=4000&filter[PriceTo]=20000&filter[addCategory]=50&filter[addCatering]=1&filter[addMisc]=0&filter[addTransport]=F&filter[fp]=1&order_by=ofr_price&filter[tourOperator]=0&filter[childAge][1]=20201210","https://fly.pl/cdn/photo/assets/uploads/582/278/2015/06/ace51f02b6f338f488ef08630ea127c1256fa3044b889314275e4a932f9fc24a.jpg","https://fly.pl/wycieczka/grecja,chalkidiki,psakoudia/cronwell-sermilia-resort/pbt2We1X-raCD8Vxmww3BhAAogRkxM-fA2rG4p9iL8DHs6MHQ1O7EdUzX2Z43sxTmkcdYqBFJOQlcwxpad1QZIkz9QQVieAmACagRCd2NEag1BTExfSU5DTFVTSVZFahcyOTYsMzgwLDQ3Nyw0ODMsNDg0LDQ4NWoPNDA1LDQwOSw1MDYsNTI5cjyfAZYBngGUARUHFwBYCAoEQMQHEds3GesfTMBKELoKS_xPYQBSjR1TAB2UqkEPKSDhhJEJDQACDGMBAgvUZz2S/ofertasv/?filter[tourOperator]=RNBW&filter%5Bperson%5D=2&filter%5BchildAge%5D%5B1%5D=20201210&filter%5Bchild%5D=1"
"Apollonia Beach (Ammoudara) Grecja, Kreta Wschodnia, Ammoudara","8243.0","07.10.2026 - 14.10.2026","8 dni/7 nocy","","4.2","4.2","1054","tripadvisor","Kraków","2026-09-14T01:17:57.528059+00:00","https://fly.pl/oferta/grecja-wczasy/?filter[dest]=14:&filter[hotelids]=&filter[cityids]=&filter[cregids]=&filter[ofrType]=&filter[addObjType]=&filter[whenFrom]=14-09-2026&filter[whenTo]=14-10-2026&filter[duration]=7:10&filter[from]=&filter[person]=2&filter[child]=1&filter[price]=4000:20000&filter[PriceFrom]=4000&filter[PriceTo]=20000&filter[addCategory]=50&filter[addCatering]=1&filter[addMisc]=0&filter[addTransport]=F&filter[fp]=1&order_by=ofr_price&filter[tourOperator]=0&filter[childAge][1]=20201210","https://fly.pl/cdn/photo/assets/uploads/582/278/2009/06/Apollonia-Beach-Ammoudara481.jpg","https://fly.pl/wycieczka/grecja,kreta-wschodnia,ammoudara/apollonia-beach-ammoudara/XTOP07ef09X_wYAAHNOYVBwWQGwAQAqdLNqCpABCgYIrs0QEAESBgjvjRQQARp-TVBVVzJHRjIzTjFWNkpNVzVLSUdTOUdCMVBESFJTTEM5QUVXWjNYSFRIU0pGTFIzOUk2TjdBVEkwQk4xU0pWOEY4OUpSMFE5TFpVVkQ4RlpSWFlUV09CR1Y1TzhHVURDREIyQzM4TVZMT1QxRUpJMVRYRjc3MzJHVjNUTlNVCn8KBgjingUQAhIGCMCXGxABGm1PNTQ1NDRkNTMyZjQxNGQ1NDUzNDc1MjMwNDc1MDRmMmY1MjRkNTM0NDQ0NDIzMDMwMzA1MDJmNDE0OTJmMzcyZjMyMzAzMjM2MzEzMDMwMzcyZjMwMzEzMjMzMzQzNTM2MzczODM5MzAzMTMyCiIKBgiAlgEQARIGCIC3ARABGhBEU1JULTk3LVRSQU5TRkVSCh8KBQjMOhABEgUI80YQARoPRFNSTS05Ny0ycjIyNjcyCiAKBQjAPhABEgUI0EsQARoQRFNSTS05Ny01MHIyMjY3MwohCgUI8C4QARIFCJg5EAEaEURTUlUtOTctVWJlemJhc2ljGGEoMTIGCIqoMhABOAM/ofertasv/?filter[tourOperator]=XTOP&filter%5Bperson%5D=2&filter%5BchildAge%5D%5B1%5D=20201210&filter%5Bchild%5D=1"
"Ibiscus Corfu Grecja, Korfu, Roda","8326.0","30.09.2026 - 07.10.2026","8 dni/7 nocy","","4.1","4.1","369","tripadvisor","Wrocław","2026-09-14T01:17:57.528059+00:00","https://fly.pl/oferta/grecja-wczasy/?filter[dest]=14:&filter[hotelids]=&filter[cityids]=&filter[cregids]=&filter[ofrType]=&filter[addObjType]=&filter[whenFrom]=14-09-2026&filter[whenTo]=14-10-2026&filter[duration]=7:10&filter[from]=&filter[person]=2&filter[child]=1&filter[price]=4000:20000&filter[PriceFrom]=4000&filter[PriceTo]=20000&filter[addCategory]=50&filter[addCatering]=1&filter[addMisc]=0&filter[addTransport]=F&filter[fp]=1&order_by=ofr_price&filter[tourOperator]=0&filter[childAge][1]=20201210","https://fly.pl/cdn/photo/assets/uploads/582/278/2019/02/Hotel-Ibiscus-Corfu.jpg","https://fly.pl/wycieczka/grecja,korfu,roda/ibiscus-grecja-korfu-grecja/psFrSfVupZ9eQJs52IQD3FAAogYpkeIZv0WW953AUV4z3J5OgbHFL5lJ25oGIymteosN8qBEdSQ1Mwxpad1QZIhkFQQVj-AmADcj0XBxUAXANYBVYCHeABD1xAjgRSn3dTAFv3CF6qfGHJSEsAAZCGjAENzv7FCCAAUZK59OZkARJjAQJjAQILKvssDA/ofertasv/?filter[tourOperator]=GRCS&filter%5Bperson%5D=2&filter%5BchildAge%5D%5B1%5D=20201210&filter%5Bchild%5D=1"
"Valis Resort Grecja, Tesalia, Agria","8356.0","16.09.2026 - 23.09.2026","8 dni/7 nocy","","","","","","Katowice","2026-09-14T01:17:57.528059+00:00","https://fly.pl/oferta/grecja-wczasy/?filter[dest]=14:&filter[hotelids]=&filter[cityids]=&filter[cregids]=&filter[ofrType]=&filter[addObjType]=&filter[whenFrom]=14-09-2026&filter[whenTo]=14-10-2026&filter[duration]=7:10&filter[from]=&filter[person]=2&filter[child]=1&filter[price]=4000:20000&filter[PriceFrom]=4000&filter[PriceTo]=20000&filter[addCategory]=50&filter[addCatering]=1&filter[addMisc]=0&filter[addTransport]=F&filter[fp]=1&order_by=ofr_price&filter[tourOperator]=0&filter[childAge][1]=20201210","https://datacfstatic.merlinx.pl/RNBW/IMG/8759/2b8ed3b6f4e85c2410458d2a2f682b00a2214b389f8ea62aef38cc3a24cd772b.webp","https://fly.pl/wycieczka/grecja,tesalia,agria/valis-resort-12/p5uqUHLIguzjWm9l2HuUAwAAog2RI73uwki_I6ju3tj_dVHHetdNcK2CBq6M29p6o-LvUqBFJOQlcwxpad1QZIpEFQQVguYAJqBEJ3Y0RqDUFMTF9JTkNMVVNJVkVqFzI5NiwzODAsNDc3LDQ4Myw0ODQsNDg1agc0MDcsNDA4cjyfAZYBngGUARUHFwBYCAoEQMQHEeA8Gc8bEO5mS4AMYQBS8W1TAEyQCh3LhkEPJyDN_pAJDQACDGMBAgu2NJIC/ofertasv/?filter[tourOperator]=RNBW&filter%5Bperson%5D=2&filter%5BchildAge%5D%5B1%5D=20201210&filter%5Bchild%5D=1"
"Galini Sea View (Agia Marina) Grecja, Kreta Zachodnia, Agia Marina","8502.0","05.10.2026 - 12.10.2026","8 dni/7 nocy","","3.9","3.9","2019","tripadvisor","Warszawa","2026-09-14T01:17:57.528059+00:00","https://fly.pl/oferta/grecja-wczasy/?filter[dest]=14:&filter[hotelids]=&filter[cityids]=&filter[cregids]=&filter[ofrType]=&filter[addObjType]=&filter[whenFrom]=14-09-2026&filter[whenTo]=14-10-2026&filter[duration]=7:10&filter[from]=&filter[person]=2&filter[child]=1&filter[price]=4000:20000&filter[PriceFrom]=4000&filter[PriceTo]=20000&filter[addCategory]=50&filter[addCatering]=1&filter[addMisc]=0&filter[addTransport]=F&filter[fp]=1&order_by=ofr_price&filter[tourOperator]=0&filter[childAge][1]=20201210","https://fly.pl/cdn/photo/assets/uploads/582/278/2014/07/Hotel-Galini-Sea-View.jpg","https://fly.pl/wycieczka/grecja,kreta-zachodnia,agia-marina/galini-sea-view-agia-marina/pa3QWXqgf5cMZhgwj0gu6ZAAogG-F4xmxFErw4usghZeIA-PG6Y5AGV0QCjIEy6z32KxoqBEVDQ1gwxpad1QZItkJQAVj2A2ACagJBSXIgHBHaSqsEj80XuQQqGJ7IIhv7qgcBtdL98wECEmMBAgslPGDM/ofertasv/?filter[tourOperator]=ECCX&filter%5Bperson%5D=2&filter%5BchildAge%5D%5B1%5D=20201210&filter%5Bchild%5D=1"
"Eretria Hotel & Spa Resort (ex. Eretria Village) Grecja, Evia, Eretria","8548.0","23.09.2026 - 30.09.2026","8 dni/7 nocy","","3.5","3.5","266","tripadvisor","Poznań","2026-09-14T01:17:57.528059+00:00","https://fly.pl/oferta/grecja-wczasy/?filter[dest]=14:&filter[hotelids]=&filter[cityids]=&filter[cregids]=&filter[ofrType]=&filter[addObjType]=&filter[whenFrom]=14-09-2026&filter[whenTo]=14-10-2026&filter[duration]=7:10&filter[from]=&filter[person]=2&filter[child]=1&filter[price]=4000:20000&filter[PriceFrom]=4000&filter[PriceTo]=20000&filter[addCategory]=50&filter[addCatering]=1&filter[addMisc]=0&filter[addTransport]=F&filter[fp]=1&order_by=ofr_price&filter[tourOperator]=0&filter[childAge][1]=20201210","https://fly.pl/cdn/photo/assets/uploads/582/278/2014/11/Hotel-Eretria-Spa-Resort.jpg","https://fly.pl/wycieczka/grecja,evia,eretria/eretria-village/pTWk5IENnEaVmGqlhaUAwrAAogqyFR2BJ9sXS4Ycjx81zipObBCQMX0GZyL7sNgQwJQzoqBEdSQ1Mwxpad1QZI5EJQQVjWAWADcjwVBxcAWAhWAlwCHbQGDxNAAVLqZlMAW7oKXpyLAWF4SwAB7IKFAQ28yc0IIABRz4GR1FcBEmMBAmMBAgthFLXf/ofertasv/?filter[tourOperator]=GRCS&filter%5Bperson%5D=2&filter%5BchildAge%5D%5B1%5D=20201210&filter%5Bchild%5D=1"
"Zante Park Resort & SPA - BW Premier Collection Grecja, Zakynthos, Laganas","8557.0","25.09.2026 - 02.10.2026","8 dni/7 nocy","","3.7","3.7","642","tripadvisor","Katowice","2026-09-14T01:17:57.528059+00:00","https://fly.pl/oferta/grecja-wczasy/?filter[dest]=14:&filter[hotelids]=&filter[cityids]=&filter[cregids]=&filter[ofrType]=&filter[addObjType]=&filter[whenFrom]=14-09-2026&filter[whenTo]=14-10-2026&filter[duration]=7:10&filter[from]=&filter[person]=2&filter[child]=1&filter[price]=4000:20000&filter[PriceFrom]=4000&filter[PriceTo]=20000&filter[addCategory]=50&filter[addCatering]=1&filter[addMisc]=0&filter[addTransport]=F&filter[fp]=1&order_by=ofr_price&filter[tourOperator]=0&filter[childAge][1]=20201210","https://fly.pl/cdn/photo/assets/uploads/582/278/2014/07/Best-Western-Zante-Park-fly-pl.jpg","https://fly.pl/wycieczka/grecja,zakynthos,laganas/best-western-zante-park/ptRJMP7ivC7rmxXr1qS_huAAogTmq7rxPxMZ9q2RMVVDB5lj6o9zM-kXFGftSFMua9UZMqBFZJVFgwxpad1QZI7UJQQViGAmACckAaABUHFwBcA1gFQI8DW7-DAWGXTEsAXqcwUrpnUwBMv5E5DanUmAkgAF24l6nsqAFP3KqbxXlR79wMAgxjAQILjXXFcA/ofertasv/?filter[tourOperator]=VITX&filter%5Bperson%5D=2&filter%5BchildAge%5D%5B1%5D=20201210&filter%5Bchild%5D=1"
"Possidi Holidays Grecja, Chalkidiki, Possidi","8667.0","06.10.2026 - 13.10.2026","8 dni/7 nocy","","4.2","4.2","640","tripadvisor","Warszawa - Modlin","2026-09-14T01:17:57.528059+00:00","https://fly.pl/oferta/grecja-wczasy/?filter[dest]=14:&filter[hotelids]=&filter[cityids]=&filter[cregids]=&filter[ofrType]=&filter[addObjType]=&filter[whenFrom]=14-09-2026&filter[whenTo]=14-10-2026&filter[duration]=7:10&filter[from]=&filter[person]=2&filter[child]=1&filter[price]=4000:20000&filter[PriceFrom]=4000&filter[PriceTo]=20000&filter[addCategory]=50&filter[addCatering]=1&filter[addMisc]=0&filter[addTransport]=F&filter[fp]=1&order_by=ofr_price&filter[tourOperator]=0&filter[childAge][1]=20201210","https://fly.pl/cdn/photo/assets/uploads/582/278/2015/04/Possidi-Holidays-fly-pl.jpg","https://fly.pl/wycieczka/grecja,chalkidiki,possidi/possidi-holidays/pXK8XDJ_h-GawACgZFPlScAAogukoXUnuZf7M-W6qNsU3zwomiY2K3SOHOgXYRdOUnQYwqBEVYSU0wxpad1QZI20NQAViOBGACagJBSXIhHBGyjgarBI-hQbkEHxu9viwYnvU1AbPE8_4IAhJjAQUKkhDGLA/ofertasv/?filter[tourOperator]=EXIM&filter%5Bperson%5D=2&filter%5BchildAge%5D%5B1%5D=20201210&filter%5Bchild%5D=1"
"Ajul Luxury & Spa Resort (Ayios Nikolaos) Grecja, Chalkidiki, Loutra","8827.0","06.10.2026 - 13.10.2026","8 dni/7 nocy","","","","","","Warszawa - Modlin","2026-09-14T01:17:57.528059+00:00","https://fly.pl/oferta/grecja-wczasy/?filter[dest]=14:&filter[hotelids]=&filter[cityids]=&filter[cregids]=&filter[ofrType]=&filter[addObjType]=&filter[whenFrom]=14-09-2026&filter[whenTo]=14-10-2026&filter[duration]=7:10&filter[from]=&filter[person]=2&filter[child]=1&filter[price]=4000:20000&filter[PriceFrom]=4000&filter[PriceTo]=20000&filter[addCategory]=50&filter[addCatering]=1&filter[addMisc]=0&filter[addTransport]=F&filter[fp]=1&order_by=ofr_price&filter[tourOperator]=0&filter[childAge][1]=20201210","https://datacfstatic.merlinx.pl/EXIM/IMG/99533/5e96e58a07fd02f8461292d1af2cfe1b7ba97df7092379a77d0c63b83d7d3e10.webp","https://fly.pl/wycieczka/grecja,chalkidiki,loutra/ajul-luxury-spa-resort-ayios-nikolaos-11/pbedtmG_HTRe4GYNZDt7IyAAogr9ox1UPET1fyuhbj4wr24YmiY2K3SOHOgXYRdOUnQYwqBEVYSU0wxpad1QZI-0RQAViOBGACagJBSXIhHBHNiQarBPSlQbkEHxvd5TkYx70-AeHhu5ILAgBjAQILNJF92Q/ofertasv/?filter[tourOperator]=EXIM&filter%5Bperson%5D=2&filter%5BchildAge%5D%5B1%5D=20201210&filter%5Bchild%5D=1"
"Rodos Palace Grecja, Rodos, Ixia","8857.0","28.09.2026 - 06.10.2026","9 dni/7 nocy","","3.5","3.5","5694","tripadvisor","Warszawa","2026-09-14T01:17:57.528059+00:00","https://fly.pl/oferta/grecja-wczasy/?filter[dest]=14:&filter[hotelids]=&filter[cityids]=&filter[cregids]=&filter[ofrType]=&filter[addObjType]=&filter[whenFrom]=14-09-2026&filter[whenTo]=14-10-2026&filter[duration]=7:10&filter[from]=&filter[person]=2&filter[child]=1&filter[price]=4000:20000&filter[PriceFrom]=4000&filter[PriceTo]=20000&filter[addCategory]=50&filter[addCatering]=1&filter[addMisc]=0&filter[addTransport]=F&filter[fp]=1&order_by=ofr_price&filter[tourOperator]=0&filter[childAge][1]=20201210","https://fly.pl/cdn/photo/assets/uploads/582/278/2014/07/Rodos-Palace.jpg","https://fly.pl/wycieczka/grecja,rodos,ixia/rodos-palace/pB7dr0rc_zZzE07ls3oKtTAAog7SEOapvuz92UYVfEHKn4mBiDe-jQ9gBc4EbXdapwIDoqBFZJVFgwxpad1QZImUVQQVjOAmACckAaABUHFwBcA1gFQI8DW6GTAV7cbFKRE1MAS9wwYQBM77Q5DcnUmAkgAFHs78Tt3gFP9ZUNXZDeqYInAgxjAQILVOVJtg/ofertasv/?filter[tourOperator]=VITX&filter%5Bperson%5D=2&filter%5BchildAge%5D%5B1%5D=20201210&filter%5Bchild%5D=1"
"Santa Marina Pearl Grecja, Kreta, Agia Marina","8917.0","30.09.2026 - 07.10.2026","8 dni/7 nocy","","4.1","4.1","1117","tripadvisor","Warszawa - Modlin","2026-09-14T01:17:57.528059+00:00","https://fly.pl/oferta/grecja-wczasy/?filter[dest]=14:&filter[hotelids]=&filter[cityids]=&filter[cregids]=&filter[ofrType]=&filter[addObjType]=&filter[whenFrom]=14-09-2026&filter[whenTo]=14-10-2026&filter[duration]=7:10&filter[from]=&filter[person]=2&filter[child]=1&filter[price]=4000:20000&filter[PriceFrom]=4000&filter[PriceTo]=20000&filter[addCategory]=50&filter[addCatering]=1&filter[addMisc]=0&filter[addTransport]=F&filter[fp]=1&order_by=ofr_price&filter[tourOperator]=0&filter[childAge][1]=20201210","https://fly.pl/cdn/photo/assets/uploads/582/278/2024/07/santa-marina-pearl.jpg","https://fly.pl/wycieczka/grecja,kreta,agia-marina/santa-marina-pearl-14/pN6VXlLzf7MbgLi41AndUbAAogPNlWDDRUiZp0kr-SjZFQKSwpoaWr2-VQZickFnAPQnwqBFZJVFgwxpad1QZI1UVQQVj-AmACagxXTUlDSFFEUDQwMTlqDENIUVdNSURQNDAxOXI3nQGPARoAFwcVAFwDWAVAjwNSoHtTAFuHC17WeUuPR2EATPRADaTF0QkgAFG79cudZQIMYwECC3_9BtQ/ofertasv/?filter[tourOperator]=VITX&filter%5Bperson%5D=2&filter%5BchildAge%5D%5B1%5D=20201210&filter%5Bchild%5D=1"
"Rimondi Grand Resort & Spa Grecja, Kreta Zachodnia, Magnisia","8974.0","29.09.2026 - 06.10.2026","8 dni/7 nocy","","3.9","3.9","3016","tripadvisor","Katowice","2026-09-14T01:17:57.528059+00:00","https://fly.pl/oferta/grecja-wczasy/?filter[dest]=14:&filter[hotelids]=&filter[cityids]=&filter[cregids]=&filter[ofrType]=&filter[addObjType]=&filter[whenFrom]=14-09-2026&filter[whenTo]=14-10-2026&filter[duration]=7:10&filter[from]=&filter[person]=2&filter[child]=1&filter[price]=4000:20000&filter[PriceFrom]=4000&filter[PriceTo]=20000&filter[addCategory]=50&filter[addCatering]=1&filter[addMisc]=0&filter[addTransport]=F&filter[fp]=1&order_by=ofr_price&filter[tourOperator]=0&filter[childAge][1]=20201210","https://fly.pl/cdn/photo/assets/uploads/582/278/2016/10/Rimondi-Grand-Resort-Spa-fly-pl-2.jpg","https://fly.pl/wycieczka/grecja,kreta-zachodnia,magnisia/rimondi-grand-resort-spa/pOJFb0IaZUUiVsrYQrUTrZAAogF1BvmMz7Trp2aTHTy8m7gthtXihjgpNgLeHPmjygVaUqBEVDQ1gwxpad1QZIjkZQAVjmAmACagJBSXIiHBHGB6sEnaEWuQTK3gIYvvUuG9KVRAGKjbaLAgISYwECC5IFwk8/ofertasv/?filter[tourOperator]=ECCX&filter%5Bperson%5D=2&filter%5BchildAge%5D%5B1%5D=20201210&filter%5Bchild%5D=1"
"Azure Resort & Spa (ex. Mediterranee) Grecja, Zakynthos, Planos","9197.0","06.10.2026 - 13.10.2026","8 dni/7 nocy","","3.1","3.1","102","tripadvisor","Warszawa","2026-09-14T01:17:57.528059+00:00","https://fly.pl/oferta/grecja-wczasy/?filter[dest]=14:&filter[hotelids]=&filter[cityids]=&filter[cregids]=&filter[ofrType]=&filter[addObjType]=&filter[whenFrom]=14-09-2026&filter[whenTo]=14-10-2026&filter[duration]=7:10&filter[from]=&filter[person]=2&filter[child]=1&filter[price]=4000:20000&filter[PriceFrom]=4000&filter[PriceTo]=20000&filter[addCategory]=50&filter[addCatering]=1&filter[addMisc]=0&filter[addTransport]=F&filter[fp]=1&order_by=ofr_price&filter[tourOperator]=0&filter[childAge][1]=20201210","https://fly.pl/cdn/photo/assets/uploads/582/278/2014/09/Azure-Resort-Spa-ex.-Mediterranee-fly-pl.jpg","https://fly.pl/wycieczka/grecja,zakynthos,planos/mediterranee-planos/pzTt6qP531F5WRFaK36-Y4AAogQ4HYYuF_bOWLUB4EriwMzpjoyaTce9EqpxQtW2G-l-UqBFZJVFgwxpad1QZI7UdQQViOBGACckAaABUHFwBcA1gFQI8DW7-DAV6-fGHtQ0sAUs0jUwBMoZE5DZjVmAkgAF3ovpPwhQJRtLfDwRxP-aAOAg5jAQINudvpSQ/ofertasv/?filter[tourOperator]=VITX&filter%5Bperson%5D=2&filter%5BchildAge%5D%5B1%5D=20201210&filter%5Bchild%5D=1"
"Lydia Maris Resort & Spa Grecja, Rodos, Kolymbia","9299.0","07.10.2026 - 14.10.2026","8 dni/7 nocy","","4.1","4.1","1368","tripadvisor","Kraków","2026-09-14T01:17:57.528059+00:00","https://fly.pl/oferta/grecja-wczasy/?filter[dest]=14:&filter[hotelids]=&filter[cityids]=&filter[cregids]=&filter[ofrType]=&filter[addObjType]=&filter[whenFrom]=14-09-2026&filter[whenTo]=14-10-2026&filter[duration]=7:10&filter[from]=&filter[person]=2&filter[child]=1&filter[price]=4000:20000&filter[PriceFrom]=4000&filter[PriceTo]=20000&filter[addCategory]=50&filter[addCatering]=1&filter[addMisc]=0&filter[addTransport]=F&filter[fp]=1&order_by=ofr_price&filter[tourOperator]=0&filter[childAge][1]=20201210","https://fly.pl/cdn/photo/assets/uploads/582/278/2015/03/Lydia-Maris-Resort-and-Spa.jpg","https://fly.pl/wycieczka/grecja,rodos,kolymbia/lydia-maris/pFlRUYy_R5WeBmEamq-YemAAogqd58iy45emg9V735-bbugr-dwW0YvMoGfR0jMG4mdQ0qBEVDQ1gwxpad1QZI00hQAVimBGACagJBSXIgHBGCIKsEuvoXuQQBGJmYKxuRzkAB0OW99AECAGMBAgs7p61W/ofertasv/?filter[tourOperator]=ECCX&filter%5Bperson%5D=2&filter%5BchildAge%5D%5B1%5D=20201210&filter%5Bchild%5D=1"
"White Olive Elite Grecja, Zakynthos, Laganas","9373.0","02.10.2026 - 09.10.2026","8 dni/7 nocy","","4.1","4.1","297","tripadvisor","Katowice","2026-09-14T01:17:57.528059+00:00","https://fly.pl/oferta/grecja-wczasy/?filter[dest]=14:&filter[hotelids]=&filter[cityids]=&filter[cregids]=&filter[ofrType]=&filter[addObjType]=&filter[whenFrom]=14-09-2026&filter[whenTo]=14-10-2026&filter[duration]=7:10&filter[from]=&filter[person]=2&filter[child]=1&filter[price]=4000:20000&filter[PriceFrom]=4000&filter[PriceTo]=20000&filter[addCategory]=50&filter[addCatering]=1&filter[addMisc]=0&filter[addTransport]=F&filter[fp]=1&order_by=ofr_price&filter[tourOperator]=0&filter[childAge][1]=20201210","https://fly.pl/cdn/photo/assets/uploads/582/278/2018/09/White-Olive-Elite-fly-pl-1.jpg","https://fly.pl/wycieczka/grecja,zakynthos,laganas/white-olive-elite/pVx_qSaOvgcx2RRJASC4U8AAogWJrL42VIhRarj9jHv0G9qZHSCzpSH2MmgRLoS4lyStcqBFJOQlcwxpad1QZInUlQQViuA2ACagRCd2NEag1BTExfSU5DTFVTSVZFahoxNiwyOTYsMzgwLDQ3Nyw0ODMsNDg0LDQ4NWoTNDA0LDQwNyw0MDgsNTIxLDUyOHI9nwGWAZ4BlAEVBxcAWAgKBEDEBxG3GhDwGxnGIUuwc2EATNqXAVIHUwAd2eQ_D_0BIN__kQkNAAIMYwECC6v9OoM/ofertasv/?filter[tourOperator]=RNBW&filter%5Bperson%5D=2&filter%5BchildAge%5D%5B1%5D=20201210&filter%5Bchild%5D=1"
"Lindos Royal (ex. COOEE) Grecja, Rodos, Lindos","9487.0","29.09.2026 - 06.10.2026","8 dni/7 nocy","","3.8","3.8","3451","tripadvisor","Kraków","2026-09-14T01:17:57.528059+00:00","https://fly.pl/oferta/grecja-wczasy/?filter[dest]=14:&filter[hotelids]=&filter[cityids]=&filter[cregids]=&filter[ofrType]=&filter[addObjType]=&filter[whenFrom]=14-09-2026&filter[whenTo]=14-10-2026&filter[duration]=7:10&filter[from]=&filter[person]=2&filter[child]=1&filter[price]=4000:20000&filter[PriceFrom]=4000&filter[PriceTo]=20000&filter[addCategory]=50&filter[addCatering]=1&filter[addMisc]=0&filter[addTransport]=F&filter[fp]=1&order_by=ofr_price&filter[tourOperator]=0&filter[childAge][1]=20201210","https://fly.pl/cdn/photo/assets/uploads/582/278/2015/08/LINDOS-ROYAL.jpg","https://fly.pl/wycieczka/grecja,rodos,lindos/lindos-royal/pzLqLFtPEAnkAW0mJF46CqAAogNa_MvNl9Rv1ipVCFKjPdPbdVmxRt2ki5MjH_iGRBr0YqBEVYSU0wxpad1QZIj0pQAVjmAmACagJBSXIhHBHxwQa5BPXcRKsEQBucuzIY5886AZvJ9JsLAgBjAQILzvW_0Q/ofertasv/?filter[tourOperator]=EXIM&filter%5Bperson%5D=2&filter%5BchildAge%5D%5B1%5D=20201210&filter%5Bchild%5D=1"
"Almyros Beach (ex Cyprotel Almyros) Grecja, Korfu, Acharavi","9505.0","03.10.2026 - 10.10.2026","8 dni/7 nocy","","4.5","4.5","254","tripadvisor","Katowice","2026-09-14T01:17:57.528059+00:00","https://fly.pl/oferta/grecja-wczasy/?filter[dest]=14:&filter[hotelids]=&filter[cityids]=&filter[cregids]=&filter[ofrType]=&filter[addObjType]=&filter[whenFrom]=14-09-2026&filter[whenTo]=14-10-2026&filter[duration]=7:10&filter[from]=&filter[person]=2&filter[child]=1&filter[price]=4000:20000&filter[PriceFrom]=4000&filter[PriceTo]=20000&filter[addCategory]=50&filter[addCatering]=1&filter[addMisc]=0&filter[addTransport]=F&filter[fp]=1&order_by=ofr_price&filter[tourOperator]=0&filter[childAge][1]=20201210","https://fly.pl/cdn/photo/assets/uploads/582/278/2015/01/Almyros-Beach-ex-Cyprotel-Almyros-fly-pl.jpg","https://fly.pl/wycieczka/grecja,korfu,acharavi/cyprotel-almyros-ex-almyros-natura/pk0SqPv2fsw-mSAk7GJlsPAAogkkJbHjPH4kopURR2LPZNKy4JXqKmgIIINK5hD42ZiOoqBEdSQ1Mwxpad1QZIoUpQQVjGA2ADcj0VBxcAWAhWAlwCD-0EHRZAxQFSn3dTAFv3CGGDTEsAXqcwAY3diAEN4_DJCCAAUf-63uZkARJjAQJjAQILnkgiUA/ofertasv/?filter[tourOperator]=GRCS&filter%5Bperson%5D=2&filter%5BchildAge%5D%5B1%5D=20201210&filter%5Bchild%5D=1"
"Sunshine Crete Beach (ex Club Calimera) Grecja, Kreta Wschodnia, Koutsounari","9466.0","29.09.2026 - 06.10.2026","8 dni/7 nocy","","3.7","3.7","118","tripadvisor","Katowice","2026-09-14T01:17:57.528059+00:00","https://fly.pl/oferta/grecja-wczasy/?filter[dest]=14:&filter[hotelids]=&filter[cityids]=&filter[cregids]=&filter[ofrType]=&filter[addObjType]=&filter[whenFrom]=14-09-2026&filter[whenTo]=14-10-2026&filter[duration]=7:10&filter[from]=&filter[person]=2&filter[child]=1&filter[price]=4000:20000&filter[PriceFrom]=4000&filter[PriceTo]=20000&filter[addCategory]=50&filter[addCatering]=1&filter[addMisc]=0&filter[addTransport]=F&filter[fp]=1&order_by=ofr_price&filter[tourOperator]=0&filter[childAge][1]=20201210","https://fly.pl/cdn/photo/assets/uploads/582/278/2015/01/MARE-BLUE-EX-SUNSHINE-CRETE-BEACH.jpg","https://fly.pl/wycieczka/grecja,kreta-wschodnia,koutsounari/club-calimera-sunshine/XTOP45c0c1X_wYAAHNOYVBwWQGyAQDdViccCpABCgYI2OcPEAESBgjukxMQARp-TVBVVzJHRjIzTjFWNkpNVzVLSUdTOUdCMVBESFJTTEM5QUVXS1hROUxXUjRYNDNUWThRUVU3NThQNERRMDFHWTkwNDRNUzZOMUQ5V1Y5RTdNWjU2T1VVNEg0Q0lUV080U01HSjhJUVpMR09MTk4yOTRKTFVSMzRJNEJYNEJaCn8KBgiyrwYQAhIGCN2FIRABGm1PNTQ1NDRkNTMyZjQxNGQ1NDUzNDc1MjMyMzU0ZjM4MmY1MjRkNTM1MDMwMzA0ZDU2MzAzMDJmNDE0OTJmMzcyZjMyMzAzMjM2MzAzOTMyMzkyZjMwMzEzMjMzMzQzNTM2MzczODM5MzAzMTMyCiMKBgj8oQMQARIGCPb9AxABGhFEU1JULTk3LVRSQU5TRkVSNQofCgUIzDoQARIFCPNGEAEaD0RTUk0tOTctMnIyMjY3MgogCgUIwD4QARIFCNBLEAEaEERTUk0tOTctNTByMjI2NzMKIQoFCPAuEAESBQiYORABGhFEU1JVLTk3LVViZXpiYXNpYxhhKKIkMgYInOM5EAE4Aw/ofertasv/?filter[tourOperator]=XTOP&filter%5Bperson%5D=2&filter%5BchildAge%5D%5B1%5D=20201210&filter%5Bchild%5D=1"
"Labranda Sandy Beach (ex Aquis Sandy Beach) Grecja, Korfu, Agios Georgios","9547.0","30.09.2026 - 07.10.2026","8 dni/7 nocy","","3.9","3.9","7908","tripadvisor","Wrocław","2026-09-14T01:17:57.528059+00:00","https://fly.pl/oferta/grecja-wczasy/?filter[dest]=14:&filter[hotelids]=&filter[cityids]=&filter[cregids]=&filter[ofrType]=&filter[addObjType]=&filter[whenFrom]=14-09-2026&filter[whenTo]=14-10-2026&filter[duration]=7:10&filter[from]=&filter[person]=2&filter[child]=1&filter[price]=4000:20000&filter[PriceFrom]=4000&filter[PriceTo]=20000&filter[addCategory]=50&filter[addCatering]=1&filter[addMisc]=0&filter[addTransport]=F&filter[fp]=1&order_by=ofr_price&filter[tourOperator]=0&filter[childAge][1]=20201210","https://fly.pl/cdn/photo/assets/uploads/582/278/2014/06/LABRANDA-Sandy-Beach-Resort.jpg","https://fly.pl/wycieczka/grecja,korfu,agios-georgios/aquis-sandy-beach-resort-agios-georgios/pWUmDw1cofHQS90BFM-RmgAAogoX0AO3ufMH85IYdoz1Sto4runnHXGeQQhaR2azNzh-QqBFJOQlcwxpad1QZIy0pQQVj-AmACagRCd2NEag1BTExfSU5DTFVTSVZFahcyOTYsMzgwLDQ3Nyw0ODMsNDg0LDQ4NXI8nwGWAZ4BFQcXAFgICgRAxAcRxxUQ0BYZwytTyR5SAEyAUUvqfGEAHZSzQA_F6AMghemNCQ0AAgxjAQILXqHmuQ/ofertasv/?filter[tourOperator]=RNBW&filter%5Bperson%5D=2&filter%5BchildAge%5D%5B1%5D=20201210&filter%5Bchild%5D=1"
"Ammos (Mastichari) Grecja, Kos, Mastichari","9557.0","03.10.2026 - 11.10.2026","9 dni/7 nocy","","4.2","4.2","238","tripadvisor","Warszawa","2026-09-14T01:17:57.528059+00:00","https://fly.pl/oferta/grecja-wczasy/?filter[dest]=14:&filter[hotelids]=&filter[cityids]=&filter[cregids]=&filter[ofrType]=&filter[addObjType]=&filter[whenFrom]=14-09-2026&filter[whenTo]=14-10-2026&filter[duration]=7:10&filter[from]=&filter[person]=2&filter[child]=1&filter[price]=4000:20000&filter[PriceFrom]=4000&filter[PriceTo]=20000&filter[addCategory]=50&filter[addCatering]=1&filter[addMisc]=0&filter[addTransport]=F&filter[fp]=1&order_by=ofr_price&filter[tourOperator]=0&filter[childAge][1]=20201210","https://fly.pl/cdn/photo/assets/uploads/582/278/2016/11/AMMOS-LUXURY-RESORT.jpg","https://fly.pl/wycieczka/grecja,kos,mastichari/ammos-mastichari/pvfRQSJgHB7ro0QV3O4QvaAAog4k1T9l0BFq1Jmm0QO7R3uYyjQfhCSpknR2oORujcQHkqBFZJVFgwxpad1QZI1UpQQVjGA2ACckAaABUHFwBcA1gFQI8DW6eGAVPXRVIAXv8zS-1DYQBM77Q5DZTVmAkgAVGEid7xpQFPkdw9XdD9y_1fAgxjAQILDqStzA/ofertasv/?filter[tourOperator]=VITX&filter%5Bperson%5D=2&filter%5BchildAge%5D%5B1%5D=20201210&filter%5Bchild%5D=1"
"Galaxy Beach Resort BW Premier Collection Grecja, Zakynthos, Laganas","9579.0","05.10.2026 - 12.10.2026","8 dni/7 nocy","","3.9","3.9","744","tripadvisor","Warszawa - Modlin","2026-09-14T01:17:57.528059+00:00","https://fly.pl/oferta/grecja-wczasy/?filter[dest]=14:&filter[hotelids]=&filter[cityids]=&filter[cregids]=&filter[ofrType]=&filter[addObjType]=&filter[whenFrom]=14-09-2026&filter[whenTo]=14-10-2026&filter[duration]=7:10&filter[from]=&filter[person]=2&filter[child]=1&filter[price]=4000:20000&filter[PriceFrom]=4000&filter[PriceTo]=20000&filter[addCategory]=50&filter[addCatering]=1&filter[addMisc]=0&filter[addTransport]=F&filter[fp]=1&order_by=ofr_price&filter[tourOperator]=0&filter[childAge][1]=20201210","https://fly.pl/cdn/photo/assets/uploads/582/278/2014/07/Best-Western-Galaxy-Laganas-fly-pl.jpg","https://fly.pl/wycieczka/grecja,zakynthos,laganas/best-western-galaxy-laganas/pdbwMOmy7KO6ku3Vn0i23CAAogOmiSuy0a4sfhlPC3m10yDOpKVdodt36SsiD5KgWwM3UqBEJWQkUwxpad1QZI60pQAVj2A2ACagJBSXIgHBHhfRu56D4YnIETuQTsryirBAEB7qPVkwMCAGMBAgtYIk3D/ofertasv/?filter[tourOperator]=BVBE&filter%5Bperson%5D=2&filter%5BchildAge%5D%5B1%5D=20201210&filter%5Bchild%5D=1"
"Sitia Beach Grecja, Kreta Wschodnia, Sitia","9657.0","27.09.2026 - 04.10.2026","8 dni/7 nocy","","4.3","4.3","1263","tripadvisor","Katowice","2026-09-14T01:17:57.528059+00:00","https://fly.pl/oferta/grecja-wczasy/?filter[dest]=14:&filter[hotelids]=&filter[cityids]=&filter[cregids]=&filter[ofrType]=&filter[addObjType]=&filter[whenFrom]=14-09-2026&filter[whenTo]=14-10-2026&filter[duration]=7:10&filter[from]=&filter[person]=2&filter[child]=1&filter[price]=4000:20000&filter[PriceFrom]=4000&filter[PriceTo]=20000&filter[addCategory]=50&filter[addCatering]=1&filter[addMisc]=0&filter[addTransport]=F&filter[fp]=1&order_by=ofr_price&filter[tourOperator]=0&filter[childAge][1]=20201210","https://fly.pl/cdn/photo/assets/uploads/582/278/2015/03/SITIA-BEACH-CITY-RESORT-SPA.jpg","https://fly.pl/wycieczka/grecja,kreta-wschodnia,sitia/sitia-beach/pWXiHjIfBusBwoJ8f9ZuyeAAog8dFthuWVsLfz1ceehlUtS1lciNoRC5L10Mtq0iamvMsqBFZJVFgwxpad1QZIuUtQQVi2AmACckIaABUHFwBcA1gFQI8DW72XAVPWLVIAYcMKSwBepzBM_Pg5DajUmAkgAFGH0uCNjQFPi6i1pxNdlMvltggCDmMBAg29HdDh/ofertasv/?filter[tourOperator]=VITX&filter%5Bperson%5D=2&filter%5BchildAge%5D%5B1%5D=20201210&filter%5Bchild%5D=1"
"Cavo Spada Luxury Resort & Spa Grecja, Kreta Zachodnia, Rapaniana","9697.0","30.09.2026 - 07.10.2026","8 dni/7 nocy","","4.4","4.4","1219","tripadvisor","Warszawa - Modlin","2026-09-14T01:17:57.528059+00:00","https://fly.pl/oferta/grecja-wczasy/?filter[dest]=14:&filter[hotelids]=&filter[cityids]=&filter[cregids]=&filter[ofrType]=&filter[addObjType]=&filter[whenFrom]=14-09-2026&filter[whenTo]=14-10-2026&filter[duration]=7:10&filter[from]=&filter[person]=2&filter[child]=1&filter[price]=4000:20000&filter[PriceFrom]=4000&filter[PriceTo]=20000&filter[addCategory]=50&filter[addCatering]=1&filter[addMisc]=0&filter[addTransport]=F&filter[fp]=1&order_by=ofr_price&filter[tourOperator]=0&filter[childAge][1]=20201210","https://fly.pl/cdn/photo/assets/uploads/582/278/2014/07/Giannoulis-Cavo-Spada-Luxury-Sports.jpg","https://fly.pl/wycieczka/grecja,kreta-zachodnia,rapaniana/cavo-spada-luxury-resort/p5HCIxADhhb6IIT8xlHjCAAAogHdDTbTMLi1pPRjgYzvloyiwpoaWr2-VQZickFnAPQnwqBFZJVFgwxpad1QZI4UtQQVj-AmACagxXTUlDSFFEUDQwMTlqDENIUVdNSURQNDAxOXI3nQGPARoAFwcVAFwDWAVAjwNSoHtTAFuDDV7ad0uPR2EATMAtDdjY0QkgAFHSr56dZQIMYwECC9EGuEA/ofertasv/?filter[tourOperator]=VITX&filter%5Bperson%5D=2&filter%5BchildAge%5D%5B1%5D=20201210&filter%5Bchild%5D=1"
"Natura Park Village","9712.0","03.10.2026 - 10.10.2026","8 dni/7 nocy","","4.0","4.0","1117","tripadvisor","Warszawa","2026-09-14T01:17:57.528059+00:00","https://fly.pl/oferta/grecja-wczasy/?filter[dest]=14:&filter[hotelids]=&filter[cityids]=&filter[cregids]=&filter[ofrType]=&filter[addObjType]=&filter[whenFrom]=14-09-2026&filter[whenTo]=14-10-2026&filter[duration]=7:10&filter[from]=&filter[person]=2&filter[child]=1&filter[price]=4000:20000&filter[PriceFrom]=4000&filter[PriceTo]=20000&filter[addCategory]=50&filter[addCatering]=1&filter[addMisc]=0&filter[addTransport]=F&filter[fp]=1&order_by=ofr_price&filter[tourOperator]=0&filter[childAge][1]=20201210","https://fly.pl/cdn/photo/assets/uploads/582/278/2017/09/Natura-Park-Village.jpg","https://fly.pl/wycieczka/grecja,kos,psalidi/natura-park-village/pCSuc8SDYVoB90SxeR0iaiAAogufp8HWe10Mv6jVkoZOA1DYjGnTOZpYU4JNsCnuc57zoqBFJOQlcwyZad1QZI8EtQQVjGA2ACagRCd2NUag1BTExfSU5DTFVTSVZFahoxNiwyOTYsMzgwLDQ3Nyw0ODMsNDg0LDQ4NWobNDAyLDQwMyw0MDYsNDE3LDQ3Myw0OTcsNDk5cjyfAZYBngGUARUHFwBYCAoJEdQDQOsDGfNWENNVU_8aUgBMoAJLzHVhAB3Q7UAPZSDOm5EJDQACDGMBBQvb3KD7/ofertasv/?filter[tourOperator]=RNBW&filter%5Bperson%5D=2&filter%5BchildAge%5D%5B1%5D=20201210&filter%5Bchild%5D=1"
"Gaia Palace","9719.0","03.10.2026 - 10.10.2026","8 dni/7 nocy","","4.3","4.3","1218","tripadvisor","Warszawa","2026-09-14T01:17:57.528059+00:00","https://fly.pl/oferta/grecja-wczasy/?filter[dest]=14:&filter[hotelids]=&filter[cityids]=&filter[cregids]=&filter[ofrType]=&filter[addObjType]=&filter[whenFrom]=14-09-2026&filter[whenTo]=14-10-2026&filter[duration]=7:10&filter[from]=&filter[person]=2&filter[child]=1&filter[price]=4000:20000&filter[PriceFrom]=4000&filter[PriceTo]=20000&filter[addCategory]=50&filter[addCatering]=1&filter[addMisc]=0&filter[addTransport]=F&filter[fp]=1&order_by=ofr_price&filter[tourOperator]=0&filter[childAge][1]=20201210","https://fly.pl/cdn/photo/assets/uploads/582/278/2009/10/Gaia-Palace2994.jpg","https://fly.pl/wycieczka/grecja,kos,mastichari/gaia-palace/pZPAS_8QDrbrdnzXQjt1DAAAog_qF1fkKaRDkrhyicmDWCPAAAAAD-gAQAGYEEAAcAHQAqBFdFWlkwyZad1QZI90tQQVjGA2ADaglFbnRlciBBaXJqBDA5MzVqBDA2MTVqBDA4MjVyQJ4BkwGVAZgBHwAcAQIAFgQXAhLtAxTDBhHOKkCcTEz7TU8AS-x3UAAd9roPIBsb_LVkDfaY3ggBEmMBDGMBAguh4MY3/ofertasv/?filter[tourOperator]=WEZY&filter%5Bperson%5D=2&filter%5BchildAge%5D%5B1%5D=20201210&filter%5Bchild%5D=1"
"Grand Blue Beach","9798.0","03.10.2026 - 10.10.2026","8 dni/7 nocy","","4.3","4.3","1177","tripadvisor","Warszawa","2026-09-14T01:17:57.528059+00:00","https://fly.pl/oferta/grecja-wczasy/?filter[dest]=14:&filter[hotelids]=&filter[cityids]=&filter[cregids]=&filter[ofrType]=&filter[addObjType]=&filter[whenFrom]=14-09-2026&filter[whenTo]=14-10-2026&filter[duration]=7:10&filter[from]=&filter[person]=2&filter[child]=1&filter[price]=4000:20000&filter[PriceFrom]=4000&filter[PriceTo]=20000&filter[addCategory]=50&filter[addCatering]=1&filter[addMisc]=0&filter[addTransport]=F&filter[fp]=1&order_by=ofr_price&filter[tourOperator]=0&filter[childAge][1]=20201210","https://fly.pl/cdn/photo/assets/uploads/582/278/2016/03/Gran-Blue-Beach.jpg","https://fly.pl/wycieczka/grecja,kos,kardamena/grand-blue-beach/pxl7Ph1_F4-uVQp4kbsaEcAAogp9BBeV3hvkq51WcLgwUthojGnTOZpYU4JNsCnuc57zoqBFJOQlcwyZad1QZIxkxQQVjGA2ACagRCd2NUag1BTExfSU5DTFVTSVZFahoxNiwyOTYsMzgwLDQ3Nyw0ODMsNDg0LDQ4NWobNDAyLDQwMyw0MDYsNDE3LDQ3Myw0OTcsNDk5cjyfAZYBngGUARUHFwBYCAoJQL8HEdgqGZssEPFoU-EHUgBMoAJLzHVhAB3Q7UAPZSDOm5EJDQACDGMBBQt1ZWp-/ofertasv/?filter[tourOperator]=RNBW&filter%5Bperson%5D=2&filter%5BchildAge%5D%5B1%5D=20201210&filter%5Bchild%5D=1"
"Sandy Villas Resort (ex. Kairaba Sandy Villas)","9868.0","04.10.2026 - 11.10.2026","8 dni/7 nocy","","4.5","4.5","1238","tripadvisor","Warszawa - Modlin","2026-09-14T01:17:57.528059+00:00","https://fly.pl/oferta/grecja-wczasy/?filter[dest]=14:&filter[hotelids]=&filter[cityids]=&filter[cregids]=&filter[ofrType]=&filter[addObjType]=&filter[whenFrom]=14-09-2026&filter[whenTo]=14-10-2026&filter[duration]=7:10&filter[from]=&filter[person]=2&filter[child]=1&filter[price]=4000:20000&filter[PriceFrom]=4000&filter[PriceTo]=20000&filter[addCategory]=50&filter[addCatering]=1&filter[addMisc]=0&filter[addTransport]=F&filter[fp]=1&order_by=ofr_price&filter[tourOperator]=0&filter[childAge][1]=20201210","https://fly.pl/cdn/photo/assets/uploads/582/278/2019/09/Sandy-Villas.jpg","https://fly.pl/wycieczka/grecja,korfu,agios-georgios/kairaba-sandy-villas-9/psUGj4QsWsJ8WOV1do-ia7AAogPAhini1WwoA1zMmXUlLdY-kZyQSMIj_xDF6lWyIwHkcqBEJWQkUwyZad1QZIjE1QAVjeA2ACagJBSXIhHBHw0wEb8f49GKe9ErkE4IgpqwQsAf_O6IUDAhJjAQILql3u3Q/ofertasv/?filter[tourOperator]=BVBE&filter%5Bperson%5D=2&filter%5BchildAge%5D%5B1%5D=20201210&filter%5Bchild%5D=1"
"Thassos Grand Resort","9957.0","21.09.2026 - 28.09.2026","8 dni/7 nocy","","4.2","4.2","511","tripadvisor","Katowice","2026-09-14T01:17:57.528059+00:00","https://fly.pl/oferta/grecja-wczasy/?filter[dest]=14:&filter[hotelids]=&filter[cityids]=&filter[cregids]=&filter[ofrType]=&filter[addObjType]=&filter[whenFrom]=14-09-2026&filter[whenTo]=14-10-2026&filter[duration]=7:10&filter[from]=&filter[person]=2&filter[child]=1&filter[price]=4000:20000&filter[PriceFrom]=4000&filter[PriceTo]=20000&filter[addCategory]=50&filter[addCatering]=1&filter[addMisc]=0&filter[addTransport]=F&filter[fp]=1&order_by=ofr_price&filter[tourOperator]=0&filter[childAge][1]=20201210","https://fly.pl/cdn/photo/assets/uploads/582/278/2017/08/Thassos-Grand-Resort.jpg","https://fly.pl/wycieczka/grecja,thassos,aliki/thassos-grand-resort/pSBQL0R8s1fu12YU4pwGU1AAogQyrjOeelbuCpNtZ0kWvdCuWOC1wEuCM-Mprk2wT-WosqBFZJVFgwyZad1QZI5U1QQVimAWACcj4aABUHFwBcA1gFQI8DW7-DAWGXTEsAUzJSAF71L0z9-DkNodSYCSAAXaDO_uuoAVHMifonT6zMCwIMYwECBQlNE40/ofertasv/?filter[tourOperator]=VITX&filter%5Bperson%5D=2&filter%5BchildAge%5D%5B1%5D=20201210&filter%5Bchild%5D=1"
"Levante Beach Resort By Playitas","10035.0","02.10.2026 - 09.10.2026","8 dni/7 nocy","","","","","","Katowice","2026-09-14T01:17:57.528059+00:00","https://fly.pl/oferta/grecja-wczasy/?filter[dest]=14:&filter[hotelids]=&filter[cityids]=&filter[cregids]=&filter[ofrType]=&filter[addObjType]=&filter[whenFrom]=14-09-2026&filter[whenTo]=14-10-2026&filter[duration]=7:10&filter[from]=&filter[person]=2&filter[child]=1&filter[price]=4000:20000&filter[PriceFrom]=4000&filter[PriceTo]=20000&filter[addCategory]=50&filter[addCatering]=1&filter[addMisc]=0&filter[addTransport]=F&filter[fp]=1&order_by=ofr_price&filter[tourOperator]=0&filter[childAge][1]=20201210","https://datacfstatic.merlinx.pl/GRCS/IMG/RHOLEVA/2740a3d502498fa39ca484421876ad5de88a3968c5e7e54c025285cad7eee32f.webp","https://fly.pl/wycieczka/grecja,rodos,afandu/levante-beach-resort-by-playitas-10/pCV4T5G_oXEaZeNen0B70uAAogmneE2o_GXCUJJMrHcnFDE53l86o_X1m9AxsR6t9H0GYqBEdSQ1MwyZad1QZIs05QQViuA2ADcj8XBxUAXANYBVYCHawCDxxAggRbloABYYNMSwBepzBSkRNTAAGN64QBDdHPzQggAFH8g7Pt3gEBEmMBAmMBAgsalJ3k/ofertasv/?filter[tourOperator]=GRCS&filter%5Bperson%5D=2&filter%5BchildAge%5D%5B1%5D=20201210&filter%5Bchild%5D=1"
"Minos Imperial","10040.0","07.10.2026 - 14.10.2026","8 dni/7 nocy","","3.9","3.9","998","tripadvisor","Kraków","2026-09-14T01:17:57.528059+00:00","https://fly.pl/oferta/grecja-wczasy/?filter[dest]=14:&filter[hotelids]=&filter[cityids]=&filter[cregids]=&filter[ofrType]=&filter[addObjType]=&filter[whenFrom]=14-09-2026&filter[whenTo]=14-10-2026&filter[duration]=7:10&filter[from]=&filter[person]=2&filter[child]=1&filter[price]=4000:20000&filter[PriceFrom]=4000&filter[PriceTo]=20000&filter[addCategory]=50&filter[addCatering]=1&filter[addMisc]=0&filter[addTransport]=F&filter[fp]=1&order_by=ofr_price&filter[tourOperator]=0&filter[childAge][1]=20201210","https://fly.pl/cdn/photo/assets/uploads/582/278/2015/04/MINOS-IMPERIAL-LUXURY-BEACH-RESORT.jpg","https://fly.pl/wycieczka/grecja,kreta-wschodnia,milatos/minos-imperial/pCb8HpFu2YIsLv4BFeUKFsAAogPuansbaQ_aBsW-hYlrI_hYPMZTVett36fjNE0W-Rvl4qBEJWQkUwyZad1QZIuE5QAVimBGACagJBSXIhHBHVoQEbp6w-GKnwEqsE694ouQQXAeKyx40DAhJjAQILtdF5Dg/ofertasv/?filter[tourOperator]=BVBE&filter%5Bperson%5D=2&filter%5BchildAge%5D%5B1%5D=20201210&filter%5Bchild%5D=1"
"Aquila Rithymna Beach","10110.0","04.10.2026 - 11.10.2026","8 dni/7 nocy","","4.3","4.3","4109","tripadvisor","Katowice","2026-09-14T01:17:57.528059+00:00","https://fly.pl/oferta/grecja-wczasy/?filter[dest]=14:&filter[hotelids]=&filter[cityids]=&filter[cregids]=&filter[ofrType]=&filter[addObjType]=&filter[whenFrom]=14-09-2026&filter[whenTo]=14-10-2026&filter[duration]=7:10&filter[from]=&filter[person]=2&filter[child]=1&filter[price]=4000:20000&filter[PriceFrom]=4000&filter[PriceTo]=20000&filter[addCategory]=50&filter[addCatering]=1&filter[addMisc]=0&filter[addTransport]=F&filter[fp]=1&order_by=ofr_price&filter[tourOperator]=0&filter[childAge][1]=20201210","https://fly.pl/cdn/photo/assets/uploads/582/278/2014/07/Aquila-Rithymna-Beach.jpg","https://fly.pl/wycieczka/grecja,kreta-zachodnia,adelianos-kampos/aquila-rithymna-beach/p6HbVMOmfzO2LqyS0tpls5AAogMa_aX4ybFlbedhC3fMUDbgAAAAC6pwQA1qcEAAcAAAAqBFdFWlkwyZad1QZI_k5QQVjeA2ADaglFbnRlciBBaXJqBDAzMDBqBDA2NTVyQZ4BkwGUAR8AAgEcABYEFwIS1gQVjwoYmwER9iVApEtMgi9PAEvRIlAAG5r4Ax2shA0gHA22gcIJARJjAQ5jAQINxlRJhg/ofertasv/?filter[tourOperator]=WEZY&filter%5Bperson%5D=2&filter%5BchildAge%5D%5B1%5D=20201210&filter%5Bchild%5D=1"
"Kipriotis Maris Suites (ex Iberostar)","10140.0","19.09.2026 - 26.09.2026","8 dni/7 nocy","","4.2","4.2","1551","tripadvisor","Warszawa","2026-09-14T01:17:57.528059+00:00","https://fly.pl/oferta/grecja-wczasy/?filter[dest]=14:&filter[hotelids]=&filter[cityids]=&filter[cregids]=&filter[ofrType]=&filter[addObjType]=&filter[whenFrom]=14-09-2026&filter[whenTo]=14-10-2026&filter[duration]=7:10&filter[from]=&filter[person]=2&filter[child]=1&filter[price]=4000:20000&filter[PriceFrom]=4000&filter[PriceTo]=20000&filter[addCategory]=50&filter[addCatering]=1&filter[addMisc]=0&filter[addTransport]=F&filter[fp]=1&order_by=ofr_price&filter[tourOperator]=0&filter[childAge][1]=20201210","https://fly.pl/cdn/photo/assets/uploads/582/278/2016/01/Kipriotis-Maris-Suites-ex-Iberostar-fly-pl.jpg","https://fly.pl/wycieczka/grecja,kos,psalidi/kipriotis-maris-suites-ex-iberostar/ppRar3JVrZcOnyC-MK9YDAAAog1bX0XjtyXVjEvkgW7e_CVQ1QGlmTA_4dgUKGc6bfJqwqBFJOQlcwyZad1QZInE9QQVh2YAJqDUFMTF9JTkNMVVNJVkVqFzI5NiwzODAsNDc3LDQ4Myw0ODQsNDg1ahM0MDIsNDAzLDQwNiw0MTcsNDczcj-WAZ4BlAEVBxcAWAgKD0C5BxG_HRDVIRnfF1PScFIATKACS8x1YQBf6MIkHeCqHA_TAiCUmZEJDQACDmMBAg16bb1b/ofertasv/?filter[tourOperator]=RNBW&filter%5Bperson%5D=2&filter%5BchildAge%5D%5B1%5D=20201210&filter%5Bchild%5D=1"
"Hersonissos Palace","10193.0","30.09.2026 - 07.10.2026","8 dni/7 nocy","","4.3","4.3","463","tripadvisor","Wrocław","2026-09-14T01:17:57.528059+00:00","https://fly.pl/oferta/grecja-wczasy/?filter[dest]=14:&filter[hotelids]=&filter[cityids]=&filter[cregids]=&filter[ofrType]=&filter[addObjType]=&filter[whenFrom]=14-09-2026&filter[whenTo]=14-10-2026&filter[duration]=7:10&filter[from]=&filter[person]=2&filter[child]=1&filter[price]=4000:20000&filter[PriceFrom]=4000&filter[PriceTo]=20000&filter[addCategory]=50&filter[addCatering]=1&filter[addMisc]=0&filter[addTransport]=F&filter[fp]=1&order_by=ofr_price&filter[tourOperator]=0&filter[childAge][1]=20201210","https://fly.pl/cdn/photo/assets/uploads/582/278/2015/04/Hersonissos-Palace-fly-pl-2.jpg","https://fly.pl/wycieczka/grecja,kreta,hersonissos/hersonissos-palace/pAUxPfNvGccZkwNmz0b0ljAAogplWBpYyRBMa0vFAkIJfdjJjRqKosPIi8O69XatQ0qysqBFJOQlcwyZad1QZI0U9QQVj-AmACagRCd2NEag1BTExfSU5DTFVTSVZFahcyOTYsMzgwLDQ3Nyw0ODMsNDg0LDQ4NXI7nwGWAZ4BFQcXAFgICgRAxAcR2DgZiB9T7FBSABDBCEzOFkuyfGEAHcjAQA-wAyDmwJEJDQACDGMBAgswW1KY/ofertasv/?filter[tourOperator]=RNBW&filter%5Bperson%5D=2&filter%5BchildAge%5D%5B1%5D=20201210&filter%5Bchild%5D=1"
"Porto Angeli","10353.0","02.10.2026 - 09.10.2026","8 dni/7 nocy","","4.2","4.2","725","tripadvisor","Katowice","2026-09-14T01:17:57.528059+00:00","https://fly.pl/oferta/grecja-wczasy/?filter[dest]=14:&filter[hotelids]=&filter[cityids]=&filter[cregids]=&filter[ofrType]=&filter[addObjType]=&filter[whenFrom]=14-09-2026&filter[whenTo]=14-10-2026&filter[duration]=7:10&filter[from]=&filter[person]=2&filter[child]=1&filter[price]=4000:20000&filter[PriceFrom]=4000&filter[PriceTo]=20000&filter[addCategory]=50&filter[addCatering]=1&filter[addMisc]=0&filter[addTransport]=F&filter[fp]=1&order_by=ofr_price&filter[tourOperator]=0&filter[childAge][1]=20201210","https://fly.pl/cdn/photo/assets/uploads/582/278/2015/04/Porto-Angeli.jpg","https://fly.pl/wycieczka/grecja,rodos,archangelos/porto-angeli/pjO0_tSZQ42I_5GWJWbJMdAAogmfcJgDZSYZS3pCSoh8URzp3l86o_X1m9AxsR6t9H0GYqBEdSQ1MwyZad1QZI8VBQQViuA2ADcj8XBxUAXANYBVYCHawCDxxAggRbloABYYNMSwBepzBSkRNTAAGBpoIBDd2U0AggAFG1lb_t3gEBEmMBAmMBAg2Q9jYu/ofertasv/?filter[tourOperator]=GRCS&filter%5Bperson%5D=2&filter%5BchildAge%5D%5B1%5D=20201210&filter%5Bchild%5D=1"
"Porto Platanias Village","10468.0","07.10.2026 - 14.10.2026","8 dni/7 nocy","","3.8","3.8","396","tripadvisor","Modlin","2026-09-14T01:17:57.528059+00:00","https://fly.pl/oferta/grecja-wczasy/?filter[dest]=14:&filter[hotelids]=&filter[cityids]=&filter[cregids]=&filter[ofrType]=&filter[addObjType]=&filter[whenFrom]=14-09-2026&filter[whenTo]=14-10-2026&filter[duration]=7:10&filter[from]=&filter[person]=2&filter[child]=1&filter[price]=4000:20000&filter[PriceFrom]=4000&filter[PriceTo]=20000&filter[addCategory]=50&filter[addCatering]=1&filter[addMisc]=0&filter[addTransport]=F&filter[fp]=1&order_by=ofr_price&filter[tourOperator]=0&filter[childAge][1]=20201210","https://fly.pl/cdn/photo/assets/uploads/582/278/2018/03/Porto-Platanias-Village-fly-pl-14.jpg","https://fly.pl/wycieczka/grecja,kreta-zachodnia,platanias/porto-platanias-village/XTOP1272ccX_wYAAHNOYVBwWQG7AQBWMVKdCpABCgYIwtEMEAESBgiBrQ8QARp-TVBVVzJHRjIzTjFWNkpNVzVLSUdTOUdCMVBESFJTTEM5QUVXWjNYSFRIU0pGTTAwUFJQWDJIT1hNSFQ2MVkzN0hPOVZNOFNDWE9MR1lUUkdYVExPQThGTDMzTzlWMzNIN0RQTkYwTjcwN0lFODI0TDJYT1NDWk03NzBMVzFLCn8KBgiPuQgQAhIGCPCWLBABGm1PNTQ1NDRkNTMyZjQxNDc1MjQ4NDU1MjM0NTA1NDQzMmY1MjRkMzAzMDQ0NDI0OTRjMzAzMDJmNDE0OTJmMzcyZjMyMzAzMjM2MzEzMDMwMzcyZjMwMzEzMjMzMzQzNTM2MzczODM5MzAzMTMyCiUKBgjQogIQARIGCMjiAhABGhNEU1JULTE2NzYtVFJBTlNGRVIxCiIKBQjAPhABEgUI0EsQARoSRFNSTS0xNjc2LTgwcjIyNjY5CiEKBQjMOhABEgUI80YQARoRRFNSTS0xNjc2LTJyMjI2NzAKIwoFCPAuEAESBQiYORABGhNEU1JVLTE2NzYtVWJlemJhc2ljGIwNKP0XMgYIlPI_EAE4Aw/ofertasv/?filter[tourOperator]=XTOP&filter%5Bperson%5D=2&filter%5BchildAge%5D%5B1%5D=20201210&filter%5Bchild%5D=1"
"Lindos Breeze Beach","10611.0","02.10.2026 - 09.10.2026","8 dni/7 nocy","","4.7","4.7","405","tripadvisor","Katowice","2026-09-14T01:17:57.528059+00:00","https://fly.pl/oferta/grecja-wczasy/?filter[dest]=14:&filter[hotelids]=&filter[cityids]=&filter[cregids]=&filter[ofrType]=&filter[addObjType]=&filter[whenFrom]=14-09-2026&filter[whenTo]=14-10-2026&filter[duration]=7:10&filter[from]=&filter[person]=2&filter[child]=1&filter[price]=4000:20000&filter[PriceFrom]=4000&filter[PriceTo]=20000&filter[addCategory]=50&filter[addCatering]=1&filter[addMisc]=0&filter[addTransport]=F&filter[fp]=1&order_by=ofr_price&filter[tourOperator]=0&filter[childAge][1]=20201210","https://fly.pl/cdn/photo/assets/uploads/582/278/2018/09/Lindos-Breeze-Beach-Hotel.jpg","https://fly.pl/wycieczka/grecja,rodos,kiotari/lindos-breeze-beach/pYPuDlpYMesOu_JQM1O7QsAAog0lQnWdf3iE9slQBjHdOk993p6d4uiAMVoZaWC8oCC6kqBFJOQlcwyZad1QZI81JQQViuA2ACagRCd2NEag1BTExfSU5DTFVTSVZFahoxNiwyOTYsMzgwLDQ3Nyw0ODMsNDg0LDQ4NWoTNDA0LDQwNyw0MDgsNTIxLDUyOHI9nwGWAZ4BlAEVBxcAWAgKBEDEBxHoGhC1HBm4IEvIc2EATKxCUowBUwAP-7JAHZ0DIMaEkgkNAAIMYwECC9pLvqs/ofertasv/?filter[tourOperator]=RNBW&filter%5Bperson%5D=2&filter%5BchildAge%5D%5B1%5D=20201210&filter%5Bchild%5D=1"
"Mitsis Bali Paradise (ex. Bali Paradise)","10626.0","04.10.2026 - 11.10.2026","8 dni/7 nocy","","4.2","4.2","326","tripadvisor","Rzeszów","2026-09-14T01:17:57.528059+00:00","https://fly.pl/oferta/grecja-wczasy/?filter[dest]=14:&filter[hotelids]=&filter[cityids]=&filter[cregids]=&filter[ofrType]=&filter[addObjType]=&filter[whenFrom]=14-09-2026&filter[whenTo]=14-10-2026&filter[duration]=7:10&filter[from]=&filter[person]=2&filter[child]=1&filter[price]=4000:20000&filter[PriceFrom]=4000&filter[PriceTo]=20000&filter[addCategory]=50&filter[addCatering]=1&filter[addMisc]=0&filter[addTransport]=F&filter[fp]=1&order_by=ofr_price&filter[tourOperator]=0&filter[childAge][1]=20201210","https://fly.pl/cdn/photo/assets/uploads/582/278/2022/07/Mitsis-Bali-Paradise.jpg","https://fly.pl/wycieczka/grecja,kreta,bali/bali-paradise-15/pDZ8_FdbmeM7VtlcaTLzRVAAogrIu85FoJDkJXLmSxis3ewlAlOO75CuI6C3Un3Mi9TtsqBEdSQ1MwyZad1QZIglNQQVjeA2ADcj4XBxUAXANYBVYCHZsGDxpAFVuWgAFSsilTAF74UmGPGEsAAbvlhwENp9DKCCAAUeLKr42NAQESYwECYwECCyjlfWM/ofertasv/?filter[tourOperator]=GRCS&filter%5Bperson%5D=2&filter%5BchildAge%5D%5B1%5D=20201210&filter%5Bchild%5D=1"
"Lindos Imperial Resort & Spa","10647.0","29.09.2026 - 06.10.2026","8 dni/7 nocy","","4.2","4.2","5885","tripadvisor","Kraków","2026-09-14T01:17:57.528059+00:00","https://fly.pl/oferta/grecja-wczasy/?filter[dest]=14:&filter[hotelids]=&filter[cityids]=&filter[cregids]=&filter[ofrType]=&filter[addObjType]=&filter[whenFrom]=14-09-2026&filter[whenTo]=14-10-2026&filter[duration]=7:10&filter[from]=&filter[person]=2&filter[child]=1&filter[price]=4000:20000&filter[PriceFrom]=4000&filter[PriceTo]=20000&filter[addCategory]=50&filter[addCatering]=1&filter[addMisc]=0&filter[addTransport]=F&filter[fp]=1&order_by=ofr_price&filter[tourOperator]=0&filter[childAge][1]=20201210","https://fly.pl/cdn/photo/assets/uploads/582/278/2010/03/Lindos-Imperial2410.jpg","https://fly.pl/wycieczka/grecja,rodos,kiotari/lindos-imperial/pEeM1159BFGu9W1giwkpCBAAog5RelpxzILKOv406NqCmrvbdVmxRt2ki5MjH_iGRBr0YqBEVYSU0wyZad1QZIl1NQAVjmAmACagJBSXIhHBHvwQa5BPfcRKsEQBuEuzIYx846AeLs7ZsLAgBjAQILZqXINQ/ofertasv/?filter[tourOperator]=EXIM&filter%5Bperson%5D=2&filter%5BchildAge%5D%5B1%5D=20201210&filter%5Bchild%5D=1"
"Amus","10790.0","07.10.2026 - 14.10.2026","8 dni/7 nocy","","4.5","4.5","5945","tripadvisor","Kraków","2026-09-14T01:17:57.528059+00:00","https://fly.pl/oferta/grecja-wczasy/?filter[dest]=14:&filter[hotelids]=&filter[cityids]=&filter[cregids]=&filter[ofrType]=&filter[addObjType]=&filter[whenFrom]=14-09-2026&filter[whenTo]=14-10-2026&filter[duration]=7:10&filter[from]=&filter[person]=2&filter[child]=1&filter[price]=4000:20000&filter[PriceFrom]=4000&filter[PriceTo]=20000&filter[addCategory]=50&filter[addCatering]=1&filter[addMisc]=0&filter[addTransport]=F&filter[fp]=1&order_by=ofr_price&filter[tourOperator]=0&filter[childAge][1]=20201210","https://fly.pl/cdn/photo/assets/uploads/582/278/2015/04/Rhodes-Bay-Hotel-Spa.jpg","https://fly.pl/wycieczka/grecja,rodos,ixia/amathus-beach-rhodes/pC1s9Y6YxmwLjWnU2V7B1mAAogEOC0EL6NYPzbRlT7oOPRtI9qmYktwCzFyBRV6H-Wf7AqBEJWQkUwyZad1QZIplRQAVimBGADagJBSXIkHBHvpAEby-E7GJbgFasEgrIouQQ9AcPCvpMDARJjAQxjAQILsI4vMg/ofertasv/?filter[tourOperator]=BVBE&filter%5Bperson%5D=2&filter%5BchildAge%5D%5B1%5D=20201210&filter%5Bchild%5D=1"
"Princess Andriana Resort & Spa","10807.0","03.10.2026 - 10.10.2026","8 dni/7 nocy","","4.5","4.5","5748","tripadvisor","Kraków","2026-09-14T01:17:57.528059+00:00","https://fly.pl/oferta/grecja-wczasy/?filter[dest]=14:&filter[hotelids]=&filter[cityids]=&filter[cregids]=&filter[ofrType]=&filter[addObjType]=&filter[whenFrom]=14-09-2026&filter[whenTo]=14-10-2026&filter[duration]=7:10&filter[from]=&filter[person]=2&filter[child]=1&filter[price]=4000:20000&filter[PriceFrom]=4000&filter[PriceTo]=20000&filter[addCategory]=50&filter[addCatering]=1&filter[addMisc]=0&filter[addTransport]=F&filter[fp]=1&order_by=ofr_price&filter[tourOperator]=0&filter[childAge][1]=20201210","https://fly.pl/cdn/photo/assets/uploads/582/278/2014/09/Princess-Andriana-Resort-Spa.jpg","https://fly.pl/wycieczka/grecja,rodos,kiotari/princess-andriana/p7tBzxLngJswraCee_oyQVAAogm196yZTG-4iGgo-yPSLOQx1gPmQaaVofHrXsYL8fWG4qBEVYSU0wyZad1QZIt1RQAVjGA2ACagZBSS9VQUlyIRwRzsYGuQTC2ESrBEIbz9AzGJjBOwGm-bmrCgIAYwECDFJki-I/ofertasv/?filter[tourOperator]=EXIM&filter%5Bperson%5D=2&filter%5BchildAge%5D%5B1%5D=20201210&filter%5Bchild%5D=1"
"Mitsis Summer Palace","10821.0","06.10.2026 - 13.10.2026","8 dni/7 nocy","","4.2","4.2","3143","tripadvisor","Katowice","2026-09-14T01:17:57.528059+00:00","https://fly.pl/oferta/grecja-wczasy/?filter[dest]=14:&filter[hotelids]=&filter[cityids]=&filter[cregids]=&filter[ofrType]=&filter[addObjType]=&filter[whenFrom]=14-09-2026&filter[whenTo]=14-10-2026&filter[duration]=7:10&filter[from]=&filter[person]=2&filter[child]=1&filter[price]=4000:20000&filter[PriceFrom]=4000&filter[PriceTo]=20000&filter[addCategory]=50&filter[addCatering]=1&filter[addMisc]=0&filter[addTransport]=F&filter[fp]=1&order_by=ofr_price&filter[tourOperator]=0&filter[childAge][1]=20201210","https://fly.pl/cdn/photo/assets/uploads/582/278/2015/04/Mitsis-Summer-Palace.jpg","https://fly.pl/wycieczka/grecja,kos,kardamena/mitsis-summer-palace/pvCRPEuC1OXx_CpZ9AAdmpAAog1SiEIG7JEX9GfJeAQ4X_gYMfMFtgMqTpzoUJuvO9I4MqBEdSQ1MwyZad1QZIxVRQQViOBGADcj8VBxcAWAhWAlwCHewCD_MCQGlbl4ABUqpIUwBh2ANLAF6nMAHTlokBDaC3yQggAFHg-5HypQEBEmMBAmMBAgtIZ7Sd/ofertasv/?filter[tourOperator]=GRCS&filter%5Bperson%5D=2&filter%5BchildAge%5D%5B1%5D=20201210&filter%5Bchild%5D=1"
"Kouros Palace","10897.0","26.09.2026 - 04.10.2026","9 dni/7 nocy","","4.1","4.1","1095","tripadvisor","Warszawa","2026-09-14T01:17:57.528059+00:00","https://fly.pl/oferta/grecja-wczasy/?filter[dest]=14:&filter[hotelids]=&filter[cityids]=&filter[cregids]=&filter[ofrType]=&filter[addObjType]=&filter[whenFrom]=14-09-2026&filter[whenTo]=14-10-2026&filter[duration]=7:10&filter[from]=&filter[person]=2&filter[child]=1&filter[price]=4000:20000&filter[PriceFrom]=4000&filter[PriceTo]=20000&filter[addCategory]=50&filter[addCatering]=1&filter[addMisc]=0&filter[addTransport]=F&filter[fp]=1&order_by=ofr_price&filter[tourOperator]=0&filter[childAge][1]=20201210","https://fly.pl/cdn/photo/assets/uploads/582/278/2010/09/Kouros-Palace2998.jpg","https://fly.pl/wycieczka/grecja,kos,mastichari/kouros-palace/pdiNy_oLB9nwARFKqab9DMAAogHCVle3RNsCTLF3sfy2dVP3xRf3rB8KWajHU4BJHKUPIqBFZJVFgwyZad1QZIkVVQQVieAmACckAaABUHFwBcA1gFQI8DW6eGAVPXRVIAXv8zS-1DYQBMj7U5DafUmAkgAVGU3frxpQFPzoghXdD9y_1fAgxjAQUL0vZxmQ/ofertasv/?filter[tourOperator]=VITX&filter%5Bperson%5D=2&filter%5BchildAge%5D%5B1%5D=20201210&filter%5Bchild%5D=1"
"White Olive Elite Rethymno","10995.0","27.09.2026 - 04.10.2026","8 dni/7 nocy","","3.7","3.7","89","tripadvisor","Katowice","2026-09-14T01:17:57.528059+00:00","https://fly.pl/oferta/grecja-wczasy/?filter[dest]=14:&filter[hotelids]=&filter[cityids]=&filter[cregids]=&filter[ofrType]=&filter[addObjType]=&filter[whenFrom]=14-09-2026&filter[whenTo]=14-10-2026&filter[duration]=7:10&filter[from]=&filter[person]=2&filter[child]=1&filter[price]=4000:20000&filter[PriceFrom]=4000&filter[PriceTo]=20000&filter[addCategory]=50&filter[addCatering]=1&filter[addMisc]=0&filter[addTransport]=F&filter[fp]=1&order_by=ofr_price&filter[tourOperator]=0&filter[childAge][1]=20201210","https://fly.pl/cdn/photo/assets/uploads/582/278/2019/11/White-Olive-Elite-Rethymno.jpg","https://fly.pl/wycieczka/grecja,kreta-zachodnia,sfakaki/white-olive-elite-rethymno-15/pyczO1_taesU2lZc5GzMLIAAogOmA2DsJVlS85SbH_1MVQd0G2W3mFVE1D1lOEWNzCub8qBFJOQlcwyZad1QZI81VQQVi2AmACagRCd2NEag1BTExfSU5DTFVTSVZFahcyOTYsMzgwLDQ3Nyw0ODMsNDg0LDQ4NWoTNDA0LDQwNyw0MDgsNTIxLDUyOHI7nwGWAZ4BlAEVBxcAWAgKBEDEBxGiHxC7JhmGElOEH1IATKBUSxZhAA-DwEEdJSCjvZEJDQACDGMBAguTzlFG/ofertasv/?filter[tourOperator]=RNBW&filter%5Bperson%5D=2&filter%5BchildAge%5D%5B1%5D=20201210&filter%5Bchild%5D=1"
"Istion Club","10999.0","06.10.2026 - 13.10.2026","8 dni/7 nocy","","4.5","4.5","533","tripadvisor","Warszawa - Modlin","2026-09-14T01:17:57.528059+00:00","https://fly.pl/oferta/grecja-wczasy/?filter[dest]=14:&filter[hotelids]=&filter[cityids]=&filter[cregids]=&filter[ofrType]=&filter[addObjType]=&filter[whenFrom]=14-09-2026&filter[whenTo]=14-10-2026&filter[duration]=7:10&filter[from]=&filter[person]=2&filter[child]=1&filter[price]=4000:20000&filter[PriceFrom]=4000&filter[PriceTo]=20000&filter[addCategory]=50&filter[addCatering]=1&filter[addMisc]=0&filter[addTransport]=F&filter[fp]=1&order_by=ofr_price&filter[tourOperator]=0&filter[childAge][1]=20201210","https://fly.pl/cdn/photo/assets/uploads/582/278/2015/04/Istion-Club-fly-pl.jpg","https://fly.pl/wycieczka/grecja,chalkidiki,nea-poteidaia/istion-club/phut6Rq_YZEoGsV3ih4wObAAog98pu_fD6yWCSU-_qBXmdZG6F77_UNvv_AK2k3jLLChcqBEJWQkUwyZad1QZI91VQAViOBGACagNBSStyIRwR2-UBG9LVQBi0-hSrBK6JKLkEaAG9y6vUAwISYwECB9CKNGk/ofertasv/?filter[tourOperator]=BVBE&filter%5Bperson%5D=2&filter%5BchildAge%5D%5B1%5D=20201210&filter%5Bchild%5D=1"
"Panorama Leptos (Kato Galatas)","11084.0","06.10.2026 - 13.10.2026","8 dni/7 nocy","","4.3","4.3","1351","tripadvisor","Warszawa","2026-09-14T01:17:57.528059+00:00","https://fly.pl/oferta/grecja-wczasy/?filter[dest]=14:&filter[hotelids]=&filter[cityids]=&filter[cregids]=&filter[ofrType]=&filter[addObjType]=&filter[whenFrom]=14-09-2026&filter[whenTo]=14-10-2026&filter[duration]=7:10&filter[from]=&filter[person]=2&filter[child]=1&filter[price]=4000:20000&filter[PriceFrom]=4000&filter[PriceTo]=20000&filter[addCategory]=50&filter[addCatering]=1&filter[addMisc]=0&filter[addTransport]=F&filter[fp]=1&order_by=ofr_price&filter[tourOperator]=0&filter[childAge][1]=20201210","https://fly.pl/cdn/photo/assets/uploads/582/278/2015/04/Hotel-Panorama.jpg","https://fly.pl/wycieczka/grecja,kreta-zachodnia,kato-galatas/panorama-kato-galatas/pw60R360oA36DX02RjrOeYAAoghkqiZ47QvDfheD4q-OW3yuvQxvKR6pkcpCf3WEUnK3gqBE9OSE8wyZad1QZIzFZQAViOBGADagJBSXIiHBGeExuQ1QEYtDWrBJKnAbkEsgYB36K_AwESYwEAYwECDA3Y6lo/ofertasv/?filter[tourOperator]=ONHO&filter%5Bperson%5D=2&filter%5BchildAge%5D%5B1%5D=20201210&filter%5Bchild%5D=1"
"Akti Coast Club","11125.0","26.09.2026 - 03.10.2026","8 dni/7 nocy","","4.6","4.6","508","tripadvisor","Katowice","2026-09-14T01:17:57.528059+00:00","https://fly.pl/oferta/grecja-wczasy/?filter[dest]=14:&filter[hotelids]=&filter[cityids]=&filter[cregids]=&filter[ofrType]=&filter[addObjType]=&filter[whenFrom]=14-09-2026&filter[whenTo]=14-10-2026&filter[duration]=7:10&filter[from]=&filter[person]=2&filter[child]=1&filter[price]=4000:20000&filter[PriceFrom]=4000&filter[PriceTo]=20000&filter[addCategory]=50&filter[addCatering]=1&filter[addMisc]=0&filter[addTransport]=F&filter[fp]=1&order_by=ofr_price&filter[tourOperator]=0&filter[childAge][1]=20201210","https://fly.pl/cdn/photo/assets/uploads/582/278/2024/07/egeo-easy-living-resort-ex-atlantica-holiday-village-kos.jpg","https://fly.pl/wycieczka/grecja,kos,marmari/atlantica-holiday-village-kos-15/pEE3xrZxOXQj-7QiaIRRwJAAoggrVNPSfjLfcCIbxc7269nS1aeiYfCCoNqlzctiMJzNAqBFJOQlcwyZad1QZI9VZQQVieAmACagRCd2NEag1BTExfSU5DTFVTSVZFahcyOTYsMzgwLDQ3Nyw0ODMsNDg0LDQ4NWoTNDA0LDQwNyw0MDgsNTIxLDUyOHI8nwGWAZ4BlAEVBxcAWAgKBEDEBxHuMRmFJRDKNlOIOlIATKACS7gBYQAd3uVBD2kgg5eRCQ0AAgxjAQILOc8E-g/ofertasv/?filter[tourOperator]=RNBW&filter%5Bperson%5D=2&filter%5BchildAge%5D%5B1%5D=20201210&filter%5Bchild%5D=1"
"Senseana Sea Side Resort & Spa (ex. Golden Star)","11167.0","06.10.2026 - 13.10.2026","8 dni/7 nocy","","4.5","4.5","599","tripadvisor","Warszawa","2026-09-14T01:17:57.528059+00:00","https://fly.pl/oferta/grecja-wczasy/?filter[dest]=14:&filter[hotelids]=&filter[cityids]=&filter[cregids]=&filter[ofrType]=&filter[addObjType]=&filter[whenFrom]=14-09-2026&filter[whenTo]=14-10-2026&filter[duration]=7:10&filter[from]=&filter[person]=2&filter[child]=1&filter[price]=4000:20000&filter[PriceFrom]=4000&filter[PriceTo]=20000&filter[addCategory]=50&filter[addCatering]=1&filter[addMisc]=0&filter[addTransport]=F&filter[fp]=1&order_by=ofr_price&filter[tourOperator]=0&filter[childAge][1]=20201210","https://fly.pl/cdn/photo/assets/uploads/582/278/2024/07/senseana-sea-side-resort-spa-ex-golden-star.jpg","https://fly.pl/wycieczka/grecja,kreta,analipsi/golden-star-analipsis-12/pXUpVDVevbJeOpQQNgpGfpAAogtMFDSdOP9F8pq04cX53qqbIgu41_KIhJ8O-biOa46ZIqBEVYSU0wyZad1QZIn1dQAViOBGACagNBSStyIRwRwrYGqwSR4Tu5BBYb0NswGNueNQGE-M7oCAIAYwECDGNblmg/ofertasv/?filter[tourOperator]=EXIM&filter%5Bperson%5D=2&filter%5BchildAge%5D%5B1%5D=20201210&filter%5Bchild%5D=1"
"Mitsis Ramira","11239.0","06.10.2026 - 13.10.2026","8 dni/7 nocy","","4.6","4.6","3836","tripadvisor","Katowice","2026-09-14T01:17:57.528059+00:00","https://fly.pl/oferta/grecja-wczasy/?filter[dest]=14:&filter[hotelids]=&filter[cityids]=&filter[cregids]=&filter[ofrType]=&filter[addObjType]=&filter[whenFrom]=14-09-2026&filter[whenTo]=14-10-2026&filter[duration]=7:10&filter[from]=&filter[person]=2&filter[child]=1&filter[price]=4000:20000&filter[PriceFrom]=4000&filter[PriceTo]=20000&filter[addCategory]=50&filter[addCatering]=1&filter[addMisc]=0&filter[addTransport]=F&filter[fp]=1&order_by=ofr_price&filter[tourOperator]=0&filter[childAge][1]=20201210","https://fly.pl/cdn/photo/assets/uploads/582/278/2014/09/Mitsis-Ramira-Beach-fly-pl.jpg","https://fly.pl/wycieczka/grecja,kos,psalidi/mitsis-ramira-beach/p3F1TVf3NwF5AjyvQLlN3UAAogN3oEH-48z9BgjwOp7xmIl4MfMFtgMqTpzoUJuvO9I4MqBEdSQ1MwyZad1QZI51dQQViOBGADcj8VBxcAWAhWAlwCHewCD_MCQGlboIABUqFIUwBh2ANLAF6nMAHPlokBDaS3yQggAFH8w43ypQEBEmMBAmMBAgs45m00/ofertasv/?filter[tourOperator]=GRCS&filter%5Bperson%5D=2&filter%5BchildAge%5D%5B1%5D=20201210&filter%5Bchild%5D=1"
"Stella Palace Aqua Park Resort","11279.0","07.10.2026 - 14.10.2026","8 dni/7 nocy","","4.4","4.4","3827","tripadvisor","Katowice","2026-09-14T01:17:57.528059+00:00","https://fly.pl/oferta/grecja-wczasy/?filter[dest]=14:&filter[hotelids]=&filter[cityids]=&filter[cregids]=&filter[ofrType]=&filter[addObjType]=&filter[whenFrom]=14-09-2026&filter[whenTo]=14-10-2026&filter[duration]=7:10&filter[from]=&filter[person]=2&filter[child]=1&filter[price]=4000:20000&filter[PriceFrom]=4000&filter[PriceTo]=20000&filter[addCategory]=50&filter[addCatering]=1&filter[addMisc]=0&filter[addTransport]=F&filter[fp]=1&order_by=ofr_price&filter[tourOperator]=0&filter[childAge][1]=20201210","https://fly.pl/cdn/photo/assets/uploads/582/278/2015/02/Stella-Palace-fly-pl.jpg","https://fly.pl/wycieczka/grecja,kreta-wschodnia,analipsis/stella-palace/pWQV_FoS3fBfq8aY6TL4XMAAogBxdCzFCvBtwu3zPZ-WGBrwAAAAACpgQAGKYEAAcAAAAqBFdFWlkwyZad1QZIj1hQQVimBGADaglFbnRlciBBaXJqBDAyMDVqBDA2MDVyQJ4BkwGUAR8AHAECABYEFwIS1gQR-QUVLBjDAUDcdEyCL08AS9EiUAAbw_0EHcv7CyAWDfeEwgkBEmMBDGMBAguu3X6Y/ofertasv/?filter[tourOperator]=WEZY&filter%5Bperson%5D=2&filter%5BchildAge%5D%5B1%5D=20201210&filter%5Bchild%5D=1"
"Rethymno Mare & Water Park (Rethymno)","11297.0","07.10.2026 - 14.10.2026","8 dni/7 nocy","","","","","","Warszawa - Modlin","2026-09-14T01:17:57.528059+00:00","https://fly.pl/oferta/grecja-wczasy/?filter[dest]=14:&filter[hotelids]=&filter[cityids]=&filter[cregids]=&filter[ofrType]=&filter[addObjType]=&filter[whenFrom]=14-09-2026&filter[whenTo]=14-10-2026&filter[duration]=7:10&filter[from]=&filter[person]=2&filter[child]=1&filter[price]=4000:20000&filter[PriceFrom]=4000&filter[PriceTo]=20000&filter[addCategory]=50&filter[addCatering]=1&filter[addMisc]=0&filter[addTransport]=F&filter[fp]=1&order_by=ofr_price&filter[tourOperator]=0&filter[childAge][1]=20201210","https://datacfstatic.merlinx.pl/EXIM/IMG/103348/e7b4a733c33b44b22d3c150859dbebe61dc1aeef39ca74ab1fa3df8d1e54be7d.webp","https://fly.pl/wycieczka/grecja,kreta-zachodnia,scaleta/rethymno-mare-water-park-rethymno-15/pWX9Tx8lRmb_0RtKCaVOgXAAog6xvAp75FUI9_mWwYS5cl_kDIWrtVbaUEByVQestirPoqBEVYSU0wyZad1QZIoVhQAVimBGACagJBSXIhHBG0pwarBPCbQbkEXhuBzSkYt_c1AZm9hd4IAgBjAQIMC1BQyg/ofertasv/?filter[tourOperator]=EXIM&filter%5Bperson%5D=2&filter%5BchildAge%5D%5B1%5D=20201210&filter%5Bchild%5D=1"
"Apollonion Asterias Resort & Spa","11331.0","24.09.2026 - 01.10.2026","8 dni/7 nocy","","4.5","4.5","2690","tripadvisor","Warszawa","2026-09-14T01:17:57.528059+00:00","https://fly.pl/oferta/grecja-wczasy/?filter[dest]=14:&filter[hotelids]=&filter[cityids]=&filter[cregids]=&filter[ofrType]=&filter[addObjType]=&filter[whenFrom]=14-09-2026&filter[whenTo]=14-10-2026&filter[duration]=7:10&filter[from]=&filter[person]=2&filter[child]=1&filter[price]=4000:20000&filter[PriceFrom]=4000&filter[PriceTo]=20000&filter[addCategory]=50&filter[addCatering]=1&filter[addMisc]=0&filter[addTransport]=F&filter[fp]=1&order_by=ofr_price&filter[tourOperator]=0&filter[childAge][1]=20201210","https://datacfstatic.merlinx.pl/GRCS/IMG/EFLAPAS/dd9dfa168deb6b119dd9a5c34252fb990e15a6b56c075e127901cdf42fd662ba.webp","https://fly.pl/wycieczka/grecja,kefalonia,lixouri/apollonion-asterias-resort-spa-9/pFOKtxFJBBv_6G4s3SGu7fAAogWwVkidmiOkT2iJW3jkFnMW-dJZpoTu1e5LMymTKsgOMqBEdSQ1MwyZad1QZIw1hQQVjuAWADcj4VBxcAWAhWAlwCHYgDDw9AsQNStosBUwBb-wtej2Vh7UNLAAHb2ocBDdmuygggAFHYzrz7dAESYwECYwECC-pI7AQ/ofertasv/?filter[tourOperator]=GRCS&filter%5Bperson%5D=2&filter%5BchildAge%5D%5B1%5D=20201210&filter%5Bchild%5D=1"
"Mitsis Rodos Maris","11333.0","05.10.2026 - 12.10.2026","9 dni/7 nocy","","4.4","4.4","5794","tripadvisor","Wrocław","2026-09-14T01:17:57.528059+00:00","https://fly.pl/oferta/grecja-wczasy/?filter[dest]=14:&filter[hotelids]=&filter[cityids]=&filter[cregids]=&filter[ofrType]=&filter[addObjType]=&filter[whenFrom]=14-09-2026&filter[whenTo]=14-10-2026&filter[duration]=7:10&filter[from]=&filter[person]=2&filter[child]=1&filter[price]=4000:20000&filter[PriceFrom]=4000&filter[PriceTo]=20000&filter[addCategory]=50&filter[addCatering]=1&filter[addMisc]=0&filter[addTransport]=F&filter[fp]=1&order_by=ofr_price&filter[tourOperator]=0&filter[childAge][1]=20201210","https://fly.pl/cdn/photo/assets/uploads/582/278/2014/06/Hotel-Mitsis-Rodos-Maris.jpg","https://fly.pl/wycieczka/grecja,rodos,kiotari/mitsis-rodos-maris/pcF6BAjzAbaEN_MGJNX88FAAogEadqb4n6l4vLylSmVlesqU92int4ZV66IpvpGh-2oikqBEdSQ1MwyZad1QZIxVhQQVj2A2ADcj8VBxcBWAdWAlwCHY8CDxZAowRbhIABXrx8UpETUwBhuDVLAAHt8YABDbyT0QggAFHV8cTt3gEBEmMBAmMBAwuoorWd/ofertasv/?filter[tourOperator]=GRCS&filter%5Bperson%5D=2&filter%5BchildAge%5D%5B1%5D=20201210&filter%5Bchild%5D=1"
"Kiani Beach","11438.0","04.10.2026 - 11.10.2026","8 dni/7 nocy","","4.5","4.5","5357","tripadvisor","Wrocław","2026-09-14T01:17:57.528059+00:00","https://fly.pl/oferta/grecja-wczasy/?filter[dest]=14:&filter[hotelids]=&filter[cityids]=&filter[cregids]=&filter[ofrType]=&filter[addObjType]=&filter[whenFrom]=14-09-2026&filter[whenTo]=14-10-2026&filter[duration]=7:10&filter[from]=&filter[person]=2&filter[child]=1&filter[price]=4000:20000&filter[PriceFrom]=4000&filter[PriceTo]=20000&filter[addCategory]=50&filter[addCatering]=1&filter[addMisc]=0&filter[addTransport]=F&filter[fp]=1&order_by=ofr_price&filter[tourOperator]=0&filter[childAge][1]=20201210","https://fly.pl/cdn/photo/assets/uploads/582/278/2009/01/Kiani-Beach-Resort.jpg","https://fly.pl/wycieczka/grecja,kreta-zachodnia,kiani-akti/kiani-beach/pUnG2gHsb-_U6qEWf6eTd4AAognWsglmddeCIwqpur6iUpw_k7CFlJIoeTjQ_jBL-ZGugqBFJOQlcwyZad1QZIrllQQVjeA2ACagRCd2NEag1BTExfSU5DTFVTSVZFahoxNiwyOTYsMzgwLDQ3Nyw0ODMsNDg0LDQ4NXI6nwGWAZ4BFQcXAFgICgQRzANA-AMQ_iwZ5SpThB9SAEygVEuGeWEAD7fDQB1TIJ7BkQkNAAIMYwECC0vgqww/ofertasv/?filter[tourOperator]=RNBW&filter%5Bperson%5D=2&filter%5BchildAge%5D%5B1%5D=20201210&filter%5Bchild%5D=1"
"Gouves Water Park Holiday Resort","11457.0","29.09.2026 - 06.10.2026","8 dni/7 nocy","","4.2","4.2","3979","tripadvisor","Warszawa","2026-09-14T01:17:57.528059+00:00","https://fly.pl/oferta/grecja-wczasy/?filter[dest]=14:&filter[hotelids]=&filter[cityids]=&filter[cregids]=&filter[ofrType]=&filter[addObjType]=&filter[whenFrom]=14-09-2026&filter[whenTo]=14-10-2026&filter[duration]=7:10&filter[from]=&filter[person]=2&filter[child]=1&filter[price]=4000:20000&filter[PriceFrom]=4000&filter[PriceTo]=20000&filter[addCategory]=50&filter[addCatering]=1&filter[addMisc]=0&filter[addTransport]=F&filter[fp]=1&order_by=ofr_price&filter[tourOperator]=0&filter[childAge][1]=20201210","https://fly.pl/cdn/photo/assets/uploads/582/278/2014/09/Hotel-Gouves-Waterpark-Holiday-Resort.jpg","https://fly.pl/wycieczka/grecja,kreta,kato-gouves/gouves-park-holiday-resort/pFAvWZmSYs-6c1gsRsV6LVAAogK_Chlu7VrgIhyrhQajl_Ju9fQLaXlk20m0Jv3V1I7aIqBEVYSU0wzZad1QZIwVlQAVjmAmACagJBSXIhHBGzoAarBJ_3O7kEFhuLojIYxPA2AazKg6MLAhJjAQILA60Krg/ofertasv/?filter[tourOperator]=EXIM&filter%5Bperson%5D=2&filter%5BchildAge%5D%5B1%5D=20201210&filter%5Bchild%5D=1"
"Atlantica Porto Bello Royal","11457.0","29.09.2026 - 06.10.2026","8 dni/7 nocy","","4.5","4.5","4777","tripadvisor","Warszawa","2026-09-14T01:17:57.528059+00:00","https://fly.pl/oferta/grecja-wczasy/?filter[dest]=14:&filter[hotelids]=&filter[cityids]=&filter[cregids]=&filter[ofrType]=&filter[addObjType]=&filter[whenFrom]=14-09-2026&filter[whenTo]=14-10-2026&filter[duration]=7:10&filter[from]=&filter[person]=2&filter[child]=1&filter[price]=4000:20000&filter[PriceFrom]=4000&filter[PriceTo]=20000&filter[addCategory]=50&filter[addCatering]=1&filter[addMisc]=0&filter[addTransport]=F&filter[fp]=1&order_by=ofr_price&filter[tourOperator]=0&filter[childAge][1]=20201210","https://fly.pl/cdn/photo/assets/uploads/582/278/2015/04/Porto-Bello-Royal-fly-pl.jpg","https://fly.pl/wycieczka/grecja,kos,kardamena/porto-bello-royal/pFewFuAv0Ro6D6TyXq6GSZAAogwiQ95x_5Zg8PCC8QVLhiCvuwKk17hXBTlM8aujN4MDAqBFZJVFgwzZad1QZIwVlQQVjmAmACckAaABUHFwBcA1gFQI8DW7-DAVO_SFIAXv8zS-1DYQBMj7U5DarUmAkgAFHDpuDxpQFPnr87XdD9y_1fAgxjAQILO_D2KA/ofertasv/?filter[tourOperator]=VITX&filter%5Bperson%5D=2&filter%5BchildAge%5D%5B1%5D=20201210&filter%5Bchild%5D=1"
"Elios Hill","11657.0","30.09.2026 - 07.10.2026","8 dni/7 nocy","","4.8","4.8","1022","tripadvisor","Warszawa","2026-09-14T01:17:57.528059+00:00","https://fly.pl/oferta/grecja-wczasy/?filter[dest]=14:&filter[hotelids]=&filter[cityids]=&filter[cregids]=&filter[ofrType]=&filter[addObjType]=&filter[whenFrom]=14-09-2026&filter[whenTo]=14-10-2026&filter[duration]=7:10&filter[from]=&filter[person]=2&filter[child]=1&filter[price]=4000:20000&filter[PriceFrom]=4000&filter[PriceTo]=20000&filter[addCategory]=50&filter[addCatering]=1&filter[addMisc]=0&filter[addTransport]=F&filter[fp]=1&order_by=ofr_price&filter[tourOperator]=0&filter[childAge][1]=20201210","https://datacfstatic.merlinx.pl/ITAK/IMG/HERELII/11d97a26cb071a16efdd01b37549bd63bf490bae0d0435a468d3fa3ecf2ce2a8.webp","https://fly.pl/wycieczka/grecja,kreta-wschodnia,hersonissos/elios-hill-15/pKy6PYceVBa_XbDvgp03Y6AAogm-lxshHVebC8ZrIe4Bdgy73AkJpqCjYep0zwmCVvapIqBFZJVFgwzZad1QZIiVtQQVj-AmACckAaABUHFwBcA1gFQI8DW5eFAVPuJ1IAXvhSS-1DYQBMj7U5DavUmAkgAFGo_riNjQFPuLUyXczV8-F4AgxjAQILmAdPPQ/ofertasv/?filter[tourOperator]=VITX&filter%5Bperson%5D=2&filter%5BchildAge%5D%5B1%5D=20201210&filter%5Bchild%5D=1"
"Mythos Beach Resort","11840.0","02.10.2026 - 09.10.2026","8 dni/7 nocy","","","","","","Katowice","2026-09-14T01:17:57.528059+00:00","https://fly.pl/oferta/grecja-wczasy/?filter[dest]=14:&filter[hotelids]=&filter[cityids]=&filter[cregids]=&filter[ofrType]=&filter[addObjType]=&filter[whenFrom]=14-09-2026&filter[whenTo]=14-10-2026&filter[duration]=7:10&filter[from]=&filter[person]=2&filter[child]=1&filter[price]=4000:20000&filter[PriceFrom]=4000&filter[PriceTo]=20000&filter[addCategory]=50&filter[addCatering]=1&filter[addMisc]=0&filter[addTransport]=F&filter[fp]=1&order_by=ofr_price&filter[tourOperator]=0&filter[childAge][1]=20201210","https://datacfstatic.merlinx.pl/GRCS/IMG/RHOMYBE/668a217f19e766a69f46737d6bb5ff22f1210786788b9811ae24732fca942361.webp","https://fly.pl/wycieczka/grecja,rodos,afandu/mythos-beach-resort-10/pCzJ5jooStIcEWseMdODbrAAogU28AO3W2dDs2ijCUozIHUJ3l86o_X1m9AxsR6t9H0GYqBEdSQ1MwzZad1QZIwFxQQViuA2ADcj8XBxUAXANYBVYCHawCDxxAggRbloABYYNMSwBepzBSkRNTAAGstIIBDbKG0AggAFGwtbft3gEBEmMBAmMBAgs7mVjM/ofertasv/?filter[tourOperator]=GRCS&filter%5Bperson%5D=2&filter%5BchildAge%5D%5B1%5D=20201210&filter%5Bchild%5D=1"
"Serita Beach","11923.0","30.09.2026 - 08.10.2026","9 dni/7 nocy","","4.6","4.6","282","tripadvisor","Poznań","2026-09-14T01:17:57.528059+00:00","https://fly.pl/oferta/grecja-wczasy/?filter[dest]=14:&filter[hotelids]=&filter[cityids]=&filter[cregids]=&filter[ofrType]=&filter[addObjType]=&filter[whenFrom]=14-09-2026&filter[whenTo]=14-10-2026&filter[duration]=7:10&filter[from]=&filter[person]=2&filter[child]=1&filter[price]=4000:20000&filter[PriceFrom]=4000&filter[PriceTo]=20000&filter[addCategory]=50&filter[addCatering]=1&filter[addMisc]=0&filter[addTransport]=F&filter[fp]=1&order_by=ofr_price&filter[tourOperator]=0&filter[childAge][1]=20201210","https://fly.pl/cdn/photo/assets/uploads/582/278/2015/04/Serita-Beach.jpg","https://fly.pl/wycieczka/grecja,kreta-wschodnia,anissaras/mitsis-serita-beach/pAORt6V0PztWLPdsLM3IfIAAogsAiU-GARdnmunk9NLDTd1GLvNtRhYaXjhxV-8sjOOIgqBFJOQlcwzZad1QZIk11QQVj-AmACagRCd2NEag1BTExfSU5DTFVTSVZFahcyOTYsMzgwLDQ3Nyw0ODMsNDg0LDQ4NXI7nwGWAZ4BFQcXAVgHCgRAxAcR8TcZ7x9T7FBSABDVBEy6GkvhNGEAHZOJQQ-dBCD_vpEJDQACDGMBAgtSxdKY/ofertasv/?filter[tourOperator]=RNBW&filter%5Bperson%5D=2&filter%5BchildAge%5D%5B1%5D=20201210&filter%5Bchild%5D=1"
"Cabana Blu Hotel & Suites","11950.0","29.09.2026 - 06.10.2026","8 dni/7 nocy","","4.7","4.7","224","tripadvisor","Katowice","2026-09-14T01:17:57.528059+00:00","https://fly.pl/oferta/grecja-wczasy/?filter[dest]=14:&filter[hotelids]=&filter[cityids]=&filter[cregids]=&filter[ofrType]=&filter[addObjType]=&filter[whenFrom]=14-09-2026&filter[whenTo]=14-10-2026&filter[duration]=7:10&filter[from]=&filter[person]=2&filter[child]=1&filter[price]=4000:20000&filter[PriceFrom]=4000&filter[PriceTo]=20000&filter[addCategory]=50&filter[addCatering]=1&filter[addMisc]=0&filter[addTransport]=F&filter[fp]=1&order_by=ofr_price&filter[tourOperator]=0&filter[childAge][1]=20201210","https://fly.pl/cdn/photo/assets/uploads/582/278/2024/07/cabana-beach.jpg","https://fly.pl/wycieczka/grecja,kos,kardamena/cabana-beach-11/pFXIEo6Ag0d7ELdH88XEuBAAogf_scnvINjkEBRs7y7Bfj_YVbonqREx2CbpZmYND6wfwqBFJOQlcwzZad1QZIrl1QQVjmAmACagRCd2NEag1BTExfSU5DTFVTSVZFahcyOTYsMzgwLDQ3Nyw0ODMsNDg0LDQ4NWoTNDA0LDQwNyw0MDgsNTIxLDUyOHI8nwGWAZ4BlAEVBxcAWAgKBEDEBxG4Jxm7LxCxCVOhZ1IATKACS7gBYQAP1eVAHSUg05eSCQ0AAgxjAQILzRdOhw/ofertasv/?filter[tourOperator]=RNBW&filter%5Bperson%5D=2&filter%5BchildAge%5D%5B1%5D=20201210&filter%5Bchild%5D=1"
"Pegasos Beach (Faliraki)","11957.0","05.10.2026 - 12.10.2026","8 dni/7 nocy","","4.5","4.5","3256","tripadvisor","Katowice","2026-09-14T01:17:57.528059+00:00","https://fly.pl/oferta/grecja-wczasy/?filter[dest]=14:&filter[hotelids]=&filter[cityids]=&filter[cregids]=&filter[ofrType]=&filter[addObjType]=&filter[whenFrom]=14-09-2026&filter[whenTo]=14-10-2026&filter[duration]=7:10&filter[from]=&filter[person]=2&filter[child]=1&filter[price]=4000:20000&filter[PriceFrom]=4000&filter[PriceTo]=20000&filter[addCategory]=50&filter[addCatering]=1&filter[addMisc]=0&filter[addTransport]=F&filter[fp]=1&order_by=ofr_price&filter[tourOperator]=0&filter[childAge][1]=20201210","https://fly.pl/cdn/photo/assets/uploads/582/278/2015/04/Pegasos-Deluxe-Beach-Hotel.jpg","https://fly.pl/wycieczka/grecja,rodos,faliraki/pegasos-beach-faliraki/pd4UFP99gX8J08M7384ehvAAogRwGzP_RFS4DFzekkmozyx4fOApdH5DIVy-doEfgir9sqBFZJVFgwzZad1QZItV1QQVj2A2ACckAaABUHFwBcA1gFQI8DW6eGAWGvSUsAXqcwUpETUwBMyuU5DZfVmAkgAF2ku5HsqAFPoPSfgTZRmoINAg1jAQIMav8cKg/ofertasv/?filter[tourOperator]=VITX&filter%5Bperson%5D=2&filter%5BchildAge%5D%5B1%5D=20201210&filter%5Bchild%5D=1"
"Rethymno Mare Royal & Water Park (ex. Bomo)","11992.0","04.10.2026 - 11.10.2026","8 dni/7 nocy","","4.1","4.1","429","tripadvisor","Wrocław","2026-09-14T01:17:57.528059+00:00","https://fly.pl/oferta/grecja-wczasy/?filter[dest]=14:&filter[hotelids]=&filter[cityids]=&filter[cregids]=&filter[ofrType]=&filter[addObjType]=&filter[whenFrom]=14-09-2026&filter[whenTo]=14-10-2026&filter[duration]=7:10&filter[from]=&filter[person]=2&filter[child]=1&filter[price]=4000:20000&filter[PriceFrom]=4000&filter[PriceTo]=20000&filter[addCategory]=50&filter[addCatering]=1&filter[addMisc]=0&filter[addTransport]=F&filter[fp]=1&order_by=ofr_price&filter[tourOperator]=0&filter[childAge][1]=20201210","https://fly.pl/cdn/photo/assets/uploads/582/278/2015/04/Rethymno-Mare-Royal-fly-pl.jpg","https://fly.pl/wycieczka/grecja,kreta-zachodnia,scaleta/rethymno-mare-royal/pYdmfJxxmuYD2gnF0BuwWvAAogDtY9Zg9nOjSJ7_hjA0ZVJvk7CFlJIoeTjQ_jBL-ZGugqBFJOQlcwzZad1QZI2F1QQVjeA2ACagRCd2NEag1BTExfSU5DTFVTSVZFahoxNiwyOTYsMzgwLDQ3Nyw0ODMsNDg0LDQ4NXI6nwGWAZ4BFQcXAFgICgRAxAcRwxsZoDxThB9SABCzFUztPkuGeWEAD7fDQB1TIJ7BkQkNAAIMYwECC_s2mG0/ofertasv/?filter[tourOperator]=RNBW&filter%5Bperson%5D=2&filter%5BchildAge%5D%5B1%5D=20201210&filter%5Bchild%5D=1"
"Sea Coast Halkidiki","12027.0","26.09.2026 - 03.10.2026","8 dni/7 nocy","","","","","","Kraków","2026-09-14T01:17:57.528059+00:00","https://fly.pl/oferta/grecja-wczasy/?filter[dest]=14:&filter[hotelids]=&filter[cityids]=&filter[cregids]=&filter[ofrType]=&filter[addObjType]=&filter[whenFrom]=14-09-2026&filter[whenTo]=14-10-2026&filter[duration]=7:10&filter[from]=&filter[person]=2&filter[child]=1&filter[price]=4000:20000&filter[PriceFrom]=4000&filter[PriceTo]=20000&filter[addCategory]=50&filter[addCatering]=1&filter[addMisc]=0&filter[addTransport]=F&filter[fp]=1&order_by=ofr_price&filter[tourOperator]=0&filter[childAge][1]=20201210","https://datacfstatic.merlinx.pl/OASI/IMG/23665/e797aa69eefa812e7b5d1fd5e3caad70dbb6ddaa106cb959a18e728a9ae1e13d.webp","https://fly.pl/wycieczka/grecja,chalkidiki,gerakini/sea-coast-halkidiki-11/ptbJk9CawCpjA-x5O-6k4uAAogTHWcIP8UXgB91UvrkO_ppuukAK2dz4nwiMlLwVUx7twqBE9BU0kwzZad1QZI-11QAVieAmACagNBSWxyIRwR8bgBuQS4sA2rBAEb4fELGKKnDwGOvdzuAQIAYwECBSX00lc/ofertasv/?filter[tourOperator]=OASI&filter%5Bperson%5D=2&filter%5BchildAge%5D%5B1%5D=20201210&filter%5Bchild%5D=1"
"Bella Beach","12054.0","30.09.2026 - 08.10.2026","9 dni/7 nocy","","4.2","4.2","1964","tripadvisor","Poznań","2026-09-14T01:17:57.528059+00:00","https://fly.pl/oferta/grecja-wczasy/?filter[dest]=14:&filter[hotelids]=&filter[cityids]=&filter[cregids]=&filter[ofrType]=&filter[addObjType]=&filter[whenFrom]=14-09-2026&filter[whenTo]=14-10-2026&filter[duration]=7:10&filter[from]=&filter[person]=2&filter[child]=1&filter[price]=4000:20000&filter[PriceFrom]=4000&filter[PriceTo]=20000&filter[addCategory]=50&filter[addCatering]=1&filter[addMisc]=0&filter[addTransport]=F&filter[fp]=1&order_by=ofr_price&filter[tourOperator]=0&filter[childAge][1]=20201210","https://fly.pl/cdn/photo/assets/uploads/582/278/2014/07/Bella-Beach.jpg","https://fly.pl/wycieczka/grecja,kreta-wschodnia,anissaras/bella-beach/pVgY9hZOKCtz9QdWcbss5tAAogkHSHLg7wh-weYgiHfOCLHWLvNtRhYaXjhxV-8sjOOIgqBFJOQlcwzZad1QZIll5QQVj-AmACagRCd2NMag1BTExfSU5DTFVTSVZFahcyOTYsMzgwLDQ3Nyw0ODMsNDg0LDQ4NXI7nwGWAZ4BFQcXAVgHCgZAwgcR2TgZhx9T7FBSABDACEzPFkvhNGEAHZOJQQ-dBCD_vpEJDQACDGMBAgXLy71d/ofertasv/?filter[tourOperator]=RNBW&filter%5Bperson%5D=2&filter%5BchildAge%5D%5B1%5D=20201210&filter%5Bchild%5D=1"
"Mitsis Rodos Village","12080.0","28.09.2026 - 05.10.2026","9 dni/7 nocy","","4.2","4.2","5377","tripadvisor","Katowice","2026-09-14T01:17:57.528059+00:00","https://fly.pl/oferta/grecja-wczasy/?filter[dest]=14:&filter[hotelids]=&filter[cityids]=&filter[cregids]=&filter[ofrType]=&filter[addObjType]=&filter[whenFrom]=14-09-2026&filter[whenTo]=14-10-2026&filter[duration]=7:10&filter[from]=&filter[person]=2&filter[child]=1&filter[price]=4000:20000&filter[PriceFrom]=4000&filter[PriceTo]=20000&filter[addCategory]=50&filter[addCatering]=1&filter[addMisc]=0&filter[addTransport]=F&filter[fp]=1&order_by=ofr_price&filter[tourOperator]=0&filter[childAge][1]=20201210","https://fly.pl/cdn/photo/assets/uploads/582/278/2015/01/Hotel-Mitsis-Rodos-Village.jpg","https://fly.pl/wycieczka/grecja,rodos,kiotari/mitsis-rodos-village/pxhRcisZt4Q132_P-zfHIqAAogYWX2zs45jdXHrLQ1wbXMqIT95WfUFwPznmpBvwfZt9AqBEdSQ1MwzZad1QZIsF5QQVjOAmADckAVBxcBWAdWAlwCD6QCQKQEHXlLoMsBXqcwUpETUwBb5Q1h0ycB_OaBAQ3gndAIIABR7vTE7d4BARJjAQJjAQMLeevq6A/ofertasv/?filter[tourOperator]=GRCS&filter%5Bperson%5D=2&filter%5BchildAge%5D%5B1%5D=20201210&filter%5Bchild%5D=1"
"Domes Aulus Zante Autograph Collection","12127.0","05.10.2026 - 12.10.2026","8 dni/7 nocy","","4.5","4.5","1619","tripadvisor","Warszawa - Modlin","2026-09-14T01:17:57.528059+00:00","https://fly.pl/oferta/grecja-wczasy/?filter[dest]=14:&filter[hotelids]=&filter[cityids]=&filter[cregids]=&filter[ofrType]=&filter[addObjType]=&filter[whenFrom]=14-09-2026&filter[whenTo]=14-10-2026&filter[duration]=7:10&filter[from]=&filter[person]=2&filter[child]=1&filter[price]=4000:20000&filter[PriceFrom]=4000&filter[PriceTo]=20000&filter[addCategory]=50&filter[addCatering]=1&filter[addMisc]=0&filter[addTransport]=F&filter[fp]=1&order_by=ofr_price&filter[tourOperator]=0&filter[childAge][1]=20201210","https://fly.pl/cdn/photo/assets/uploads/582/278/2015/04/Domes-Aulus-Zante-Autograph-Collection.jpg","https://fly.pl/wycieczka/grecja,zakynthos,laganas/louis-zante-beach/p7vI8YnIGXe9nm1dDvRFmpAAogvCf6Bw_H9q0oflX2Pk1jBLcuNVpQNKpGV4LJNak8M1IqBEVYSU0wzZad1QZI315QAVj2A2ACagJBSXIhHBGJxQarBNfBQLkEFRuRrjcYpZo7Ae7Y4ZgLAgBjAQILFvSkJg/ofertasv/?filter[tourOperator]=EXIM&filter%5Bperson%5D=2&filter%5BchildAge%5D%5B1%5D=20201210&filter%5Bchild%5D=1"
"Ramada Athens Attica Riviera (ex Aquamarina)","12243.0","07.10.2026 - 14.10.2026","8 dni/7 nocy","","4.3","4.3","367","tripadvisor","Katowice","2026-09-14T01:17:57.528059+00:00","https://fly.pl/oferta/grecja-wczasy/?filter[dest]=14:&filter[hotelids]=&filter[cityids]=&filter[cregids]=&filter[ofrType]=&filter[addObjType]=&filter[whenFrom]=14-09-2026&filter[whenTo]=14-10-2026&filter[duration]=7:10&filter[from]=&filter[person]=2&filter[child]=1&filter[price]=4000:20000&filter[PriceFrom]=4000&filter[PriceTo]=20000&filter[addCategory]=50&filter[addCatering]=1&filter[addMisc]=0&filter[addTransport]=F&filter[fp]=1&order_by=ofr_price&filter[tourOperator]=0&filter[childAge][1]=20201210","https://fly.pl/cdn/photo/assets/uploads/582/278/2015/02/Aquamarina-Mati-fly-pl.jpg","https://fly.pl/wycieczka/grecja,attyka,mati/aquis-aquamarina-mati/p3-LOc7bLCcIYn7SRpGSraAAogmT_QIiIWmAtZVdmJNtu5VT0o2Ft4Z2C5LACh2uqlxqoqBEJWQkUwzZad1QZI019QAVimBGACagJBSXIhHBGF6AEbnfdAGPWGFbkE5q4nqwQfAe2z9dgDAhJjAQIL4PLdaA/ofertasv/?filter[tourOperator]=BVBE&filter%5Bperson%5D=2&filter%5BchildAge%5D%5B1%5D=20201210&filter%5Bchild%5D=1"
"Ostria Beach Resort & Spa","12257.0","30.09.2026 - 07.10.2026","8 dni/7 nocy","","4.6","4.6","5736","tripadvisor","Katowice","2026-09-14T01:17:57.528059+00:00","https://fly.pl/oferta/grecja-wczasy/?filter[dest]=14:&filter[hotelids]=&filter[cityids]=&filter[cregids]=&filter[ofrType]=&filter[addObjType]=&filter[whenFrom]=14-09-2026&filter[whenTo]=14-10-2026&filter[duration]=7:10&filter[from]=&filter[person]=2&filter[child]=1&filter[price]=4000:20000&filter[PriceFrom]=4000&filter[PriceTo]=20000&filter[addCategory]=50&filter[addCatering]=1&filter[addMisc]=0&filter[addTransport]=F&filter[fp]=1&order_by=ofr_price&filter[tourOperator]=0&filter[childAge][1]=20201210","https://fly.pl/cdn/photo/assets/uploads/582/278/2008/12/Ostria-Beach2949.jpg","https://fly.pl/wycieczka/grecja,kreta-wschodnia,ierapetra/ostria-beach/p6PKv71hNrukgJziP9RIHgAAogiFxvDZjEUorGppYzSPfO7_ItLA4jFfED9OGQAGBJtSEqBFZJVFgwzZad1QZI4V9QQVj-AmACckAaABUHFwBcA1gFQI8DW6eGAVPeJlIAYdEiSwBepzBM_Pg5DavUmAkgAE-Q3sqNjQFRnacLXf_bnt4bAg1jAQIMNyMpRQ/ofertasv/?filter[tourOperator]=VITX&filter%5Bperson%5D=2&filter%5BchildAge%5D%5B1%5D=20201210&filter%5Bchild%5D=1"
"Out of the Blue Resort","12337.0","23.09.2026 - 30.09.2026","8 dni/7 nocy","","4.0","4.0","2187","tripadvisor","Kraków","2026-09-14T01:17:57.528059+00:00","https://fly.pl/oferta/grecja-wczasy/?filter[dest]=14:&filter[hotelids]=&filter[cityids]=&filter[cregids]=&filter[ofrType]=&filter[addObjType]=&filter[whenFrom]=14-09-2026&filter[whenTo]=14-10-2026&filter[duration]=7:10&filter[from]=&filter[person]=2&filter[child]=1&filter[price]=4000:20000&filter[PriceFrom]=4000&filter[PriceTo]=20000&filter[addCategory]=50&filter[addCatering]=1&filter[addMisc]=0&filter[addTransport]=F&filter[fp]=1&order_by=ofr_price&filter[tourOperator]=0&filter[childAge][1]=20201210","https://fly.pl/cdn/photo/assets/uploads/582/278/2014/09/Out-of-the-Blue-Beach-Resort.jpg","https://fly.pl/wycieczka/grecja,kreta-wschodnia,agia-pelagia/capsis-out-of-the-blue-resort/pbKBsU0DhQujpHAVr-Ik7uAAogOrmHmNFz-OP35yhKVlJ6JT-jZTrfweXfsV-w4aFWHmAqBFZJVFgwzZad1QZIsWBQQVjWAWACcj8aABUHFwBcA1gFQI8DW810U7g4UgBh_SFLAF77MEz9sB0No5y1CSAAUYW4so2NAU_Cjhhd7PKGmxsCDmMBAg3jpSv9/ofertasv/?filter[tourOperator]=VITX&filter%5Bperson%5D=2&filter%5BchildAge%5D%5B1%5D=20201210&filter%5Bchild%5D=1"
"Blue Marine Resort & SPA","12397.0","29.09.2026 - 06.10.2026","8 dni/7 nocy","","4.3","4.3","2272","tripadvisor","Warszawa","2026-09-14T01:17:57.528059+00:00","https://fly.pl/oferta/grecja-wczasy/?filter[dest]=14:&filter[hotelids]=&filter[cityids]=&filter[cregids]=&filter[ofrType]=&filter[addObjType]=&filter[whenFrom]=14-09-2026&filter[whenTo]=14-10-2026&filter[duration]=7:10&filter[from]=&filter[person]=2&filter[child]=1&filter[price]=4000:20000&filter[PriceFrom]=4000&filter[PriceTo]=20000&filter[addCategory]=50&filter[addCatering]=1&filter[addMisc]=0&filter[addTransport]=F&filter[fp]=1&order_by=ofr_price&filter[tourOperator]=0&filter[childAge][1]=20201210","https://fly.pl/cdn/photo/assets/uploads/582/278/2015/04/Blue-Marine-Resort-SPA.jpg","https://fly.pl/wycieczka/grecja,kreta-wschodnia,agios-nikolaos/blue-marine-resort-spa/pzLY4i-o-5RcNeEmC0j6qWAAognUIEIFEERWwJsWMUARl6pUBM5DhSNmFSGYEI-pbv_aYqBEJWQkUwzZad1QZI7WBQAVjmAmACagJBSXIhHBHCgAEbwr49GO3fEasEsvkquQQBAdHSu-UCAgBjAQILzGM-5Q/ofertasv/?filter[tourOperator]=BVBE&filter%5Bperson%5D=2&filter%5BchildAge%5D%5B1%5D=20201210&filter%5Bchild%5D=1"
"Kakkos Bay","12436.0","27.09.2026 - 04.10.2026","8 dni/7 nocy","","4.6","4.6","302","tripadvisor","Katowice","2026-09-14T01:17:57.528059+00:00","https://fly.pl/oferta/grecja-wczasy/?filter[dest]=14:&filter[hotelids]=&filter[cityids]=&filter[cregids]=&filter[ofrType]=&filter[addObjType]=&filter[whenFrom]=14-09-2026&filter[whenTo]=14-10-2026&filter[duration]=7:10&filter[from]=&filter[person]=2&filter[child]=1&filter[price]=4000:20000&filter[PriceFrom]=4000&filter[PriceTo]=20000&filter[addCategory]=50&filter[addCatering]=1&filter[addMisc]=0&filter[addTransport]=F&filter[fp]=1&order_by=ofr_price&filter[tourOperator]=0&filter[childAge][1]=20201210","https://fly.pl/cdn/photo/assets/uploads/582/278/2015/04/Kakkos-Bay.jpg","https://fly.pl/wycieczka/grecja,kreta-wschodnia,ierapetra/kakkos-bay/ptvTY52qiRraPZ4C8fl-GsAAogXwLHxKo4NWxHliukOrFfoUUpJbyh4bRg2u8oMCiJdB0qBEdSQ1MwzZad1QZIlGFQQVi2AmADcj8VBxcAWAhWAlwCHZIEDxRAogJb85kBUtUPUwBh0SJLAF6nMAG8ioYBDejCzAggAFH3l8mNjQEBEmMBAmMBAgvDvywO/ofertasv/?filter[tourOperator]=GRCS&filter%5Bperson%5D=2&filter%5BchildAge%5D%5B1%5D=20201210&filter%5Bchild%5D=1"
"Mitsis Norida","12444.0","06.10.2026 - 13.10.2026","8 dni/7 nocy","","4.3","4.3","3831","tripadvisor","Katowice","2026-09-14T01:17:57.528059+00:00","https://fly.pl/oferta/grecja-wczasy/?filter[dest]=14:&filter[hotelids]=&filter[cityids]=&filter[cregids]=&filter[ofrType]=&filter[addObjType]=&filter[whenFrom]=14-09-2026&filter[whenTo]=14-10-2026&filter[duration]=7:10&filter[from]=&filter[person]=2&filter[child]=1&filter[price]=4000:20000&filter[PriceFrom]=4000&filter[PriceTo]=20000&filter[addCategory]=50&filter[addCatering]=1&filter[addMisc]=0&filter[addTransport]=F&filter[fp]=1&order_by=ofr_price&filter[tourOperator]=0&filter[childAge][1]=20201210","https://fly.pl/cdn/photo/assets/uploads/582/278/2014/09/Mitsis-Norida.jpg","https://fly.pl/wycieczka/grecja,kos,kardamaina/mitsis-norida-beach/pSZXZekOGjOliOHHR367F0AAogEvf2nUJEgi5DrGw08I5sGYMfMFtgMqTpzoUJuvO9I4MqBEdSQ1MwzZad1QZInGFQQViOBGADcj8VBxcAWAhWAlwCHewCD_MCQGlb5oUBUttCUwBh2ANLAF6nMAHNlokBDaa3yQggAFGQoYPypQEBEmMBAmMBAwuYdQbg/ofertasv/?filter[tourOperator]=GRCS&filter%5Bperson%5D=2&filter%5BchildAge%5D%5B1%5D=20201210&filter%5Bchild%5D=1"
"Alia Palace","12477.0","07.10.2026 - 14.10.2026","8 dni/7 nocy","","4.1","4.1","1245","tripadvisor","Kraków","2026-09-14T01:17:57.528059+00:00","https://fly.pl/oferta/grecja-wczasy/?filter[dest]=14:&filter[hotelids]=&filter[cityids]=&filter[cregids]=&filter[ofrType]=&filter[addObjType]=&filter[whenFrom]=14-09-2026&filter[whenTo]=14-10-2026&filter[duration]=7:10&filter[from]=&filter[person]=2&filter[child]=1&filter[price]=4000:20000&filter[PriceFrom]=4000&filter[PriceTo]=20000&filter[addCategory]=50&filter[addCatering]=1&filter[addMisc]=0&filter[addTransport]=F&filter[fp]=1&order_by=ofr_price&filter[tourOperator]=0&filter[childAge][1]=20201210","https://fly.pl/cdn/photo/assets/uploads/582/278/2015/06/Alia-Palace-fly-pl.jpg","https://fly.pl/wycieczka/grecja,chalkidiki,pefkohori/alia-palace-2/pvP6LFgVxXLFPdlcVuCCHnAAogKxU6M3oxv4H5lIYnj2SUhw1kBWbWYi2S9quy3nOeKxoqBFZJVFgwzZad1QZIvWFQQVimBGACagpBTVRTR1IwSFFDagpSTTAwVFBTVjAwagxLUktTS0dEUDQwMTlqDFNLR0tSS0RQNDAxOXI0kQGbAZ0BjwEaABcHFQBcA1gFQI8DS4LPAWEAXvswUoUeUwBM-K04IPeBmgkNAAEQYwIDY-RtYfY/ofertasv/?filter[tourOperator]=VITX&filter%5Bperson%5D=2&filter%5BchildAge%5D%5B1%5D=20201210&filter%5Bchild%5D=1"
"Grecotel LuxMe Costa Botanica (ex. Gelina Village)","12533.0","07.10.2026 - 14.10.2026","8 dni/7 nocy","","4.3","4.3","695","tripadvisor","Warszawa - Modlin","2026-09-14T01:17:57.528059+00:00","https://fly.pl/oferta/grecja-wczasy/?filter[dest]=14:&filter[hotelids]=&filter[cityids]=&filter[cregids]=&filter[ofrType]=&filter[addObjType]=&filter[whenFrom]=14-09-2026&filter[whenTo]=14-10-2026&filter[duration]=7:10&filter[from]=&filter[person]=2&filter[child]=1&filter[price]=4000:20000&filter[PriceFrom]=4000&filter[PriceTo]=20000&filter[addCategory]=50&filter[addCatering]=1&filter[addMisc]=0&filter[addTransport]=F&filter[fp]=1&order_by=ofr_price&filter[tourOperator]=0&filter[childAge][1]=20201210","https://fly.pl/cdn/photo/assets/uploads/582/278/2014/06/GRECOTEL-COSTA-BOTANICA.jpg","https://fly.pl/wycieczka/grecja,korfu,acharavi/gelina-village/pQLWleBkixm2QIJ87a6ainAAogjXpB5QiqSeHwV0PyDUadtILKx5eheB5oN9YTxoF_GfgqBEJWQkUwzZad1QZI9WFQAVimBGACagJBSXIhHBHs0QEbiMw9GKD9EasEuP0puQRSAdX7qfUCAhJjAQILEVBUog/ofertasv/?filter[tourOperator]=BVBE&filter%5Bperson%5D=2&filter%5BchildAge%5D%5B1%5D=20201210&filter%5Bchild%5D=1"
"CHC Athina Palace Resort & Spa (Agia Pelagia)","12562.0","24.09.2026 - 01.10.2026","8 dni/7 nocy","","4.2","4.2","3014","tripadvisor","Warszawa","2026-09-14T01:17:57.528059+00:00","https://fly.pl/oferta/grecja-wczasy/?filter[dest]=14:&filter[hotelids]=&filter[cityids]=&filter[cregids]=&filter[ofrType]=&filter[addObjType]=&filter[whenFrom]=14-09-2026&filter[whenTo]=14-10-2026&filter[duration]=7:10&filter[from]=&filter[person]=2&filter[child]=1&filter[price]=4000:20000&filter[PriceFrom]=4000&filter[PriceTo]=20000&filter[addCategory]=50&filter[addCatering]=1&filter[addMisc]=0&filter[addTransport]=F&filter[fp]=1&order_by=ofr_price&filter[tourOperator]=0&filter[childAge][1]=20201210","https://fly.pl/cdn/photo/assets/uploads/582/278/2014/09/Athina-Palace-Resort-and-Spa.jpg","https://fly.pl/wycieczka/grecja,kreta-wschodnia,agia-pelagia/athina-palace/pFwytcUI3GprFOgJuU45JtAAogKSs_gijKuwChy1xxC1Cm-m-NlNwAhH3sFgOdKqLT0P4qBE9BU0kwzZad1QZIkmJQAVjuAWACagNBSWxyIBwRtm-5BLv-DasEARu86w0YtNQQAZiNpIECAgBjAQIL1_dqSw/ofertasv/?filter[tourOperator]=OASI&filter%5Bperson%5D=2&filter%5BchildAge%5D%5B1%5D=20201210&filter%5Bchild%5D=1"
"Akasha Beach (ex Armava)","12643.0","07.10.2026 - 14.10.2026","8 dni/7 nocy","","4.6","4.6","946","tripadvisor","Katowice","2026-09-14T01:17:57.528059+00:00","https://fly.pl/oferta/grecja-wczasy/?filter[dest]=14:&filter[hotelids]=&filter[cityids]=&filter[cregids]=&filter[ofrType]=&filter[addObjType]=&filter[whenFrom]=14-09-2026&filter[whenTo]=14-10-2026&filter[duration]=7:10&filter[from]=&filter[person]=2&filter[child]=1&filter[price]=4000:20000&filter[PriceFrom]=4000&filter[PriceTo]=20000&filter[addCategory]=50&filter[addCatering]=1&filter[addMisc]=0&filter[addTransport]=F&filter[fp]=1&order_by=ofr_price&filter[tourOperator]=0&filter[childAge][1]=20201210","https://fly.pl/cdn/photo/assets/uploads/582/278/2014/09/Akasha-Beach-Hotel-SPA.jpg","https://fly.pl/wycieczka/grecja,kreta,hersonissos/armava/pnd9kCncsMNO4MMVawJ2Z0AAogBFsX2yyL3S0ckiPLm8RbWwAAAAACpgQAGKYEAAcAAAAqBFdFWlkwzZad1QZI42JQQVimBGADaglFbnRlciBBaXJqBDAyMDVqBDA2MDVyQZ4BkwGUAR8AAgEcABYEFwIS1gQVpQYYwwFA3HRPgi9MAEvRIlAAEfsRHZPnECAWG9zOYg2btt8IARJjAQ1jAQIMUQN9sQ/ofertasv/?filter[tourOperator]=WEZY&filter%5Bperson%5D=2&filter%5BchildAge%5D%5B1%5D=20201210&filter%5Bchild%5D=1"
"Kresten Royal Euphoria Resort (ex. Kresten Royal Villas)","12653.0","28.09.2026 - 05.10.2026","8 dni/7 nocy","","4.2","4.2","3653","tripadvisor","Warszawa - Modlin","2026-09-14T01:17:57.528059+00:00","https://fly.pl/oferta/grecja-wczasy/?filter[dest]=14:&filter[hotelids]=&filter[cityids]=&filter[cregids]=&filter[ofrType]=&filter[addObjType]=&filter[whenFrom]=14-09-2026&filter[whenTo]=14-10-2026&filter[duration]=7:10&filter[from]=&filter[person]=2&filter[child]=1&filter[price]=4000:20000&filter[PriceFrom]=4000&filter[PriceTo]=20000&filter[addCategory]=50&filter[addCatering]=1&filter[addMisc]=0&filter[addTransport]=F&filter[fp]=1&order_by=ofr_price&filter[tourOperator]=0&filter[childAge][1]=20201210","https://fly.pl/cdn/photo/assets/uploads/582/278/2015/04/Kresten-Royal-Euphoria-Resort.jpg","https://fly.pl/wycieczka/grecja,rodos,kallithea/kresten-royal-villas/p05qCgJlVy_y9YpYs-ewatAAoguCPTOcIE1FMAzysOonMXzdgK6adpaqDK0M6O-zwymw0qBE9OSE8wzZad1QZI7WJQAVjOAmACagNVQUlyHBwRwwgbnUAYn265BJlsqwQBAaedjgICEmMBAguEqRRB/ofertasv/?filter[tourOperator]=ONHO&filter%5Bperson%5D=2&filter%5BchildAge%5D%5B1%5D=20201210&filter%5Bchild%5D=1"
"Lyttos Beach","12947.0","07.10.2026 - 14.10.2026","8 dni/7 nocy","","4.7","4.7","3129","tripadvisor","Kraków","2026-09-14T01:17:57.528059+00:00","https://fly.pl/oferta/grecja-wczasy/?filter[dest]=14:&filter[hotelids]=&filter[cityids]=&filter[cregids]=&filter[ofrType]=&filter[addObjType]=&filter[whenFrom]=14-09-2026&filter[whenTo]=14-10-2026&filter[duration]=7:10&filter[from]=&filter[person]=2&filter[child]=1&filter[price]=4000:20000&filter[PriceFrom]=4000&filter[PriceTo]=20000&filter[addCategory]=50&filter[addCatering]=1&filter[addMisc]=0&filter[addTransport]=F&filter[fp]=1&order_by=ofr_price&filter[tourOperator]=0&filter[childAge][1]=20201210","https://fly.pl/cdn/photo/assets/uploads/582/278/2014/08/Lyttos-Beach-fly-pl-1.jpg","https://fly.pl/wycieczka/grecja,kreta-wschodnia,analipsis/lyttos-beach/p2cS5f6AaY0dR9KLZulcDbAAogBSHRb1vtqan78_LIloUaD-TSphl5RLvYNefjhP_d-yIqBEVYSU0wzZad1QZIk2VQAVimBGACagJBSXIhHBHJxAarBLDSO7kEFhusiTwYg4E7AZXKw50LAgBjAQIMpvGHUg/ofertasv/?filter[tourOperator]=EXIM&filter%5Bperson%5D=2&filter%5BchildAge%5D%5B1%5D=20201210&filter%5Bchild%5D=1"
"Amada Colossos Resort (ex Louis Beach)","12957.0","05.10.2026 - 12.10.2026","8 dni/7 nocy","","4.4","4.4","2181","tripadvisor","Warszawa","2026-09-14T01:17:57.528059+00:00","https://fly.pl/oferta/grecja-wczasy/?filter[dest]=14:&filter[hotelids]=&filter[cityids]=&filter[cregids]=&filter[ofrType]=&filter[addObjType]=&filter[whenFrom]=14-09-2026&filter[whenTo]=14-10-2026&filter[duration]=7:10&filter[from]=&filter[person]=2&filter[child]=1&filter[price]=4000:20000&filter[PriceFrom]=4000&filter[PriceTo]=20000&filter[addCategory]=50&filter[addCatering]=1&filter[addMisc]=0&filter[addTransport]=F&filter[fp]=1&order_by=ofr_price&filter[tourOperator]=0&filter[childAge][1]=20201210","https://fly.pl/cdn/photo/assets/uploads/582/278/2015/06/Amada-Colossos-Resort.jpg","https://fly.pl/wycieczka/grecja,rodos,faliraki/louis-colossos-beach/p-21ZiuIK_QHXPZ2kT2WXVAAogRYh3P8WkcoKwrBtdgfY7dm8_Hp_6f41IE8L-a8hwNcEqBFZJVFgwzZad1QZInWVQQVj2A2ACckAaABUHFwBcA1gFQI8DW7-DAV6-fFKRE1MAS9wwYQBM7rQ5DZfVmAkgAFH_lZrt3gFPle83XZDeqYInAg1jAQIMqptXaQ/ofertasv/?filter[tourOperator]=VITX&filter%5Bperson%5D=2&filter%5BchildAge%5D%5B1%5D=20201210&filter%5Bchild%5D=1"
"Euphoria Resort","13006.0","07.10.2026 - 14.10.2026","8 dni/7 nocy","","4.5","4.5","1091","tripadvisor","Warszawa - Modlin","2026-09-14T01:17:57.528059+00:00","https://fly.pl/oferta/grecja-wczasy/?filter[dest]=14:&filter[hotelids]=&filter[cityids]=&filter[cregids]=&filter[ofrType]=&filter[addObjType]=&filter[whenFrom]=14-09-2026&filter[whenTo]=14-10-2026&filter[duration]=7:10&filter[from]=&filter[person]=2&filter[child]=1&filter[price]=4000:20000&filter[PriceFrom]=4000&filter[PriceTo]=20000&filter[addCategory]=50&filter[addCatering]=1&filter[addMisc]=0&filter[addTransport]=F&filter[fp]=1&order_by=ofr_price&filter[tourOperator]=0&filter[childAge][1]=20201210","https://fly.pl/cdn/photo/assets/uploads/582/278/2017/09/Euphoria-Resort.jpg","https://fly.pl/wycieczka/grecja,kreta-zachodnia,kolymvari/euphoria-resort/phG5PycqWzm3oNUBBZKk9vAAog_JCbhs3me1809-ABS0WG-VlpPhn1MYxAg-3xhi_rg7cqBEJWQkUwzZad1QZIzmVQAVimBGACagNVQUlyIhwRpbABG6yMPBjL8hGrBJ3sK7kE4QYBt-3YzgQCEmMBAgwPiWqG/ofertasv/?filter[tourOperator]=BVBE&filter%5Bperson%5D=2&filter%5BchildAge%5D%5B1%5D=20201210&filter%5Bchild%5D=1"
"Fodele Beach & Water Park Holiday Resort","13076.0","04.10.2026 - 11.10.2026","8 dni/7 nocy","","4.5","4.5","1944","tripadvisor","Katowice","2026-09-14T01:17:57.528059+00:00","https://fly.pl/oferta/grecja-wczasy/?filter[dest]=14:&filter[hotelids]=&filter[cityids]=&filter[cregids]=&filter[ofrType]=&filter[addObjType]=&filter[whenFrom]=14-09-2026&filter[whenTo]=14-10-2026&filter[duration]=7:10&filter[from]=&filter[person]=2&filter[child]=1&filter[price]=4000:20000&filter[PriceFrom]=4000&filter[PriceTo]=20000&filter[addCategory]=50&filter[addCatering]=1&filter[addMisc]=0&filter[addTransport]=F&filter[fp]=1&order_by=ofr_price&filter[tourOperator]=0&filter[childAge][1]=20201210","https://fly.pl/cdn/photo/assets/uploads/582/278/2015/02/Fodele-Beach.jpg","https://fly.pl/wycieczka/grecja,kreta-wschodnia,fodele/fodele-beach/pImD2NBOkGd2ULK9sQpEBRAAog1ZDUvk7kUCp0_lkGLYTgTwAAAAC6pwQA1qcEAAcAAAAqBFdFWlkwzZad1QZIlGZQQVjeA2ADaglFbnRlciBBaXJqBDAzMDBqBDA2NTVyQZ4BkwGUAR8AHAECABYEFwIS1gQRsQUV3gQYmwFAmnFMgi9PAEvRIlAAHcb8ECAcG_OUMw3D7I4JARJjAQ1jAQIFySuVXw/ofertasv/?filter[tourOperator]=WEZY&filter%5Bperson%5D=2&filter%5BchildAge%5D%5B1%5D=20201210&filter%5Bchild%5D=1"
"Kakkos Terra Blu","13108.0","27.09.2026 - 04.10.2026","8 dni/7 nocy","","4.0","4.0","431","tripadvisor","Katowice","2026-09-14T01:17:57.528059+00:00","https://fly.pl/oferta/grecja-wczasy/?filter[dest]=14:&filter[hotelids]=&filter[cityids]=&filter[cregids]=&filter[ofrType]=&filter[addObjType]=&filter[whenFrom]=14-09-2026&filter[whenTo]=14-10-2026&filter[duration]=7:10&filter[from]=&filter[person]=2&filter[child]=1&filter[price]=4000:20000&filter[PriceFrom]=4000&filter[PriceTo]=20000&filter[addCategory]=50&filter[addCatering]=1&filter[addMisc]=0&filter[addTransport]=F&filter[fp]=1&order_by=ofr_price&filter[tourOperator]=0&filter[childAge][1]=20201210","https://fly.pl/cdn/photo/assets/uploads/582/278/2015/04/Kakkos-Terra-Blu.jpg","https://fly.pl/wycieczka/grecja,kreta-wschodnia,ierapetra/arion-palace/pU7sbXtIhaLOWmahpSXwSRAAogFq9TxqqTqgaIiScvsi_mRUUpJbyh4bRg2u8oMCiJdB0qBEdSQ1MwzZad1QZItGZQQVi2AmACcjwVBxcAWAhWAlwCHZIEDxRAogJb5oUBUuIjUwBh0SJLAF6nMAHUi4YBDdDBzAggAFGDncmNjQEBEmMCAmM17wIA/ofertasv/?filter[tourOperator]=GRCS&filter%5Bperson%5D=2&filter%5BchildAge%5D%5B1%5D=20201210&filter%5Bchild%5D=1"
"Zeus Eleva Mirabello Bay","13279.0","16.09.2026 - 24.09.2026","9 dni/7 nocy","","4.3","4.3","3767","tripadvisor","Katowice","2026-09-14T01:17:57.528059+00:00","https://fly.pl/oferta/grecja-wczasy/?filter[dest]=14:&filter[hotelids]=&filter[cityids]=&filter[cregids]=&filter[ofrType]=&filter[addObjType]=&filter[whenFrom]=14-09-2026&filter[whenTo]=14-10-2026&filter[duration]=7:10&filter[from]=&filter[person]=2&filter[child]=1&filter[price]=4000:20000&filter[PriceFrom]=4000&filter[PriceTo]=20000&filter[addCategory]=50&filter[addCatering]=1&filter[addMisc]=0&filter[addTransport]=F&filter[fp]=1&order_by=ofr_price&filter[tourOperator]=0&filter[childAge][1]=20201210","https://fly.pl/cdn/photo/assets/uploads/582/278/2015/04/Wyndham-Grand-Crete-Mirabello-Bay.jpg","https://fly.pl/wycieczka/grecja,kreta-wschodnia,agios-nikolaos/dessole-mirabello-beach-village-ex-iberostar/pq1nYcG7z5dWBOB9cCgIZMAAog8L0ZMZFH93Vvx6VtPCsEE_OTkMYHUY5I11Ph-z-I1c8qBEdSQ1MwzZad1QZI32dQQVguYANqAzA3MXJAjwEXCBUAWAdWAlwCHdsDQO0CW7iGAVOQI1IAS9EiXqcwYclIAZTHiQEgvL3ICA0AUYLCz42NAQESYwECYwECC3O15tQ/ofertasv/?filter[tourOperator]=GRCS&filter%5Bperson%5D=2&filter%5BchildAge%5D%5B1%5D=20201210&filter%5Bchild%5D=1"
"Restia (Acharavi)","13323.0","06.10.2026 - 13.10.2026","8 dni/7 nocy","","4.8","4.8","738","tripadvisor","Warszawa - Modlin","2026-09-14T01:17:57.528059+00:00","https://fly.pl/oferta/grecja-wczasy/?filter[dest]=14:&filter[hotelids]=&filter[cityids]=&filter[cregids]=&filter[ofrType]=&filter[addObjType]=&filter[whenFrom]=14-09-2026&filter[whenTo]=14-10-2026&filter[duration]=7:10&filter[from]=&filter[person]=2&filter[child]=1&filter[price]=4000:20000&filter[PriceFrom]=4000&filter[PriceTo]=20000&filter[addCategory]=50&filter[addCatering]=1&filter[addMisc]=0&filter[addTransport]=F&filter[fp]=1&order_by=ofr_price&filter[tourOperator]=0&filter[childAge][1]=20201210","https://datacfstatic.merlinx.pl/OASI/IMG/21761/6289799b477bce1c35aff7afc763ec9ced2c0fb277b26d8750b4e0fcaaad1209.webp","https://fly.pl/wycieczka/grecja,korfu,acharavi/restia-suites-9/p8hCwvw0JeLzBB3FZE12-WAAogxEPH1XxDi0QNl9B2lDptnMkg_xszCdfygTTr5KVOrpYqBE9BU0kwzZad1QZIi2hQAViOBGACagNBSWxyIRwRgaoBuQSugw6rBAIb8J0MGIHDDgHU2pzvAQIAYwECCwPsJaE/ofertasv/?filter[tourOperator]=OASI&filter%5Bperson%5D=2&filter%5BchildAge%5D%5B1%5D=20201210&filter%5Bchild%5D=1"
"Dimitra Beach Hotel & Suites","13331.0","06.10.2026 - 13.10.2026","8 dni/7 nocy","","4.5","4.5","4135","tripadvisor","Katowice","2026-09-14T01:17:57.528059+00:00","https://fly.pl/oferta/grecja-wczasy/?filter[dest]=14:&filter[hotelids]=&filter[cityids]=&filter[cregids]=&filter[ofrType]=&filter[addObjType]=&filter[whenFrom]=14-09-2026&filter[whenTo]=14-10-2026&filter[duration]=7:10&filter[from]=&filter[person]=2&filter[child]=1&filter[price]=4000:20000&filter[PriceFrom]=4000&filter[PriceTo]=20000&filter[addCategory]=50&filter[addCatering]=1&filter[addMisc]=0&filter[addTransport]=F&filter[fp]=1&order_by=ofr_price&filter[tourOperator]=0&filter[childAge][1]=20201210","https://fly.pl/cdn/photo/assets/uploads/582/278/2015/04/Dimitra-Beach-Hotel-Suites.jpg","https://fly.pl/wycieczka/grecja,kos,agios-fokas/dimitra-beach/pxCR92E4nmqKO1S6caLKNgAAogNBSd4JPVBWWlUGL_QjvCQYMfMFtgMqTpzoUJuvO9I4MqBEdSQ1Mw0pad1QZIk2hQQViOBGADcj4XBxUAXANYBVYCHe4CD_MCQGlbj3FSsldTAGHYA0sAXqcwAfjRjgEN-_vDCCAAUfyl5vGlAQESYwECYwECDKfjLqE/ofertasv/?filter[tourOperator]=GRCS&filter%5Bperson%5D=2&filter%5BchildAge%5D%5B1%5D=20201210&filter%5Bchild%5D=1"
"Kipriotis Panorama & Suites","13351.0","19.09.2026 - 26.09.2026","8 dni/7 nocy","","4.1","4.1","3372","tripadvisor","Gdańsk","2026-09-14T01:17:57.528059+00:00","https://fly.pl/oferta/grecja-wczasy/?filter[dest]=14:&filter[hotelids]=&filter[cityids]=&filter[cregids]=&filter[ofrType]=&filter[addObjType]=&filter[whenFrom]=14-09-2026&filter[whenTo]=14-10-2026&filter[duration]=7:10&filter[from]=&filter[person]=2&filter[child]=1&filter[price]=4000:20000&filter[PriceFrom]=4000&filter[PriceTo]=20000&filter[addCategory]=50&filter[addCatering]=1&filter[addMisc]=0&filter[addTransport]=F&filter[fp]=1&order_by=ofr_price&filter[tourOperator]=0&filter[childAge][1]=20201210","https://fly.pl/cdn/photo/assets/uploads/582/278/2016/11/Kipriotis-Panorama-Suites-fly-pl.jpg","https://fly.pl/wycieczka/grecja,kos,psalidi/kipriotis-panorama-suites/pD1qM3oODxBgk-BLWfYqhaAAog4Jd16zBKMmv7oaDj8Gd0yikjjxaK0p5RyYxmFCdTAhoqBFJOQlcw0pad1QZIp2hQQVh2YAJqBEJ3Y0RqDUFMTF9JTkNMVVNJVkVqFzI5NiwzODAsNDc3LDQ4Myw0ODQsNDg1cjqfAZYBngEVBxcAWAgKBEDEBxGAGhDIIxmrGUuhR2EAUrEpUwBMoAIdrO5BDzMgnJCRCQ0AAgxjAQILnRTsIg/ofertasv/?filter[tourOperator]=RNBW&filter%5Bperson%5D=2&filter%5BchildAge%5D%5B1%5D=20201210&filter%5Bchild%5D=1"
"Cooks Club Corfu (ex Ionian Park)","13377.0","06.10.2026 - 13.10.2026","8 dni/7 nocy","","4.2","4.2","1218","tripadvisor","Warszawa - Modlin","2026-09-14T01:17:57.528059+00:00","https://fly.pl/oferta/grecja-wczasy/?filter[dest]=14:&filter[hotelids]=&filter[cityids]=&filter[cregids]=&filter[ofrType]=&filter[addObjType]=&filter[whenFrom]=14-09-2026&filter[whenTo]=14-10-2026&filter[duration]=7:10&filter[from]=&filter[person]=2&filter[child]=1&filter[price]=4000:20000&filter[PriceFrom]=4000&filter[PriceTo]=20000&filter[addCategory]=50&filter[addCatering]=1&filter[addMisc]=0&filter[addTransport]=F&filter[fp]=1&order_by=ofr_price&filter[tourOperator]=0&filter[childAge][1]=20201210","https://fly.pl/cdn/photo/assets/uploads/582/278/2015/12/Ionian-Park-Gouvia-fly-pl.jpg","https://fly.pl/wycieczka/grecja,korfu,gouvia/ionian-park-gouvia/pbGa3oYLDu-rBfc8SOzraWAAogHE78nJ-Li3kFMRzMFEk_ohfrGqi-knc6V19_93F9HYEqBEVYSU0w0pad1QZIwWhQAViOBGABagJBSXIeHBHpuwa5BKr8QKsEIBvW7SwYveI2AYO3sJwLAwBjudBiaQ/ofertasv/?filter[tourOperator]=EXIM&filter%5Bperson%5D=2&filter%5BchildAge%5D%5B1%5D=20201210&filter%5Bchild%5D=1"
"Costa Lindia Beach","13452.0","25.09.2026 - 03.10.2026","9 dni/7 nocy","","3.9","3.9","1558","tripadvisor","Warszawa","2026-09-14T01:17:57.528059+00:00","https://fly.pl/oferta/grecja-wczasy/?filter[dest]=14:&filter[hotelids]=&filter[cityids]=&filter[cregids]=&filter[ofrType]=&filter[addObjType]=&filter[whenFrom]=14-09-2026&filter[whenTo]=14-10-2026&filter[duration]=7:10&filter[from]=&filter[person]=2&filter[child]=1&filter[price]=4000:20000&filter[PriceFrom]=4000&filter[PriceTo]=20000&filter[addCategory]=50&filter[addCatering]=1&filter[addMisc]=0&filter[addTransport]=F&filter[fp]=1&order_by=ofr_price&filter[tourOperator]=0&filter[childAge][1]=20201210","https://fly.pl/cdn/photo/assets/uploads/582/278/2015/04/Costa-Lindia.jpg","https://fly.pl/wycieczka/grecja,rodos,lardos/costa-lindia-beach/p4_VE2dtnlEFDeijc8WI3hAAogXWPLh7FDq202Q1MgeFDX-24XdzSsXvZdkikF4_PzcswqBFJOQlcw0pad1QZIjGlQQViGAmACagRCd2NEag1BTExfSU5DTFVTSVZFahcyOTYsMzgwLDQ3Nyw0ODMsNDg0LDQ4NWoTNDAyLDQwNiw0NzMsNDk3LDQ5OXI-nwGWAZ4BlAEVBxcBWAcKBEDEBxH9GRCCHBnWIUz0tQFTjAFSAEvcMGEAD9GCQB2dAyDHg5IJDQACDGMBAguSucTx/ofertasv/?filter[tourOperator]=RNBW&filter%5Bperson%5D=2&filter%5BchildAge%5D%5B1%5D=20201210&filter%5Bchild%5D=1"
"Dreams Corfu Resort & Spa (ex Louis Corcyra Beach)","13584.0","07.10.2026 - 14.10.2026","8 dni/7 nocy","","4.4","4.4","1481","tripadvisor","Warszawa - Modlin","2026-09-14T01:17:57.528059+00:00","https://fly.pl/oferta/grecja-wczasy/?filter[dest]=14:&filter[hotelids]=&filter[cityids]=&filter[cregids]=&filter[ofrType]=&filter[addObjType]=&filter[whenFrom]=14-09-2026&filter[whenTo]=14-10-2026&filter[duration]=7:10&filter[from]=&filter[person]=2&filter[child]=1&filter[price]=4000:20000&filter[PriceFrom]=4000&filter[PriceTo]=20000&filter[addCategory]=50&filter[addCatering]=1&filter[addMisc]=0&filter[addTransport]=F&filter[fp]=1&order_by=ofr_price&filter[tourOperator]=0&filter[childAge][1]=20201210","https://fly.pl/cdn/photo/assets/uploads/582/278/2010/01/Louis-Corcyra-Beach197.jpg","https://fly.pl/wycieczka/grecja,korfu,gouvia/louis-corcyra-beach/pUJzczS5qMlqQEliwwcUVDAAogo7CQ0ickQLfRb23MEudLevhSmbv-wR1aTMt5tISzWIEqBEVDQ1gw0pad1QZIkGpQAVimBGACagJBSXIfHBGnK6sEg4gXuQQtGJuDKxuLEwHvmrPtAQIAYwECDIZxuL0/ofertasv/?filter[tourOperator]=ECCX&filter%5Bperson%5D=2&filter%5BchildAge%5D%5B1%5D=20201210&filter%5Bchild%5D=1"
"Blue Lagoon Princess","13644.0","05.10.2026 - 12.10.2026","8 dni/7 nocy","","4.2","4.2","1608","tripadvisor","Warszawa","2026-09-14T01:17:57.528059+00:00","https://fly.pl/oferta/grecja-wczasy/?filter[dest]=14:&filter[hotelids]=&filter[cityids]=&filter[cregids]=&filter[ofrType]=&filter[addObjType]=&filter[whenFrom]=14-09-2026&filter[whenTo]=14-10-2026&filter[duration]=7:10&filter[from]=&filter[person]=2&filter[child]=1&filter[price]=4000:20000&filter[PriceFrom]=4000&filter[PriceTo]=20000&filter[addCategory]=50&filter[addCatering]=1&filter[addMisc]=0&filter[addTransport]=F&filter[fp]=1&order_by=ofr_price&filter[tourOperator]=0&filter[childAge][1]=20201210","https://fly.pl/cdn/photo/assets/uploads/582/278/2015/06/Blue-Lagoon-Princess-1.jpg","https://fly.pl/wycieczka/grecja,chalkidiki,kalives-poligirou/blue-lagoon-princess/pYN3YoT5m8buEWX1A09XQUAAogjSdRsUO6eTUizYlMmui_ORzIzQzXuZgZAvl7Lcv--z8qBEJWUFIw0pad1QZIzGpQAVj2A2ACag1BbGwgaW5jbHVzaXZlciEcEaxJG-uXBBimpA2rBIOIFbkE4AEBgbmRwAECAGMBAgyji-Wd/ofertasv/?filter[tourOperator]=BVPR&filter%5Bperson%5D=2&filter%5BchildAge%5D%5B1%5D=20201210&filter%5Bchild%5D=1"
"Porto Platanias Beach (Chania)","13737.0","25.09.2026 - 02.10.2026","8 dni/7 nocy","","3.9","3.9","1622","tripadvisor","Warszawa","2026-09-14T01:17:57.528059+00:00","https://fly.pl/oferta/grecja-wczasy/?filter[dest]=14:&filter[hotelids]=&filter[cityids]=&filter[cregids]=&filter[ofrType]=&filter[addObjType]=&filter[whenFrom]=14-09-2026&filter[whenTo]=14-10-2026&filter[duration]=7:10&filter[from]=&filter[person]=2&filter[child]=1&filter[price]=4000:20000&filter[PriceFrom]=4000&filter[PriceTo]=20000&filter[addCategory]=50&filter[addCatering]=1&filter[addMisc]=0&filter[addTransport]=F&filter[fp]=1&order_by=ofr_price&filter[tourOperator]=0&filter[childAge][1]=20201210","https://fly.pl/cdn/photo/assets/uploads/582/278/2014/07/Porto-Platanias-Beach-Resort-Spa.jpg","https://fly.pl/wycieczka/grecja,kreta-zachodnia,platanias/porto-platanias-beach/pnYJT3f94erA2bdmsnUGRUAAogsZ6uURDDIR5LUII3FlR8IyUQ9BJZxucjh_ngHppNMLwqBEVYSU0w0pad1QZIqWtQAViGAmACagJBSXIhHBHPpAarBKD4O7kEFhueyjEY1uw1AamVwf0IAhJjAQIMYqAtag/ofertasv/?filter[tourOperator]=EXIM&filter%5Bperson%5D=2&filter%5BchildAge%5D%5B1%5D=20201210&filter%5Bchild%5D=1"
"King Minos Retreat (ex. King Minos Palace)","13806.0","07.10.2026 - 14.10.2026","8 dni/7 nocy","","4.5","4.5","1133","tripadvisor","Katowice","2026-09-14T01:17:57.528059+00:00","https://fly.pl/oferta/grecja-wczasy/?filter[dest]=14:&filter[hotelids]=&filter[cityids]=&filter[cregids]=&filter[ofrType]=&filter[addObjType]=&filter[whenFrom]=14-09-2026&filter[whenTo]=14-10-2026&filter[duration]=7:10&filter[from]=&filter[person]=2&filter[child]=1&filter[price]=4000:20000&filter[PriceFrom]=4000&filter[PriceTo]=20000&filter[addCategory]=50&filter[addCatering]=1&filter[addMisc]=0&filter[addTransport]=F&filter[fp]=1&order_by=ofr_price&filter[tourOperator]=0&filter[childAge][1]=20201210","https://fly.pl/cdn/photo/assets/uploads/582/278/2015/04/King-Minos-Palace-fly-pl-1.jpg","https://fly.pl/wycieczka/grecja,kreta,hersonissos/king-minos-palace/p1qvSJTLOcsh6NKkmhnkhxAAogxOoc0k5RjTs-bKgxLY_5pgAAAAACpgQAGKYEAAcAAAAqBFdFWlkw0pad1QZI7mtQQVimBGADaglFbnRlciBBaXJqBDAyMDVqBDA2MDVyQZ4BkwGUAR8AAgEcABYGFwAS1gQVpQYYwwER7ilA7kpMgi9PAEvRIlAAHY75ECAWG6qbMw3N6Y4JARJjAQ1jAQIMM5ul4g/ofertasv/?filter[tourOperator]=WEZY&filter%5Bperson%5D=2&filter%5BchildAge%5D%5B1%5D=20201210&filter%5Bchild%5D=1"
"Atlantica Caldera Palace Resort & Spa (ex Atlantica Sensatori)","13841.0","07.10.2026 - 14.10.2026","8 dni/7 nocy","","4.3","4.3","6165","tripadvisor","Warszawa - Modlin","2026-09-14T01:17:57.528059+00:00","https://fly.pl/oferta/grecja-wczasy/?filter[dest]=14:&filter[hotelids]=&filter[cityids]=&filter[cregids]=&filter[ofrType]=&filter[addObjType]=&filter[whenFrom]=14-09-2026&filter[whenTo]=14-10-2026&filter[duration]=7:10&filter[from]=&filter[person]=2&filter[child]=1&filter[price]=4000:20000&filter[PriceFrom]=4000&filter[PriceTo]=20000&filter[addCategory]=50&filter[addCatering]=1&filter[addMisc]=0&filter[addTransport]=F&filter[fp]=1&order_by=ofr_price&filter[tourOperator]=0&filter[childAge][1]=20201210","https://fly.pl/cdn/photo/assets/uploads/582/278/2024/07/atlantica-caldera-palace-resort-spa-ex-atlantica-sensatori.jpg","https://fly.pl/wycieczka/grecja,kreta-wschodnia,analipsis/atlantica-caldera-palace-resort-spa-ex-atlantica-sensatori-14/pOnJkF2kjlq4j1TbllS5eRAAogpowlA_PZdpyyAq8uTWfe8O2-8jxRC0poiF5ABeZAfAcqBEVDQ1gw0pad1QZIkWxQAVimBGADagJBSXIjHBG5SqsE8MwYuQQFGI2iKBv25kEB_bqG5gEBEmMBAGMBAgtcfzjM/ofertasv/?filter[tourOperator]=ECCX&filter%5Bperson%5D=2&filter%5BchildAge%5D%5B1%5D=20201210&filter%5Bchild%5D=1"
"Atlantica Ocean Beach Resort (ex. Creta Princess by Atlantica)","13851.0","05.10.2026 - 12.10.2026","8 dni/7 nocy","","4.3","4.3","2923","tripadvisor","Warszawa","2026-09-14T01:17:57.528059+00:00","https://fly.pl/oferta/grecja-wczasy/?filter[dest]=14:&filter[hotelids]=&filter[cityids]=&filter[cregids]=&filter[ofrType]=&filter[addObjType]=&filter[whenFrom]=14-09-2026&filter[whenTo]=14-10-2026&filter[duration]=7:10&filter[from]=&filter[person]=2&filter[child]=1&filter[price]=4000:20000&filter[PriceFrom]=4000&filter[PriceTo]=20000&filter[addCategory]=50&filter[addCatering]=1&filter[addMisc]=0&filter[addTransport]=F&filter[fp]=1&order_by=ofr_price&filter[tourOperator]=0&filter[childAge][1]=20201210","https://fly.pl/cdn/photo/assets/uploads/582/278/2014/09/Louis-Creta-Princess-fly-pl.jpg","https://fly.pl/wycieczka/grecja,kreta-zachodnia,maleme/louis-creta-princess/pYceBOZbc25sRy2vldZc_SAAogyHFynP3FZaqDISX3BUoaEPG6Y5AGV0QCjIEy6z32KxoqBEVDQ1gw0pad1QZIm2xQAVj2A2ACagJBSXIgHBHdJ6sEjPAXuQQqGNfHIhvGswcBksv78wECEmMBAgtyNh1z/ofertasv/?filter[tourOperator]=ECCX&filter%5Bperson%5D=2&filter%5BchildAge%5D%5B1%5D=20201210&filter%5Bchild%5D=1"
"Georgioupolis Resort & Aqua Park","13863.0","02.10.2026 - 09.10.2026","8 dni/7 nocy","","4.2","4.2","389","tripadvisor","Warszawa","2026-09-14T01:17:57.528059+00:00","https://fly.pl/oferta/grecja-wczasy/?filter[dest]=14:&filter[hotelids]=&filter[cityids]=&filter[cregids]=&filter[ofrType]=&filter[addObjType]=&filter[whenFrom]=14-09-2026&filter[whenTo]=14-10-2026&filter[duration]=7:10&filter[from]=&filter[person]=2&filter[child]=1&filter[price]=4000:20000&filter[PriceFrom]=4000&filter[PriceTo]=20000&filter[addCategory]=50&filter[addCatering]=1&filter[addMisc]=0&filter[addTransport]=F&filter[fp]=1&order_by=ofr_price&filter[tourOperator]=0&filter[childAge][1]=20201210","https://fly.pl/cdn/photo/assets/uploads/582/278/2010/04/Georgioupolis-Resort2457.jpg","https://fly.pl/wycieczka/grecja,kreta-zachodnia,georgioupolis/georgioupolis-resort/pk1T9Tdk7c7n_9AmLWuqPRAAog0bCEXPtVaFmOhRukcIEbzel6wvNP19gHDcRiyjR1oRIqBEVDQ1gw0pad1QZIp2xQAViuA2ADagJBSXIjHBHLSbkEm84XqwQsGJvsJxvC50IB6d7C8wEBEmMBAGMBAg4KyAtT/ofertasv/?filter[tourOperator]=ECCX&filter%5Bperson%5D=2&filter%5BchildAge%5D%5B1%5D=20201210&filter%5Bchild%5D=1"
"High Beach","13877.0","07.10.2026 - 14.10.2026","8 dni/7 nocy","","4.5","4.5","1188","tripadvisor","Kraków","2026-09-14T01:17:57.528059+00:00","https://fly.pl/oferta/grecja-wczasy/?filter[dest]=14:&filter[hotelids]=&filter[cityids]=&filter[cregids]=&filter[ofrType]=&filter[addObjType]=&filter[whenFrom]=14-09-2026&filter[whenTo]=14-10-2026&filter[duration]=7:10&filter[from]=&filter[person]=2&filter[child]=1&filter[price]=4000:20000&filter[PriceFrom]=4000&filter[PriceTo]=20000&filter[addCategory]=50&filter[addCatering]=1&filter[addMisc]=0&filter[addTransport]=F&filter[fp]=1&order_by=ofr_price&filter[tourOperator]=0&filter[childAge][1]=20201210","https://fly.pl/cdn/photo/assets/uploads/582/278/2014/07/High-Beach-1.jpg","https://fly.pl/wycieczka/grecja,kreta-wschodnia,malia/high-beach/puOMr7YXrxVUtckmyBOugDAAogbhWO9co76vTNImzI0FAJ94PMZTVett36fjNE0W-Rvl4qBEJWQkUw0pad1QZItWxQAVimBGACagJBSXIhHBGaoAEb56g7GO61FqsEoZ4ouQQXAa3un5cDAhJjAQILXccnnw/ofertasv/?filter[tourOperator]=BVBE&filter%5Bperson%5D=2&filter%5BchildAge%5D%5B1%5D=20201210&filter%5Bchild%5D=1"
"Porto Carras Meliton","13947.0","26.09.2026 - 03.10.2026","8 dni/7 nocy","","4.3","4.3","2988","tripadvisor","Kraków","2026-09-14T01:17:57.528059+00:00","https://fly.pl/oferta/grecja-wczasy/?filter[dest]=14:&filter[hotelids]=&filter[cityids]=&filter[cregids]=&filter[ofrType]=&filter[addObjType]=&filter[whenFrom]=14-09-2026&filter[whenTo]=14-10-2026&filter[duration]=7:10&filter[from]=&filter[person]=2&filter[child]=1&filter[price]=4000:20000&filter[PriceFrom]=4000&filter[PriceTo]=20000&filter[addCategory]=50&filter[addCatering]=1&filter[addMisc]=0&filter[addTransport]=F&filter[fp]=1&order_by=ofr_price&filter[tourOperator]=0&filter[childAge][1]=20201210","https://fly.pl/cdn/photo/assets/uploads/582/278/2015/05/Porto-Carras-Grand-Meliton-fly-pl.jpg","https://fly.pl/wycieczka/grecja,chalkidiki,limani-karra/porto-carras-grand-meliton/pywZRD6cBQG_xWhIKWiY5ZAAogBK86-dUcEdN8WI6t29qqdCcPY65P7Lj8s4gGe_T71ZoqBFZJVFgw0pad1QZI-2xQQVieAmACagxLUktTS0dEUDcwMTZqDFNLR0tSS0RQNzAxNnI6nQGPARoAFwcVAFwDWAVAjwNbv4MBS8NLYQBe-zBShR5TAEz2ihINqKTACSAAUcnyoMvnAQIMYwEDC19-FEE/ofertasv/?filter[tourOperator]=VITX&filter%5Bperson%5D=2&filter%5BchildAge%5D%5B1%5D=20201210&filter%5Bchild%5D=1"
"Helea Lifestyle Beach Resort","14027.0","07.10.2026 - 14.10.2026","8 dni/7 nocy","","4.4","4.4","2649","tripadvisor","Kraków","2026-09-14T01:17:57.528059+00:00","https://fly.pl/oferta/grecja-wczasy/?filter[dest]=14:&filter[hotelids]=&filter[cityids]=&filter[cregids]=&filter[ofrType]=&filter[addObjType]=&filter[whenFrom]=14-09-2026&filter[whenTo]=14-10-2026&filter[duration]=7:10&filter[from]=&filter[person]=2&filter[child]=1&filter[price]=4000:20000&filter[PriceFrom]=4000&filter[PriceTo]=20000&filter[addCategory]=50&filter[addCatering]=1&filter[addMisc]=0&filter[addTransport]=F&filter[fp]=1&order_by=ofr_price&filter[tourOperator]=0&filter[childAge][1]=20201210","https://fly.pl/cdn/photo/assets/uploads/582/278/2015/09/Helea-Family-Beach-Resort.jpg","https://fly.pl/wycieczka/grecja,rodos,koskinou/aldemar-amilia-mare/prt_o30GTz5ST1yoUDMUPDAAogHnTnBQ2dnNBVX_-Y5h8M0XC2dRAKjZic4GJVxQi7o6AqBEVYSU0w0pad1QZIy21QAVimBGACagJBSXIhHBG5xwa5BK3tQKsEIBuH1zcYr-Q7Ac7o4psLAgBjAQIL_z541g/ofertasv/?filter[tourOperator]=EXIM&filter%5Bperson%5D=2&filter%5BchildAge%5D%5B1%5D=20201210&filter%5Bchild%5D=1"
"Mitsis Faliraki","14164.0","05.10.2026 - 12.10.2026","9 dni/7 nocy","","4.6","4.6","3358","tripadvisor","Wrocław","2026-09-14T01:17:57.528059+00:00","https://fly.pl/oferta/grecja-wczasy/?filter[dest]=14:&filter[hotelids]=&filter[cityids]=&filter[cregids]=&filter[ofrType]=&filter[addObjType]=&filter[whenFrom]=14-09-2026&filter[whenTo]=14-10-2026&filter[duration]=7:10&filter[from]=&filter[person]=2&filter[child]=1&filter[price]=4000:20000&filter[PriceFrom]=4000&filter[PriceTo]=20000&filter[addCategory]=50&filter[addCatering]=1&filter[addMisc]=0&filter[addTransport]=F&filter[fp]=1&order_by=ofr_price&filter[tourOperator]=0&filter[childAge][1]=20201210","https://fly.pl/cdn/photo/assets/uploads/582/278/2015/04/Hotel-Mitsis-Faliraki.jpg","https://fly.pl/wycieczka/grecja,rodos,faliraki/mitsis-faliraki-beach/poEAvrcT3fkvyYPvzliW-YAAogUoxF0TTtshlh8MPM61Swm092int4ZV66IpvpGh-2oikqBEdSQ1Mw0pad1QZI1G5QQVj2A2ADcj8VBxcBWAdWAlwCHY8CDxZAowRbloABXqp8UpETUwBhuDVLAAHn7oABDcKW0QggAFHZzaHt3gEBEmMBAmMBAgvl9_qV/ofertasv/?filter[tourOperator]=GRCS&filter%5Bperson%5D=2&filter%5BchildAge%5D%5B1%5D=20201210&filter%5Bchild%5D=1"
"Valmar Corfu","14228.0","30.09.2026 - 07.10.2026","8 dni/7 nocy","","4.3","4.3","430","tripadvisor","Wrocław","2026-09-14T01:17:57.528059+00:00","https://fly.pl/oferta/grecja-wczasy/?filter[dest]=14:&filter[hotelids]=&filter[cityids]=&filter[cregids]=&filter[ofrType]=&filter[addObjType]=&filter[whenFrom]=14-09-2026&filter[whenTo]=14-10-2026&filter[duration]=7:10&filter[from]=&filter[person]=2&filter[child]=1&filter[price]=4000:20000&filter[PriceFrom]=4000&filter[PriceTo]=20000&filter[addCategory]=50&filter[addCatering]=1&filter[addMisc]=0&filter[addTransport]=F&filter[fp]=1&order_by=ofr_price&filter[tourOperator]=0&filter[childAge][1]=20201210","https://datacfstatic.merlinx.pl/RNBW/IMG/7408/3e43be1ad845732cfa28c3816395cac6211cd80ca3798bbcf429a0c86a43db9c.webp","https://fly.pl/wycieczka/grecja,korfu,agios-ioannis-peristeron/valmar-corfu-9/pg1-O5RJcIHSF3zUmPwUyWAAogCtfRTJ_dEq07R59IM5hgIYrunnHXGeQQhaR2azNzh-QqBFJOQlcw0pad1QZIlG9QQVj-AmACagRCd2NEag1BTExfSU5DTFVTSVZFahcyOTYsMzgwLDQ3Nyw0ODMsNDg0LDQ4NXI8nwGWAZ4BFQcXAFgICgRAxAcRmTIZwSVTyR5SABDhTUyfA0vqfGEAHZSzQA_F6AMghemNCQ0AAgxjAQILYMm5Rg/ofertasv/?filter[tourOperator]=RNBW&filter%5Bperson%5D=2&filter%5BchildAge%5D%5B1%5D=20201210&filter%5Bchild%5D=1"
"Mitsis Selection Blue Domes","14279.0","03.10.2026 - 10.10.2026","8 dni/7 nocy","","4.4","4.4","6840","tripadvisor","Gdańsk","2026-09-14T01:17:57.528059+00:00","https://fly.pl/oferta/grecja-wczasy/?filter[dest]=14:&filter[hotelids]=&filter[cityids]=&filter[cregids]=&filter[ofrType]=&filter[addObjType]=&filter[whenFrom]=14-09-2026&filter[whenTo]=14-10-2026&filter[duration]=7:10&filter[from]=&filter[person]=2&filter[child]=1&filter[price]=4000:20000&filter[PriceFrom]=4000&filter[PriceTo]=20000&filter[addCategory]=50&filter[addCatering]=1&filter[addMisc]=0&filter[addTransport]=F&filter[fp]=1&order_by=ofr_price&filter[tourOperator]=0&filter[childAge][1]=20201210","https://fly.pl/cdn/photo/assets/uploads/582/278/2014/09/Mitsis-Blue-Domes-Exclusive-Resort-Spa-fly-pl.jpg","https://fly.pl/wycieczka/grecja,kos,kardamaina/mitsis-blue-domes-resort/pZ6JNxnDa2P-ebDyeS7mGqAAogcmjbDHXEzRE84NldidGXUtC-u8R8e_4Gzwm1brTSuRAqBEdSQ1Mw0pad1QZIx29QQVjGA2ADcj0VBxcAWAhWAlwCHe0ED3dAZFukcWHsLUsAUrEpUwBe_zMB55aJAQ2Jt8kIIABR8ejg8aUBARJjAQJjAQILSqjmJw/ofertasv/?filter[tourOperator]=GRCS&filter%5Bperson%5D=2&filter%5BchildAge%5D%5B1%5D=20201210&filter%5Bchild%5D=1"
"Mitsis Selection Laguna","14497.0","30.09.2026 - 08.10.2026","9 dni/7 nocy","","4.6","4.6","5375","tripadvisor","Poznań","2026-09-14T01:17:57.528059+00:00","https://fly.pl/oferta/grecja-wczasy/?filter[dest]=14:&filter[hotelids]=&filter[cityids]=&filter[cregids]=&filter[ofrType]=&filter[addObjType]=&filter[whenFrom]=14-09-2026&filter[whenTo]=14-10-2026&filter[duration]=7:10&filter[from]=&filter[person]=2&filter[child]=1&filter[price]=4000:20000&filter[PriceFrom]=4000&filter[PriceTo]=20000&filter[addCategory]=50&filter[addCatering]=1&filter[addMisc]=0&filter[addTransport]=F&filter[fp]=1&order_by=ofr_price&filter[tourOperator]=0&filter[childAge][1]=20201210","https://fly.pl/cdn/photo/assets/uploads/582/278/2014/07/Mitsis-Laguna-Resort-Spa-fly-pl.jpg","https://fly.pl/wycieczka/grecja,kreta-wschodnia,anissaras/mitsis-laguna-resort-spa/pwjYIEjc1x01Q-bdyxHV5IAAogF6IVOoWXvkYcu4ELE4BWp_afvgWcZN_oTmdHX69lffcqBEdSQ1Mw0pad1QZIoXFQQVj-AmADcj0VBxcBWAdWAlwCD9wDHZUCQFdbpHFSpDhTAF74UmF4SwABmIuIAQ2XwcoIIEdRtYXMjY0BARJjAQJjAQILOq_Y7Q/ofertasv/?filter[tourOperator]=GRCS&filter%5Bperson%5D=2&filter%5BchildAge%5D%5B1%5D=20201210&filter%5Bchild%5D=1"
"Pilot Beach Resort","14597.0","07.10.2026 - 14.10.2026","8 dni/7 nocy","","4.5","4.5","1188","tripadvisor","Warszawa - Modlin","2026-09-14T01:17:57.528059+00:00","https://fly.pl/oferta/grecja-wczasy/?filter[dest]=14:&filter[hotelids]=&filter[cityids]=&filter[cregids]=&filter[ofrType]=&filter[addObjType]=&filter[whenFrom]=14-09-2026&filter[whenTo]=14-10-2026&filter[duration]=7:10&filter[from]=&filter[person]=2&filter[child]=1&filter[price]=4000:20000&filter[PriceFrom]=4000&filter[PriceTo]=20000&filter[addCategory]=50&filter[addCatering]=1&filter[addMisc]=0&filter[addTransport]=F&filter[fp]=1&order_by=ofr_price&filter[tourOperator]=0&filter[childAge][1]=20201210","https://fly.pl/cdn/photo/assets/uploads/582/278/2015/04/Pilot-Beach-Resort.jpg","https://fly.pl/wycieczka/grecja,kreta-zachodnia,georgioupolis/pilot-beach-resort/pbsxg5YSi5cTilSlnYuNhOAAog46QRYO4Op_9zTSkXflCqekDIWrtVbaUEByVQestirPoqBEVYSU0w0pad1QZIhXJQAVimBGACagJBSXIhHBHoowarBLyfQbkEXhuanTAYgutAAemmjKELAhJjAQINHQtNzQ/ofertasv/?filter[tourOperator]=EXIM&filter%5Bperson%5D=2&filter%5BchildAge%5D%5B1%5D=20201210&filter%5Bchild%5D=1"
"Avra Imperial Beach Resort & Spa","14747.0","07.10.2026 - 14.10.2026","8 dni/7 nocy","","4.5","4.5","2387","tripadvisor","Warszawa - Modlin","2026-09-14T01:17:57.528059+00:00","https://fly.pl/oferta/grecja-wczasy/?filter[dest]=14:&filter[hotelids]=&filter[cityids]=&filter[cregids]=&filter[ofrType]=&filter[addObjType]=&filter[whenFrom]=14-09-2026&filter[whenTo]=14-10-2026&filter[duration]=7:10&filter[from]=&filter[person]=2&filter[child]=1&filter[price]=4000:20000&filter[PriceFrom]=4000&filter[PriceTo]=20000&filter[addCategory]=50&filter[addCatering]=1&filter[addMisc]=0&filter[addTransport]=F&filter[fp]=1&order_by=ofr_price&filter[tourOperator]=0&filter[childAge][1]=20201210","https://fly.pl/cdn/photo/assets/uploads/582/278/2015/04/Avra-Imperial.jpg","https://fly.pl/wycieczka/grecja,kreta-zachodnia,kolymvari/avra-imperial-beach-resort-spa/pdxICgaLAFkPqucTlEZfLuAAogIvHzPAZDGKGmHFx_7LAqnUDIWrtVbaUEByVQestirPoqBEVYSU0w0pad1QZIm3NQAVimBGACagJBSXIhHBHnyAarBL36QLkEXhvdrjgY1rs8AdvGvp4LAgBjAQIMe_GiPg/ofertasv/?filter[tourOperator]=EXIM&filter%5Bperson%5D=2&filter%5BchildAge%5D%5B1%5D=20201210&filter%5Bchild%5D=1"
"Anemos Luxury Grand Resort","14834.0","01.10.2026 - 08.10.2026","8 dni/7 nocy","","4.7","4.7","2672","tripadvisor","Kraków","2026-09-14T01:17:57.528059+00:00","https://fly.pl/oferta/grecja-wczasy/?filter[dest]=14:&filter[hotelids]=&filter[cityids]=&filter[cregids]=&filter[ofrType]=&filter[addObjType]=&filter[whenFrom]=14-09-2026&filter[whenTo]=14-10-2026&filter[duration]=7:10&filter[from]=&filter[person]=2&filter[child]=1&filter[price]=4000:20000&filter[PriceFrom]=4000&filter[PriceTo]=20000&filter[addCategory]=50&filter[addCatering]=1&filter[addMisc]=0&filter[addTransport]=F&filter[fp]=1&order_by=ofr_price&filter[tourOperator]=0&filter[childAge][1]=20201210","https://fly.pl/cdn/photo/assets/uploads/582/278/2016/10/Anemos-Luxury-Grand-Resort-fly-pl-2.jpg","https://fly.pl/wycieczka/grecja,kreta-zachodnia,georgioupolis/anemos-luxury-grand-resort/p0bguLZF5m3CgCicPo7MZlAAogmbgGfKKyBZuKkF62P0S21raUyLdteGuGSLXHtIe484UqBEJWUFIw0pad1QZI8nNQAViWA2ACahNBbGwgaW5jbHVzaXZlIFVsdHJhciAcEew8G7OzBBjyqw25BLqVFKsEHAG-md_CAQISYwEDDMmeBAI/ofertasv/?filter[tourOperator]=BVPR&filter%5Bperson%5D=2&filter%5BchildAge%5D%5B1%5D=20201210&filter%5Bchild%5D=1"
"Rocrita Lifestyle Resort (ex. Aldiana Kreta)","15057.0","30.09.2026 - 07.10.2026","8 dni/7 nocy","","","","","","Katowice","2026-09-14T01:17:57.528059+00:00","https://fly.pl/oferta/grecja-wczasy/?filter[dest]=14:&filter[hotelids]=&filter[cityids]=&filter[cregids]=&filter[ofrType]=&filter[addObjType]=&filter[whenFrom]=14-09-2026&filter[whenTo]=14-10-2026&filter[duration]=7:10&filter[from]=&filter[person]=2&filter[child]=1&filter[price]=4000:20000&filter[PriceFrom]=4000&filter[PriceTo]=20000&filter[addCategory]=50&filter[addCatering]=1&filter[addMisc]=0&filter[addTransport]=F&filter[fp]=1&order_by=ofr_price&filter[tourOperator]=0&filter[childAge][1]=20201210","https://datacfstatic.merlinx.pl/ITAK/IMG/HERROCR/50e3ed2b7887779659ab9edb8a60fe4e22d6224051631dd599cc066d2824c635.webp","https://fly.pl/wycieczka/grecja,kreta-wschodnia,sitia/aldiana-kreta/p9pIoiwbRsdi7n8tte2b2GAAogsgrjZtRUiK_d9ildGQ4HOPItLA4jFfED9OGQAGBJtSEqBFZJVFgw0pad1QZI0XVQQVj-AmACckAaABUHFwBcA1gFQI8DU4WtAVIAW4AYYdEKSwBepzBM_Pg5DavUmAkgAE-Q3sqNjQFRub8TXePDlt4bAgxjAQILK7KcKg/ofertasv/?filter[tourOperator]=VITX&filter%5Bperson%5D=2&filter%5BchildAge%5D%5B1%5D=20201210&filter%5Bchild%5D=1"
"Portes Lithos Luxury Resort","15067.0","29.09.2026 - 06.10.2026","8 dni/7 nocy","","4.8","4.8","483","tripadvisor","Warszawa - Modlin","2026-09-14T01:17:57.528059+00:00","https://fly.pl/oferta/grecja-wczasy/?filter[dest]=14:&filter[hotelids]=&filter[cityids]=&filter[cregids]=&filter[ofrType]=&filter[addObjType]=&filter[whenFrom]=14-09-2026&filter[whenTo]=14-10-2026&filter[duration]=7:10&filter[from]=&filter[person]=2&filter[child]=1&filter[price]=4000:20000&filter[PriceFrom]=4000&filter[PriceTo]=20000&filter[addCategory]=50&filter[addCatering]=1&filter[addMisc]=0&filter[addTransport]=F&filter[fp]=1&order_by=ofr_price&filter[tourOperator]=0&filter[childAge][1]=20201210","https://fly.pl/cdn/photo/assets/uploads/582/278/2019/04/Portes-Lithos-Luxury-Resort-fly-pl-1.jpg","https://fly.pl/wycieczka/grecja,chalkidiki,nea-poteidaia/portes-lithos-luxury-resort/p9itq0TjKf5XlqQVX52-SqAAogxXJkCWR14thTYc2quUXIsrW_bR-oMZSLhyFGrHa0-JcqBEVYSU0w0pad1QZI23VQAVjmAmACagNVQUlyIRwRr44GqwSRoUG5BB8bvL4sGLv0NQHf94P_CAISYwECC6TR-78/ofertasv/?filter[tourOperator]=EXIM&filter%5Bperson%5D=2&filter%5BchildAge%5D%5B1%5D=20201210&filter%5Bchild%5D=1"
"Aquila Porto Rethymno","15403.0","01.10.2026 - 08.10.2026","8 dni/7 nocy","","4.4","4.4","2366","tripadvisor","Kraków","2026-09-14T01:17:57.528059+00:00","https://fly.pl/oferta/grecja-wczasy/?filter[dest]=14:&filter[hotelids]=&filter[cityids]=&filter[cregids]=&filter[ofrType]=&filter[addObjType]=&filter[whenFrom]=14-09-2026&filter[whenTo]=14-10-2026&filter[duration]=7:10&filter[from]=&filter[person]=2&filter[child]=1&filter[price]=4000:20000&filter[PriceFrom]=4000&filter[PriceTo]=20000&filter[addCategory]=50&filter[addCatering]=1&filter[addMisc]=0&filter[addTransport]=F&filter[fp]=1&order_by=ofr_price&filter[tourOperator]=0&filter[childAge][1]=20201210","https://fly.pl/cdn/photo/assets/uploads/582/278/2015/04/Aquila-Porto-Rethymno.jpg","https://fly.pl/wycieczka/grecja,kreta-zachodnia,rethymnon/aquila-porto-rethymno/pFBQNFgVY2MYjLCRrAdhv0AAogL-1GYgW-utlCgHiPcXXD_Y4aWEt2uPqOwEBhZZKS_O8qBEJWQkUw0pad1QZIq3hQAViWA2ACagNBSStyIhwRwp4BG6bUPBiipRK5BKKAK6sE4AQBg6uRlgMCEmMBAgcr5cHd/ofertasv/?filter[tourOperator]=BVBE&filter%5Bperson%5D=2&filter%5BchildAge%5D%5B1%5D=20201210&filter%5Bchild%5D=1"
"Knossos Beach","15424.0","07.10.2026 - 14.10.2026","8 dni/7 nocy","","4.2","4.2","1526","tripadvisor","Katowice","2026-09-14T01:17:57.528059+00:00","https://fly.pl/oferta/grecja-wczasy/?filter[dest]=14:&filter[hotelids]=&filter[cityids]=&filter[cregids]=&filter[ofrType]=&filter[addObjType]=&filter[whenFrom]=14-09-2026&filter[whenTo]=14-10-2026&filter[duration]=7:10&filter[from]=&filter[person]=2&filter[child]=1&filter[price]=4000:20000&filter[PriceFrom]=4000&filter[PriceTo]=20000&filter[addCategory]=50&filter[addCatering]=1&filter[addMisc]=0&filter[addTransport]=F&filter[fp]=1&order_by=ofr_price&filter[tourOperator]=0&filter[childAge][1]=20201210","https://fly.pl/cdn/photo/assets/uploads/582/278/2015/04/Knossos-Beach.jpg","https://fly.pl/wycieczka/grecja,kreta-wschodnia,kokkini-hani/knossos-beach/pCaZ-1jXMPTqetyhmcPCAlAAogRfPoCFLXj5Vzvcqxzu6hwgAAAAACpgQAGKYEAAcAAAAqBFdFWlkw0pad1QZIwHhQQVimBGADaglFbnRlciBBaXJqBDAyMDVqBDA2MDVyQZ4BkwGUAR8AAgEcABYEFwIS1gQVpQYYwwER3khA_itMgi9PAEvRIlAAHY75ECAWG6LFJw3Vv5oJARJjAQxjAQILkwo3gQ/ofertasv/?filter[tourOperator]=WEZY&filter%5Bperson%5D=2&filter%5BchildAge%5D%5B1%5D=20201210&filter%5Bchild%5D=1"
"Zeus Dolce Athens (ex Dolce Attica Riviera)","15657.0","07.10.2026 - 14.10.2026","8 dni/7 nocy","","4.0","4.0","412","tripadvisor","Katowice","2026-09-14T01:17:57.528059+00:00","https://fly.pl/oferta/grecja-wczasy/?filter[dest]=14:&filter[hotelids]=&filter[cityids]=&filter[cregids]=&filter[ofrType]=&filter[addObjType]=&filter[whenFrom]=14-09-2026&filter[whenTo]=14-10-2026&filter[duration]=7:10&filter[from]=&filter[person]=2&filter[child]=1&filter[price]=4000:20000&filter[PriceFrom]=4000&filter[PriceTo]=20000&filter[addCategory]=50&filter[addCatering]=1&filter[addMisc]=0&filter[addTransport]=F&filter[fp]=1&order_by=ofr_price&filter[tourOperator]=0&filter[childAge][1]=20201210","https://fly.pl/cdn/photo/assets/uploads/582/278/2016/11/Mare-Nostrum-Thalasso-Vravrona-fly-pl.jpg","https://fly.pl/wycieczka/grecja,attyka,vravrona/mare-nostrum-thalasso-vravrona/pNOGAeF9X4WjCKgu-ne2ruAAog2oS2_0vbJXY8DGYZ5gzJmI2_fqO3BqfpcPn9BFG2KmcqBEVYSU0w0pad1QZIqXpQAVimBGACagJBSXIhHBGxzQa5BMaIPasEIRvW8z4YmJ8_Aef6sJ4LAgBjAQIL98YRyA/ofertasv/?filter[tourOperator]=EXIM&filter%5Bperson%5D=2&filter%5BchildAge%5D%5B1%5D=20201210&filter%5Bchild%5D=1"
"Village Heights Resort","15831.0","30.09.2026 - 07.10.2026","8 dni/7 nocy","","4.7","4.7","1632","tripadvisor","Warszawa","2026-09-14T01:17:57.528059+00:00","https://fly.pl/oferta/grecja-wczasy/?filter[dest]=14:&filter[hotelids]=&filter[cityids]=&filter[cregids]=&filter[ofrType]=&filter[addObjType]=&filter[whenFrom]=14-09-2026&filter[whenTo]=14-10-2026&filter[duration]=7:10&filter[from]=&filter[person]=2&filter[child]=1&filter[price]=4000:20000&filter[PriceFrom]=4000&filter[PriceTo]=20000&filter[addCategory]=50&filter[addCatering]=1&filter[addMisc]=0&filter[addTransport]=F&filter[fp]=1&order_by=ofr_price&filter[tourOperator]=0&filter[childAge][1]=20201210","https://fly.pl/cdn/photo/assets/uploads/582/278/2024/07/village-heights-resort.jpg","https://fly.pl/wycieczka/grecja,kreta,hersonissos/village-heights-resort-11/pjM3_aevT5-d-mAQlxMspEAAogu1ly18fOub252rZ-Q_up-AGH2jhMaZGIGcKhi0iqgLoqBE9SRVgw0pad1QZI13tQQVj-AmACagZDTy4yLjFqAzAxWWoDMDJZcjSbAZ0BjwEVBxcAXANYBVYCQMoGEZcwU7F5UgBe-FJL7UNhAEzljDog1fyXCQ0AAhJjAQILoKkAfQ/ofertasv/?filter[tourOperator]=OREX&filter%5Bperson%5D=2&filter%5BchildAge%5D%5B1%5D=20201210&filter%5Bchild%5D=1"
"Creta Maris Beach Resort (ex Terra Maris)","15927.0","07.10.2026 - 14.10.2026","8 dni/7 nocy","","4.6","4.6","6827","tripadvisor","Kraków","2026-09-14T01:17:57.528059+00:00","https://fly.pl/oferta/grecja-wczasy/?filter[dest]=14:&filter[hotelids]=&filter[cityids]=&filter[cregids]=&filter[ofrType]=&filter[addObjType]=&filter[whenFrom]=14-09-2026&filter[whenTo]=14-10-2026&filter[duration]=7:10&filter[from]=&filter[person]=2&filter[child]=1&filter[price]=4000:20000&filter[PriceFrom]=4000&filter[PriceTo]=20000&filter[addCategory]=50&filter[addCatering]=1&filter[addMisc]=0&filter[addTransport]=F&filter[fp]=1&order_by=ofr_price&filter[tourOperator]=0&filter[childAge][1]=20201210","https://fly.pl/cdn/photo/assets/uploads/582/278/2014/09/CRETA-MARIS-RESORT.jpg","https://fly.pl/wycieczka/grecja,kreta,hersonissos/creta-maris-beach-resort-ex-terra-maris/py6l0mucTALnzx5Z6LEbdxAAog5QNQBXEUB-kCkLIz-Oz_kOTSphl5RLvYNefjhP_d-yIqBEVYSU0w0pad1QZIt3xQAVimBGADagJBSXIkHBHsjQarBI2JPLkEFhu200AYic8_AYeC9KULARJjAQxjAQILgP5c0g/ofertasv/?filter[tourOperator]=EXIM&filter%5Bperson%5D=2&filter%5BchildAge%5D%5B1%5D=20201210&filter%5Bchild%5D=1"
"Michelangelo Resort & Spa","16119.0","03.10.2026 - 10.10.2026","8 dni/7 nocy","","4.5","4.5","3982","tripadvisor","Warszawa","2026-09-14T01:17:57.528059+00:00","https://fly.pl/oferta/grecja-wczasy/?filter[dest]=14:&filter[hotelids]=&filter[cityids]=&filter[cregids]=&filter[ofrType]=&filter[addObjType]=&filter[whenFrom]=14-09-2026&filter[whenTo]=14-10-2026&filter[duration]=7:10&filter[from]=&filter[person]=2&filter[child]=1&filter[price]=4000:20000&filter[PriceFrom]=4000&filter[PriceTo]=20000&filter[addCategory]=50&filter[addCatering]=1&filter[addMisc]=0&filter[addTransport]=F&filter[fp]=1&order_by=ofr_price&filter[tourOperator]=0&filter[childAge][1]=20201210","https://fly.pl/cdn/photo/assets/uploads/582/278/2015/04/Michelangelo-Resort-Spa-fly-pl.jpg","https://fly.pl/wycieczka/grecja,kos,agios-fokas/michelangelo-resort-spa/pwnkb5oMTcQG_zOoY-hrYnAAogHlqD930dsxcr6GeBaTKhTojGnTOZpYU4JNsCnuc57zoqBFJOQlcw0pad1QZI931QQVjGA2ACagRCd2NEag1BTExfSU5DTFVTSVZFahoxNiwyOTYsMzgwLDQ3Nyw0ODMsNDg0LDQ4NWobNDAyLDQwMyw0MDYsNDE3LDQ3Myw0OTcsNDk5cj6fAZYBngGUAQ4BFwYVAFgICgRAxAcRsCEQsSwZkglT0nBSAEygAkvMdWEAHdDtQA9lDc6bkQkgAAIMYwECCwawX5k/ofertasv/?filter[tourOperator]=RNBW&filter%5Bperson%5D=2&filter%5BchildAge%5D%5B1%5D=20201210&filter%5Bchild%5D=1"
"MarBella, Mar-Bella Collection (Agios Ioannis)","16122.0","06.10.2026 - 13.10.2026","8 dni/7 nocy","","4.5","4.5","4802","tripadvisor","Warszawa - Modlin","2026-09-14T01:17:57.528059+00:00","https://fly.pl/oferta/grecja-wczasy/?filter[dest]=14:&filter[hotelids]=&filter[cityids]=&filter[cregids]=&filter[ofrType]=&filter[addObjType]=&filter[whenFrom]=14-09-2026&filter[whenTo]=14-10-2026&filter[duration]=7:10&filter[from]=&filter[person]=2&filter[child]=1&filter[price]=4000:20000&filter[PriceFrom]=4000&filter[PriceTo]=20000&filter[addCategory]=50&filter[addCatering]=1&filter[addMisc]=0&filter[addTransport]=F&filter[fp]=1&order_by=ofr_price&filter[tourOperator]=0&filter[childAge][1]=20201210","https://fly.pl/cdn/photo/assets/uploads/582/278/2015/03/Marbella-Corfu-ex.-Marbella-Beach-fly-pl-1.jpg","https://fly.pl/wycieczka/grecja,korfu,agios-ioannis-peristeron/marbella-beach/pxWoGnzBVvh2QnoQ3s1l5uAAog69LqkJ__WhggYryXCUHoxrVnwJTsnehppiZgk2l8AFIqBEVDQ1gw0pad1QZI-n1QAViOBGADagNBSVVyIxwR9lC5BP3iFqsEExiysSsbnadBAbbu9e4BARJjAQBjAQIMl7VF8Q/ofertasv/?filter[tourOperator]=ECCX&filter%5Bperson%5D=2&filter%5BchildAge%5D%5B1%5D=20201210&filter%5Bchild%5D=1"
"Enorme Santanna Island","16292.0","26.09.2026 - 03.10.2026","8 dni/7 nocy","","","","","","Katowice","2026-09-14T01:17:57.528059+00:00","https://fly.pl/oferta/grecja-wczasy/?filter[dest]=14:&filter[hotelids]=&filter[cityids]=&filter[cregids]=&filter[ofrType]=&filter[addObjType]=&filter[whenFrom]=14-09-2026&filter[whenTo]=14-10-2026&filter[duration]=7:10&filter[from]=&filter[person]=2&filter[child]=1&filter[price]=4000:20000&filter[PriceFrom]=4000&filter[PriceTo]=20000&filter[addCategory]=50&filter[addCatering]=1&filter[addMisc]=0&filter[addTransport]=F&filter[fp]=1&order_by=ofr_price&filter[tourOperator]=0&filter[childAge][1]=20201210","https://datacfstatic.merlinx.pl/ECCX/IMG/10193/ebcf515195d2f75dc0cd1590715d2d177301a34ea7d3435e08542f7762d9d611.webp","https://fly.pl/wycieczka/grecja,kreta-wschodnia,sisi/enorme-santanna-island-14/pKi4JQnK6MCw1iciapn88uAAogwSK64xS5yqWPattnYstiDqLpGrRxB7AkbDd3y050A8UqBEVDQ1gw15ad1QZIpH9QAVieAmADagNBSVByJRwR0U-rBL7ZFbkEjN4CGLqyKBu450EBqJeG5gEBEmMBAGMBAgYhN0jz/ofertasv/?filter[tourOperator]=ECCX&filter%5Bperson%5D=2&filter%5BchildAge%5D%5B1%5D=20201210&filter%5Bchild%5D=1"
"Mitsis Selection Rinela","16319.0","30.09.2026 - 08.10.2026","9 dni/7 nocy","","4.5","4.5","7411","tripadvisor","Poznań","2026-09-14T01:17:57.528059+00:00","https://fly.pl/oferta/grecja-wczasy/?filter[dest]=14:&filter[hotelids]=&filter[cityids]=&filter[cregids]=&filter[ofrType]=&filter[addObjType]=&filter[whenFrom]=14-09-2026&filter[whenTo]=14-10-2026&filter[duration]=7:10&filter[from]=&filter[person]=2&filter[child]=1&filter[price]=4000:20000&filter[PriceFrom]=4000&filter[PriceTo]=20000&filter[addCategory]=50&filter[addCatering]=1&filter[addMisc]=0&filter[addTransport]=F&filter[fp]=1&order_by=ofr_price&filter[tourOperator]=0&filter[childAge][1]=20201210","https://fly.pl/cdn/photo/assets/uploads/582/278/2014/07/Mitsis-Rinela-Beach-Resort-Spa-fly-pl.jpg","https://fly.pl/wycieczka/grecja,kreta-wschodnia,kokkini-hani/mitsis-rinela-beach-resort-spa/pdSv7WtRpKXPUihX0TMEauAAogvUARo3OyMKJGPEQGO-oOU_afvgWcZN_oTmdHX69lffcqBEdSQ1Mw15ad1QZIv39QQVj-AmADcj4VBxcBWAdWAlwCD9wDHZUCQFdSyKkBUwBe-FJheEsAW7MeAefNhwENleDKCCBHUaHj3Y2NAQESYwECYwECC7jeE9U/ofertasv/?filter[tourOperator]=GRCS&filter%5Bperson%5D=2&filter%5BchildAge%5D%5B1%5D=20201210&filter%5Bchild%5D=1"
"Nana Golden Beach","16717.0","07.10.2026 - 14.10.2026","8 dni/7 nocy","","4.9","4.9","4731","tripadvisor","Katowice","2026-09-14T01:17:57.528059+00:00","https://fly.pl/oferta/grecja-wczasy/?filter[dest]=14:&filter[hotelids]=&filter[cityids]=&filter[cregids]=&filter[ofrType]=&filter[addObjType]=&filter[whenFrom]=14-09-2026&filter[whenTo]=14-10-2026&filter[duration]=7:10&filter[from]=&filter[person]=2&filter[child]=1&filter[price]=4000:20000&filter[PriceFrom]=4000&filter[PriceTo]=20000&filter[addCategory]=50&filter[addCatering]=1&filter[addMisc]=0&filter[addTransport]=F&filter[fp]=1&order_by=ofr_price&filter[tourOperator]=0&filter[childAge][1]=20201210","https://fly.pl/cdn/photo/assets/uploads/582/278/2015/03/Nana-Golden-Beach.jpg","https://fly.pl/wycieczka/grecja,kreta-wschodnia,hersonissos/nana-beach/pBmIskJQad7g2PQLJ7rMClAAogjAnh0iiybj9xx-ZNRM9nXgAAAAACpgQAGKYEAAcAAAAqBFdFWlkw15ad1QZIzYIBUEFYpgRgA2oJRW50ZXIgQWlyagQwMjA1agQwNjA1ckGeAZMBlAEfAAIBHAAWBBcCEtYEFaUGGMMBEcIlQJpPTIIvTwBL0SJQAB2O-RAgFhvnrjMNkNaOCQESYwEMYwECCyZr_UY/ofertasv/?filter[tourOperator]=WEZY&filter%5Bperson%5D=2&filter%5BchildAge%5D%5B1%5D=20201210&filter%5Bchild%5D=1"
"Lyttos Mare","16937.0","07.10.2026 - 14.10.2026","8 dni/7 nocy","","4.8","4.8","1708","tripadvisor","Kraków","2026-09-14T01:17:57.528059+00:00","https://fly.pl/oferta/grecja-wczasy/?filter[dest]=14:&filter[hotelids]=&filter[cityids]=&filter[cregids]=&filter[ofrType]=&filter[addObjType]=&filter[whenFrom]=14-09-2026&filter[whenTo]=14-10-2026&filter[duration]=7:10&filter[from]=&filter[person]=2&filter[child]=1&filter[price]=4000:20000&filter[PriceFrom]=4000&filter[PriceTo]=20000&filter[addCategory]=50&filter[addCatering]=1&filter[addMisc]=0&filter[addTransport]=F&filter[fp]=1&order_by=ofr_price&filter[tourOperator]=0&filter[childAge][1]=20201210","https://fly.pl/cdn/photo/assets/uploads/582/278/2020/12/Lyttos-Mare-fly-pl.jpg","https://fly.pl/wycieczka/grecja,kreta,analipsi/lyttos-mare-13/ptSCn2SYLJerluRezWhEqVAAog66hhS4vayfp5wly2f_8MreTSphl5RLvYNefjhP_d-yIqBEVYSU0w15ad1QZIqYQBUAFYpgRgAWoCQUlyHhwRysQGqwSv0ju5BBYbu4k8GIOBOwGT2MWdCwMAY6qVhls/ofertasv/?filter[tourOperator]=EXIM&filter%5Bperson%5D=2&filter%5BchildAge%5D%5B1%5D=20201210&filter%5Bchild%5D=1"
"Blue Sea Beach (Stalida)","16991.0","29.09.2026 - 06.10.2026","8 dni/7 nocy","","4.5","4.5","1938","tripadvisor","Warszawa","2026-09-14T01:17:57.528059+00:00","https://fly.pl/oferta/grecja-wczasy/?filter[dest]=14:&filter[hotelids]=&filter[cityids]=&filter[cregids]=&filter[ofrType]=&filter[addObjType]=&filter[whenFrom]=14-09-2026&filter[whenTo]=14-10-2026&filter[duration]=7:10&filter[from]=&filter[person]=2&filter[child]=1&filter[price]=4000:20000&filter[PriceFrom]=4000&filter[PriceTo]=20000&filter[addCategory]=50&filter[addCatering]=1&filter[addMisc]=0&filter[addTransport]=F&filter[fp]=1&order_by=ofr_price&filter[tourOperator]=0&filter[childAge][1]=20201210","https://fly.pl/cdn/photo/assets/uploads/582/278/2009/08/Blue-Sea-Beach-Affiliated-By-Melia.jpg","https://fly.pl/wycieczka/grecja,kreta,stalida/blue-sea-village-resort-spa/p4T2VIK6-z94UTCxjDJ_RZAAogWHsAtxUkM2dbKbJOW_3YjkBM5DhSNmFSGYEI-pbv_aYqBEJWQkUw15ad1QZI34QBUAFY5gJgA2oCQUlyJBwRw4ABG7q6PRir5BGrBPv4KrkEAQHh3L_lAgENYwEAYwECDKFpI04/ofertasv/?filter[tourOperator]=BVBE&filter%5Bperson%5D=2&filter%5BchildAge%5D%5B1%5D=20201210&filter%5Bchild%5D=1"
"Aulus Chania Resort, Curio Collection by Hilton (ex. Isla Brown Chania)","17148.0","05.10.2026 - 12.10.2026","8 dni/7 nocy","","4.2","4.2","295","tripadvisor","Warszawa","2026-09-14T01:17:57.528059+00:00","https://fly.pl/oferta/grecja-wczasy/?filter[dest]=14:&filter[hotelids]=&filter[cityids]=&filter[cregids]=&filter[ofrType]=&filter[addObjType]=&filter[whenFrom]=14-09-2026&filter[whenTo]=14-10-2026&filter[duration]=7:10&filter[from]=&filter[person]=2&filter[child]=1&filter[price]=4000:20000&filter[PriceFrom]=4000&filter[PriceTo]=20000&filter[addCategory]=50&filter[addCatering]=1&filter[addMisc]=0&filter[addTransport]=F&filter[fp]=1&order_by=ofr_price&filter[tourOperator]=0&filter[childAge][1]=20201210","https://datacfstatic.merlinx.pl/PLES/IMG/16953232/a5fdc96fbfae21f3d56c9cafcaab1e7a393dd00c89e785ff4df4a5930b86fcd0.webp","https://fly.pl/wycieczka/grecja,kreta,stavros/mr-mrs-white-crete-10/pQxMvGLC02ldYmYU3dRObtAAogAuOn9l2yuRQM0f8eqs68uvZ9H-yQ9QEdMuyUSn5BCIwqBFBMRVMw15ad1QZI_IUBUEFY9gNgAnI6FwcVAFwDWAVWAhtWHbYEDwtAswFS43dTAEzwDl7tdUvtQ2EAAbDxVBHYprMHDf3xyQEgAAESYwICY4DMJz8/ofertasv/?filter[tourOperator]=PLES&filter%5Bperson%5D=2&filter%5BchildAge%5D%5B1%5D=20201210&filter%5Bchild%5D=1"
"Atrium Palace Thalasso Spa & Villas","17499.0","05.10.2026 - 12.10.2026","8 dni/7 nocy","","4.8","4.8","7655","tripadvisor","Poznań","2026-09-14T01:17:57.528059+00:00","https://fly.pl/oferta/grecja-wczasy/?filter[dest]=14:&filter[hotelids]=&filter[cityids]=&filter[cregids]=&filter[ofrType]=&filter[addObjType]=&filter[whenFrom]=14-09-2026&filter[whenTo]=14-10-2026&filter[duration]=7:10&filter[from]=&filter[person]=2&filter[child]=1&filter[price]=4000:20000&filter[PriceFrom]=4000&filter[PriceTo]=20000&filter[addCategory]=50&filter[addCatering]=1&filter[addMisc]=0&filter[addTransport]=F&filter[fp]=1&order_by=ofr_price&filter[tourOperator]=0&filter[childAge][1]=20201210","https://fly.pl/cdn/photo/assets/uploads/582/278/2014/11/Atrium-Palace-Thalasso-Spa-Villas-fly-pl.jpg","https://fly.pl/wycieczka/grecja,rodos,kalathos/atrium-palace-kalathos/pUlkeWQtR5nkpdqXwq2ZEbAAogC7m3O8MngsrOPBeVR53aLgAAAAAnwAQAP8AEAAcAEgAqBFdFWlkw15ad1QZI24gBUEFY9gNgA2oLUnlhbmFpciBTdW5qBDA2NTVqBDA4NTVyQp4BlQGYAR8AAgEcABYGFwASuQUTkQgUkAMR9hpAylVL8oIBUABMmRJPABu2tgEdxbMPIBgNztDBCQESYwEMYwECC6xMgMU/ofertasv/?filter[tourOperator]=WEZY&filter%5Bperson%5D=2&filter%5BchildAge%5D%5B1%5D=20201210&filter%5Bchild%5D=1"
"Atrium Platinum Resort & Spa","17999.0","02.10.2026 - 09.10.2026","8 dni/7 nocy","","4.8","4.8","6763","tripadvisor","Katowice","2026-09-14T01:17:57.528059+00:00","https://fly.pl/oferta/grecja-wczasy/?filter[dest]=14:&filter[hotelids]=&filter[cityids]=&filter[cregids]=&filter[ofrType]=&filter[addObjType]=&filter[whenFrom]=14-09-2026&filter[whenTo]=14-10-2026&filter[duration]=7:10&filter[from]=&filter[person]=2&filter[child]=1&filter[price]=4000:20000&filter[PriceFrom]=4000&filter[PriceTo]=20000&filter[addCategory]=50&filter[addCatering]=1&filter[addMisc]=0&filter[addTransport]=F&filter[fp]=1&order_by=ofr_price&filter[tourOperator]=0&filter[childAge][1]=20201210","https://fly.pl/cdn/photo/assets/uploads/582/278/2015/04/ATRIUM-PLATINUM.jpg","https://fly.pl/wycieczka/grecja,rodos,ixia/atrium-platinum-resort-spa/pRDqdPTBqolrGLIjrXqiiHAAogAM5yTWGcZ7g5g_eIyQDohQAAAADwfwQAC4AEAAcAEgAqBFdFWlkw15ad1QZIz4wBUEFYrgNgA2oJRW50ZXIgQWlyagQwNTEwagQwOTIwckGeAZMBlAEfAAIBHAAWBhcAEtYEFeoIGNIBEaYmQOJLS9NRUABMuENPAB3E6Q8gGxvVpDMNqqyPCQESYwEMYwECC56UVU4/ofertasv/?filter[tourOperator]=WEZY&filter%5Bperson%5D=2&filter%5BchildAge%5D%5B1%5D=20201210&filter%5Bchild%5D=1"
"Sheraton Rhodes Resort (ex. Imperial)","18192.0","28.09.2026 - 05.10.2026","8 dni/7 nocy","","4.5","4.5","2204","tripadvisor","Katowice","2026-09-14T01:17:57.528059+00:00","https://fly.pl/oferta/grecja-wczasy/?filter[dest]=14:&filter[hotelids]=&filter[cityids]=&filter[cregids]=&filter[ofrType]=&filter[addObjType]=&filter[whenFrom]=14-09-2026&filter[whenTo]=14-10-2026&filter[duration]=7:10&filter[from]=&filter[person]=2&filter[child]=1&filter[price]=4000:20000&filter[PriceFrom]=4000&filter[PriceTo]=20000&filter[addCategory]=50&filter[addCatering]=1&filter[addMisc]=0&filter[addTransport]=F&filter[fp]=1&order_by=ofr_price&filter[tourOperator]=0&filter[childAge][1]=20201210","https://fly.pl/cdn/photo/assets/uploads/582/278/2015/04/Sheraton-Rhodes-Resort.jpg","https://fly.pl/wycieczka/grecja,rodos,ialysos/sheraton-rodos-resort-ex-imperial/pLiw30Vf71UpgD_QZJfz1MAAogtH8g6TGR-xT-F4sHIINkZAAAAAAAdgQAL3YEAAcAAAAqBFdFWlkw15ad1QZIkI4BUEFYzgJgA2oJRW50ZXIgQWlyagQwMzUwagQwNzUwagQwODE1ckCeAZMBlAGVAR8AHAECABYEFwIS1gQYpAMRrQJA83ZL01FQAEy4Q08AHdTVDyAvG5LiMw3_gY8JARJjAQxjAQQLAmlYMQ/ofertasv/?filter[tourOperator]=WEZY&filter%5Bperson%5D=2&filter%5BchildAge%5D%5B1%5D=20201210&filter%5Bchild%5D=1"
"Iberostar Selection Creta Marine","18243.0","15.09.2026 - 22.09.2026","8 dni/7 nocy","","4.4","4.4","2908","tripadvisor","Poznań","2026-09-14T01:17:57.528059+00:00","https://fly.pl/oferta/grecja-wczasy/?filter[dest]=14:&filter[hotelids]=&filter[cityids]=&filter[cregids]=&filter[ofrType]=&filter[addObjType]=&filter[whenFrom]=14-09-2026&filter[whenTo]=14-10-2026&filter[duration]=7:10&filter[from]=&filter[person]=2&filter[child]=1&filter[price]=4000:20000&filter[PriceFrom]=4000&filter[PriceTo]=20000&filter[addCategory]=50&filter[addCatering]=1&filter[addMisc]=0&filter[addTransport]=F&filter[fp]=1&order_by=ofr_price&filter[tourOperator]=0&filter[childAge][1]=20201210","https://fly.pl/cdn/photo/assets/uploads/582/278/2014/11/Iberostar-Creta-Marine.jpg","https://fly.pl/wycieczka/grecja,kreta-wschodnia,lavris/iberostar-creta-marine/pdkZmITfzKOoUWP5jXHy0iAAogVWFJRpCJnG8DJ0x70iIpLgHBPEwh8nl9oeheMyhpqG8qBEJWQkUw15ad1QZIw44BUAFYFmACagJBSXIgHBG4ZRvtzzsY_Y8TuQTA3yqrBAEB_7DU2QICAGMBAga8YyHV/ofertasv/?filter[tourOperator]=BVBE&filter%5Bperson%5D=2&filter%5BchildAge%5D%5B1%5D=20201210&filter%5Bchild%5D=1"
"The Ixian Grand (ex. Sentido Ixian Grand)","18387.0","05.10.2026 - 12.10.2026","8 dni/7 nocy","","4.0","4.0","1996","tripadvisor","Warszawa - Modlin","2026-09-14T01:17:57.528059+00:00","https://fly.pl/oferta/grecja-wczasy/?filter[dest]=14:&filter[hotelids]=&filter[cityids]=&filter[cregids]=&filter[ofrType]=&filter[addObjType]=&filter[whenFrom]=14-09-2026&filter[whenTo]=14-10-2026&filter[duration]=7:10&filter[from]=&filter[person]=2&filter[child]=1&filter[price]=4000:20000&filter[PriceFrom]=4000&filter[PriceTo]=20000&filter[addCategory]=50&filter[addCatering]=1&filter[addMisc]=0&filter[addTransport]=F&filter[fp]=1&order_by=ofr_price&filter[tourOperator]=0&filter[childAge][1]=20201210","https://fly.pl/cdn/photo/assets/uploads/582/278/2015/03/THE-IXIAN-GRAND-ALL-SUITES.jpg","https://fly.pl/wycieczka/grecja,rodos,ixia/sentido-ixian-grand/pvXudBoLWcsaJhw7c9I1XCAAogoJ41Eau8SZ5b6p2Il6jv-I3CDaggwCch4Tk88YDLgHEqBEVYSU0w15ad1QZI048BUAFY9gNgAWoCQUlyHhwR7rsGuQSDikGrBCAbr-AsGIahQgH04N_yCQMAYw9QKOM/ofertasv/?filter[tourOperator]=EXIM&filter%5Bperson%5D=2&filter%5BchildAge%5D%5B1%5D=20201210&filter%5Bchild%5D=1"
"Grecotel Kos Imperial","18906.0","30.09.2026 - 07.10.2026","8 dni/7 nocy","","4.3","4.3","2155","tripadvisor","Warszawa","2026-09-14T01:17:57.528059+00:00","https://fly.pl/oferta/grecja-wczasy/?filter[dest]=14:&filter[hotelids]=&filter[cityids]=&filter[cregids]=&filter[ofrType]=&filter[addObjType]=&filter[whenFrom]=14-09-2026&filter[whenTo]=14-10-2026&filter[duration]=7:10&filter[from]=&filter[person]=2&filter[child]=1&filter[price]=4000:20000&filter[PriceFrom]=4000&filter[PriceTo]=20000&filter[addCategory]=50&filter[addCatering]=1&filter[addMisc]=0&filter[addTransport]=F&filter[fp]=1&order_by=ofr_price&filter[tourOperator]=0&filter[childAge][1]=20201210","https://datacfstatic.merlinx.pl/EXIM/IMG/107273/1fbdfa256490908faf126e8b4c0a657f4ca37ee55a910999280bd32a10529626.webp","https://fly.pl/wycieczka/grecja,kos,psalidi/grecotel-kos-imperial-11/pU82tZbstQwG9k-NkLZOc8AAogtNHTzpaoRIdoH7skXKQGd-fC_fJUmOBie3ujpnSUsuwqBEVYSU0w15ad1QZI2pMBUAFY_gJgAmoCQUlyIRwRicYGuQT2jkSrBAEbosE3GK7iPgHn8a6aCwISYwECC3035W8/ofertasv/?filter[tourOperator]=EXIM&filter%5Bperson%5D=2&filter%5BchildAge%5D%5B1%5D=20201210&filter%5Bchild%5D=1"
"Astir Odysseus","19120.0","26.09.2026 - 03.10.2026","8 dni/7 nocy","","4.7","4.7","3528","tripadvisor","Katowice","2026-09-14T01:17:57.528059+00:00","https://fly.pl/oferta/grecja-wczasy/?filter[dest]=14:&filter[hotelids]=&filter[cityids]=&filter[cregids]=&filter[ofrType]=&filter[addObjType]=&filter[whenFrom]=14-09-2026&filter[whenTo]=14-10-2026&filter[duration]=7:10&filter[from]=&filter[person]=2&filter[child]=1&filter[price]=4000:20000&filter[PriceFrom]=4000&filter[PriceTo]=20000&filter[addCategory]=50&filter[addCatering]=1&filter[addMisc]=0&filter[addTransport]=F&filter[fp]=1&order_by=ofr_price&filter[tourOperator]=0&filter[childAge][1]=20201210","https://fly.pl/cdn/photo/assets/uploads/582/278/2015/01/Hotel-Astir-Odysseus-Resort-SPA.jpg","https://fly.pl/wycieczka/grecja,kos,tigaki/astir-odysseus/pwsovleCqFSG-9JvlPHWwfAAogNC3qtAOmLkRt8Ru2X9jLXKjJhaMBJjRVmQRriypygKUqBEdSQ1Mw15ad1QZIsJUBUEFYngJgA3I_FwcVAFwDWAVWAh2fAg8UQJcEW6-XAVKSMVMAYdgDSwBepzABoc2MAQ2CgMYIIABR78be8aUBARJjAQJjAQIGmG-X1A/ofertasv/?filter[tourOperator]=GRCS&filter%5Bperson%5D=2&filter%5BchildAge%5D%5B1%5D=20201210&filter%5Bchild%5D=1"
"Gennadi Grand Resort","19167.0","07.10.2026 - 14.10.2026","8 dni/7 nocy","","4.6","4.6","1384","tripadvisor","Kraków","2026-09-14T01:17:57.528059+00:00","https://fly.pl/oferta/grecja-wczasy/?filter[dest]=14:&filter[hotelids]=&filter[cityids]=&filter[cregids]=&filter[ofrType]=&filter[addObjType]=&filter[whenFrom]=14-09-2026&filter[whenTo]=14-10-2026&filter[duration]=7:10&filter[from]=&filter[person]=2&filter[child]=1&filter[price]=4000:20000&filter[PriceFrom]=4000&filter[PriceTo]=20000&filter[addCategory]=50&filter[addCatering]=1&filter[addMisc]=0&filter[addTransport]=F&filter[fp]=1&order_by=ofr_price&filter[tourOperator]=0&filter[childAge][1]=20201210","https://fly.pl/cdn/photo/assets/uploads/582/278/2017/10/Gennadi-Grand-Resort-fly-pl-2.jpg","https://fly.pl/wycieczka/grecja,rodos,kiotari/gennadi-grand-resort/pQygNuyV0Q6o2q2BJ3GPnyAAogR98729crkFy66qdGhUi-AnC2dRAKjZic4GJVxQi7o6AqBEVYSU0w15ad1QZI35UBUAFYpgRgAmoGQUkvVUFJciEcEe3BBrkE-fJAqwQgG_SkNhiVxjoBwYnhmwsCAGMBAguMawfT/ofertasv/?filter[tourOperator]=EXIM&filter%5Bperson%5D=2&filter%5BchildAge%5D%5B1%5D=20201210&filter%5Bchild%5D=1"
"Atrium Prestige Thalasso Spa Resort & Villas","19678.0","07.10.2026 - 14.10.2026","8 dni/7 nocy","","4.9","4.9","4125","tripadvisor","Kraków","2026-09-14T01:17:57.528059+00:00","https://fly.pl/oferta/grecja-wczasy/?filter[dest]=14:&filter[hotelids]=&filter[cityids]=&filter[cregids]=&filter[ofrType]=&filter[addObjType]=&filter[whenFrom]=14-09-2026&filter[whenTo]=14-10-2026&filter[duration]=7:10&filter[from]=&filter[person]=2&filter[child]=1&filter[price]=4000:20000&filter[PriceFrom]=4000&filter[PriceTo]=20000&filter[addCategory]=50&filter[addCatering]=1&filter[addMisc]=0&filter[addTransport]=F&filter[fp]=1&order_by=ofr_price&filter[tourOperator]=0&filter[childAge][1]=20201210","https://fly.pl/cdn/photo/assets/uploads/582/278/2014/11/Atrium-Prestige-Thalasso-Spa-Resort-Villas.jpg","https://fly.pl/wycieczka/grecja,rodos,lachania/atrium-prestige-thalasso-spa-resort-villas/XTOP3b683fX_wYAAHNOYVBwWQG5AQCZyw0yCpABCgYIlbYPEAESBgjoyBIQARp-TVBVVzJHRjIzTjFWNkpNVzVLSUdTOUdCMVBESFJTTEM5QUVXWjNYSFRIU0pGTFIzOUk3RTNHN0NPMkRRTFVLUUlRUk9SMVlNVVQyNEVBUlBLTUREWU9WVEdIUlgyWlZJQlFYV0lRN1dBOThZUjhNVENGTTVIRUVKUTBSQ0E3CoEBCgYI2O8SEAISBgiF82EQARpvTzU0NTQ0ZDUzMmY0MTRkNTQ1MzQ3NTIzMDRhNDEzMDJmNGE1MzQ0NGMzMDMwNTM1NjMwMzAyZjQxNDkyYjJmMzcyZjMyMzAzMjM2MzEzMDMwMzcyZjMwMzEzMjMzMzQzNTM2MzczODM5MzAzMTMyCiQKBgjs1gEQARIGCI6GAhABGhJEU1JULTExMS1UUkFOU0ZFUjEKIAoFCMw6EAESBQjzRhABGhBEU1JNLTExMS0ycjIyNjU5CiEKBQjAPhABEgUI0EsQARoRRFNSTS0xMTEtNTByMjI2NjAKIgoFCPAuEAESBQiYORABGhJEU1JVLTExMS1VYmV6YmFzaWMYbyi1FDIGCNaNeBABOAM/ofertasv/?filter[tourOperator]=XTOP&filter%5Bperson%5D=2&filter%5BchildAge%5D%5B1%5D=20201210&filter%5Bchild%5D=1"
"Xenios Anastasia Resort & Spa (ex. Anastasia Resort & Spa) Grecja, Chalkidiki, Nea Skioni","7209.0","26.09.2026 - 03.10.2026","8 dni/7 nocy","","3.9","3.9","656","tripadvisor","Warszawa","2026-09-14T05:28:48.797095+00:00","https://fly.pl/oferta/grecja-wczasy/?filter[dest]=14:&filter[hotelids]=&filter[cityids]=&filter[cregids]=&filter[ofrType]=&filter[addObjType]=&filter[whenFrom]=14-09-2026&filter[whenTo]=14-10-2026&filter[duration]=7:10&filter[from]=&filter[person]=2&filter[child]=1&filter[price]=4000:20000&filter[PriceFrom]=4000&filter[PriceTo]=20000&filter[addCategory]=50&filter[addCatering]=1&filter[addMisc]=0&filter[addTransport]=F&filter[fp]=1&order_by=ofr_price&filter[tourOperator]=0&filter[childAge][1]=20201210","https://fly.pl/cdn/photo/assets/uploads/582/278/2015/02/Anastasia-Resort-Spa-fly-pl.jpg","https://fly.pl/wycieczka/grecja,chalkidiki,nea-skioni/anastasia-resort-spa/p0alPHacCxnKGGMybo9JpNAAogmYw4OWSCyCtSCSGGhVcogMhkRQwqhsCY5viy1VbYFmIqBFJOQlcwkYye1QZIqThQQViaAmACagRCd2NEag1BTExfSU5DTFVTSVZFahcyOTYsMzgwLDQ3Nyw0ODMsNDg0LDQ4NWobNDAyLDQwMyw0MDYsNDE3LDQ3Myw0OTcsNDk5cjyfAZYBngGUARUHFwBYCAoEQMQHEewLGdpLTMBKEK4KU5VtUgBL6CVhAB2UiUEPKSD5_5AJDQACDGMBAgtSVse8/ofertasv/?filter[tourOperator]=RNBW&filter%5Bperson%5D=2&filter%5BchildAge%5D%5B1%5D=20201210&filter%5Bchild%5D=1"
"Galini Palace Grecja, Kreta Zachodnia, Kolymvari","7561.0","07.10.2026 - 14.10.2026","8 dni/7 nocy","","4.0","4.0","128","tripadvisor","Warszawa - Modlin","2026-09-14T05:28:48.797095+00:00","https://fly.pl/oferta/grecja-wczasy/?filter[dest]=14:&filter[hotelids]=&filter[cityids]=&filter[cregids]=&filter[ofrType]=&filter[addObjType]=&filter[whenFrom]=14-09-2026&filter[whenTo]=14-10-2026&filter[duration]=7:10&filter[from]=&filter[person]=2&filter[child]=1&filter[price]=4000:20000&filter[PriceFrom]=4000&filter[PriceTo]=20000&filter[addCategory]=50&filter[addCatering]=1&filter[addMisc]=0&filter[addTransport]=F&filter[fp]=1&order_by=ofr_price&filter[tourOperator]=0&filter[childAge][1]=20201210","https://fly.pl/cdn/photo/assets/uploads/582/278/2019/08/Galini-Palace-fly-pl.jpg","https://fly.pl/wycieczka/grecja,kreta-zachodnia,kolymvari/galini-palace-12/p8_D46UVAxx0fKiYr7fDugAAog3B8NgbRx_begrGPbDld9KllpPhn1MYxAg-3xhi_rg7cqBEJWQkUwkYye1QZIiTtQAViiBGACagJBSXIiHBGcsAEbwpY7GOSdFKsE97YquQThBgGyoubtAgISYwECCwFiPDs/ofertasv/?filter[tourOperator]=BVBE&filter%5Bperson%5D=2&filter%5BchildAge%5D%5B1%5D=20201210&filter%5Bchild%5D=1"
"Filion Suites Resort Grecja, Kreta Wschodnia, Bali","7602.0","03.10.2026 - 10.10.2026","8 dni/7 nocy","","4.4","4.4","3008","tripadvisor","Katowice","2026-09-14T05:28:48.797095+00:00","https://fly.pl/oferta/grecja-wczasy/?filter[dest]=14:&filter[hotelids]=&filter[cityids]=&filter[cregids]=&filter[ofrType]=&filter[addObjType]=&filter[whenFrom]=14-09-2026&filter[whenTo]=14-10-2026&filter[duration]=7:10&filter[from]=&filter[person]=2&filter[child]=1&filter[price]=4000:20000&filter[PriceFrom]=4000&filter[PriceTo]=20000&filter[addCategory]=50&filter[addCatering]=1&filter[addMisc]=0&filter[addTransport]=F&filter[fp]=1&order_by=ofr_price&filter[tourOperator]=0&filter[childAge][1]=20201210","https://datacfstatic.merlinx.pl/XTOP/IMG/19190/911900bc369d190d0c018c9684c04ad17e37e114ef877a6fcb47bddddf055a3a.webp","https://fly.pl/wycieczka/grecja,kreta-wschodnia,bali/filion-suites-resort/XTOP4c9dafX_wYAAHNOYVBwWQGyAQDHmqjHCpABCgYIysYREAESBgiqnxUQARp-TVBVVzJHRjIzTjFWNkpNVzVLSUdTOUdCMVBESFJTTEM5QUVXWjNYSE5NMTNWWkRJWEJWSVZSMlJDMkVFUVZPM1M2NklBNjVXT1pMRVZBUURBQVNUMzlGQjhGMEhQWTVQOFBURkNQUVlER0lBQzc3VE1LQzYyRTNGREJKQ1pZCn8KBgjskgQQAhIGCNfBFRABGm1PNTQ1NDRkNTMyZjQxNGQ1NDUzNDc1MjMyMzU0ZTU3MmY1MjRkNTM1MDMwMzAzMDMwMzAzMDJmNDE0OTJmMzcyZjMyMzAzMjM2MzEzMDMwMzMyZjMwMzEzMjMzMzQzNTM2MzczODM5MzAzMTMyCiMKBgjs1gEQARIGCI6GAhABGhFEU1JULTk3LVRSQU5TRkVSMgofCgUIzDoQARIFCPNGEAEaD0RTUk0tOTctMnIyMjY3MgogCgUIwD4QARIFCNBLEAEaEERTUk0tOTctNTByMjI2NzMKIQoFCPAuEAESBQiYORABGhFEU1JVLTk3LVViZXpiYXNpYxhhKKIkMgYI6rIuEAE4Aw/ofertasv/?filter[tourOperator]=XTOP&filter%5Bperson%5D=2&filter%5BchildAge%5D%5B1%5D=20201210&filter%5Bchild%5D=1"
"All Senses Nautica Blue Exclusive Resort & Spa (ex Aegean Breeze) Grecja, Rodos, Fanes","7813.0","28.09.2026 - 05.10.2026","8 dni/7 nocy","","3.7","3.7","1514","tripadvisor","Katowice","2026-09-14T05:28:48.797095+00:00","https://fly.pl/oferta/grecja-wczasy/?filter[dest]=14:&filter[hotelids]=&filter[cityids]=&filter[cregids]=&filter[ofrType]=&filter[addObjType]=&filter[whenFrom]=14-09-2026&filter[whenTo]=14-10-2026&filter[duration]=7:10&filter[from]=&filter[person]=2&filter[child]=1&filter[price]=4000:20000&filter[PriceFrom]=4000&filter[PriceTo]=20000&filter[addCategory]=50&filter[addCatering]=1&filter[addMisc]=0&filter[addTransport]=F&filter[fp]=1&order_by=ofr_price&filter[tourOperator]=0&filter[childAge][1]=20201210","https://fly.pl/cdn/photo/assets/uploads/582/278/2014/11/Aegean-Breeze-Resort-ex-Medblue-Fanes-fly-pl.jpg","https://fly.pl/wycieczka/grecja,rodos,fanes/medblue-fanes-ex-nautica-blue/p1nD03e6whMY7diYF5FhdTAAogBoE7Spt6Y_2QGpN3xua9ygAAAAAAdgQAL3YEAAcAAAAqBFdFWlkwkYye1QZIhT1QQVjKAmADaglFbnRlciBBaXJqBDAzNTBqBDA3NTBqBDA4MTVyQJ4BkwGUAZUBHwACARwAFgQXAhLWBBikA0CgeRHxQkviDlAATLhDTwAb4bQBHfOgDiAvDZHkwgkBEmMBDmMBAg0N49gL/ofertasv/?filter[tourOperator]=WEZY&filter%5Bperson%5D=2&filter%5BchildAge%5D%5B1%5D=20201210&filter%5Bchild%5D=1"
"Hydramis Palace Beach Resort Grecja, Kreta Zachodnia, Kavros","8037.0","07.10.2026 - 14.10.2026","8 dni/7 nocy","","4.2","4.2","655","tripadvisor","Warszawa - Modlin","2026-09-14T05:28:48.797095+00:00","https://fly.pl/oferta/grecja-wczasy/?filter[dest]=14:&filter[hotelids]=&filter[cityids]=&filter[cregids]=&filter[ofrType]=&filter[addObjType]=&filter[whenFrom]=14-09-2026&filter[whenTo]=14-10-2026&filter[duration]=7:10&filter[from]=&filter[person]=2&filter[child]=1&filter[price]=4000:20000&filter[PriceFrom]=4000&filter[PriceTo]=20000&filter[addCategory]=50&filter[addCatering]=1&filter[addMisc]=0&filter[addTransport]=F&filter[fp]=1&order_by=ofr_price&filter[tourOperator]=0&filter[childAge][1]=20201210","https://fly.pl/cdn/photo/assets/uploads/582/278/2016/04/Hydramis-Palace.jpg","https://fly.pl/wycieczka/grecja,kreta-zachodnia,kavros/hydramis-palace/p7fihjMANfKRIPaR9cs3-VAAogk_EC3TkomFr0jEGUwfFQWEDIWrtVbaUEByVQestirPoqBEVYSU0wkYye1QZI5T5QAViiBGACagJBSXIhHBHkowarBMCfQbkEXhvR-SwY8OpDAZ3Jop4LAhJjAQIFmLgypw/ofertasv/?filter[tourOperator]=EXIM&filter%5Bperson%5D=2&filter%5BchildAge%5D%5B1%5D=20201210&filter%5Bchild%5D=1"
"Solimar Aquamarine Grecja, Kreta Zachodnia, Pirgos Psilonerou","8057.0","27.09.2026 - 05.10.2026","9 dni/7 nocy","","4.1","4.1","759","tripadvisor","Katowice","2026-09-14T05:28:48.797095+00:00","https://fly.pl/oferta/grecja-wczasy/?filter[dest]=14:&filter[hotelids]=&filter[cityids]=&filter[cregids]=&filter[ofrType]=&filter[addObjType]=&filter[whenFrom]=14-09-2026&filter[whenTo]=14-10-2026&filter[duration]=7:10&filter[from]=&filter[person]=2&filter[child]=1&filter[price]=4000:20000&filter[PriceFrom]=4000&filter[PriceTo]=20000&filter[addCategory]=50&filter[addCatering]=1&filter[addMisc]=0&filter[addTransport]=F&filter[fp]=1&order_by=ofr_price&filter[tourOperator]=0&filter[childAge][1]=20201210","https://fly.pl/cdn/photo/assets/uploads/582/278/2014/09/solimar-aquamarine.jpg","https://fly.pl/wycieczka/grecja,kreta-zachodnia,pirgos-psilonerou/solimar-aquamarine/p9-x2Aw45Ezt8JBPP152HcAAogOozgDTC1aTZEEQLbwW7Lk9UKo4qrMbuWnCGtwX5goEwqBFZJVFgwkYye1QZI-T5QQViyAmACcj4aABUHFwBcA1gFQI8DU6B7UgBbnRxhmThLAF6nMEz8-DkNqNSYCSABUYr_mJ1lT4jVHV3ojLDOQwIMYwECCxBBwA0/ofertasv/?filter[tourOperator]=VITX&filter%5Bperson%5D=2&filter%5BchildAge%5D%5B1%5D=20201210&filter%5Bchild%5D=1"
"Almyra Village Grecja, Kreta Wschodnia, Koutsounari","8057.0","30.09.2026 - 07.10.2026","8 dni/7 nocy","","4.0","4.0","734","tripadvisor","Katowice","2026-09-14T05:28:48.797095+00:00","https://fly.pl/oferta/grecja-wczasy/?filter[dest]=14:&filter[hotelids]=&filter[cityids]=&filter[cregids]=&filter[ofrType]=&filter[addObjType]=&filter[whenFrom]=14-09-2026&filter[whenTo]=14-10-2026&filter[duration]=7:10&filter[from]=&filter[person]=2&filter[child]=1&filter[price]=4000:20000&filter[PriceFrom]=4000&filter[PriceTo]=20000&filter[addCategory]=50&filter[addCatering]=1&filter[addMisc]=0&filter[addTransport]=F&filter[fp]=1&order_by=ofr_price&filter[tourOperator]=0&filter[childAge][1]=20201210","https://fly.pl/cdn/photo/assets/uploads/582/278/2010/04/Almyra-Village1883.jpg","https://fly.pl/wycieczka/grecja,kreta-wschodnia,koutsounari/almyra-village/peeIonDO2so_6CIBsXnkDwAAogIH35ARgIpmYAUXeSamvBefItLA4jFfED9OGQAGBJtSEqBFZJVFgwkYye1QZI-T5QQVj6AmACcj8aABUHFwBcA1gFQI8DW810U7g4UgBh0SJLAF6nMEz8-DkNq9SYCSAAUcjNrY2NAU_IkB1dnIOq3hsCDGMBAguZTZmo/ofertasv/?filter[tourOperator]=VITX&filter%5Bperson%5D=2&filter%5BchildAge%5D%5B1%5D=20201210&filter%5Bchild%5D=1"
"Elinotel Sermilia Resort (ex. Bomo Cronwell Sermilia) Grecja, Chalkidiki, Psakoudia","8083.0","26.09.2026 - 03.10.2026","8 dni/7 nocy","","3.7","3.7","213","tripadvisor","Poznań","2026-09-14T05:28:48.797095+00:00","https://fly.pl/oferta/grecja-wczasy/?filter[dest]=14:&filter[hotelids]=&filter[cityids]=&filter[cregids]=&filter[ofrType]=&filter[addObjType]=&filter[whenFrom]=14-09-2026&filter[whenTo]=14-10-2026&filter[duration]=7:10&filter[from]=&filter[person]=2&filter[child]=1&filter[price]=4000:20000&filter[PriceFrom]=4000&filter[PriceTo]=20000&filter[addCategory]=50&filter[addCatering]=1&filter[addMisc]=0&filter[addTransport]=F&filter[fp]=1&order_by=ofr_price&filter[tourOperator]=0&filter[childAge][1]=20201210","https://fly.pl/cdn/photo/assets/uploads/582/278/2015/06/ace51f02b6f338f488ef08630ea127c1256fa3044b889314275e4a932f9fc24a.jpg","https://fly.pl/wycieczka/grecja,chalkidiki,psakoudia/cronwell-sermilia-resort/pbt2We1X-raCD8Vxmww3BhAAogRkxM-fA2rG4p9iL8DHs6MHQ1O7EdUzX2Z43sxTmkcdYqBFJOQlcwkYye1QZIkz9QQViaAmACagRCd2NEag1BTExfSU5DTFVTSVZFahcyOTYsMzgwLDQ3Nyw0ODMsNDg0LDQ4NWoPNDA1LDQwOSw1MDYsNTI5cjyfAZYBngGUARUHFwBYCAoEQMQHEds3GesfTMBKELoKS_xPYQBSjR1TAB2UqkEPKSDhhJEJDQACDGMBAgv5JN1D/ofertasv/?filter[tourOperator]=RNBW&filter%5Bperson%5D=2&filter%5BchildAge%5D%5B1%5D=20201210&filter%5Bchild%5D=1"
"Ibiscus Corfu Grecja, Korfu, Roda","8326.0","30.09.2026 - 07.10.2026","8 dni/7 nocy","","4.1","4.1","369","tripadvisor","Wrocław","2026-09-14T05:28:48.797095+00:00","https://fly.pl/oferta/grecja-wczasy/?filter[dest]=14:&filter[hotelids]=&filter[cityids]=&filter[cregids]=&filter[ofrType]=&filter[addObjType]=&filter[whenFrom]=14-09-2026&filter[whenTo]=14-10-2026&filter[duration]=7:10&filter[from]=&filter[person]=2&filter[child]=1&filter[price]=4000:20000&filter[PriceFrom]=4000&filter[PriceTo]=20000&filter[addCategory]=50&filter[addCatering]=1&filter[addMisc]=0&filter[addTransport]=F&filter[fp]=1&order_by=ofr_price&filter[tourOperator]=0&filter[childAge][1]=20201210","https://fly.pl/cdn/photo/assets/uploads/582/278/2019/02/Hotel-Ibiscus-Corfu.jpg","https://fly.pl/wycieczka/grecja,korfu,roda/ibiscus-grecja-korfu-grecja/psFrSfVupZ9eQJs52IQD3FAAogYpkeIZv0WW953AUV4z3J5OgbHFL5lJ25oGIymteosN8qBEdSQ1MwkYye1QZIhkFQQVj6AmADcj0XBxUAXANYBVYCHeABD1xAjgRSn3dTAFv3CF6qfGHJSEsAAZCGjAENzv7FCCAAUZK59OZkARJjAQJjAQIL9QYchg/ofertasv/?filter[tourOperator]=GRCS&filter%5Bperson%5D=2&filter%5BchildAge%5D%5B1%5D=20201210&filter%5Bchild%5D=1"
"Valis Resort Grecja, Tesalia, Agria","8356.0","16.09.2026 - 23.09.2026","8 dni/7 nocy","","","","","","Katowice","2026-09-14T05:28:48.797095+00:00","https://fly.pl/oferta/grecja-wczasy/?filter[dest]=14:&filter[hotelids]=&filter[cityids]=&filter[cregids]=&filter[ofrType]=&filter[addObjType]=&filter[whenFrom]=14-09-2026&filter[whenTo]=14-10-2026&filter[duration]=7:10&filter[from]=&filter[person]=2&filter[child]=1&filter[price]=4000:20000&filter[PriceFrom]=4000&filter[PriceTo]=20000&filter[addCategory]=50&filter[addCatering]=1&filter[addMisc]=0&filter[addTransport]=F&filter[fp]=1&order_by=ofr_price&filter[tourOperator]=0&filter[childAge][1]=20201210","https://datacfstatic.merlinx.pl/RNBW/IMG/8759/2b8ed3b6f4e85c2410458d2a2f682b00a2214b389f8ea62aef38cc3a24cd772b.webp","https://fly.pl/wycieczka/grecja,tesalia,agria/valis-resort-12/p5uqUHLIguzjWm9l2HuUAwAAog2RI73uwki_I6ju3tj_dVHHetdNcK2CBq6M29p6o-LvUqBFJOQlcwkYye1QZIpEFQQVgqYAJqBEJ3Y0RqDUFMTF9JTkNMVVNJVkVqFzI5NiwzODAsNDc3LDQ4Myw0ODQsNDg1agc0MDcsNDA4cjyfAZYBngGUARUHFwBYCAoEQMQHEeA8Gc8bEO5mS4AMYQBS8W1TAEyQCh3LhkEPJyDN_pAJDQACDGMBAgt0FRm9/ofertasv/?filter[tourOperator]=RNBW&filter%5Bperson%5D=2&filter%5BchildAge%5D%5B1%5D=20201210&filter%5Bchild%5D=1"
"Apollonia Beach (Ammoudara) Grecja, Kreta Wschodnia, Ammoudara","8437.0","07.10.2026 - 14.10.2026","8 dni/7 nocy","","4.2","4.2","1054","tripadvisor","Kraków","2026-09-14T05:28:48.797095+00:00","https://fly.pl/oferta/grecja-wczasy/?filter[dest]=14:&filter[hotelids]=&filter[cityids]=&filter[cregids]=&filter[ofrType]=&filter[addObjType]=&filter[whenFrom]=14-09-2026&filter[whenTo]=14-10-2026&filter[duration]=7:10&filter[from]=&filter[person]=2&filter[child]=1&filter[price]=4000:20000&filter[PriceFrom]=4000&filter[PriceTo]=20000&filter[addCategory]=50&filter[addCatering]=1&filter[addMisc]=0&filter[addTransport]=F&filter[fp]=1&order_by=ofr_price&filter[tourOperator]=0&filter[childAge][1]=20201210","https://fly.pl/cdn/photo/assets/uploads/582/278/2009/06/Apollonia-Beach-Ammoudara481.jpg","https://fly.pl/wycieczka/grecja,kreta-wschodnia,ammoudara/apollonia-beach-ammoudara/pnuHwRH6aT6YApbCQDlyobAAog3zxYXed5RfzGne8P-DiOmuTSphl5RLvYNefjhP_d-yIqBEVYSU0wkYye1QZI9UFQAViiBGACagJBSXIhHBHKmgarBK_8O7kEFhuM0UAYu84_Acj89aULAhJjAQIMp0vinA/ofertasv/?filter[tourOperator]=EXIM&filter%5Bperson%5D=2&filter%5BchildAge%5D%5B1%5D=20201210&filter%5Bchild%5D=1"
"Galini Sea View (Agia Marina) Grecja, Kreta Zachodnia, Agia Marina","8522.0","05.10.2026 - 12.10.2026","8 dni/7 nocy","","3.9","3.9","2019","tripadvisor","Warszawa","2026-09-14T05:28:48.797095+00:00","https://fly.pl/oferta/grecja-wczasy/?filter[dest]=14:&filter[hotelids]=&filter[cityids]=&filter[cregids]=&filter[ofrType]=&filter[addObjType]=&filter[whenFrom]=14-09-2026&filter[whenTo]=14-10-2026&filter[duration]=7:10&filter[from]=&filter[person]=2&filter[child]=1&filter[price]=4000:20000&filter[PriceFrom]=4000&filter[PriceTo]=20000&filter[addCategory]=50&filter[addCatering]=1&filter[addMisc]=0&filter[addTransport]=F&filter[fp]=1&order_by=ofr_price&filter[tourOperator]=0&filter[childAge][1]=20201210","https://fly.pl/cdn/photo/assets/uploads/582/278/2014/07/Hotel-Galini-Sea-View.jpg","https://fly.pl/wycieczka/grecja,kreta-zachodnia,agia-marina/galini-sea-view-agia-marina/pa3QWXqgf5cMZhgwj0gu6ZAAogG-F4xmxFErw4usghZeIA-PG6Y5AGV0QCjIEy6z32KxoqBEVDQ1gwkYye1QZIykJQAVjyA2ACagJBSXIgHBHaSqsEj80XuQQqGJ7IIhv7qgcBtdL98wECEmMBAgtj2C0Q/ofertasv/?filter[tourOperator]=ECCX&filter%5Bperson%5D=2&filter%5BchildAge%5D%5B1%5D=20201210&filter%5Bchild%5D=1"
"Eretria Hotel & Spa Resort (ex. Eretria Village) Grecja, Evia, Eretria","8548.0","23.09.2026 - 30.09.2026","8 dni/7 nocy","","3.5","3.5","266","tripadvisor","Poznań","2026-09-14T05:28:48.797095+00:00","https://fly.pl/oferta/grecja-wczasy/?filter[dest]=14:&filter[hotelids]=&filter[cityids]=&filter[cregids]=&filter[ofrType]=&filter[addObjType]=&filter[whenFrom]=14-09-2026&filter[whenTo]=14-10-2026&filter[duration]=7:10&filter[from]=&filter[person]=2&filter[child]=1&filter[price]=4000:20000&filter[PriceFrom]=4000&filter[PriceTo]=20000&filter[addCategory]=50&filter[addCatering]=1&filter[addMisc]=0&filter[addTransport]=F&filter[fp]=1&order_by=ofr_price&filter[tourOperator]=0&filter[childAge][1]=20201210","https://fly.pl/cdn/photo/assets/uploads/582/278/2014/11/Hotel-Eretria-Spa-Resort.jpg","https://fly.pl/wycieczka/grecja,evia,eretria/eretria-village/pTWk5IENnEaVmGqlhaUAwrAAogqyFR2BJ9sXS4Ycjx81zipObBCQMX0GZyL7sNgQwJQzoqBEdSQ1MwkYye1QZI5EJQQVjSAWADcjwVBxcAWAhWAlwCHbQGDxNAAVLqZlMAW7oKXpyLAWF4SwAB7IKFAQ28yc0IIABRz4GR1FcBEmMBAmMBAgv-sHVp/ofertasv/?filter[tourOperator]=GRCS&filter%5Bperson%5D=2&filter%5BchildAge%5D%5B1%5D=20201210&filter%5Bchild%5D=1"
"Zante Park Resort & SPA - BW Premier Collection Grecja, Zakynthos, Laganas","8557.0","25.09.2026 - 02.10.2026","8 dni/7 nocy","","3.7","3.7","642","tripadvisor","Katowice","2026-09-14T05:28:48.797095+00:00","https://fly.pl/oferta/grecja-wczasy/?filter[dest]=14:&filter[hotelids]=&filter[cityids]=&filter[cregids]=&filter[ofrType]=&filter[addObjType]=&filter[whenFrom]=14-09-2026&filter[whenTo]=14-10-2026&filter[duration]=7:10&filter[from]=&filter[person]=2&filter[child]=1&filter[price]=4000:20000&filter[PriceFrom]=4000&filter[PriceTo]=20000&filter[addCategory]=50&filter[addCatering]=1&filter[addMisc]=0&filter[addTransport]=F&filter[fp]=1&order_by=ofr_price&filter[tourOperator]=0&filter[childAge][1]=20201210","https://fly.pl/cdn/photo/assets/uploads/582/278/2014/07/Best-Western-Zante-Park-fly-pl.jpg","https://fly.pl/wycieczka/grecja,zakynthos,laganas/best-western-zante-park/ptRJMP7ivC7rmxXr1qS_huAAogTmq7rxPxMZ9q2RMVVDB5lj6o9zM-kXFGftSFMua9UZMqBFZJVFgwkYye1QZI7UJQQViCAmACckAaABUHFwBcA1gFQI8DW7-DAWGXTEsAXqcwUrpnUwBMv5E5DanUmAkgAF24l6nsqAFP3KqbxXlR79wMAgxjAQIL4RxLjA/ofertasv/?filter[tourOperator]=VITX&filter%5Bperson%5D=2&filter%5BchildAge%5D%5B1%5D=20201210&filter%5Bchild%5D=1"
"Possidi Holidays Grecja, Chalkidiki, Possidi","8667.0","06.10.2026 - 13.10.2026","8 dni/7 nocy","","4.2","4.2","640","tripadvisor","Warszawa - Modlin","2026-09-14T05:28:48.797095+00:00","https://fly.pl/oferta/grecja-wczasy/?filter[dest]=14:&filter[hotelids]=&filter[cityids]=&filter[cregids]=&filter[ofrType]=&filter[addObjType]=&filter[whenFrom]=14-09-2026&filter[whenTo]=14-10-2026&filter[duration]=7:10&filter[from]=&filter[person]=2&filter[child]=1&filter[price]=4000:20000&filter[PriceFrom]=4000&filter[PriceTo]=20000&filter[addCategory]=50&filter[addCatering]=1&filter[addMisc]=0&filter[addTransport]=F&filter[fp]=1&order_by=ofr_price&filter[tourOperator]=0&filter[childAge][1]=20201210","https://fly.pl/cdn/photo/assets/uploads/582/278/2015/04/Possidi-Holidays-fly-pl.jpg","https://fly.pl/wycieczka/grecja,chalkidiki,possidi/possidi-holidays/pXK8XDJ_h-GawACgZFPlScAAogukoXUnuZf7M-W6qNsU3zwomiY2K3SOHOgXYRdOUnQYwqBEVYSU0wkYye1QZI20NQAViKBGACagJBSXIhHBGyjgarBI-hQbkEHxu9viwYnvU1AbPE8_4IAhJjAQUKwVfafA/ofertasv/?filter[tourOperator]=EXIM&filter%5Bperson%5D=2&filter%5BchildAge%5D%5B1%5D=20201210&filter%5Bchild%5D=1"
"Ajul Luxury & Spa Resort (Ayios Nikolaos) Grecja, Chalkidiki, Loutra","8827.0","06.10.2026 - 13.10.2026","8 dni/7 nocy","","","","","","Warszawa - Modlin","2026-09-14T05:28:48.797095+00:00","https://fly.pl/oferta/grecja-wczasy/?filter[dest]=14:&filter[hotelids]=&filter[cityids]=&filter[cregids]=&filter[ofrType]=&filter[addObjType]=&filter[whenFrom]=14-09-2026&filter[whenTo]=14-10-2026&filter[duration]=7:10&filter[from]=&filter[person]=2&filter[child]=1&filter[price]=4000:20000&filter[PriceFrom]=4000&filter[PriceTo]=20000&filter[addCategory]=50&filter[addCatering]=1&filter[addMisc]=0&filter[addTransport]=F&filter[fp]=1&order_by=ofr_price&filter[tourOperator]=0&filter[childAge][1]=20201210","https://datacfstatic.merlinx.pl/EXIM/IMG/99533/5e96e58a07fd02f8461292d1af2cfe1b7ba97df7092379a77d0c63b83d7d3e10.webp","https://fly.pl/wycieczka/grecja,chalkidiki,loutra/ajul-luxury-spa-resort-ayios-nikolaos-11/pbedtmG_HTRe4GYNZDt7IyAAogr9ox1UPET1fyuhbj4wr24YmiY2K3SOHOgXYRdOUnQYwqBEVYSU0wkYye1QZI-0RQAViKBGACagJBSXIhHBHNiQarBPSlQbkEHxvd5TkYx70-AeHhu5ILAgBjAQILANCeLQ/ofertasv/?filter[tourOperator]=EXIM&filter%5Bperson%5D=2&filter%5BchildAge%5D%5B1%5D=20201210&filter%5Bchild%5D=1"
"Rodos Palace Grecja, Rodos, Ixia","8857.0","28.09.2026 - 06.10.2026","9 dni/7 nocy","","3.5","3.5","5694","tripadvisor","Warszawa","2026-09-14T05:28:48.797095+00:00","https://fly.pl/oferta/grecja-wczasy/?filter[dest]=14:&filter[hotelids]=&filter[cityids]=&filter[cregids]=&filter[ofrType]=&filter[addObjType]=&filter[whenFrom]=14-09-2026&filter[whenTo]=14-10-2026&filter[duration]=7:10&filter[from]=&filter[person]=2&filter[child]=1&filter[price]=4000:20000&filter[PriceFrom]=4000&filter[PriceTo]=20000&filter[addCategory]=50&filter[addCatering]=1&filter[addMisc]=0&filter[addTransport]=F&filter[fp]=1&order_by=ofr_price&filter[tourOperator]=0&filter[childAge][1]=20201210","https://fly.pl/cdn/photo/assets/uploads/582/278/2014/07/Rodos-Palace.jpg","https://fly.pl/wycieczka/grecja,rodos,ixia/rodos-palace/pB7dr0rc_zZzE07ls3oKtTAAog7SEOapvuz92UYVfEHKn4mBiDe-jQ9gBc4EbXdapwIDoqBFZJVFgwkYye1QZImUVQQVjKAmACckAaABUHFwBcA1gFQI8DW6GTAV7cbFKRE1MAS9wwYQBM77Q5DcnUmAkgAFHs78Tt3gFP9ZUNXZDeqYInAgxjAQILMQLexA/ofertasv/?filter[tourOperator]=VITX&filter%5Bperson%5D=2&filter%5BchildAge%5D%5B1%5D=20201210&filter%5Bchild%5D=1"
"Santa Marina Pearl Grecja, Kreta, Agia Marina","8917.0","30.09.2026 - 07.10.2026","8 dni/7 nocy","","4.1","4.1","1117","tripadvisor","Warszawa - Modlin","2026-09-14T05:28:48.797095+00:00","https://fly.pl/oferta/grecja-wczasy/?filter[dest]=14:&filter[hotelids]=&filter[cityids]=&filter[cregids]=&filter[ofrType]=&filter[addObjType]=&filter[whenFrom]=14-09-2026&filter[whenTo]=14-10-2026&filter[duration]=7:10&filter[from]=&filter[person]=2&filter[child]=1&filter[price]=4000:20000&filter[PriceFrom]=4000&filter[PriceTo]=20000&filter[addCategory]=50&filter[addCatering]=1&filter[addMisc]=0&filter[addTransport]=F&filter[fp]=1&order_by=ofr_price&filter[tourOperator]=0&filter[childAge][1]=20201210","https://fly.pl/cdn/photo/assets/uploads/582/278/2024/07/santa-marina-pearl.jpg","https://fly.pl/wycieczka/grecja,kreta,agia-marina/santa-marina-pearl-14/pN6VXlLzf7MbgLi41AndUbAAogPNlWDDRUiZp0kr-SjZFQKSwpoaWr2-VQZickFnAPQnwqBFZJVFgwkYye1QZI1UVQQVj6AmACagxXTUlDSFFEUDQwMTlqDENIUVdNSURQNDAxOXI3nQGPARoAFwcVAFwDWAVAjwNSoHtTAFuHC17WeUuPR2EATPRADaTF0QkgAFG79cudZQIMYwECC61D6tA/ofertasv/?filter[tourOperator]=VITX&filter%5Bperson%5D=2&filter%5BchildAge%5D%5B1%5D=20201210&filter%5Bchild%5D=1"
"Rimondi Grand Resort & Spa Grecja, Kreta Zachodnia, Magnisia","8974.0","29.09.2026 - 06.10.2026","8 dni/7 nocy","","3.9","3.9","3016","tripadvisor","Katowice","2026-09-14T05:28:48.797095+00:00","https://fly.pl/oferta/grecja-wczasy/?filter[dest]=14:&filter[hotelids]=&filter[cityids]=&filter[cregids]=&filter[ofrType]=&filter[addObjType]=&filter[whenFrom]=14-09-2026&filter[whenTo]=14-10-2026&filter[duration]=7:10&filter[from]=&filter[person]=2&filter[child]=1&filter[price]=4000:20000&filter[PriceFrom]=4000&filter[PriceTo]=20000&filter[addCategory]=50&filter[addCatering]=1&filter[addMisc]=0&filter[addTransport]=F&filter[fp]=1&order_by=ofr_price&filter[tourOperator]=0&filter[childAge][1]=20201210","https://fly.pl/cdn/photo/assets/uploads/582/278/2016/10/Rimondi-Grand-Resort-Spa-fly-pl-2.jpg","https://fly.pl/wycieczka/grecja,kreta-zachodnia,magnisia/rimondi-grand-resort-spa/pOJFb0IaZUUiVsrYQrUTrZAAogF1BvmMz7Trp2aTHTy8m7gthtXihjgpNgLeHPmjygVaUqBEVDQ1gwkYye1QZIjkZQAVjiAmACagJBSXIiHBHGB6sEnaEWuQTK3gIYvvUuG9KVRAGKjbaLAgISYwECC8SLFIo/ofertasv/?filter[tourOperator]=ECCX&filter%5Bperson%5D=2&filter%5BchildAge%5D%5B1%5D=20201210&filter%5Bchild%5D=1"
"Azure Resort & Spa (ex. Mediterranee) Grecja, Zakynthos, Planos","9197.0","06.10.2026 - 13.10.2026","8 dni/7 nocy","","3.1","3.1","102","tripadvisor","Warszawa","2026-09-14T05:28:48.797095+00:00","https://fly.pl/oferta/grecja-wczasy/?filter[dest]=14:&filter[hotelids]=&filter[cityids]=&filter[cregids]=&filter[ofrType]=&filter[addObjType]=&filter[whenFrom]=14-09-2026&filter[whenTo]=14-10-2026&filter[duration]=7:10&filter[from]=&filter[person]=2&filter[child]=1&filter[price]=4000:20000&filter[PriceFrom]=4000&filter[PriceTo]=20000&filter[addCategory]=50&filter[addCatering]=1&filter[addMisc]=0&filter[addTransport]=F&filter[fp]=1&order_by=ofr_price&filter[tourOperator]=0&filter[childAge][1]=20201210","https://fly.pl/cdn/photo/assets/uploads/582/278/2014/09/Azure-Resort-Spa-ex.-Mediterranee-fly-pl.jpg","https://fly.pl/wycieczka/grecja,zakynthos,planos/mediterranee-planos/pzTt6qP531F5WRFaK36-Y4AAogQ4HYYuF_bOWLUB4EriwMzpjoyaTce9EqpxQtW2G-l-UqBFZJVFgwkYye1QZI7UdQQViKBGACckAaABUHFwBcA1gFQI8DW7-DAV6-fGHtQ0sAUs0jUwBMoZE5DZjVmAkgAF3ovpPwhQJRtLfDwRxP-aAOAg5jAQIN8NP3yg/ofertasv/?filter[tourOperator]=VITX&filter%5Bperson%5D=2&filter%5BchildAge%5D%5B1%5D=20201210&filter%5Bchild%5D=1"
"Lydia Maris Resort & Spa Grecja, Rodos, Kolymbia","9299.0","07.10.2026 - 14.10.2026","8 dni/7 nocy","","4.1","4.1","1368","tripadvisor","Kraków","2026-09-14T05:28:48.797095+00:00","https://fly.pl/oferta/grecja-wczasy/?filter[dest]=14:&filter[hotelids]=&filter[cityids]=&filter[cregids]=&filter[ofrType]=&filter[addObjType]=&filter[whenFrom]=14-09-2026&filter[whenTo]=14-10-2026&filter[duration]=7:10&filter[from]=&filter[person]=2&filter[child]=1&filter[price]=4000:20000&filter[PriceFrom]=4000&filter[PriceTo]=20000&filter[addCategory]=50&filter[addCatering]=1&filter[addMisc]=0&filter[addTransport]=F&filter[fp]=1&order_by=ofr_price&filter[tourOperator]=0&filter[childAge][1]=20201210","https://fly.pl/cdn/photo/assets/uploads/582/278/2015/03/Lydia-Maris-Resort-and-Spa.jpg","https://fly.pl/wycieczka/grecja,rodos,kolymbia/lydia-maris/pFlRUYy_R5WeBmEamq-YemAAogqd58iy45emg9V735-bbugr-dwW0YvMoGfR0jMG4mdQ0qBEVDQ1gwkYye1QZI00hQAViiBGACagJBSXIgHBGCIKsEuvoXuQQBGJmYKxuRzkAB0OW99AECAGMBAgvSnS8p/ofertasv/?filter[tourOperator]=ECCX&filter%5Bperson%5D=2&filter%5BchildAge%5D%5B1%5D=20201210&filter%5Bchild%5D=1"
"White Olive Elite Grecja, Zakynthos, Laganas","9373.0","02.10.2026 - 09.10.2026","8 dni/7 nocy","","4.1","4.1","297","tripadvisor","Katowice","2026-09-14T05:28:48.797095+00:00","https://fly.pl/oferta/grecja-wczasy/?filter[dest]=14:&filter[hotelids]=&filter[cityids]=&filter[cregids]=&filter[ofrType]=&filter[addObjType]=&filter[whenFrom]=14-09-2026&filter[whenTo]=14-10-2026&filter[duration]=7:10&filter[from]=&filter[person]=2&filter[child]=1&filter[price]=4000:20000&filter[PriceFrom]=4000&filter[PriceTo]=20000&filter[addCategory]=50&filter[addCatering]=1&filter[addMisc]=0&filter[addTransport]=F&filter[fp]=1&order_by=ofr_price&filter[tourOperator]=0&filter[childAge][1]=20201210","https://fly.pl/cdn/photo/assets/uploads/582/278/2018/09/White-Olive-Elite-fly-pl-1.jpg","https://fly.pl/wycieczka/grecja,zakynthos,laganas/white-olive-elite/pVx_qSaOvgcx2RRJASC4U8AAogWJrL42VIhRarj9jHv0G9qZHSCzpSH2MmgRLoS4lyStcqBFJOQlcwkYye1QZInUlQQViqA2ACagRCd2NEag1BTExfSU5DTFVTSVZFahoxNiwyOTYsMzgwLDQ3Nyw0ODMsNDg0LDQ4NWoTNDA0LDQwNyw0MDgsNTIxLDUyOHI9nwGWAZ4BlAEVBxcAWAgKBEDEBxG3GhDwGxnGIUuwc2EATNqXAVIHUwAd2eQ_D_0BIN__kQkNAAIMYwECC0DhpSA/ofertasv/?filter[tourOperator]=RNBW&filter%5Bperson%5D=2&filter%5BchildAge%5D%5B1%5D=20201210&filter%5Bchild%5D=1"
"Lindos Royal (ex. COOEE) Grecja, Rodos, Lindos","9487.0","29.09.2026 - 06.10.2026","8 dni/7 nocy","","3.8","3.8","3451","tripadvisor","Kraków","2026-09-14T05:28:48.797095+00:00","https://fly.pl/oferta/grecja-wczasy/?filter[dest]=14:&filter[hotelids]=&filter[cityids]=&filter[cregids]=&filter[ofrType]=&filter[addObjType]=&filter[whenFrom]=14-09-2026&filter[whenTo]=14-10-2026&filter[duration]=7:10&filter[from]=&filter[person]=2&filter[child]=1&filter[price]=4000:20000&filter[PriceFrom]=4000&filter[PriceTo]=20000&filter[addCategory]=50&filter[addCatering]=1&filter[addMisc]=0&filter[addTransport]=F&filter[fp]=1&order_by=ofr_price&filter[tourOperator]=0&filter[childAge][1]=20201210","https://fly.pl/cdn/photo/assets/uploads/582/278/2015/08/LINDOS-ROYAL.jpg","https://fly.pl/wycieczka/grecja,rodos,lindos/lindos-royal/pzLqLFtPEAnkAW0mJF46CqAAogNa_MvNl9Rv1ipVCFKjPdPbdVmxRt2ki5MjH_iGRBr0YqBEVYSU0wkYye1QZIj0pQAVjiAmACagJBSXIhHBHxwQa5BPXcRKsEQBucuzIY5886AZvJ9JsLAgBjAQILeU4xyg/ofertasv/?filter[tourOperator]=EXIM&filter%5Bperson%5D=2&filter%5BchildAge%5D%5B1%5D=20201210&filter%5Bchild%5D=1"
"Almyros Beach (ex Cyprotel Almyros) Grecja, Korfu, Acharavi","9505.0","03.10.2026 - 10.10.2026","8 dni/7 nocy","","4.5","4.5","254","tripadvisor","Katowice","2026-09-14T05:28:48.797095+00:00","https://fly.pl/oferta/grecja-wczasy/?filter[dest]=14:&filter[hotelids]=&filter[cityids]=&filter[cregids]=&filter[ofrType]=&filter[addObjType]=&filter[whenFrom]=14-09-2026&filter[whenTo]=14-10-2026&filter[duration]=7:10&filter[from]=&filter[person]=2&filter[child]=1&filter[price]=4000:20000&filter[PriceFrom]=4000&filter[PriceTo]=20000&filter[addCategory]=50&filter[addCatering]=1&filter[addMisc]=0&filter[addTransport]=F&filter[fp]=1&order_by=ofr_price&filter[tourOperator]=0&filter[childAge][1]=20201210","https://fly.pl/cdn/photo/assets/uploads/582/278/2015/01/Almyros-Beach-ex-Cyprotel-Almyros-fly-pl.jpg","https://fly.pl/wycieczka/grecja,korfu,acharavi/cyprotel-almyros-ex-almyros-natura/pk0SqPv2fsw-mSAk7GJlsPAAogkkJbHjPH4kopURR2LPZNKy4JXqKmgIIINK5hD42ZiOoqBEdSQ1MwkYye1QZIoUpQQVjCA2ADcj0VBxcAWAhWAlwCD-0EHRZAxQFSn3dTAFv3CGGDTEsAXqcwAY3diAEN4_DJCCAAUf-63uZkARJjAQJjAQIL5EPwHg/ofertasv/?filter[tourOperator]=GRCS&filter%5Bperson%5D=2&filter%5BchildAge%5D%5B1%5D=20201210&filter%5Bchild%5D=1"
"Sunshine Crete Beach (ex Club Calimera) Grecja, Kreta Wschodnia, Koutsounari","9466.0","29.09.2026 - 06.10.2026","8 dni/7 nocy","","3.7","3.7","118","tripadvisor","Katowice","2026-09-14T05:28:48.797095+00:00","https://fly.pl/oferta/grecja-wczasy/?filter[dest]=14:&filter[hotelids]=&filter[cityids]=&filter[cregids]=&filter[ofrType]=&filter[addObjType]=&filter[whenFrom]=14-09-2026&filter[whenTo]=14-10-2026&filter[duration]=7:10&filter[from]=&filter[person]=2&filter[child]=1&filter[price]=4000:20000&filter[PriceFrom]=4000&filter[PriceTo]=20000&filter[addCategory]=50&filter[addCatering]=1&filter[addMisc]=0&filter[addTransport]=F&filter[fp]=1&order_by=ofr_price&filter[tourOperator]=0&filter[childAge][1]=20201210","https://fly.pl/cdn/photo/assets/uploads/582/278/2015/01/MARE-BLUE-EX-SUNSHINE-CRETE-BEACH.jpg","https://fly.pl/wycieczka/grecja,kreta-wschodnia,koutsounari/club-calimera-sunshine/XTOP45c0c1X_wYAAHNOYVBwWQGyAQDdViccCpABCgYI2OcPEAESBgjukxMQARp-TVBVVzJHRjIzTjFWNkpNVzVLSUdTOUdCMVBESFJTTEM5QUVXS1hROUxXUjRYNDNUWThRUVU3NThQNERRMDFHWTkwNDRNUzZOMUQ5V1Y5RTdNWjU2T1VVNEg0Q0lUV080U01HSjhJUVpMR09MTk4yOTRKTFVSMzRJNEJYNEJaCn8KBgiyrwYQAhIGCN2FIRABGm1PNTQ1NDRkNTMyZjQxNGQ1NDUzNDc1MjMyMzU0ZjM4MmY1MjRkNTM1MDMwMzA0ZDU2MzAzMDJmNDE0OTJmMzcyZjMyMzAzMjM2MzAzOTMyMzkyZjMwMzEzMjMzMzQzNTM2MzczODM5MzAzMTMyCiMKBgj8oQMQARIGCPb9AxABGhFEU1JULTk3LVRSQU5TRkVSNQofCgUIzDoQARIFCPNGEAEaD0RTUk0tOTctMnIyMjY3MgogCgUIwD4QARIFCNBLEAEaEERTUk0tOTctNTByMjI2NzMKIQoFCPAuEAESBQiYORABGhFEU1JVLTk3LVViZXpiYXNpYxhhKKIkMgYInOM5EAE4Aw/ofertasv/?filter[tourOperator]=XTOP&filter%5Bperson%5D=2&filter%5BchildAge%5D%5B1%5D=20201210&filter%5Bchild%5D=1"
"Labranda Sandy Beach (ex Aquis Sandy Beach) Grecja, Korfu, Agios Georgios","9547.0","30.09.2026 - 07.10.2026","8 dni/7 nocy","","3.9","3.9","7908","tripadvisor","Wrocław","2026-09-14T05:28:48.797095+00:00","https://fly.pl/oferta/grecja-wczasy/?filter[dest]=14:&filter[hotelids]=&filter[cityids]=&filter[cregids]=&filter[ofrType]=&filter[addObjType]=&filter[whenFrom]=14-09-2026&filter[whenTo]=14-10-2026&filter[duration]=7:10&filter[from]=&filter[person]=2&filter[child]=1&filter[price]=4000:20000&filter[PriceFrom]=4000&filter[PriceTo]=20000&filter[addCategory]=50&filter[addCatering]=1&filter[addMisc]=0&filter[addTransport]=F&filter[fp]=1&order_by=ofr_price&filter[tourOperator]=0&filter[childAge][1]=20201210","https://fly.pl/cdn/photo/assets/uploads/582/278/2014/06/LABRANDA-Sandy-Beach-Resort.jpg","https://fly.pl/wycieczka/grecja,korfu,agios-georgios/aquis-sandy-beach-resort-agios-georgios/pWUmDw1cofHQS90BFM-RmgAAogoX0AO3ufMH85IYdoz1Sto4runnHXGeQQhaR2azNzh-QqBFJOQlcwkYye1QZIy0pQQVj6AmACagRCd2NEag1BTExfSU5DTFVTSVZFahcyOTYsMzgwLDQ3Nyw0ODMsNDg0LDQ4NXI8nwGWAZ4BFQcXAFgICgRAxAcRxxUQ0BYZwytTyR5SAEyAUUvqfGEAHZSzQA_F6AMghemNCQ0AAgxjAQIL5I5fog/ofertasv/?filter[tourOperator]=RNBW&filter%5Bperson%5D=2&filter%5BchildAge%5D%5B1%5D=20201210&filter%5Bchild%5D=1"
"Ammos (Mastichari) Grecja, Kos, Mastichari","9557.0","03.10.2026 - 11.10.2026","9 dni/7 nocy","","4.2","4.2","238","tripadvisor","Warszawa","2026-09-14T05:28:48.797095+00:00","https://fly.pl/oferta/grecja-wczasy/?filter[dest]=14:&filter[hotelids]=&filter[cityids]=&filter[cregids]=&filter[ofrType]=&filter[addObjType]=&filter[whenFrom]=14-09-2026&filter[whenTo]=14-10-2026&filter[duration]=7:10&filter[from]=&filter[person]=2&filter[child]=1&filter[price]=4000:20000&filter[PriceFrom]=4000&filter[PriceTo]=20000&filter[addCategory]=50&filter[addCatering]=1&filter[addMisc]=0&filter[addTransport]=F&filter[fp]=1&order_by=ofr_price&filter[tourOperator]=0&filter[childAge][1]=20201210","https://fly.pl/cdn/photo/assets/uploads/582/278/2016/11/AMMOS-LUXURY-RESORT.jpg","https://fly.pl/wycieczka/grecja,kos,mastichari/ammos-mastichari/pvfRQSJgHB7ro0QV3O4QvaAAog4k1T9l0BFq1Jmm0QO7R3uYyjQfhCSpknR2oORujcQHkqBFZJVFgwkYye1QZI1UpQQVjCA2ACckAaABUHFwBcA1gFQI8DW6eGAVPXRVIAXv8zS-1DYQBM77Q5DZTVmAkgAVGEid7xpQFPkdw9XdD9y_1fAgxjAQILqr1DJg/ofertasv/?filter[tourOperator]=VITX&filter%5Bperson%5D=2&filter%5BchildAge%5D%5B1%5D=20201210&filter%5Bchild%5D=1"
"Galaxy Beach Resort BW Premier Collection Grecja, Zakynthos, Laganas","9579.0","05.10.2026 - 12.10.2026","8 dni/7 nocy","","3.9","3.9","744","tripadvisor","Warszawa - Modlin","2026-09-14T05:28:48.797095+00:00","https://fly.pl/oferta/grecja-wczasy/?filter[dest]=14:&filter[hotelids]=&filter[cityids]=&filter[cregids]=&filter[ofrType]=&filter[addObjType]=&filter[whenFrom]=14-09-2026&filter[whenTo]=14-10-2026&filter[duration]=7:10&filter[from]=&filter[person]=2&filter[child]=1&filter[price]=4000:20000&filter[PriceFrom]=4000&filter[PriceTo]=20000&filter[addCategory]=50&filter[addCatering]=1&filter[addMisc]=0&filter[addTransport]=F&filter[fp]=1&order_by=ofr_price&filter[tourOperator]=0&filter[childAge][1]=20201210","https://fly.pl/cdn/photo/assets/uploads/582/278/2014/07/Best-Western-Galaxy-Laganas-fly-pl.jpg","https://fly.pl/wycieczka/grecja,zakynthos,laganas/best-western-galaxy-laganas/pdbwMOmy7KO6ku3Vn0i23CAAogOmiSuy0a4sfhlPC3m10yDOpKVdodt36SsiD5KgWwM3UqBEJWQkUwkYye1QZI60pQAVjyA2ACagJBSXIgHBHhfRu56D4YnIETuQTsryirBAEB7qPVkwMCAGMBAgvT-fVG/ofertasv/?filter[tourOperator]=BVBE&filter%5Bperson%5D=2&filter%5BchildAge%5D%5B1%5D=20201210&filter%5Bchild%5D=1"
"Sitia Beach Grecja, Kreta Wschodnia, Sitia","9657.0","27.09.2026 - 04.10.2026","8 dni/7 nocy","","4.3","4.3","1263","tripadvisor","Katowice","2026-09-14T05:28:48.797095+00:00","https://fly.pl/oferta/grecja-wczasy/?filter[dest]=14:&filter[hotelids]=&filter[cityids]=&filter[cregids]=&filter[ofrType]=&filter[addObjType]=&filter[whenFrom]=14-09-2026&filter[whenTo]=14-10-2026&filter[duration]=7:10&filter[from]=&filter[person]=2&filter[child]=1&filter[price]=4000:20000&filter[PriceFrom]=4000&filter[PriceTo]=20000&filter[addCategory]=50&filter[addCatering]=1&filter[addMisc]=0&filter[addTransport]=F&filter[fp]=1&order_by=ofr_price&filter[tourOperator]=0&filter[childAge][1]=20201210","https://fly.pl/cdn/photo/assets/uploads/582/278/2015/03/SITIA-BEACH-CITY-RESORT-SPA.jpg","https://fly.pl/wycieczka/grecja,kreta-wschodnia,sitia/sitia-beach/pWXiHjIfBusBwoJ8f9ZuyeAAog8dFthuWVsLfz1ceehlUtS1lciNoRC5L10Mtq0iamvMsqBFZJVFgwkYye1QZIuUtQQViyAmACckIaABUHFwBcA1gFQI8DW72XAVPWLVIAYcMKSwBepzBM_Pg5DajUmAkgAFGH0uCNjQFPi6i1pxNdlMvltggCDmMBAg0nZn5E/ofertasv/?filter[tourOperator]=VITX&filter%5Bperson%5D=2&filter%5BchildAge%5D%5B1%5D=20201210&filter%5Bchild%5D=1"
"Cavo Spada Luxury Resort & Spa Grecja, Kreta Zachodnia, Rapaniana","9697.0","30.09.2026 - 07.10.2026","8 dni/7 nocy","","4.4","4.4","1219","tripadvisor","Warszawa - Modlin","2026-09-14T05:28:48.797095+00:00","https://fly.pl/oferta/grecja-wczasy/?filter[dest]=14:&filter[hotelids]=&filter[cityids]=&filter[cregids]=&filter[ofrType]=&filter[addObjType]=&filter[whenFrom]=14-09-2026&filter[whenTo]=14-10-2026&filter[duration]=7:10&filter[from]=&filter[person]=2&filter[child]=1&filter[price]=4000:20000&filter[PriceFrom]=4000&filter[PriceTo]=20000&filter[addCategory]=50&filter[addCatering]=1&filter[addMisc]=0&filter[addTransport]=F&filter[fp]=1&order_by=ofr_price&filter[tourOperator]=0&filter[childAge][1]=20201210","https://fly.pl/cdn/photo/assets/uploads/582/278/2014/07/Giannoulis-Cavo-Spada-Luxury-Sports.jpg","https://fly.pl/wycieczka/grecja,kreta-zachodnia,rapaniana/cavo-spada-luxury-resort/p5HCIxADhhb6IIT8xlHjCAAAogHdDTbTMLi1pPRjgYzvloyiwpoaWr2-VQZickFnAPQnwqBFZJVFgwkYye1QZI4UtQQVj6AmACagxXTUlDSFFEUDQwMTlqDENIUVdNSURQNDAxOXI3nQGPARoAFwcVAFwDWAVAjwNSoHtTAFuDDV7ad0uPR2EATMAtDdjY0QkgAFHSr56dZQIMYwECCxWtC9U/ofertasv/?filter[tourOperator]=VITX&filter%5Bperson%5D=2&filter%5BchildAge%5D%5B1%5D=20201210&filter%5Bchild%5D=1"
"Natura Park Village","9712.0","03.10.2026 - 10.10.2026","8 dni/7 nocy","","4.0","4.0","1117","tripadvisor","Warszawa","2026-09-14T05:28:48.797095+00:00","https://fly.pl/oferta/grecja-wczasy/?filter[dest]=14:&filter[hotelids]=&filter[cityids]=&filter[cregids]=&filter[ofrType]=&filter[addObjType]=&filter[whenFrom]=14-09-2026&filter[whenTo]=14-10-2026&filter[duration]=7:10&filter[from]=&filter[person]=2&filter[child]=1&filter[price]=4000:20000&filter[PriceFrom]=4000&filter[PriceTo]=20000&filter[addCategory]=50&filter[addCatering]=1&filter[addMisc]=0&filter[addTransport]=F&filter[fp]=1&order_by=ofr_price&filter[tourOperator]=0&filter[childAge][1]=20201210","https://fly.pl/cdn/photo/assets/uploads/582/278/2017/09/Natura-Park-Village.jpg","https://fly.pl/wycieczka/grecja,kos,psalidi/natura-park-village/pCSuc8SDYVoB90SxeR0iaiAAogufp8HWe10Mv6jVkoZOA1DYjGnTOZpYU4JNsCnuc57zoqBFJOQlcwlYye1QZI8EtQQVjCA2ACagRCd2NUag1BTExfSU5DTFVTSVZFahoxNiwyOTYsMzgwLDQ3Nyw0ODMsNDg0LDQ4NWobNDAyLDQwMyw0MDYsNDE3LDQ3Myw0OTcsNDk5cjyfAZYBngGUARUHFwBYCAoJEdQDQOsDGfNWENNVU_8aUgBMoAJLzHVhAB3Q7UAPZSDOm5EJDQACDGMBBQuLVKsK/ofertasv/?filter[tourOperator]=RNBW&filter%5Bperson%5D=2&filter%5BchildAge%5D%5B1%5D=20201210&filter%5Bchild%5D=1"
"Gaia Palace","9719.0","03.10.2026 - 10.10.2026","8 dni/7 nocy","","4.3","4.3","1218","tripadvisor","Warszawa","2026-09-14T05:28:48.797095+00:00","https://fly.pl/oferta/grecja-wczasy/?filter[dest]=14:&filter[hotelids]=&filter[cityids]=&filter[cregids]=&filter[ofrType]=&filter[addObjType]=&filter[whenFrom]=14-09-2026&filter[whenTo]=14-10-2026&filter[duration]=7:10&filter[from]=&filter[person]=2&filter[child]=1&filter[price]=4000:20000&filter[PriceFrom]=4000&filter[PriceTo]=20000&filter[addCategory]=50&filter[addCatering]=1&filter[addMisc]=0&filter[addTransport]=F&filter[fp]=1&order_by=ofr_price&filter[tourOperator]=0&filter[childAge][1]=20201210","https://fly.pl/cdn/photo/assets/uploads/582/278/2009/10/Gaia-Palace2994.jpg","https://fly.pl/wycieczka/grecja,kos,mastichari/gaia-palace/pZPAS_8QDrbrdnzXQjt1DAAAog_qF1fkKaRDkrhyicmDWCPAAAAAD-gAQAGYEEAAcAHQAqBFdFWlkwlYye1QZI90tQQVjCA2ADaglFbnRlciBBaXJqBDA5MzVqBDA2MTVqBDA4MjVyQJ4BkwGVAZgBHwAcAQIAFgQXAhLtAxTDBhHOKkCcTEz7TU8AS-x3UAAd9roPIBsb_LVkDfaY3ggBEmMBDGMBAgs0Fc76/ofertasv/?filter[tourOperator]=WEZY&filter%5Bperson%5D=2&filter%5BchildAge%5D%5B1%5D=20201210&filter%5Bchild%5D=1"
"Grand Blue Beach","9798.0","03.10.2026 - 10.10.2026","8 dni/7 nocy","","4.3","4.3","1177","tripadvisor","Warszawa","2026-09-14T05:28:48.797095+00:00","https://fly.pl/oferta/grecja-wczasy/?filter[dest]=14:&filter[hotelids]=&filter[cityids]=&filter[cregids]=&filter[ofrType]=&filter[addObjType]=&filter[whenFrom]=14-09-2026&filter[whenTo]=14-10-2026&filter[duration]=7:10&filter[from]=&filter[person]=2&filter[child]=1&filter[price]=4000:20000&filter[PriceFrom]=4000&filter[PriceTo]=20000&filter[addCategory]=50&filter[addCatering]=1&filter[addMisc]=0&filter[addTransport]=F&filter[fp]=1&order_by=ofr_price&filter[tourOperator]=0&filter[childAge][1]=20201210","https://fly.pl/cdn/photo/assets/uploads/582/278/2016/03/Gran-Blue-Beach.jpg","https://fly.pl/wycieczka/grecja,kos,kardamena/grand-blue-beach/pxl7Ph1_F4-uVQp4kbsaEcAAogp9BBeV3hvkq51WcLgwUthojGnTOZpYU4JNsCnuc57zoqBFJOQlcwlYye1QZIxkxQQVjCA2ACagRCd2NUag1BTExfSU5DTFVTSVZFahoxNiwyOTYsMzgwLDQ3Nyw0ODMsNDg0LDQ4NWobNDAyLDQwMyw0MDYsNDE3LDQ3Myw0OTcsNDk5cjyfAZYBngGUARUHFwBYCAoJQL8HEdgqGZssEPFoU-EHUgBMoAJLzHVhAB3Q7UAPZSDOm5EJDQACDGMBBQvP9Iu_/ofertasv/?filter[tourOperator]=RNBW&filter%5Bperson%5D=2&filter%5BchildAge%5D%5B1%5D=20201210&filter%5Bchild%5D=1"
"Sandy Villas Resort (ex. Kairaba Sandy Villas)","9868.0","04.10.2026 - 11.10.2026","8 dni/7 nocy","","4.5","4.5","1238","tripadvisor","Warszawa - Modlin","2026-09-14T05:28:48.797095+00:00","https://fly.pl/oferta/grecja-wczasy/?filter[dest]=14:&filter[hotelids]=&filter[cityids]=&filter[cregids]=&filter[ofrType]=&filter[addObjType]=&filter[whenFrom]=14-09-2026&filter[whenTo]=14-10-2026&filter[duration]=7:10&filter[from]=&filter[person]=2&filter[child]=1&filter[price]=4000:20000&filter[PriceFrom]=4000&filter[PriceTo]=20000&filter[addCategory]=50&filter[addCatering]=1&filter[addMisc]=0&filter[addTransport]=F&filter[fp]=1&order_by=ofr_price&filter[tourOperator]=0&filter[childAge][1]=20201210","https://fly.pl/cdn/photo/assets/uploads/582/278/2019/09/Sandy-Villas.jpg","https://fly.pl/wycieczka/grecja,korfu,agios-georgios/kairaba-sandy-villas-9/psUGj4QsWsJ8WOV1do-ia7AAogPAhini1WwoA1zMmXUlLdY-kZyQSMIj_xDF6lWyIwHkcqBEJWQkUwlYye1QZIjE1QAVjaA2ACagJBSXIhHBHw0wEb8f49GKe9ErkE4IgpqwQsAf_O6IUDAhJjAQIL2eqB1A/ofertasv/?filter[tourOperator]=BVBE&filter%5Bperson%5D=2&filter%5BchildAge%5D%5B1%5D=20201210&filter%5Bchild%5D=1"
"Aquila Rithymna Beach","9908.0","27.09.2026 - 04.10.2026","8 dni/7 nocy","","4.3","4.3","4109","tripadvisor","Poznań","2026-09-14T05:28:48.797095+00:00","https://fly.pl/oferta/grecja-wczasy/?filter[dest]=14:&filter[hotelids]=&filter[cityids]=&filter[cregids]=&filter[ofrType]=&filter[addObjType]=&filter[whenFrom]=14-09-2026&filter[whenTo]=14-10-2026&filter[duration]=7:10&filter[from]=&filter[person]=2&filter[child]=1&filter[price]=4000:20000&filter[PriceFrom]=4000&filter[PriceTo]=20000&filter[addCategory]=50&filter[addCatering]=1&filter[addMisc]=0&filter[addTransport]=F&filter[fp]=1&order_by=ofr_price&filter[tourOperator]=0&filter[childAge][1]=20201210","https://fly.pl/cdn/photo/assets/uploads/582/278/2014/07/Aquila-Rithymna-Beach.jpg","https://fly.pl/wycieczka/grecja,kreta-zachodnia,adelianos-kampos/aquila-rithymna-beach/p3GgxPHTLbcI4RNpvWRD5iAAogYwHy1sZ4AbONCviI8LOVNgAAAADnvwQA7L8EAAcAAAAqBFdFWlkwlYye1QZItE1QQViyAmADagtSeWFuYWlyIFN1bmoEMDY1MGoEMDg0NXJBngGVAZgBHwACARwAFgQXAhK5BROoAhTjAhGyK0CkS0yCL08AS_BTUAAd1PsQIAUbqNNjDav93QgBEmMBDmMBAg2-SKCt/ofertasv/?filter[tourOperator]=WEZY&filter%5Bperson%5D=2&filter%5BchildAge%5D%5B1%5D=20201210&filter%5Bchild%5D=1"
"Thassos Grand Resort","9957.0","21.09.2026 - 28.09.2026","8 dni/7 nocy","","4.2","4.2","511","tripadvisor","Katowice","2026-09-14T05:28:48.797095+00:00","https://fly.pl/oferta/grecja-wczasy/?filter[dest]=14:&filter[hotelids]=&filter[cityids]=&filter[cregids]=&filter[ofrType]=&filter[addObjType]=&filter[whenFrom]=14-09-2026&filter[whenTo]=14-10-2026&filter[duration]=7:10&filter[from]=&filter[person]=2&filter[child]=1&filter[price]=4000:20000&filter[PriceFrom]=4000&filter[PriceTo]=20000&filter[addCategory]=50&filter[addCatering]=1&filter[addMisc]=0&filter[addTransport]=F&filter[fp]=1&order_by=ofr_price&filter[tourOperator]=0&filter[childAge][1]=20201210","https://fly.pl/cdn/photo/assets/uploads/582/278/2017/08/Thassos-Grand-Resort.jpg","https://fly.pl/wycieczka/grecja,thassos,aliki/thassos-grand-resort/pSBQL0R8s1fu12YU4pwGU1AAogQyrjOeelbuCpNtZ0kWvdCuWOC1wEuCM-Mprk2wT-WosqBFZJVFgwlYye1QZI5U1QQViiAWACcj4aABUHFwBcA1gFQI8DW7-DAWGXTEsAUzJSAF71L0z9-DkNodSYCSAAXaDO_uuoAVHMifonT6zMCwIMYwECBax2rcY/ofertasv/?filter[tourOperator]=VITX&filter%5Bperson%5D=2&filter%5BchildAge%5D%5B1%5D=20201210&filter%5Bchild%5D=1"
"Levante Beach Resort By Playitas","10035.0","02.10.2026 - 09.10.2026","8 dni/7 nocy","","","","","","Katowice","2026-09-14T05:28:48.797095+00:00","https://fly.pl/oferta/grecja-wczasy/?filter[dest]=14:&filter[hotelids]=&filter[cityids]=&filter[cregids]=&filter[ofrType]=&filter[addObjType]=&filter[whenFrom]=14-09-2026&filter[whenTo]=14-10-2026&filter[duration]=7:10&filter[from]=&filter[person]=2&filter[child]=1&filter[price]=4000:20000&filter[PriceFrom]=4000&filter[PriceTo]=20000&filter[addCategory]=50&filter[addCatering]=1&filter[addMisc]=0&filter[addTransport]=F&filter[fp]=1&order_by=ofr_price&filter[tourOperator]=0&filter[childAge][1]=20201210","https://datacfstatic.merlinx.pl/GRCS/IMG/RHOLEVA/2740a3d502498fa39ca484421876ad5de88a3968c5e7e54c025285cad7eee32f.webp","https://fly.pl/wycieczka/grecja,rodos,afandu/levante-beach-resort-by-playitas-10/pCV4T5G_oXEaZeNen0B70uAAogmneE2o_GXCUJJMrHcnFDE53l86o_X1m9AxsR6t9H0GYqBEdSQ1MwlYye1QZIs05QQViqA2ADcj8XBxUAXANYBVYCHawCDxxAggRbloABYYNMSwBepzBSkRNTAAGN64QBDdHPzQggAFH8g7Pt3gEBEmMBAmMBAguB800x/ofertasv/?filter[tourOperator]=GRCS&filter%5Bperson%5D=2&filter%5BchildAge%5D%5B1%5D=20201210&filter%5Bchild%5D=1"
"Minos Imperial","10040.0","07.10.2026 - 14.10.2026","8 dni/7 nocy","","3.9","3.9","998","tripadvisor","Kraków","2026-09-14T05:28:48.797095+00:00","https://fly.pl/oferta/grecja-wczasy/?filter[dest]=14:&filter[hotelids]=&filter[cityids]=&filter[cregids]=&filter[ofrType]=&filter[addObjType]=&filter[whenFrom]=14-09-2026&filter[whenTo]=14-10-2026&filter[duration]=7:10&filter[from]=&filter[person]=2&filter[child]=1&filter[price]=4000:20000&filter[PriceFrom]=4000&filter[PriceTo]=20000&filter[addCategory]=50&filter[addCatering]=1&filter[addMisc]=0&filter[addTransport]=F&filter[fp]=1&order_by=ofr_price&filter[tourOperator]=0&filter[childAge][1]=20201210","https://fly.pl/cdn/photo/assets/uploads/582/278/2015/04/MINOS-IMPERIAL-LUXURY-BEACH-RESORT.jpg","https://fly.pl/wycieczka/grecja,kreta-wschodnia,milatos/minos-imperial/pCb8HpFu2YIsLv4BFeUKFsAAogPuansbaQ_aBsW-hYlrI_hYPMZTVett36fjNE0W-Rvl4qBEJWQkUwlYye1QZIuE5QAViiBGACagJBSXIhHBHVoQEbp6w-GKnwEqsE694ouQQXAeKyx40DAhJjAQILlxU_zw/ofertasv/?filter[tourOperator]=BVBE&filter%5Bperson%5D=2&filter%5BchildAge%5D%5B1%5D=20201210&filter%5Bchild%5D=1"
"Kipriotis Maris Suites (ex Iberostar)","10140.0","19.09.2026 - 26.09.2026","8 dni/7 nocy","","4.2","4.2","1551","tripadvisor","Warszawa","2026-09-14T05:28:48.797095+00:00","https://fly.pl/oferta/grecja-wczasy/?filter[dest]=14:&filter[hotelids]=&filter[cityids]=&filter[cregids]=&filter[ofrType]=&filter[addObjType]=&filter[whenFrom]=14-09-2026&filter[whenTo]=14-10-2026&filter[duration]=7:10&filter[from]=&filter[person]=2&filter[child]=1&filter[price]=4000:20000&filter[PriceFrom]=4000&filter[PriceTo]=20000&filter[addCategory]=50&filter[addCatering]=1&filter[addMisc]=0&filter[addTransport]=F&filter[fp]=1&order_by=ofr_price&filter[tourOperator]=0&filter[childAge][1]=20201210","https://fly.pl/cdn/photo/assets/uploads/582/278/2016/01/Kipriotis-Maris-Suites-ex-Iberostar-fly-pl.jpg","https://fly.pl/wycieczka/grecja,kos,psalidi/kipriotis-maris-suites-ex-iberostar/ppRar3JVrZcOnyC-MK9YDAAAog1bX0XjtyXVjEvkgW7e_CVQ1QGlmTA_4dgUKGc6bfJqwqBFJOQlcwlYye1QZInE9QQVhyYAJqDUFMTF9JTkNMVVNJVkVqFzI5NiwzODAsNDc3LDQ4Myw0ODQsNDg1ahM0MDIsNDAzLDQwNiw0MTcsNDczcj-WAZ4BlAEVBxcAWAgKD0C5BxG_HRDVIRnfF1PScFIATKACS8x1YQBf6MIkHeCqHA_TAiCUmZEJDQACDmMBAg0qIXT9/ofertasv/?filter[tourOperator]=RNBW&filter%5Bperson%5D=2&filter%5BchildAge%5D%5B1%5D=20201210&filter%5Bchild%5D=1"
"Hersonissos Palace","10193.0","30.09.2026 - 07.10.2026","8 dni/7 nocy","","4.3","4.3","463","tripadvisor","Wrocław","2026-09-14T05:28:48.797095+00:00","https://fly.pl/oferta/grecja-wczasy/?filter[dest]=14:&filter[hotelids]=&filter[cityids]=&filter[cregids]=&filter[ofrType]=&filter[addObjType]=&filter[whenFrom]=14-09-2026&filter[whenTo]=14-10-2026&filter[duration]=7:10&filter[from]=&filter[person]=2&filter[child]=1&filter[price]=4000:20000&filter[PriceFrom]=4000&filter[PriceTo]=20000&filter[addCategory]=50&filter[addCatering]=1&filter[addMisc]=0&filter[addTransport]=F&filter[fp]=1&order_by=ofr_price&filter[tourOperator]=0&filter[childAge][1]=20201210","https://fly.pl/cdn/photo/assets/uploads/582/278/2015/04/Hersonissos-Palace-fly-pl-2.jpg","https://fly.pl/wycieczka/grecja,kreta,hersonissos/hersonissos-palace/pAUxPfNvGccZkwNmz0b0ljAAogplWBpYyRBMa0vFAkIJfdjJjRqKosPIi8O69XatQ0qysqBFJOQlcwlYye1QZI0U9QQVj6AmACagRCd2NEag1BTExfSU5DTFVTSVZFahcyOTYsMzgwLDQ3Nyw0ODMsNDg0LDQ4NXI7nwGWAZ4BFQcXAFgICgRAxAcR2DgZiB9T7FBSABDBCEzOFkuyfGEAHcjAQA-wAyDmwJEJDQACDGMBAgvoddx4/ofertasv/?filter[tourOperator]=RNBW&filter%5Bperson%5D=2&filter%5BchildAge%5D%5B1%5D=20201210&filter%5Bchild%5D=1"
"Porto Angeli","10353.0","02.10.2026 - 09.10.2026","8 dni/7 nocy","","4.2","4.2","725","tripadvisor","Katowice","2026-09-14T05:28:48.797095+00:00","https://fly.pl/oferta/grecja-wczasy/?filter[dest]=14:&filter[hotelids]=&filter[cityids]=&filter[cregids]=&filter[ofrType]=&filter[addObjType]=&filter[whenFrom]=14-09-2026&filter[whenTo]=14-10-2026&filter[duration]=7:10&filter[from]=&filter[person]=2&filter[child]=1&filter[price]=4000:20000&filter[PriceFrom]=4000&filter[PriceTo]=20000&filter[addCategory]=50&filter[addCatering]=1&filter[addMisc]=0&filter[addTransport]=F&filter[fp]=1&order_by=ofr_price&filter[tourOperator]=0&filter[childAge][1]=20201210","https://fly.pl/cdn/photo/assets/uploads/582/278/2015/04/Porto-Angeli.jpg","https://fly.pl/wycieczka/grecja,rodos,archangelos/porto-angeli/pjO0_tSZQ42I_5GWJWbJMdAAogmfcJgDZSYZS3pCSoh8URzp3l86o_X1m9AxsR6t9H0GYqBEdSQ1MwlYye1QZI8VBQQViqA2ADcj8XBxUAXANYBVYCHawCDxxAggRbloABYYNMSwBepzBSkRNTAAGBpoIBDd2U0AggAFG1lb_t3gEBEmMBAmMBAg2LW17i/ofertasv/?filter[tourOperator]=GRCS&filter%5Bperson%5D=2&filter%5BchildAge%5D%5B1%5D=20201210&filter%5Bchild%5D=1"
"Porto Platanias Village","10468.0","07.10.2026 - 14.10.2026","8 dni/7 nocy","","3.8","3.8","396","tripadvisor","Modlin","2026-09-14T05:28:48.797095+00:00","https://fly.pl/oferta/grecja-wczasy/?filter[dest]=14:&filter[hotelids]=&filter[cityids]=&filter[cregids]=&filter[ofrType]=&filter[addObjType]=&filter[whenFrom]=14-09-2026&filter[whenTo]=14-10-2026&filter[duration]=7:10&filter[from]=&filter[person]=2&filter[child]=1&filter[price]=4000:20000&filter[PriceFrom]=4000&filter[PriceTo]=20000&filter[addCategory]=50&filter[addCatering]=1&filter[addMisc]=0&filter[addTransport]=F&filter[fp]=1&order_by=ofr_price&filter[tourOperator]=0&filter[childAge][1]=20201210","https://fly.pl/cdn/photo/assets/uploads/582/278/2018/03/Porto-Platanias-Village-fly-pl-14.jpg","https://fly.pl/wycieczka/grecja,kreta-zachodnia,platanias/porto-platanias-village/XTOP1272ccX_wYAAHNOYVBwWQG7AQBWMVKdCpABCgYIwtEMEAESBgiBrQ8QARp-TVBVVzJHRjIzTjFWNkpNVzVLSUdTOUdCMVBESFJTTEM5QUVXWjNYSFRIU0pGTTAwUFJQWDJIT1hNSFQ2MVkzN0hPOVZNOFNDWE9MR1lUUkdYVExPQThGTDMzTzlWMzNIN0RQTkYwTjcwN0lFODI0TDJYT1NDWk03NzBMVzFLCn8KBgiPuQgQAhIGCPCWLBABGm1PNTQ1NDRkNTMyZjQxNDc1MjQ4NDU1MjM0NTA1NDQzMmY1MjRkMzAzMDQ0NDI0OTRjMzAzMDJmNDE0OTJmMzcyZjMyMzAzMjM2MzEzMDMwMzcyZjMwMzEzMjMzMzQzNTM2MzczODM5MzAzMTMyCiUKBgjQogIQARIGCMjiAhABGhNEU1JULTE2NzYtVFJBTlNGRVIxCiIKBQjAPhABEgUI0EsQARoSRFNSTS0xNjc2LTgwcjIyNjY5CiEKBQjMOhABEgUI80YQARoRRFNSTS0xNjc2LTJyMjI2NzAKIwoFCPAuEAESBQiYORABGhNEU1JVLTE2NzYtVWJlemJhc2ljGIwNKP0XMgYIlPI_EAE4Aw/ofertasv/?filter[tourOperator]=XTOP&filter%5Bperson%5D=2&filter%5BchildAge%5D%5B1%5D=20201210&filter%5Bchild%5D=1"
"Lindos Breeze Beach","10611.0","02.10.2026 - 09.10.2026","8 dni/7 nocy","","4.7","4.7","405","tripadvisor","Katowice","2026-09-14T05:28:48.797095+00:00","https://fly.pl/oferta/grecja-wczasy/?filter[dest]=14:&filter[hotelids]=&filter[cityids]=&filter[cregids]=&filter[ofrType]=&filter[addObjType]=&filter[whenFrom]=14-09-2026&filter[whenTo]=14-10-2026&filter[duration]=7:10&filter[from]=&filter[person]=2&filter[child]=1&filter[price]=4000:20000&filter[PriceFrom]=4000&filter[PriceTo]=20000&filter[addCategory]=50&filter[addCatering]=1&filter[addMisc]=0&filter[addTransport]=F&filter[fp]=1&order_by=ofr_price&filter[tourOperator]=0&filter[childAge][1]=20201210","https://fly.pl/cdn/photo/assets/uploads/582/278/2018/09/Lindos-Breeze-Beach-Hotel.jpg","https://fly.pl/wycieczka/grecja,rodos,kiotari/lindos-breeze-beach/pYPuDlpYMesOu_JQM1O7QsAAog0lQnWdf3iE9slQBjHdOk993p6d4uiAMVoZaWC8oCC6kqBFJOQlcwlYye1QZI81JQQViqA2ACagRCd2NEag1BTExfSU5DTFVTSVZFahoxNiwyOTYsMzgwLDQ3Nyw0ODMsNDg0LDQ4NWoTNDA0LDQwNyw0MDgsNTIxLDUyOHI9nwGWAZ4BlAEVBxcAWAgKBEDEBxHoGhC1HBm4IEvIc2EATKxCUowBUwAP-7JAHZ0DIMaEkgkNAAIMYwECC3JJvXo/ofertasv/?filter[tourOperator]=RNBW&filter%5Bperson%5D=2&filter%5BchildAge%5D%5B1%5D=20201210&filter%5Bchild%5D=1"
"Mitsis Bali Paradise (ex. Bali Paradise)","10626.0","04.10.2026 - 11.10.2026","8 dni/7 nocy","","4.2","4.2","326","tripadvisor","Rzeszów","2026-09-14T05:28:48.797095+00:00","https://fly.pl/oferta/grecja-wczasy/?filter[dest]=14:&filter[hotelids]=&filter[cityids]=&filter[cregids]=&filter[ofrType]=&filter[addObjType]=&filter[whenFrom]=14-09-2026&filter[whenTo]=14-10-2026&filter[duration]=7:10&filter[from]=&filter[person]=2&filter[child]=1&filter[price]=4000:20000&filter[PriceFrom]=4000&filter[PriceTo]=20000&filter[addCategory]=50&filter[addCatering]=1&filter[addMisc]=0&filter[addTransport]=F&filter[fp]=1&order_by=ofr_price&filter[tourOperator]=0&filter[childAge][1]=20201210","https://fly.pl/cdn/photo/assets/uploads/582/278/2022/07/Mitsis-Bali-Paradise.jpg","https://fly.pl/wycieczka/grecja,kreta,bali/bali-paradise-15/pDZ8_FdbmeM7VtlcaTLzRVAAogrIu85FoJDkJXLmSxis3ewlAlOO75CuI6C3Un3Mi9TtsqBEdSQ1MwlYye1QZIglNQQVjaA2ADcj4XBxUAXANYBVYCHZsGDxpAFVuWgAFSsilTAF74UmGPGEsAAbvlhwENp9DKCCAAUeLKr42NAQESYwECYwECC0O2-UY/ofertasv/?filter[tourOperator]=GRCS&filter%5Bperson%5D=2&filter%5BchildAge%5D%5B1%5D=20201210&filter%5Bchild%5D=1"
"Lindos Imperial Resort & Spa","10647.0","29.09.2026 - 06.10.2026","8 dni/7 nocy","","4.2","4.2","5885","tripadvisor","Kraków","2026-09-14T05:28:48.797095+00:00","https://fly.pl/oferta/grecja-wczasy/?filter[dest]=14:&filter[hotelids]=&filter[cityids]=&filter[cregids]=&filter[ofrType]=&filter[addObjType]=&filter[whenFrom]=14-09-2026&filter[whenTo]=14-10-2026&filter[duration]=7:10&filter[from]=&filter[person]=2&filter[child]=1&filter[price]=4000:20000&filter[PriceFrom]=4000&filter[PriceTo]=20000&filter[addCategory]=50&filter[addCatering]=1&filter[addMisc]=0&filter[addTransport]=F&filter[fp]=1&order_by=ofr_price&filter[tourOperator]=0&filter[childAge][1]=20201210","https://fly.pl/cdn/photo/assets/uploads/582/278/2010/03/Lindos-Imperial2410.jpg","https://fly.pl/wycieczka/grecja,rodos,kiotari/lindos-imperial/pEeM1159BFGu9W1giwkpCBAAog5RelpxzILKOv406NqCmrvbdVmxRt2ki5MjH_iGRBr0YqBEVYSU0wlYye1QZIl1NQAVjiAmACagJBSXIhHBHvwQa5BPfcRKsEQBuEuzIYx846AeLs7ZsLAgBjAQILneOhEA/ofertasv/?filter[tourOperator]=EXIM&filter%5Bperson%5D=2&filter%5BchildAge%5D%5B1%5D=20201210&filter%5Bchild%5D=1"
"Amus","10790.0","07.10.2026 - 14.10.2026","8 dni/7 nocy","","4.5","4.5","5945","tripadvisor","Kraków","2026-09-14T05:28:48.797095+00:00","https://fly.pl/oferta/grecja-wczasy/?filter[dest]=14:&filter[hotelids]=&filter[cityids]=&filter[cregids]=&filter[ofrType]=&filter[addObjType]=&filter[whenFrom]=14-09-2026&filter[whenTo]=14-10-2026&filter[duration]=7:10&filter[from]=&filter[person]=2&filter[child]=1&filter[price]=4000:20000&filter[PriceFrom]=4000&filter[PriceTo]=20000&filter[addCategory]=50&filter[addCatering]=1&filter[addMisc]=0&filter[addTransport]=F&filter[fp]=1&order_by=ofr_price&filter[tourOperator]=0&filter[childAge][1]=20201210","https://fly.pl/cdn/photo/assets/uploads/582/278/2015/04/Rhodes-Bay-Hotel-Spa.jpg","https://fly.pl/wycieczka/grecja,rodos,ixia/amathus-beach-rhodes/pC1s9Y6YxmwLjWnU2V7B1mAAogEOC0EL6NYPzbRlT7oOPRtI9qmYktwCzFyBRV6H-Wf7AqBEJWQkUwlYye1QZIplRQAViiBGADagJBSXIkHBHvpAEby-E7GJbgFasEgrIouQQ9AcPCvpMDARJjAQxjAQILIFGEiA/ofertasv/?filter[tourOperator]=BVBE&filter%5Bperson%5D=2&filter%5BchildAge%5D%5B1%5D=20201210&filter%5Bchild%5D=1"
"Princess Andriana Resort & Spa","10807.0","03.10.2026 - 10.10.2026","8 dni/7 nocy","","4.5","4.5","5748","tripadvisor","Kraków","2026-09-14T05:28:48.797095+00:00","https://fly.pl/oferta/grecja-wczasy/?filter[dest]=14:&filter[hotelids]=&filter[cityids]=&filter[cregids]=&filter[ofrType]=&filter[addObjType]=&filter[whenFrom]=14-09-2026&filter[whenTo]=14-10-2026&filter[duration]=7:10&filter[from]=&filter[person]=2&filter[child]=1&filter[price]=4000:20000&filter[PriceFrom]=4000&filter[PriceTo]=20000&filter[addCategory]=50&filter[addCatering]=1&filter[addMisc]=0&filter[addTransport]=F&filter[fp]=1&order_by=ofr_price&filter[tourOperator]=0&filter[childAge][1]=20201210","https://fly.pl/cdn/photo/assets/uploads/582/278/2014/09/Princess-Andriana-Resort-Spa.jpg","https://fly.pl/wycieczka/grecja,rodos,kiotari/princess-andriana/p7tBzxLngJswraCee_oyQVAAogm196yZTG-4iGgo-yPSLOQx1gPmQaaVofHrXsYL8fWG4qBEVYSU0wlYye1QZIt1RQAVjCA2ACagZBSS9VQUlyIRwRzsYGuQTC2ESrBEIbz9AzGJjBOwGm-bmrCgIAYwECDKIdFMA/ofertasv/?filter[tourOperator]=EXIM&filter%5Bperson%5D=2&filter%5BchildAge%5D%5B1%5D=20201210&filter%5Bchild%5D=1"
"Mitsis Summer Palace","10821.0","06.10.2026 - 13.10.2026","8 dni/7 nocy","","4.2","4.2","3143","tripadvisor","Katowice","2026-09-14T05:28:48.797095+00:00","https://fly.pl/oferta/grecja-wczasy/?filter[dest]=14:&filter[hotelids]=&filter[cityids]=&filter[cregids]=&filter[ofrType]=&filter[addObjType]=&filter[whenFrom]=14-09-2026&filter[whenTo]=14-10-2026&filter[duration]=7:10&filter[from]=&filter[person]=2&filter[child]=1&filter[price]=4000:20000&filter[PriceFrom]=4000&filter[PriceTo]=20000&filter[addCategory]=50&filter[addCatering]=1&filter[addMisc]=0&filter[addTransport]=F&filter[fp]=1&order_by=ofr_price&filter[tourOperator]=0&filter[childAge][1]=20201210","https://fly.pl/cdn/photo/assets/uploads/582/278/2015/04/Mitsis-Summer-Palace.jpg","https://fly.pl/wycieczka/grecja,kos,kardamena/mitsis-summer-palace/pvCRPEuC1OXx_CpZ9AAdmpAAog1SiEIG7JEX9GfJeAQ4X_gYMfMFtgMqTpzoUJuvO9I4MqBEdSQ1MwlYye1QZIxVRQQViKBGADcj8VBxcAWAhWAlwCHewCD_MCQGlbl4ABUqpIUwBh2ANLAF6nMAHTlokBDaC3yQggAFHg-5HypQEBEmMBAmMBAgvypUjs/ofertasv/?filter[tourOperator]=GRCS&filter%5Bperson%5D=2&filter%5BchildAge%5D%5B1%5D=20201210&filter%5Bchild%5D=1"
"Kouros Palace","10897.0","26.09.2026 - 04.10.2026","9 dni/7 nocy","","4.1","4.1","1095","tripadvisor","Warszawa","2026-09-14T05:28:48.797095+00:00","https://fly.pl/oferta/grecja-wczasy/?filter[dest]=14:&filter[hotelids]=&filter[cityids]=&filter[cregids]=&filter[ofrType]=&filter[addObjType]=&filter[whenFrom]=14-09-2026&filter[whenTo]=14-10-2026&filter[duration]=7:10&filter[from]=&filter[person]=2&filter[child]=1&filter[price]=4000:20000&filter[PriceFrom]=4000&filter[PriceTo]=20000&filter[addCategory]=50&filter[addCatering]=1&filter[addMisc]=0&filter[addTransport]=F&filter[fp]=1&order_by=ofr_price&filter[tourOperator]=0&filter[childAge][1]=20201210","https://fly.pl/cdn/photo/assets/uploads/582/278/2010/09/Kouros-Palace2998.jpg","https://fly.pl/wycieczka/grecja,kos,mastichari/kouros-palace/pdiNy_oLB9nwARFKqab9DMAAogHCVle3RNsCTLF3sfy2dVP3xRf3rB8KWajHU4BJHKUPIqBFZJVFgwlYye1QZIkVVQQViaAmACckAaABUHFwBcA1gFQI8DW6eGAVPXRVIAXv8zS-1DYQBMj7U5DafUmAkgAVGU3frxpQFPzoghXdD9y_1fAgxjAQULhUymtw/ofertasv/?filter[tourOperator]=VITX&filter%5Bperson%5D=2&filter%5BchildAge%5D%5B1%5D=20201210&filter%5Bchild%5D=1"
"White Olive Elite Rethymno","10995.0","27.09.2026 - 04.10.2026","8 dni/7 nocy","","3.7","3.7","89","tripadvisor","Katowice","2026-09-14T05:28:48.797095+00:00","https://fly.pl/oferta/grecja-wczasy/?filter[dest]=14:&filter[hotelids]=&filter[cityids]=&filter[cregids]=&filter[ofrType]=&filter[addObjType]=&filter[whenFrom]=14-09-2026&filter[whenTo]=14-10-2026&filter[duration]=7:10&filter[from]=&filter[person]=2&filter[child]=1&filter[price]=4000:20000&filter[PriceFrom]=4000&filter[PriceTo]=20000&filter[addCategory]=50&filter[addCatering]=1&filter[addMisc]=0&filter[addTransport]=F&filter[fp]=1&order_by=ofr_price&filter[tourOperator]=0&filter[childAge][1]=20201210","https://fly.pl/cdn/photo/assets/uploads/582/278/2019/11/White-Olive-Elite-Rethymno.jpg","https://fly.pl/wycieczka/grecja,kreta-zachodnia,sfakaki/white-olive-elite-rethymno-15/pyczO1_taesU2lZc5GzMLIAAogOmA2DsJVlS85SbH_1MVQd0G2W3mFVE1D1lOEWNzCub8qBFJOQlcwlYye1QZI81VQQViyAmACagRCd2NEag1BTExfSU5DTFVTSVZFahcyOTYsMzgwLDQ3Nyw0ODMsNDg0LDQ4NWoTNDA0LDQwNyw0MDgsNTIxLDUyOHI7nwGWAZ4BlAEVBxcAWAgKBEDEBxGiHxC7JhmGElOEH1IATKBUSxZhAA-DwEEdJSCjvZEJDQACDGMBAgt0TMqG/ofertasv/?filter[tourOperator]=RNBW&filter%5Bperson%5D=2&filter%5BchildAge%5D%5B1%5D=20201210&filter%5Bchild%5D=1"
"Istion Club","10999.0","06.10.2026 - 13.10.2026","8 dni/7 nocy","","4.5","4.5","533","tripadvisor","Warszawa - Modlin","2026-09-14T05:28:48.797095+00:00","https://fly.pl/oferta/grecja-wczasy/?filter[dest]=14:&filter[hotelids]=&filter[cityids]=&filter[cregids]=&filter[ofrType]=&filter[addObjType]=&filter[whenFrom]=14-09-2026&filter[whenTo]=14-10-2026&filter[duration]=7:10&filter[from]=&filter[person]=2&filter[child]=1&filter[price]=4000:20000&filter[PriceFrom]=4000&filter[PriceTo]=20000&filter[addCategory]=50&filter[addCatering]=1&filter[addMisc]=0&filter[addTransport]=F&filter[fp]=1&order_by=ofr_price&filter[tourOperator]=0&filter[childAge][1]=20201210","https://fly.pl/cdn/photo/assets/uploads/582/278/2015/04/Istion-Club-fly-pl.jpg","https://fly.pl/wycieczka/grecja,chalkidiki,nea-poteidaia/istion-club/phut6Rq_YZEoGsV3ih4wObAAog98pu_fD6yWCSU-_qBXmdZG6F77_UNvv_AK2k3jLLChcqBEJWQkUwlYye1QZI91VQAViKBGACagNBSStyIRwR2-UBG9LVQBi0-hSrBK6JKLkEaAG9y6vUAwISYwECB6dL3WI/ofertasv/?filter[tourOperator]=BVBE&filter%5Bperson%5D=2&filter%5BchildAge%5D%5B1%5D=20201210&filter%5Bchild%5D=1"
"Panorama Leptos (Kato Galatas)","11084.0","06.10.2026 - 13.10.2026","8 dni/7 nocy","","4.3","4.3","1351","tripadvisor","Warszawa","2026-09-14T05:28:48.797095+00:00","https://fly.pl/oferta/grecja-wczasy/?filter[dest]=14:&filter[hotelids]=&filter[cityids]=&filter[cregids]=&filter[ofrType]=&filter[addObjType]=&filter[whenFrom]=14-09-2026&filter[whenTo]=14-10-2026&filter[duration]=7:10&filter[from]=&filter[person]=2&filter[child]=1&filter[price]=4000:20000&filter[PriceFrom]=4000&filter[PriceTo]=20000&filter[addCategory]=50&filter[addCatering]=1&filter[addMisc]=0&filter[addTransport]=F&filter[fp]=1&order_by=ofr_price&filter[tourOperator]=0&filter[childAge][1]=20201210","https://fly.pl/cdn/photo/assets/uploads/582/278/2015/04/Hotel-Panorama.jpg","https://fly.pl/wycieczka/grecja,kreta-zachodnia,kato-galatas/panorama-kato-galatas/pw60R360oA36DX02RjrOeYAAoghkqiZ47QvDfheD4q-OW3yuvQxvKR6pkcpCf3WEUnK3gqBE9OSE8wlYye1QZIzFZQAViKBGADagJBSXIiHBGeExuQ1QEYtDWrBJKnAbkEsgYB36K_AwESYwEAYwECDLCKq7Q/ofertasv/?filter[tourOperator]=ONHO&filter%5Bperson%5D=2&filter%5BchildAge%5D%5B1%5D=20201210&filter%5Bchild%5D=1"
"Akti Coast Club","11125.0","26.09.2026 - 03.10.2026","8 dni/7 nocy","","4.6","4.6","508","tripadvisor","Katowice","2026-09-14T05:28:48.797095+00:00","https://fly.pl/oferta/grecja-wczasy/?filter[dest]=14:&filter[hotelids]=&filter[cityids]=&filter[cregids]=&filter[ofrType]=&filter[addObjType]=&filter[whenFrom]=14-09-2026&filter[whenTo]=14-10-2026&filter[duration]=7:10&filter[from]=&filter[person]=2&filter[child]=1&filter[price]=4000:20000&filter[PriceFrom]=4000&filter[PriceTo]=20000&filter[addCategory]=50&filter[addCatering]=1&filter[addMisc]=0&filter[addTransport]=F&filter[fp]=1&order_by=ofr_price&filter[tourOperator]=0&filter[childAge][1]=20201210","https://fly.pl/cdn/photo/assets/uploads/582/278/2024/07/egeo-easy-living-resort-ex-atlantica-holiday-village-kos.jpg","https://fly.pl/wycieczka/grecja,kos,marmari/atlantica-holiday-village-kos-15/pEE3xrZxOXQj-7QiaIRRwJAAoggrVNPSfjLfcCIbxc7269nS1aeiYfCCoNqlzctiMJzNAqBFJOQlcwlYye1QZI9VZQQViaAmACagRCd2NEag1BTExfSU5DTFVTSVZFahcyOTYsMzgwLDQ3Nyw0ODMsNDg0LDQ4NWoTNDA0LDQwNyw0MDgsNTIxLDUyOHI8nwGWAZ4BlAEVBxcAWAgKBEDEBxHuMRmFJRDKNlOIOlIATKACS7gBYQAd3uVBD2kgg5eRCQ0AAgxjAQILDAxqWg/ofertasv/?filter[tourOperator]=RNBW&filter%5Bperson%5D=2&filter%5BchildAge%5D%5B1%5D=20201210&filter%5Bchild%5D=1"
"Senseana Sea Side Resort & Spa (ex. Golden Star)","11167.0","06.10.2026 - 13.10.2026","8 dni/7 nocy","","4.5","4.5","599","tripadvisor","Warszawa","2026-09-14T05:28:48.797095+00:00","https://fly.pl/oferta/grecja-wczasy/?filter[dest]=14:&filter[hotelids]=&filter[cityids]=&filter[cregids]=&filter[ofrType]=&filter[addObjType]=&filter[whenFrom]=14-09-2026&filter[whenTo]=14-10-2026&filter[duration]=7:10&filter[from]=&filter[person]=2&filter[child]=1&filter[price]=4000:20000&filter[PriceFrom]=4000&filter[PriceTo]=20000&filter[addCategory]=50&filter[addCatering]=1&filter[addMisc]=0&filter[addTransport]=F&filter[fp]=1&order_by=ofr_price&filter[tourOperator]=0&filter[childAge][1]=20201210","https://fly.pl/cdn/photo/assets/uploads/582/278/2024/07/senseana-sea-side-resort-spa-ex-golden-star.jpg","https://fly.pl/wycieczka/grecja,kreta,analipsi/golden-star-analipsis-12/pXUpVDVevbJeOpQQNgpGfpAAogtMFDSdOP9F8pq04cX53qqbIgu41_KIhJ8O-biOa46ZIqBEVYSU0wlYye1QZIn1dQAViKBGACagNBSStyIRwRwrYGqwSR4Tu5BBYb0NswGNueNQGE-M7oCAIAYwECDLsr58k/ofertasv/?filter[tourOperator]=EXIM&filter%5Bperson%5D=2&filter%5BchildAge%5D%5B1%5D=20201210&filter%5Bchild%5D=1"
"Mitsis Ramira","11239.0","06.10.2026 - 13.10.2026","8 dni/7 nocy","","4.6","4.6","3836","tripadvisor","Katowice","2026-09-14T05:28:48.797095+00:00","https://fly.pl/oferta/grecja-wczasy/?filter[dest]=14:&filter[hotelids]=&filter[cityids]=&filter[cregids]=&filter[ofrType]=&filter[addObjType]=&filter[whenFrom]=14-09-2026&filter[whenTo]=14-10-2026&filter[duration]=7:10&filter[from]=&filter[person]=2&filter[child]=1&filter[price]=4000:20000&filter[PriceFrom]=4000&filter[PriceTo]=20000&filter[addCategory]=50&filter[addCatering]=1&filter[addMisc]=0&filter[addTransport]=F&filter[fp]=1&order_by=ofr_price&filter[tourOperator]=0&filter[childAge][1]=20201210","https://fly.pl/cdn/photo/assets/uploads/582/278/2014/09/Mitsis-Ramira-Beach-fly-pl.jpg","https://fly.pl/wycieczka/grecja,kos,psalidi/mitsis-ramira-beach/p3F1TVf3NwF5AjyvQLlN3UAAogN3oEH-48z9BgjwOp7xmIl4MfMFtgMqTpzoUJuvO9I4MqBEdSQ1MwlYye1QZI51dQQViKBGADcj8VBxcAWAhWAlwCHewCD_MCQGlboIABUqFIUwBh2ANLAF6nMAHPlokBDaS3yQggAFH8w43ypQEBEmMBAmMBAgv-eBy2/ofertasv/?filter[tourOperator]=GRCS&filter%5Bperson%5D=2&filter%5BchildAge%5D%5B1%5D=20201210&filter%5Bchild%5D=1"
"Stella Palace Aqua Park Resort","11279.0","07.10.2026 - 14.10.2026","8 dni/7 nocy","","4.4","4.4","3827","tripadvisor","Katowice","2026-09-14T05:28:48.797095+00:00","https://fly.pl/oferta/grecja-wczasy/?filter[dest]=14:&filter[hotelids]=&filter[cityids]=&filter[cregids]=&filter[ofrType]=&filter[addObjType]=&filter[whenFrom]=14-09-2026&filter[whenTo]=14-10-2026&filter[duration]=7:10&filter[from]=&filter[person]=2&filter[child]=1&filter[price]=4000:20000&filter[PriceFrom]=4000&filter[PriceTo]=20000&filter[addCategory]=50&filter[addCatering]=1&filter[addMisc]=0&filter[addTransport]=F&filter[fp]=1&order_by=ofr_price&filter[tourOperator]=0&filter[childAge][1]=20201210","https://fly.pl/cdn/photo/assets/uploads/582/278/2015/02/Stella-Palace-fly-pl.jpg","https://fly.pl/wycieczka/grecja,kreta-wschodnia,analipsis/stella-palace/pWQV_FoS3fBfq8aY6TL4XMAAogBxdCzFCvBtwu3zPZ-WGBrwAAAAACpgQAGKYEAAcAAAAqBFdFWlkwlYye1QZIj1hQQViiBGADaglFbnRlciBBaXJqBDAyMDVqBDA2MDVyQJ4BkwGUAR8AHAECABYEFwIS1gQR-QUVLBjDAUDcdEyCL08AS9EiUAAbw_0EHcv7CyAWDfeEwgkBEmMBDGMBAgvWipd-/ofertasv/?filter[tourOperator]=WEZY&filter%5Bperson%5D=2&filter%5BchildAge%5D%5B1%5D=20201210&filter%5Bchild%5D=1"
"Rethymno Mare & Water Park (Rethymno)","11297.0","07.10.2026 - 14.10.2026","8 dni/7 nocy","","","","","","Warszawa - Modlin","2026-09-14T05:28:48.797095+00:00","https://fly.pl/oferta/grecja-wczasy/?filter[dest]=14:&filter[hotelids]=&filter[cityids]=&filter[cregids]=&filter[ofrType]=&filter[addObjType]=&filter[whenFrom]=14-09-2026&filter[whenTo]=14-10-2026&filter[duration]=7:10&filter[from]=&filter[person]=2&filter[child]=1&filter[price]=4000:20000&filter[PriceFrom]=4000&filter[PriceTo]=20000&filter[addCategory]=50&filter[addCatering]=1&filter[addMisc]=0&filter[addTransport]=F&filter[fp]=1&order_by=ofr_price&filter[tourOperator]=0&filter[childAge][1]=20201210","https://datacfstatic.merlinx.pl/EXIM/IMG/103348/e7b4a733c33b44b22d3c150859dbebe61dc1aeef39ca74ab1fa3df8d1e54be7d.webp","https://fly.pl/wycieczka/grecja,kreta-zachodnia,scaleta/rethymno-mare-water-park-rethymno-15/pWX9Tx8lRmb_0RtKCaVOgXAAog6xvAp75FUI9_mWwYS5cl_kDIWrtVbaUEByVQestirPoqBEVYSU0wlYye1QZIoVhQAViiBGACagJBSXIhHBG0pwarBPCbQbkEXhuBzSkYt_c1AZm9hd4IAgBjAQIMz6wfAA/ofertasv/?filter[tourOperator]=EXIM&filter%5Bperson%5D=2&filter%5BchildAge%5D%5B1%5D=20201210&filter%5Bchild%5D=1"
"Apollonion Asterias Resort & Spa","11331.0","24.09.2026 - 01.10.2026","8 dni/7 nocy","","4.5","4.5","2690","tripadvisor","Warszawa","2026-09-14T05:28:48.797095+00:00","https://fly.pl/oferta/grecja-wczasy/?filter[dest]=14:&filter[hotelids]=&filter[cityids]=&filter[cregids]=&filter[ofrType]=&filter[addObjType]=&filter[whenFrom]=14-09-2026&filter[whenTo]=14-10-2026&filter[duration]=7:10&filter[from]=&filter[person]=2&filter[child]=1&filter[price]=4000:20000&filter[PriceFrom]=4000&filter[PriceTo]=20000&filter[addCategory]=50&filter[addCatering]=1&filter[addMisc]=0&filter[addTransport]=F&filter[fp]=1&order_by=ofr_price&filter[tourOperator]=0&filter[childAge][1]=20201210","https://datacfstatic.merlinx.pl/GRCS/IMG/EFLAPAS/dd9dfa168deb6b119dd9a5c34252fb990e15a6b56c075e127901cdf42fd662ba.webp","https://fly.pl/wycieczka/grecja,kefalonia,lixouri/apollonion-asterias-resort-spa-9/pFOKtxFJBBv_6G4s3SGu7fAAogWwVkidmiOkT2iJW3jkFnMW-dJZpoTu1e5LMymTKsgOMqBEdSQ1MwlYye1QZIw1hQQVjqAWADcj4VBxcAWAhWAlwCHYgDDw9AsQNStosBUwBb-wtej2Vh7UNLAAHb2ocBDdmuygggAFHYzrz7dAESYwECYwECC4u3dnI/ofertasv/?filter[tourOperator]=GRCS&filter%5Bperson%5D=2&filter%5BchildAge%5D%5B1%5D=20201210&filter%5Bchild%5D=1"
"Mitsis Rodos Maris","11333.0","05.10.2026 - 12.10.2026","9 dni/7 nocy","","4.4","4.4","5794","tripadvisor","Wrocław","2026-09-14T05:28:48.797095+00:00","https://fly.pl/oferta/grecja-wczasy/?filter[dest]=14:&filter[hotelids]=&filter[cityids]=&filter[cregids]=&filter[ofrType]=&filter[addObjType]=&filter[whenFrom]=14-09-2026&filter[whenTo]=14-10-2026&filter[duration]=7:10&filter[from]=&filter[person]=2&filter[child]=1&filter[price]=4000:20000&filter[PriceFrom]=4000&filter[PriceTo]=20000&filter[addCategory]=50&filter[addCatering]=1&filter[addMisc]=0&filter[addTransport]=F&filter[fp]=1&order_by=ofr_price&filter[tourOperator]=0&filter[childAge][1]=20201210","https://fly.pl/cdn/photo/assets/uploads/582/278/2014/06/Hotel-Mitsis-Rodos-Maris.jpg","https://fly.pl/wycieczka/grecja,rodos,kiotari/mitsis-rodos-maris/pcF6BAjzAbaEN_MGJNX88FAAogEadqb4n6l4vLylSmVlesqU92int4ZV66IpvpGh-2oikqBEdSQ1MwlYye1QZIxVhQQVjyA2ADcj8VBxcBWAdWAlwCHY8CDxZAowRbhIABXrx8UpETUwBhuDVLAAHt8YABDbyT0QggAFHV8cTt3gEBEmMBAmMBAwvHNIxq/ofertasv/?filter[tourOperator]=GRCS&filter%5Bperson%5D=2&filter%5BchildAge%5D%5B1%5D=20201210&filter%5Bchild%5D=1"
"Kiani Beach","11438.0","04.10.2026 - 11.10.2026","8 dni/7 nocy","","4.5","4.5","5357","tripadvisor","Wrocław","2026-09-14T05:28:48.797095+00:00","https://fly.pl/oferta/grecja-wczasy/?filter[dest]=14:&filter[hotelids]=&filter[cityids]=&filter[cregids]=&filter[ofrType]=&filter[addObjType]=&filter[whenFrom]=14-09-2026&filter[whenTo]=14-10-2026&filter[duration]=7:10&filter[from]=&filter[person]=2&filter[child]=1&filter[price]=4000:20000&filter[PriceFrom]=4000&filter[PriceTo]=20000&filter[addCategory]=50&filter[addCatering]=1&filter[addMisc]=0&filter[addTransport]=F&filter[fp]=1&order_by=ofr_price&filter[tourOperator]=0&filter[childAge][1]=20201210","https://fly.pl/cdn/photo/assets/uploads/582/278/2009/01/Kiani-Beach-Resort.jpg","https://fly.pl/wycieczka/grecja,kreta-zachodnia,kiani-akti/kiani-beach/pUnG2gHsb-_U6qEWf6eTd4AAognWsglmddeCIwqpur6iUpw_k7CFlJIoeTjQ_jBL-ZGugqBFJOQlcwlYye1QZIrllQQVjaA2ACagRCd2NEag1BTExfSU5DTFVTSVZFahoxNiwyOTYsMzgwLDQ3Nyw0ODMsNDg0LDQ4NXI6nwGWAZ4BFQcXAFgICgQRzANA-AMQ_iwZ5SpThB9SAEygVEuGeWEAD7fDQB1TIJ7BkQkNAAIMYwECC0mNPeQ/ofertasv/?filter[tourOperator]=RNBW&filter%5Bperson%5D=2&filter%5BchildAge%5D%5B1%5D=20201210&filter%5Bchild%5D=1"
"Atlantica Porto Bello Royal","11457.0","29.09.2026 - 06.10.2026","8 dni/7 nocy","","4.5","4.5","4777","tripadvisor","Warszawa","2026-09-14T05:28:48.797095+00:00","https://fly.pl/oferta/grecja-wczasy/?filter[dest]=14:&filter[hotelids]=&filter[cityids]=&filter[cregids]=&filter[ofrType]=&filter[addObjType]=&filter[whenFrom]=14-09-2026&filter[whenTo]=14-10-2026&filter[duration]=7:10&filter[from]=&filter[person]=2&filter[child]=1&filter[price]=4000:20000&filter[PriceFrom]=4000&filter[PriceTo]=20000&filter[addCategory]=50&filter[addCatering]=1&filter[addMisc]=0&filter[addTransport]=F&filter[fp]=1&order_by=ofr_price&filter[tourOperator]=0&filter[childAge][1]=20201210","https://fly.pl/cdn/photo/assets/uploads/582/278/2015/04/Porto-Bello-Royal-fly-pl.jpg","https://fly.pl/wycieczka/grecja,kos,kardamena/porto-bello-royal/pFewFuAv0Ro6D6TyXq6GSZAAogwiQ95x_5Zg8PCC8QVLhiCvuwKk17hXBTlM8aujN4MDAqBFZJVFgwmoye1QZIwVlQQVjiAmACckAaABUHFwBcA1gFQI8DW7-DAVO_SFIAXv8zS-1DYQBMj7U5DarUmAkgAFHDpuDxpQFPnr87XdD9y_1fAgxjAQIL3tMDGw/ofertasv/?filter[tourOperator]=VITX&filter%5Bperson%5D=2&filter%5BchildAge%5D%5B1%5D=20201210&filter%5Bchild%5D=1"
"Gouves Water Park Holiday Resort","11457.0","29.09.2026 - 06.10.2026","8 dni/7 nocy","","4.2","4.2","3979","tripadvisor","Warszawa","2026-09-14T05:28:48.797095+00:00","https://fly.pl/oferta/grecja-wczasy/?filter[dest]=14:&filter[hotelids]=&filter[cityids]=&filter[cregids]=&filter[ofrType]=&filter[addObjType]=&filter[whenFrom]=14-09-2026&filter[whenTo]=14-10-2026&filter[duration]=7:10&filter[from]=&filter[person]=2&filter[child]=1&filter[price]=4000:20000&filter[PriceFrom]=4000&filter[PriceTo]=20000&filter[addCategory]=50&filter[addCatering]=1&filter[addMisc]=0&filter[addTransport]=F&filter[fp]=1&order_by=ofr_price&filter[tourOperator]=0&filter[childAge][1]=20201210","https://fly.pl/cdn/photo/assets/uploads/582/278/2014/09/Hotel-Gouves-Waterpark-Holiday-Resort.jpg","https://fly.pl/wycieczka/grecja,kreta,kato-gouves/gouves-park-holiday-resort/pFAvWZmSYs-6c1gsRsV6LVAAogK_Chlu7VrgIhyrhQajl_Ju9fQLaXlk20m0Jv3V1I7aIqBEVYSU0wmoye1QZIwVlQAVjiAmACagJBSXIhHBGzoAarBJ_3O7kEFhuLojIYxPA2AazKg6MLAhJjAQILhKx99Q/ofertasv/?filter[tourOperator]=EXIM&filter%5Bperson%5D=2&filter%5BchildAge%5D%5B1%5D=20201210&filter%5Bchild%5D=1"
"Elios Hill","11657.0","30.09.2026 - 07.10.2026","8 dni/7 nocy","","4.8","4.8","1022","tripadvisor","Warszawa","2026-09-14T05:28:48.797095+00:00","https://fly.pl/oferta/grecja-wczasy/?filter[dest]=14:&filter[hotelids]=&filter[cityids]=&filter[cregids]=&filter[ofrType]=&filter[addObjType]=&filter[whenFrom]=14-09-2026&filter[whenTo]=14-10-2026&filter[duration]=7:10&filter[from]=&filter[person]=2&filter[child]=1&filter[price]=4000:20000&filter[PriceFrom]=4000&filter[PriceTo]=20000&filter[addCategory]=50&filter[addCatering]=1&filter[addMisc]=0&filter[addTransport]=F&filter[fp]=1&order_by=ofr_price&filter[tourOperator]=0&filter[childAge][1]=20201210","https://datacfstatic.merlinx.pl/ITAK/IMG/HERELII/11d97a26cb071a16efdd01b37549bd63bf490bae0d0435a468d3fa3ecf2ce2a8.webp","https://fly.pl/wycieczka/grecja,kreta-wschodnia,hersonissos/elios-hill-15/pKy6PYceVBa_XbDvgp03Y6AAogm-lxshHVebC8ZrIe4Bdgy73AkJpqCjYep0zwmCVvapIqBFZJVFgwmoye1QZIiVtQQVj6AmACckAaABUHFwBcA1gFQI8DW5eFAVPuJ1IAXvhSS-1DYQBMj7U5DavUmAkgAFGo_riNjQFPuLUyXczV8-F4AgxjAQILIe4T5A/ofertasv/?filter[tourOperator]=VITX&filter%5Bperson%5D=2&filter%5BchildAge%5D%5B1%5D=20201210&filter%5Bchild%5D=1"
"Mythos Beach Resort","11840.0","02.10.2026 - 09.10.2026","8 dni/7 nocy","","","","","","Katowice","2026-09-14T05:28:48.797095+00:00","https://fly.pl/oferta/grecja-wczasy/?filter[dest]=14:&filter[hotelids]=&filter[cityids]=&filter[cregids]=&filter[ofrType]=&filter[addObjType]=&filter[whenFrom]=14-09-2026&filter[whenTo]=14-10-2026&filter[duration]=7:10&filter[from]=&filter[person]=2&filter[child]=1&filter[price]=4000:20000&filter[PriceFrom]=4000&filter[PriceTo]=20000&filter[addCategory]=50&filter[addCatering]=1&filter[addMisc]=0&filter[addTransport]=F&filter[fp]=1&order_by=ofr_price&filter[tourOperator]=0&filter[childAge][1]=20201210","https://datacfstatic.merlinx.pl/GRCS/IMG/RHOMYBE/668a217f19e766a69f46737d6bb5ff22f1210786788b9811ae24732fca942361.webp","https://fly.pl/wycieczka/grecja,rodos,afandu/mythos-beach-resort-10/pCzJ5jooStIcEWseMdODbrAAogU28AO3W2dDs2ijCUozIHUJ3l86o_X1m9AxsR6t9H0GYqBEdSQ1Mwmoye1QZIwFxQQViqA2ADcj8XBxUAXANYBVYCHawCDxxAggRbloABYYNMSwBepzBSkRNTAAGstIIBDbKG0AggAFGwtbft3gEBEmMBAmMBAguQvcl9/ofertasv/?filter[tourOperator]=GRCS&filter%5Bperson%5D=2&filter%5BchildAge%5D%5B1%5D=20201210&filter%5Bchild%5D=1"
"Serita Beach","11923.0","30.09.2026 - 08.10.2026","9 dni/7 nocy","","4.6","4.6","282","tripadvisor","Poznań","2026-09-14T05:28:48.797095+00:00","https://fly.pl/oferta/grecja-wczasy/?filter[dest]=14:&filter[hotelids]=&filter[cityids]=&filter[cregids]=&filter[ofrType]=&filter[addObjType]=&filter[whenFrom]=14-09-2026&filter[whenTo]=14-10-2026&filter[duration]=7:10&filter[from]=&filter[person]=2&filter[child]=1&filter[price]=4000:20000&filter[PriceFrom]=4000&filter[PriceTo]=20000&filter[addCategory]=50&filter[addCatering]=1&filter[addMisc]=0&filter[addTransport]=F&filter[fp]=1&order_by=ofr_price&filter[tourOperator]=0&filter[childAge][1]=20201210","https://fly.pl/cdn/photo/assets/uploads/582/278/2015/04/Serita-Beach.jpg","https://fly.pl/wycieczka/grecja,kreta-wschodnia,anissaras/mitsis-serita-beach/pAORt6V0PztWLPdsLM3IfIAAogsAiU-GARdnmunk9NLDTd1GLvNtRhYaXjhxV-8sjOOIgqBFJOQlcwmoye1QZIk11QQVj6AmACagRCd2NEag1BTExfSU5DTFVTSVZFahcyOTYsMzgwLDQ3Nyw0ODMsNDg0LDQ4NXI7nwGWAZ4BFQcXAVgHCgRAxAcR8TcZ7x9T7FBSABDVBEy6GkvhNGEAHZOJQQ-dBCD_vpEJDQACDGMBAgvTw8Dp/ofertasv/?filter[tourOperator]=RNBW&filter%5Bperson%5D=2&filter%5BchildAge%5D%5B1%5D=20201210&filter%5Bchild%5D=1"
"Cabana Blu Hotel & Suites","11950.0","29.09.2026 - 06.10.2026","8 dni/7 nocy","","4.7","4.7","224","tripadvisor","Katowice","2026-09-14T05:28:48.797095+00:00","https://fly.pl/oferta/grecja-wczasy/?filter[dest]=14:&filter[hotelids]=&filter[cityids]=&filter[cregids]=&filter[ofrType]=&filter[addObjType]=&filter[whenFrom]=14-09-2026&filter[whenTo]=14-10-2026&filter[duration]=7:10&filter[from]=&filter[person]=2&filter[child]=1&filter[price]=4000:20000&filter[PriceFrom]=4000&filter[PriceTo]=20000&filter[addCategory]=50&filter[addCatering]=1&filter[addMisc]=0&filter[addTransport]=F&filter[fp]=1&order_by=ofr_price&filter[tourOperator]=0&filter[childAge][1]=20201210","https://fly.pl/cdn/photo/assets/uploads/582/278/2024/07/cabana-beach.jpg","https://fly.pl/wycieczka/grecja,kos,kardamena/cabana-beach-11/pFXIEo6Ag0d7ELdH88XEuBAAogf_scnvINjkEBRs7y7Bfj_YVbonqREx2CbpZmYND6wfwqBFJOQlcwmoye1QZIrl1QQVjiAmACagRCd2NEag1BTExfSU5DTFVTSVZFahcyOTYsMzgwLDQ3Nyw0ODMsNDg0LDQ4NWoTNDA0LDQwNyw0MDgsNTIxLDUyOHI8nwGWAZ4BlAEVBxcAWAgKBEDEBxG4Jxm7LxCxCVOhZ1IATKACS7gBYQAP1eVAHSUg05eSCQ0AAgxjAQIL9YbSVw/ofertasv/?filter[tourOperator]=RNBW&filter%5Bperson%5D=2&filter%5BchildAge%5D%5B1%5D=20201210&filter%5Bchild%5D=1"
"Pegasos Beach (Faliraki)","11957.0","05.10.2026 - 12.10.2026","8 dni/7 nocy","","4.5","4.5","3256","tripadvisor","Katowice","2026-09-14T05:28:48.797095+00:00","https://fly.pl/oferta/grecja-wczasy/?filter[dest]=14:&filter[hotelids]=&filter[cityids]=&filter[cregids]=&filter[ofrType]=&filter[addObjType]=&filter[whenFrom]=14-09-2026&filter[whenTo]=14-10-2026&filter[duration]=7:10&filter[from]=&filter[person]=2&filter[child]=1&filter[price]=4000:20000&filter[PriceFrom]=4000&filter[PriceTo]=20000&filter[addCategory]=50&filter[addCatering]=1&filter[addMisc]=0&filter[addTransport]=F&filter[fp]=1&order_by=ofr_price&filter[tourOperator]=0&filter[childAge][1]=20201210","https://fly.pl/cdn/photo/assets/uploads/582/278/2015/04/Pegasos-Deluxe-Beach-Hotel.jpg","https://fly.pl/wycieczka/grecja,rodos,faliraki/pegasos-beach-faliraki/pd4UFP99gX8J08M7384ehvAAogRwGzP_RFS4DFzekkmozyx4fOApdH5DIVy-doEfgir9sqBFZJVFgwmoye1QZItV1QQVjyA2ACckAaABUHFwBcA1gFQI8DW6eGAWGvSUsAXqcwUpETUwBMyuU5DZfVmAkgAF2ku5HsqAFPoPSfgTZRmoINAg1jAQIMNfGTpQ/ofertasv/?filter[tourOperator]=VITX&filter%5Bperson%5D=2&filter%5BchildAge%5D%5B1%5D=20201210&filter%5Bchild%5D=1"
"Rethymno Mare Royal & Water Park (ex. Bomo)","11992.0","04.10.2026 - 11.10.2026","8 dni/7 nocy","","4.1","4.1","429","tripadvisor","Wrocław","2026-09-14T05:28:48.797095+00:00","https://fly.pl/oferta/grecja-wczasy/?filter[dest]=14:&filter[hotelids]=&filter[cityids]=&filter[cregids]=&filter[ofrType]=&filter[addObjType]=&filter[whenFrom]=14-09-2026&filter[whenTo]=14-10-2026&filter[duration]=7:10&filter[from]=&filter[person]=2&filter[child]=1&filter[price]=4000:20000&filter[PriceFrom]=4000&filter[PriceTo]=20000&filter[addCategory]=50&filter[addCatering]=1&filter[addMisc]=0&filter[addTransport]=F&filter[fp]=1&order_by=ofr_price&filter[tourOperator]=0&filter[childAge][1]=20201210","https://fly.pl/cdn/photo/assets/uploads/582/278/2015/04/Rethymno-Mare-Royal-fly-pl.jpg","https://fly.pl/wycieczka/grecja,kreta-zachodnia,scaleta/rethymno-mare-royal/pYdmfJxxmuYD2gnF0BuwWvAAogDtY9Zg9nOjSJ7_hjA0ZVJvk7CFlJIoeTjQ_jBL-ZGugqBFJOQlcwmoye1QZI2F1QQVjaA2ACagRCd2NEag1BTExfSU5DTFVTSVZFahoxNiwyOTYsMzgwLDQ3Nyw0ODMsNDg0LDQ4NXI6nwGWAZ4BFQcXAFgICgRAxAcRwxsZoDxThB9SABCzFUztPkuGeWEAD7fDQB1TIJ7BkQkNAAIMYwECC2_p_DI/ofertasv/?filter[tourOperator]=RNBW&filter%5Bperson%5D=2&filter%5BchildAge%5D%5B1%5D=20201210&filter%5Bchild%5D=1"
"Sea Coast Halkidiki","12027.0","26.09.2026 - 03.10.2026","8 dni/7 nocy","","","","","","Kraków","2026-09-14T05:28:48.797095+00:00","https://fly.pl/oferta/grecja-wczasy/?filter[dest]=14:&filter[hotelids]=&filter[cityids]=&filter[cregids]=&filter[ofrType]=&filter[addObjType]=&filter[whenFrom]=14-09-2026&filter[whenTo]=14-10-2026&filter[duration]=7:10&filter[from]=&filter[person]=2&filter[child]=1&filter[price]=4000:20000&filter[PriceFrom]=4000&filter[PriceTo]=20000&filter[addCategory]=50&filter[addCatering]=1&filter[addMisc]=0&filter[addTransport]=F&filter[fp]=1&order_by=ofr_price&filter[tourOperator]=0&filter[childAge][1]=20201210","https://datacfstatic.merlinx.pl/OASI/IMG/23665/e797aa69eefa812e7b5d1fd5e3caad70dbb6ddaa106cb959a18e728a9ae1e13d.webp","https://fly.pl/wycieczka/grecja,chalkidiki,gerakini/sea-coast-halkidiki-11/ptbJk9CawCpjA-x5O-6k4uAAogTHWcIP8UXgB91UvrkO_ppuukAK2dz4nwiMlLwVUx7twqBE9BU0kwmoye1QZI-11QAViaAmACagNBSWxyIRwR8bgBuQS4sA2rBAEb4fELGKKnDwGOvdzuAQIAYwECBatfv8w/ofertasv/?filter[tourOperator]=OASI&filter%5Bperson%5D=2&filter%5BchildAge%5D%5B1%5D=20201210&filter%5Bchild%5D=1"
"Bella Beach","12054.0","30.09.2026 - 08.10.2026","9 dni/7 nocy","","4.2","4.2","1964","tripadvisor","Poznań","2026-09-14T05:28:48.797095+00:00","https://fly.pl/oferta/grecja-wczasy/?filter[dest]=14:&filter[hotelids]=&filter[cityids]=&filter[cregids]=&filter[ofrType]=&filter[addObjType]=&filter[whenFrom]=14-09-2026&filter[whenTo]=14-10-2026&filter[duration]=7:10&filter[from]=&filter[person]=2&filter[child]=1&filter[price]=4000:20000&filter[PriceFrom]=4000&filter[PriceTo]=20000&filter[addCategory]=50&filter[addCatering]=1&filter[addMisc]=0&filter[addTransport]=F&filter[fp]=1&order_by=ofr_price&filter[tourOperator]=0&filter[childAge][1]=20201210","https://fly.pl/cdn/photo/assets/uploads/582/278/2014/07/Bella-Beach.jpg","https://fly.pl/wycieczka/grecja,kreta-wschodnia,anissaras/bella-beach/pVgY9hZOKCtz9QdWcbss5tAAogkHSHLg7wh-weYgiHfOCLHWLvNtRhYaXjhxV-8sjOOIgqBFJOQlcwmoye1QZIll5QQVj6AmACagRCd2NMag1BTExfSU5DTFVTSVZFahcyOTYsMzgwLDQ3Nyw0ODMsNDg0LDQ4NXI7nwGWAZ4BFQcXAVgHCgZAwgcR2TgZhx9T7FBSABDACEzPFkvhNGEAHZOJQQ-dBCD_vpEJDQACDGMBAgVEsdEI/ofertasv/?filter[tourOperator]=RNBW&filter%5Bperson%5D=2&filter%5BchildAge%5D%5B1%5D=20201210&filter%5Bchild%5D=1"
"Mitsis Rodos Village","12080.0","28.09.2026 - 05.10.2026","9 dni/7 nocy","","4.2","4.2","5377","tripadvisor","Katowice","2026-09-14T05:28:48.797095+00:00","https://fly.pl/oferta/grecja-wczasy/?filter[dest]=14:&filter[hotelids]=&filter[cityids]=&filter[cregids]=&filter[ofrType]=&filter[addObjType]=&filter[whenFrom]=14-09-2026&filter[whenTo]=14-10-2026&filter[duration]=7:10&filter[from]=&filter[person]=2&filter[child]=1&filter[price]=4000:20000&filter[PriceFrom]=4000&filter[PriceTo]=20000&filter[addCategory]=50&filter[addCatering]=1&filter[addMisc]=0&filter[addTransport]=F&filter[fp]=1&order_by=ofr_price&filter[tourOperator]=0&filter[childAge][1]=20201210","https://fly.pl/cdn/photo/assets/uploads/582/278/2015/01/Hotel-Mitsis-Rodos-Village.jpg","https://fly.pl/wycieczka/grecja,rodos,kiotari/mitsis-rodos-village/pxhRcisZt4Q132_P-zfHIqAAogYWX2zs45jdXHrLQ1wbXMqIT95WfUFwPznmpBvwfZt9AqBEdSQ1Mwmoye1QZIsF5QQVjKAmADckAVBxcBWAdWAlwCD6QCQKQEHXlLoMsBXqcwUpETUwBb5Q1h0ycB_OaBAQ3gndAIIABR7vTE7d4BARJjAQJjAQMLgjeAkg/ofertasv/?filter[tourOperator]=GRCS&filter%5Bperson%5D=2&filter%5BchildAge%5D%5B1%5D=20201210&filter%5Bchild%5D=1"
"Domes Aulus Zante Autograph Collection","12127.0","05.10.2026 - 12.10.2026","8 dni/7 nocy","","4.5","4.5","1619","tripadvisor","Warszawa - Modlin","2026-09-14T05:28:48.797095+00:00","https://fly.pl/oferta/grecja-wczasy/?filter[dest]=14:&filter[hotelids]=&filter[cityids]=&filter[cregids]=&filter[ofrType]=&filter[addObjType]=&filter[whenFrom]=14-09-2026&filter[whenTo]=14-10-2026&filter[duration]=7:10&filter[from]=&filter[person]=2&filter[child]=1&filter[price]=4000:20000&filter[PriceFrom]=4000&filter[PriceTo]=20000&filter[addCategory]=50&filter[addCatering]=1&filter[addMisc]=0&filter[addTransport]=F&filter[fp]=1&order_by=ofr_price&filter[tourOperator]=0&filter[childAge][1]=20201210","https://fly.pl/cdn/photo/assets/uploads/582/278/2015/04/Domes-Aulus-Zante-Autograph-Collection.jpg","https://fly.pl/wycieczka/grecja,zakynthos,laganas/louis-zante-beach/p7vI8YnIGXe9nm1dDvRFmpAAogvCf6Bw_H9q0oflX2Pk1jBLcuNVpQNKpGV4LJNak8M1IqBEVYSU0wmoye1QZI315QAVjyA2ACagJBSXIhHBGJxQarBNfBQLkEFRuRrjcYpZo7Ae7Y4ZgLAgBjAQILlQ74PA/ofertasv/?filter[tourOperator]=EXIM&filter%5Bperson%5D=2&filter%5BchildAge%5D%5B1%5D=20201210&filter%5Bchild%5D=1"
"Ramada Athens Attica Riviera (ex Aquamarina)","12243.0","07.10.2026 - 14.10.2026","8 dni/7 nocy","","4.3","4.3","367","tripadvisor","Katowice","2026-09-14T05:28:48.797095+00:00","https://fly.pl/oferta/grecja-wczasy/?filter[dest]=14:&filter[hotelids]=&filter[cityids]=&filter[cregids]=&filter[ofrType]=&filter[addObjType]=&filter[whenFrom]=14-09-2026&filter[whenTo]=14-10-2026&filter[duration]=7:10&filter[from]=&filter[person]=2&filter[child]=1&filter[price]=4000:20000&filter[PriceFrom]=4000&filter[PriceTo]=20000&filter[addCategory]=50&filter[addCatering]=1&filter[addMisc]=0&filter[addTransport]=F&filter[fp]=1&order_by=ofr_price&filter[tourOperator]=0&filter[childAge][1]=20201210","https://fly.pl/cdn/photo/assets/uploads/582/278/2015/02/Aquamarina-Mati-fly-pl.jpg","https://fly.pl/wycieczka/grecja,attyka,mati/aquis-aquamarina-mati/p3-LOc7bLCcIYn7SRpGSraAAogmT_QIiIWmAtZVdmJNtu5VT0o2Ft4Z2C5LACh2uqlxqoqBEJWQkUwmoye1QZI019QAViiBGACagJBSXIhHBGF6AEbnfdAGPWGFbkE5q4nqwQfAe2z9dgDAhJjAQILNc6_oA/ofertasv/?filter[tourOperator]=BVBE&filter%5Bperson%5D=2&filter%5BchildAge%5D%5B1%5D=20201210&filter%5Bchild%5D=1"
"Ostria Beach Resort & Spa","12257.0","30.09.2026 - 07.10.2026","8 dni/7 nocy","","4.6","4.6","5736","tripadvisor","Katowice","2026-09-14T05:28:48.797095+00:00","https://fly.pl/oferta/grecja-wczasy/?filter[dest]=14:&filter[hotelids]=&filter[cityids]=&filter[cregids]=&filter[ofrType]=&filter[addObjType]=&filter[whenFrom]=14-09-2026&filter[whenTo]=14-10-2026&filter[duration]=7:10&filter[from]=&filter[person]=2&filter[child]=1&filter[price]=4000:20000&filter[PriceFrom]=4000&filter[PriceTo]=20000&filter[addCategory]=50&filter[addCatering]=1&filter[addMisc]=0&filter[addTransport]=F&filter[fp]=1&order_by=ofr_price&filter[tourOperator]=0&filter[childAge][1]=20201210","https://fly.pl/cdn/photo/assets/uploads/582/278/2008/12/Ostria-Beach2949.jpg","https://fly.pl/wycieczka/grecja,kreta-wschodnia,ierapetra/ostria-beach/p6PKv71hNrukgJziP9RIHgAAogiFxvDZjEUorGppYzSPfO7_ItLA4jFfED9OGQAGBJtSEqBFZJVFgwmoye1QZI4V9QQVj6AmACckAaABUHFwBcA1gFQI8DW6eGAVPeJlIAYdEiSwBepzBM_Pg5DavUmAkgAE-Q3sqNjQFRnacLXf_bnt4bAg1jAQIMejTvsQ/ofertasv/?filter[tourOperator]=VITX&filter%5Bperson%5D=2&filter%5BchildAge%5D%5B1%5D=20201210&filter%5Bchild%5D=1"
"Out of the Blue Resort","12337.0","23.09.2026 - 30.09.2026","8 dni/7 nocy","","4.0","4.0","2187","tripadvisor","Kraków","2026-09-14T05:28:48.797095+00:00","https://fly.pl/oferta/grecja-wczasy/?filter[dest]=14:&filter[hotelids]=&filter[cityids]=&filter[cregids]=&filter[ofrType]=&filter[addObjType]=&filter[whenFrom]=14-09-2026&filter[whenTo]=14-10-2026&filter[duration]=7:10&filter[from]=&filter[person]=2&filter[child]=1&filter[price]=4000:20000&filter[PriceFrom]=4000&filter[PriceTo]=20000&filter[addCategory]=50&filter[addCatering]=1&filter[addMisc]=0&filter[addTransport]=F&filter[fp]=1&order_by=ofr_price&filter[tourOperator]=0&filter[childAge][1]=20201210","https://fly.pl/cdn/photo/assets/uploads/582/278/2014/09/Out-of-the-Blue-Beach-Resort.jpg","https://fly.pl/wycieczka/grecja,kreta-wschodnia,agia-pelagia/capsis-out-of-the-blue-resort/pbKBsU0DhQujpHAVr-Ik7uAAogOrmHmNFz-OP35yhKVlJ6JT-jZTrfweXfsV-w4aFWHmAqBFZJVFgwmoye1QZIsWBQQVjSAWACcj8aABUHFwBcA1gFQI8DW810U7g4UgBh_SFLAF77MEz9sB0No5y1CSAAUYW4so2NAU_Cjhhd7PKGmxsCDmMBAg2CiRKv/ofertasv/?filter[tourOperator]=VITX&filter%5Bperson%5D=2&filter%5BchildAge%5D%5B1%5D=20201210&filter%5Bchild%5D=1"
"Blue Marine Resort & SPA","12397.0","29.09.2026 - 06.10.2026","8 dni/7 nocy","","4.3","4.3","2272","tripadvisor","Warszawa","2026-09-14T05:28:48.797095+00:00","https://fly.pl/oferta/grecja-wczasy/?filter[dest]=14:&filter[hotelids]=&filter[cityids]=&filter[cregids]=&filter[ofrType]=&filter[addObjType]=&filter[whenFrom]=14-09-2026&filter[whenTo]=14-10-2026&filter[duration]=7:10&filter[from]=&filter[person]=2&filter[child]=1&filter[price]=4000:20000&filter[PriceFrom]=4000&filter[PriceTo]=20000&filter[addCategory]=50&filter[addCatering]=1&filter[addMisc]=0&filter[addTransport]=F&filter[fp]=1&order_by=ofr_price&filter[tourOperator]=0&filter[childAge][1]=20201210","https://fly.pl/cdn/photo/assets/uploads/582/278/2015/04/Blue-Marine-Resort-SPA.jpg","https://fly.pl/wycieczka/grecja,kreta-wschodnia,agios-nikolaos/blue-marine-resort-spa/pzLY4i-o-5RcNeEmC0j6qWAAognUIEIFEERWwJsWMUARl6pUBM5DhSNmFSGYEI-pbv_aYqBEJWQkUwmoye1QZI7WBQAVjiAmACagJBSXIhHBHCgAEbwr49GO3fEasEsvkquQQBAdHSu-UCAgBjAQILwu-mRQ/ofertasv/?filter[tourOperator]=BVBE&filter%5Bperson%5D=2&filter%5BchildAge%5D%5B1%5D=20201210&filter%5Bchild%5D=1"
"Kakkos Bay","12436.0","27.09.2026 - 04.10.2026","8 dni/7 nocy","","4.6","4.6","302","tripadvisor","Katowice","2026-09-14T05:28:48.797095+00:00","https://fly.pl/oferta/grecja-wczasy/?filter[dest]=14:&filter[hotelids]=&filter[cityids]=&filter[cregids]=&filter[ofrType]=&filter[addObjType]=&filter[whenFrom]=14-09-2026&filter[whenTo]=14-10-2026&filter[duration]=7:10&filter[from]=&filter[person]=2&filter[child]=1&filter[price]=4000:20000&filter[PriceFrom]=4000&filter[PriceTo]=20000&filter[addCategory]=50&filter[addCatering]=1&filter[addMisc]=0&filter[addTransport]=F&filter[fp]=1&order_by=ofr_price&filter[tourOperator]=0&filter[childAge][1]=20201210","https://fly.pl/cdn/photo/assets/uploads/582/278/2015/04/Kakkos-Bay.jpg","https://fly.pl/wycieczka/grecja,kreta-wschodnia,ierapetra/kakkos-bay/ptvTY52qiRraPZ4C8fl-GsAAogXwLHxKo4NWxHliukOrFfoUUpJbyh4bRg2u8oMCiJdB0qBEdSQ1Mwmoye1QZIlGFQQViyAmADcj8VBxcAWAhWAlwCHZIEDxRAogJb85kBUtUPUwBh0SJLAF6nMAG8ioYBDejCzAggAFH3l8mNjQEBEmMBAmMBAgsYY9dr/ofertasv/?filter[tourOperator]=GRCS&filter%5Bperson%5D=2&filter%5BchildAge%5D%5B1%5D=20201210&filter%5Bchild%5D=1"
"Mitsis Norida","12444.0","06.10.2026 - 13.10.2026","8 dni/7 nocy","","4.3","4.3","3831","tripadvisor","Katowice","2026-09-14T05:28:48.797095+00:00","https://fly.pl/oferta/grecja-wczasy/?filter[dest]=14:&filter[hotelids]=&filter[cityids]=&filter[cregids]=&filter[ofrType]=&filter[addObjType]=&filter[whenFrom]=14-09-2026&filter[whenTo]=14-10-2026&filter[duration]=7:10&filter[from]=&filter[person]=2&filter[child]=1&filter[price]=4000:20000&filter[PriceFrom]=4000&filter[PriceTo]=20000&filter[addCategory]=50&filter[addCatering]=1&filter[addMisc]=0&filter[addTransport]=F&filter[fp]=1&order_by=ofr_price&filter[tourOperator]=0&filter[childAge][1]=20201210","https://fly.pl/cdn/photo/assets/uploads/582/278/2014/09/Mitsis-Norida.jpg","https://fly.pl/wycieczka/grecja,kos,kardamaina/mitsis-norida-beach/pSZXZekOGjOliOHHR367F0AAogEvf2nUJEgi5DrGw08I5sGYMfMFtgMqTpzoUJuvO9I4MqBEdSQ1Mwmoye1QZInGFQQViKBGADcj8VBxcAWAhWAlwCHewCD_MCQGlb5oUBUttCUwBh2ANLAF6nMAHNlokBDaa3yQggAFGQoYPypQEBEmMBAmMBAwtHRu_1/ofertasv/?filter[tourOperator]=GRCS&filter%5Bperson%5D=2&filter%5BchildAge%5D%5B1%5D=20201210&filter%5Bchild%5D=1"
"Alia Palace","12477.0","07.10.2026 - 14.10.2026","8 dni/7 nocy","","4.1","4.1","1245","tripadvisor","Kraków","2026-09-14T05:28:48.797095+00:00","https://fly.pl/oferta/grecja-wczasy/?filter[dest]=14:&filter[hotelids]=&filter[cityids]=&filter[cregids]=&filter[ofrType]=&filter[addObjType]=&filter[whenFrom]=14-09-2026&filter[whenTo]=14-10-2026&filter[duration]=7:10&filter[from]=&filter[person]=2&filter[child]=1&filter[price]=4000:20000&filter[PriceFrom]=4000&filter[PriceTo]=20000&filter[addCategory]=50&filter[addCatering]=1&filter[addMisc]=0&filter[addTransport]=F&filter[fp]=1&order_by=ofr_price&filter[tourOperator]=0&filter[childAge][1]=20201210","https://fly.pl/cdn/photo/assets/uploads/582/278/2015/06/Alia-Palace-fly-pl.jpg","https://fly.pl/wycieczka/grecja,chalkidiki,pefkohori/alia-palace-2/pvP6LFgVxXLFPdlcVuCCHnAAogKxU6M3oxv4H5lIYnj2SUhw1kBWbWYi2S9quy3nOeKxoqBFZJVFgwmoye1QZIvWFQQViiBGACagpBTVRTR1IwSFFDagpSTTAwVFBTVjAwagxLUktTS0dEUDQwMTlqDFNLR0tSS0RQNDAxOXI0kQGbAZ0BjwEaABcHFQBcA1gFQI8DS4LPAWEAXvswUoUeUwBM-K04IPeBmgkNAAEQYwIDY9hq058/ofertasv/?filter[tourOperator]=VITX&filter%5Bperson%5D=2&filter%5BchildAge%5D%5B1%5D=20201210&filter%5Bchild%5D=1"
"Grecotel LuxMe Costa Botanica (ex. Gelina Village)","12533.0","07.10.2026 - 14.10.2026","8 dni/7 nocy","","4.3","4.3","695","tripadvisor","Warszawa - Modlin","2026-09-14T05:28:48.797095+00:00","https://fly.pl/oferta/grecja-wczasy/?filter[dest]=14:&filter[hotelids]=&filter[cityids]=&filter[cregids]=&filter[ofrType]=&filter[addObjType]=&filter[whenFrom]=14-09-2026&filter[whenTo]=14-10-2026&filter[duration]=7:10&filter[from]=&filter[person]=2&filter[child]=1&filter[price]=4000:20000&filter[PriceFrom]=4000&filter[PriceTo]=20000&filter[addCategory]=50&filter[addCatering]=1&filter[addMisc]=0&filter[addTransport]=F&filter[fp]=1&order_by=ofr_price&filter[tourOperator]=0&filter[childAge][1]=20201210","https://fly.pl/cdn/photo/assets/uploads/582/278/2014/06/GRECOTEL-COSTA-BOTANICA.jpg","https://fly.pl/wycieczka/grecja,korfu,acharavi/gelina-village/pQLWleBkixm2QIJ87a6ainAAogjXpB5QiqSeHwV0PyDUadtILKx5eheB5oN9YTxoF_GfgqBEJWQkUwmoye1QZI9WFQAViiBGACagJBSXIhHBHs0QEbiMw9GKD9EasEuP0puQRSAdX7qfUCAhJjAQILkfRAvQ/ofertasv/?filter[tourOperator]=BVBE&filter%5Bperson%5D=2&filter%5BchildAge%5D%5B1%5D=20201210&filter%5Bchild%5D=1"
"CHC Athina Palace Resort & Spa (Agia Pelagia)","12562.0","24.09.2026 - 01.10.2026","8 dni/7 nocy","","4.2","4.2","3014","tripadvisor","Warszawa","2026-09-14T05:28:48.797095+00:00","https://fly.pl/oferta/grecja-wczasy/?filter[dest]=14:&filter[hotelids]=&filter[cityids]=&filter[cregids]=&filter[ofrType]=&filter[addObjType]=&filter[whenFrom]=14-09-2026&filter[whenTo]=14-10-2026&filter[duration]=7:10&filter[from]=&filter[person]=2&filter[child]=1&filter[price]=4000:20000&filter[PriceFrom]=4000&filter[PriceTo]=20000&filter[addCategory]=50&filter[addCatering]=1&filter[addMisc]=0&filter[addTransport]=F&filter[fp]=1&order_by=ofr_price&filter[tourOperator]=0&filter[childAge][1]=20201210","https://fly.pl/cdn/photo/assets/uploads/582/278/2014/09/Athina-Palace-Resort-and-Spa.jpg","https://fly.pl/wycieczka/grecja,kreta-wschodnia,agia-pelagia/athina-palace/pFwytcUI3GprFOgJuU45JtAAogKSs_gijKuwChy1xxC1Cm-m-NlNwAhH3sFgOdKqLT0P4qBE9BU0kwmoye1QZIkmJQAVjqAWACagNBSWxyIBwRtm-5BLv-DasEARu86w0YtNQQAZiNpIECAgBjAQILumucSA/ofertasv/?filter[tourOperator]=OASI&filter%5Bperson%5D=2&filter%5BchildAge%5D%5B1%5D=20201210&filter%5Bchild%5D=1"
"Akasha Beach (ex Armava)","12643.0","07.10.2026 - 14.10.2026","8 dni/7 nocy","","4.6","4.6","946","tripadvisor","Katowice","2026-09-14T05:28:48.797095+00:00","https://fly.pl/oferta/grecja-wczasy/?filter[dest]=14:&filter[hotelids]=&filter[cityids]=&filter[cregids]=&filter[ofrType]=&filter[addObjType]=&filter[whenFrom]=14-09-2026&filter[whenTo]=14-10-2026&filter[duration]=7:10&filter[from]=&filter[person]=2&filter[child]=1&filter[price]=4000:20000&filter[PriceFrom]=4000&filter[PriceTo]=20000&filter[addCategory]=50&filter[addCatering]=1&filter[addMisc]=0&filter[addTransport]=F&filter[fp]=1&order_by=ofr_price&filter[tourOperator]=0&filter[childAge][1]=20201210","https://fly.pl/cdn/photo/assets/uploads/582/278/2014/09/Akasha-Beach-Hotel-SPA.jpg","https://fly.pl/wycieczka/grecja,kreta,hersonissos/armava/pnd9kCncsMNO4MMVawJ2Z0AAogBFsX2yyL3S0ckiPLm8RbWwAAAAACpgQAGKYEAAcAAAAqBFdFWlkwmoye1QZI42JQQViiBGADaglFbnRlciBBaXJqBDAyMDVqBDA2MDVyQZ4BkwGUAR8AAgEcABYEFwIS1gQVpQYYwwFA3HRPgi9MAEvRIlAAEfsRHZPnECAWG9zOYg2btt8IARJjAQ1jAQIM03Ke4w/ofertasv/?filter[tourOperator]=WEZY&filter%5Bperson%5D=2&filter%5BchildAge%5D%5B1%5D=20201210&filter%5Bchild%5D=1"
"Kresten Royal Euphoria Resort (ex. Kresten Royal Villas)","12653.0","28.09.2026 - 05.10.2026","8 dni/7 nocy","","4.2","4.2","3653","tripadvisor","Warszawa - Modlin","2026-09-14T05:28:48.797095+00:00","https://fly.pl/oferta/grecja-wczasy/?filter[dest]=14:&filter[hotelids]=&filter[cityids]=&filter[cregids]=&filter[ofrType]=&filter[addObjType]=&filter[whenFrom]=14-09-2026&filter[whenTo]=14-10-2026&filter[duration]=7:10&filter[from]=&filter[person]=2&filter[child]=1&filter[price]=4000:20000&filter[PriceFrom]=4000&filter[PriceTo]=20000&filter[addCategory]=50&filter[addCatering]=1&filter[addMisc]=0&filter[addTransport]=F&filter[fp]=1&order_by=ofr_price&filter[tourOperator]=0&filter[childAge][1]=20201210","https://fly.pl/cdn/photo/assets/uploads/582/278/2015/04/Kresten-Royal-Euphoria-Resort.jpg","https://fly.pl/wycieczka/grecja,rodos,kallithea/kresten-royal-villas/p05qCgJlVy_y9YpYs-ewatAAoguCPTOcIE1FMAzysOonMXzdgK6adpaqDK0M6O-zwymw0qBE9OSE8wmoye1QZI7WJQAVjKAmACagNVQUlyHBwRwwgbnUAYn265BJlsqwQBAaedjgICEmMBAgsWmCTv/ofertasv/?filter[tourOperator]=ONHO&filter%5Bperson%5D=2&filter%5BchildAge%5D%5B1%5D=20201210&filter%5Bchild%5D=1"
"Lyttos Beach","12947.0","07.10.2026 - 14.10.2026","8 dni/7 nocy","","4.7","4.7","3129","tripadvisor","Kraków","2026-09-14T05:28:48.797095+00:00","https://fly.pl/oferta/grecja-wczasy/?filter[dest]=14:&filter[hotelids]=&filter[cityids]=&filter[cregids]=&filter[ofrType]=&filter[addObjType]=&filter[whenFrom]=14-09-2026&filter[whenTo]=14-10-2026&filter[duration]=7:10&filter[from]=&filter[person]=2&filter[child]=1&filter[price]=4000:20000&filter[PriceFrom]=4000&filter[PriceTo]=20000&filter[addCategory]=50&filter[addCatering]=1&filter[addMisc]=0&filter[addTransport]=F&filter[fp]=1&order_by=ofr_price&filter[tourOperator]=0&filter[childAge][1]=20201210","https://fly.pl/cdn/photo/assets/uploads/582/278/2014/08/Lyttos-Beach-fly-pl-1.jpg","https://fly.pl/wycieczka/grecja,kreta-wschodnia,analipsis/lyttos-beach/p2cS5f6AaY0dR9KLZulcDbAAogBSHRb1vtqan78_LIloUaD-TSphl5RLvYNefjhP_d-yIqBEVYSU0wmoye1QZIk2VQAViiBGACagJBSXIhHBHJxAarBLDSO7kEFhusiTwYg4E7AZXKw50LAgBjAQIMLt9oBA/ofertasv/?filter[tourOperator]=EXIM&filter%5Bperson%5D=2&filter%5BchildAge%5D%5B1%5D=20201210&filter%5Bchild%5D=1"
"Amada Colossos Resort (ex Louis Beach)","12957.0","05.10.2026 - 12.10.2026","8 dni/7 nocy","","4.4","4.4","2181","tripadvisor","Warszawa","2026-09-14T05:28:48.797095+00:00","https://fly.pl/oferta/grecja-wczasy/?filter[dest]=14:&filter[hotelids]=&filter[cityids]=&filter[cregids]=&filter[ofrType]=&filter[addObjType]=&filter[whenFrom]=14-09-2026&filter[whenTo]=14-10-2026&filter[duration]=7:10&filter[from]=&filter[person]=2&filter[child]=1&filter[price]=4000:20000&filter[PriceFrom]=4000&filter[PriceTo]=20000&filter[addCategory]=50&filter[addCatering]=1&filter[addMisc]=0&filter[addTransport]=F&filter[fp]=1&order_by=ofr_price&filter[tourOperator]=0&filter[childAge][1]=20201210","https://fly.pl/cdn/photo/assets/uploads/582/278/2015/06/Amada-Colossos-Resort.jpg","https://fly.pl/wycieczka/grecja,rodos,faliraki/louis-colossos-beach/p-21ZiuIK_QHXPZ2kT2WXVAAogRYh3P8WkcoKwrBtdgfY7dm8_Hp_6f41IE8L-a8hwNcEqBFZJVFgwmoye1QZInWVQQVjyA2ACckAaABUHFwBcA1gFQI8DW7-DAV6-fFKRE1MAS9wwYQBM7rQ5DZfVmAkgAFH_lZrt3gFPle83XZDeqYInAg1jAQIMF1jXiw/ofertasv/?filter[tourOperator]=VITX&filter%5Bperson%5D=2&filter%5BchildAge%5D%5B1%5D=20201210&filter%5Bchild%5D=1"
"Euphoria Resort","13006.0","07.10.2026 - 14.10.2026","8 dni/7 nocy","","4.5","4.5","1091","tripadvisor","Warszawa - Modlin","2026-09-14T05:28:48.797095+00:00","https://fly.pl/oferta/grecja-wczasy/?filter[dest]=14:&filter[hotelids]=&filter[cityids]=&filter[cregids]=&filter[ofrType]=&filter[addObjType]=&filter[whenFrom]=14-09-2026&filter[whenTo]=14-10-2026&filter[duration]=7:10&filter[from]=&filter[person]=2&filter[child]=1&filter[price]=4000:20000&filter[PriceFrom]=4000&filter[PriceTo]=20000&filter[addCategory]=50&filter[addCatering]=1&filter[addMisc]=0&filter[addTransport]=F&filter[fp]=1&order_by=ofr_price&filter[tourOperator]=0&filter[childAge][1]=20201210","https://fly.pl/cdn/photo/assets/uploads/582/278/2017/09/Euphoria-Resort.jpg","https://fly.pl/wycieczka/grecja,kreta-zachodnia,kolymvari/euphoria-resort/phG5PycqWzm3oNUBBZKk9vAAog_JCbhs3me1809-ABS0WG-VlpPhn1MYxAg-3xhi_rg7cqBEJWQkUwmoye1QZIzmVQAViiBGACagNVQUlyIhwRpbABG6yMPBjL8hGrBJ3sK7kE4QYBt-3YzgQCEmMBAgx4A-Kz/ofertasv/?filter[tourOperator]=BVBE&filter%5Bperson%5D=2&filter%5BchildAge%5D%5B1%5D=20201210&filter%5Bchild%5D=1"
"Fodele Beach & Water Park Holiday Resort","13076.0","04.10.2026 - 11.10.2026","8 dni/7 nocy","","4.5","4.5","1944","tripadvisor","Katowice","2026-09-14T05:28:48.797095+00:00","https://fly.pl/oferta/grecja-wczasy/?filter[dest]=14:&filter[hotelids]=&filter[cityids]=&filter[cregids]=&filter[ofrType]=&filter[addObjType]=&filter[whenFrom]=14-09-2026&filter[whenTo]=14-10-2026&filter[duration]=7:10&filter[from]=&filter[person]=2&filter[child]=1&filter[price]=4000:20000&filter[PriceFrom]=4000&filter[PriceTo]=20000&filter[addCategory]=50&filter[addCatering]=1&filter[addMisc]=0&filter[addTransport]=F&filter[fp]=1&order_by=ofr_price&filter[tourOperator]=0&filter[childAge][1]=20201210","https://fly.pl/cdn/photo/assets/uploads/582/278/2015/02/Fodele-Beach.jpg","https://fly.pl/wycieczka/grecja,kreta-wschodnia,fodele/fodele-beach/pImD2NBOkGd2ULK9sQpEBRAAog1ZDUvk7kUCp0_lkGLYTgTwAAAAC6pwQA1qcEAAcAAAAqBFdFWlkwmoye1QZIlGZQQVjaA2ADaglFbnRlciBBaXJqBDAzMDBqBDA2NTVyQZ4BkwGUAR8AHAECABYEFwIS1gQRsQUV3gQYmwFAmnFMgi9PAEvRIlAAHcb8ECAcG_OUMw3D7I4JARJjAQ1jAQIFgJCnwA/ofertasv/?filter[tourOperator]=WEZY&filter%5Bperson%5D=2&filter%5BchildAge%5D%5B1%5D=20201210&filter%5Bchild%5D=1"
"Kakkos Terra Blu","13108.0","27.09.2026 - 04.10.2026","8 dni/7 nocy","","4.0","4.0","431","tripadvisor","Katowice","2026-09-14T05:28:48.797095+00:00","https://fly.pl/oferta/grecja-wczasy/?filter[dest]=14:&filter[hotelids]=&filter[cityids]=&filter[cregids]=&filter[ofrType]=&filter[addObjType]=&filter[whenFrom]=14-09-2026&filter[whenTo]=14-10-2026&filter[duration]=7:10&filter[from]=&filter[person]=2&filter[child]=1&filter[price]=4000:20000&filter[PriceFrom]=4000&filter[PriceTo]=20000&filter[addCategory]=50&filter[addCatering]=1&filter[addMisc]=0&filter[addTransport]=F&filter[fp]=1&order_by=ofr_price&filter[tourOperator]=0&filter[childAge][1]=20201210","https://fly.pl/cdn/photo/assets/uploads/582/278/2015/04/Kakkos-Terra-Blu.jpg","https://fly.pl/wycieczka/grecja,kreta-wschodnia,ierapetra/arion-palace/pU7sbXtIhaLOWmahpSXwSRAAogFq9TxqqTqgaIiScvsi_mRUUpJbyh4bRg2u8oMCiJdB0qBEdSQ1Mwmoye1QZItGZQQViyAmACcjwVBxcAWAhWAlwCHZIEDxRAogJb5oUBUuIjUwBh0SJLAF6nMAHUi4YBDdDBzAggAFGDncmNjQEBEmMCAmMXKG8F/ofertasv/?filter[tourOperator]=GRCS&filter%5Bperson%5D=2&filter%5BchildAge%5D%5B1%5D=20201210&filter%5Bchild%5D=1"
"Zeus Eleva Mirabello Bay","13279.0","16.09.2026 - 24.09.2026","9 dni/7 nocy","","4.3","4.3","3767","tripadvisor","Katowice","2026-09-14T05:28:48.797095+00:00","https://fly.pl/oferta/grecja-wczasy/?filter[dest]=14:&filter[hotelids]=&filter[cityids]=&filter[cregids]=&filter[ofrType]=&filter[addObjType]=&filter[whenFrom]=14-09-2026&filter[whenTo]=14-10-2026&filter[duration]=7:10&filter[from]=&filter[person]=2&filter[child]=1&filter[price]=4000:20000&filter[PriceFrom]=4000&filter[PriceTo]=20000&filter[addCategory]=50&filter[addCatering]=1&filter[addMisc]=0&filter[addTransport]=F&filter[fp]=1&order_by=ofr_price&filter[tourOperator]=0&filter[childAge][1]=20201210","https://fly.pl/cdn/photo/assets/uploads/582/278/2015/04/Wyndham-Grand-Crete-Mirabello-Bay.jpg","https://fly.pl/wycieczka/grecja,kreta-wschodnia,agios-nikolaos/dessole-mirabello-beach-village-ex-iberostar/pq1nYcG7z5dWBOB9cCgIZMAAog8L0ZMZFH93Vvx6VtPCsEE_OTkMYHUY5I11Ph-z-I1c8qBEdSQ1Mwmoye1QZI32dQQVgqYANqAzA3MXJAjwEXCBUAWAdWAlwCHdsDQO0CW7iGAVOQI1IAS9EiXqcwYclIAZTHiQEgvL3ICA0AUYLCz42NAQESYwECYwECC_-Qi_0/ofertasv/?filter[tourOperator]=GRCS&filter%5Bperson%5D=2&filter%5BchildAge%5D%5B1%5D=20201210&filter%5Bchild%5D=1"
"Restia (Acharavi)","13323.0","06.10.2026 - 13.10.2026","8 dni/7 nocy","","4.8","4.8","738","tripadvisor","Warszawa - Modlin","2026-09-14T05:28:48.797095+00:00","https://fly.pl/oferta/grecja-wczasy/?filter[dest]=14:&filter[hotelids]=&filter[cityids]=&filter[cregids]=&filter[ofrType]=&filter[addObjType]=&filter[whenFrom]=14-09-2026&filter[whenTo]=14-10-2026&filter[duration]=7:10&filter[from]=&filter[person]=2&filter[child]=1&filter[price]=4000:20000&filter[PriceFrom]=4000&filter[PriceTo]=20000&filter[addCategory]=50&filter[addCatering]=1&filter[addMisc]=0&filter[addTransport]=F&filter[fp]=1&order_by=ofr_price&filter[tourOperator]=0&filter[childAge][1]=20201210","https://datacfstatic.merlinx.pl/OASI/IMG/21761/6289799b477bce1c35aff7afc763ec9ced2c0fb277b26d8750b4e0fcaaad1209.webp","https://fly.pl/wycieczka/grecja,korfu,acharavi/restia-suites-9/p8hCwvw0JeLzBB3FZE12-WAAogxEPH1XxDi0QNl9B2lDptnMkg_xszCdfygTTr5KVOrpYqBE9BU0kwmoye1QZIi2hQAViKBGACagNBSWxyIRwRgaoBuQSugw6rBAIb8J0MGIHDDgHU2pzvAQIAYwECC49J7lI/ofertasv/?filter[tourOperator]=OASI&filter%5Bperson%5D=2&filter%5BchildAge%5D%5B1%5D=20201210&filter%5Bchild%5D=1"
"Dimitra Beach Hotel & Suites","13331.0","06.10.2026 - 13.10.2026","8 dni/7 nocy","","4.5","4.5","4135","tripadvisor","Katowice","2026-09-14T05:28:48.797095+00:00","https://fly.pl/oferta/grecja-wczasy/?filter[dest]=14:&filter[hotelids]=&filter[cityids]=&filter[cregids]=&filter[ofrType]=&filter[addObjType]=&filter[whenFrom]=14-09-2026&filter[whenTo]=14-10-2026&filter[duration]=7:10&filter[from]=&filter[person]=2&filter[child]=1&filter[price]=4000:20000&filter[PriceFrom]=4000&filter[PriceTo]=20000&filter[addCategory]=50&filter[addCatering]=1&filter[addMisc]=0&filter[addTransport]=F&filter[fp]=1&order_by=ofr_price&filter[tourOperator]=0&filter[childAge][1]=20201210","https://fly.pl/cdn/photo/assets/uploads/582/278/2015/04/Dimitra-Beach-Hotel-Suites.jpg","https://fly.pl/wycieczka/grecja,kos,agios-fokas/dimitra-beach/pxCR92E4nmqKO1S6caLKNgAAogNBSd4JPVBWWlUGL_QjvCQYMfMFtgMqTpzoUJuvO9I4MqBEdSQ1MwoIye1QZIk2hQQViKBGADcj4XBxUAXANYBVYCHe4CD_MCQGlbj3FSsldTAGHYA0sAXqcwAfjRjgEN-_vDCCAAUfyl5vGlAQESYwECYwECDFKQr00/ofertasv/?filter[tourOperator]=GRCS&filter%5Bperson%5D=2&filter%5BchildAge%5D%5B1%5D=20201210&filter%5Bchild%5D=1"
"Kipriotis Panorama & Suites","13351.0","19.09.2026 - 26.09.2026","8 dni/7 nocy","","4.1","4.1","3372","tripadvisor","Gdańsk","2026-09-14T05:28:48.797095+00:00","https://fly.pl/oferta/grecja-wczasy/?filter[dest]=14:&filter[hotelids]=&filter[cityids]=&filter[cregids]=&filter[ofrType]=&filter[addObjType]=&filter[whenFrom]=14-09-2026&filter[whenTo]=14-10-2026&filter[duration]=7:10&filter[from]=&filter[person]=2&filter[child]=1&filter[price]=4000:20000&filter[PriceFrom]=4000&filter[PriceTo]=20000&filter[addCategory]=50&filter[addCatering]=1&filter[addMisc]=0&filter[addTransport]=F&filter[fp]=1&order_by=ofr_price&filter[tourOperator]=0&filter[childAge][1]=20201210","https://fly.pl/cdn/photo/assets/uploads/582/278/2016/11/Kipriotis-Panorama-Suites-fly-pl.jpg","https://fly.pl/wycieczka/grecja,kos,psalidi/kipriotis-panorama-suites/pD1qM3oODxBgk-BLWfYqhaAAog4Jd16zBKMmv7oaDj8Gd0yikjjxaK0p5RyYxmFCdTAhoqBFJOQlcwoIye1QZIp2hQQVhyYAJqBEJ3Y0RqDUFMTF9JTkNMVVNJVkVqFzI5NiwzODAsNDc3LDQ4Myw0ODQsNDg1cjqfAZYBngEVBxcAWAgKBEDEBxGAGhDIIxmrGUuhR2EAUrEpUwBMoAIdrO5BDzMgnJCRCQ0AAgxjAQIL8UM0cA/ofertasv/?filter[tourOperator]=RNBW&filter%5Bperson%5D=2&filter%5BchildAge%5D%5B1%5D=20201210&filter%5Bchild%5D=1"
"Cooks Club Corfu (ex Ionian Park)","13377.0","06.10.2026 - 13.10.2026","8 dni/7 nocy","","4.2","4.2","1218","tripadvisor","Warszawa - Modlin","2026-09-14T05:28:48.797095+00:00","https://fly.pl/oferta/grecja-wczasy/?filter[dest]=14:&filter[hotelids]=&filter[cityids]=&filter[cregids]=&filter[ofrType]=&filter[addObjType]=&filter[whenFrom]=14-09-2026&filter[whenTo]=14-10-2026&filter[duration]=7:10&filter[from]=&filter[person]=2&filter[child]=1&filter[price]=4000:20000&filter[PriceFrom]=4000&filter[PriceTo]=20000&filter[addCategory]=50&filter[addCatering]=1&filter[addMisc]=0&filter[addTransport]=F&filter[fp]=1&order_by=ofr_price&filter[tourOperator]=0&filter[childAge][1]=20201210","https://fly.pl/cdn/photo/assets/uploads/582/278/2015/12/Ionian-Park-Gouvia-fly-pl.jpg","https://fly.pl/wycieczka/grecja,korfu,gouvia/ionian-park-gouvia/pbGa3oYLDu-rBfc8SOzraWAAogHE78nJ-Li3kFMRzMFEk_ohfrGqi-knc6V19_93F9HYEqBEVYSU0woIye1QZIwWhQAViKBGABagJBSXIeHBHpuwa5BKr8QKsEIBvW7SwYveI2AYO3sJwLAwBjZ5LQNA/ofertasv/?filter[tourOperator]=EXIM&filter%5Bperson%5D=2&filter%5BchildAge%5D%5B1%5D=20201210&filter%5Bchild%5D=1"
"Costa Lindia Beach","13452.0","25.09.2026 - 03.10.2026","9 dni/7 nocy","","3.9","3.9","1558","tripadvisor","Warszawa","2026-09-14T05:28:48.797095+00:00","https://fly.pl/oferta/grecja-wczasy/?filter[dest]=14:&filter[hotelids]=&filter[cityids]=&filter[cregids]=&filter[ofrType]=&filter[addObjType]=&filter[whenFrom]=14-09-2026&filter[whenTo]=14-10-2026&filter[duration]=7:10&filter[from]=&filter[person]=2&filter[child]=1&filter[price]=4000:20000&filter[PriceFrom]=4000&filter[PriceTo]=20000&filter[addCategory]=50&filter[addCatering]=1&filter[addMisc]=0&filter[addTransport]=F&filter[fp]=1&order_by=ofr_price&filter[tourOperator]=0&filter[childAge][1]=20201210","https://fly.pl/cdn/photo/assets/uploads/582/278/2015/04/Costa-Lindia.jpg","https://fly.pl/wycieczka/grecja,rodos,lardos/costa-lindia-beach/p4_VE2dtnlEFDeijc8WI3hAAogXWPLh7FDq202Q1MgeFDX-24XdzSsXvZdkikF4_PzcswqBFJOQlcwoIye1QZIjGlQQViCAmACagRCd2NEag1BTExfSU5DTFVTSVZFahcyOTYsMzgwLDQ3Nyw0ODMsNDg0LDQ4NWoTNDAyLDQwNiw0NzMsNDk3LDQ5OXI-nwGWAZ4BlAEVBxcBWAcKBEDEBxH9GRCCHBnWIUz0tQFTjAFSAEvcMGEAD9GCQB2dAyDHg5IJDQACDGMBAgsYSnQ6/ofertasv/?filter[tourOperator]=RNBW&filter%5Bperson%5D=2&filter%5BchildAge%5D%5B1%5D=20201210&filter%5Bchild%5D=1"
"Atlantica Caldera Palace Resort & Spa (ex Atlantica Sensatori)","13576.0","27.09.2026 - 04.10.2026","8 dni/7 nocy","","4.3","4.3","6165","tripadvisor","Poznań","2026-09-14T05:28:48.797095+00:00","https://fly.pl/oferta/grecja-wczasy/?filter[dest]=14:&filter[hotelids]=&filter[cityids]=&filter[cregids]=&filter[ofrType]=&filter[addObjType]=&filter[whenFrom]=14-09-2026&filter[whenTo]=14-10-2026&filter[duration]=7:10&filter[from]=&filter[person]=2&filter[child]=1&filter[price]=4000:20000&filter[PriceFrom]=4000&filter[PriceTo]=20000&filter[addCategory]=50&filter[addCatering]=1&filter[addMisc]=0&filter[addTransport]=F&filter[fp]=1&order_by=ofr_price&filter[tourOperator]=0&filter[childAge][1]=20201210","https://fly.pl/cdn/photo/assets/uploads/582/278/2024/07/atlantica-caldera-palace-resort-spa-ex-atlantica-sensatori.jpg","https://fly.pl/wycieczka/grecja,kreta-wschodnia,analipsis/atlantica-caldera-palace-resort-spa-ex-atlantica-sensatori-14/paD5h36sSTRLi7_AnRd-lOAAogjCRhWK2Y1uq5q9J_OYewXwAAAADnvwQA7L8EAAcAAAAqBFdFWlkwoIye1QZIiGpQQViyAmADagtSeWFuYWlyIFN1bmoEMDY1MGoEMDg0NXJBngGVAZgBHwACARwAFgQXAhK5BROoAhTjAkDWdkyCL08AEY40S-IfUAAb8bIBHePIDyAFDdPQwQkBEmMBDGMBAgtiSMsI/ofertasv/?filter[tourOperator]=WEZY&filter%5Bperson%5D=2&filter%5BchildAge%5D%5B1%5D=20201210&filter%5Bchild%5D=1"
"Dreams Corfu Resort & Spa (ex Louis Corcyra Beach)","13584.0","07.10.2026 - 14.10.2026","8 dni/7 nocy","","4.4","4.4","1481","tripadvisor","Warszawa - Modlin","2026-09-14T05:28:48.797095+00:00","https://fly.pl/oferta/grecja-wczasy/?filter[dest]=14:&filter[hotelids]=&filter[cityids]=&filter[cregids]=&filter[ofrType]=&filter[addObjType]=&filter[whenFrom]=14-09-2026&filter[whenTo]=14-10-2026&filter[duration]=7:10&filter[from]=&filter[person]=2&filter[child]=1&filter[price]=4000:20000&filter[PriceFrom]=4000&filter[PriceTo]=20000&filter[addCategory]=50&filter[addCatering]=1&filter[addMisc]=0&filter[addTransport]=F&filter[fp]=1&order_by=ofr_price&filter[tourOperator]=0&filter[childAge][1]=20201210","https://fly.pl/cdn/photo/assets/uploads/582/278/2010/01/Louis-Corcyra-Beach197.jpg","https://fly.pl/wycieczka/grecja,korfu,gouvia/louis-corcyra-beach/pUJzczS5qMlqQEliwwcUVDAAogo7CQ0ickQLfRb23MEudLevhSmbv-wR1aTMt5tISzWIEqBEVDQ1gwoIye1QZIkGpQAViiBGACagJBSXIfHBGnK6sEg4gXuQQtGJuDKxuLEwHvmrPtAQIAYwECDKOOaaM/ofertasv/?filter[tourOperator]=ECCX&filter%5Bperson%5D=2&filter%5BchildAge%5D%5B1%5D=20201210&filter%5Bchild%5D=1"
"Blue Lagoon Princess","13644.0","05.10.2026 - 12.10.2026","8 dni/7 nocy","","4.2","4.2","1608","tripadvisor","Warszawa","2026-09-14T05:28:48.797095+00:00","https://fly.pl/oferta/grecja-wczasy/?filter[dest]=14:&filter[hotelids]=&filter[cityids]=&filter[cregids]=&filter[ofrType]=&filter[addObjType]=&filter[whenFrom]=14-09-2026&filter[whenTo]=14-10-2026&filter[duration]=7:10&filter[from]=&filter[person]=2&filter[child]=1&filter[price]=4000:20000&filter[PriceFrom]=4000&filter[PriceTo]=20000&filter[addCategory]=50&filter[addCatering]=1&filter[addMisc]=0&filter[addTransport]=F&filter[fp]=1&order_by=ofr_price&filter[tourOperator]=0&filter[childAge][1]=20201210","https://fly.pl/cdn/photo/assets/uploads/582/278/2015/06/Blue-Lagoon-Princess-1.jpg","https://fly.pl/wycieczka/grecja,chalkidiki,kalives-poligirou/blue-lagoon-princess/pYN3YoT5m8buEWX1A09XQUAAogjSdRsUO6eTUizYlMmui_ORzIzQzXuZgZAvl7Lcv--z8qBEJWUFIwoIye1QZIzGpQAVjyA2ACag1BbGwgaW5jbHVzaXZlciEcEaxJG-uXBBimpA2rBIOIFbkE4AEBgbmRwAECAGMBAgxFYAxk/ofertasv/?filter[tourOperator]=BVPR&filter%5Bperson%5D=2&filter%5BchildAge%5D%5B1%5D=20201210&filter%5Bchild%5D=1"
"Porto Platanias Beach (Chania)","13737.0","25.09.2026 - 02.10.2026","8 dni/7 nocy","","3.9","3.9","1622","tripadvisor","Warszawa","2026-09-14T05:28:48.797095+00:00","https://fly.pl/oferta/grecja-wczasy/?filter[dest]=14:&filter[hotelids]=&filter[cityids]=&filter[cregids]=&filter[ofrType]=&filter[addObjType]=&filter[whenFrom]=14-09-2026&filter[whenTo]=14-10-2026&filter[duration]=7:10&filter[from]=&filter[person]=2&filter[child]=1&filter[price]=4000:20000&filter[PriceFrom]=4000&filter[PriceTo]=20000&filter[addCategory]=50&filter[addCatering]=1&filter[addMisc]=0&filter[addTransport]=F&filter[fp]=1&order_by=ofr_price&filter[tourOperator]=0&filter[childAge][1]=20201210","https://fly.pl/cdn/photo/assets/uploads/582/278/2014/07/Porto-Platanias-Beach-Resort-Spa.jpg","https://fly.pl/wycieczka/grecja,kreta-zachodnia,platanias/porto-platanias-beach/pnYJT3f94erA2bdmsnUGRUAAogsZ6uURDDIR5LUII3FlR8IyUQ9BJZxucjh_ngHppNMLwqBEVYSU0woIye1QZIqWtQAViCAmACagJBSXIhHBHPpAarBKD4O7kEFhueyjEY1uw1AamVwf0IAhJjAQIMQR3Oxg/ofertasv/?filter[tourOperator]=EXIM&filter%5Bperson%5D=2&filter%5BchildAge%5D%5B1%5D=20201210&filter%5Bchild%5D=1"
"Atlantica Ocean Beach Resort (ex. Creta Princess by Atlantica)","13805.0","05.10.2026 - 12.10.2026","8 dni/7 nocy","","4.3","4.3","2923","tripadvisor","Warszawa","2026-09-14T05:28:48.797095+00:00","https://fly.pl/oferta/grecja-wczasy/?filter[dest]=14:&filter[hotelids]=&filter[cityids]=&filter[cregids]=&filter[ofrType]=&filter[addObjType]=&filter[whenFrom]=14-09-2026&filter[whenTo]=14-10-2026&filter[duration]=7:10&filter[from]=&filter[person]=2&filter[child]=1&filter[price]=4000:20000&filter[PriceFrom]=4000&filter[PriceTo]=20000&filter[addCategory]=50&filter[addCatering]=1&filter[addMisc]=0&filter[addTransport]=F&filter[fp]=1&order_by=ofr_price&filter[tourOperator]=0&filter[childAge][1]=20201210","https://fly.pl/cdn/photo/assets/uploads/582/278/2014/09/Louis-Creta-Princess-fly-pl.jpg","https://fly.pl/wycieczka/grecja,kreta-zachodnia,maleme/louis-creta-princess/pYceBOZbc25sRy2vldZc_SAAogyHFynP3FZaqDISX3BUoaEPG6Y5AGV0QCjIEy6z32KxoqBEVDQ1gwoIye1QZI7WtQAVjyA2ACagJBSXIgHBHdJ6sEjPAXuQQqGNfHIhvGswcBksv78wECEmMBAgv-MGTo/ofertasv/?filter[tourOperator]=ECCX&filter%5Bperson%5D=2&filter%5BchildAge%5D%5B1%5D=20201210&filter%5Bchild%5D=1"
"King Minos Retreat (ex. King Minos Palace)","13806.0","07.10.2026 - 14.10.2026","8 dni/7 nocy","","4.5","4.5","1133","tripadvisor","Katowice","2026-09-14T05:28:48.797095+00:00","https://fly.pl/oferta/grecja-wczasy/?filter[dest]=14:&filter[hotelids]=&filter[cityids]=&filter[cregids]=&filter[ofrType]=&filter[addObjType]=&filter[whenFrom]=14-09-2026&filter[whenTo]=14-10-2026&filter[duration]=7:10&filter[from]=&filter[person]=2&filter[child]=1&filter[price]=4000:20000&filter[PriceFrom]=4000&filter[PriceTo]=20000&filter[addCategory]=50&filter[addCatering]=1&filter[addMisc]=0&filter[addTransport]=F&filter[fp]=1&order_by=ofr_price&filter[tourOperator]=0&filter[childAge][1]=20201210","https://fly.pl/cdn/photo/assets/uploads/582/278/2015/04/King-Minos-Palace-fly-pl-1.jpg","https://fly.pl/wycieczka/grecja,kreta,hersonissos/king-minos-palace/p1qvSJTLOcsh6NKkmhnkhxAAogxOoc0k5RjTs-bKgxLY_5pgAAAAACpgQAGKYEAAcAAAAqBFdFWlkwoIye1QZI7mtQQViiBGADaglFbnRlciBBaXJqBDAyMDVqBDA2MDVyQZ4BkwGUAR8AAgEcABYGFwAS1gQVpQYYwwER7ilA7kpMgi9PAEvRIlAAHY75ECAWG6qbMw3N6Y4JARJjAQ1jAQIMX2aanw/ofertasv/?filter[tourOperator]=WEZY&filter%5Bperson%5D=2&filter%5BchildAge%5D%5B1%5D=20201210&filter%5Bchild%5D=1"
"Georgioupolis Resort & Aqua Park","13863.0","02.10.2026 - 09.10.2026","8 dni/7 nocy","","4.2","4.2","389","tripadvisor","Warszawa","2026-09-14T05:28:48.797095+00:00","https://fly.pl/oferta/grecja-wczasy/?filter[dest]=14:&filter[hotelids]=&filter[cityids]=&filter[cregids]=&filter[ofrType]=&filter[addObjType]=&filter[whenFrom]=14-09-2026&filter[whenTo]=14-10-2026&filter[duration]=7:10&filter[from]=&filter[person]=2&filter[child]=1&filter[price]=4000:20000&filter[PriceFrom]=4000&filter[PriceTo]=20000&filter[addCategory]=50&filter[addCatering]=1&filter[addMisc]=0&filter[addTransport]=F&filter[fp]=1&order_by=ofr_price&filter[tourOperator]=0&filter[childAge][1]=20201210","https://fly.pl/cdn/photo/assets/uploads/582/278/2010/04/Georgioupolis-Resort2457.jpg","https://fly.pl/wycieczka/grecja,kreta-zachodnia,georgioupolis/georgioupolis-resort/pk1T9Tdk7c7n_9AmLWuqPRAAog0bCEXPtVaFmOhRukcIEbzel6wvNP19gHDcRiyjR1oRIqBEVDQ1gwoIye1QZIp2xQAViqA2ADagJBSXIjHBHLSbkEm84XqwQsGJvsJxvC50IB6d7C8wEBEmMBAGMBAg5QFsx9/ofertasv/?filter[tourOperator]=ECCX&filter%5Bperson%5D=2&filter%5BchildAge%5D%5B1%5D=20201210&filter%5Bchild%5D=1"
"High Beach","13877.0","07.10.2026 - 14.10.2026","8 dni/7 nocy","","4.5","4.5","1188","tripadvisor","Kraków","2026-09-14T05:28:48.797095+00:00","https://fly.pl/oferta/grecja-wczasy/?filter[dest]=14:&filter[hotelids]=&filter[cityids]=&filter[cregids]=&filter[ofrType]=&filter[addObjType]=&filter[whenFrom]=14-09-2026&filter[whenTo]=14-10-2026&filter[duration]=7:10&filter[from]=&filter[person]=2&filter[child]=1&filter[price]=4000:20000&filter[PriceFrom]=4000&filter[PriceTo]=20000&filter[addCategory]=50&filter[addCatering]=1&filter[addMisc]=0&filter[addTransport]=F&filter[fp]=1&order_by=ofr_price&filter[tourOperator]=0&filter[childAge][1]=20201210","https://fly.pl/cdn/photo/assets/uploads/582/278/2014/07/High-Beach-1.jpg","https://fly.pl/wycieczka/grecja,kreta-wschodnia,malia/high-beach/puOMr7YXrxVUtckmyBOugDAAogbhWO9co76vTNImzI0FAJ94PMZTVett36fjNE0W-Rvl4qBEJWQkUwoIye1QZItWxQAViiBGACagJBSXIhHBGaoAEb56g7GO61FqsEoZ4ouQQXAa3un5cDAhJjAQILi_FjJw/ofertasv/?filter[tourOperator]=BVBE&filter%5Bperson%5D=2&filter%5BchildAge%5D%5B1%5D=20201210&filter%5Bchild%5D=1"
"Porto Carras Meliton","13947.0","26.09.2026 - 03.10.2026","8 dni/7 nocy","","4.3","4.3","2988","tripadvisor","Kraków","2026-09-14T05:28:48.797095+00:00","https://fly.pl/oferta/grecja-wczasy/?filter[dest]=14:&filter[hotelids]=&filter[cityids]=&filter[cregids]=&filter[ofrType]=&filter[addObjType]=&filter[whenFrom]=14-09-2026&filter[whenTo]=14-10-2026&filter[duration]=7:10&filter[from]=&filter[person]=2&filter[child]=1&filter[price]=4000:20000&filter[PriceFrom]=4000&filter[PriceTo]=20000&filter[addCategory]=50&filter[addCatering]=1&filter[addMisc]=0&filter[addTransport]=F&filter[fp]=1&order_by=ofr_price&filter[tourOperator]=0&filter[childAge][1]=20201210","https://fly.pl/cdn/photo/assets/uploads/582/278/2015/05/Porto-Carras-Grand-Meliton-fly-pl.jpg","https://fly.pl/wycieczka/grecja,chalkidiki,limani-karra/porto-carras-grand-meliton/pywZRD6cBQG_xWhIKWiY5ZAAogBK86-dUcEdN8WI6t29qqdCcPY65P7Lj8s4gGe_T71ZoqBFZJVFgwoIye1QZI-2xQQViaAmACagxLUktTS0dEUDcwMTZqDFNLR0tSS0RQNzAxNnI6nQGPARoAFwcVAFwDWAVAjwNbv4MBS8NLYQBe-zBShR5TAEz2ihINqKTACSAAUcnyoMvnAQIMYwEDC-KN2M8/ofertasv/?filter[tourOperator]=VITX&filter%5Bperson%5D=2&filter%5BchildAge%5D%5B1%5D=20201210&filter%5Bchild%5D=1"
"Helea Lifestyle Beach Resort","14027.0","07.10.2026 - 14.10.2026","8 dni/7 nocy","","4.4","4.4","2649","tripadvisor","Kraków","2026-09-14T05:28:48.797095+00:00","https://fly.pl/oferta/grecja-wczasy/?filter[dest]=14:&filter[hotelids]=&filter[cityids]=&filter[cregids]=&filter[ofrType]=&filter[addObjType]=&filter[whenFrom]=14-09-2026&filter[whenTo]=14-10-2026&filter[duration]=7:10&filter[from]=&filter[person]=2&filter[child]=1&filter[price]=4000:20000&filter[PriceFrom]=4000&filter[PriceTo]=20000&filter[addCategory]=50&filter[addCatering]=1&filter[addMisc]=0&filter[addTransport]=F&filter[fp]=1&order_by=ofr_price&filter[tourOperator]=0&filter[childAge][1]=20201210","https://fly.pl/cdn/photo/assets/uploads/582/278/2015/09/Helea-Family-Beach-Resort.jpg","https://fly.pl/wycieczka/grecja,rodos,koskinou/aldemar-amilia-mare/prt_o30GTz5ST1yoUDMUPDAAogHnTnBQ2dnNBVX_-Y5h8M0XC2dRAKjZic4GJVxQi7o6AqBEVYSU0woIye1QZIy21QAViiBGACagJBSXIhHBG5xwa5BK3tQKsEIBuH1zcYr-Q7Ac7o4psLAgBjAQIL-eVPhg/ofertasv/?filter[tourOperator]=EXIM&filter%5Bperson%5D=2&filter%5BchildAge%5D%5B1%5D=20201210&filter%5Bchild%5D=1"
"Mitsis Faliraki","14164.0","05.10.2026 - 12.10.2026","9 dni/7 nocy","","4.6","4.6","3358","tripadvisor","Wrocław","2026-09-14T05:28:48.797095+00:00","https://fly.pl/oferta/grecja-wczasy/?filter[dest]=14:&filter[hotelids]=&filter[cityids]=&filter[cregids]=&filter[ofrType]=&filter[addObjType]=&filter[whenFrom]=14-09-2026&filter[whenTo]=14-10-2026&filter[duration]=7:10&filter[from]=&filter[person]=2&filter[child]=1&filter[price]=4000:20000&filter[PriceFrom]=4000&filter[PriceTo]=20000&filter[addCategory]=50&filter[addCatering]=1&filter[addMisc]=0&filter[addTransport]=F&filter[fp]=1&order_by=ofr_price&filter[tourOperator]=0&filter[childAge][1]=20201210","https://fly.pl/cdn/photo/assets/uploads/582/278/2015/04/Hotel-Mitsis-Faliraki.jpg","https://fly.pl/wycieczka/grecja,rodos,faliraki/mitsis-faliraki-beach/poEAvrcT3fkvyYPvzliW-YAAogUoxF0TTtshlh8MPM61Swm092int4ZV66IpvpGh-2oikqBEdSQ1MwoIye1QZI1G5QQVjyA2ADcj8VBxcBWAdWAlwCHY8CDxZAowRbloABXqp8UpETUwBhuDVLAAHn7oABDcKW0QggAFHZzaHt3gEBEmMBAmMBAguZJ-rJ/ofertasv/?filter[tourOperator]=GRCS&filter%5Bperson%5D=2&filter%5BchildAge%5D%5B1%5D=20201210&filter%5Bchild%5D=1"
"Valmar Corfu","14228.0","30.09.2026 - 07.10.2026","8 dni/7 nocy","","4.3","4.3","430","tripadvisor","Wrocław","2026-09-14T05:28:48.797095+00:00","https://fly.pl/oferta/grecja-wczasy/?filter[dest]=14:&filter[hotelids]=&filter[cityids]=&filter[cregids]=&filter[ofrType]=&filter[addObjType]=&filter[whenFrom]=14-09-2026&filter[whenTo]=14-10-2026&filter[duration]=7:10&filter[from]=&filter[person]=2&filter[child]=1&filter[price]=4000:20000&filter[PriceFrom]=4000&filter[PriceTo]=20000&filter[addCategory]=50&filter[addCatering]=1&filter[addMisc]=0&filter[addTransport]=F&filter[fp]=1&order_by=ofr_price&filter[tourOperator]=0&filter[childAge][1]=20201210","https://datacfstatic.merlinx.pl/RNBW/IMG/7408/3e43be1ad845732cfa28c3816395cac6211cd80ca3798bbcf429a0c86a43db9c.webp","https://fly.pl/wycieczka/grecja,korfu,agios-ioannis-peristeron/valmar-corfu-9/pg1-O5RJcIHSF3zUmPwUyWAAogCtfRTJ_dEq07R59IM5hgIYrunnHXGeQQhaR2azNzh-QqBFJOQlcwoIye1QZIlG9QQVj6AmACagRCd2NEag1BTExfSU5DTFVTSVZFahcyOTYsMzgwLDQ3Nyw0ODMsNDg0LDQ4NXI8nwGWAZ4BFQcXAFgICgRAxAcRmTIZwSVTyR5SABDhTUyfA0vqfGEAHZSzQA_F6AMghemNCQ0AAgxjAQIL0tx0zg/ofertasv/?filter[tourOperator]=RNBW&filter%5Bperson%5D=2&filter%5BchildAge%5D%5B1%5D=20201210&filter%5Bchild%5D=1"
"Mitsis Selection Blue Domes","14279.0","03.10.2026 - 10.10.2026","8 dni/7 nocy","","4.4","4.4","6840","tripadvisor","Gdańsk","2026-09-14T05:28:48.797095+00:00","https://fly.pl/oferta/grecja-wczasy/?filter[dest]=14:&filter[hotelids]=&filter[cityids]=&filter[cregids]=&filter[ofrType]=&filter[addObjType]=&filter[whenFrom]=14-09-2026&filter[whenTo]=14-10-2026&filter[duration]=7:10&filter[from]=&filter[person]=2&filter[child]=1&filter[price]=4000:20000&filter[PriceFrom]=4000&filter[PriceTo]=20000&filter[addCategory]=50&filter[addCatering]=1&filter[addMisc]=0&filter[addTransport]=F&filter[fp]=1&order_by=ofr_price&filter[tourOperator]=0&filter[childAge][1]=20201210","https://fly.pl/cdn/photo/assets/uploads/582/278/2014/09/Mitsis-Blue-Domes-Exclusive-Resort-Spa-fly-pl.jpg","https://fly.pl/wycieczka/grecja,kos,kardamaina/mitsis-blue-domes-resort/pZ6JNxnDa2P-ebDyeS7mGqAAogcmjbDHXEzRE84NldidGXUtC-u8R8e_4Gzwm1brTSuRAqBEdSQ1MwoIye1QZIx29QQVjCA2ADcj0VBxcAWAhWAlwCHe0ED3dAZFukcWHsLUsAUrEpUwBe_zMB55aJAQ2Jt8kIIABR8ejg8aUBARJjAQJjAQIL4eFh0g/ofertasv/?filter[tourOperator]=GRCS&filter%5Bperson%5D=2&filter%5BchildAge%5D%5B1%5D=20201210&filter%5Bchild%5D=1"
"Mitsis Selection Laguna","14497.0","30.09.2026 - 08.10.2026","9 dni/7 nocy","","4.6","4.6","5375","tripadvisor","Poznań","2026-09-14T05:28:48.797095+00:00","https://fly.pl/oferta/grecja-wczasy/?filter[dest]=14:&filter[hotelids]=&filter[cityids]=&filter[cregids]=&filter[ofrType]=&filter[addObjType]=&filter[whenFrom]=14-09-2026&filter[whenTo]=14-10-2026&filter[duration]=7:10&filter[from]=&filter[person]=2&filter[child]=1&filter[price]=4000:20000&filter[PriceFrom]=4000&filter[PriceTo]=20000&filter[addCategory]=50&filter[addCatering]=1&filter[addMisc]=0&filter[addTransport]=F&filter[fp]=1&order_by=ofr_price&filter[tourOperator]=0&filter[childAge][1]=20201210","https://fly.pl/cdn/photo/assets/uploads/582/278/2014/07/Mitsis-Laguna-Resort-Spa-fly-pl.jpg","https://fly.pl/wycieczka/grecja,kreta-wschodnia,anissaras/mitsis-laguna-resort-spa/pwjYIEjc1x01Q-bdyxHV5IAAogF6IVOoWXvkYcu4ELE4BWp_afvgWcZN_oTmdHX69lffcqBEdSQ1MwoIye1QZIoXFQQVj6AmADcj0VBxcBWAdWAlwCD9wDHZUCQFdbpHFSpDhTAF74UmF4SwABmIuIAQ2XwcoIIEdRtYXMjY0BARJjAQJjAQILdEu-Yg/ofertasv/?filter[tourOperator]=GRCS&filter%5Bperson%5D=2&filter%5BchildAge%5D%5B1%5D=20201210&filter%5Bchild%5D=1"
"Pilot Beach Resort","14597.0","07.10.2026 - 14.10.2026","8 dni/7 nocy","","4.5","4.5","1188","tripadvisor","Warszawa - Modlin","2026-09-14T05:28:48.797095+00:00","https://fly.pl/oferta/grecja-wczasy/?filter[dest]=14:&filter[hotelids]=&filter[cityids]=&filter[cregids]=&filter[ofrType]=&filter[addObjType]=&filter[whenFrom]=14-09-2026&filter[whenTo]=14-10-2026&filter[duration]=7:10&filter[from]=&filter[person]=2&filter[child]=1&filter[price]=4000:20000&filter[PriceFrom]=4000&filter[PriceTo]=20000&filter[addCategory]=50&filter[addCatering]=1&filter[addMisc]=0&filter[addTransport]=F&filter[fp]=1&order_by=ofr_price&filter[tourOperator]=0&filter[childAge][1]=20201210","https://fly.pl/cdn/photo/assets/uploads/582/278/2015/04/Pilot-Beach-Resort.jpg","https://fly.pl/wycieczka/grecja,kreta-zachodnia,georgioupolis/pilot-beach-resort/pbsxg5YSi5cTilSlnYuNhOAAog46QRYO4Op_9zTSkXflCqekDIWrtVbaUEByVQestirPoqBEVYSU0woIye1QZIhXJQAViiBGACagJBSXIhHBHoowarBLyfQbkEXhuanTAYgutAAemmjKELAhJjAQINakOj_w/ofertasv/?filter[tourOperator]=EXIM&filter%5Bperson%5D=2&filter%5BchildAge%5D%5B1%5D=20201210&filter%5Bchild%5D=1"
"Avra Imperial Beach Resort & Spa","14747.0","07.10.2026 - 14.10.2026","8 dni/7 nocy","","4.5","4.5","2387","tripadvisor","Warszawa - Modlin","2026-09-14T05:28:48.797095+00:00","https://fly.pl/oferta/grecja-wczasy/?filter[dest]=14:&filter[hotelids]=&filter[cityids]=&filter[cregids]=&filter[ofrType]=&filter[addObjType]=&filter[whenFrom]=14-09-2026&filter[whenTo]=14-10-2026&filter[duration]=7:10&filter[from]=&filter[person]=2&filter[child]=1&filter[price]=4000:20000&filter[PriceFrom]=4000&filter[PriceTo]=20000&filter[addCategory]=50&filter[addCatering]=1&filter[addMisc]=0&filter[addTransport]=F&filter[fp]=1&order_by=ofr_price&filter[tourOperator]=0&filter[childAge][1]=20201210","https://fly.pl/cdn/photo/assets/uploads/582/278/2015/04/Avra-Imperial.jpg","https://fly.pl/wycieczka/grecja,kreta-zachodnia,kolymvari/avra-imperial-beach-resort-spa/pdxICgaLAFkPqucTlEZfLuAAogIvHzPAZDGKGmHFx_7LAqnUDIWrtVbaUEByVQestirPoqBEVYSU0woIye1QZIm3NQAViiBGACagJBSXIhHBHnyAarBL36QLkEXhvdrjgY1rs8AdvGvp4LAgBjAQIMgKawvQ/ofertasv/?filter[tourOperator]=EXIM&filter%5Bperson%5D=2&filter%5BchildAge%5D%5B1%5D=20201210&filter%5Bchild%5D=1"
"Anemos Luxury Grand Resort","14834.0","01.10.2026 - 08.10.2026","8 dni/7 nocy","","4.7","4.7","2672","tripadvisor","Kraków","2026-09-14T05:28:48.797095+00:00","https://fly.pl/oferta/grecja-wczasy/?filter[dest]=14:&filter[hotelids]=&filter[cityids]=&filter[cregids]=&filter[ofrType]=&filter[addObjType]=&filter[whenFrom]=14-09-2026&filter[whenTo]=14-10-2026&filter[duration]=7:10&filter[from]=&filter[person]=2&filter[child]=1&filter[price]=4000:20000&filter[PriceFrom]=4000&filter[PriceTo]=20000&filter[addCategory]=50&filter[addCatering]=1&filter[addMisc]=0&filter[addTransport]=F&filter[fp]=1&order_by=ofr_price&filter[tourOperator]=0&filter[childAge][1]=20201210","https://fly.pl/cdn/photo/assets/uploads/582/278/2016/10/Anemos-Luxury-Grand-Resort-fly-pl-2.jpg","https://fly.pl/wycieczka/grecja,kreta-zachodnia,georgioupolis/anemos-luxury-grand-resort/p0bguLZF5m3CgCicPo7MZlAAogmbgGfKKyBZuKkF62P0S21raUyLdteGuGSLXHtIe484UqBEJWUFIwoIye1QZI8nNQAViSA2ACahNBbGwgaW5jbHVzaXZlIFVsdHJhciAcEew8G7OzBBjyqw25BLqVFKsEHAG-md_CAQISYwEDDC7TWUw/ofertasv/?filter[tourOperator]=BVPR&filter%5Bperson%5D=2&filter%5BchildAge%5D%5B1%5D=20201210&filter%5Bchild%5D=1"
"Rocrita Lifestyle Resort (ex. Aldiana Kreta)","15057.0","30.09.2026 - 07.10.2026","8 dni/7 nocy","","","","","","Katowice","2026-09-14T05:28:48.797095+00:00","https://fly.pl/oferta/grecja-wczasy/?filter[dest]=14:&filter[hotelids]=&filter[cityids]=&filter[cregids]=&filter[ofrType]=&filter[addObjType]=&filter[whenFrom]=14-09-2026&filter[whenTo]=14-10-2026&filter[duration]=7:10&filter[from]=&filter[person]=2&filter[child]=1&filter[price]=4000:20000&filter[PriceFrom]=4000&filter[PriceTo]=20000&filter[addCategory]=50&filter[addCatering]=1&filter[addMisc]=0&filter[addTransport]=F&filter[fp]=1&order_by=ofr_price&filter[tourOperator]=0&filter[childAge][1]=20201210","https://datacfstatic.merlinx.pl/ITAK/IMG/HERROCR/50e3ed2b7887779659ab9edb8a60fe4e22d6224051631dd599cc066d2824c635.webp","https://fly.pl/wycieczka/grecja,kreta-wschodnia,sitia/aldiana-kreta/p9pIoiwbRsdi7n8tte2b2GAAogsgrjZtRUiK_d9ildGQ4HOPItLA4jFfED9OGQAGBJtSEqBFZJVFgwoIye1QZI0XVQQVj6AmACckAaABUHFwBcA1gFQI8DU4WtAVIAW4AYYdEKSwBepzBM_Pg5DavUmAkgAE-Q3sqNjQFRub8TXePDlt4bAgxjAQILvuDKYA/ofertasv/?filter[tourOperator]=VITX&filter%5Bperson%5D=2&filter%5BchildAge%5D%5B1%5D=20201210&filter%5Bchild%5D=1"
"Portes Lithos Luxury Resort","15067.0","29.09.2026 - 06.10.2026","8 dni/7 nocy","","4.8","4.8","483","tripadvisor","Warszawa - Modlin","2026-09-14T05:28:48.797095+00:00","https://fly.pl/oferta/grecja-wczasy/?filter[dest]=14:&filter[hotelids]=&filter[cityids]=&filter[cregids]=&filter[ofrType]=&filter[addObjType]=&filter[whenFrom]=14-09-2026&filter[whenTo]=14-10-2026&filter[duration]=7:10&filter[from]=&filter[person]=2&filter[child]=1&filter[price]=4000:20000&filter[PriceFrom]=4000&filter[PriceTo]=20000&filter[addCategory]=50&filter[addCatering]=1&filter[addMisc]=0&filter[addTransport]=F&filter[fp]=1&order_by=ofr_price&filter[tourOperator]=0&filter[childAge][1]=20201210","https://fly.pl/cdn/photo/assets/uploads/582/278/2019/04/Portes-Lithos-Luxury-Resort-fly-pl-1.jpg","https://fly.pl/wycieczka/grecja,chalkidiki,nea-poteidaia/portes-lithos-luxury-resort/p9itq0TjKf5XlqQVX52-SqAAogxXJkCWR14thTYc2quUXIsrW_bR-oMZSLhyFGrHa0-JcqBEVYSU0woIye1QZI23VQAVjiAmACagNVQUlyIRwRr44GqwSRoUG5BB8bvL4sGLv0NQHf94P_CAISYwECCzhxjfQ/ofertasv/?filter[tourOperator]=EXIM&filter%5Bperson%5D=2&filter%5BchildAge%5D%5B1%5D=20201210&filter%5Bchild%5D=1"
"Aquila Porto Rethymno","15403.0","01.10.2026 - 08.10.2026","8 dni/7 nocy","","4.4","4.4","2366","tripadvisor","Kraków","2026-09-14T05:28:48.797095+00:00","https://fly.pl/oferta/grecja-wczasy/?filter[dest]=14:&filter[hotelids]=&filter[cityids]=&filter[cregids]=&filter[ofrType]=&filter[addObjType]=&filter[whenFrom]=14-09-2026&filter[whenTo]=14-10-2026&filter[duration]=7:10&filter[from]=&filter[person]=2&filter[child]=1&filter[price]=4000:20000&filter[PriceFrom]=4000&filter[PriceTo]=20000&filter[addCategory]=50&filter[addCatering]=1&filter[addMisc]=0&filter[addTransport]=F&filter[fp]=1&order_by=ofr_price&filter[tourOperator]=0&filter[childAge][1]=20201210","https://fly.pl/cdn/photo/assets/uploads/582/278/2015/04/Aquila-Porto-Rethymno.jpg","https://fly.pl/wycieczka/grecja,kreta-zachodnia,rethymnon/aquila-porto-rethymno/pFBQNFgVY2MYjLCRrAdhv0AAogL-1GYgW-utlCgHiPcXXD_Y4aWEt2uPqOwEBhZZKS_O8qBEJWQkUwoIye1QZIq3hQAViSA2ACagNBSStyIhwRwp4BG6bUPBiipRK5BKKAK6sE4AQBg6uRlgMCEmMBAgeiVXas/ofertasv/?filter[tourOperator]=BVBE&filter%5Bperson%5D=2&filter%5BchildAge%5D%5B1%5D=20201210&filter%5Bchild%5D=1"
"Knossos Beach","15424.0","07.10.2026 - 14.10.2026","8 dni/7 nocy","","4.2","4.2","1526","tripadvisor","Katowice","2026-09-14T05:28:48.797095+00:00","https://fly.pl/oferta/grecja-wczasy/?filter[dest]=14:&filter[hotelids]=&filter[cityids]=&filter[cregids]=&filter[ofrType]=&filter[addObjType]=&filter[whenFrom]=14-09-2026&filter[whenTo]=14-10-2026&filter[duration]=7:10&filter[from]=&filter[person]=2&filter[child]=1&filter[price]=4000:20000&filter[PriceFrom]=4000&filter[PriceTo]=20000&filter[addCategory]=50&filter[addCatering]=1&filter[addMisc]=0&filter[addTransport]=F&filter[fp]=1&order_by=ofr_price&filter[tourOperator]=0&filter[childAge][1]=20201210","https://fly.pl/cdn/photo/assets/uploads/582/278/2015/04/Knossos-Beach.jpg","https://fly.pl/wycieczka/grecja,kreta-wschodnia,kokkini-hani/knossos-beach/pCaZ-1jXMPTqetyhmcPCAlAAogRfPoCFLXj5Vzvcqxzu6hwgAAAAACpgQAGKYEAAcAAAAqBFdFWlkwoIye1QZIwHhQQViiBGADaglFbnRlciBBaXJqBDAyMDVqBDA2MDVyQZ4BkwGUAR8AAgEcABYEFwIS1gQVpQYYwwER3khA_itMgi9PAEvRIlAAHY75ECAWG6LFJw3Vv5oJARJjAQxjAQILdxrzqg/ofertasv/?filter[tourOperator]=WEZY&filter%5Bperson%5D=2&filter%5BchildAge%5D%5B1%5D=20201210&filter%5Bchild%5D=1"
"Zeus Dolce Athens (ex Dolce Attica Riviera)","15657.0","07.10.2026 - 14.10.2026","8 dni/7 nocy","","4.0","4.0","412","tripadvisor","Katowice","2026-09-14T05:28:48.797095+00:00","https://fly.pl/oferta/grecja-wczasy/?filter[dest]=14:&filter[hotelids]=&filter[cityids]=&filter[cregids]=&filter[ofrType]=&filter[addObjType]=&filter[whenFrom]=14-09-2026&filter[whenTo]=14-10-2026&filter[duration]=7:10&filter[from]=&filter[person]=2&filter[child]=1&filter[price]=4000:20000&filter[PriceFrom]=4000&filter[PriceTo]=20000&filter[addCategory]=50&filter[addCatering]=1&filter[addMisc]=0&filter[addTransport]=F&filter[fp]=1&order_by=ofr_price&filter[tourOperator]=0&filter[childAge][1]=20201210","https://fly.pl/cdn/photo/assets/uploads/582/278/2016/11/Mare-Nostrum-Thalasso-Vravrona-fly-pl.jpg","https://fly.pl/wycieczka/grecja,attyka,vravrona/mare-nostrum-thalasso-vravrona/pNOGAeF9X4WjCKgu-ne2ruAAog2oS2_0vbJXY8DGYZ5gzJmI2_fqO3BqfpcPn9BFG2KmcqBEVYSU0woIye1QZIqXpQAViiBGACagJBSXIhHBGxzQa5BMaIPasEIRvW8z4YmJ8_Aef6sJ4LAgBjAQILXdpp_g/ofertasv/?filter[tourOperator]=EXIM&filter%5Bperson%5D=2&filter%5BchildAge%5D%5B1%5D=20201210&filter%5Bchild%5D=1"
"Village Heights Resort","15831.0","30.09.2026 - 07.10.2026","8 dni/7 nocy","","4.7","4.7","1632","tripadvisor","Warszawa","2026-09-14T05:28:48.797095+00:00","https://fly.pl/oferta/grecja-wczasy/?filter[dest]=14:&filter[hotelids]=&filter[cityids]=&filter[cregids]=&filter[ofrType]=&filter[addObjType]=&filter[whenFrom]=14-09-2026&filter[whenTo]=14-10-2026&filter[duration]=7:10&filter[from]=&filter[person]=2&filter[child]=1&filter[price]=4000:20000&filter[PriceFrom]=4000&filter[PriceTo]=20000&filter[addCategory]=50&filter[addCatering]=1&filter[addMisc]=0&filter[addTransport]=F&filter[fp]=1&order_by=ofr_price&filter[tourOperator]=0&filter[childAge][1]=20201210","https://fly.pl/cdn/photo/assets/uploads/582/278/2024/07/village-heights-resort.jpg","https://fly.pl/wycieczka/grecja,kreta,hersonissos/village-heights-resort-11/pjM3_aevT5-d-mAQlxMspEAAogu1ly18fOub252rZ-Q_up-AGH2jhMaZGIGcKhi0iqgLoqBE9SRVgwoIye1QZI13tQQVj6AmACagZDTy4yLjFqAzAxWWoDMDJZcjSbAZ0BjwEVBxcAXANYBVYCQMoGEZcwU7F5UgBe-FJL7UNhAEzljDog1fyXCQ0AAhJjAQILVvopcg/ofertasv/?filter[tourOperator]=OREX&filter%5Bperson%5D=2&filter%5BchildAge%5D%5B1%5D=20201210&filter%5Bchild%5D=1"
"Creta Maris Beach Resort (ex Terra Maris)","15927.0","07.10.2026 - 14.10.2026","8 dni/7 nocy","","4.6","4.6","6827","tripadvisor","Kraków","2026-09-14T05:28:48.797095+00:00","https://fly.pl/oferta/grecja-wczasy/?filter[dest]=14:&filter[hotelids]=&filter[cityids]=&filter[cregids]=&filter[ofrType]=&filter[addObjType]=&filter[whenFrom]=14-09-2026&filter[whenTo]=14-10-2026&filter[duration]=7:10&filter[from]=&filter[person]=2&filter[child]=1&filter[price]=4000:20000&filter[PriceFrom]=4000&filter[PriceTo]=20000&filter[addCategory]=50&filter[addCatering]=1&filter[addMisc]=0&filter[addTransport]=F&filter[fp]=1&order_by=ofr_price&filter[tourOperator]=0&filter[childAge][1]=20201210","https://fly.pl/cdn/photo/assets/uploads/582/278/2014/09/CRETA-MARIS-RESORT.jpg","https://fly.pl/wycieczka/grecja,kreta,hersonissos/creta-maris-beach-resort-ex-terra-maris/py6l0mucTALnzx5Z6LEbdxAAog5QNQBXEUB-kCkLIz-Oz_kOTSphl5RLvYNefjhP_d-yIqBEVYSU0woIye1QZIt3xQAViiBGADagJBSXIkHBHsjQarBI2JPLkEFhu200AYic8_AYeC9KULARJjAQxjAQIL6_LF1Q/ofertasv/?filter[tourOperator]=EXIM&filter%5Bperson%5D=2&filter%5BchildAge%5D%5B1%5D=20201210&filter%5Bchild%5D=1"
"Michelangelo Resort & Spa","16119.0","03.10.2026 - 10.10.2026","8 dni/7 nocy","","4.5","4.5","3982","tripadvisor","Warszawa","2026-09-14T05:28:48.797095+00:00","https://fly.pl/oferta/grecja-wczasy/?filter[dest]=14:&filter[hotelids]=&filter[cityids]=&filter[cregids]=&filter[ofrType]=&filter[addObjType]=&filter[whenFrom]=14-09-2026&filter[whenTo]=14-10-2026&filter[duration]=7:10&filter[from]=&filter[person]=2&filter[child]=1&filter[price]=4000:20000&filter[PriceFrom]=4000&filter[PriceTo]=20000&filter[addCategory]=50&filter[addCatering]=1&filter[addMisc]=0&filter[addTransport]=F&filter[fp]=1&order_by=ofr_price&filter[tourOperator]=0&filter[childAge][1]=20201210","https://fly.pl/cdn/photo/assets/uploads/582/278/2015/04/Michelangelo-Resort-Spa-fly-pl.jpg","https://fly.pl/wycieczka/grecja,kos,agios-fokas/michelangelo-resort-spa/pwnkb5oMTcQG_zOoY-hrYnAAogHlqD930dsxcr6GeBaTKhTojGnTOZpYU4JNsCnuc57zoqBFJOQlcwoIye1QZI931QQVjCA2ACagRCd2NEag1BTExfSU5DTFVTSVZFahoxNiwyOTYsMzgwLDQ3Nyw0ODMsNDg0LDQ4NWobNDAyLDQwMyw0MDYsNDE3LDQ3Myw0OTcsNDk5cj6fAZYBngGUAQ4BFwYVAFgICgRAxAcRsCEQsSwZkglT0nBSAEygAkvMdWEAHdDtQA9lDc6bkQkgAAIMYwECC7C6RgI/ofertasv/?filter[tourOperator]=RNBW&filter%5Bperson%5D=2&filter%5BchildAge%5D%5B1%5D=20201210&filter%5Bchild%5D=1"
"MarBella, Mar-Bella Collection (Agios Ioannis)","16122.0","06.10.2026 - 13.10.2026","8 dni/7 nocy","","4.5","4.5","4802","tripadvisor","Warszawa - Modlin","2026-09-14T05:28:48.797095+00:00","https://fly.pl/oferta/grecja-wczasy/?filter[dest]=14:&filter[hotelids]=&filter[cityids]=&filter[cregids]=&filter[ofrType]=&filter[addObjType]=&filter[whenFrom]=14-09-2026&filter[whenTo]=14-10-2026&filter[duration]=7:10&filter[from]=&filter[person]=2&filter[child]=1&filter[price]=4000:20000&filter[PriceFrom]=4000&filter[PriceTo]=20000&filter[addCategory]=50&filter[addCatering]=1&filter[addMisc]=0&filter[addTransport]=F&filter[fp]=1&order_by=ofr_price&filter[tourOperator]=0&filter[childAge][1]=20201210","https://fly.pl/cdn/photo/assets/uploads/582/278/2015/03/Marbella-Corfu-ex.-Marbella-Beach-fly-pl-1.jpg","https://fly.pl/wycieczka/grecja,korfu,agios-ioannis-peristeron/marbella-beach/pxWoGnzBVvh2QnoQ3s1l5uAAog69LqkJ__WhggYryXCUHoxrVnwJTsnehppiZgk2l8AFIqBEVDQ1gwoIye1QZI-n1QAViKBGADagNBSVVyIxwR9lC5BP3iFqsEExiysSsbnadBAbbu9e4BARJjAQBjAQIMi18iiA/ofertasv/?filter[tourOperator]=ECCX&filter%5Bperson%5D=2&filter%5BchildAge%5D%5B1%5D=20201210&filter%5Bchild%5D=1"
"Enorme Santanna Island","16292.0","26.09.2026 - 03.10.2026","8 dni/7 nocy","","","","","","Katowice","2026-09-14T05:28:48.797095+00:00","https://fly.pl/oferta/grecja-wczasy/?filter[dest]=14:&filter[hotelids]=&filter[cityids]=&filter[cregids]=&filter[ofrType]=&filter[addObjType]=&filter[whenFrom]=14-09-2026&filter[whenTo]=14-10-2026&filter[duration]=7:10&filter[from]=&filter[person]=2&filter[child]=1&filter[price]=4000:20000&filter[PriceFrom]=4000&filter[PriceTo]=20000&filter[addCategory]=50&filter[addCatering]=1&filter[addMisc]=0&filter[addTransport]=F&filter[fp]=1&order_by=ofr_price&filter[tourOperator]=0&filter[childAge][1]=20201210","https://datacfstatic.merlinx.pl/ECCX/IMG/10193/ebcf515195d2f75dc0cd1590715d2d177301a34ea7d3435e08542f7762d9d611.webp","https://fly.pl/wycieczka/grecja,kreta-wschodnia,sisi/enorme-santanna-island-14/pKi4JQnK6MCw1iciapn88uAAogwSK64xS5yqWPattnYstiDqLpGrRxB7AkbDd3y050A8UqBEVDQ1gwqIye1QZIpH9QAViaAmADagNBSVByJRwR0U-rBL7ZFbkEjN4CGLqyKBu450EBqJeG5gEBEmMBAGMBAgZgb4Ne/ofertasv/?filter[tourOperator]=ECCX&filter%5Bperson%5D=2&filter%5BchildAge%5D%5B1%5D=20201210&filter%5Bchild%5D=1"
"Mitsis Selection Rinela","16319.0","30.09.2026 - 08.10.2026","9 dni/7 nocy","","4.5","4.5","7411","tripadvisor","Poznań","2026-09-14T05:28:48.797095+00:00","https://fly.pl/oferta/grecja-wczasy/?filter[dest]=14:&filter[hotelids]=&filter[cityids]=&filter[cregids]=&filter[ofrType]=&filter[addObjType]=&filter[whenFrom]=14-09-2026&filter[whenTo]=14-10-2026&filter[duration]=7:10&filter[from]=&filter[person]=2&filter[child]=1&filter[price]=4000:20000&filter[PriceFrom]=4000&filter[PriceTo]=20000&filter[addCategory]=50&filter[addCatering]=1&filter[addMisc]=0&filter[addTransport]=F&filter[fp]=1&order_by=ofr_price&filter[tourOperator]=0&filter[childAge][1]=20201210","https://fly.pl/cdn/photo/assets/uploads/582/278/2014/07/Mitsis-Rinela-Beach-Resort-Spa-fly-pl.jpg","https://fly.pl/wycieczka/grecja,kreta-wschodnia,kokkini-hani/mitsis-rinela-beach-resort-spa/pdSv7WtRpKXPUihX0TMEauAAogvUARo3OyMKJGPEQGO-oOU_afvgWcZN_oTmdHX69lffcqBEdSQ1MwqIye1QZIv39QQVj6AmADcj4VBxcBWAdWAlwCD9wDHZUCQFdSyKkBUwBe-FJheEsAW7MeAefNhwENleDKCCBHUaHj3Y2NAQESYwECYwECC6yq7Vc/ofertasv/?filter[tourOperator]=GRCS&filter%5Bperson%5D=2&filter%5BchildAge%5D%5B1%5D=20201210&filter%5Bchild%5D=1"
"Nana Golden Beach","16717.0","07.10.2026 - 14.10.2026","8 dni/7 nocy","","4.9","4.9","4731","tripadvisor","Katowice","2026-09-14T05:28:48.797095+00:00","https://fly.pl/oferta/grecja-wczasy/?filter[dest]=14:&filter[hotelids]=&filter[cityids]=&filter[cregids]=&filter[ofrType]=&filter[addObjType]=&filter[whenFrom]=14-09-2026&filter[whenTo]=14-10-2026&filter[duration]=7:10&filter[from]=&filter[person]=2&filter[child]=1&filter[price]=4000:20000&filter[PriceFrom]=4000&filter[PriceTo]=20000&filter[addCategory]=50&filter[addCatering]=1&filter[addMisc]=0&filter[addTransport]=F&filter[fp]=1&order_by=ofr_price&filter[tourOperator]=0&filter[childAge][1]=20201210","https://fly.pl/cdn/photo/assets/uploads/582/278/2015/03/Nana-Golden-Beach.jpg","https://fly.pl/wycieczka/grecja,kreta-wschodnia,hersonissos/nana-beach/pBmIskJQad7g2PQLJ7rMClAAogjAnh0iiybj9xx-ZNRM9nXgAAAAACpgQAGKYEAAcAAAAqBFdFWlkwqIye1QZIzYIBUEFYogRgA2oJRW50ZXIgQWlyagQwMjA1agQwNjA1ckGeAZMBlAEfAAIBHAAWBBcCEtYEFaUGGMMBEcIlQJpPTIIvTwBL0SJQAB2O-RAgFhvnrjMNkNaOCQESYwEMYwECC2-JATA/ofertasv/?filter[tourOperator]=WEZY&filter%5Bperson%5D=2&filter%5BchildAge%5D%5B1%5D=20201210&filter%5Bchild%5D=1"
"Lyttos Mare","16937.0","07.10.2026 - 14.10.2026","8 dni/7 nocy","","4.8","4.8","1708","tripadvisor","Kraków","2026-09-14T05:28:48.797095+00:00","https://fly.pl/oferta/grecja-wczasy/?filter[dest]=14:&filter[hotelids]=&filter[cityids]=&filter[cregids]=&filter[ofrType]=&filter[addObjType]=&filter[whenFrom]=14-09-2026&filter[whenTo]=14-10-2026&filter[duration]=7:10&filter[from]=&filter[person]=2&filter[child]=1&filter[price]=4000:20000&filter[PriceFrom]=4000&filter[PriceTo]=20000&filter[addCategory]=50&filter[addCatering]=1&filter[addMisc]=0&filter[addTransport]=F&filter[fp]=1&order_by=ofr_price&filter[tourOperator]=0&filter[childAge][1]=20201210","https://fly.pl/cdn/photo/assets/uploads/582/278/2020/12/Lyttos-Mare-fly-pl.jpg","https://fly.pl/wycieczka/grecja,kreta,analipsi/lyttos-mare-13/ptSCn2SYLJerluRezWhEqVAAog66hhS4vayfp5wly2f_8MreTSphl5RLvYNefjhP_d-yIqBEVYSU0wqIye1QZIqYQBUAFYogRgAWoCQUlyHhwRysQGqwSv0ju5BBYbu4k8GIOBOwGT2MWdCwMAY3JQ_kY/ofertasv/?filter[tourOperator]=EXIM&filter%5Bperson%5D=2&filter%5BchildAge%5D%5B1%5D=20201210&filter%5Bchild%5D=1"
"Blue Sea Beach (Stalida)","16991.0","29.09.2026 - 06.10.2026","8 dni/7 nocy","","4.5","4.5","1938","tripadvisor","Warszawa","2026-09-14T05:28:48.797095+00:00","https://fly.pl/oferta/grecja-wczasy/?filter[dest]=14:&filter[hotelids]=&filter[cityids]=&filter[cregids]=&filter[ofrType]=&filter[addObjType]=&filter[whenFrom]=14-09-2026&filter[whenTo]=14-10-2026&filter[duration]=7:10&filter[from]=&filter[person]=2&filter[child]=1&filter[price]=4000:20000&filter[PriceFrom]=4000&filter[PriceTo]=20000&filter[addCategory]=50&filter[addCatering]=1&filter[addMisc]=0&filter[addTransport]=F&filter[fp]=1&order_by=ofr_price&filter[tourOperator]=0&filter[childAge][1]=20201210","https://fly.pl/cdn/photo/assets/uploads/582/278/2009/08/Blue-Sea-Beach-Affiliated-By-Melia.jpg","https://fly.pl/wycieczka/grecja,kreta,stalida/blue-sea-village-resort-spa/p4T2VIK6-z94UTCxjDJ_RZAAogWHsAtxUkM2dbKbJOW_3YjkBM5DhSNmFSGYEI-pbv_aYqBEJWQkUwqIye1QZI34QBUAFY4gJgA2oCQUlyJBwRw4ABG7q6PRir5BGrBPv4KrkEAQHh3L_lAgENYwEAYwECDHuwl_I/ofertasv/?filter[tourOperator]=BVBE&filter%5Bperson%5D=2&filter%5BchildAge%5D%5B1%5D=20201210&filter%5Bchild%5D=1"
"Aulus Chania Resort, Curio Collection by Hilton (ex. Isla Brown Chania)","17148.0","05.10.2026 - 12.10.2026","8 dni/7 nocy","","4.2","4.2","295","tripadvisor","Warszawa","2026-09-14T05:28:48.797095+00:00","https://fly.pl/oferta/grecja-wczasy/?filter[dest]=14:&filter[hotelids]=&filter[cityids]=&filter[cregids]=&filter[ofrType]=&filter[addObjType]=&filter[whenFrom]=14-09-2026&filter[whenTo]=14-10-2026&filter[duration]=7:10&filter[from]=&filter[person]=2&filter[child]=1&filter[price]=4000:20000&filter[PriceFrom]=4000&filter[PriceTo]=20000&filter[addCategory]=50&filter[addCatering]=1&filter[addMisc]=0&filter[addTransport]=F&filter[fp]=1&order_by=ofr_price&filter[tourOperator]=0&filter[childAge][1]=20201210","https://datacfstatic.merlinx.pl/PLES/IMG/16953232/a5fdc96fbfae21f3d56c9cafcaab1e7a393dd00c89e785ff4df4a5930b86fcd0.webp","https://fly.pl/wycieczka/grecja,kreta,stavros/mr-mrs-white-crete-10/pQxMvGLC02ldYmYU3dRObtAAogAuOn9l2yuRQM0f8eqs68uvZ9H-yQ9QEdMuyUSn5BCIwqBFBMRVMwqIye1QZI_IUBUEFY8gNgAnI6FwcVAFwDWAVWAhtWHbYEDwtAswFS43dTAEzwDl7tdUvtQ2EAAbDxVBHYprMHDf3xyQEgAAESYwICY7wEWPQ/ofertasv/?filter[tourOperator]=PLES&filter%5Bperson%5D=2&filter%5BchildAge%5D%5B1%5D=20201210&filter%5Bchild%5D=1"
"Atrium Palace Thalasso Spa & Villas","17499.0","05.10.2026 - 12.10.2026","8 dni/7 nocy","","4.8","4.8","7655","tripadvisor","Poznań","2026-09-14T05:28:48.797095+00:00","https://fly.pl/oferta/grecja-wczasy/?filter[dest]=14:&filter[hotelids]=&filter[cityids]=&filter[cregids]=&filter[ofrType]=&filter[addObjType]=&filter[whenFrom]=14-09-2026&filter[whenTo]=14-10-2026&filter[duration]=7:10&filter[from]=&filter[person]=2&filter[child]=1&filter[price]=4000:20000&filter[PriceFrom]=4000&filter[PriceTo]=20000&filter[addCategory]=50&filter[addCatering]=1&filter[addMisc]=0&filter[addTransport]=F&filter[fp]=1&order_by=ofr_price&filter[tourOperator]=0&filter[childAge][1]=20201210","https://fly.pl/cdn/photo/assets/uploads/582/278/2014/11/Atrium-Palace-Thalasso-Spa-Villas-fly-pl.jpg","https://fly.pl/wycieczka/grecja,rodos,kalathos/atrium-palace-kalathos/pUlkeWQtR5nkpdqXwq2ZEbAAogC7m3O8MngsrOPBeVR53aLgAAAAAnwAQAP8AEAAcAEgAqBFdFWlkwqIye1QZI24gBUEFY8gNgA2oLUnlhbmFpciBTdW5qBDA2NTVqBDA4NTVyQp4BlQGYAR8AAgEcABYGFwASuQUTkQgUkAMR9hpAylVL8oIBUABMmRJPABu2tgEdxbMPIBgNztDBCQESYwEMYwECC2_iijM/ofertasv/?filter[tourOperator]=WEZY&filter%5Bperson%5D=2&filter%5BchildAge%5D%5B1%5D=20201210&filter%5Bchild%5D=1"
"Iberostar Selection Creta Marine","17703.0","15.09.2026 - 22.09.2026","8 dni/7 nocy","","4.4","4.4","2908","tripadvisor","Poznań","2026-09-14T05:28:48.797095+00:00","https://fly.pl/oferta/grecja-wczasy/?filter[dest]=14:&filter[hotelids]=&filter[cityids]=&filter[cregids]=&filter[ofrType]=&filter[addObjType]=&filter[whenFrom]=14-09-2026&filter[whenTo]=14-10-2026&filter[duration]=7:10&filter[from]=&filter[person]=2&filter[child]=1&filter[price]=4000:20000&filter[PriceFrom]=4000&filter[PriceTo]=20000&filter[addCategory]=50&filter[addCatering]=1&filter[addMisc]=0&filter[addTransport]=F&filter[fp]=1&order_by=ofr_price&filter[tourOperator]=0&filter[childAge][1]=20201210","https://fly.pl/cdn/photo/assets/uploads/582/278/2014/11/Iberostar-Creta-Marine.jpg","https://fly.pl/wycieczka/grecja,kreta-wschodnia,lavris/iberostar-creta-marine/pdkZmITfzKOoUWP5jXHy0iAAogVWFJRpCJnG8DJ0x70iIpLgHBPEwh8nl9oeheMyhpqG8qBEJWQkUwqIye1QZIp4oBUAFYEmACagJBSXIgHBG4ZRvtzzsY_Y8TuQTA3yqrBAEB_7DU2QICAGMBAgbw1dlO/ofertasv/?filter[tourOperator]=BVBE&filter%5Bperson%5D=2&filter%5BchildAge%5D%5B1%5D=20201210&filter%5Bchild%5D=1"
"Atrium Platinum Resort & Spa","17999.0","02.10.2026 - 09.10.2026","8 dni/7 nocy","","4.8","4.8","6763","tripadvisor","Katowice","2026-09-14T05:28:48.797095+00:00","https://fly.pl/oferta/grecja-wczasy/?filter[dest]=14:&filter[hotelids]=&filter[cityids]=&filter[cregids]=&filter[ofrType]=&filter[addObjType]=&filter[whenFrom]=14-09-2026&filter[whenTo]=14-10-2026&filter[duration]=7:10&filter[from]=&filter[person]=2&filter[child]=1&filter[price]=4000:20000&filter[PriceFrom]=4000&filter[PriceTo]=20000&filter[addCategory]=50&filter[addCatering]=1&filter[addMisc]=0&filter[addTransport]=F&filter[fp]=1&order_by=ofr_price&filter[tourOperator]=0&filter[childAge][1]=20201210","https://fly.pl/cdn/photo/assets/uploads/582/278/2015/04/ATRIUM-PLATINUM.jpg","https://fly.pl/wycieczka/grecja,rodos,ixia/atrium-platinum-resort-spa/pRDqdPTBqolrGLIjrXqiiHAAogAM5yTWGcZ7g5g_eIyQDohQAAAADwfwQAC4AEAAcAEgAqBFdFWlkwqIye1QZIz4wBUEFYqgNgA2oJRW50ZXIgQWlyagQwNTEwagQwOTIwckGeAZMBlAEfAAIBHAAWBhcAEtYEFeoIGNIBEaYmQOJLS9NRUABMuENPAB3E6Q8gGxvVpDMNqqyPCQESYwEMYwECC8wPoFE/ofertasv/?filter[tourOperator]=WEZY&filter%5Bperson%5D=2&filter%5BchildAge%5D%5B1%5D=20201210&filter%5Bchild%5D=1"
"Sheraton Rhodes Resort (ex. Imperial)","18192.0","28.09.2026 - 05.10.2026","8 dni/7 nocy","","4.5","4.5","2204","tripadvisor","Katowice","2026-09-14T05:28:48.797095+00:00","https://fly.pl/oferta/grecja-wczasy/?filter[dest]=14:&filter[hotelids]=&filter[cityids]=&filter[cregids]=&filter[ofrType]=&filter[addObjType]=&filter[whenFrom]=14-09-2026&filter[whenTo]=14-10-2026&filter[duration]=7:10&filter[from]=&filter[person]=2&filter[child]=1&filter[price]=4000:20000&filter[PriceFrom]=4000&filter[PriceTo]=20000&filter[addCategory]=50&filter[addCatering]=1&filter[addMisc]=0&filter[addTransport]=F&filter[fp]=1&order_by=ofr_price&filter[tourOperator]=0&filter[childAge][1]=20201210","https://fly.pl/cdn/photo/assets/uploads/582/278/2015/04/Sheraton-Rhodes-Resort.jpg","https://fly.pl/wycieczka/grecja,rodos,ialysos/sheraton-rodos-resort-ex-imperial/pLiw30Vf71UpgD_QZJfz1MAAogtH8g6TGR-xT-F4sHIINkZAAAAAAAdgQAL3YEAAcAAAAqBFdFWlkwqIye1QZIkI4BUEFYygJgA2oJRW50ZXIgQWlyagQwMzUwagQwNzUwagQwODE1ckCeAZMBlAGVAR8AHAECABYEFwIS1gQYpAMRrQJA83ZL01FQAEy4Q08AHdTVDyAvG5LiMw3_gY8JARJjAQxjAQQLAf29fA/ofertasv/?filter[tourOperator]=WEZY&filter%5Bperson%5D=2&filter%5BchildAge%5D%5B1%5D=20201210&filter%5Bchild%5D=1"
"The Ixian Grand (ex. Sentido Ixian Grand)","18387.0","05.10.2026 - 12.10.2026","8 dni/7 nocy","","4.0","4.0","1996","tripadvisor","Warszawa - Modlin","2026-09-14T05:28:48.797095+00:00","https://fly.pl/oferta/grecja-wczasy/?filter[dest]=14:&filter[hotelids]=&filter[cityids]=&filter[cregids]=&filter[ofrType]=&filter[addObjType]=&filter[whenFrom]=14-09-2026&filter[whenTo]=14-10-2026&filter[duration]=7:10&filter[from]=&filter[person]=2&filter[child]=1&filter[price]=4000:20000&filter[PriceFrom]=4000&filter[PriceTo]=20000&filter[addCategory]=50&filter[addCatering]=1&filter[addMisc]=0&filter[addTransport]=F&filter[fp]=1&order_by=ofr_price&filter[tourOperator]=0&filter[childAge][1]=20201210","https://fly.pl/cdn/photo/assets/uploads/582/278/2015/03/THE-IXIAN-GRAND-ALL-SUITES.jpg","https://fly.pl/wycieczka/grecja,rodos,ixia/sentido-ixian-grand/pvXudBoLWcsaJhw7c9I1XCAAogoJ41Eau8SZ5b6p2Il6jv-I3CDaggwCch4Tk88YDLgHEqBEVYSU0wqIye1QZI048BUAFY8gNgAWoCQUlyHhwR7rsGuQSDikGrBCAbr-AsGIahQgH04N_yCQMAY83ZqOo/ofertasv/?filter[tourOperator]=EXIM&filter%5Bperson%5D=2&filter%5BchildAge%5D%5B1%5D=20201210&filter%5Bchild%5D=1"
"Grecotel Kos Imperial","18906.0","30.09.2026 - 07.10.2026","8 dni/7 nocy","","4.3","4.3","2155","tripadvisor","Warszawa","2026-09-14T05:28:48.797095+00:00","https://fly.pl/oferta/grecja-wczasy/?filter[dest]=14:&filter[hotelids]=&filter[cityids]=&filter[cregids]=&filter[ofrType]=&filter[addObjType]=&filter[whenFrom]=14-09-2026&filter[whenTo]=14-10-2026&filter[duration]=7:10&filter[from]=&filter[person]=2&filter[child]=1&filter[price]=4000:20000&filter[PriceFrom]=4000&filter[PriceTo]=20000&filter[addCategory]=50&filter[addCatering]=1&filter[addMisc]=0&filter[addTransport]=F&filter[fp]=1&order_by=ofr_price&filter[tourOperator]=0&filter[childAge][1]=20201210","https://datacfstatic.merlinx.pl/EXIM/IMG/107273/1fbdfa256490908faf126e8b4c0a657f4ca37ee55a910999280bd32a10529626.webp","https://fly.pl/wycieczka/grecja,kos,psalidi/grecotel-kos-imperial-11/pU82tZbstQwG9k-NkLZOc8AAogtNHTzpaoRIdoH7skXKQGd-fC_fJUmOBie3ujpnSUsuwqBEVYSU0wqIye1QZI2pMBUAFY-gJgAmoCQUlyIRwRicYGuQT2jkSrBAEbosE3GK7iPgHn8a6aCwISYwECC3AekKU/ofertasv/?filter[tourOperator]=EXIM&filter%5Bperson%5D=2&filter%5BchildAge%5D%5B1%5D=20201210&filter%5Bchild%5D=1"
"Astir Odysseus","19120.0","26.09.2026 - 03.10.2026","8 dni/7 nocy","","4.7","4.7","3528","tripadvisor","Katowice","2026-09-14T05:28:48.797095+00:00","https://fly.pl/oferta/grecja-wczasy/?filter[dest]=14:&filter[hotelids]=&filter[cityids]=&filter[cregids]=&filter[ofrType]=&filter[addObjType]=&filter[whenFrom]=14-09-2026&filter[whenTo]=14-10-2026&filter[duration]=7:10&filter[from]=&filter[person]=2&filter[child]=1&filter[price]=4000:20000&filter[PriceFrom]=4000&filter[PriceTo]=20000&filter[addCategory]=50&filter[addCatering]=1&filter[addMisc]=0&filter[addTransport]=F&filter[fp]=1&order_by=ofr_price&filter[tourOperator]=0&filter[childAge][1]=20201210","https://fly.pl/cdn/photo/assets/uploads/582/278/2015/01/Hotel-Astir-Odysseus-Resort-SPA.jpg","https://fly.pl/wycieczka/grecja,kos,tigaki/astir-odysseus/pwsovleCqFSG-9JvlPHWwfAAogNC3qtAOmLkRt8Ru2X9jLXKjJhaMBJjRVmQRriypygKUqBEdSQ1MwqIye1QZIsJUBUEFYmgJgA3I_FwcVAFwDWAVWAh2fAg8UQJcEW6-XAVKSMVMAYdgDSwBepzABoc2MAQ2CgMYIIABR78be8aUBARJjAQJjAQIGAZT3TA/ofertasv/?filter[tourOperator]=GRCS&filter%5Bperson%5D=2&filter%5BchildAge%5D%5B1%5D=20201210&filter%5Bchild%5D=1"
"Gennadi Grand Resort","19167.0","07.10.2026 - 14.10.2026","8 dni/7 nocy","","4.6","4.6","1384","tripadvisor","Kraków","2026-09-14T05:28:48.797095+00:00","https://fly.pl/oferta/grecja-wczasy/?filter[dest]=14:&filter[hotelids]=&filter[cityids]=&filter[cregids]=&filter[ofrType]=&filter[addObjType]=&filter[whenFrom]=14-09-2026&filter[whenTo]=14-10-2026&filter[duration]=7:10&filter[from]=&filter[person]=2&filter[child]=1&filter[price]=4000:20000&filter[PriceFrom]=4000&filter[PriceTo]=20000&filter[addCategory]=50&filter[addCatering]=1&filter[addMisc]=0&filter[addTransport]=F&filter[fp]=1&order_by=ofr_price&filter[tourOperator]=0&filter[childAge][1]=20201210","https://fly.pl/cdn/photo/assets/uploads/582/278/2017/10/Gennadi-Grand-Resort-fly-pl-2.jpg","https://fly.pl/wycieczka/grecja,rodos,kiotari/gennadi-grand-resort/pQygNuyV0Q6o2q2BJ3GPnyAAogR98729crkFy66qdGhUi-AnC2dRAKjZic4GJVxQi7o6AqBEVYSU0wqIye1QZI35UBUAFYogRgAmoGQUkvVUFJciEcEe3BBrkE-fJAqwQgG_SkNhiVxjoBwYnhmwsCAGMBAgufpZNF/ofertasv/?filter[tourOperator]=EXIM&filter%5Bperson%5D=2&filter%5BchildAge%5D%5B1%5D=20201210&filter%5Bchild%5D=1"
"Atrium Prestige Thalasso Spa Resort & Villas","19678.0","07.10.2026 - 14.10.2026","8 dni/7 nocy","","4.9","4.9","4125","tripadvisor","Kraków","2026-09-14T05:28:48.797095+00:00","https://fly.pl/oferta/grecja-wczasy/?filter[dest]=14:&filter[hotelids]=&filter[cityids]=&filter[cregids]=&filter[ofrType]=&filter[addObjType]=&filter[whenFrom]=14-09-2026&filter[whenTo]=14-10-2026&filter[duration]=7:10&filter[from]=&filter[person]=2&filter[child]=1&filter[price]=4000:20000&filter[PriceFrom]=4000&filter[PriceTo]=20000&filter[addCategory]=50&filter[addCatering]=1&filter[addMisc]=0&filter[addTransport]=F&filter[fp]=1&order_by=ofr_price&filter[tourOperator]=0&filter[childAge][1]=20201210","https://fly.pl/cdn/photo/assets/uploads/582/278/2014/11/Atrium-Prestige-Thalasso-Spa-Resort-Villas.jpg","https://fly.pl/wycieczka/grecja,rodos,lachania/atrium-prestige-thalasso-spa-resort-villas/XTOP3b683fX_wYAAHNOYVBwWQG5AQCZyw0yCpABCgYIlbYPEAESBgjoyBIQARp-TVBVVzJHRjIzTjFWNkpNVzVLSUdTOUdCMVBESFJTTEM5QUVXWjNYSFRIU0pGTFIzOUk3RTNHN0NPMkRRTFVLUUlRUk9SMVlNVVQyNEVBUlBLTUREWU9WVEdIUlgyWlZJQlFYV0lRN1dBOThZUjhNVENGTTVIRUVKUTBSQ0E3CoEBCgYI2O8SEAISBgiF82EQARpvTzU0NTQ0ZDUzMmY0MTRkNTQ1MzQ3NTIzMDRhNDEzMDJmNGE1MzQ0NGMzMDMwNTM1NjMwMzAyZjQxNDkyYjJmMzcyZjMyMzAzMjM2MzEzMDMwMzcyZjMwMzEzMjMzMzQzNTM2MzczODM5MzAzMTMyCiQKBgjs1gEQARIGCI6GAhABGhJEU1JULTExMS1UUkFOU0ZFUjEKIAoFCMw6EAESBQjzRhABGhBEU1JNLTExMS0ycjIyNjU5CiEKBQjAPhABEgUI0EsQARoRRFNSTS0xMTEtNTByMjI2NjAKIgoFCPAuEAESBQiYORABGhJEU1JVLTExMS1VYmV6YmFzaWMYbyi1FDIGCNaNeBABOAM/ofertasv/?filter[tourOperator]=XTOP&filter%5Bperson%5D=2&filter%5BchildAge%5D%5B1%5D=20201210&filter%5Bchild%5D=1"
"Xenios Anastasia Resort & Spa (ex. Anastasia Resort & Spa) Grecja, Chalkidiki, Nea Skioni","7209.0","26.09.2026 - 03.10.2026","8 dni/7 nocy","","3.9","3.9","656","tripadvisor","Warszawa","2026-09-14T06:31:06.154182+00:00","https://fly.pl/oferta/grecja-wczasy/?filter[dest]=14:&filter[hotelids]=&filter[cityids]=&filter[cregids]=&filter[ofrType]=&filter[addObjType]=&filter[whenFrom]=14-09-2026&filter[whenTo]=14-10-2026&filter[duration]=7:10&filter[from]=&filter[person]=2&filter[child]=1&filter[price]=4000:20000&filter[PriceFrom]=4000&filter[PriceTo]=20000&filter[addCategory]=50&filter[addCatering]=1&filter[addMisc]=0&filter[addTransport]=F&filter[fp]=1&order_by=ofr_price&filter[tourOperator]=0&filter[childAge][1]=20201210","https://fly.pl/cdn/photo/assets/uploads/582/278/2015/02/Anastasia-Resort-Spa-fly-pl.jpg","https://fly.pl/wycieczka/grecja,chalkidiki,nea-skioni/anastasia-resort-spa/p0alPHacCxnKGGMybo9JpNAAogmYw4OWSCyCtSCSGGhVcogMhkRQwqhsCY5viy1VbYFmIqBFJOQlcwqqme1QZIqThQQViZAmACagRCd2NEag1BTExfSU5DTFVTSVZFahcyOTYsMzgwLDQ3Nyw0ODMsNDg0LDQ4NWobNDAyLDQwMyw0MDYsNDE3LDQ3Myw0OTcsNDk5cjyfAZYBngGUARUHFwBYCAoEQMQHEewLGdpLTMBKEK4KU5VtUgBL6CVhAB2UiUEPKSD5_5AJDQACDGMBAgt4PUpM/ofertasv/?filter[tourOperator]=RNBW&filter%5Bperson%5D=2&filter%5BchildAge%5D%5B1%5D=20201210&filter%5Bchild%5D=1"
"Galini Palace Grecja, Kreta Zachodnia, Kolymvari","7561.0","07.10.2026 - 14.10.2026","8 dni/7 nocy","","4.0","4.0","128","tripadvisor","Warszawa - Modlin","2026-09-14T06:31:06.154182+00:00","https://fly.pl/oferta/grecja-wczasy/?filter[dest]=14:&filter[hotelids]=&filter[cityids]=&filter[cregids]=&filter[ofrType]=&filter[addObjType]=&filter[whenFrom]=14-09-2026&filter[whenTo]=14-10-2026&filter[duration]=7:10&filter[from]=&filter[person]=2&filter[child]=1&filter[price]=4000:20000&filter[PriceFrom]=4000&filter[PriceTo]=20000&filter[addCategory]=50&filter[addCatering]=1&filter[addMisc]=0&filter[addTransport]=F&filter[fp]=1&order_by=ofr_price&filter[tourOperator]=0&filter[childAge][1]=20201210","https://fly.pl/cdn/photo/assets/uploads/582/278/2019/08/Galini-Palace-fly-pl.jpg","https://fly.pl/wycieczka/grecja,kreta-zachodnia,kolymvari/galini-palace-12/p8_D46UVAxx0fKiYr7fDugAAog3B8NgbRx_begrGPbDld9KllpPhn1MYxAg-3xhi_rg7cqBEJWQkUwqqme1QZIiTtQAVihBGACagJBSXIiHBGcsAEbwpY7GOSdFKsE97YquQThBgGyoubtAgISYwECC5n2bfg/ofertasv/?filter[tourOperator]=BVBE&filter%5Bperson%5D=2&filter%5BchildAge%5D%5B1%5D=20201210&filter%5Bchild%5D=1"
"Filion Suites Resort Grecja, Kreta Wschodnia, Bali","7602.0","03.10.2026 - 10.10.2026","8 dni/7 nocy","","4.4","4.4","3008","tripadvisor","Katowice","2026-09-14T06:31:06.154182+00:00","https://fly.pl/oferta/grecja-wczasy/?filter[dest]=14:&filter[hotelids]=&filter[cityids]=&filter[cregids]=&filter[ofrType]=&filter[addObjType]=&filter[whenFrom]=14-09-2026&filter[whenTo]=14-10-2026&filter[duration]=7:10&filter[from]=&filter[person]=2&filter[child]=1&filter[price]=4000:20000&filter[PriceFrom]=4000&filter[PriceTo]=20000&filter[addCategory]=50&filter[addCatering]=1&filter[addMisc]=0&filter[addTransport]=F&filter[fp]=1&order_by=ofr_price&filter[tourOperator]=0&filter[childAge][1]=20201210","https://datacfstatic.merlinx.pl/XTOP/IMG/19190/911900bc369d190d0c018c9684c04ad17e37e114ef877a6fcb47bddddf055a3a.webp","https://fly.pl/wycieczka/grecja,kreta-wschodnia,bali/filion-suites-resort/XTOP4c9dafX_wYAAHNOYVBwWQGyAQDHmqjHCpABCgYIysYREAESBgiqnxUQARp-TVBVVzJHRjIzTjFWNkpNVzVLSUdTOUdCMVBESFJTTEM5QUVXWjNYSE5NMTNWWkRJWEJWSVZSMlJDMkVFUVZPM1M2NklBNjVXT1pMRVZBUURBQVNUMzlGQjhGMEhQWTVQOFBURkNQUVlER0lBQzc3VE1LQzYyRTNGREJKQ1pZCn8KBgjskgQQAhIGCNfBFRABGm1PNTQ1NDRkNTMyZjQxNGQ1NDUzNDc1MjMyMzU0ZTU3MmY1MjRkNTM1MDMwMzAzMDMwMzAzMDJmNDE0OTJmMzcyZjMyMzAzMjM2MzEzMDMwMzMyZjMwMzEzMjMzMzQzNTM2MzczODM5MzAzMTMyCiMKBgjs1gEQARIGCI6GAhABGhFEU1JULTk3LVRSQU5TRkVSMgofCgUIzDoQARIFCPNGEAEaD0RTUk0tOTctMnIyMjY3MgogCgUIwD4QARIFCNBLEAEaEERTUk0tOTctNTByMjI2NzMKIQoFCPAuEAESBQiYORABGhFEU1JVLTk3LVViZXpiYXNpYxhhKKIkMgYI6rIuEAE4Aw/ofertasv/?filter[tourOperator]=XTOP&filter%5Bperson%5D=2&filter%5BchildAge%5D%5B1%5D=20201210&filter%5Bchild%5D=1"
"All Senses Nautica Blue Exclusive Resort & Spa (ex Aegean Breeze) Grecja, Rodos, Fanes","7813.0","28.09.2026 - 05.10.2026","8 dni/7 nocy","","3.7","3.7","1514","tripadvisor","Katowice","2026-09-14T06:31:06.154182+00:00","https://fly.pl/oferta/grecja-wczasy/?filter[dest]=14:&filter[hotelids]=&filter[cityids]=&filter[cregids]=&filter[ofrType]=&filter[addObjType]=&filter[whenFrom]=14-09-2026&filter[whenTo]=14-10-2026&filter[duration]=7:10&filter[from]=&filter[person]=2&filter[child]=1&filter[price]=4000:20000&filter[PriceFrom]=4000&filter[PriceTo]=20000&filter[addCategory]=50&filter[addCatering]=1&filter[addMisc]=0&filter[addTransport]=F&filter[fp]=1&order_by=ofr_price&filter[tourOperator]=0&filter[childAge][1]=20201210","https://fly.pl/cdn/photo/assets/uploads/582/278/2014/11/Aegean-Breeze-Resort-ex-Medblue-Fanes-fly-pl.jpg","https://fly.pl/wycieczka/grecja,rodos,fanes/medblue-fanes-ex-nautica-blue/p1nD03e6whMY7diYF5FhdTAAogBoE7Spt6Y_2QGpN3xua9ygAAAAAAdgQAL3YEAAcAAAAqBFdFWlkwqqme1QZIhT1QQVjJAmADaglFbnRlciBBaXJqBDAzNTBqBDA3NTBqBDA4MTVyQJ4BkwGUAZUBHwACARwAFgQXAhLWBBikA0CgeRHxQkviDlAATLhDTwAb4bQBHfOgDiAvDZHkwgkBEmMBDmMBAg1UJ7mE/ofertasv/?filter[tourOperator]=WEZY&filter%5Bperson%5D=2&filter%5BchildAge%5D%5B1%5D=20201210&filter%5Bchild%5D=1"
"Hydramis Palace Beach Resort Grecja, Kreta Zachodnia, Kavros","8037.0","07.10.2026 - 14.10.2026","8 dni/7 nocy","","4.2","4.2","655","tripadvisor","Warszawa - Modlin","2026-09-14T06:31:06.154182+00:00","https://fly.pl/oferta/grecja-wczasy/?filter[dest]=14:&filter[hotelids]=&filter[cityids]=&filter[cregids]=&filter[ofrType]=&filter[addObjType]=&filter[whenFrom]=14-09-2026&filter[whenTo]=14-10-2026&filter[duration]=7:10&filter[from]=&filter[person]=2&filter[child]=1&filter[price]=4000:20000&filter[PriceFrom]=4000&filter[PriceTo]=20000&filter[addCategory]=50&filter[addCatering]=1&filter[addMisc]=0&filter[addTransport]=F&filter[fp]=1&order_by=ofr_price&filter[tourOperator]=0&filter[childAge][1]=20201210","https://fly.pl/cdn/photo/assets/uploads/582/278/2016/04/Hydramis-Palace.jpg","https://fly.pl/wycieczka/grecja,kreta-zachodnia,kavros/hydramis-palace/p7fihjMANfKRIPaR9cs3-VAAogk_EC3TkomFr0jEGUwfFQWEDIWrtVbaUEByVQestirPoqBEVYSU0wqqme1QZI5T5QAVihBGACagJBSXIhHBHkowarBMCfQbkEXhvR-SwY8OpDAZ3Jop4LAhJjAQIFeMngFQ/ofertasv/?filter[tourOperator]=EXIM&filter%5Bperson%5D=2&filter%5BchildAge%5D%5B1%5D=20201210&filter%5Bchild%5D=1"
"Solimar Aquamarine Grecja, Kreta Zachodnia, Pirgos Psilonerou","8057.0","27.09.2026 - 05.10.2026","9 dni/7 nocy","","4.1","4.1","759","tripadvisor","Katowice","2026-09-14T06:31:06.154182+00:00","https://fly.pl/oferta/grecja-wczasy/?filter[dest]=14:&filter[hotelids]=&filter[cityids]=&filter[cregids]=&filter[ofrType]=&filter[addObjType]=&filter[whenFrom]=14-09-2026&filter[whenTo]=14-10-2026&filter[duration]=7:10&filter[from]=&filter[person]=2&filter[child]=1&filter[price]=4000:20000&filter[PriceFrom]=4000&filter[PriceTo]=20000&filter[addCategory]=50&filter[addCatering]=1&filter[addMisc]=0&filter[addTransport]=F&filter[fp]=1&order_by=ofr_price&filter[tourOperator]=0&filter[childAge][1]=20201210","https://fly.pl/cdn/photo/assets/uploads/582/278/2014/09/solimar-aquamarine.jpg","https://fly.pl/wycieczka/grecja,kreta-zachodnia,pirgos-psilonerou/solimar-aquamarine/p9-x2Aw45Ezt8JBPP152HcAAogOozgDTC1aTZEEQLbwW7Lk9UKo4qrMbuWnCGtwX5goEwqBFZJVFgwqqme1QZI-T5QQVixAmACcj4aABUHFwBcA1gFQI8DU6B7UgBbnRxhmThLAF6nMEz8-DkNqNSYCSABUYr_mJ1lT4jVHV3ojLDOQwIMYwECC5wUoT0/ofertasv/?filter[tourOperator]=VITX&filter%5Bperson%5D=2&filter%5BchildAge%5D%5B1%5D=20201210&filter%5Bchild%5D=1"
"Almyra Village Grecja, Kreta Wschodnia, Koutsounari","8057.0","30.09.2026 - 07.10.2026","8 dni/7 nocy","","4.0","4.0","734","tripadvisor","Katowice","2026-09-14T06:31:06.154182+00:00","https://fly.pl/oferta/grecja-wczasy/?filter[dest]=14:&filter[hotelids]=&filter[cityids]=&filter[cregids]=&filter[ofrType]=&filter[addObjType]=&filter[whenFrom]=14-09-2026&filter[whenTo]=14-10-2026&filter[duration]=7:10&filter[from]=&filter[person]=2&filter[child]=1&filter[price]=4000:20000&filter[PriceFrom]=4000&filter[PriceTo]=20000&filter[addCategory]=50&filter[addCatering]=1&filter[addMisc]=0&filter[addTransport]=F&filter[fp]=1&order_by=ofr_price&filter[tourOperator]=0&filter[childAge][1]=20201210","https://fly.pl/cdn/photo/assets/uploads/582/278/2010/04/Almyra-Village1883.jpg","https://fly.pl/wycieczka/grecja,kreta-wschodnia,koutsounari/almyra-village/peeIonDO2so_6CIBsXnkDwAAogIH35ARgIpmYAUXeSamvBefItLA4jFfED9OGQAGBJtSEqBFZJVFgwqqme1QZI-T5QQVj5AmACcj8aABUHFwBcA1gFQI8DW810U7g4UgBh0SJLAF6nMEz8-DkNq9SYCSAAUcjNrY2NAU_IkB1dnIOq3hsCDGMBAguUufxq/ofertasv/?filter[tourOperator]=VITX&filter%5Bperson%5D=2&filter%5BchildAge%5D%5B1%5D=20201210&filter%5Bchild%5D=1"
"Elinotel Sermilia Resort (ex. Bomo Cronwell Sermilia) Grecja, Chalkidiki, Psakoudia","8083.0","26.09.2026 - 03.10.2026","8 dni/7 nocy","","3.7","3.7","213","tripadvisor","Poznań","2026-09-14T06:31:06.154182+00:00","https://fly.pl/oferta/grecja-wczasy/?filter[dest]=14:&filter[hotelids]=&filter[cityids]=&filter[cregids]=&filter[ofrType]=&filter[addObjType]=&filter[whenFrom]=14-09-2026&filter[whenTo]=14-10-2026&filter[duration]=7:10&filter[from]=&filter[person]=2&filter[child]=1&filter[price]=4000:20000&filter[PriceFrom]=4000&filter[PriceTo]=20000&filter[addCategory]=50&filter[addCatering]=1&filter[addMisc]=0&filter[addTransport]=F&filter[fp]=1&order_by=ofr_price&filter[tourOperator]=0&filter[childAge][1]=20201210","https://fly.pl/cdn/photo/assets/uploads/582/278/2015/06/ace51f02b6f338f488ef08630ea127c1256fa3044b889314275e4a932f9fc24a.jpg","https://fly.pl/wycieczka/grecja,chalkidiki,psakoudia/cronwell-sermilia-resort/pbt2We1X-raCD8Vxmww3BhAAogRkxM-fA2rG4p9iL8DHs6MHQ1O7EdUzX2Z43sxTmkcdYqBFJOQlcwqqme1QZIkz9QQViZAmACagRCd2NEag1BTExfSU5DTFVTSVZFahcyOTYsMzgwLDQ3Nyw0ODMsNDg0LDQ4NWoPNDA1LDQwOSw1MDYsNTI5cjyfAZYBngGUARUHFwBYCAoEQMQHEds3GesfTMBKELoKS_xPYQBSjR1TAB2UqkEPKSDhhJEJDQACDGMBAgsUqoW8/ofertasv/?filter[tourOperator]=RNBW&filter%5Bperson%5D=2&filter%5BchildAge%5D%5B1%5D=20201210&filter%5Bchild%5D=1"
"Ibiscus Corfu Grecja, Korfu, Roda","8326.0","30.09.2026 - 07.10.2026","8 dni/7 nocy","","4.1","4.1","369","tripadvisor","Wrocław","2026-09-14T06:31:06.154182+00:00","https://fly.pl/oferta/grecja-wczasy/?filter[dest]=14:&filter[hotelids]=&filter[cityids]=&filter[cregids]=&filter[ofrType]=&filter[addObjType]=&filter[whenFrom]=14-09-2026&filter[whenTo]=14-10-2026&filter[duration]=7:10&filter[from]=&filter[person]=2&filter[child]=1&filter[price]=4000:20000&filter[PriceFrom]=4000&filter[PriceTo]=20000&filter[addCategory]=50&filter[addCatering]=1&filter[addMisc]=0&filter[addTransport]=F&filter[fp]=1&order_by=ofr_price&filter[tourOperator]=0&filter[childAge][1]=20201210","https://fly.pl/cdn/photo/assets/uploads/582/278/2019/02/Hotel-Ibiscus-Corfu.jpg","https://fly.pl/wycieczka/grecja,korfu,roda/ibiscus-grecja-korfu-grecja/psFrSfVupZ9eQJs52IQD3FAAogYpkeIZv0WW953AUV4z3J5OgbHFL5lJ25oGIymteosN8qBEdSQ1Mwqqme1QZIhkFQQVj5AmADcj0XBxUAXANYBVYCHeABD1xAjgRSn3dTAFv3CF6qfGHJSEsAAZCGjAENzv7FCCAAUZK59OZkARJjAQJjAQILxLg6wA/ofertasv/?filter[tourOperator]=GRCS&filter%5Bperson%5D=2&filter%5BchildAge%5D%5B1%5D=20201210&filter%5Bchild%5D=1"
"Valis Resort Grecja, Tesalia, Agria","8356.0","16.09.2026 - 23.09.2026","8 dni/7 nocy","","","","","","Katowice","2026-09-14T06:31:06.154182+00:00","https://fly.pl/oferta/grecja-wczasy/?filter[dest]=14:&filter[hotelids]=&filter[cityids]=&filter[cregids]=&filter[ofrType]=&filter[addObjType]=&filter[whenFrom]=14-09-2026&filter[whenTo]=14-10-2026&filter[duration]=7:10&filter[from]=&filter[person]=2&filter[child]=1&filter[price]=4000:20000&filter[PriceFrom]=4000&filter[PriceTo]=20000&filter[addCategory]=50&filter[addCatering]=1&filter[addMisc]=0&filter[addTransport]=F&filter[fp]=1&order_by=ofr_price&filter[tourOperator]=0&filter[childAge][1]=20201210","https://datacfstatic.merlinx.pl/RNBW/IMG/8759/2b8ed3b6f4e85c2410458d2a2f682b00a2214b389f8ea62aef38cc3a24cd772b.webp","https://fly.pl/wycieczka/grecja,tesalia,agria/valis-resort-12/p5uqUHLIguzjWm9l2HuUAwAAog2RI73uwki_I6ju3tj_dVHHetdNcK2CBq6M29p6o-LvUqBFJOQlcwqqme1QZIpEFQQVgpYAJqBEJ3Y0RqDUFMTF9JTkNMVVNJVkVqFzI5NiwzODAsNDc3LDQ4Myw0ODQsNDg1agc0MDcsNDA4cjyfAZYBngGUARUHFwBYCAoEQMQHEeA8Gc8bEO5mS4AMYQBS8W1TAEyQCh3LhkEPJyDN_pAJDQACDGMBAgvFxtzS/ofertasv/?filter[tourOperator]=RNBW&filter%5Bperson%5D=2&filter%5BchildAge%5D%5B1%5D=20201210&filter%5Bchild%5D=1"
"Apollonia Beach (Ammoudara) Grecja, Kreta Wschodnia, Ammoudara","8437.0","07.10.2026 - 14.10.2026","8 dni/7 nocy","","4.2","4.2","1054","tripadvisor","Kraków","2026-09-14T06:31:06.154182+00:00","https://fly.pl/oferta/grecja-wczasy/?filter[dest]=14:&filter[hotelids]=&filter[cityids]=&filter[cregids]=&filter[ofrType]=&filter[addObjType]=&filter[whenFrom]=14-09-2026&filter[whenTo]=14-10-2026&filter[duration]=7:10&filter[from]=&filter[person]=2&filter[child]=1&filter[price]=4000:20000&filter[PriceFrom]=4000&filter[PriceTo]=20000&filter[addCategory]=50&filter[addCatering]=1&filter[addMisc]=0&filter[addTransport]=F&filter[fp]=1&order_by=ofr_price&filter[tourOperator]=0&filter[childAge][1]=20201210","https://fly.pl/cdn/photo/assets/uploads/582/278/2009/06/Apollonia-Beach-Ammoudara481.jpg","https://fly.pl/wycieczka/grecja,kreta-wschodnia,ammoudara/apollonia-beach-ammoudara/pnuHwRH6aT6YApbCQDlyobAAog3zxYXed5RfzGne8P-DiOmuTSphl5RLvYNefjhP_d-yIqBEVYSU0wqqme1QZI9UFQAVihBGACagJBSXIhHBHKmgarBK_8O7kEFhuM0UAYu84_Acj89aULAhJjAQIMdA03QQ/ofertasv/?filter[tourOperator]=EXIM&filter%5Bperson%5D=2&filter%5BchildAge%5D%5B1%5D=20201210&filter%5Bchild%5D=1"
"Eretria Hotel & Spa Resort (ex. Eretria Village) Grecja, Evia, Eretria","8548.0","23.09.2026 - 30.09.2026","8 dni/7 nocy","","3.5","3.5","266","tripadvisor","Poznań","2026-09-14T06:31:06.154182+00:00","https://fly.pl/oferta/grecja-wczasy/?filter[dest]=14:&filter[hotelids]=&filter[cityids]=&filter[cregids]=&filter[ofrType]=&filter[addObjType]=&filter[whenFrom]=14-09-2026&filter[whenTo]=14-10-2026&filter[duration]=7:10&filter[from]=&filter[person]=2&filter[child]=1&filter[price]=4000:20000&filter[PriceFrom]=4000&filter[PriceTo]=20000&filter[addCategory]=50&filter[addCatering]=1&filter[addMisc]=0&filter[addTransport]=F&filter[fp]=1&order_by=ofr_price&filter[tourOperator]=0&filter[childAge][1]=20201210","https://fly.pl/cdn/photo/assets/uploads/582/278/2014/11/Hotel-Eretria-Spa-Resort.jpg","https://fly.pl/wycieczka/grecja,evia,eretria/eretria-village/pTWk5IENnEaVmGqlhaUAwrAAogqyFR2BJ9sXS4Ycjx81zipObBCQMX0GZyL7sNgQwJQzoqBEdSQ1Mwqqme1QZI5EJQQVjRAWADcjwVBxcAWAhWAlwCHbQGDxNAAVLqZlMAW7oKXpyLAWF4SwAB7IKFAQ28yc0IIABRz4GR1FcBEmMBAmMBAguAqOuE/ofertasv/?filter[tourOperator]=GRCS&filter%5Bperson%5D=2&filter%5BchildAge%5D%5B1%5D=20201210&filter%5Bchild%5D=1"
"Zante Park Resort & SPA - BW Premier Collection Grecja, Zakynthos, Laganas","8557.0","25.09.2026 - 02.10.2026","8 dni/7 nocy","","3.7","3.7","642","tripadvisor","Katowice","2026-09-14T06:31:06.154182+00:00","https://fly.pl/oferta/grecja-wczasy/?filter[dest]=14:&filter[hotelids]=&filter[cityids]=&filter[cregids]=&filter[ofrType]=&filter[addObjType]=&filter[whenFrom]=14-09-2026&filter[whenTo]=14-10-2026&filter[duration]=7:10&filter[from]=&filter[person]=2&filter[child]=1&filter[price]=4000:20000&filter[PriceFrom]=4000&filter[PriceTo]=20000&filter[addCategory]=50&filter[addCatering]=1&filter[addMisc]=0&filter[addTransport]=F&filter[fp]=1&order_by=ofr_price&filter[tourOperator]=0&filter[childAge][1]=20201210","https://fly.pl/cdn/photo/assets/uploads/582/278/2014/07/Best-Western-Zante-Park-fly-pl.jpg","https://fly.pl/wycieczka/grecja,zakynthos,laganas/best-western-zante-park/ptRJMP7ivC7rmxXr1qS_huAAogTmq7rxPxMZ9q2RMVVDB5lj6o9zM-kXFGftSFMua9UZMqBFZJVFgwqqme1QZI7UJQQViBAmACckAaABUHFwBcA1gFQI8DW7-DAWGXTEsAXqcwUrpnUwBMv5E5DanUmAkgAF24l6nsqAFP3KqbxXlR79wMAgxjAQILaZJYZg/ofertasv/?filter[tourOperator]=VITX&filter%5Bperson%5D=2&filter%5BchildAge%5D%5B1%5D=20201210&filter%5Bchild%5D=1"
"Galini Sea View (Agia Marina) Grecja, Kreta Zachodnia, Agia Marina","8608.0","05.10.2026 - 12.10.2026","8 dni/7 nocy","","3.9","3.9","2019","tripadvisor","Gdańsk","2026-09-14T06:31:06.154182+00:00","https://fly.pl/oferta/grecja-wczasy/?filter[dest]=14:&filter[hotelids]=&filter[cityids]=&filter[cregids]=&filter[ofrType]=&filter[addObjType]=&filter[whenFrom]=14-09-2026&filter[whenTo]=14-10-2026&filter[duration]=7:10&filter[from]=&filter[person]=2&filter[child]=1&filter[price]=4000:20000&filter[PriceFrom]=4000&filter[PriceTo]=20000&filter[addCategory]=50&filter[addCatering]=1&filter[addMisc]=0&filter[addTransport]=F&filter[fp]=1&order_by=ofr_price&filter[tourOperator]=0&filter[childAge][1]=20201210","https://fly.pl/cdn/photo/assets/uploads/582/278/2014/07/Hotel-Galini-Sea-View.jpg","https://fly.pl/wycieczka/grecja,kreta-zachodnia,agia-marina/galini-sea-view-agia-marina/p8aDlkqIfATNTluJgjn7V6AAogZKkp5xbQmoKVUPnUg_dE3UmOekA_yuyM_6ey4n34iDgqBE9BU0kwqqme1QZIoENQAVjxA2ACagNBSWxyIBwRm3u5BP-9DqsEERvZ1AkY_LIRAff86fABAgBjAQIMH0E-Rw/ofertasv/?filter[tourOperator]=OASI&filter%5Bperson%5D=2&filter%5BchildAge%5D%5B1%5D=20201210&filter%5Bchild%5D=1"
"Possidi Holidays Grecja, Chalkidiki, Possidi","8667.0","06.10.2026 - 13.10.2026","8 dni/7 nocy","","4.2","4.2","640","tripadvisor","Warszawa - Modlin","2026-09-14T06:31:06.154182+00:00","https://fly.pl/oferta/grecja-wczasy/?filter[dest]=14:&filter[hotelids]=&filter[cityids]=&filter[cregids]=&filter[ofrType]=&filter[addObjType]=&filter[whenFrom]=14-09-2026&filter[whenTo]=14-10-2026&filter[duration]=7:10&filter[from]=&filter[person]=2&filter[child]=1&filter[price]=4000:20000&filter[PriceFrom]=4000&filter[PriceTo]=20000&filter[addCategory]=50&filter[addCatering]=1&filter[addMisc]=0&filter[addTransport]=F&filter[fp]=1&order_by=ofr_price&filter[tourOperator]=0&filter[childAge][1]=20201210","https://fly.pl/cdn/photo/assets/uploads/582/278/2015/04/Possidi-Holidays-fly-pl.jpg","https://fly.pl/wycieczka/grecja,chalkidiki,possidi/possidi-holidays/pXK8XDJ_h-GawACgZFPlScAAogukoXUnuZf7M-W6qNsU3zwomiY2K3SOHOgXYRdOUnQYwqBEVYSU0wqqme1QZI20NQAViJBGACagJBSXIhHBGyjgarBI-hQbkEHxu9viwYnvU1AbPE8_4IAhJjAQUKc2M1xw/ofertasv/?filter[tourOperator]=EXIM&filter%5Bperson%5D=2&filter%5BchildAge%5D%5B1%5D=20201210&filter%5Bchild%5D=1"
"Ajul Luxury & Spa Resort (Ayios Nikolaos) Grecja, Chalkidiki, Loutra","8827.0","06.10.2026 - 13.10.2026","8 dni/7 nocy","","","","","","Warszawa - Modlin","2026-09-14T06:31:06.154182+00:00","https://fly.pl/oferta/grecja-wczasy/?filter[dest]=14:&filter[hotelids]=&filter[cityids]=&filter[cregids]=&filter[ofrType]=&filter[addObjType]=&filter[whenFrom]=14-09-2026&filter[whenTo]=14-10-2026&filter[duration]=7:10&filter[from]=&filter[person]=2&filter[child]=1&filter[price]=4000:20000&filter[PriceFrom]=4000&filter[PriceTo]=20000&filter[addCategory]=50&filter[addCatering]=1&filter[addMisc]=0&filter[addTransport]=F&filter[fp]=1&order_by=ofr_price&filter[tourOperator]=0&filter[childAge][1]=20201210","https://datacfstatic.merlinx.pl/EXIM/IMG/99533/5e96e58a07fd02f8461292d1af2cfe1b7ba97df7092379a77d0c63b83d7d3e10.webp","https://fly.pl/wycieczka/grecja,chalkidiki,loutra/ajul-luxury-spa-resort-ayios-nikolaos-11/pbedtmG_HTRe4GYNZDt7IyAAogr9ox1UPET1fyuhbj4wr24YmiY2K3SOHOgXYRdOUnQYwqBEVYSU0wqqme1QZI-0RQAViJBGACagJBSXIhHBHNiQarBPSlQbkEHxvd5TkYx70-AeHhu5ILAgBjAQILr5hy5w/ofertasv/?filter[tourOperator]=EXIM&filter%5Bperson%5D=2&filter%5BchildAge%5D%5B1%5D=20201210&filter%5Bchild%5D=1"
"Rodos Palace Grecja, Rodos, Ixia","8857.0","28.09.2026 - 06.10.2026","9 dni/7 nocy","","3.5","3.5","5694","tripadvisor","Warszawa","2026-09-14T06:31:06.154182+00:00","https://fly.pl/oferta/grecja-wczasy/?filter[dest]=14:&filter[hotelids]=&filter[cityids]=&filter[cregids]=&filter[ofrType]=&filter[addObjType]=&filter[whenFrom]=14-09-2026&filter[whenTo]=14-10-2026&filter[duration]=7:10&filter[from]=&filter[person]=2&filter[child]=1&filter[price]=4000:20000&filter[PriceFrom]=4000&filter[PriceTo]=20000&filter[addCategory]=50&filter[addCatering]=1&filter[addMisc]=0&filter[addTransport]=F&filter[fp]=1&order_by=ofr_price&filter[tourOperator]=0&filter[childAge][1]=20201210","https://fly.pl/cdn/photo/assets/uploads/582/278/2014/07/Rodos-Palace.jpg","https://fly.pl/wycieczka/grecja,rodos,ixia/rodos-palace/pB7dr0rc_zZzE07ls3oKtTAAog7SEOapvuz92UYVfEHKn4mBiDe-jQ9gBc4EbXdapwIDoqBFZJVFgwqqme1QZImUVQQVjJAmACckAaABUHFwBcA1gFQI8DW6GTAV7cbFKRE1MAS9wwYQBM77Q5DcnUmAkgAFHs78Tt3gFP9ZUNXZDeqYInAgxjAQILJsvRcw/ofertasv/?filter[tourOperator]=VITX&filter%5Bperson%5D=2&filter%5BchildAge%5D%5B1%5D=20201210&filter%5Bchild%5D=1"
"Santa Marina Pearl Grecja, Kreta, Agia Marina","8887.0","30.09.2026 - 07.10.2026","8 dni/7 nocy","","4.1","4.1","1117","tripadvisor","Warszawa - Modlin","2026-09-14T06:31:06.154182+00:00","https://fly.pl/oferta/grecja-wczasy/?filter[dest]=14:&filter[hotelids]=&filter[cityids]=&filter[cregids]=&filter[ofrType]=&filter[addObjType]=&filter[whenFrom]=14-09-2026&filter[whenTo]=14-10-2026&filter[duration]=7:10&filter[from]=&filter[person]=2&filter[child]=1&filter[price]=4000:20000&filter[PriceFrom]=4000&filter[PriceTo]=20000&filter[addCategory]=50&filter[addCatering]=1&filter[addMisc]=0&filter[addTransport]=F&filter[fp]=1&order_by=ofr_price&filter[tourOperator]=0&filter[childAge][1]=20201210","https://fly.pl/cdn/photo/assets/uploads/582/278/2024/07/santa-marina-pearl.jpg","https://fly.pl/wycieczka/grecja,kreta,agia-marina/santa-marina-pearl-14/pN6VXlLzf7MbgLi41AndUbAAogPNlWDDRUiZp0kr-SjZFQKSwpoaWr2-VQZickFnAPQnwqBFZJVFgwqqme1QZIt0VQQVj5AmACagxXTUlDSFFEUDQwMTlqDENIUVdNSURQNDAxOXI3nQGPARoAFwcVAFwDWAVAjwNSoHtTAFuHC17WeUuPR2EATPRADaTF0QkgAFG79cudZQIMYwECC0cr6O8/ofertasv/?filter[tourOperator]=VITX&filter%5Bperson%5D=2&filter%5BchildAge%5D%5B1%5D=20201210&filter%5Bchild%5D=1"
"Rimondi Grand Resort & Spa Grecja, Kreta Zachodnia, Magnisia","8974.0","29.09.2026 - 06.10.2026","8 dni/7 nocy","","3.9","3.9","3016","tripadvisor","Katowice","2026-09-14T06:31:06.154182+00:00","https://fly.pl/oferta/grecja-wczasy/?filter[dest]=14:&filter[hotelids]=&filter[cityids]=&filter[cregids]=&filter[ofrType]=&filter[addObjType]=&filter[whenFrom]=14-09-2026&filter[whenTo]=14-10-2026&filter[duration]=7:10&filter[from]=&filter[person]=2&filter[child]=1&filter[price]=4000:20000&filter[PriceFrom]=4000&filter[PriceTo]=20000&filter[addCategory]=50&filter[addCatering]=1&filter[addMisc]=0&filter[addTransport]=F&filter[fp]=1&order_by=ofr_price&filter[tourOperator]=0&filter[childAge][1]=20201210","https://fly.pl/cdn/photo/assets/uploads/582/278/2016/10/Rimondi-Grand-Resort-Spa-fly-pl-2.jpg","https://fly.pl/wycieczka/grecja,kreta-zachodnia,magnisia/rimondi-grand-resort-spa/pOJFb0IaZUUiVsrYQrUTrZAAogF1BvmMz7Trp2aTHTy8m7gthtXihjgpNgLeHPmjygVaUqBEVDQ1gwqqme1QZIjkZQAVjhAmACagJBSXIiHBHGB6sEnaEWuQTK3gIYvvUuG9KVRAGKjbaLAgISYwECCxmYR10/ofertasv/?filter[tourOperator]=ECCX&filter%5Bperson%5D=2&filter%5BchildAge%5D%5B1%5D=20201210&filter%5Bchild%5D=1"
"Azure Resort & Spa (ex. Mediterranee) Grecja, Zakynthos, Planos","9197.0","06.10.2026 - 13.10.2026","8 dni/7 nocy","","3.1","3.1","102","tripadvisor","Warszawa","2026-09-14T06:31:06.154182+00:00","https://fly.pl/oferta/grecja-wczasy/?filter[dest]=14:&filter[hotelids]=&filter[cityids]=&filter[cregids]=&filter[ofrType]=&filter[addObjType]=&filter[whenFrom]=14-09-2026&filter[whenTo]=14-10-2026&filter[duration]=7:10&filter[from]=&filter[person]=2&filter[child]=1&filter[price]=4000:20000&filter[PriceFrom]=4000&filter[PriceTo]=20000&filter[addCategory]=50&filter[addCatering]=1&filter[addMisc]=0&filter[addTransport]=F&filter[fp]=1&order_by=ofr_price&filter[tourOperator]=0&filter[childAge][1]=20201210","https://fly.pl/cdn/photo/assets/uploads/582/278/2014/09/Azure-Resort-Spa-ex.-Mediterranee-fly-pl.jpg","https://fly.pl/wycieczka/grecja,zakynthos,planos/mediterranee-planos/pzTt6qP531F5WRFaK36-Y4AAogQ4HYYuF_bOWLUB4EriwMzpjoyaTce9EqpxQtW2G-l-UqBFZJVFgwqqme1QZI7UdQQViJBGACckAaABUHFwBcA1gFQI8DW7-DAV6-fGHtQ0sAUs0jUwBMoZE5DZjVmAkgAF3ovpPwhQJRtLfDwRxP-aAOAg5jAQINMNIOOA/ofertasv/?filter[tourOperator]=VITX&filter%5Bperson%5D=2&filter%5BchildAge%5D%5B1%5D=20201210&filter%5Bchild%5D=1"
"Lydia Maris Resort & Spa Grecja, Rodos, Kolymbia","9299.0","07.10.2026 - 14.10.2026","8 dni/7 nocy","","4.1","4.1","1368","tripadvisor","Kraków","2026-09-14T06:31:06.154182+00:00","https://fly.pl/oferta/grecja-wczasy/?filter[dest]=14:&filter[hotelids]=&filter[cityids]=&filter[cregids]=&filter[ofrType]=&filter[addObjType]=&filter[whenFrom]=14-09-2026&filter[whenTo]=14-10-2026&filter[duration]=7:10&filter[from]=&filter[person]=2&filter[child]=1&filter[price]=4000:20000&filter[PriceFrom]=4000&filter[PriceTo]=20000&filter[addCategory]=50&filter[addCatering]=1&filter[addMisc]=0&filter[addTransport]=F&filter[fp]=1&order_by=ofr_price&filter[tourOperator]=0&filter[childAge][1]=20201210","https://fly.pl/cdn/photo/assets/uploads/582/278/2015/03/Lydia-Maris-Resort-and-Spa.jpg","https://fly.pl/wycieczka/grecja,rodos,kolymbia/lydia-maris/pFlRUYy_R5WeBmEamq-YemAAogqd58iy45emg9V735-bbugr-dwW0YvMoGfR0jMG4mdQ0qBEVDQ1gwqqme1QZI00hQAVihBGACagJBSXIgHBGCIKsEuvoXuQQBGJmYKxuRzkAB0OW99AECAGMBAgv83hmf/ofertasv/?filter[tourOperator]=ECCX&filter%5Bperson%5D=2&filter%5BchildAge%5D%5B1%5D=20201210&filter%5Bchild%5D=1"
"White Olive Elite Grecja, Zakynthos, Laganas","9373.0","02.10.2026 - 09.10.2026","8 dni/7 nocy","","4.1","4.1","297","tripadvisor","Katowice","2026-09-14T06:31:06.154182+00:00","https://fly.pl/oferta/grecja-wczasy/?filter[dest]=14:&filter[hotelids]=&filter[cityids]=&filter[cregids]=&filter[ofrType]=&filter[addObjType]=&filter[whenFrom]=14-09-2026&filter[whenTo]=14-10-2026&filter[duration]=7:10&filter[from]=&filter[person]=2&filter[child]=1&filter[price]=4000:20000&filter[PriceFrom]=4000&filter[PriceTo]=20000&filter[addCategory]=50&filter[addCatering]=1&filter[addMisc]=0&filter[addTransport]=F&filter[fp]=1&order_by=ofr_price&filter[tourOperator]=0&filter[childAge][1]=20201210","https://fly.pl/cdn/photo/assets/uploads/582/278/2018/09/White-Olive-Elite-fly-pl-1.jpg","https://fly.pl/wycieczka/grecja,zakynthos,laganas/white-olive-elite/pVx_qSaOvgcx2RRJASC4U8AAogWJrL42VIhRarj9jHv0G9qZHSCzpSH2MmgRLoS4lyStcqBFJOQlcwqqme1QZInUlQQVipA2ACagRCd2NEag1BTExfSU5DTFVTSVZFahoxNiwyOTYsMzgwLDQ3Nyw0ODMsNDg0LDQ4NWoTNDA0LDQwNyw0MDgsNTIxLDUyOHI9nwGWAZ4BlAEVBxcAWAgKBEDEBxG3GhDwGxnGIUuwc2EATNqXAVIHUwAd2eQ_D_0BIN__kQkNAAIMYwECCyAWStc/ofertasv/?filter[tourOperator]=RNBW&filter%5Bperson%5D=2&filter%5BchildAge%5D%5B1%5D=20201210&filter%5Bchild%5D=1"
"Lindos Royal (ex. COOEE) Grecja, Rodos, Lindos","9487.0","29.09.2026 - 06.10.2026","8 dni/7 nocy","","3.8","3.8","3451","tripadvisor","Kraków","2026-09-14T06:31:06.154182+00:00","https://fly.pl/oferta/grecja-wczasy/?filter[dest]=14:&filter[hotelids]=&filter[cityids]=&filter[cregids]=&filter[ofrType]=&filter[addObjType]=&filter[whenFrom]=14-09-2026&filter[whenTo]=14-10-2026&filter[duration]=7:10&filter[from]=&filter[person]=2&filter[child]=1&filter[price]=4000:20000&filter[PriceFrom]=4000&filter[PriceTo]=20000&filter[addCategory]=50&filter[addCatering]=1&filter[addMisc]=0&filter[addTransport]=F&filter[fp]=1&order_by=ofr_price&filter[tourOperator]=0&filter[childAge][1]=20201210","https://fly.pl/cdn/photo/assets/uploads/582/278/2015/08/LINDOS-ROYAL.jpg","https://fly.pl/wycieczka/grecja,rodos,lindos/lindos-royal/pzLqLFtPEAnkAW0mJF46CqAAogNa_MvNl9Rv1ipVCFKjPdPbdVmxRt2ki5MjH_iGRBr0YqBEVYSU0wqqme1QZIj0pQAVjhAmACagJBSXIhHBHxwQa5BPXcRKsEQBucuzIY5886AZvJ9JsLAgBjAQILNUzkZQ/ofertasv/?filter[tourOperator]=EXIM&filter%5Bperson%5D=2&filter%5BchildAge%5D%5B1%5D=20201210&filter%5Bchild%5D=1"
"Almyros Beach (ex Cyprotel Almyros) Grecja, Korfu, Acharavi","9505.0","03.10.2026 - 10.10.2026","8 dni/7 nocy","","4.5","4.5","254","tripadvisor","Katowice","2026-09-14T06:31:06.154182+00:00","https://fly.pl/oferta/grecja-wczasy/?filter[dest]=14:&filter[hotelids]=&filter[cityids]=&filter[cregids]=&filter[ofrType]=&filter[addObjType]=&filter[whenFrom]=14-09-2026&filter[whenTo]=14-10-2026&filter[duration]=7:10&filter[from]=&filter[person]=2&filter[child]=1&filter[price]=4000:20000&filter[PriceFrom]=4000&filter[PriceTo]=20000&filter[addCategory]=50&filter[addCatering]=1&filter[addMisc]=0&filter[addTransport]=F&filter[fp]=1&order_by=ofr_price&filter[tourOperator]=0&filter[childAge][1]=20201210","https://fly.pl/cdn/photo/assets/uploads/582/278/2015/01/Almyros-Beach-ex-Cyprotel-Almyros-fly-pl.jpg","https://fly.pl/wycieczka/grecja,korfu,acharavi/cyprotel-almyros-ex-almyros-natura/pk0SqPv2fsw-mSAk7GJlsPAAogkkJbHjPH4kopURR2LPZNKy4JXqKmgIIINK5hD42ZiOoqBEdSQ1Mwqqme1QZIoUpQQVjBA2ADcj0VBxcAWAhWAlwCD-0EHRZAxQFSn3dTAFv3CGGDTEsAXqcwAY3diAEN4_DJCCAAUf-63uZkARJjAQJjAQIL8CZFVA/ofertasv/?filter[tourOperator]=GRCS&filter%5Bperson%5D=2&filter%5BchildAge%5D%5B1%5D=20201210&filter%5Bchild%5D=1"
"Sunshine Crete Beach (ex Club Calimera) Grecja, Kreta Wschodnia, Koutsounari","9466.0","29.09.2026 - 06.10.2026","8 dni/7 nocy","","3.7","3.7","118","tripadvisor","Katowice","2026-09-14T06:31:06.154182+00:00","https://fly.pl/oferta/grecja-wczasy/?filter[dest]=14:&filter[hotelids]=&filter[cityids]=&filter[cregids]=&filter[ofrType]=&filter[addObjType]=&filter[whenFrom]=14-09-2026&filter[whenTo]=14-10-2026&filter[duration]=7:10&filter[from]=&filter[person]=2&filter[child]=1&filter[price]=4000:20000&filter[PriceFrom]=4000&filter[PriceTo]=20000&filter[addCategory]=50&filter[addCatering]=1&filter[addMisc]=0&filter[addTransport]=F&filter[fp]=1&order_by=ofr_price&filter[tourOperator]=0&filter[childAge][1]=20201210","https://fly.pl/cdn/photo/assets/uploads/582/278/2015/01/MARE-BLUE-EX-SUNSHINE-CRETE-BEACH.jpg","https://fly.pl/wycieczka/grecja,kreta-wschodnia,koutsounari/club-calimera-sunshine/XTOP45c0c1X_wYAAHNOYVBwWQGyAQDdViccCpABCgYI2OcPEAESBgjukxMQARp-TVBVVzJHRjIzTjFWNkpNVzVLSUdTOUdCMVBESFJTTEM5QUVXS1hROUxXUjRYNDNUWThRUVU3NThQNERRMDFHWTkwNDRNUzZOMUQ5V1Y5RTdNWjU2T1VVNEg0Q0lUV080U01HSjhJUVpMR09MTk4yOTRKTFVSMzRJNEJYNEJaCn8KBgiyrwYQAhIGCN2FIRABGm1PNTQ1NDRkNTMyZjQxNGQ1NDUzNDc1MjMyMzU0ZjM4MmY1MjRkNTM1MDMwMzA0ZDU2MzAzMDJmNDE0OTJmMzcyZjMyMzAzMjM2MzAzOTMyMzkyZjMwMzEzMjMzMzQzNTM2MzczODM5MzAzMTMyCiMKBgj8oQMQARIGCPb9AxABGhFEU1JULTk3LVRSQU5TRkVSNQofCgUIzDoQARIFCPNGEAEaD0RTUk0tOTctMnIyMjY3MgogCgUIwD4QARIFCNBLEAEaEERTUk0tOTctNTByMjI2NzMKIQoFCPAuEAESBQiYORABGhFEU1JVLTk3LVViZXpiYXNpYxhhKKIkMgYInOM5EAE4Aw/ofertasv/?filter[tourOperator]=XTOP&filter%5Bperson%5D=2&filter%5BchildAge%5D%5B1%5D=20201210&filter%5Bchild%5D=1"
"Labranda Sandy Beach (ex Aquis Sandy Beach) Grecja, Korfu, Agios Georgios","9547.0","30.09.2026 - 07.10.2026","8 dni/7 nocy","","3.9","3.9","7908","tripadvisor","Wrocław","2026-09-14T06:31:06.154182+00:00","https://fly.pl/oferta/grecja-wczasy/?filter[dest]=14:&filter[hotelids]=&filter[cityids]=&filter[cregids]=&filter[ofrType]=&filter[addObjType]=&filter[whenFrom]=14-09-2026&filter[whenTo]=14-10-2026&filter[duration]=7:10&filter[from]=&filter[person]=2&filter[child]=1&filter[price]=4000:20000&filter[PriceFrom]=4000&filter[PriceTo]=20000&filter[addCategory]=50&filter[addCatering]=1&filter[addMisc]=0&filter[addTransport]=F&filter[fp]=1&order_by=ofr_price&filter[tourOperator]=0&filter[childAge][1]=20201210","https://fly.pl/cdn/photo/assets/uploads/582/278/2014/06/LABRANDA-Sandy-Beach-Resort.jpg","https://fly.pl/wycieczka/grecja,korfu,agios-georgios/aquis-sandy-beach-resort-agios-georgios/pWUmDw1cofHQS90BFM-RmgAAogoX0AO3ufMH85IYdoz1Sto4runnHXGeQQhaR2azNzh-QqBFJOQlcwqqme1QZIy0pQQVj5AmACagRCd2NEag1BTExfSU5DTFVTSVZFahcyOTYsMzgwLDQ3Nyw0ODMsNDg0LDQ4NXI8nwGWAZ4BFQcXAFgICgRAxAcRxxUQ0BYZwytTyR5SAEyAUUvqfGEAHZSzQA_F6AMghemNCQ0AAgxjAQIL5ACG1w/ofertasv/?filter[tourOperator]=RNBW&filter%5Bperson%5D=2&filter%5BchildAge%5D%5B1%5D=20201210&filter%5Bchild%5D=1"
"Ammos (Mastichari) Grecja, Kos, Mastichari","9557.0","03.10.2026 - 11.10.2026","9 dni/7 nocy","","4.2","4.2","238","tripadvisor","Warszawa","2026-09-14T06:31:06.154182+00:00","https://fly.pl/oferta/grecja-wczasy/?filter[dest]=14:&filter[hotelids]=&filter[cityids]=&filter[cregids]=&filter[ofrType]=&filter[addObjType]=&filter[whenFrom]=14-09-2026&filter[whenTo]=14-10-2026&filter[duration]=7:10&filter[from]=&filter[person]=2&filter[child]=1&filter[price]=4000:20000&filter[PriceFrom]=4000&filter[PriceTo]=20000&filter[addCategory]=50&filter[addCatering]=1&filter[addMisc]=0&filter[addTransport]=F&filter[fp]=1&order_by=ofr_price&filter[tourOperator]=0&filter[childAge][1]=20201210","https://fly.pl/cdn/photo/assets/uploads/582/278/2016/11/AMMOS-LUXURY-RESORT.jpg","https://fly.pl/wycieczka/grecja,kos,mastichari/ammos-mastichari/pvfRQSJgHB7ro0QV3O4QvaAAog4k1T9l0BFq1Jmm0QO7R3uYyjQfhCSpknR2oORujcQHkqBFZJVFgwqqme1QZI1UpQQVjBA2ACckAaABUHFwBcA1gFQI8DW6eGAVPXRVIAXv8zS-1DYQBM77Q5DZTVmAkgAVGEid7xpQFPkdw9XdD9y_1fAgxjAQIL5mXvig/ofertasv/?filter[tourOperator]=VITX&filter%5Bperson%5D=2&filter%5BchildAge%5D%5B1%5D=20201210&filter%5Bchild%5D=1"
"Galaxy Beach Resort BW Premier Collection Grecja, Zakynthos, Laganas","9579.0","05.10.2026 - 12.10.2026","8 dni/7 nocy","","3.9","3.9","744","tripadvisor","Warszawa - Modlin","2026-09-14T06:31:06.154182+00:00","https://fly.pl/oferta/grecja-wczasy/?filter[dest]=14:&filter[hotelids]=&filter[cityids]=&filter[cregids]=&filter[ofrType]=&filter[addObjType]=&filter[whenFrom]=14-09-2026&filter[whenTo]=14-10-2026&filter[duration]=7:10&filter[from]=&filter[person]=2&filter[child]=1&filter[price]=4000:20000&filter[PriceFrom]=4000&filter[PriceTo]=20000&filter[addCategory]=50&filter[addCatering]=1&filter[addMisc]=0&filter[addTransport]=F&filter[fp]=1&order_by=ofr_price&filter[tourOperator]=0&filter[childAge][1]=20201210","https://fly.pl/cdn/photo/assets/uploads/582/278/2014/07/Best-Western-Galaxy-Laganas-fly-pl.jpg","https://fly.pl/wycieczka/grecja,zakynthos,laganas/best-western-galaxy-laganas/pdbwMOmy7KO6ku3Vn0i23CAAogOmiSuy0a4sfhlPC3m10yDOpKVdodt36SsiD5KgWwM3UqBEJWQkUwqqme1QZI60pQAVjxA2ACagJBSXIgHBHhfRu56D4YnIETuQTsryirBAEB7qPVkwMCAGMBAgvkRr9M/ofertasv/?filter[tourOperator]=BVBE&filter%5Bperson%5D=2&filter%5BchildAge%5D%5B1%5D=20201210&filter%5Bchild%5D=1"
"Sitia Beach Grecja, Kreta Wschodnia, Sitia","9657.0","27.09.2026 - 04.10.2026","8 dni/7 nocy","","4.3","4.3","1263","tripadvisor","Katowice","2026-09-14T06:31:06.154182+00:00","https://fly.pl/oferta/grecja-wczasy/?filter[dest]=14:&filter[hotelids]=&filter[cityids]=&filter[cregids]=&filter[ofrType]=&filter[addObjType]=&filter[whenFrom]=14-09-2026&filter[whenTo]=14-10-2026&filter[duration]=7:10&filter[from]=&filter[person]=2&filter[child]=1&filter[price]=4000:20000&filter[PriceFrom]=4000&filter[PriceTo]=20000&filter[addCategory]=50&filter[addCatering]=1&filter[addMisc]=0&filter[addTransport]=F&filter[fp]=1&order_by=ofr_price&filter[tourOperator]=0&filter[childAge][1]=20201210","https://fly.pl/cdn/photo/assets/uploads/582/278/2015/03/SITIA-BEACH-CITY-RESORT-SPA.jpg","https://fly.pl/wycieczka/grecja,kreta-wschodnia,sitia/sitia-beach/pWXiHjIfBusBwoJ8f9ZuyeAAog8dFthuWVsLfz1ceehlUtS1lciNoRC5L10Mtq0iamvMsqBFZJVFgwqqme1QZIuUtQQVixAmACckIaABUHFwBcA1gFQI8DW72XAVPWLVIAYcMKSwBepzBM_Pg5DajUmAkgAFGH0uCNjQFPi6i1pxNdlMvltggCDmMBAg3RSKrG/ofertasv/?filter[tourOperator]=VITX&filter%5Bperson%5D=2&filter%5BchildAge%5D%5B1%5D=20201210&filter%5Bchild%5D=1"
"Cavo Spada Luxury Resort & Spa Grecja, Kreta Zachodnia, Rapaniana","9687.0","30.09.2026 - 07.10.2026","8 dni/7 nocy","","4.4","4.4","1219","tripadvisor","Warszawa - Modlin","2026-09-14T06:31:06.154182+00:00","https://fly.pl/oferta/grecja-wczasy/?filter[dest]=14:&filter[hotelids]=&filter[cityids]=&filter[cregids]=&filter[ofrType]=&filter[addObjType]=&filter[whenFrom]=14-09-2026&filter[whenTo]=14-10-2026&filter[duration]=7:10&filter[from]=&filter[person]=2&filter[child]=1&filter[price]=4000:20000&filter[PriceFrom]=4000&filter[PriceTo]=20000&filter[addCategory]=50&filter[addCatering]=1&filter[addMisc]=0&filter[addTransport]=F&filter[fp]=1&order_by=ofr_price&filter[tourOperator]=0&filter[childAge][1]=20201210","https://fly.pl/cdn/photo/assets/uploads/582/278/2014/07/Giannoulis-Cavo-Spada-Luxury-Sports.jpg","https://fly.pl/wycieczka/grecja,kreta-zachodnia,rapaniana/cavo-spada-luxury-resort/p5HCIxADhhb6IIT8xlHjCAAAogHdDTbTMLi1pPRjgYzvloyiwpoaWr2-VQZickFnAPQnwqBFZJVFgwqqme1QZI10tQQVj5AmACagxXTUlDSFFEUDQwMTlqDENIUVdNSURQNDAxOXI3nQGPARoAFwcVAFwDWAVAjwNSoHtTAFuDDV7ad0uPR2EATMAtDdjY0QkgAFHSr56dZQIMYwECC2wsMXg/ofertasv/?filter[tourOperator]=VITX&filter%5Bperson%5D=2&filter%5BchildAge%5D%5B1%5D=20201210&filter%5Bchild%5D=1"
"Natura Park Village","9712.0","03.10.2026 - 10.10.2026","8 dni/7 nocy","","4.0","4.0","1117","tripadvisor","Warszawa","2026-09-14T06:31:06.154182+00:00","https://fly.pl/oferta/grecja-wczasy/?filter[dest]=14:&filter[hotelids]=&filter[cityids]=&filter[cregids]=&filter[ofrType]=&filter[addObjType]=&filter[whenFrom]=14-09-2026&filter[whenTo]=14-10-2026&filter[duration]=7:10&filter[from]=&filter[person]=2&filter[child]=1&filter[price]=4000:20000&filter[PriceFrom]=4000&filter[PriceTo]=20000&filter[addCategory]=50&filter[addCatering]=1&filter[addMisc]=0&filter[addTransport]=F&filter[fp]=1&order_by=ofr_price&filter[tourOperator]=0&filter[childAge][1]=20201210","https://fly.pl/cdn/photo/assets/uploads/582/278/2017/09/Natura-Park-Village.jpg","https://fly.pl/wycieczka/grecja,kos,psalidi/natura-park-village/pCSuc8SDYVoB90SxeR0iaiAAogufp8HWe10Mv6jVkoZOA1DYjGnTOZpYU4JNsCnuc57zoqBFJOQlcwrqme1QZI8EtQQVjBA2ACagRCd2NUag1BTExfSU5DTFVTSVZFahoxNiwyOTYsMzgwLDQ3Nyw0ODMsNDg0LDQ4NWobNDAyLDQwMyw0MDYsNDE3LDQ3Myw0OTcsNDk5cjyfAZYBngGUARUHFwBYCAoJEdQDQOsDGfNWENNVU_8aUgBMoAJLzHVhAB3Q7UAPZSDOm5EJDQACDGMBBQulMvEn/ofertasv/?filter[tourOperator]=RNBW&filter%5Bperson%5D=2&filter%5BchildAge%5D%5B1%5D=20201210&filter%5Bchild%5D=1"
"Gaia Palace","9719.0","03.10.2026 - 10.10.2026","8 dni/7 nocy","","4.3","4.3","1218","tripadvisor","Warszawa","2026-09-14T06:31:06.154182+00:00","https://fly.pl/oferta/grecja-wczasy/?filter[dest]=14:&filter[hotelids]=&filter[cityids]=&filter[cregids]=&filter[ofrType]=&filter[addObjType]=&filter[whenFrom]=14-09-2026&filter[whenTo]=14-10-2026&filter[duration]=7:10&filter[from]=&filter[person]=2&filter[child]=1&filter[price]=4000:20000&filter[PriceFrom]=4000&filter[PriceTo]=20000&filter[addCategory]=50&filter[addCatering]=1&filter[addMisc]=0&filter[addTransport]=F&filter[fp]=1&order_by=ofr_price&filter[tourOperator]=0&filter[childAge][1]=20201210","https://fly.pl/cdn/photo/assets/uploads/582/278/2009/10/Gaia-Palace2994.jpg","https://fly.pl/wycieczka/grecja,kos,mastichari/gaia-palace/pZPAS_8QDrbrdnzXQjt1DAAAog_qF1fkKaRDkrhyicmDWCPAAAAAD-gAQAGYEEAAcAHQAqBFdFWlkwrqme1QZI90tQQVjBA2ADaglFbnRlciBBaXJqBDA5MzVqBDA2MTVqBDA4MjVyQJ4BkwGVAZgBHwAcAQIAFgQXAhLtAxTDBhHOKkCcTEz7TU8AS-x3UAAd9roPIBsb_LVkDfaY3ggBEmMBDGMBAgu9i9ac/ofertasv/?filter[tourOperator]=WEZY&filter%5Bperson%5D=2&filter%5BchildAge%5D%5B1%5D=20201210&filter%5Bchild%5D=1"
"Grand Blue Beach","9798.0","03.10.2026 - 10.10.2026","8 dni/7 nocy","","4.3","4.3","1177","tripadvisor","Warszawa","2026-09-14T06:31:06.154182+00:00","https://fly.pl/oferta/grecja-wczasy/?filter[dest]=14:&filter[hotelids]=&filter[cityids]=&filter[cregids]=&filter[ofrType]=&filter[addObjType]=&filter[whenFrom]=14-09-2026&filter[whenTo]=14-10-2026&filter[duration]=7:10&filter[from]=&filter[person]=2&filter[child]=1&filter[price]=4000:20000&filter[PriceFrom]=4000&filter[PriceTo]=20000&filter[addCategory]=50&filter[addCatering]=1&filter[addMisc]=0&filter[addTransport]=F&filter[fp]=1&order_by=ofr_price&filter[tourOperator]=0&filter[childAge][1]=20201210","https://fly.pl/cdn/photo/assets/uploads/582/278/2016/03/Gran-Blue-Beach.jpg","https://fly.pl/wycieczka/grecja,kos,kardamena/grand-blue-beach/pxl7Ph1_F4-uVQp4kbsaEcAAogp9BBeV3hvkq51WcLgwUthojGnTOZpYU4JNsCnuc57zoqBFJOQlcwrqme1QZIxkxQQVjBA2ACagRCd2NUag1BTExfSU5DTFVTSVZFahoxNiwyOTYsMzgwLDQ3Nyw0ODMsNDg0LDQ4NWobNDAyLDQwMyw0MDYsNDE3LDQ3Myw0OTcsNDk5cjyfAZYBngGUARUHFwBYCAoJQL8HEdgqGZssEPFoU-EHUgBMoAJLzHVhAB3Q7UAPZSDOm5EJDQACDGMBBQsih73X/ofertasv/?filter[tourOperator]=RNBW&filter%5Bperson%5D=2&filter%5BchildAge%5D%5B1%5D=20201210&filter%5Bchild%5D=1"
"Sandy Villas Resort (ex. Kairaba Sandy Villas)","9868.0","04.10.2026 - 11.10.2026","8 dni/7 nocy","","4.5","4.5","1238","tripadvisor","Warszawa - Modlin","2026-09-14T06:31:06.154182+00:00","https://fly.pl/oferta/grecja-wczasy/?filter[dest]=14:&filter[hotelids]=&filter[cityids]=&filter[cregids]=&filter[ofrType]=&filter[addObjType]=&filter[whenFrom]=14-09-2026&filter[whenTo]=14-10-2026&filter[duration]=7:10&filter[from]=&filter[person]=2&filter[child]=1&filter[price]=4000:20000&filter[PriceFrom]=4000&filter[PriceTo]=20000&filter[addCategory]=50&filter[addCatering]=1&filter[addMisc]=0&filter[addTransport]=F&filter[fp]=1&order_by=ofr_price&filter[tourOperator]=0&filter[childAge][1]=20201210","https://fly.pl/cdn/photo/assets/uploads/582/278/2019/09/Sandy-Villas.jpg","https://fly.pl/wycieczka/grecja,korfu,agios-georgios/kairaba-sandy-villas-9/psUGj4QsWsJ8WOV1do-ia7AAogPAhini1WwoA1zMmXUlLdY-kZyQSMIj_xDF6lWyIwHkcqBEJWQkUwrqme1QZIjE1QAVjZA2ACagJBSXIhHBHw0wEb8f49GKe9ErkE4IgpqwQsAf_O6IUDAhJjAQIL9UusKg/ofertasv/?filter[tourOperator]=BVBE&filter%5Bperson%5D=2&filter%5BchildAge%5D%5B1%5D=20201210&filter%5Bchild%5D=1"
"Thassos Grand Resort","9957.0","21.09.2026 - 28.09.2026","8 dni/7 nocy","","4.2","4.2","511","tripadvisor","Katowice","2026-09-14T06:31:06.154182+00:00","https://fly.pl/oferta/grecja-wczasy/?filter[dest]=14:&filter[hotelids]=&filter[cityids]=&filter[cregids]=&filter[ofrType]=&filter[addObjType]=&filter[whenFrom]=14-09-2026&filter[whenTo]=14-10-2026&filter[duration]=7:10&filter[from]=&filter[person]=2&filter[child]=1&filter[price]=4000:20000&filter[PriceFrom]=4000&filter[PriceTo]=20000&filter[addCategory]=50&filter[addCatering]=1&filter[addMisc]=0&filter[addTransport]=F&filter[fp]=1&order_by=ofr_price&filter[tourOperator]=0&filter[childAge][1]=20201210","https://fly.pl/cdn/photo/assets/uploads/582/278/2017/08/Thassos-Grand-Resort.jpg","https://fly.pl/wycieczka/grecja,thassos,aliki/thassos-grand-resort/pSBQL0R8s1fu12YU4pwGU1AAogQyrjOeelbuCpNtZ0kWvdCuWOC1wEuCM-Mprk2wT-WosqBFZJVFgwrqme1QZI5U1QQVihAWACcj4aABUHFwBcA1gFQI8DW7-DAWGXTEsAUzJSAF71L0z9-DkNodSYCSAAXaDO_uuoAVHMifonT6zMCwIMYwECBfKJ-ck/ofertasv/?filter[tourOperator]=VITX&filter%5Bperson%5D=2&filter%5BchildAge%5D%5B1%5D=20201210&filter%5Bchild%5D=1"
"Levante Beach Resort By Playitas","10035.0","02.10.2026 - 09.10.2026","8 dni/7 nocy","","","","","","Katowice","2026-09-14T06:31:06.154182+00:00","https://fly.pl/oferta/grecja-wczasy/?filter[dest]=14:&filter[hotelids]=&filter[cityids]=&filter[cregids]=&filter[ofrType]=&filter[addObjType]=&filter[whenFrom]=14-09-2026&filter[whenTo]=14-10-2026&filter[duration]=7:10&filter[from]=&filter[person]=2&filter[child]=1&filter[price]=4000:20000&filter[PriceFrom]=4000&filter[PriceTo]=20000&filter[addCategory]=50&filter[addCatering]=1&filter[addMisc]=0&filter[addTransport]=F&filter[fp]=1&order_by=ofr_price&filter[tourOperator]=0&filter[childAge][1]=20201210","https://datacfstatic.merlinx.pl/GRCS/IMG/RHOLEVA/2740a3d502498fa39ca484421876ad5de88a3968c5e7e54c025285cad7eee32f.webp","https://fly.pl/wycieczka/grecja,rodos,afandu/levante-beach-resort-by-playitas-10/pCV4T5G_oXEaZeNen0B70uAAogmneE2o_GXCUJJMrHcnFDE53l86o_X1m9AxsR6t9H0GYqBEdSQ1Mwrqme1QZIs05QQVipA2ADcj8XBxUAXANYBVYCHawCDxxAggRbloABYYNMSwBepzBSkRNTAAGN64QBDdHPzQggAFH8g7Pt3gEBEmMBAmMBAguo2k1B/ofertasv/?filter[tourOperator]=GRCS&filter%5Bperson%5D=2&filter%5BchildAge%5D%5B1%5D=20201210&filter%5Bchild%5D=1"
"Minos Imperial","10040.0","07.10.2026 - 14.10.2026","8 dni/7 nocy","","3.9","3.9","998","tripadvisor","Kraków","2026-09-14T06:31:06.154182+00:00","https://fly.pl/oferta/grecja-wczasy/?filter[dest]=14:&filter[hotelids]=&filter[cityids]=&filter[cregids]=&filter[ofrType]=&filter[addObjType]=&filter[whenFrom]=14-09-2026&filter[whenTo]=14-10-2026&filter[duration]=7:10&filter[from]=&filter[person]=2&filter[child]=1&filter[price]=4000:20000&filter[PriceFrom]=4000&filter[PriceTo]=20000&filter[addCategory]=50&filter[addCatering]=1&filter[addMisc]=0&filter[addTransport]=F&filter[fp]=1&order_by=ofr_price&filter[tourOperator]=0&filter[childAge][1]=20201210","https://fly.pl/cdn/photo/assets/uploads/582/278/2015/04/MINOS-IMPERIAL-LUXURY-BEACH-RESORT.jpg","https://fly.pl/wycieczka/grecja,kreta-wschodnia,milatos/minos-imperial/pCb8HpFu2YIsLv4BFeUKFsAAogPuansbaQ_aBsW-hYlrI_hYPMZTVett36fjNE0W-Rvl4qBEJWQkUwrqme1QZIuE5QAVihBGACagJBSXIhHBHVoQEbp6w-GKnwEqsE694ouQQXAeKyx40DAhJjAQILua23OQ/ofertasv/?filter[tourOperator]=BVBE&filter%5Bperson%5D=2&filter%5BchildAge%5D%5B1%5D=20201210&filter%5Bchild%5D=1"
"Aquila Rithymna Beach","10110.0","04.10.2026 - 11.10.2026","8 dni/7 nocy","","4.3","4.3","4109","tripadvisor","Katowice","2026-09-14T06:31:06.154182+00:00","https://fly.pl/oferta/grecja-wczasy/?filter[dest]=14:&filter[hotelids]=&filter[cityids]=&filter[cregids]=&filter[ofrType]=&filter[addObjType]=&filter[whenFrom]=14-09-2026&filter[whenTo]=14-10-2026&filter[duration]=7:10&filter[from]=&filter[person]=2&filter[child]=1&filter[price]=4000:20000&filter[PriceFrom]=4000&filter[PriceTo]=20000&filter[addCategory]=50&filter[addCatering]=1&filter[addMisc]=0&filter[addTransport]=F&filter[fp]=1&order_by=ofr_price&filter[tourOperator]=0&filter[childAge][1]=20201210","https://fly.pl/cdn/photo/assets/uploads/582/278/2014/07/Aquila-Rithymna-Beach.jpg","https://fly.pl/wycieczka/grecja,kreta-zachodnia,adelianos-kampos/aquila-rithymna-beach/p6HbVMOmfzO2LqyS0tpls5AAogMa_aX4ybFlbedhC3fMUDbgAAAAC6pwQA1qcEAAcAAAAqBFdFWlkwrqme1QZI_k5QQVjZA2ADaglFbnRlciBBaXJqBDAzMDBqBDA2NTVyQZ4BkwGUAR8AAgEcABYEFwIS1gQVjwoYmwER9iVApEtMgi9PAEvRIlAAG5r4Ax2shA0gHA22gcIJARJjAQ5jAQINl8Rrtw/ofertasv/?filter[tourOperator]=WEZY&filter%5Bperson%5D=2&filter%5BchildAge%5D%5B1%5D=20201210&filter%5Bchild%5D=1"
"Kipriotis Maris Suites (ex Iberostar)","10140.0","19.09.2026 - 26.09.2026","8 dni/7 nocy","","4.2","4.2","1551","tripadvisor","Warszawa","2026-09-14T06:31:06.154182+00:00","https://fly.pl/oferta/grecja-wczasy/?filter[dest]=14:&filter[hotelids]=&filter[cityids]=&filter[cregids]=&filter[ofrType]=&filter[addObjType]=&filter[whenFrom]=14-09-2026&filter[whenTo]=14-10-2026&filter[duration]=7:10&filter[from]=&filter[person]=2&filter[child]=1&filter[price]=4000:20000&filter[PriceFrom]=4000&filter[PriceTo]=20000&filter[addCategory]=50&filter[addCatering]=1&filter[addMisc]=0&filter[addTransport]=F&filter[fp]=1&order_by=ofr_price&filter[tourOperator]=0&filter[childAge][1]=20201210","https://fly.pl/cdn/photo/assets/uploads/582/278/2016/01/Kipriotis-Maris-Suites-ex-Iberostar-fly-pl.jpg","https://fly.pl/wycieczka/grecja,kos,psalidi/kipriotis-maris-suites-ex-iberostar/ppRar3JVrZcOnyC-MK9YDAAAog1bX0XjtyXVjEvkgW7e_CVQ1QGlmTA_4dgUKGc6bfJqwqBFJOQlcwrqme1QZInE9QQVhxYAJqDUFMTF9JTkNMVVNJVkVqFzI5NiwzODAsNDc3LDQ4Myw0ODQsNDg1ahM0MDIsNDAzLDQwNiw0MTcsNDczcj-WAZ4BlAEVBxcAWAgKD0C5BxG_HRDVIRnfF1PScFIATKACS8x1YQBf6MIkHeCqHA_TAiCUmZEJDQACDmMBAg2lmmic/ofertasv/?filter[tourOperator]=RNBW&filter%5Bperson%5D=2&filter%5BchildAge%5D%5B1%5D=20201210&filter%5Bchild%5D=1"
"Hersonissos Palace","10193.0","30.09.2026 - 07.10.2026","8 dni/7 nocy","","4.3","4.3","463","tripadvisor","Wrocław","2026-09-14T06:31:06.154182+00:00","https://fly.pl/oferta/grecja-wczasy/?filter[dest]=14:&filter[hotelids]=&filter[cityids]=&filter[cregids]=&filter[ofrType]=&filter[addObjType]=&filter[whenFrom]=14-09-2026&filter[whenTo]=14-10-2026&filter[duration]=7:10&filter[from]=&filter[person]=2&filter[child]=1&filter[price]=4000:20000&filter[PriceFrom]=4000&filter[PriceTo]=20000&filter[addCategory]=50&filter[addCatering]=1&filter[addMisc]=0&filter[addTransport]=F&filter[fp]=1&order_by=ofr_price&filter[tourOperator]=0&filter[childAge][1]=20201210","https://fly.pl/cdn/photo/assets/uploads/582/278/2015/04/Hersonissos-Palace-fly-pl-2.jpg","https://fly.pl/wycieczka/grecja,kreta,hersonissos/hersonissos-palace/pAUxPfNvGccZkwNmz0b0ljAAogplWBpYyRBMa0vFAkIJfdjJjRqKosPIi8O69XatQ0qysqBFJOQlcwrqme1QZI0U9QQVj5AmACagRCd2NEag1BTExfSU5DTFVTSVZFahcyOTYsMzgwLDQ3Nyw0ODMsNDg0LDQ4NXI7nwGWAZ4BFQcXAFgICgRAxAcR2DgZiB9T7FBSABDBCEzOFkuyfGEAHcjAQA-wAyDmwJEJDQACDGMBAgv4mE4w/ofertasv/?filter[tourOperator]=RNBW&filter%5Bperson%5D=2&filter%5BchildAge%5D%5B1%5D=20201210&filter%5Bchild%5D=1"
"Porto Angeli","10353.0","02.10.2026 - 09.10.2026","8 dni/7 nocy","","4.2","4.2","725","tripadvisor","Katowice","2026-09-14T06:31:06.154182+00:00","https://fly.pl/oferta/grecja-wczasy/?filter[dest]=14:&filter[hotelids]=&filter[cityids]=&filter[cregids]=&filter[ofrType]=&filter[addObjType]=&filter[whenFrom]=14-09-2026&filter[whenTo]=14-10-2026&filter[duration]=7:10&filter[from]=&filter[person]=2&filter[child]=1&filter[price]=4000:20000&filter[PriceFrom]=4000&filter[PriceTo]=20000&filter[addCategory]=50&filter[addCatering]=1&filter[addMisc]=0&filter[addTransport]=F&filter[fp]=1&order_by=ofr_price&filter[tourOperator]=0&filter[childAge][1]=20201210","https://fly.pl/cdn/photo/assets/uploads/582/278/2015/04/Porto-Angeli.jpg","https://fly.pl/wycieczka/grecja,rodos,archangelos/porto-angeli/pjO0_tSZQ42I_5GWJWbJMdAAogmfcJgDZSYZS3pCSoh8URzp3l86o_X1m9AxsR6t9H0GYqBEdSQ1Mwrqme1QZI8VBQQVipA2ADcj8XBxUAXANYBVYCHawCDxxAggRbloABYYNMSwBepzBSkRNTAAGBpoIBDd2U0AggAFG1lb_t3gEBEmMBAmMBAg1DD9Mu/ofertasv/?filter[tourOperator]=GRCS&filter%5Bperson%5D=2&filter%5BchildAge%5D%5B1%5D=20201210&filter%5Bchild%5D=1"
"Porto Platanias Village","10468.0","07.10.2026 - 14.10.2026","8 dni/7 nocy","","3.8","3.8","396","tripadvisor","Modlin","2026-09-14T06:31:06.154182+00:00","https://fly.pl/oferta/grecja-wczasy/?filter[dest]=14:&filter[hotelids]=&filter[cityids]=&filter[cregids]=&filter[ofrType]=&filter[addObjType]=&filter[whenFrom]=14-09-2026&filter[whenTo]=14-10-2026&filter[duration]=7:10&filter[from]=&filter[person]=2&filter[child]=1&filter[price]=4000:20000&filter[PriceFrom]=4000&filter[PriceTo]=20000&filter[addCategory]=50&filter[addCatering]=1&filter[addMisc]=0&filter[addTransport]=F&filter[fp]=1&order_by=ofr_price&filter[tourOperator]=0&filter[childAge][1]=20201210","https://fly.pl/cdn/photo/assets/uploads/582/278/2018/03/Porto-Platanias-Village-fly-pl-14.jpg","https://fly.pl/wycieczka/grecja,kreta-zachodnia,platanias/porto-platanias-village/XTOP1272ccX_wYAAHNOYVBwWQG7AQBWMVKdCpABCgYIwtEMEAESBgiBrQ8QARp-TVBVVzJHRjIzTjFWNkpNVzVLSUdTOUdCMVBESFJTTEM5QUVXWjNYSFRIU0pGTTAwUFJQWDJIT1hNSFQ2MVkzN0hPOVZNOFNDWE9MR1lUUkdYVExPQThGTDMzTzlWMzNIN0RQTkYwTjcwN0lFODI0TDJYT1NDWk03NzBMVzFLCn8KBgiPuQgQAhIGCPCWLBABGm1PNTQ1NDRkNTMyZjQxNDc1MjQ4NDU1MjM0NTA1NDQzMmY1MjRkMzAzMDQ0NDI0OTRjMzAzMDJmNDE0OTJmMzcyZjMyMzAzMjM2MzEzMDMwMzcyZjMwMzEzMjMzMzQzNTM2MzczODM5MzAzMTMyCiUKBgjQogIQARIGCMjiAhABGhNEU1JULTE2NzYtVFJBTlNGRVIxCiIKBQjAPhABEgUI0EsQARoSRFNSTS0xNjc2LTgwcjIyNjY5CiEKBQjMOhABEgUI80YQARoRRFNSTS0xNjc2LTJyMjI2NzAKIwoFCPAuEAESBQiYORABGhNEU1JVLTE2NzYtVWJlemJhc2ljGIwNKP0XMgYIlPI_EAE4Aw/ofertasv/?filter[tourOperator]=XTOP&filter%5Bperson%5D=2&filter%5BchildAge%5D%5B1%5D=20201210&filter%5Bchild%5D=1"
"Lindos Breeze Beach","10611.0","02.10.2026 - 09.10.2026","8 dni/7 nocy","","4.7","4.7","405","tripadvisor","Katowice","2026-09-14T06:31:06.154182+00:00","https://fly.pl/oferta/grecja-wczasy/?filter[dest]=14:&filter[hotelids]=&filter[cityids]=&filter[cregids]=&filter[ofrType]=&filter[addObjType]=&filter[whenFrom]=14-09-2026&filter[whenTo]=14-10-2026&filter[duration]=7:10&filter[from]=&filter[person]=2&filter[child]=1&filter[price]=4000:20000&filter[PriceFrom]=4000&filter[PriceTo]=20000&filter[addCategory]=50&filter[addCatering]=1&filter[addMisc]=0&filter[addTransport]=F&filter[fp]=1&order_by=ofr_price&filter[tourOperator]=0&filter[childAge][1]=20201210","https://fly.pl/cdn/photo/assets/uploads/582/278/2018/09/Lindos-Breeze-Beach-Hotel.jpg","https://fly.pl/wycieczka/grecja,rodos,kiotari/lindos-breeze-beach/pYPuDlpYMesOu_JQM1O7QsAAog0lQnWdf3iE9slQBjHdOk993p6d4uiAMVoZaWC8oCC6kqBFJOQlcwrqme1QZI81JQQVipA2ACagRCd2NEag1BTExfSU5DTFVTSVZFahoxNiwyOTYsMzgwLDQ3Nyw0ODMsNDg0LDQ4NWoTNDA0LDQwNyw0MDgsNTIxLDUyOHI9nwGWAZ4BlAEVBxcAWAgKBEDEBxHoGhC1HBm4IEvIc2EATKxCUowBUwAP-7JAHZ0DIMaEkgkNAAIMYwECC9zMcM4/ofertasv/?filter[tourOperator]=RNBW&filter%5Bperson%5D=2&filter%5BchildAge%5D%5B1%5D=20201210&filter%5Bchild%5D=1"
"Mitsis Bali Paradise (ex. Bali Paradise)","10626.0","04.10.2026 - 11.10.2026","8 dni/7 nocy","","4.2","4.2","326","tripadvisor","Rzeszów","2026-09-14T06:31:06.154182+00:00","https://fly.pl/oferta/grecja-wczasy/?filter[dest]=14:&filter[hotelids]=&filter[cityids]=&filter[cregids]=&filter[ofrType]=&filter[addObjType]=&filter[whenFrom]=14-09-2026&filter[whenTo]=14-10-2026&filter[duration]=7:10&filter[from]=&filter[person]=2&filter[child]=1&filter[price]=4000:20000&filter[PriceFrom]=4000&filter[PriceTo]=20000&filter[addCategory]=50&filter[addCatering]=1&filter[addMisc]=0&filter[addTransport]=F&filter[fp]=1&order_by=ofr_price&filter[tourOperator]=0&filter[childAge][1]=20201210","https://fly.pl/cdn/photo/assets/uploads/582/278/2022/07/Mitsis-Bali-Paradise.jpg","https://fly.pl/wycieczka/grecja,kreta,bali/bali-paradise-15/pDZ8_FdbmeM7VtlcaTLzRVAAogrIu85FoJDkJXLmSxis3ewlAlOO75CuI6C3Un3Mi9TtsqBEdSQ1Mwrqme1QZIglNQQVjZA2ADcj4XBxUAXANYBVYCHZsGDxpAFVuWgAFSsilTAF74UmGPGEsAAbvlhwENp9DKCCAAUeLKr42NAQESYwECYwECC25J_-k/ofertasv/?filter[tourOperator]=GRCS&filter%5Bperson%5D=2&filter%5BchildAge%5D%5B1%5D=20201210&filter%5Bchild%5D=1"
"Lindos Imperial Resort & Spa","10647.0","29.09.2026 - 06.10.2026","8 dni/7 nocy","","4.2","4.2","5885","tripadvisor","Kraków","2026-09-14T06:31:06.154182+00:00","https://fly.pl/oferta/grecja-wczasy/?filter[dest]=14:&filter[hotelids]=&filter[cityids]=&filter[cregids]=&filter[ofrType]=&filter[addObjType]=&filter[whenFrom]=14-09-2026&filter[whenTo]=14-10-2026&filter[duration]=7:10&filter[from]=&filter[person]=2&filter[child]=1&filter[price]=4000:20000&filter[PriceFrom]=4000&filter[PriceTo]=20000&filter[addCategory]=50&filter[addCatering]=1&filter[addMisc]=0&filter[addTransport]=F&filter[fp]=1&order_by=ofr_price&filter[tourOperator]=0&filter[childAge][1]=20201210","https://fly.pl/cdn/photo/assets/uploads/582/278/2010/03/Lindos-Imperial2410.jpg","https://fly.pl/wycieczka/grecja,rodos,kiotari/lindos-imperial/pEeM1159BFGu9W1giwkpCBAAog5RelpxzILKOv406NqCmrvbdVmxRt2ki5MjH_iGRBr0YqBEVYSU0wrqme1QZIl1NQAVjhAmACagJBSXIhHBHvwQa5BPfcRKsEQBuEuzIYx846AeLs7ZsLAgBjAQILKezDRw/ofertasv/?filter[tourOperator]=EXIM&filter%5Bperson%5D=2&filter%5BchildAge%5D%5B1%5D=20201210&filter%5Bchild%5D=1"
"Amus","10790.0","07.10.2026 - 14.10.2026","8 dni/7 nocy","","4.5","4.5","5945","tripadvisor","Kraków","2026-09-14T06:31:06.154182+00:00","https://fly.pl/oferta/grecja-wczasy/?filter[dest]=14:&filter[hotelids]=&filter[cityids]=&filter[cregids]=&filter[ofrType]=&filter[addObjType]=&filter[whenFrom]=14-09-2026&filter[whenTo]=14-10-2026&filter[duration]=7:10&filter[from]=&filter[person]=2&filter[child]=1&filter[price]=4000:20000&filter[PriceFrom]=4000&filter[PriceTo]=20000&filter[addCategory]=50&filter[addCatering]=1&filter[addMisc]=0&filter[addTransport]=F&filter[fp]=1&order_by=ofr_price&filter[tourOperator]=0&filter[childAge][1]=20201210","https://fly.pl/cdn/photo/assets/uploads/582/278/2015/04/Rhodes-Bay-Hotel-Spa.jpg","https://fly.pl/wycieczka/grecja,rodos,ixia/amathus-beach-rhodes/pC1s9Y6YxmwLjWnU2V7B1mAAogEOC0EL6NYPzbRlT7oOPRtI9qmYktwCzFyBRV6H-Wf7AqBEJWQkUwrqme1QZIplRQAVihBGADagJBSXIkHBHvpAEby-E7GJbgFasEgrIouQQ9AcPCvpMDARJjAQxjAQILahWn0A/ofertasv/?filter[tourOperator]=BVBE&filter%5Bperson%5D=2&filter%5BchildAge%5D%5B1%5D=20201210&filter%5Bchild%5D=1"
"Princess Andriana Resort & Spa","10807.0","03.10.2026 - 10.10.2026","8 dni/7 nocy","","4.5","4.5","5748","tripadvisor","Kraków","2026-09-14T06:31:06.154182+00:00","https://fly.pl/oferta/grecja-wczasy/?filter[dest]=14:&filter[hotelids]=&filter[cityids]=&filter[cregids]=&filter[ofrType]=&filter[addObjType]=&filter[whenFrom]=14-09-2026&filter[whenTo]=14-10-2026&filter[duration]=7:10&filter[from]=&filter[person]=2&filter[child]=1&filter[price]=4000:20000&filter[PriceFrom]=4000&filter[PriceTo]=20000&filter[addCategory]=50&filter[addCatering]=1&filter[addMisc]=0&filter[addTransport]=F&filter[fp]=1&order_by=ofr_price&filter[tourOperator]=0&filter[childAge][1]=20201210","https://fly.pl/cdn/photo/assets/uploads/582/278/2014/09/Princess-Andriana-Resort-Spa.jpg","https://fly.pl/wycieczka/grecja,rodos,kiotari/princess-andriana/p7tBzxLngJswraCee_oyQVAAogm196yZTG-4iGgo-yPSLOQx1gPmQaaVofHrXsYL8fWG4qBEVYSU0wrqme1QZIt1RQAVjBA2ACagZBSS9VQUlyIRwRzsYGuQTC2ESrBEIbz9AzGJjBOwGm-bmrCgIAYwECDM9oV3I/ofertasv/?filter[tourOperator]=EXIM&filter%5Bperson%5D=2&filter%5BchildAge%5D%5B1%5D=20201210&filter%5Bchild%5D=1"
"Mitsis Summer Palace","10821.0","06.10.2026 - 13.10.2026","8 dni/7 nocy","","4.2","4.2","3143","tripadvisor","Katowice","2026-09-14T06:31:06.154182+00:00","https://fly.pl/oferta/grecja-wczasy/?filter[dest]=14:&filter[hotelids]=&filter[cityids]=&filter[cregids]=&filter[ofrType]=&filter[addObjType]=&filter[whenFrom]=14-09-2026&filter[whenTo]=14-10-2026&filter[duration]=7:10&filter[from]=&filter[person]=2&filter[child]=1&filter[price]=4000:20000&filter[PriceFrom]=4000&filter[PriceTo]=20000&filter[addCategory]=50&filter[addCatering]=1&filter[addMisc]=0&filter[addTransport]=F&filter[fp]=1&order_by=ofr_price&filter[tourOperator]=0&filter[childAge][1]=20201210","https://fly.pl/cdn/photo/assets/uploads/582/278/2015/04/Mitsis-Summer-Palace.jpg","https://fly.pl/wycieczka/grecja,kos,kardamena/mitsis-summer-palace/pvCRPEuC1OXx_CpZ9AAdmpAAog1SiEIG7JEX9GfJeAQ4X_gYMfMFtgMqTpzoUJuvO9I4MqBEdSQ1Mwrqme1QZIxVRQQViJBGADcj8VBxcAWAhWAlwCHewCD_MCQGlbl4ABUqpIUwBh2ANLAF6nMAHTlokBDaC3yQggAFHg-5HypQEBEmMBAmMBAgso9YUZ/ofertasv/?filter[tourOperator]=GRCS&filter%5Bperson%5D=2&filter%5BchildAge%5D%5B1%5D=20201210&filter%5Bchild%5D=1"
"Kouros Palace","10897.0","26.09.2026 - 04.10.2026","9 dni/7 nocy","","4.1","4.1","1095","tripadvisor","Warszawa","2026-09-14T06:31:06.154182+00:00","https://fly.pl/oferta/grecja-wczasy/?filter[dest]=14:&filter[hotelids]=&filter[cityids]=&filter[cregids]=&filter[ofrType]=&filter[addObjType]=&filter[whenFrom]=14-09-2026&filter[whenTo]=14-10-2026&filter[duration]=7:10&filter[from]=&filter[person]=2&filter[child]=1&filter[price]=4000:20000&filter[PriceFrom]=4000&filter[PriceTo]=20000&filter[addCategory]=50&filter[addCatering]=1&filter[addMisc]=0&filter[addTransport]=F&filter[fp]=1&order_by=ofr_price&filter[tourOperator]=0&filter[childAge][1]=20201210","https://fly.pl/cdn/photo/assets/uploads/582/278/2010/09/Kouros-Palace2998.jpg","https://fly.pl/wycieczka/grecja,kos,mastichari/kouros-palace/pdiNy_oLB9nwARFKqab9DMAAogHCVle3RNsCTLF3sfy2dVP3xRf3rB8KWajHU4BJHKUPIqBFZJVFgwrqme1QZIkVVQQViZAmACckAaABUHFwBcA1gFQI8DW6eGAVPXRVIAXv8zS-1DYQBMj7U5DafUmAkgAVGU3frxpQFPzoghXdD9y_1fAgxjAQULFOCiPA/ofertasv/?filter[tourOperator]=VITX&filter%5Bperson%5D=2&filter%5BchildAge%5D%5B1%5D=20201210&filter%5Bchild%5D=1"
"White Olive Elite Rethymno","10995.0","27.09.2026 - 04.10.2026","8 dni/7 nocy","","3.7","3.7","89","tripadvisor","Katowice","2026-09-14T06:31:06.154182+00:00","https://fly.pl/oferta/grecja-wczasy/?filter[dest]=14:&filter[hotelids]=&filter[cityids]=&filter[cregids]=&filter[ofrType]=&filter[addObjType]=&filter[whenFrom]=14-09-2026&filter[whenTo]=14-10-2026&filter[duration]=7:10&filter[from]=&filter[person]=2&filter[child]=1&filter[price]=4000:20000&filter[PriceFrom]=4000&filter[PriceTo]=20000&filter[addCategory]=50&filter[addCatering]=1&filter[addMisc]=0&filter[addTransport]=F&filter[fp]=1&order_by=ofr_price&filter[tourOperator]=0&filter[childAge][1]=20201210","https://fly.pl/cdn/photo/assets/uploads/582/278/2019/11/White-Olive-Elite-Rethymno.jpg","https://fly.pl/wycieczka/grecja,kreta-zachodnia,sfakaki/white-olive-elite-rethymno-15/pyczO1_taesU2lZc5GzMLIAAogOmA2DsJVlS85SbH_1MVQd0G2W3mFVE1D1lOEWNzCub8qBFJOQlcwrqme1QZI81VQQVixAmACagRCd2NEag1BTExfSU5DTFVTSVZFahcyOTYsMzgwLDQ3Nyw0ODMsNDg0LDQ4NWoTNDA0LDQwNyw0MDgsNTIxLDUyOHI7nwGWAZ4BlAEVBxcAWAgKBEDEBxGiHxC7JhmGElOEH1IATKBUSxZhAA-DwEEdJSCjvZEJDQACDGMBAgsyRvyG/ofertasv/?filter[tourOperator]=RNBW&filter%5Bperson%5D=2&filter%5BchildAge%5D%5B1%5D=20201210&filter%5Bchild%5D=1"
"Istion Club","10999.0","06.10.2026 - 13.10.2026","8 dni/7 nocy","","4.5","4.5","533","tripadvisor","Warszawa - Modlin","2026-09-14T06:31:06.154182+00:00","https://fly.pl/oferta/grecja-wczasy/?filter[dest]=14:&filter[hotelids]=&filter[cityids]=&filter[cregids]=&filter[ofrType]=&filter[addObjType]=&filter[whenFrom]=14-09-2026&filter[whenTo]=14-10-2026&filter[duration]=7:10&filter[from]=&filter[person]=2&filter[child]=1&filter[price]=4000:20000&filter[PriceFrom]=4000&filter[PriceTo]=20000&filter[addCategory]=50&filter[addCatering]=1&filter[addMisc]=0&filter[addTransport]=F&filter[fp]=1&order_by=ofr_price&filter[tourOperator]=0&filter[childAge][1]=20201210","https://fly.pl/cdn/photo/assets/uploads/582/278/2015/04/Istion-Club-fly-pl.jpg","https://fly.pl/wycieczka/grecja,chalkidiki,nea-poteidaia/istion-club/phut6Rq_YZEoGsV3ih4wObAAog98pu_fD6yWCSU-_qBXmdZG6F77_UNvv_AK2k3jLLChcqBEJWQkUwrqme1QZI91VQAViJBGACagNBSStyIRwR2-UBG9LVQBi0-hSrBK6JKLkEaAG9y6vUAwISYwECB4oo05M/ofertasv/?filter[tourOperator]=BVBE&filter%5Bperson%5D=2&filter%5BchildAge%5D%5B1%5D=20201210&filter%5Bchild%5D=1"
"Panorama Leptos (Kato Galatas)","11084.0","06.10.2026 - 13.10.2026","8 dni/7 nocy","","4.3","4.3","1351","tripadvisor","Warszawa","2026-09-14T06:31:06.154182+00:00","https://fly.pl/oferta/grecja-wczasy/?filter[dest]=14:&filter[hotelids]=&filter[cityids]=&filter[cregids]=&filter[ofrType]=&filter[addObjType]=&filter[whenFrom]=14-09-2026&filter[whenTo]=14-10-2026&filter[duration]=7:10&filter[from]=&filter[person]=2&filter[child]=1&filter[price]=4000:20000&filter[PriceFrom]=4000&filter[PriceTo]=20000&filter[addCategory]=50&filter[addCatering]=1&filter[addMisc]=0&filter[addTransport]=F&filter[fp]=1&order_by=ofr_price&filter[tourOperator]=0&filter[childAge][1]=20201210","https://fly.pl/cdn/photo/assets/uploads/582/278/2015/04/Hotel-Panorama.jpg","https://fly.pl/wycieczka/grecja,kreta-zachodnia,kato-galatas/panorama-kato-galatas/pw60R360oA36DX02RjrOeYAAoghkqiZ47QvDfheD4q-OW3yuvQxvKR6pkcpCf3WEUnK3gqBE9OSE8wrqme1QZIzFZQAViJBGADagJBSXIiHBGeExuQ1QEYtDWrBJKnAbkEsgYB36K_AwESYwEAYwECDM263yw/ofertasv/?filter[tourOperator]=ONHO&filter%5Bperson%5D=2&filter%5BchildAge%5D%5B1%5D=20201210&filter%5Bchild%5D=1"
"Akti Coast Club","11125.0","26.09.2026 - 03.10.2026","8 dni/7 nocy","","4.6","4.6","508","tripadvisor","Katowice","2026-09-14T06:31:06.154182+00:00","https://fly.pl/oferta/grecja-wczasy/?filter[dest]=14:&filter[hotelids]=&filter[cityids]=&filter[cregids]=&filter[ofrType]=&filter[addObjType]=&filter[whenFrom]=14-09-2026&filter[whenTo]=14-10-2026&filter[duration]=7:10&filter[from]=&filter[person]=2&filter[child]=1&filter[price]=4000:20000&filter[PriceFrom]=4000&filter[PriceTo]=20000&filter[addCategory]=50&filter[addCatering]=1&filter[addMisc]=0&filter[addTransport]=F&filter[fp]=1&order_by=ofr_price&filter[tourOperator]=0&filter[childAge][1]=20201210","https://fly.pl/cdn/photo/assets/uploads/582/278/2024/07/egeo-easy-living-resort-ex-atlantica-holiday-village-kos.jpg","https://fly.pl/wycieczka/grecja,kos,marmari/atlantica-holiday-village-kos-15/pEE3xrZxOXQj-7QiaIRRwJAAoggrVNPSfjLfcCIbxc7269nS1aeiYfCCoNqlzctiMJzNAqBFJOQlcwrqme1QZI9VZQQViZAmACagRCd2NEag1BTExfSU5DTFVTSVZFahcyOTYsMzgwLDQ3Nyw0ODMsNDg0LDQ4NWoTNDA0LDQwNyw0MDgsNTIxLDUyOHI8nwGWAZ4BlAEVBxcAWAgKBEDEBxHuMRmFJRDKNlOIOlIATKACS7gBYQAd3uVBD2kgg5eRCQ0AAgxjAQILbFw3CQ/ofertasv/?filter[tourOperator]=RNBW&filter%5Bperson%5D=2&filter%5BchildAge%5D%5B1%5D=20201210&filter%5Bchild%5D=1"
"Senseana Sea Side Resort & Spa (ex. Golden Star)","11167.0","06.10.2026 - 13.10.2026","8 dni/7 nocy","","4.5","4.5","599","tripadvisor","Warszawa","2026-09-14T06:31:06.154182+00:00","https://fly.pl/oferta/grecja-wczasy/?filter[dest]=14:&filter[hotelids]=&filter[cityids]=&filter[cregids]=&filter[ofrType]=&filter[addObjType]=&filter[whenFrom]=14-09-2026&filter[whenTo]=14-10-2026&filter[duration]=7:10&filter[from]=&filter[person]=2&filter[child]=1&filter[price]=4000:20000&filter[PriceFrom]=4000&filter[PriceTo]=20000&filter[addCategory]=50&filter[addCatering]=1&filter[addMisc]=0&filter[addTransport]=F&filter[fp]=1&order_by=ofr_price&filter[tourOperator]=0&filter[childAge][1]=20201210","https://fly.pl/cdn/photo/assets/uploads/582/278/2024/07/senseana-sea-side-resort-spa-ex-golden-star.jpg","https://fly.pl/wycieczka/grecja,kreta,analipsi/golden-star-analipsis-12/pXUpVDVevbJeOpQQNgpGfpAAogtMFDSdOP9F8pq04cX53qqbIgu41_KIhJ8O-biOa46ZIqBEVYSU0wrqme1QZIn1dQAViJBGACagNBSStyIRwRwrYGqwSR4Tu5BBYb0NswGNueNQGE-M7oCAIAYwECDKlUlsw/ofertasv/?filter[tourOperator]=EXIM&filter%5Bperson%5D=2&filter%5BchildAge%5D%5B1%5D=20201210&filter%5Bchild%5D=1"
"Mitsis Ramira","11239.0","06.10.2026 - 13.10.2026","8 dni/7 nocy","","4.6","4.6","3836","tripadvisor","Katowice","2026-09-14T06:31:06.154182+00:00","https://fly.pl/oferta/grecja-wczasy/?filter[dest]=14:&filter[hotelids]=&filter[cityids]=&filter[cregids]=&filter[ofrType]=&filter[addObjType]=&filter[whenFrom]=14-09-2026&filter[whenTo]=14-10-2026&filter[duration]=7:10&filter[from]=&filter[person]=2&filter[child]=1&filter[price]=4000:20000&filter[PriceFrom]=4000&filter[PriceTo]=20000&filter[addCategory]=50&filter[addCatering]=1&filter[addMisc]=0&filter[addTransport]=F&filter[fp]=1&order_by=ofr_price&filter[tourOperator]=0&filter[childAge][1]=20201210","https://fly.pl/cdn/photo/assets/uploads/582/278/2014/09/Mitsis-Ramira-Beach-fly-pl.jpg","https://fly.pl/wycieczka/grecja,kos,psalidi/mitsis-ramira-beach/p3F1TVf3NwF5AjyvQLlN3UAAogN3oEH-48z9BgjwOp7xmIl4MfMFtgMqTpzoUJuvO9I4MqBEdSQ1Mwrqme1QZI51dQQViJBGADcj8VBxcAWAhWAlwCHewCD_MCQGlboIABUqFIUwBh2ANLAF6nMAHPlokBDaS3yQggAFH8w43ypQEBEmMBAmMBAguGFWmo/ofertasv/?filter[tourOperator]=GRCS&filter%5Bperson%5D=2&filter%5BchildAge%5D%5B1%5D=20201210&filter%5Bchild%5D=1"
"Stella Palace Aqua Park Resort","11279.0","07.10.2026 - 14.10.2026","8 dni/7 nocy","","4.4","4.4","3827","tripadvisor","Katowice","2026-09-14T06:31:06.154182+00:00","https://fly.pl/oferta/grecja-wczasy/?filter[dest]=14:&filter[hotelids]=&filter[cityids]=&filter[cregids]=&filter[ofrType]=&filter[addObjType]=&filter[whenFrom]=14-09-2026&filter[whenTo]=14-10-2026&filter[duration]=7:10&filter[from]=&filter[person]=2&filter[child]=1&filter[price]=4000:20000&filter[PriceFrom]=4000&filter[PriceTo]=20000&filter[addCategory]=50&filter[addCatering]=1&filter[addMisc]=0&filter[addTransport]=F&filter[fp]=1&order_by=ofr_price&filter[tourOperator]=0&filter[childAge][1]=20201210","https://fly.pl/cdn/photo/assets/uploads/582/278/2015/02/Stella-Palace-fly-pl.jpg","https://fly.pl/wycieczka/grecja,kreta-wschodnia,analipsis/stella-palace/pWQV_FoS3fBfq8aY6TL4XMAAogBxdCzFCvBtwu3zPZ-WGBrwAAAAACpgQAGKYEAAcAAAAqBFdFWlkwrqme1QZIj1hQQVihBGADaglFbnRlciBBaXJqBDAyMDVqBDA2MDVyQJ4BkwGUAR8AHAECABYEFwIS1gQR-QUVLBjDAUDcdEyCL08AS9EiUAAbw_0EHcv7CyAWDfeEwgkBEmMBDGMBAgsByoy3/ofertasv/?filter[tourOperator]=WEZY&filter%5Bperson%5D=2&filter%5BchildAge%5D%5B1%5D=20201210&filter%5Bchild%5D=1"
"Rethymno Mare & Water Park (Rethymno)","11297.0","07.10.2026 - 14.10.2026","8 dni/7 nocy","","","","","","Warszawa - Modlin","2026-09-14T06:31:06.154182+00:00","https://fly.pl/oferta/grecja-wczasy/?filter[dest]=14:&filter[hotelids]=&filter[cityids]=&filter[cregids]=&filter[ofrType]=&filter[addObjType]=&filter[whenFrom]=14-09-2026&filter[whenTo]=14-10-2026&filter[duration]=7:10&filter[from]=&filter[person]=2&filter[child]=1&filter[price]=4000:20000&filter[PriceFrom]=4000&filter[PriceTo]=20000&filter[addCategory]=50&filter[addCatering]=1&filter[addMisc]=0&filter[addTransport]=F&filter[fp]=1&order_by=ofr_price&filter[tourOperator]=0&filter[childAge][1]=20201210","https://datacfstatic.merlinx.pl/EXIM/IMG/103348/e7b4a733c33b44b22d3c150859dbebe61dc1aeef39ca74ab1fa3df8d1e54be7d.webp","https://fly.pl/wycieczka/grecja,kreta-zachodnia,scaleta/rethymno-mare-water-park-rethymno-15/pWX9Tx8lRmb_0RtKCaVOgXAAog6xvAp75FUI9_mWwYS5cl_kDIWrtVbaUEByVQestirPoqBEVYSU0wrqme1QZIoVhQAVihBGACagJBSXIhHBG0pwarBPCbQbkEXhuBzSkYt_c1AZm9hd4IAgBjAQIMJ2AD7Q/ofertasv/?filter[tourOperator]=EXIM&filter%5Bperson%5D=2&filter%5BchildAge%5D%5B1%5D=20201210&filter%5Bchild%5D=1"
"Apollonion Asterias Resort & Spa","11331.0","24.09.2026 - 01.10.2026","8 dni/7 nocy","","4.5","4.5","2690","tripadvisor","Warszawa","2026-09-14T06:31:06.154182+00:00","https://fly.pl/oferta/grecja-wczasy/?filter[dest]=14:&filter[hotelids]=&filter[cityids]=&filter[cregids]=&filter[ofrType]=&filter[addObjType]=&filter[whenFrom]=14-09-2026&filter[whenTo]=14-10-2026&filter[duration]=7:10&filter[from]=&filter[person]=2&filter[child]=1&filter[price]=4000:20000&filter[PriceFrom]=4000&filter[PriceTo]=20000&filter[addCategory]=50&filter[addCatering]=1&filter[addMisc]=0&filter[addTransport]=F&filter[fp]=1&order_by=ofr_price&filter[tourOperator]=0&filter[childAge][1]=20201210","https://datacfstatic.merlinx.pl/GRCS/IMG/EFLAPAS/dd9dfa168deb6b119dd9a5c34252fb990e15a6b56c075e127901cdf42fd662ba.webp","https://fly.pl/wycieczka/grecja,kefalonia,lixouri/apollonion-asterias-resort-spa-9/pFOKtxFJBBv_6G4s3SGu7fAAogWwVkidmiOkT2iJW3jkFnMW-dJZpoTu1e5LMymTKsgOMqBEdSQ1Mwrqme1QZIw1hQQVjpAWADcj4VBxcAWAhWAlwCHYgDDw9AsQNStosBUwBb-wtej2Vh7UNLAAHb2ocBDdmuygggAFHYzrz7dAESYwECYwECCyM9SAc/ofertasv/?filter[tourOperator]=GRCS&filter%5Bperson%5D=2&filter%5BchildAge%5D%5B1%5D=20201210&filter%5Bchild%5D=1"
"Mitsis Rodos Maris","11333.0","05.10.2026 - 12.10.2026","9 dni/7 nocy","","4.4","4.4","5794","tripadvisor","Wrocław","2026-09-14T06:31:06.154182+00:00","https://fly.pl/oferta/grecja-wczasy/?filter[dest]=14:&filter[hotelids]=&filter[cityids]=&filter[cregids]=&filter[ofrType]=&filter[addObjType]=&filter[whenFrom]=14-09-2026&filter[whenTo]=14-10-2026&filter[duration]=7:10&filter[from]=&filter[person]=2&filter[child]=1&filter[price]=4000:20000&filter[PriceFrom]=4000&filter[PriceTo]=20000&filter[addCategory]=50&filter[addCatering]=1&filter[addMisc]=0&filter[addTransport]=F&filter[fp]=1&order_by=ofr_price&filter[tourOperator]=0&filter[childAge][1]=20201210","https://fly.pl/cdn/photo/assets/uploads/582/278/2014/06/Hotel-Mitsis-Rodos-Maris.jpg","https://fly.pl/wycieczka/grecja,rodos,kiotari/mitsis-rodos-maris/pcF6BAjzAbaEN_MGJNX88FAAogEadqb4n6l4vLylSmVlesqU92int4ZV66IpvpGh-2oikqBEdSQ1Mwrqme1QZIxVhQQVjxA2ADcj8VBxcBWAdWAlwCHY8CDxZAowRbhIABXrx8UpETUwBhuDVLAAHt8YABDbyT0QggAFHV8cTt3gEBEmMBAmMBAwuspqQC/ofertasv/?filter[tourOperator]=GRCS&filter%5Bperson%5D=2&filter%5BchildAge%5D%5B1%5D=20201210&filter%5Bchild%5D=1"
"Kiani Beach","11438.0","04.10.2026 - 11.10.2026","8 dni/7 nocy","","4.5","4.5","5357","tripadvisor","Wrocław","2026-09-14T06:31:06.154182+00:00","https://fly.pl/oferta/grecja-wczasy/?filter[dest]=14:&filter[hotelids]=&filter[cityids]=&filter[cregids]=&filter[ofrType]=&filter[addObjType]=&filter[whenFrom]=14-09-2026&filter[whenTo]=14-10-2026&filter[duration]=7:10&filter[from]=&filter[person]=2&filter[child]=1&filter[price]=4000:20000&filter[PriceFrom]=4000&filter[PriceTo]=20000&filter[addCategory]=50&filter[addCatering]=1&filter[addMisc]=0&filter[addTransport]=F&filter[fp]=1&order_by=ofr_price&filter[tourOperator]=0&filter[childAge][1]=20201210","https://fly.pl/cdn/photo/assets/uploads/582/278/2009/01/Kiani-Beach-Resort.jpg","https://fly.pl/wycieczka/grecja,kreta-zachodnia,kiani-akti/kiani-beach/pUnG2gHsb-_U6qEWf6eTd4AAognWsglmddeCIwqpur6iUpw_k7CFlJIoeTjQ_jBL-ZGugqBFJOQlcwrqme1QZIrllQQVjZA2ACagRCd2NEag1BTExfSU5DTFVTSVZFahoxNiwyOTYsMzgwLDQ3Nyw0ODMsNDg0LDQ4NXI6nwGWAZ4BFQcXAFgICgQRzANA-AMQ_iwZ5SpThB9SAEygVEuGeWEAD7fDQB1TIJ7BkQkNAAIMYwECC4kbf9w/ofertasv/?filter[tourOperator]=RNBW&filter%5Bperson%5D=2&filter%5BchildAge%5D%5B1%5D=20201210&filter%5Bchild%5D=1"
"Atlantica Porto Bello Royal","11457.0","29.09.2026 - 07.10.2026","9 dni/7 nocy","","4.5","4.5","4777","tripadvisor","Katowice","2026-09-14T06:31:06.154182+00:00","https://fly.pl/oferta/grecja-wczasy/?filter[dest]=14:&filter[hotelids]=&filter[cityids]=&filter[cregids]=&filter[ofrType]=&filter[addObjType]=&filter[whenFrom]=14-09-2026&filter[whenTo]=14-10-2026&filter[duration]=7:10&filter[from]=&filter[person]=2&filter[child]=1&filter[price]=4000:20000&filter[PriceFrom]=4000&filter[PriceTo]=20000&filter[addCategory]=50&filter[addCatering]=1&filter[addMisc]=0&filter[addTransport]=F&filter[fp]=1&order_by=ofr_price&filter[tourOperator]=0&filter[childAge][1]=20201210","https://fly.pl/cdn/photo/assets/uploads/582/278/2015/04/Porto-Bello-Royal-fly-pl.jpg","https://fly.pl/wycieczka/grecja,kos,kardamena/porto-bello-royal/pb7VbAQiJhgipktxQvGGalAAogwiQ95x_5Zg8PCC8QVLhiCgNqE0O1TmTaavSEVEQEXqEqBFZJVFgwsqme1QZIwVlQQVjhAmACckAaABUHFwBcA1gFQI8DW7-DAVO_SFIAYdgDSwBepzBM_Pg5DarUmAkgAFHDpuDxpQFPzukaXaCrgvoCAgxjAQILBGtW5w/ofertasv/?filter[tourOperator]=VITX&filter%5Bperson%5D=2&filter%5BchildAge%5D%5B1%5D=20201210&filter%5Bchild%5D=1"
"Gouves Water Park Holiday Resort","11457.0","29.09.2026 - 06.10.2026","8 dni/7 nocy","","4.2","4.2","3979","tripadvisor","Warszawa","2026-09-14T06:31:06.154182+00:00","https://fly.pl/oferta/grecja-wczasy/?filter[dest]=14:&filter[hotelids]=&filter[cityids]=&filter[cregids]=&filter[ofrType]=&filter[addObjType]=&filter[whenFrom]=14-09-2026&filter[whenTo]=14-10-2026&filter[duration]=7:10&filter[from]=&filter[person]=2&filter[child]=1&filter[price]=4000:20000&filter[PriceFrom]=4000&filter[PriceTo]=20000&filter[addCategory]=50&filter[addCatering]=1&filter[addMisc]=0&filter[addTransport]=F&filter[fp]=1&order_by=ofr_price&filter[tourOperator]=0&filter[childAge][1]=20201210","https://fly.pl/cdn/photo/assets/uploads/582/278/2014/09/Hotel-Gouves-Waterpark-Holiday-Resort.jpg","https://fly.pl/wycieczka/grecja,kreta,kato-gouves/gouves-park-holiday-resort/pFAvWZmSYs-6c1gsRsV6LVAAogK_Chlu7VrgIhyrhQajl_Ju9fQLaXlk20m0Jv3V1I7aIqBEVYSU0wsqme1QZIwVlQAVjhAmACagJBSXIhHBGzoAarBJ_3O7kEFhuLojIYxPA2AazKg6MLAhJjAQILK66gFg/ofertasv/?filter[tourOperator]=EXIM&filter%5Bperson%5D=2&filter%5BchildAge%5D%5B1%5D=20201210&filter%5Bchild%5D=1"
"Elios Hill","11657.0","30.09.2026 - 07.10.2026","8 dni/7 nocy","","4.8","4.8","1022","tripadvisor","Katowice","2026-09-14T06:31:06.154182+00:00","https://fly.pl/oferta/grecja-wczasy/?filter[dest]=14:&filter[hotelids]=&filter[cityids]=&filter[cregids]=&filter[ofrType]=&filter[addObjType]=&filter[whenFrom]=14-09-2026&filter[whenTo]=14-10-2026&filter[duration]=7:10&filter[from]=&filter[person]=2&filter[child]=1&filter[price]=4000:20000&filter[PriceFrom]=4000&filter[PriceTo]=20000&filter[addCategory]=50&filter[addCatering]=1&filter[addMisc]=0&filter[addTransport]=F&filter[fp]=1&order_by=ofr_price&filter[tourOperator]=0&filter[childAge][1]=20201210","https://datacfstatic.merlinx.pl/ITAK/IMG/HERELII/11d97a26cb071a16efdd01b37549bd63bf490bae0d0435a468d3fa3ecf2ce2a8.webp","https://fly.pl/wycieczka/grecja,kreta-wschodnia,hersonissos/elios-hill-15/po5rjPcigcMpDmdy1JTao1AAogm-lxshHVebC8ZrIe4Bdgy_ItLA4jFfED9OGQAGBJtSEqBFZJVFgwsqme1QZIiVtQQVj5AmACckAaABUHFwBcA1gFQI8DW5eFAVPuJ1IAYdEiSwBepzBM_Pg5DavUmAkgAFGo_riNjQFP6N8RXZyDqt4bAgxjAQILsc8oNA/ofertasv/?filter[tourOperator]=VITX&filter%5Bperson%5D=2&filter%5BchildAge%5D%5B1%5D=20201210&filter%5Bchild%5D=1"
"Mythos Beach Resort","11840.0","02.10.2026 - 09.10.2026","8 dni/7 nocy","","","","","","Katowice","2026-09-14T06:31:06.154182+00:00","https://fly.pl/oferta/grecja-wczasy/?filter[dest]=14:&filter[hotelids]=&filter[cityids]=&filter[cregids]=&filter[ofrType]=&filter[addObjType]=&filter[whenFrom]=14-09-2026&filter[whenTo]=14-10-2026&filter[duration]=7:10&filter[from]=&filter[person]=2&filter[child]=1&filter[price]=4000:20000&filter[PriceFrom]=4000&filter[PriceTo]=20000&filter[addCategory]=50&filter[addCatering]=1&filter[addMisc]=0&filter[addTransport]=F&filter[fp]=1&order_by=ofr_price&filter[tourOperator]=0&filter[childAge][1]=20201210","https://datacfstatic.merlinx.pl/GRCS/IMG/RHOMYBE/668a217f19e766a69f46737d6bb5ff22f1210786788b9811ae24732fca942361.webp","https://fly.pl/wycieczka/grecja,rodos,afandu/mythos-beach-resort-10/pCzJ5jooStIcEWseMdODbrAAogU28AO3W2dDs2ijCUozIHUJ3l86o_X1m9AxsR6t9H0GYqBEdSQ1Mwsqme1QZIwFxQQVipA2ADcj8XBxUAXANYBVYCHawCDxxAggRbloABYYNMSwBepzBSkRNTAAGstIIBDbKG0AggAFGwtbft3gEBEmMBAmMBAgt9nBbn/ofertasv/?filter[tourOperator]=GRCS&filter%5Bperson%5D=2&filter%5BchildAge%5D%5B1%5D=20201210&filter%5Bchild%5D=1"
"Serita Beach","11923.0","30.09.2026 - 08.10.2026","9 dni/7 nocy","","4.6","4.6","282","tripadvisor","Poznań","2026-09-14T06:31:06.154182+00:00","https://fly.pl/oferta/grecja-wczasy/?filter[dest]=14:&filter[hotelids]=&filter[cityids]=&filter[cregids]=&filter[ofrType]=&filter[addObjType]=&filter[whenFrom]=14-09-2026&filter[whenTo]=14-10-2026&filter[duration]=7:10&filter[from]=&filter[person]=2&filter[child]=1&filter[price]=4000:20000&filter[PriceFrom]=4000&filter[PriceTo]=20000&filter[addCategory]=50&filter[addCatering]=1&filter[addMisc]=0&filter[addTransport]=F&filter[fp]=1&order_by=ofr_price&filter[tourOperator]=0&filter[childAge][1]=20201210","https://fly.pl/cdn/photo/assets/uploads/582/278/2015/04/Serita-Beach.jpg","https://fly.pl/wycieczka/grecja,kreta-wschodnia,anissaras/mitsis-serita-beach/pAORt6V0PztWLPdsLM3IfIAAogsAiU-GARdnmunk9NLDTd1GLvNtRhYaXjhxV-8sjOOIgqBFJOQlcwsqme1QZIk11QQVj5AmACagRCd2NEag1BTExfSU5DTFVTSVZFahcyOTYsMzgwLDQ3Nyw0ODMsNDg0LDQ4NXI7nwGWAZ4BFQcXAVgHCgRAxAcR8TcZ7x9T7FBSABDVBEy6GkvhNGEAHZOJQQ-dBCD_vpEJDQACDGMBAgsNcwN6/ofertasv/?filter[tourOperator]=RNBW&filter%5Bperson%5D=2&filter%5BchildAge%5D%5B1%5D=20201210&filter%5Bchild%5D=1"
"Cabana Blu Hotel & Suites","11950.0","29.09.2026 - 06.10.2026","8 dni/7 nocy","","4.7","4.7","224","tripadvisor","Katowice","2026-09-14T06:31:06.154182+00:00","https://fly.pl/oferta/grecja-wczasy/?filter[dest]=14:&filter[hotelids]=&filter[cityids]=&filter[cregids]=&filter[ofrType]=&filter[addObjType]=&filter[whenFrom]=14-09-2026&filter[whenTo]=14-10-2026&filter[duration]=7:10&filter[from]=&filter[person]=2&filter[child]=1&filter[price]=4000:20000&filter[PriceFrom]=4000&filter[PriceTo]=20000&filter[addCategory]=50&filter[addCatering]=1&filter[addMisc]=0&filter[addTransport]=F&filter[fp]=1&order_by=ofr_price&filter[tourOperator]=0&filter[childAge][1]=20201210","https://fly.pl/cdn/photo/assets/uploads/582/278/2024/07/cabana-beach.jpg","https://fly.pl/wycieczka/grecja,kos,kardamena/cabana-beach-11/pFXIEo6Ag0d7ELdH88XEuBAAogf_scnvINjkEBRs7y7Bfj_YVbonqREx2CbpZmYND6wfwqBFJOQlcwsqme1QZIrl1QQVjhAmACagRCd2NEag1BTExfSU5DTFVTSVZFahcyOTYsMzgwLDQ3Nyw0ODMsNDg0LDQ4NWoTNDA0LDQwNyw0MDgsNTIxLDUyOHI8nwGWAZ4BlAEVBxcAWAgKBEDEBxG4Jxm7LxCxCVOhZ1IATKACS7gBYQAP1eVAHSUg05eSCQ0AAgxjAQIL0WYjlw/ofertasv/?filter[tourOperator]=RNBW&filter%5Bperson%5D=2&filter%5BchildAge%5D%5B1%5D=20201210&filter%5Bchild%5D=1"
"Pegasos Beach (Faliraki)","11957.0","05.10.2026 - 12.10.2026","8 dni/7 nocy","","4.5","4.5","3256","tripadvisor","Katowice","2026-09-14T06:31:06.154182+00:00","https://fly.pl/oferta/grecja-wczasy/?filter[dest]=14:&filter[hotelids]=&filter[cityids]=&filter[cregids]=&filter[ofrType]=&filter[addObjType]=&filter[whenFrom]=14-09-2026&filter[whenTo]=14-10-2026&filter[duration]=7:10&filter[from]=&filter[person]=2&filter[child]=1&filter[price]=4000:20000&filter[PriceFrom]=4000&filter[PriceTo]=20000&filter[addCategory]=50&filter[addCatering]=1&filter[addMisc]=0&filter[addTransport]=F&filter[fp]=1&order_by=ofr_price&filter[tourOperator]=0&filter[childAge][1]=20201210","https://fly.pl/cdn/photo/assets/uploads/582/278/2015/04/Pegasos-Deluxe-Beach-Hotel.jpg","https://fly.pl/wycieczka/grecja,rodos,faliraki/pegasos-beach-faliraki/pd4UFP99gX8J08M7384ehvAAogRwGzP_RFS4DFzekkmozyx4fOApdH5DIVy-doEfgir9sqBFZJVFgwsqme1QZItV1QQVjxA2ACckAaABUHFwBcA1gFQI8DW6eGAWGvSUsAXqcwUpETUwBMyuU5DZfVmAkgAF2ku5HsqAFPoPSfgTZRmoINAg1jAQIMoiM8gw/ofertasv/?filter[tourOperator]=VITX&filter%5Bperson%5D=2&filter%5BchildAge%5D%5B1%5D=20201210&filter%5Bchild%5D=1"
"Rethymno Mare Royal & Water Park (ex. Bomo)","11992.0","04.10.2026 - 11.10.2026","8 dni/7 nocy","","4.1","4.1","429","tripadvisor","Wrocław","2026-09-14T06:31:06.154182+00:00","https://fly.pl/oferta/grecja-wczasy/?filter[dest]=14:&filter[hotelids]=&filter[cityids]=&filter[cregids]=&filter[ofrType]=&filter[addObjType]=&filter[whenFrom]=14-09-2026&filter[whenTo]=14-10-2026&filter[duration]=7:10&filter[from]=&filter[person]=2&filter[child]=1&filter[price]=4000:20000&filter[PriceFrom]=4000&filter[PriceTo]=20000&filter[addCategory]=50&filter[addCatering]=1&filter[addMisc]=0&filter[addTransport]=F&filter[fp]=1&order_by=ofr_price&filter[tourOperator]=0&filter[childAge][1]=20201210","https://fly.pl/cdn/photo/assets/uploads/582/278/2015/04/Rethymno-Mare-Royal-fly-pl.jpg","https://fly.pl/wycieczka/grecja,kreta-zachodnia,scaleta/rethymno-mare-royal/pYdmfJxxmuYD2gnF0BuwWvAAogDtY9Zg9nOjSJ7_hjA0ZVJvk7CFlJIoeTjQ_jBL-ZGugqBFJOQlcwsqme1QZI2F1QQVjZA2ACagRCd2NEag1BTExfSU5DTFVTSVZFahoxNiwyOTYsMzgwLDQ3Nyw0ODMsNDg0LDQ4NXI6nwGWAZ4BFQcXAFgICgRAxAcRwxsZoDxThB9SABCzFUztPkuGeWEAD7fDQB1TIJ7BkQkNAAIMYwECC4PJbUk/ofertasv/?filter[tourOperator]=RNBW&filter%5Bperson%5D=2&filter%5BchildAge%5D%5B1%5D=20201210&filter%5Bchild%5D=1"
"Sea Coast Halkidiki","12027.0","26.09.2026 - 03.10.2026","8 dni/7 nocy","","","","","","Kraków","2026-09-14T06:31:06.154182+00:00","https://fly.pl/oferta/grecja-wczasy/?filter[dest]=14:&filter[hotelids]=&filter[cityids]=&filter[cregids]=&filter[ofrType]=&filter[addObjType]=&filter[whenFrom]=14-09-2026&filter[whenTo]=14-10-2026&filter[duration]=7:10&filter[from]=&filter[person]=2&filter[child]=1&filter[price]=4000:20000&filter[PriceFrom]=4000&filter[PriceTo]=20000&filter[addCategory]=50&filter[addCatering]=1&filter[addMisc]=0&filter[addTransport]=F&filter[fp]=1&order_by=ofr_price&filter[tourOperator]=0&filter[childAge][1]=20201210","https://datacfstatic.merlinx.pl/OASI/IMG/23665/e797aa69eefa812e7b5d1fd5e3caad70dbb6ddaa106cb959a18e728a9ae1e13d.webp","https://fly.pl/wycieczka/grecja,chalkidiki,gerakini/sea-coast-halkidiki-11/ptbJk9CawCpjA-x5O-6k4uAAogTHWcIP8UXgB91UvrkO_ppuukAK2dz4nwiMlLwVUx7twqBE9BU0kwsqme1QZI-11QAViZAmACagNBSWxyIRwR8bgBuQS4sA2rBAEb4fELGKKnDwGOvdzuAQIAYwECBW3U8FY/ofertasv/?filter[tourOperator]=OASI&filter%5Bperson%5D=2&filter%5BchildAge%5D%5B1%5D=20201210&filter%5Bchild%5D=1"
"Bella Beach","12054.0","30.09.2026 - 08.10.2026","9 dni/7 nocy","","4.2","4.2","1964","tripadvisor","Poznań","2026-09-14T06:31:06.154182+00:00","https://fly.pl/oferta/grecja-wczasy/?filter[dest]=14:&filter[hotelids]=&filter[cityids]=&filter[cregids]=&filter[ofrType]=&filter[addObjType]=&filter[whenFrom]=14-09-2026&filter[whenTo]=14-10-2026&filter[duration]=7:10&filter[from]=&filter[person]=2&filter[child]=1&filter[price]=4000:20000&filter[PriceFrom]=4000&filter[PriceTo]=20000&filter[addCategory]=50&filter[addCatering]=1&filter[addMisc]=0&filter[addTransport]=F&filter[fp]=1&order_by=ofr_price&filter[tourOperator]=0&filter[childAge][1]=20201210","https://fly.pl/cdn/photo/assets/uploads/582/278/2014/07/Bella-Beach.jpg","https://fly.pl/wycieczka/grecja,kreta-wschodnia,anissaras/bella-beach/pVgY9hZOKCtz9QdWcbss5tAAogkHSHLg7wh-weYgiHfOCLHWLvNtRhYaXjhxV-8sjOOIgqBFJOQlcwsqme1QZIll5QQVj5AmACagRCd2NMag1BTExfSU5DTFVTSVZFahcyOTYsMzgwLDQ3Nyw0ODMsNDg0LDQ4NXI7nwGWAZ4BFQcXAVgHCgZAwgcR2TgZhx9T7FBSABDACEzPFkvhNGEAHZOJQQ-dBCD_vpEJDQACDGMBAgXjSQ5w/ofertasv/?filter[tourOperator]=RNBW&filter%5Bperson%5D=2&filter%5BchildAge%5D%5B1%5D=20201210&filter%5Bchild%5D=1"
"Mitsis Rodos Village","12080.0","28.09.2026 - 05.10.2026","8 dni/7 nocy","","4.2","4.2","5377","tripadvisor","Katowice","2026-09-14T06:31:06.154182+00:00","https://fly.pl/oferta/grecja-wczasy/?filter[dest]=14:&filter[hotelids]=&filter[cityids]=&filter[cregids]=&filter[ofrType]=&filter[addObjType]=&filter[whenFrom]=14-09-2026&filter[whenTo]=14-10-2026&filter[duration]=7:10&filter[from]=&filter[person]=2&filter[child]=1&filter[price]=4000:20000&filter[PriceFrom]=4000&filter[PriceTo]=20000&filter[addCategory]=50&filter[addCatering]=1&filter[addMisc]=0&filter[addTransport]=F&filter[fp]=1&order_by=ofr_price&filter[tourOperator]=0&filter[childAge][1]=20201210","https://fly.pl/cdn/photo/assets/uploads/582/278/2015/01/Hotel-Mitsis-Rodos-Village.jpg","https://fly.pl/wycieczka/grecja,rodos,kiotari/mitsis-rodos-village/pOuf1DFJb6ipW2dFSecocCAAogYWX2zs45jdXHrLQ1wbXMqFttb2FXStjIHDjJPXZ0E7kqBEdSQ1Mwsqme1QZIsF5QQVjJAmADckAVBxcAWAhWAlwCD7sEQI0CHXlhl54BS4ktXqcwUpETUwBb5Q0Bz46CAQ3gndAIIABR7vTE7d4BARJjAQJjAQMLpDEl-g/ofertasv/?filter[tourOperator]=GRCS&filter%5Bperson%5D=2&filter%5BchildAge%5D%5B1%5D=20201210&filter%5Bchild%5D=1"
"Domes Aulus Zante Autograph Collection","12127.0","05.10.2026 - 12.10.2026","8 dni/7 nocy","","4.5","4.5","1619","tripadvisor","Warszawa - Modlin","2026-09-14T06:31:06.154182+00:00","https://fly.pl/oferta/grecja-wczasy/?filter[dest]=14:&filter[hotelids]=&filter[cityids]=&filter[cregids]=&filter[ofrType]=&filter[addObjType]=&filter[whenFrom]=14-09-2026&filter[whenTo]=14-10-2026&filter[duration]=7:10&filter[from]=&filter[person]=2&filter[child]=1&filter[price]=4000:20000&filter[PriceFrom]=4000&filter[PriceTo]=20000&filter[addCategory]=50&filter[addCatering]=1&filter[addMisc]=0&filter[addTransport]=F&filter[fp]=1&order_by=ofr_price&filter[tourOperator]=0&filter[childAge][1]=20201210","https://fly.pl/cdn/photo/assets/uploads/582/278/2015/04/Domes-Aulus-Zante-Autograph-Collection.jpg","https://fly.pl/wycieczka/grecja,zakynthos,laganas/louis-zante-beach/p7vI8YnIGXe9nm1dDvRFmpAAogvCf6Bw_H9q0oflX2Pk1jBLcuNVpQNKpGV4LJNak8M1IqBEVYSU0wsqme1QZI315QAVjxA2ACagJBSXIhHBGJxQarBNfBQLkEFRuRrjcYpZo7Ae7Y4ZgLAgBjAQILdZJNjg/ofertasv/?filter[tourOperator]=EXIM&filter%5Bperson%5D=2&filter%5BchildAge%5D%5B1%5D=20201210&filter%5Bchild%5D=1"
"Ramada Athens Attica Riviera (ex Aquamarina)","12243.0","07.10.2026 - 14.10.2026","8 dni/7 nocy","","4.3","4.3","367","tripadvisor","Katowice","2026-09-14T06:31:06.154182+00:00","https://fly.pl/oferta/grecja-wczasy/?filter[dest]=14:&filter[hotelids]=&filter[cityids]=&filter[cregids]=&filter[ofrType]=&filter[addObjType]=&filter[whenFrom]=14-09-2026&filter[whenTo]=14-10-2026&filter[duration]=7:10&filter[from]=&filter[person]=2&filter[child]=1&filter[price]=4000:20000&filter[PriceFrom]=4000&filter[PriceTo]=20000&filter[addCategory]=50&filter[addCatering]=1&filter[addMisc]=0&filter[addTransport]=F&filter[fp]=1&order_by=ofr_price&filter[tourOperator]=0&filter[childAge][1]=20201210","https://fly.pl/cdn/photo/assets/uploads/582/278/2015/02/Aquamarina-Mati-fly-pl.jpg","https://fly.pl/wycieczka/grecja,attyka,mati/aquis-aquamarina-mati/p3-LOc7bLCcIYn7SRpGSraAAogmT_QIiIWmAtZVdmJNtu5VT0o2Ft4Z2C5LACh2uqlxqoqBEJWQkUwsqme1QZI019QAVihBGACagJBSXIhHBGF6AEbnfdAGPWGFbkE5q4nqwQfAe2z9dgDAhJjAQILmd-MJQ/ofertasv/?filter[tourOperator]=BVBE&filter%5Bperson%5D=2&filter%5BchildAge%5D%5B1%5D=20201210&filter%5Bchild%5D=1"
"Ostria Beach Resort & Spa","12257.0","30.09.2026 - 07.10.2026","8 dni/7 nocy","","4.6","4.6","5736","tripadvisor","Katowice","2026-09-14T06:31:06.154182+00:00","https://fly.pl/oferta/grecja-wczasy/?filter[dest]=14:&filter[hotelids]=&filter[cityids]=&filter[cregids]=&filter[ofrType]=&filter[addObjType]=&filter[whenFrom]=14-09-2026&filter[whenTo]=14-10-2026&filter[duration]=7:10&filter[from]=&filter[person]=2&filter[child]=1&filter[price]=4000:20000&filter[PriceFrom]=4000&filter[PriceTo]=20000&filter[addCategory]=50&filter[addCatering]=1&filter[addMisc]=0&filter[addTransport]=F&filter[fp]=1&order_by=ofr_price&filter[tourOperator]=0&filter[childAge][1]=20201210","https://fly.pl/cdn/photo/assets/uploads/582/278/2008/12/Ostria-Beach2949.jpg","https://fly.pl/wycieczka/grecja,kreta-wschodnia,ierapetra/ostria-beach/p6PKv71hNrukgJziP9RIHgAAogiFxvDZjEUorGppYzSPfO7_ItLA4jFfED9OGQAGBJtSEqBFZJVFgwsqme1QZI4V9QQVj5AmACckAaABUHFwBcA1gFQI8DW6eGAVPeJlIAYdEiSwBepzBM_Pg5DavUmAkgAE-Q3sqNjQFRnacLXf_bnt4bAg1jAQIMq-ggUg/ofertasv/?filter[tourOperator]=VITX&filter%5Bperson%5D=2&filter%5BchildAge%5D%5B1%5D=20201210&filter%5Bchild%5D=1"
"Out of the Blue Resort","12337.0","23.09.2026 - 30.09.2026","8 dni/7 nocy","","4.0","4.0","2187","tripadvisor","Kraków","2026-09-14T06:31:06.154182+00:00","https://fly.pl/oferta/grecja-wczasy/?filter[dest]=14:&filter[hotelids]=&filter[cityids]=&filter[cregids]=&filter[ofrType]=&filter[addObjType]=&filter[whenFrom]=14-09-2026&filter[whenTo]=14-10-2026&filter[duration]=7:10&filter[from]=&filter[person]=2&filter[child]=1&filter[price]=4000:20000&filter[PriceFrom]=4000&filter[PriceTo]=20000&filter[addCategory]=50&filter[addCatering]=1&filter[addMisc]=0&filter[addTransport]=F&filter[fp]=1&order_by=ofr_price&filter[tourOperator]=0&filter[childAge][1]=20201210","https://fly.pl/cdn/photo/assets/uploads/582/278/2014/09/Out-of-the-Blue-Beach-Resort.jpg","https://fly.pl/wycieczka/grecja,kreta-wschodnia,agia-pelagia/capsis-out-of-the-blue-resort/pbKBsU0DhQujpHAVr-Ik7uAAogOrmHmNFz-OP35yhKVlJ6JT-jZTrfweXfsV-w4aFWHmAqBFZJVFgwsqme1QZIsWBQQVjRAWACcj8aABUHFwBcA1gFQI8DW810U7g4UgBh_SFLAF77MEz9sB0No5y1CSAAUYW4so2NAU_Cjhhd7PKGmxsCDmMBAg0VQwfC/ofertasv/?filter[tourOperator]=VITX&filter%5Bperson%5D=2&filter%5BchildAge%5D%5B1%5D=20201210&filter%5Bchild%5D=1"
"Blue Marine Resort & SPA","12397.0","29.09.2026 - 06.10.2026","8 dni/7 nocy","","4.3","4.3","2272","tripadvisor","Warszawa","2026-09-14T06:31:06.154182+00:00","https://fly.pl/oferta/grecja-wczasy/?filter[dest]=14:&filter[hotelids]=&filter[cityids]=&filter[cregids]=&filter[ofrType]=&filter[addObjType]=&filter[whenFrom]=14-09-2026&filter[whenTo]=14-10-2026&filter[duration]=7:10&filter[from]=&filter[person]=2&filter[child]=1&filter[price]=4000:20000&filter[PriceFrom]=4000&filter[PriceTo]=20000&filter[addCategory]=50&filter[addCatering]=1&filter[addMisc]=0&filter[addTransport]=F&filter[fp]=1&order_by=ofr_price&filter[tourOperator]=0&filter[childAge][1]=20201210","https://fly.pl/cdn/photo/assets/uploads/582/278/2015/04/Blue-Marine-Resort-SPA.jpg","https://fly.pl/wycieczka/grecja,kreta-wschodnia,agios-nikolaos/blue-marine-resort-spa/pzLY4i-o-5RcNeEmC0j6qWAAognUIEIFEERWwJsWMUARl6pUBM5DhSNmFSGYEI-pbv_aYqBEJWQkUwsqme1QZI7WBQAVjhAmACagJBSXIhHBHCgAEbwr49GO3fEasEsvkquQQBAdHSu-UCAgBjAQILNfCUgA/ofertasv/?filter[tourOperator]=BVBE&filter%5Bperson%5D=2&filter%5BchildAge%5D%5B1%5D=20201210&filter%5Bchild%5D=1"
"Kakkos Bay","12436.0","27.09.2026 - 04.10.2026","8 dni/7 nocy","","4.6","4.6","302","tripadvisor","Katowice","2026-09-14T06:31:06.154182+00:00","https://fly.pl/oferta/grecja-wczasy/?filter[dest]=14:&filter[hotelids]=&filter[cityids]=&filter[cregids]=&filter[ofrType]=&filter[addObjType]=&filter[whenFrom]=14-09-2026&filter[whenTo]=14-10-2026&filter[duration]=7:10&filter[from]=&filter[person]=2&filter[child]=1&filter[price]=4000:20000&filter[PriceFrom]=4000&filter[PriceTo]=20000&filter[addCategory]=50&filter[addCatering]=1&filter[addMisc]=0&filter[addTransport]=F&filter[fp]=1&order_by=ofr_price&filter[tourOperator]=0&filter[childAge][1]=20201210","https://fly.pl/cdn/photo/assets/uploads/582/278/2015/04/Kakkos-Bay.jpg","https://fly.pl/wycieczka/grecja,kreta-wschodnia,ierapetra/kakkos-bay/ptvTY52qiRraPZ4C8fl-GsAAogXwLHxKo4NWxHliukOrFfoUUpJbyh4bRg2u8oMCiJdB0qBEdSQ1Mwsqme1QZIlGFQQVixAmADcj8VBxcAWAhWAlwCHZIEDxRAogJb85kBUtUPUwBh0SJLAF6nMAG8ioYBDejCzAggAFH3l8mNjQEBEmMBAmMBAgsSG1BZ/ofertasv/?filter[tourOperator]=GRCS&filter%5Bperson%5D=2&filter%5BchildAge%5D%5B1%5D=20201210&filter%5Bchild%5D=1"
"Mitsis Norida","12444.0","06.10.2026 - 13.10.2026","8 dni/7 nocy","","4.3","4.3","3831","tripadvisor","Katowice","2026-09-14T06:31:06.154182+00:00","https://fly.pl/oferta/grecja-wczasy/?filter[dest]=14:&filter[hotelids]=&filter[cityids]=&filter[cregids]=&filter[ofrType]=&filter[addObjType]=&filter[whenFrom]=14-09-2026&filter[whenTo]=14-10-2026&filter[duration]=7:10&filter[from]=&filter[person]=2&filter[child]=1&filter[price]=4000:20000&filter[PriceFrom]=4000&filter[PriceTo]=20000&filter[addCategory]=50&filter[addCatering]=1&filter[addMisc]=0&filter[addTransport]=F&filter[fp]=1&order_by=ofr_price&filter[tourOperator]=0&filter[childAge][1]=20201210","https://fly.pl/cdn/photo/assets/uploads/582/278/2014/09/Mitsis-Norida.jpg","https://fly.pl/wycieczka/grecja,kos,kardamaina/mitsis-norida-beach/pSZXZekOGjOliOHHR367F0AAogEvf2nUJEgi5DrGw08I5sGYMfMFtgMqTpzoUJuvO9I4MqBEdSQ1Mwsqme1QZInGFQQViJBGADcj8VBxcAWAhWAlwCHewCD_MCQGlb5oUBUttCUwBh2ANLAF6nMAHNlokBDaa3yQggAFGQoYPypQEBEmMBAmMBAwvPfhiF/ofertasv/?filter[tourOperator]=GRCS&filter%5Bperson%5D=2&filter%5BchildAge%5D%5B1%5D=20201210&filter%5Bchild%5D=1"
"Alia Palace","12477.0","07.10.2026 - 14.10.2026","8 dni/7 nocy","","4.1","4.1","1245","tripadvisor","Kraków","2026-09-14T06:31:06.154182+00:00","https://fly.pl/oferta/grecja-wczasy/?filter[dest]=14:&filter[hotelids]=&filter[cityids]=&filter[cregids]=&filter[ofrType]=&filter[addObjType]=&filter[whenFrom]=14-09-2026&filter[whenTo]=14-10-2026&filter[duration]=7:10&filter[from]=&filter[person]=2&filter[child]=1&filter[price]=4000:20000&filter[PriceFrom]=4000&filter[PriceTo]=20000&filter[addCategory]=50&filter[addCatering]=1&filter[addMisc]=0&filter[addTransport]=F&filter[fp]=1&order_by=ofr_price&filter[tourOperator]=0&filter[childAge][1]=20201210","https://fly.pl/cdn/photo/assets/uploads/582/278/2015/06/Alia-Palace-fly-pl.jpg","https://fly.pl/wycieczka/grecja,chalkidiki,pefkohori/alia-palace-2/pvP6LFgVxXLFPdlcVuCCHnAAogKxU6M3oxv4H5lIYnj2SUhw1kBWbWYi2S9quy3nOeKxoqBFZJVFgwsqme1QZIvWFQQVihBGACagpBTVRTR1IwSFFDagpSTTAwVFBTVjAwagxLUktTS0dEUDQwMTlqDFNLR0tSS0RQNDAxOXI0kQGbAZ0BjwEaABcHFQBcA1gFQI8DS4LPAWEAXvswUoUeUwBM-K04IPeBmgkNAAEQYwIDY8JbP2Y/ofertasv/?filter[tourOperator]=VITX&filter%5Bperson%5D=2&filter%5BchildAge%5D%5B1%5D=20201210&filter%5Bchild%5D=1"
"Grecotel LuxMe Costa Botanica (ex. Gelina Village)","12533.0","07.10.2026 - 14.10.2026","8 dni/7 nocy","","4.3","4.3","695","tripadvisor","Warszawa - Modlin","2026-09-14T06:31:06.154182+00:00","https://fly.pl/oferta/grecja-wczasy/?filter[dest]=14:&filter[hotelids]=&filter[cityids]=&filter[cregids]=&filter[ofrType]=&filter[addObjType]=&filter[whenFrom]=14-09-2026&filter[whenTo]=14-10-2026&filter[duration]=7:10&filter[from]=&filter[person]=2&filter[child]=1&filter[price]=4000:20000&filter[PriceFrom]=4000&filter[PriceTo]=20000&filter[addCategory]=50&filter[addCatering]=1&filter[addMisc]=0&filter[addTransport]=F&filter[fp]=1&order_by=ofr_price&filter[tourOperator]=0&filter[childAge][1]=20201210","https://fly.pl/cdn/photo/assets/uploads/582/278/2014/06/GRECOTEL-COSTA-BOTANICA.jpg","https://fly.pl/wycieczka/grecja,korfu,acharavi/gelina-village/pQLWleBkixm2QIJ87a6ainAAogjXpB5QiqSeHwV0PyDUadtILKx5eheB5oN9YTxoF_GfgqBEJWQkUwsqme1QZI9WFQAVihBGACagJBSXIhHBHs0QEbiMw9GKD9EasEuP0puQRSAdX7qfUCAhJjAQIL3v-Aow/ofertasv/?filter[tourOperator]=BVBE&filter%5Bperson%5D=2&filter%5BchildAge%5D%5B1%5D=20201210&filter%5Bchild%5D=1"
"CHC Athina Palace Resort & Spa (Agia Pelagia)","12562.0","24.09.2026 - 01.10.2026","8 dni/7 nocy","","4.2","4.2","3014","tripadvisor","Warszawa","2026-09-14T06:31:06.154182+00:00","https://fly.pl/oferta/grecja-wczasy/?filter[dest]=14:&filter[hotelids]=&filter[cityids]=&filter[cregids]=&filter[ofrType]=&filter[addObjType]=&filter[whenFrom]=14-09-2026&filter[whenTo]=14-10-2026&filter[duration]=7:10&filter[from]=&filter[person]=2&filter[child]=1&filter[price]=4000:20000&filter[PriceFrom]=4000&filter[PriceTo]=20000&filter[addCategory]=50&filter[addCatering]=1&filter[addMisc]=0&filter[addTransport]=F&filter[fp]=1&order_by=ofr_price&filter[tourOperator]=0&filter[childAge][1]=20201210","https://fly.pl/cdn/photo/assets/uploads/582/278/2014/09/Athina-Palace-Resort-and-Spa.jpg","https://fly.pl/wycieczka/grecja,kreta-wschodnia,agia-pelagia/athina-palace/pFwytcUI3GprFOgJuU45JtAAogKSs_gijKuwChy1xxC1Cm-m-NlNwAhH3sFgOdKqLT0P4qBE9BU0kwsqme1QZIkmJQAVjpAWACagNBSWxyIBwRtm-5BLv-DasEARu86w0YtNQQAZiNpIECAgBjAQILb9ia9w/ofertasv/?filter[tourOperator]=OASI&filter%5Bperson%5D=2&filter%5BchildAge%5D%5B1%5D=20201210&filter%5Bchild%5D=1"
"Akasha Beach (ex Armava)","12643.0","07.10.2026 - 14.10.2026","8 dni/7 nocy","","4.6","4.6","946","tripadvisor","Katowice","2026-09-14T06:31:06.154182+00:00","https://fly.pl/oferta/grecja-wczasy/?filter[dest]=14:&filter[hotelids]=&filter[cityids]=&filter[cregids]=&filter[ofrType]=&filter[addObjType]=&filter[whenFrom]=14-09-2026&filter[whenTo]=14-10-2026&filter[duration]=7:10&filter[from]=&filter[person]=2&filter[child]=1&filter[price]=4000:20000&filter[PriceFrom]=4000&filter[PriceTo]=20000&filter[addCategory]=50&filter[addCatering]=1&filter[addMisc]=0&filter[addTransport]=F&filter[fp]=1&order_by=ofr_price&filter[tourOperator]=0&filter[childAge][1]=20201210","https://fly.pl/cdn/photo/assets/uploads/582/278/2014/09/Akasha-Beach-Hotel-SPA.jpg","https://fly.pl/wycieczka/grecja,kreta,hersonissos/armava/pnd9kCncsMNO4MMVawJ2Z0AAogBFsX2yyL3S0ckiPLm8RbWwAAAAACpgQAGKYEAAcAAAAqBFdFWlkwsqme1QZI42JQQVihBGADaglFbnRlciBBaXJqBDAyMDVqBDA2MDVyQZ4BkwGUAR8AAgEcABYEFwIS1gQVpQYYwwFA3HRPgi9MAEvRIlAAEfsRHZPnECAWG9zOYg2btt8IARJjAQ1jAQIMATIcWw/ofertasv/?filter[tourOperator]=WEZY&filter%5Bperson%5D=2&filter%5BchildAge%5D%5B1%5D=20201210&filter%5Bchild%5D=1"
"Kresten Royal Euphoria Resort (ex. Kresten Royal Villas)","12653.0","28.09.2026 - 05.10.2026","8 dni/7 nocy","","4.2","4.2","3653","tripadvisor","Warszawa - Modlin","2026-09-14T06:31:06.154182+00:00","https://fly.pl/oferta/grecja-wczasy/?filter[dest]=14:&filter[hotelids]=&filter[cityids]=&filter[cregids]=&filter[ofrType]=&filter[addObjType]=&filter[whenFrom]=14-09-2026&filter[whenTo]=14-10-2026&filter[duration]=7:10&filter[from]=&filter[person]=2&filter[child]=1&filter[price]=4000:20000&filter[PriceFrom]=4000&filter[PriceTo]=20000&filter[addCategory]=50&filter[addCatering]=1&filter[addMisc]=0&filter[addTransport]=F&filter[fp]=1&order_by=ofr_price&filter[tourOperator]=0&filter[childAge][1]=20201210","https://fly.pl/cdn/photo/assets/uploads/582/278/2015/04/Kresten-Royal-Euphoria-Resort.jpg","https://fly.pl/wycieczka/grecja,rodos,kallithea/kresten-royal-villas/p05qCgJlVy_y9YpYs-ewatAAoguCPTOcIE1FMAzysOonMXzdgK6adpaqDK0M6O-zwymw0qBE9OSE8wsqme1QZI7WJQAVjJAmACagNVQUlyHBwRwwgbnUAYn265BJlsqwQBAaedjgICEmMBAgu_yhop/ofertasv/?filter[tourOperator]=ONHO&filter%5Bperson%5D=2&filter%5BchildAge%5D%5B1%5D=20201210&filter%5Bchild%5D=1"
"Lyttos Beach","12947.0","07.10.2026 - 14.10.2026","8 dni/7 nocy","","4.7","4.7","3129","tripadvisor","Kraków","2026-09-14T06:31:06.154182+00:00","https://fly.pl/oferta/grecja-wczasy/?filter[dest]=14:&filter[hotelids]=&filter[cityids]=&filter[cregids]=&filter[ofrType]=&filter[addObjType]=&filter[whenFrom]=14-09-2026&filter[whenTo]=14-10-2026&filter[duration]=7:10&filter[from]=&filter[person]=2&filter[child]=1&filter[price]=4000:20000&filter[PriceFrom]=4000&filter[PriceTo]=20000&filter[addCategory]=50&filter[addCatering]=1&filter[addMisc]=0&filter[addTransport]=F&filter[fp]=1&order_by=ofr_price&filter[tourOperator]=0&filter[childAge][1]=20201210","https://fly.pl/cdn/photo/assets/uploads/582/278/2014/08/Lyttos-Beach-fly-pl-1.jpg","https://fly.pl/wycieczka/grecja,kreta-wschodnia,analipsis/lyttos-beach/p2cS5f6AaY0dR9KLZulcDbAAogBSHRb1vtqan78_LIloUaD-TSphl5RLvYNefjhP_d-yIqBEVYSU0wsqme1QZIk2VQAVihBGACagJBSXIhHBHJxAarBLDSO7kEFhusiTwYg4E7AZXKw50LAgBjAQIMZX8GMQ/ofertasv/?filter[tourOperator]=EXIM&filter%5Bperson%5D=2&filter%5BchildAge%5D%5B1%5D=20201210&filter%5Bchild%5D=1"
"Amada Colossos Resort (ex Louis Beach)","12957.0","05.10.2026 - 12.10.2026","8 dni/7 nocy","","4.4","4.4","2181","tripadvisor","Katowice","2026-09-14T06:31:06.154182+00:00","https://fly.pl/oferta/grecja-wczasy/?filter[dest]=14:&filter[hotelids]=&filter[cityids]=&filter[cregids]=&filter[ofrType]=&filter[addObjType]=&filter[whenFrom]=14-09-2026&filter[whenTo]=14-10-2026&filter[duration]=7:10&filter[from]=&filter[person]=2&filter[child]=1&filter[price]=4000:20000&filter[PriceFrom]=4000&filter[PriceTo]=20000&filter[addCategory]=50&filter[addCatering]=1&filter[addMisc]=0&filter[addTransport]=F&filter[fp]=1&order_by=ofr_price&filter[tourOperator]=0&filter[childAge][1]=20201210","https://fly.pl/cdn/photo/assets/uploads/582/278/2015/06/Amada-Colossos-Resort.jpg","https://fly.pl/wycieczka/grecja,rodos,faliraki/louis-colossos-beach/pCPPSPjscHALzAlTbJ0NMNAAogRYh3P8WkcoKwrBtdgfY7dofOApdH5DIVy-doEfgir9sqBFZJVFgwsqme1QZInWVQQVjxA2ACckAaABUHFwBcA1gFQI8DW7-DAWGXTEsAXqcwUpETUwBMyuU5DZfVmAkgAF2ku5HsqAFR29qIgTZPxZkXAg1jAQIMUsImMA/ofertasv/?filter[tourOperator]=VITX&filter%5Bperson%5D=2&filter%5BchildAge%5D%5B1%5D=20201210&filter%5Bchild%5D=1"
"Euphoria Resort","13006.0","07.10.2026 - 14.10.2026","8 dni/7 nocy","","4.5","4.5","1091","tripadvisor","Warszawa - Modlin","2026-09-14T06:31:06.154182+00:00","https://fly.pl/oferta/grecja-wczasy/?filter[dest]=14:&filter[hotelids]=&filter[cityids]=&filter[cregids]=&filter[ofrType]=&filter[addObjType]=&filter[whenFrom]=14-09-2026&filter[whenTo]=14-10-2026&filter[duration]=7:10&filter[from]=&filter[person]=2&filter[child]=1&filter[price]=4000:20000&filter[PriceFrom]=4000&filter[PriceTo]=20000&filter[addCategory]=50&filter[addCatering]=1&filter[addMisc]=0&filter[addTransport]=F&filter[fp]=1&order_by=ofr_price&filter[tourOperator]=0&filter[childAge][1]=20201210","https://fly.pl/cdn/photo/assets/uploads/582/278/2017/09/Euphoria-Resort.jpg","https://fly.pl/wycieczka/grecja,kreta-zachodnia,kolymvari/euphoria-resort/phG5PycqWzm3oNUBBZKk9vAAog_JCbhs3me1809-ABS0WG-VlpPhn1MYxAg-3xhi_rg7cqBEJWQkUwsqme1QZIzmVQAVihBGACagNVQUlyIhwRpbABG6yMPBjL8hGrBJ3sK7kE4QYBt-3YzgQCEmMBAgx8goql/ofertasv/?filter[tourOperator]=BVBE&filter%5Bperson%5D=2&filter%5BchildAge%5D%5B1%5D=20201210&filter%5Bchild%5D=1"
"Fodele Beach & Water Park Holiday Resort","13076.0","04.10.2026 - 11.10.2026","8 dni/7 nocy","","4.5","4.5","1944","tripadvisor","Katowice","2026-09-14T06:31:06.154182+00:00","https://fly.pl/oferta/grecja-wczasy/?filter[dest]=14:&filter[hotelids]=&filter[cityids]=&filter[cregids]=&filter[ofrType]=&filter[addObjType]=&filter[whenFrom]=14-09-2026&filter[whenTo]=14-10-2026&filter[duration]=7:10&filter[from]=&filter[person]=2&filter[child]=1&filter[price]=4000:20000&filter[PriceFrom]=4000&filter[PriceTo]=20000&filter[addCategory]=50&filter[addCatering]=1&filter[addMisc]=0&filter[addTransport]=F&filter[fp]=1&order_by=ofr_price&filter[tourOperator]=0&filter[childAge][1]=20201210","https://fly.pl/cdn/photo/assets/uploads/582/278/2015/02/Fodele-Beach.jpg","https://fly.pl/wycieczka/grecja,kreta-wschodnia,fodele/fodele-beach/pImD2NBOkGd2ULK9sQpEBRAAog1ZDUvk7kUCp0_lkGLYTgTwAAAAC6pwQA1qcEAAcAAAAqBFdFWlkwsqme1QZIlGZQQVjZA2ADaglFbnRlciBBaXJqBDAzMDBqBDA2NTVyQZ4BkwGUAR8AHAECABYEFwIS1gQRsQUV3gQYmwFAmnFMgi9PAEvRIlAAHcb8ECAcG_OUMw3D7I4JARJjAQ1jAQIF79t5-A/ofertasv/?filter[tourOperator]=WEZY&filter%5Bperson%5D=2&filter%5BchildAge%5D%5B1%5D=20201210&filter%5Bchild%5D=1"
"Kakkos Terra Blu","13108.0","27.09.2026 - 04.10.2026","8 dni/7 nocy","","4.0","4.0","431","tripadvisor","Katowice","2026-09-14T06:31:06.154182+00:00","https://fly.pl/oferta/grecja-wczasy/?filter[dest]=14:&filter[hotelids]=&filter[cityids]=&filter[cregids]=&filter[ofrType]=&filter[addObjType]=&filter[whenFrom]=14-09-2026&filter[whenTo]=14-10-2026&filter[duration]=7:10&filter[from]=&filter[person]=2&filter[child]=1&filter[price]=4000:20000&filter[PriceFrom]=4000&filter[PriceTo]=20000&filter[addCategory]=50&filter[addCatering]=1&filter[addMisc]=0&filter[addTransport]=F&filter[fp]=1&order_by=ofr_price&filter[tourOperator]=0&filter[childAge][1]=20201210","https://fly.pl/cdn/photo/assets/uploads/582/278/2015/04/Kakkos-Terra-Blu.jpg","https://fly.pl/wycieczka/grecja,kreta-wschodnia,ierapetra/arion-palace/pU7sbXtIhaLOWmahpSXwSRAAogFq9TxqqTqgaIiScvsi_mRUUpJbyh4bRg2u8oMCiJdB0qBEdSQ1Mwsqme1QZItGZQQVixAmACcjwVBxcAWAhWAlwCHZIEDxRAogJb5oUBUuIjUwBh0SJLAF6nMAHUi4YBDdDBzAggAFGDncmNjQEBEmMCAmOCmZxS/ofertasv/?filter[tourOperator]=GRCS&filter%5Bperson%5D=2&filter%5BchildAge%5D%5B1%5D=20201210&filter%5Bchild%5D=1"
"Zeus Eleva Mirabello Bay","13279.0","16.09.2026 - 24.09.2026","9 dni/7 nocy","","4.3","4.3","3767","tripadvisor","Katowice","2026-09-14T06:31:06.154182+00:00","https://fly.pl/oferta/grecja-wczasy/?filter[dest]=14:&filter[hotelids]=&filter[cityids]=&filter[cregids]=&filter[ofrType]=&filter[addObjType]=&filter[whenFrom]=14-09-2026&filter[whenTo]=14-10-2026&filter[duration]=7:10&filter[from]=&filter[person]=2&filter[child]=1&filter[price]=4000:20000&filter[PriceFrom]=4000&filter[PriceTo]=20000&filter[addCategory]=50&filter[addCatering]=1&filter[addMisc]=0&filter[addTransport]=F&filter[fp]=1&order_by=ofr_price&filter[tourOperator]=0&filter[childAge][1]=20201210","https://fly.pl/cdn/photo/assets/uploads/582/278/2015/04/Wyndham-Grand-Crete-Mirabello-Bay.jpg","https://fly.pl/wycieczka/grecja,kreta-wschodnia,agios-nikolaos/dessole-mirabello-beach-village-ex-iberostar/phf8mnTUaibxxez3LHmOFSAAog8L0ZMZFH93Vvx6VtPCsEEwT2xT1Lu3w2_NGNQ06dWQ0qBEdSQ1Mwsqme1QZI32dQQVgpYANyPxUIFwBYB1YCXAId2wMPqQJARFu4hgFSkCNTAEvRIl6nMGF4AeWOigENvL3ICCAAUYLCz42NAQESYwECYwECCy1hk1c/ofertasv/?filter[tourOperator]=GRCS&filter%5Bperson%5D=2&filter%5BchildAge%5D%5B1%5D=20201210&filter%5Bchild%5D=1"
"Restia (Acharavi)","13323.0","06.10.2026 - 13.10.2026","8 dni/7 nocy","","4.8","4.8","738","tripadvisor","Warszawa - Modlin","2026-09-14T06:31:06.154182+00:00","https://fly.pl/oferta/grecja-wczasy/?filter[dest]=14:&filter[hotelids]=&filter[cityids]=&filter[cregids]=&filter[ofrType]=&filter[addObjType]=&filter[whenFrom]=14-09-2026&filter[whenTo]=14-10-2026&filter[duration]=7:10&filter[from]=&filter[person]=2&filter[child]=1&filter[price]=4000:20000&filter[PriceFrom]=4000&filter[PriceTo]=20000&filter[addCategory]=50&filter[addCatering]=1&filter[addMisc]=0&filter[addTransport]=F&filter[fp]=1&order_by=ofr_price&filter[tourOperator]=0&filter[childAge][1]=20201210","https://datacfstatic.merlinx.pl/OASI/IMG/21761/6289799b477bce1c35aff7afc763ec9ced2c0fb277b26d8750b4e0fcaaad1209.webp","https://fly.pl/wycieczka/grecja,korfu,acharavi/restia-suites-9/p8hCwvw0JeLzBB3FZE12-WAAogxEPH1XxDi0QNl9B2lDptnMkg_xszCdfygTTr5KVOrpYqBE9BU0kwsqme1QZIi2hQAViJBGACagNBSWxyIRwRgaoBuQSugw6rBAIb8J0MGIHDDgHU2pzvAQIAYwECC3C-t8o/ofertasv/?filter[tourOperator]=OASI&filter%5Bperson%5D=2&filter%5BchildAge%5D%5B1%5D=20201210&filter%5Bchild%5D=1"
"Dimitra Beach Hotel & Suites","13331.0","06.10.2026 - 13.10.2026","8 dni/7 nocy","","4.5","4.5","4135","tripadvisor","Katowice","2026-09-14T06:31:06.154182+00:00","https://fly.pl/oferta/grecja-wczasy/?filter[dest]=14:&filter[hotelids]=&filter[cityids]=&filter[cregids]=&filter[ofrType]=&filter[addObjType]=&filter[whenFrom]=14-09-2026&filter[whenTo]=14-10-2026&filter[duration]=7:10&filter[from]=&filter[person]=2&filter[child]=1&filter[price]=4000:20000&filter[PriceFrom]=4000&filter[PriceTo]=20000&filter[addCategory]=50&filter[addCatering]=1&filter[addMisc]=0&filter[addTransport]=F&filter[fp]=1&order_by=ofr_price&filter[tourOperator]=0&filter[childAge][1]=20201210","https://fly.pl/cdn/photo/assets/uploads/582/278/2015/04/Dimitra-Beach-Hotel-Suites.jpg","https://fly.pl/wycieczka/grecja,kos,agios-fokas/dimitra-beach/pxCR92E4nmqKO1S6caLKNgAAogNBSd4JPVBWWlUGL_QjvCQYMfMFtgMqTpzoUJuvO9I4MqBEdSQ1Mwt6me1QZIk2hQQViJBGADcj4XBxUAXANYBVYCHe4CD_MCQGlbj3FSsldTAGHYA0sAXqcwAfjRjgEN-_vDCCAAUfyl5vGlAQESYwECYwECDEdbSeU/ofertasv/?filter[tourOperator]=GRCS&filter%5Bperson%5D=2&filter%5BchildAge%5D%5B1%5D=20201210&filter%5Bchild%5D=1"
"Kipriotis Panorama & Suites","13351.0","19.09.2026 - 26.09.2026","8 dni/7 nocy","","4.1","4.1","3372","tripadvisor","Gdańsk","2026-09-14T06:31:06.154182+00:00","https://fly.pl/oferta/grecja-wczasy/?filter[dest]=14:&filter[hotelids]=&filter[cityids]=&filter[cregids]=&filter[ofrType]=&filter[addObjType]=&filter[whenFrom]=14-09-2026&filter[whenTo]=14-10-2026&filter[duration]=7:10&filter[from]=&filter[person]=2&filter[child]=1&filter[price]=4000:20000&filter[PriceFrom]=4000&filter[PriceTo]=20000&filter[addCategory]=50&filter[addCatering]=1&filter[addMisc]=0&filter[addTransport]=F&filter[fp]=1&order_by=ofr_price&filter[tourOperator]=0&filter[childAge][1]=20201210","https://fly.pl/cdn/photo/assets/uploads/582/278/2016/11/Kipriotis-Panorama-Suites-fly-pl.jpg","https://fly.pl/wycieczka/grecja,kos,psalidi/kipriotis-panorama-suites/pD1qM3oODxBgk-BLWfYqhaAAog4Jd16zBKMmv7oaDj8Gd0yikjjxaK0p5RyYxmFCdTAhoqBFJOQlcwt6me1QZIp2hQQVhxYAJqBEJ3Y0RqDUFMTF9JTkNMVVNJVkVqFzI5NiwzODAsNDc3LDQ4Myw0ODQsNDg1cjqfAZYBngEVBxcAWAgKBEDEBxGAGhDIIxmrGUuhR2EAUrEpUwBMoAIdrO5BDzMgnJCRCQ0AAgxjAQILYbb5QQ/ofertasv/?filter[tourOperator]=RNBW&filter%5Bperson%5D=2&filter%5BchildAge%5D%5B1%5D=20201210&filter%5Bchild%5D=1"
"Cooks Club Corfu (ex Ionian Park)","13377.0","06.10.2026 - 13.10.2026","8 dni/7 nocy","","4.2","4.2","1218","tripadvisor","Warszawa - Modlin","2026-09-14T06:31:06.154182+00:00","https://fly.pl/oferta/grecja-wczasy/?filter[dest]=14:&filter[hotelids]=&filter[cityids]=&filter[cregids]=&filter[ofrType]=&filter[addObjType]=&filter[whenFrom]=14-09-2026&filter[whenTo]=14-10-2026&filter[duration]=7:10&filter[from]=&filter[person]=2&filter[child]=1&filter[price]=4000:20000&filter[PriceFrom]=4000&filter[PriceTo]=20000&filter[addCategory]=50&filter[addCatering]=1&filter[addMisc]=0&filter[addTransport]=F&filter[fp]=1&order_by=ofr_price&filter[tourOperator]=0&filter[childAge][1]=20201210","https://fly.pl/cdn/photo/assets/uploads/582/278/2015/12/Ionian-Park-Gouvia-fly-pl.jpg","https://fly.pl/wycieczka/grecja,korfu,gouvia/ionian-park-gouvia/pbGa3oYLDu-rBfc8SOzraWAAogHE78nJ-Li3kFMRzMFEk_ohfrGqi-knc6V19_93F9HYEqBEVYSU0wt6me1QZIwWhQAViJBGABagJBSXIeHBHpuwa5BKr8QKsEIBvW7SwYveI2AYO3sJwLAwBjxfyOqA/ofertasv/?filter[tourOperator]=EXIM&filter%5Bperson%5D=2&filter%5BchildAge%5D%5B1%5D=20201210&filter%5Bchild%5D=1"
"Costa Lindia Beach","13452.0","25.09.2026 - 03.10.2026","9 dni/7 nocy","","3.9","3.9","1558","tripadvisor","Warszawa","2026-09-14T06:31:06.154182+00:00","https://fly.pl/oferta/grecja-wczasy/?filter[dest]=14:&filter[hotelids]=&filter[cityids]=&filter[cregids]=&filter[ofrType]=&filter[addObjType]=&filter[whenFrom]=14-09-2026&filter[whenTo]=14-10-2026&filter[duration]=7:10&filter[from]=&filter[person]=2&filter[child]=1&filter[price]=4000:20000&filter[PriceFrom]=4000&filter[PriceTo]=20000&filter[addCategory]=50&filter[addCatering]=1&filter[addMisc]=0&filter[addTransport]=F&filter[fp]=1&order_by=ofr_price&filter[tourOperator]=0&filter[childAge][1]=20201210","https://fly.pl/cdn/photo/assets/uploads/582/278/2015/04/Costa-Lindia.jpg","https://fly.pl/wycieczka/grecja,rodos,lardos/costa-lindia-beach/p4_VE2dtnlEFDeijc8WI3hAAogXWPLh7FDq202Q1MgeFDX-24XdzSsXvZdkikF4_PzcswqBFJOQlcwt6me1QZIjGlQQViBAmACagRCd2NEag1BTExfSU5DTFVTSVZFahcyOTYsMzgwLDQ3Nyw0ODMsNDg0LDQ4NWoTNDAyLDQwNiw0NzMsNDk3LDQ5OXI-nwGWAZ4BlAEVBxcBWAcKBEDEBxH9GRCCHBnWIUz0tQFTjAFSAEvcMGEAD9GCQB2dAyDHg5IJDQACDGMBAguTJzkH/ofertasv/?filter[tourOperator]=RNBW&filter%5Bperson%5D=2&filter%5BchildAge%5D%5B1%5D=20201210&filter%5Bchild%5D=1"
"Atlantica Caldera Palace Resort & Spa (ex Atlantica Sensatori)","13576.0","27.09.2026 - 04.10.2026","8 dni/7 nocy","","4.3","4.3","6165","tripadvisor","Poznań","2026-09-14T06:31:06.154182+00:00","https://fly.pl/oferta/grecja-wczasy/?filter[dest]=14:&filter[hotelids]=&filter[cityids]=&filter[cregids]=&filter[ofrType]=&filter[addObjType]=&filter[whenFrom]=14-09-2026&filter[whenTo]=14-10-2026&filter[duration]=7:10&filter[from]=&filter[person]=2&filter[child]=1&filter[price]=4000:20000&filter[PriceFrom]=4000&filter[PriceTo]=20000&filter[addCategory]=50&filter[addCatering]=1&filter[addMisc]=0&filter[addTransport]=F&filter[fp]=1&order_by=ofr_price&filter[tourOperator]=0&filter[childAge][1]=20201210","https://fly.pl/cdn/photo/assets/uploads/582/278/2024/07/atlantica-caldera-palace-resort-spa-ex-atlantica-sensatori.jpg","https://fly.pl/wycieczka/grecja,kreta-wschodnia,analipsis/atlantica-caldera-palace-resort-spa-ex-atlantica-sensatori-14/paD5h36sSTRLi7_AnRd-lOAAogjCRhWK2Y1uq5q9J_OYewXwAAAADnvwQA7L8EAAcAAAAqBFdFWlkwt6me1QZIiGpQQVixAmADagtSeWFuYWlyIFN1bmoEMDY1MGoEMDg0NXJBngGVAZgBHwACARwAFgQXAhK5BROoAhTjAkDWdkyCL08AEY40S-IfUAAb8bIBHePIDyAFDdPQwQkBEmMBDGMBAgsidbaH/ofertasv/?filter[tourOperator]=WEZY&filter%5Bperson%5D=2&filter%5BchildAge%5D%5B1%5D=20201210&filter%5Bchild%5D=1"
"Dreams Corfu Resort & Spa (ex Louis Corcyra Beach)","13584.0","07.10.2026 - 14.10.2026","8 dni/7 nocy","","4.4","4.4","1481","tripadvisor","Warszawa - Modlin","2026-09-14T06:31:06.154182+00:00","https://fly.pl/oferta/grecja-wczasy/?filter[dest]=14:&filter[hotelids]=&filter[cityids]=&filter[cregids]=&filter[ofrType]=&filter[addObjType]=&filter[whenFrom]=14-09-2026&filter[whenTo]=14-10-2026&filter[duration]=7:10&filter[from]=&filter[person]=2&filter[child]=1&filter[price]=4000:20000&filter[PriceFrom]=4000&filter[PriceTo]=20000&filter[addCategory]=50&filter[addCatering]=1&filter[addMisc]=0&filter[addTransport]=F&filter[fp]=1&order_by=ofr_price&filter[tourOperator]=0&filter[childAge][1]=20201210","https://fly.pl/cdn/photo/assets/uploads/582/278/2010/01/Louis-Corcyra-Beach197.jpg","https://fly.pl/wycieczka/grecja,korfu,gouvia/louis-corcyra-beach/pUJzczS5qMlqQEliwwcUVDAAogo7CQ0ickQLfRb23MEudLevhSmbv-wR1aTMt5tISzWIEqBEVDQ1gwt6me1QZIkGpQAVihBGACagJBSXIfHBGnK6sEg4gXuQQtGJuDKxuLEwHvmrPtAQIAYwECDIw7X-o/ofertasv/?filter[tourOperator]=ECCX&filter%5Bperson%5D=2&filter%5BchildAge%5D%5B1%5D=20201210&filter%5Bchild%5D=1"
"Blue Lagoon Princess","13644.0","05.10.2026 - 12.10.2026","8 dni/7 nocy","","4.2","4.2","1608","tripadvisor","Warszawa","2026-09-14T06:31:06.154182+00:00","https://fly.pl/oferta/grecja-wczasy/?filter[dest]=14:&filter[hotelids]=&filter[cityids]=&filter[cregids]=&filter[ofrType]=&filter[addObjType]=&filter[whenFrom]=14-09-2026&filter[whenTo]=14-10-2026&filter[duration]=7:10&filter[from]=&filter[person]=2&filter[child]=1&filter[price]=4000:20000&filter[PriceFrom]=4000&filter[PriceTo]=20000&filter[addCategory]=50&filter[addCatering]=1&filter[addMisc]=0&filter[addTransport]=F&filter[fp]=1&order_by=ofr_price&filter[tourOperator]=0&filter[childAge][1]=20201210","https://fly.pl/cdn/photo/assets/uploads/582/278/2015/06/Blue-Lagoon-Princess-1.jpg","https://fly.pl/wycieczka/grecja,chalkidiki,kalives-poligirou/blue-lagoon-princess/pYN3YoT5m8buEWX1A09XQUAAogjSdRsUO6eTUizYlMmui_ORzIzQzXuZgZAvl7Lcv--z8qBEJWUFIwt6me1QZIzGpQAVjxA2ACag1BbGwgaW5jbHVzaXZlciEcEaxJG-uXBBimpA2rBIOIFbkE4AEBgbmRwAECAGMBAgxKQeQy/ofertasv/?filter[tourOperator]=BVPR&filter%5Bperson%5D=2&filter%5BchildAge%5D%5B1%5D=20201210&filter%5Bchild%5D=1"
"Porto Platanias Beach (Chania)","13737.0","25.09.2026 - 02.10.2026","8 dni/7 nocy","","3.9","3.9","1622","tripadvisor","Warszawa","2026-09-14T06:31:06.154182+00:00","https://fly.pl/oferta/grecja-wczasy/?filter[dest]=14:&filter[hotelids]=&filter[cityids]=&filter[cregids]=&filter[ofrType]=&filter[addObjType]=&filter[whenFrom]=14-09-2026&filter[whenTo]=14-10-2026&filter[duration]=7:10&filter[from]=&filter[person]=2&filter[child]=1&filter[price]=4000:20000&filter[PriceFrom]=4000&filter[PriceTo]=20000&filter[addCategory]=50&filter[addCatering]=1&filter[addMisc]=0&filter[addTransport]=F&filter[fp]=1&order_by=ofr_price&filter[tourOperator]=0&filter[childAge][1]=20201210","https://fly.pl/cdn/photo/assets/uploads/582/278/2014/07/Porto-Platanias-Beach-Resort-Spa.jpg","https://fly.pl/wycieczka/grecja,kreta-zachodnia,platanias/porto-platanias-beach/pnYJT3f94erA2bdmsnUGRUAAogsZ6uURDDIR5LUII3FlR8IyUQ9BJZxucjh_ngHppNMLwqBEVYSU0wt6me1QZIqWtQAViBAmACagJBSXIhHBHPpAarBKD4O7kEFhueyjEY1uw1AamVwf0IAhJjAQIMZWyP7w/ofertasv/?filter[tourOperator]=EXIM&filter%5Bperson%5D=2&filter%5BchildAge%5D%5B1%5D=20201210&filter%5Bchild%5D=1"
"King Minos Retreat (ex. King Minos Palace)","13806.0","07.10.2026 - 14.10.2026","8 dni/7 nocy","","4.5","4.5","1133","tripadvisor","Katowice","2026-09-14T06:31:06.154182+00:00","https://fly.pl/oferta/grecja-wczasy/?filter[dest]=14:&filter[hotelids]=&filter[cityids]=&filter[cregids]=&filter[ofrType]=&filter[addObjType]=&filter[whenFrom]=14-09-2026&filter[whenTo]=14-10-2026&filter[duration]=7:10&filter[from]=&filter[person]=2&filter[child]=1&filter[price]=4000:20000&filter[PriceFrom]=4000&filter[PriceTo]=20000&filter[addCategory]=50&filter[addCatering]=1&filter[addMisc]=0&filter[addTransport]=F&filter[fp]=1&order_by=ofr_price&filter[tourOperator]=0&filter[childAge][1]=20201210","https://fly.pl/cdn/photo/assets/uploads/582/278/2015/04/King-Minos-Palace-fly-pl-1.jpg","https://fly.pl/wycieczka/grecja,kreta,hersonissos/king-minos-palace/p1qvSJTLOcsh6NKkmhnkhxAAogxOoc0k5RjTs-bKgxLY_5pgAAAAACpgQAGKYEAAcAAAAqBFdFWlkwt6me1QZI7mtQQVihBGADaglFbnRlciBBaXJqBDAyMDVqBDA2MDVyQZ4BkwGUAR8AAgEcABYGFwAS1gQVpQYYwwER7ilA7kpMgi9PAEvRIlAAHY75ECAWG6qbMw3N6Y4JARJjAQ1jAQIMjTVniA/ofertasv/?filter[tourOperator]=WEZY&filter%5Bperson%5D=2&filter%5BchildAge%5D%5B1%5D=20201210&filter%5Bchild%5D=1"
"Georgioupolis Resort & Aqua Park","13863.0","02.10.2026 - 09.10.2026","8 dni/7 nocy","","4.2","4.2","389","tripadvisor","Warszawa","2026-09-14T06:31:06.154182+00:00","https://fly.pl/oferta/grecja-wczasy/?filter[dest]=14:&filter[hotelids]=&filter[cityids]=&filter[cregids]=&filter[ofrType]=&filter[addObjType]=&filter[whenFrom]=14-09-2026&filter[whenTo]=14-10-2026&filter[duration]=7:10&filter[from]=&filter[person]=2&filter[child]=1&filter[price]=4000:20000&filter[PriceFrom]=4000&filter[PriceTo]=20000&filter[addCategory]=50&filter[addCatering]=1&filter[addMisc]=0&filter[addTransport]=F&filter[fp]=1&order_by=ofr_price&filter[tourOperator]=0&filter[childAge][1]=20201210","https://fly.pl/cdn/photo/assets/uploads/582/278/2010/04/Georgioupolis-Resort2457.jpg","https://fly.pl/wycieczka/grecja,kreta-zachodnia,georgioupolis/georgioupolis-resort/pk1T9Tdk7c7n_9AmLWuqPRAAog0bCEXPtVaFmOhRukcIEbzel6wvNP19gHDcRiyjR1oRIqBEVDQ1gwt6me1QZIp2xQAVipA2ADagJBSXIjHBHLSbkEm84XqwQsGJvsJxvC50IB6d7C8wEBEmMBAGMBAg5UZcwN/ofertasv/?filter[tourOperator]=ECCX&filter%5Bperson%5D=2&filter%5BchildAge%5D%5B1%5D=20201210&filter%5Bchild%5D=1"
"High Beach","13877.0","07.10.2026 - 14.10.2026","8 dni/7 nocy","","4.5","4.5","1188","tripadvisor","Kraków","2026-09-14T06:31:06.154182+00:00","https://fly.pl/oferta/grecja-wczasy/?filter[dest]=14:&filter[hotelids]=&filter[cityids]=&filter[cregids]=&filter[ofrType]=&filter[addObjType]=&filter[whenFrom]=14-09-2026&filter[whenTo]=14-10-2026&filter[duration]=7:10&filter[from]=&filter[person]=2&filter[child]=1&filter[price]=4000:20000&filter[PriceFrom]=4000&filter[PriceTo]=20000&filter[addCategory]=50&filter[addCatering]=1&filter[addMisc]=0&filter[addTransport]=F&filter[fp]=1&order_by=ofr_price&filter[tourOperator]=0&filter[childAge][1]=20201210","https://fly.pl/cdn/photo/assets/uploads/582/278/2014/07/High-Beach-1.jpg","https://fly.pl/wycieczka/grecja,kreta-wschodnia,malia/high-beach/puOMr7YXrxVUtckmyBOugDAAogbhWO9co76vTNImzI0FAJ94PMZTVett36fjNE0W-Rvl4qBEJWQkUwt6me1QZItWxQAVihBGACagJBSXIhHBGaoAEb56g7GO61FqsEoZ4ouQQXAa3un5cDAhJjAQILXf0-DA/ofertasv/?filter[tourOperator]=BVBE&filter%5Bperson%5D=2&filter%5BchildAge%5D%5B1%5D=20201210&filter%5Bchild%5D=1"
"Porto Carras Meliton","13947.0","26.09.2026 - 03.10.2026","8 dni/7 nocy","","4.3","4.3","2988","tripadvisor","Kraków","2026-09-14T06:31:06.154182+00:00","https://fly.pl/oferta/grecja-wczasy/?filter[dest]=14:&filter[hotelids]=&filter[cityids]=&filter[cregids]=&filter[ofrType]=&filter[addObjType]=&filter[whenFrom]=14-09-2026&filter[whenTo]=14-10-2026&filter[duration]=7:10&filter[from]=&filter[person]=2&filter[child]=1&filter[price]=4000:20000&filter[PriceFrom]=4000&filter[PriceTo]=20000&filter[addCategory]=50&filter[addCatering]=1&filter[addMisc]=0&filter[addTransport]=F&filter[fp]=1&order_by=ofr_price&filter[tourOperator]=0&filter[childAge][1]=20201210","https://fly.pl/cdn/photo/assets/uploads/582/278/2015/05/Porto-Carras-Grand-Meliton-fly-pl.jpg","https://fly.pl/wycieczka/grecja,chalkidiki,limani-karra/porto-carras-grand-meliton/pywZRD6cBQG_xWhIKWiY5ZAAogBK86-dUcEdN8WI6t29qqdCcPY65P7Lj8s4gGe_T71ZoqBFZJVFgwt6me1QZI-2xQQViZAmACagxLUktTS0dEUDcwMTZqDFNLR0tSS0RQNzAxNnI6nQGPARoAFwcVAFwDWAVAjwNbv4MBS8NLYQBe-zBShR5TAEz2ihINqKTACSAAUcnyoMvnAQIMYwEDC8JGGNE/ofertasv/?filter[tourOperator]=VITX&filter%5Bperson%5D=2&filter%5BchildAge%5D%5B1%5D=20201210&filter%5Bchild%5D=1"
"Helea Lifestyle Beach Resort","14027.0","07.10.2026 - 14.10.2026","8 dni/7 nocy","","4.4","4.4","2649","tripadvisor","Kraków","2026-09-14T06:31:06.154182+00:00","https://fly.pl/oferta/grecja-wczasy/?filter[dest]=14:&filter[hotelids]=&filter[cityids]=&filter[cregids]=&filter[ofrType]=&filter[addObjType]=&filter[whenFrom]=14-09-2026&filter[whenTo]=14-10-2026&filter[duration]=7:10&filter[from]=&filter[person]=2&filter[child]=1&filter[price]=4000:20000&filter[PriceFrom]=4000&filter[PriceTo]=20000&filter[addCategory]=50&filter[addCatering]=1&filter[addMisc]=0&filter[addTransport]=F&filter[fp]=1&order_by=ofr_price&filter[tourOperator]=0&filter[childAge][1]=20201210","https://fly.pl/cdn/photo/assets/uploads/582/278/2015/09/Helea-Family-Beach-Resort.jpg","https://fly.pl/wycieczka/grecja,rodos,koskinou/aldemar-amilia-mare/prt_o30GTz5ST1yoUDMUPDAAogHnTnBQ2dnNBVX_-Y5h8M0XC2dRAKjZic4GJVxQi7o6AqBEVYSU0wt6me1QZIy21QAVihBGACagJBSXIhHBG5xwa5BK3tQKsEIBuH1zcYr-Q7Ac7o4psLAgBjAQILZjo4dw/ofertasv/?filter[tourOperator]=EXIM&filter%5Bperson%5D=2&filter%5BchildAge%5D%5B1%5D=20201210&filter%5Bchild%5D=1"
"Mitsis Faliraki","14164.0","05.10.2026 - 12.10.2026","9 dni/7 nocy","","4.6","4.6","3358","tripadvisor","Wrocław","2026-09-14T06:31:06.154182+00:00","https://fly.pl/oferta/grecja-wczasy/?filter[dest]=14:&filter[hotelids]=&filter[cityids]=&filter[cregids]=&filter[ofrType]=&filter[addObjType]=&filter[whenFrom]=14-09-2026&filter[whenTo]=14-10-2026&filter[duration]=7:10&filter[from]=&filter[person]=2&filter[child]=1&filter[price]=4000:20000&filter[PriceFrom]=4000&filter[PriceTo]=20000&filter[addCategory]=50&filter[addCatering]=1&filter[addMisc]=0&filter[addTransport]=F&filter[fp]=1&order_by=ofr_price&filter[tourOperator]=0&filter[childAge][1]=20201210","https://fly.pl/cdn/photo/assets/uploads/582/278/2015/04/Hotel-Mitsis-Faliraki.jpg","https://fly.pl/wycieczka/grecja,rodos,faliraki/mitsis-faliraki-beach/poEAvrcT3fkvyYPvzliW-YAAogUoxF0TTtshlh8MPM61Swm092int4ZV66IpvpGh-2oikqBEdSQ1Mwt6me1QZI1G5QQVjxA2ADcj8VBxcBWAdWAlwCHY8CDxZAowRbloABXqp8UpETUwBhuDVLAAHn7oABDcKW0QggAFHZzaHt3gEBEmMBAmMBAgtBPMR6/ofertasv/?filter[tourOperator]=GRCS&filter%5Bperson%5D=2&filter%5BchildAge%5D%5B1%5D=20201210&filter%5Bchild%5D=1"
"Atlantica Ocean Beach Resort (ex. Creta Princess by Atlantica)","14205.0","05.10.2026 - 12.10.2026","8 dni/7 nocy","","4.3","4.3","2923","tripadvisor","Warszawa","2026-09-14T06:31:06.154182+00:00","https://fly.pl/oferta/grecja-wczasy/?filter[dest]=14:&filter[hotelids]=&filter[cityids]=&filter[cregids]=&filter[ofrType]=&filter[addObjType]=&filter[whenFrom]=14-09-2026&filter[whenTo]=14-10-2026&filter[duration]=7:10&filter[from]=&filter[person]=2&filter[child]=1&filter[price]=4000:20000&filter[PriceFrom]=4000&filter[PriceTo]=20000&filter[addCategory]=50&filter[addCatering]=1&filter[addMisc]=0&filter[addTransport]=F&filter[fp]=1&order_by=ofr_price&filter[tourOperator]=0&filter[childAge][1]=20201210","https://fly.pl/cdn/photo/assets/uploads/582/278/2014/09/Louis-Creta-Princess-fly-pl.jpg","https://fly.pl/wycieczka/grecja,kreta-zachodnia,maleme/louis-creta-princess/pYceBOZbc25sRy2vldZc_SAAogyHFynP3FZaqDISX3BUoaEPG6Y5AGV0QCjIEy6z32KxoqBEVDQ1gwt6me1QZI_W5QAVjxA2ACagJBSXIgHBHdJ6sEjPAXuQQqGNfHIhvGswcBksv78wECEmMBAguEExiJ/ofertasv/?filter[tourOperator]=ECCX&filter%5Bperson%5D=2&filter%5BchildAge%5D%5B1%5D=20201210&filter%5Bchild%5D=1"
"Valmar Corfu","14228.0","30.09.2026 - 07.10.2026","8 dni/7 nocy","","4.3","4.3","430","tripadvisor","Wrocław","2026-09-14T06:31:06.154182+00:00","https://fly.pl/oferta/grecja-wczasy/?filter[dest]=14:&filter[hotelids]=&filter[cityids]=&filter[cregids]=&filter[ofrType]=&filter[addObjType]=&filter[whenFrom]=14-09-2026&filter[whenTo]=14-10-2026&filter[duration]=7:10&filter[from]=&filter[person]=2&filter[child]=1&filter[price]=4000:20000&filter[PriceFrom]=4000&filter[PriceTo]=20000&filter[addCategory]=50&filter[addCatering]=1&filter[addMisc]=0&filter[addTransport]=F&filter[fp]=1&order_by=ofr_price&filter[tourOperator]=0&filter[childAge][1]=20201210","https://datacfstatic.merlinx.pl/RNBW/IMG/7408/3e43be1ad845732cfa28c3816395cac6211cd80ca3798bbcf429a0c86a43db9c.webp","https://fly.pl/wycieczka/grecja,korfu,agios-ioannis-peristeron/valmar-corfu-9/pg1-O5RJcIHSF3zUmPwUyWAAogCtfRTJ_dEq07R59IM5hgIYrunnHXGeQQhaR2azNzh-QqBFJOQlcwt6me1QZIlG9QQVj5AmACagRCd2NEag1BTExfSU5DTFVTSVZFahcyOTYsMzgwLDQ3Nyw0ODMsNDg0LDQ4NXI8nwGWAZ4BFQcXAFgICgRAxAcRmTIZwSVTyR5SABDhTUyfA0vqfGEAHZSzQA_F6AMghemNCQ0AAgxjAQILJHhnJg/ofertasv/?filter[tourOperator]=RNBW&filter%5Bperson%5D=2&filter%5BchildAge%5D%5B1%5D=20201210&filter%5Bchild%5D=1"
"Mitsis Selection Blue Domes","14279.0","03.10.2026 - 10.10.2026","8 dni/7 nocy","","4.4","4.4","6840","tripadvisor","Gdańsk","2026-09-14T06:31:06.154182+00:00","https://fly.pl/oferta/grecja-wczasy/?filter[dest]=14:&filter[hotelids]=&filter[cityids]=&filter[cregids]=&filter[ofrType]=&filter[addObjType]=&filter[whenFrom]=14-09-2026&filter[whenTo]=14-10-2026&filter[duration]=7:10&filter[from]=&filter[person]=2&filter[child]=1&filter[price]=4000:20000&filter[PriceFrom]=4000&filter[PriceTo]=20000&filter[addCategory]=50&filter[addCatering]=1&filter[addMisc]=0&filter[addTransport]=F&filter[fp]=1&order_by=ofr_price&filter[tourOperator]=0&filter[childAge][1]=20201210","https://fly.pl/cdn/photo/assets/uploads/582/278/2014/09/Mitsis-Blue-Domes-Exclusive-Resort-Spa-fly-pl.jpg","https://fly.pl/wycieczka/grecja,kos,kardamaina/mitsis-blue-domes-resort/pZ6JNxnDa2P-ebDyeS7mGqAAogcmjbDHXEzRE84NldidGXUtC-u8R8e_4Gzwm1brTSuRAqBEdSQ1Mwt6me1QZIx29QQVjBA2ADcj0VBxcAWAhWAlwCHe0ED3dAZFukcWHsLUsAUrEpUwBe_zMB55aJAQ2Jt8kIIABR8ejg8aUBARJjAQJjAQILGW-quQ/ofertasv/?filter[tourOperator]=GRCS&filter%5Bperson%5D=2&filter%5BchildAge%5D%5B1%5D=20201210&filter%5Bchild%5D=1"
"Mitsis Selection Laguna","14497.0","30.09.2026 - 08.10.2026","9 dni/7 nocy","","4.6","4.6","5375","tripadvisor","Poznań","2026-09-14T06:31:06.154182+00:00","https://fly.pl/oferta/grecja-wczasy/?filter[dest]=14:&filter[hotelids]=&filter[cityids]=&filter[cregids]=&filter[ofrType]=&filter[addObjType]=&filter[whenFrom]=14-09-2026&filter[whenTo]=14-10-2026&filter[duration]=7:10&filter[from]=&filter[person]=2&filter[child]=1&filter[price]=4000:20000&filter[PriceFrom]=4000&filter[PriceTo]=20000&filter[addCategory]=50&filter[addCatering]=1&filter[addMisc]=0&filter[addTransport]=F&filter[fp]=1&order_by=ofr_price&filter[tourOperator]=0&filter[childAge][1]=20201210","https://fly.pl/cdn/photo/assets/uploads/582/278/2014/07/Mitsis-Laguna-Resort-Spa-fly-pl.jpg","https://fly.pl/wycieczka/grecja,kreta-wschodnia,anissaras/mitsis-laguna-resort-spa/pwjYIEjc1x01Q-bdyxHV5IAAogF6IVOoWXvkYcu4ELE4BWp_afvgWcZN_oTmdHX69lffcqBEdSQ1Mwt6me1QZIoXFQQVj5AmADcj0VBxcBWAdWAlwCD9wDHZUCQFdbpHFSpDhTAF74UmF4SwABmIuIAQ2XwcoIIEdRtYXMjY0BARJjAQJjAQILCK9TFQ/ofertasv/?filter[tourOperator]=GRCS&filter%5Bperson%5D=2&filter%5BchildAge%5D%5B1%5D=20201210&filter%5Bchild%5D=1"
"Pilot Beach Resort","14597.0","07.10.2026 - 14.10.2026","8 dni/7 nocy","","4.5","4.5","1188","tripadvisor","Warszawa - Modlin","2026-09-14T06:31:06.154182+00:00","https://fly.pl/oferta/grecja-wczasy/?filter[dest]=14:&filter[hotelids]=&filter[cityids]=&filter[cregids]=&filter[ofrType]=&filter[addObjType]=&filter[whenFrom]=14-09-2026&filter[whenTo]=14-10-2026&filter[duration]=7:10&filter[from]=&filter[person]=2&filter[child]=1&filter[price]=4000:20000&filter[PriceFrom]=4000&filter[PriceTo]=20000&filter[addCategory]=50&filter[addCatering]=1&filter[addMisc]=0&filter[addTransport]=F&filter[fp]=1&order_by=ofr_price&filter[tourOperator]=0&filter[childAge][1]=20201210","https://fly.pl/cdn/photo/assets/uploads/582/278/2015/04/Pilot-Beach-Resort.jpg","https://fly.pl/wycieczka/grecja,kreta-zachodnia,georgioupolis/pilot-beach-resort/pbsxg5YSi5cTilSlnYuNhOAAog46QRYO4Op_9zTSkXflCqekDIWrtVbaUEByVQestirPoqBEVYSU0wt6me1QZIhXJQAVihBGACagJBSXIhHBHoowarBLyfQbkEXhuanTAYgutAAemmjKELAhJjAQINPsf3wg/ofertasv/?filter[tourOperator]=EXIM&filter%5Bperson%5D=2&filter%5BchildAge%5D%5B1%5D=20201210&filter%5Bchild%5D=1"
"Avra Imperial Beach Resort & Spa","14747.0","07.10.2026 - 14.10.2026","8 dni/7 nocy","","4.5","4.5","2387","tripadvisor","Warszawa - Modlin","2026-09-14T06:31:06.154182+00:00","https://fly.pl/oferta/grecja-wczasy/?filter[dest]=14:&filter[hotelids]=&filter[cityids]=&filter[cregids]=&filter[ofrType]=&filter[addObjType]=&filter[whenFrom]=14-09-2026&filter[whenTo]=14-10-2026&filter[duration]=7:10&filter[from]=&filter[person]=2&filter[child]=1&filter[price]=4000:20000&filter[PriceFrom]=4000&filter[PriceTo]=20000&filter[addCategory]=50&filter[addCatering]=1&filter[addMisc]=0&filter[addTransport]=F&filter[fp]=1&order_by=ofr_price&filter[tourOperator]=0&filter[childAge][1]=20201210","https://fly.pl/cdn/photo/assets/uploads/582/278/2015/04/Avra-Imperial.jpg","https://fly.pl/wycieczka/grecja,kreta-zachodnia,kolymvari/avra-imperial-beach-resort-spa/pdxICgaLAFkPqucTlEZfLuAAogIvHzPAZDGKGmHFx_7LAqnUDIWrtVbaUEByVQestirPoqBEVYSU0wt6me1QZIm3NQAVihBGACagJBSXIhHBHnyAarBL36QLkEXhvdrjgY1rs8AdvGvp4LAgBjAQIMSp03gw/ofertasv/?filter[tourOperator]=EXIM&filter%5Bperson%5D=2&filter%5BchildAge%5D%5B1%5D=20201210&filter%5Bchild%5D=1"
"Anemos Luxury Grand Resort","14834.0","01.10.2026 - 08.10.2026","8 dni/7 nocy","","4.7","4.7","2672","tripadvisor","Kraków","2026-09-14T06:31:06.154182+00:00","https://fly.pl/oferta/grecja-wczasy/?filter[dest]=14:&filter[hotelids]=&filter[cityids]=&filter[cregids]=&filter[ofrType]=&filter[addObjType]=&filter[whenFrom]=14-09-2026&filter[whenTo]=14-10-2026&filter[duration]=7:10&filter[from]=&filter[person]=2&filter[child]=1&filter[price]=4000:20000&filter[PriceFrom]=4000&filter[PriceTo]=20000&filter[addCategory]=50&filter[addCatering]=1&filter[addMisc]=0&filter[addTransport]=F&filter[fp]=1&order_by=ofr_price&filter[tourOperator]=0&filter[childAge][1]=20201210","https://fly.pl/cdn/photo/assets/uploads/582/278/2016/10/Anemos-Luxury-Grand-Resort-fly-pl-2.jpg","https://fly.pl/wycieczka/grecja,kreta-zachodnia,georgioupolis/anemos-luxury-grand-resort/p0bguLZF5m3CgCicPo7MZlAAogmbgGfKKyBZuKkF62P0S21raUyLdteGuGSLXHtIe484UqBEJWUFIwt6me1QZI8nNQAViRA2ACahNBbGwgaW5jbHVzaXZlIFVsdHJhciAcEew8G7OzBBjyqw25BLqVFKsEHAG-md_CAQISYwEDDAqRM0w/ofertasv/?filter[tourOperator]=BVPR&filter%5Bperson%5D=2&filter%5BchildAge%5D%5B1%5D=20201210&filter%5Bchild%5D=1"
"Rocrita Lifestyle Resort (ex. Aldiana Kreta)","15057.0","30.09.2026 - 07.10.2026","8 dni/7 nocy","","","","","","Katowice","2026-09-14T06:31:06.154182+00:00","https://fly.pl/oferta/grecja-wczasy/?filter[dest]=14:&filter[hotelids]=&filter[cityids]=&filter[cregids]=&filter[ofrType]=&filter[addObjType]=&filter[whenFrom]=14-09-2026&filter[whenTo]=14-10-2026&filter[duration]=7:10&filter[from]=&filter[person]=2&filter[child]=1&filter[price]=4000:20000&filter[PriceFrom]=4000&filter[PriceTo]=20000&filter[addCategory]=50&filter[addCatering]=1&filter[addMisc]=0&filter[addTransport]=F&filter[fp]=1&order_by=ofr_price&filter[tourOperator]=0&filter[childAge][1]=20201210","https://datacfstatic.merlinx.pl/ITAK/IMG/HERROCR/50e3ed2b7887779659ab9edb8a60fe4e22d6224051631dd599cc066d2824c635.webp","https://fly.pl/wycieczka/grecja,kreta-wschodnia,sitia/aldiana-kreta/p9pIoiwbRsdi7n8tte2b2GAAogsgrjZtRUiK_d9ildGQ4HOPItLA4jFfED9OGQAGBJtSEqBFZJVFgwt6me1QZI0XVQQVj5AmACckAaABUHFwBcA1gFQI8DU4WtAVIAW4AYYdEKSwBepzBM_Pg5DavUmAkgAE-Q3sqNjQFRub8TXePDlt4bAgxjAQILo0wo3g/ofertasv/?filter[tourOperator]=VITX&filter%5Bperson%5D=2&filter%5BchildAge%5D%5B1%5D=20201210&filter%5Bchild%5D=1"
"Portes Lithos Luxury Resort","15067.0","29.09.2026 - 06.10.2026","8 dni/7 nocy","","4.8","4.8","483","tripadvisor","Warszawa - Modlin","2026-09-14T06:31:06.154182+00:00","https://fly.pl/oferta/grecja-wczasy/?filter[dest]=14:&filter[hotelids]=&filter[cityids]=&filter[cregids]=&filter[ofrType]=&filter[addObjType]=&filter[whenFrom]=14-09-2026&filter[whenTo]=14-10-2026&filter[duration]=7:10&filter[from]=&filter[person]=2&filter[child]=1&filter[price]=4000:20000&filter[PriceFrom]=4000&filter[PriceTo]=20000&filter[addCategory]=50&filter[addCatering]=1&filter[addMisc]=0&filter[addTransport]=F&filter[fp]=1&order_by=ofr_price&filter[tourOperator]=0&filter[childAge][1]=20201210","https://fly.pl/cdn/photo/assets/uploads/582/278/2019/04/Portes-Lithos-Luxury-Resort-fly-pl-1.jpg","https://fly.pl/wycieczka/grecja,chalkidiki,nea-poteidaia/portes-lithos-luxury-resort/p9itq0TjKf5XlqQVX52-SqAAogxXJkCWR14thTYc2quUXIsrW_bR-oMZSLhyFGrHa0-JcqBEVYSU0wt6me1QZI23VQAVjhAmACagNVQUlyIRwRr44GqwSRoUG5BB8bvL4sGLv0NQHf94P_CAISYwECC7gs8ks/ofertasv/?filter[tourOperator]=EXIM&filter%5Bperson%5D=2&filter%5BchildAge%5D%5B1%5D=20201210&filter%5Bchild%5D=1"
"Aquila Porto Rethymno","15403.0","01.10.2026 - 08.10.2026","8 dni/7 nocy","","4.4","4.4","2366","tripadvisor","Kraków","2026-09-14T06:31:06.154182+00:00","https://fly.pl/oferta/grecja-wczasy/?filter[dest]=14:&filter[hotelids]=&filter[cityids]=&filter[cregids]=&filter[ofrType]=&filter[addObjType]=&filter[whenFrom]=14-09-2026&filter[whenTo]=14-10-2026&filter[duration]=7:10&filter[from]=&filter[person]=2&filter[child]=1&filter[price]=4000:20000&filter[PriceFrom]=4000&filter[PriceTo]=20000&filter[addCategory]=50&filter[addCatering]=1&filter[addMisc]=0&filter[addTransport]=F&filter[fp]=1&order_by=ofr_price&filter[tourOperator]=0&filter[childAge][1]=20201210","https://fly.pl/cdn/photo/assets/uploads/582/278/2015/04/Aquila-Porto-Rethymno.jpg","https://fly.pl/wycieczka/grecja,kreta-zachodnia,rethymnon/aquila-porto-rethymno/pFBQNFgVY2MYjLCRrAdhv0AAogL-1GYgW-utlCgHiPcXXD_Y4aWEt2uPqOwEBhZZKS_O8qBEJWQkUwt6me1QZIq3hQAViRA2ACagNBSStyIhwRwp4BG6bUPBiipRK5BKKAK6sE4AQBg6uRlgMCEmMBAgcDT1dZ/ofertasv/?filter[tourOperator]=BVBE&filter%5Bperson%5D=2&filter%5BchildAge%5D%5B1%5D=20201210&filter%5Bchild%5D=1"
"Knossos Beach","15424.0","07.10.2026 - 14.10.2026","8 dni/7 nocy","","4.2","4.2","1526","tripadvisor","Katowice","2026-09-14T06:31:06.154182+00:00","https://fly.pl/oferta/grecja-wczasy/?filter[dest]=14:&filter[hotelids]=&filter[cityids]=&filter[cregids]=&filter[ofrType]=&filter[addObjType]=&filter[whenFrom]=14-09-2026&filter[whenTo]=14-10-2026&filter[duration]=7:10&filter[from]=&filter[person]=2&filter[child]=1&filter[price]=4000:20000&filter[PriceFrom]=4000&filter[PriceTo]=20000&filter[addCategory]=50&filter[addCatering]=1&filter[addMisc]=0&filter[addTransport]=F&filter[fp]=1&order_by=ofr_price&filter[tourOperator]=0&filter[childAge][1]=20201210","https://fly.pl/cdn/photo/assets/uploads/582/278/2015/04/Knossos-Beach.jpg","https://fly.pl/wycieczka/grecja,kreta-wschodnia,kokkini-hani/knossos-beach/pCaZ-1jXMPTqetyhmcPCAlAAogRfPoCFLXj5Vzvcqxzu6hwgAAAAACpgQAGKYEAAcAAAAqBFdFWlkwt6me1QZIwHhQQVihBGADaglFbnRlciBBaXJqBDAyMDVqBDA2MDVyQZ4BkwGUAR8AAgEcABYEFwIS1gQVpQYYwwER3khA_itMgi9PAEvRIlAAHY75ECAWG6LFJw3Vv5oJARJjAQxjAQILZxQhZA/ofertasv/?filter[tourOperator]=WEZY&filter%5Bperson%5D=2&filter%5BchildAge%5D%5B1%5D=20201210&filter%5Bchild%5D=1"
"Zeus Dolce Athens (ex Dolce Attica Riviera)","15657.0","07.10.2026 - 14.10.2026","8 dni/7 nocy","","4.0","4.0","412","tripadvisor","Katowice","2026-09-14T06:31:06.154182+00:00","https://fly.pl/oferta/grecja-wczasy/?filter[dest]=14:&filter[hotelids]=&filter[cityids]=&filter[cregids]=&filter[ofrType]=&filter[addObjType]=&filter[whenFrom]=14-09-2026&filter[whenTo]=14-10-2026&filter[duration]=7:10&filter[from]=&filter[person]=2&filter[child]=1&filter[price]=4000:20000&filter[PriceFrom]=4000&filter[PriceTo]=20000&filter[addCategory]=50&filter[addCatering]=1&filter[addMisc]=0&filter[addTransport]=F&filter[fp]=1&order_by=ofr_price&filter[tourOperator]=0&filter[childAge][1]=20201210","https://fly.pl/cdn/photo/assets/uploads/582/278/2016/11/Mare-Nostrum-Thalasso-Vravrona-fly-pl.jpg","https://fly.pl/wycieczka/grecja,attyka,vravrona/mare-nostrum-thalasso-vravrona/pNOGAeF9X4WjCKgu-ne2ruAAog2oS2_0vbJXY8DGYZ5gzJmI2_fqO3BqfpcPn9BFG2KmcqBEVYSU0wt6me1QZIqXpQAVihBGACagJBSXIhHBGxzQa5BMaIPasEIRvW8z4YmJ8_Aef6sJ4LAgBjAQILXpTHug/ofertasv/?filter[tourOperator]=EXIM&filter%5Bperson%5D=2&filter%5BchildAge%5D%5B1%5D=20201210&filter%5Bchild%5D=1"
"Village Heights Resort","15831.0","30.09.2026 - 07.10.2026","8 dni/7 nocy","","4.7","4.7","1632","tripadvisor","Warszawa","2026-09-14T06:31:06.154182+00:00","https://fly.pl/oferta/grecja-wczasy/?filter[dest]=14:&filter[hotelids]=&filter[cityids]=&filter[cregids]=&filter[ofrType]=&filter[addObjType]=&filter[whenFrom]=14-09-2026&filter[whenTo]=14-10-2026&filter[duration]=7:10&filter[from]=&filter[person]=2&filter[child]=1&filter[price]=4000:20000&filter[PriceFrom]=4000&filter[PriceTo]=20000&filter[addCategory]=50&filter[addCatering]=1&filter[addMisc]=0&filter[addTransport]=F&filter[fp]=1&order_by=ofr_price&filter[tourOperator]=0&filter[childAge][1]=20201210","https://fly.pl/cdn/photo/assets/uploads/582/278/2024/07/village-heights-resort.jpg","https://fly.pl/wycieczka/grecja,kreta,hersonissos/village-heights-resort-11/pjM3_aevT5-d-mAQlxMspEAAogu1ly18fOub252rZ-Q_up-AGH2jhMaZGIGcKhi0iqgLoqBE9SRVgwt6me1QZI13tQQVj5AmACagZDTy4yLjFqAzAxWWoDMDJZcjSbAZ0BjwEVBxcAXANYBVYCQMoGEZcwU7F5UgBe-FJL7UNhAEzljDog1fyXCQ0AAhJjAQILqkwGQQ/ofertasv/?filter[tourOperator]=OREX&filter%5Bperson%5D=2&filter%5BchildAge%5D%5B1%5D=20201210&filter%5Bchild%5D=1"
"Creta Maris Beach Resort (ex Terra Maris)","15927.0","07.10.2026 - 14.10.2026","8 dni/7 nocy","","4.6","4.6","6827","tripadvisor","Kraków","2026-09-14T06:31:06.154182+00:00","https://fly.pl/oferta/grecja-wczasy/?filter[dest]=14:&filter[hotelids]=&filter[cityids]=&filter[cregids]=&filter[ofrType]=&filter[addObjType]=&filter[whenFrom]=14-09-2026&filter[whenTo]=14-10-2026&filter[duration]=7:10&filter[from]=&filter[person]=2&filter[child]=1&filter[price]=4000:20000&filter[PriceFrom]=4000&filter[PriceTo]=20000&filter[addCategory]=50&filter[addCatering]=1&filter[addMisc]=0&filter[addTransport]=F&filter[fp]=1&order_by=ofr_price&filter[tourOperator]=0&filter[childAge][1]=20201210","https://fly.pl/cdn/photo/assets/uploads/582/278/2014/09/CRETA-MARIS-RESORT.jpg","https://fly.pl/wycieczka/grecja,kreta,hersonissos/creta-maris-beach-resort-ex-terra-maris/py6l0mucTALnzx5Z6LEbdxAAog5QNQBXEUB-kCkLIz-Oz_kOTSphl5RLvYNefjhP_d-yIqBEVYSU0wt6me1QZIt3xQAVihBGADagJBSXIkHBHsjQarBI2JPLkEFhu200AYic8_AYeC9KULARJjAQxjAQILtTne5w/ofertasv/?filter[tourOperator]=EXIM&filter%5Bperson%5D=2&filter%5BchildAge%5D%5B1%5D=20201210&filter%5Bchild%5D=1"
"Michelangelo Resort & Spa","16119.0","03.10.2026 - 10.10.2026","8 dni/7 nocy","","4.5","4.5","3982","tripadvisor","Warszawa","2026-09-14T06:31:06.154182+00:00","https://fly.pl/oferta/grecja-wczasy/?filter[dest]=14:&filter[hotelids]=&filter[cityids]=&filter[cregids]=&filter[ofrType]=&filter[addObjType]=&filter[whenFrom]=14-09-2026&filter[whenTo]=14-10-2026&filter[duration]=7:10&filter[from]=&filter[person]=2&filter[child]=1&filter[price]=4000:20000&filter[PriceFrom]=4000&filter[PriceTo]=20000&filter[addCategory]=50&filter[addCatering]=1&filter[addMisc]=0&filter[addTransport]=F&filter[fp]=1&order_by=ofr_price&filter[tourOperator]=0&filter[childAge][1]=20201210","https://fly.pl/cdn/photo/assets/uploads/582/278/2015/04/Michelangelo-Resort-Spa-fly-pl.jpg","https://fly.pl/wycieczka/grecja,kos,agios-fokas/michelangelo-resort-spa/pwnkb5oMTcQG_zOoY-hrYnAAogHlqD930dsxcr6GeBaTKhTojGnTOZpYU4JNsCnuc57zoqBFJOQlcwt6me1QZI931QQVjBA2ACagRCd2NEag1BTExfSU5DTFVTSVZFahoxNiwyOTYsMzgwLDQ3Nyw0ODMsNDg0LDQ4NWobNDAyLDQwMyw0MDYsNDE3LDQ3Myw0OTcsNDk5cj6fAZYBngGUAQ4BFwYVAFgICgRAxAcRsCEQsSwZkglT0nBSAEygAkvMdWEAHdDtQA9lDc6bkQkgAAIMYwECC11C4GI/ofertasv/?filter[tourOperator]=RNBW&filter%5Bperson%5D=2&filter%5BchildAge%5D%5B1%5D=20201210&filter%5Bchild%5D=1"
"MarBella, Mar-Bella Collection (Agios Ioannis)","16122.0","06.10.2026 - 13.10.2026","8 dni/7 nocy","","4.5","4.5","4802","tripadvisor","Warszawa - Modlin","2026-09-14T06:31:06.154182+00:00","https://fly.pl/oferta/grecja-wczasy/?filter[dest]=14:&filter[hotelids]=&filter[cityids]=&filter[cregids]=&filter[ofrType]=&filter[addObjType]=&filter[whenFrom]=14-09-2026&filter[whenTo]=14-10-2026&filter[duration]=7:10&filter[from]=&filter[person]=2&filter[child]=1&filter[price]=4000:20000&filter[PriceFrom]=4000&filter[PriceTo]=20000&filter[addCategory]=50&filter[addCatering]=1&filter[addMisc]=0&filter[addTransport]=F&filter[fp]=1&order_by=ofr_price&filter[tourOperator]=0&filter[childAge][1]=20201210","https://fly.pl/cdn/photo/assets/uploads/582/278/2015/03/Marbella-Corfu-ex.-Marbella-Beach-fly-pl-1.jpg","https://fly.pl/wycieczka/grecja,korfu,agios-ioannis-peristeron/marbella-beach/pxWoGnzBVvh2QnoQ3s1l5uAAog69LqkJ__WhggYryXCUHoxrVnwJTsnehppiZgk2l8AFIqBEVDQ1gwt6me1QZI-n1QAViJBGADagNBSVVyIxwR9lC5BP3iFqsEExiysSsbnadBAbbu9e4BARJjAQBjAQIMTvCrXQ/ofertasv/?filter[tourOperator]=ECCX&filter%5Bperson%5D=2&filter%5BchildAge%5D%5B1%5D=20201210&filter%5Bchild%5D=1"
"Enorme Santanna Island","16292.0","26.09.2026 - 03.10.2026","8 dni/7 nocy","","","","","","Katowice","2026-09-14T06:31:06.154182+00:00","https://fly.pl/oferta/grecja-wczasy/?filter[dest]=14:&filter[hotelids]=&filter[cityids]=&filter[cregids]=&filter[ofrType]=&filter[addObjType]=&filter[whenFrom]=14-09-2026&filter[whenTo]=14-10-2026&filter[duration]=7:10&filter[from]=&filter[person]=2&filter[child]=1&filter[price]=4000:20000&filter[PriceFrom]=4000&filter[PriceTo]=20000&filter[addCategory]=50&filter[addCatering]=1&filter[addMisc]=0&filter[addTransport]=F&filter[fp]=1&order_by=ofr_price&filter[tourOperator]=0&filter[childAge][1]=20201210","https://datacfstatic.merlinx.pl/ECCX/IMG/10193/ebcf515195d2f75dc0cd1590715d2d177301a34ea7d3435e08542f7762d9d611.webp","https://fly.pl/wycieczka/grecja,kreta-wschodnia,sisi/enorme-santanna-island-14/pKi4JQnK6MCw1iciapn88uAAogwSK64xS5yqWPattnYstiDqLpGrRxB7AkbDd3y050A8UqBEVDQ1gwu6me1QZIpH9QAViZAmADagNBSVByJRwR0U-rBL7ZFbkEjN4CGLqyKBu450EBqJeG5gEBEmMBAGMBAgZ6YBNe/ofertasv/?filter[tourOperator]=ECCX&filter%5Bperson%5D=2&filter%5BchildAge%5D%5B1%5D=20201210&filter%5Bchild%5D=1"
"Mitsis Selection Rinela","16319.0","30.09.2026 - 08.10.2026","9 dni/7 nocy","","4.5","4.5","7411","tripadvisor","Poznań","2026-09-14T06:31:06.154182+00:00","https://fly.pl/oferta/grecja-wczasy/?filter[dest]=14:&filter[hotelids]=&filter[cityids]=&filter[cregids]=&filter[ofrType]=&filter[addObjType]=&filter[whenFrom]=14-09-2026&filter[whenTo]=14-10-2026&filter[duration]=7:10&filter[from]=&filter[person]=2&filter[child]=1&filter[price]=4000:20000&filter[PriceFrom]=4000&filter[PriceTo]=20000&filter[addCategory]=50&filter[addCatering]=1&filter[addMisc]=0&filter[addTransport]=F&filter[fp]=1&order_by=ofr_price&filter[tourOperator]=0&filter[childAge][1]=20201210","https://fly.pl/cdn/photo/assets/uploads/582/278/2014/07/Mitsis-Rinela-Beach-Resort-Spa-fly-pl.jpg","https://fly.pl/wycieczka/grecja,kreta-wschodnia,kokkini-hani/mitsis-rinela-beach-resort-spa/pdSv7WtRpKXPUihX0TMEauAAogvUARo3OyMKJGPEQGO-oOU_afvgWcZN_oTmdHX69lffcqBEdSQ1Mwu6me1QZIv39QQVj5AmADcj4VBxcBWAdWAlwCD9wDHZUCQFdSyKkBUwBe-FJheEsAW7MeAefNhwENleDKCCBHUaHj3Y2NAQESYwECYwECC5ca84w/ofertasv/?filter[tourOperator]=GRCS&filter%5Bperson%5D=2&filter%5BchildAge%5D%5B1%5D=20201210&filter%5Bchild%5D=1"
"Nana Golden Beach","16717.0","07.10.2026 - 14.10.2026","8 dni/7 nocy","","4.9","4.9","4731","tripadvisor","Katowice","2026-09-14T06:31:06.154182+00:00","https://fly.pl/oferta/grecja-wczasy/?filter[dest]=14:&filter[hotelids]=&filter[cityids]=&filter[cregids]=&filter[ofrType]=&filter[addObjType]=&filter[whenFrom]=14-09-2026&filter[whenTo]=14-10-2026&filter[duration]=7:10&filter[from]=&filter[person]=2&filter[child]=1&filter[price]=4000:20000&filter[PriceFrom]=4000&filter[PriceTo]=20000&filter[addCategory]=50&filter[addCatering]=1&filter[addMisc]=0&filter[addTransport]=F&filter[fp]=1&order_by=ofr_price&filter[tourOperator]=0&filter[childAge][1]=20201210","https://fly.pl/cdn/photo/assets/uploads/582/278/2015/03/Nana-Golden-Beach.jpg","https://fly.pl/wycieczka/grecja,kreta-wschodnia,hersonissos/nana-beach/pBmIskJQad7g2PQLJ7rMClAAogjAnh0iiybj9xx-ZNRM9nXgAAAAACpgQAGKYEAAcAAAAqBFdFWlkwu6me1QZIzYIBUEFYoQRgA2oJRW50ZXIgQWlyagQwMjA1agQwNjA1ckGeAZMBlAEfAAIBHAAWBBcCEtYEFaUGGMMBEcIlQJpPTIIvTwBL0SJQAB2O-RAgFhvnrjMNkNaOCQESYwEMYwECCx7UlP4/ofertasv/?filter[tourOperator]=WEZY&filter%5Bperson%5D=2&filter%5BchildAge%5D%5B1%5D=20201210&filter%5Bchild%5D=1"
"Lyttos Mare","16937.0","07.10.2026 - 14.10.2026","8 dni/7 nocy","","4.8","4.8","1708","tripadvisor","Kraków","2026-09-14T06:31:06.154182+00:00","https://fly.pl/oferta/grecja-wczasy/?filter[dest]=14:&filter[hotelids]=&filter[cityids]=&filter[cregids]=&filter[ofrType]=&filter[addObjType]=&filter[whenFrom]=14-09-2026&filter[whenTo]=14-10-2026&filter[duration]=7:10&filter[from]=&filter[person]=2&filter[child]=1&filter[price]=4000:20000&filter[PriceFrom]=4000&filter[PriceTo]=20000&filter[addCategory]=50&filter[addCatering]=1&filter[addMisc]=0&filter[addTransport]=F&filter[fp]=1&order_by=ofr_price&filter[tourOperator]=0&filter[childAge][1]=20201210","https://fly.pl/cdn/photo/assets/uploads/582/278/2020/12/Lyttos-Mare-fly-pl.jpg","https://fly.pl/wycieczka/grecja,kreta,analipsi/lyttos-mare-13/ptSCn2SYLJerluRezWhEqVAAog66hhS4vayfp5wly2f_8MreTSphl5RLvYNefjhP_d-yIqBEVYSU0wu6me1QZIqYQBUAFYoQRgAWoCQUlyHhwRysQGqwSv0ju5BBYbu4k8GIOBOwGT2MWdCwMAYwPvKEI/ofertasv/?filter[tourOperator]=EXIM&filter%5Bperson%5D=2&filter%5BchildAge%5D%5B1%5D=20201210&filter%5Bchild%5D=1"
"Blue Sea Beach (Stalida)","16991.0","29.09.2026 - 06.10.2026","8 dni/7 nocy","","4.5","4.5","1938","tripadvisor","Warszawa","2026-09-14T06:31:06.154182+00:00","https://fly.pl/oferta/grecja-wczasy/?filter[dest]=14:&filter[hotelids]=&filter[cityids]=&filter[cregids]=&filter[ofrType]=&filter[addObjType]=&filter[whenFrom]=14-09-2026&filter[whenTo]=14-10-2026&filter[duration]=7:10&filter[from]=&filter[person]=2&filter[child]=1&filter[price]=4000:20000&filter[PriceFrom]=4000&filter[PriceTo]=20000&filter[addCategory]=50&filter[addCatering]=1&filter[addMisc]=0&filter[addTransport]=F&filter[fp]=1&order_by=ofr_price&filter[tourOperator]=0&filter[childAge][1]=20201210","https://fly.pl/cdn/photo/assets/uploads/582/278/2009/08/Blue-Sea-Beach-Affiliated-By-Melia.jpg","https://fly.pl/wycieczka/grecja,kreta,stalida/blue-sea-village-resort-spa/p4T2VIK6-z94UTCxjDJ_RZAAogWHsAtxUkM2dbKbJOW_3YjkBM5DhSNmFSGYEI-pbv_aYqBEJWQkUwu6me1QZI34QBUAFY4QJgA2oCQUlyJBwRw4ABG7q6PRir5BGrBPv4KrkEAQHh3L_lAgENYwEAYwECDGyOzQE/ofertasv/?filter[tourOperator]=BVBE&filter%5Bperson%5D=2&filter%5BchildAge%5D%5B1%5D=20201210&filter%5Bchild%5D=1"
"Aulus Chania Resort, Curio Collection by Hilton (ex. Isla Brown Chania)","17148.0","05.10.2026 - 12.10.2026","8 dni/7 nocy","","4.2","4.2","295","tripadvisor","Warszawa","2026-09-14T06:31:06.154182+00:00","https://fly.pl/oferta/grecja-wczasy/?filter[dest]=14:&filter[hotelids]=&filter[cityids]=&filter[cregids]=&filter[ofrType]=&filter[addObjType]=&filter[whenFrom]=14-09-2026&filter[whenTo]=14-10-2026&filter[duration]=7:10&filter[from]=&filter[person]=2&filter[child]=1&filter[price]=4000:20000&filter[PriceFrom]=4000&filter[PriceTo]=20000&filter[addCategory]=50&filter[addCatering]=1&filter[addMisc]=0&filter[addTransport]=F&filter[fp]=1&order_by=ofr_price&filter[tourOperator]=0&filter[childAge][1]=20201210","https://datacfstatic.merlinx.pl/PLES/IMG/16953232/a5fdc96fbfae21f3d56c9cafcaab1e7a393dd00c89e785ff4df4a5930b86fcd0.webp","https://fly.pl/wycieczka/grecja,kreta,stavros/mr-mrs-white-crete-10/pQxMvGLC02ldYmYU3dRObtAAogAuOn9l2yuRQM0f8eqs68uvZ9H-yQ9QEdMuyUSn5BCIwqBFBMRVMwu6me1QZI_IUBUEFY8QNgAnI6FwcVAFwDWAVWAhtWHbYEDwtAswFS43dTAEzwDl7tdUvtQ2EAAbDxVBHYprMHDf3xyQEgAAESYwICYzSjids/ofertasv/?filter[tourOperator]=PLES&filter%5Bperson%5D=2&filter%5BchildAge%5D%5B1%5D=20201210&filter%5Bchild%5D=1"
"Atrium Palace Thalasso Spa & Villas","17499.0","05.10.2026 - 12.10.2026","8 dni/7 nocy","","4.8","4.8","7655","tripadvisor","Poznań","2026-09-14T06:31:06.154182+00:00","https://fly.pl/oferta/grecja-wczasy/?filter[dest]=14:&filter[hotelids]=&filter[cityids]=&filter[cregids]=&filter[ofrType]=&filter[addObjType]=&filter[whenFrom]=14-09-2026&filter[whenTo]=14-10-2026&filter[duration]=7:10&filter[from]=&filter[person]=2&filter[child]=1&filter[price]=4000:20000&filter[PriceFrom]=4000&filter[PriceTo]=20000&filter[addCategory]=50&filter[addCatering]=1&filter[addMisc]=0&filter[addTransport]=F&filter[fp]=1&order_by=ofr_price&filter[tourOperator]=0&filter[childAge][1]=20201210","https://fly.pl/cdn/photo/assets/uploads/582/278/2014/11/Atrium-Palace-Thalasso-Spa-Villas-fly-pl.jpg","https://fly.pl/wycieczka/grecja,rodos,kalathos/atrium-palace-kalathos/pUlkeWQtR5nkpdqXwq2ZEbAAogC7m3O8MngsrOPBeVR53aLgAAAAAnwAQAP8AEAAcAEgAqBFdFWlkwu6me1QZI24gBUEFY8QNgA2oLUnlhbmFpciBTdW5qBDA2NTVqBDA4NTVyQp4BlQGYAR8AAgEcABYGFwASuQUTkQgUkAMR9hpAylVL8oIBUABMmRJPABu2tgEdxbMPIBgNztDBCQESYwEMYwECCwgkgxI/ofertasv/?filter[tourOperator]=WEZY&filter%5Bperson%5D=2&filter%5BchildAge%5D%5B1%5D=20201210&filter%5Bchild%5D=1"
"Iberostar Selection Creta Marine","17703.0","15.09.2026 - 22.09.2026","8 dni/7 nocy","","4.4","4.4","2908","tripadvisor","Poznań","2026-09-14T06:31:06.154182+00:00","https://fly.pl/oferta/grecja-wczasy/?filter[dest]=14:&filter[hotelids]=&filter[cityids]=&filter[cregids]=&filter[ofrType]=&filter[addObjType]=&filter[whenFrom]=14-09-2026&filter[whenTo]=14-10-2026&filter[duration]=7:10&filter[from]=&filter[person]=2&filter[child]=1&filter[price]=4000:20000&filter[PriceFrom]=4000&filter[PriceTo]=20000&filter[addCategory]=50&filter[addCatering]=1&filter[addMisc]=0&filter[addTransport]=F&filter[fp]=1&order_by=ofr_price&filter[tourOperator]=0&filter[childAge][1]=20201210","https://fly.pl/cdn/photo/assets/uploads/582/278/2014/11/Iberostar-Creta-Marine.jpg","https://fly.pl/wycieczka/grecja,kreta-wschodnia,lavris/iberostar-creta-marine/pdkZmITfzKOoUWP5jXHy0iAAogVWFJRpCJnG8DJ0x70iIpLgHBPEwh8nl9oeheMyhpqG8qBEJWQkUwu6me1QZIp4oBUAFYEWACagJBSXIgHBG4ZRvtzzsY_Y8TuQTA3yqrBAEB_7DU2QICAGMBAgaxmAeP/ofertasv/?filter[tourOperator]=BVBE&filter%5Bperson%5D=2&filter%5BchildAge%5D%5B1%5D=20201210&filter%5Bchild%5D=1"
"Atrium Platinum Resort & Spa","17999.0","02.10.2026 - 09.10.2026","8 dni/7 nocy","","4.8","4.8","6763","tripadvisor","Katowice","2026-09-14T06:31:06.154182+00:00","https://fly.pl/oferta/grecja-wczasy/?filter[dest]=14:&filter[hotelids]=&filter[cityids]=&filter[cregids]=&filter[ofrType]=&filter[addObjType]=&filter[whenFrom]=14-09-2026&filter[whenTo]=14-10-2026&filter[duration]=7:10&filter[from]=&filter[person]=2&filter[child]=1&filter[price]=4000:20000&filter[PriceFrom]=4000&filter[PriceTo]=20000&filter[addCategory]=50&filter[addCatering]=1&filter[addMisc]=0&filter[addTransport]=F&filter[fp]=1&order_by=ofr_price&filter[tourOperator]=0&filter[childAge][1]=20201210","https://fly.pl/cdn/photo/assets/uploads/582/278/2015/04/ATRIUM-PLATINUM.jpg","https://fly.pl/wycieczka/grecja,rodos,ixia/atrium-platinum-resort-spa/pRDqdPTBqolrGLIjrXqiiHAAogAM5yTWGcZ7g5g_eIyQDohQAAAADwfwQAC4AEAAcAEgAqBFdFWlkwu6me1QZIz4wBUEFYqQNgA2oJRW50ZXIgQWlyagQwNTEwagQwOTIwckGeAZMBlAEfAAIBHAAWBhcAEtYEFeoIGNIBEaYmQOJLS9NRUABMuENPAB3E6Q8gGxvVpDMNqqyPCQESYwEMYwECC2qZvfM/ofertasv/?filter[tourOperator]=WEZY&filter%5Bperson%5D=2&filter%5BchildAge%5D%5B1%5D=20201210&filter%5Bchild%5D=1"
"Sheraton Rhodes Resort (ex. Imperial)","18192.0","28.09.2026 - 05.10.2026","8 dni/7 nocy","","4.5","4.5","2204","tripadvisor","Katowice","2026-09-14T06:31:06.154182+00:00","https://fly.pl/oferta/grecja-wczasy/?filter[dest]=14:&filter[hotelids]=&filter[cityids]=&filter[cregids]=&filter[ofrType]=&filter[addObjType]=&filter[whenFrom]=14-09-2026&filter[whenTo]=14-10-2026&filter[duration]=7:10&filter[from]=&filter[person]=2&filter[child]=1&filter[price]=4000:20000&filter[PriceFrom]=4000&filter[PriceTo]=20000&filter[addCategory]=50&filter[addCatering]=1&filter[addMisc]=0&filter[addTransport]=F&filter[fp]=1&order_by=ofr_price&filter[tourOperator]=0&filter[childAge][1]=20201210","https://fly.pl/cdn/photo/assets/uploads/582/278/2015/04/Sheraton-Rhodes-Resort.jpg","https://fly.pl/wycieczka/grecja,rodos,ialysos/sheraton-rodos-resort-ex-imperial/pLiw30Vf71UpgD_QZJfz1MAAogtH8g6TGR-xT-F4sHIINkZAAAAAAAdgQAL3YEAAcAAAAqBFdFWlkwu6me1QZIkI4BUEFYyQJgA2oJRW50ZXIgQWlyagQwMzUwagQwNzUwagQwODE1ckCeAZMBlAGVAR8AHAECABYEFwIS1gQYpAMRrQJA83ZL01FQAEy4Q08AHdTVDyAvG5LiMw3_gY8JARJjAQxjAQQL8FnfKg/ofertasv/?filter[tourOperator]=WEZY&filter%5Bperson%5D=2&filter%5BchildAge%5D%5B1%5D=20201210&filter%5Bchild%5D=1"
"The Ixian Grand (ex. Sentido Ixian Grand)","18387.0","05.10.2026 - 12.10.2026","8 dni/7 nocy","","4.0","4.0","1996","tripadvisor","Warszawa - Modlin","2026-09-14T06:31:06.154182+00:00","https://fly.pl/oferta/grecja-wczasy/?filter[dest]=14:&filter[hotelids]=&filter[cityids]=&filter[cregids]=&filter[ofrType]=&filter[addObjType]=&filter[whenFrom]=14-09-2026&filter[whenTo]=14-10-2026&filter[duration]=7:10&filter[from]=&filter[person]=2&filter[child]=1&filter[price]=4000:20000&filter[PriceFrom]=4000&filter[PriceTo]=20000&filter[addCategory]=50&filter[addCatering]=1&filter[addMisc]=0&filter[addTransport]=F&filter[fp]=1&order_by=ofr_price&filter[tourOperator]=0&filter[childAge][1]=20201210","https://fly.pl/cdn/photo/assets/uploads/582/278/2015/03/THE-IXIAN-GRAND-ALL-SUITES.jpg","https://fly.pl/wycieczka/grecja,rodos,ixia/sentido-ixian-grand/pvXudBoLWcsaJhw7c9I1XCAAogoJ41Eau8SZ5b6p2Il6jv-I3CDaggwCch4Tk88YDLgHEqBEVYSU0wu6me1QZI048BUAFY8QNgAWoCQUlyHhwR7rsGuQSDikGrBCAbr-AsGIahQgH04N_yCQMAY8aEW3U/ofertasv/?filter[tourOperator]=EXIM&filter%5Bperson%5D=2&filter%5BchildAge%5D%5B1%5D=20201210&filter%5Bchild%5D=1"
"Grecotel Kos Imperial","18906.0","30.09.2026 - 07.10.2026","8 dni/7 nocy","","4.3","4.3","2155","tripadvisor","Warszawa","2026-09-14T06:31:06.154182+00:00","https://fly.pl/oferta/grecja-wczasy/?filter[dest]=14:&filter[hotelids]=&filter[cityids]=&filter[cregids]=&filter[ofrType]=&filter[addObjType]=&filter[whenFrom]=14-09-2026&filter[whenTo]=14-10-2026&filter[duration]=7:10&filter[from]=&filter[person]=2&filter[child]=1&filter[price]=4000:20000&filter[PriceFrom]=4000&filter[PriceTo]=20000&filter[addCategory]=50&filter[addCatering]=1&filter[addMisc]=0&filter[addTransport]=F&filter[fp]=1&order_by=ofr_price&filter[tourOperator]=0&filter[childAge][1]=20201210","https://datacfstatic.merlinx.pl/EXIM/IMG/107273/1fbdfa256490908faf126e8b4c0a657f4ca37ee55a910999280bd32a10529626.webp","https://fly.pl/wycieczka/grecja,kos,psalidi/grecotel-kos-imperial-11/pU82tZbstQwG9k-NkLZOc8AAogtNHTzpaoRIdoH7skXKQGd-fC_fJUmOBie3ujpnSUsuwqBEVYSU0wu6me1QZI2pMBUAFY-QJgAmoCQUlyIRwRicYGuQT2jkSrBAEbosE3GK7iPgHn8a6aCwISYwECC2jsA6s/ofertasv/?filter[tourOperator]=EXIM&filter%5Bperson%5D=2&filter%5BchildAge%5D%5B1%5D=20201210&filter%5Bchild%5D=1"
"Astir Odysseus","19120.0","26.09.2026 - 03.10.2026","8 dni/7 nocy","","4.7","4.7","3528","tripadvisor","Katowice","2026-09-14T06:31:06.154182+00:00","https://fly.pl/oferta/grecja-wczasy/?filter[dest]=14:&filter[hotelids]=&filter[cityids]=&filter[cregids]=&filter[ofrType]=&filter[addObjType]=&filter[whenFrom]=14-09-2026&filter[whenTo]=14-10-2026&filter[duration]=7:10&filter[from]=&filter[person]=2&filter[child]=1&filter[price]=4000:20000&filter[PriceFrom]=4000&filter[PriceTo]=20000&filter[addCategory]=50&filter[addCatering]=1&filter[addMisc]=0&filter[addTransport]=F&filter[fp]=1&order_by=ofr_price&filter[tourOperator]=0&filter[childAge][1]=20201210","https://fly.pl/cdn/photo/assets/uploads/582/278/2015/01/Hotel-Astir-Odysseus-Resort-SPA.jpg","https://fly.pl/wycieczka/grecja,kos,tigaki/astir-odysseus/pwsovleCqFSG-9JvlPHWwfAAogNC3qtAOmLkRt8Ru2X9jLXKjJhaMBJjRVmQRriypygKUqBEdSQ1Mwu6me1QZIsJUBUEFYmQJgA3I_FwcVAFwDWAVWAh2fAg8UQJcEW6-XAVKSMVMAYdgDSwBepzABoc2MAQ2CgMYIIABR78be8aUBARJjAQJjAQIGjDXvNg/ofertasv/?filter[tourOperator]=GRCS&filter%5Bperson%5D=2&filter%5BchildAge%5D%5B1%5D=20201210&filter%5Bchild%5D=1"
"Gennadi Grand Resort","19167.0","07.10.2026 - 14.10.2026","8 dni/7 nocy","","4.6","4.6","1384","tripadvisor","Kraków","2026-09-14T06:31:06.154182+00:00","https://fly.pl/oferta/grecja-wczasy/?filter[dest]=14:&filter[hotelids]=&filter[cityids]=&filter[cregids]=&filter[ofrType]=&filter[addObjType]=&filter[whenFrom]=14-09-2026&filter[whenTo]=14-10-2026&filter[duration]=7:10&filter[from]=&filter[person]=2&filter[child]=1&filter[price]=4000:20000&filter[PriceFrom]=4000&filter[PriceTo]=20000&filter[addCategory]=50&filter[addCatering]=1&filter[addMisc]=0&filter[addTransport]=F&filter[fp]=1&order_by=ofr_price&filter[tourOperator]=0&filter[childAge][1]=20201210","https://fly.pl/cdn/photo/assets/uploads/582/278/2017/10/Gennadi-Grand-Resort-fly-pl-2.jpg","https://fly.pl/wycieczka/grecja,rodos,kiotari/gennadi-grand-resort/pQygNuyV0Q6o2q2BJ3GPnyAAogR98729crkFy66qdGhUi-AnC2dRAKjZic4GJVxQi7o6AqBEVYSU0wu6me1QZI35UBUAFYoQRgAmoGQUkvVUFJciEcEe3BBrkE-fJAqwQgG_SkNhiVxjoBwYnhmwsCAGMBAgte48BN/ofertasv/?filter[tourOperator]=EXIM&filter%5Bperson%5D=2&filter%5BchildAge%5D%5B1%5D=20201210&filter%5Bchild%5D=1"
"Atrium Prestige Thalasso Spa Resort & Villas","19678.0","07.10.2026 - 14.10.2026","8 dni/7 nocy","","4.9","4.9","4125","tripadvisor","Kraków","2026-09-14T06:31:06.154182+00:00","https://fly.pl/oferta/grecja-wczasy/?filter[dest]=14:&filter[hotelids]=&filter[cityids]=&filter[cregids]=&filter[ofrType]=&filter[addObjType]=&filter[whenFrom]=14-09-2026&filter[whenTo]=14-10-2026&filter[duration]=7:10&filter[from]=&filter[person]=2&filter[child]=1&filter[price]=4000:20000&filter[PriceFrom]=4000&filter[PriceTo]=20000&filter[addCategory]=50&filter[addCatering]=1&filter[addMisc]=0&filter[addTransport]=F&filter[fp]=1&order_by=ofr_price&filter[tourOperator]=0&filter[childAge][1]=20201210","https://fly.pl/cdn/photo/assets/uploads/582/278/2014/11/Atrium-Prestige-Thalasso-Spa-Resort-Villas.jpg","https://fly.pl/wycieczka/grecja,rodos,lachania/atrium-prestige-thalasso-spa-resort-villas/XTOP3b683fX_wYAAHNOYVBwWQG5AQCZyw0yCpABCgYIlbYPEAESBgjoyBIQARp-TVBVVzJHRjIzTjFWNkpNVzVLSUdTOUdCMVBESFJTTEM5QUVXWjNYSFRIU0pGTFIzOUk3RTNHN0NPMkRRTFVLUUlRUk9SMVlNVVQyNEVBUlBLTUREWU9WVEdIUlgyWlZJQlFYV0lRN1dBOThZUjhNVENGTTVIRUVKUTBSQ0E3CoEBCgYI2O8SEAISBgiF82EQARpvTzU0NTQ0ZDUzMmY0MTRkNTQ1MzQ3NTIzMDRhNDEzMDJmNGE1MzQ0NGMzMDMwNTM1NjMwMzAyZjQxNDkyYjJmMzcyZjMyMzAzMjM2MzEzMDMwMzcyZjMwMzEzMjMzMzQzNTM2MzczODM5MzAzMTMyCiQKBgjs1gEQARIGCI6GAhABGhJEU1JULTExMS1UUkFOU0ZFUjEKIAoFCMw6EAESBQjzRhABGhBEU1JNLTExMS0ycjIyNjU5CiEKBQjAPhABEgUI0EsQARoRRFNSTS0xMTEtNTByMjI2NjAKIgoFCPAuEAESBQiYORABGhJEU1JVLTExMS1VYmV6YmFzaWMYbyi1FDIGCNaNeBABOAM/ofertasv/?filter[tourOperator]=XTOP&filter%5Bperson%5D=2&filter%5BchildAge%5D%5B1%5D=20201210&filter%5Bchild%5D=1"
"Xenios Anastasia Resort & Spa (ex. Anastasia Resort & Spa) Grecja, Chalkidiki, Nea Skioni","7576.0","26.09.2026 - 03.10.2026","8 dni/7 nocy","","3.9","3.9","656","tripadvisor","Warszawa","2026-09-14T13:02:48.636464+00:00","https://fly.pl/oferta/grecja-wczasy/?filter[dest]=14:&filter[hotelids]=&filter[cityids]=&filter[cregids]=&filter[ofrType]=&filter[addObjType]=&filter[whenFrom]=14-09-2026&filter[whenTo]=14-10-2026&filter[duration]=7:10&filter[from]=&filter[person]=2&filter[child]=1&filter[price]=4000:20000&filter[PriceFrom]=4000&filter[PriceTo]=20000&filter[addCategory]=50&filter[addCatering]=1&filter[addMisc]=0&filter[addTransport]=F&filter[fp]=1&order_by=ofr_price&filter[tourOperator]=0&filter[childAge][1]=20201210","https://fly.pl/cdn/photo/assets/uploads/582/278/2015/02/Anastasia-Resort-Spa-fly-pl.jpg","https://fly.pl/wycieczka/grecja,chalkidiki,nea-skioni/anastasia-resort-spa/p0alPHacCxnKGGMybo9JpNAAogmYw4OWSCyCtSCSGGhVcogMhkRQwqhsCY5viy1VbYFmIqBFJOQlcw-eCf1QZImDtQQViSAmACagRCd2NEag1BTExfSU5DTFVTSVZFahcyOTYsMzgwLDQ3Nyw0ODMsNDg0LDQ4NWobNDAyLDQwMyw0MDYsNDE3LDQ3Myw0OTcsNDk5cjyfAZYBngGUARUHFwBYCAoEQMQHEewLGdpLTMBKEK4KU5VtUgBL6CVhAB2UiUEPKSD5_5AJDQACDGMBAgt-TYyq/ofertasv/?filter[tourOperator]=RNBW&filter%5Bperson%5D=2&filter%5BchildAge%5D%5B1%5D=20201210&filter%5Bchild%5D=1"
"Almyra Village Grecja, Kreta Wschodnia, Koutsounari","7657.0","30.09.2026 - 07.10.2026","8 dni/7 nocy","","4.0","4.0","734","tripadvisor","Katowice","2026-09-14T13:02:48.636464+00:00","https://fly.pl/oferta/grecja-wczasy/?filter[dest]=14:&filter[hotelids]=&filter[cityids]=&filter[cregids]=&filter[ofrType]=&filter[addObjType]=&filter[whenFrom]=14-09-2026&filter[whenTo]=14-10-2026&filter[duration]=7:10&filter[from]=&filter[person]=2&filter[child]=1&filter[price]=4000:20000&filter[PriceFrom]=4000&filter[PriceTo]=20000&filter[addCategory]=50&filter[addCatering]=1&filter[addMisc]=0&filter[addTransport]=F&filter[fp]=1&order_by=ofr_price&filter[tourOperator]=0&filter[childAge][1]=20201210","https://fly.pl/cdn/photo/assets/uploads/582/278/2010/04/Almyra-Village1883.jpg","https://fly.pl/wycieczka/grecja,kreta-wschodnia,koutsounari/almyra-village/pz9lBqTrOks-lsMwjTHvFEAAog5Lo1tSxEfs7a7xq6z92UwPItLA4jFfED9OGQAGBJtSEqBFZJVFgw-eCf1QZI6TtQQVjyAmACcj8aABUHFwBcA1gFQI8DW810U7g4UgBh0SJLAF6nMEyA-TkNp9SYCSAAUcjNrY2NAU_IkB1dnIOq3hsCDGMBAgskZr-k/ofertasv/?filter[tourOperator]=VITX&filter%5Bperson%5D=2&filter%5BchildAge%5D%5B1%5D=20201210&filter%5Bchild%5D=1"
"Filion Suites Resort Grecja, Kreta Wschodnia, Bali","7602.0","03.10.2026 - 10.10.2026","8 dni/7 nocy","","4.4","4.4","3008","tripadvisor","Katowice","2026-09-14T13:02:48.636464+00:00","https://fly.pl/oferta/grecja-wczasy/?filter[dest]=14:&filter[hotelids]=&filter[cityids]=&filter[cregids]=&filter[ofrType]=&filter[addObjType]=&filter[whenFrom]=14-09-2026&filter[whenTo]=14-10-2026&filter[duration]=7:10&filter[from]=&filter[person]=2&filter[child]=1&filter[price]=4000:20000&filter[PriceFrom]=4000&filter[PriceTo]=20000&filter[addCategory]=50&filter[addCatering]=1&filter[addMisc]=0&filter[addTransport]=F&filter[fp]=1&order_by=ofr_price&filter[tourOperator]=0&filter[childAge][1]=20201210","https://datacfstatic.merlinx.pl/XTOP/IMG/19190/911900bc369d190d0c018c9684c04ad17e37e114ef877a6fcb47bddddf055a3a.webp","https://fly.pl/wycieczka/grecja,kreta-wschodnia,bali/filion-suites-resort/XTOP4c9dafX_wYAAHNOYVBwWQGyAQDHmqjHCpABCgYIysYREAESBgiqnxUQARp-TVBVVzJHRjIzTjFWNkpNVzVLSUdTOUdCMVBESFJTTEM5QUVXWjNYSE5NMTNWWkRJWEJWSVZSMlJDMkVFUVZPM1M2NklBNjVXT1pMRVZBUURBQVNUMzlGQjhGMEhQWTVQOFBURkNQUVlER0lBQzc3VE1LQzYyRTNGREJKQ1pZCn8KBgjskgQQAhIGCNfBFRABGm1PNTQ1NDRkNTMyZjQxNGQ1NDUzNDc1MjMyMzU0ZTU3MmY1MjRkNTM1MDMwMzAzMDMwMzAzMDJmNDE0OTJmMzcyZjMyMzAzMjM2MzEzMDMwMzMyZjMwMzEzMjMzMzQzNTM2MzczODM5MzAzMTMyCiMKBgjs1gEQARIGCI6GAhABGhFEU1JULTk3LVRSQU5TRkVSMgofCgUIzDoQARIFCPNGEAEaD0RTUk0tOTctMnIyMjY3MgogCgUIwD4QARIFCNBLEAEaEERTUk0tOTctNTByMjI2NzMKIQoFCPAuEAESBQiYORABGhFEU1JVLTk3LVViZXpiYXNpYxhhKKIkMgYI6rIuEAE4Aw/ofertasv/?filter[tourOperator]=XTOP&filter%5Bperson%5D=2&filter%5BchildAge%5D%5B1%5D=20201210&filter%5Bchild%5D=1"
"All Senses Nautica Blue Exclusive Resort & Spa (ex Aegean Breeze) Grecja, Rodos, Fanes","7813.0","28.09.2026 - 05.10.2026","8 dni/7 nocy","","3.7","3.7","1514","tripadvisor","Katowice","2026-09-14T13:02:48.636464+00:00","https://fly.pl/oferta/grecja-wczasy/?filter[dest]=14:&filter[hotelids]=&filter[cityids]=&filter[cregids]=&filter[ofrType]=&filter[addObjType]=&filter[whenFrom]=14-09-2026&filter[whenTo]=14-10-2026&filter[duration]=7:10&filter[from]=&filter[person]=2&filter[child]=1&filter[price]=4000:20000&filter[PriceFrom]=4000&filter[PriceTo]=20000&filter[addCategory]=50&filter[addCatering]=1&filter[addMisc]=0&filter[addTransport]=F&filter[fp]=1&order_by=ofr_price&filter[tourOperator]=0&filter[childAge][1]=20201210","https://fly.pl/cdn/photo/assets/uploads/582/278/2014/11/Aegean-Breeze-Resort-ex-Medblue-Fanes-fly-pl.jpg","https://fly.pl/wycieczka/grecja,rodos,fanes/medblue-fanes-ex-nautica-blue/p1nD03e6whMY7diYF5FhdTAAogBoE7Spt6Y_2QGpN3xua9ygAAAAAAdgQAL3YEAAcAAAAqBFdFWlkw-eCf1QZIhT1QQVjCAmADaglFbnRlciBBaXJqBDAzNTBqBDA3NTBqBDA4MTVyQJ4BkwGUAZUBHwACARwAFgQXAhLWBBikA0CgeRHxQkviDlAATLhDTwAb4bQBHfOgDiAvDZHkwgkBEmMBDmMBAg2j0dxI/ofertasv/?filter[tourOperator]=WEZY&filter%5Bperson%5D=2&filter%5BchildAge%5D%5B1%5D=20201210&filter%5Bchild%5D=1"
"Galini Palace Grecja, Kreta Zachodnia, Kolymvari","8081.0","07.10.2026 - 14.10.2026","8 dni/7 nocy","","4.0","4.0","128","tripadvisor","Warszawa - Modlin","2026-09-14T13:02:48.636464+00:00","https://fly.pl/oferta/grecja-wczasy/?filter[dest]=14:&filter[hotelids]=&filter[cityids]=&filter[cregids]=&filter[ofrType]=&filter[addObjType]=&filter[whenFrom]=14-09-2026&filter[whenTo]=14-10-2026&filter[duration]=7:10&filter[from]=&filter[person]=2&filter[child]=1&filter[price]=4000:20000&filter[PriceFrom]=4000&filter[PriceTo]=20000&filter[addCategory]=50&filter[addCatering]=1&filter[addMisc]=0&filter[addTransport]=F&filter[fp]=1&order_by=ofr_price&filter[tourOperator]=0&filter[childAge][1]=20201210","https://fly.pl/cdn/photo/assets/uploads/582/278/2019/08/Galini-Palace-fly-pl.jpg","https://fly.pl/wycieczka/grecja,kreta-zachodnia,kolymvari/galini-palace-12/p8_D46UVAxx0fKiYr7fDugAAog3B8NgbRx_begrGPbDld9KllpPhn1MYxAg-3xhi_rg7cqBEJWQkUw-eCf1QZIkT9QAViaBGACagJBSXIiHBGcsAEbwpY7GOSdFKsE97YquQThBgGyoubtAgISYwECC4XRrHk/ofertasv/?filter[tourOperator]=BVBE&filter%5Bperson%5D=2&filter%5BchildAge%5D%5B1%5D=20201210&filter%5Bchild%5D=1"
"Eretria Hotel & Spa Resort (ex. Eretria Village) Grecja, Evia, Eretria","8195.0","20.09.2026 - 28.09.2026","9 dni/7 nocy","","3.5","3.5","266","tripadvisor","Katowice","2026-09-14T13:02:48.636464+00:00","https://fly.pl/oferta/grecja-wczasy/?filter[dest]=14:&filter[hotelids]=&filter[cityids]=&filter[cregids]=&filter[ofrType]=&filter[addObjType]=&filter[whenFrom]=14-09-2026&filter[whenTo]=14-10-2026&filter[duration]=7:10&filter[from]=&filter[person]=2&filter[child]=1&filter[price]=4000:20000&filter[PriceFrom]=4000&filter[PriceTo]=20000&filter[addCategory]=50&filter[addCatering]=1&filter[addMisc]=0&filter[addTransport]=F&filter[fp]=1&order_by=ofr_price&filter[tourOperator]=0&filter[childAge][1]=20201210","https://fly.pl/cdn/photo/assets/uploads/582/278/2014/11/Hotel-Eretria-Spa-Resort.jpg","https://fly.pl/wycieczka/grecja,evia,eretria/eretria-village/pxAtibR_0plpuVtpb5oz1vAAogqyFR2BJ9sXS4Ycjx81zipBQLGsLgvbTZOrGSOJjd3B4qBEdSQ1Mw-eCf1QZIg0BQQViCAWADcj0VCBcAWAdWAlwCHaEFDxRAkwFS6mZTAFu6CmH1WksAXqcwAaDzhAEN_dnNCCAAUdKBkdRXARJjAQJjAQIL2UMy4g/ofertasv/?filter[tourOperator]=GRCS&filter%5Bperson%5D=2&filter%5BchildAge%5D%5B1%5D=20201210&filter%5Bchild%5D=1"
"Solimar Aquamarine Grecja, Kreta Zachodnia, Pirgos Psilonerou","8257.0","27.09.2026 - 05.10.2026","9 dni/7 nocy","","4.1","4.1","759","tripadvisor","Katowice","2026-09-14T13:02:48.636464+00:00","https://fly.pl/oferta/grecja-wczasy/?filter[dest]=14:&filter[hotelids]=&filter[cityids]=&filter[cregids]=&filter[ofrType]=&filter[addObjType]=&filter[whenFrom]=14-09-2026&filter[whenTo]=14-10-2026&filter[duration]=7:10&filter[from]=&filter[person]=2&filter[child]=1&filter[price]=4000:20000&filter[PriceFrom]=4000&filter[PriceTo]=20000&filter[addCategory]=50&filter[addCatering]=1&filter[addMisc]=0&filter[addTransport]=F&filter[fp]=1&order_by=ofr_price&filter[tourOperator]=0&filter[childAge][1]=20201210","https://fly.pl/cdn/photo/assets/uploads/582/278/2014/09/solimar-aquamarine.jpg","https://fly.pl/wycieczka/grecja,kreta-zachodnia,pirgos-psilonerou/solimar-aquamarine/pI0yrBvnU1K9TIRM7KYMruAAog-6ZSBF1KP7MxVl8gbSlnttUKo4qrMbuWnCGtwX5goEwqBFZJVFgw-eCf1QZIwUBQQViqAmACcj4aABUHFwBcA1gFQI8DU6B7UgBbnRxhmThLAF6nMEyA-TkNpNSYCSABUYr_mJ1lT4jVHV3ojLDOQwIMYwECC0RtrEI/ofertasv/?filter[tourOperator]=VITX&filter%5Bperson%5D=2&filter%5BchildAge%5D%5B1%5D=20201210&filter%5Bchild%5D=1"
"Elinotel Sermilia Resort (ex. Bomo Cronwell Sermilia) Grecja, Chalkidiki, Psakoudia","8285.0","26.09.2026 - 03.10.2026","8 dni/7 nocy","","3.7","3.7","213","tripadvisor","Warszawa","2026-09-14T13:02:48.636464+00:00","https://fly.pl/oferta/grecja-wczasy/?filter[dest]=14:&filter[hotelids]=&filter[cityids]=&filter[cregids]=&filter[ofrType]=&filter[addObjType]=&filter[whenFrom]=14-09-2026&filter[whenTo]=14-10-2026&filter[duration]=7:10&filter[from]=&filter[person]=2&filter[child]=1&filter[price]=4000:20000&filter[PriceFrom]=4000&filter[PriceTo]=20000&filter[addCategory]=50&filter[addCatering]=1&filter[addMisc]=0&filter[addTransport]=F&filter[fp]=1&order_by=ofr_price&filter[tourOperator]=0&filter[childAge][1]=20201210","https://fly.pl/cdn/photo/assets/uploads/582/278/2015/06/ace51f02b6f338f488ef08630ea127c1256fa3044b889314275e4a932f9fc24a.jpg","https://fly.pl/wycieczka/grecja,chalkidiki,psakoudia/cronwell-sermilia-resort/pyy7wDSDNUplmfmQwbp4xMAAogRkxM-fA2rG4p9iL8DHs6MMhkRQwqhsCY5viy1VbYFmIqBFJOQlcw-eCf1QZI3UBQQViSAmACagRCd2NEag1BTExfSU5DTFVTSVZFahcyOTYsMzgwLDQ3Nyw0ODMsNDg0LDQ4NWobNDAyLDQwMyw0MDYsNDE3LDQ3Myw0OTcsNDk5cjyfAZYBngGUARUHFwBYCAoEQMQHEds3GesfTMBKELoKU4ltUgBL6CVhAB2UiUEPKSD5_5AJDQACDGMBAgur0cVB/ofertasv/?filter[tourOperator]=RNBW&filter%5Bperson%5D=2&filter%5BchildAge%5D%5B1%5D=20201210&filter%5Bchild%5D=1"
"Hydramis Palace Beach Resort Grecja, Kreta Zachodnia, Kavros","8297.0","05.10.2026 - 12.10.2026","8 dni/7 nocy","","4.2","4.2","655","tripadvisor","Warszawa","2026-09-14T13:02:48.636464+00:00","https://fly.pl/oferta/grecja-wczasy/?filter[dest]=14:&filter[hotelids]=&filter[cityids]=&filter[cregids]=&filter[ofrType]=&filter[addObjType]=&filter[whenFrom]=14-09-2026&filter[whenTo]=14-10-2026&filter[duration]=7:10&filter[from]=&filter[person]=2&filter[child]=1&filter[price]=4000:20000&filter[PriceFrom]=4000&filter[PriceTo]=20000&filter[addCategory]=50&filter[addCatering]=1&filter[addMisc]=0&filter[addTransport]=F&filter[fp]=1&order_by=ofr_price&filter[tourOperator]=0&filter[childAge][1]=20201210","https://fly.pl/cdn/photo/assets/uploads/582/278/2016/04/Hydramis-Palace.jpg","https://fly.pl/wycieczka/grecja,kreta-zachodnia,kavros/hydramis-palace/pF5ooVuwAtlmR0MZmjndGIAAogk_EC3TkomFr0jEGUwfFQWOcIuXXrCrDSZuw24eyFBNIqBEVYSU0w-eCf1QZI6UBQAVjqA2ACagJBSXIhHBHkowarBOD4O7kEFhv5oDIY8OpDAZvJop4LAhJjAQIF-bBwnA/ofertasv/?filter[tourOperator]=EXIM&filter%5Bperson%5D=2&filter%5BchildAge%5D%5B1%5D=20201210&filter%5Bchild%5D=1"
"Ibiscus Corfu Grecja, Korfu, Roda","8326.0","30.09.2026 - 07.10.2026","8 dni/7 nocy","","4.1","4.1","369","tripadvisor","Wrocław","2026-09-14T13:02:48.636464+00:00","https://fly.pl/oferta/grecja-wczasy/?filter[dest]=14:&filter[hotelids]=&filter[cityids]=&filter[cregids]=&filter[ofrType]=&filter[addObjType]=&filter[whenFrom]=14-09-2026&filter[whenTo]=14-10-2026&filter[duration]=7:10&filter[from]=&filter[person]=2&filter[child]=1&filter[price]=4000:20000&filter[PriceFrom]=4000&filter[PriceTo]=20000&filter[addCategory]=50&filter[addCatering]=1&filter[addMisc]=0&filter[addTransport]=F&filter[fp]=1&order_by=ofr_price&filter[tourOperator]=0&filter[childAge][1]=20201210","https://fly.pl/cdn/photo/assets/uploads/582/278/2019/02/Hotel-Ibiscus-Corfu.jpg","https://fly.pl/wycieczka/grecja,korfu,roda/ibiscus-grecja-korfu-grecja/psFrSfVupZ9eQJs52IQD3FAAogYpkeIZv0WW953AUV4z3J5OgbHFL5lJ25oGIymteosN8qBEdSQ1Mw-eCf1QZIhkFQQVjyAmADcj0XBxUAXANYBVYCHeABD1xAjgRSn3dTAFv3CF6qfGHJSEsAAZCGjAENzv7FCCAAUZK59OZkARJjAQJjAQILvgdmWA/ofertasv/?filter[tourOperator]=GRCS&filter%5Bperson%5D=2&filter%5BchildAge%5D%5B1%5D=20201210&filter%5Bchild%5D=1"
"Galini Sea View (Agia Marina) Grecja, Kreta Zachodnia, Agia Marina","8390.0","27.09.2026 - 04.10.2026","8 dni/7 nocy","","3.9","3.9","2019","tripadvisor","Warszawa - Modlin","2026-09-14T13:02:48.636464+00:00","https://fly.pl/oferta/grecja-wczasy/?filter[dest]=14:&filter[hotelids]=&filter[cityids]=&filter[cregids]=&filter[ofrType]=&filter[addObjType]=&filter[whenFrom]=14-09-2026&filter[whenTo]=14-10-2026&filter[duration]=7:10&filter[from]=&filter[person]=2&filter[child]=1&filter[price]=4000:20000&filter[PriceFrom]=4000&filter[PriceTo]=20000&filter[addCategory]=50&filter[addCatering]=1&filter[addMisc]=0&filter[addTransport]=F&filter[fp]=1&order_by=ofr_price&filter[tourOperator]=0&filter[childAge][1]=20201210","https://fly.pl/cdn/photo/assets/uploads/582/278/2014/07/Hotel-Galini-Sea-View.jpg","https://fly.pl/wycieczka/grecja,kreta-zachodnia,agia-marina/galini-sea-view-agia-marina/pYHEZArIrgkq7gZEGILX1PAAogNkR_jxWxa8TeiEMneNO9gEDoOEtNNu-kIjtet7rsRkkqBE9BU0kw-eCf1QZIxkFQAViqAmACagNBSWxyIRwRm3u5BJr9DasEgwEbu5QKGIizEQHOrtXwAQIAYwECDIdQqKg/ofertasv/?filter[tourOperator]=OASI&filter%5Bperson%5D=2&filter%5BchildAge%5D%5B1%5D=20201210&filter%5Bchild%5D=1"
"Apollonia Beach (Ammoudara) Grecja, Kreta Wschodnia, Ammoudara","8437.0","07.10.2026 - 14.10.2026","8 dni/7 nocy","","4.2","4.2","1054","tripadvisor","Kraków","2026-09-14T13:02:48.636464+00:00","https://fly.pl/oferta/grecja-wczasy/?filter[dest]=14:&filter[hotelids]=&filter[cityids]=&filter[cregids]=&filter[ofrType]=&filter[addObjType]=&filter[whenFrom]=14-09-2026&filter[whenTo]=14-10-2026&filter[duration]=7:10&filter[from]=&filter[person]=2&filter[child]=1&filter[price]=4000:20000&filter[PriceFrom]=4000&filter[PriceTo]=20000&filter[addCategory]=50&filter[addCatering]=1&filter[addMisc]=0&filter[addTransport]=F&filter[fp]=1&order_by=ofr_price&filter[tourOperator]=0&filter[childAge][1]=20201210","https://fly.pl/cdn/photo/assets/uploads/582/278/2009/06/Apollonia-Beach-Ammoudara481.jpg","https://fly.pl/wycieczka/grecja,kreta-wschodnia,ammoudara/apollonia-beach-ammoudara/pnuHwRH6aT6YApbCQDlyobAAog3zxYXed5RfzGne8P-DiOmuTSphl5RLvYNefjhP_d-yIqBEVYSU0w-eCf1QZI9UFQAViaBGACagJBSXIhHBHKmgarBK_8O7kEFhuM0UAYu84_Acj89aULAhJjAQIMKzW0uA/ofertasv/?filter[tourOperator]=EXIM&filter%5Bperson%5D=2&filter%5BchildAge%5D%5B1%5D=20201210&filter%5Bchild%5D=1"
"Zante Park Resort & SPA - BW Premier Collection Grecja, Zakynthos, Laganas","8557.0","25.09.2026 - 02.10.2026","8 dni/7 nocy","","3.7","3.7","642","tripadvisor","Katowice","2026-09-14T13:02:48.636464+00:00","https://fly.pl/oferta/grecja-wczasy/?filter[dest]=14:&filter[hotelids]=&filter[cityids]=&filter[cregids]=&filter[ofrType]=&filter[addObjType]=&filter[whenFrom]=14-09-2026&filter[whenTo]=14-10-2026&filter[duration]=7:10&filter[from]=&filter[person]=2&filter[child]=1&filter[price]=4000:20000&filter[PriceFrom]=4000&filter[PriceTo]=20000&filter[addCategory]=50&filter[addCatering]=1&filter[addMisc]=0&filter[addTransport]=F&filter[fp]=1&order_by=ofr_price&filter[tourOperator]=0&filter[childAge][1]=20201210","https://fly.pl/cdn/photo/assets/uploads/582/278/2014/07/Best-Western-Zante-Park-fly-pl.jpg","https://fly.pl/wycieczka/grecja,zakynthos,laganas/best-western-zante-park/ptRJMP7ivC7rmxXr1qS_huAAogTmq7rxPxMZ9q2RMVVDB5lj6o9zM-kXFGftSFMua9UZMqBFZJVFgw-eCf1QZI7UJQQVj6AWACckAaABUHFwBcA1gFQI8DW7-DAWGXTEsAXqcwUrpnUwBMv5E5DanUmAkgAF24l6nsqAFP3KqbxXlR79wMAgxjAQILqC59FA/ofertasv/?filter[tourOperator]=VITX&filter%5Bperson%5D=2&filter%5BchildAge%5D%5B1%5D=20201210&filter%5Bchild%5D=1"
"Possidi Holidays Grecja, Chalkidiki, Possidi","8687.0","06.10.2026 - 13.10.2026","8 dni/7 nocy","","4.2","4.2","640","tripadvisor","Warszawa - Modlin","2026-09-14T13:02:48.636464+00:00","https://fly.pl/oferta/grecja-wczasy/?filter[dest]=14:&filter[hotelids]=&filter[cityids]=&filter[cregids]=&filter[ofrType]=&filter[addObjType]=&filter[whenFrom]=14-09-2026&filter[whenTo]=14-10-2026&filter[duration]=7:10&filter[from]=&filter[person]=2&filter[child]=1&filter[price]=4000:20000&filter[PriceFrom]=4000&filter[PriceTo]=20000&filter[addCategory]=50&filter[addCatering]=1&filter[addMisc]=0&filter[addTransport]=F&filter[fp]=1&order_by=ofr_price&filter[tourOperator]=0&filter[childAge][1]=20201210","https://fly.pl/cdn/photo/assets/uploads/582/278/2015/04/Possidi-Holidays-fly-pl.jpg","https://fly.pl/wycieczka/grecja,chalkidiki,possidi/possidi-holidays/pXK8XDJ_h-GawACgZFPlScAAogukoXUnuZf7M-W6qNsU3zwomiY2K3SOHOgXYRdOUnQYwqBEVYSU0w-eCf1QZI70NQAViCBGACagJBSXIhHBGyjgarBI-hQbkEHxu9viwYnvU1AbPE8_4IAhJjAQUKXpMSig/ofertasv/?filter[tourOperator]=EXIM&filter%5Bperson%5D=2&filter%5BchildAge%5D%5B1%5D=20201210&filter%5Bchild%5D=1"
"Santa Marina Pearl Grecja, Kreta, Agia Marina","8827.0","30.09.2026 - 07.10.2026","8 dni/7 nocy","","4.1","4.1","1117","tripadvisor","Warszawa - Modlin","2026-09-14T13:02:48.636464+00:00","https://fly.pl/oferta/grecja-wczasy/?filter[dest]=14:&filter[hotelids]=&filter[cityids]=&filter[cregids]=&filter[ofrType]=&filter[addObjType]=&filter[whenFrom]=14-09-2026&filter[whenTo]=14-10-2026&filter[duration]=7:10&filter[from]=&filter[person]=2&filter[child]=1&filter[price]=4000:20000&filter[PriceFrom]=4000&filter[PriceTo]=20000&filter[addCategory]=50&filter[addCatering]=1&filter[addMisc]=0&filter[addTransport]=F&filter[fp]=1&order_by=ofr_price&filter[tourOperator]=0&filter[childAge][1]=20201210","https://fly.pl/cdn/photo/assets/uploads/582/278/2024/07/santa-marina-pearl.jpg","https://fly.pl/wycieczka/grecja,kreta,agia-marina/santa-marina-pearl-14/pN6VXlLzf7MbgLi41AndUbAAogPNlWDDRUiZp0kr-SjZFQKSwpoaWr2-VQZickFnAPQnwqBFZJVFgw-eCf1QZI-0RQQVjyAmACagxXTUlDSFFEUDQwMTlqDENIUVdNSURQNDAxOXI3nQGPARoAFwcVAFwDWAVAjwNSoHtTAFuHC17WeUuPR2EATPRADaTF0QkgAFG79cudZQIMYwECC3T6AYM/ofertasv/?filter[tourOperator]=VITX&filter%5Bperson%5D=2&filter%5BchildAge%5D%5B1%5D=20201210&filter%5Bchild%5D=1"
"Ajul Luxury & Spa Resort (Ayios Nikolaos) Grecja, Chalkidiki, Loutra","8837.0","06.10.2026 - 13.10.2026","8 dni/7 nocy","","","","","","Warszawa - Modlin","2026-09-14T13:02:48.636464+00:00","https://fly.pl/oferta/grecja-wczasy/?filter[dest]=14:&filter[hotelids]=&filter[cityids]=&filter[cregids]=&filter[ofrType]=&filter[addObjType]=&filter[whenFrom]=14-09-2026&filter[whenTo]=14-10-2026&filter[duration]=7:10&filter[from]=&filter[person]=2&filter[child]=1&filter[price]=4000:20000&filter[PriceFrom]=4000&filter[PriceTo]=20000&filter[addCategory]=50&filter[addCatering]=1&filter[addMisc]=0&filter[addTransport]=F&filter[fp]=1&order_by=ofr_price&filter[tourOperator]=0&filter[childAge][1]=20201210","https://datacfstatic.merlinx.pl/EXIM/IMG/99533/5e96e58a07fd02f8461292d1af2cfe1b7ba97df7092379a77d0c63b83d7d3e10.webp","https://fly.pl/wycieczka/grecja,chalkidiki,loutra/ajul-luxury-spa-resort-ayios-nikolaos-11/pbedtmG_HTRe4GYNZDt7IyAAogr9ox1UPET1fyuhbj4wr24YmiY2K3SOHOgXYRdOUnQYwqBEVYSU0w-eCf1QZIhUVQAViCBGACagJBSXIhHBHNiQarBPSlQbkEHxvd5TkYx70-AeHhu5ILAgBjAQILYdZ9zw/ofertasv/?filter[tourOperator]=EXIM&filter%5Bperson%5D=2&filter%5BchildAge%5D%5B1%5D=20201210&filter%5Bchild%5D=1"
"Rodos Palace Grecja, Rodos, Ixia","8857.0","28.09.2026 - 06.10.2026","9 dni/7 nocy","","3.5","3.5","5694","tripadvisor","Warszawa","2026-09-14T13:02:48.636464+00:00","https://fly.pl/oferta/grecja-wczasy/?filter[dest]=14:&filter[hotelids]=&filter[cityids]=&filter[cregids]=&filter[ofrType]=&filter[addObjType]=&filter[whenFrom]=14-09-2026&filter[whenTo]=14-10-2026&filter[duration]=7:10&filter[from]=&filter[person]=2&filter[child]=1&filter[price]=4000:20000&filter[PriceFrom]=4000&filter[PriceTo]=20000&filter[addCategory]=50&filter[addCatering]=1&filter[addMisc]=0&filter[addTransport]=F&filter[fp]=1&order_by=ofr_price&filter[tourOperator]=0&filter[childAge][1]=20201210","https://fly.pl/cdn/photo/assets/uploads/582/278/2014/07/Rodos-Palace.jpg","https://fly.pl/wycieczka/grecja,rodos,ixia/rodos-palace/pB7dr0rc_zZzE07ls3oKtTAAog7SEOapvuz92UYVfEHKn4mBiDe-jQ9gBc4EbXdapwIDoqBFZJVFgw-eCf1QZImUVQQVjCAmACckAaABUHFwBcA1gFQI8DW6GTAV7cbFKRE1MAS9wwYQBM77Q5DcnUmAkgAFHs78Tt3gFP9ZUNXZDeqYInAgxjAQILgSxdDQ/ofertasv/?filter[tourOperator]=VITX&filter%5Bperson%5D=2&filter%5BchildAge%5D%5B1%5D=20201210&filter%5Bchild%5D=1"
"Valis Resort Grecja, Tesalia, Agria","8922.0","16.09.2026 - 23.09.2026","8 dni/7 nocy","","","","","","Katowice","2026-09-14T13:02:48.636464+00:00","https://fly.pl/oferta/grecja-wczasy/?filter[dest]=14:&filter[hotelids]=&filter[cityids]=&filter[cregids]=&filter[ofrType]=&filter[addObjType]=&filter[whenFrom]=14-09-2026&filter[whenTo]=14-10-2026&filter[duration]=7:10&filter[from]=&filter[person]=2&filter[child]=1&filter[price]=4000:20000&filter[PriceFrom]=4000&filter[PriceTo]=20000&filter[addCategory]=50&filter[addCatering]=1&filter[addMisc]=0&filter[addTransport]=F&filter[fp]=1&order_by=ofr_price&filter[tourOperator]=0&filter[childAge][1]=20201210","https://datacfstatic.merlinx.pl/RNBW/IMG/8759/2b8ed3b6f4e85c2410458d2a2f682b00a2214b389f8ea62aef38cc3a24cd772b.webp","https://fly.pl/wycieczka/grecja,tesalia,agria/valis-resort-12/prnJvEZOzymR8eT6SeWyqmAAogNydJal3usxxadSa-3NCUmHetdNcK2CBq6M29p6o-LvUqBFJOQlcw-eCf1QZI2kVQQVgiYAJqBEJ3Y0RqDUFMTF9JTkNMVVNJVkVqFzI5NiwzODAsNDc3LDQ4Myw0ODQsNDg1agc0MDcsNDA4cjyfAZYBngGUARUHFwBYCAoEQMQHEeA8Gc8bEOxmS4IMYQBS8W1TAEyQCh3LhkEPJyDN_pAJDQACDGMBAgt9itXH/ofertasv/?filter[tourOperator]=RNBW&filter%5Bperson%5D=2&filter%5BchildAge%5D%5B1%5D=20201210&filter%5Bchild%5D=1"
"Rimondi Grand Resort & Spa Grecja, Kreta Zachodnia, Magnisia","8974.0","29.09.2026 - 06.10.2026","8 dni/7 nocy","","3.9","3.9","3016","tripadvisor","Katowice","2026-09-14T13:02:48.636464+00:00","https://fly.pl/oferta/grecja-wczasy/?filter[dest]=14:&filter[hotelids]=&filter[cityids]=&filter[cregids]=&filter[ofrType]=&filter[addObjType]=&filter[whenFrom]=14-09-2026&filter[whenTo]=14-10-2026&filter[duration]=7:10&filter[from]=&filter[person]=2&filter[child]=1&filter[price]=4000:20000&filter[PriceFrom]=4000&filter[PriceTo]=20000&filter[addCategory]=50&filter[addCatering]=1&filter[addMisc]=0&filter[addTransport]=F&filter[fp]=1&order_by=ofr_price&filter[tourOperator]=0&filter[childAge][1]=20201210","https://fly.pl/cdn/photo/assets/uploads/582/278/2016/10/Rimondi-Grand-Resort-Spa-fly-pl-2.jpg","https://fly.pl/wycieczka/grecja,kreta-zachodnia,magnisia/rimondi-grand-resort-spa/pOJFb0IaZUUiVsrYQrUTrZAAogF1BvmMz7Trp2aTHTy8m7gthtXihjgpNgLeHPmjygVaUqBEVDQ1gw-eCf1QZIjkZQAVjaAmACagJBSXIiHBHGB6sEnaEWuQTK3gIYvvUuG9KVRAGKjbaLAgISYwECCzHRu2g/ofertasv/?filter[tourOperator]=ECCX&filter%5Bperson%5D=2&filter%5BchildAge%5D%5B1%5D=20201210&filter%5Bchild%5D=1"
"Azure Resort & Spa (ex. Mediterranee) Grecja, Zakynthos, Planos","9197.0","06.10.2026 - 13.10.2026","8 dni/7 nocy","","3.1","3.1","102","tripadvisor","Warszawa","2026-09-14T13:02:48.636464+00:00","https://fly.pl/oferta/grecja-wczasy/?filter[dest]=14:&filter[hotelids]=&filter[cityids]=&filter[cregids]=&filter[ofrType]=&filter[addObjType]=&filter[whenFrom]=14-09-2026&filter[whenTo]=14-10-2026&filter[duration]=7:10&filter[from]=&filter[person]=2&filter[child]=1&filter[price]=4000:20000&filter[PriceFrom]=4000&filter[PriceTo]=20000&filter[addCategory]=50&filter[addCatering]=1&filter[addMisc]=0&filter[addTransport]=F&filter[fp]=1&order_by=ofr_price&filter[tourOperator]=0&filter[childAge][1]=20201210","https://fly.pl/cdn/photo/assets/uploads/582/278/2014/09/Azure-Resort-Spa-ex.-Mediterranee-fly-pl.jpg","https://fly.pl/wycieczka/grecja,zakynthos,planos/mediterranee-planos/pzTt6qP531F5WRFaK36-Y4AAogQ4HYYuF_bOWLUB4EriwMzpjoyaTce9EqpxQtW2G-l-UqBFZJVFgw-eCf1QZI7UdQQViCBGACckAaABUHFwBcA1gFQI8DW7-DAV6-fGHtQ0sAUs0jUwBMoZE5DZjVmAkgAF3ovpPwhQJRtLfDwRxP-aAOAg5jAQINloP_Qg/ofertasv/?filter[tourOperator]=VITX&filter%5Bperson%5D=2&filter%5BchildAge%5D%5B1%5D=20201210&filter%5Bchild%5D=1"
"Lydia Maris Resort & Spa Grecja, Rodos, Kolymbia","9299.0","07.10.2026 - 14.10.2026","8 dni/7 nocy","","4.1","4.1","1368","tripadvisor","Kraków","2026-09-14T13:02:48.636464+00:00","https://fly.pl/oferta/grecja-wczasy/?filter[dest]=14:&filter[hotelids]=&filter[cityids]=&filter[cregids]=&filter[ofrType]=&filter[addObjType]=&filter[whenFrom]=14-09-2026&filter[whenTo]=14-10-2026&filter[duration]=7:10&filter[from]=&filter[person]=2&filter[child]=1&filter[price]=4000:20000&filter[PriceFrom]=4000&filter[PriceTo]=20000&filter[addCategory]=50&filter[addCatering]=1&filter[addMisc]=0&filter[addTransport]=F&filter[fp]=1&order_by=ofr_price&filter[tourOperator]=0&filter[childAge][1]=20201210","https://fly.pl/cdn/photo/assets/uploads/582/278/2015/03/Lydia-Maris-Resort-and-Spa.jpg","https://fly.pl/wycieczka/grecja,rodos,kolymbia/lydia-maris/pFlRUYy_R5WeBmEamq-YemAAogqd58iy45emg9V735-bbugr-dwW0YvMoGfR0jMG4mdQ0qBEVDQ1gw-eCf1QZI00hQAViaBGACagJBSXIgHBGCIKsEuvoXuQQBGJmYKxuRzkAB0OW99AECAGMBAguNuakY/ofertasv/?filter[tourOperator]=ECCX&filter%5Bperson%5D=2&filter%5BchildAge%5D%5B1%5D=20201210&filter%5Bchild%5D=1"
"Kipriotis Maris Suites (ex Iberostar) Grecja, Kos, Psalidi","9307.0","19.09.2026 - 26.09.2026","8 dni/7 nocy","","4.2","4.2","1551","tripadvisor","Warszawa","2026-09-14T13:02:48.636464+00:00","https://fly.pl/oferta/grecja-wczasy/?filter[dest]=14:&filter[hotelids]=&filter[cityids]=&filter[cregids]=&filter[ofrType]=&filter[addObjType]=&filter[whenFrom]=14-09-2026&filter[whenTo]=14-10-2026&filter[duration]=7:10&filter[from]=&filter[person]=2&filter[child]=1&filter[price]=4000:20000&filter[PriceFrom]=4000&filter[PriceTo]=20000&filter[addCategory]=50&filter[addCatering]=1&filter[addMisc]=0&filter[addTransport]=F&filter[fp]=1&order_by=ofr_price&filter[tourOperator]=0&filter[childAge][1]=20201210","https://fly.pl/cdn/photo/assets/uploads/582/278/2016/01/Kipriotis-Maris-Suites-ex-Iberostar-fly-pl.jpg","https://fly.pl/wycieczka/grecja,kos,psalidi/kipriotis-maris-suites-ex-iberostar/pbJnO3gmzSNRjTiHEqGgUtAAog1bX0XjtyXVjEvkgW7e_CVRfYaKcIFnKzWLlJdC2fkzIqBFJOQlcw-eCf1QZI20hQQVhqYAJqDUFMTF9JTkNMVVNJVkVqFzI5NiwzODAsNDc3LDQ4Myw0ODQsNDg1ahM0MDIsNDAzLDQwNiw0MTcsNDczcj6WAZ4BlAEVBxcAWAgKD0C5BxG_HRDVIRnfF1PScFIATKACS8x1YQBf6MIkHeCqHA9nIICbkQkNAAIOYwECDQtTWPs/ofertasv/?filter[tourOperator]=RNBW&filter%5Bperson%5D=2&filter%5BchildAge%5D%5B1%5D=20201210&filter%5Bchild%5D=1"
"Labranda Sandy Beach (ex Aquis Sandy Beach) Grecja, Korfu, Agios Georgios","9367.0","23.09.2026 - 30.09.2026","8 dni/7 nocy","","3.9","3.9","7908","tripadvisor","Wrocław","2026-09-14T13:02:48.636464+00:00","https://fly.pl/oferta/grecja-wczasy/?filter[dest]=14:&filter[hotelids]=&filter[cityids]=&filter[cregids]=&filter[ofrType]=&filter[addObjType]=&filter[whenFrom]=14-09-2026&filter[whenTo]=14-10-2026&filter[duration]=7:10&filter[from]=&filter[person]=2&filter[child]=1&filter[price]=4000:20000&filter[PriceFrom]=4000&filter[PriceTo]=20000&filter[addCategory]=50&filter[addCatering]=1&filter[addMisc]=0&filter[addTransport]=F&filter[fp]=1&order_by=ofr_price&filter[tourOperator]=0&filter[childAge][1]=20201210","https://fly.pl/cdn/photo/assets/uploads/582/278/2014/06/LABRANDA-Sandy-Beach-Resort.jpg","https://fly.pl/wycieczka/grecja,korfu,agios-georgios/aquis-sandy-beach-resort-agios-georgios/pWDthq1RFOUnWp4cWgvuGNAAogoX0AO3ufMH85IYdoz1Sto4Q9sFDtLMots6ylJaOqfMUqBFJOQlcw-eCf1QZIl0lQQVjKAWACagRCd2NEag1BTExfSU5DTFVTSVZFahcyOTYsMzgwLDQ3Nyw0ODMsNDg0LDQ4NXI7nwGWAZ4BFQcXAFgICgRAxAcRxxUQ0BYZwytTyR5SAEyAUUvqfGEAHZKzQA_nASDez5EJDQACDGMBAgsQ34cg/ofertasv/?filter[tourOperator]=RNBW&filter%5Bperson%5D=2&filter%5BchildAge%5D%5B1%5D=20201210&filter%5Bchild%5D=1"
"Gaia Palace Grecja, Kos, Mastichari","9482.0","03.10.2026 - 10.10.2026","8 dni/7 nocy","","4.3","4.3","1218","tripadvisor","Warszawa","2026-09-14T13:02:48.636464+00:00","https://fly.pl/oferta/grecja-wczasy/?filter[dest]=14:&filter[hotelids]=&filter[cityids]=&filter[cregids]=&filter[ofrType]=&filter[addObjType]=&filter[whenFrom]=14-09-2026&filter[whenTo]=14-10-2026&filter[duration]=7:10&filter[from]=&filter[person]=2&filter[child]=1&filter[price]=4000:20000&filter[PriceFrom]=4000&filter[PriceTo]=20000&filter[addCategory]=50&filter[addCatering]=1&filter[addMisc]=0&filter[addTransport]=F&filter[fp]=1&order_by=ofr_price&filter[tourOperator]=0&filter[childAge][1]=20201210","https://fly.pl/cdn/photo/assets/uploads/582/278/2009/10/Gaia-Palace2994.jpg","https://fly.pl/wycieczka/grecja,kos,mastichari/gaia-palace/pZPAS_8QDrbrdnzXQjt1DAAAog_qF1fkKaRDkrhyicmDWCPAAAAAD-gAQAGYEEAAcAHQAqBFdFWlkw-eCf1QZIikpQQVi6A2ADaglFbnRlciBBaXJqBDA5MzVqBDA2MTVqBDA4MjVyQJ4BkwGVAZgBHwAcAQIAFgQXAhLtAxTDBhHOKkCcTEz7TU8AS-x3UAAd9roPIBsb_LVkDfaY3ggBEmMBDGMBAguHGWui/ofertasv/?filter[tourOperator]=WEZY&filter%5Bperson%5D=2&filter%5BchildAge%5D%5B1%5D=20201210&filter%5Bchild%5D=1"
"Kairaba Sandy Villas Grecja, Korfu, Agios Georgios","9456.0","03.10.2026 - 10.10.2026","8 dni/6 nocy","","4.5","4.5","1238","tripadvisor","Kraków","2026-09-14T13:02:48.636464+00:00","https://fly.pl/oferta/grecja-wczasy/?filter[dest]=14:&filter[hotelids]=&filter[cityids]=&filter[cregids]=&filter[ofrType]=&filter[addObjType]=&filter[whenFrom]=14-09-2026&filter[whenTo]=14-10-2026&filter[duration]=7:10&filter[from]=&filter[person]=2&filter[child]=1&filter[price]=4000:20000&filter[PriceFrom]=4000&filter[PriceTo]=20000&filter[addCategory]=50&filter[addCatering]=1&filter[addMisc]=0&filter[addTransport]=F&filter[fp]=1&order_by=ofr_price&filter[tourOperator]=0&filter[childAge][1]=20201210","https://fly.pl/cdn/photo/assets/uploads/582/278/2019/09/Sandy-Villas.jpg","https://fly.pl/wycieczka/grecja,korfu,agios-georgios/kairaba-sandy-villas-9/XTOPe148e5X_wYAAHNOYVBwWQG0AQCY4u4yCpABCgYIuoMLEAESBgi7qQ0QARp-TVBVVzJHRjIzTjFWNkpNVzVLSUdTOUdCMVBESFJTTEM5QUVXWjNYSE5NMTNWWkRJUExUVzFXQzdHUkxEQ1AwWTRRNjZaRlpaU1hLVjM5MERGTFVWM003T1RGMDAwTU5UMThUR1dISUcwNE84T1BaMVhXMkxSTjhUM0Y3OTlWCn8KBgis-wcQAhIGCNqnKRABGm1PNTQ1NDRkNTMyZjQxNDc1MjQzNDY1NTQyNGQzMzQ5MmY1MjRkNTM1MDQ0NDI1MDU2MzAzMDJmNDE0OTJmMzYyZjMyMzAzMjM2MzEzMDMwMzMyZjMwMzEzMjMzMzQzNTM2MzczODM5MzAzMTMyCiMKBgignAEQARIGCNC-ARABGhFEU1JULTExMi1UUkFOU0ZFUgogCgUIzDoQARIFCPNGEAEaEERTUk0tMTEyLTJyMjMwNzQKIQoFCMA-EAESBQjQSxABGhFEU1JNLTExMi01MHIyMzA3NQoiCgUI8C4QARIFCJg5EAEaEkRTUlUtMTEyLVViZXpiYXNpYxhwKGEyBgjA2zkQATgD/ofertasv/?filter[tourOperator]=XTOP&filter%5Bperson%5D=2&filter%5BchildAge%5D%5B1%5D=20201210&filter%5Bchild%5D=1"
"Lindos Royal (ex. COOEE) Grecja, Rodos, Lindos","9487.0","29.09.2026 - 06.10.2026","8 dni/7 nocy","","3.8","3.8","3451","tripadvisor","Kraków","2026-09-14T13:02:48.636464+00:00","https://fly.pl/oferta/grecja-wczasy/?filter[dest]=14:&filter[hotelids]=&filter[cityids]=&filter[cregids]=&filter[ofrType]=&filter[addObjType]=&filter[whenFrom]=14-09-2026&filter[whenTo]=14-10-2026&filter[duration]=7:10&filter[from]=&filter[person]=2&filter[child]=1&filter[price]=4000:20000&filter[PriceFrom]=4000&filter[PriceTo]=20000&filter[addCategory]=50&filter[addCatering]=1&filter[addMisc]=0&filter[addTransport]=F&filter[fp]=1&order_by=ofr_price&filter[tourOperator]=0&filter[childAge][1]=20201210","https://fly.pl/cdn/photo/assets/uploads/582/278/2015/08/LINDOS-ROYAL.jpg","https://fly.pl/wycieczka/grecja,rodos,lindos/lindos-royal/pzLqLFtPEAnkAW0mJF46CqAAogNa_MvNl9Rv1ipVCFKjPdPbdVmxRt2ki5MjH_iGRBr0YqBEVYSU0w-eCf1QZIj0pQAVjaAmACagJBSXIhHBHxwQa5BPXcRKsEQBucuzIY5886AZvJ9JsLAgBjAQILVsd-wA/ofertasv/?filter[tourOperator]=EXIM&filter%5Bperson%5D=2&filter%5BchildAge%5D%5B1%5D=20201210&filter%5Bchild%5D=1"
"Almyros Beach (ex Cyprotel Almyros) Grecja, Korfu, Acharavi","9505.0","03.10.2026 - 10.10.2026","8 dni/7 nocy","","4.5","4.5","254","tripadvisor","Katowice","2026-09-14T13:02:48.636464+00:00","https://fly.pl/oferta/grecja-wczasy/?filter[dest]=14:&filter[hotelids]=&filter[cityids]=&filter[cregids]=&filter[ofrType]=&filter[addObjType]=&filter[whenFrom]=14-09-2026&filter[whenTo]=14-10-2026&filter[duration]=7:10&filter[from]=&filter[person]=2&filter[child]=1&filter[price]=4000:20000&filter[PriceFrom]=4000&filter[PriceTo]=20000&filter[addCategory]=50&filter[addCatering]=1&filter[addMisc]=0&filter[addTransport]=F&filter[fp]=1&order_by=ofr_price&filter[tourOperator]=0&filter[childAge][1]=20201210","https://fly.pl/cdn/photo/assets/uploads/582/278/2015/01/Almyros-Beach-ex-Cyprotel-Almyros-fly-pl.jpg","https://fly.pl/wycieczka/grecja,korfu,acharavi/cyprotel-almyros-ex-almyros-natura/pk0SqPv2fsw-mSAk7GJlsPAAogkkJbHjPH4kopURR2LPZNKy4JXqKmgIIINK5hD42ZiOoqBEdSQ1Mw-eCf1QZIoUpQQVi6A2ADcj0VBxcAWAhWAlwCD-0EHRZAxQFSn3dTAFv3CGGDTEsAXqcwAY3diAEN4_DJCCAAUf-63uZkARJjAQJjAQIL17TwMQ/ofertasv/?filter[tourOperator]=GRCS&filter%5Bperson%5D=2&filter%5BchildAge%5D%5B1%5D=20201210&filter%5Bchild%5D=1"
"Natura Park Village Grecja, Kos, Psalidi","9512.0","03.10.2026 - 10.10.2026","8 dni/7 nocy","","4.0","4.0","1117","tripadvisor","Warszawa","2026-09-14T13:02:48.636464+00:00","https://fly.pl/oferta/grecja-wczasy/?filter[dest]=14:&filter[hotelids]=&filter[cityids]=&filter[cregids]=&filter[ofrType]=&filter[addObjType]=&filter[whenFrom]=14-09-2026&filter[whenTo]=14-10-2026&filter[duration]=7:10&filter[from]=&filter[person]=2&filter[child]=1&filter[price]=4000:20000&filter[PriceFrom]=4000&filter[PriceTo]=20000&filter[addCategory]=50&filter[addCatering]=1&filter[addMisc]=0&filter[addTransport]=F&filter[fp]=1&order_by=ofr_price&filter[tourOperator]=0&filter[childAge][1]=20201210","https://fly.pl/cdn/photo/assets/uploads/582/278/2017/09/Natura-Park-Village.jpg","https://fly.pl/wycieczka/grecja,kos,psalidi/natura-park-village/pCSuc8SDYVoB90SxeR0iaiAAogufp8HWe10Mv6jVkoZOA1DYjGnTOZpYU4JNsCnuc57zoqBFJOQlcw-eCf1QZIqEpQQVi6A2ACagRCd2NUag1BTExfSU5DTFVTSVZFahoxNiwyOTYsMzgwLDQ3Nyw0ODMsNDg0LDQ4NWobNDAyLDQwMyw0MDYsNDE3LDQ3Myw0OTcsNDk5cjyfAZYBngGUARUHFwBYCAoJEdQDQOsDGfNWENNVU_8aUgBMoAJLzHVhAB3Q7UAPZSDOm5EJDQACDGMBBQu2uu-3/ofertasv/?filter[tourOperator]=RNBW&filter%5Bperson%5D=2&filter%5BchildAge%5D%5B1%5D=20201210&filter%5Bchild%5D=1"
"Ammos (Mastichari) Grecja, Kos, Mastichari","9557.0","03.10.2026 - 11.10.2026","9 dni/7 nocy","","4.2","4.2","238","tripadvisor","Warszawa","2026-09-14T13:02:48.636464+00:00","https://fly.pl/oferta/grecja-wczasy/?filter[dest]=14:&filter[hotelids]=&filter[cityids]=&filter[cregids]=&filter[ofrType]=&filter[addObjType]=&filter[whenFrom]=14-09-2026&filter[whenTo]=14-10-2026&filter[duration]=7:10&filter[from]=&filter[person]=2&filter[child]=1&filter[price]=4000:20000&filter[PriceFrom]=4000&filter[PriceTo]=20000&filter[addCategory]=50&filter[addCatering]=1&filter[addMisc]=0&filter[addTransport]=F&filter[fp]=1&order_by=ofr_price&filter[tourOperator]=0&filter[childAge][1]=20201210","https://fly.pl/cdn/photo/assets/uploads/582/278/2016/11/AMMOS-LUXURY-RESORT.jpg","https://fly.pl/wycieczka/grecja,kos,mastichari/ammos-mastichari/pvfRQSJgHB7ro0QV3O4QvaAAog4k1T9l0BFq1Jmm0QO7R3uYyjQfhCSpknR2oORujcQHkqBFZJVFgw-eCf1QZI1UpQQVi6A2ACckAaABUHFwBcA1gFQI8DW6eGAVPXRVIAXv8zS-1DYQBM77Q5DZTVmAkgAVGEid7xpQFPkdw9XdD9y_1fAgxjAQILblInIw/ofertasv/?filter[tourOperator]=VITX&filter%5Bperson%5D=2&filter%5BchildAge%5D%5B1%5D=20201210&filter%5Bchild%5D=1"
"Galaxy Beach Resort BW Premier Collection Grecja, Zakynthos, Laganas","9579.0","05.10.2026 - 12.10.2026","8 dni/7 nocy","","3.9","3.9","744","tripadvisor","Warszawa - Modlin","2026-09-14T13:02:48.636464+00:00","https://fly.pl/oferta/grecja-wczasy/?filter[dest]=14:&filter[hotelids]=&filter[cityids]=&filter[cregids]=&filter[ofrType]=&filter[addObjType]=&filter[whenFrom]=14-09-2026&filter[whenTo]=14-10-2026&filter[duration]=7:10&filter[from]=&filter[person]=2&filter[child]=1&filter[price]=4000:20000&filter[PriceFrom]=4000&filter[PriceTo]=20000&filter[addCategory]=50&filter[addCatering]=1&filter[addMisc]=0&filter[addTransport]=F&filter[fp]=1&order_by=ofr_price&filter[tourOperator]=0&filter[childAge][1]=20201210","https://fly.pl/cdn/photo/assets/uploads/582/278/2014/07/Best-Western-Galaxy-Laganas-fly-pl.jpg","https://fly.pl/wycieczka/grecja,zakynthos,laganas/best-western-galaxy-laganas/pdbwMOmy7KO6ku3Vn0i23CAAogOmiSuy0a4sfhlPC3m10yDOpKVdodt36SsiD5KgWwM3UqBEJWQkUw-eCf1QZI60pQAVjqA2ACagJBSXIgHBHhfRu56D4YnIETuQTsryirBAEB7qPVkwMCAGMBAgvnrfhW/ofertasv/?filter[tourOperator]=BVBE&filter%5Bperson%5D=2&filter%5BchildAge%5D%5B1%5D=20201210&filter%5Bchild%5D=1"
"Grand Blue Beach","9598.0","03.10.2026 - 10.10.2026","8 dni/7 nocy","","4.3","4.3","1177","tripadvisor","Warszawa","2026-09-14T13:02:48.636464+00:00","https://fly.pl/oferta/grecja-wczasy/?filter[dest]=14:&filter[hotelids]=&filter[cityids]=&filter[cregids]=&filter[ofrType]=&filter[addObjType]=&filter[whenFrom]=14-09-2026&filter[whenTo]=14-10-2026&filter[duration]=7:10&filter[from]=&filter[person]=2&filter[child]=1&filter[price]=4000:20000&filter[PriceFrom]=4000&filter[PriceTo]=20000&filter[addCategory]=50&filter[addCatering]=1&filter[addMisc]=0&filter[addTransport]=F&filter[fp]=1&order_by=ofr_price&filter[tourOperator]=0&filter[childAge][1]=20201210","https://fly.pl/cdn/photo/assets/uploads/582/278/2016/03/Gran-Blue-Beach.jpg","https://fly.pl/wycieczka/grecja,kos,kardamena/grand-blue-beach/pxl7Ph1_F4-uVQp4kbsaEcAAogp9BBeV3hvkq51WcLgwUthojGnTOZpYU4JNsCnuc57zoqBFJOQlcw_eCf1QZI_kpQQVi6A2ACagRCd2NUag1BTExfSU5DTFVTSVZFahoxNiwyOTYsMzgwLDQ3Nyw0ODMsNDg0LDQ4NWobNDAyLDQwMyw0MDYsNDE3LDQ3Myw0OTcsNDk5cjyfAZYBngGUARUHFwBYCAoJQL8HEdgqGZssEPFoU-EHUgBMoAJLzHVhAB3Q7UAPZSDOm5EJDQACDGMBBQtodDpA/ofertasv/?filter[tourOperator]=RNBW&filter%5Bperson%5D=2&filter%5BchildAge%5D%5B1%5D=20201210&filter%5Bchild%5D=1"
"Giannoulis Cavo Spada Luxury Sports & Leisure Resort","9627.0","30.09.2026 - 07.10.2026","8 dni/7 nocy","","4.4","4.4","1219","tripadvisor","Warszawa - Modlin","2026-09-14T13:02:48.636464+00:00","https://fly.pl/oferta/grecja-wczasy/?filter[dest]=14:&filter[hotelids]=&filter[cityids]=&filter[cregids]=&filter[ofrType]=&filter[addObjType]=&filter[whenFrom]=14-09-2026&filter[whenTo]=14-10-2026&filter[duration]=7:10&filter[from]=&filter[person]=2&filter[child]=1&filter[price]=4000:20000&filter[PriceFrom]=4000&filter[PriceTo]=20000&filter[addCategory]=50&filter[addCatering]=1&filter[addMisc]=0&filter[addTransport]=F&filter[fp]=1&order_by=ofr_price&filter[tourOperator]=0&filter[childAge][1]=20201210","https://fly.pl/cdn/photo/assets/uploads/582/278/2014/07/Giannoulis-Cavo-Spada-Luxury-Sports.jpg","https://fly.pl/wycieczka/grecja,kreta-zachodnia,rapaniana/cavo-spada-luxury-resort/p5HCIxADhhb6IIT8xlHjCAAAogHdDTbTMLi1pPRjgYzvloyiwpoaWr2-VQZickFnAPQnwqBFZJVFgw_eCf1QZIm0tQQVjyAmACagxXTUlDSFFEUDQwMTlqDENIUVdNSURQNDAxOXI3nQGPARoAFwcVAFwDWAVAjwNSoHtTAFuDDV7ad0uPR2EATMAtDdjY0QkgAFHSr56dZQIMYwECC7PxmbU/ofertasv/?filter[tourOperator]=VITX&filter%5Bperson%5D=2&filter%5BchildAge%5D%5B1%5D=20201210&filter%5Bchild%5D=1"
"Mare blue (ex. Sunshine Crete Beach)","9622.0","07.10.2026 - 14.10.2026","8 dni/7 nocy","","3.7","3.7","118","tripadvisor","Kraków","2026-09-14T13:02:48.636464+00:00","https://fly.pl/oferta/grecja-wczasy/?filter[dest]=14:&filter[hotelids]=&filter[cityids]=&filter[cregids]=&filter[ofrType]=&filter[addObjType]=&filter[whenFrom]=14-09-2026&filter[whenTo]=14-10-2026&filter[duration]=7:10&filter[from]=&filter[person]=2&filter[child]=1&filter[price]=4000:20000&filter[PriceFrom]=4000&filter[PriceTo]=20000&filter[addCategory]=50&filter[addCatering]=1&filter[addMisc]=0&filter[addTransport]=F&filter[fp]=1&order_by=ofr_price&filter[tourOperator]=0&filter[childAge][1]=20201210","https://fly.pl/cdn/photo/assets/uploads/582/278/2015/01/MARE-BLUE-EX-SUNSHINE-CRETE-BEACH.jpg","https://fly.pl/wycieczka/grecja,kreta-wschodnia,koutsounari/club-calimera-sunshine/XTOP10e602X_wYAAHNOYVBwWQGxAQCsXbn8CpABCgYIrs0QEAESBgjvjRQQARp-TVBVVzJHRjIzTjFWNkpNVzVLSUdTOUdCMVBESFJTTEM5QUVXWjNYSFRIU0pGTFIzOUk2TjdBVEkwQk4xU0pWOEY4OUpSMFE5TFpVVkQ4RlpSWFlUV09CR1Y1TzhHVURDREIyQzM4TVZMT1QxRUpJMVRYRjc3MzJHVjNUTlNVCn8KBgiyrwYQAhIGCN2FIRABGm1PNTQ1NDRkNTMyZjQxNGQ1NDUzNDc1MjMyMzU0ZjM4MmY1MjRkNTM1MDMwMzA0ZDU2MzAzMDJmNDE0OTJmMzcyZjMyMzAzMjM2MzEzMDMwMzcyZjMwMzEzMjMzMzQzNTM2MzczODM5MzAzMTMyCiMKBgj8oQMQARIGCPb9AxABGhFEU1JULTk3LVRSQU5TRkVSNQofCgUIzDoQARIFCPNGEAEaD0RTUk0tOTctMnIyMjY3MgogCgUIwD4QARIFCNBLEAEaEERTUk0tOTctNTByMjI2NzMKIQoFCPAuEAESBQiYORABGhFEU1JVLTk3LVViZXpiYXNpYxhhKDEyBgid3ToQATgD/ofertasv/?filter[tourOperator]=XTOP&filter%5Bperson%5D=2&filter%5BchildAge%5D%5B1%5D=20201210&filter%5Bchild%5D=1"
"Aquila Rithymna Beach","9690.0","30.09.2026 - 07.10.2026","8 dni/7 nocy","","4.3","4.3","4109","tripadvisor","Katowice","2026-09-14T13:02:48.636464+00:00","https://fly.pl/oferta/grecja-wczasy/?filter[dest]=14:&filter[hotelids]=&filter[cityids]=&filter[cregids]=&filter[ofrType]=&filter[addObjType]=&filter[whenFrom]=14-09-2026&filter[whenTo]=14-10-2026&filter[duration]=7:10&filter[from]=&filter[person]=2&filter[child]=1&filter[price]=4000:20000&filter[PriceFrom]=4000&filter[PriceTo]=20000&filter[addCategory]=50&filter[addCatering]=1&filter[addMisc]=0&filter[addTransport]=F&filter[fp]=1&order_by=ofr_price&filter[tourOperator]=0&filter[childAge][1]=20201210","https://fly.pl/cdn/photo/assets/uploads/582/278/2014/07/Aquila-Rithymna-Beach.jpg","https://fly.pl/wycieczka/grecja,kreta-zachodnia,adelianos-kampos/aquila-rithymna-beach/pBko9c2-r6bc40e9znDVjGAAogMa_aX4ybFlbedhC3fMUDbgAAAAABpgQAF6YEAAcAAAAqBFdFWlkw_eCf1QZI2ktQQVjyAmADaglFbnRlciBBaXJqBDAyMDVqBDA2MDVyQZ4BkwGUAR8AAgEcABYEFwIS1gQVpQYYwwERuClApEtMgi9PAEvRIlAAG5r4Ax3zgA0gFg2rhMIJARJjAQ5jAQINB79FoA/ofertasv/?filter[tourOperator]=WEZY&filter%5Bperson%5D=2&filter%5BchildAge%5D%5B1%5D=20201210&filter%5Bchild%5D=1"
"White Olive Elite","9749.0","02.10.2026 - 09.10.2026","8 dni/7 nocy","","4.1","4.1","297","tripadvisor","Katowice","2026-09-14T13:02:48.636464+00:00","https://fly.pl/oferta/grecja-wczasy/?filter[dest]=14:&filter[hotelids]=&filter[cityids]=&filter[cregids]=&filter[ofrType]=&filter[addObjType]=&filter[whenFrom]=14-09-2026&filter[whenTo]=14-10-2026&filter[duration]=7:10&filter[from]=&filter[person]=2&filter[child]=1&filter[price]=4000:20000&filter[PriceFrom]=4000&filter[PriceTo]=20000&filter[addCategory]=50&filter[addCatering]=1&filter[addMisc]=0&filter[addTransport]=F&filter[fp]=1&order_by=ofr_price&filter[tourOperator]=0&filter[childAge][1]=20201210","https://fly.pl/cdn/photo/assets/uploads/582/278/2018/09/White-Olive-Elite-fly-pl-1.jpg","https://fly.pl/wycieczka/grecja,zakynthos,laganas/white-olive-elite/pVx_qSaOvgcx2RRJASC4U8AAogWJrL42VIhRarj9jHv0G9qZHSCzpSH2MmgRLoS4lyStcqBFJOQlcw_eCf1QZIlUxQQViiA2ACagRCd2NEag1BTExfSU5DTFVTSVZFahoxNiwyOTYsMzgwLDQ3Nyw0ODMsNDg0LDQ4NWoTNDA0LDQwNyw0MDgsNTIxLDUyOHI9nwGWAZ4BlAEVBxcAWAgKBEDEBxG3GhDwGxnGIUuwc2EATNqXAVIHUwAd2eQ_D_0BIN__kQkNAAIMYwECC13Wi-M/ofertasv/?filter[tourOperator]=RNBW&filter%5Bperson%5D=2&filter%5BchildAge%5D%5B1%5D=20201210&filter%5Bchild%5D=1"
"Thassos Grand Resort","9757.0","21.09.2026 - 28.09.2026","8 dni/7 nocy","","4.2","4.2","511","tripadvisor","Katowice","2026-09-14T13:02:48.636464+00:00","https://fly.pl/oferta/grecja-wczasy/?filter[dest]=14:&filter[hotelids]=&filter[cityids]=&filter[cregids]=&filter[ofrType]=&filter[addObjType]=&filter[whenFrom]=14-09-2026&filter[whenTo]=14-10-2026&filter[duration]=7:10&filter[from]=&filter[person]=2&filter[child]=1&filter[price]=4000:20000&filter[PriceFrom]=4000&filter[PriceTo]=20000&filter[addCategory]=50&filter[addCatering]=1&filter[addMisc]=0&filter[addTransport]=F&filter[fp]=1&order_by=ofr_price&filter[tourOperator]=0&filter[childAge][1]=20201210","https://fly.pl/cdn/photo/assets/uploads/582/278/2017/08/Thassos-Grand-Resort.jpg","https://fly.pl/wycieczka/grecja,thassos,aliki/thassos-grand-resort/pmhr4bzGUF0xmkWGeHbvAoAAoglluxIejCjBYxsqzQghgV7OWOC1wEuCM-Mprk2wT-WosqBFZJVFgw_eCf1QZInUxQQViaAWACcj4aABUHFwBcA1gFQI8DW7-DAWGXTEsAUzJSAF71L0yA-TkNntSYCSAAXaDO_uuoAVHMifonT6zMCwIMYwECBUSLbeM/ofertasv/?filter[tourOperator]=VITX&filter%5Bperson%5D=2&filter%5BchildAge%5D%5B1%5D=20201210&filter%5Bchild%5D=1"
"Levante Beach Resort By Playitas","10035.0","02.10.2026 - 09.10.2026","8 dni/7 nocy","","","","","","Katowice","2026-09-14T13:02:48.636464+00:00","https://fly.pl/oferta/grecja-wczasy/?filter[dest]=14:&filter[hotelids]=&filter[cityids]=&filter[cregids]=&filter[ofrType]=&filter[addObjType]=&filter[whenFrom]=14-09-2026&filter[whenTo]=14-10-2026&filter[duration]=7:10&filter[from]=&filter[person]=2&filter[child]=1&filter[price]=4000:20000&filter[PriceFrom]=4000&filter[PriceTo]=20000&filter[addCategory]=50&filter[addCatering]=1&filter[addMisc]=0&filter[addTransport]=F&filter[fp]=1&order_by=ofr_price&filter[tourOperator]=0&filter[childAge][1]=20201210","https://datacfstatic.merlinx.pl/GRCS/IMG/RHOLEVA/2740a3d502498fa39ca484421876ad5de88a3968c5e7e54c025285cad7eee32f.webp","https://fly.pl/wycieczka/grecja,rodos,afandu/levante-beach-resort-by-playitas-10/pCV4T5G_oXEaZeNen0B70uAAogmneE2o_GXCUJJMrHcnFDE53l86o_X1m9AxsR6t9H0GYqBEdSQ1Mw_eCf1QZIs05QQViiA2ADcj8XBxUAXANYBVYCHawCDxxAggRbloABYYNMSwBepzBSkRNTAAGN64QBDdHPzQggAFH8g7Pt3gEBEmMBAmMBAgsF4HbZ/ofertasv/?filter[tourOperator]=GRCS&filter%5Bperson%5D=2&filter%5BchildAge%5D%5B1%5D=20201210&filter%5Bchild%5D=1"
"Minos Imperial","10040.0","07.10.2026 - 14.10.2026","8 dni/7 nocy","","3.9","3.9","998","tripadvisor","Kraków","2026-09-14T13:02:48.636464+00:00","https://fly.pl/oferta/grecja-wczasy/?filter[dest]=14:&filter[hotelids]=&filter[cityids]=&filter[cregids]=&filter[ofrType]=&filter[addObjType]=&filter[whenFrom]=14-09-2026&filter[whenTo]=14-10-2026&filter[duration]=7:10&filter[from]=&filter[person]=2&filter[child]=1&filter[price]=4000:20000&filter[PriceFrom]=4000&filter[PriceTo]=20000&filter[addCategory]=50&filter[addCatering]=1&filter[addMisc]=0&filter[addTransport]=F&filter[fp]=1&order_by=ofr_price&filter[tourOperator]=0&filter[childAge][1]=20201210","https://fly.pl/cdn/photo/assets/uploads/582/278/2015/04/MINOS-IMPERIAL-LUXURY-BEACH-RESORT.jpg","https://fly.pl/wycieczka/grecja,kreta-wschodnia,milatos/minos-imperial/pCb8HpFu2YIsLv4BFeUKFsAAogPuansbaQ_aBsW-hYlrI_hYPMZTVett36fjNE0W-Rvl4qBEJWQkUw_eCf1QZIuE5QAViaBGACagJBSXIhHBHVoQEbp6w-GKnwEqsE694ouQQXAeKyx40DAhJjAQILsVgOyg/ofertasv/?filter[tourOperator]=BVBE&filter%5Bperson%5D=2&filter%5BchildAge%5D%5B1%5D=20201210&filter%5Bchild%5D=1"
"White Olive Elite Rethymno","10082.0","27.09.2026 - 04.10.2026","8 dni/7 nocy","","3.7","3.7","89","tripadvisor","Katowice","2026-09-14T13:02:48.636464+00:00","https://fly.pl/oferta/grecja-wczasy/?filter[dest]=14:&filter[hotelids]=&filter[cityids]=&filter[cregids]=&filter[ofrType]=&filter[addObjType]=&filter[whenFrom]=14-09-2026&filter[whenTo]=14-10-2026&filter[duration]=7:10&filter[from]=&filter[person]=2&filter[child]=1&filter[price]=4000:20000&filter[PriceFrom]=4000&filter[PriceTo]=20000&filter[addCategory]=50&filter[addCatering]=1&filter[addMisc]=0&filter[addTransport]=F&filter[fp]=1&order_by=ofr_price&filter[tourOperator]=0&filter[childAge][1]=20201210","https://fly.pl/cdn/photo/assets/uploads/582/278/2019/11/White-Olive-Elite-Rethymno.jpg","https://fly.pl/wycieczka/grecja,kreta-zachodnia,sfakaki/white-olive-elite-rethymno-15/pyczO1_taesU2lZc5GzMLIAAogOmA2DsJVlS85SbH_1MVQd0G2W3mFVE1D1lOEWNzCub8qBFJOQlcw_eCf1QZI4k5QQViqAmACagRCd2NEag1BTExfSU5DTFVTSVZFahcyOTYsMzgwLDQ3Nyw0ODMsNDg0LDQ4NWoTNDA0LDQwNyw0MDgsNTIxLDUyOHI7nwGWAZ4BlAEVBxcAWAgKBEDEBxGiHxC7JhmGElOEH1IATKBUSxZhAA-DwEEdJSCjvZEJDQACDGMBAgt4njEe/ofertasv/?filter[tourOperator]=RNBW&filter%5Bperson%5D=2&filter%5BchildAge%5D%5B1%5D=20201210&filter%5Bchild%5D=1"
"Amus","10255.0","05.10.2026 - 12.10.2026","8 dni/7 nocy","","4.5","4.5","5945","tripadvisor","Warszawa - Modlin","2026-09-14T13:02:48.636464+00:00","https://fly.pl/oferta/grecja-wczasy/?filter[dest]=14:&filter[hotelids]=&filter[cityids]=&filter[cregids]=&filter[ofrType]=&filter[addObjType]=&filter[whenFrom]=14-09-2026&filter[whenTo]=14-10-2026&filter[duration]=7:10&filter[from]=&filter[person]=2&filter[child]=1&filter[price]=4000:20000&filter[PriceFrom]=4000&filter[PriceTo]=20000&filter[addCategory]=50&filter[addCatering]=1&filter[addMisc]=0&filter[addTransport]=F&filter[fp]=1&order_by=ofr_price&filter[tourOperator]=0&filter[childAge][1]=20201210","https://fly.pl/cdn/photo/assets/uploads/582/278/2015/04/Rhodes-Bay-Hotel-Spa.jpg","https://fly.pl/wycieczka/grecja,rodos,ixia/amathus-beach-rhodes/pCq4xFmd2gO_3rIOS-TnTfAAogEOC0EL6NYPzbRlT7oOPRtAbJnrcY3OD_vEla3Pxuz4AqBEJWQkUw_eCf1QZIj1BQAVjqA2ADagJBSXIkHBHvpAEby-E7GJbgFbkEhrIoqwQBAfrCvpMDARJjAQxjAQILciOqIw/ofertasv/?filter[tourOperator]=BVBE&filter%5Bperson%5D=2&filter%5BchildAge%5D%5B1%5D=20201210&filter%5Bchild%5D=1"
"Princess Andriana Resort & Spa","10317.0","05.10.2026 - 12.10.2026","8 dni/7 nocy","","4.5","4.5","5748","tripadvisor","Warszawa - Modlin","2026-09-14T13:02:48.636464+00:00","https://fly.pl/oferta/grecja-wczasy/?filter[dest]=14:&filter[hotelids]=&filter[cityids]=&filter[cregids]=&filter[ofrType]=&filter[addObjType]=&filter[whenFrom]=14-09-2026&filter[whenTo]=14-10-2026&filter[duration]=7:10&filter[from]=&filter[person]=2&filter[child]=1&filter[price]=4000:20000&filter[PriceFrom]=4000&filter[PriceTo]=20000&filter[addCategory]=50&filter[addCatering]=1&filter[addMisc]=0&filter[addTransport]=F&filter[fp]=1&order_by=ofr_price&filter[tourOperator]=0&filter[childAge][1]=20201210","https://fly.pl/cdn/photo/assets/uploads/582/278/2014/09/Princess-Andriana-Resort-Spa.jpg","https://fly.pl/wycieczka/grecja,rodos,kiotari/princess-andriana/p6Lrx4a2clsxoqYydxVP4DAAogtSKo6ZibvqBsn5547H3Uvo3CDaggwCch4Tk88YDLgHEqBEVYSU0w_eCf1QZIzVBQAVjqA2ACagZBSS9VQUlyIRwRzsYGuQSj_0CrBCAbjqo3GJjBOwHj27mrCgIAYwECDEMclQM/ofertasv/?filter[tourOperator]=EXIM&filter%5Bperson%5D=2&filter%5BchildAge%5D%5B1%5D=20201210&filter%5Bchild%5D=1"
"Porto Angeli","10353.0","02.10.2026 - 09.10.2026","8 dni/7 nocy","","4.2","4.2","725","tripadvisor","Katowice","2026-09-14T13:02:48.636464+00:00","https://fly.pl/oferta/grecja-wczasy/?filter[dest]=14:&filter[hotelids]=&filter[cityids]=&filter[cregids]=&filter[ofrType]=&filter[addObjType]=&filter[whenFrom]=14-09-2026&filter[whenTo]=14-10-2026&filter[duration]=7:10&filter[from]=&filter[person]=2&filter[child]=1&filter[price]=4000:20000&filter[PriceFrom]=4000&filter[PriceTo]=20000&filter[addCategory]=50&filter[addCatering]=1&filter[addMisc]=0&filter[addTransport]=F&filter[fp]=1&order_by=ofr_price&filter[tourOperator]=0&filter[childAge][1]=20201210","https://fly.pl/cdn/photo/assets/uploads/582/278/2015/04/Porto-Angeli.jpg","https://fly.pl/wycieczka/grecja,rodos,archangelos/porto-angeli/pjO0_tSZQ42I_5GWJWbJMdAAogmfcJgDZSYZS3pCSoh8URzp3l86o_X1m9AxsR6t9H0GYqBEdSQ1Mw_eCf1QZI8VBQQViiA2ADcj8XBxUAXANYBVYCHawCDxxAggRbloABYYNMSwBepzBSkRNTAAGBpoIBDd2U0AggAFG1lb_t3gEBEmMBAmMBAg2nw5O5/ofertasv/?filter[tourOperator]=GRCS&filter%5Bperson%5D=2&filter%5BchildAge%5D%5B1%5D=20201210&filter%5Bchild%5D=1"
"Hersonissos Palace","10515.0","30.09.2026 - 07.10.2026","8 dni/7 nocy","","4.3","4.3","463","tripadvisor","Wrocław","2026-09-14T13:02:48.636464+00:00","https://fly.pl/oferta/grecja-wczasy/?filter[dest]=14:&filter[hotelids]=&filter[cityids]=&filter[cregids]=&filter[ofrType]=&filter[addObjType]=&filter[whenFrom]=14-09-2026&filter[whenTo]=14-10-2026&filter[duration]=7:10&filter[from]=&filter[person]=2&filter[child]=1&filter[price]=4000:20000&filter[PriceFrom]=4000&filter[PriceTo]=20000&filter[addCategory]=50&filter[addCatering]=1&filter[addMisc]=0&filter[addTransport]=F&filter[fp]=1&order_by=ofr_price&filter[tourOperator]=0&filter[childAge][1]=20201210","https://fly.pl/cdn/photo/assets/uploads/582/278/2015/04/Hersonissos-Palace-fly-pl-2.jpg","https://fly.pl/wycieczka/grecja,kreta,hersonissos/hersonissos-palace/pAUxPfNvGccZkwNmz0b0ljAAogplWBpYyRBMa0vFAkIJfdjJjRqKosPIi8O69XatQ0qysqBFJOQlcw_eCf1QZIk1JQQVjyAmACagRCd2NEag1BTExfSU5DTFVTSVZFahcyOTYsMzgwLDQ3Nyw0ODMsNDg0LDQ4NXI7nwGWAZ4BFQcXAFgICgRAxAcR2DgZiB9T7FBSABDBCEzOFkuyfGEAHcjAQA-wAyDmwJEJDQACDGMBAguKQ7uu/ofertasv/?filter[tourOperator]=RNBW&filter%5Bperson%5D=2&filter%5BchildAge%5D%5B1%5D=20201210&filter%5Bchild%5D=1"
"Gouves Water Park Holiday Resort","10572.0","02.10.2026 - 09.10.2026","8 dni/7 nocy","","4.2","4.2","3979","tripadvisor","Kraków","2026-09-14T13:02:48.636464+00:00","https://fly.pl/oferta/grecja-wczasy/?filter[dest]=14:&filter[hotelids]=&filter[cityids]=&filter[cregids]=&filter[ofrType]=&filter[addObjType]=&filter[whenFrom]=14-09-2026&filter[whenTo]=14-10-2026&filter[duration]=7:10&filter[from]=&filter[person]=2&filter[child]=1&filter[price]=4000:20000&filter[PriceFrom]=4000&filter[PriceTo]=20000&filter[addCategory]=50&filter[addCatering]=1&filter[addMisc]=0&filter[addTransport]=F&filter[fp]=1&order_by=ofr_price&filter[tourOperator]=0&filter[childAge][1]=20201210","https://fly.pl/cdn/photo/assets/uploads/582/278/2014/09/Hotel-Gouves-Waterpark-Holiday-Resort.jpg","https://fly.pl/wycieczka/grecja,kreta,kato-gouves/gouves-park-holiday-resort/pXOtEv6ZoLQ0kk2y5ft_y5AAog-7mPVQl_gSiVNCSF2Me1vjsCa4Wha2EhgOfgmfeI-88qBEJWQkUw_eCf1QZIzFJQAViiA2ACagJBSXIhHBHNywEbiYY9GITREbkEofUqqwQHAfLo2-UCAhJjAQUL8FwkqA/ofertasv/?filter[tourOperator]=BVBE&filter%5Bperson%5D=2&filter%5BchildAge%5D%5B1%5D=20201210&filter%5Bchild%5D=1"
"Kouros Palace","10597.0","26.09.2026 - 04.10.2026","9 dni/7 nocy","","4.1","4.1","1095","tripadvisor","Warszawa","2026-09-14T13:02:48.636464+00:00","https://fly.pl/oferta/grecja-wczasy/?filter[dest]=14:&filter[hotelids]=&filter[cityids]=&filter[cregids]=&filter[ofrType]=&filter[addObjType]=&filter[whenFrom]=14-09-2026&filter[whenTo]=14-10-2026&filter[duration]=7:10&filter[from]=&filter[person]=2&filter[child]=1&filter[price]=4000:20000&filter[PriceFrom]=4000&filter[PriceTo]=20000&filter[addCategory]=50&filter[addCatering]=1&filter[addMisc]=0&filter[addTransport]=F&filter[fp]=1&order_by=ofr_price&filter[tourOperator]=0&filter[childAge][1]=20201210","https://fly.pl/cdn/photo/assets/uploads/582/278/2010/09/Kouros-Palace2998.jpg","https://fly.pl/wycieczka/grecja,kos,mastichari/kouros-palace/ps4gWUTIgjav65IwODmyTyAAog4m6oUfKkatwMeKGJAPUliHxRf3rB8KWajHU4BJHKUPIqBFZJVFgw_eCf1QZI5VJQQViSAmACckAaABUHFwBcA1gFQI8DW6eGAVPXRVIAXv8zS-1DYQBMk7U5DaPUmAkgAVGU3frxpQFPzoghXdD9y_1fAgxjAQUL5j1ERg/ofertasv/?filter[tourOperator]=VITX&filter%5Bperson%5D=2&filter%5BchildAge%5D%5B1%5D=20201210&filter%5Bchild%5D=1"
"Lindos Breeze Beach","10646.0","02.10.2026 - 09.10.2026","8 dni/7 nocy","","4.7","4.7","405","tripadvisor","Katowice","2026-09-14T13:02:48.636464+00:00","https://fly.pl/oferta/grecja-wczasy/?filter[dest]=14:&filter[hotelids]=&filter[cityids]=&filter[cregids]=&filter[ofrType]=&filter[addObjType]=&filter[whenFrom]=14-09-2026&filter[whenTo]=14-10-2026&filter[duration]=7:10&filter[from]=&filter[person]=2&filter[child]=1&filter[price]=4000:20000&filter[PriceFrom]=4000&filter[PriceTo]=20000&filter[addCategory]=50&filter[addCatering]=1&filter[addMisc]=0&filter[addTransport]=F&filter[fp]=1&order_by=ofr_price&filter[tourOperator]=0&filter[childAge][1]=20201210","https://fly.pl/cdn/photo/assets/uploads/582/278/2018/09/Lindos-Breeze-Beach-Hotel.jpg","https://fly.pl/wycieczka/grecja,rodos,kiotari/lindos-breeze-beach/pYPuDlpYMesOu_JQM1O7QsAAog0lQnWdf3iE9slQBjHdOk993p6d4uiAMVoZaWC8oCC6kqBFJOQlcw_eCf1QZIllNQQViiA2ACagRCd2NEag1BTExfSU5DTFVTSVZFahoxNiwyOTYsMzgwLDQ3Nyw0ODMsNDg0LDQ4NWoTNDA0LDQwNyw0MDgsNTIxLDUyOHI9nwGWAZ4BlAEVBxcAWAgKBEDEBxHoGhC1HBm4IEvIc2EATKxCUowBUwAP-7JAHZ0DIMaEkgkNAAIMYwECC5PiB4g/ofertasv/?filter[tourOperator]=RNBW&filter%5Bperson%5D=2&filter%5BchildAge%5D%5B1%5D=20201210&filter%5Bchild%5D=1"
"Lindos Imperial Resort & Spa","10647.0","29.09.2026 - 06.10.2026","8 dni/7 nocy","","4.2","4.2","5885","tripadvisor","Kraków","2026-09-14T13:02:48.636464+00:00","https://fly.pl/oferta/grecja-wczasy/?filter[dest]=14:&filter[hotelids]=&filter[cityids]=&filter[cregids]=&filter[ofrType]=&filter[addObjType]=&filter[whenFrom]=14-09-2026&filter[whenTo]=14-10-2026&filter[duration]=7:10&filter[from]=&filter[person]=2&filter[child]=1&filter[price]=4000:20000&filter[PriceFrom]=4000&filter[PriceTo]=20000&filter[addCategory]=50&filter[addCatering]=1&filter[addMisc]=0&filter[addTransport]=F&filter[fp]=1&order_by=ofr_price&filter[tourOperator]=0&filter[childAge][1]=20201210","https://fly.pl/cdn/photo/assets/uploads/582/278/2010/03/Lindos-Imperial2410.jpg","https://fly.pl/wycieczka/grecja,rodos,kiotari/lindos-imperial/pEeM1159BFGu9W1giwkpCBAAog5RelpxzILKOv406NqCmrvbdVmxRt2ki5MjH_iGRBr0YqBEVYSU0w_eCf1QZIl1NQAVjaAmACagJBSXIhHBHvwQa5BPfcRKsEQBuEuzIYx846AeLs7ZsLAgBjAQILjUHHbQ/ofertasv/?filter[tourOperator]=EXIM&filter%5Bperson%5D=2&filter%5BchildAge%5D%5B1%5D=20201210&filter%5Bchild%5D=1"
"Mitsis Summer Palace","10709.0","06.10.2026 - 14.10.2026","9 dni/7 nocy","","4.2","4.2","3143","tripadvisor","Katowice","2026-09-14T13:02:48.636464+00:00","https://fly.pl/oferta/grecja-wczasy/?filter[dest]=14:&filter[hotelids]=&filter[cityids]=&filter[cregids]=&filter[ofrType]=&filter[addObjType]=&filter[whenFrom]=14-09-2026&filter[whenTo]=14-10-2026&filter[duration]=7:10&filter[from]=&filter[person]=2&filter[child]=1&filter[price]=4000:20000&filter[PriceFrom]=4000&filter[PriceTo]=20000&filter[addCategory]=50&filter[addCatering]=1&filter[addMisc]=0&filter[addTransport]=F&filter[fp]=1&order_by=ofr_price&filter[tourOperator]=0&filter[childAge][1]=20201210","https://fly.pl/cdn/photo/assets/uploads/582/278/2015/04/Mitsis-Summer-Palace.jpg","https://fly.pl/wycieczka/grecja,kos,kardamena/mitsis-summer-palace/pvJD2EoKbmh0Mb_fZfK7oDAAog1SiEIG7JEX9GfJeAQ4X_gR7jE-Y5fLHDSfcNv5Piq_UqBEdSQ1Mw_eCf1QZI1VNQQViCBGADckAVCBcAWAdWAlwCHesBD5kCQMQCW5eAAVKqSFMAYdgDSwBepzABuNGNAQ27_MQIIABR4PuR8qUBARJjAQJjAQILk_q5pw/ofertasv/?filter[tourOperator]=GRCS&filter%5Bperson%5D=2&filter%5BchildAge%5D%5B1%5D=20201210&filter%5Bchild%5D=1"
"Out of the Blue Resort","10757.0","23.09.2026 - 30.09.2026","8 dni/7 nocy","","4.0","4.0","2187","tripadvisor","Katowice","2026-09-14T13:02:48.636464+00:00","https://fly.pl/oferta/grecja-wczasy/?filter[dest]=14:&filter[hotelids]=&filter[cityids]=&filter[cregids]=&filter[ofrType]=&filter[addObjType]=&filter[whenFrom]=14-09-2026&filter[whenTo]=14-10-2026&filter[duration]=7:10&filter[from]=&filter[person]=2&filter[child]=1&filter[price]=4000:20000&filter[PriceFrom]=4000&filter[PriceTo]=20000&filter[addCategory]=50&filter[addCatering]=1&filter[addMisc]=0&filter[addTransport]=F&filter[fp]=1&order_by=ofr_price&filter[tourOperator]=0&filter[childAge][1]=20201210","https://fly.pl/cdn/photo/assets/uploads/582/278/2014/09/Out-of-the-Blue-Beach-Resort.jpg","https://fly.pl/wycieczka/grecja,kreta-wschodnia,agia-pelagia/capsis-out-of-the-blue-resort/pmka4RqNN-NxN88_DYZGe_AAogaNDvjBOMeXlhrJeIjpXjVHkdLl2IqCKOxAl9Z83D4C0qBFZJVFgw_eCf1QZIhVRQQVjKAWACcj8aABUHFwBcA1gFQI8DW810U7g4UgBh0SJLAF6nMEyA-TkNoNSYCSAAUYW4so2NAU-SphhdnIOq3hsCDmMBAg3L6q7q/ofertasv/?filter[tourOperator]=VITX&filter%5Bperson%5D=2&filter%5BchildAge%5D%5B1%5D=20201210&filter%5Bchild%5D=1"
"Istion Club","10819.0","06.10.2026 - 13.10.2026","8 dni/7 nocy","","4.5","4.5","533","tripadvisor","Warszawa - Modlin","2026-09-14T13:02:48.636464+00:00","https://fly.pl/oferta/grecja-wczasy/?filter[dest]=14:&filter[hotelids]=&filter[cityids]=&filter[cregids]=&filter[ofrType]=&filter[addObjType]=&filter[whenFrom]=14-09-2026&filter[whenTo]=14-10-2026&filter[duration]=7:10&filter[from]=&filter[person]=2&filter[child]=1&filter[price]=4000:20000&filter[PriceFrom]=4000&filter[PriceTo]=20000&filter[addCategory]=50&filter[addCatering]=1&filter[addMisc]=0&filter[addTransport]=F&filter[fp]=1&order_by=ofr_price&filter[tourOperator]=0&filter[childAge][1]=20201210","https://fly.pl/cdn/photo/assets/uploads/582/278/2015/04/Istion-Club-fly-pl.jpg","https://fly.pl/wycieczka/grecja,chalkidiki,nea-poteidaia/istion-club/phut6Rq_YZEoGsV3ih4wObAAog98pu_fD6yWCSU-_qBXmdZG6F77_UNvv_AK2k3jLLChcqBEJWQkUw_eCf1QZIw1RQAViCBGACagNBSStyIRwR2-UBG9LVQBi0-hSrBK6JKLkEaAG9y6vUAwISYwECBw-jzZw/ofertasv/?filter[tourOperator]=BVBE&filter%5Bperson%5D=2&filter%5BchildAge%5D%5B1%5D=20201210&filter%5Bchild%5D=1"
"Cabana Blu Hotel & Suites","11031.0","29.09.2026 - 06.10.2026","8 dni/7 nocy","","4.7","4.7","224","tripadvisor","Katowice","2026-09-14T13:02:48.636464+00:00","https://fly.pl/oferta/grecja-wczasy/?filter[dest]=14:&filter[hotelids]=&filter[cityids]=&filter[cregids]=&filter[ofrType]=&filter[addObjType]=&filter[whenFrom]=14-09-2026&filter[whenTo]=14-10-2026&filter[duration]=7:10&filter[from]=&filter[person]=2&filter[child]=1&filter[price]=4000:20000&filter[PriceFrom]=4000&filter[PriceTo]=20000&filter[addCategory]=50&filter[addCatering]=1&filter[addMisc]=0&filter[addTransport]=F&filter[fp]=1&order_by=ofr_price&filter[tourOperator]=0&filter[childAge][1]=20201210","https://fly.pl/cdn/photo/assets/uploads/582/278/2024/07/cabana-beach.jpg","https://fly.pl/wycieczka/grecja,kos,kardamena/cabana-beach-11/pFXIEo6Ag0d7ELdH88XEuBAAogf_scnvINjkEBRs7y7Bfj_YVbonqREx2CbpZmYND6wfwqBFJOQlcw_eCf1QZIl1ZQQVjaAmACagRCd2NEag1BTExfSU5DTFVTSVZFahcyOTYsMzgwLDQ3Nyw0ODMsNDg0LDQ4NWoTNDA0LDQwNyw0MDgsNTIxLDUyOHI8nwGWAZ4BlAEVBxcAWAgKBEDEBxG4Jxm7LxCxCVOhZ1IATKACS7gBYQAP1eVAHSUg05eSCQ0AAgxjAQIL2szTXg/ofertasv/?filter[tourOperator]=RNBW&filter%5Bperson%5D=2&filter%5BchildAge%5D%5B1%5D=20201210&filter%5Bchild%5D=1"
"Panorama Leptos (Kato Galatas)","11084.0","06.10.2026 - 13.10.2026","8 dni/7 nocy","","4.3","4.3","1351","tripadvisor","Warszawa","2026-09-14T13:02:48.636464+00:00","https://fly.pl/oferta/grecja-wczasy/?filter[dest]=14:&filter[hotelids]=&filter[cityids]=&filter[cregids]=&filter[ofrType]=&filter[addObjType]=&filter[whenFrom]=14-09-2026&filter[whenTo]=14-10-2026&filter[duration]=7:10&filter[from]=&filter[person]=2&filter[child]=1&filter[price]=4000:20000&filter[PriceFrom]=4000&filter[PriceTo]=20000&filter[addCategory]=50&filter[addCatering]=1&filter[addMisc]=0&filter[addTransport]=F&filter[fp]=1&order_by=ofr_price&filter[tourOperator]=0&filter[childAge][1]=20201210","https://fly.pl/cdn/photo/assets/uploads/582/278/2015/04/Hotel-Panorama.jpg","https://fly.pl/wycieczka/grecja,kreta-zachodnia,kato-galatas/panorama-kato-galatas/pw60R360oA36DX02RjrOeYAAoghkqiZ47QvDfheD4q-OW3yuvQxvKR6pkcpCf3WEUnK3gqBE9OSE8w_eCf1QZIzFZQAViCBGADagJBSXIiHBGeExuQ1QEYtDWrBJKnAbkEsgYB36K_AwESYwEAYwECDC-Kzec/ofertasv/?filter[tourOperator]=ONHO&filter%5Bperson%5D=2&filter%5BchildAge%5D%5B1%5D=20201210&filter%5Bchild%5D=1"
"Bella Beach","11119.0","30.09.2026 - 07.10.2026","8 dni/7 nocy","","4.2","4.2","1964","tripadvisor","Wrocław","2026-09-14T13:02:48.636464+00:00","https://fly.pl/oferta/grecja-wczasy/?filter[dest]=14:&filter[hotelids]=&filter[cityids]=&filter[cregids]=&filter[ofrType]=&filter[addObjType]=&filter[whenFrom]=14-09-2026&filter[whenTo]=14-10-2026&filter[duration]=7:10&filter[from]=&filter[person]=2&filter[child]=1&filter[price]=4000:20000&filter[PriceFrom]=4000&filter[PriceTo]=20000&filter[addCategory]=50&filter[addCatering]=1&filter[addMisc]=0&filter[addTransport]=F&filter[fp]=1&order_by=ofr_price&filter[tourOperator]=0&filter[childAge][1]=20201210","https://fly.pl/cdn/photo/assets/uploads/582/278/2014/07/Bella-Beach.jpg","https://fly.pl/wycieczka/grecja,kreta-wschodnia,anissaras/bella-beach/paTv01Soi-uqYY6QMfO_6fAAogkHSHLg7wh-weYgiHfOCLHZjRqKosPIi8O69XatQ0qysqBFJOQlcw_eCf1QZI71ZQQVjyAmACagRCd2NMag1BTExfSU5DTFVTSVZFahcyOTYsMzgwLDQ3Nyw0ODMsNDg0LDQ4NXI7nwGWAZ4BFQcXAFgICgZAwgcR2TgZhx9T7FBSABDACEzPFkuyfGEAHcjAQA-wAyDmwJEJDQACDGMBAgWMX7bi/ofertasv/?filter[tourOperator]=RNBW&filter%5Bperson%5D=2&filter%5BchildAge%5D%5B1%5D=20201210&filter%5Bchild%5D=1"
"Mitsis Ramira","11119.0","06.10.2026 - 14.10.2026","9 dni/7 nocy","","4.6","4.6","3836","tripadvisor","Katowice","2026-09-14T13:02:48.636464+00:00","https://fly.pl/oferta/grecja-wczasy/?filter[dest]=14:&filter[hotelids]=&filter[cityids]=&filter[cregids]=&filter[ofrType]=&filter[addObjType]=&filter[whenFrom]=14-09-2026&filter[whenTo]=14-10-2026&filter[duration]=7:10&filter[from]=&filter[person]=2&filter[child]=1&filter[price]=4000:20000&filter[PriceFrom]=4000&filter[PriceTo]=20000&filter[addCategory]=50&filter[addCatering]=1&filter[addMisc]=0&filter[addTransport]=F&filter[fp]=1&order_by=ofr_price&filter[tourOperator]=0&filter[childAge][1]=20201210","https://fly.pl/cdn/photo/assets/uploads/582/278/2014/09/Mitsis-Ramira-Beach-fly-pl.jpg","https://fly.pl/wycieczka/grecja,kos,psalidi/mitsis-ramira-beach/pWs6zarYN2sOAj7G6VjHm-AAogN3oEH-48z9BgjwOp7xmIlx7jE-Y5fLHDSfcNv5Piq_UqBEdSQ1Mw_eCf1QZI71ZQQViCBGADckAVCBcAWAdWAlwCHesBD5kCQMQCW6CAAVKhSFMAYdgDSwBepzABtNGNAQ2__MQIIABR_MON8qUBARJjAQJjAQILQm3opA/ofertasv/?filter[tourOperator]=GRCS&filter%5Bperson%5D=2&filter%5BchildAge%5D%5B1%5D=20201210&filter%5Bchild%5D=1"
"Atlantica Porto Bello Royal","11157.0","06.10.2026 - 14.10.2026","9 dni/7 nocy","","4.5","4.5","4777","tripadvisor","Katowice","2026-09-14T13:02:48.636464+00:00","https://fly.pl/oferta/grecja-wczasy/?filter[dest]=14:&filter[hotelids]=&filter[cityids]=&filter[cregids]=&filter[ofrType]=&filter[addObjType]=&filter[whenFrom]=14-09-2026&filter[whenTo]=14-10-2026&filter[duration]=7:10&filter[from]=&filter[person]=2&filter[child]=1&filter[price]=4000:20000&filter[PriceFrom]=4000&filter[PriceTo]=20000&filter[addCategory]=50&filter[addCatering]=1&filter[addMisc]=0&filter[addTransport]=F&filter[fp]=1&order_by=ofr_price&filter[tourOperator]=0&filter[childAge][1]=20201210","https://fly.pl/cdn/photo/assets/uploads/582/278/2015/04/Porto-Bello-Royal-fly-pl.jpg","https://fly.pl/wycieczka/grecja,kos,kardamena/porto-bello-royal/pTHDKFwzOMhk4MWOsyFA2_AAog_V5ZmyTCbAO9O-cnbqK6YtwhF4dDmLRjZxDz3c-VGYQqBFZJVFgw_eCf1QZIlVdQQViCBGACckAaABUHFwBcA1gFQI8DW7-DAVO_SFIAYdgDSwBepzBMgPk5DfPUmAkgAFH2peDxpQFPzukaXaCrgvoCAgxjAQILfExO9w/ofertasv/?filter[tourOperator]=VITX&filter%5Bperson%5D=2&filter%5BchildAge%5D%5B1%5D=20201210&filter%5Bchild%5D=1"
"Senseana Sea Side Resort & Spa (ex. Golden Star)","11167.0","06.10.2026 - 13.10.2026","8 dni/7 nocy","","4.5","4.5","599","tripadvisor","Warszawa","2026-09-14T13:02:48.636464+00:00","https://fly.pl/oferta/grecja-wczasy/?filter[dest]=14:&filter[hotelids]=&filter[cityids]=&filter[cregids]=&filter[ofrType]=&filter[addObjType]=&filter[whenFrom]=14-09-2026&filter[whenTo]=14-10-2026&filter[duration]=7:10&filter[from]=&filter[person]=2&filter[child]=1&filter[price]=4000:20000&filter[PriceFrom]=4000&filter[PriceTo]=20000&filter[addCategory]=50&filter[addCatering]=1&filter[addMisc]=0&filter[addTransport]=F&filter[fp]=1&order_by=ofr_price&filter[tourOperator]=0&filter[childAge][1]=20201210","https://fly.pl/cdn/photo/assets/uploads/582/278/2024/07/senseana-sea-side-resort-spa-ex-golden-star.jpg","https://fly.pl/wycieczka/grecja,kreta,analipsi/golden-star-analipsis-12/pXUpVDVevbJeOpQQNgpGfpAAogtMFDSdOP9F8pq04cX53qqbIgu41_KIhJ8O-biOa46ZIqBEVYSU0w_eCf1QZIn1dQAViCBGACagNBSStyIRwRwrYGqwSR4Tu5BBYb0NswGNueNQGE-M7oCAIAYwECDAkrrms/ofertasv/?filter[tourOperator]=EXIM&filter%5Bperson%5D=2&filter%5BchildAge%5D%5B1%5D=20201210&filter%5Bchild%5D=1"
"Stella Palace Aqua Park Resort","11279.0","07.10.2026 - 14.10.2026","8 dni/7 nocy","","4.4","4.4","3827","tripadvisor","Katowice","2026-09-14T13:02:48.636464+00:00","https://fly.pl/oferta/grecja-wczasy/?filter[dest]=14:&filter[hotelids]=&filter[cityids]=&filter[cregids]=&filter[ofrType]=&filter[addObjType]=&filter[whenFrom]=14-09-2026&filter[whenTo]=14-10-2026&filter[duration]=7:10&filter[from]=&filter[person]=2&filter[child]=1&filter[price]=4000:20000&filter[PriceFrom]=4000&filter[PriceTo]=20000&filter[addCategory]=50&filter[addCatering]=1&filter[addMisc]=0&filter[addTransport]=F&filter[fp]=1&order_by=ofr_price&filter[tourOperator]=0&filter[childAge][1]=20201210","https://fly.pl/cdn/photo/assets/uploads/582/278/2015/02/Stella-Palace-fly-pl.jpg","https://fly.pl/wycieczka/grecja,kreta-wschodnia,analipsis/stella-palace/pWQV_FoS3fBfq8aY6TL4XMAAogBxdCzFCvBtwu3zPZ-WGBrwAAAAACpgQAGKYEAAcAAAAqBFdFWlkw_eCf1QZIj1hQQViaBGADaglFbnRlciBBaXJqBDAyMDVqBDA2MDVyQJ4BkwGUAR8AHAECABYEFwIS1gQR-QUVLBjDAUDcdEyCL08AS9EiUAAbw_0EHcv7CyAWDfeEwgkBEmMBDGMBAgunui9w/ofertasv/?filter[tourOperator]=WEZY&filter%5Bperson%5D=2&filter%5BchildAge%5D%5B1%5D=20201210&filter%5Bchild%5D=1"
"Porto Platanias Village","11329.0","28.09.2026 - 05.10.2026","8 dni/7 nocy","","3.8","3.8","396","tripadvisor","Warszawa","2026-09-14T13:02:48.636464+00:00","https://fly.pl/oferta/grecja-wczasy/?filter[dest]=14:&filter[hotelids]=&filter[cityids]=&filter[cregids]=&filter[ofrType]=&filter[addObjType]=&filter[whenFrom]=14-09-2026&filter[whenTo]=14-10-2026&filter[duration]=7:10&filter[from]=&filter[person]=2&filter[child]=1&filter[price]=4000:20000&filter[PriceFrom]=4000&filter[PriceTo]=20000&filter[addCategory]=50&filter[addCatering]=1&filter[addMisc]=0&filter[addTransport]=F&filter[fp]=1&order_by=ofr_price&filter[tourOperator]=0&filter[childAge][1]=20201210","https://fly.pl/cdn/photo/assets/uploads/582/278/2018/03/Porto-Platanias-Village-fly-pl-14.jpg","https://fly.pl/wycieczka/grecja,kreta-zachodnia,platanias/porto-platanias-village/pdVr7xEcyt_jdRgOonAKIwAAogUWJeURGywsgyRtV2JnnS2pLEUgn6l0qoWDoTgvqbFmcqBEVDQ1gw_eCf1QZIwVhQAVjCAmACagJBSXIgHBH_T6sE6McXuQQqGMPEKRvJ6kEBh-XQ8wECAGMBAgvgiVTs/ofertasv/?filter[tourOperator]=ECCX&filter%5Bperson%5D=2&filter%5BchildAge%5D%5B1%5D=20201210&filter%5Bchild%5D=1"
"Apollonion Asterias Resort & Spa","11331.0","24.09.2026 - 01.10.2026","8 dni/7 nocy","","4.5","4.5","2690","tripadvisor","Warszawa","2026-09-14T13:02:48.636464+00:00","https://fly.pl/oferta/grecja-wczasy/?filter[dest]=14:&filter[hotelids]=&filter[cityids]=&filter[cregids]=&filter[ofrType]=&filter[addObjType]=&filter[whenFrom]=14-09-2026&filter[whenTo]=14-10-2026&filter[duration]=7:10&filter[from]=&filter[person]=2&filter[child]=1&filter[price]=4000:20000&filter[PriceFrom]=4000&filter[PriceTo]=20000&filter[addCategory]=50&filter[addCatering]=1&filter[addMisc]=0&filter[addTransport]=F&filter[fp]=1&order_by=ofr_price&filter[tourOperator]=0&filter[childAge][1]=20201210","https://datacfstatic.merlinx.pl/GRCS/IMG/EFLAPAS/dd9dfa168deb6b119dd9a5c34252fb990e15a6b56c075e127901cdf42fd662ba.webp","https://fly.pl/wycieczka/grecja,kefalonia,lixouri/apollonion-asterias-resort-spa-9/pFOKtxFJBBv_6G4s3SGu7fAAogWwVkidmiOkT2iJW3jkFnMW-dJZpoTu1e5LMymTKsgOMqBEdSQ1Mw_eCf1QZIw1hQQVjiAWADcj4VBxcAWAhWAlwCHYgDDw9AsQNStosBUwBb-wtej2Vh7UNLAAHb2ocBDdmuygggAFHYzrz7dAESYwECYwECC8Mh9VE/ofertasv/?filter[tourOperator]=GRCS&filter%5Bperson%5D=2&filter%5BchildAge%5D%5B1%5D=20201210&filter%5Bchild%5D=1"
"Mitsis Rodos Maris","11333.0","05.10.2026 - 12.10.2026","9 dni/7 nocy","","4.4","4.4","5794","tripadvisor","Wrocław","2026-09-14T13:02:48.636464+00:00","https://fly.pl/oferta/grecja-wczasy/?filter[dest]=14:&filter[hotelids]=&filter[cityids]=&filter[cregids]=&filter[ofrType]=&filter[addObjType]=&filter[whenFrom]=14-09-2026&filter[whenTo]=14-10-2026&filter[duration]=7:10&filter[from]=&filter[person]=2&filter[child]=1&filter[price]=4000:20000&filter[PriceFrom]=4000&filter[PriceTo]=20000&filter[addCategory]=50&filter[addCatering]=1&filter[addMisc]=0&filter[addTransport]=F&filter[fp]=1&order_by=ofr_price&filter[tourOperator]=0&filter[childAge][1]=20201210","https://fly.pl/cdn/photo/assets/uploads/582/278/2014/06/Hotel-Mitsis-Rodos-Maris.jpg","https://fly.pl/wycieczka/grecja,rodos,kiotari/mitsis-rodos-maris/pcF6BAjzAbaEN_MGJNX88FAAogEadqb4n6l4vLylSmVlesqU92int4ZV66IpvpGh-2oikqBEdSQ1Mw_eCf1QZIxVhQQVjqA2ADcj8VBxcBWAdWAlwCHY8CDxZAowRbhIABXrx8UpETUwBhuDVLAAHt8YABDbyT0QggAFHV8cTt3gEBEmMBAmMBAwv8ABeL/ofertasv/?filter[tourOperator]=GRCS&filter%5Bperson%5D=2&filter%5BchildAge%5D%5B1%5D=20201210&filter%5Bchild%5D=1"
"Akti Coast Club","11427.0","26.09.2026 - 03.10.2026","8 dni/7 nocy","","4.6","4.6","508","tripadvisor","Katowice","2026-09-14T13:02:48.636464+00:00","https://fly.pl/oferta/grecja-wczasy/?filter[dest]=14:&filter[hotelids]=&filter[cityids]=&filter[cregids]=&filter[ofrType]=&filter[addObjType]=&filter[whenFrom]=14-09-2026&filter[whenTo]=14-10-2026&filter[duration]=7:10&filter[from]=&filter[person]=2&filter[child]=1&filter[price]=4000:20000&filter[PriceFrom]=4000&filter[PriceTo]=20000&filter[addCategory]=50&filter[addCatering]=1&filter[addMisc]=0&filter[addTransport]=F&filter[fp]=1&order_by=ofr_price&filter[tourOperator]=0&filter[childAge][1]=20201210","https://fly.pl/cdn/photo/assets/uploads/582/278/2024/07/egeo-easy-living-resort-ex-atlantica-holiday-village-kos.jpg","https://fly.pl/wycieczka/grecja,kos,marmari/atlantica-holiday-village-kos-15/pEE3xrZxOXQj-7QiaIRRwJAAoggrVNPSfjLfcCIbxc7269nS1aeiYfCCoNqlzctiMJzNAqBFJOQlcwgeGf1QZIo1lQQViSAmACagRCd2NEag1BTExfSU5DTFVTSVZFahcyOTYsMzgwLDQ3Nyw0ODMsNDg0LDQ4NWoTNDA0LDQwNyw0MDgsNTIxLDUyOHI8nwGWAZ4BlAEVBxcAWAgKBEDEBxHuMRmFJRDKNlOIOlIATKACS7gBYQAd3uVBD2kgg5eRCQ0AAgxjAQILEZYepQ/ofertasv/?filter[tourOperator]=RNBW&filter%5Bperson%5D=2&filter%5BchildAge%5D%5B1%5D=20201210&filter%5Bchild%5D=1"
"Elios Hill","11457.0","30.09.2026 - 07.10.2026","8 dni/7 nocy","","4.8","4.8","1022","tripadvisor","Katowice","2026-09-14T13:02:48.636464+00:00","https://fly.pl/oferta/grecja-wczasy/?filter[dest]=14:&filter[hotelids]=&filter[cityids]=&filter[cregids]=&filter[ofrType]=&filter[addObjType]=&filter[whenFrom]=14-09-2026&filter[whenTo]=14-10-2026&filter[duration]=7:10&filter[from]=&filter[person]=2&filter[child]=1&filter[price]=4000:20000&filter[PriceFrom]=4000&filter[PriceTo]=20000&filter[addCategory]=50&filter[addCatering]=1&filter[addMisc]=0&filter[addTransport]=F&filter[fp]=1&order_by=ofr_price&filter[tourOperator]=0&filter[childAge][1]=20201210","https://datacfstatic.merlinx.pl/ITAK/IMG/HERELII/11d97a26cb071a16efdd01b37549bd63bf490bae0d0435a468d3fa3ecf2ce2a8.webp","https://fly.pl/wycieczka/grecja,kreta-wschodnia,hersonissos/elios-hill-15/pq11gOrOPTw4-PJqCTPPL_AAogohmQN-n1oiGMTHpL2Fyc2PItLA4jFfED9OGQAGBJtSEqBFZJVFgwgeGf1QZIwVlQQVjyAmACckAaABUHFwBcA1gFQI8DW5eFAVPuJ1IAYdEiSwBepzBMgPk5DafUmAkgAFGo_riNjQFP6N8RXZyDqt4bAgxjAQILZfDsfA/ofertasv/?filter[tourOperator]=VITX&filter%5Bperson%5D=2&filter%5BchildAge%5D%5B1%5D=20201210&filter%5Bchild%5D=1"
"Kiani Beach","11502.0","04.10.2026 - 11.10.2026","8 dni/7 nocy","","4.5","4.5","5357","tripadvisor","Wrocław","2026-09-14T13:02:48.636464+00:00","https://fly.pl/oferta/grecja-wczasy/?filter[dest]=14:&filter[hotelids]=&filter[cityids]=&filter[cregids]=&filter[ofrType]=&filter[addObjType]=&filter[whenFrom]=14-09-2026&filter[whenTo]=14-10-2026&filter[duration]=7:10&filter[from]=&filter[person]=2&filter[child]=1&filter[price]=4000:20000&filter[PriceFrom]=4000&filter[PriceTo]=20000&filter[addCategory]=50&filter[addCatering]=1&filter[addMisc]=0&filter[addTransport]=F&filter[fp]=1&order_by=ofr_price&filter[tourOperator]=0&filter[childAge][1]=20201210","https://fly.pl/cdn/photo/assets/uploads/582/278/2009/01/Kiani-Beach-Resort.jpg","https://fly.pl/wycieczka/grecja,kreta-zachodnia,kiani-akti/kiani-beach/pUnG2gHsb-_U6qEWf6eTd4AAognWsglmddeCIwqpur6iUpw_k7CFlJIoeTjQ_jBL-ZGugqBFJOQlcwgeGf1QZI7llQQVjSA2ACagRCd2NEag1BTExfSU5DTFVTSVZFahoxNiwyOTYsMzgwLDQ3Nyw0ODMsNDg0LDQ4NXI6nwGWAZ4BFQcXAFgICgQRzANA-AMQ_iwZ5SpThB9SAEygVEuGeWEAD7fDQB1TIJ7BkQkNAAIMYwECCwtFfBk/ofertasv/?filter[tourOperator]=RNBW&filter%5Bperson%5D=2&filter%5BchildAge%5D%5B1%5D=20201210&filter%5Bchild%5D=1"
"Rethymno Mare & Water Park (Rethymno)","11537.0","05.10.2026 - 12.10.2026","8 dni/7 nocy","","","","","","Warszawa","2026-09-14T13:02:48.636464+00:00","https://fly.pl/oferta/grecja-wczasy/?filter[dest]=14:&filter[hotelids]=&filter[cityids]=&filter[cregids]=&filter[ofrType]=&filter[addObjType]=&filter[whenFrom]=14-09-2026&filter[whenTo]=14-10-2026&filter[duration]=7:10&filter[from]=&filter[person]=2&filter[child]=1&filter[price]=4000:20000&filter[PriceFrom]=4000&filter[PriceTo]=20000&filter[addCategory]=50&filter[addCatering]=1&filter[addMisc]=0&filter[addTransport]=F&filter[fp]=1&order_by=ofr_price&filter[tourOperator]=0&filter[childAge][1]=20201210","https://datacfstatic.merlinx.pl/EXIM/IMG/103348/e7b4a733c33b44b22d3c150859dbebe61dc1aeef39ca74ab1fa3df8d1e54be7d.webp","https://fly.pl/wycieczka/grecja,kreta-zachodnia,scaleta/rethymno-mare-water-park-rethymno-15/p1n6awN22pDaqiv_tNtPkHAAog6xvAp75FUI9_mWwYS5cl_ucIuXXrCrDSZuw24eyFBNIqBEVYSU0wgeGf1QZIkVpQAVjqA2ACagJBSXIhHBG0pwarBJD1O7kEFhup9C4Yt_c1AZe9hd4IAgBjAQIMnfPKkw/ofertasv/?filter[tourOperator]=EXIM&filter%5Bperson%5D=2&filter%5BchildAge%5D%5B1%5D=20201210&filter%5Bchild%5D=1"
"Domes Aulus Zante Autograph Collection","11617.0","05.10.2026 - 12.10.2026","8 dni/7 nocy","","4.5","4.5","1619","tripadvisor","Warszawa - Modlin","2026-09-14T13:02:48.636464+00:00","https://fly.pl/oferta/grecja-wczasy/?filter[dest]=14:&filter[hotelids]=&filter[cityids]=&filter[cregids]=&filter[ofrType]=&filter[addObjType]=&filter[whenFrom]=14-09-2026&filter[whenTo]=14-10-2026&filter[duration]=7:10&filter[from]=&filter[person]=2&filter[child]=1&filter[price]=4000:20000&filter[PriceFrom]=4000&filter[PriceTo]=20000&filter[addCategory]=50&filter[addCatering]=1&filter[addMisc]=0&filter[addTransport]=F&filter[fp]=1&order_by=ofr_price&filter[tourOperator]=0&filter[childAge][1]=20201210","https://fly.pl/cdn/photo/assets/uploads/582/278/2015/04/Domes-Aulus-Zante-Autograph-Collection.jpg","https://fly.pl/wycieczka/grecja,zakynthos,laganas/louis-zante-beach/p7vI8YnIGXe9nm1dDvRFmpAAogvCf6Bw_H9q0oflX2Pk1jBLcuNVpQNKpGV4LJNak8M1IqBEVYSU0wgeGf1QZI4VpQAVjqA2ACagJBSXIhHBGJxQarBNfBQLkEFRuRrjcYpZo7Ae7Y4ZgLAgBjAQILG6xdMw/ofertasv/?filter[tourOperator]=EXIM&filter%5Bperson%5D=2&filter%5BchildAge%5D%5B1%5D=20201210&filter%5Bchild%5D=1"
"Ostria Beach Resort & Spa","11657.0","30.09.2026 - 07.10.2026","8 dni/7 nocy","","4.6","4.6","5736","tripadvisor","Katowice","2026-09-14T13:02:48.636464+00:00","https://fly.pl/oferta/grecja-wczasy/?filter[dest]=14:&filter[hotelids]=&filter[cityids]=&filter[cregids]=&filter[ofrType]=&filter[addObjType]=&filter[whenFrom]=14-09-2026&filter[whenTo]=14-10-2026&filter[duration]=7:10&filter[from]=&filter[person]=2&filter[child]=1&filter[price]=4000:20000&filter[PriceFrom]=4000&filter[PriceTo]=20000&filter[addCategory]=50&filter[addCatering]=1&filter[addMisc]=0&filter[addTransport]=F&filter[fp]=1&order_by=ofr_price&filter[tourOperator]=0&filter[childAge][1]=20201210","https://fly.pl/cdn/photo/assets/uploads/582/278/2008/12/Ostria-Beach2949.jpg","https://fly.pl/wycieczka/grecja,kreta-wschodnia,ierapetra/ostria-beach/puW0vZXQGBrKmGcSHtNlErAAogO6R3NGJL_MIuvMhUF0wYvfItLA4jFfED9OGQAGBJtSEqBFZJVFgwgeGf1QZIiVtQQVjyAmACckAaABUHFwBcA1gFQI8DW6eGAVPeJlIAYdEiSwBepzBMgPk5DafUmAkgAE-Q3sqNjQFRnacLXf_bnt4bAg1jAQIMTlZ5pA/ofertasv/?filter[tourOperator]=VITX&filter%5Bperson%5D=2&filter%5BchildAge%5D%5B1%5D=20201210&filter%5Bchild%5D=1"
"Pegasos Beach (Faliraki)","11657.0","28.09.2026 - 05.10.2026","8 dni/7 nocy","","4.5","4.5","3256","tripadvisor","Katowice","2026-09-14T13:02:48.636464+00:00","https://fly.pl/oferta/grecja-wczasy/?filter[dest]=14:&filter[hotelids]=&filter[cityids]=&filter[cregids]=&filter[ofrType]=&filter[addObjType]=&filter[whenFrom]=14-09-2026&filter[whenTo]=14-10-2026&filter[duration]=7:10&filter[from]=&filter[person]=2&filter[child]=1&filter[price]=4000:20000&filter[PriceFrom]=4000&filter[PriceTo]=20000&filter[addCategory]=50&filter[addCatering]=1&filter[addMisc]=0&filter[addTransport]=F&filter[fp]=1&order_by=ofr_price&filter[tourOperator]=0&filter[childAge][1]=20201210","https://fly.pl/cdn/photo/assets/uploads/582/278/2015/04/Pegasos-Deluxe-Beach-Hotel.jpg","https://fly.pl/wycieczka/grecja,rodos,faliraki/pegasos-beach-faliraki/pGMWzJJN9y5VcsKp4j3vAmAAogMK-Kh2dMcl6VWPdREmH-UOsGEB6vGe0sL9iUVisX8IsqBFZJVFgwgeGf1QZIiVtQQVjCAmACckAaABUHFwBcA1gFQI8DW6eGAWGvSUsAXqcwUpETUwBM7-U5DaXUmAkgAF3xu5HsqAFPoPSfgTZRmoINAg1jAQIMhpV4Hw/ofertasv/?filter[tourOperator]=VITX&filter%5Bperson%5D=2&filter%5BchildAge%5D%5B1%5D=20201210&filter%5Bchild%5D=1"
"Serita Beach","11713.0","30.09.2026 - 07.10.2026","8 dni/7 nocy","","4.6","4.6","282","tripadvisor","Wrocław","2026-09-14T13:02:48.636464+00:00","https://fly.pl/oferta/grecja-wczasy/?filter[dest]=14:&filter[hotelids]=&filter[cityids]=&filter[cregids]=&filter[ofrType]=&filter[addObjType]=&filter[whenFrom]=14-09-2026&filter[whenTo]=14-10-2026&filter[duration]=7:10&filter[from]=&filter[person]=2&filter[child]=1&filter[price]=4000:20000&filter[PriceFrom]=4000&filter[PriceTo]=20000&filter[addCategory]=50&filter[addCatering]=1&filter[addMisc]=0&filter[addTransport]=F&filter[fp]=1&order_by=ofr_price&filter[tourOperator]=0&filter[childAge][1]=20201210","https://fly.pl/cdn/photo/assets/uploads/582/278/2015/04/Serita-Beach.jpg","https://fly.pl/wycieczka/grecja,kreta-wschodnia,anissaras/mitsis-serita-beach/pbiPOwOFgNLOzMUUuGei73AAogsAiU-GARdnmunk9NLDTd1JjRqKosPIi8O69XatQ0qysqBFJOQlcwgeGf1QZIwVtQQVjyAmACagRCd2NEag1BTExfSU5DTFVTSVZFahcyOTYsMzgwLDQ3Nyw0ODMsNDg0LDQ4NXI7nwGWAZ4BFQcXAFgICgRAxAcR8TcZ7x9T7FBSABDVBEy6GkuyfGEAHcjAQA-wAyDmwJEJDQACDGMBAgvw0og_/ofertasv/?filter[tourOperator]=RNBW&filter%5Bperson%5D=2&filter%5BchildAge%5D%5B1%5D=20201210&filter%5Bchild%5D=1"
"Grecotel LuxMe Costa Botanica (ex. Gelina Village)","11696.0","03.10.2026 - 10.10.2026","8 dni/6 nocy","","4.3","4.3","695","tripadvisor","Kraków","2026-09-14T13:02:48.636464+00:00","https://fly.pl/oferta/grecja-wczasy/?filter[dest]=14:&filter[hotelids]=&filter[cityids]=&filter[cregids]=&filter[ofrType]=&filter[addObjType]=&filter[whenFrom]=14-09-2026&filter[whenTo]=14-10-2026&filter[duration]=7:10&filter[from]=&filter[person]=2&filter[child]=1&filter[price]=4000:20000&filter[PriceFrom]=4000&filter[PriceTo]=20000&filter[addCategory]=50&filter[addCatering]=1&filter[addMisc]=0&filter[addTransport]=F&filter[fp]=1&order_by=ofr_price&filter[tourOperator]=0&filter[childAge][1]=20201210","https://fly.pl/cdn/photo/assets/uploads/582/278/2014/06/GRECOTEL-COSTA-BOTANICA.jpg","https://fly.pl/wycieczka/grecja,korfu,acharavi/gelina-village/XTOPf5149aX_wYAAHNOYVBwWQG0AQA4CDsHCpABCgYIuoMLEAESBgi7qQ0QARp-TVBVVzJHRjIzTjFWNkpNVzVLSUdTOUdCMVBESFJTTEM5QUVXWjNYSE5NMTNWWkRJUExUVzFXQzdHUkxEQ1AwWTRRNjZaRlpaU1hLVjM5MERGTFVWM003T1RGMDAwTU5UMThUR1dISUcwNE84T1BaMVhXMkxSTjhUM0Y3OTlWCn8KBgjazAoQAhIGCNv9NhABGm1PNTQ1NDRkNTMyZjQxNGQ1NDUzNDc1MjMwNGQ0ZTQ3MmY1MjRkMzAzMDMwMzAzMDMwNDIzMDJmNDE0OTJmMzYyZjMyMzAzMjM2MzEzMDMwMzMyZjMwMzEzMjMzMzQzNTM2MzczODM5MzAzMTMyCiMKBgignAEQARIGCNC-ARABGhFEU1JULTExMi1UUkFOU0ZFUgogCgUIzDoQARIFCPNGEAEaEERTUk0tMTEyLTJyMjMwNzQKIQoFCMA-EAESBQjQSxABGhFEU1JNLTExMi01MHIyMzA3NQoiCgUI8C4QARIFCJg5EAEaEkRTUlUtMTEyLVViZXpiYXNpYxhwKGEyBgjBsUcQATgD/ofertasv/?filter[tourOperator]=XTOP&filter%5Bperson%5D=2&filter%5BchildAge%5D%5B1%5D=20201210&filter%5Bchild%5D=1"
"Sea Coast Halkidiki","11737.0","26.09.2026 - 03.10.2026","9 dni/7 nocy","","","","","","Poznań","2026-09-14T13:02:48.636464+00:00","https://fly.pl/oferta/grecja-wczasy/?filter[dest]=14:&filter[hotelids]=&filter[cityids]=&filter[cregids]=&filter[ofrType]=&filter[addObjType]=&filter[whenFrom]=14-09-2026&filter[whenTo]=14-10-2026&filter[duration]=7:10&filter[from]=&filter[person]=2&filter[child]=1&filter[price]=4000:20000&filter[PriceFrom]=4000&filter[PriceTo]=20000&filter[addCategory]=50&filter[addCatering]=1&filter[addMisc]=0&filter[addTransport]=F&filter[fp]=1&order_by=ofr_price&filter[tourOperator]=0&filter[childAge][1]=20201210","https://datacfstatic.merlinx.pl/OASI/IMG/23665/e797aa69eefa812e7b5d1fd5e3caad70dbb6ddaa106cb959a18e728a9ae1e13d.webp","https://fly.pl/wycieczka/grecja,chalkidiki,gerakini/sea-coast-halkidiki-11/p8O6JjTOcQeDiwOso6C_XOAAogTHWcIP8UXgB91UvrkO_pprQXeQtJ6J3g2QCeKBe9CQYqBE9BU0kwgeGf1QZI2VtQAViSAmACagNBSWxyIRwR8bgBqwS7sw25BAMb3O4LGKKnDwGOvdzuAQIAYwECBRwAZfw/ofertasv/?filter[tourOperator]=OASI&filter%5Bperson%5D=2&filter%5BchildAge%5D%5B1%5D=20201210&filter%5Bchild%5D=1"
"Mythos Beach Resort","11840.0","02.10.2026 - 09.10.2026","8 dni/7 nocy","","","","","","Katowice","2026-09-14T13:02:48.636464+00:00","https://fly.pl/oferta/grecja-wczasy/?filter[dest]=14:&filter[hotelids]=&filter[cityids]=&filter[cregids]=&filter[ofrType]=&filter[addObjType]=&filter[whenFrom]=14-09-2026&filter[whenTo]=14-10-2026&filter[duration]=7:10&filter[from]=&filter[person]=2&filter[child]=1&filter[price]=4000:20000&filter[PriceFrom]=4000&filter[PriceTo]=20000&filter[addCategory]=50&filter[addCatering]=1&filter[addMisc]=0&filter[addTransport]=F&filter[fp]=1&order_by=ofr_price&filter[tourOperator]=0&filter[childAge][1]=20201210","https://datacfstatic.merlinx.pl/GRCS/IMG/RHOMYBE/668a217f19e766a69f46737d6bb5ff22f1210786788b9811ae24732fca942361.webp","https://fly.pl/wycieczka/grecja,rodos,afandu/mythos-beach-resort-10/pCzJ5jooStIcEWseMdODbrAAogU28AO3W2dDs2ijCUozIHUJ3l86o_X1m9AxsR6t9H0GYqBEdSQ1MwgeGf1QZIwFxQQViiA2ADcj8XBxUAXANYBVYCHawCDxxAggRbloABYYNMSwBepzBSkRNTAAGstIIBDbKG0AggAFGwtbft3gEBEmMBAmMBAguUlcaO/ofertasv/?filter[tourOperator]=GRCS&filter%5Bperson%5D=2&filter%5BchildAge%5D%5B1%5D=20201210&filter%5Bchild%5D=1"
"Rethymno Mare Royal & Water Park (ex. Bomo)","11938.0","27.09.2026 - 04.10.2026","8 dni/7 nocy","","4.1","4.1","429","tripadvisor","Katowice","2026-09-14T13:02:48.636464+00:00","https://fly.pl/oferta/grecja-wczasy/?filter[dest]=14:&filter[hotelids]=&filter[cityids]=&filter[cregids]=&filter[ofrType]=&filter[addObjType]=&filter[whenFrom]=14-09-2026&filter[whenTo]=14-10-2026&filter[duration]=7:10&filter[from]=&filter[person]=2&filter[child]=1&filter[price]=4000:20000&filter[PriceFrom]=4000&filter[PriceTo]=20000&filter[addCategory]=50&filter[addCatering]=1&filter[addMisc]=0&filter[addTransport]=F&filter[fp]=1&order_by=ofr_price&filter[tourOperator]=0&filter[childAge][1]=20201210","https://fly.pl/cdn/photo/assets/uploads/582/278/2015/04/Rethymno-Mare-Royal-fly-pl.jpg","https://fly.pl/wycieczka/grecja,kreta-zachodnia,scaleta/rethymno-mare-royal/ppEv5zOWctPGLt2B2_2NB2AAogDtY9Zg9nOjSJ7_hjA0ZVJkG2W3mFVE1D1lOEWNzCub8qBFJOQlcwgeGf1QZIol1QQViqAmACagRCd2NEag1BTExfSU5DTFVTSVZFahcyOTYsMzgwLDQ3Nyw0ODMsNDg0LDQ4NWoTNDA0LDQwNyw0MDgsNTIxLDUyOHI7nwGWAZ4BlAEVBxcAWAgKBEDEBxHDGxmgPFOEH1IAELMVTO0-SxZhAA-DwEEdJSCjvZEJDQACDGMBAgsI0-Ok/ofertasv/?filter[tourOperator]=RNBW&filter%5Bperson%5D=2&filter%5BchildAge%5D%5B1%5D=20201210&filter%5Bchild%5D=1"
"Mitsis Rodos Village","12080.0","28.09.2026 - 05.10.2026","8 dni/7 nocy","","4.2","4.2","5377","tripadvisor","Katowice","2026-09-14T13:02:48.636464+00:00","https://fly.pl/oferta/grecja-wczasy/?filter[dest]=14:&filter[hotelids]=&filter[cityids]=&filter[cregids]=&filter[ofrType]=&filter[addObjType]=&filter[whenFrom]=14-09-2026&filter[whenTo]=14-10-2026&filter[duration]=7:10&filter[from]=&filter[person]=2&filter[child]=1&filter[price]=4000:20000&filter[PriceFrom]=4000&filter[PriceTo]=20000&filter[addCategory]=50&filter[addCatering]=1&filter[addMisc]=0&filter[addTransport]=F&filter[fp]=1&order_by=ofr_price&filter[tourOperator]=0&filter[childAge][1]=20201210","https://fly.pl/cdn/photo/assets/uploads/582/278/2015/01/Hotel-Mitsis-Rodos-Village.jpg","https://fly.pl/wycieczka/grecja,rodos,kiotari/mitsis-rodos-village/pOuf1DFJb6ipW2dFSecocCAAogYWX2zs45jdXHrLQ1wbXMqFttb2FXStjIHDjJPXZ0E7kqBEdSQ1MwgeGf1QZIsF5QQVjCAmADckAVBxcAWAhWAlwCD7sEQI0CHXlhl54BS4ktXqcwUpETUwBb5Q0Bz46CAQ3gndAIIABR7vTE7d4BARJjAQJjAQMLI4FH3w/ofertasv/?filter[tourOperator]=GRCS&filter%5Bperson%5D=2&filter%5BchildAge%5D%5B1%5D=20201210&filter%5Bchild%5D=1"
"Blue Marine Resort & SPA","12097.0","29.09.2026 - 06.10.2026","8 dni/7 nocy","","4.3","4.3","2272","tripadvisor","Katowice","2026-09-14T13:02:48.636464+00:00","https://fly.pl/oferta/grecja-wczasy/?filter[dest]=14:&filter[hotelids]=&filter[cityids]=&filter[cregids]=&filter[ofrType]=&filter[addObjType]=&filter[whenFrom]=14-09-2026&filter[whenTo]=14-10-2026&filter[duration]=7:10&filter[from]=&filter[person]=2&filter[child]=1&filter[price]=4000:20000&filter[PriceFrom]=4000&filter[PriceTo]=20000&filter[addCategory]=50&filter[addCatering]=1&filter[addMisc]=0&filter[addTransport]=F&filter[fp]=1&order_by=ofr_price&filter[tourOperator]=0&filter[childAge][1]=20201210","https://fly.pl/cdn/photo/assets/uploads/582/278/2015/04/Blue-Marine-Resort-SPA.jpg","https://fly.pl/wycieczka/grecja,kreta-wschodnia,agios-nikolaos/blue-marine-resort-spa/pGTzF6KPrYl31wZlEh7qUYAAogYzSEVBw9pg-7kkOHSiZC6Ga8qCHOcik-4rPiSsYvgUQqBEJWQkUwgeGf1QZIwV5QAVjaAmACagJBSXIhHBHCgAEbwr49GO3fEasE0eEouQQsAYfqveUCAgBjAQILmA5MTw/ofertasv/?filter[tourOperator]=BVBE&filter%5Bperson%5D=2&filter%5BchildAge%5D%5B1%5D=20201210&filter%5Bchild%5D=1"
"Kipriotis Panorama & Suites","12144.0","19.09.2026 - 26.09.2026","8 dni/7 nocy","","4.1","4.1","3372","tripadvisor","Warszawa","2026-09-14T13:02:48.636464+00:00","https://fly.pl/oferta/grecja-wczasy/?filter[dest]=14:&filter[hotelids]=&filter[cityids]=&filter[cregids]=&filter[ofrType]=&filter[addObjType]=&filter[whenFrom]=14-09-2026&filter[whenTo]=14-10-2026&filter[duration]=7:10&filter[from]=&filter[person]=2&filter[child]=1&filter[price]=4000:20000&filter[PriceFrom]=4000&filter[PriceTo]=20000&filter[addCategory]=50&filter[addCatering]=1&filter[addMisc]=0&filter[addTransport]=F&filter[fp]=1&order_by=ofr_price&filter[tourOperator]=0&filter[childAge][1]=20201210","https://fly.pl/cdn/photo/assets/uploads/582/278/2016/11/Kipriotis-Panorama-Suites-fly-pl.jpg","https://fly.pl/wycieczka/grecja,kos,psalidi/kipriotis-panorama-suites/pHrWSzegtS7UKMOc30to51AAog4Jd16zBKMmv7oaDj8Gd0yhfYaKcIFnKzWLlJdC2fkzIqBFJOQlcwgeGf1QZI8F5QQVhqYAJqBEJ3Y0RqDUFMTF9JTkNMVVNJVkVqFzI5NiwzODAsNDc3LDQ4Myw0ODQsNDg1ahM0MDIsNDAzLDQwNiw0MTcsNDczcjyfAZYBngGUARUHFwBYCAoEQMQHEYAaEMgjGasZU9JwUgBMoAJLzHVhAB3I7UAPZyCAm5EJDQACDGMBAgt7SLqL/ofertasv/?filter[tourOperator]=RNBW&filter%5Bperson%5D=2&filter%5BchildAge%5D%5B1%5D=20201210&filter%5Bchild%5D=1"
"Ramada Athens Attica Riviera (ex Aquamarina)","12183.0","07.10.2026 - 14.10.2026","8 dni/7 nocy","","4.3","4.3","367","tripadvisor","Katowice","2026-09-14T13:02:48.636464+00:00","https://fly.pl/oferta/grecja-wczasy/?filter[dest]=14:&filter[hotelids]=&filter[cityids]=&filter[cregids]=&filter[ofrType]=&filter[addObjType]=&filter[whenFrom]=14-09-2026&filter[whenTo]=14-10-2026&filter[duration]=7:10&filter[from]=&filter[person]=2&filter[child]=1&filter[price]=4000:20000&filter[PriceFrom]=4000&filter[PriceTo]=20000&filter[addCategory]=50&filter[addCatering]=1&filter[addMisc]=0&filter[addTransport]=F&filter[fp]=1&order_by=ofr_price&filter[tourOperator]=0&filter[childAge][1]=20201210","https://fly.pl/cdn/photo/assets/uploads/582/278/2015/02/Aquamarina-Mati-fly-pl.jpg","https://fly.pl/wycieczka/grecja,attyka,mati/aquis-aquamarina-mati/p3-LOc7bLCcIYn7SRpGSraAAogmT_QIiIWmAtZVdmJNtu5VT0o2Ft4Z2C5LACh2uqlxqoqBEJWQkUwgeGf1QZIl19QAViaBGACagJBSXIhHBGF6AEbnfdAGPWGFbkE5q4nqwQfAe2z9dgDAhJjAQILVJ25tg/ofertasv/?filter[tourOperator]=BVBE&filter%5Bperson%5D=2&filter%5BchildAge%5D%5B1%5D=20201210&filter%5Bchild%5D=1"
"Mitsis Norida","12330.0","06.10.2026 - 14.10.2026","9 dni/7 nocy","","4.3","4.3","3831","tripadvisor","Katowice","2026-09-14T13:02:48.636464+00:00","https://fly.pl/oferta/grecja-wczasy/?filter[dest]=14:&filter[hotelids]=&filter[cityids]=&filter[cregids]=&filter[ofrType]=&filter[addObjType]=&filter[whenFrom]=14-09-2026&filter[whenTo]=14-10-2026&filter[duration]=7:10&filter[from]=&filter[person]=2&filter[child]=1&filter[price]=4000:20000&filter[PriceFrom]=4000&filter[PriceTo]=20000&filter[addCategory]=50&filter[addCatering]=1&filter[addMisc]=0&filter[addTransport]=F&filter[fp]=1&order_by=ofr_price&filter[tourOperator]=0&filter[childAge][1]=20201210","https://fly.pl/cdn/photo/assets/uploads/582/278/2014/09/Mitsis-Norida.jpg","https://fly.pl/wycieczka/grecja,kos,kardamaina/mitsis-norida-beach/pyQuMhtzfHEJCKSZL05TmGAAogEvf2nUJEgi5DrGw08I5sGR7jE-Y5fLHDSfcNv5Piq_UqBEdSQ1MwgeGf1QZIqmBQQViCBGADckAVCBcAWAdWAlwCHesBD5kCQMQCW-aFAVLbQlMAYdgDSwBepzABstGNAQ3B_MQIIABRkKGD8qUBARJjAQJjAQML3VAXgQ/ofertasv/?filter[tourOperator]=GRCS&filter%5Bperson%5D=2&filter%5BchildAge%5D%5B1%5D=20201210&filter%5Bchild%5D=1"
"Alia Palace","12407.0","07.10.2026 - 14.10.2026","9 dni/7 nocy","","4.1","4.1","1245","tripadvisor","Poznań","2026-09-14T13:02:48.636464+00:00","https://fly.pl/oferta/grecja-wczasy/?filter[dest]=14:&filter[hotelids]=&filter[cityids]=&filter[cregids]=&filter[ofrType]=&filter[addObjType]=&filter[whenFrom]=14-09-2026&filter[whenTo]=14-10-2026&filter[duration]=7:10&filter[from]=&filter[person]=2&filter[child]=1&filter[price]=4000:20000&filter[PriceFrom]=4000&filter[PriceTo]=20000&filter[addCategory]=50&filter[addCatering]=1&filter[addMisc]=0&filter[addTransport]=F&filter[fp]=1&order_by=ofr_price&filter[tourOperator]=0&filter[childAge][1]=20201210","https://fly.pl/cdn/photo/assets/uploads/582/278/2015/06/Alia-Palace-fly-pl.jpg","https://fly.pl/wycieczka/grecja,chalkidiki,pefkohori/alia-palace-2/pJFu098QIo9nhwJesn9GxjAAogycuCnLO2Ec4Um5x5az4rKiHeqixG8lPiNazc1PAtYg8qBEVYSU0wgeGf1QZI92BQAViaBGABagJBSXIeHBHAywarBPWCQbkEHhvL8TkY0ts-AeOxspILAwBjlxcqqA/ofertasv/?filter[tourOperator]=EXIM&filter%5Bperson%5D=2&filter%5BchildAge%5D%5B1%5D=20201210&filter%5Bchild%5D=1"
"Blue Lagoon Princess","12460.0","05.10.2026 - 12.10.2026","8 dni/7 nocy","","4.2","4.2","1608","tripadvisor","Warszawa","2026-09-14T13:02:48.636464+00:00","https://fly.pl/oferta/grecja-wczasy/?filter[dest]=14:&filter[hotelids]=&filter[cityids]=&filter[cregids]=&filter[ofrType]=&filter[addObjType]=&filter[whenFrom]=14-09-2026&filter[whenTo]=14-10-2026&filter[duration]=7:10&filter[from]=&filter[person]=2&filter[child]=1&filter[price]=4000:20000&filter[PriceFrom]=4000&filter[PriceTo]=20000&filter[addCategory]=50&filter[addCatering]=1&filter[addMisc]=0&filter[addTransport]=F&filter[fp]=1&order_by=ofr_price&filter[tourOperator]=0&filter[childAge][1]=20201210","https://fly.pl/cdn/photo/assets/uploads/582/278/2015/06/Blue-Lagoon-Princess-1.jpg","https://fly.pl/wycieczka/grecja,chalkidiki,kalives-poligirou/blue-lagoon-princess/pQN8XxAivQc10C3kOe7gDjAAogoJrX2U1Yi1FnivyBP2-5WhzIzQzXuZgZAvl7Lcv--z8qBEJWUFIwgeGf1QZIrGFQAVjqA2ACag1BbGwgaW5jbHVzaXZlciEcEaxJG-qXBBimpA2rBISIFbkE4AEBoqmRwAECAGMBAgxPXKiY/ofertasv/?filter[tourOperator]=BVPR&filter%5Bperson%5D=2&filter%5BchildAge%5D%5B1%5D=20201210&filter%5Bchild%5D=1"
"Lyttos Beach","12494.0","02.10.2026 - 09.10.2026","8 dni/7 nocy","","4.7","4.7","3129","tripadvisor","Kraków","2026-09-14T13:02:48.636464+00:00","https://fly.pl/oferta/grecja-wczasy/?filter[dest]=14:&filter[hotelids]=&filter[cityids]=&filter[cregids]=&filter[ofrType]=&filter[addObjType]=&filter[whenFrom]=14-09-2026&filter[whenTo]=14-10-2026&filter[duration]=7:10&filter[from]=&filter[person]=2&filter[child]=1&filter[price]=4000:20000&filter[PriceFrom]=4000&filter[PriceTo]=20000&filter[addCategory]=50&filter[addCatering]=1&filter[addMisc]=0&filter[addTransport]=F&filter[fp]=1&order_by=ofr_price&filter[tourOperator]=0&filter[childAge][1]=20201210","https://fly.pl/cdn/photo/assets/uploads/582/278/2014/08/Lyttos-Beach-fly-pl-1.jpg","https://fly.pl/wycieczka/grecja,kreta-wschodnia,analipsis/lyttos-beach/p9D6ONZM0FFBs-pB-B1hirAAogViOHJCbyeqdXrx1dQfdSljsCa4Wha2EhgOfgmfeI-88qBEJWQkUwgeGf1QZIzmFQAViiA2ACagNVQUlyIRwRk-kBG9WCQRjWlRW5BL2WI6sEBwHczY_bAwIAYwECDEtObag/ofertasv/?filter[tourOperator]=BVBE&filter%5Bperson%5D=2&filter%5BchildAge%5D%5B1%5D=20201210&filter%5Bchild%5D=1"
"Kresten Royal Euphoria Resort (ex. Kresten Royal Villas)","12580.0","28.09.2026 - 05.10.2026","8 dni/7 nocy","","4.2","4.2","3653","tripadvisor","Warszawa - Modlin","2026-09-14T13:02:48.636464+00:00","https://fly.pl/oferta/grecja-wczasy/?filter[dest]=14:&filter[hotelids]=&filter[cityids]=&filter[cregids]=&filter[ofrType]=&filter[addObjType]=&filter[whenFrom]=14-09-2026&filter[whenTo]=14-10-2026&filter[duration]=7:10&filter[from]=&filter[person]=2&filter[child]=1&filter[price]=4000:20000&filter[PriceFrom]=4000&filter[PriceTo]=20000&filter[addCategory]=50&filter[addCatering]=1&filter[addMisc]=0&filter[addTransport]=F&filter[fp]=1&order_by=ofr_price&filter[tourOperator]=0&filter[childAge][1]=20201210","https://fly.pl/cdn/photo/assets/uploads/582/278/2015/04/Kresten-Royal-Euphoria-Resort.jpg","https://fly.pl/wycieczka/grecja,rodos,kallithea/kresten-royal-villas/p05qCgJlVy_y9YpYs-ewatAAoguCPTOcIE1FMAzysOonMXzdgK6adpaqDK0M6O-zwymw0qBE9OSE8wgeGf1QZIpGJQAVjCAmACagNVQUlyHBwRwwgbnUAYn265BJlsqwQBAaedjgICEmMBAgsarF53/ofertasv/?filter[tourOperator]=ONHO&filter%5Bperson%5D=2&filter%5BchildAge%5D%5B1%5D=20201210&filter%5Bchild%5D=1"
"Akasha Beach (ex Armava)","12643.0","07.10.2026 - 14.10.2026","8 dni/7 nocy","","4.6","4.6","946","tripadvisor","Katowice","2026-09-14T13:02:48.636464+00:00","https://fly.pl/oferta/grecja-wczasy/?filter[dest]=14:&filter[hotelids]=&filter[cityids]=&filter[cregids]=&filter[ofrType]=&filter[addObjType]=&filter[whenFrom]=14-09-2026&filter[whenTo]=14-10-2026&filter[duration]=7:10&filter[from]=&filter[person]=2&filter[child]=1&filter[price]=4000:20000&filter[PriceFrom]=4000&filter[PriceTo]=20000&filter[addCategory]=50&filter[addCatering]=1&filter[addMisc]=0&filter[addTransport]=F&filter[fp]=1&order_by=ofr_price&filter[tourOperator]=0&filter[childAge][1]=20201210","https://fly.pl/cdn/photo/assets/uploads/582/278/2014/09/Akasha-Beach-Hotel-SPA.jpg","https://fly.pl/wycieczka/grecja,kreta,hersonissos/armava/pnd9kCncsMNO4MMVawJ2Z0AAogBFsX2yyL3S0ckiPLm8RbWwAAAAACpgQAGKYEAAcAAAAqBFdFWlkwgeGf1QZI42JQQViaBGADaglFbnRlciBBaXJqBDAyMDVqBDA2MDVyQZ4BkwGUAR8AAgEcABYEFwIS1gQVpQYYwwFA3HRPgi9MAEvRIlAAEfsRHZPnECAWG9zOYg2btt8IARJjAQ1jAQIMW0vh3Q/ofertasv/?filter[tourOperator]=WEZY&filter%5Bperson%5D=2&filter%5BchildAge%5D%5B1%5D=20201210&filter%5Bchild%5D=1"
"CHC Athina Palace Resort & Spa (Agia Pelagia)","12672.0","23.09.2026 - 30.09.2026","8 dni/7 nocy","","4.2","4.2","3014","tripadvisor","Kraków","2026-09-14T13:02:48.636464+00:00","https://fly.pl/oferta/grecja-wczasy/?filter[dest]=14:&filter[hotelids]=&filter[cityids]=&filter[cregids]=&filter[ofrType]=&filter[addObjType]=&filter[whenFrom]=14-09-2026&filter[whenTo]=14-10-2026&filter[duration]=7:10&filter[from]=&filter[person]=2&filter[child]=1&filter[price]=4000:20000&filter[PriceFrom]=4000&filter[PriceTo]=20000&filter[addCategory]=50&filter[addCatering]=1&filter[addMisc]=0&filter[addTransport]=F&filter[fp]=1&order_by=ofr_price&filter[tourOperator]=0&filter[childAge][1]=20201210","https://fly.pl/cdn/photo/assets/uploads/582/278/2014/09/Athina-Palace-Resort-and-Spa.jpg","https://fly.pl/wycieczka/grecja,kreta-wschodnia,agia-pelagia/athina-palace/pPVkMtivmtRbDp5gX2d1I0AAogKSs_gijKuwChy1xxC1Cm-pfJ57_Clno76q31x87qmBsqBE9BU0kwgeGf1QZIgGNQAVjKAWACagNBSWxyIBwRtm-5BNr9DasEARud7A0YtNQQAZWNpIECAgBjAQILoRaHvg/ofertasv/?filter[tourOperator]=OASI&filter%5Bperson%5D=2&filter%5BchildAge%5D%5B1%5D=20201210&filter%5Bchild%5D=1"
"Amada Colossos Resort (ex Louis Beach)","12957.0","05.10.2026 - 12.10.2026","8 dni/7 nocy","","4.4","4.4","2181","tripadvisor","Katowice","2026-09-14T13:02:48.636464+00:00","https://fly.pl/oferta/grecja-wczasy/?filter[dest]=14:&filter[hotelids]=&filter[cityids]=&filter[cregids]=&filter[ofrType]=&filter[addObjType]=&filter[whenFrom]=14-09-2026&filter[whenTo]=14-10-2026&filter[duration]=7:10&filter[from]=&filter[person]=2&filter[child]=1&filter[price]=4000:20000&filter[PriceFrom]=4000&filter[PriceTo]=20000&filter[addCategory]=50&filter[addCatering]=1&filter[addMisc]=0&filter[addTransport]=F&filter[fp]=1&order_by=ofr_price&filter[tourOperator]=0&filter[childAge][1]=20201210","https://fly.pl/cdn/photo/assets/uploads/582/278/2015/06/Amada-Colossos-Resort.jpg","https://fly.pl/wycieczka/grecja,rodos,faliraki/louis-colossos-beach/pCPPSPjscHALzAlTbJ0NMNAAogRYh3P8WkcoKwrBtdgfY7dofOApdH5DIVy-doEfgir9sqBFZJVFgwgeGf1QZInWVQQVjqA2ACckAaABUHFwBcA1gFQI8DW7-DAWGXTEsAXqcwUpETUwBMyuU5DZfVmAkgAF2ku5HsqAFR29qIgTZPxZkXAg1jAQIMnIX47w/ofertasv/?filter[tourOperator]=VITX&filter%5Bperson%5D=2&filter%5BchildAge%5D%5B1%5D=20201210&filter%5Bchild%5D=1"
"Fodele Beach & Water Park Holiday Resort","13076.0","04.10.2026 - 11.10.2026","8 dni/7 nocy","","4.5","4.5","1944","tripadvisor","Katowice","2026-09-14T13:02:48.636464+00:00","https://fly.pl/oferta/grecja-wczasy/?filter[dest]=14:&filter[hotelids]=&filter[cityids]=&filter[cregids]=&filter[ofrType]=&filter[addObjType]=&filter[whenFrom]=14-09-2026&filter[whenTo]=14-10-2026&filter[duration]=7:10&filter[from]=&filter[person]=2&filter[child]=1&filter[price]=4000:20000&filter[PriceFrom]=4000&filter[PriceTo]=20000&filter[addCategory]=50&filter[addCatering]=1&filter[addMisc]=0&filter[addTransport]=F&filter[fp]=1&order_by=ofr_price&filter[tourOperator]=0&filter[childAge][1]=20201210","https://fly.pl/cdn/photo/assets/uploads/582/278/2015/02/Fodele-Beach.jpg","https://fly.pl/wycieczka/grecja,kreta-wschodnia,fodele/fodele-beach/pImD2NBOkGd2ULK9sQpEBRAAog1ZDUvk7kUCp0_lkGLYTgTwAAAAC6pwQA1qcEAAcAAAAqBFdFWlkwgeGf1QZIlGZQQVjSA2ADaglFbnRlciBBaXJqBDAzMDBqBDA2NTVyQZ4BkwGUAR8AHAECABYEFwIS1gQRsQUV3gQYmwFAmnFMgi9PAEvRIlAAHcb8ECAcG_OUMw3D7I4JARJjAQ1jAQIFaPKDTw/ofertasv/?filter[tourOperator]=WEZY&filter%5Bperson%5D=2&filter%5BchildAge%5D%5B1%5D=20201210&filter%5Bchild%5D=1"
"Kakkos Terra Blu","13108.0","27.09.2026 - 04.10.2026","8 dni/7 nocy","","4.0","4.0","431","tripadvisor","Katowice","2026-09-14T13:02:48.636464+00:00","https://fly.pl/oferta/grecja-wczasy/?filter[dest]=14:&filter[hotelids]=&filter[cityids]=&filter[cregids]=&filter[ofrType]=&filter[addObjType]=&filter[whenFrom]=14-09-2026&filter[whenTo]=14-10-2026&filter[duration]=7:10&filter[from]=&filter[person]=2&filter[child]=1&filter[price]=4000:20000&filter[PriceFrom]=4000&filter[PriceTo]=20000&filter[addCategory]=50&filter[addCatering]=1&filter[addMisc]=0&filter[addTransport]=F&filter[fp]=1&order_by=ofr_price&filter[tourOperator]=0&filter[childAge][1]=20201210","https://fly.pl/cdn/photo/assets/uploads/582/278/2015/04/Kakkos-Terra-Blu.jpg","https://fly.pl/wycieczka/grecja,kreta-wschodnia,ierapetra/arion-palace/pU7sbXtIhaLOWmahpSXwSRAAogFq9TxqqTqgaIiScvsi_mRUUpJbyh4bRg2u8oMCiJdB0qBEdSQ1MwgeGf1QZItGZQQViqAmACcjwVBxcAWAhWAlwCHZIEDxRAogJb5oUBUuIjUwBh0SJLAF6nMAHUi4YBDdDBzAggAFGDncmNjQEBEmMCAmPlmfU9/ofertasv/?filter[tourOperator]=GRCS&filter%5Bperson%5D=2&filter%5BchildAge%5D%5B1%5D=20201210&filter%5Bchild%5D=1"
"Dimitra Beach Hotel & Suites","13229.0","06.10.2026 - 14.10.2026","9 dni/7 nocy","","4.5","4.5","4135","tripadvisor","Katowice","2026-09-14T13:02:48.636464+00:00","https://fly.pl/oferta/grecja-wczasy/?filter[dest]=14:&filter[hotelids]=&filter[cityids]=&filter[cregids]=&filter[ofrType]=&filter[addObjType]=&filter[whenFrom]=14-09-2026&filter[whenTo]=14-10-2026&filter[duration]=7:10&filter[from]=&filter[person]=2&filter[child]=1&filter[price]=4000:20000&filter[PriceFrom]=4000&filter[PriceTo]=20000&filter[addCategory]=50&filter[addCatering]=1&filter[addMisc]=0&filter[addTransport]=F&filter[fp]=1&order_by=ofr_price&filter[tourOperator]=0&filter[childAge][1]=20201210","https://fly.pl/cdn/photo/assets/uploads/582/278/2015/04/Dimitra-Beach-Hotel-Suites.jpg","https://fly.pl/wycieczka/grecja,kos,agios-fokas/dimitra-beach/po2LkfenFyYHHtA6csET-qAAogNBSd4JPVBWWlUGL_QjvCQR7jE-Y5fLHDSfcNv5Piq_UqBEdSQ1MwgeGf1QZIrWdQQViCBGADcj8XCBUAXAJYBVYCHe0BD5kCQMQCW49xUrJXUwBh2ANLAF6nMAHV0o4BDZ77wwggAFH8pebxpQEBEmMBAmMBAgxaCwmO/ofertasv/?filter[tourOperator]=GRCS&filter%5Bperson%5D=2&filter%5BchildAge%5D%5B1%5D=20201210&filter%5Bchild%5D=1"
"Zeus Eleva Mirabello Bay","13279.0","16.09.2026 - 24.09.2026","9 dni/7 nocy","","4.3","4.3","3767","tripadvisor","Katowice","2026-09-14T13:02:48.636464+00:00","https://fly.pl/oferta/grecja-wczasy/?filter[dest]=14:&filter[hotelids]=&filter[cityids]=&filter[cregids]=&filter[ofrType]=&filter[addObjType]=&filter[whenFrom]=14-09-2026&filter[whenTo]=14-10-2026&filter[duration]=7:10&filter[from]=&filter[person]=2&filter[child]=1&filter[price]=4000:20000&filter[PriceFrom]=4000&filter[PriceTo]=20000&filter[addCategory]=50&filter[addCatering]=1&filter[addMisc]=0&filter[addTransport]=F&filter[fp]=1&order_by=ofr_price&filter[tourOperator]=0&filter[childAge][1]=20201210","https://fly.pl/cdn/photo/assets/uploads/582/278/2015/04/Wyndham-Grand-Crete-Mirabello-Bay.jpg","https://fly.pl/wycieczka/grecja,kreta-wschodnia,agios-nikolaos/dessole-mirabello-beach-village-ex-iberostar/phf8mnTUaibxxez3LHmOFSAAog8L0ZMZFH93Vvx6VtPCsEEwT2xT1Lu3w2_NGNQ06dWQ0qBEdSQ1MwgeGf1QZI32dQQVgiYANyPxUIFwBYB1YCXAId2wMPqQJARFu4hgFSkCNTAEvRIl6nMGF4AeWOigENvL3ICCAAUYLCz42NAQESYwECYwECC5MqRtI/ofertasv/?filter[tourOperator]=GRCS&filter%5Bperson%5D=2&filter%5BchildAge%5D%5B1%5D=20201210&filter%5Bchild%5D=1"
"Restia (Acharavi)","13323.0","06.10.2026 - 13.10.2026","8 dni/7 nocy","","4.8","4.8","738","tripadvisor","Warszawa - Modlin","2026-09-14T13:02:48.636464+00:00","https://fly.pl/oferta/grecja-wczasy/?filter[dest]=14:&filter[hotelids]=&filter[cityids]=&filter[cregids]=&filter[ofrType]=&filter[addObjType]=&filter[whenFrom]=14-09-2026&filter[whenTo]=14-10-2026&filter[duration]=7:10&filter[from]=&filter[person]=2&filter[child]=1&filter[price]=4000:20000&filter[PriceFrom]=4000&filter[PriceTo]=20000&filter[addCategory]=50&filter[addCatering]=1&filter[addMisc]=0&filter[addTransport]=F&filter[fp]=1&order_by=ofr_price&filter[tourOperator]=0&filter[childAge][1]=20201210","https://datacfstatic.merlinx.pl/OASI/IMG/21761/6289799b477bce1c35aff7afc763ec9ced2c0fb277b26d8750b4e0fcaaad1209.webp","https://fly.pl/wycieczka/grecja,korfu,acharavi/restia-suites-9/p8hCwvw0JeLzBB3FZE12-WAAogxEPH1XxDi0QNl9B2lDptnMkg_xszCdfygTTr5KVOrpYqBE9BU0kwgeGf1QZIi2hQAViCBGACagNBSWxyIRwRgaoBuQSugw6rBAIb8J0MGIHDDgHU2pzvAQIAYwECC1TaARQ/ofertasv/?filter[tourOperator]=OASI&filter%5Bperson%5D=2&filter%5BchildAge%5D%5B1%5D=20201210&filter%5Bchild%5D=1"
"Costa Lindia Beach","13452.0","25.09.2026 - 03.10.2026","9 dni/7 nocy","","3.9","3.9","1558","tripadvisor","Warszawa","2026-09-14T13:02:48.636464+00:00","https://fly.pl/oferta/grecja-wczasy/?filter[dest]=14:&filter[hotelids]=&filter[cityids]=&filter[cregids]=&filter[ofrType]=&filter[addObjType]=&filter[whenFrom]=14-09-2026&filter[whenTo]=14-10-2026&filter[duration]=7:10&filter[from]=&filter[person]=2&filter[child]=1&filter[price]=4000:20000&filter[PriceFrom]=4000&filter[PriceTo]=20000&filter[addCategory]=50&filter[addCatering]=1&filter[addMisc]=0&filter[addTransport]=F&filter[fp]=1&order_by=ofr_price&filter[tourOperator]=0&filter[childAge][1]=20201210","https://fly.pl/cdn/photo/assets/uploads/582/278/2015/04/Costa-Lindia.jpg","https://fly.pl/wycieczka/grecja,rodos,lardos/costa-lindia-beach/p4_VE2dtnlEFDeijc8WI3hAAogXWPLh7FDq202Q1MgeFDX-24XdzSsXvZdkikF4_PzcswqBFJOQlcwgeGf1QZIjGlQQVj6AWACagRCd2NEag1BTExfSU5DTFVTSVZFahcyOTYsMzgwLDQ3Nyw0ODMsNDg0LDQ4NWoTNDAyLDQwNiw0NzMsNDk3LDQ5OXI-nwGWAZ4BlAEVBxcBWAcKBEDEBxH9GRCCHBnWIUz0tQFTjAFSAEvcMGEAD9GCQB2dAyDHg5IJDQACDGMBAgvS67Jl/ofertasv/?filter[tourOperator]=RNBW&filter%5Bperson%5D=2&filter%5BchildAge%5D%5B1%5D=20201210&filter%5Bchild%5D=1"
"Euphoria Resort","13526.0","07.10.2026 - 14.10.2026","8 dni/7 nocy","","4.5","4.5","1091","tripadvisor","Warszawa - Modlin","2026-09-14T13:02:48.636464+00:00","https://fly.pl/oferta/grecja-wczasy/?filter[dest]=14:&filter[hotelids]=&filter[cityids]=&filter[cregids]=&filter[ofrType]=&filter[addObjType]=&filter[whenFrom]=14-09-2026&filter[whenTo]=14-10-2026&filter[duration]=7:10&filter[from]=&filter[person]=2&filter[child]=1&filter[price]=4000:20000&filter[PriceFrom]=4000&filter[PriceTo]=20000&filter[addCategory]=50&filter[addCatering]=1&filter[addMisc]=0&filter[addTransport]=F&filter[fp]=1&order_by=ofr_price&filter[tourOperator]=0&filter[childAge][1]=20201210","https://fly.pl/cdn/photo/assets/uploads/582/278/2017/09/Euphoria-Resort.jpg","https://fly.pl/wycieczka/grecja,kreta-zachodnia,kolymvari/euphoria-resort/phG5PycqWzm3oNUBBZKk9vAAog_JCbhs3me1809-ABS0WG-VlpPhn1MYxAg-3xhi_rg7cqBEJWQkUwhuGf1QZI1mlQAViaBGACagNVQUlyIhwRpbABG6yMPBjL8hGrBJ3sK7kE4QYBt-3YzgQCEmMBAgws9935/ofertasv/?filter[tourOperator]=BVBE&filter%5Bperson%5D=2&filter%5BchildAge%5D%5B1%5D=20201210&filter%5Bchild%5D=1"
"Dreams Corfu Resort & Spa (ex Louis Corcyra Beach)","13584.0","07.10.2026 - 14.10.2026","8 dni/7 nocy","","4.4","4.4","1481","tripadvisor","Warszawa - Modlin","2026-09-14T13:02:48.636464+00:00","https://fly.pl/oferta/grecja-wczasy/?filter[dest]=14:&filter[hotelids]=&filter[cityids]=&filter[cregids]=&filter[ofrType]=&filter[addObjType]=&filter[whenFrom]=14-09-2026&filter[whenTo]=14-10-2026&filter[duration]=7:10&filter[from]=&filter[person]=2&filter[child]=1&filter[price]=4000:20000&filter[PriceFrom]=4000&filter[PriceTo]=20000&filter[addCategory]=50&filter[addCatering]=1&filter[addMisc]=0&filter[addTransport]=F&filter[fp]=1&order_by=ofr_price&filter[tourOperator]=0&filter[childAge][1]=20201210","https://fly.pl/cdn/photo/assets/uploads/582/278/2010/01/Louis-Corcyra-Beach197.jpg","https://fly.pl/wycieczka/grecja,korfu,gouvia/louis-corcyra-beach/pUJzczS5qMlqQEliwwcUVDAAogo7CQ0ickQLfRb23MEudLevhSmbv-wR1aTMt5tISzWIEqBEVDQ1gwhuGf1QZIkGpQAViaBGACagJBSXIfHBGnK6sEg4gXuQQtGJuDKxuLEwHvmrPtAQIAYwECDOFKZYo/ofertasv/?filter[tourOperator]=ECCX&filter%5Bperson%5D=2&filter%5BchildAge%5D%5B1%5D=20201210&filter%5Bchild%5D=1"
"Cooks Club Corfu (ex Ionian Park)","13597.0","06.10.2026 - 13.10.2026","8 dni/7 nocy","","4.2","4.2","1218","tripadvisor","Warszawa - Modlin","2026-09-14T13:02:48.636464+00:00","https://fly.pl/oferta/grecja-wczasy/?filter[dest]=14:&filter[hotelids]=&filter[cityids]=&filter[cregids]=&filter[ofrType]=&filter[addObjType]=&filter[whenFrom]=14-09-2026&filter[whenTo]=14-10-2026&filter[duration]=7:10&filter[from]=&filter[person]=2&filter[child]=1&filter[price]=4000:20000&filter[PriceFrom]=4000&filter[PriceTo]=20000&filter[addCategory]=50&filter[addCatering]=1&filter[addMisc]=0&filter[addTransport]=F&filter[fp]=1&order_by=ofr_price&filter[tourOperator]=0&filter[childAge][1]=20201210","https://fly.pl/cdn/photo/assets/uploads/582/278/2015/12/Ionian-Park-Gouvia-fly-pl.jpg","https://fly.pl/wycieczka/grecja,korfu,gouvia/ionian-park-gouvia/pbGa3oYLDu-rBfc8SOzraWAAogHE78nJ-Li3kFMRzMFEk_ohfrGqi-knc6V19_93F9HYEqBEVYSU0whuGf1QZInWpQAViCBGABagJBSXIeHBHpuwa5BKr8QKsEIBvW7SwYveI2AYO3sJwLAwBj-DFmfw/ofertasv/?filter[tourOperator]=EXIM&filter%5Bperson%5D=2&filter%5BchildAge%5D%5B1%5D=20201210&filter%5Bchild%5D=1"
"Porto Platanias Beach (Chania)","13637.0","25.09.2026 - 02.10.2026","8 dni/7 nocy","","3.9","3.9","1622","tripadvisor","Warszawa","2026-09-14T13:02:48.636464+00:00","https://fly.pl/oferta/grecja-wczasy/?filter[dest]=14:&filter[hotelids]=&filter[cityids]=&filter[cregids]=&filter[ofrType]=&filter[addObjType]=&filter[whenFrom]=14-09-2026&filter[whenTo]=14-10-2026&filter[duration]=7:10&filter[from]=&filter[person]=2&filter[child]=1&filter[price]=4000:20000&filter[PriceFrom]=4000&filter[PriceTo]=20000&filter[addCategory]=50&filter[addCatering]=1&filter[addMisc]=0&filter[addTransport]=F&filter[fp]=1&order_by=ofr_price&filter[tourOperator]=0&filter[childAge][1]=20201210","https://fly.pl/cdn/photo/assets/uploads/582/278/2014/07/Porto-Platanias-Beach-Resort-Spa.jpg","https://fly.pl/wycieczka/grecja,kreta-zachodnia,platanias/porto-platanias-beach/pnYJT3f94erA2bdmsnUGRUAAogsZ6uURDDIR5LUII3FlR8IyUQ9BJZxucjh_ngHppNMLwqBEVYSU0whuGf1QZIxWpQAVj6AWACagJBSXIhHBHPpAarBKD4O7kEFhueyjEY1uw1AamVwf0IAhJjAQIMkq6vug/ofertasv/?filter[tourOperator]=EXIM&filter%5Bperson%5D=2&filter%5BchildAge%5D%5B1%5D=20201210&filter%5Bchild%5D=1"
"Atlantica Caldera Palace Resort & Spa (ex Atlantica Sensatori)","13667.0","26.09.2026 - 03.10.2026","8 dni/7 nocy","","4.3","4.3","6165","tripadvisor","Katowice","2026-09-14T13:02:48.636464+00:00","https://fly.pl/oferta/grecja-wczasy/?filter[dest]=14:&filter[hotelids]=&filter[cityids]=&filter[cregids]=&filter[ofrType]=&filter[addObjType]=&filter[whenFrom]=14-09-2026&filter[whenTo]=14-10-2026&filter[duration]=7:10&filter[from]=&filter[person]=2&filter[child]=1&filter[price]=4000:20000&filter[PriceFrom]=4000&filter[PriceTo]=20000&filter[addCategory]=50&filter[addCatering]=1&filter[addMisc]=0&filter[addTransport]=F&filter[fp]=1&order_by=ofr_price&filter[tourOperator]=0&filter[childAge][1]=20201210","https://fly.pl/cdn/photo/assets/uploads/582/278/2024/07/atlantica-caldera-palace-resort-spa-ex-atlantica-sensatori.jpg","https://fly.pl/wycieczka/grecja,kreta-wschodnia,analipsis/atlantica-caldera-palace-resort-spa-ex-atlantica-sensatori-14/pNqWeX4TlTrj2eZtUmyHazAAogUH37hvwTHkonUt3o8O_JVczC3Y2F-BaO6p2rr0_JyA8qBE9SRVgwhuGf1QZI42pQQViSAmACagdCUVAuMi4xagMwM1lqAzA0WXI1mwGdAY8BFwcVAFwDWAVWAkDKBhGbAlOtpwFSAEvRImEAXqcwTNLQOiDR_JcJDQACEmMBAgs-C17C/ofertasv/?filter[tourOperator]=OREX&filter%5Bperson%5D=2&filter%5BchildAge%5D%5B1%5D=20201210&filter%5Bchild%5D=1"
"Atlantica Ocean Beach Resort (ex. Creta Princess by Atlantica)","13805.0","05.10.2026 - 12.10.2026","8 dni/7 nocy","","4.3","4.3","2923","tripadvisor","Warszawa","2026-09-14T13:02:48.636464+00:00","https://fly.pl/oferta/grecja-wczasy/?filter[dest]=14:&filter[hotelids]=&filter[cityids]=&filter[cregids]=&filter[ofrType]=&filter[addObjType]=&filter[whenFrom]=14-09-2026&filter[whenTo]=14-10-2026&filter[duration]=7:10&filter[from]=&filter[person]=2&filter[child]=1&filter[price]=4000:20000&filter[PriceFrom]=4000&filter[PriceTo]=20000&filter[addCategory]=50&filter[addCatering]=1&filter[addMisc]=0&filter[addTransport]=F&filter[fp]=1&order_by=ofr_price&filter[tourOperator]=0&filter[childAge][1]=20201210","https://fly.pl/cdn/photo/assets/uploads/582/278/2014/09/Louis-Creta-Princess-fly-pl.jpg","https://fly.pl/wycieczka/grecja,kreta-zachodnia,maleme/louis-creta-princess/pYceBOZbc25sRy2vldZc_SAAogyHFynP3FZaqDISX3BUoaEPG6Y5AGV0QCjIEy6z32KxoqBEVDQ1gwhuGf1QZI7WtQAVjqA2ACagJBSXIgHBHdJ6sEjPAXuQQqGNfHIhvGswcBksv78wECEmMBAgvGw48f/ofertasv/?filter[tourOperator]=ECCX&filter%5Bperson%5D=2&filter%5BchildAge%5D%5B1%5D=20201210&filter%5Bchild%5D=1"
"King Minos Retreat (ex. King Minos Palace)","13806.0","07.10.2026 - 14.10.2026","8 dni/7 nocy","","4.5","4.5","1133","tripadvisor","Katowice","2026-09-14T13:02:48.636464+00:00","https://fly.pl/oferta/grecja-wczasy/?filter[dest]=14:&filter[hotelids]=&filter[cityids]=&filter[cregids]=&filter[ofrType]=&filter[addObjType]=&filter[whenFrom]=14-09-2026&filter[whenTo]=14-10-2026&filter[duration]=7:10&filter[from]=&filter[person]=2&filter[child]=1&filter[price]=4000:20000&filter[PriceFrom]=4000&filter[PriceTo]=20000&filter[addCategory]=50&filter[addCatering]=1&filter[addMisc]=0&filter[addTransport]=F&filter[fp]=1&order_by=ofr_price&filter[tourOperator]=0&filter[childAge][1]=20201210","https://fly.pl/cdn/photo/assets/uploads/582/278/2015/04/King-Minos-Palace-fly-pl-1.jpg","https://fly.pl/wycieczka/grecja,kreta,hersonissos/king-minos-palace/p1qvSJTLOcsh6NKkmhnkhxAAogxOoc0k5RjTs-bKgxLY_5pgAAAAACpgQAGKYEAAcAAAAqBFdFWlkwhuGf1QZI7mtQQViaBGADaglFbnRlciBBaXJqBDAyMDVqBDA2MDVyQZ4BkwGUAR8AAgEcABYGFwAS1gQVpQYYwwER7ilA7kpMgi9PAEvRIlAAHY75ECAWG6qbMw3N6Y4JARJjAQ1jAQIMSZGXJQ/ofertasv/?filter[tourOperator]=WEZY&filter%5Bperson%5D=2&filter%5BchildAge%5D%5B1%5D=20201210&filter%5Bchild%5D=1"
"Georgioupolis Resort & Aqua Park","13863.0","02.10.2026 - 09.10.2026","8 dni/7 nocy","","4.2","4.2","389","tripadvisor","Warszawa","2026-09-14T13:02:48.636464+00:00","https://fly.pl/oferta/grecja-wczasy/?filter[dest]=14:&filter[hotelids]=&filter[cityids]=&filter[cregids]=&filter[ofrType]=&filter[addObjType]=&filter[whenFrom]=14-09-2026&filter[whenTo]=14-10-2026&filter[duration]=7:10&filter[from]=&filter[person]=2&filter[child]=1&filter[price]=4000:20000&filter[PriceFrom]=4000&filter[PriceTo]=20000&filter[addCategory]=50&filter[addCatering]=1&filter[addMisc]=0&filter[addTransport]=F&filter[fp]=1&order_by=ofr_price&filter[tourOperator]=0&filter[childAge][1]=20201210","https://fly.pl/cdn/photo/assets/uploads/582/278/2010/04/Georgioupolis-Resort2457.jpg","https://fly.pl/wycieczka/grecja,kreta-zachodnia,georgioupolis/georgioupolis-resort/pk1T9Tdk7c7n_9AmLWuqPRAAog0bCEXPtVaFmOhRukcIEbzel6wvNP19gHDcRiyjR1oRIqBEVDQ1gwhuGf1QZIp2xQAViiA2ADagJBSXIjHBHLSbkEm84XqwQsGJvsJxvC50IB6d7C8wEBEmMBAGMBAg7b6_e-/ofertasv/?filter[tourOperator]=ECCX&filter%5Bperson%5D=2&filter%5BchildAge%5D%5B1%5D=20201210&filter%5Bchild%5D=1"
"High Beach","13877.0","07.10.2026 - 14.10.2026","8 dni/7 nocy","","4.5","4.5","1188","tripadvisor","Kraków","2026-09-14T13:02:48.636464+00:00","https://fly.pl/oferta/grecja-wczasy/?filter[dest]=14:&filter[hotelids]=&filter[cityids]=&filter[cregids]=&filter[ofrType]=&filter[addObjType]=&filter[whenFrom]=14-09-2026&filter[whenTo]=14-10-2026&filter[duration]=7:10&filter[from]=&filter[person]=2&filter[child]=1&filter[price]=4000:20000&filter[PriceFrom]=4000&filter[PriceTo]=20000&filter[addCategory]=50&filter[addCatering]=1&filter[addMisc]=0&filter[addTransport]=F&filter[fp]=1&order_by=ofr_price&filter[tourOperator]=0&filter[childAge][1]=20201210","https://fly.pl/cdn/photo/assets/uploads/582/278/2014/07/High-Beach-1.jpg","https://fly.pl/wycieczka/grecja,kreta-wschodnia,malia/high-beach/puOMr7YXrxVUtckmyBOugDAAogbhWO9co76vTNImzI0FAJ94PMZTVett36fjNE0W-Rvl4qBEJWQkUwhuGf1QZItWxQAViaBGACagJBSXIhHBGaoAEb56g7GO61FqsEoZ4ouQQXAa3un5cDAhJjAQILBuiPWg/ofertasv/?filter[tourOperator]=BVBE&filter%5Bperson%5D=2&filter%5BchildAge%5D%5B1%5D=20201210&filter%5Bchild%5D=1"
"Mitsis Faliraki","14164.0","05.10.2026 - 12.10.2026","9 dni/7 nocy","","4.6","4.6","3358","tripadvisor","Wrocław","2026-09-14T13:02:48.636464+00:00","https://fly.pl/oferta/grecja-wczasy/?filter[dest]=14:&filter[hotelids]=&filter[cityids]=&filter[cregids]=&filter[ofrType]=&filter[addObjType]=&filter[whenFrom]=14-09-2026&filter[whenTo]=14-10-2026&filter[duration]=7:10&filter[from]=&filter[person]=2&filter[child]=1&filter[price]=4000:20000&filter[PriceFrom]=4000&filter[PriceTo]=20000&filter[addCategory]=50&filter[addCatering]=1&filter[addMisc]=0&filter[addTransport]=F&filter[fp]=1&order_by=ofr_price&filter[tourOperator]=0&filter[childAge][1]=20201210","https://fly.pl/cdn/photo/assets/uploads/582/278/2015/04/Hotel-Mitsis-Faliraki.jpg","https://fly.pl/wycieczka/grecja,rodos,faliraki/mitsis-faliraki-beach/poEAvrcT3fkvyYPvzliW-YAAogUoxF0TTtshlh8MPM61Swm092int4ZV66IpvpGh-2oikqBEdSQ1MwhuGf1QZI1G5QQVjqA2ADcj8VBxcBWAdWAlwCHY8CDxZAowRbloABXqp8UpETUwBhuDVLAAHn7oABDcKW0QggAFHZzaHt3gEBEmMBAmMBAgv9LNwn/ofertasv/?filter[tourOperator]=GRCS&filter%5Bperson%5D=2&filter%5BchildAge%5D%5B1%5D=20201210&filter%5Bchild%5D=1"
"Valmar Corfu","14228.0","30.09.2026 - 07.10.2026","8 dni/7 nocy","","4.3","4.3","430","tripadvisor","Wrocław","2026-09-14T13:02:48.636464+00:00","https://fly.pl/oferta/grecja-wczasy/?filter[dest]=14:&filter[hotelids]=&filter[cityids]=&filter[cregids]=&filter[ofrType]=&filter[addObjType]=&filter[whenFrom]=14-09-2026&filter[whenTo]=14-10-2026&filter[duration]=7:10&filter[from]=&filter[person]=2&filter[child]=1&filter[price]=4000:20000&filter[PriceFrom]=4000&filter[PriceTo]=20000&filter[addCategory]=50&filter[addCatering]=1&filter[addMisc]=0&filter[addTransport]=F&filter[fp]=1&order_by=ofr_price&filter[tourOperator]=0&filter[childAge][1]=20201210","https://datacfstatic.merlinx.pl/RNBW/IMG/7408/3e43be1ad845732cfa28c3816395cac6211cd80ca3798bbcf429a0c86a43db9c.webp","https://fly.pl/wycieczka/grecja,korfu,agios-ioannis-peristeron/valmar-corfu-9/pg1-O5RJcIHSF3zUmPwUyWAAogCtfRTJ_dEq07R59IM5hgIYrunnHXGeQQhaR2azNzh-QqBFJOQlcwhuGf1QZIlG9QQVjyAmACagRCd2NEag1BTExfSU5DTFVTSVZFahcyOTYsMzgwLDQ3Nyw0ODMsNDg0LDQ4NXI8nwGWAZ4BFQcXAFgICgRAxAcRmTIZwSVTyR5SABDhTUyfA0vqfGEAHZSzQA_F6AMghemNCQ0AAgxjAQILAwXJ2A/ofertasv/?filter[tourOperator]=RNBW&filter%5Bperson%5D=2&filter%5BchildAge%5D%5B1%5D=20201210&filter%5Bchild%5D=1"
"Helea Lifestyle Beach Resort","14237.0","07.10.2026 - 14.10.2026","8 dni/7 nocy","","4.4","4.4","2649","tripadvisor","Kraków","2026-09-14T13:02:48.636464+00:00","https://fly.pl/oferta/grecja-wczasy/?filter[dest]=14:&filter[hotelids]=&filter[cityids]=&filter[cregids]=&filter[ofrType]=&filter[addObjType]=&filter[whenFrom]=14-09-2026&filter[whenTo]=14-10-2026&filter[duration]=7:10&filter[from]=&filter[person]=2&filter[child]=1&filter[price]=4000:20000&filter[PriceFrom]=4000&filter[PriceTo]=20000&filter[addCategory]=50&filter[addCatering]=1&filter[addMisc]=0&filter[addTransport]=F&filter[fp]=1&order_by=ofr_price&filter[tourOperator]=0&filter[childAge][1]=20201210","https://fly.pl/cdn/photo/assets/uploads/582/278/2015/09/Helea-Family-Beach-Resort.jpg","https://fly.pl/wycieczka/grecja,rodos,koskinou/aldemar-amilia-mare/prt_o30GTz5ST1yoUDMUPDAAogHnTnBQ2dnNBVX_-Y5h8M0XC2dRAKjZic4GJVxQi7o6AqBEVYSU0whuGf1QZInW9QAViaBGACagJBSXIhHBG5xwa5BK3tQKsEIBuH1zcYr-Q7Ac7o4psLAgBjAQILOAf9lw/ofertasv/?filter[tourOperator]=EXIM&filter%5Bperson%5D=2&filter%5BchildAge%5D%5B1%5D=20201210&filter%5Bchild%5D=1"
"Mitsis Selection Blue Domes","14279.0","03.10.2026 - 10.10.2026","8 dni/7 nocy","","4.4","4.4","6840","tripadvisor","Gdańsk","2026-09-14T13:02:48.636464+00:00","https://fly.pl/oferta/grecja-wczasy/?filter[dest]=14:&filter[hotelids]=&filter[cityids]=&filter[cregids]=&filter[ofrType]=&filter[addObjType]=&filter[whenFrom]=14-09-2026&filter[whenTo]=14-10-2026&filter[duration]=7:10&filter[from]=&filter[person]=2&filter[child]=1&filter[price]=4000:20000&filter[PriceFrom]=4000&filter[PriceTo]=20000&filter[addCategory]=50&filter[addCatering]=1&filter[addMisc]=0&filter[addTransport]=F&filter[fp]=1&order_by=ofr_price&filter[tourOperator]=0&filter[childAge][1]=20201210","https://fly.pl/cdn/photo/assets/uploads/582/278/2014/09/Mitsis-Blue-Domes-Exclusive-Resort-Spa-fly-pl.jpg","https://fly.pl/wycieczka/grecja,kos,kardamaina/mitsis-blue-domes-resort/pZ6JNxnDa2P-ebDyeS7mGqAAogcmjbDHXEzRE84NldidGXUtC-u8R8e_4Gzwm1brTSuRAqBEdSQ1MwhuGf1QZIx29QQVi6A2ADcj0VBxcAWAhWAlwCHe0ED3dAZFukcWHsLUsAUrEpUwBe_zMB55aJAQ2Jt8kIIABR8ejg8aUBARJjAQJjAQIL845ewQ/ofertasv/?filter[tourOperator]=GRCS&filter%5Bperson%5D=2&filter%5BchildAge%5D%5B1%5D=20201210&filter%5Bchild%5D=1"
"Mitsis Selection Laguna","14497.0","30.09.2026 - 08.10.2026","9 dni/7 nocy","","4.6","4.6","5375","tripadvisor","Poznań","2026-09-14T13:02:48.636464+00:00","https://fly.pl/oferta/grecja-wczasy/?filter[dest]=14:&filter[hotelids]=&filter[cityids]=&filter[cregids]=&filter[ofrType]=&filter[addObjType]=&filter[whenFrom]=14-09-2026&filter[whenTo]=14-10-2026&filter[duration]=7:10&filter[from]=&filter[person]=2&filter[child]=1&filter[price]=4000:20000&filter[PriceFrom]=4000&filter[PriceTo]=20000&filter[addCategory]=50&filter[addCatering]=1&filter[addMisc]=0&filter[addTransport]=F&filter[fp]=1&order_by=ofr_price&filter[tourOperator]=0&filter[childAge][1]=20201210","https://fly.pl/cdn/photo/assets/uploads/582/278/2014/07/Mitsis-Laguna-Resort-Spa-fly-pl.jpg","https://fly.pl/wycieczka/grecja,kreta-wschodnia,anissaras/mitsis-laguna-resort-spa/pwjYIEjc1x01Q-bdyxHV5IAAogF6IVOoWXvkYcu4ELE4BWp_afvgWcZN_oTmdHX69lffcqBEdSQ1MwhuGf1QZIoXFQQVjyAmADcj0VBxcBWAdWAlwCD9wDHZUCQFdbpHFSpDhTAF74UmF4SwABmIuIAQ2XwcoIIEdRtYXMjY0BARJjAQJjAQILlt0_hg/ofertasv/?filter[tourOperator]=GRCS&filter%5Bperson%5D=2&filter%5BchildAge%5D%5B1%5D=20201210&filter%5Bchild%5D=1"
"Aquila Porto Rethymno","14563.0","01.10.2026 - 08.10.2026","8 dni/7 nocy","","4.4","4.4","2366","tripadvisor","Kraków","2026-09-14T13:02:48.636464+00:00","https://fly.pl/oferta/grecja-wczasy/?filter[dest]=14:&filter[hotelids]=&filter[cityids]=&filter[cregids]=&filter[ofrType]=&filter[addObjType]=&filter[whenFrom]=14-09-2026&filter[whenTo]=14-10-2026&filter[duration]=7:10&filter[from]=&filter[person]=2&filter[child]=1&filter[price]=4000:20000&filter[PriceFrom]=4000&filter[PriceTo]=20000&filter[addCategory]=50&filter[addCatering]=1&filter[addMisc]=0&filter[addTransport]=F&filter[fp]=1&order_by=ofr_price&filter[tourOperator]=0&filter[childAge][1]=20201210","https://fly.pl/cdn/photo/assets/uploads/582/278/2015/04/Aquila-Porto-Rethymno.jpg","https://fly.pl/wycieczka/grecja,kreta-zachodnia,rethymnon/aquila-porto-rethymno/pFBQNFgVY2MYjLCRrAdhv0AAogL-1GYgW-utlCgHiPcXXD_Y4aWEt2uPqOwEBhZZKS_O8qBEJWQkUwhuGf1QZI43FQAViKA2ACagNBSStyIhwRwp4BG6bUPBiipRK5BKKAK6sE4AQBg6uRlgMCEmMBAgdevXf2/ofertasv/?filter[tourOperator]=BVBE&filter%5Bperson%5D=2&filter%5BchildAge%5D%5B1%5D=20201210&filter%5Bchild%5D=1"
"Porto Carras Meliton","14617.0","27.09.2026 - 04.10.2026","8 dni/7 nocy","","4.3","4.3","2988","tripadvisor","Kraków","2026-09-14T13:02:48.636464+00:00","https://fly.pl/oferta/grecja-wczasy/?filter[dest]=14:&filter[hotelids]=&filter[cityids]=&filter[cregids]=&filter[ofrType]=&filter[addObjType]=&filter[whenFrom]=14-09-2026&filter[whenTo]=14-10-2026&filter[duration]=7:10&filter[from]=&filter[person]=2&filter[child]=1&filter[price]=4000:20000&filter[PriceFrom]=4000&filter[PriceTo]=20000&filter[addCategory]=50&filter[addCatering]=1&filter[addMisc]=0&filter[addTransport]=F&filter[fp]=1&order_by=ofr_price&filter[tourOperator]=0&filter[childAge][1]=20201210","https://fly.pl/cdn/photo/assets/uploads/582/278/2015/05/Porto-Carras-Grand-Meliton-fly-pl.jpg","https://fly.pl/wycieczka/grecja,chalkidiki,limani-karra/porto-carras-grand-meliton/phuhwmLArVvzmGB70ALTnxAAogBK86-dUcEdN8WI6t29qqdGnMiyqCxzGyJmNlViKMNJYqBFZJVFgwhuGf1QZImXJQQViqAmACagxLUktTS0dEUDEwMjVqDFNLR0tSS0RQMTAyNXI6nQGPARoAFwcVAFwDWAVAjwNbv4MBS8NLYQBe-zBShR5TAEz2ihINqaTACSAAUcjyoMvnAQIMYwEDC4I2UvA/ofertasv/?filter[tourOperator]=VITX&filter%5Bperson%5D=2&filter%5BchildAge%5D%5B1%5D=20201210&filter%5Bchild%5D=1"
"Pilot Beach Resort","14647.0","07.10.2026 - 14.10.2026","8 dni/7 nocy","","4.5","4.5","1188","tripadvisor","Katowice","2026-09-14T13:02:48.636464+00:00","https://fly.pl/oferta/grecja-wczasy/?filter[dest]=14:&filter[hotelids]=&filter[cityids]=&filter[cregids]=&filter[ofrType]=&filter[addObjType]=&filter[whenFrom]=14-09-2026&filter[whenTo]=14-10-2026&filter[duration]=7:10&filter[from]=&filter[person]=2&filter[child]=1&filter[price]=4000:20000&filter[PriceFrom]=4000&filter[PriceTo]=20000&filter[addCategory]=50&filter[addCatering]=1&filter[addMisc]=0&filter[addTransport]=F&filter[fp]=1&order_by=ofr_price&filter[tourOperator]=0&filter[childAge][1]=20201210","https://fly.pl/cdn/photo/assets/uploads/582/278/2015/04/Pilot-Beach-Resort.jpg","https://fly.pl/wycieczka/grecja,kreta-zachodnia,georgioupolis/pilot-beach-resort/p-XsCqCcceefgK1Jt0sknLAAogwxygJlNmDMmHL5Bvz8YiAwAAAAACpgQAGKYEAAcAAAAqBFdFWlkwhuGf1QZIt3JQQViaBGADaglFbnRlciBBaXJqBDAyMDVqBDA2MDVyQZ4BkwGUAR8AAgEcABYEFwIS1gQVpQYYwwERhS1A10dMgi9PAEvRIlAAG775DB3Q_wMgFg33hMIJARJjAQ5jAQINiNTZ2Q/ofertasv/?filter[tourOperator]=WEZY&filter%5Bperson%5D=2&filter%5BchildAge%5D%5B1%5D=20201210&filter%5Bchild%5D=1"
"Rocrita Lifestyle Resort (ex. Aldiana Kreta)","14657.0","30.09.2026 - 08.10.2026","9 dni/7 nocy","","","","","","Poznań","2026-09-14T13:02:48.636464+00:00","https://fly.pl/oferta/grecja-wczasy/?filter[dest]=14:&filter[hotelids]=&filter[cityids]=&filter[cregids]=&filter[ofrType]=&filter[addObjType]=&filter[whenFrom]=14-09-2026&filter[whenTo]=14-10-2026&filter[duration]=7:10&filter[from]=&filter[person]=2&filter[child]=1&filter[price]=4000:20000&filter[PriceFrom]=4000&filter[PriceTo]=20000&filter[addCategory]=50&filter[addCatering]=1&filter[addMisc]=0&filter[addTransport]=F&filter[fp]=1&order_by=ofr_price&filter[tourOperator]=0&filter[childAge][1]=20201210","https://datacfstatic.merlinx.pl/ITAK/IMG/HERROCR/50e3ed2b7887779659ab9edb8a60fe4e22d6224051631dd599cc066d2824c635.webp","https://fly.pl/wycieczka/grecja,kreta-wschodnia,sitia/aldiana-kreta/pk3WDMPmHkd3tnJin0RLdHAAog1w5-FksxZjpylrR0HWnZO70dQlb7fMDih4MNSf79j8sqBFZJVFgwhuGf1QZIwXJQQVjyAmACcj8aABUHFwBcA1gFQI8DU4WtAVIAW4AYXvg6S3hhAEyI-DkNp9SYCSBHT6XK2I2NAVHd0gVd48GilkMCDGMBAgvH2ELw/ofertasv/?filter[tourOperator]=VITX&filter%5Bperson%5D=2&filter%5BchildAge%5D%5B1%5D=20201210&filter%5Bchild%5D=1"
"Anemos Luxury Grand Resort","14684.0","01.10.2026 - 08.10.2026","8 dni/7 nocy","","4.7","4.7","2672","tripadvisor","Kraków","2026-09-14T13:02:48.636464+00:00","https://fly.pl/oferta/grecja-wczasy/?filter[dest]=14:&filter[hotelids]=&filter[cityids]=&filter[cregids]=&filter[ofrType]=&filter[addObjType]=&filter[whenFrom]=14-09-2026&filter[whenTo]=14-10-2026&filter[duration]=7:10&filter[from]=&filter[person]=2&filter[child]=1&filter[price]=4000:20000&filter[PriceFrom]=4000&filter[PriceTo]=20000&filter[addCategory]=50&filter[addCatering]=1&filter[addMisc]=0&filter[addTransport]=F&filter[fp]=1&order_by=ofr_price&filter[tourOperator]=0&filter[childAge][1]=20201210","https://fly.pl/cdn/photo/assets/uploads/582/278/2016/10/Anemos-Luxury-Grand-Resort-fly-pl-2.jpg","https://fly.pl/wycieczka/grecja,kreta-zachodnia,georgioupolis/anemos-luxury-grand-resort/p0bguLZF5m3CgCicPo7MZlAAogmbgGfKKyBZuKkF62P0S21raUyLdteGuGSLXHtIe484UqBEJWUFIwhuGf1QZI3HJQAViKA2ACahNBbGwgaW5jbHVzaXZlIFVsdHJhciAcEew8G7OzBBjyqw25BLqVFKsEHAG-md_CAQISYwEDDNHSR-M/ofertasv/?filter[tourOperator]=BVPR&filter%5Bperson%5D=2&filter%5BchildAge%5D%5B1%5D=20201210&filter%5Bchild%5D=1"
"Village Heights Resort","14724.0","30.09.2026 - 07.10.2026","8 dni/7 nocy","","4.7","4.7","1632","tripadvisor","Warszawa","2026-09-14T13:02:48.636464+00:00","https://fly.pl/oferta/grecja-wczasy/?filter[dest]=14:&filter[hotelids]=&filter[cityids]=&filter[cregids]=&filter[ofrType]=&filter[addObjType]=&filter[whenFrom]=14-09-2026&filter[whenTo]=14-10-2026&filter[duration]=7:10&filter[from]=&filter[person]=2&filter[child]=1&filter[price]=4000:20000&filter[PriceFrom]=4000&filter[PriceTo]=20000&filter[addCategory]=50&filter[addCatering]=1&filter[addMisc]=0&filter[addTransport]=F&filter[fp]=1&order_by=ofr_price&filter[tourOperator]=0&filter[childAge][1]=20201210","https://fly.pl/cdn/photo/assets/uploads/582/278/2024/07/village-heights-resort.jpg","https://fly.pl/wycieczka/grecja,kreta,hersonissos/village-heights-resort-11/pjM3_aevT5-d-mAQlxMspEAAogu1ly18fOub252rZ-Q_up-AGH2jhMaZGIGcKhi0iqgLoqBE9SRVgwhuGf1QZIhHNQQVjyAmACagZDTy4yLjFqAzAxWWoDMDJZcjSbAZ0BjwEVBxcAXANYBVYCQMoGEZcwU7F5UgBe-FJL7UNhAEzljDog1fyXCQ0AAhJjAQILH9Bqbg/ofertasv/?filter[tourOperator]=OREX&filter%5Bperson%5D=2&filter%5BchildAge%5D%5B1%5D=20201210&filter%5Bchild%5D=1"
"Portes Lithos Luxury Resort","15242.0","29.09.2026 - 06.10.2026","8 dni/7 nocy","","4.8","4.8","483","tripadvisor","Warszawa - Modlin","2026-09-14T13:02:48.636464+00:00","https://fly.pl/oferta/grecja-wczasy/?filter[dest]=14:&filter[hotelids]=&filter[cityids]=&filter[cregids]=&filter[ofrType]=&filter[addObjType]=&filter[whenFrom]=14-09-2026&filter[whenTo]=14-10-2026&filter[duration]=7:10&filter[from]=&filter[person]=2&filter[child]=1&filter[price]=4000:20000&filter[PriceFrom]=4000&filter[PriceTo]=20000&filter[addCategory]=50&filter[addCatering]=1&filter[addMisc]=0&filter[addTransport]=F&filter[fp]=1&order_by=ofr_price&filter[tourOperator]=0&filter[childAge][1]=20201210","https://fly.pl/cdn/photo/assets/uploads/582/278/2019/04/Portes-Lithos-Luxury-Resort-fly-pl-1.jpg","https://fly.pl/wycieczka/grecja,chalkidiki,nea-poteidaia/portes-lithos-luxury-resort/pA69JbEUGWorNvUkRT9vfUAAogSjClvKDI2Ft6oBHpCqHG_6n8FznQQs23aV-fQB4ab6sqBE9BU0kwhuGf1QZIindQAVjaAmACagNVQUlyIRwR7I0BqwSI4A25BAIblrEJGPLiEQHZve3uAQIAYwECC5rOLto/ofertasv/?filter[tourOperator]=OASI&filter%5Bperson%5D=2&filter%5BchildAge%5D%5B1%5D=20201210&filter%5Bchild%5D=1"
"Avra Imperial Beach Resort & Spa","15417.0","05.10.2026 - 12.10.2026","8 dni/7 nocy","","4.5","4.5","2387","tripadvisor","Warszawa","2026-09-14T13:02:48.636464+00:00","https://fly.pl/oferta/grecja-wczasy/?filter[dest]=14:&filter[hotelids]=&filter[cityids]=&filter[cregids]=&filter[ofrType]=&filter[addObjType]=&filter[whenFrom]=14-09-2026&filter[whenTo]=14-10-2026&filter[duration]=7:10&filter[from]=&filter[person]=2&filter[child]=1&filter[price]=4000:20000&filter[PriceFrom]=4000&filter[PriceTo]=20000&filter[addCategory]=50&filter[addCatering]=1&filter[addMisc]=0&filter[addTransport]=F&filter[fp]=1&order_by=ofr_price&filter[tourOperator]=0&filter[childAge][1]=20201210","https://fly.pl/cdn/photo/assets/uploads/582/278/2015/04/Avra-Imperial.jpg","https://fly.pl/wycieczka/grecja,kreta-zachodnia,kolymvari/avra-imperial-beach-resort-spa/pNnQxjyjq76iClqZszLKZGAAogIvHzPAZDGKGmHFx_7LAqnecIuXXrCrDSZuw24eyFBNIqBEVYSU0whuGf1QZIuXhQAVjqA2ACagJBSXIhHBHnyAarBN3TO7kEFhuF1j0Y1rs8AdnGvp4LAgBjAQIMjTz7qQ/ofertasv/?filter[tourOperator]=EXIM&filter%5Bperson%5D=2&filter%5BchildAge%5D%5B1%5D=20201210&filter%5Bchild%5D=1"
"Knossos Beach","15424.0","07.10.2026 - 14.10.2026","8 dni/7 nocy","","4.2","4.2","1526","tripadvisor","Katowice","2026-09-14T13:02:48.636464+00:00","https://fly.pl/oferta/grecja-wczasy/?filter[dest]=14:&filter[hotelids]=&filter[cityids]=&filter[cregids]=&filter[ofrType]=&filter[addObjType]=&filter[whenFrom]=14-09-2026&filter[whenTo]=14-10-2026&filter[duration]=7:10&filter[from]=&filter[person]=2&filter[child]=1&filter[price]=4000:20000&filter[PriceFrom]=4000&filter[PriceTo]=20000&filter[addCategory]=50&filter[addCatering]=1&filter[addMisc]=0&filter[addTransport]=F&filter[fp]=1&order_by=ofr_price&filter[tourOperator]=0&filter[childAge][1]=20201210","https://fly.pl/cdn/photo/assets/uploads/582/278/2015/04/Knossos-Beach.jpg","https://fly.pl/wycieczka/grecja,kreta-wschodnia,kokkini-hani/knossos-beach/pCaZ-1jXMPTqetyhmcPCAlAAogRfPoCFLXj5Vzvcqxzu6hwgAAAAACpgQAGKYEAAcAAAAqBFdFWlkwhuGf1QZIwHhQQViaBGADaglFbnRlciBBaXJqBDAyMDVqBDA2MDVyQZ4BkwGUAR8AAgEcABYEFwIS1gQVpQYYwwER3khA_itMgi9PAEvRIlAAHY75ECAWG6LFJw3Vv5oJARJjAQxjAQILbSZlhA/ofertasv/?filter[tourOperator]=WEZY&filter%5Bperson%5D=2&filter%5BchildAge%5D%5B1%5D=20201210&filter%5Bchild%5D=1"
"Zeus Dolce Athens (ex Dolce Attica Riviera)","15507.0","07.10.2026 - 14.10.2026","8 dni/7 nocy","","4.0","4.0","412","tripadvisor","Katowice","2026-09-14T13:02:48.636464+00:00","https://fly.pl/oferta/grecja-wczasy/?filter[dest]=14:&filter[hotelids]=&filter[cityids]=&filter[cregids]=&filter[ofrType]=&filter[addObjType]=&filter[whenFrom]=14-09-2026&filter[whenTo]=14-10-2026&filter[duration]=7:10&filter[from]=&filter[person]=2&filter[child]=1&filter[price]=4000:20000&filter[PriceFrom]=4000&filter[PriceTo]=20000&filter[addCategory]=50&filter[addCatering]=1&filter[addMisc]=0&filter[addTransport]=F&filter[fp]=1&order_by=ofr_price&filter[tourOperator]=0&filter[childAge][1]=20201210","https://fly.pl/cdn/photo/assets/uploads/582/278/2016/11/Mare-Nostrum-Thalasso-Vravrona-fly-pl.jpg","https://fly.pl/wycieczka/grecja,attyka,vravrona/mare-nostrum-thalasso-vravrona/pNOGAeF9X4WjCKgu-ne2ruAAog2oS2_0vbJXY8DGYZ5gzJmI2_fqO3BqfpcPn9BFG2KmcqBEVYSU0whuGf1QZIk3lQAViaBGACagJBSXIhHBGxzQa5BMaIPasEIRvW8z4YmJ8_Aef6sJ4LAgBjAQIL65Hm8w/ofertasv/?filter[tourOperator]=EXIM&filter%5Bperson%5D=2&filter%5BchildAge%5D%5B1%5D=20201210&filter%5Bchild%5D=1"
"Creta Maris Beach Resort (ex Terra Maris)","15723.0","22.09.2026 - 29.09.2026","8 dni/7 nocy","","4.6","4.6","6827","tripadvisor","Katowice","2026-09-14T13:02:48.636464+00:00","https://fly.pl/oferta/grecja-wczasy/?filter[dest]=14:&filter[hotelids]=&filter[cityids]=&filter[cregids]=&filter[ofrType]=&filter[addObjType]=&filter[whenFrom]=14-09-2026&filter[whenTo]=14-10-2026&filter[duration]=7:10&filter[from]=&filter[person]=2&filter[child]=1&filter[price]=4000:20000&filter[PriceFrom]=4000&filter[PriceTo]=20000&filter[addCategory]=50&filter[addCatering]=1&filter[addMisc]=0&filter[addTransport]=F&filter[fp]=1&order_by=ofr_price&filter[tourOperator]=0&filter[childAge][1]=20201210","https://fly.pl/cdn/photo/assets/uploads/582/278/2014/09/CRETA-MARIS-RESORT.jpg","https://fly.pl/wycieczka/grecja,kreta,hersonissos/creta-maris-beach-resort-ex-terra-maris/pIMo1piSkK6-8DmQZJJEDvAAogrqxad6Cx6MO76-L7kIx14HwDX4psxS7bM40qWFi3n3sqBE9SRVgwhuGf1QZI63pQQViyAWACagdPM0MuMi4xagMwM1lqAzA0WXI1mwGdAY8BFwcVAFwDWAVWAkDKBhGeAlOqpwFSAEvRImEAXqcwTNLQOiDN_JcJDQACEmMBAgsyNxbp/ofertasv/?filter[tourOperator]=OREX&filter%5Bperson%5D=2&filter%5BchildAge%5D%5B1%5D=20201210&filter%5Bchild%5D=1"
"MarBella, Mar-Bella Collection (Agios Ioannis)","15777.0","07.10.2026 - 14.10.2026","8 dni/7 nocy","","4.5","4.5","4802","tripadvisor","Warszawa - Modlin","2026-09-14T13:02:48.636464+00:00","https://fly.pl/oferta/grecja-wczasy/?filter[dest]=14:&filter[hotelids]=&filter[cityids]=&filter[cregids]=&filter[ofrType]=&filter[addObjType]=&filter[whenFrom]=14-09-2026&filter[whenTo]=14-10-2026&filter[duration]=7:10&filter[from]=&filter[person]=2&filter[child]=1&filter[price]=4000:20000&filter[PriceFrom]=4000&filter[PriceTo]=20000&filter[addCategory]=50&filter[addCatering]=1&filter[addMisc]=0&filter[addTransport]=F&filter[fp]=1&order_by=ofr_price&filter[tourOperator]=0&filter[childAge][1]=20201210","https://fly.pl/cdn/photo/assets/uploads/582/278/2015/03/Marbella-Corfu-ex.-Marbella-Beach-fly-pl-1.jpg","https://fly.pl/wycieczka/grecja,korfu,agios-ioannis-peristeron/marbella-beach/pcY4ZvTD9q90RiZCPCCKp4AAog4byH36EGiWCnaVAV7oZ5d4LKx5eheB5oN9YTxoF_GfgqBEJWQkUwhuGf1QZIoXtQAViaBGACagNVQUlyIRwR8Z8BG-LOPBiz6RKrBMbAKrkEUgHI1JnsAgISYwECDGUjQII/ofertasv/?filter[tourOperator]=BVBE&filter%5Bperson%5D=2&filter%5BchildAge%5D%5B1%5D=20201210&filter%5Bchild%5D=1"
"Michelangelo Resort & Spa","15919.0","03.10.2026 - 10.10.2026","8 dni/7 nocy","","4.5","4.5","3982","tripadvisor","Warszawa","2026-09-14T13:02:48.636464+00:00","https://fly.pl/oferta/grecja-wczasy/?filter[dest]=14:&filter[hotelids]=&filter[cityids]=&filter[cregids]=&filter[ofrType]=&filter[addObjType]=&filter[whenFrom]=14-09-2026&filter[whenTo]=14-10-2026&filter[duration]=7:10&filter[from]=&filter[person]=2&filter[child]=1&filter[price]=4000:20000&filter[PriceFrom]=4000&filter[PriceTo]=20000&filter[addCategory]=50&filter[addCatering]=1&filter[addMisc]=0&filter[addTransport]=F&filter[fp]=1&order_by=ofr_price&filter[tourOperator]=0&filter[childAge][1]=20201210","https://fly.pl/cdn/photo/assets/uploads/582/278/2015/04/Michelangelo-Resort-Spa-fly-pl.jpg","https://fly.pl/wycieczka/grecja,kos,agios-fokas/michelangelo-resort-spa/pwnkb5oMTcQG_zOoY-hrYnAAogHlqD930dsxcr6GeBaTKhTojGnTOZpYU4JNsCnuc57zoqBFJOQlcwhuGf1QZIr3xQQVi6A2ACagRCd2NEag1BTExfSU5DTFVTSVZFahoxNiwyOTYsMzgwLDQ3Nyw0ODMsNDg0LDQ4NWobNDAyLDQwMyw0MDYsNDE3LDQ3Myw0OTcsNDk5cj6fAZYBngGUAQ4BFwYVAFgICgRAxAcRsCEQsSwZkglT0nBSAEygAkvMdWEAHdDtQA9lDc6bkQkgAAIMYwECC0bp4W0/ofertasv/?filter[tourOperator]=RNBW&filter%5Bperson%5D=2&filter%5BchildAge%5D%5B1%5D=20201210&filter%5Bchild%5D=1"
"Nana Golden Beach","15980.0","07.10.2026 - 14.10.2026","8 dni/7 nocy","","4.9","4.9","4731","tripadvisor","Katowice","2026-09-14T13:02:48.636464+00:00","https://fly.pl/oferta/grecja-wczasy/?filter[dest]=14:&filter[hotelids]=&filter[cityids]=&filter[cregids]=&filter[ofrType]=&filter[addObjType]=&filter[whenFrom]=14-09-2026&filter[whenTo]=14-10-2026&filter[duration]=7:10&filter[from]=&filter[person]=2&filter[child]=1&filter[price]=4000:20000&filter[PriceFrom]=4000&filter[PriceTo]=20000&filter[addCategory]=50&filter[addCatering]=1&filter[addMisc]=0&filter[addTransport]=F&filter[fp]=1&order_by=ofr_price&filter[tourOperator]=0&filter[childAge][1]=20201210","https://fly.pl/cdn/photo/assets/uploads/582/278/2015/03/Nana-Golden-Beach.jpg","https://fly.pl/wycieczka/grecja,kreta-wschodnia,hersonissos/nana-beach/pBmIskJQad7g2PQLJ7rMClAAogjAnh0iiybj9xx-ZNRM9nXgAAAAACpgQAGKYEAAcAAAAqBFdFWlkwhuGf1QZI7HxQQViaBGADaglFbnRlciBBaXJqBDAyMDVqBDA2MDVyQZ4BkwGUAR8AAgEcABYEFwIS1gQVpQYYwwERwiVAmk9Mgi9PAEvRIlAAHY75ECAWG-euMw2Q1o4JARJjAQxjAQILgZqxXA/ofertasv/?filter[tourOperator]=WEZY&filter%5Bperson%5D=2&filter%5BchildAge%5D%5B1%5D=20201210&filter%5Bchild%5D=1"
"Mitsis Selection Rinela","16319.0","30.09.2026 - 08.10.2026","9 dni/7 nocy","","4.5","4.5","7411","tripadvisor","Poznań","2026-09-14T13:02:48.636464+00:00","https://fly.pl/oferta/grecja-wczasy/?filter[dest]=14:&filter[hotelids]=&filter[cityids]=&filter[cregids]=&filter[ofrType]=&filter[addObjType]=&filter[whenFrom]=14-09-2026&filter[whenTo]=14-10-2026&filter[duration]=7:10&filter[from]=&filter[person]=2&filter[child]=1&filter[price]=4000:20000&filter[PriceFrom]=4000&filter[PriceTo]=20000&filter[addCategory]=50&filter[addCatering]=1&filter[addMisc]=0&filter[addTransport]=F&filter[fp]=1&order_by=ofr_price&filter[tourOperator]=0&filter[childAge][1]=20201210","https://fly.pl/cdn/photo/assets/uploads/582/278/2014/07/Mitsis-Rinela-Beach-Resort-Spa-fly-pl.jpg","https://fly.pl/wycieczka/grecja,kreta-wschodnia,kokkini-hani/mitsis-rinela-beach-resort-spa/pdSv7WtRpKXPUihX0TMEauAAogvUARo3OyMKJGPEQGO-oOU_afvgWcZN_oTmdHX69lffcqBEdSQ1MwhuGf1QZIv39QQVjyAmADcj4VBxcBWAdWAlwCD9wDHZUCQFdSyKkBUwBe-FJheEsAW7MeAefNhwENleDKCCBHUaHj3Y2NAQESYwECYwECCwbXMng/ofertasv/?filter[tourOperator]=GRCS&filter%5Bperson%5D=2&filter%5BchildAge%5D%5B1%5D=20201210&filter%5Bchild%5D=1"
"Enorme Santanna Island","16677.0","26.09.2026 - 03.10.2026","8 dni/7 nocy","","","","","","Katowice","2026-09-14T13:02:48.636464+00:00","https://fly.pl/oferta/grecja-wczasy/?filter[dest]=14:&filter[hotelids]=&filter[cityids]=&filter[cregids]=&filter[ofrType]=&filter[addObjType]=&filter[whenFrom]=14-09-2026&filter[whenTo]=14-10-2026&filter[duration]=7:10&filter[from]=&filter[person]=2&filter[child]=1&filter[price]=4000:20000&filter[PriceFrom]=4000&filter[PriceTo]=20000&filter[addCategory]=50&filter[addCatering]=1&filter[addMisc]=0&filter[addTransport]=F&filter[fp]=1&order_by=ofr_price&filter[tourOperator]=0&filter[childAge][1]=20201210","https://datacfstatic.merlinx.pl/ECCX/IMG/10193/ebcf515195d2f75dc0cd1590715d2d177301a34ea7d3435e08542f7762d9d611.webp","https://fly.pl/wycieczka/grecja,kreta-wschodnia,sisi/enorme-santanna-island-14/pKi4JQnK6MCw1iciapn88uAAogwSK64xS5yqWPattnYstiDqLpGrRxB7AkbDd3y050A8UqBEVDQ1gwhuGf1QZIpYIBUAFYkgJgA2oDQUlQciUcEdFPqwS-2RW5BIzeAhi6sigbuOdBAaiXhuYBARJjAQBjAQIGLooU8w/ofertasv/?filter[tourOperator]=ECCX&filter%5Bperson%5D=2&filter%5BchildAge%5D%5B1%5D=20201210&filter%5Bchild%5D=1"
"Blue Sea Beach (Stalida)","16743.0","29.09.2026 - 06.10.2026","8 dni/7 nocy","","4.5","4.5","1938","tripadvisor","Katowice","2026-09-14T13:02:48.636464+00:00","https://fly.pl/oferta/grecja-wczasy/?filter[dest]=14:&filter[hotelids]=&filter[cityids]=&filter[cregids]=&filter[ofrType]=&filter[addObjType]=&filter[whenFrom]=14-09-2026&filter[whenTo]=14-10-2026&filter[duration]=7:10&filter[from]=&filter[person]=2&filter[child]=1&filter[price]=4000:20000&filter[PriceFrom]=4000&filter[PriceTo]=20000&filter[addCategory]=50&filter[addCatering]=1&filter[addMisc]=0&filter[addTransport]=F&filter[fp]=1&order_by=ofr_price&filter[tourOperator]=0&filter[childAge][1]=20201210","https://fly.pl/cdn/photo/assets/uploads/582/278/2009/08/Blue-Sea-Beach-Affiliated-By-Melia.jpg","https://fly.pl/wycieczka/grecja,kreta,stalida/blue-sea-village-resort-spa/p3VJknOAjn2WiJW-E1FLmQAAogRcR9-vF5Gk7ZLKNpwa3GjNhtXihjgpNgLeHPmjygVaUqBEVDQ1gwjeGf1QZI54IBUAFY2gJgA2oCQUlyJRwR2UGrBIrnFbkEyt4CGN3aIRvZzRQBvvnpzAEBDWMBAGMBAgy__x16/ofertasv/?filter[tourOperator]=ECCX&filter%5Bperson%5D=2&filter%5BchildAge%5D%5B1%5D=20201210&filter%5Bchild%5D=1"
"Lyttos Mare","16937.0","07.10.2026 - 14.10.2026","8 dni/7 nocy","","4.8","4.8","1708","tripadvisor","Kraków","2026-09-14T13:02:48.636464+00:00","https://fly.pl/oferta/grecja-wczasy/?filter[dest]=14:&filter[hotelids]=&filter[cityids]=&filter[cregids]=&filter[ofrType]=&filter[addObjType]=&filter[whenFrom]=14-09-2026&filter[whenTo]=14-10-2026&filter[duration]=7:10&filter[from]=&filter[person]=2&filter[child]=1&filter[price]=4000:20000&filter[PriceFrom]=4000&filter[PriceTo]=20000&filter[addCategory]=50&filter[addCatering]=1&filter[addMisc]=0&filter[addTransport]=F&filter[fp]=1&order_by=ofr_price&filter[tourOperator]=0&filter[childAge][1]=20201210","https://fly.pl/cdn/photo/assets/uploads/582/278/2020/12/Lyttos-Mare-fly-pl.jpg","https://fly.pl/wycieczka/grecja,kreta,analipsi/lyttos-mare-13/ptSCn2SYLJerluRezWhEqVAAog66hhS4vayfp5wly2f_8MreTSphl5RLvYNefjhP_d-yIqBEVYSU0wjeGf1QZIqYQBUAFYmgRgAWoCQUlyHhwRysQGqwSv0ju5BBYbu4k8GIOBOwGT2MWdCwMAY9ksKdw/ofertasv/?filter[tourOperator]=EXIM&filter%5Bperson%5D=2&filter%5BchildAge%5D%5B1%5D=20201210&filter%5Bchild%5D=1"
"Aulus Chania Resort, Curio Collection by Hilton (ex. Isla Brown Chania)","17148.0","05.10.2026 - 12.10.2026","8 dni/7 nocy","","4.2","4.2","295","tripadvisor","Warszawa","2026-09-14T13:02:48.636464+00:00","https://fly.pl/oferta/grecja-wczasy/?filter[dest]=14:&filter[hotelids]=&filter[cityids]=&filter[cregids]=&filter[ofrType]=&filter[addObjType]=&filter[whenFrom]=14-09-2026&filter[whenTo]=14-10-2026&filter[duration]=7:10&filter[from]=&filter[person]=2&filter[child]=1&filter[price]=4000:20000&filter[PriceFrom]=4000&filter[PriceTo]=20000&filter[addCategory]=50&filter[addCatering]=1&filter[addMisc]=0&filter[addTransport]=F&filter[fp]=1&order_by=ofr_price&filter[tourOperator]=0&filter[childAge][1]=20201210","https://datacfstatic.merlinx.pl/PLES/IMG/16953232/a5fdc96fbfae21f3d56c9cafcaab1e7a393dd00c89e785ff4df4a5930b86fcd0.webp","https://fly.pl/wycieczka/grecja,kreta,stavros/mr-mrs-white-crete-10/pQxMvGLC02ldYmYU3dRObtAAogAuOn9l2yuRQM0f8eqs68uvZ9H-yQ9QEdMuyUSn5BCIwqBFBMRVMwjeGf1QZI_IUBUEFY6gNgAnI6FwcVAFwDWAVWAhtWHbYEDwtAswFS43dTAEzwDl7tdUvtQ2EAAbDxVBHYprMHDf3xyQEgAAESYwICY7amXkI/ofertasv/?filter[tourOperator]=PLES&filter%5Bperson%5D=2&filter%5BchildAge%5D%5B1%5D=20201210&filter%5Bchild%5D=1"
"Atrium Palace Thalasso Spa & Villas","17499.0","05.10.2026 - 12.10.2026","8 dni/7 nocy","","4.8","4.8","7655","tripadvisor","Poznań","2026-09-14T13:02:48.636464+00:00","https://fly.pl/oferta/grecja-wczasy/?filter[dest]=14:&filter[hotelids]=&filter[cityids]=&filter[cregids]=&filter[ofrType]=&filter[addObjType]=&filter[whenFrom]=14-09-2026&filter[whenTo]=14-10-2026&filter[duration]=7:10&filter[from]=&filter[person]=2&filter[child]=1&filter[price]=4000:20000&filter[PriceFrom]=4000&filter[PriceTo]=20000&filter[addCategory]=50&filter[addCatering]=1&filter[addMisc]=0&filter[addTransport]=F&filter[fp]=1&order_by=ofr_price&filter[tourOperator]=0&filter[childAge][1]=20201210","https://fly.pl/cdn/photo/assets/uploads/582/278/2014/11/Atrium-Palace-Thalasso-Spa-Villas-fly-pl.jpg","https://fly.pl/wycieczka/grecja,rodos,kalathos/atrium-palace-kalathos/pUlkeWQtR5nkpdqXwq2ZEbAAogC7m3O8MngsrOPBeVR53aLgAAAAAnwAQAP8AEAAcAEgAqBFdFWlkwjeGf1QZI24gBUEFY6gNgA2oLUnlhbmFpciBTdW5qBDA2NTVqBDA4NTVyQp4BlQGYAR8AAgEcABYGFwASuQUTkQgUkAMR9hpAylVL8oIBUABMmRJPABu2tgEdxbMPIBgNztDBCQESYwEMYwECC3DFWgU/ofertasv/?filter[tourOperator]=WEZY&filter%5Bperson%5D=2&filter%5BchildAge%5D%5B1%5D=20201210&filter%5Bchild%5D=1"
"Grecotel Kos Imperial","17578.0","29.09.2026 - 06.10.2026","8 dni/7 nocy","","4.3","4.3","2155","tripadvisor","Warszawa","2026-09-14T13:02:48.636464+00:00","https://fly.pl/oferta/grecja-wczasy/?filter[dest]=14:&filter[hotelids]=&filter[cityids]=&filter[cregids]=&filter[ofrType]=&filter[addObjType]=&filter[whenFrom]=14-09-2026&filter[whenTo]=14-10-2026&filter[duration]=7:10&filter[from]=&filter[person]=2&filter[child]=1&filter[price]=4000:20000&filter[PriceFrom]=4000&filter[PriceTo]=20000&filter[addCategory]=50&filter[addCatering]=1&filter[addMisc]=0&filter[addTransport]=F&filter[fp]=1&order_by=ofr_price&filter[tourOperator]=0&filter[childAge][1]=20201210","https://datacfstatic.merlinx.pl/EXIM/IMG/107273/1fbdfa256490908faf126e8b4c0a657f4ca37ee55a910999280bd32a10529626.webp","https://fly.pl/wycieczka/grecja,kos,psalidi/grecotel-kos-imperial-11/pWoMiHS0_cWQBMXyjmCagBAAogtNHTzpaoRIdoH7skXKQGd8v9vRkjRAumB0c9iB2EKNAqBEVYSU0wjeGf1QZIqokBUAFY2gJgAmoCQUlyIRwRicYGqwTcjkS5BBkbpME3GK7iPgHc8a6aCwISYwECC0ObpiU/ofertasv/?filter[tourOperator]=EXIM&filter%5Bperson%5D=2&filter%5BchildAge%5D%5B1%5D=20201210&filter%5Bchild%5D=1"
"Iberostar Selection Creta Marine","17687.0","15.09.2026 - 22.09.2026","8 dni/7 nocy","","4.4","4.4","2908","tripadvisor","Poznań","2026-09-14T13:02:48.636464+00:00","https://fly.pl/oferta/grecja-wczasy/?filter[dest]=14:&filter[hotelids]=&filter[cityids]=&filter[cregids]=&filter[ofrType]=&filter[addObjType]=&filter[whenFrom]=14-09-2026&filter[whenTo]=14-10-2026&filter[duration]=7:10&filter[from]=&filter[person]=2&filter[child]=1&filter[price]=4000:20000&filter[PriceFrom]=4000&filter[PriceTo]=20000&filter[addCategory]=50&filter[addCatering]=1&filter[addMisc]=0&filter[addTransport]=F&filter[fp]=1&order_by=ofr_price&filter[tourOperator]=0&filter[childAge][1]=20201210","https://fly.pl/cdn/photo/assets/uploads/582/278/2014/11/Iberostar-Creta-Marine.jpg","https://fly.pl/wycieczka/grecja,kreta-wschodnia,lavris/iberostar-creta-marine/p4vTNvf0kbBLrozQ5gn3zpAAog5nWGYAYG1QUyMv_KVJgO2E47MaU77fRb5O-DZL2tMzcqBEVYSU0wjeGf1QZIl4oBUAFYCmACagJBSXIiHBHJogarBMubQbkEgAEbiKQ0GNPGPAG7_YWjCwISYwECBjEoAqE/ofertasv/?filter[tourOperator]=EXIM&filter%5Bperson%5D=2&filter%5BchildAge%5D%5B1%5D=20201210&filter%5Bchild%5D=1"
"The Ixian Grand (ex. Sentido Ixian Grand)","17787.0","05.10.2026 - 12.10.2026","8 dni/7 nocy","","4.0","4.0","1996","tripadvisor","Warszawa - Modlin","2026-09-14T13:02:48.636464+00:00","https://fly.pl/oferta/grecja-wczasy/?filter[dest]=14:&filter[hotelids]=&filter[cityids]=&filter[cregids]=&filter[ofrType]=&filter[addObjType]=&filter[whenFrom]=14-09-2026&filter[whenTo]=14-10-2026&filter[duration]=7:10&filter[from]=&filter[person]=2&filter[child]=1&filter[price]=4000:20000&filter[PriceFrom]=4000&filter[PriceTo]=20000&filter[addCategory]=50&filter[addCatering]=1&filter[addMisc]=0&filter[addTransport]=F&filter[fp]=1&order_by=ofr_price&filter[tourOperator]=0&filter[childAge][1]=20201210","https://fly.pl/cdn/photo/assets/uploads/582/278/2015/03/THE-IXIAN-GRAND-ALL-SUITES.jpg","https://fly.pl/wycieczka/grecja,rodos,ixia/sentido-ixian-grand/pvXudBoLWcsaJhw7c9I1XCAAogoJ41Eau8SZ5b6p2Il6jv-I3CDaggwCch4Tk88YDLgHEqBEVYSU0wjeGf1QZI-4oBUAFY6gNgAWoCQUlyHhwR7rsGuQSDikGrBCAbr-AsGIahQgH04N_yCQMAY1FZo_Q/ofertasv/?filter[tourOperator]=EXIM&filter%5Bperson%5D=2&filter%5BchildAge%5D%5B1%5D=20201210&filter%5Bchild%5D=1"
"Atrium Platinum Resort & Spa","17990.0","02.10.2026 - 09.10.2026","8 dni/7 nocy","","4.8","4.8","6763","tripadvisor","Rzeszów","2026-09-14T13:02:48.636464+00:00","https://fly.pl/oferta/grecja-wczasy/?filter[dest]=14:&filter[hotelids]=&filter[cityids]=&filter[cregids]=&filter[ofrType]=&filter[addObjType]=&filter[whenFrom]=14-09-2026&filter[whenTo]=14-10-2026&filter[duration]=7:10&filter[from]=&filter[person]=2&filter[child]=1&filter[price]=4000:20000&filter[PriceFrom]=4000&filter[PriceTo]=20000&filter[addCategory]=50&filter[addCatering]=1&filter[addMisc]=0&filter[addTransport]=F&filter[fp]=1&order_by=ofr_price&filter[tourOperator]=0&filter[childAge][1]=20201210","https://fly.pl/cdn/photo/assets/uploads/582/278/2015/04/ATRIUM-PLATINUM.jpg","https://fly.pl/wycieczka/grecja,rodos,ixia/atrium-platinum-resort-spa/p6V1NRHcRKRX3fw39vtlNkAAogAM5yTWGcZ7g5g_eIyQDohQAAAABnwQQAgMEEAAcAEgAqBFdFWlkwjeGf1QZIxowBUEFYogNgA2oLUnlhbmFpciBTdW5qBDA5MjVqBDA2MzVqBDA4MTByQZ4BkwGVAZgBHwAcAQIAFgYXABKbBBTyBRGrK0DiS0yLlQFPAEv-BFAAHb3nECAZG-ChMg2qrI8JARJjAQxjAQILOk1Icw/ofertasv/?filter[tourOperator]=WEZY&filter%5Bperson%5D=2&filter%5BchildAge%5D%5B1%5D=20201210&filter%5Bchild%5D=1"
"Astir Odysseus","18072.0","29.09.2026 - 06.10.2026","8 dni/7 nocy","","4.7","4.7","3528","tripadvisor","Warszawa","2026-09-14T13:02:48.636464+00:00","https://fly.pl/oferta/grecja-wczasy/?filter[dest]=14:&filter[hotelids]=&filter[cityids]=&filter[cregids]=&filter[ofrType]=&filter[addObjType]=&filter[whenFrom]=14-09-2026&filter[whenTo]=14-10-2026&filter[duration]=7:10&filter[from]=&filter[person]=2&filter[child]=1&filter[price]=4000:20000&filter[PriceFrom]=4000&filter[PriceTo]=20000&filter[addCategory]=50&filter[addCatering]=1&filter[addMisc]=0&filter[addTransport]=F&filter[fp]=1&order_by=ofr_price&filter[tourOperator]=0&filter[childAge][1]=20201210","https://fly.pl/cdn/photo/assets/uploads/582/278/2015/01/Hotel-Astir-Odysseus-Resort-SPA.jpg","https://fly.pl/wycieczka/grecja,kos,tigaki/astir-odysseus/pPBDbmm8ZxKKVBkQpnOu6gAAogk75c1Kt3rqxYsEkjEVkEhMv9vRkjRAumB0c9iB2EKNAqBEVYSU0wjeGf1QZImI0BUAFY2gJgAmoCQUlyIRwR1q4GqwSPpkS5BBkboa0yGJCWPQHe-aCaCwIAYwECBpfgFPI/ofertasv/?filter[tourOperator]=EXIM&filter%5Bperson%5D=2&filter%5BchildAge%5D%5B1%5D=20201210&filter%5Bchild%5D=1"
"Sheraton Rhodes Resort (ex. Imperial)","18192.0","28.09.2026 - 05.10.2026","8 dni/7 nocy","","4.5","4.5","2204","tripadvisor","Katowice","2026-09-14T13:02:48.636464+00:00","https://fly.pl/oferta/grecja-wczasy/?filter[dest]=14:&filter[hotelids]=&filter[cityids]=&filter[cregids]=&filter[ofrType]=&filter[addObjType]=&filter[whenFrom]=14-09-2026&filter[whenTo]=14-10-2026&filter[duration]=7:10&filter[from]=&filter[person]=2&filter[child]=1&filter[price]=4000:20000&filter[PriceFrom]=4000&filter[PriceTo]=20000&filter[addCategory]=50&filter[addCatering]=1&filter[addMisc]=0&filter[addTransport]=F&filter[fp]=1&order_by=ofr_price&filter[tourOperator]=0&filter[childAge][1]=20201210","https://fly.pl/cdn/photo/assets/uploads/582/278/2015/04/Sheraton-Rhodes-Resort.jpg","https://fly.pl/wycieczka/grecja,rodos,ialysos/sheraton-rodos-resort-ex-imperial/pLiw30Vf71UpgD_QZJfz1MAAogtH8g6TGR-xT-F4sHIINkZAAAAAAAdgQAL3YEAAcAAAAqBFdFWlkwjeGf1QZIkI4BUEFYwgJgA2oJRW50ZXIgQWlyagQwMzUwagQwNzUwagQwODE1ckCeAZMBlAGVAR8AHAECABYEFwIS1gQYpAMRrQJA83ZL01FQAEy4Q08AHdTVDyAvG5LiMw3_gY8JARJjAQxjAQQL7AosFw/ofertasv/?filter[tourOperator]=WEZY&filter%5Bperson%5D=2&filter%5BchildAge%5D%5B1%5D=20201210&filter%5Bchild%5D=1"
"Gennadi Grand Resort","18927.0","05.10.2026 - 12.10.2026","8 dni/7 nocy","","4.6","4.6","1384","tripadvisor","Warszawa - Modlin","2026-09-14T13:02:48.636464+00:00","https://fly.pl/oferta/grecja-wczasy/?filter[dest]=14:&filter[hotelids]=&filter[cityids]=&filter[cregids]=&filter[ofrType]=&filter[addObjType]=&filter[whenFrom]=14-09-2026&filter[whenTo]=14-10-2026&filter[duration]=7:10&filter[from]=&filter[person]=2&filter[child]=1&filter[price]=4000:20000&filter[PriceFrom]=4000&filter[PriceTo]=20000&filter[addCategory]=50&filter[addCatering]=1&filter[addMisc]=0&filter[addTransport]=F&filter[fp]=1&order_by=ofr_price&filter[tourOperator]=0&filter[childAge][1]=20201210","https://fly.pl/cdn/photo/assets/uploads/582/278/2017/10/Gennadi-Grand-Resort-fly-pl-2.jpg","https://fly.pl/wycieczka/grecja,rodos,kiotari/gennadi-grand-resort/p3knxAKi9E_z6vbQxNzuvSAAogR98729crkFy66qdGhUi-Ao3CDaggwCch4Tk88YDLgHEqBEVYSU0wjeGf1QZI75MBUAFY6gNgAmoGQUkvVUFJciEcEe3BBrkEhIRBqwQgG-mTNhiVxjoBxInhmwsCAGMBAgtbTzHr/ofertasv/?filter[tourOperator]=EXIM&filter%5Bperson%5D=2&filter%5BchildAge%5D%5B1%5D=20201210&filter%5Bchild%5D=1"
"Atrium Prestige Thalasso Spa Resort & Villas","19676.0","07.10.2026 - 14.10.2026","8 dni/7 nocy","","4.9","4.9","4125","tripadvisor","Kraków","2026-09-14T13:02:48.636464+00:00","https://fly.pl/oferta/grecja-wczasy/?filter[dest]=14:&filter[hotelids]=&filter[cityids]=&filter[cregids]=&filter[ofrType]=&filter[addObjType]=&filter[whenFrom]=14-09-2026&filter[whenTo]=14-10-2026&filter[duration]=7:10&filter[from]=&filter[person]=2&filter[child]=1&filter[price]=4000:20000&filter[PriceFrom]=4000&filter[PriceTo]=20000&filter[addCategory]=50&filter[addCatering]=1&filter[addMisc]=0&filter[addTransport]=F&filter[fp]=1&order_by=ofr_price&filter[tourOperator]=0&filter[childAge][1]=20201210","https://fly.pl/cdn/photo/assets/uploads/582/278/2014/11/Atrium-Prestige-Thalasso-Spa-Resort-Villas.jpg","https://fly.pl/wycieczka/grecja,rodos,lachania/atrium-prestige-thalasso-spa-resort-villas/XTOP80974fX_wYAAHNOYVBwWQG5AQB1LovECpABCgYI-bQPEAESBgisxxIQARp-TVBVVzJHRjIzTjFWNkpNVzVLSUdTOUdCMVBESFJTTEM5QUVXWjNYSFRIU0pGTFIzOUk3RTNHN0NPMkRRTFVLUUlRUk9SMVlNVVQyNEVBUlBLTUREWU9WVEdIUlgyWlZJQlFYV0lRN1dBOThZUjhNVENGTTVIRUVKUTBSQ0E3CoEBCgYI2O8SEAISBgiF82EQARpvTzU0NTQ0ZDUzMmY0MTRkNTQ1MzQ3NTIzMDRhNDEzMDJmNGE1MzQ0NGMzMDMwNTM1NjMwMzAyZjQxNDkyYjJmMzcyZjMyMzAzMjM2MzEzMDMwMzcyZjMwMzEzMjMzMzQzNTM2MzczODM5MzAzMTMyCiQKBgjs1gEQARIGCI6GAhABGhJEU1JULTExMS1UUkFOU0ZFUjEKIAoFCMw6EAESBQjzRhABGhBEU1JNLTExMS0ycjIyNjU5CiEKBQjAPhABEgUI0EsQARoRRFNSTS0xMTEtNTByMjI2NjAKIgoFCPAuEAESBQiYORABGhJEU1JVLTExMS1VYmV6YmFzaWMYbyi1FDIGCJqMeBABOAM/ofertasv/?filter[tourOperator]=XTOP&filter%5Bperson%5D=2&filter%5BchildAge%5D%5B1%5D=20201210&filter%5Bchild%5D=1"
